ts_code,trade_date,adj_factor
002373.SZ,20260615,4.1495
002373.SZ,20260612,4.1495
002373.SZ,20260611,4.1495
002373.SZ,20260610,4.1495
002373.SZ,20260609,4.1495
002373.SZ,20260608,4.1495
002373.SZ,20260605,4.1495
002373.SZ,20260604,4.1495
002373.SZ,20260603,4.1495
002373.SZ,20260602,4.1495
002373.SZ,20260601,4.1495
002373.SZ,20260529,4.1495
002373.SZ,20260528,4.1495
002373.SZ,20260527,4.1495
002373.SZ,20260526,4.1495
002373.SZ,20260525,4.1495
002373.SZ,20260522,4.1495
002373.SZ,20260521,4.1495
002373.SZ,20260520,4.1495
002373.SZ,20260519,4.1495
002373.SZ,20260518,4.1352
002373.SZ,20260515,4.1352
002373.SZ,20260514,4.1352
002373.SZ,20260513,4.1352
002373.SZ,20260512,4.1352
002373.SZ,20260511,4.1352
002373.SZ,20260508,4.1352
002373.SZ,20260507,4.1352
002373.SZ,20260506,4.1352
002373.SZ,20260430,4.1352
002373.SZ,20260429,4.1352
002373.SZ,20260428,4.1352
002373.SZ,20260427,4.1352
002373.SZ,20260424,4.1352
002373.SZ,20260423,4.1352
002373.SZ,20260422,4.1352
002373.SZ,20260421,4.1352
002373.SZ,20260420,4.1352
002373.SZ,20260417,4.1352
002373.SZ,20260416,4.1352
002373.SZ,20260415,4.1352
002373.SZ,20260414,4.1352
002373.SZ,20260413,4.1352
002373.SZ,20260410,4.1352
002373.SZ,20260409,4.1352
002373.SZ,20260408,4.1352
002373.SZ,20260407,4.1352
002373.SZ,20260403,4.1352
002373.SZ,20260402,4.1352
002373.SZ,20260401,4.1352
002373.SZ,20260331,4.1352
002373.SZ,20260330,4.1352
002373.SZ,20260327,4.1352
002373.SZ,20260326,4.1352
002373.SZ,20260325,4.1352
002373.SZ,20260324,4.1352
002373.SZ,20260323,4.1352
002373.SZ,20260320,4.1352
002373.SZ,20260319,4.1352
002373.SZ,20260318,4.1352
002373.SZ,20260317,4.1352
002373.SZ,20260316,4.1352
002373.SZ,20260313,4.1352
002373.SZ,20260312,4.1352
002373.SZ,20260311,4.1352
002373.SZ,20260310,4.1352
002373.SZ,20260309,4.1352
002373.SZ,20260306,4.1352
002373.SZ,20260305,4.1352
002373.SZ,20260304,4.1352
002373.SZ,20260303,4.1352
002373.SZ,20260302,4.1352
002373.SZ,20260227,4.1352
002373.SZ,20260226,4.1352
002373.SZ,20260225,4.1352
002373.SZ,20260224,4.1352
002373.SZ,20260213,4.1352
002373.SZ,20260212,4.1352
002373.SZ,20260211,4.1352
002373.SZ,20260210,4.1352
002373.SZ,20260209,4.1352
002373.SZ,20260206,4.1352
002373.SZ,20260205,4.1352
002373.SZ,20260204,4.1352
002373.SZ,20260203,4.1352
002373.SZ,20260202,4.1352
002373.SZ,20260130,4.1352
002373.SZ,20260129,4.1352
002373.SZ,20260128,4.1352
002373.SZ,20260127,4.1352
002373.SZ,20260126,4.1352
002373.SZ,20260123,4.129
002373.SZ,20260122,4.129
002373.SZ,20260121,4.129
002373.SZ,20260120,4.129
002373.SZ,20260119,4.129
002373.SZ,20260116,4.129
002373.SZ,20260115,4.129
002373.SZ,20260114,4.129
002373.SZ,20260113,4.129
002373.SZ,20260112,4.129
002373.SZ,20260109,4.129
002373.SZ,20260108,4.129
002373.SZ,20260107,4.129
002373.SZ,20260106,4.129
002373.SZ,20260105,4.129
002373.SZ,20251231,4.129
002373.SZ,20251230,4.129
002373.SZ,20251229,4.129
002373.SZ,20251226,4.129
002373.SZ,20251225,4.129
002373.SZ,20251224,4.129
002373.SZ,20251223,4.129
002373.SZ,20251222,4.129
002373.SZ,20251219,4.129
002373.SZ,20251218,4.129
002373.SZ,20251217,4.129
002373.SZ,20251216,4.129
002373.SZ,20251215,4.129
002373.SZ,20251212,4.129
002373.SZ,20251211,4.129
002373.SZ,20251210,4.129
002373.SZ,20251209,4.129
002373.SZ,20251208,4.129
002373.SZ,20251205,4.129
002373.SZ,20251204,4.129
002373.SZ,20251203,4.129
002373.SZ,20251202,4.129
002373.SZ,20251201,4.129
002373.SZ,20251128,4.129
002373.SZ,20251127,4.129
002373.SZ,20251126,4.129
002373.SZ,20251125,4.129
002373.SZ,20251124,4.129
002373.SZ,20251121,4.129
002373.SZ,20251120,4.129
002373.SZ,20251119,4.129
002373.SZ,20251118,4.129
002373.SZ,20251117,4.129
002373.SZ,20251114,4.129
002373.SZ,20251113,4.129
002373.SZ,20251112,4.129
002373.SZ,20251111,4.129
002373.SZ,20251110,4.129
002373.SZ,20251107,4.129
002373.SZ,20251106,4.129
002373.SZ,20251105,4.129
002373.SZ,20251104,4.129
002373.SZ,20251103,4.129
002373.SZ,20251031,4.129
002373.SZ,20251030,4.129
002373.SZ,20251029,4.129
002373.SZ,20251028,4.129
002373.SZ,20251027,4.129
002373.SZ,20251024,4.129
002373.SZ,20251023,4.129
002373.SZ,20251022,4.129
002373.SZ,20251021,4.129
002373.SZ,20251020,4.129
002373.SZ,20251017,4.129
002373.SZ,20251016,4.129
002373.SZ,20251015,4.129
002373.SZ,20251014,4.129
002373.SZ,20251013,4.129
002373.SZ,20251010,4.129
002373.SZ,20251009,4.129
002373.SZ,20250930,4.129
002373.SZ,20250929,4.129
002373.SZ,20250926,4.129
002373.SZ,20250925,4.129
002373.SZ,20250924,4.129
002373.SZ,20250923,4.129
002373.SZ,20250922,4.129
002373.SZ,20250919,4.129
002373.SZ,20250918,4.129
002373.SZ,20250917,4.129
002373.SZ,20250916,4.129
002373.SZ,20250915,4.129
002373.SZ,20250912,4.129
002373.SZ,20250911,4.129
002373.SZ,20250910,4.129
002373.SZ,20250909,4.129
002373.SZ,20250908,4.129
002373.SZ,20250905,4.129
002373.SZ,20250904,4.129
002373.SZ,20250903,4.129
002373.SZ,20250902,4.129
002373.SZ,20250901,4.129
002373.SZ,20250829,4.129
002373.SZ,20250828,4.129
002373.SZ,20250827,4.129
002373.SZ,20250826,4.129
002373.SZ,20250825,4.129
002373.SZ,20250822,4.129
002373.SZ,20250821,4.129
002373.SZ,20250820,4.129
002373.SZ,20250819,4.129
002373.SZ,20250818,4.129
002373.SZ,20250815,4.129
002373.SZ,20250814,4.129
002373.SZ,20250813,4.129
002373.SZ,20250812,4.129
002373.SZ,20250811,4.129
002373.SZ,20250808,4.129
002373.SZ,20250807,4.129
002373.SZ,20250806,4.129
002373.SZ,20250805,4.129
002373.SZ,20250804,4.129
002373.SZ,20250801,4.129
002373.SZ,20250731,4.129
002373.SZ,20250730,4.129
002373.SZ,20250729,4.129
002373.SZ,20250728,4.129
002373.SZ,20250725,4.129
002373.SZ,20250724,4.129
002373.SZ,20250723,4.129
002373.SZ,20250722,4.129
002373.SZ,20250721,4.129
002373.SZ,20250718,4.129
002373.SZ,20250717,4.129
002373.SZ,20250716,4.129
002373.SZ,20250715,4.129
002373.SZ,20250714,4.129
002373.SZ,20250711,4.129
002373.SZ,20250710,4.129
002373.SZ,20250709,4.129
002373.SZ,20250708,4.129
002373.SZ,20250707,4.129
002373.SZ,20250704,4.129
002373.SZ,20250703,4.129
002373.SZ,20250702,4.129
002373.SZ,20250701,4.129
002373.SZ,20250630,4.129
002373.SZ,20250627,4.129
002373.SZ,20250626,4.129
002373.SZ,20250625,4.129
002373.SZ,20250624,4.129
002373.SZ,20250623,4.129
002373.SZ,20250620,4.129
002373.SZ,20250619,4.129
002373.SZ,20250618,4.129
002373.SZ,20250617,4.129
002373.SZ,20250616,4.129
002373.SZ,20250613,4.129
002373.SZ,20250612,4.129
002373.SZ,20250611,4.129
002373.SZ,20250610,4.129
002373.SZ,20250609,4.129
002373.SZ,20250606,4.129
002373.SZ,20250605,4.129
002373.SZ,20250604,4.129
002373.SZ,20250603,4.129
002373.SZ,20250530,4.129
002373.SZ,20250529,4.129
002373.SZ,20250528,4.129
002373.SZ,20250527,4.129
002373.SZ,20250526,4.129
002373.SZ,20250523,4.129
002373.SZ,20250522,4.129
002373.SZ,20250521,4.129
002373.SZ,20250520,4.129
002373.SZ,20250519,4.129
002373.SZ,20250516,4.129
002373.SZ,20250515,4.129
002373.SZ,20250514,4.129
002373.SZ,20250513,4.129
002373.SZ,20250512,4.129
002373.SZ,20250509,4.129
002373.SZ,20250508,4.129
002373.SZ,20250507,4.129
002373.SZ,20250506,4.129
002373.SZ,20250430,4.129
002373.SZ,20250429,4.129
002373.SZ,20250428,4.129
002373.SZ,20250425,4.129
002373.SZ,20250424,4.129
002373.SZ,20250423,4.129
002373.SZ,20250422,4.129
002373.SZ,20250421,4.129
002373.SZ,20250418,4.129
002373.SZ,20250417,4.129
002373.SZ,20250416,4.129
002373.SZ,20250415,4.129
002373.SZ,20250414,4.129
002373.SZ,20250411,4.129
002373.SZ,20250410,4.129
002373.SZ,20250409,4.129
002373.SZ,20250408,4.129
002373.SZ,20250407,4.129
002373.SZ,20250403,4.129
002373.SZ,20250402,4.129
002373.SZ,20250401,4.129
002373.SZ,20250331,4.129
002373.SZ,20250328,4.129
002373.SZ,20250327,4.129
002373.SZ,20250326,4.129
002373.SZ,20250325,4.129
002373.SZ,20250324,4.129
002373.SZ,20250321,4.129
002373.SZ,20250320,4.129
002373.SZ,20250319,4.129
002373.SZ,20250318,4.129
002373.SZ,20250317,4.129
002373.SZ,20250314,4.129
002373.SZ,20250313,4.129
002373.SZ,20250312,4.129
002373.SZ,20250311,4.129
002373.SZ,20250310,4.129
002373.SZ,20250307,4.129
002373.SZ,20250306,4.129
002373.SZ,20250305,4.129
002373.SZ,20250304,4.129
002373.SZ,20250303,4.129
002373.SZ,20250228,4.129
002373.SZ,20250227,4.129
002373.SZ,20250226,4.129
002373.SZ,20250225,4.129
002373.SZ,20250224,4.129
002373.SZ,20250221,4.129
002373.SZ,20250220,4.129
002373.SZ,20250219,4.129
002373.SZ,20250218,4.129
002373.SZ,20250217,4.129
002373.SZ,20250214,4.129
002373.SZ,20250213,4.129
002373.SZ,20250212,4.129
002373.SZ,20250211,4.129
002373.SZ,20250210,4.129
002373.SZ,20250207,4.129
002373.SZ,20250206,4.129
002373.SZ,20250205,4.129
002373.SZ,20250127,4.129
002373.SZ,20250124,4.129
002373.SZ,20250123,4.129
002373.SZ,20250122,4.129
002373.SZ,20250121,4.129
002373.SZ,20250120,4.129
002373.SZ,20250117,4.129
002373.SZ,20250116,4.129
002373.SZ,20250115,4.129
002373.SZ,20250114,4.129
002373.SZ,20250113,4.129
002373.SZ,20250110,4.129
002373.SZ,20250109,4.129
002373.SZ,20250108,4.129
002373.SZ,20250107,4.129
002373.SZ,20250106,4.129
002373.SZ,20250103,4.129
002373.SZ,20250102,4.129
002373.SZ,20241231,4.129
002373.SZ,20241230,4.129
002373.SZ,20241227,4.129
002373.SZ,20241226,4.129
002373.SZ,20241225,4.129
002373.SZ,20241224,4.129
002373.SZ,20241223,4.129
002373.SZ,20241220,4.129
002373.SZ,20241219,4.129
002373.SZ,20241218,4.129
002373.SZ,20241217,4.129
002373.SZ,20241216,4.129
002373.SZ,20241213,4.129
002373.SZ,20241212,4.129
002373.SZ,20241211,4.129
002373.SZ,20241210,4.129
002373.SZ,20241209,4.129
002373.SZ,20241206,4.129
002373.SZ,20241205,4.129
002373.SZ,20241204,4.129
002373.SZ,20241203,4.129
002373.SZ,20241202,4.129
002373.SZ,20241129,4.129
002373.SZ,20241128,4.129
002373.SZ,20241127,4.129
002373.SZ,20241126,4.129
002373.SZ,20241125,4.129
002373.SZ,20241122,4.129
002373.SZ,20241121,4.129
002373.SZ,20241120,4.129
002373.SZ,20241119,4.129
002373.SZ,20241118,4.129
002373.SZ,20241115,4.129
002373.SZ,20241114,4.129
002373.SZ,20241113,4.129
002373.SZ,20241112,4.129
002373.SZ,20241111,4.129
002373.SZ,20241108,4.129
002373.SZ,20241107,4.129
002373.SZ,20241106,4.129
002373.SZ,20241105,4.129
002373.SZ,20241104,4.129
002373.SZ,20241101,4.129
002373.SZ,20241031,4.129
002373.SZ,20241030,4.129
002373.SZ,20241029,4.129
002373.SZ,20241028,4.129
002373.SZ,20241025,4.129
002373.SZ,20241024,4.129
002373.SZ,20241023,4.129
002373.SZ,20241022,4.129
002373.SZ,20241021,4.129
002373.SZ,20241018,4.129
002373.SZ,20241017,4.129
002373.SZ,20241016,4.129
002373.SZ,20241015,4.129
002373.SZ,20241014,4.129
002373.SZ,20241011,4.129
002373.SZ,20241010,4.129
002373.SZ,20241009,4.129
002373.SZ,20241008,4.129
002373.SZ,20240930,4.129
002373.SZ,20240927,4.129
002373.SZ,20240926,4.129
002373.SZ,20240925,4.129
002373.SZ,20240924,4.129
002373.SZ,20240923,4.129
002373.SZ,20240920,4.129
002373.SZ,20240919,4.129
002373.SZ,20240918,4.129
002373.SZ,20240913,4.129
002373.SZ,20240912,4.129
002373.SZ,20240911,4.129
002373.SZ,20240910,4.129
002373.SZ,20240909,4.129
002373.SZ,20240906,4.129
002373.SZ,20240905,4.129
002373.SZ,20240904,4.129
002373.SZ,20240903,4.129
002373.SZ,20240902,4.129
002373.SZ,20240830,4.129
002373.SZ,20240829,4.129
002373.SZ,20240828,4.129
002373.SZ,20240827,4.129
002373.SZ,20240826,4.129
002373.SZ,20240823,4.129
002373.SZ,20240822,4.129
002373.SZ,20240821,4.129
002373.SZ,20240820,4.129
002373.SZ,20240819,4.129
002373.SZ,20240816,4.129
002373.SZ,20240815,4.129
002373.SZ,20240814,4.129
002373.SZ,20240813,4.129
002373.SZ,20240812,4.129
002373.SZ,20240809,4.129
002373.SZ,20240808,4.129
002373.SZ,20240807,4.129
002373.SZ,20240806,4.129
002373.SZ,20240805,4.129
002373.SZ,20240802,4.129
002373.SZ,20240801,4.129
002373.SZ,20240731,4.129
002373.SZ,20240730,4.129
002373.SZ,20240729,4.129
002373.SZ,20240726,4.129
002373.SZ,20240725,4.129
002373.SZ,20240724,4.129
002373.SZ,20240723,4.129
002373.SZ,20240722,4.129
002373.SZ,20240719,4.129
002373.SZ,20240718,4.129
002373.SZ,20240717,4.129
002373.SZ,20240716,4.129
002373.SZ,20240715,4.129
002373.SZ,20240712,4.129
002373.SZ,20240711,4.129
002373.SZ,20240710,4.129
002373.SZ,20240709,4.129
002373.SZ,20240708,4.129
002373.SZ,20240705,4.129
002373.SZ,20240704,4.129
002373.SZ,20240703,4.129
002373.SZ,20240702,4.129
002373.SZ,20240701,4.129
002373.SZ,20240628,4.129
002373.SZ,20240627,4.129
002373.SZ,20240626,4.129
002373.SZ,20240625,4.129
002373.SZ,20240624,4.129
002373.SZ,20240621,4.129
002373.SZ,20240620,4.129
002373.SZ,20240619,4.129
002373.SZ,20240618,4.129
002373.SZ,20240617,4.129
002373.SZ,20240614,4.106
002373.SZ,20240613,4.106
002373.SZ,20240612,4.106
002373.SZ,20240611,4.106
002373.SZ,20240607,4.106
002373.SZ,20240606,4.106
002373.SZ,20240605,4.106
002373.SZ,20240604,4.106
002373.SZ,20240603,4.106
002373.SZ,20240531,4.106
002373.SZ,20240530,4.106
002373.SZ,20240529,4.106
002373.SZ,20240528,4.106
002373.SZ,20240527,4.106
002373.SZ,20240524,4.106
002373.SZ,20240523,4.106
002373.SZ,20240522,4.106
002373.SZ,20240521,4.106
002373.SZ,20240520,4.106
002373.SZ,20240517,4.106
002373.SZ,20240516,4.106
002373.SZ,20240515,4.106
002373.SZ,20240514,4.106
002373.SZ,20240513,4.106
002373.SZ,20240510,4.106
002373.SZ,20240509,4.106
002373.SZ,20240508,4.106
002373.SZ,20240507,4.106
002373.SZ,20240506,4.106
002373.SZ,20240430,4.106
002373.SZ,20240429,4.106
002373.SZ,20240426,4.106
002373.SZ,20240425,4.106
002373.SZ,20240424,4.106
002373.SZ,20240423,4.106
002373.SZ,20240422,4.106
002373.SZ,20240419,4.106
002373.SZ,20240418,4.106
002373.SZ,20240417,4.106
002373.SZ,20240416,4.106
002373.SZ,20240415,4.106
002373.SZ,20240412,4.106
002373.SZ,20240411,4.106
002373.SZ,20240410,4.106
002373.SZ,20240409,4.106
002373.SZ,20240408,4.106
002373.SZ,20240403,4.106
002373.SZ,20240402,4.106
002373.SZ,20240401,4.106
002373.SZ,20240329,4.106
002373.SZ,20240328,4.106
002373.SZ,20240327,4.106
002373.SZ,20240326,4.106
002373.SZ,20240325,4.106
002373.SZ,20240322,4.106
002373.SZ,20240321,4.106
002373.SZ,20240320,4.106
002373.SZ,20240319,4.106
002373.SZ,20240318,4.106
002373.SZ,20240315,4.106
002373.SZ,20240314,4.106
002373.SZ,20240313,4.106
002373.SZ,20240312,4.106
002373.SZ,20240311,4.106
002373.SZ,20240308,4.106
002373.SZ,20240307,4.106
002373.SZ,20240306,4.106
002373.SZ,20240305,4.106
002373.SZ,20240304,4.106
002373.SZ,20240301,4.106
002373.SZ,20240229,4.106
002373.SZ,20240228,4.106
002373.SZ,20240227,4.106
002373.SZ,20240226,4.106
002373.SZ,20240223,4.106
002373.SZ,20240222,4.106
002373.SZ,20240221,4.106
002373.SZ,20240220,4.106
002373.SZ,20240219,4.106
002373.SZ,20240208,4.106
002373.SZ,20240207,4.106
002373.SZ,20240206,4.106
002373.SZ,20240205,4.106
002373.SZ,20240202,4.106
002373.SZ,20240201,4.106
002373.SZ,20240131,4.106
002373.SZ,20240130,4.106
002373.SZ,20240129,4.106
002373.SZ,20240126,4.106
002373.SZ,20240125,4.106
002373.SZ,20240124,4.106
002373.SZ,20240123,4.106
002373.SZ,20240122,4.106
002373.SZ,20240119,4.106
002373.SZ,20240118,4.106
002373.SZ,20240117,4.106
002373.SZ,20240116,4.106
002373.SZ,20240115,4.106
002373.SZ,20240112,4.106
002373.SZ,20240111,4.106
002373.SZ,20240110,4.106
002373.SZ,20240109,4.106
002373.SZ,20240108,4.106
002373.SZ,20240105,4.106
002373.SZ,20240104,4.106
002373.SZ,20240103,4.106
002373.SZ,20240102,4.106
002373.SZ,20231229,4.106
002373.SZ,20231228,4.106
002373.SZ,20231227,4.106
002373.SZ,20231226,4.106
002373.SZ,20231225,4.106
002373.SZ,20231222,4.106
002373.SZ,20231221,4.106
002373.SZ,20231220,4.106
002373.SZ,20231219,4.106
002373.SZ,20231218,4.106
002373.SZ,20231215,4.106
002373.SZ,20231214,4.106
002373.SZ,20231213,4.106
002373.SZ,20231212,4.106
002373.SZ,20231211,4.106
002373.SZ,20231208,4.106
002373.SZ,20231207,4.106
002373.SZ,20231206,4.106
002373.SZ,20231205,4.106
002373.SZ,20231204,4.106
002373.SZ,20231201,4.106
002373.SZ,20231130,4.106
002373.SZ,20231129,4.106
002373.SZ,20231128,4.106
002373.SZ,20231127,4.106
002373.SZ,20231124,4.106
002373.SZ,20231123,4.106
002373.SZ,20231122,4.106
002373.SZ,20231121,4.106
002373.SZ,20231120,4.106
002373.SZ,20231117,4.106
002373.SZ,20231116,4.106
002373.SZ,20231115,4.106
002373.SZ,20231114,4.106
002373.SZ,20231113,4.106
002373.SZ,20231110,4.106
002373.SZ,20231109,4.106
002373.SZ,20231108,4.106
002373.SZ,20231107,4.106
002373.SZ,20231106,4.106
002373.SZ,20231103,4.106
002373.SZ,20231102,4.106
002373.SZ,20231101,4.106
002373.SZ,20231031,4.106
002373.SZ,20231030,4.106
002373.SZ,20231027,4.106
002373.SZ,20231026,4.106
002373.SZ,20231025,4.106
002373.SZ,20231024,4.106
002373.SZ,20231023,4.106
002373.SZ,20231020,4.106
002373.SZ,20231019,4.106
002373.SZ,20231018,4.106
002373.SZ,20231017,4.106
002373.SZ,20231016,4.106
002373.SZ,20231013,4.106
002373.SZ,20231012,4.106
002373.SZ,20231011,4.106
002373.SZ,20231010,4.106
002373.SZ,20231009,4.106
002373.SZ,20230928,4.106
002373.SZ,20230927,4.106
002373.SZ,20230926,4.106
002373.SZ,20230925,4.106
002373.SZ,20230922,4.106
002373.SZ,20230921,4.106
002373.SZ,20230920,4.106
002373.SZ,20230919,4.106
002373.SZ,20230918,4.106
002373.SZ,20230915,4.106
002373.SZ,20230914,4.106
002373.SZ,20230913,4.106
002373.SZ,20230912,4.106
002373.SZ,20230911,4.106
002373.SZ,20230908,4.106
002373.SZ,20230907,4.106
002373.SZ,20230906,4.106
002373.SZ,20230905,4.106
002373.SZ,20230904,4.106
002373.SZ,20230901,4.106
002373.SZ,20230831,4.106
002373.SZ,20230830,4.106
002373.SZ,20230829,4.106
002373.SZ,20230828,4.106
002373.SZ,20230825,4.106
002373.SZ,20230824,4.106
002373.SZ,20230823,4.106
002373.SZ,20230822,4.106
002373.SZ,20230821,4.106
002373.SZ,20230818,4.106
002373.SZ,20230817,4.106
002373.SZ,20230816,4.106
002373.SZ,20230815,4.106
002373.SZ,20230814,4.106
002373.SZ,20230811,4.106
002373.SZ,20230810,4.106
002373.SZ,20230809,4.106
002373.SZ,20230808,4.106
002373.SZ,20230807,4.106
002373.SZ,20230804,4.106
002373.SZ,20230803,4.106
002373.SZ,20230802,4.106
002373.SZ,20230801,4.106
002373.SZ,20230731,4.106
002373.SZ,20230728,4.106
002373.SZ,20230727,4.106
002373.SZ,20230726,4.106
002373.SZ,20230725,4.106
002373.SZ,20230724,4.106
002373.SZ,20230721,4.106
002373.SZ,20230720,4.106
002373.SZ,20230719,4.106
002373.SZ,20230718,4.106
002373.SZ,20230717,4.106
002373.SZ,20230714,4.106
002373.SZ,20230713,4.106
002373.SZ,20230712,4.106
002373.SZ,20230711,4.106
002373.SZ,20230710,4.106
002373.SZ,20230707,4.106
002373.SZ,20230706,4.106
002373.SZ,20230705,4.106
002373.SZ,20230704,4.106
002373.SZ,20230703,4.106
002373.SZ,20230630,4.106
002373.SZ,20230629,4.106
002373.SZ,20230628,4.106
002373.SZ,20230627,4.106
002373.SZ,20230626,4.106
002373.SZ,20230621,4.106
002373.SZ,20230620,4.106
002373.SZ,20230619,4.106
002373.SZ,20230616,4.106
002373.SZ,20230615,4.106
002373.SZ,20230614,4.106
002373.SZ,20230613,4.106
002373.SZ,20230612,4.106
002373.SZ,20230609,4.106
002373.SZ,20230608,4.106
002373.SZ,20230607,4.106
002373.SZ,20230606,4.106
002373.SZ,20230605,4.106
002373.SZ,20230602,4.106
002373.SZ,20230601,4.106
002373.SZ,20230531,4.106
002373.SZ,20230530,4.106
002373.SZ,20230529,4.106
002373.SZ,20230526,4.106
002373.SZ,20230525,4.106
002373.SZ,20230524,4.106
002373.SZ,20230523,4.106
002373.SZ,20230522,4.106
002373.SZ,20230519,4.106
002373.SZ,20230518,4.106
002373.SZ,20230517,4.106
002373.SZ,20230516,4.106
002373.SZ,20230515,4.106
002373.SZ,20230512,4.106
002373.SZ,20230511,4.106
002373.SZ,20230510,4.106
002373.SZ,20230509,4.106
002373.SZ,20230508,4.106
002373.SZ,20230505,4.106
002373.SZ,20230504,4.106
002373.SZ,20230428,4.106
002373.SZ,20230427,4.106
002373.SZ,20230426,4.106
002373.SZ,20230425,4.106
002373.SZ,20230424,4.106
002373.SZ,20230421,4.106
002373.SZ,20230420,4.106
002373.SZ,20230419,4.106
002373.SZ,20230418,4.106
002373.SZ,20230417,4.106
002373.SZ,20230414,4.106
002373.SZ,20230413,4.106
002373.SZ,20230412,4.106
002373.SZ,20230411,4.106
002373.SZ,20230410,4.106
002373.SZ,20230407,4.106
002373.SZ,20230406,4.106
002373.SZ,20230404,4.106
002373.SZ,20230403,4.106
002373.SZ,20230331,4.106
002373.SZ,20230330,4.106
002373.SZ,20230329,4.106
002373.SZ,20230328,4.106
002373.SZ,20230327,4.106
002373.SZ,20230324,4.106
002373.SZ,20230323,4.106
002373.SZ,20230322,4.106
002373.SZ,20230321,4.106
002373.SZ,20230320,4.106
002373.SZ,20230317,4.106
002373.SZ,20230316,4.106
002373.SZ,20230315,4.106
002373.SZ,20230314,4.106
002373.SZ,20230313,4.106
002373.SZ,20230310,4.106
002373.SZ,20230309,4.106
002373.SZ,20230308,4.106
002373.SZ,20230307,4.106
002373.SZ,20230306,4.106
002373.SZ,20230303,4.106
002373.SZ,20230302,4.106
002373.SZ,20230301,4.106
002373.SZ,20230228,4.106
002373.SZ,20230227,4.106
002373.SZ,20230224,4.106
002373.SZ,20230223,4.106
002373.SZ,20230222,4.106
002373.SZ,20230221,4.106
002373.SZ,20230220,4.106
002373.SZ,20230217,4.106
002373.SZ,20230216,4.106
002373.SZ,20230215,4.106
002373.SZ,20230214,4.106
002373.SZ,20230213,4.106
002373.SZ,20230210,4.106
002373.SZ,20230209,4.106
002373.SZ,20230208,4.106
002373.SZ,20230207,4.106
002373.SZ,20230206,4.106
002373.SZ,20230203,4.106
002373.SZ,20230202,4.106
002373.SZ,20230201,4.106
002373.SZ,20230131,4.106
002373.SZ,20230130,4.106
002373.SZ,20230120,4.106
002373.SZ,20230119,4.106
002373.SZ,20230118,4.106
002373.SZ,20230117,4.106
002373.SZ,20230116,4.106
002373.SZ,20230113,4.106
002373.SZ,20230112,4.106
002373.SZ,20230111,4.106
002373.SZ,20230110,4.106
002373.SZ,20230109,4.106
002373.SZ,20230106,4.106
002373.SZ,20230105,4.106
002373.SZ,20230104,4.106
002373.SZ,20230103,4.106
002373.SZ,20221230,4.106
002373.SZ,20221229,4.106
002373.SZ,20221228,4.106
002373.SZ,20221227,4.106
002373.SZ,20221226,4.106
002373.SZ,20221223,4.106
002373.SZ,20221222,4.106
002373.SZ,20221221,4.106
002373.SZ,20221220,4.106
002373.SZ,20221219,4.106
002373.SZ,20221216,4.106
002373.SZ,20221215,4.106
002373.SZ,20221214,4.106
002373.SZ,20221213,4.106
002373.SZ,20221212,4.106
002373.SZ,20221209,4.106
002373.SZ,20221208,4.106
002373.SZ,20221207,4.106
002373.SZ,20221206,4.106
002373.SZ,20221205,4.106
002373.SZ,20221202,4.106
002373.SZ,20221201,4.106
002373.SZ,20221130,4.106
002373.SZ,20221129,4.106
002373.SZ,20221128,4.106
002373.SZ,20221125,4.106
002373.SZ,20221124,4.106
002373.SZ,20221123,4.106
002373.SZ,20221122,4.106
002373.SZ,20221121,4.106
002373.SZ,20221118,4.106
002373.SZ,20221117,4.106
002373.SZ,20221116,4.106
002373.SZ,20221115,4.106
002373.SZ,20221114,4.106
002373.SZ,20221111,4.106
002373.SZ,20221110,4.106
002373.SZ,20221109,4.106
002373.SZ,20221108,4.106
002373.SZ,20221107,4.106
002373.SZ,20221104,4.106
002373.SZ,20221103,4.106
002373.SZ,20221102,4.106
002373.SZ,20221101,4.106
002373.SZ,20221031,4.106
002373.SZ,20221028,4.106
002373.SZ,20221027,4.106
002373.SZ,20221026,4.106
002373.SZ,20221025,4.106
002373.SZ,20221024,4.106
002373.SZ,20221021,4.106
002373.SZ,20221020,4.106
002373.SZ,20221019,4.106
002373.SZ,20221018,4.106
002373.SZ,20221017,4.106
002373.SZ,20221014,4.106
002373.SZ,20221013,4.106
002373.SZ,20221012,4.106
002373.SZ,20221011,4.106
002373.SZ,20221010,4.106
002373.SZ,20220930,4.106
002373.SZ,20220929,4.106
002373.SZ,20220928,4.106
002373.SZ,20220927,4.106
002373.SZ,20220926,4.106
002373.SZ,20220923,4.106
002373.SZ,20220922,4.106
002373.SZ,20220921,4.106
002373.SZ,20220920,4.106
002373.SZ,20220919,4.106
002373.SZ,20220916,4.106
002373.SZ,20220915,4.106
002373.SZ,20220914,4.106
002373.SZ,20220913,4.106
002373.SZ,20220909,4.106
002373.SZ,20220908,4.106
002373.SZ,20220907,4.106
002373.SZ,20220906,4.106
002373.SZ,20220905,4.106
002373.SZ,20220902,4.106
002373.SZ,20220901,4.106
002373.SZ,20220831,4.106
002373.SZ,20220830,4.106
002373.SZ,20220829,4.106
002373.SZ,20220826,4.106
002373.SZ,20220825,4.106
002373.SZ,20220824,4.106
002373.SZ,20220823,4.106
002373.SZ,20220822,4.106
002373.SZ,20220819,4.106
002373.SZ,20220818,4.106
002373.SZ,20220817,4.106
002373.SZ,20220816,4.106
002373.SZ,20220815,4.106
002373.SZ,20220812,4.106
002373.SZ,20220811,4.106
002373.SZ,20220810,4.106
002373.SZ,20220809,4.106
002373.SZ,20220808,4.106
002373.SZ,20220805,4.106
002373.SZ,20220804,4.106
002373.SZ,20220803,4.106
002373.SZ,20220802,4.106
002373.SZ,20220801,4.106
002373.SZ,20220729,4.106
002373.SZ,20220728,4.106
002373.SZ,20220727,4.106
002373.SZ,20220726,4.106
002373.SZ,20220725,4.106
002373.SZ,20220722,4.106
002373.SZ,20220721,4.106
002373.SZ,20220720,4.106
002373.SZ,20220719,4.106
002373.SZ,20220718,4.106
002373.SZ,20220715,4.106
002373.SZ,20220714,4.106
002373.SZ,20220713,4.106
002373.SZ,20220712,4.106
002373.SZ,20220711,4.106
002373.SZ,20220708,4.106
002373.SZ,20220707,4.106
002373.SZ,20220706,4.106
002373.SZ,20220705,4.106
002373.SZ,20220704,4.106
002373.SZ,20220701,4.106
002373.SZ,20220630,4.106
002373.SZ,20220629,4.106
002373.SZ,20220628,4.106
002373.SZ,20220627,4.106
002373.SZ,20220624,4.106
002373.SZ,20220623,4.106
002373.SZ,20220622,4.106
002373.SZ,20220621,4.106
002373.SZ,20220620,4.106
002373.SZ,20220617,4.106
002373.SZ,20220616,4.106
002373.SZ,20220615,4.106
002373.SZ,20220614,4.106
002373.SZ,20220613,4.106
002373.SZ,20220610,4.106
002373.SZ,20220609,4.106
002373.SZ,20220608,4.106
002373.SZ,20220607,4.106
002373.SZ,20220606,4.106
002373.SZ,20220602,4.106
002373.SZ,20220601,4.106
002373.SZ,20220531,4.106
002373.SZ,20220530,4.106
002373.SZ,20220527,4.106
002373.SZ,20220526,4.106
002373.SZ,20220525,4.106
002373.SZ,20220524,4.106
002373.SZ,20220523,4.106
002373.SZ,20220520,4.106
002373.SZ,20220519,4.106
002373.SZ,20220518,4.106
002373.SZ,20220517,4.106
002373.SZ,20220516,4.106
002373.SZ,20220513,4.106
002373.SZ,20220512,4.106
002373.SZ,20220511,4.106
002373.SZ,20220510,4.106
002373.SZ,20220509,4.106
002373.SZ,20220506,4.106
002373.SZ,20220505,4.106
002373.SZ,20220429,4.106
002373.SZ,20220428,4.106
002373.SZ,20220427,4.106
002373.SZ,20220426,4.106
002373.SZ,20220425,4.106
002373.SZ,20220422,4.106
002373.SZ,20220421,4.106
002373.SZ,20220420,4.106
002373.SZ,20220419,4.106
002373.SZ,20220418,4.106
002373.SZ,20220415,4.106
002373.SZ,20220414,4.106
002373.SZ,20220413,4.106
002373.SZ,20220412,4.106
002373.SZ,20220411,4.106
002373.SZ,20220408,4.106
002373.SZ,20220407,4.106
002373.SZ,20220406,4.106
002373.SZ,20220401,4.106
002373.SZ,20220331,4.106
002373.SZ,20220330,4.106
002373.SZ,20220329,4.106
002373.SZ,20220328,4.106
002373.SZ,20220325,4.106
002373.SZ,20220324,4.106
002373.SZ,20220323,4.106
002373.SZ,20220322,4.106
002373.SZ,20220321,4.106
002373.SZ,20220318,4.106
002373.SZ,20220317,4.106
002373.SZ,20220316,4.106
002373.SZ,20220315,4.106
002373.SZ,20220314,4.106
002373.SZ,20220311,4.106
002373.SZ,20220310,4.106
002373.SZ,20220309,4.106
002373.SZ,20220308,4.106
002373.SZ,20220307,4.106
002373.SZ,20220304,4.106
002373.SZ,20220303,4.106
002373.SZ,20220302,4.106
002373.SZ,20220301,4.106
002373.SZ,20220228,4.106
002373.SZ,20220225,4.106
002373.SZ,20220224,4.106
002373.SZ,20220223,4.106
002373.SZ,20220222,4.106
002373.SZ,20220221,4.106
002373.SZ,20220218,4.106
002373.SZ,20220217,4.106
002373.SZ,20220216,4.106
002373.SZ,20220215,4.106
002373.SZ,20220214,4.106
002373.SZ,20220211,4.106
002373.SZ,20220210,4.106
002373.SZ,20220209,4.106
002373.SZ,20220208,4.106
002373.SZ,20220207,4.106
002373.SZ,20220128,4.106
002373.SZ,20220127,4.106
002373.SZ,20220126,4.106
002373.SZ,20220125,4.106
002373.SZ,20220124,4.106
002373.SZ,20220121,4.106
002373.SZ,20220120,4.106
002373.SZ,20220119,4.106
002373.SZ,20220118,4.106
002373.SZ,20220117,4.106
002373.SZ,20220114,4.106
002373.SZ,20220113,4.106
002373.SZ,20220112,4.106
002373.SZ,20220111,4.106
002373.SZ,20220110,4.106
002373.SZ,20220107,4.106
002373.SZ,20220106,4.106
002373.SZ,20220105,4.106
002373.SZ,20220104,4.106
002373.SZ,20211231,4.106
002373.SZ,20211230,4.106
002373.SZ,20211229,4.106
002373.SZ,20211228,4.106
002373.SZ,20211227,4.106
002373.SZ,20211224,4.106
002373.SZ,20211223,4.106
002373.SZ,20211222,4.106
002373.SZ,20211221,4.106
002373.SZ,20211220,4.106
002373.SZ,20211217,4.106
002373.SZ,20211216,4.106
002373.SZ,20211215,4.106
002373.SZ,20211214,4.106
002373.SZ,20211213,4.106
002373.SZ,20211210,4.106
002373.SZ,20211209,4.106
002373.SZ,20211208,4.106
002373.SZ,20211207,4.106
002373.SZ,20211206,4.106
002373.SZ,20211203,4.106
002373.SZ,20211202,4.106
002373.SZ,20211201,4.106
002373.SZ,20211130,4.106
002373.SZ,20211129,4.106
002373.SZ,20211126,4.106
002373.SZ,20211125,4.106
002373.SZ,20211124,4.106
002373.SZ,20211123,4.106
002373.SZ,20211122,4.106
002373.SZ,20211119,4.106
002373.SZ,20211118,4.106
002373.SZ,20211117,4.106
002373.SZ,20211116,4.106
002373.SZ,20211115,4.106
002373.SZ,20211112,4.106
002373.SZ,20211111,4.106
002373.SZ,20211110,4.106
002373.SZ,20211109,4.106
002373.SZ,20211108,4.106
002373.SZ,20211105,4.106
002373.SZ,20211104,4.106
002373.SZ,20211103,4.106
002373.SZ,20211102,4.106
002373.SZ,20211101,4.106
002373.SZ,20211029,4.106
002373.SZ,20211028,4.106
002373.SZ,20211027,4.106
002373.SZ,20211026,4.106
002373.SZ,20211025,4.106
002373.SZ,20211022,4.106
002373.SZ,20211021,4.106
002373.SZ,20211020,4.106
002373.SZ,20211019,4.106
002373.SZ,20211018,4.106
002373.SZ,20211015,4.106
002373.SZ,20211014,4.106
002373.SZ,20211013,4.106
002373.SZ,20211012,4.106
002373.SZ,20211011,4.106
002373.SZ,20211008,4.106
002373.SZ,20210930,4.106
002373.SZ,20210929,4.106
002373.SZ,20210928,4.106
002373.SZ,20210927,4.106
002373.SZ,20210924,4.106
002373.SZ,20210923,4.106
002373.SZ,20210922,4.106
002373.SZ,20210917,4.106
002373.SZ,20210916,4.106
002373.SZ,20210915,4.106
002373.SZ,20210914,4.106
002373.SZ,20210913,4.106
002373.SZ,20210910,4.106
002373.SZ,20210909,4.106
002373.SZ,20210908,4.106
002373.SZ,20210907,4.106
002373.SZ,20210906,4.106
002373.SZ,20210903,4.106
002373.SZ,20210902,4.106
002373.SZ,20210901,4.106
002373.SZ,20210831,4.106
002373.SZ,20210830,4.106
002373.SZ,20210827,4.106
002373.SZ,20210826,4.106
002373.SZ,20210825,4.106
002373.SZ,20210824,4.106
002373.SZ,20210823,4.106
002373.SZ,20210820,4.106
002373.SZ,20210819,4.106
002373.SZ,20210818,4.106
002373.SZ,20210817,4.106
002373.SZ,20210816,4.106
002373.SZ,20210813,4.106
002373.SZ,20210812,4.106
002373.SZ,20210811,4.106
002373.SZ,20210810,4.106
002373.SZ,20210809,4.106
002373.SZ,20210806,4.106
002373.SZ,20210805,4.106
002373.SZ,20210804,4.106
002373.SZ,20210803,4.106
002373.SZ,20210802,4.106
002373.SZ,20210730,4.106
002373.SZ,20210729,4.106
002373.SZ,20210728,4.106
002373.SZ,20210727,4.106
002373.SZ,20210726,4.106
002373.SZ,20210723,4.106
002373.SZ,20210722,4.106
002373.SZ,20210721,4.106
002373.SZ,20210720,4.106
002373.SZ,20210719,4.106
002373.SZ,20210716,4.106
002373.SZ,20210715,4.106
002373.SZ,20210714,4.106
002373.SZ,20210713,4.106
002373.SZ,20210712,4.106
002373.SZ,20210709,4.106
002373.SZ,20210708,4.106
002373.SZ,20210707,4.106
002373.SZ,20210706,4.106
002373.SZ,20210705,4.106
002373.SZ,20210702,4.106
002373.SZ,20210701,4.106
002373.SZ,20210630,4.106
002373.SZ,20210629,4.106
002373.SZ,20210628,4.106
002373.SZ,20210625,4.106
002373.SZ,20210624,4.106
002373.SZ,20210623,4.106
002373.SZ,20210622,4.106
002373.SZ,20210621,4.106
002373.SZ,20210618,4.106
002373.SZ,20210617,4.106
002373.SZ,20210616,4.106
002373.SZ,20210615,4.106
002373.SZ,20210611,4.106
002373.SZ,20210610,4.09
002373.SZ,20210609,4.09
002373.SZ,20210608,4.09
002373.SZ,20210607,4.09
002373.SZ,20210604,4.09
002373.SZ,20210603,4.09
002373.SZ,20210602,4.09
002373.SZ,20210601,4.09
002373.SZ,20210531,4.09
002373.SZ,20210528,4.09
002373.SZ,20210527,4.09
002373.SZ,20210526,4.09
002373.SZ,20210525,4.09
002373.SZ,20210524,4.09
002373.SZ,20210521,4.09
002373.SZ,20210520,4.09
002373.SZ,20210519,4.09
002373.SZ,20210518,4.09
002373.SZ,20210517,4.09
002373.SZ,20210514,4.09
002373.SZ,20210513,4.09
002373.SZ,20210512,4.09
002373.SZ,20210511,4.09
002373.SZ,20210510,4.09
002373.SZ,20210507,4.09
002373.SZ,20210506,4.09
002373.SZ,20210430,4.09
002373.SZ,20210429,4.09
002373.SZ,20210428,4.09
002373.SZ,20210427,4.09
002373.SZ,20210426,4.09
002373.SZ,20210423,4.09
002373.SZ,20210422,4.09
002373.SZ,20210421,4.09
002373.SZ,20210420,4.09
002373.SZ,20210419,4.09
002373.SZ,20210416,4.09
002373.SZ,20210415,4.09
002373.SZ,20210414,4.09
002373.SZ,20210413,4.09
002373.SZ,20210412,4.09
002373.SZ,20210409,4.09
002373.SZ,20210408,4.09
002373.SZ,20210407,4.09
002373.SZ,20210406,4.09
002373.SZ,20210402,4.09
002373.SZ,20210401,4.09
002373.SZ,20210331,4.09
002373.SZ,20210330,4.09
002373.SZ,20210329,4.09
002373.SZ,20210326,4.09
002373.SZ,20210325,4.09
002373.SZ,20210324,4.09
002373.SZ,20210323,4.09
002373.SZ,20210322,4.09
002373.SZ,20210319,4.09
002373.SZ,20210318,4.09
002373.SZ,20210317,4.09
002373.SZ,20210316,4.09
002373.SZ,20210315,4.09
002373.SZ,20210312,4.09
002373.SZ,20210311,4.09
002373.SZ,20210310,4.09
002373.SZ,20210309,4.09
002373.SZ,20210308,4.09
002373.SZ,20210305,4.09
002373.SZ,20210304,4.09
002373.SZ,20210303,4.09
002373.SZ,20210302,4.09
002373.SZ,20210301,4.09
002373.SZ,20210226,4.09
002373.SZ,20210225,4.09
002373.SZ,20210224,4.09
002373.SZ,20210223,4.09
002373.SZ,20210222,4.09
002373.SZ,20210219,4.09
002373.SZ,20210218,4.09
002373.SZ,20210210,4.09
002373.SZ,20210209,4.09
002373.SZ,20210208,4.09
002373.SZ,20210205,4.09
002373.SZ,20210204,4.09
002373.SZ,20210203,4.09
002373.SZ,20210202,4.09
002373.SZ,20210201,4.09
002373.SZ,20210129,4.09
002373.SZ,20210128,4.09
002373.SZ,20210127,4.09
002373.SZ,20210126,4.09
002373.SZ,20210125,4.09
002373.SZ,20210122,4.09
002373.SZ,20210121,4.09
002373.SZ,20210120,4.09
002373.SZ,20210119,4.09
002373.SZ,20210118,4.09
002373.SZ,20210115,4.09
002373.SZ,20210114,4.09
002373.SZ,20210113,4.09
002373.SZ,20210112,4.09
002373.SZ,20210111,4.09
002373.SZ,20210108,4.09
002373.SZ,20210107,4.09
002373.SZ,20210106,4.0901
002373.SZ,20210105,4.0901
002373.SZ,20210104,4.0901
002373.SZ,20201231,4.0901
002373.SZ,20201230,4.0901
002373.SZ,20201229,4.0901
002373.SZ,20201228,4.0901
002373.SZ,20201225,4.0901
002373.SZ,20201224,4.0901
002373.SZ,20201223,4.0901
002373.SZ,20201222,4.0901
002373.SZ,20201221,4.0901
002373.SZ,20201218,4.0901
002373.SZ,20201217,4.0901
002373.SZ,20201216,4.0901
002373.SZ,20201215,4.0901
002373.SZ,20201214,4.0901
002373.SZ,20201211,4.0901
002373.SZ,20201210,4.0901
002373.SZ,20201209,4.0901
002373.SZ,20201208,4.0901
002373.SZ,20201207,4.0901
002373.SZ,20201204,4.0901
002373.SZ,20201203,4.0901
002373.SZ,20201202,4.0901
002373.SZ,20201201,4.0901
002373.SZ,20201130,4.0901
002373.SZ,20201127,4.0901
002373.SZ,20201126,4.0901
002373.SZ,20201125,4.0901
002373.SZ,20201124,4.0901
002373.SZ,20201123,4.0901
002373.SZ,20201120,4.0901
002373.SZ,20201119,4.0901
002373.SZ,20201118,4.0901
002373.SZ,20201117,4.0901
002373.SZ,20201116,4.0901
002373.SZ,20201113,4.0901
002373.SZ,20201112,4.0901
002373.SZ,20201111,4.0901
002373.SZ,20201110,4.0901
002373.SZ,20201109,4.0901
002373.SZ,20201106,4.0901
002373.SZ,20201105,4.0901
002373.SZ,20201104,4.0901
002373.SZ,20201103,4.0901
002373.SZ,20201102,4.0901
002373.SZ,20201030,4.0901
002373.SZ,20201029,4.0901
002373.SZ,20201028,4.0901
002373.SZ,20201027,4.0901
002373.SZ,20201026,4.0901
002373.SZ,20201023,4.0901
002373.SZ,20201022,4.0901
002373.SZ,20201021,4.0901
002373.SZ,20201020,4.0901
002373.SZ,20201019,4.0901
002373.SZ,20201016,4.0901
002373.SZ,20201015,4.0901
002373.SZ,20201014,4.0901
002373.SZ,20201013,4.0901
002373.SZ,20201012,4.0901
002373.SZ,20201009,4.0901
002373.SZ,20200930,4.0901
002373.SZ,20200929,4.0901
002373.SZ,20200928,4.0901
002373.SZ,20200925,4.0901
002373.SZ,20200924,4.0901
002373.SZ,20200923,4.0901
002373.SZ,20200922,4.0901
002373.SZ,20200921,4.0901
002373.SZ,20200918,4.0901
002373.SZ,20200917,4.0901
002373.SZ,20200916,4.0901
002373.SZ,20200915,4.0901
002373.SZ,20200914,4.0901
002373.SZ,20200911,4.0901
002373.SZ,20200910,4.0901
002373.SZ,20200909,4.0901
002373.SZ,20200908,4.0901
002373.SZ,20200907,4.0901
002373.SZ,20200904,4.0901
002373.SZ,20200903,4.0901
002373.SZ,20200902,4.0901
002373.SZ,20200901,4.0901
002373.SZ,20200831,4.0901
002373.SZ,20200828,4.0901
002373.SZ,20200827,4.0901
002373.SZ,20200826,4.0901
002373.SZ,20200825,4.0901
002373.SZ,20200824,4.0901
002373.SZ,20200821,4.0901
002373.SZ,20200820,4.0901
002373.SZ,20200819,4.0901
002373.SZ,20200818,4.0901
002373.SZ,20200817,4.0901
002373.SZ,20200814,4.0901
002373.SZ,20200813,4.0901
002373.SZ,20200812,4.0901
002373.SZ,20200811,4.0901
002373.SZ,20200810,4.0901
002373.SZ,20200807,4.0901
002373.SZ,20200806,4.0901
002373.SZ,20200805,4.0901
002373.SZ,20200804,4.0901
002373.SZ,20200803,4.0901
002373.SZ,20200731,4.0901
002373.SZ,20200730,4.0901
002373.SZ,20200729,4.0901
002373.SZ,20200728,4.0901
002373.SZ,20200727,4.0901
002373.SZ,20200724,4.0901
002373.SZ,20200723,4.0901
002373.SZ,20200722,4.0901
002373.SZ,20200721,4.0901
002373.SZ,20200720,4.0901
002373.SZ,20200717,4.0901
002373.SZ,20200716,4.0901
002373.SZ,20200715,4.0901
002373.SZ,20200714,4.0901
002373.SZ,20200713,4.0901
002373.SZ,20200710,4.0901
002373.SZ,20200709,4.0901
002373.SZ,20200708,4.0901
002373.SZ,20200707,4.0901
002373.SZ,20200706,4.0791
002373.SZ,20200703,4.0791
002373.SZ,20200702,4.0791
002373.SZ,20200701,4.0791
002373.SZ,20200630,4.0791
002373.SZ,20200629,4.0791
002373.SZ,20200624,4.0791
002373.SZ,20200623,4.0791
002373.SZ,20200622,4.0791
002373.SZ,20200619,4.0791
002373.SZ,20200618,4.0791
002373.SZ,20200617,4.0791
002373.SZ,20200616,4.0791
002373.SZ,20200615,4.0791
002373.SZ,20200612,4.0791
002373.SZ,20200611,4.0791
002373.SZ,20200610,4.0791
002373.SZ,20200609,4.0791
002373.SZ,20200608,4.0791
002373.SZ,20200605,4.0791
002373.SZ,20200604,4.0791
002373.SZ,20200603,4.0791
002373.SZ,20200602,4.0791
002373.SZ,20200601,4.0791
002373.SZ,20200529,4.0791
002373.SZ,20200528,4.0791
002373.SZ,20200527,4.0791
002373.SZ,20200526,4.0791
002373.SZ,20200525,4.0791
002373.SZ,20200522,4.0791
002373.SZ,20200521,4.0791
002373.SZ,20200520,4.0791
002373.SZ,20200519,4.0791
002373.SZ,20200518,4.0791
002373.SZ,20200515,4.0791
002373.SZ,20200514,4.0791
002373.SZ,20200513,4.0791
002373.SZ,20200512,4.0791
002373.SZ,20200511,4.0791
002373.SZ,20200508,4.0791
002373.SZ,20200507,4.0791
002373.SZ,20200506,4.0791
002373.SZ,20200430,4.0791
002373.SZ,20200429,4.0791
002373.SZ,20200428,4.0791
002373.SZ,20200427,4.0791
002373.SZ,20200424,4.0791
002373.SZ,20200423,4.0791
002373.SZ,20200422,4.0791
002373.SZ,20200421,4.0791
002373.SZ,20200420,4.0791
002373.SZ,20200417,4.0791
002373.SZ,20200416,4.0791
002373.SZ,20200415,4.0791
002373.SZ,20200414,4.0791
002373.SZ,20200413,4.0791
002373.SZ,20200410,4.0791
002373.SZ,20200409,4.0791
002373.SZ,20200408,4.0791
002373.SZ,20200407,4.0791
002373.SZ,20200403,4.0791
002373.SZ,20200402,4.0791
002373.SZ,20200401,4.0791
002373.SZ,20200331,4.0791
002373.SZ,20200330,4.0791
002373.SZ,20200327,4.0791
002373.SZ,20200326,4.0791
002373.SZ,20200325,4.0791
002373.SZ,20200324,4.0791
002373.SZ,20200323,4.0791
002373.SZ,20200320,4.0791
002373.SZ,20200319,4.0791
002373.SZ,20200318,4.0791
002373.SZ,20200317,4.0791
002373.SZ,20200316,4.0791
002373.SZ,20200313,4.0791
002373.SZ,20200312,4.0791
002373.SZ,20200311,4.0791
002373.SZ,20200310,4.0791
002373.SZ,20200309,4.0791
002373.SZ,20200306,4.0791
002373.SZ,20200305,4.0791
002373.SZ,20200304,4.0791
002373.SZ,20200303,4.0791
002373.SZ,20200302,4.0791
002373.SZ,20200228,4.0791
002373.SZ,20200227,4.0791
002373.SZ,20200226,4.0791
002373.SZ,20200225,4.0791
002373.SZ,20200224,4.0791
002373.SZ,20200221,4.0791
002373.SZ,20200220,4.0791
002373.SZ,20200219,4.0791
002373.SZ,20200218,4.0791
002373.SZ,20200217,4.0791
002373.SZ,20200214,4.0791
002373.SZ,20200213,4.0791
002373.SZ,20200212,4.0791
002373.SZ,20200211,4.0791
002373.SZ,20200210,4.0791
002373.SZ,20200207,4.0791
002373.SZ,20200206,4.0791
002373.SZ,20200205,4.0791
002373.SZ,20200204,4.0791
002373.SZ,20200203,4.0791
002373.SZ,20200123,4.0791
002373.SZ,20200122,4.0791
002373.SZ,20200121,4.0791
002373.SZ,20200120,4.0791
002373.SZ,20200117,4.0791
002373.SZ,20200116,4.0791
002373.SZ,20200115,4.0791
002373.SZ,20200114,4.0791
002373.SZ,20200113,4.0791
002373.SZ,20200110,4.0791
002373.SZ,20200109,4.0791
002373.SZ,20200108,4.0791
002373.SZ,20200107,4.0791
002373.SZ,20200106,4.0791
002373.SZ,20200103,4.0791
002373.SZ,20200102,4.0791
002373.SZ,20191231,4.079
002373.SZ,20191230,4.079
002373.SZ,20191227,4.079
002373.SZ,20191226,4.079
002373.SZ,20191225,4.079
002373.SZ,20191224,4.079
002373.SZ,20191223,4.079
002373.SZ,20191220,4.079
002373.SZ,20191219,4.079
002373.SZ,20191218,4.079
002373.SZ,20191217,4.079
002373.SZ,20191216,4.079
002373.SZ,20191213,4.079
002373.SZ,20191212,4.079
002373.SZ,20191211,4.079
002373.SZ,20191210,4.079
002373.SZ,20191209,4.079
002373.SZ,20191206,4.079
002373.SZ,20191205,4.079
002373.SZ,20191204,4.079
002373.SZ,20191203,4.079
002373.SZ,20191202,4.079
002373.SZ,20191129,4.079
002373.SZ,20191128,4.079
002373.SZ,20191127,4.079
002373.SZ,20191126,4.079
002373.SZ,20191125,4.079
002373.SZ,20191122,4.079
002373.SZ,20191121,4.079
002373.SZ,20191120,4.079
002373.SZ,20191119,4.079
002373.SZ,20191118,4.079
002373.SZ,20191115,4.079
002373.SZ,20191114,4.079
002373.SZ,20191113,4.079
002373.SZ,20191112,4.079
002373.SZ,20191111,4.079
002373.SZ,20191108,4.079
002373.SZ,20191107,4.079
002373.SZ,20191106,4.079
002373.SZ,20191105,4.079
002373.SZ,20191104,4.079
002373.SZ,20191101,4.079
002373.SZ,20191031,4.079
002373.SZ,20191030,4.079
002373.SZ,20191029,4.079
002373.SZ,20191028,4.079
002373.SZ,20191025,4.079
002373.SZ,20191024,4.079
002373.SZ,20191023,4.079
002373.SZ,20191022,4.079
002373.SZ,20191021,4.079
002373.SZ,20191018,4.079
002373.SZ,20191017,4.079
002373.SZ,20191016,4.079
002373.SZ,20191015,4.079
002373.SZ,20191014,4.079
002373.SZ,20191011,4.079
002373.SZ,20191010,4.079
002373.SZ,20191009,4.079
002373.SZ,20191008,4.079
002373.SZ,20190930,4.079
002373.SZ,20190927,4.079
002373.SZ,20190926,4.079
002373.SZ,20190925,4.079
002373.SZ,20190924,4.079
002373.SZ,20190923,4.079
002373.SZ,20190920,4.079
002373.SZ,20190919,4.079
002373.SZ,20190918,4.079
002373.SZ,20190917,4.079
002373.SZ,20190916,4.079
002373.SZ,20190912,4.079
002373.SZ,20190911,4.079
002373.SZ,20190910,4.079
002373.SZ,20190909,4.079
002373.SZ,20190906,4.079
002373.SZ,20190905,4.079
002373.SZ,20190904,4.079
002373.SZ,20190903,4.079
002373.SZ,20190902,4.079
002373.SZ,20190830,4.079
002373.SZ,20190829,4.079
002373.SZ,20190828,4.079
002373.SZ,20190827,4.079
002373.SZ,20190826,4.079
002373.SZ,20190823,4.079
002373.SZ,20190822,4.079
002373.SZ,20190821,4.079
002373.SZ,20190820,4.079
002373.SZ,20190819,4.079
002373.SZ,20190816,4.079
002373.SZ,20190815,4.079
002373.SZ,20190814,4.079
002373.SZ,20190813,4.079
002373.SZ,20190812,4.079
002373.SZ,20190809,4.079
002373.SZ,20190808,4.079
002373.SZ,20190807,4.079
002373.SZ,20190806,4.079
002373.SZ,20190805,4.079
002373.SZ,20190802,4.079
002373.SZ,20190801,4.079
002373.SZ,20190731,4.079
002373.SZ,20190730,4.079
002373.SZ,20190729,4.079
002373.SZ,20190726,4.079
002373.SZ,20190725,4.079
002373.SZ,20190724,4.079
002373.SZ,20190723,4.079
002373.SZ,20190722,4.079
002373.SZ,20190719,4.079
002373.SZ,20190718,4.079
002373.SZ,20190717,4.079
002373.SZ,20190716,4.079
002373.SZ,20190715,4.079
002373.SZ,20190712,4.079
002373.SZ,20190711,4.079
002373.SZ,20190710,4.079
002373.SZ,20190709,4.079
002373.SZ,20190708,4.079
002373.SZ,20190705,4.079
002373.SZ,20190704,4.079
002373.SZ,20190703,4.079
002373.SZ,20190702,4.079
002373.SZ,20190701,4.079
002373.SZ,20190628,4.079
002373.SZ,20190627,4.079
002373.SZ,20190626,4.079
002373.SZ,20190625,4.079
002373.SZ,20190624,4.079
002373.SZ,20190621,4.079
002373.SZ,20190620,4.079
002373.SZ,20190619,4.079
002373.SZ,20190618,4.079
002373.SZ,20190617,4.079
002373.SZ,20190614,4.079
002373.SZ,20190613,4.079
002373.SZ,20190612,4.079
002373.SZ,20190611,4.079
002373.SZ,20190610,4.079
002373.SZ,20190606,4.079
002373.SZ,20190605,4.079
002373.SZ,20190604,4.079
002373.SZ,20190603,4.079
002373.SZ,20190531,4.079
002373.SZ,20190530,4.079
002373.SZ,20190529,4.079
002373.SZ,20190528,4.079
002373.SZ,20190527,4.079
002373.SZ,20190524,4.079
002373.SZ,20190523,4.079
002373.SZ,20190522,4.079
002373.SZ,20190521,4.067
002373.SZ,20190520,4.067
002373.SZ,20190517,4.067
002373.SZ,20190516,4.067
002373.SZ,20190515,4.067
002373.SZ,20190514,4.067
002373.SZ,20190513,4.067
002373.SZ,20190510,4.067
002373.SZ,20190509,4.067
002373.SZ,20190508,4.067
002373.SZ,20190507,4.067
002373.SZ,20190506,4.067
002373.SZ,20190430,4.067
002373.SZ,20190429,4.067
002373.SZ,20190426,4.067
002373.SZ,20190425,4.067
002373.SZ,20190424,4.067
002373.SZ,20190423,4.067
002373.SZ,20190422,4.067
002373.SZ,20190419,4.067
002373.SZ,20190418,4.067
002373.SZ,20190417,4.067
002373.SZ,20190416,4.067
002373.SZ,20190415,4.067
002373.SZ,20190412,4.067
002373.SZ,20190411,4.067
002373.SZ,20190410,4.067
002373.SZ,20190409,4.067
002373.SZ,20190408,4.067
002373.SZ,20190404,4.067
002373.SZ,20190403,4.067
002373.SZ,20190402,4.067
002373.SZ,20190401,4.067
002373.SZ,20190329,4.067
002373.SZ,20190328,4.067
002373.SZ,20190327,4.067
002373.SZ,20190326,4.067
002373.SZ,20190325,4.067
002373.SZ,20190322,4.067
002373.SZ,20190321,4.067
002373.SZ,20190320,4.067
002373.SZ,20190319,4.067
002373.SZ,20190318,4.067
002373.SZ,20190315,4.067
002373.SZ,20190314,4.067
002373.SZ,20190313,4.067
002373.SZ,20190312,4.067
002373.SZ,20190311,4.067
002373.SZ,20190308,4.067
002373.SZ,20190307,4.067
002373.SZ,20190306,4.067
002373.SZ,20190305,4.067
002373.SZ,20190304,4.067
002373.SZ,20190301,4.067
002373.SZ,20190228,4.067
002373.SZ,20190227,4.067
002373.SZ,20190226,4.067
002373.SZ,20190225,4.067
002373.SZ,20190222,4.067
002373.SZ,20190221,4.067
002373.SZ,20190220,4.067
002373.SZ,20190219,4.067
002373.SZ,20190218,4.067
002373.SZ,20190215,4.067
002373.SZ,20190214,4.067
002373.SZ,20190213,4.067
002373.SZ,20190212,4.067
002373.SZ,20190211,4.067
002373.SZ,20190201,4.067
002373.SZ,20190131,4.067
002373.SZ,20190130,4.067
002373.SZ,20190129,4.067
002373.SZ,20190128,4.067
002373.SZ,20190125,4.067
002373.SZ,20190124,4.067
002373.SZ,20190123,4.067
002373.SZ,20190122,4.067
002373.SZ,20190121,4.067
002373.SZ,20190118,4.067
002373.SZ,20190117,4.067
002373.SZ,20190116,4.067
002373.SZ,20190115,4.067
002373.SZ,20190114,4.067
002373.SZ,20190111,4.067
002373.SZ,20190110,4.067
002373.SZ,20190109,4.067
002373.SZ,20190108,4.067
002373.SZ,20190107,4.067
002373.SZ,20190104,4.067
002373.SZ,20190103,4.067
002373.SZ,20190102,4.067
002373.SZ,20181228,4.067
002373.SZ,20181227,4.067
002373.SZ,20181226,4.067
002373.SZ,20181225,4.067
002373.SZ,20181224,4.067
002373.SZ,20181221,4.067
002373.SZ,20181220,4.067
002373.SZ,20181219,4.067
002373.SZ,20181218,4.067
002373.SZ,20181217,4.067
002373.SZ,20181214,4.067
002373.SZ,20181213,4.067
002373.SZ,20181212,4.067
002373.SZ,20181211,4.067
002373.SZ,20181210,4.067
002373.SZ,20181207,4.067
002373.SZ,20181206,4.067
002373.SZ,20181205,4.067
002373.SZ,20181204,4.067
002373.SZ,20181203,4.067
002373.SZ,20181130,4.067
002373.SZ,20181129,4.067
002373.SZ,20181128,4.067
002373.SZ,20181127,4.067
002373.SZ,20181126,4.067
002373.SZ,20181123,4.067
002373.SZ,20181122,4.067
002373.SZ,20181121,4.067
002373.SZ,20181120,4.067
002373.SZ,20181119,4.067
002373.SZ,20181116,4.067
002373.SZ,20181115,4.067
002373.SZ,20181114,4.067
002373.SZ,20181113,4.067
002373.SZ,20181112,4.067
002373.SZ,20181109,4.067
002373.SZ,20181108,4.067
002373.SZ,20181107,4.067
002373.SZ,20181106,4.067
002373.SZ,20181105,4.067
002373.SZ,20181102,4.067
002373.SZ,20181101,4.067
002373.SZ,20181031,4.067
002373.SZ,20181030,4.067
002373.SZ,20181029,4.067
002373.SZ,20181026,4.067
002373.SZ,20181025,4.067
002373.SZ,20181024,4.067
002373.SZ,20181023,4.067
002373.SZ,20181022,4.067
002373.SZ,20181019,4.067
002373.SZ,20181018,4.067
002373.SZ,20181017,4.067
002373.SZ,20181016,4.067
002373.SZ,20181015,4.067
002373.SZ,20181012,4.067
002373.SZ,20181011,4.067
002373.SZ,20181010,4.067
002373.SZ,20181009,4.067
002373.SZ,20181008,4.067
002373.SZ,20180928,4.067
002373.SZ,20180927,4.067
002373.SZ,20180926,4.067
002373.SZ,20180925,4.067
002373.SZ,20180921,4.067
002373.SZ,20180920,4.067
002373.SZ,20180919,4.067
002373.SZ,20180918,4.067
002373.SZ,20180917,4.067
002373.SZ,20180914,4.067
002373.SZ,20180913,4.067
002373.SZ,20180912,4.067
002373.SZ,20180911,4.067
002373.SZ,20180910,4.067
002373.SZ,20180907,4.067
002373.SZ,20180906,4.067
002373.SZ,20180905,4.067
002373.SZ,20180904,4.067
002373.SZ,20180903,4.067
002373.SZ,20180831,4.067
002373.SZ,20180830,4.067
002373.SZ,20180829,4.067
002373.SZ,20180828,4.067
002373.SZ,20180827,4.0674
002373.SZ,20180824,4.0674
002373.SZ,20180823,4.0674
002373.SZ,20180822,4.0674
002373.SZ,20180821,4.0674
002373.SZ,20180820,4.0674
002373.SZ,20180817,4.0674
002373.SZ,20180816,4.0674
002373.SZ,20180815,4.067
002373.SZ,20180814,4.067
002373.SZ,20180813,4.067
002373.SZ,20180810,4.067
002373.SZ,20180809,4.067
002373.SZ,20180808,4.067
002373.SZ,20180807,4.067
002373.SZ,20180806,4.067
002373.SZ,20180803,4.067
002373.SZ,20180802,4.067
002373.SZ,20180801,4.067
002373.SZ,20180731,4.067
002373.SZ,20180730,4.067
002373.SZ,20180727,4.067
002373.SZ,20180726,4.067
002373.SZ,20180725,4.067
002373.SZ,20180724,4.067
002373.SZ,20180723,4.067
002373.SZ,20180720,4.067
002373.SZ,20180719,4.067
002373.SZ,20180718,4.067
002373.SZ,20180717,4.067
002373.SZ,20180716,4.067
002373.SZ,20180713,4.067
002373.SZ,20180712,4.067
002373.SZ,20180711,4.067
002373.SZ,20180710,4.067
002373.SZ,20180709,4.067
002373.SZ,20180706,4.067
002373.SZ,20180705,4.067
002373.SZ,20180704,4.067
002373.SZ,20180703,4.067
002373.SZ,20180702,4.067
002373.SZ,20180629,4.067
002373.SZ,20180628,4.067
002373.SZ,20180627,4.067
002373.SZ,20180626,4.067
002373.SZ,20180625,4.067
002373.SZ,20180622,4.067
002373.SZ,20180621,4.067
002373.SZ,20180620,4.067
002373.SZ,20180619,4.067
002373.SZ,20180615,4.067
002373.SZ,20180614,4.067
002373.SZ,20180613,4.067
002373.SZ,20180612,4.067
002373.SZ,20180611,4.067
002373.SZ,20180608,4.067
002373.SZ,20180607,4.067
002373.SZ,20180606,4.056
002373.SZ,20180605,4.056
002373.SZ,20180604,4.056
002373.SZ,20180601,4.056
002373.SZ,20180531,4.056
002373.SZ,20180530,4.056
002373.SZ,20180529,4.056
002373.SZ,20180528,4.056
002373.SZ,20180525,4.056
002373.SZ,20180524,4.056
002373.SZ,20180523,4.056
002373.SZ,20180522,4.056
002373.SZ,20180521,4.056
002373.SZ,20180518,4.056
002373.SZ,20180517,4.056
002373.SZ,20180516,4.056
002373.SZ,20180515,4.056
002373.SZ,20180514,4.056
002373.SZ,20180511,4.056
002373.SZ,20180510,4.056
002373.SZ,20180509,4.056
002373.SZ,20180508,4.056
002373.SZ,20180507,4.056
002373.SZ,20180504,4.056
002373.SZ,20180503,4.056
002373.SZ,20180502,4.056
002373.SZ,20180427,4.056
002373.SZ,20180426,4.056
002373.SZ,20180425,4.056
002373.SZ,20180424,4.056
002373.SZ,20180423,4.056
002373.SZ,20180420,4.056
002373.SZ,20180419,4.056
002373.SZ,20180418,4.056
002373.SZ,20180417,4.056
002373.SZ,20180416,4.056
002373.SZ,20180413,4.056
002373.SZ,20180412,4.056
002373.SZ,20180411,4.056
002373.SZ,20180410,4.056
002373.SZ,20180409,4.056
002373.SZ,20180404,4.056
002373.SZ,20180403,4.056
002373.SZ,20180402,4.056
002373.SZ,20180330,4.056
002373.SZ,20180329,4.056
002373.SZ,20180328,4.056
002373.SZ,20180327,4.056
002373.SZ,20180326,4.056
002373.SZ,20180323,4.056
002373.SZ,20180322,4.056
002373.SZ,20180321,4.056
002373.SZ,20180320,4.056
002373.SZ,20180319,4.056
002373.SZ,20180316,4.056
002373.SZ,20180315,4.056
002373.SZ,20180314,4.056
002373.SZ,20180313,4.056
002373.SZ,20180312,4.056
002373.SZ,20180309,4.056
002373.SZ,20180308,4.056
002373.SZ,20180307,4.056
002373.SZ,20180306,4.056
002373.SZ,20180305,4.056
002373.SZ,20180302,4.056
002373.SZ,20180301,4.056
002373.SZ,20180228,4.056
002373.SZ,20180227,4.056
002373.SZ,20180226,4.056
002373.SZ,20180223,4.056
002373.SZ,20180222,4.056
002373.SZ,20180214,4.056
002373.SZ,20180213,4.056
002373.SZ,20180212,4.056
002373.SZ,20180209,4.056
002373.SZ,20180208,4.056
002373.SZ,20180207,4.056
002373.SZ,20180206,4.056
002373.SZ,20180205,4.056
002373.SZ,20180202,4.056
002373.SZ,20180201,4.056
002373.SZ,20180131,4.056
002373.SZ,20180130,4.056
002373.SZ,20180129,4.056
002373.SZ,20180126,4.056
002373.SZ,20180125,4.056
002373.SZ,20180124,4.056
002373.SZ,20180123,4.056
002373.SZ,20180122,4.056
002373.SZ,20180119,4.056
002373.SZ,20180118,4.056
002373.SZ,20180117,4.056
002373.SZ,20180116,4.056
002373.SZ,20180115,4.056
002373.SZ,20180112,4.056
002373.SZ,20180111,4.056
002373.SZ,20180110,4.056
002373.SZ,20180109,4.056
002373.SZ,20180108,4.056
002373.SZ,20180105,4.056
002373.SZ,20180104,4.056
002373.SZ,20180103,4.056
002373.SZ,20180102,4.056
002373.SZ,20171229,4.056
002373.SZ,20171228,4.056
002373.SZ,20171227,4.056
002373.SZ,20171226,4.056
002373.SZ,20171225,4.056
002373.SZ,20171222,4.056
002373.SZ,20171221,4.056
002373.SZ,20171220,4.056
002373.SZ,20171219,4.056
002373.SZ,20171218,4.056
002373.SZ,20171215,4.056
002373.SZ,20171214,4.056
002373.SZ,20171213,4.056
002373.SZ,20171212,4.056
002373.SZ,20171211,4.056
002373.SZ,20171208,4.056
002373.SZ,20171207,4.056
002373.SZ,20171206,4.056
002373.SZ,20171205,4.056
002373.SZ,20171204,4.056
002373.SZ,20171201,4.056
002373.SZ,20171130,4.056
002373.SZ,20171129,4.056
002373.SZ,20171128,4.056
002373.SZ,20171127,4.056
002373.SZ,20171124,4.056
002373.SZ,20171123,4.056
002373.SZ,20171122,4.056
002373.SZ,20171121,4.056
002373.SZ,20171120,4.056
002373.SZ,20171117,4.056
002373.SZ,20171116,4.056
002373.SZ,20171115,4.056
002373.SZ,20171114,4.056
002373.SZ,20171113,4.056
002373.SZ,20171110,4.056
002373.SZ,20171109,4.056
002373.SZ,20171108,4.056
002373.SZ,20171107,4.056
002373.SZ,20171106,4.056
002373.SZ,20171103,4.056
002373.SZ,20171102,4.056
002373.SZ,20171101,4.056
002373.SZ,20171031,4.056
002373.SZ,20171030,4.056
002373.SZ,20171027,4.056
002373.SZ,20171026,4.056
002373.SZ,20171025,4.056
002373.SZ,20171024,4.056
002373.SZ,20171023,4.056
002373.SZ,20171020,4.056
002373.SZ,20171019,4.056
002373.SZ,20171018,4.056
002373.SZ,20171017,4.056
002373.SZ,20171016,4.056
002373.SZ,20171013,4.056
002373.SZ,20171012,4.056
002373.SZ,20171011,4.056
002373.SZ,20171010,4.056
002373.SZ,20171009,4.056
002373.SZ,20170929,4.056
002373.SZ,20170928,4.056
002373.SZ,20170927,4.056
002373.SZ,20170926,4.056
002373.SZ,20170925,4.056
002373.SZ,20170922,4.056
002373.SZ,20170921,4.056
002373.SZ,20170920,4.056
002373.SZ,20170919,4.056
002373.SZ,20170918,4.056
002373.SZ,20170915,4.056
002373.SZ,20170914,4.056
002373.SZ,20170913,4.056
002373.SZ,20170912,4.056
002373.SZ,20170911,4.056
002373.SZ,20170908,4.056
002373.SZ,20170907,4.056
002373.SZ,20170906,4.056
002373.SZ,20170905,4.056
002373.SZ,20170904,4.056
002373.SZ,20170901,4.056
002373.SZ,20170831,4.056
002373.SZ,20170830,4.056
002373.SZ,20170829,4.056
002373.SZ,20170828,4.056
002373.SZ,20170825,4.056
002373.SZ,20170824,4.056
002373.SZ,20170823,4.056
002373.SZ,20170822,4.056
002373.SZ,20170821,4.056
002373.SZ,20170818,4.056
002373.SZ,20170817,4.056
002373.SZ,20170816,4.056
002373.SZ,20170815,4.056
002373.SZ,20170814,4.056
002373.SZ,20170811,4.056
002373.SZ,20170810,4.056
002373.SZ,20170809,4.056
002373.SZ,20170808,4.056
002373.SZ,20170807,4.056
002373.SZ,20170804,4.056
002373.SZ,20170803,4.056
002373.SZ,20170802,4.056
002373.SZ,20170801,4.056
002373.SZ,20170731,4.056
002373.SZ,20170728,4.056
002373.SZ,20170727,4.056
002373.SZ,20170726,4.056
002373.SZ,20170725,4.056
002373.SZ,20170724,4.056
002373.SZ,20170721,4.056
002373.SZ,20170720,4.056
002373.SZ,20170719,4.056
002373.SZ,20170718,4.056
002373.SZ,20170717,4.056
002373.SZ,20170714,4.056
002373.SZ,20170713,4.056
002373.SZ,20170712,4.056
002373.SZ,20170711,4.056
002373.SZ,20170710,4.041
002373.SZ,20170707,4.041
002373.SZ,20170706,4.041
002373.SZ,20170705,4.041
002373.SZ,20170704,4.041
002373.SZ,20170703,4.041
002373.SZ,20170630,4.041
002373.SZ,20170629,4.041
002373.SZ,20170628,4.041
002373.SZ,20170627,4.041
002373.SZ,20170626,4.041
002373.SZ,20170623,4.041
002373.SZ,20170622,4.041
002373.SZ,20170621,4.041
002373.SZ,20170620,4.041
002373.SZ,20170619,4.041
002373.SZ,20170616,4.041
002373.SZ,20170615,4.041
002373.SZ,20170614,4.041
002373.SZ,20170613,4.041
002373.SZ,20170612,4.041
002373.SZ,20170609,4.041
002373.SZ,20170608,4.041
002373.SZ,20170607,4.041
002373.SZ,20170606,4.041
002373.SZ,20170605,4.041
002373.SZ,20170602,4.041
002373.SZ,20170601,4.041
002373.SZ,20170531,4.041
002373.SZ,20170526,4.041
002373.SZ,20170525,4.041
002373.SZ,20170524,4.041
002373.SZ,20170523,4.041
002373.SZ,20170522,4.041
002373.SZ,20170519,4.041
002373.SZ,20170518,4.041
002373.SZ,20170517,4.041
002373.SZ,20170516,4.041
002373.SZ,20170515,4.041
002373.SZ,20170512,4.041
002373.SZ,20170511,4.041
002373.SZ,20170510,4.041
002373.SZ,20170509,4.041
002373.SZ,20170508,4.041
002373.SZ,20170505,4.041
002373.SZ,20170504,4.041
002373.SZ,20170503,4.041
002373.SZ,20170502,4.041
002373.SZ,20170428,4.041
002373.SZ,20170427,4.041
002373.SZ,20170426,4.041
002373.SZ,20170425,4.041
002373.SZ,20170424,4.041
002373.SZ,20170421,4.041
002373.SZ,20170420,4.041
002373.SZ,20170419,4.041
002373.SZ,20170418,4.041
002373.SZ,20170417,4.041
002373.SZ,20170414,4.041
002373.SZ,20170413,4.041
002373.SZ,20170412,4.041
002373.SZ,20170411,4.041
002373.SZ,20170410,4.041
002373.SZ,20170407,4.041
002373.SZ,20170406,4.041
002373.SZ,20170405,4.041
002373.SZ,20170331,4.041
002373.SZ,20170330,4.041
002373.SZ,20170329,4.041
002373.SZ,20170328,4.041
002373.SZ,20170327,4.041
002373.SZ,20170324,4.041
002373.SZ,20170323,4.041
002373.SZ,20170322,4.041
002373.SZ,20170321,4.041
002373.SZ,20170320,4.041
002373.SZ,20170317,4.041
002373.SZ,20170316,4.041
002373.SZ,20170315,4.041
002373.SZ,20170314,4.041
002373.SZ,20170313,4.041
002373.SZ,20170310,4.041
002373.SZ,20170309,4.041
002373.SZ,20170308,4.041
002373.SZ,20170307,4.041
002373.SZ,20170306,4.041
002373.SZ,20170303,4.041
002373.SZ,20170302,4.041
002373.SZ,20170301,4.041
002373.SZ,20170228,4.041
002373.SZ,20170227,4.041
002373.SZ,20170224,4.041
002373.SZ,20170223,4.041
002373.SZ,20170222,4.041
002373.SZ,20170221,4.041
002373.SZ,20170220,4.041
002373.SZ,20170217,4.041
002373.SZ,20170216,4.041
002373.SZ,20170215,4.041
002373.SZ,20170214,4.041
002373.SZ,20170213,4.041
002373.SZ,20170210,4.041
002373.SZ,20170209,4.041
002373.SZ,20170208,4.041
002373.SZ,20170207,4.041
002373.SZ,20170206,4.041
002373.SZ,20170203,4.041
002373.SZ,20170126,4.041
002373.SZ,20170125,4.041
002373.SZ,20170124,4.041
002373.SZ,20170123,4.041
002373.SZ,20170120,4.041
002373.SZ,20170119,4.041
002373.SZ,20170118,4.041
002373.SZ,20170117,4.041
002373.SZ,20170116,4.041
002373.SZ,20170113,4.041
002373.SZ,20170112,4.041
002373.SZ,20170111,4.041
002373.SZ,20170110,4.041
002373.SZ,20170109,4.041
002373.SZ,20170106,4.041
002373.SZ,20170105,4.041
002373.SZ,20170104,4.041
002373.SZ,20170103,4.041
002373.SZ,20161230,4.041
002373.SZ,20161229,4.041
002373.SZ,20161228,4.041
002373.SZ,20161227,4.041
002373.SZ,20161226,4.041
002373.SZ,20161223,4.041
002373.SZ,20161222,4.041
002373.SZ,20161221,4.041
002373.SZ,20161220,4.041
002373.SZ,20161219,4.041
002373.SZ,20161216,4.041
002373.SZ,20161215,4.041
002373.SZ,20161214,4.041
002373.SZ,20161213,4.041
002373.SZ,20161212,4.041
002373.SZ,20161209,4.041
002373.SZ,20161208,4.041
002373.SZ,20161207,4.041
002373.SZ,20161206,4.041
002373.SZ,20161205,4.041
002373.SZ,20161202,4.041
002373.SZ,20161201,4.041
002373.SZ,20161130,4.041
002373.SZ,20161129,4.041
002373.SZ,20161128,4.041
002373.SZ,20161125,4.041
002373.SZ,20161124,4.041
002373.SZ,20161123,4.041
002373.SZ,20161122,4.041
002373.SZ,20161121,4.041
002373.SZ,20161118,4.041
002373.SZ,20161117,4.041
002373.SZ,20161116,4.041
002373.SZ,20161115,4.041
002373.SZ,20161114,4.041
002373.SZ,20161111,4.041
002373.SZ,20161110,4.041
002373.SZ,20161109,4.041
002373.SZ,20161108,4.041
002373.SZ,20161107,4.041
002373.SZ,20161104,4.041
002373.SZ,20161103,4.041
002373.SZ,20161102,4.041
002373.SZ,20161101,4.041
002373.SZ,20161031,4.041
002373.SZ,20161028,4.041
002373.SZ,20161027,4.041
002373.SZ,20161026,4.041
002373.SZ,20161025,4.041
002373.SZ,20161024,4.041
002373.SZ,20161021,4.041
002373.SZ,20161020,4.041
002373.SZ,20161019,4.041
002373.SZ,20161018,4.041
002373.SZ,20161017,4.041
002373.SZ,20161014,4.041
002373.SZ,20161013,4.041
002373.SZ,20161012,4.041
002373.SZ,20161011,4.041
002373.SZ,20161010,4.041
002373.SZ,20160930,4.041
002373.SZ,20160929,4.041
002373.SZ,20160928,4.041
002373.SZ,20160927,4.041
002373.SZ,20160926,4.041
002373.SZ,20160923,4.041
002373.SZ,20160922,4.041
002373.SZ,20160921,4.041
002373.SZ,20160920,4.041
002373.SZ,20160919,4.041
002373.SZ,20160914,4.041
002373.SZ,20160913,4.041
002373.SZ,20160912,4.041
002373.SZ,20160909,4.041
002373.SZ,20160908,4.041
002373.SZ,20160907,4.041
002373.SZ,20160906,4.041
002373.SZ,20160905,4.041
002373.SZ,20160902,4.041
002373.SZ,20160901,4.041
002373.SZ,20160831,4.041
002373.SZ,20160830,4.041
002373.SZ,20160829,4.041
002373.SZ,20160826,4.041
002373.SZ,20160825,4.041
002373.SZ,20160824,4.041
002373.SZ,20160823,4.041
002373.SZ,20160822,4.041
002373.SZ,20160819,4.041
002373.SZ,20160818,4.041
002373.SZ,20160817,4.041
002373.SZ,20160816,4.041
002373.SZ,20160815,4.041
002373.SZ,20160812,4.041
002373.SZ,20160811,4.041
002373.SZ,20160810,4.041
002373.SZ,20160809,4.041
002373.SZ,20160808,4.041
002373.SZ,20160805,4.041
002373.SZ,20160804,4.041
002373.SZ,20160803,4.041
002373.SZ,20160802,4.041
002373.SZ,20160801,4.041
002373.SZ,20160729,4.041
002373.SZ,20160728,4.041
002373.SZ,20160727,4.041
002373.SZ,20160726,4.041
002373.SZ,20160725,4.041
002373.SZ,20160722,4.041
002373.SZ,20160721,4.041
002373.SZ,20160720,4.041
002373.SZ,20160719,4.041
002373.SZ,20160718,4.041
002373.SZ,20160715,4.041
002373.SZ,20160714,4.041
002373.SZ,20160713,4.041
002373.SZ,20160712,4.041
002373.SZ,20160711,4.041
002373.SZ,20160708,4.041
002373.SZ,20160707,4.041
002373.SZ,20160706,4.041
002373.SZ,20160705,4.041
002373.SZ,20160704,4.041
002373.SZ,20160701,4.041
002373.SZ,20160630,4.041
002373.SZ,20160629,4.041
002373.SZ,20160628,4.041
002373.SZ,20160627,4.041
002373.SZ,20160624,4.041
002373.SZ,20160623,4.041
002373.SZ,20160622,4.041
002373.SZ,20160621,4.041
002373.SZ,20160620,4.041
002373.SZ,20160617,4.041
002373.SZ,20160616,4.041
002373.SZ,20160615,4.041
002373.SZ,20160614,4.041
002373.SZ,20160613,4.041
002373.SZ,20160608,4.041
002373.SZ,20160607,4.041
002373.SZ,20160606,4.041
002373.SZ,20160603,4.041
002373.SZ,20160602,4.041
002373.SZ,20160601,4.041
002373.SZ,20160531,4.041
002373.SZ,20160530,4.041
002373.SZ,20160527,4.041
002373.SZ,20160526,4.041
002373.SZ,20160525,4.041
002373.SZ,20160524,4.041
002373.SZ,20160523,4.041
002373.SZ,20160520,4.041
002373.SZ,20160519,4.041
002373.SZ,20160518,4.041
002373.SZ,20160517,4.041
002373.SZ,20160516,4.041
002373.SZ,20160513,4.041
002373.SZ,20160512,4.041
002373.SZ,20160511,4.041
002373.SZ,20160510,4.041
002373.SZ,20160509,2.015
002373.SZ,20160506,2.015
002373.SZ,20160505,2.015
002373.SZ,20160504,2.015
002373.SZ,20160503,2.015
002373.SZ,20160429,2.015
002373.SZ,20160428,2.015
002373.SZ,20160427,2.015
002373.SZ,20160426,2.015
002373.SZ,20160425,2.015
002373.SZ,20160422,2.015
002373.SZ,20160421,2.015
002373.SZ,20160420,2.015
002373.SZ,20160419,2.015
002373.SZ,20160418,2.015
002373.SZ,20160415,2.015
002373.SZ,20160414,2.015
002373.SZ,20160413,2.015
002373.SZ,20160412,2.015
002373.SZ,20160411,2.015
002373.SZ,20160408,2.015
002373.SZ,20160407,2.015
002373.SZ,20160406,2.015
002373.SZ,20160405,2.015
002373.SZ,20160401,2.015
002373.SZ,20160331,2.015
002373.SZ,20160330,2.015
002373.SZ,20160329,2.015
002373.SZ,20160328,2.015
002373.SZ,20160325,2.015
002373.SZ,20160324,2.015
002373.SZ,20160323,2.015
002373.SZ,20160322,2.015
002373.SZ,20160321,2.015
002373.SZ,20160318,2.015
002373.SZ,20160317,2.015
002373.SZ,20160316,2.015
002373.SZ,20160315,2.015
002373.SZ,20160314,2.015
002373.SZ,20160311,2.015
002373.SZ,20160310,2.015
002373.SZ,20160309,2.015
002373.SZ,20160308,2.015
002373.SZ,20160307,2.015
002373.SZ,20160304,2.015
002373.SZ,20160303,2.015
002373.SZ,20160302,2.015
002373.SZ,20160301,2.015
002373.SZ,20160229,2.015
002373.SZ,20160226,2.015
002373.SZ,20160225,2.015
002373.SZ,20160224,2.015
002373.SZ,20160223,2.015
002373.SZ,20160222,2.015
002373.SZ,20160219,2.015
002373.SZ,20160218,2.015
002373.SZ,20160217,2.015
002373.SZ,20160216,2.015
002373.SZ,20160215,2.015
002373.SZ,20160205,2.015
002373.SZ,20160204,2.015
002373.SZ,20160203,2.015
002373.SZ,20160202,2.015
002373.SZ,20160201,2.015
002373.SZ,20160129,2.015
002373.SZ,20160128,2.015
002373.SZ,20160127,2.015
002373.SZ,20160126,2.015
002373.SZ,20160125,2.015
002373.SZ,20160122,2.015
002373.SZ,20160121,2.015
002373.SZ,20160120,2.015
002373.SZ,20160119,2.015
002373.SZ,20160118,2.015
002373.SZ,20160115,2.015
002373.SZ,20160114,2.015
002373.SZ,20160113,2.015
002373.SZ,20160112,2.015
002373.SZ,20160111,2.015
002373.SZ,20160108,2.015
002373.SZ,20160107,2.015
002373.SZ,20160106,2.015
002373.SZ,20160105,2.015
002373.SZ,20160104,2.015
002373.SZ,20151231,2.015
002373.SZ,20151230,2.015
002373.SZ,20151229,2.015
002373.SZ,20151228,2.015
002373.SZ,20151225,2.015
002373.SZ,20151224,2.015
002373.SZ,20151223,2.015
002373.SZ,20151222,2.015
002373.SZ,20151221,2.015
002373.SZ,20151218,2.015
002373.SZ,20151217,2.015
002373.SZ,20151216,2.015
002373.SZ,20151215,2.015
002373.SZ,20151214,2.015
002373.SZ,20151211,2.015
002373.SZ,20151210,2.015
002373.SZ,20151209,2.015
002373.SZ,20151208,2.015
002373.SZ,20151207,2.015
002373.SZ,20151204,2.015
002373.SZ,20151203,2.015
002373.SZ,20151202,2.015
002373.SZ,20151201,2.015
002373.SZ,20151130,2.015
002373.SZ,20151127,2.015
002373.SZ,20151126,2.015
002373.SZ,20151125,2.015
002373.SZ,20151124,2.015
002373.SZ,20151123,2.015
002373.SZ,20151120,2.015
002373.SZ,20151119,2.015
002373.SZ,20151118,2.015
002373.SZ,20151117,2.015
002373.SZ,20151116,2.015
002373.SZ,20151113,2.015
002373.SZ,20151112,2.015
002373.SZ,20151111,2.015
002373.SZ,20151110,2.015
002373.SZ,20151109,2.015
002373.SZ,20151106,2.015
002373.SZ,20151105,2.015
002373.SZ,20151104,2.015
002373.SZ,20151103,2.015
002373.SZ,20151102,2.015
002373.SZ,20151030,2.015
002373.SZ,20151029,2.015
002373.SZ,20151028,2.015
002373.SZ,20151027,2.015
002373.SZ,20151026,2.015
002373.SZ,20151023,2.015
002373.SZ,20151022,2.015
002373.SZ,20151021,2.015
002373.SZ,20151020,2.015
002373.SZ,20151019,2.015
002373.SZ,20151016,2.015
002373.SZ,20151015,2.015
002373.SZ,20151014,2.015
002373.SZ,20151013,2.015
002373.SZ,20151012,2.015
002373.SZ,20151009,2.015
002373.SZ,20151008,2.015
002373.SZ,20150930,2.015
002373.SZ,20150929,2.015
002373.SZ,20150928,2.015
002373.SZ,20150925,2.015
002373.SZ,20150924,2.015
002373.SZ,20150923,2.015
002373.SZ,20150922,2.015
002373.SZ,20150921,2.015
002373.SZ,20150918,2.015
002373.SZ,20150917,2.015
002373.SZ,20150916,2.015
002373.SZ,20150915,2.015
002373.SZ,20150914,2.015
002373.SZ,20150911,2.015
002373.SZ,20150910,2.015
002373.SZ,20150909,2.015
002373.SZ,20150908,2.015
002373.SZ,20150907,2.015
002373.SZ,20150902,2.015
002373.SZ,20150901,2.015
002373.SZ,20150831,2.015
002373.SZ,20150828,2.015
002373.SZ,20150827,2.015
002373.SZ,20150826,2.015
002373.SZ,20150825,2.015
002373.SZ,20150824,2.015
002373.SZ,20150821,2.015
002373.SZ,20150820,2.015
002373.SZ,20150819,2.015
002373.SZ,20150818,2.015
002373.SZ,20150817,2.015
002373.SZ,20150814,2.015
002373.SZ,20150813,2.015
002373.SZ,20150812,2.015
002373.SZ,20150811,2.015
002373.SZ,20150810,2.015
002373.SZ,20150807,2.015
002373.SZ,20150806,2.015
002373.SZ,20150805,2.015
002373.SZ,20150804,2.015
002373.SZ,20150803,2.015
002373.SZ,20150731,2.015
002373.SZ,20150730,2.015
002373.SZ,20150729,2.015
002373.SZ,20150728,2.015
002373.SZ,20150727,2.015
002373.SZ,20150724,2.015
002373.SZ,20150723,2.015
002373.SZ,20150722,2.015
002373.SZ,20150721,2.015
002373.SZ,20150720,2.015
002373.SZ,20150717,2.015
002373.SZ,20150716,2.015
002373.SZ,20150715,2.008
002373.SZ,20150714,2.008
002373.SZ,20150713,2.008
002373.SZ,20150710,2.008
002373.SZ,20150709,2.008
002373.SZ,20150708,2.008
002373.SZ,20150707,2.008
002373.SZ,20150706,2.008
002373.SZ,20150703,2.008
002373.SZ,20150702,2.008
002373.SZ,20150701,2.008
002373.SZ,20150630,2.008
002373.SZ,20150629,2.008
002373.SZ,20150626,2.008
002373.SZ,20150625,2.008
002373.SZ,20150624,2.008
002373.SZ,20150623,2.008
002373.SZ,20150619,2.008
002373.SZ,20150618,2.008
002373.SZ,20150617,2.008
002373.SZ,20150616,2.008
002373.SZ,20150615,2.008
002373.SZ,20150612,2.008
002373.SZ,20150611,2.008
002373.SZ,20150610,2.008
002373.SZ,20150609,2.008
002373.SZ,20150608,2.008
002373.SZ,20150605,2.008
002373.SZ,20150604,2.008
002373.SZ,20150603,2.008
002373.SZ,20150602,2.008
002373.SZ,20150601,2.008
002373.SZ,20150529,2.008
002373.SZ,20150528,2.008
002373.SZ,20150527,2.008
002373.SZ,20150526,2.008
002373.SZ,20150525,2.008
002373.SZ,20150522,2.008
002373.SZ,20150521,2.008
002373.SZ,20150520,2.008
002373.SZ,20150519,2.008
002373.SZ,20150518,2.008
002373.SZ,20150515,2.008
002373.SZ,20150514,2.008
002373.SZ,20150513,2.008
002373.SZ,20150512,2.008
002373.SZ,20150511,2.008
002373.SZ,20150508,2.008
002373.SZ,20150507,2.008
002373.SZ,20150506,2.008
002373.SZ,20150505,2.008
002373.SZ,20150504,2.008
002373.SZ,20150430,2.008
002373.SZ,20150429,2.008
002373.SZ,20150428,2.008
002373.SZ,20150427,2.008
002373.SZ,20150424,2.008
002373.SZ,20150423,2.008
002373.SZ,20150422,2.008
002373.SZ,20150421,2.008
002373.SZ,20150420,2.008
002373.SZ,20150417,2.008
002373.SZ,20150416,2.008
002373.SZ,20150415,2.008
002373.SZ,20150414,2.008
002373.SZ,20150413,2.008
002373.SZ,20150410,2.008
002373.SZ,20150409,2.008
002373.SZ,20150408,2.008
002373.SZ,20150407,2.008
002373.SZ,20150403,2.008
002373.SZ,20150402,2.008
002373.SZ,20150401,2.008
002373.SZ,20150331,2.008
002373.SZ,20150330,2.008
002373.SZ,20150327,2.008
002373.SZ,20150326,2.008
002373.SZ,20150325,2.008
002373.SZ,20150324,2.008
002373.SZ,20150323,2.008
002373.SZ,20150320,2.008
002373.SZ,20150319,2.008
002373.SZ,20150318,2.008
002373.SZ,20150317,2.008
002373.SZ,20150316,2.008
002373.SZ,20150313,2.008
002373.SZ,20150312,2.008
002373.SZ,20150311,2.008
002373.SZ,20150310,2.008
002373.SZ,20150309,2.008
002373.SZ,20150306,2.008
002373.SZ,20150305,2.008
002373.SZ,20150304,2.008
002373.SZ,20150303,2.008
002373.SZ,20150302,2.008
002373.SZ,20150227,2.008
002373.SZ,20150226,2.008
002373.SZ,20150225,2.008
002373.SZ,20150217,2.008
002373.SZ,20150216,2.008
002373.SZ,20150213,2.008
002373.SZ,20150212,2.008
002373.SZ,20150211,2.008
002373.SZ,20150210,2.008
002373.SZ,20150209,2.008
002373.SZ,20150206,2.008
002373.SZ,20150205,2.008
002373.SZ,20150204,2.008
002373.SZ,20150203,2.008
002373.SZ,20150202,2.008
002373.SZ,20150130,2.008
002373.SZ,20150129,2.008
002373.SZ,20150128,2.008
002373.SZ,20150127,2.008
002373.SZ,20150126,2.008
002373.SZ,20150123,2.008
002373.SZ,20150122,2.008
002373.SZ,20150121,2.008
002373.SZ,20150120,2.008
002373.SZ,20150119,2.008
002373.SZ,20150116,2.008
002373.SZ,20150115,2.008
002373.SZ,20150114,2.008
002373.SZ,20150113,2.008
002373.SZ,20150112,2.008
002373.SZ,20150109,2.008
002373.SZ,20150108,2.008
002373.SZ,20150107,2.008
002373.SZ,20150106,2.008
002373.SZ,20150105,2.008
002373.SZ,20141231,2.008
002373.SZ,20141230,2.008
002373.SZ,20141229,2.008
002373.SZ,20141226,2.008
002373.SZ,20141225,2.008
002373.SZ,20141224,2.008
002373.SZ,20141223,2.008
002373.SZ,20141222,2.008
002373.SZ,20141219,2.008
002373.SZ,20141218,2.008
002373.SZ,20141217,2.008
002373.SZ,20141216,2.008
002373.SZ,20141215,2.008
002373.SZ,20141212,2.008
002373.SZ,20141211,2.008
002373.SZ,20141210,2.008
002373.SZ,20141209,2.008
002373.SZ,20141208,2.008
002373.SZ,20141205,2.008
002373.SZ,20141204,2.008
002373.SZ,20141203,2.008
002373.SZ,20141202,2.008
002373.SZ,20141201,2.008
002373.SZ,20141128,2.008
002373.SZ,20141127,2.008
002373.SZ,20141126,2.008
002373.SZ,20141125,2.008
002373.SZ,20141124,2.008
002373.SZ,20141121,2.008
002373.SZ,20141120,2.008
002373.SZ,20141119,2.008
002373.SZ,20141118,2.008
002373.SZ,20141117,2.008
002373.SZ,20141114,2.008
002373.SZ,20141113,2.008
002373.SZ,20141112,2.008
002373.SZ,20141111,2.008
002373.SZ,20141110,2.008
002373.SZ,20141107,2.008
002373.SZ,20141106,2.008
002373.SZ,20141105,2.008
002373.SZ,20141104,2.008
002373.SZ,20141103,2.008
002373.SZ,20141031,2.008
002373.SZ,20141030,2.008
002373.SZ,20141029,2.008
002373.SZ,20141028,2.008
002373.SZ,20141027,2.008
002373.SZ,20141024,2.008
002373.SZ,20141023,2.008
002373.SZ,20141022,2.008
002373.SZ,20141021,2.008
002373.SZ,20141020,2.008
002373.SZ,20141017,2.008
002373.SZ,20141016,2.008
002373.SZ,20141015,2.008
002373.SZ,20141014,2.008
002373.SZ,20141013,2.008
002373.SZ,20141010,2.008
002373.SZ,20141009,2.008
002373.SZ,20141008,2.008
002373.SZ,20140930,2.008
002373.SZ,20140929,2.008
002373.SZ,20140926,2.008
002373.SZ,20140925,2.008
002373.SZ,20140924,2.008
002373.SZ,20140923,2.008
002373.SZ,20140922,2.008
002373.SZ,20140919,2.008
002373.SZ,20140918,2.008
002373.SZ,20140917,2.008
002373.SZ,20140916,2.008
002373.SZ,20140915,2.008
002373.SZ,20140912,2.008
002373.SZ,20140911,2.008
002373.SZ,20140910,2.008
002373.SZ,20140909,2.008
002373.SZ,20140905,2.008
002373.SZ,20140904,2.008
002373.SZ,20140903,2.008
002373.SZ,20140902,2.008
002373.SZ,20140901,2.008
002373.SZ,20140829,2.008
002373.SZ,20140828,2.008
002373.SZ,20140827,2.008
002373.SZ,20140826,2.008
002373.SZ,20140825,2.008
002373.SZ,20140822,2.008
002373.SZ,20140821,2.008
002373.SZ,20140820,2.008
002373.SZ,20140819,2.008
002373.SZ,20140818,2.008
002373.SZ,20140815,2.008
002373.SZ,20140814,2.008
002373.SZ,20140813,2.008
002373.SZ,20140812,2.008
002373.SZ,20140811,2.008
002373.SZ,20140808,2.008
002373.SZ,20140807,2.008
002373.SZ,20140806,2.008
002373.SZ,20140805,2.008
002373.SZ,20140804,2.008
002373.SZ,20140801,2.008
002373.SZ,20140731,2.008
002373.SZ,20140730,2.008
002373.SZ,20140729,2.008
002373.SZ,20140728,2.008
002373.SZ,20140725,2.008
002373.SZ,20140724,2.008
002373.SZ,20140723,2.008
002373.SZ,20140722,2.008
002373.SZ,20140721,2.008
002373.SZ,20140718,2.008
002373.SZ,20140717,2.008
002373.SZ,20140716,2.008
002373.SZ,20140715,2.008
002373.SZ,20140714,2.008
002373.SZ,20140711,2.008
002373.SZ,20140710,2.008
002373.SZ,20140709,2.008
002373.SZ,20140708,2.008
002373.SZ,20140707,2.008
002373.SZ,20140704,2.008
002373.SZ,20140703,2.008
002373.SZ,20140702,2.008
002373.SZ,20140701,2.008
002373.SZ,20140630,2.008
002373.SZ,20140627,2.008
002373.SZ,20140626,2.008
002373.SZ,20140625,2.008
002373.SZ,20140624,2.008
002373.SZ,20140623,2.008
002373.SZ,20140620,2.008
002373.SZ,20140619,2.008
002373.SZ,20140618,2.008
002373.SZ,20140617,2.008
002373.SZ,20140616,2.008
002373.SZ,20140613,2.008
002373.SZ,20140612,2.008
002373.SZ,20140611,2.008
002373.SZ,20140610,2.008
002373.SZ,20140609,2.008
002373.SZ,20140606,2.008
002373.SZ,20140605,2.008
002373.SZ,20140604,2.008
002373.SZ,20140603,2.008
002373.SZ,20140530,2.008
002373.SZ,20140529,2.008
002373.SZ,20140528,2.008
002373.SZ,20140527,2.008
002373.SZ,20140526,2.008
002373.SZ,20140523,2.008
002373.SZ,20140522,2.008
002373.SZ,20140521,2.008
002373.SZ,20140520,2.008
002373.SZ,20140519,2.008
002373.SZ,20140516,2.008
002373.SZ,20140515,2.008
002373.SZ,20140514,2.008
002373.SZ,20140513,2.008
002373.SZ,20140512,2.008
002373.SZ,20140509,2.008
002373.SZ,20140508,2.008
002373.SZ,20140507,2.008
002373.SZ,20140506,2.008
002373.SZ,20140505,2.008
002373.SZ,20140430,2.008
002373.SZ,20140429,2.008
002373.SZ,20140428,2.008
002373.SZ,20140425,2.008
002373.SZ,20140424,2.008
002373.SZ,20140423,2.008
002373.SZ,20140422,2.008
002373.SZ,20140421,2.008
002373.SZ,20140418,2.008
002373.SZ,20140417,2.008
002373.SZ,20140416,2.008
002373.SZ,20140415,2.008
002373.SZ,20140414,2.008
002373.SZ,20140411,2.008
002373.SZ,20140410,2.008
002373.SZ,20140409,2.008
002373.SZ,20140408,2.008
002373.SZ,20140404,2.008
002373.SZ,20140403,2.008
002373.SZ,20140402,2.008
002373.SZ,20140401,2.008
002373.SZ,20140331,2.008
002373.SZ,20140328,2.008
002373.SZ,20140327,2.008
002373.SZ,20140326,2.008
002373.SZ,20140325,2.008
002373.SZ,20140324,2.008
002373.SZ,20140321,2.008
002373.SZ,20140320,2.008
002373.SZ,20140319,2.008
002373.SZ,20140318,2.008
002373.SZ,20140317,2.008
002373.SZ,20140314,2.008
002373.SZ,20140313,2.008
002373.SZ,20140312,2.008
002373.SZ,20140311,2.008
002373.SZ,20140310,2.008
002373.SZ,20140307,2.008
002373.SZ,20140306,2.008
002373.SZ,20140305,2.008
002373.SZ,20140304,2.008
002373.SZ,20140303,2.008
002373.SZ,20140228,2.008
002373.SZ,20140227,2.008
002373.SZ,20140226,2.008
002373.SZ,20140225,2.008
002373.SZ,20140224,2.008
002373.SZ,20140221,2.008
002373.SZ,20140220,2.008
002373.SZ,20140219,2.008
002373.SZ,20140218,2.008
002373.SZ,20140217,2.008
002373.SZ,20140214,2.008
002373.SZ,20140213,2.008
002373.SZ,20140212,2.008
002373.SZ,20140211,2.008
002373.SZ,20140210,2.008
002373.SZ,20140207,2.008
002373.SZ,20140130,2.008
002373.SZ,20140129,2.008
002373.SZ,20140128,2.008
002373.SZ,20140127,2.008
002373.SZ,20140124,2.008
002373.SZ,20140123,2.008
002373.SZ,20140122,2.008
002373.SZ,20140121,2.008
002373.SZ,20140120,2.008
002373.SZ,20140117,2.008
002373.SZ,20140116,2.008
002373.SZ,20140115,2.008
002373.SZ,20140114,2.008
002373.SZ,20140113,2.008
002373.SZ,20140110,2.008
002373.SZ,20140109,2.008
002373.SZ,20140108,2.008
002373.SZ,20140107,2.008
002373.SZ,20140106,2.008
002373.SZ,20140103,2.008
002373.SZ,20140102,2.008
002373.SZ,20131231,2.008
002373.SZ,20131230,2.008
002373.SZ,20131227,2.008
002373.SZ,20131226,2.008
002373.SZ,20131225,2.008
002373.SZ,20131224,2.008
002373.SZ,20131223,2.008
002373.SZ,20131220,2.008
002373.SZ,20131219,2.008
002373.SZ,20131218,2.008
002373.SZ,20131217,2.008
002373.SZ,20131216,2.008
002373.SZ,20131213,2.008
002373.SZ,20131212,2.008
002373.SZ,20131211,2.008
002373.SZ,20131210,2.008
002373.SZ,20131209,2.008
002373.SZ,20131206,2.008
002373.SZ,20131205,2.008
002373.SZ,20131204,2.008
002373.SZ,20131203,2.008
002373.SZ,20131202,2.008
002373.SZ,20131129,2.008
002373.SZ,20131128,2.008
002373.SZ,20131127,2.008
002373.SZ,20131126,2.008
002373.SZ,20131125,2.008
002373.SZ,20131122,2.008
002373.SZ,20131121,2.008
002373.SZ,20131120,2.008
002373.SZ,20131119,2.008
002373.SZ,20131118,2.008
002373.SZ,20131115,2.008
002373.SZ,20131114,2.008
002373.SZ,20131113,2.008
002373.SZ,20131112,2.008
002373.SZ,20131111,2.008
002373.SZ,20131108,2.008
002373.SZ,20131107,2.008
002373.SZ,20131106,2.008
002373.SZ,20131105,2.008
002373.SZ,20131104,2.008
002373.SZ,20131101,2.008
002373.SZ,20131031,2.008
002373.SZ,20131030,2.008
002373.SZ,20131029,2.008
002373.SZ,20131028,2.008
002373.SZ,20131025,2.008
002373.SZ,20131024,2.008
002373.SZ,20131023,2.008
002373.SZ,20131022,2.008
002373.SZ,20131021,2.008
002373.SZ,20131018,2.008
002373.SZ,20131017,2.008
002373.SZ,20131016,2.008
002373.SZ,20131015,2.008
002373.SZ,20131014,2.008
002373.SZ,20131011,2.008
002373.SZ,20131010,2.008
002373.SZ,20131009,2.008
002373.SZ,20131008,2.008
002373.SZ,20130930,2.008
002373.SZ,20130927,2.008
002373.SZ,20130926,2.008
002373.SZ,20130925,2.008
002373.SZ,20130924,2.008
002373.SZ,20130923,2.008
002373.SZ,20130918,2.008
002373.SZ,20130917,2.008
002373.SZ,20130916,2.008
002373.SZ,20130913,2.008
002373.SZ,20130912,2.008
002373.SZ,20130911,2.008
002373.SZ,20130910,2.008
002373.SZ,20130909,2.008
002373.SZ,20130906,2.008
002373.SZ,20130905,2.008
002373.SZ,20130904,2.008
002373.SZ,20130903,2.008
002373.SZ,20130902,2.008
002373.SZ,20130830,2.008
002373.SZ,20130829,2.008
002373.SZ,20130828,2.008
002373.SZ,20130827,2.008
002373.SZ,20130826,2.008
002373.SZ,20130823,2.008
002373.SZ,20130822,2.008
002373.SZ,20130821,2.008
002373.SZ,20130820,2.008
002373.SZ,20130819,2.008
002373.SZ,20130816,2.008
002373.SZ,20130815,2.008
002373.SZ,20130814,2.008
002373.SZ,20130813,2.008
002373.SZ,20130812,2.008
002373.SZ,20130809,2.008
002373.SZ,20130808,2.008
002373.SZ,20130807,2.008
002373.SZ,20130806,2.008
002373.SZ,20130805,2.008
002373.SZ,20130802,2.008
002373.SZ,20130801,2.008
002373.SZ,20130731,2.008
002373.SZ,20130730,2.008
002373.SZ,20130729,2.008
002373.SZ,20130726,2.008
002373.SZ,20130725,2.008
002373.SZ,20130724,2.008
002373.SZ,20130723,2.008
002373.SZ,20130722,2.008
002373.SZ,20130719,2.008
002373.SZ,20130718,2.008
002373.SZ,20130717,2.008
002373.SZ,20130716,2.008
002373.SZ,20130715,2.008
002373.SZ,20130712,2.008
002373.SZ,20130711,2.008
002373.SZ,20130710,2.008
002373.SZ,20130709,2.008
002373.SZ,20130708,2.008
002373.SZ,20130705,2.008
002373.SZ,20130704,2.008
002373.SZ,20130703,2.008
002373.SZ,20130702,2.008
002373.SZ,20130701,2.008
002373.SZ,20130628,2.008
002373.SZ,20130627,2.008
002373.SZ,20130626,2.008
002373.SZ,20130625,2.008
002373.SZ,20130624,2.008
002373.SZ,20130621,2.008
002373.SZ,20130620,2.008
002373.SZ,20130619,2.008
002373.SZ,20130618,2.008
002373.SZ,20130617,2.008
002373.SZ,20130614,2.008
002373.SZ,20130613,2.008
002373.SZ,20130607,2.008
002373.SZ,20130606,2.008
002373.SZ,20130605,2.008
002373.SZ,20130604,2.008
002373.SZ,20130603,2.008
002373.SZ,20130531,2.008
002373.SZ,20130530,2.008
002373.SZ,20130529,2.008
002373.SZ,20130528,2.008
002373.SZ,20130527,2.008
002373.SZ,20130524,1.005
002373.SZ,20130523,1.005
002373.SZ,20130522,1.005
002373.SZ,20130521,1.005
002373.SZ,20130520,1.005
002373.SZ,20130517,1.005
002373.SZ,20130516,1.005
002373.SZ,20130515,1.005
002373.SZ,20130514,1.005
002373.SZ,20130513,1.005
002373.SZ,20130510,1.005
002373.SZ,20130509,1.005
002373.SZ,20130508,1.005
002373.SZ,20130507,1.005
002373.SZ,20130506,1.005
002373.SZ,20130503,1.005
002373.SZ,20130502,1.005
002373.SZ,20130426,1.005
002373.SZ,20130425,1.005
002373.SZ,20130424,1.005
002373.SZ,20130423,1.005
002373.SZ,20130422,1.005
002373.SZ,20130419,1.005
002373.SZ,20130418,1.005
002373.SZ,20130417,1.005
002373.SZ,20130416,1.005
002373.SZ,20130415,1.005
002373.SZ,20130412,1.005
002373.SZ,20130411,1.005
002373.SZ,20130410,1.005
002373.SZ,20130409,1.005
002373.SZ,20130408,1.005
002373.SZ,20130403,1.005
002373.SZ,20130402,1.005
002373.SZ,20130401,1.005
002373.SZ,20130329,1.005
002373.SZ,20130328,1.005
002373.SZ,20130327,1.005
002373.SZ,20130326,1.005
002373.SZ,20130325,1.005
002373.SZ,20130322,1.005
002373.SZ,20130321,1.005
002373.SZ,20130320,1.005
002373.SZ,20130319,1.005
002373.SZ,20130318,1.005
002373.SZ,20130315,1.005
002373.SZ,20130314,1.005
002373.SZ,20130313,1.005
002373.SZ,20130312,1.005
002373.SZ,20130311,1.005
002373.SZ,20130308,1.005
002373.SZ,20130307,1.005
002373.SZ,20130306,1.005
002373.SZ,20130305,1.005
002373.SZ,20130304,1.005
002373.SZ,20130301,1.005
002373.SZ,20130228,1.005
002373.SZ,20130227,1.005
002373.SZ,20130226,1.005
002373.SZ,20130225,1.005
002373.SZ,20130222,1.005
002373.SZ,20130221,1.005
002373.SZ,20130220,1.005
002373.SZ,20130219,1.005
002373.SZ,20130218,1.005
002373.SZ,20130208,1.005
002373.SZ,20130207,1.005
002373.SZ,20130206,1.005
002373.SZ,20130205,1.005
002373.SZ,20130204,1.005
002373.SZ,20130201,1.005
002373.SZ,20130131,1.005
002373.SZ,20130130,1.005
002373.SZ,20130129,1.005
002373.SZ,20130128,1.005
002373.SZ,20130125,1.005
002373.SZ,20130124,1.005
002373.SZ,20130123,1.005
002373.SZ,20130122,1.005
002373.SZ,20130121,1.005
002373.SZ,20130118,1.005
002373.SZ,20130117,1.005
002373.SZ,20130116,1.005
002373.SZ,20130115,1.005
002373.SZ,20130114,1.005
002373.SZ,20130111,1.005
002373.SZ,20130110,1.005
002373.SZ,20130109,1.005
002373.SZ,20130108,1.005
002373.SZ,20130107,1.005
002373.SZ,20130104,1.005
002373.SZ,20121231,1.005
002373.SZ,20121228,1.005
002373.SZ,20121227,1.005
002373.SZ,20121226,1.005
002373.SZ,20121225,1.005
002373.SZ,20121224,1.005
002373.SZ,20121221,1.005
002373.SZ,20121220,1.005
002373.SZ,20121219,1.005
002373.SZ,20121218,1.005
002373.SZ,20121217,1.005
002373.SZ,20121214,1.005
002373.SZ,20121213,1.005
002373.SZ,20121212,1.005
002373.SZ,20121211,1.005
002373.SZ,20121210,1.005
002373.SZ,20121207,1.005
002373.SZ,20121206,1.005
002373.SZ,20121205,1.005
002373.SZ,20121204,1.005
002373.SZ,20121203,1.005
002373.SZ,20121130,1.005
002373.SZ,20121129,1.005
002373.SZ,20121128,1.005
002373.SZ,20121127,1.005
002373.SZ,20121126,1.005
002373.SZ,20121123,1.005
002373.SZ,20121122,1.005
002373.SZ,20121121,1.005
002373.SZ,20121120,1.005
002373.SZ,20121119,1.005
002373.SZ,20121116,1.005
002373.SZ,20121115,1.005
002373.SZ,20121114,1.005
002373.SZ,20121113,1.005
002373.SZ,20121112,1.005
002373.SZ,20121109,1.005
002373.SZ,20121108,1.005
002373.SZ,20121107,1.005
002373.SZ,20121106,1.005
002373.SZ,20121105,1.005
002373.SZ,20121102,1.005
002373.SZ,20121101,1.005
002373.SZ,20121031,1.005
002373.SZ,20121030,1.005
002373.SZ,20121029,1.005
002373.SZ,20121026,1.005
002373.SZ,20121025,1.005
002373.SZ,20121024,1.005
002373.SZ,20121023,1.005
002373.SZ,20121022,1.005
002373.SZ,20121019,1.005
002373.SZ,20121018,1.005
002373.SZ,20121017,1.005
002373.SZ,20121016,1.005
002373.SZ,20121015,1.005
002373.SZ,20121012,1.005
002373.SZ,20121011,1.005
002373.SZ,20121010,1.005
002373.SZ,20121009,1.005
002373.SZ,20121008,1.005
002373.SZ,20120928,1.005
002373.SZ,20120927,1.005
002373.SZ,20120926,1.005
002373.SZ,20120925,1.005
002373.SZ,20120924,1.005
002373.SZ,20120921,1.005
002373.SZ,20120920,1.005
002373.SZ,20120919,1.005
002373.SZ,20120918,1.005
002373.SZ,20120917,1.005
002373.SZ,20120914,1.005
002373.SZ,20120913,1.005
002373.SZ,20120912,1.005
002373.SZ,20120911,1.005
002373.SZ,20120910,1.005
002373.SZ,20120907,1.005
002373.SZ,20120906,1.005
002373.SZ,20120905,1.005
002373.SZ,20120904,1.005
002373.SZ,20120903,1.005
002373.SZ,20120831,1.005
002373.SZ,20120830,1.005
002373.SZ,20120829,1.005
002373.SZ,20120828,1.005
002373.SZ,20120827,1.005
002373.SZ,20120824,1.005
002373.SZ,20120823,1.005
002373.SZ,20120822,1.005
002373.SZ,20120821,1.005
002373.SZ,20120820,1.005
002373.SZ,20120817,1.005
002373.SZ,20120816,1.005
002373.SZ,20120815,1.005
002373.SZ,20120814,1.005
002373.SZ,20120813,1.005
002373.SZ,20120810,1.005
002373.SZ,20120809,1.005
002373.SZ,20120808,1.005
002373.SZ,20120807,1.005
002373.SZ,20120806,1.005
002373.SZ,20120803,1.005
002373.SZ,20120802,1.005
002373.SZ,20120801,1.005
002373.SZ,20120731,1.005
002373.SZ,20120730,1.005
002373.SZ,20120727,1.005
002373.SZ,20120726,1.005
002373.SZ,20120725,1.005
002373.SZ,20120724,1.005
002373.SZ,20120723,1.005
002373.SZ,20120720,1.005
002373.SZ,20120719,1.005
002373.SZ,20120718,1.005
002373.SZ,20120717,1.005
002373.SZ,20120716,1.005
002373.SZ,20120713,1.005
002373.SZ,20120712,1.005
002373.SZ,20120711,1.005
002373.SZ,20120710,1.005
002373.SZ,20120709,1.005
002373.SZ,20120706,1.005
002373.SZ,20120705,1.005
002373.SZ,20120704,1.005
002373.SZ,20120703,1.005
002373.SZ,20120702,1.005
002373.SZ,20120629,1.005
002373.SZ,20120628,1.005
002373.SZ,20120627,1.005
002373.SZ,20120626,1.005
002373.SZ,20120625,1.005
002373.SZ,20120621,1.005
002373.SZ,20120620,1.005
002373.SZ,20120619,1.005
002373.SZ,20120618,1.005
002373.SZ,20120615,1.005
002373.SZ,20120614,1.005
002373.SZ,20120613,1.005
002373.SZ,20120612,1.005
002373.SZ,20120611,1.005
002373.SZ,20120608,1.005
002373.SZ,20120607,1.005
002373.SZ,20120606,1.005
002373.SZ,20120605,1.005
002373.SZ,20120604,1.005
002373.SZ,20120601,1.005
002373.SZ,20120531,1.005
002373.SZ,20120530,1.005
002373.SZ,20120529,1.005
002373.SZ,20120528,1.005
002373.SZ,20120525,1.005
002373.SZ,20120524,1.005
002373.SZ,20120523,1.005
002373.SZ,20120522,1.005
002373.SZ,20120521,1.005
002373.SZ,20120518,1.005
002373.SZ,20120517,1.005
002373.SZ,20120516,1.005
002373.SZ,20120515,1.005
002373.SZ,20120514,1.005
002373.SZ,20120511,1.005
002373.SZ,20120510,1.005
002373.SZ,20120509,1.005
002373.SZ,20120508,1.005
002373.SZ,20120507,1.005
002373.SZ,20120504,1.005
002373.SZ,20120503,1.005
002373.SZ,20120502,1.005
002373.SZ,20120427,1.005
002373.SZ,20120426,1.005
002373.SZ,20120425,1.005
002373.SZ,20120424,1.005
002373.SZ,20120423,1.005
002373.SZ,20120420,1.005
002373.SZ,20120419,1.005
002373.SZ,20120418,1.005
002373.SZ,20120417,1.005
002373.SZ,20120416,1.005
002373.SZ,20120413,1.005
002373.SZ,20120412,1.005
002373.SZ,20120411,1.005
002373.SZ,20120410,1.005
002373.SZ,20120409,1.005
002373.SZ,20120406,1.005
002373.SZ,20120405,1.005
002373.SZ,20120330,1.005
002373.SZ,20120329,1.005
002373.SZ,20120328,1.005
002373.SZ,20120327,1.005
002373.SZ,20120326,1.005
002373.SZ,20120323,1.005
002373.SZ,20120322,1.005
002373.SZ,20120321,1.005
002373.SZ,20120320,1.005
002373.SZ,20120319,1.005
002373.SZ,20120316,1.005
002373.SZ,20120315,1.005
002373.SZ,20120314,1.005
002373.SZ,20120313,1.005
002373.SZ,20120312,1.005
002373.SZ,20120309,1.005
002373.SZ,20120308,1.005
002373.SZ,20120307,1.005
002373.SZ,20120306,1.005
002373.SZ,20120305,1.005
002373.SZ,20120302,1.005
002373.SZ,20120301,1.005
002373.SZ,20120229,1.005
002373.SZ,20120228,1.005
002373.SZ,20120227,1.005
002373.SZ,20120224,1.005
002373.SZ,20120223,1.005
002373.SZ,20120222,1.005
002373.SZ,20120221,1.005
002373.SZ,20120220,1.005
002373.SZ,20120217,1.005
002373.SZ,20120216,1.005
002373.SZ,20120215,1.005
002373.SZ,20120214,1.005
002373.SZ,20120213,1.005
002373.SZ,20120210,1.005
002373.SZ,20120209,1.005
002373.SZ,20120208,1.005
002373.SZ,20120207,1.005
002373.SZ,20120206,1.005
002373.SZ,20120203,1.005
002373.SZ,20120202,1.005
002373.SZ,20120201,1.005
002373.SZ,20120131,1.005
002373.SZ,20120130,1.005
002373.SZ,20120120,1.005
002373.SZ,20120119,1.005
002373.SZ,20120118,1.005
002373.SZ,20120117,1.005
002373.SZ,20120116,1.005
002373.SZ,20120113,1.005
002373.SZ,20120112,1.005
002373.SZ,20120111,1.005
002373.SZ,20120110,1.005
002373.SZ,20120109,1.005
002373.SZ,20120106,1.005
002373.SZ,20120105,1.005
002373.SZ,20120104,1.005
002373.SZ,20111230,1.005
002373.SZ,20111229,1.005
002373.SZ,20111228,1.005
002373.SZ,20111227,1.005
002373.SZ,20111226,1.005
002373.SZ,20111223,1.005
002373.SZ,20111222,1.005
002373.SZ,20111221,1.005
002373.SZ,20111220,1.005
002373.SZ,20111219,1.005
002373.SZ,20111216,1.005
002373.SZ,20111215,1.005
002373.SZ,20111214,1.005
002373.SZ,20111213,1.005
002373.SZ,20111212,1.005
002373.SZ,20111209,1.005
002373.SZ,20111208,1.005
002373.SZ,20111207,1.005
002373.SZ,20111206,1.005
002373.SZ,20111205,1.005
002373.SZ,20111202,1.005
002373.SZ,20111201,1.005
002373.SZ,20111130,1.005
002373.SZ,20111129,1.005
002373.SZ,20111128,1.005
002373.SZ,20111125,1.005
002373.SZ,20111124,1.005
002373.SZ,20111123,1.005
002373.SZ,20111122,1.005
002373.SZ,20111121,1.005
002373.SZ,20111118,1.005
002373.SZ,20111117,1.005
002373.SZ,20111116,1.005
002373.SZ,20111115,1.005
002373.SZ,20111114,1.005
002373.SZ,20111111,1.005
002373.SZ,20111110,1.005
002373.SZ,20111109,1.005
002373.SZ,20111108,1.005
002373.SZ,20111107,1.005
002373.SZ,20111104,1.005
002373.SZ,20111103,1.005
002373.SZ,20111102,1.005
002373.SZ,20111101,1.005
002373.SZ,20111031,1.005
002373.SZ,20111028,1.005
002373.SZ,20111027,1.005
002373.SZ,20111026,1.005
002373.SZ,20111025,1.005
002373.SZ,20111024,1.005
002373.SZ,20111021,1.005
002373.SZ,20111020,1.005
002373.SZ,20111019,1.005
002373.SZ,20111018,1.005
002373.SZ,20111017,1.005
002373.SZ,20111014,1.005
002373.SZ,20111013,1.005
002373.SZ,20111012,1.005
002373.SZ,20111011,1.005
002373.SZ,20111010,1.005
002373.SZ,20110930,1.005
002373.SZ,20110929,1.005
002373.SZ,20110928,1.005
002373.SZ,20110927,1.005
002373.SZ,20110926,1.005
002373.SZ,20110923,1.005
002373.SZ,20110922,1.005
002373.SZ,20110921,1.005
002373.SZ,20110920,1.005
002373.SZ,20110919,1.005
002373.SZ,20110916,1.005
002373.SZ,20110915,1.005
002373.SZ,20110914,1.005
002373.SZ,20110913,1.005
002373.SZ,20110909,1.005
002373.SZ,20110908,1.005
002373.SZ,20110907,1.005
002373.SZ,20110906,1.005
002373.SZ,20110905,1.005
002373.SZ,20110902,1.005
002373.SZ,20110901,1.005
002373.SZ,20110831,1.005
002373.SZ,20110830,1.005
002373.SZ,20110829,1.005
002373.SZ,20110826,1.005
002373.SZ,20110825,1.005
002373.SZ,20110824,1.005
002373.SZ,20110823,1.005
002373.SZ,20110822,1.005
002373.SZ,20110819,1.005
002373.SZ,20110818,1.005
002373.SZ,20110817,1.005
002373.SZ,20110816,1.005
002373.SZ,20110815,1.005
002373.SZ,20110812,1.005
002373.SZ,20110811,1.005
002373.SZ,20110810,1.005
002373.SZ,20110809,1.005
002373.SZ,20110808,1.005
002373.SZ,20110805,1.005
002373.SZ,20110804,1.005
002373.SZ,20110803,1.005
002373.SZ,20110802,1.005
002373.SZ,20110801,1.005
002373.SZ,20110729,1.005
002373.SZ,20110728,1.005
002373.SZ,20110727,1.005
002373.SZ,20110726,1.005
002373.SZ,20110725,1.005
002373.SZ,20110722,1.005
002373.SZ,20110721,1.005
002373.SZ,20110720,1.005
002373.SZ,20110719,1.005
002373.SZ,20110718,1.005
002373.SZ,20110715,1.005
002373.SZ,20110714,1.005
002373.SZ,20110713,1.0
002373.SZ,20110712,1.0
002373.SZ,20110711,1.0
002373.SZ,20110708,1.0
002373.SZ,20110707,1.0
002373.SZ,20110706,1.0
002373.SZ,20110705,1.0
002373.SZ,20110704,1.0
002373.SZ,20110701,1.0
002373.SZ,20110630,1.0
002373.SZ,20110629,1.0
002373.SZ,20110628,1.0
002373.SZ,20110627,1.0
002373.SZ,20110624,1.0
002373.SZ,20110623,1.0
002373.SZ,20110622,1.0
002373.SZ,20110621,1.0
002373.SZ,20110620,1.0
002373.SZ,20110617,1.0
002373.SZ,20110616,1.0
002373.SZ,20110615,1.0
002373.SZ,20110614,1.0
002373.SZ,20110613,1.0
002373.SZ,20110610,1.0
002373.SZ,20110609,1.0
002373.SZ,20110608,1.0
002373.SZ,20110607,1.0
002373.SZ,20110603,1.0
002373.SZ,20110602,1.0
002373.SZ,20110601,1.0
002373.SZ,20110531,1.0
002373.SZ,20110530,1.0
002373.SZ,20110527,1.0
002373.SZ,20110526,1.0
002373.SZ,20110525,1.0
002373.SZ,20110524,1.0
002373.SZ,20110523,1.0
002373.SZ,20110520,1.0
002373.SZ,20110519,1.0
002373.SZ,20110518,1.0
002373.SZ,20110517,1.0
002373.SZ,20110516,1.0
002373.SZ,20110513,1.0
002373.SZ,20110512,1.0
002373.SZ,20110511,1.0
002373.SZ,20110510,1.0
002373.SZ,20110509,1.0
002373.SZ,20110506,1.0
002373.SZ,20110505,1.0
002373.SZ,20110504,1.0
002373.SZ,20110503,1.0
002373.SZ,20110429,1.0
002373.SZ,20110428,1.0
002373.SZ,20110427,1.0
002373.SZ,20110426,1.0
002373.SZ,20110425,1.0
002373.SZ,20110422,1.0
002373.SZ,20110421,1.0
002373.SZ,20110420,1.0
002373.SZ,20110419,1.0
002373.SZ,20110418,1.0
002373.SZ,20110415,1.0
002373.SZ,20110414,1.0
002373.SZ,20110413,1.0
002373.SZ,20110412,1.0
002373.SZ,20110411,1.0
002373.SZ,20110408,1.0
002373.SZ,20110407,1.0
002373.SZ,20110406,1.0
002373.SZ,20110401,1.0
002373.SZ,20110331,1.0
002373.SZ,20110330,1.0
002373.SZ,20110329,1.0
002373.SZ,20110328,1.0
002373.SZ,20110325,1.0
002373.SZ,20110324,1.0
002373.SZ,20110323,1.0
002373.SZ,20110322,1.0
002373.SZ,20110321,1.0
002373.SZ,20110318,1.0
002373.SZ,20110317,1.0
002373.SZ,20110316,1.0
002373.SZ,20110315,1.0
002373.SZ,20110314,1.0
002373.SZ,20110311,1.0
002373.SZ,20110310,1.0
002373.SZ,20110309,1.0
002373.SZ,20110308,1.0
002373.SZ,20110307,1.0
002373.SZ,20110304,1.0
002373.SZ,20110303,1.0
002373.SZ,20110302,1.0
002373.SZ,20110301,1.0
002373.SZ,20110228,1.0
002373.SZ,20110225,1.0
002373.SZ,20110224,1.0
002373.SZ,20110223,1.0
002373.SZ,20110222,1.0
002373.SZ,20110221,1.0
002373.SZ,20110218,1.0
002373.SZ,20110217,1.0
002373.SZ,20110216,1.0
002373.SZ,20110215,1.0
002373.SZ,20110214,1.0
002373.SZ,20110211,1.0
002373.SZ,20110210,1.0
002373.SZ,20110209,1.0
002373.SZ,20110201,1.0
002373.SZ,20110131,1.0
002373.SZ,20110128,1.0
002373.SZ,20110127,1.0
002373.SZ,20110126,1.0
002373.SZ,20110125,1.0
002373.SZ,20110124,1.0
002373.SZ,20110121,1.0
002373.SZ,20110120,1.0
002373.SZ,20110119,1.0
002373.SZ,20110118,1.0
002373.SZ,20110117,1.0
002373.SZ,20110114,1.0
002373.SZ,20110113,1.0
002373.SZ,20110112,1.0
002373.SZ,20110111,1.0
002373.SZ,20110110,1.0
002373.SZ,20110107,1.0
002373.SZ,20110106,1.0
002373.SZ,20110105,1.0
002373.SZ,20110104,1.0
002373.SZ,20101231,1.0
002373.SZ,20101230,1.0
002373.SZ,20101229,1.0
002373.SZ,20101228,1.0
002373.SZ,20101227,1.0
002373.SZ,20101224,1.0
002373.SZ,20101223,1.0
002373.SZ,20101222,1.0
002373.SZ,20101221,1.0
002373.SZ,20101220,1.0
002373.SZ,20101217,1.0
002373.SZ,20101216,1.0
002373.SZ,20101215,1.0
002373.SZ,20101214,1.0
002373.SZ,20101213,1.0
002373.SZ,20101210,1.0
002373.SZ,20101209,1.0
002373.SZ,20101208,1.0
002373.SZ,20101207,1.0
002373.SZ,20101206,1.0
002373.SZ,20101203,1.0
002373.SZ,20101202,1.0
002373.SZ,20101201,1.0
002373.SZ,20101130,1.0
002373.SZ,20101129,1.0
002373.SZ,20101126,1.0
002373.SZ,20101125,1.0
002373.SZ,20101124,1.0
002373.SZ,20101123,1.0
002373.SZ,20101122,1.0
002373.SZ,20101119,1.0
002373.SZ,20101118,1.0
002373.SZ,20101117,1.0
002373.SZ,20101116,1.0
002373.SZ,20101115,1.0
002373.SZ,20101112,1.0
002373.SZ,20101111,1.0
002373.SZ,20101110,1.0
002373.SZ,20101109,1.0
002373.SZ,20101108,1.0
002373.SZ,20101105,1.0
002373.SZ,20101104,1.0
002373.SZ,20101103,1.0
002373.SZ,20101102,1.0
002373.SZ,20101101,1.0
002373.SZ,20101029,1.0
002373.SZ,20101028,1.0
002373.SZ,20101027,1.0
002373.SZ,20101026,1.0
002373.SZ,20101025,1.0
002373.SZ,20101022,1.0
002373.SZ,20101021,1.0
002373.SZ,20101020,1.0
002373.SZ,20101019,1.0
002373.SZ,20101018,1.0
002373.SZ,20101015,1.0
002373.SZ,20101014,1.0
002373.SZ,20101013,1.0
002373.SZ,20101012,1.0
002373.SZ,20101011,1.0
002373.SZ,20101008,1.0
002373.SZ,20100930,1.0
002373.SZ,20100929,1.0
002373.SZ,20100928,1.0
002373.SZ,20100927,1.0
002373.SZ,20100921,1.0
002373.SZ,20100920,1.0
002373.SZ,20100917,1.0
002373.SZ,20100916,1.0
002373.SZ,20100915,1.0
002373.SZ,20100914,1.0
002373.SZ,20100913,1.0
002373.SZ,20100910,1.0
002373.SZ,20100909,1.0
002373.SZ,20100908,1.0
002373.SZ,20100907,1.0
002373.SZ,20100906,1.0
002373.SZ,20100903,1.0
002373.SZ,20100902,1.0
002373.SZ,20100901,1.0
002373.SZ,20100831,1.0
002373.SZ,20100830,1.0
002373.SZ,20100827,1.0
002373.SZ,20100826,1.0
002373.SZ,20100825,1.0
002373.SZ,20100824,1.0
002373.SZ,20100823,1.0
002373.SZ,20100820,1.0
002373.SZ,20100819,1.0
002373.SZ,20100818,1.0
002373.SZ,20100817,1.0
002373.SZ,20100816,1.0
002373.SZ,20100813,1.0
002373.SZ,20100812,1.0
002373.SZ,20100811,1.0
002373.SZ,20100810,1.0
002373.SZ,20100809,1.0
002373.SZ,20100806,1.0
002373.SZ,20100805,1.0
002373.SZ,20100804,1.0
002373.SZ,20100803,1.0
002373.SZ,20100802,1.0
002373.SZ,20100730,1.0
002373.SZ,20100729,1.0
002373.SZ,20100728,1.0
002373.SZ,20100727,1.0
002373.SZ,20100726,1.0
002373.SZ,20100723,1.0
002373.SZ,20100722,1.0
002373.SZ,20100721,1.0
002373.SZ,20100720,1.0
002373.SZ,20100719,1.0
002373.SZ,20100716,1.0
002373.SZ,20100715,1.0
002373.SZ,20100714,1.0
002373.SZ,20100713,1.0
002373.SZ,20100712,1.0
002373.SZ,20100709,1.0
002373.SZ,20100708,1.0
002373.SZ,20100707,1.0
002373.SZ,20100706,1.0
002373.SZ,20100705,1.0
002373.SZ,20100702,1.0
002373.SZ,20100701,1.0
002373.SZ,20100630,1.0
002373.SZ,20100629,1.0
002373.SZ,20100628,1.0
002373.SZ,20100625,1.0
002373.SZ,20100624,1.0
002373.SZ,20100623,1.0
002373.SZ,20100622,1.0
002373.SZ,20100621,1.0
002373.SZ,20100618,1.0
002373.SZ,20100617,1.0
002373.SZ,20100611,1.0
002373.SZ,20100610,1.0
002373.SZ,20100609,1.0
002373.SZ,20100608,1.0
002373.SZ,20100607,1.0
002373.SZ,20100604,1.0
002373.SZ,20100603,1.0
002373.SZ,20100602,1.0
002373.SZ,20100601,1.0
002373.SZ,20100531,1.0
002373.SZ,20100528,1.0
002373.SZ,20100527,1.0
002373.SZ,20100526,1.0
002373.SZ,20100525,1.0
002373.SZ,20100524,1.0
002373.SZ,20100521,1.0
002373.SZ,20100520,1.0
002373.SZ,20100519,1.0
002373.SZ,20100518,1.0
002373.SZ,20100517,1.0
002373.SZ,20100514,1.0
002373.SZ,20100513,1.0
002373.SZ,20100512,1.0
002373.SZ,20100511,1.0
002373.SZ,20100510,1.0
002373.SZ,20100507,1.0
002373.SZ,20100506,1.0
002373.SZ,20100505,1.0
002373.SZ,20100504,1.0
002373.SZ,20100430,1.0
002373.SZ,20100429,1.0
002373.SZ,20100428,1.0
002373.SZ,20100427,1.0
002373.SZ,20100426,1.0
002373.SZ,20100423,1.0
002373.SZ,20100422,1.0
002373.SZ,20100421,1.0
002373.SZ,20100420,1.0
002373.SZ,20100419,1.0
002373.SZ,20100416,1.0
002373.SZ,20100415,1.0
002373.SZ,20100414,1.0
002373.SZ,20100413,1.0
002373.SZ,20100412,1.0
002373.SZ,20100409,1.0
002373.SZ,20100408,1.0
002373.SZ,20100407,1.0
002373.SZ,20100406,1.0
002373.SZ,20100402,1.0
002373.SZ,20100401,1.0
002373.SZ,20100331,1.0
002373.SZ,20100330,1.0
002373.SZ,20100329,1.0
002373.SZ,20100326,1.0
002373.SZ,20100325,1.0
002373.SZ,20100324,1.0
002373.SZ,20100323,1.0
002373.SZ,20100322,1.0
002373.SZ,20100319,1.0
002373.SZ,20100318,1.0
