LOCAL_COMPANY_NAME,LOCAL_SYMBOL,代码,简称,公告标题,公告时间,公告链接
美格智能,002881,002881,美格智能,关于续聘2026年度会计师事务所的公告,2026-05-23 00:00:00,http://www.cninfo.com.cn/new/disclosure/detail?stockCode=002881&announcementId=1225325432&orgId=9900032572&announcementTime=2026-05-23 00:00:00
美格智能,002881,002881,美格智能,关于统一采用中国企业会计准则编制财务报告的公告,2026-05-23 00:00:00,http://www.cninfo.com.cn/new/disclosure/detail?stockCode=002881&announcementId=1225325431&orgId=9900032572&announcementTime=2026-05-23 00:00:00
美格智能,002881,002881,美格智能,关于召开2025年年度股东会的通知,2026-05-23 00:00:00,http://www.cninfo.com.cn/new/disclosure/detail?stockCode=002881&announcementId=1225325430&orgId=9900032572&announcementTime=2026-05-23 00:00:00
美格智能,002881,002881,美格智能,第四届董事会第十八次会议决议公告,2026-05-23 00:00:00,http://www.cninfo.com.cn/new/disclosure/detail?stockCode=002881&announcementId=1225325429&orgId=9900032572&announcementTime=2026-05-23 00:00:00
美格智能,002881,002881,美格智能,关于举行2025年度及2026年第一季度网上业绩说明会的公告,2026-05-08 00:00:00,http://www.cninfo.com.cn/new/disclosure/detail?stockCode=002881&announcementId=1225281189&orgId=9900032572&announcementTime=2026-05-08 00:00:00
美格智能,002881,002881,美格智能,H股公告—截至2026年4月30日止月份之股份发行人的证券变动月报表,2026-05-07 00:00:00,http://www.cninfo.com.cn/new/disclosure/detail?stockCode=002881&announcementId=1225279250&orgId=9900032572&announcementTime=2026-05-07 00:00:00
美格智能,002881,002881,美格智能,2025年度可持续发展暨环境、社会及管治报告,2026-04-30 00:00:00,http://www.cninfo.com.cn/new/disclosure/detail?stockCode=002881&announcementId=1225257982&orgId=9900032572&announcementTime=2026-04-30 00:00:00
美格智能,002881,002881,美格智能,关于公司全资子公司完成工商变更登记的公告,2026-04-30 00:00:00,http://www.cninfo.com.cn/new/disclosure/detail?stockCode=002881&announcementId=1225257981&orgId=9900032572&announcementTime=2026-04-30 00:00:00
美格智能,002881,002881,美格智能,第四届董事会第十七次会议决议公告,2026-04-30 00:00:00,http://www.cninfo.com.cn/new/disclosure/detail?stockCode=002881&announcementId=1225257980&orgId=9900032572&announcementTime=2026-04-30 00:00:00
美格智能,002881,002881,美格智能,2026年一季度报告,2026-04-30 00:00:00,http://www.cninfo.com.cn/new/disclosure/detail?stockCode=002881&announcementId=1225257978&orgId=9900032572&announcementTime=2026-04-30 00:00:00
美格智能,002881,002881,美格智能,关于公司控股股东部分A股股份质押及解除质押的公告,2026-04-25 00:00:00,http://www.cninfo.com.cn/new/disclosure/detail?stockCode=002881&announcementId=1225177392&orgId=9900032572&announcementTime=2026-04-25 00:00:00
美格智能,002881,002881,美格智能,H股公告—董事会会议召开日期,2026-04-18 00:00:00,http://www.cninfo.com.cn/new/disclosure/detail?stockCode=002881&announcementId=1225116024&orgId=9900032572&announcementTime=2026-04-18 00:00:00
美格智能,002881,002881,美格智能,东莞证券股份有限公司关于美格智能技术股份有限公司使用A股部分闲置募集资金暂时补充流动资金的核查意见,2026-04-16 00:00:00,http://www.cninfo.com.cn/new/disclosure/detail?stockCode=002881&announcementId=1225108055&orgId=9900032572&announcementTime=2026-04-16 00:00:00
美格智能,002881,002881,美格智能,关于使用A股部分闲置募集资金暂时补充流动资金的公告,2026-04-16 00:00:00,http://www.cninfo.com.cn/new/disclosure/detail?stockCode=002881&announcementId=1225108054&orgId=9900032572&announcementTime=2026-04-16 00:00:00
美格智能,002881,002881,美格智能,第四届董事会第十六次会议决议公告,2026-04-16 00:00:00,http://www.cninfo.com.cn/new/disclosure/detail?stockCode=002881&announcementId=1225108053&orgId=9900032572&announcementTime=2026-04-16 00:00:00
美格智能,002881,002881,美格智能,关于签署投资项目合作协议的公告,2026-04-16 00:00:00,http://www.cninfo.com.cn/new/disclosure/detail?stockCode=002881&announcementId=1225108052&orgId=9900032572&announcementTime=2026-04-16 00:00:00
美格智能,002881,002881,美格智能,关于归还A股暂时补充流动资金的闲置募集资金的公告,2026-04-14 00:00:00,http://www.cninfo.com.cn/new/disclosure/detail?stockCode=002881&announcementId=1225097456&orgId=9900032572&announcementTime=2026-04-14 00:00:00
美格智能,002881,002881,美格智能,H股公告—截至2026年3月31日止月份之股份发行人的证券变动月报表,2026-04-02 00:00:00,http://www.cninfo.com.cn/new/disclosure/detail?stockCode=002881&announcementId=1225072700&orgId=9900032572&announcementTime=2026-04-02 00:00:00
美格智能,002881,002881,美格智能,2025年度董事会工作报告,2026-03-31 00:00:00,http://www.cninfo.com.cn/new/disclosure/detail?stockCode=002881&announcementId=1225059508&orgId=9900032572&announcementTime=2026-03-31 00:00:00
美格智能,002881,002881,美格智能,2025年度财务决算报告,2026-03-31 00:00:00,http://www.cninfo.com.cn/new/disclosure/detail?stockCode=002881&announcementId=1225059507&orgId=9900032572&announcementTime=2026-03-31 00:00:00
美格智能,002881,002881,美格智能,2025年度独立董事述职报告（杨政）,2026-03-31 00:00:00,http://www.cninfo.com.cn/new/disclosure/detail?stockCode=002881&announcementId=1225059506&orgId=9900032572&announcementTime=2026-03-31 00:00:00
美格智能,002881,002881,美格智能,2025年度独立董事述职报告（马利军）,2026-03-31 00:00:00,http://www.cninfo.com.cn/new/disclosure/detail?stockCode=002881&announcementId=1225059505&orgId=9900032572&announcementTime=2026-03-31 00:00:00
美格智能,002881,002881,美格智能,2025年度内部控制审计报告,2026-03-31 00:00:00,http://www.cninfo.com.cn/new/disclosure/detail?stockCode=002881&announcementId=1225059504&orgId=9900032572&announcementTime=2026-03-31 00:00:00
美格智能,002881,002881,美格智能,2025年度内部控制自我评价报告,2026-03-31 00:00:00,http://www.cninfo.com.cn/new/disclosure/detail?stockCode=002881&announcementId=1225059503&orgId=9900032572&announcementTime=2026-03-31 00:00:00
美格智能,002881,002881,美格智能,对外投资管理办法（2026年3月）,2026-03-31 00:00:00,http://www.cninfo.com.cn/new/disclosure/detail?stockCode=002881&announcementId=1225059502&orgId=9900032572&announcementTime=2026-03-31 00:00:00
美格智能,002881,002881,美格智能,董事、高级管理人员薪酬管理制度（2026年3月）,2026-03-31 00:00:00,http://www.cninfo.com.cn/new/disclosure/detail?stockCode=002881&announcementId=1225059501&orgId=9900032572&announcementTime=2026-03-31 00:00:00
美格智能,002881,002881,美格智能,东莞证券股份有限公司关于美格智能技术股份有限公司2025年度募集资金存放与使用情况之专项核查意见,2026-03-31 00:00:00,http://www.cninfo.com.cn/new/disclosure/detail?stockCode=002881&announcementId=1225059500&orgId=9900032572&announcementTime=2026-03-31 00:00:00
美格智能,002881,002881,美格智能,2025年度募集资金年度存放与使用情况鉴证报告,2026-03-31 00:00:00,http://www.cninfo.com.cn/new/disclosure/detail?stockCode=002881&announcementId=1225059499&orgId=9900032572&announcementTime=2026-03-31 00:00:00
美格智能,002881,002881,美格智能,2025年度募集资金存放与使用情况专项报告,2026-03-31 00:00:00,http://www.cninfo.com.cn/new/disclosure/detail?stockCode=002881&announcementId=1225059498&orgId=9900032572&announcementTime=2026-03-31 00:00:00
美格智能,002881,002881,美格智能,关于2026年度日常关联交易预计的公告,2026-03-31 00:00:00,http://www.cninfo.com.cn/new/disclosure/detail?stockCode=002881&announcementId=1225059497&orgId=9900032572&announcementTime=2026-03-31 00:00:00
美格智能,002881,002881,美格智能,第四届董事会独立董事第四次专门会议审查意见,2026-03-31 00:00:00,http://www.cninfo.com.cn/new/disclosure/detail?stockCode=002881&announcementId=1225059496&orgId=9900032572&announcementTime=2026-03-31 00:00:00
美格智能,002881,002881,美格智能,第四届董事会第十五次会议决议公告,2026-03-31 00:00:00,http://www.cninfo.com.cn/new/disclosure/detail?stockCode=002881&announcementId=1225059495&orgId=9900032572&announcementTime=2026-03-31 00:00:00
美格智能,002881,002881,美格智能,关于2025年度利润分配预案的公告,2026-03-31 00:00:00,http://www.cninfo.com.cn/new/disclosure/detail?stockCode=002881&announcementId=1225059494&orgId=9900032572&announcementTime=2026-03-31 00:00:00
美格智能,002881,002881,美格智能,公司对2025年度会计师事务所履职情况评估报告,2026-03-31 00:00:00,http://www.cninfo.com.cn/new/disclosure/detail?stockCode=002881&announcementId=1225059493&orgId=9900032572&announcementTime=2026-03-31 00:00:00
美格智能,002881,002881,美格智能,董事会审计委员会对会计师事务所2025年度履职情况评估及履行监督职责情况的报告,2026-03-31 00:00:00,http://www.cninfo.com.cn/new/disclosure/detail?stockCode=002881&announcementId=1225059492&orgId=9900032572&announcementTime=2026-03-31 00:00:00
美格智能,002881,002881,美格智能,2025年度非经营性资金占用及其他关联资金往来情况的专项审计说明,2026-03-31 00:00:00,http://www.cninfo.com.cn/new/disclosure/detail?stockCode=002881&announcementId=1225059491&orgId=9900032572&announcementTime=2026-03-31 00:00:00
美格智能,002881,002881,美格智能,2025年度非经营性资金占用及其他关联资金往来情况汇总表,2026-03-31 00:00:00,http://www.cninfo.com.cn/new/disclosure/detail?stockCode=002881&announcementId=1225059490&orgId=9900032572&announcementTime=2026-03-31 00:00:00
美格智能,002881,002881,美格智能,董事会对独立董事独立性评估的专项意见,2026-03-31 00:00:00,http://www.cninfo.com.cn/new/disclosure/detail?stockCode=002881&announcementId=1225059489&orgId=9900032572&announcementTime=2026-03-31 00:00:00
美格智能,002881,002881,美格智能,2025年年度审计报告,2026-03-31 00:00:00,http://www.cninfo.com.cn/new/disclosure/detail?stockCode=002881&announcementId=1225059488&orgId=9900032572&announcementTime=2026-03-31 00:00:00
美格智能,002881,002881,美格智能,2025年年度报告,2026-03-31 00:00:00,http://www.cninfo.com.cn/new/disclosure/detail?stockCode=002881&announcementId=1225059486&orgId=9900032572&announcementTime=2026-03-31 00:00:00
美格智能,002881,002881,美格智能,2025年年度报告摘要,2026-03-31 00:00:00,http://www.cninfo.com.cn/new/disclosure/detail?stockCode=002881&announcementId=1225059485&orgId=9900032572&announcementTime=2026-03-31 00:00:00
美格智能,002881,002881,美格智能,炜衡沛雄（前海）联营律师事务所关于美格智能技术股份有限公司2026年第一次临时股东会之法律意见书,2026-03-31 00:00:00,http://www.cninfo.com.cn/new/disclosure/detail?stockCode=002881&announcementId=1225058634&orgId=9900032572&announcementTime=2026-03-31 00:00:00
美格智能,002881,002881,美格智能,2026年第一次临时股东会决议公告,2026-03-31 00:00:00,http://www.cninfo.com.cn/new/disclosure/detail?stockCode=002881&announcementId=1225058633&orgId=9900032572&announcementTime=2026-03-31 00:00:00
美格智能,002881,002881,美格智能,关于公司全资子公司获得高新技术企业证书的公告,2026-03-27 00:00:00,http://www.cninfo.com.cn/new/disclosure/detail?stockCode=002881&announcementId=1225033229&orgId=9900032572&announcementTime=2026-03-27 00:00:00
美格智能,002881,002881,美格智能,关于公司控股股东部分A股股份补充质押的公告,2026-03-26 00:00:00,http://www.cninfo.com.cn/new/disclosure/detail?stockCode=002881&announcementId=1225030032&orgId=9900032572&announcementTime=2026-03-26 00:00:00
美格智能,002881,002881,美格智能,H股公告-董事会会议召开日期,2026-03-18 11:40:10,http://www.cninfo.com.cn/new/disclosure/detail?stockCode=002881&announcementId=1225015486&orgId=9900032572&announcementTime=2026-03-18 11:40:10
美格智能,002881,002881,美格智能,关于境外上市外资股(H股)挂牌并上市交易的公告,2026-03-11 00:00:00,http://www.cninfo.com.cn/new/disclosure/detail?stockCode=002881&announcementId=1225002933&orgId=9900032572&announcementTime=2026-03-11 00:00:00
美格智能,002881,002881,美格智能,关于公司境外上市外资股（H 股）调入港股通标的证券名单的公告,2026-03-11 00:00:00,http://www.cninfo.com.cn/new/disclosure/detail?stockCode=002881&announcementId=1225002932&orgId=9900032572&announcementTime=2026-03-11 00:00:00
美格智能,002881,002881,美格智能,关于控股股东、实际控制人及持股5%以上股东持股比例被动稀释触及1%及5%整数倍的提示性公告,2026-03-11 00:00:00,http://www.cninfo.com.cn/new/disclosure/detail?stockCode=002881&announcementId=1225002931&orgId=9900032572&announcementTime=2026-03-11 00:00:00
美格智能,002881,002881,美格智能,关于聘任2025年度H股审计机构的公告,2026-03-07 00:00:00,http://www.cninfo.com.cn/new/disclosure/detail?stockCode=002881&announcementId=1224999602&orgId=9900032572&announcementTime=2026-03-07 00:00:00
美格智能,002881,002881,美格智能,关于境外上市股份（H股）公开发行价格的公告,2026-03-07 00:00:00,http://www.cninfo.com.cn/new/disclosure/detail?stockCode=002881&announcementId=1224999601&orgId=9900032572&announcementTime=2026-03-07 00:00:00
美格智能,002881,002881,美格智能,关于开展外汇套期保值业务的可行性分析报告,2026-03-07 00:00:00,http://www.cninfo.com.cn/new/disclosure/detail?stockCode=002881&announcementId=1224999600&orgId=9900032572&announcementTime=2026-03-07 00:00:00
美格智能,002881,002881,美格智能,关于开展外汇套期保值业务的公告,2026-03-07 00:00:00,http://www.cninfo.com.cn/new/disclosure/detail?stockCode=002881&announcementId=1224999599&orgId=9900032572&announcementTime=2026-03-07 00:00:00
美格智能,002881,002881,美格智能,关于召开2026年第一次临时股东会的通知,2026-03-07 00:00:00,http://www.cninfo.com.cn/new/disclosure/detail?stockCode=002881&announcementId=1224999598&orgId=9900032572&announcementTime=2026-03-07 00:00:00
美格智能,002881,002881,美格智能,第四届董事会第十四次会议决议公告,2026-03-07 00:00:00,http://www.cninfo.com.cn/new/disclosure/detail?stockCode=002881&announcementId=1224999597&orgId=9900032572&announcementTime=2026-03-07 00:00:00
美格智能,002881,002881,美格智能,关于刊发H股招股说明书、H股发行价格上限及H股香港公开发售等事宜的公告,2026-02-27 07:47:31,http://www.cninfo.com.cn/new/disclosure/detail?stockCode=002881&announcementId=1224986481&orgId=9900032572&announcementTime=2026-02-27 07:47:31
美格智能,002881,002881,美格智能,关于刊发境外上市股份（H股）发行聆讯后资料集的公告,2026-02-13 00:00:00,http://www.cninfo.com.cn/new/disclosure/detail?stockCode=002881&announcementId=1224978894&orgId=9900032572&announcementTime=2026-02-13 00:00:00
美格智能,002881,002881,美格智能,第四届董事会第十三次会议决议公告,2026-02-13 00:00:00,http://www.cninfo.com.cn/new/disclosure/detail?stockCode=002881&announcementId=1224978893&orgId=9900032572&announcementTime=2026-02-13 00:00:00
美格智能,002881,002881,美格智能,关于公司全资子公司获得高新技术企业证书的公告,2026-02-06 00:00:00,http://www.cninfo.com.cn/new/disclosure/detail?stockCode=002881&announcementId=1224969365&orgId=9900032572&announcementTime=2026-02-06 00:00:00
美格智能,002881,002881,美格智能,关于申请发行境外上市股份（H股）并上市的进展公告,2025-12-23 00:00:00,http://www.cninfo.com.cn/new/disclosure/detail?stockCode=002881&announcementId=1224890263&orgId=9900032572&announcementTime=2025-12-23 00:00:00
美格智能,002881,002881,美格智能,关于发行境外上市股份（H股）获得中国证监会备案的公告,2025-12-17 00:00:00,http://www.cninfo.com.cn/new/disclosure/detail?stockCode=002881&announcementId=1224882086&orgId=9900032572&announcementTime=2025-12-17 00:00:00
美格智能,002881,002881,美格智能,关于部分股票期权注销和部分已授予但尚未解锁的限制性股票回购注销完成的公告,2025-12-02 00:00:00,http://www.cninfo.com.cn/new/disclosure/detail?stockCode=002881&announcementId=1224839826&orgId=9900032572&announcementTime=2025-12-02 00:00:00
美格智能,002881,002881,美格智能,关于回购股份注销完成暨股份变动的公告,2025-11-22 00:00:00,http://www.cninfo.com.cn/new/disclosure/detail?stockCode=002881&announcementId=1224818724&orgId=9900032572&announcementTime=2025-11-22 00:00:00
美格智能,002881,002881,美格智能,关于参加2025年度深圳辖区上市公司投资者网上集体接待日活动的公告,2025-11-18 00:00:00,http://www.cninfo.com.cn/new/disclosure/detail?stockCode=002881&announcementId=1224810205&orgId=9900032572&announcementTime=2025-11-18 00:00:00
美格智能,002881,002881,美格智能,炜衡沛雄（前海）联营律师事务所关于美格智能技术股份有限公司2025年第三次临时股东会之法律意见书,2025-11-15 00:00:00,http://www.cninfo.com.cn/new/disclosure/detail?stockCode=002881&announcementId=1224806550&orgId=9900032572&announcementTime=2025-11-15 00:00:00
美格智能,002881,002881,美格智能,2025年第三次临时股东会决议公告,2025-11-15 00:00:00,http://www.cninfo.com.cn/new/disclosure/detail?stockCode=002881&announcementId=1224806549&orgId=9900032572&announcementTime=2025-11-15 00:00:00
美格智能,002881,002881,美格智能,关于回购公司股份期限届满暨回购实施完成的公告,2025-11-15 00:00:00,http://www.cninfo.com.cn/new/disclosure/detail?stockCode=002881&announcementId=1224806548&orgId=9900032572&announcementTime=2025-11-15 00:00:00
美格智能,002881,002881,美格智能,关于股份回购进展的公告,2025-11-04 00:00:00,http://www.cninfo.com.cn/new/disclosure/detail?stockCode=002881&announcementId=1224782724&orgId=9900032572&announcementTime=2025-11-04 00:00:00
美格智能,002881,002881,美格智能,关于续聘2025年度审计机构的公告,2025-10-28 00:00:00,http://www.cninfo.com.cn/new/disclosure/detail?stockCode=002881&announcementId=1224742856&orgId=9900032572&announcementTime=2025-10-28 00:00:00
美格智能,002881,002881,美格智能,关于召开2025年第三次临时股东会的通知,2025-10-28 00:00:00,http://www.cninfo.com.cn/new/disclosure/detail?stockCode=002881&announcementId=1224742855&orgId=9900032572&announcementTime=2025-10-28 00:00:00
美格智能,002881,002881,美格智能,第四届董事会第十二次会议决议公告,2025-10-28 00:00:00,http://www.cninfo.com.cn/new/disclosure/detail?stockCode=002881&announcementId=1224742854&orgId=9900032572&announcementTime=2025-10-28 00:00:00
美格智能,002881,002881,美格智能,2025年三季度报告,2025-10-28 00:00:00,http://www.cninfo.com.cn/new/disclosure/detail?stockCode=002881&announcementId=1224742852&orgId=9900032572&announcementTime=2025-10-28 00:00:00
美格智能,002881,002881,美格智能,第四届董事会独立董事第三次专门会议审查意见,2025-10-17 00:00:00,http://www.cninfo.com.cn/new/disclosure/detail?stockCode=002881&announcementId=1224716502&orgId=9900032572&announcementTime=2025-10-17 00:00:00
美格智能,002881,002881,美格智能,关于增加2025年度日常关联交易预计额度的公告,2025-10-17 00:00:00,http://www.cninfo.com.cn/new/disclosure/detail?stockCode=002881&announcementId=1224716501&orgId=9900032572&announcementTime=2025-10-17 00:00:00
美格智能,002881,002881,美格智能,第四届董事会第十一次会议决议公告,2025-10-17 00:00:00,http://www.cninfo.com.cn/new/disclosure/detail?stockCode=002881&announcementId=1224716500&orgId=9900032572&announcementTime=2025-10-17 00:00:00
美格智能,002881,002881,美格智能,关于调整回购股份价格上限的公告,2025-10-17 00:00:00,http://www.cninfo.com.cn/new/disclosure/detail?stockCode=002881&announcementId=1224716499&orgId=9900032572&announcementTime=2025-10-17 00:00:00
美格智能,002881,002881,美格智能,关于公司控股股东部分股份解除质押的公告,2025-10-17 00:00:00,http://www.cninfo.com.cn/new/disclosure/detail?stockCode=002881&announcementId=1224715740&orgId=9900032572&announcementTime=2025-10-17 00:00:00
美格智能,002881,002881,美格智能,关于股份回购进展的公告,2025-10-10 00:00:00,http://www.cninfo.com.cn/new/disclosure/detail?stockCode=002881&announcementId=1224702864&orgId=9900032572&announcementTime=2025-10-10 00:00:00
美格智能,002881,002881,美格智能,关于公司控股股东部分股份解除质押的公告,2025-09-30 11:46:09,http://www.cninfo.com.cn/new/disclosure/detail?stockCode=002881&announcementId=1224694665&orgId=9900032572&announcementTime=2025-09-30 11:46:09
美格智能,002881,002881,美格智能,关于公司控股股东股份质押的公告,2025-09-30 00:00:00,http://www.cninfo.com.cn/new/disclosure/detail?stockCode=002881&announcementId=1224691558&orgId=9900032572&announcementTime=2025-09-30 00:00:00
美格智能,002881,002881,美格智能,关于公司控股股东部分股份解除质押的公告,2025-09-26 00:00:00,http://www.cninfo.com.cn/new/disclosure/detail?stockCode=002881&announcementId=1224680511&orgId=9900032572&announcementTime=2025-09-26 00:00:00
美格智能,002881,002881,美格智能,关于公司控股股东部分股份解除质押的公告,2025-09-18 00:00:00,http://www.cninfo.com.cn/new/disclosure/detail?stockCode=002881&announcementId=1224665508&orgId=9900032572&announcementTime=2025-09-18 00:00:00
美格智能,002881,002881,美格智能,关于控股股东、实际控制人及持股5%以上股东持股比例被动稀释触及1%整数倍的提示性公告,2025-09-10 00:00:00,http://www.cninfo.com.cn/new/disclosure/detail?stockCode=002881&announcementId=1224647192&orgId=9900032572&announcementTime=2025-09-10 00:00:00
美格智能,002881,002881,美格智能,关于股份回购进展的公告,2025-09-02 00:00:00,http://www.cninfo.com.cn/new/disclosure/detail?stockCode=002881&announcementId=1224630514&orgId=9900032572&announcementTime=2025-09-02 00:00:00
美格智能,002881,002881,美格智能,2025年半年度募集资金存放与使用情况专项报告,2025-08-28 00:00:00,http://www.cninfo.com.cn/new/disclosure/detail?stockCode=002881&announcementId=1224591371&orgId=9900032572&announcementTime=2025-08-28 00:00:00
美格智能,002881,002881,美格智能,半年度非经营性资金占用及其他关联资金往来情况汇总表,2025-08-28 00:00:00,http://www.cninfo.com.cn/new/disclosure/detail?stockCode=002881&announcementId=1224591370&orgId=9900032572&announcementTime=2025-08-28 00:00:00
美格智能,002881,002881,美格智能,2025年半年度报告,2025-08-28 00:00:00,http://www.cninfo.com.cn/new/disclosure/detail?stockCode=002881&announcementId=1224591369&orgId=9900032572&announcementTime=2025-08-28 00:00:00
美格智能,002881,002881,美格智能,半年报董事会决议公告,2025-08-28 00:00:00,http://www.cninfo.com.cn/new/disclosure/detail?stockCode=002881&announcementId=1224591368&orgId=9900032572&announcementTime=2025-08-28 00:00:00
美格智能,002881,002881,美格智能,2025年半年度财务报告,2025-08-28 00:00:00,http://www.cninfo.com.cn/new/disclosure/detail?stockCode=002881&announcementId=1224591367&orgId=9900032572&announcementTime=2025-08-28 00:00:00
美格智能,002881,002881,美格智能,2025年半年度报告摘要,2025-08-28 00:00:00,http://www.cninfo.com.cn/new/disclosure/detail?stockCode=002881&announcementId=1224591365&orgId=9900032572&announcementTime=2025-08-28 00:00:00
美格智能,002881,002881,美格智能,关于2024年度股票期权与限制性股票激励计划预留限制性股票授予登记完成的公告（回购股份）,2025-08-11 00:00:00,http://www.cninfo.com.cn/new/disclosure/detail?stockCode=002881&announcementId=1224441864&orgId=9900032572&announcementTime=2025-08-11 00:00:00
美格智能,002881,002881,美格智能,关于2024年度股票期权与限制性股票激励计划预留股票期权授予登记完成的公告,2025-08-07 00:00:00,http://www.cninfo.com.cn/new/disclosure/detail?stockCode=002881&announcementId=1224414691&orgId=9900032572&announcementTime=2025-08-07 00:00:00
美格智能,002881,002881,美格智能,关于2024年度股票期权与限制性股票激励计划预留限制性股票授予登记完成的公告（新增股份）,2025-08-07 00:00:00,http://www.cninfo.com.cn/new/disclosure/detail?stockCode=002881&announcementId=1224414690&orgId=9900032572&announcementTime=2025-08-07 00:00:00
美格智能,002881,002881,美格智能,关于股份回购进展的公告,2025-08-05 00:00:00,http://www.cninfo.com.cn/new/disclosure/detail?stockCode=002881&announcementId=1224385437&orgId=9900032572&announcementTime=2025-08-05 00:00:00
美格智能,002881,002881,美格智能,关于完成工商变更登记的公告,2025-07-29 00:00:00,http://www.cninfo.com.cn/new/disclosure/detail?stockCode=002881&announcementId=1224317346&orgId=9900032572&announcementTime=2025-07-29 00:00:00
美格智能,002881,002881,美格智能,关于2024年度股票期权与限制性股票激励计划首次授予限制性股票第一个解除限售期解除限售股份上市流通的提示性公告,2025-07-26 00:00:00,http://www.cninfo.com.cn/new/disclosure/detail?stockCode=002881&announcementId=1224299475&orgId=9900032572&announcementTime=2025-07-26 00:00:00
美格智能,002881,002881,美格智能,关于2024年度股票期权与限制性股票激励计划首次授予股票期权第一个行权期自主行权的提示性公告,2025-07-22 00:00:00,http://www.cninfo.com.cn/new/disclosure/detail?stockCode=002881&announcementId=1224237149&orgId=9900032572&announcementTime=2025-07-22 00:00:00
美格智能,002881,002881,美格智能,2025年半年度业绩预告,2025-07-15 00:00:00,http://www.cninfo.com.cn/new/disclosure/detail?stockCode=002881&announcementId=1224162436&orgId=9900032572&announcementTime=2025-07-15 00:00:00
美格智能,002881,002881,美格智能,炜衡沛雄（前海）联营律师事务所关于美格智能技术股份有限公司2024年度股票期权与限制性股票激励计划首次授予股票期权第一个行权期行权条件成就、首次授予限制性股票第一个解除限售期解除限售条件成就及注销部分股票期权相关事项之法律意见书,2025-07-11 00:00:00,http://www.cninfo.com.cn/new/disclosure/detail?stockCode=002881&announcementId=1224130151&orgId=9900032572&announcementTime=2025-07-11 00:00:00
美格智能,002881,002881,美格智能,关于2024年度股票期权与限制性股票激励计划首次授予限制性股票第一个解除限售期解除限售条件成就的公告,2025-07-11 00:00:00,http://www.cninfo.com.cn/new/disclosure/detail?stockCode=002881&announcementId=1224130149&orgId=9900032572&announcementTime=2025-07-11 00:00:00
美格智能,002881,002881,美格智能,关于注销部分股票期权的公告,2025-07-11 00:00:00,http://www.cninfo.com.cn/new/disclosure/detail?stockCode=002881&announcementId=1224130148&orgId=9900032572&announcementTime=2025-07-11 00:00:00
美格智能,002881,002881,美格智能,第四届董事会第九次会议决议公告,2025-07-11 00:00:00,http://www.cninfo.com.cn/new/disclosure/detail?stockCode=002881&announcementId=1224130147&orgId=9900032572&announcementTime=2025-07-11 00:00:00
美格智能,002881,002881,美格智能,关于2024年度股票期权与限制性股票激励计划首次授予股票期权第一个行权期行权条件成就的公告,2025-07-11 00:00:00,http://www.cninfo.com.cn/new/disclosure/detail?stockCode=002881&announcementId=1224130146&orgId=9900032572&announcementTime=2025-07-11 00:00:00
美格智能,002881,002881,美格智能,关于股份回购进展的公告,2025-07-02 00:00:00,http://www.cninfo.com.cn/new/disclosure/detail?stockCode=002881&announcementId=1224056602&orgId=9900032572&announcementTime=2025-07-02 00:00:00
美格智能,002881,002881,美格智能,关于发行境外上市股份（H股）备案申请材料获中国证监会接收的公告,2025-06-30 11:48:09,http://www.cninfo.com.cn/new/disclosure/detail?stockCode=002881&announcementId=1224033945&orgId=9900032572&announcementTime=2025-06-30 11:48:09
美格智能,002881,002881,美格智能,东莞证券股份有限公司关于美格智能技术股份有限公司2024年度持续督导现场培训报告,2025-06-20 00:00:00,http://www.cninfo.com.cn/new/disclosure/detail?stockCode=002881&announcementId=1223933205&orgId=9900032572&announcementTime=2025-06-20 00:00:00
美格智能,002881,002881,美格智能,东莞证券股份有限公司关于美格智能技术股份有限公司持续督导定期现场核查报告,2025-06-20 00:00:00,http://www.cninfo.com.cn/new/disclosure/detail?stockCode=002881&announcementId=1223933202&orgId=9900032572&announcementTime=2025-06-20 00:00:00
美格智能,002881,002881,美格智能,关于向香港联交所递交境外上市股份（H股）发行并上市申请并刊发申请资料的公告,2025-06-19 11:44:27,http://www.cninfo.com.cn/new/disclosure/detail?stockCode=002881&announcementId=1223924453&orgId=9900032572&announcementTime=2025-06-19 11:44:27
美格智能,002881,002881,美格智能,东莞证券股份有限公司关于美格智能技术股份有限公司2021年度非公开发行股票持续督导保荐总结报告书,2025-06-14 00:00:00,http://www.cninfo.com.cn/new/disclosure/detail?stockCode=002881&announcementId=1223876297&orgId=9900032572&announcementTime=2025-06-14 00:00:00
美格智能,002881,002881,美格智能,炜衡沛雄（前海）联营律师事务所关于美格智能技术股份有限公司2024年度股票期权与限制性股票激励计划调整股票期权行权价格、限制性股票回购价格和授予预留股票期权与限制性股票相关事项之法律意见书,2025-06-11 00:00:00,http://www.cninfo.com.cn/new/disclosure/detail?stockCode=002881&announcementId=1223836545&orgId=9900032572&announcementTime=2025-06-11 00:00:00
美格智能,002881,002881,美格智能,2024年度股票期权与限制性股票激励计划预留授予激励对象名单（授予日）,2025-06-11 00:00:00,http://www.cninfo.com.cn/new/disclosure/detail?stockCode=002881&announcementId=1223836544&orgId=9900032572&announcementTime=2025-06-11 00:00:00
美格智能,002881,002881,美格智能,关于向激励对象授予预留股票期权与限制性股票的公告,2025-06-11 00:00:00,http://www.cninfo.com.cn/new/disclosure/detail?stockCode=002881&announcementId=1223836543&orgId=9900032572&announcementTime=2025-06-11 00:00:00
美格智能,002881,002881,美格智能,第四届董事会第八次会议决议公告,2025-06-11 00:00:00,http://www.cninfo.com.cn/new/disclosure/detail?stockCode=002881&announcementId=1223836542&orgId=9900032572&announcementTime=2025-06-11 00:00:00
美格智能,002881,002881,美格智能,关于调整公司2024年度股票期权与限制性股票激励计划的期权行权价格和限制性股票回购价格的公告,2025-06-11 00:00:00,http://www.cninfo.com.cn/new/disclosure/detail?stockCode=002881&announcementId=1223836541&orgId=9900032572&announcementTime=2025-06-11 00:00:00
美格智能,002881,002881,美格智能,关于选举职工代表董事的公告,2025-06-06 00:00:00,http://www.cninfo.com.cn/new/disclosure/detail?stockCode=002881&announcementId=1223788207&orgId=9900032572&announcementTime=2025-06-06 00:00:00
美格智能,002881,002881,美格智能,炜衡沛雄（前海）联营律师事务所关于美格智能技术股份有限公司2025年第二次临时股东大会之法律意见书,2025-06-06 00:00:00,http://www.cninfo.com.cn/new/disclosure/detail?stockCode=002881&announcementId=1223788206&orgId=9900032572&announcementTime=2025-06-06 00:00:00
美格智能,002881,002881,美格智能,2025年第二次临时股东大会决议公告,2025-06-06 00:00:00,http://www.cninfo.com.cn/new/disclosure/detail?stockCode=002881&announcementId=1223788205&orgId=9900032572&announcementTime=2025-06-06 00:00:00
美格智能,002881,002881,美格智能,关于股份回购进展的公告,2025-06-04 00:00:00,http://www.cninfo.com.cn/new/disclosure/detail?stockCode=002881&announcementId=1223748791&orgId=9900032572&announcementTime=2025-06-04 00:00:00
美格智能,002881,002881,美格智能,2024年年度权益分派实施公告,2025-05-23 00:00:00,http://www.cninfo.com.cn/new/disclosure/detail?stockCode=002881&announcementId=1223633254&orgId=9900032572&announcementTime=2025-05-23 00:00:00
美格智能,002881,002881,美格智能,关于举行2024年度网上业绩说明会的公告,2025-05-23 00:00:00,http://www.cninfo.com.cn/new/disclosure/detail?stockCode=002881&announcementId=1223632873&orgId=9900032572&announcementTime=2025-05-23 00:00:00
美格智能,002881,002881,美格智能,内幕信息知情人登记管理制度（草案）_H股上市后适用,2025-05-20 00:00:00,http://www.cninfo.com.cn/new/disclosure/detail?stockCode=002881&announcementId=1223590452&orgId=9900032572&announcementTime=2025-05-20 00:00:00
美格智能,002881,002881,美格智能,独立董事提名人声明与承诺（刘佳）,2025-05-20 00:00:00,http://www.cninfo.com.cn/new/disclosure/detail?stockCode=002881&announcementId=1223590451&orgId=9900032572&announcementTime=2025-05-20 00:00:00
美格智能,002881,002881,美格智能,薪酬与考核委员会议事规则（草案）_H股上市后适用,2025-05-20 00:00:00,http://www.cninfo.com.cn/new/disclosure/detail?stockCode=002881&announcementId=1223590450&orgId=9900032572&announcementTime=2025-05-20 00:00:00
美格智能,002881,002881,美格智能,关于制定H股发行上市后适用的《公司章程》及相关议事规则的公告,2025-05-20 00:00:00,http://www.cninfo.com.cn/new/disclosure/detail?stockCode=002881&announcementId=1223590449&orgId=9900032572&announcementTime=2025-05-20 00:00:00
美格智能,002881,002881,美格智能,股东会议事规则（2025年5月）,2025-05-20 00:00:00,http://www.cninfo.com.cn/new/disclosure/detail?stockCode=002881&announcementId=1223590448&orgId=9900032572&announcementTime=2025-05-20 00:00:00
美格智能,002881,002881,美格智能,董事会议事规则（草案）_H股上市后适用,2025-05-20 00:00:00,http://www.cninfo.com.cn/new/disclosure/detail?stockCode=002881&announcementId=1223590447&orgId=9900032572&announcementTime=2025-05-20 00:00:00
美格智能,002881,002881,美格智能,独立董事工作制度（2025年5月）,2025-05-20 00:00:00,http://www.cninfo.com.cn/new/disclosure/detail?stockCode=002881&announcementId=1223590446&orgId=9900032572&announcementTime=2025-05-20 00:00:00
美格智能,002881,002881,美格智能,独立董事年报工作制度（2025年5月）,2025-05-20 00:00:00,http://www.cninfo.com.cn/new/disclosure/detail?stockCode=002881&announcementId=1223590445&orgId=9900032572&announcementTime=2025-05-20 00:00:00
美格智能,002881,002881,美格智能,审计委员会议事规则（草案）_H股上市后适用,2025-05-20 00:00:00,http://www.cninfo.com.cn/new/disclosure/detail?stockCode=002881&announcementId=1223590444&orgId=9900032572&announcementTime=2025-05-20 00:00:00
美格智能,002881,002881,美格智能,战略委员会工作条例（2025年5月）,2025-05-20 00:00:00,http://www.cninfo.com.cn/new/disclosure/detail?stockCode=002881&announcementId=1223590443&orgId=9900032572&announcementTime=2025-05-20 00:00:00
美格智能,002881,002881,美格智能,关联交易决策制度（2025年5月）,2025-05-20 00:00:00,http://www.cninfo.com.cn/new/disclosure/detail?stockCode=002881&announcementId=1223590442&orgId=9900032572&announcementTime=2025-05-20 00:00:00
美格智能,002881,002881,美格智能,关于变更公司注册资本及修订《公司章程》的公告,2025-05-20 00:00:00,http://www.cninfo.com.cn/new/disclosure/detail?stockCode=002881&announcementId=1223590441&orgId=9900032572&announcementTime=2025-05-20 00:00:00
美格智能,002881,002881,美格智能,关于聘请H股发行并上市审计机构的公告,2025-05-20 00:00:00,http://www.cninfo.com.cn/new/disclosure/detail?stockCode=002881&announcementId=1223590440&orgId=9900032572&announcementTime=2025-05-20 00:00:00
美格智能,002881,002881,美格智能,外部信息报送和使用管理制度（2025年5月）,2025-05-20 00:00:00,http://www.cninfo.com.cn/new/disclosure/detail?stockCode=002881&announcementId=1223590439&orgId=9900032572&announcementTime=2025-05-20 00:00:00
美格智能,002881,002881,美格智能,舆情管理制度（2025年5月）,2025-05-20 00:00:00,http://www.cninfo.com.cn/new/disclosure/detail?stockCode=002881&announcementId=1223590438&orgId=9900032572&announcementTime=2025-05-20 00:00:00
美格智能,002881,002881,美格智能,关于筹划发行H股股票并在香港联合交易所有限公司上市相关事项的提示性公告,2025-05-20 00:00:00,http://www.cninfo.com.cn/new/disclosure/detail?stockCode=002881&announcementId=1223590437&orgId=9900032572&announcementTime=2025-05-20 00:00:00
美格智能,002881,002881,美格智能,董事、高级管理人员持有和买卖本公司股票管理制度（草案）_H股上市后适用,2025-05-20 00:00:00,http://www.cninfo.com.cn/new/disclosure/detail?stockCode=002881&announcementId=1223590436&orgId=9900032572&announcementTime=2025-05-20 00:00:00
美格智能,002881,002881,美格智能,募集资金管理办法（2025年5月）,2025-05-20 00:00:00,http://www.cninfo.com.cn/new/disclosure/detail?stockCode=002881&announcementId=1223590435&orgId=9900032572&announcementTime=2025-05-20 00:00:00
美格智能,002881,002881,美格智能,独立董事专门会议工作细则（2025年5月）,2025-05-20 00:00:00,http://www.cninfo.com.cn/new/disclosure/detail?stockCode=002881&announcementId=1223590434&orgId=9900032572&announcementTime=2025-05-20 00:00:00
美格智能,002881,002881,美格智能,信息披露管理办法（草案）_H股上市后适用,2025-05-20 00:00:00,http://www.cninfo.com.cn/new/disclosure/detail?stockCode=002881&announcementId=1223590433&orgId=9900032572&announcementTime=2025-05-20 00:00:00
美格智能,002881,002881,美格智能,关于制定H股上市后适用的公司治理制度的公告,2025-05-20 00:00:00,http://www.cninfo.com.cn/new/disclosure/detail?stockCode=002881&announcementId=1223590432&orgId=9900032572&announcementTime=2025-05-20 00:00:00
美格智能,002881,002881,美格智能,对外投资管理办法（2025年5月）,2025-05-20 00:00:00,http://www.cninfo.com.cn/new/disclosure/detail?stockCode=002881&announcementId=1223590431&orgId=9900032572&announcementTime=2025-05-20 00:00:00
美格智能,002881,002881,美格智能,年报信息披露重大差错责任追究制度（2025年5月）,2025-05-20 00:00:00,http://www.cninfo.com.cn/new/disclosure/detail?stockCode=002881&announcementId=1223590430&orgId=9900032572&announcementTime=2025-05-20 00:00:00
美格智能,002881,002881,美格智能,公司章程（草案）_H股上市后适用,2025-05-20 00:00:00,http://www.cninfo.com.cn/new/disclosure/detail?stockCode=002881&announcementId=1223590429&orgId=9900032572&announcementTime=2025-05-20 00:00:00
美格智能,002881,002881,美格智能,战略委员会议事规则（草案）_H股上市后适用,2025-05-20 00:00:00,http://www.cninfo.com.cn/new/disclosure/detail?stockCode=002881&announcementId=1223590428&orgId=9900032572&announcementTime=2025-05-20 00:00:00
美格智能,002881,002881,美格智能,关于增选公司第四届董事会独立董事的公告,2025-05-20 00:00:00,http://www.cninfo.com.cn/new/disclosure/detail?stockCode=002881&announcementId=1223590427&orgId=9900032572&announcementTime=2025-05-20 00:00:00
美格智能,002881,002881,美格智能,董事会议事规则（2025年5月）,2025-05-20 00:00:00,http://www.cninfo.com.cn/new/disclosure/detail?stockCode=002881&announcementId=1223590426&orgId=9900032572&announcementTime=2025-05-20 00:00:00
美格智能,002881,002881,美格智能,内部控制制度（2025年5月）,2025-05-20 00:00:00,http://www.cninfo.com.cn/new/disclosure/detail?stockCode=002881&announcementId=1223590424&orgId=9900032572&announcementTime=2025-05-20 00:00:00
美格智能,002881,002881,美格智能,提名委员会议事规则（草案）_H股上市后适用,2025-05-20 00:00:00,http://www.cninfo.com.cn/new/disclosure/detail?stockCode=002881&announcementId=1223590422&orgId=9900032572&announcementTime=2025-05-20 00:00:00
美格智能,002881,002881,美格智能,董事、高级管理人员持有和买卖本公司股票管理制度（2025年5月）,2025-05-20 00:00:00,http://www.cninfo.com.cn/new/disclosure/detail?stockCode=002881&announcementId=1223590421&orgId=9900032572&announcementTime=2025-05-20 00:00:00
美格智能,002881,002881,美格智能,内幕信息知情人登记管理制度（2025年5月）,2025-05-20 00:00:00,http://www.cninfo.com.cn/new/disclosure/detail?stockCode=002881&announcementId=1223590420&orgId=9900032572&announcementTime=2025-05-20 00:00:00
美格智能,002881,002881,美格智能,董事会成员及雇员多元化政策（草案）_H股上市后适用,2025-05-20 00:00:00,http://www.cninfo.com.cn/new/disclosure/detail?stockCode=002881&announcementId=1223590419&orgId=9900032572&announcementTime=2025-05-20 00:00:00
美格智能,002881,002881,美格智能,薪酬与考核委员会工作条例（2025年5月）,2025-05-20 00:00:00,http://www.cninfo.com.cn/new/disclosure/detail?stockCode=002881&announcementId=1223590418&orgId=9900032572&announcementTime=2025-05-20 00:00:00
美格智能,002881,002881,美格智能,第四届董事会第七次会议决议公告,2025-05-20 00:00:00,http://www.cninfo.com.cn/new/disclosure/detail?stockCode=002881&announcementId=1223590417&orgId=9900032572&announcementTime=2025-05-20 00:00:00
美格智能,002881,002881,美格智能,境外发行证券及上市相关的保密和档案管理制度,2025-05-20 00:00:00,http://www.cninfo.com.cn/new/disclosure/detail?stockCode=002881&announcementId=1223590415&orgId=9900032572&announcementTime=2025-05-20 00:00:00
美格智能,002881,002881,美格智能,审计委员会工作条例（2025年5月）,2025-05-20 00:00:00,http://www.cninfo.com.cn/new/disclosure/detail?stockCode=002881&announcementId=1223590414&orgId=9900032572&announcementTime=2025-05-20 00:00:00
美格智能,002881,002881,美格智能,董事会审计委员会年报工作规程（2025年5月）,2025-05-20 00:00:00,http://www.cninfo.com.cn/new/disclosure/detail?stockCode=002881&announcementId=1223590413&orgId=9900032572&announcementTime=2025-05-20 00:00:00
美格智能,002881,002881,美格智能,独立董事候选人关于参加独立董事培训并取得独立董事资格证书的承诺函（刘佳）,2025-05-20 00:00:00,http://www.cninfo.com.cn/new/disclosure/detail?stockCode=002881&announcementId=1223590412&orgId=9900032572&announcementTime=2025-05-20 00:00:00
美格智能,002881,002881,美格智能,年报信息披露重大差错责任追究制度（草案）_H股上市后适用,2025-05-20 00:00:00,http://www.cninfo.com.cn/new/disclosure/detail?stockCode=002881&announcementId=1223590411&orgId=9900032572&announcementTime=2025-05-20 00:00:00
美格智能,002881,002881,美格智能,内部审计制度（2025年5月）,2025-05-20 00:00:00,http://www.cninfo.com.cn/new/disclosure/detail?stockCode=002881&announcementId=1223590409&orgId=9900032572&announcementTime=2025-05-20 00:00:00
美格智能,002881,002881,美格智能,公司章程（2025年5月）,2025-05-20 00:00:00,http://www.cninfo.com.cn/new/disclosure/detail?stockCode=002881&announcementId=1223590408&orgId=9900032572&announcementTime=2025-05-20 00:00:00
美格智能,002881,002881,美格智能,第四届董事会独立董事第二次专门会议审查意见,2025-05-20 00:00:00,http://www.cninfo.com.cn/new/disclosure/detail?stockCode=002881&announcementId=1223590407&orgId=9900032572&announcementTime=2025-05-20 00:00:00
美格智能,002881,002881,美格智能,投资者关系管理制度（2025年5月）,2025-05-20 00:00:00,http://www.cninfo.com.cn/new/disclosure/detail?stockCode=002881&announcementId=1223590406&orgId=9900032572&announcementTime=2025-05-20 00:00:00
美格智能,002881,002881,美格智能,对外担保管理办法（2025年5月）,2025-05-20 00:00:00,http://www.cninfo.com.cn/new/disclosure/detail?stockCode=002881&announcementId=1223590405&orgId=9900032572&announcementTime=2025-05-20 00:00:00
美格智能,002881,002881,美格智能,第四届监事会第六次会议决议公告,2025-05-20 00:00:00,http://www.cninfo.com.cn/new/disclosure/detail?stockCode=002881&announcementId=1223590404&orgId=9900032572&announcementTime=2025-05-20 00:00:00
美格智能,002881,002881,美格智能,信息披露管理办法（2025年5月）,2025-05-20 00:00:00,http://www.cninfo.com.cn/new/disclosure/detail?stockCode=002881&announcementId=1223590403&orgId=9900032572&announcementTime=2025-05-20 00:00:00
美格智能,002881,002881,美格智能,关于召开2025年第二次临时股东大会的通知,2025-05-20 00:00:00,http://www.cninfo.com.cn/new/disclosure/detail?stockCode=002881&announcementId=1223590402&orgId=9900032572&announcementTime=2025-05-20 00:00:00
美格智能,002881,002881,美格智能,会计师事务所选聘制度（2025年5月）,2025-05-20 00:00:00,http://www.cninfo.com.cn/new/disclosure/detail?stockCode=002881&announcementId=1223590401&orgId=9900032572&announcementTime=2025-05-20 00:00:00
美格智能,002881,002881,美格智能,股东会议事规则（草案）_H股上市后适用,2025-05-20 00:00:00,http://www.cninfo.com.cn/new/disclosure/detail?stockCode=002881&announcementId=1223590400&orgId=9900032572&announcementTime=2025-05-20 00:00:00
美格智能,002881,002881,美格智能,董事会秘书工作制度（2025年5月）,2025-05-20 00:00:00,http://www.cninfo.com.cn/new/disclosure/detail?stockCode=002881&announcementId=1223590399&orgId=9900032572&announcementTime=2025-05-20 00:00:00
美格智能,002881,002881,美格智能,提名委员会工作条例（2025年5月）,2025-05-20 00:00:00,http://www.cninfo.com.cn/new/disclosure/detail?stockCode=002881&announcementId=1223590398&orgId=9900032572&announcementTime=2025-05-20 00:00:00
美格智能,002881,002881,美格智能,总经理工作细则（2025年5月）,2025-05-20 00:00:00,http://www.cninfo.com.cn/new/disclosure/detail?stockCode=002881&announcementId=1223590397&orgId=9900032572&announcementTime=2025-05-20 00:00:00
美格智能,002881,002881,美格智能,独立董事工作制度（草案）_H股上市后适用,2025-05-20 00:00:00,http://www.cninfo.com.cn/new/disclosure/detail?stockCode=002881&announcementId=1223590396&orgId=9900032572&announcementTime=2025-05-20 00:00:00
美格智能,002881,002881,美格智能,关联交易决策制度（草案）_H股上市后适用,2025-05-20 00:00:00,http://www.cninfo.com.cn/new/disclosure/detail?stockCode=002881&announcementId=1223590395&orgId=9900032572&announcementTime=2025-05-20 00:00:00
美格智能,002881,002881,美格智能,独立董事候选人声明与承诺（刘佳）,2025-05-20 00:00:00,http://www.cninfo.com.cn/new/disclosure/detail?stockCode=002881&announcementId=1223590394&orgId=9900032572&announcementTime=2025-05-20 00:00:00
美格智能,002881,002881,美格智能,炜衡沛雄（前海）联营律师事务所关于美格智能技术股份有限公司2024年年度股东大会之法律意见书,2025-05-20 00:00:00,http://www.cninfo.com.cn/new/disclosure/detail?stockCode=002881&announcementId=1223589783&orgId=9900032572&announcementTime=2025-05-20 00:00:00
美格智能,002881,002881,美格智能,2024年年度股东大会决议公告,2025-05-20 00:00:00,http://www.cninfo.com.cn/new/disclosure/detail?stockCode=002881&announcementId=1223589781&orgId=9900032572&announcementTime=2025-05-20 00:00:00
美格智能,002881,002881,美格智能,关于公司控股股东部分股份解除质押的公告,2025-05-13 00:00:00,http://www.cninfo.com.cn/new/disclosure/detail?stockCode=002881&announcementId=1223525183&orgId=9900032572&announcementTime=2025-05-13 00:00:00
美格智能,002881,002881,美格智能,关于股份回购进展的公告,2025-05-08 00:00:00,http://www.cninfo.com.cn/new/disclosure/detail?stockCode=002881&announcementId=1223488801&orgId=9900032572&announcementTime=2025-05-08 00:00:00
美格智能,002881,002881,美格智能,东莞证券股份有限公司关于美格智能技术股份有限公司募集资金投资项目延期的核查意见,2025-04-28 00:00:00,http://www.cninfo.com.cn/new/disclosure/detail?stockCode=002881&announcementId=1223323485&orgId=9900032572&announcementTime=2025-04-28 00:00:00
美格智能,002881,002881,美格智能,董事会对独立董事独立性评估的专项意见,2025-04-28 00:00:00,http://www.cninfo.com.cn/new/disclosure/detail?stockCode=002881&announcementId=1223323483&orgId=9900032572&announcementTime=2025-04-28 00:00:00
美格智能,002881,002881,美格智能,东莞证券股份有限公司关于美格智能使用部分闲置资金暂时补充流动资金的核查意见,2025-04-28 00:00:00,http://www.cninfo.com.cn/new/disclosure/detail?stockCode=002881&announcementId=1223323481&orgId=9900032572&announcementTime=2025-04-28 00:00:00
美格智能,002881,002881,美格智能,2024年年度报告,2025-04-28 00:00:00,http://www.cninfo.com.cn/new/disclosure/detail?stockCode=002881&announcementId=1223323479&orgId=9900032572&announcementTime=2025-04-28 00:00:00
美格智能,002881,002881,美格智能,关于使用部分闲置募集资金暂时补充流动资金的公告,2025-04-28 00:00:00,http://www.cninfo.com.cn/new/disclosure/detail?stockCode=002881&announcementId=1223323478&orgId=9900032572&announcementTime=2025-04-28 00:00:00
美格智能,002881,002881,美格智能,内部控制审计报告,2025-04-28 00:00:00,http://www.cninfo.com.cn/new/disclosure/detail?stockCode=002881&announcementId=1223323477&orgId=9900032572&announcementTime=2025-04-28 00:00:00
美格智能,002881,002881,美格智能,2024年度财务决算报告,2025-04-28 00:00:00,http://www.cninfo.com.cn/new/disclosure/detail?stockCode=002881&announcementId=1223323476&orgId=9900032572&announcementTime=2025-04-28 00:00:00
美格智能,002881,002881,美格智能,2024年度非经营性资金占用及其他关联资金往来情况汇总表,2025-04-28 00:00:00,http://www.cninfo.com.cn/new/disclosure/detail?stockCode=002881&announcementId=1223323475&orgId=9900032572&announcementTime=2025-04-28 00:00:00
美格智能,002881,002881,美格智能,年度募集资金使用鉴证报告,2025-04-28 00:00:00,http://www.cninfo.com.cn/new/disclosure/detail?stockCode=002881&announcementId=1223323474&orgId=9900032572&announcementTime=2025-04-28 00:00:00
美格智能,002881,002881,美格智能,董事会决议公告,2025-04-28 00:00:00,http://www.cninfo.com.cn/new/disclosure/detail?stockCode=002881&announcementId=1223323473&orgId=9900032572&announcementTime=2025-04-28 00:00:00
美格智能,002881,002881,美格智能,2024年度独立董事述职报告（杨政）,2025-04-28 00:00:00,http://www.cninfo.com.cn/new/disclosure/detail?stockCode=002881&announcementId=1223323472&orgId=9900032572&announcementTime=2025-04-28 00:00:00
美格智能,002881,002881,美格智能,监事会决议公告,2025-04-28 00:00:00,http://www.cninfo.com.cn/new/disclosure/detail?stockCode=002881&announcementId=1223323471&orgId=9900032572&announcementTime=2025-04-28 00:00:00
美格智能,002881,002881,美格智能,关于募集资金投资项目延期的公告,2025-04-28 00:00:00,http://www.cninfo.com.cn/new/disclosure/detail?stockCode=002881&announcementId=1223323470&orgId=9900032572&announcementTime=2025-04-28 00:00:00
美格智能,002881,002881,美格智能,年度募集资金使用情况专项说明,2025-04-28 00:00:00,http://www.cninfo.com.cn/new/disclosure/detail?stockCode=002881&announcementId=1223323469&orgId=9900032572&announcementTime=2025-04-28 00:00:00
美格智能,002881,002881,美格智能,2024年度董事会工作报告,2025-04-28 00:00:00,http://www.cninfo.com.cn/new/disclosure/detail?stockCode=002881&announcementId=1223323468&orgId=9900032572&announcementTime=2025-04-28 00:00:00
美格智能,002881,002881,美格智能,董事会审计委员会对会计师事务所2024年度履职情况评估及履行监督职责情况的报告,2025-04-28 00:00:00,http://www.cninfo.com.cn/new/disclosure/detail?stockCode=002881&announcementId=1223323467&orgId=9900032572&announcementTime=2025-04-28 00:00:00
美格智能,002881,002881,美格智能,东莞证券股份有限公司关于美格智能技术股份有限公司2024年度募集资金存放与使用情况之专项核查意见,2025-04-28 00:00:00,http://www.cninfo.com.cn/new/disclosure/detail?stockCode=002881&announcementId=1223323466&orgId=9900032572&announcementTime=2025-04-28 00:00:00
美格智能,002881,002881,美格智能,关于2024年度利润分配预案的公告,2025-04-28 00:00:00,http://www.cninfo.com.cn/new/disclosure/detail?stockCode=002881&announcementId=1223323465&orgId=9900032572&announcementTime=2025-04-28 00:00:00
美格智能,002881,002881,美格智能,2024年度独立董事述职报告（马利军）,2025-04-28 00:00:00,http://www.cninfo.com.cn/new/disclosure/detail?stockCode=002881&announcementId=1223323464&orgId=9900032572&announcementTime=2025-04-28 00:00:00
美格智能,002881,002881,美格智能,东莞证券股份有限公司关于美格智能2024年度内部控制自我评价报告的核查意见,2025-04-28 00:00:00,http://www.cninfo.com.cn/new/disclosure/detail?stockCode=002881&announcementId=1223323463&orgId=9900032572&announcementTime=2025-04-28 00:00:00
美格智能,002881,002881,美格智能,关于会计政策变更的公告,2025-04-28 00:00:00,http://www.cninfo.com.cn/new/disclosure/detail?stockCode=002881&announcementId=1223323461&orgId=9900032572&announcementTime=2025-04-28 00:00:00
美格智能,002881,002881,美格智能,2024年年度报告摘要,2025-04-28 00:00:00,http://www.cninfo.com.cn/new/disclosure/detail?stockCode=002881&announcementId=1223323457&orgId=9900032572&announcementTime=2025-04-28 00:00:00
美格智能,002881,002881,美格智能,2024年年度审计报告,2025-04-28 00:00:00,http://www.cninfo.com.cn/new/disclosure/detail?stockCode=002881&announcementId=1223323442&orgId=9900032572&announcementTime=2025-04-28 00:00:00
美格智能,002881,002881,美格智能,内部控制自我评价报告,2025-04-28 00:00:00,http://www.cninfo.com.cn/new/disclosure/detail?stockCode=002881&announcementId=1223323432&orgId=9900032572&announcementTime=2025-04-28 00:00:00
美格智能,002881,002881,美格智能,2025年一季度报告,2025-04-28 00:00:00,http://www.cninfo.com.cn/new/disclosure/detail?stockCode=002881&announcementId=1223323414&orgId=9900032572&announcementTime=2025-04-28 00:00:00
美格智能,002881,002881,美格智能,年度关联方资金占用专项审计报告,2025-04-28 00:00:00,http://www.cninfo.com.cn/new/disclosure/detail?stockCode=002881&announcementId=1223323407&orgId=9900032572&announcementTime=2025-04-28 00:00:00
美格智能,002881,002881,美格智能,2024年度监事会工作报告,2025-04-28 00:00:00,http://www.cninfo.com.cn/new/disclosure/detail?stockCode=002881&announcementId=1223323405&orgId=9900032572&announcementTime=2025-04-28 00:00:00
美格智能,002881,002881,美格智能,年度股东大会通知,2025-04-28 00:00:00,http://www.cninfo.com.cn/new/disclosure/detail?stockCode=002881&announcementId=1223323404&orgId=9900032572&announcementTime=2025-04-28 00:00:00
美格智能,002881,002881,美格智能,关于归还暂时补充流动资金的闲置募集资金的公告,2025-04-12 00:00:00,http://www.cninfo.com.cn/new/disclosure/detail?stockCode=002881&announcementId=1223070955&orgId=9900032572&announcementTime=2025-04-12 00:00:00
美格智能,002881,002881,美格智能,2024年度业绩快报,2025-04-12 00:00:00,http://www.cninfo.com.cn/new/disclosure/detail?stockCode=002881&announcementId=1223070288&orgId=9900032572&announcementTime=2025-04-12 00:00:00
美格智能,002881,002881,美格智能,2025年第一季度业绩预告,2025-04-12 00:00:00,http://www.cninfo.com.cn/new/disclosure/detail?stockCode=002881&announcementId=1223070287&orgId=9900032572&announcementTime=2025-04-12 00:00:00
美格智能,002881,002881,美格智能,关于公司控股股东部分股份解除质押的公告,2025-04-11 00:00:00,http://www.cninfo.com.cn/new/disclosure/detail?stockCode=002881&announcementId=1223053221&orgId=9900032572&announcementTime=2025-04-11 00:00:00
美格智能,002881,002881,美格智能,关于股份回购进展的公告,2025-04-10 00:00:00,http://www.cninfo.com.cn/new/disclosure/detail?stockCode=002881&announcementId=1223041976&orgId=9900032572&announcementTime=2025-04-10 00:00:00
美格智能,002881,002881,美格智能,关于股份回购进展的公告,2025-04-03 00:00:00,http://www.cninfo.com.cn/new/disclosure/detail?stockCode=002881&announcementId=1222989635&orgId=9900032572&announcementTime=2025-04-03 00:00:00
美格智能,002881,002881,美格智能,炜衡沛雄（前海）联营律师事务所关于美格智能技术股份有限公司2025年第一次临时股东大会之法律意见书,2025-03-19 00:00:00,http://www.cninfo.com.cn/new/disclosure/detail?stockCode=002881&announcementId=1222833813&orgId=9900032572&announcementTime=2025-03-19 00:00:00
美格智能,002881,002881,美格智能,关于回购注销部分限制性股票减资暨通知债权人的公告,2025-03-19 00:00:00,http://www.cninfo.com.cn/new/disclosure/detail?stockCode=002881&announcementId=1222833812&orgId=9900032572&announcementTime=2025-03-19 00:00:00
美格智能,002881,002881,美格智能,2025年第一次临时股东大会决议公告,2025-03-19 00:00:00,http://www.cninfo.com.cn/new/disclosure/detail?stockCode=002881&announcementId=1222833811&orgId=9900032572&announcementTime=2025-03-19 00:00:00
美格智能,002881,002881,美格智能,关于股份回购进展的公告,2025-03-05 00:00:00,http://www.cninfo.com.cn/new/disclosure/detail?stockCode=002881&announcementId=1222705300&orgId=9900032572&announcementTime=2025-03-05 00:00:00
美格智能,002881,002881,美格智能,关于开展外汇套期保值业务的可行性分析报告,2025-03-01 00:00:00,http://www.cninfo.com.cn/new/disclosure/detail?stockCode=002881&announcementId=1222674795&orgId=9900032572&announcementTime=2025-03-01 00:00:00
美格智能,002881,002881,美格智能,关于开展外汇套期保值业务的公告,2025-03-01 00:00:00,http://www.cninfo.com.cn/new/disclosure/detail?stockCode=002881&announcementId=1222674793&orgId=9900032572&announcementTime=2025-03-01 00:00:00
美格智能,002881,002881,美格智能,关于注销部分股票期权和回购注销部分已授予但尚未解锁的限制性股票的公告,2025-03-01 00:00:00,http://www.cninfo.com.cn/new/disclosure/detail?stockCode=002881&announcementId=1222674790&orgId=9900032572&announcementTime=2025-03-01 00:00:00
美格智能,002881,002881,美格智能,东莞证券股份有限公司关于美格智能技术股份有限公司2025年度日常关联交易预计的核查意见,2025-03-01 00:00:00,http://www.cninfo.com.cn/new/disclosure/detail?stockCode=002881&announcementId=1222674788&orgId=9900032572&announcementTime=2025-03-01 00:00:00
美格智能,002881,002881,美格智能,炜衡沛雄（前海）联营律师事务所关于美格智能技术股份有限公司2024年度股票期权与限制性股票激励计划注销部分股票期权和回购注销部分已授予但尚未解锁的限制性股票相关事项之法律意见书,2025-03-01 00:00:00,http://www.cninfo.com.cn/new/disclosure/detail?stockCode=002881&announcementId=1222674786&orgId=9900032572&announcementTime=2025-03-01 00:00:00
美格智能,002881,002881,美格智能,第四届监事会第四次会议决议公告,2025-03-01 00:00:00,http://www.cninfo.com.cn/new/disclosure/detail?stockCode=002881&announcementId=1222674784&orgId=9900032572&announcementTime=2025-03-01 00:00:00
美格智能,002881,002881,美格智能,关于召开2025年第一次临时股东大会的通知,2025-03-01 00:00:00,http://www.cninfo.com.cn/new/disclosure/detail?stockCode=002881&announcementId=1222674782&orgId=9900032572&announcementTime=2025-03-01 00:00:00
美格智能,002881,002881,美格智能,关于2025年度日常关联交易预计的公告,2025-03-01 00:00:00,http://www.cninfo.com.cn/new/disclosure/detail?stockCode=002881&announcementId=1222674780&orgId=9900032572&announcementTime=2025-03-01 00:00:00
美格智能,002881,002881,美格智能,第四届董事会第五次会议决议公告,2025-03-01 00:00:00,http://www.cninfo.com.cn/new/disclosure/detail?stockCode=002881&announcementId=1222674778&orgId=9900032572&announcementTime=2025-03-01 00:00:00
美格智能,002881,002881,美格智能,第四届董事会独立董事第一次专门会议审查意见,2025-03-01 00:00:00,http://www.cninfo.com.cn/new/disclosure/detail?stockCode=002881&announcementId=1222674776&orgId=9900032572&announcementTime=2025-03-01 00:00:00
美格智能,002881,002881,美格智能,关于公司控股股东部分股份解除质押的公告,2025-02-21 00:00:00,http://www.cninfo.com.cn/new/disclosure/detail?stockCode=002881&announcementId=1222592210&orgId=9900032572&announcementTime=2025-02-21 00:00:00
美格智能,002881,002881,美格智能,股票交易异常波动暨严重异常波动公告,2025-02-13 00:00:00,http://www.cninfo.com.cn/new/disclosure/detail?stockCode=002881&announcementId=1222524416&orgId=9900032572&announcementTime=2025-02-13 00:00:00
美格智能,002881,002881,美格智能,股票交易异常波动公告,2025-02-12 00:00:00,http://www.cninfo.com.cn/new/disclosure/detail?stockCode=002881&announcementId=1222513981&orgId=9900032572&announcementTime=2025-02-12 00:00:00
美格智能,002881,002881,美格智能,股票交易异常波动公告,2025-02-10 00:00:00,http://www.cninfo.com.cn/new/disclosure/detail?stockCode=002881&announcementId=1222484918&orgId=9900032572&announcementTime=2025-02-10 00:00:00
美格智能,002881,002881,美格智能,关于股份回购进展的公告,2025-02-07 00:00:00,http://www.cninfo.com.cn/new/disclosure/detail?stockCode=002881&announcementId=1222472604&orgId=9900032572&announcementTime=2025-02-07 00:00:00
美格智能,002881,002881,美格智能,股票交易异常波动公告,2025-02-05 00:00:00,http://www.cninfo.com.cn/new/disclosure/detail?stockCode=002881&announcementId=1222448082&orgId=9900032572&announcementTime=2025-02-05 00:00:00
美格智能,002881,002881,美格智能,2024年度业绩预告,2025-01-23 00:00:00,http://www.cninfo.com.cn/new/disclosure/detail?stockCode=002881&announcementId=1222405433&orgId=9900032572&announcementTime=2025-01-23 00:00:00
美格智能,002881,002881,美格智能,关于公司控股股东部分股份解除质押的公告,2025-01-21 00:00:00,http://www.cninfo.com.cn/new/disclosure/detail?stockCode=002881&announcementId=1222377576&orgId=9900032572&announcementTime=2025-01-21 00:00:00
美格智能,002881,002881,美格智能,关于股份回购进展的公告,2025-01-02 00:00:00,http://www.cninfo.com.cn/new/disclosure/detail?stockCode=002881&announcementId=1222188560&orgId=9900032572&announcementTime=2025-01-02 00:00:00
美格智能,002881,002881,美格智能,关于首次回购公司股份的公告,2024-12-28 00:00:00,http://www.cninfo.com.cn/new/disclosure/detail?stockCode=002881&announcementId=1222164600&orgId=9900032572&announcementTime=2024-12-28 00:00:00
美格智能,002881,002881,美格智能,关于公司控股股东股份质押及解除质押的公告,2024-12-24 00:00:00,http://www.cninfo.com.cn/new/disclosure/detail?stockCode=002881&announcementId=1222115479&orgId=9900032572&announcementTime=2024-12-24 00:00:00
美格智能,002881,002881,美格智能,关于公司控股股东股份质押的公告,2024-12-10 00:00:00,http://www.cninfo.com.cn/new/disclosure/detail?stockCode=002881&announcementId=1221964451&orgId=9900032572&announcementTime=2024-12-10 00:00:00
美格智能,002881,002881,美格智能,关于参加2024年度深圳辖区上市公司集体接待日活动的公告,2024-12-03 00:00:00,http://www.cninfo.com.cn/new/disclosure/detail?stockCode=002881&announcementId=1221905528&orgId=9900032572&announcementTime=2024-12-03 00:00:00
美格智能,002881,002881,美格智能,关于股份回购进展的公告,2024-12-03 00:00:00,http://www.cninfo.com.cn/new/disclosure/detail?stockCode=002881&announcementId=1221905383&orgId=9900032572&announcementTime=2024-12-03 00:00:00
美格智能,002881,002881,美格智能,回购报告书,2024-11-20 00:00:00,http://www.cninfo.com.cn/new/disclosure/detail?stockCode=002881&announcementId=1221776865&orgId=9900032572&announcementTime=2024-11-20 00:00:00
美格智能,002881,002881,美格智能,关于公司控股股东股份质押及解除质押的公告,2024-11-19 00:00:00,http://www.cninfo.com.cn/new/disclosure/detail?stockCode=002881&announcementId=1221766292&orgId=9900032572&announcementTime=2024-11-19 00:00:00
美格智能,002881,002881,美格智能,关于回购注销并减少注册资本暨通知债权人的公告,2024-11-15 00:00:00,http://www.cninfo.com.cn/new/disclosure/detail?stockCode=002881&announcementId=1221725962&orgId=9900032572&announcementTime=2024-11-15 00:00:00
美格智能,002881,002881,美格智能,2024年第四次临时股东大会决议公告,2024-11-15 00:00:00,http://www.cninfo.com.cn/new/disclosure/detail?stockCode=002881&announcementId=1221725749&orgId=9900032572&announcementTime=2024-11-15 00:00:00
美格智能,002881,002881,美格智能,炜衡沛雄（前海）联营律师事务所关于美格智能技术股份有限公司2024年第四次临时股东大会之法律意见书,2024-11-15 00:00:00,http://www.cninfo.com.cn/new/disclosure/detail?stockCode=002881&announcementId=1221725748&orgId=9900032572&announcementTime=2024-11-15 00:00:00
美格智能,002881,002881,美格智能,关于回购股份事项前十名股东及前十名无限售条件股东持股情况的公告,2024-11-12 00:00:00,http://www.cninfo.com.cn/new/disclosure/detail?stockCode=002881&announcementId=1221685247&orgId=9900032572&announcementTime=2024-11-12 00:00:00
美格智能,002881,002881,美格智能,关于股份回购实施完毕的公告,2024-11-05 00:00:00,http://www.cninfo.com.cn/new/disclosure/detail?stockCode=002881&announcementId=1221627301&orgId=9900032572&announcementTime=2024-11-05 00:00:00
美格智能,002881,002881,美格智能,关于回购公司股份方案的公告,2024-11-05 00:00:00,http://www.cninfo.com.cn/new/disclosure/detail?stockCode=002881&announcementId=1221627300&orgId=9900032572&announcementTime=2024-11-05 00:00:00
美格智能,002881,002881,美格智能,关于2024年第四次临时股东大会增加临时提案暨股东大会补充通知的公告,2024-11-05 00:00:00,http://www.cninfo.com.cn/new/disclosure/detail?stockCode=002881&announcementId=1221627299&orgId=9900032572&announcementTime=2024-11-05 00:00:00
美格智能,002881,002881,美格智能,第四届董事会第四次会议决议公告,2024-11-05 00:00:00,http://www.cninfo.com.cn/new/disclosure/detail?stockCode=002881&announcementId=1221627298&orgId=9900032572&announcementTime=2024-11-05 00:00:00
美格智能,002881,002881,美格智能,关于签署《股票回购增持贷款合同》暨获得回购公司股份融资支持的自愿性信息披露公告,2024-11-05 00:00:00,http://www.cninfo.com.cn/new/disclosure/detail?stockCode=002881&announcementId=1221627296&orgId=9900032572&announcementTime=2024-11-05 00:00:00
美格智能,002881,002881,美格智能,关于聘任2024年度审计机构的公告,2024-10-29 00:00:00,http://www.cninfo.com.cn/new/disclosure/detail?stockCode=002881&announcementId=1221539510&orgId=9900032572&announcementTime=2024-10-29 00:00:00
美格智能,002881,002881,美格智能,2024年三季度报告,2024-10-29 00:00:00,http://www.cninfo.com.cn/new/disclosure/detail?stockCode=002881&announcementId=1221539069&orgId=9900032572&announcementTime=2024-10-29 00:00:00
美格智能,002881,002881,美格智能,监事会决议公告,2024-10-29 00:00:00,http://www.cninfo.com.cn/new/disclosure/detail?stockCode=002881&announcementId=1221539068&orgId=9900032572&announcementTime=2024-10-29 00:00:00
美格智能,002881,002881,美格智能,关于召开2024年第四次临时股东大会的通知,2024-10-29 00:00:00,http://www.cninfo.com.cn/new/disclosure/detail?stockCode=002881&announcementId=1221539067&orgId=9900032572&announcementTime=2024-10-29 00:00:00
美格智能,002881,002881,美格智能,关于会计估计变更的公告,2024-10-29 00:00:00,http://www.cninfo.com.cn/new/disclosure/detail?stockCode=002881&announcementId=1221539066&orgId=9900032572&announcementTime=2024-10-29 00:00:00
美格智能,002881,002881,美格智能,舆情管理制度（2024年10月）,2024-10-29 00:00:00,http://www.cninfo.com.cn/new/disclosure/detail?stockCode=002881&announcementId=1221539065&orgId=9900032572&announcementTime=2024-10-29 00:00:00
美格智能,002881,002881,美格智能,董事会决议公告,2024-10-29 00:00:00,http://www.cninfo.com.cn/new/disclosure/detail?stockCode=002881&announcementId=1221539064&orgId=9900032572&announcementTime=2024-10-29 00:00:00
美格智能,002881,002881,美格智能,关于股份回购进展的公告,2024-10-10 00:00:00,http://www.cninfo.com.cn/new/disclosure/detail?stockCode=002881&announcementId=1221354333&orgId=9900032572&announcementTime=2024-10-10 00:00:00
美格智能,002881,002881,美格智能,关于公司控股股东部分股份解除质押的公告,2024-09-26 00:00:00,http://www.cninfo.com.cn/new/disclosure/detail?stockCode=002881&announcementId=1221289985&orgId=9900032572&announcementTime=2024-09-26 00:00:00
美格智能,002881,002881,美格智能,关于公司控股股东股份质押的公告,2024-09-20 00:00:00,http://www.cninfo.com.cn/new/disclosure/detail?stockCode=002881&announcementId=1221242976&orgId=9900032572&announcementTime=2024-09-20 00:00:00
美格智能,002881,002881,美格智能,关于股票期权注销完成的公告,2024-09-04 00:00:00,http://www.cninfo.com.cn/new/disclosure/detail?stockCode=002881&announcementId=1221122838&orgId=9900032572&announcementTime=2024-09-04 00:00:00
美格智能,002881,002881,美格智能,关于股份回购进展的公告,2024-09-04 00:00:00,http://www.cninfo.com.cn/new/disclosure/detail?stockCode=002881&announcementId=1221122837&orgId=9900032572&announcementTime=2024-09-04 00:00:00
美格智能,002881,002881,美格智能,2024年半年度财务报告,2024-08-29 00:00:00,http://www.cninfo.com.cn/new/disclosure/detail?stockCode=002881&announcementId=1221026567&orgId=9900032572&announcementTime=2024-08-29 00:00:00
美格智能,002881,002881,美格智能,半年报监事会决议公告,2024-08-29 00:00:00,http://www.cninfo.com.cn/new/disclosure/detail?stockCode=002881&announcementId=1221026566&orgId=9900032572&announcementTime=2024-08-29 00:00:00
美格智能,002881,002881,美格智能,关于注销已授予到期未行权股票期权的公告,2024-08-29 00:00:00,http://www.cninfo.com.cn/new/disclosure/detail?stockCode=002881&announcementId=1221026565&orgId=9900032572&announcementTime=2024-08-29 00:00:00
美格智能,002881,002881,美格智能,2024年半年度募集资金存放与使用情况专项报告,2024-08-29 00:00:00,http://www.cninfo.com.cn/new/disclosure/detail?stockCode=002881&announcementId=1221026559&orgId=9900032572&announcementTime=2024-08-29 00:00:00
美格智能,002881,002881,美格智能,2024年半年度报告摘要,2024-08-29 00:00:00,http://www.cninfo.com.cn/new/disclosure/detail?stockCode=002881&announcementId=1221026550&orgId=9900032572&announcementTime=2024-08-29 00:00:00
美格智能,002881,002881,美格智能,半年报董事会决议公告,2024-08-29 00:00:00,http://www.cninfo.com.cn/new/disclosure/detail?stockCode=002881&announcementId=1221026538&orgId=9900032572&announcementTime=2024-08-29 00:00:00
美格智能,002881,002881,美格智能,东莞证券股份有限公司关于美格智能技术股份有限公司募集资金投资项目延期的核查意见,2024-08-29 00:00:00,http://www.cninfo.com.cn/new/disclosure/detail?stockCode=002881&announcementId=1221026529&orgId=9900032572&announcementTime=2024-08-29 00:00:00
美格智能,002881,002881,美格智能,2024年半年度报告,2024-08-29 00:00:00,http://www.cninfo.com.cn/new/disclosure/detail?stockCode=002881&announcementId=1221026527&orgId=9900032572&announcementTime=2024-08-29 00:00:00
美格智能,002881,002881,美格智能,半年度非经营性资金占用及其他关联资金往来情况汇总表,2024-08-29 00:00:00,http://www.cninfo.com.cn/new/disclosure/detail?stockCode=002881&announcementId=1221026522&orgId=9900032572&announcementTime=2024-08-29 00:00:00
美格智能,002881,002881,美格智能,关于募集资金投资项目延期的公告,2024-08-29 00:00:00,http://www.cninfo.com.cn/new/disclosure/detail?stockCode=002881&announcementId=1221026521&orgId=9900032572&announcementTime=2024-08-29 00:00:00
美格智能,002881,002881,美格智能,炜衡沛雄（前海）联营律师事务所关于美格智能技术股份有限公司注销2020年度股票期权与限制性股票激励计划已授予到期未行权股票期权事项的法律意见书,2024-08-29 00:00:00,http://www.cninfo.com.cn/new/disclosure/detail?stockCode=002881&announcementId=1221026509&orgId=9900032572&announcementTime=2024-08-29 00:00:00
美格智能,002881,002881,美格智能,关于股份回购进展的公告,2024-08-03 00:00:00,http://www.cninfo.com.cn/new/disclosure/detail?stockCode=002881&announcementId=1220787343&orgId=9900032572&announcementTime=2024-08-03 00:00:00
美格智能,002881,002881,美格智能,关于公司控股股东部分股份解除质押及质押的公告,2024-08-03 00:00:00,http://www.cninfo.com.cn/new/disclosure/detail?stockCode=002881&announcementId=1220787341&orgId=9900032572&announcementTime=2024-08-03 00:00:00
美格智能,002881,002881,美格智能,第四届监事会第一次会议决议公告,2024-07-27 00:00:00,http://www.cninfo.com.cn/new/disclosure/detail?stockCode=002881&announcementId=1220740572&orgId=9900032572&announcementTime=2024-07-27 00:00:00
美格智能,002881,002881,美格智能,炜衡沛雄（前海）联营律师事务所关于美格智能技术股份有限公司2024年第三次临时股东大会之法律意见书,2024-07-27 00:00:00,http://www.cninfo.com.cn/new/disclosure/detail?stockCode=002881&announcementId=1220740571&orgId=9900032572&announcementTime=2024-07-27 00:00:00
美格智能,002881,002881,美格智能,第四届董事会第一次会议决议公告,2024-07-27 00:00:00,http://www.cninfo.com.cn/new/disclosure/detail?stockCode=002881&announcementId=1220740570&orgId=9900032572&announcementTime=2024-07-27 00:00:00
美格智能,002881,002881,美格智能,关于董事会、监事会完成换届选举及聘任高级管理人员的公告,2024-07-27 00:00:00,http://www.cninfo.com.cn/new/disclosure/detail?stockCode=002881&announcementId=1220740569&orgId=9900032572&announcementTime=2024-07-27 00:00:00
美格智能,002881,002881,美格智能,2024年第三次临时股东大会决议公告,2024-07-27 00:00:00,http://www.cninfo.com.cn/new/disclosure/detail?stockCode=002881&announcementId=1220740568&orgId=9900032572&announcementTime=2024-07-27 00:00:00
美格智能,002881,002881,美格智能,关于公司股东持股比例及权益变动的提示性公告,2024-07-25 00:00:00,http://www.cninfo.com.cn/new/disclosure/detail?stockCode=002881&announcementId=1220720952&orgId=9900032572&announcementTime=2024-07-25 00:00:00
美格智能,002881,002881,美格智能,关于2024年度股票期权与限制性股票激励计划首次授予登记完成的公告,2024-07-25 00:00:00,http://www.cninfo.com.cn/new/disclosure/detail?stockCode=002881&announcementId=1220720951&orgId=9900032572&announcementTime=2024-07-25 00:00:00
美格智能,002881,002881,美格智能,简式权益变动报告书（一）,2024-07-25 00:00:00,http://www.cninfo.com.cn/new/disclosure/detail?stockCode=002881&announcementId=1220720950&orgId=9900032572&announcementTime=2024-07-25 00:00:00
美格智能,002881,002881,美格智能,简式权益变动报告书（三）,2024-07-25 00:00:00,http://www.cninfo.com.cn/new/disclosure/detail?stockCode=002881&announcementId=1220720949&orgId=9900032572&announcementTime=2024-07-25 00:00:00
美格智能,002881,002881,美格智能,简式权益变动报告书（二）,2024-07-25 00:00:00,http://www.cninfo.com.cn/new/disclosure/detail?stockCode=002881&announcementId=1220720948&orgId=9900032572&announcementTime=2024-07-25 00:00:00
美格智能,002881,002881,美格智能,独立董事提名人声明与承诺（马利军）,2024-07-10 00:00:00,http://www.cninfo.com.cn/new/disclosure/detail?stockCode=002881&announcementId=1220587555&orgId=9900032572&announcementTime=2024-07-10 00:00:00
美格智能,002881,002881,美格智能,第三届董事会第二十六次会议决议公告,2024-07-10 00:00:00,http://www.cninfo.com.cn/new/disclosure/detail?stockCode=002881&announcementId=1220587554&orgId=9900032572&announcementTime=2024-07-10 00:00:00
美格智能,002881,002881,美格智能,第三届监事会第二十三次会议决议公告,2024-07-10 00:00:00,http://www.cninfo.com.cn/new/disclosure/detail?stockCode=002881&announcementId=1220587553&orgId=9900032572&announcementTime=2024-07-10 00:00:00
美格智能,002881,002881,美格智能,关于选举职工代表监事的公告,2024-07-10 00:00:00,http://www.cninfo.com.cn/new/disclosure/detail?stockCode=002881&announcementId=1220587552&orgId=9900032572&announcementTime=2024-07-10 00:00:00
美格智能,002881,002881,美格智能,关于调整独立董事津贴的公告,2024-07-10 00:00:00,http://www.cninfo.com.cn/new/disclosure/detail?stockCode=002881&announcementId=1220587551&orgId=9900032572&announcementTime=2024-07-10 00:00:00
美格智能,002881,002881,美格智能,关于召开2024年第三次临时股东大会的通知,2024-07-10 00:00:00,http://www.cninfo.com.cn/new/disclosure/detail?stockCode=002881&announcementId=1220587550&orgId=9900032572&announcementTime=2024-07-10 00:00:00
美格智能,002881,002881,美格智能,独立董事提名人声明与承诺（杨政）,2024-07-10 00:00:00,http://www.cninfo.com.cn/new/disclosure/detail?stockCode=002881&announcementId=1220587549&orgId=9900032572&announcementTime=2024-07-10 00:00:00
美格智能,002881,002881,美格智能,关于董事会换届选举的公告,2024-07-10 00:00:00,http://www.cninfo.com.cn/new/disclosure/detail?stockCode=002881&announcementId=1220587548&orgId=9900032572&announcementTime=2024-07-10 00:00:00
美格智能,002881,002881,美格智能,独立董事候选人声明与承诺（马利军）,2024-07-10 00:00:00,http://www.cninfo.com.cn/new/disclosure/detail?stockCode=002881&announcementId=1220587547&orgId=9900032572&announcementTime=2024-07-10 00:00:00
美格智能,002881,002881,美格智能,独立董事候选人声明与承诺（杨政）,2024-07-10 00:00:00,http://www.cninfo.com.cn/new/disclosure/detail?stockCode=002881&announcementId=1220587546&orgId=9900032572&announcementTime=2024-07-10 00:00:00
美格智能,002881,002881,美格智能,关于监事会换届选举的公告,2024-07-10 00:00:00,http://www.cninfo.com.cn/new/disclosure/detail?stockCode=002881&announcementId=1220587545&orgId=9900032572&announcementTime=2024-07-10 00:00:00
美格智能,002881,002881,美格智能,关于股份回购进展的公告,2024-07-02 00:00:00,http://www.cninfo.com.cn/new/disclosure/detail?stockCode=002881&announcementId=1220512609&orgId=9900032572&announcementTime=2024-07-02 00:00:00
美格智能,002881,002881,美格智能,关于持股5%以上股东协议转让公司部分股份完成过户登记的公告,2024-07-02 00:00:00,http://www.cninfo.com.cn/new/disclosure/detail?stockCode=002881&announcementId=1220512608&orgId=9900032572&announcementTime=2024-07-02 00:00:00
美格智能,002881,002881,美格智能,关于向激励对象首次授予股票期权与限制性股票的公告,2024-07-02 00:00:00,http://www.cninfo.com.cn/new/disclosure/detail?stockCode=002881&announcementId=1220512507&orgId=9900032572&announcementTime=2024-07-02 00:00:00
美格智能,002881,002881,美格智能,监事会关于2024年度股票期权与限制性股票激励计划激励对象名单（截止授予日）的核查意见,2024-07-02 00:00:00,http://www.cninfo.com.cn/new/disclosure/detail?stockCode=002881&announcementId=1220512506&orgId=9900032572&announcementTime=2024-07-02 00:00:00
美格智能,002881,002881,美格智能,炜衡沛雄（前海）联营律师事务所关于美格智能技术股份有限公司2024年度股票期权与限制性股票激励计划调整及授予事项的法律意见书,2024-07-02 00:00:00,http://www.cninfo.com.cn/new/disclosure/detail?stockCode=002881&announcementId=1220512505&orgId=9900032572&announcementTime=2024-07-02 00:00:00
美格智能,002881,002881,美格智能,东莞证券股份有限公司关于美格智能技术股份有限公司2024年度股票期权与限制性股票激励计划调整和首次授予相关事项之独立财务顾问报告,2024-07-02 00:00:00,http://www.cninfo.com.cn/new/disclosure/detail?stockCode=002881&announcementId=1220512504&orgId=9900032572&announcementTime=2024-07-02 00:00:00
美格智能,002881,002881,美格智能,2024年度股票期权与限制性股票激励计划激励对象名单（授予日）,2024-07-02 00:00:00,http://www.cninfo.com.cn/new/disclosure/detail?stockCode=002881&announcementId=1220512503&orgId=9900032572&announcementTime=2024-07-02 00:00:00
美格智能,002881,002881,美格智能,第三届董事会第二十五次会议决议公告,2024-07-02 00:00:00,http://www.cninfo.com.cn/new/disclosure/detail?stockCode=002881&announcementId=1220512502&orgId=9900032572&announcementTime=2024-07-02 00:00:00
美格智能,002881,002881,美格智能,关于调整2020年度股票期权与限制性股票激励计划的期权行权价格的公告,2024-07-02 00:00:00,http://www.cninfo.com.cn/new/disclosure/detail?stockCode=002881&announcementId=1220512501&orgId=9900032572&announcementTime=2024-07-02 00:00:00
美格智能,002881,002881,美格智能,第三届监事会第二十二次会议决议公告,2024-07-02 00:00:00,http://www.cninfo.com.cn/new/disclosure/detail?stockCode=002881&announcementId=1220512500&orgId=9900032572&announcementTime=2024-07-02 00:00:00
美格智能,002881,002881,美格智能,炜衡沛雄（前海）联营律师事务所关于美格智能技术股份有限公司2020年度股票期权与限制性股票激励计划调整股票期权行权价格事项的法律意见书,2024-07-02 00:00:00,http://www.cninfo.com.cn/new/disclosure/detail?stockCode=002881&announcementId=1220512499&orgId=9900032572&announcementTime=2024-07-02 00:00:00
美格智能,002881,002881,美格智能,关于调整2024年度股票期权与限制性股票激励计划相关事项的公告,2024-07-02 00:00:00,http://www.cninfo.com.cn/new/disclosure/detail?stockCode=002881&announcementId=1220512498&orgId=9900032572&announcementTime=2024-07-02 00:00:00
美格智能,002881,002881,美格智能,关于公司2024年度股票期权与限制性股票激励计划内幕信息知情人及激励对象买卖公司股票情况的自查报告,2024-06-18 00:00:00,http://www.cninfo.com.cn/new/disclosure/detail?stockCode=002881&announcementId=1220376798&orgId=9900032572&announcementTime=2024-06-18 00:00:00
美格智能,002881,002881,美格智能,2024年第二次临时股东大会决议公告,2024-06-18 00:00:00,http://www.cninfo.com.cn/new/disclosure/detail?stockCode=002881&announcementId=1220376797&orgId=9900032572&announcementTime=2024-06-18 00:00:00
美格智能,002881,002881,美格智能,炜衡沛雄（前海）联营律师事务所关于美格智能技术股份有限公司2024年第二次临时股东大会之法律意见书,2024-06-18 00:00:00,http://www.cninfo.com.cn/new/disclosure/detail?stockCode=002881&announcementId=1220376796&orgId=9900032572&announcementTime=2024-06-18 00:00:00
美格智能,002881,002881,美格智能,关于持股5%以上股东协议转让公司部分股份完成过户登记的公告,2024-06-13 00:00:00,http://www.cninfo.com.cn/new/disclosure/detail?stockCode=002881&announcementId=1220335919&orgId=9900032572&announcementTime=2024-06-13 00:00:00
美格智能,002881,002881,美格智能,监事会关于公司2024年度股票期权与限制性股票激励计划激励对象名单的公示情况说明及审核意见,2024-06-12 00:00:00,http://www.cninfo.com.cn/new/disclosure/detail?stockCode=002881&announcementId=1220322605&orgId=9900032572&announcementTime=2024-06-12 00:00:00
美格智能,002881,002881,美格智能,关于股份回购进展的公告,2024-06-04 00:00:00,http://www.cninfo.com.cn/new/disclosure/detail?stockCode=002881&announcementId=1220244928&orgId=9900032572&announcementTime=2024-06-04 00:00:00
美格智能,002881,002881,美格智能,东莞证券股份有限公司关于美格智能技术股份有限公司2024年度股票期权与限制性股票激励计划（草案）之独立财务顾问报告,2024-06-01 00:00:00,http://www.cninfo.com.cn/new/disclosure/detail?stockCode=002881&announcementId=1220224423&orgId=9900032572&announcementTime=2024-06-01 00:00:00
美格智能,002881,002881,美格智能,2024年度股票期权与限制性股票激励计划自查表,2024-06-01 00:00:00,http://www.cninfo.com.cn/new/disclosure/detail?stockCode=002881&announcementId=1220224421&orgId=9900032572&announcementTime=2024-06-01 00:00:00
美格智能,002881,002881,美格智能,关于召开2024年第二次临时股东大会的通知,2024-06-01 00:00:00,http://www.cninfo.com.cn/new/disclosure/detail?stockCode=002881&announcementId=1220224419&orgId=9900032572&announcementTime=2024-06-01 00:00:00
美格智能,002881,002881,美格智能,2024年度股票期权与限制性股票激励计划（草案）摘要,2024-06-01 00:00:00,http://www.cninfo.com.cn/new/disclosure/detail?stockCode=002881&announcementId=1220224418&orgId=9900032572&announcementTime=2024-06-01 00:00:00
美格智能,002881,002881,美格智能,2024年度股票期权与限制性股票激励计划激励对象名单,2024-06-01 00:00:00,http://www.cninfo.com.cn/new/disclosure/detail?stockCode=002881&announcementId=1220224417&orgId=9900032572&announcementTime=2024-06-01 00:00:00
美格智能,002881,002881,美格智能,2024年度股票期权与限制性股票激励计划（草案）,2024-06-01 00:00:00,http://www.cninfo.com.cn/new/disclosure/detail?stockCode=002881&announcementId=1220224416&orgId=9900032572&announcementTime=2024-06-01 00:00:00
美格智能,002881,002881,美格智能,监事会关于2024年度股票期权与限制性股票激励计划相关事项的核查意见,2024-06-01 00:00:00,http://www.cninfo.com.cn/new/disclosure/detail?stockCode=002881&announcementId=1220224415&orgId=9900032572&announcementTime=2024-06-01 00:00:00
美格智能,002881,002881,美格智能,第三届监事会第二十一次会议决议公告,2024-06-01 00:00:00,http://www.cninfo.com.cn/new/disclosure/detail?stockCode=002881&announcementId=1220224411&orgId=9900032572&announcementTime=2024-06-01 00:00:00
美格智能,002881,002881,美格智能,炜衡沛雄（前海）联营律师事务所关于美格智能技术股份有限公司2024年度股票期权与限制性股票激励计划（草案）的法律意见书,2024-06-01 00:00:00,http://www.cninfo.com.cn/new/disclosure/detail?stockCode=002881&announcementId=1220224410&orgId=9900032572&announcementTime=2024-06-01 00:00:00
美格智能,002881,002881,美格智能,2024年度股票期权与限制性股票激励计划实施考核管理办法,2024-06-01 00:00:00,http://www.cninfo.com.cn/new/disclosure/detail?stockCode=002881&announcementId=1220224409&orgId=9900032572&announcementTime=2024-06-01 00:00:00
美格智能,002881,002881,美格智能,第三届董事会第二十四次会议决议公告,2024-06-01 00:00:00,http://www.cninfo.com.cn/new/disclosure/detail?stockCode=002881&announcementId=1220224407&orgId=9900032572&announcementTime=2024-06-01 00:00:00
美格智能,002881,002881,美格智能,独立董事公开征集委托投票权报告书,2024-06-01 00:00:00,http://www.cninfo.com.cn/new/disclosure/detail?stockCode=002881&announcementId=1220224406&orgId=9900032572&announcementTime=2024-06-01 00:00:00
美格智能,002881,002881,美格智能,关于举行2023年度网上业绩说明会的公告,2024-05-28 00:00:00,http://www.cninfo.com.cn/new/disclosure/detail?stockCode=002881&announcementId=1220171577&orgId=9900032572&announcementTime=2024-05-28 00:00:00
美格智能,002881,002881,美格智能,2023年年度权益分派实施公告,2024-05-21 00:00:00,http://www.cninfo.com.cn/new/disclosure/detail?stockCode=002881&announcementId=1220109432&orgId=9900032572&announcementTime=2024-05-21 00:00:00
美格智能,002881,002881,美格智能,炜衡沛雄（前海）联营律师事务所关于美格智能技术股份有限公司2023年年度股东大会之法律意见书,2024-05-17 00:00:00,http://www.cninfo.com.cn/new/disclosure/detail?stockCode=002881&announcementId=1220073991&orgId=9900032572&announcementTime=2024-05-17 00:00:00
美格智能,002881,002881,美格智能,2023年年度股东大会决议公告,2024-05-17 00:00:00,http://www.cninfo.com.cn/new/disclosure/detail?stockCode=002881&announcementId=1220073989&orgId=9900032572&announcementTime=2024-05-17 00:00:00
美格智能,002881,002881,美格智能,东莞证券股份有限公司关于美格智能技术股份有限公司2023年度保荐工作报告,2024-05-11 00:00:00,http://www.cninfo.com.cn/new/disclosure/detail?stockCode=002881&announcementId=1220036193&orgId=9900032572&announcementTime=2024-05-11 00:00:00
美格智能,002881,002881,美格智能,东莞证券股份有限公司关于美格智能技术股份有限公司持续督导定期现场核查报告,2024-05-11 00:00:00,http://www.cninfo.com.cn/new/disclosure/detail?stockCode=002881&announcementId=1220036192&orgId=9900032572&announcementTime=2024-05-11 00:00:00
美格智能,002881,002881,美格智能,东莞证券股份有限公司关于美格智能技术股份有限公司2023年度持续督导现场培训报告,2024-05-11 00:00:00,http://www.cninfo.com.cn/new/disclosure/detail?stockCode=002881&announcementId=1220036191&orgId=9900032572&announcementTime=2024-05-11 00:00:00
美格智能,002881,002881,美格智能,关于持股5%以上股东协议转让公司部分股份暨权益变动提示性公告,2024-05-11 00:00:00,http://www.cninfo.com.cn/new/disclosure/detail?stockCode=002881&announcementId=1220035611&orgId=9900032572&announcementTime=2024-05-11 00:00:00
美格智能,002881,002881,美格智能,简式权益变动报告书（一）,2024-05-11 00:00:00,http://www.cninfo.com.cn/new/disclosure/detail?stockCode=002881&announcementId=1220035609&orgId=9900032572&announcementTime=2024-05-11 00:00:00
美格智能,002881,002881,美格智能,简式权益变动报告书（二）,2024-05-11 00:00:00,http://www.cninfo.com.cn/new/disclosure/detail?stockCode=002881&announcementId=1220035606&orgId=9900032572&announcementTime=2024-05-11 00:00:00
美格智能,002881,002881,美格智能,关于控股股东、实际控制人自愿承诺不减持公司股份的公告,2024-05-11 00:00:00,http://www.cninfo.com.cn/new/disclosure/detail?stockCode=002881&announcementId=1220035604&orgId=9900032572&announcementTime=2024-05-11 00:00:00
美格智能,002881,002881,美格智能,简式权益变动报告书（三）,2024-05-11 00:00:00,http://www.cninfo.com.cn/new/disclosure/detail?stockCode=002881&announcementId=1220035603&orgId=9900032572&announcementTime=2024-05-11 00:00:00
美格智能,002881,002881,美格智能,关于股份回购进展的公告,2024-05-08 00:00:00,http://www.cninfo.com.cn/new/disclosure/detail?stockCode=002881&announcementId=1219996675&orgId=9900032572&announcementTime=2024-05-08 00:00:00
美格智能,002881,002881,美格智能,关于2023年度计提资产减值准备的公告,2024-04-25 00:00:00,http://www.cninfo.com.cn/new/disclosure/detail?stockCode=002881&announcementId=1219797218&orgId=9900032572&announcementTime=2024-04-25 00:00:00
美格智能,002881,002881,美格智能,未来三年股东回报规划（2024-2026年）,2024-04-25 00:00:00,http://www.cninfo.com.cn/new/disclosure/detail?stockCode=002881&announcementId=1219797217&orgId=9900032572&announcementTime=2024-04-25 00:00:00
美格智能,002881,002881,美格智能,年度募集资金使用情况专项说明,2024-04-25 00:00:00,http://www.cninfo.com.cn/new/disclosure/detail?stockCode=002881&announcementId=1219797216&orgId=9900032572&announcementTime=2024-04-25 00:00:00
美格智能,002881,002881,美格智能,董事会决议公告,2024-04-25 00:00:00,http://www.cninfo.com.cn/new/disclosure/detail?stockCode=002881&announcementId=1219797215&orgId=9900032572&announcementTime=2024-04-25 00:00:00
美格智能,002881,002881,美格智能,2023年度独立董事述职报告（杨政）,2024-04-25 00:00:00,http://www.cninfo.com.cn/new/disclosure/detail?stockCode=002881&announcementId=1219797214&orgId=9900032572&announcementTime=2024-04-25 00:00:00
美格智能,002881,002881,美格智能,2023年年度报告摘要,2024-04-25 00:00:00,http://www.cninfo.com.cn/new/disclosure/detail?stockCode=002881&announcementId=1219797213&orgId=9900032572&announcementTime=2024-04-25 00:00:00
美格智能,002881,002881,美格智能,关于会计政策变更的公告,2024-04-25 00:00:00,http://www.cninfo.com.cn/new/disclosure/detail?stockCode=002881&announcementId=1219797212&orgId=9900032572&announcementTime=2024-04-25 00:00:00
美格智能,002881,002881,美格智能,内部控制自我评价报告,2024-04-25 00:00:00,http://www.cninfo.com.cn/new/disclosure/detail?stockCode=002881&announcementId=1219797211&orgId=9900032572&announcementTime=2024-04-25 00:00:00
美格智能,002881,002881,美格智能,东莞证券股份有限公司关于美格智能技术股份有限公司2023年度内部控制自我评价报告的核查意见,2024-04-25 00:00:00,http://www.cninfo.com.cn/new/disclosure/detail?stockCode=002881&announcementId=1219797210&orgId=9900032572&announcementTime=2024-04-25 00:00:00
美格智能,002881,002881,美格智能,年度募集资金使用鉴证报告,2024-04-25 00:00:00,http://www.cninfo.com.cn/new/disclosure/detail?stockCode=002881&announcementId=1219797209&orgId=9900032572&announcementTime=2024-04-25 00:00:00
美格智能,002881,002881,美格智能,监事会决议公告,2024-04-25 00:00:00,http://www.cninfo.com.cn/new/disclosure/detail?stockCode=002881&announcementId=1219797208&orgId=9900032572&announcementTime=2024-04-25 00:00:00
美格智能,002881,002881,美格智能,2023年度监事会工作报告,2024-04-25 00:00:00,http://www.cninfo.com.cn/new/disclosure/detail?stockCode=002881&announcementId=1219797207&orgId=9900032572&announcementTime=2024-04-25 00:00:00
美格智能,002881,002881,美格智能,2023年度董事会工作报告,2024-04-25 00:00:00,http://www.cninfo.com.cn/new/disclosure/detail?stockCode=002881&announcementId=1219797206&orgId=9900032572&announcementTime=2024-04-25 00:00:00
美格智能,002881,002881,美格智能,2023年度非经营性资金占用及其他关联资金往来情况汇总表,2024-04-25 00:00:00,http://www.cninfo.com.cn/new/disclosure/detail?stockCode=002881&announcementId=1219797205&orgId=9900032572&announcementTime=2024-04-25 00:00:00
美格智能,002881,002881,美格智能,东莞证券股份有限公司关于美格智能技术股份有限公司使用部分闲置募集资金暂时补充流动资金的核查意见,2024-04-25 00:00:00,http://www.cninfo.com.cn/new/disclosure/detail?stockCode=002881&announcementId=1219797204&orgId=9900032572&announcementTime=2024-04-25 00:00:00
美格智能,002881,002881,美格智能,东莞证券股份有限公司关于美格智能技术股份有限公司2023年度募集资金存放与使用情况之专项核查意见,2024-04-25 00:00:00,http://www.cninfo.com.cn/new/disclosure/detail?stockCode=002881&announcementId=1219797203&orgId=9900032572&announcementTime=2024-04-25 00:00:00
美格智能,002881,002881,美格智能,关于使用部分闲置募集资金暂时补充流动资金的公告,2024-04-25 00:00:00,http://www.cninfo.com.cn/new/disclosure/detail?stockCode=002881&announcementId=1219797202&orgId=9900032572&announcementTime=2024-04-25 00:00:00
美格智能,002881,002881,美格智能,董事会对独立董事独立性评估的专项意见,2024-04-25 00:00:00,http://www.cninfo.com.cn/new/disclosure/detail?stockCode=002881&announcementId=1219797201&orgId=9900032572&announcementTime=2024-04-25 00:00:00
美格智能,002881,002881,美格智能,2023年年度报告,2024-04-25 00:00:00,http://www.cninfo.com.cn/new/disclosure/detail?stockCode=002881&announcementId=1219797200&orgId=9900032572&announcementTime=2024-04-25 00:00:00
美格智能,002881,002881,美格智能,关于2023年度利润分配预案的公告,2024-04-25 00:00:00,http://www.cninfo.com.cn/new/disclosure/detail?stockCode=002881&announcementId=1219797199&orgId=9900032572&announcementTime=2024-04-25 00:00:00
美格智能,002881,002881,美格智能,2023年度独立董事述职报告（马利军）,2024-04-25 00:00:00,http://www.cninfo.com.cn/new/disclosure/detail?stockCode=002881&announcementId=1219797198&orgId=9900032572&announcementTime=2024-04-25 00:00:00
美格智能,002881,002881,美格智能,年度股东大会通知,2024-04-25 00:00:00,http://www.cninfo.com.cn/new/disclosure/detail?stockCode=002881&announcementId=1219797197&orgId=9900032572&announcementTime=2024-04-25 00:00:00
美格智能,002881,002881,美格智能,2023年度财务决算报告,2024-04-25 00:00:00,http://www.cninfo.com.cn/new/disclosure/detail?stockCode=002881&announcementId=1219797196&orgId=9900032572&announcementTime=2024-04-25 00:00:00
美格智能,002881,002881,美格智能,内部控制审计报告,2024-04-25 00:00:00,http://www.cninfo.com.cn/new/disclosure/detail?stockCode=002881&announcementId=1219797195&orgId=9900032572&announcementTime=2024-04-25 00:00:00
美格智能,002881,002881,美格智能,2024年一季度报告,2024-04-25 00:00:00,http://www.cninfo.com.cn/new/disclosure/detail?stockCode=002881&announcementId=1219797194&orgId=9900032572&announcementTime=2024-04-25 00:00:00
美格智能,002881,002881,美格智能,董事会审计委员会对会计师事务所2023年度履职情况评估及履行监督职责情况的报告,2024-04-25 00:00:00,http://www.cninfo.com.cn/new/disclosure/detail?stockCode=002881&announcementId=1219797193&orgId=9900032572&announcementTime=2024-04-25 00:00:00
美格智能,002881,002881,美格智能,年度关联方资金占用专项审计报告,2024-04-25 00:00:00,http://www.cninfo.com.cn/new/disclosure/detail?stockCode=002881&announcementId=1219797192&orgId=9900032572&announcementTime=2024-04-25 00:00:00
美格智能,002881,002881,美格智能,2023年年度审计报告,2024-04-25 00:00:00,http://www.cninfo.com.cn/new/disclosure/detail?stockCode=002881&announcementId=1219797191&orgId=9900032572&announcementTime=2024-04-25 00:00:00
美格智能,002881,002881,美格智能,关于持股5%以上股东持股比例变动达到1%暨减持期限届满的公告,2024-04-25 00:00:00,http://www.cninfo.com.cn/new/disclosure/detail?stockCode=002881&announcementId=1219796594&orgId=9900032572&announcementTime=2024-04-25 00:00:00
美格智能,002881,002881,美格智能,关于归还暂时补充流动资金的闲置募集资金的公告,2024-04-12 00:00:00,http://www.cninfo.com.cn/new/disclosure/detail?stockCode=002881&announcementId=1219579932&orgId=9900032572&announcementTime=2024-04-12 00:00:00
美格智能,002881,002881,美格智能,关于公司控股股东股份质押及解除质押的公告,2024-04-02 00:00:00,http://www.cninfo.com.cn/new/disclosure/detail?stockCode=002881&announcementId=1219490086&orgId=9900032572&announcementTime=2024-04-02 00:00:00
美格智能,002881,002881,美格智能,关于股份回购进展的公告,2024-04-02 00:00:00,http://www.cninfo.com.cn/new/disclosure/detail?stockCode=002881&announcementId=1219490085&orgId=9900032572&announcementTime=2024-04-02 00:00:00
美格智能,002881,002881,美格智能,股票交易异常波动公告,2024-03-05 00:00:00,http://www.cninfo.com.cn/new/disclosure/detail?stockCode=002881&announcementId=1219228544&orgId=9900032572&announcementTime=2024-03-05 00:00:00
美格智能,002881,002881,美格智能,关于股份回购进展的公告,2024-03-02 00:00:00,http://www.cninfo.com.cn/new/disclosure/detail?stockCode=002881&announcementId=1219217102&orgId=9900032572&announcementTime=2024-03-02 00:00:00
美格智能,002881,002881,美格智能,关于变更签字注册会计师的公告,2024-02-28 00:00:00,http://www.cninfo.com.cn/new/disclosure/detail?stockCode=002881&announcementId=1219196944&orgId=9900032572&announcementTime=2024-02-28 00:00:00
美格智能,002881,002881,美格智能,关于公司控股股东部分股份补充质押的公告,2024-02-08 00:00:00,http://www.cninfo.com.cn/new/disclosure/detail?stockCode=002881&announcementId=1219121203&orgId=9900032572&announcementTime=2024-02-08 00:00:00
美格智能,002881,002881,美格智能,关于首次回购公司股份的公告,2024-02-03 00:00:00,http://www.cninfo.com.cn/new/disclosure/detail?stockCode=002881&announcementId=1219079941&orgId=9900032572&announcementTime=2024-02-03 00:00:00
美格智能,002881,002881,美格智能,关于回购股份事项前十名股东及前十名无限售条件股东持股情况的公告,2024-02-02 00:00:00,http://www.cninfo.com.cn/new/disclosure/detail?stockCode=002881&announcementId=1219064513&orgId=9900032572&announcementTime=2024-02-02 00:00:00
美格智能,002881,002881,美格智能,关于公司控股股东部分股份补充质押的公告,2024-02-01 11:42:24,http://www.cninfo.com.cn/new/disclosure/detail?stockCode=002881&announcementId=1219061181&orgId=9900032572&announcementTime=2024-02-01 11:42:24
美格智能,002881,002881,美格智能,第三届董事会第二十二次会议决议公告,2024-02-01 00:00:00,http://www.cninfo.com.cn/new/disclosure/detail?stockCode=002881&announcementId=1219056131&orgId=9900032572&announcementTime=2024-02-01 00:00:00
美格智能,002881,002881,美格智能,回购报告书,2024-02-01 00:00:00,http://www.cninfo.com.cn/new/disclosure/detail?stockCode=002881&announcementId=1219056130&orgId=9900032572&announcementTime=2024-02-01 00:00:00
美格智能,002881,002881,美格智能,关于回购公司股份方案的公告,2024-02-01 00:00:00,http://www.cninfo.com.cn/new/disclosure/detail?stockCode=002881&announcementId=1219056129&orgId=9900032572&announcementTime=2024-02-01 00:00:00
美格智能,002881,002881,美格智能,关于公司全资子公司获得高新技术企业证书的公告,2024-01-26 00:00:00,http://www.cninfo.com.cn/new/disclosure/detail?stockCode=002881&announcementId=1219000479&orgId=9900032572&announcementTime=2024-01-26 00:00:00
美格智能,002881,002881,美格智能,关于公司控股股东部分股份解除质押的公告,2024-01-26 00:00:00,http://www.cninfo.com.cn/new/disclosure/detail?stockCode=002881&announcementId=1219000478&orgId=9900032572&announcementTime=2024-01-26 00:00:00
美格智能,002881,002881,美格智能,北京市炜衡（深圳）律师事务所关于美格智能2024年第一次临时股东大会之法律意见书,2024-01-16 00:00:00,http://www.cninfo.com.cn/new/disclosure/detail?stockCode=002881&announcementId=1218889897&orgId=9900032572&announcementTime=2024-01-16 00:00:00
美格智能,002881,002881,美格智能,2024年第一次临时股东大会决议公告,2024-01-16 00:00:00,http://www.cninfo.com.cn/new/disclosure/detail?stockCode=002881&announcementId=1218889896&orgId=9900032572&announcementTime=2024-01-16 00:00:00
美格智能,002881,002881,美格智能,关于公司控股股东股份质押的公告,2024-01-13 00:00:00,http://www.cninfo.com.cn/new/disclosure/detail?stockCode=002881&announcementId=1218867495&orgId=9900032572&announcementTime=2024-01-13 00:00:00
美格智能,002881,002881,美格智能,董事会议事规则（2023年12月）,2023-12-29 00:00:00,http://www.cninfo.com.cn/new/disclosure/detail?stockCode=002881&announcementId=1218749196&orgId=9900032572&announcementTime=2023-12-29 00:00:00
美格智能,002881,002881,美格智能,公司章程（2023年12月）,2023-12-29 00:00:00,http://www.cninfo.com.cn/new/disclosure/detail?stockCode=002881&announcementId=1218749195&orgId=9900032572&announcementTime=2023-12-29 00:00:00
美格智能,002881,002881,美格智能,东莞证券股份有限公司关于美格智能技术股份有限公司2024年度日常关联交易预计的核查意见,2023-12-29 00:00:00,http://www.cninfo.com.cn/new/disclosure/detail?stockCode=002881&announcementId=1218749194&orgId=9900032572&announcementTime=2023-12-29 00:00:00
美格智能,002881,002881,美格智能,内部控制制度（2023年12月）,2023-12-29 00:00:00,http://www.cninfo.com.cn/new/disclosure/detail?stockCode=002881&announcementId=1218749193&orgId=9900032572&announcementTime=2023-12-29 00:00:00
美格智能,002881,002881,美格智能,战略委员会工作条例（2023年12月）,2023-12-29 00:00:00,http://www.cninfo.com.cn/new/disclosure/detail?stockCode=002881&announcementId=1218749192&orgId=9900032572&announcementTime=2023-12-29 00:00:00
美格智能,002881,002881,美格智能,薪酬与考核委员会工作条例（2023年12月）,2023-12-29 00:00:00,http://www.cninfo.com.cn/new/disclosure/detail?stockCode=002881&announcementId=1218749191&orgId=9900032572&announcementTime=2023-12-29 00:00:00
美格智能,002881,002881,美格智能,第三届董事会独立董事第一次专门会议审查意见,2023-12-29 00:00:00,http://www.cninfo.com.cn/new/disclosure/detail?stockCode=002881&announcementId=1218749190&orgId=9900032572&announcementTime=2023-12-29 00:00:00
美格智能,002881,002881,美格智能,独立董事工作制度（2023年12月）,2023-12-29 00:00:00,http://www.cninfo.com.cn/new/disclosure/detail?stockCode=002881&announcementId=1218749189&orgId=9900032572&announcementTime=2023-12-29 00:00:00
美格智能,002881,002881,美格智能,信息披露管理办法（2023年12月）,2023-12-29 00:00:00,http://www.cninfo.com.cn/new/disclosure/detail?stockCode=002881&announcementId=1218749188&orgId=9900032572&announcementTime=2023-12-29 00:00:00
美格智能,002881,002881,美格智能,关于2024年度日常关联交易预计的公告,2023-12-29 00:00:00,http://www.cninfo.com.cn/new/disclosure/detail?stockCode=002881&announcementId=1218749187&orgId=9900032572&announcementTime=2023-12-29 00:00:00
美格智能,002881,002881,美格智能,第三届监事会第十九次会议决议公告,2023-12-29 00:00:00,http://www.cninfo.com.cn/new/disclosure/detail?stockCode=002881&announcementId=1218749186&orgId=9900032572&announcementTime=2023-12-29 00:00:00
美格智能,002881,002881,美格智能,股东大会议事规则（2023年12月）,2023-12-29 00:00:00,http://www.cninfo.com.cn/new/disclosure/detail?stockCode=002881&announcementId=1218749185&orgId=9900032572&announcementTime=2023-12-29 00:00:00
美格智能,002881,002881,美格智能,关于调整第三届董事会审计委员会成员的公告,2023-12-29 00:00:00,http://www.cninfo.com.cn/new/disclosure/detail?stockCode=002881&announcementId=1218749184&orgId=9900032572&announcementTime=2023-12-29 00:00:00
美格智能,002881,002881,美格智能,关于修订《公司章程》的公告,2023-12-29 00:00:00,http://www.cninfo.com.cn/new/disclosure/detail?stockCode=002881&announcementId=1218749183&orgId=9900032572&announcementTime=2023-12-29 00:00:00
美格智能,002881,002881,美格智能,独立董事专门会议工作细则（2023年12月）,2023-12-29 00:00:00,http://www.cninfo.com.cn/new/disclosure/detail?stockCode=002881&announcementId=1218749182&orgId=9900032572&announcementTime=2023-12-29 00:00:00
美格智能,002881,002881,美格智能,独立董事年报工作制度（2023年12月）,2023-12-29 00:00:00,http://www.cninfo.com.cn/new/disclosure/detail?stockCode=002881&announcementId=1218749181&orgId=9900032572&announcementTime=2023-12-29 00:00:00
美格智能,002881,002881,美格智能,监事会议事规则（2023年12月）,2023-12-29 00:00:00,http://www.cninfo.com.cn/new/disclosure/detail?stockCode=002881&announcementId=1218749180&orgId=9900032572&announcementTime=2023-12-29 00:00:00
美格智能,002881,002881,美格智能,审计委员会工作条例（2023年12月）,2023-12-29 00:00:00,http://www.cninfo.com.cn/new/disclosure/detail?stockCode=002881&announcementId=1218749179&orgId=9900032572&announcementTime=2023-12-29 00:00:00
美格智能,002881,002881,美格智能,提名委员会工作条例（2023年12月）,2023-12-29 00:00:00,http://www.cninfo.com.cn/new/disclosure/detail?stockCode=002881&announcementId=1218749178&orgId=9900032572&announcementTime=2023-12-29 00:00:00
美格智能,002881,002881,美格智能,关于召开2024年第一次临时股东大会的通知,2023-12-29 00:00:00,http://www.cninfo.com.cn/new/disclosure/detail?stockCode=002881&announcementId=1218749177&orgId=9900032572&announcementTime=2023-12-29 00:00:00
美格智能,002881,002881,美格智能,第三届董事会第二十一次会议决议公告,2023-12-29 00:00:00,http://www.cninfo.com.cn/new/disclosure/detail?stockCode=002881&announcementId=1218749176&orgId=9900032572&announcementTime=2023-12-29 00:00:00
美格智能,002881,002881,美格智能,关于公司控股股东股份质押的公告,2023-12-28 00:00:00,http://www.cninfo.com.cn/new/disclosure/detail?stockCode=002881&announcementId=1218743851&orgId=9900032572&announcementTime=2023-12-28 00:00:00
美格智能,002881,002881,美格智能,关于公司控股股东部分股份解除质押的公告,2023-12-14 00:00:00,http://www.cninfo.com.cn/new/disclosure/detail?stockCode=002881&announcementId=1218604919&orgId=9900032572&announcementTime=2023-12-14 00:00:00
美格智能,002881,002881,美格智能,关于公司控股股东股份质押的公告,2023-12-12 00:00:00,http://www.cninfo.com.cn/new/disclosure/detail?stockCode=002881&announcementId=1218578201&orgId=9900032572&announcementTime=2023-12-12 00:00:00
美格智能,002881,002881,美格智能,关于公司控股股东股份质押及解除质押的公告,2023-12-07 11:44:23,http://www.cninfo.com.cn/new/disclosure/detail?stockCode=002881&announcementId=1218541974&orgId=9900032572&announcementTime=2023-12-07 11:44:23
美格智能,002881,002881,美格智能,关于公司控股股东部分股份解除质押的公告,2023-11-30 00:00:00,http://www.cninfo.com.cn/new/disclosure/detail?stockCode=002881&announcementId=1218476575&orgId=9900032572&announcementTime=2023-11-30 00:00:00
美格智能,002881,002881,美格智能,关于持股5%以上股东持股比例变动达到1%的公告,2023-11-25 00:00:00,http://www.cninfo.com.cn/new/disclosure/detail?stockCode=002881&announcementId=1218432503&orgId=9900032572&announcementTime=2023-11-25 00:00:00
美格智能,002881,002881,美格智能,关于持股5%以上股东减持计划期限届满的公告,2023-11-23 00:00:00,http://www.cninfo.com.cn/new/disclosure/detail?stockCode=002881&announcementId=1218408361&orgId=9900032572&announcementTime=2023-11-23 00:00:00
美格智能,002881,002881,美格智能,关于公司控股股东股份质押的公告,2023-11-18 00:00:00,http://www.cninfo.com.cn/new/disclosure/detail?stockCode=002881&announcementId=1218369969&orgId=9900032572&announcementTime=2023-11-18 00:00:00
美格智能,002881,002881,美格智能,股票交易异常波动公告,2023-11-16 00:00:00,http://www.cninfo.com.cn/new/disclosure/detail?stockCode=002881&announcementId=1218350961&orgId=9900032572&announcementTime=2023-11-16 00:00:00
美格智能,002881,002881,美格智能,关于持股5%以上股东持股比例变动超过1%的公告,2023-11-07 00:00:00,http://www.cninfo.com.cn/new/disclosure/detail?stockCode=002881&announcementId=1218268196&orgId=9900032572&announcementTime=2023-11-07 00:00:00
美格智能,002881,002881,美格智能,关于公司控股股东部分股份解除质押的公告,2023-11-03 00:00:00,http://www.cninfo.com.cn/new/disclosure/detail?stockCode=002881&announcementId=1218240687&orgId=9900032572&announcementTime=2023-11-03 00:00:00
美格智能,002881,002881,美格智能,关于增加2023年度日常关联交易预计额度的公告,2023-10-31 00:00:00,http://www.cninfo.com.cn/new/disclosure/detail?stockCode=002881&announcementId=1218200565&orgId=9900032572&announcementTime=2023-10-31 00:00:00
美格智能,002881,002881,美格智能,独立董事关于第三届董事会第二十次会议相关事项的事前认可意见,2023-10-31 00:00:00,http://www.cninfo.com.cn/new/disclosure/detail?stockCode=002881&announcementId=1218200564&orgId=9900032572&announcementTime=2023-10-31 00:00:00
美格智能,002881,002881,美格智能,关于2023年前三季度计提资产减值准备的公告,2023-10-31 00:00:00,http://www.cninfo.com.cn/new/disclosure/detail?stockCode=002881&announcementId=1218200563&orgId=9900032572&announcementTime=2023-10-31 00:00:00
美格智能,002881,002881,美格智能,监事会决议公告,2023-10-31 00:00:00,http://www.cninfo.com.cn/new/disclosure/detail?stockCode=002881&announcementId=1218200562&orgId=9900032572&announcementTime=2023-10-31 00:00:00
美格智能,002881,002881,美格智能,2023年三季度报告,2023-10-31 00:00:00,http://www.cninfo.com.cn/new/disclosure/detail?stockCode=002881&announcementId=1218200561&orgId=9900032572&announcementTime=2023-10-31 00:00:00
美格智能,002881,002881,美格智能,东莞证券股份有限公司关于美格智能技术股份有限公司增加2023年度日常关联交易预计额度的核查意见,2023-10-31 00:00:00,http://www.cninfo.com.cn/new/disclosure/detail?stockCode=002881&announcementId=1218200560&orgId=9900032572&announcementTime=2023-10-31 00:00:00
美格智能,002881,002881,美格智能,董事会决议公告,2023-10-31 00:00:00,http://www.cninfo.com.cn/new/disclosure/detail?stockCode=002881&announcementId=1218200559&orgId=9900032572&announcementTime=2023-10-31 00:00:00
美格智能,002881,002881,美格智能,独立董事关于第三届董事会第二十次会议相关事项的独立意见,2023-10-31 00:00:00,http://www.cninfo.com.cn/new/disclosure/detail?stockCode=002881&announcementId=1218200558&orgId=9900032572&announcementTime=2023-10-31 00:00:00
美格智能,002881,002881,美格智能,关于公司控股股东股份质押的公告,2023-10-27 00:00:00,http://www.cninfo.com.cn/new/disclosure/detail?stockCode=002881&announcementId=1218166749&orgId=9900032572&announcementTime=2023-10-27 00:00:00
美格智能,002881,002881,美格智能,关于部分股票期权注销和部分已授予但尚未解锁的限制性股票回购注销完成的公告,2023-10-14 00:00:00,http://www.cninfo.com.cn/new/disclosure/detail?stockCode=002881&announcementId=1218032216&orgId=9900032572&announcementTime=2023-10-14 00:00:00
美格智能,002881,002881,美格智能,关于完成工商变更登记的公告,2023-10-14 00:00:00,http://www.cninfo.com.cn/new/disclosure/detail?stockCode=002881&announcementId=1218030906&orgId=9900032572&announcementTime=2023-10-14 00:00:00
美格智能,002881,002881,美格智能,关于非公开发行股票解除限售上市流通的提示性公告,2023-09-19 00:00:00,http://www.cninfo.com.cn/new/disclosure/detail?stockCode=002881&announcementId=1217884699&orgId=9900032572&announcementTime=2023-09-19 00:00:00
美格智能,002881,002881,美格智能,东莞证券股份有限公司关于美格智能技术股份有限公司非公开发行限售股份上市流通的核查意见,2023-09-19 00:00:00,http://www.cninfo.com.cn/new/disclosure/detail?stockCode=002881&announcementId=1217884698&orgId=9900032572&announcementTime=2023-09-19 00:00:00
美格智能,002881,002881,美格智能,关于2020年度股票期权与限制性股票激励计划首次授予股票期权第三个行权期自主行权的提示性公告,2023-09-06 00:00:00,http://www.cninfo.com.cn/new/disclosure/detail?stockCode=002881&announcementId=1217782704&orgId=9900032572&announcementTime=2023-09-06 00:00:00
美格智能,002881,002881,美格智能,关于2020年度股票期权与限制性股票激励计划第三个解除限售期解除限售股份上市流通的提示性公告,2023-09-06 00:00:00,http://www.cninfo.com.cn/new/disclosure/detail?stockCode=002881&announcementId=1217782703&orgId=9900032572&announcementTime=2023-09-06 00:00:00
美格智能,002881,002881,美格智能,关于2020年度股票期权与限制性股票激励计划首次授予股票期权第三个行权期行权条件成就的公告,2023-08-31 00:00:00,http://www.cninfo.com.cn/new/disclosure/detail?stockCode=002881&announcementId=1217708031&orgId=9900032572&announcementTime=2023-08-31 00:00:00
美格智能,002881,002881,美格智能,关于2023年半年度计提资产减值准备的公告,2023-08-31 00:00:00,http://www.cninfo.com.cn/new/disclosure/detail?stockCode=002881&announcementId=1217708029&orgId=9900032572&announcementTime=2023-08-31 00:00:00
美格智能,002881,002881,美格智能,北京市炜衡（深圳）律师事务所关于美格智能技术股份有限公司2020年度股票期权与限制性股票激励计划第三个解除限售期解除限售条件成就、首次授予股票期权第三个行权期行权条件成就以及注销部分股票期权的相关事项之法律意见书,2023-08-31 00:00:00,http://www.cninfo.com.cn/new/disclosure/detail?stockCode=002881&announcementId=1217708028&orgId=9900032572&announcementTime=2023-08-31 00:00:00
美格智能,002881,002881,美格智能,2023年半年度财务报告,2023-08-31 00:00:00,http://www.cninfo.com.cn/new/disclosure/detail?stockCode=002881&announcementId=1217708027&orgId=9900032572&announcementTime=2023-08-31 00:00:00
美格智能,002881,002881,美格智能,2023年半年度报告摘要,2023-08-31 00:00:00,http://www.cninfo.com.cn/new/disclosure/detail?stockCode=002881&announcementId=1217708026&orgId=9900032572&announcementTime=2023-08-31 00:00:00
美格智能,002881,002881,美格智能,半年报董事会决议公告,2023-08-31 00:00:00,http://www.cninfo.com.cn/new/disclosure/detail?stockCode=002881&announcementId=1217708025&orgId=9900032572&announcementTime=2023-08-31 00:00:00
美格智能,002881,002881,美格智能,关于2020年度股票期权与限制性股票激励计划第三个解除限售期解除限售条件成就的公告,2023-08-31 00:00:00,http://www.cninfo.com.cn/new/disclosure/detail?stockCode=002881&announcementId=1217708024&orgId=9900032572&announcementTime=2023-08-31 00:00:00
美格智能,002881,002881,美格智能,关于注销部分股票期权的公告,2023-08-31 00:00:00,http://www.cninfo.com.cn/new/disclosure/detail?stockCode=002881&announcementId=1217708023&orgId=9900032572&announcementTime=2023-08-31 00:00:00
美格智能,002881,002881,美格智能,半年报监事会决议公告,2023-08-31 00:00:00,http://www.cninfo.com.cn/new/disclosure/detail?stockCode=002881&announcementId=1217708022&orgId=9900032572&announcementTime=2023-08-31 00:00:00
美格智能,002881,002881,美格智能,半年度非经营性资金占用及其他关联资金往来情况汇总表,2023-08-31 00:00:00,http://www.cninfo.com.cn/new/disclosure/detail?stockCode=002881&announcementId=1217708021&orgId=9900032572&announcementTime=2023-08-31 00:00:00
美格智能,002881,002881,美格智能,2023年半年度报告,2023-08-31 00:00:00,http://www.cninfo.com.cn/new/disclosure/detail?stockCode=002881&announcementId=1217708019&orgId=9900032572&announcementTime=2023-08-31 00:00:00
美格智能,002881,002881,美格智能,2023年半年度募集资金存放与使用情况专项报告,2023-08-31 00:00:00,http://www.cninfo.com.cn/new/disclosure/detail?stockCode=002881&announcementId=1217708018&orgId=9900032572&announcementTime=2023-08-31 00:00:00
美格智能,002881,002881,美格智能,独立董事关于控股股东及其他关联方占用公司资金、公司对外担保情况的专项说明和独立意见,2023-08-31 00:00:00,http://www.cninfo.com.cn/new/disclosure/detail?stockCode=002881&announcementId=1217708017&orgId=9900032572&announcementTime=2023-08-31 00:00:00
美格智能,002881,002881,美格智能,关于持股5%以上股东股份减持计划时间过半的进展公告,2023-08-23 00:00:00,http://www.cninfo.com.cn/new/disclosure/detail?stockCode=002881&announcementId=1217606812&orgId=9900032572&announcementTime=2023-08-23 00:00:00
美格智能,002881,002881,美格智能,关于全资子公司注册成立的公告,2023-08-17 00:00:00,http://www.cninfo.com.cn/new/disclosure/detail?stockCode=002881&announcementId=1217554222&orgId=9900032572&announcementTime=2023-08-17 00:00:00
美格智能,002881,002881,美格智能,关于公司控股股东股份质押及解除质押的公告,2023-08-04 11:40:22,http://www.cninfo.com.cn/new/disclosure/detail?stockCode=002881&announcementId=1217464657&orgId=9900032572&announcementTime=2023-08-04 11:40:22
美格智能,002881,002881,美格智能,关于持股5%以上股东减持股份的预披露公告,2023-08-03 00:00:00,http://www.cninfo.com.cn/new/disclosure/detail?stockCode=002881&announcementId=1217452750&orgId=9900032572&announcementTime=2023-08-03 00:00:00
美格智能,002881,002881,美格智能,关于公司控股股东股份质押及解除质押的公告,2023-06-26 11:44:26,http://www.cninfo.com.cn/new/disclosure/detail?stockCode=002881&announcementId=1217135683&orgId=9900032572&announcementTime=2023-06-26 11:44:26
美格智能,002881,002881,美格智能,关于2020年度股票期权与限制性股票激励计划预留股票期权第二个行权期自主行权的提示性公告,2023-06-16 00:00:00,http://www.cninfo.com.cn/new/disclosure/detail?stockCode=002881&announcementId=1217074553&orgId=9900032572&announcementTime=2023-06-16 00:00:00
美格智能,002881,002881,美格智能,关于调整公司2020年度股票期权与限制性股票激励计划的期权行权价格和限制性股票回购价格的公告,2023-06-13 00:00:00,http://www.cninfo.com.cn/new/disclosure/detail?stockCode=002881&announcementId=1217043003&orgId=9900032572&announcementTime=2023-06-13 00:00:00
美格智能,002881,002881,美格智能,独立董事关于第三届董事会第十八次会议相关事项的独立意见,2023-06-13 00:00:00,http://www.cninfo.com.cn/new/disclosure/detail?stockCode=002881&announcementId=1217043002&orgId=9900032572&announcementTime=2023-06-13 00:00:00
美格智能,002881,002881,美格智能,第三届董事会第十八次会议决议公告,2023-06-13 00:00:00,http://www.cninfo.com.cn/new/disclosure/detail?stockCode=002881&announcementId=1217043001&orgId=9900032572&announcementTime=2023-06-13 00:00:00
美格智能,002881,002881,美格智能,第三届监事会第十六次会议决议公告,2023-06-13 00:00:00,http://www.cninfo.com.cn/new/disclosure/detail?stockCode=002881&announcementId=1217043000&orgId=9900032572&announcementTime=2023-06-13 00:00:00
美格智能,002881,002881,美格智能,北京市炜衡（深圳）律师事务所关于美格智能技术股份有限公司2020年度股票期权与限制性股票激励计划调整期权行权价格及限制性股票回购价格以及预留股票期权第二个行权期行权条件成就的相关事项之法律意见书,2023-06-13 00:00:00,http://www.cninfo.com.cn/new/disclosure/detail?stockCode=002881&announcementId=1217042999&orgId=9900032572&announcementTime=2023-06-13 00:00:00
美格智能,002881,002881,美格智能,关于2020年度股票期权与限制性股票激励计划预留股票期权第二个行权期行权条件成就的公告,2023-06-13 00:00:00,http://www.cninfo.com.cn/new/disclosure/detail?stockCode=002881&announcementId=1217042998&orgId=9900032572&announcementTime=2023-06-13 00:00:00
美格智能,002881,002881,美格智能,2022年年度权益分派实施公告,2023-05-26 00:00:00,http://www.cninfo.com.cn/new/disclosure/detail?stockCode=002881&announcementId=1216908263&orgId=9900032572&announcementTime=2023-05-26 00:00:00
美格智能,002881,002881,美格智能,关于举行2022年度网上业绩说明会的公告,2023-05-24 00:00:00,http://www.cninfo.com.cn/new/disclosure/detail?stockCode=002881&announcementId=1216882816&orgId=9900032572&announcementTime=2023-05-24 00:00:00
美格智能,002881,002881,美格智能,关于公司控股股东股份质押的公告,2023-05-18 00:00:00,http://www.cninfo.com.cn/new/disclosure/detail?stockCode=002881&announcementId=1216843664&orgId=9900032572&announcementTime=2023-05-18 00:00:00
美格智能,002881,002881,美格智能,北京市炜衡（深圳）律师事务所关于美格智能2022年年度股东大会的法律意见书,2023-05-18 00:00:00,http://www.cninfo.com.cn/new/disclosure/detail?stockCode=002881&announcementId=1216843663&orgId=9900032572&announcementTime=2023-05-18 00:00:00
美格智能,002881,002881,美格智能,2022年年度股东大会决议公告,2023-05-18 00:00:00,http://www.cninfo.com.cn/new/disclosure/detail?stockCode=002881&announcementId=1216843662&orgId=9900032572&announcementTime=2023-05-18 00:00:00
美格智能,002881,002881,美格智能,关于公司控股股东股份质押及解除质押的公告,2023-05-12 11:42:30,http://www.cninfo.com.cn/new/disclosure/detail?stockCode=002881&announcementId=1216805466&orgId=9900032572&announcementTime=2023-05-12 11:42:30
美格智能,002881,002881,美格智能,关于公司控股股东股份质押的公告,2023-05-04 11:42:30,http://www.cninfo.com.cn/new/disclosure/detail?stockCode=002881&announcementId=1216744431&orgId=9900032572&announcementTime=2023-05-04 11:42:30
美格智能,002881,002881,美格智能,股票交易异常波动公告,2023-04-27 00:00:00,http://www.cninfo.com.cn/new/disclosure/detail?stockCode=002881&announcementId=1216614561&orgId=9900032572&announcementTime=2023-04-27 00:00:00
美格智能,002881,002881,美格智能,关于会计政策变更的公告,2023-04-26 00:00:00,http://www.cninfo.com.cn/new/disclosure/detail?stockCode=002881&announcementId=1216584191&orgId=9900032572&announcementTime=2023-04-26 00:00:00
美格智能,002881,002881,美格智能,内部控制自我评价报告,2023-04-26 00:00:00,http://www.cninfo.com.cn/new/disclosure/detail?stockCode=002881&announcementId=1216584190&orgId=9900032572&announcementTime=2023-04-26 00:00:00
美格智能,002881,002881,美格智能,2022年年度报告摘要,2023-04-26 00:00:00,http://www.cninfo.com.cn/new/disclosure/detail?stockCode=002881&announcementId=1216584189&orgId=9900032572&announcementTime=2023-04-26 00:00:00
美格智能,002881,002881,美格智能,关于公司使用募集资金置换先期投入自筹资金的核查意见,2023-04-26 00:00:00,http://www.cninfo.com.cn/new/disclosure/detail?stockCode=002881&announcementId=1216584188&orgId=9900032572&announcementTime=2023-04-26 00:00:00
美格智能,002881,002881,美格智能,监事会决议公告,2023-04-26 00:00:00,http://www.cninfo.com.cn/new/disclosure/detail?stockCode=002881&announcementId=1216584187&orgId=9900032572&announcementTime=2023-04-26 00:00:00
美格智能,002881,002881,美格智能,年度关联方资金占用专项审计报告,2023-04-26 00:00:00,http://www.cninfo.com.cn/new/disclosure/detail?stockCode=002881&announcementId=1216584184&orgId=9900032572&announcementTime=2023-04-26 00:00:00
美格智能,002881,002881,美格智能,内部控制规则落实自查表,2023-04-26 00:00:00,http://www.cninfo.com.cn/new/disclosure/detail?stockCode=002881&announcementId=1216584183&orgId=9900032572&announcementTime=2023-04-26 00:00:00
美格智能,002881,002881,美格智能,募集资金置换专项审核报告,2023-04-26 00:00:00,http://www.cninfo.com.cn/new/disclosure/detail?stockCode=002881&announcementId=1216584181&orgId=9900032572&announcementTime=2023-04-26 00:00:00
美格智能,002881,002881,美格智能,2022年度监事会工作报告,2023-04-26 00:00:00,http://www.cninfo.com.cn/new/disclosure/detail?stockCode=002881&announcementId=1216584178&orgId=9900032572&announcementTime=2023-04-26 00:00:00
美格智能,002881,002881,美格智能,2022年度非经营性资金占用及其他关联资金往来情况汇总表,2023-04-26 00:00:00,http://www.cninfo.com.cn/new/disclosure/detail?stockCode=002881&announcementId=1216584176&orgId=9900032572&announcementTime=2023-04-26 00:00:00
美格智能,002881,002881,美格智能,关于使用募集资金置换先期投入募投项目自筹资金的公告,2023-04-26 00:00:00,http://www.cninfo.com.cn/new/disclosure/detail?stockCode=002881&announcementId=1216584174&orgId=9900032572&announcementTime=2023-04-26 00:00:00
美格智能,002881,002881,美格智能,关于变更公司注册资本及修订《公司章程》的公告,2023-04-26 00:00:00,http://www.cninfo.com.cn/new/disclosure/detail?stockCode=002881&announcementId=1216584173&orgId=9900032572&announcementTime=2023-04-26 00:00:00
美格智能,002881,002881,美格智能,年度股东大会通知,2023-04-26 00:00:00,http://www.cninfo.com.cn/new/disclosure/detail?stockCode=002881&announcementId=1216584171&orgId=9900032572&announcementTime=2023-04-26 00:00:00
美格智能,002881,002881,美格智能,2022年年度审计报告,2023-04-26 00:00:00,http://www.cninfo.com.cn/new/disclosure/detail?stockCode=002881&announcementId=1216584169&orgId=9900032572&announcementTime=2023-04-26 00:00:00
美格智能,002881,002881,美格智能,董事会决议公告,2023-04-26 00:00:00,http://www.cninfo.com.cn/new/disclosure/detail?stockCode=002881&announcementId=1216584168&orgId=9900032572&announcementTime=2023-04-26 00:00:00
美格智能,002881,002881,美格智能,内部控制审计报告,2023-04-26 00:00:00,http://www.cninfo.com.cn/new/disclosure/detail?stockCode=002881&announcementId=1216584167&orgId=9900032572&announcementTime=2023-04-26 00:00:00
美格智能,002881,002881,美格智能,年度募集资金使用情况专项说明,2023-04-26 00:00:00,http://www.cninfo.com.cn/new/disclosure/detail?stockCode=002881&announcementId=1216584165&orgId=9900032572&announcementTime=2023-04-26 00:00:00
美格智能,002881,002881,美格智能,独立董事对担保等事项的独立意见,2023-04-26 00:00:00,http://www.cninfo.com.cn/new/disclosure/detail?stockCode=002881&announcementId=1216584163&orgId=9900032572&announcementTime=2023-04-26 00:00:00
美格智能,002881,002881,美格智能,关于持股5%以上股东减持股份的预披露公告,2023-04-26 00:00:00,http://www.cninfo.com.cn/new/disclosure/detail?stockCode=002881&announcementId=1216584161&orgId=9900032572&announcementTime=2023-04-26 00:00:00
美格智能,002881,002881,美格智能,2023年一季度报告,2023-04-26 00:00:00,http://www.cninfo.com.cn/new/disclosure/detail?stockCode=002881&announcementId=1216584159&orgId=9900032572&announcementTime=2023-04-26 00:00:00
美格智能,002881,002881,美格智能,关于公司2022年度内部控制自我评价报告的核查意见,2023-04-26 00:00:00,http://www.cninfo.com.cn/new/disclosure/detail?stockCode=002881&announcementId=1216584158&orgId=9900032572&announcementTime=2023-04-26 00:00:00
美格智能,002881,002881,美格智能,2022年年度报告,2023-04-26 00:00:00,http://www.cninfo.com.cn/new/disclosure/detail?stockCode=002881&announcementId=1216584157&orgId=9900032572&announcementTime=2023-04-26 00:00:00
美格智能,002881,002881,美格智能,关于公司使用部分闲置募集资金暂时补充流动资金的核查意见,2023-04-26 00:00:00,http://www.cninfo.com.cn/new/disclosure/detail?stockCode=002881&announcementId=1216584148&orgId=9900032572&announcementTime=2023-04-26 00:00:00
美格智能,002881,002881,美格智能,年度募集资金使用鉴证报告,2023-04-26 00:00:00,http://www.cninfo.com.cn/new/disclosure/detail?stockCode=002881&announcementId=1216584147&orgId=9900032572&announcementTime=2023-04-26 00:00:00
美格智能,002881,002881,美格智能,关于续聘公司2023年度审计机构的公告,2023-04-26 00:00:00,http://www.cninfo.com.cn/new/disclosure/detail?stockCode=002881&announcementId=1216584146&orgId=9900032572&announcementTime=2023-04-26 00:00:00
美格智能,002881,002881,美格智能,关于使用部分闲置募集资金暂时补充流动资金的公告,2023-04-26 00:00:00,http://www.cninfo.com.cn/new/disclosure/detail?stockCode=002881&announcementId=1216584145&orgId=9900032572&announcementTime=2023-04-26 00:00:00
美格智能,002881,002881,美格智能,独立董事年度述职报告,2023-04-26 00:00:00,http://www.cninfo.com.cn/new/disclosure/detail?stockCode=002881&announcementId=1216584143&orgId=9900032572&announcementTime=2023-04-26 00:00:00
美格智能,002881,002881,美格智能,独立董事关于第三届董事会第十七次会议相关事项的事前认可意见,2023-04-26 00:00:00,http://www.cninfo.com.cn/new/disclosure/detail?stockCode=002881&announcementId=1216584142&orgId=9900032572&announcementTime=2023-04-26 00:00:00
美格智能,002881,002881,美格智能,关于注销部分募集资金专项账户的公告,2023-04-13 00:00:00,http://www.cninfo.com.cn/new/disclosure/detail?stockCode=002881&announcementId=1216389715&orgId=9900032572&announcementTime=2023-04-13 00:00:00
美格智能,002881,002881,美格智能,关于公司控股股东部分股份解除质押的公告,2023-04-12 00:00:00,http://www.cninfo.com.cn/new/disclosure/detail?stockCode=002881&announcementId=1216377202&orgId=9900032572&announcementTime=2023-04-12 00:00:00
美格智能,002881,002881,美格智能,北京市炜衡（深圳）律师事务所关于美格智能2023年第一次临时股东大会的法律意见书,2023-04-04 00:00:00,http://www.cninfo.com.cn/new/disclosure/detail?stockCode=002881&announcementId=1216317816&orgId=9900032572&announcementTime=2023-04-04 00:00:00
美格智能,002881,002881,美格智能,2023年第一次临时股东大会决议公告,2023-04-04 00:00:00,http://www.cninfo.com.cn/new/disclosure/detail?stockCode=002881&announcementId=1216317815&orgId=9900032572&announcementTime=2023-04-04 00:00:00
美格智能,002881,002881,美格智能,关于回购注销部分限制性股票减资暨通知债权人的公告,2023-04-04 00:00:00,http://www.cninfo.com.cn/new/disclosure/detail?stockCode=002881&announcementId=1216317814&orgId=9900032572&announcementTime=2023-04-04 00:00:00
美格智能,002881,002881,美格智能,关于公司控股股东股份质押的公告,2023-03-30 00:00:00,http://www.cninfo.com.cn/new/disclosure/detail?stockCode=002881&announcementId=1216254974&orgId=9900032572&announcementTime=2023-03-30 00:00:00
美格智能,002881,002881,美格智能,关于公司全资子公司获得高新技术企业证书的公告,2023-03-25 00:00:00,http://www.cninfo.com.cn/new/disclosure/detail?stockCode=002881&announcementId=1216218401&orgId=9900032572&announcementTime=2023-03-25 00:00:00
美格智能,002881,002881,美格智能,关于召开2023年第一次临时股东大会的通知,2023-03-17 00:00:00,http://www.cninfo.com.cn/new/disclosure/detail?stockCode=002881&announcementId=1216137666&orgId=9900032572&announcementTime=2023-03-17 00:00:00
美格智能,002881,002881,美格智能,第三届董事会第十六次会议决议公告,2023-03-17 00:00:00,http://www.cninfo.com.cn/new/disclosure/detail?stockCode=002881&announcementId=1216137665&orgId=9900032572&announcementTime=2023-03-17 00:00:00
美格智能,002881,002881,美格智能,北京市炜衡（深圳）律师事务所关于美格智能注销部分股票期权及回购注销部分已授予但尚未解锁的限制性股票的法律意见书,2023-03-17 00:00:00,http://www.cninfo.com.cn/new/disclosure/detail?stockCode=002881&announcementId=1216137664&orgId=9900032572&announcementTime=2023-03-17 00:00:00
美格智能,002881,002881,美格智能,第三届监事会第十四次会议决议公告,2023-03-17 00:00:00,http://www.cninfo.com.cn/new/disclosure/detail?stockCode=002881&announcementId=1216137663&orgId=9900032572&announcementTime=2023-03-17 00:00:00
美格智能,002881,002881,美格智能,独立董事关于第三届董事会第十六次会议相关事项的独立意见,2023-03-17 00:00:00,http://www.cninfo.com.cn/new/disclosure/detail?stockCode=002881&announcementId=1216137662&orgId=9900032572&announcementTime=2023-03-17 00:00:00
美格智能,002881,002881,美格智能,关于注销部分股票期权和回购注销部分已授予但尚未解锁的限制性股票的公告,2023-03-17 00:00:00,http://www.cninfo.com.cn/new/disclosure/detail?stockCode=002881&announcementId=1216137661&orgId=9900032572&announcementTime=2023-03-17 00:00:00
美格智能,002881,002881,美格智能,独立董事关于第三届董事会第十六次会议相关事项的事前认可意见,2023-03-17 00:00:00,http://www.cninfo.com.cn/new/disclosure/detail?stockCode=002881&announcementId=1216137660&orgId=9900032572&announcementTime=2023-03-17 00:00:00
美格智能,002881,002881,美格智能,关于签订募集资金三方监管协议的公告,2023-03-17 00:00:00,http://www.cninfo.com.cn/new/disclosure/detail?stockCode=002881&announcementId=1216137659&orgId=9900032572&announcementTime=2023-03-17 00:00:00
美格智能,002881,002881,美格智能,关于2023年度日常关联交易预计的公告,2023-03-17 00:00:00,http://www.cninfo.com.cn/new/disclosure/detail?stockCode=002881&announcementId=1216137658&orgId=9900032572&announcementTime=2023-03-17 00:00:00
美格智能,002881,002881,美格智能,关于持股5%以上股东持股比例被动稀释超过1%的公告,2023-03-17 00:00:00,http://www.cninfo.com.cn/new/disclosure/detail?stockCode=002881&announcementId=1216137647&orgId=9900032572&announcementTime=2023-03-17 00:00:00
美格智能,002881,002881,美格智能,关于公司董事、监事和高级管理人员持股情况变动的报告,2023-03-17 00:00:00,http://www.cninfo.com.cn/new/disclosure/detail?stockCode=002881&announcementId=1216137646&orgId=9900032572&announcementTime=2023-03-17 00:00:00
美格智能,002881,002881,美格智能,上市公告书,2023-03-17 00:00:00,http://www.cninfo.com.cn/new/disclosure/detail?stockCode=002881&announcementId=1216137645&orgId=9900032572&announcementTime=2023-03-17 00:00:00
美格智能,002881,002881,美格智能,上市公告书（摘要）,2023-03-17 00:00:00,http://www.cninfo.com.cn/new/disclosure/detail?stockCode=002881&announcementId=1216137644&orgId=9900032572&announcementTime=2023-03-17 00:00:00
美格智能,002881,002881,美格智能,上市保荐书,2023-03-17 00:00:00,http://www.cninfo.com.cn/new/disclosure/detail?stockCode=002881&announcementId=1216137643&orgId=9900032572&announcementTime=2023-03-17 00:00:00
美格智能,002881,002881,美格智能,验资报告,2023-03-08 00:00:00,http://www.cninfo.com.cn/new/disclosure/detail?stockCode=002881&announcementId=1216063373&orgId=9900032572&announcementTime=2023-03-08 00:00:00
美格智能,002881,002881,美格智能,关于变更签字注册会计师的公告,2023-03-08 00:00:00,http://www.cninfo.com.cn/new/disclosure/detail?stockCode=002881&announcementId=1216063372&orgId=9900032572&announcementTime=2023-03-08 00:00:00
美格智能,002881,002881,美格智能,非公开发行股票发行过程和认购对象合规性的说明,2023-03-08 00:00:00,http://www.cninfo.com.cn/new/disclosure/detail?stockCode=002881&announcementId=1216063371&orgId=9900032572&announcementTime=2023-03-08 00:00:00
美格智能,002881,002881,美格智能,非公开发行股票发行情况报告书,2023-03-08 00:00:00,http://www.cninfo.com.cn/new/disclosure/detail?stockCode=002881&announcementId=1216063370&orgId=9900032572&announcementTime=2023-03-08 00:00:00
美格智能,002881,002881,美格智能,法律意见书,2023-03-08 00:00:00,http://www.cninfo.com.cn/new/disclosure/detail?stockCode=002881&announcementId=1216063369&orgId=9900032572&announcementTime=2023-03-08 00:00:00
美格智能,002881,002881,美格智能,关于公司全资子公司获得高新技术企业证书的公告,2023-02-17 00:00:00,http://www.cninfo.com.cn/new/disclosure/detail?stockCode=002881&announcementId=1215878881&orgId=9900032572&announcementTime=2023-02-17 00:00:00
美格智能,002881,002881,美格智能,关于公司获得高新技术企业证书的公告,2023-02-11 00:00:00,http://www.cninfo.com.cn/new/disclosure/detail?stockCode=002881&announcementId=1215830361&orgId=9900032572&announcementTime=2023-02-11 00:00:00
美格智能,002881,002881,美格智能,关于公司控股股东部分股份解除质押的公告,2023-02-08 00:00:00,http://www.cninfo.com.cn/new/disclosure/detail?stockCode=002881&announcementId=1215789363&orgId=9900032572&announcementTime=2023-02-08 00:00:00
美格智能,002881,002881,美格智能,第三届董事会第十五次会议决议公告,2023-01-30 00:00:00,http://www.cninfo.com.cn/new/disclosure/detail?stockCode=002881&announcementId=1215711974&orgId=9900032572&announcementTime=2023-01-30 00:00:00
美格智能,002881,002881,美格智能,关于在上海设立全资子公司的公告,2023-01-30 00:00:00,http://www.cninfo.com.cn/new/disclosure/detail?stockCode=002881&announcementId=1215711970&orgId=9900032572&announcementTime=2023-01-30 00:00:00
美格智能,002881,002881,美格智能,关于公司控股股东股份质押的公告,2023-01-16 11:40:27,http://www.cninfo.com.cn/new/disclosure/detail?stockCode=002881&announcementId=1215624134&orgId=9900032572&announcementTime=2023-01-16 11:40:27
美格智能,002881,002881,美格智能,关于公司控股股东股份质押及解除质押的公告,2022-12-14 00:00:00,http://www.cninfo.com.cn/new/disclosure/detail?stockCode=002881&announcementId=1215342218&orgId=9900032572&announcementTime=2022-12-14 00:00:00
美格智能,002881,002881,美格智能,关于公司控股股东股份质押的公告,2022-12-08 00:00:00,http://www.cninfo.com.cn/new/disclosure/detail?stockCode=002881&announcementId=1215293505&orgId=9900032572&announcementTime=2022-12-08 00:00:00
美格智能,002881,002881,美格智能,关于公司控股股东部分股份解除质押的公告,2022-11-26 00:00:00,http://www.cninfo.com.cn/new/disclosure/detail?stockCode=002881&announcementId=1215210914&orgId=9900032572&announcementTime=2022-11-26 00:00:00
美格智能,002881,002881,美格智能,关于公司控股股东股份质押的公告,2022-11-16 00:00:00,http://www.cninfo.com.cn/new/disclosure/detail?stockCode=002881&announcementId=1215115511&orgId=9900032572&announcementTime=2022-11-16 00:00:00
美格智能,002881,002881,美格智能,关于参加深圳辖区上市公司2022年投资者网上集体接待日活动的公告,2022-11-04 00:00:00,http://www.cninfo.com.cn/new/disclosure/detail?stockCode=002881&announcementId=1215024063&orgId=9900032572&announcementTime=2022-11-04 00:00:00
美格智能,002881,002881,美格智能,关于公司控股股东部分股份解除质押的公告,2022-11-04 00:00:00,http://www.cninfo.com.cn/new/disclosure/detail?stockCode=002881&announcementId=1215024062&orgId=9900032572&announcementTime=2022-11-04 00:00:00
美格智能,002881,002881,美格智能,2022年三季度报告,2022-10-28 00:00:00,http://www.cninfo.com.cn/new/disclosure/detail?stockCode=002881&announcementId=1214938142&orgId=9900032572&announcementTime=2022-10-28 00:00:00
美格智能,002881,002881,美格智能,关于公司控股股东股份质押的公告,2022-10-27 00:00:00,http://www.cninfo.com.cn/new/disclosure/detail?stockCode=002881&announcementId=1214923666&orgId=9900032572&announcementTime=2022-10-27 00:00:00
美格智能,002881,002881,美格智能,2022年前三季度业绩预告,2022-10-18 00:00:00,http://www.cninfo.com.cn/new/disclosure/detail?stockCode=002881&announcementId=1214815314&orgId=9900032572&announcementTime=2022-10-18 00:00:00
美格智能,002881,002881,美格智能,关于完成工商变更登记的公告,2022-09-20 00:00:00,http://www.cninfo.com.cn/new/disclosure/detail?stockCode=002881&announcementId=1214628842&orgId=9900032572&announcementTime=2022-09-20 00:00:00
美格智能,002881,002881,美格智能,关于2020年度股票期权与限制性股票激励计划第二个解除限售期解除限售股份上市流通的提示性公告,2022-09-05 00:00:00,http://www.cninfo.com.cn/new/disclosure/detail?stockCode=002881&announcementId=1214524699&orgId=9900032572&announcementTime=2022-09-05 00:00:00
美格智能,002881,002881,美格智能,关于2020年度股票期权与限制性股票激励计划首次授予股票期权第二个行权期自主行权的提示性公告,2022-09-05 00:00:00,http://www.cninfo.com.cn/new/disclosure/detail?stockCode=002881&announcementId=1214524698&orgId=9900032572&announcementTime=2022-09-05 00:00:00
美格智能,002881,002881,美格智能,关于美格智能技术股份有限公司2022年第二次临时股东大会之法律意见书,2022-08-30 00:00:00,http://www.cninfo.com.cn/new/disclosure/detail?stockCode=002881&announcementId=1214446639&orgId=9900032572&announcementTime=2022-08-30 00:00:00
美格智能,002881,002881,美格智能,关于美格智能技术股份有限公司2020年度股票期权与限制性股票激励计划首次授予股票期权第二个行权期行权条件成就及第二个解除限售期解除限售条件成就的相关事项之法律意见书,2022-08-30 00:00:00,http://www.cninfo.com.cn/new/disclosure/detail?stockCode=002881&announcementId=1214446638&orgId=9900032572&announcementTime=2022-08-30 00:00:00
美格智能,002881,002881,美格智能,关于2020年度股票期权与限制性股票激励计划首次授予股票期权第二个行权期行权条件成就的公告,2022-08-30 00:00:00,http://www.cninfo.com.cn/new/disclosure/detail?stockCode=002881&announcementId=1214446637&orgId=9900032572&announcementTime=2022-08-30 00:00:00
美格智能,002881,002881,美格智能,关于2020年度股票期权与限制性股票激励计划第二个解除限售期解除限售条件成就的公告,2022-08-30 00:00:00,http://www.cninfo.com.cn/new/disclosure/detail?stockCode=002881&announcementId=1214446636&orgId=9900032572&announcementTime=2022-08-30 00:00:00
美格智能,002881,002881,美格智能,第三届监事会第十二次会议决议公告,2022-08-30 00:00:00,http://www.cninfo.com.cn/new/disclosure/detail?stockCode=002881&announcementId=1214446635&orgId=9900032572&announcementTime=2022-08-30 00:00:00
美格智能,002881,002881,美格智能,独立董事关于第三届董事会第十三次会议相关事项的独立意见,2022-08-30 00:00:00,http://www.cninfo.com.cn/new/disclosure/detail?stockCode=002881&announcementId=1214446634&orgId=9900032572&announcementTime=2022-08-30 00:00:00
美格智能,002881,002881,美格智能,第三届董事会第十三次会议决议公告,2022-08-30 00:00:00,http://www.cninfo.com.cn/new/disclosure/detail?stockCode=002881&announcementId=1214446633&orgId=9900032572&announcementTime=2022-08-30 00:00:00
美格智能,002881,002881,美格智能,公司章程（2022年8月）,2022-08-30 00:00:00,http://www.cninfo.com.cn/new/disclosure/detail?stockCode=002881&announcementId=1214446632&orgId=9900032572&announcementTime=2022-08-30 00:00:00
美格智能,002881,002881,美格智能,2022年第二次临时股东大会决议公告,2022-08-30 00:00:00,http://www.cninfo.com.cn/new/disclosure/detail?stockCode=002881&announcementId=1214446631&orgId=9900032572&announcementTime=2022-08-30 00:00:00
美格智能,002881,002881,美格智能,半年度非经营性资金占用及其他关联资金往来情况汇总表,2022-08-16 00:00:00,http://www.cninfo.com.cn/new/disclosure/detail?stockCode=002881&announcementId=1214296191&orgId=9900032572&announcementTime=2022-08-16 00:00:00
美格智能,002881,002881,美格智能,2022年半年度募集资金存放与使用情况专项报告,2022-08-16 00:00:00,http://www.cninfo.com.cn/new/disclosure/detail?stockCode=002881&announcementId=1214296190&orgId=9900032572&announcementTime=2022-08-16 00:00:00
美格智能,002881,002881,美格智能,独立董事关于控股股东及其他关联方占用公司资金、公司对外担保情况的专项说明和独立意见,2022-08-16 00:00:00,http://www.cninfo.com.cn/new/disclosure/detail?stockCode=002881&announcementId=1214296189&orgId=9900032572&announcementTime=2022-08-16 00:00:00
美格智能,002881,002881,美格智能,半年报监事会决议公告,2022-08-16 00:00:00,http://www.cninfo.com.cn/new/disclosure/detail?stockCode=002881&announcementId=1214296188&orgId=9900032572&announcementTime=2022-08-16 00:00:00
美格智能,002881,002881,美格智能,半年报董事会决议公告,2022-08-16 00:00:00,http://www.cninfo.com.cn/new/disclosure/detail?stockCode=002881&announcementId=1214296187&orgId=9900032572&announcementTime=2022-08-16 00:00:00
美格智能,002881,002881,美格智能,2022年半年度财务报告,2022-08-16 00:00:00,http://www.cninfo.com.cn/new/disclosure/detail?stockCode=002881&announcementId=1214296186&orgId=9900032572&announcementTime=2022-08-16 00:00:00
美格智能,002881,002881,美格智能,2022年半年度报告,2022-08-16 00:00:00,http://www.cninfo.com.cn/new/disclosure/detail?stockCode=002881&announcementId=1214296185&orgId=9900032572&announcementTime=2022-08-16 00:00:00
美格智能,002881,002881,美格智能,2022年半年度报告摘要,2022-08-16 00:00:00,http://www.cninfo.com.cn/new/disclosure/detail?stockCode=002881&announcementId=1214296184&orgId=9900032572&announcementTime=2022-08-16 00:00:00
美格智能,002881,002881,美格智能,第三届董事会第十一次会议决议公告,2022-08-11 00:00:00,http://www.cninfo.com.cn/new/disclosure/detail?stockCode=002881&announcementId=1214266778&orgId=9900032572&announcementTime=2022-08-11 00:00:00
美格智能,002881,002881,美格智能,关于召开2022年第二次临时股东大会的通知,2022-08-11 00:00:00,http://www.cninfo.com.cn/new/disclosure/detail?stockCode=002881&announcementId=1214266777&orgId=9900032572&announcementTime=2022-08-11 00:00:00
美格智能,002881,002881,美格智能,关于变更公司注册资本及修订《公司章程》的公告,2022-08-11 00:00:00,http://www.cninfo.com.cn/new/disclosure/detail?stockCode=002881&announcementId=1214266776&orgId=9900032572&announcementTime=2022-08-11 00:00:00
美格智能,002881,002881,美格智能,关于调整非公开发行股票发行数量上限的公告,2022-08-11 00:00:00,http://www.cninfo.com.cn/new/disclosure/detail?stockCode=002881&announcementId=1214266775&orgId=9900032572&announcementTime=2022-08-11 00:00:00
美格智能,002881,002881,美格智能,关于延长非公开发行股票股东大会决议有效期及授权有效期的公告,2022-08-11 00:00:00,http://www.cninfo.com.cn/new/disclosure/detail?stockCode=002881&announcementId=1214266774&orgId=9900032572&announcementTime=2022-08-11 00:00:00
美格智能,002881,002881,美格智能,第三届监事会第十次会议决议公告,2022-08-11 00:00:00,http://www.cninfo.com.cn/new/disclosure/detail?stockCode=002881&announcementId=1214266773&orgId=9900032572&announcementTime=2022-08-11 00:00:00
美格智能,002881,002881,美格智能,独立董事关于第三届董事会第十一次会议相关事项的独立意见,2022-08-11 00:00:00,http://www.cninfo.com.cn/new/disclosure/detail?stockCode=002881&announcementId=1214266772&orgId=9900032572&announcementTime=2022-08-11 00:00:00
美格智能,002881,002881,美格智能,股票交易异常波动公告,2022-08-03 00:00:00,http://www.cninfo.com.cn/new/disclosure/detail?stockCode=002881&announcementId=1214202333&orgId=9900032572&announcementTime=2022-08-03 00:00:00
美格智能,002881,002881,美格智能,关于为全资子公司银行授信提供担保的进展公告,2022-07-15 00:00:00,http://www.cninfo.com.cn/new/disclosure/detail?stockCode=002881&announcementId=1214042324&orgId=9900032572&announcementTime=2022-07-15 00:00:00
美格智能,002881,002881,美格智能,2022年半年度业绩预告,2022-07-12 00:00:00,http://www.cninfo.com.cn/new/disclosure/detail?stockCode=002881&announcementId=1214007189&orgId=9900032572&announcementTime=2022-07-12 00:00:00
美格智能,002881,002881,美格智能,第三届董事会第十次会议决议公告,2022-07-08 00:00:00,http://www.cninfo.com.cn/new/disclosure/detail?stockCode=002881&announcementId=1213983082&orgId=9900032572&announcementTime=2022-07-08 00:00:00
美格智能,002881,002881,美格智能,关于为全资子公司银行授信提供担保的公告,2022-07-08 00:00:00,http://www.cninfo.com.cn/new/disclosure/detail?stockCode=002881&announcementId=1213983081&orgId=9900032572&announcementTime=2022-07-08 00:00:00
美格智能,002881,002881,美格智能,关于2020年度股票期权与限制性股票激励计划预留股票期权第一个行权期自主行权的提示性公告,2022-07-05 00:00:00,http://www.cninfo.com.cn/new/disclosure/detail?stockCode=002881&announcementId=1213939307&orgId=9900032572&announcementTime=2022-07-05 00:00:00
美格智能,002881,002881,美格智能,关于德国全资子公司注册成立的公告,2022-07-01 00:00:00,http://www.cninfo.com.cn/new/disclosure/detail?stockCode=002881&announcementId=1213899382&orgId=9900032572&announcementTime=2022-07-01 00:00:00
美格智能,002881,002881,美格智能,关于公司控股股东股份质押的公告,2022-06-27 11:40:24,http://www.cninfo.com.cn/new/disclosure/detail?stockCode=002881&announcementId=1213830394&orgId=9900032572&announcementTime=2022-06-27 11:40:24
美格智能,002881,002881,美格智能,北京市炜衡（深圳）律师事务所关于美格智能技术股份有限公司2020年度股票期权与限制性股票激励计划调整期权行权数量、行权价格及限制性股票回购价格以及预留股票期权第一个行权期行权条件成就的相关事项之法律意见书,2022-06-21 00:00:00,http://www.cninfo.com.cn/new/disclosure/detail?stockCode=002881&announcementId=1213761201&orgId=9900032572&announcementTime=2022-06-21 00:00:00
美格智能,002881,002881,美格智能,关于2020年度股票期权与限制性股票激励计划预留股票期权第一个行权期行权条件成就的公告,2022-06-21 00:00:00,http://www.cninfo.com.cn/new/disclosure/detail?stockCode=002881&announcementId=1213761200&orgId=9900032572&announcementTime=2022-06-21 00:00:00
美格智能,002881,002881,美格智能,关于调整公司2020年度股票期权与限制性股票激励计划的期权行权数量、行权价格及限制性股票回购价格的公告,2022-06-21 00:00:00,http://www.cninfo.com.cn/new/disclosure/detail?stockCode=002881&announcementId=1213761199&orgId=9900032572&announcementTime=2022-06-21 00:00:00
美格智能,002881,002881,美格智能,第三届监事会第九次会议决议公告,2022-06-21 00:00:00,http://www.cninfo.com.cn/new/disclosure/detail?stockCode=002881&announcementId=1213761198&orgId=9900032572&announcementTime=2022-06-21 00:00:00
美格智能,002881,002881,美格智能,独立董事关于第三届董事会第九次会议相关事项的独立意见,2022-06-21 00:00:00,http://www.cninfo.com.cn/new/disclosure/detail?stockCode=002881&announcementId=1213761197&orgId=9900032572&announcementTime=2022-06-21 00:00:00
美格智能,002881,002881,美格智能,第三届董事会第九次会议决议公告,2022-06-21 00:00:00,http://www.cninfo.com.cn/new/disclosure/detail?stockCode=002881&announcementId=1213761196&orgId=9900032572&announcementTime=2022-06-21 00:00:00
美格智能,002881,002881,美格智能,2021年年度权益分派实施公告,2022-06-02 00:00:00,http://www.cninfo.com.cn/new/disclosure/detail?stockCode=002881&announcementId=1213590295&orgId=9900032572&announcementTime=2022-06-02 00:00:00
美格智能,002881,002881,美格智能,关于部分股票期权注销和部分已授予但尚未解锁的限制性股票回购注销完成的公告,2022-06-01 00:00:00,http://www.cninfo.com.cn/new/disclosure/detail?stockCode=002881&announcementId=1213571852&orgId=9900032572&announcementTime=2022-06-01 00:00:00
美格智能,002881,002881,美格智能,关于举行2021年度网上业绩说明会的公告,2022-05-24 00:00:00,http://www.cninfo.com.cn/new/disclosure/detail?stockCode=002881&announcementId=1213461660&orgId=9900032572&announcementTime=2022-05-24 00:00:00
美格智能,002881,002881,美格智能,北京市炜衡（深圳）律师事务所关于美格智能技术股份有限公司2021年年度股东大会之法律意见书,2022-05-20 00:00:00,http://www.cninfo.com.cn/new/disclosure/detail?stockCode=002881&announcementId=1213416978&orgId=9900032572&announcementTime=2022-05-20 00:00:00
美格智能,002881,002881,美格智能,2021年年度股东大会决议公告,2022-05-20 00:00:00,http://www.cninfo.com.cn/new/disclosure/detail?stockCode=002881&announcementId=1213416977&orgId=9900032572&announcementTime=2022-05-20 00:00:00
美格智能,002881,002881,美格智能,关于公司控股股东股份质押及解除质押的公告,2022-05-17 11:42:23,http://www.cninfo.com.cn/new/disclosure/detail?stockCode=002881&announcementId=1213377658&orgId=9900032572&announcementTime=2022-05-17 11:42:23
美格智能,002881,002881,美格智能,信永中和会计师事务所（特殊普通合伙）关于美格智能技术股份有限公司非公开发行股票会后事项的承诺函,2022-05-14 00:00:00,http://www.cninfo.com.cn/new/disclosure/detail?stockCode=002881&announcementId=1213358301&orgId=9900032572&announcementTime=2022-05-14 00:00:00
美格智能,002881,002881,美格智能,北京市炜衡律师事务所关于美格智能技术股份有限公司非公开发行股票会后事项的承诺函,2022-05-14 00:00:00,http://www.cninfo.com.cn/new/disclosure/detail?stockCode=002881&announcementId=1213358300&orgId=9900032572&announcementTime=2022-05-14 00:00:00
美格智能,002881,002881,美格智能,东莞证券股份有限公司关于美格智能技术股份有限公司非公开发行股票会后事项的承诺函,2022-05-14 00:00:00,http://www.cninfo.com.cn/new/disclosure/detail?stockCode=002881&announcementId=1213358299&orgId=9900032572&announcementTime=2022-05-14 00:00:00
美格智能,002881,002881,美格智能,美格智能技术股份有限公司关于非公开发行股票会后事项的承诺函,2022-05-14 00:00:00,http://www.cninfo.com.cn/new/disclosure/detail?stockCode=002881&announcementId=1213358298&orgId=9900032572&announcementTime=2022-05-14 00:00:00
美格智能,002881,002881,美格智能,美格智能技术股份有限公司关于非公开发行股票会后事项说明的公告,2022-05-14 00:00:00,http://www.cninfo.com.cn/new/disclosure/detail?stockCode=002881&announcementId=1213358297&orgId=9900032572&announcementTime=2022-05-14 00:00:00
美格智能,002881,002881,美格智能,关于公司控股股东股份质押的公告,2022-05-13 00:00:00,http://www.cninfo.com.cn/new/disclosure/detail?stockCode=002881&announcementId=1213336355&orgId=9900032572&announcementTime=2022-05-13 00:00:00
美格智能,002881,002881,美格智能,2022年一季度报告,2022-04-28 00:00:00,http://www.cninfo.com.cn/new/disclosure/detail?stockCode=002881&announcementId=1213165368&orgId=9900032572&announcementTime=2022-04-28 00:00:00
美格智能,002881,002881,美格智能,关于注销募集资金专项账户的公告,2022-04-28 00:00:00,http://www.cninfo.com.cn/new/disclosure/detail?stockCode=002881&announcementId=1213165366&orgId=9900032572&announcementTime=2022-04-28 00:00:00
美格智能,002881,002881,美格智能,东莞证券关于美格智能2021年度募集资金存放与使用情况之专项核查意见,2022-04-28 00:00:00,http://www.cninfo.com.cn/new/disclosure/detail?stockCode=002881&announcementId=1213165363&orgId=9900032572&announcementTime=2022-04-28 00:00:00
美格智能,002881,002881,美格智能,关于会计政策变更的公告,2022-04-28 00:00:00,http://www.cninfo.com.cn/new/disclosure/detail?stockCode=002881&announcementId=1213165362&orgId=9900032572&announcementTime=2022-04-28 00:00:00
美格智能,002881,002881,美格智能,关于续聘公司2022年度审计机构的公告,2022-04-28 00:00:00,http://www.cninfo.com.cn/new/disclosure/detail?stockCode=002881&announcementId=1213165360&orgId=9900032572&announcementTime=2022-04-28 00:00:00
美格智能,002881,002881,美格智能,关于2021年度利润分配及资本公积金转增股本预案的公告,2022-04-28 00:00:00,http://www.cninfo.com.cn/new/disclosure/detail?stockCode=002881&announcementId=1213165358&orgId=9900032572&announcementTime=2022-04-28 00:00:00
美格智能,002881,002881,美格智能,关于2021年度计提资产减值准备的公告,2022-04-28 00:00:00,http://www.cninfo.com.cn/new/disclosure/detail?stockCode=002881&announcementId=1213165356&orgId=9900032572&announcementTime=2022-04-28 00:00:00
美格智能,002881,002881,美格智能,内部控制规则落实自查表,2022-04-28 00:00:00,http://www.cninfo.com.cn/new/disclosure/detail?stockCode=002881&announcementId=1213165354&orgId=9900032572&announcementTime=2022-04-28 00:00:00
美格智能,002881,002881,美格智能,2021年度监事会工作报告,2022-04-28 00:00:00,http://www.cninfo.com.cn/new/disclosure/detail?stockCode=002881&announcementId=1213165352&orgId=9900032572&announcementTime=2022-04-28 00:00:00
美格智能,002881,002881,美格智能,独立董事事前认可意见,2022-04-28 00:00:00,http://www.cninfo.com.cn/new/disclosure/detail?stockCode=002881&announcementId=1213165350&orgId=9900032572&announcementTime=2022-04-28 00:00:00
美格智能,002881,002881,美格智能,独立董事对担保等事项的独立意见,2022-04-28 00:00:00,http://www.cninfo.com.cn/new/disclosure/detail?stockCode=002881&announcementId=1213165348&orgId=9900032572&announcementTime=2022-04-28 00:00:00
美格智能,002881,002881,美格智能,独立董事年度述职报告,2022-04-28 00:00:00,http://www.cninfo.com.cn/new/disclosure/detail?stockCode=002881&announcementId=1213165346&orgId=9900032572&announcementTime=2022-04-28 00:00:00
美格智能,002881,002881,美格智能,年度募集资金使用鉴证报告,2022-04-28 00:00:00,http://www.cninfo.com.cn/new/disclosure/detail?stockCode=002881&announcementId=1213165345&orgId=9900032572&announcementTime=2022-04-28 00:00:00
美格智能,002881,002881,美格智能,年度募集资金使用情况专项说明,2022-04-28 00:00:00,http://www.cninfo.com.cn/new/disclosure/detail?stockCode=002881&announcementId=1213165342&orgId=9900032572&announcementTime=2022-04-28 00:00:00
美格智能,002881,002881,美格智能,内部控制鉴证报告,2022-04-28 00:00:00,http://www.cninfo.com.cn/new/disclosure/detail?stockCode=002881&announcementId=1213165340&orgId=9900032572&announcementTime=2022-04-28 00:00:00
美格智能,002881,002881,美格智能,内部控制自我评价报告,2022-04-28 00:00:00,http://www.cninfo.com.cn/new/disclosure/detail?stockCode=002881&announcementId=1213165339&orgId=9900032572&announcementTime=2022-04-28 00:00:00
美格智能,002881,002881,美格智能,年度关联方资金占用专项审计报告,2022-04-28 00:00:00,http://www.cninfo.com.cn/new/disclosure/detail?stockCode=002881&announcementId=1213165336&orgId=9900032572&announcementTime=2022-04-28 00:00:00
美格智能,002881,002881,美格智能,监事会决议公告,2022-04-28 00:00:00,http://www.cninfo.com.cn/new/disclosure/detail?stockCode=002881&announcementId=1213165334&orgId=9900032572&announcementTime=2022-04-28 00:00:00
美格智能,002881,002881,美格智能,年度股东大会通知,2022-04-28 00:00:00,http://www.cninfo.com.cn/new/disclosure/detail?stockCode=002881&announcementId=1213165332&orgId=9900032572&announcementTime=2022-04-28 00:00:00
美格智能,002881,002881,美格智能,董事会决议公告,2022-04-28 00:00:00,http://www.cninfo.com.cn/new/disclosure/detail?stockCode=002881&announcementId=1213165331&orgId=9900032572&announcementTime=2022-04-28 00:00:00
美格智能,002881,002881,美格智能,2021年年度审计报告,2022-04-28 00:00:00,http://www.cninfo.com.cn/new/disclosure/detail?stockCode=002881&announcementId=1213165329&orgId=9900032572&announcementTime=2022-04-28 00:00:00
美格智能,002881,002881,美格智能,2021年年度报告,2022-04-28 00:00:00,http://www.cninfo.com.cn/new/disclosure/detail?stockCode=002881&announcementId=1213165327&orgId=9900032572&announcementTime=2022-04-28 00:00:00
美格智能,002881,002881,美格智能,2021年年度报告摘要,2022-04-28 00:00:00,http://www.cninfo.com.cn/new/disclosure/detail?stockCode=002881&announcementId=1213165325&orgId=9900032572&announcementTime=2022-04-28 00:00:00
美格智能,002881,002881,美格智能,2022年第一季度业绩预告,2022-04-15 00:00:00,http://www.cninfo.com.cn/new/disclosure/detail?stockCode=002881&announcementId=1212922803&orgId=9900032572&announcementTime=2022-04-15 00:00:00
美格智能,002881,002881,美格智能,2022年第一次临时股东大会决议公告,2022-04-12 00:00:00,http://www.cninfo.com.cn/new/disclosure/detail?stockCode=002881&announcementId=1212884448&orgId=9900032572&announcementTime=2022-04-12 00:00:00
美格智能,002881,002881,美格智能,关于回购注销部分限制性股票减资暨通知债权人的公告,2022-04-12 00:00:00,http://www.cninfo.com.cn/new/disclosure/detail?stockCode=002881&announcementId=1212884447&orgId=9900032572&announcementTime=2022-04-12 00:00:00
美格智能,002881,002881,美格智能,北京市炜衡（深圳）律师事务所关于美格智能2022年第一次临时股东大会的法律意见书,2022-04-12 00:00:00,http://www.cninfo.com.cn/new/disclosure/detail?stockCode=002881&announcementId=1212884445&orgId=9900032572&announcementTime=2022-04-12 00:00:00
美格智能,002881,002881,美格智能,2021年度业绩快报,2022-04-08 00:00:00,http://www.cninfo.com.cn/new/disclosure/detail?stockCode=002881&announcementId=1212836886&orgId=9900032572&announcementTime=2022-04-08 00:00:00
美格智能,002881,002881,美格智能,关于公司控股股东股份质押的公告,2022-04-01 00:00:00,http://www.cninfo.com.cn/new/disclosure/detail?stockCode=002881&announcementId=1212766376&orgId=9900032572&announcementTime=2022-04-01 00:00:00
美格智能,002881,002881,美格智能,东莞证券关于公司募集资金投资项目结项并将节余募集资金永久性补充流动资金的核查意见,2022-03-25 00:00:00,http://www.cninfo.com.cn/new/disclosure/detail?stockCode=002881&announcementId=1212669615&orgId=9900032572&announcementTime=2022-03-25 00:00:00
美格智能,002881,002881,美格智能,关于募集资金投资项目结项并将节余募集资金永久性补充流动资金的公告,2022-03-25 00:00:00,http://www.cninfo.com.cn/new/disclosure/detail?stockCode=002881&announcementId=1212669614&orgId=9900032572&announcementTime=2022-03-25 00:00:00
美格智能,002881,002881,美格智能,关于召开2022年第一次临时股东大会的通知,2022-03-25 00:00:00,http://www.cninfo.com.cn/new/disclosure/detail?stockCode=002881&announcementId=1212669613&orgId=9900032572&announcementTime=2022-03-25 00:00:00
美格智能,002881,002881,美格智能,北京市炜衡（深圳）律师事务所关于公司注销部分股票期权及回购注销部分已授予但尚未解锁的限制性股票相关事项之法律意见书,2022-03-25 00:00:00,http://www.cninfo.com.cn/new/disclosure/detail?stockCode=002881&announcementId=1212669612&orgId=9900032572&announcementTime=2022-03-25 00:00:00
美格智能,002881,002881,美格智能,关于注销部分股票期权和回购注销部分已授予但尚未解锁的限制性股票的公告,2022-03-25 00:00:00,http://www.cninfo.com.cn/new/disclosure/detail?stockCode=002881&announcementId=1212669611&orgId=9900032572&announcementTime=2022-03-25 00:00:00
美格智能,002881,002881,美格智能,关于变更签字注册会计师的公告,2022-03-25 00:00:00,http://www.cninfo.com.cn/new/disclosure/detail?stockCode=002881&announcementId=1212669610&orgId=9900032572&announcementTime=2022-03-25 00:00:00
美格智能,002881,002881,美格智能,独立董事关于第三届董事会第七次会议相关事项的独立意见,2022-03-25 00:00:00,http://www.cninfo.com.cn/new/disclosure/detail?stockCode=002881&announcementId=1212669609&orgId=9900032572&announcementTime=2022-03-25 00:00:00
美格智能,002881,002881,美格智能,独立董事关于第三届董事会第七次会议相关事项的事前认可意见,2022-03-25 00:00:00,http://www.cninfo.com.cn/new/disclosure/detail?stockCode=002881&announcementId=1212669608&orgId=9900032572&announcementTime=2022-03-25 00:00:00
美格智能,002881,002881,美格智能,关于开展外汇套期保值业务的可行性分析报告,2022-03-25 00:00:00,http://www.cninfo.com.cn/new/disclosure/detail?stockCode=002881&announcementId=1212669607&orgId=9900032572&announcementTime=2022-03-25 00:00:00
美格智能,002881,002881,美格智能,关于开展外汇套期保值业务的公告,2022-03-25 00:00:00,http://www.cninfo.com.cn/new/disclosure/detail?stockCode=002881&announcementId=1212669606&orgId=9900032572&announcementTime=2022-03-25 00:00:00
美格智能,002881,002881,美格智能,关于2022年度日常关联交易预计的公告,2022-03-25 00:00:00,http://www.cninfo.com.cn/new/disclosure/detail?stockCode=002881&announcementId=1212669605&orgId=9900032572&announcementTime=2022-03-25 00:00:00
美格智能,002881,002881,美格智能,第三届监事会第七次会议决议公告,2022-03-25 00:00:00,http://www.cninfo.com.cn/new/disclosure/detail?stockCode=002881&announcementId=1212669604&orgId=9900032572&announcementTime=2022-03-25 00:00:00
美格智能,002881,002881,美格智能,第三届董事会第七次会议决议公告,2022-03-25 00:00:00,http://www.cninfo.com.cn/new/disclosure/detail?stockCode=002881&announcementId=1212669603&orgId=9900032572&announcementTime=2022-03-25 00:00:00
美格智能,002881,002881,美格智能,关于公司获得政府补助的公告,2022-03-23 00:00:00,http://www.cninfo.com.cn/new/disclosure/detail?stockCode=002881&announcementId=1212643086&orgId=9900032572&announcementTime=2022-03-23 00:00:00
美格智能,002881,002881,美格智能,关于非公开发行股票申请获得中国证监会核准批复的公告,2022-03-22 00:00:00,http://www.cninfo.com.cn/new/disclosure/detail?stockCode=002881&announcementId=1212631156&orgId=9900032572&announcementTime=2022-03-22 00:00:00
美格智能,002881,002881,美格智能,关于非公开发行股票申请获得中国证监会发行审核委员会审核通过的公告,2022-03-01 00:00:00,http://www.cninfo.com.cn/new/disclosure/detail?stockCode=002881&announcementId=1212469325&orgId=9900032572&announcementTime=2022-03-01 00:00:00
美格智能,002881,002881,美格智能,关于收到《中国证监会行政许可申请恢复审查通知书》的公告,2022-02-16 00:00:00,http://www.cninfo.com.cn/new/disclosure/detail?stockCode=002881&announcementId=1212367894&orgId=9900032572&announcementTime=2022-02-16 00:00:00
美格智能,002881,002881,美格智能,关于收到《中国证监会行政许可申请中止审查通知书》及向中国证监会申请非公开发行股票恢复审查的公告,2022-01-28 11:43:32,http://www.cninfo.com.cn/new/disclosure/detail?stockCode=002881&announcementId=1212301585&orgId=9900032572&announcementTime=2022-01-28 11:43:32
美格智能,002881,002881,美格智能,2021年度业绩预告,2022-01-22 00:00:00,http://www.cninfo.com.cn/new/disclosure/detail?stockCode=002881&announcementId=1212239421&orgId=9900032572&announcementTime=2022-01-22 00:00:00
美格智能,002881,002881,美格智能,关于公司控股股东股份质押的公告,2022-01-21 00:00:00,http://www.cninfo.com.cn/new/disclosure/detail?stockCode=002881&announcementId=1212228660&orgId=9900032572&announcementTime=2022-01-21 00:00:00
美格智能,002881,002881,美格智能,信永中和会计师事务所（特殊普通合伙）关于公司非公开发行股票申请反馈意见回复的专项说明,2021-12-31 00:00:00,http://www.cninfo.com.cn/new/disclosure/detail?stockCode=002881&announcementId=1212059589&orgId=9900032572&announcementTime=2021-12-31 00:00:00
美格智能,002881,002881,美格智能,公司与东莞证券股份有限公司关于非公开发行股票申请文件反馈意见的回复,2021-12-31 00:00:00,http://www.cninfo.com.cn/new/disclosure/detail?stockCode=002881&announcementId=1212059588&orgId=9900032572&announcementTime=2021-12-31 00:00:00
美格智能,002881,002881,美格智能,关于非公开发行股票申请文件反馈意见回复的修订公告,2021-12-31 00:00:00,http://www.cninfo.com.cn/new/disclosure/detail?stockCode=002881&announcementId=1212059587&orgId=9900032572&announcementTime=2021-12-31 00:00:00
美格智能,002881,002881,美格智能,关于《中国证监会行政许可项目审查一次反馈意见通知书》之反馈意见回复的公告,2021-12-22 00:00:00,http://www.cninfo.com.cn/new/disclosure/detail?stockCode=002881&announcementId=1211980395&orgId=9900032572&announcementTime=2021-12-22 00:00:00
美格智能,002881,002881,美格智能,信永中和会计师事务所（特殊普通合伙）关于公司非公开发行股票申请反馈意见回复的专项说明,2021-12-22 00:00:00,http://www.cninfo.com.cn/new/disclosure/detail?stockCode=002881&announcementId=1211980394&orgId=9900032572&announcementTime=2021-12-22 00:00:00
美格智能,002881,002881,美格智能,关于2021年度非公开发行股票变更会计师事务所及签字会计师的专项说明,2021-12-22 00:00:00,http://www.cninfo.com.cn/new/disclosure/detail?stockCode=002881&announcementId=1211980393&orgId=9900032572&announcementTime=2021-12-22 00:00:00
美格智能,002881,002881,美格智能,关于2021年度非公开发行股票变更会计师事务所及签字会计师的公告,2021-12-22 00:00:00,http://www.cninfo.com.cn/new/disclosure/detail?stockCode=002881&announcementId=1211980392&orgId=9900032572&announcementTime=2021-12-22 00:00:00
美格智能,002881,002881,美格智能,公司与东莞证券股份有限公司关于非公开发行股票申请文件反馈意见的回复,2021-12-22 00:00:00,http://www.cninfo.com.cn/new/disclosure/detail?stockCode=002881&announcementId=1211980391&orgId=9900032572&announcementTime=2021-12-22 00:00:00
美格智能,002881,002881,美格智能,关于公司控股股东股份质押的公告,2021-12-09 00:00:00,http://www.cninfo.com.cn/new/disclosure/detail?stockCode=002881&announcementId=1211846921&orgId=9900032572&announcementTime=2021-12-09 00:00:00
美格智能,002881,002881,美格智能,2021年第四次临时股东大会之法律意见书,2021-12-07 00:00:00,http://www.cninfo.com.cn/new/disclosure/detail?stockCode=002881&announcementId=1211819738&orgId=9900032572&announcementTime=2021-12-07 00:00:00
美格智能,002881,002881,美格智能,2021年第四次临时股东大会决议公告,2021-12-07 00:00:00,http://www.cninfo.com.cn/new/disclosure/detail?stockCode=002881&announcementId=1211819737&orgId=9900032572&announcementTime=2021-12-07 00:00:00
美格智能,002881,002881,美格智能,关于参加2021深圳辖区“沟通传递价值，交流创造良好生态”上市公司投资者网上集体接待日活动的公告,2021-11-27 00:00:00,http://www.cninfo.com.cn/new/disclosure/detail?stockCode=002881&announcementId=1211710340&orgId=9900032572&announcementTime=2021-11-27 00:00:00
美格智能,002881,002881,美格智能,独立董事关于第三届董事会第六次会议相关事项的事前认可意见,2021-11-20 00:00:00,http://www.cninfo.com.cn/new/disclosure/detail?stockCode=002881&announcementId=1211641080&orgId=9900032572&announcementTime=2021-11-20 00:00:00
美格智能,002881,002881,美格智能,关于聘任2021年度审计机构的公告,2021-11-20 00:00:00,http://www.cninfo.com.cn/new/disclosure/detail?stockCode=002881&announcementId=1211641079&orgId=9900032572&announcementTime=2021-11-20 00:00:00
美格智能,002881,002881,美格智能,第三届董事会第六次会议决议公告,2021-11-20 00:00:00,http://www.cninfo.com.cn/new/disclosure/detail?stockCode=002881&announcementId=1211641078&orgId=9900032572&announcementTime=2021-11-20 00:00:00
美格智能,002881,002881,美格智能,关于公司控股股东股份质押及解除质押的公告,2021-11-20 00:00:00,http://www.cninfo.com.cn/new/disclosure/detail?stockCode=002881&announcementId=1211641077&orgId=9900032572&announcementTime=2021-11-20 00:00:00
美格智能,002881,002881,美格智能,关于召开2021年第四次临时股东大会的通知,2021-11-20 00:00:00,http://www.cninfo.com.cn/new/disclosure/detail?stockCode=002881&announcementId=1211641076&orgId=9900032572&announcementTime=2021-11-20 00:00:00
美格智能,002881,002881,美格智能,第三届监事会第六次会议决议公告,2021-11-20 00:00:00,http://www.cninfo.com.cn/new/disclosure/detail?stockCode=002881&announcementId=1211641075&orgId=9900032572&announcementTime=2021-11-20 00:00:00
美格智能,002881,002881,美格智能,独立董事关于第三届董事会第六次会议相关事项的独立意见,2021-11-20 00:00:00,http://www.cninfo.com.cn/new/disclosure/detail?stockCode=002881&announcementId=1211641074&orgId=9900032572&announcementTime=2021-11-20 00:00:00
美格智能,002881,002881,美格智能,关于公司控股股东部分股份解除质押的公告,2021-11-16 00:00:00,http://www.cninfo.com.cn/new/disclosure/detail?stockCode=002881&announcementId=1211587867&orgId=9900032572&announcementTime=2021-11-16 00:00:00
美格智能,002881,002881,美格智能,关于公司控股股东股份质押的公告,2021-10-29 00:00:00,http://www.cninfo.com.cn/new/disclosure/detail?stockCode=002881&announcementId=1211419118&orgId=9900032572&announcementTime=2021-10-29 00:00:00
美格智能,002881,002881,美格智能,关于非公开发行股票申请获得中国证监会受理的公告,2021-10-29 00:00:00,http://www.cninfo.com.cn/new/disclosure/detail?stockCode=002881&announcementId=1211419117&orgId=9900032572&announcementTime=2021-10-29 00:00:00
美格智能,002881,002881,美格智能,独立董事关于第三届董事会第五次会议相关事项的独立意见,2021-10-29 00:00:00,http://www.cninfo.com.cn/new/disclosure/detail?stockCode=002881&announcementId=1211419116&orgId=9900032572&announcementTime=2021-10-29 00:00:00
美格智能,002881,002881,美格智能,关于2021年前三季度计提资产减值准备的公告,2021-10-29 00:00:00,http://www.cninfo.com.cn/new/disclosure/detail?stockCode=002881&announcementId=1211419115&orgId=9900032572&announcementTime=2021-10-29 00:00:00
美格智能,002881,002881,美格智能,监事会决议公告,2021-10-29 00:00:00,http://www.cninfo.com.cn/new/disclosure/detail?stockCode=002881&announcementId=1211419114&orgId=9900032572&announcementTime=2021-10-29 00:00:00
美格智能,002881,002881,美格智能,董事会决议公告,2021-10-29 00:00:00,http://www.cninfo.com.cn/new/disclosure/detail?stockCode=002881&announcementId=1211419113&orgId=9900032572&announcementTime=2021-10-29 00:00:00
美格智能,002881,002881,美格智能,2021年第三季度报告,2021-10-29 00:00:00,http://www.cninfo.com.cn/new/disclosure/detail?stockCode=002881&announcementId=1211419112&orgId=9900032572&announcementTime=2021-10-29 00:00:00
美格智能,002881,002881,美格智能,2021年前三季度业绩预告,2021-10-09 00:00:00,http://www.cninfo.com.cn/new/disclosure/detail?stockCode=002881&announcementId=1211218678&orgId=9900032572&announcementTime=2021-10-09 00:00:00
美格智能,002881,002881,美格智能,关于公司全资子公司获得政府补助的公告,2021-09-28 00:00:00,http://www.cninfo.com.cn/new/disclosure/detail?stockCode=002881&announcementId=1211164625&orgId=9900032572&announcementTime=2021-09-28 00:00:00
美格智能,002881,002881,美格智能,关于完成工商变更登记的公告,2021-09-14 00:00:00,http://www.cninfo.com.cn/new/disclosure/detail?stockCode=002881&announcementId=1211045399&orgId=9900032572&announcementTime=2021-09-14 00:00:00
美格智能,002881,002881,美格智能,公司章程（2021年8月）,2021-08-31 00:00:00,http://www.cninfo.com.cn/new/disclosure/detail?stockCode=002881&announcementId=1210924978&orgId=9900032572&announcementTime=2021-08-31 00:00:00
美格智能,002881,002881,美格智能,法律意见书,2021-08-31 00:00:00,http://www.cninfo.com.cn/new/disclosure/detail?stockCode=002881&announcementId=1210924977&orgId=9900032572&announcementTime=2021-08-31 00:00:00
美格智能,002881,002881,美格智能,关于回购注销部分限制性股票减资暨通知债权人的公告,2021-08-31 00:00:00,http://www.cninfo.com.cn/new/disclosure/detail?stockCode=002881&announcementId=1210924976&orgId=9900032572&announcementTime=2021-08-31 00:00:00
美格智能,002881,002881,美格智能,2021年第三次临时股东大会决议公告,2021-08-31 00:00:00,http://www.cninfo.com.cn/new/disclosure/detail?stockCode=002881&announcementId=1210924975&orgId=9900032572&announcementTime=2021-08-31 00:00:00
美格智能,002881,002881,美格智能,关于2021年半年度计提资产减值准备的公告,2021-08-27 00:00:00,http://www.cninfo.com.cn/new/disclosure/detail?stockCode=002881&announcementId=1210869852&orgId=9900032572&announcementTime=2021-08-27 00:00:00
美格智能,002881,002881,美格智能,2021年半年度募集资金存放与使用情况专项报告,2021-08-27 00:00:00,http://www.cninfo.com.cn/new/disclosure/detail?stockCode=002881&announcementId=1210869851&orgId=9900032572&announcementTime=2021-08-27 00:00:00
美格智能,002881,002881,美格智能,独立董事关于控股股东及其他关联方占用公司资金、公司对外担保情况的专项说明和独立意见,2021-08-27 00:00:00,http://www.cninfo.com.cn/new/disclosure/detail?stockCode=002881&announcementId=1210869850&orgId=9900032572&announcementTime=2021-08-27 00:00:00
美格智能,002881,002881,美格智能,半年报监事会决议公告,2021-08-27 00:00:00,http://www.cninfo.com.cn/new/disclosure/detail?stockCode=002881&announcementId=1210869849&orgId=9900032572&announcementTime=2021-08-27 00:00:00
美格智能,002881,002881,美格智能,半年报董事会决议公告,2021-08-27 00:00:00,http://www.cninfo.com.cn/new/disclosure/detail?stockCode=002881&announcementId=1210869848&orgId=9900032572&announcementTime=2021-08-27 00:00:00
美格智能,002881,002881,美格智能,2021年半年度财务报告,2021-08-27 00:00:00,http://www.cninfo.com.cn/new/disclosure/detail?stockCode=002881&announcementId=1210869847&orgId=9900032572&announcementTime=2021-08-27 00:00:00
美格智能,002881,002881,美格智能,2021年半年度报告,2021-08-27 00:00:00,http://www.cninfo.com.cn/new/disclosure/detail?stockCode=002881&announcementId=1210869846&orgId=9900032572&announcementTime=2021-08-27 00:00:00
美格智能,002881,002881,美格智能,2021年半年度报告摘要,2021-08-27 00:00:00,http://www.cninfo.com.cn/new/disclosure/detail?stockCode=002881&announcementId=1210869845&orgId=9900032572&announcementTime=2021-08-27 00:00:00
美格智能,002881,002881,美格智能,关于2020年度股票期权与限制性股票激励计划首次授予股票期权第一个行权期自主行权的提示性公告,2021-08-25 00:00:00,http://www.cninfo.com.cn/new/disclosure/detail?stockCode=002881&announcementId=1210842624&orgId=9900032572&announcementTime=2021-08-25 00:00:00
美格智能,002881,002881,美格智能,关于2020年度股票期权与限制性股票激励计划第一个解除限售期解除限售股份上市流通的提示性公告,2021-08-25 00:00:00,http://www.cninfo.com.cn/new/disclosure/detail?stockCode=002881&announcementId=1210842623&orgId=9900032572&announcementTime=2021-08-25 00:00:00
美格智能,002881,002881,美格智能,2021年度非公开发行股票预案,2021-08-14 00:00:00,http://www.cninfo.com.cn/new/disclosure/detail?stockCode=002881&announcementId=1210748035&orgId=9900032572&announcementTime=2021-08-14 00:00:00
美格智能,002881,002881,美格智能,2021年度非公开发行股票募集资金使用可行性分析报告,2021-08-14 00:00:00,http://www.cninfo.com.cn/new/disclosure/detail?stockCode=002881&announcementId=1210748034&orgId=9900032572&announcementTime=2021-08-14 00:00:00
美格智能,002881,002881,美格智能,前次募集资金使用情况鉴证报告,2021-08-14 00:00:00,http://www.cninfo.com.cn/new/disclosure/detail?stockCode=002881&announcementId=1210748033&orgId=9900032572&announcementTime=2021-08-14 00:00:00
美格智能,002881,002881,美格智能,前次募集资金使用情况报告,2021-08-14 00:00:00,http://www.cninfo.com.cn/new/disclosure/detail?stockCode=002881&announcementId=1210748032&orgId=9900032572&announcementTime=2021-08-14 00:00:00
美格智能,002881,002881,美格智能,关于公司未来三年股东回报规划（2021-2023年）的公告,2021-08-14 00:00:00,http://www.cninfo.com.cn/new/disclosure/detail?stockCode=002881&announcementId=1210748031&orgId=9900032572&announcementTime=2021-08-14 00:00:00
美格智能,002881,002881,美格智能,关于2020年度股票期权与限制性股票激励计划股票期权第一个行权期行权条件成就等相关事项的法律意见书,2021-08-14 00:00:00,http://www.cninfo.com.cn/new/disclosure/detail?stockCode=002881&announcementId=1210748030&orgId=9900032572&announcementTime=2021-08-14 00:00:00
美格智能,002881,002881,美格智能,独立董事关于第三届董事会第三次会议相关事项的独立意见,2021-08-14 00:00:00,http://www.cninfo.com.cn/new/disclosure/detail?stockCode=002881&announcementId=1210748029&orgId=9900032572&announcementTime=2021-08-14 00:00:00
美格智能,002881,002881,美格智能,关于最近五年未被证券监管部门和交易所采取监管措施或处罚的公告,2021-08-14 00:00:00,http://www.cninfo.com.cn/new/disclosure/detail?stockCode=002881&announcementId=1210748028&orgId=9900032572&announcementTime=2021-08-14 00:00:00
美格智能,002881,002881,美格智能,关于召开2021年第三次临时股东大会的通知,2021-08-14 00:00:00,http://www.cninfo.com.cn/new/disclosure/detail?stockCode=002881&announcementId=1210748027&orgId=9900032572&announcementTime=2021-08-14 00:00:00
美格智能,002881,002881,美格智能,关于变更公司注册资本及修订《公司章程》的公告,2021-08-14 00:00:00,http://www.cninfo.com.cn/new/disclosure/detail?stockCode=002881&announcementId=1210748026&orgId=9900032572&announcementTime=2021-08-14 00:00:00
美格智能,002881,002881,美格智能,关于非公开发行股票摊薄即期回报、采取措施和相关主体出具承诺的公告,2021-08-14 00:00:00,http://www.cninfo.com.cn/new/disclosure/detail?stockCode=002881&announcementId=1210748025&orgId=9900032572&announcementTime=2021-08-14 00:00:00
美格智能,002881,002881,美格智能,关于注销部分股票期权和回购注销部分已授予但尚未解锁的限制性股票的公告,2021-08-14 00:00:00,http://www.cninfo.com.cn/new/disclosure/detail?stockCode=002881&announcementId=1210748024&orgId=9900032572&announcementTime=2021-08-14 00:00:00
美格智能,002881,002881,美格智能,关于2020年度股票期权与限制性股票激励计划首次授予股票期权第一个行权期行权条件成就的公告,2021-08-14 00:00:00,http://www.cninfo.com.cn/new/disclosure/detail?stockCode=002881&announcementId=1210748023&orgId=9900032572&announcementTime=2021-08-14 00:00:00
美格智能,002881,002881,美格智能,关于2020年度股票期权与限制性股票激励计划第一个解除限售期解除限售条件成就的公告,2021-08-14 00:00:00,http://www.cninfo.com.cn/new/disclosure/detail?stockCode=002881&announcementId=1210748022&orgId=9900032572&announcementTime=2021-08-14 00:00:00
美格智能,002881,002881,美格智能,第三届监事会第三次会议决议公告,2021-08-14 00:00:00,http://www.cninfo.com.cn/new/disclosure/detail?stockCode=002881&announcementId=1210748021&orgId=9900032572&announcementTime=2021-08-14 00:00:00
美格智能,002881,002881,美格智能,第三届董事会第三次会议决议公告,2021-08-14 00:00:00,http://www.cninfo.com.cn/new/disclosure/detail?stockCode=002881&announcementId=1210748020&orgId=9900032572&announcementTime=2021-08-14 00:00:00
美格智能,002881,002881,美格智能,关于合资公司注册成立的公告,2021-08-06 00:00:00,http://www.cninfo.com.cn/new/disclosure/detail?stockCode=002881&announcementId=1210663779&orgId=9900032572&announcementTime=2021-08-06 00:00:00
美格智能,002881,002881,美格智能,关于部分股票期权注销和部分已授予但尚未解锁的限制性股票回购注销完成的公告,2021-08-05 00:00:00,http://www.cninfo.com.cn/new/disclosure/detail?stockCode=002881&announcementId=1210658759&orgId=9900032572&announcementTime=2021-08-05 00:00:00
美格智能,002881,002881,美格智能,关于股份回购提前届满暨回购实施完毕的公告,2021-08-03 00:00:00,http://www.cninfo.com.cn/new/disclosure/detail?stockCode=002881&announcementId=1210641008&orgId=9900032572&announcementTime=2021-08-03 00:00:00
美格智能,002881,002881,美格智能,关于全资子公司对外投资设立合资公司暨关联交易的公告,2021-08-03 00:00:00,http://www.cninfo.com.cn/new/disclosure/detail?stockCode=002881&announcementId=1210641007&orgId=9900032572&announcementTime=2021-08-03 00:00:00
美格智能,002881,002881,美格智能,第三届监事会第二次会议决议公告,2021-08-03 00:00:00,http://www.cninfo.com.cn/new/disclosure/detail?stockCode=002881&announcementId=1210641006&orgId=9900032572&announcementTime=2021-08-03 00:00:00
美格智能,002881,002881,美格智能,独立董事关于第三届董事会第二次会议相关事项的事前认可意见,2021-08-03 00:00:00,http://www.cninfo.com.cn/new/disclosure/detail?stockCode=002881&announcementId=1210641005&orgId=9900032572&announcementTime=2021-08-03 00:00:00
美格智能,002881,002881,美格智能,关于在新加坡设立全资子公司的公告,2021-08-03 00:00:00,http://www.cninfo.com.cn/new/disclosure/detail?stockCode=002881&announcementId=1210641004&orgId=9900032572&announcementTime=2021-08-03 00:00:00
美格智能,002881,002881,美格智能,独立董事关于第三届董事会第二次会议相关事项的独立意见,2021-08-03 00:00:00,http://www.cninfo.com.cn/new/disclosure/detail?stockCode=002881&announcementId=1210641003&orgId=9900032572&announcementTime=2021-08-03 00:00:00
美格智能,002881,002881,美格智能,第三届董事会第二次会议决议公告,2021-08-03 00:00:00,http://www.cninfo.com.cn/new/disclosure/detail?stockCode=002881&announcementId=1210641002&orgId=9900032572&announcementTime=2021-08-03 00:00:00
美格智能,002881,002881,美格智能,关于公司全资子公司获得政府补助的公告,2021-07-15 00:00:00,http://www.cninfo.com.cn/new/disclosure/detail?stockCode=002881&announcementId=1210484976&orgId=9900032572&announcementTime=2021-07-15 00:00:00
美格智能,002881,002881,美格智能,第三届董事会第一次会议决议公告,2021-07-13 00:00:00,http://www.cninfo.com.cn/new/disclosure/detail?stockCode=002881&announcementId=1210468444&orgId=9900032572&announcementTime=2021-07-13 00:00:00
美格智能,002881,002881,美格智能,2021年半年度业绩预告,2021-07-13 00:00:00,http://www.cninfo.com.cn/new/disclosure/detail?stockCode=002881&announcementId=1210468443&orgId=9900032572&announcementTime=2021-07-13 00:00:00
美格智能,002881,002881,美格智能,关于调整公司2020年度股票期权与限制性股票激励计划的期权行权价格及限制性股票回购价格的公告,2021-07-13 00:00:00,http://www.cninfo.com.cn/new/disclosure/detail?stockCode=002881&announcementId=1210468442&orgId=9900032572&announcementTime=2021-07-13 00:00:00
美格智能,002881,002881,美格智能,关于聘任公司高级管理人员的公告,2021-07-13 00:00:00,http://www.cninfo.com.cn/new/disclosure/detail?stockCode=002881&announcementId=1210468441&orgId=9900032572&announcementTime=2021-07-13 00:00:00
美格智能,002881,002881,美格智能,关于完成公司监事会换届选举的公告,2021-07-13 00:00:00,http://www.cninfo.com.cn/new/disclosure/detail?stockCode=002881&announcementId=1210468440&orgId=9900032572&announcementTime=2021-07-13 00:00:00
美格智能,002881,002881,美格智能,关于完成公司董事会换届选举的公告,2021-07-13 00:00:00,http://www.cninfo.com.cn/new/disclosure/detail?stockCode=002881&announcementId=1210468439&orgId=9900032572&announcementTime=2021-07-13 00:00:00
美格智能,002881,002881,美格智能,第三届监事会第一次会议决议公告,2021-07-13 00:00:00,http://www.cninfo.com.cn/new/disclosure/detail?stockCode=002881&announcementId=1210468438&orgId=9900032572&announcementTime=2021-07-13 00:00:00
美格智能,002881,002881,美格智能,关于调整2020年度股票期权与限制性股票激励计划的期权行权价格及限制性股票回购价格之法律意见书,2021-07-13 00:00:00,http://www.cninfo.com.cn/new/disclosure/detail?stockCode=002881&announcementId=1210468437&orgId=9900032572&announcementTime=2021-07-13 00:00:00
美格智能,002881,002881,美格智能,独立董事关于第三届董事会第一次会议相关事项的独立意见,2021-07-13 00:00:00,http://www.cninfo.com.cn/new/disclosure/detail?stockCode=002881&announcementId=1210468436&orgId=9900032572&announcementTime=2021-07-13 00:00:00
美格智能,002881,002881,美格智能,公司章程（2021年7月）,2021-07-13 00:00:00,http://www.cninfo.com.cn/new/disclosure/detail?stockCode=002881&announcementId=1210468435&orgId=9900032572&announcementTime=2021-07-13 00:00:00
美格智能,002881,002881,美格智能,2021年第二次临时股东大会之法律意见书,2021-07-13 00:00:00,http://www.cninfo.com.cn/new/disclosure/detail?stockCode=002881&announcementId=1210468434&orgId=9900032572&announcementTime=2021-07-13 00:00:00
美格智能,002881,002881,美格智能,2021年第二次临时股东大会决议公告,2021-07-13 00:00:00,http://www.cninfo.com.cn/new/disclosure/detail?stockCode=002881&announcementId=1210468433&orgId=9900032572&announcementTime=2021-07-13 00:00:00
美格智能,002881,002881,美格智能,关于股份回购进展的公告,2021-07-03 00:00:00,http://www.cninfo.com.cn/new/disclosure/detail?stockCode=002881&announcementId=1210397962&orgId=9900032572&announcementTime=2021-07-03 00:00:00
美格智能,002881,002881,美格智能,关于召开2021年第二次临时股东大会的通知,2021-06-24 00:00:00,http://www.cninfo.com.cn/new/disclosure/detail?stockCode=002881&announcementId=1210321402&orgId=9900032572&announcementTime=2021-06-24 00:00:00
美格智能,002881,002881,美格智能,第二届董事会第二十六次会议决议公告,2021-06-24 00:00:00,http://www.cninfo.com.cn/new/disclosure/detail?stockCode=002881&announcementId=1210321401&orgId=9900032572&announcementTime=2021-06-24 00:00:00
美格智能,002881,002881,美格智能,关于调整董事会成员人数暨修订《公司章程》的公告,2021-06-24 00:00:00,http://www.cninfo.com.cn/new/disclosure/detail?stockCode=002881&announcementId=1210321400&orgId=9900032572&announcementTime=2021-06-24 00:00:00
美格智能,002881,002881,美格智能,关于监事会换届选举的公告,2021-06-24 00:00:00,http://www.cninfo.com.cn/new/disclosure/detail?stockCode=002881&announcementId=1210321399&orgId=9900032572&announcementTime=2021-06-24 00:00:00
美格智能,002881,002881,美格智能,关于选举职工代表监事的公告,2021-06-24 00:00:00,http://www.cninfo.com.cn/new/disclosure/detail?stockCode=002881&announcementId=1210321398&orgId=9900032572&announcementTime=2021-06-24 00:00:00
美格智能,002881,002881,美格智能,第二届监事会第二十三次会议决议公告,2021-06-24 00:00:00,http://www.cninfo.com.cn/new/disclosure/detail?stockCode=002881&announcementId=1210321397&orgId=9900032572&announcementTime=2021-06-24 00:00:00
美格智能,002881,002881,美格智能,关于董事会换届选举的公告,2021-06-24 00:00:00,http://www.cninfo.com.cn/new/disclosure/detail?stockCode=002881&announcementId=1210321396&orgId=9900032572&announcementTime=2021-06-24 00:00:00
美格智能,002881,002881,美格智能,独立董事提名人声明（马利军）,2021-06-24 00:00:00,http://www.cninfo.com.cn/new/disclosure/detail?stockCode=002881&announcementId=1210321395&orgId=9900032572&announcementTime=2021-06-24 00:00:00
美格智能,002881,002881,美格智能,独立董事提名人声明（杨政）,2021-06-24 00:00:00,http://www.cninfo.com.cn/new/disclosure/detail?stockCode=002881&announcementId=1210321394&orgId=9900032572&announcementTime=2021-06-24 00:00:00
美格智能,002881,002881,美格智能,独立董事候选人声明（马利军）,2021-06-24 00:00:00,http://www.cninfo.com.cn/new/disclosure/detail?stockCode=002881&announcementId=1210321393&orgId=9900032572&announcementTime=2021-06-24 00:00:00
美格智能,002881,002881,美格智能,独立董事候选人声明（杨政）,2021-06-24 00:00:00,http://www.cninfo.com.cn/new/disclosure/detail?stockCode=002881&announcementId=1210321392&orgId=9900032572&announcementTime=2021-06-24 00:00:00
美格智能,002881,002881,美格智能,独立董事关于第二届董事会第二十六次会议相关事项的独立意见,2021-06-24 00:00:00,http://www.cninfo.com.cn/new/disclosure/detail?stockCode=002881&announcementId=1210321391&orgId=9900032572&announcementTime=2021-06-24 00:00:00
美格智能,002881,002881,美格智能,股票交易异常波动公告,2021-06-15 00:00:00,http://www.cninfo.com.cn/new/disclosure/detail?stockCode=002881&announcementId=1210225091&orgId=9900032572&announcementTime=2021-06-15 00:00:00
美格智能,002881,002881,美格智能,股票交易异常波动公告,2021-06-09 00:00:00,http://www.cninfo.com.cn/new/disclosure/detail?stockCode=002881&announcementId=1210198606&orgId=9900032572&announcementTime=2021-06-09 00:00:00
美格智能,002881,002881,美格智能,2020年年度权益分派实施公告,2021-06-03 00:00:00,http://www.cninfo.com.cn/new/disclosure/detail?stockCode=002881&announcementId=1210151715&orgId=9900032572&announcementTime=2021-06-03 00:00:00
美格智能,002881,002881,美格智能,关于股份回购进展的公告,2021-06-02 00:00:00,http://www.cninfo.com.cn/new/disclosure/detail?stockCode=002881&announcementId=1210140442&orgId=9900032572&announcementTime=2021-06-02 00:00:00
美格智能,002881,002881,美格智能,第二届监事会第二十二次会议决议公告,2021-05-27 00:00:00,http://www.cninfo.com.cn/new/disclosure/detail?stockCode=002881&announcementId=1210104552&orgId=9900032572&announcementTime=2021-05-27 00:00:00
美格智能,002881,002881,美格智能,2020年年度股东大会之法律意见书,2021-05-21 00:00:00,http://www.cninfo.com.cn/new/disclosure/detail?stockCode=002881&announcementId=1210027389&orgId=9900032572&announcementTime=2021-05-21 00:00:00
美格智能,002881,002881,美格智能,关于回购注销部分限制性股票减资暨通知债权人的公告,2021-05-21 00:00:00,http://www.cninfo.com.cn/new/disclosure/detail?stockCode=002881&announcementId=1210027388&orgId=9900032572&announcementTime=2021-05-21 00:00:00
美格智能,002881,002881,美格智能,2020年年度股东大会决议公告,2021-05-21 00:00:00,http://www.cninfo.com.cn/new/disclosure/detail?stockCode=002881&announcementId=1210027387&orgId=9900032572&announcementTime=2021-05-21 00:00:00
美格智能,002881,002881,美格智能,关于召开2020年年度股东大会的提示性公告,2021-05-18 00:00:00,http://www.cninfo.com.cn/new/disclosure/detail?stockCode=002881&announcementId=1209994623&orgId=9900032572&announcementTime=2021-05-18 00:00:00
美格智能,002881,002881,美格智能,关于公司控股股东部分股份解除质押的公告,2021-05-18 00:00:00,http://www.cninfo.com.cn/new/disclosure/detail?stockCode=002881&announcementId=1209994622&orgId=9900032572&announcementTime=2021-05-18 00:00:00
美格智能,002881,002881,美格智能,关于举行2020年度网上业绩说明会的公告,2021-05-08 00:00:00,http://www.cninfo.com.cn/new/disclosure/detail?stockCode=002881&announcementId=1209937364&orgId=9900032572&announcementTime=2021-05-08 00:00:00
美格智能,002881,002881,美格智能,关于股份回购进展的公告,2021-05-08 00:00:00,http://www.cninfo.com.cn/new/disclosure/detail?stockCode=002881&announcementId=1209937363&orgId=9900032572&announcementTime=2021-05-08 00:00:00
美格智能,002881,002881,美格智能,关于2020年度计提资产减值准备的公告,2021-04-28 00:00:00,http://www.cninfo.com.cn/new/disclosure/detail?stockCode=002881&announcementId=1209828156&orgId=9900032572&announcementTime=2021-04-28 00:00:00
美格智能,002881,002881,美格智能,年度关联方资金占用专项审计报告,2021-04-28 00:00:00,http://www.cninfo.com.cn/new/disclosure/detail?stockCode=002881&announcementId=1209828155&orgId=9900032572&announcementTime=2021-04-28 00:00:00
美格智能,002881,002881,美格智能,上海市君悦（深圳）律师事务所关于公司2020年股票期权与限制性股票激励计划注销部分股票期权和回购注销部分限制性股票事项的法律意见书,2021-04-28 00:00:00,http://www.cninfo.com.cn/new/disclosure/detail?stockCode=002881&announcementId=1209828154&orgId=9900032572&announcementTime=2021-04-28 00:00:00
美格智能,002881,002881,美格智能,东莞证券关于美格智能2020年度募集资金存放与使用情况的核查意见,2021-04-28 00:00:00,http://www.cninfo.com.cn/new/disclosure/detail?stockCode=002881&announcementId=1209828153&orgId=9900032572&announcementTime=2021-04-28 00:00:00
美格智能,002881,002881,美格智能,关于公司监事辞职暨补选监事的公告,2021-04-28 00:00:00,http://www.cninfo.com.cn/new/disclosure/detail?stockCode=002881&announcementId=1209828152&orgId=9900032572&announcementTime=2021-04-28 00:00:00
美格智能,002881,002881,美格智能,关于注销部分股票期权和回购注销部分已授予但尚未解锁的限制性股票的公告,2021-04-28 00:00:00,http://www.cninfo.com.cn/new/disclosure/detail?stockCode=002881&announcementId=1209828151&orgId=9900032572&announcementTime=2021-04-28 00:00:00
美格智能,002881,002881,美格智能,内部控制规则落实自查表,2021-04-28 00:00:00,http://www.cninfo.com.cn/new/disclosure/detail?stockCode=002881&announcementId=1209828150&orgId=9900032572&announcementTime=2021-04-28 00:00:00
美格智能,002881,002881,美格智能,2020年度监事会工作报告,2021-04-28 00:00:00,http://www.cninfo.com.cn/new/disclosure/detail?stockCode=002881&announcementId=1209828149&orgId=9900032572&announcementTime=2021-04-28 00:00:00
美格智能,002881,002881,美格智能,关于会计政策变更的公告,2021-04-28 00:00:00,http://www.cninfo.com.cn/new/disclosure/detail?stockCode=002881&announcementId=1209828148&orgId=9900032572&announcementTime=2021-04-28 00:00:00
美格智能,002881,002881,美格智能,2021年第一季度报告全文,2021-04-28 00:00:00,http://www.cninfo.com.cn/new/disclosure/detail?stockCode=002881&announcementId=1209828147&orgId=9900032572&announcementTime=2021-04-28 00:00:00
美格智能,002881,002881,美格智能,2021年第一季度报告正文,2021-04-28 00:00:00,http://www.cninfo.com.cn/new/disclosure/detail?stockCode=002881&announcementId=1209828146&orgId=9900032572&announcementTime=2021-04-28 00:00:00
美格智能,002881,002881,美格智能,独立董事对担保等事项的独立意见,2021-04-28 00:00:00,http://www.cninfo.com.cn/new/disclosure/detail?stockCode=002881&announcementId=1209828145&orgId=9900032572&announcementTime=2021-04-28 00:00:00
美格智能,002881,002881,美格智能,独立董事年度述职报告,2021-04-28 00:00:00,http://www.cninfo.com.cn/new/disclosure/detail?stockCode=002881&announcementId=1209828144&orgId=9900032572&announcementTime=2021-04-28 00:00:00
美格智能,002881,002881,美格智能,年度募集资金使用鉴证报告,2021-04-28 00:00:00,http://www.cninfo.com.cn/new/disclosure/detail?stockCode=002881&announcementId=1209828143&orgId=9900032572&announcementTime=2021-04-28 00:00:00
美格智能,002881,002881,美格智能,年度募集资金使用情况专项说明,2021-04-28 00:00:00,http://www.cninfo.com.cn/new/disclosure/detail?stockCode=002881&announcementId=1209828142&orgId=9900032572&announcementTime=2021-04-28 00:00:00
美格智能,002881,002881,美格智能,内部控制鉴证报告,2021-04-28 00:00:00,http://www.cninfo.com.cn/new/disclosure/detail?stockCode=002881&announcementId=1209828141&orgId=9900032572&announcementTime=2021-04-28 00:00:00
美格智能,002881,002881,美格智能,内部控制自我评价报告,2021-04-28 00:00:00,http://www.cninfo.com.cn/new/disclosure/detail?stockCode=002881&announcementId=1209828140&orgId=9900032572&announcementTime=2021-04-28 00:00:00
美格智能,002881,002881,美格智能,监事会决议公告,2021-04-28 00:00:00,http://www.cninfo.com.cn/new/disclosure/detail?stockCode=002881&announcementId=1209828139&orgId=9900032572&announcementTime=2021-04-28 00:00:00
美格智能,002881,002881,美格智能,年度股东大会通知,2021-04-28 00:00:00,http://www.cninfo.com.cn/new/disclosure/detail?stockCode=002881&announcementId=1209828138&orgId=9900032572&announcementTime=2021-04-28 00:00:00
美格智能,002881,002881,美格智能,董事会决议公告,2021-04-28 00:00:00,http://www.cninfo.com.cn/new/disclosure/detail?stockCode=002881&announcementId=1209828137&orgId=9900032572&announcementTime=2021-04-28 00:00:00
美格智能,002881,002881,美格智能,2020年年度审计报告,2021-04-28 00:00:00,http://www.cninfo.com.cn/new/disclosure/detail?stockCode=002881&announcementId=1209828136&orgId=9900032572&announcementTime=2021-04-28 00:00:00
美格智能,002881,002881,美格智能,2020年年度报告,2021-04-28 00:00:00,http://www.cninfo.com.cn/new/disclosure/detail?stockCode=002881&announcementId=1209828135&orgId=9900032572&announcementTime=2021-04-28 00:00:00
美格智能,002881,002881,美格智能,2020年年度报告摘要,2021-04-28 00:00:00,http://www.cninfo.com.cn/new/disclosure/detail?stockCode=002881&announcementId=1209828134&orgId=9900032572&announcementTime=2021-04-28 00:00:00
美格智能,002881,002881,美格智能,2021年第一季度业绩预告,2021-04-09 00:00:00,http://www.cninfo.com.cn/new/disclosure/detail?stockCode=002881&announcementId=1209658408&orgId=9900032572&announcementTime=2021-04-09 00:00:00
美格智能,002881,002881,美格智能,2020年度业绩快报,2021-04-09 00:00:00,http://www.cninfo.com.cn/new/disclosure/detail?stockCode=002881&announcementId=1209658406&orgId=9900032572&announcementTime=2021-04-09 00:00:00
美格智能,002881,002881,美格智能,关于股份回购进展的公告,2021-04-06 00:00:00,http://www.cninfo.com.cn/new/disclosure/detail?stockCode=002881&announcementId=1209637540&orgId=9900032572&announcementTime=2021-04-06 00:00:00
美格智能,002881,002881,美格智能,关于2020年度股票期权与限制性股票激励计划预留股票期权授予登记完成的公告,2021-03-25 00:00:00,http://www.cninfo.com.cn/new/disclosure/detail?stockCode=002881&announcementId=1209444003&orgId=9900032572&announcementTime=2021-03-25 00:00:00
美格智能,002881,002881,美格智能,关于回购公司股份比例达到1%的公告,2021-03-17 00:00:00,http://www.cninfo.com.cn/new/disclosure/detail?stockCode=002881&announcementId=1209392626&orgId=9900032572&announcementTime=2021-03-17 00:00:00
美格智能,002881,002881,美格智能,关于公司全资子公司再次获得高新技术企业证书的公告,2021-03-16 00:00:00,http://www.cninfo.com.cn/new/disclosure/detail?stockCode=002881&announcementId=1209384348&orgId=9900032572&announcementTime=2021-03-16 00:00:00
美格智能,002881,002881,美格智能,关于股份回购进展的公告,2021-03-02 00:00:00,http://www.cninfo.com.cn/new/disclosure/detail?stockCode=002881&announcementId=1209317897&orgId=9900032572&announcementTime=2021-03-02 00:00:00
美格智能,002881,002881,美格智能,关于公司全资子公司获得政府补助的公告,2021-02-25 00:00:00,http://www.cninfo.com.cn/new/disclosure/detail?stockCode=002881&announcementId=1209301314&orgId=9900032572&announcementTime=2021-02-25 00:00:00
美格智能,002881,002881,美格智能,关于完成工商变更登记的公告,2021-02-23 00:00:00,http://www.cninfo.com.cn/new/disclosure/detail?stockCode=002881&announcementId=1209290114&orgId=9900032572&announcementTime=2021-02-23 00:00:00
美格智能,002881,002881,美格智能,监事会关于2020年度股票期权与限制性股票激励计划预留股票期权授予激励对象名单的公示情况说明及审核意见,2021-02-23 00:00:00,http://www.cninfo.com.cn/new/disclosure/detail?stockCode=002881&announcementId=1209290113&orgId=9900032572&announcementTime=2021-02-23 00:00:00
美格智能,002881,002881,美格智能,关于首次回购公司股份的公告,2021-02-10 00:00:00,http://www.cninfo.com.cn/new/disclosure/detail?stockCode=002881&announcementId=1209264342&orgId=9900032572&announcementTime=2021-02-10 00:00:00
美格智能,002881,002881,美格智能,回购报告书,2021-02-04 00:00:00,http://www.cninfo.com.cn/new/disclosure/detail?stockCode=002881&announcementId=1209239124&orgId=9900032572&announcementTime=2021-02-04 00:00:00
美格智能,002881,002881,美格智能,关于回购股份事项前十名股东及前十名无限售条件股东持股情况的公告,2021-02-04 00:00:00,http://www.cninfo.com.cn/new/disclosure/detail?stockCode=002881&announcementId=1209239123&orgId=9900032572&announcementTime=2021-02-04 00:00:00
美格智能,002881,002881,美格智能,关于回购公司股份的方案公告,2021-02-03 00:00:00,http://www.cninfo.com.cn/new/disclosure/detail?stockCode=002881&announcementId=1209233763&orgId=9900032572&announcementTime=2021-02-03 00:00:00
美格智能,002881,002881,美格智能,关于向激励对象授予预留股票期权的公告,2021-02-03 00:00:00,http://www.cninfo.com.cn/new/disclosure/detail?stockCode=002881&announcementId=1209233762&orgId=9900032572&announcementTime=2021-02-03 00:00:00
美格智能,002881,002881,美格智能,公司章程,2021-02-03 00:00:00,http://www.cninfo.com.cn/new/disclosure/detail?stockCode=002881&announcementId=1209233761&orgId=9900032572&announcementTime=2021-02-03 00:00:00
美格智能,002881,002881,美格智能,独立董事关于第二届董事会第二十四次会议相关事项的独立意见,2021-02-03 00:00:00,http://www.cninfo.com.cn/new/disclosure/detail?stockCode=002881&announcementId=1209233760&orgId=9900032572&announcementTime=2021-02-03 00:00:00
美格智能,002881,002881,美格智能,第二届监事会第二十次会议决议公告,2021-02-03 00:00:00,http://www.cninfo.com.cn/new/disclosure/detail?stockCode=002881&announcementId=1209233759&orgId=9900032572&announcementTime=2021-02-03 00:00:00
美格智能,002881,002881,美格智能,第二届董事会第二十四次会议决议公告,2021-02-03 00:00:00,http://www.cninfo.com.cn/new/disclosure/detail?stockCode=002881&announcementId=1209233758&orgId=9900032572&announcementTime=2021-02-03 00:00:00
美格智能,002881,002881,美格智能,2021年第一次临时股东大会决议公告,2021-02-03 00:00:00,http://www.cninfo.com.cn/new/disclosure/detail?stockCode=002881&announcementId=1209233757&orgId=9900032572&announcementTime=2021-02-03 00:00:00
美格智能,002881,002881,美格智能,2021年第一次临时股东大会之法律意见书,2021-02-03 00:00:00,http://www.cninfo.com.cn/new/disclosure/detail?stockCode=002881&announcementId=1209233756&orgId=9900032572&announcementTime=2021-02-03 00:00:00
美格智能,002881,002881,美格智能,上海市君悦（深圳）律师事务所关于公司2020年度股票期权与限制性股票激励计划预留股票期权授予事项的法律意见书,2021-02-03 00:00:00,http://www.cninfo.com.cn/new/disclosure/detail?stockCode=002881&announcementId=1209233755&orgId=9900032572&announcementTime=2021-02-03 00:00:00
美格智能,002881,002881,美格智能,2020年度股票期权与限制性股票激励计划预留股票期权激励对象名单,2021-02-03 00:00:00,http://www.cninfo.com.cn/new/disclosure/detail?stockCode=002881&announcementId=1209233754&orgId=9900032572&announcementTime=2021-02-03 00:00:00
美格智能,002881,002881,美格智能,关于召开2021年第一次临时股东大会的通知,2021-01-15 00:00:00,http://www.cninfo.com.cn/new/disclosure/detail?stockCode=002881&announcementId=1209106370&orgId=9900032572&announcementTime=2021-01-15 00:00:00
美格智能,002881,002881,美格智能,独立董事关于第二届董事会第二十三次会议相关事项的独立意见,2021-01-15 00:00:00,http://www.cninfo.com.cn/new/disclosure/detail?stockCode=002881&announcementId=1209106369&orgId=9900032572&announcementTime=2021-01-15 00:00:00
美格智能,002881,002881,美格智能,独立董事关于第二届董事会第二十三次会议相关事项的事前认可意见,2021-01-15 00:00:00,http://www.cninfo.com.cn/new/disclosure/detail?stockCode=002881&announcementId=1209106368&orgId=9900032572&announcementTime=2021-01-15 00:00:00
美格智能,002881,002881,美格智能,关于调整公司组织架构的公告,2021-01-15 00:00:00,http://www.cninfo.com.cn/new/disclosure/detail?stockCode=002881&announcementId=1209106367&orgId=9900032572&announcementTime=2021-01-15 00:00:00
美格智能,002881,002881,美格智能,第二届董事会独立董事提名人声明,2021-01-15 00:00:00,http://www.cninfo.com.cn/new/disclosure/detail?stockCode=002881&announcementId=1209106366&orgId=9900032572&announcementTime=2021-01-15 00:00:00
美格智能,002881,002881,美格智能,第二届董事会独立董事候选人声明,2021-01-15 00:00:00,http://www.cninfo.com.cn/new/disclosure/detail?stockCode=002881&announcementId=1209106365&orgId=9900032572&announcementTime=2021-01-15 00:00:00
美格智能,002881,002881,美格智能,关于公司独立董事辞职暨补选独立董事的公告,2021-01-15 00:00:00,http://www.cninfo.com.cn/new/disclosure/detail?stockCode=002881&announcementId=1209106364&orgId=9900032572&announcementTime=2021-01-15 00:00:00
美格智能,002881,002881,美格智能,关于2021年度日常关联交易预计的公告,2021-01-15 00:00:00,http://www.cninfo.com.cn/new/disclosure/detail?stockCode=002881&announcementId=1209106363&orgId=9900032572&announcementTime=2021-01-15 00:00:00
美格智能,002881,002881,美格智能,关于变更公司经营范围及修订《公司章程》的公告,2021-01-15 00:00:00,http://www.cninfo.com.cn/new/disclosure/detail?stockCode=002881&announcementId=1209106362&orgId=9900032572&announcementTime=2021-01-15 00:00:00
美格智能,002881,002881,美格智能,第二届监事会第十九次会议决议公告,2021-01-15 00:00:00,http://www.cninfo.com.cn/new/disclosure/detail?stockCode=002881&announcementId=1209106361&orgId=9900032572&announcementTime=2021-01-15 00:00:00
美格智能,002881,002881,美格智能,第二届董事会第二十三次会议决议公告,2021-01-15 00:00:00,http://www.cninfo.com.cn/new/disclosure/detail?stockCode=002881&announcementId=1209106360&orgId=9900032572&announcementTime=2021-01-15 00:00:00
美格智能,002881,002881,美格智能,关于公司全资子公司获得政府补助的公告,2021-01-05 00:00:00,http://www.cninfo.com.cn/new/disclosure/detail?stockCode=002881&announcementId=1209040831&orgId=9900032572&announcementTime=2021-01-05 00:00:00
美格智能,002881,002881,美格智能,第二届监事会第十八次会议决议公告,2020-12-22 00:00:00,http://www.cninfo.com.cn/new/disclosure/detail?stockCode=002881&announcementId=1208955470&orgId=9900032572&announcementTime=2020-12-22 00:00:00
美格智能,002881,002881,美格智能,外汇套期保值业务管理制度,2020-12-22 00:00:00,http://www.cninfo.com.cn/new/disclosure/detail?stockCode=002881&announcementId=1208955469&orgId=9900032572&announcementTime=2020-12-22 00:00:00
美格智能,002881,002881,美格智能,关于开展外汇套期保值业务的可行性分析报告,2020-12-22 00:00:00,http://www.cninfo.com.cn/new/disclosure/detail?stockCode=002881&announcementId=1208955468&orgId=9900032572&announcementTime=2020-12-22 00:00:00
美格智能,002881,002881,美格智能,关于开展外汇套期保值业务的公告,2020-12-22 00:00:00,http://www.cninfo.com.cn/new/disclosure/detail?stockCode=002881&announcementId=1208955467&orgId=9900032572&announcementTime=2020-12-22 00:00:00
美格智能,002881,002881,美格智能,独立董事关于第二届董事会第二十二次会议相关事项的独立意见,2020-12-22 00:00:00,http://www.cninfo.com.cn/new/disclosure/detail?stockCode=002881&announcementId=1208955466&orgId=9900032572&announcementTime=2020-12-22 00:00:00
美格智能,002881,002881,美格智能,第二届董事会第二十二次会议决议公告,2020-12-22 00:00:00,http://www.cninfo.com.cn/new/disclosure/detail?stockCode=002881&announcementId=1208955465&orgId=9900032572&announcementTime=2020-12-22 00:00:00
美格智能,002881,002881,美格智能,关于公司全资子公司获得政府补助的公告,2020-12-19 00:00:00,http://www.cninfo.com.cn/new/disclosure/detail?stockCode=002881&announcementId=1208940842&orgId=9900032572&announcementTime=2020-12-19 00:00:00
美格智能,002881,002881,美格智能,关于公司股东股份解除质押的公告,2020-12-10 00:00:00,http://www.cninfo.com.cn/new/disclosure/detail?stockCode=002881&announcementId=1208875114&orgId=9900032572&announcementTime=2020-12-10 00:00:00
美格智能,002881,002881,美格智能,关于参加2020深圳辖区上市公司投资者网上集体接待日活动的公告,2020-12-04 00:00:00,http://www.cninfo.com.cn/new/disclosure/detail?stockCode=002881&announcementId=1208849838&orgId=9900032572&announcementTime=2020-12-04 00:00:00
美格智能,002881,002881,美格智能,关于公司控股股东股份质押及解除质押的公告,2020-11-18 11:42:38,http://www.cninfo.com.cn/new/disclosure/detail?stockCode=002881&announcementId=1208762070&orgId=9900032572&announcementTime=2020-11-18 11:42:38
美格智能,002881,002881,美格智能,关于公司股东股份质押延期购回的公告,2020-11-11 00:00:00,http://www.cninfo.com.cn/new/disclosure/detail?stockCode=002881&announcementId=1208723231&orgId=9900032572&announcementTime=2020-11-11 00:00:00
美格智能,002881,002881,美格智能,关于持股5%以上股东承诺不减持公司股份的公告,2020-11-10 00:00:00,http://www.cninfo.com.cn/new/disclosure/detail?stockCode=002881&announcementId=1208714439&orgId=9900032572&announcementTime=2020-11-10 00:00:00
美格智能,002881,002881,美格智能,关于持股5%以上股东股份减持时间届满未减持公司股份的公告,2020-11-10 00:00:00,http://www.cninfo.com.cn/new/disclosure/detail?stockCode=002881&announcementId=1208714438&orgId=9900032572&announcementTime=2020-11-10 00:00:00
美格智能,002881,002881,美格智能,关于公司控股股东股份质押的公告,2020-11-06 00:00:00,http://www.cninfo.com.cn/new/disclosure/detail?stockCode=002881&announcementId=1208698943&orgId=9900032572&announcementTime=2020-11-06 00:00:00
美格智能,002881,002881,美格智能,东莞证券股份有限公司关于公司部分募集资金投资项目延期的核查意见,2020-10-30 00:00:00,http://www.cninfo.com.cn/new/disclosure/detail?stockCode=002881&announcementId=1208649032&orgId=9900032572&announcementTime=2020-10-30 00:00:00
美格智能,002881,002881,美格智能,关于2020年前三季度计提资产减值准备的公告,2020-10-30 00:00:00,http://www.cninfo.com.cn/new/disclosure/detail?stockCode=002881&announcementId=1208649030&orgId=9900032572&announcementTime=2020-10-30 00:00:00
美格智能,002881,002881,美格智能,关于部分募集资金投资项目延期的公告,2020-10-30 00:00:00,http://www.cninfo.com.cn/new/disclosure/detail?stockCode=002881&announcementId=1208649029&orgId=9900032572&announcementTime=2020-10-30 00:00:00
美格智能,002881,002881,美格智能,独立董事关于第二届董事会第二十一次会议相关事项的独立意见,2020-10-30 00:00:00,http://www.cninfo.com.cn/new/disclosure/detail?stockCode=002881&announcementId=1208649027&orgId=9900032572&announcementTime=2020-10-30 00:00:00
美格智能,002881,002881,美格智能,第二届监事会第十七次会议决议公告,2020-10-30 00:00:00,http://www.cninfo.com.cn/new/disclosure/detail?stockCode=002881&announcementId=1208649026&orgId=9900032572&announcementTime=2020-10-30 00:00:00
美格智能,002881,002881,美格智能,第二届董事会第二十一次会议决议公告,2020-10-30 00:00:00,http://www.cninfo.com.cn/new/disclosure/detail?stockCode=002881&announcementId=1208649025&orgId=9900032572&announcementTime=2020-10-30 00:00:00
美格智能,002881,002881,美格智能,2020年第三季度报告全文,2020-10-30 00:00:00,http://www.cninfo.com.cn/new/disclosure/detail?stockCode=002881&announcementId=1208649024&orgId=9900032572&announcementTime=2020-10-30 00:00:00
美格智能,002881,002881,美格智能,2020年第三季度报告正文,2020-10-30 00:00:00,http://www.cninfo.com.cn/new/disclosure/detail?stockCode=002881&announcementId=1208649020&orgId=9900032572&announcementTime=2020-10-30 00:00:00
美格智能,002881,002881,美格智能,关于全资子公司参与投资深圳宏芯创企业管理合伙企业（有限合伙）的公告,2020-09-30 00:00:00,http://www.cninfo.com.cn/new/disclosure/detail?stockCode=002881&announcementId=1208514508&orgId=9900032572&announcementTime=2020-09-30 00:00:00
美格智能,002881,002881,美格智能,第二届董事会第二十次会议决议公告,2020-09-30 00:00:00,http://www.cninfo.com.cn/new/disclosure/detail?stockCode=002881&announcementId=1208514507&orgId=9900032572&announcementTime=2020-09-30 00:00:00
美格智能,002881,002881,美格智能,关于持股5%以上股东股份减持时间过半未减持公司股份的公告,2020-09-22 00:00:00,http://www.cninfo.com.cn/new/disclosure/detail?stockCode=002881&announcementId=1208464995&orgId=9900032572&announcementTime=2020-09-22 00:00:00
美格智能,002881,002881,美格智能,关于合资公司注册成立的公告,2020-09-11 00:00:00,http://www.cninfo.com.cn/new/disclosure/detail?stockCode=002881&announcementId=1208424530&orgId=9900032572&announcementTime=2020-09-11 00:00:00
美格智能,002881,002881,美格智能,关于公司在杭州投资设立合资公司的公告,2020-09-09 00:00:00,http://www.cninfo.com.cn/new/disclosure/detail?stockCode=002881&announcementId=1208413440&orgId=9900032572&announcementTime=2020-09-09 00:00:00
美格智能,002881,002881,美格智能,第二届董事会第十九次会议决议公告,2020-09-09 00:00:00,http://www.cninfo.com.cn/new/disclosure/detail?stockCode=002881&announcementId=1208413439&orgId=9900032572&announcementTime=2020-09-09 00:00:00
美格智能,002881,002881,美格智能,2020年半年度募集资金存放与使用情况专项报告,2020-08-28 00:00:00,http://www.cninfo.com.cn/new/disclosure/detail?stockCode=002881&announcementId=1208276378&orgId=9900032572&announcementTime=2020-08-28 00:00:00
美格智能,002881,002881,美格智能,独立董事关于第二届董事会第十八次会议相关事项的独立意见,2020-08-28 00:00:00,http://www.cninfo.com.cn/new/disclosure/detail?stockCode=002881&announcementId=1208276377&orgId=9900032572&announcementTime=2020-08-28 00:00:00
美格智能,002881,002881,美格智能,关于2020年半年度计提资产减值准备的公告,2020-08-28 00:00:00,http://www.cninfo.com.cn/new/disclosure/detail?stockCode=002881&announcementId=1208276376&orgId=9900032572&announcementTime=2020-08-28 00:00:00
美格智能,002881,002881,美格智能,第二届监事会第十六次会议决议公告,2020-08-28 00:00:00,http://www.cninfo.com.cn/new/disclosure/detail?stockCode=002881&announcementId=1208276375&orgId=9900032572&announcementTime=2020-08-28 00:00:00
美格智能,002881,002881,美格智能,第二届董事会第十八次会议决议公告,2020-08-28 00:00:00,http://www.cninfo.com.cn/new/disclosure/detail?stockCode=002881&announcementId=1208276374&orgId=9900032572&announcementTime=2020-08-28 00:00:00
美格智能,002881,002881,美格智能,2020年半年度财务报告,2020-08-28 00:00:00,http://www.cninfo.com.cn/new/disclosure/detail?stockCode=002881&announcementId=1208276373&orgId=9900032572&announcementTime=2020-08-28 00:00:00
美格智能,002881,002881,美格智能,2020年半年度报告,2020-08-28 00:00:00,http://www.cninfo.com.cn/new/disclosure/detail?stockCode=002881&announcementId=1208276372&orgId=9900032572&announcementTime=2020-08-28 00:00:00
美格智能,002881,002881,美格智能,2020年半年度报告摘要,2020-08-28 00:00:00,http://www.cninfo.com.cn/new/disclosure/detail?stockCode=002881&announcementId=1208276371&orgId=9900032572&announcementTime=2020-08-28 00:00:00
美格智能,002881,002881,美格智能,关于2020年度股票期权与限制性股票激励计划首次授予登记完成的公告,2020-08-27 00:00:00,http://www.cninfo.com.cn/new/disclosure/detail?stockCode=002881&announcementId=1208261730&orgId=9900032572&announcementTime=2020-08-27 00:00:00
美格智能,002881,002881,美格智能,上海市君悦（深圳）律师事务所关于公司2020年度股票期权与限制性股票激励计划调整及授予事项之法律意见书,2020-07-22 00:00:00,http://www.cninfo.com.cn/new/disclosure/detail?stockCode=002881&announcementId=1208056852&orgId=9900032572&announcementTime=2020-07-22 00:00:00
美格智能,002881,002881,美格智能,2020年度股票期权与限制性股票激励计划激励对象名单（授予日）,2020-07-22 00:00:00,http://www.cninfo.com.cn/new/disclosure/detail?stockCode=002881&announcementId=1208056851&orgId=9900032572&announcementTime=2020-07-22 00:00:00
美格智能,002881,002881,美格智能,关于向激励对象首次授予股票期权与限制性股票的公告,2020-07-22 00:00:00,http://www.cninfo.com.cn/new/disclosure/detail?stockCode=002881&announcementId=1208056850&orgId=9900032572&announcementTime=2020-07-22 00:00:00
美格智能,002881,002881,美格智能,关于调整2020年度股票期权与限制性股票激励计划相关事项的公告,2020-07-22 00:00:00,http://www.cninfo.com.cn/new/disclosure/detail?stockCode=002881&announcementId=1208056849&orgId=9900032572&announcementTime=2020-07-22 00:00:00
美格智能,002881,002881,美格智能,独立董事关于第二届董事会第十七次会议相关事项的独立意见,2020-07-22 00:00:00,http://www.cninfo.com.cn/new/disclosure/detail?stockCode=002881&announcementId=1208056848&orgId=9900032572&announcementTime=2020-07-22 00:00:00
美格智能,002881,002881,美格智能,东莞证券股份有限公司关于公司调整2020年度股票期权与限制性股票激励计划对象名单之独立财务顾问报告,2020-07-22 00:00:00,http://www.cninfo.com.cn/new/disclosure/detail?stockCode=002881&announcementId=1208056847&orgId=9900032572&announcementTime=2020-07-22 00:00:00
美格智能,002881,002881,美格智能,第二届监事会第十五次会议决议公告,2020-07-22 00:00:00,http://www.cninfo.com.cn/new/disclosure/detail?stockCode=002881&announcementId=1208056846&orgId=9900032572&announcementTime=2020-07-22 00:00:00
美格智能,002881,002881,美格智能,第二届董事会第十七次会议决议公告,2020-07-22 00:00:00,http://www.cninfo.com.cn/new/disclosure/detail?stockCode=002881&announcementId=1208056845&orgId=9900032572&announcementTime=2020-07-22 00:00:00
美格智能,002881,002881,美格智能,关于持股5%以上股东减持股份的预披露公告,2020-07-16 00:00:00,http://www.cninfo.com.cn/new/disclosure/detail?stockCode=002881&announcementId=1208035839&orgId=9900032572&announcementTime=2020-07-16 00:00:00
美格智能,002881,002881,美格智能,2020年第一次临时股东大会决议公告,2020-07-04 00:00:00,http://www.cninfo.com.cn/new/disclosure/detail?stockCode=002881&announcementId=1208002616&orgId=9900032572&announcementTime=2020-07-04 00:00:00
美格智能,002881,002881,美格智能,关于2020年度股票期权与限制性股票激励计划内幕信息知情人买卖公司股票情况的自查报告,2020-07-04 00:00:00,http://www.cninfo.com.cn/new/disclosure/detail?stockCode=002881&announcementId=1208002615&orgId=9900032572&announcementTime=2020-07-04 00:00:00
美格智能,002881,002881,美格智能,2020年第一次临时股东大会之法律意见书,2020-07-04 00:00:00,http://www.cninfo.com.cn/new/disclosure/detail?stockCode=002881&announcementId=1208002614&orgId=9900032572&announcementTime=2020-07-04 00:00:00
美格智能,002881,002881,美格智能,关于全资子公司在日本投资设立合资公司的进展公告,2020-07-01 00:00:00,http://www.cninfo.com.cn/new/disclosure/detail?stockCode=002881&announcementId=1207978549&orgId=9900032572&announcementTime=2020-07-01 00:00:00
美格智能,002881,002881,美格智能,关于公司董事辞职的公告,2020-06-30 00:00:00,http://www.cninfo.com.cn/new/disclosure/detail?stockCode=002881&announcementId=1207966788&orgId=9900032572&announcementTime=2020-06-30 00:00:00
美格智能,002881,002881,美格智能,监事会关于2020年度股票期权与限制性股票激励计划激励对象名单的公示情况说明及审核意见,2020-06-29 00:00:00,http://www.cninfo.com.cn/new/disclosure/detail?stockCode=002881&announcementId=1207960964&orgId=9900032572&announcementTime=2020-06-29 00:00:00
美格智能,002881,002881,美格智能,首次公开发行前已发行股份上市流通提示性公告,2020-06-19 00:00:00,http://www.cninfo.com.cn/new/disclosure/detail?stockCode=002881&announcementId=1207939942&orgId=9900032572&announcementTime=2020-06-19 00:00:00
美格智能,002881,002881,美格智能,东莞证券股份有限公司关于公司首次公开发行限售股解禁流通的专项核查意见,2020-06-19 00:00:00,http://www.cninfo.com.cn/new/disclosure/detail?stockCode=002881&announcementId=1207939941&orgId=9900032572&announcementTime=2020-06-19 00:00:00
美格智能,002881,002881,美格智能,关于召开2020年第一次临时股东大会的通知,2020-06-08 11:44:48,http://www.cninfo.com.cn/new/disclosure/detail?stockCode=002881&announcementId=1207905822&orgId=9900032572&announcementTime=2020-06-08 11:44:48
美格智能,002881,002881,美格智能,独立董事关于第二届董事会第十六次会议相关事项的独立意见,2020-06-08 11:44:48,http://www.cninfo.com.cn/new/disclosure/detail?stockCode=002881&announcementId=1207905821&orgId=9900032572&announcementTime=2020-06-08 11:44:48
美格智能,002881,002881,美格智能,上海市君悦（深圳）律师事务所关于公司2020年度股票期权与限制性股票激励计划（草案）的法律意见书,2020-06-08 11:44:48,http://www.cninfo.com.cn/new/disclosure/detail?stockCode=002881&announcementId=1207905812&orgId=9900032572&announcementTime=2020-06-08 11:44:48
美格智能,002881,002881,美格智能,独立董事公开征集委托投票权报告书,2020-06-08 11:44:47,http://www.cninfo.com.cn/new/disclosure/detail?stockCode=002881&announcementId=1207905820&orgId=9900032572&announcementTime=2020-06-08 11:44:47
美格智能,002881,002881,美格智能,第二届监事会第十四次会议决议公告,2020-06-08 11:44:47,http://www.cninfo.com.cn/new/disclosure/detail?stockCode=002881&announcementId=1207905819&orgId=9900032572&announcementTime=2020-06-08 11:44:47
美格智能,002881,002881,美格智能,第二届董事会第十六次会议决议公告,2020-06-08 11:44:47,http://www.cninfo.com.cn/new/disclosure/detail?stockCode=002881&announcementId=1207905818&orgId=9900032572&announcementTime=2020-06-08 11:44:47
美格智能,002881,002881,美格智能,2020年度股票期权与限制性股票激励计划实施考核管理办法,2020-06-08 11:44:47,http://www.cninfo.com.cn/new/disclosure/detail?stockCode=002881&announcementId=1207905817&orgId=9900032572&announcementTime=2020-06-08 11:44:47
美格智能,002881,002881,美格智能,2020年度股票期权与限制性股票激励计划激励对象名单,2020-06-08 11:44:47,http://www.cninfo.com.cn/new/disclosure/detail?stockCode=002881&announcementId=1207905816&orgId=9900032572&announcementTime=2020-06-08 11:44:47
美格智能,002881,002881,美格智能,东莞证券股份有限公司关于公司2020年度股票期权与限制性股票激励计划（草案）之独立财务顾问报告,2020-06-08 11:44:47,http://www.cninfo.com.cn/new/disclosure/detail?stockCode=002881&announcementId=1207905815&orgId=9900032572&announcementTime=2020-06-08 11:44:47
美格智能,002881,002881,美格智能,2020年度股票期权与限制性股票激励计划草案自查表,2020-06-08 11:44:47,http://www.cninfo.com.cn/new/disclosure/detail?stockCode=002881&announcementId=1207905814&orgId=9900032572&announcementTime=2020-06-08 11:44:47
美格智能,002881,002881,美格智能,2020年度股票期权与限制性股票激励计划（草案）摘要,2020-06-08 11:44:47,http://www.cninfo.com.cn/new/disclosure/detail?stockCode=002881&announcementId=1207905813&orgId=9900032572&announcementTime=2020-06-08 11:44:47
美格智能,002881,002881,美格智能,2020年度股票期权与限制性股票激励计划（草案）,2020-06-08 11:44:47,http://www.cninfo.com.cn/new/disclosure/detail?stockCode=002881&announcementId=1207905811&orgId=9900032572&announcementTime=2020-06-08 11:44:47
美格智能,002881,002881,美格智能,关于注销部分募集资金专项账户的公告,2020-05-30 00:00:00,http://www.cninfo.com.cn/new/disclosure/detail?stockCode=002881&announcementId=1207876675&orgId=9900032572&announcementTime=2020-05-30 00:00:00
美格智能,002881,002881,美格智能,2019年年度权益分派实施公告,2020-05-25 00:00:00,http://www.cninfo.com.cn/new/disclosure/detail?stockCode=002881&announcementId=1207852128&orgId=9900032572&announcementTime=2020-05-25 00:00:00
美格智能,002881,002881,美格智能,2019年度股东大会之法律意见书,2020-05-20 00:00:00,http://www.cninfo.com.cn/new/disclosure/detail?stockCode=002881&announcementId=1207830933&orgId=9900032572&announcementTime=2020-05-20 00:00:00
美格智能,002881,002881,美格智能,2019年年度股东大会决议公告,2020-05-20 00:00:00,http://www.cninfo.com.cn/new/disclosure/detail?stockCode=002881&announcementId=1207830932&orgId=9900032572&announcementTime=2020-05-20 00:00:00
美格智能,002881,002881,美格智能,关于召开2019年年度股东大会的提示性公告,2020-05-16 00:00:00,http://www.cninfo.com.cn/new/disclosure/detail?stockCode=002881&announcementId=1207817045&orgId=9900032572&announcementTime=2020-05-16 00:00:00
美格智能,002881,002881,美格智能,关于注销部分募集资金专项账户的公告,2020-05-13 00:00:00,http://www.cninfo.com.cn/new/disclosure/detail?stockCode=002881&announcementId=1207783485&orgId=9900032572&announcementTime=2020-05-13 00:00:00
美格智能,002881,002881,美格智能,关于使用部分闲置自有资金进行现金管理进展的公告,2020-05-06 00:00:00,http://www.cninfo.com.cn/new/disclosure/detail?stockCode=002881&announcementId=1207703589&orgId=9900032572&announcementTime=2020-05-06 00:00:00
美格智能,002881,002881,美格智能,东莞证券股份有限公司关于公司首次公开发行股票并上市保荐总结报告书,2020-04-28 00:00:00,http://www.cninfo.com.cn/new/disclosure/detail?stockCode=002881&announcementId=1207637465&orgId=9900032572&announcementTime=2020-04-28 00:00:00
美格智能,002881,002881,美格智能,东莞证券股份有限公司关于公司2019年度内部控制自我评价报告的核查意见,2020-04-28 00:00:00,http://www.cninfo.com.cn/new/disclosure/detail?stockCode=002881&announcementId=1207637464&orgId=9900032572&announcementTime=2020-04-28 00:00:00
美格智能,002881,002881,美格智能,东莞证券股份有限公司关于公司2019年度内部控制规则落实自查表的核查意见,2020-04-28 00:00:00,http://www.cninfo.com.cn/new/disclosure/detail?stockCode=002881&announcementId=1207637463&orgId=9900032572&announcementTime=2020-04-28 00:00:00
美格智能,002881,002881,美格智能,东莞证券股份有限公司关于公司2019年度募集资金存放与使用情况之专项核查意见,2020-04-28 00:00:00,http://www.cninfo.com.cn/new/disclosure/detail?stockCode=002881&announcementId=1207637462&orgId=9900032572&announcementTime=2020-04-28 00:00:00
美格智能,002881,002881,美格智能,东莞证券股份有限公司关于公司2019年度保荐工作报告,2020-04-28 00:00:00,http://www.cninfo.com.cn/new/disclosure/detail?stockCode=002881&announcementId=1207637461&orgId=9900032572&announcementTime=2020-04-28 00:00:00
美格智能,002881,002881,美格智能,关于使用部分闲置自有资金进行现金管理的公告,2020-04-28 00:00:00,http://www.cninfo.com.cn/new/disclosure/detail?stockCode=002881&announcementId=1207637460&orgId=9900032572&announcementTime=2020-04-28 00:00:00
美格智能,002881,002881,美格智能,关于2019年度计提资产减值准备的公告,2020-04-28 00:00:00,http://www.cninfo.com.cn/new/disclosure/detail?stockCode=002881&announcementId=1207637459&orgId=9900032572&announcementTime=2020-04-28 00:00:00
美格智能,002881,002881,美格智能,独立董事关于第二届董事会第十五次会议相关事项的事前认可意见,2020-04-28 00:00:00,http://www.cninfo.com.cn/new/disclosure/detail?stockCode=002881&announcementId=1207637458&orgId=9900032572&announcementTime=2020-04-28 00:00:00
美格智能,002881,002881,美格智能,2019年度监事会工作报告,2020-04-28 00:00:00,http://www.cninfo.com.cn/new/disclosure/detail?stockCode=002881&announcementId=1207637457&orgId=9900032572&announcementTime=2020-04-28 00:00:00
美格智能,002881,002881,美格智能,内部控制规则落实自查表,2020-04-28 00:00:00,http://www.cninfo.com.cn/new/disclosure/detail?stockCode=002881&announcementId=1207637456&orgId=9900032572&announcementTime=2020-04-28 00:00:00
美格智能,002881,002881,美格智能,2019-2021年股东回报规划,2020-04-28 00:00:00,http://www.cninfo.com.cn/new/disclosure/detail?stockCode=002881&announcementId=1207637455&orgId=9900032572&announcementTime=2020-04-28 00:00:00
美格智能,002881,002881,美格智能,关于续聘公司2020年度审计机构的公告,2020-04-28 00:00:00,http://www.cninfo.com.cn/new/disclosure/detail?stockCode=002881&announcementId=1207637454&orgId=9900032572&announcementTime=2020-04-28 00:00:00
美格智能,002881,002881,美格智能,关于会计政策变更的公告,2020-04-28 00:00:00,http://www.cninfo.com.cn/new/disclosure/detail?stockCode=002881&announcementId=1207637453&orgId=9900032572&announcementTime=2020-04-28 00:00:00
美格智能,002881,002881,美格智能,2020年第一季度报告全文,2020-04-28 00:00:00,http://www.cninfo.com.cn/new/disclosure/detail?stockCode=002881&announcementId=1207637452&orgId=9900032572&announcementTime=2020-04-28 00:00:00
美格智能,002881,002881,美格智能,2020年第一季度报告正文,2020-04-28 00:00:00,http://www.cninfo.com.cn/new/disclosure/detail?stockCode=002881&announcementId=1207637451&orgId=9900032572&announcementTime=2020-04-28 00:00:00
美格智能,002881,002881,美格智能,2019年度内部控制自我评价报告,2020-04-28 00:00:00,http://www.cninfo.com.cn/new/disclosure/detail?stockCode=002881&announcementId=1207637450&orgId=9900032572&announcementTime=2020-04-28 00:00:00
美格智能,002881,002881,美格智能,独立董事关于第二届董事会第十五次会议相关事项的独立意见,2020-04-28 00:00:00,http://www.cninfo.com.cn/new/disclosure/detail?stockCode=002881&announcementId=1207637449&orgId=9900032572&announcementTime=2020-04-28 00:00:00
美格智能,002881,002881,美格智能,独立董事年度述职报告,2020-04-28 00:00:00,http://www.cninfo.com.cn/new/disclosure/detail?stockCode=002881&announcementId=1207637448&orgId=9900032572&announcementTime=2020-04-28 00:00:00
美格智能,002881,002881,美格智能,募集资金年度存放与使用情况鉴证报告,2020-04-28 00:00:00,http://www.cninfo.com.cn/new/disclosure/detail?stockCode=002881&announcementId=1207637447&orgId=9900032572&announcementTime=2020-04-28 00:00:00
美格智能,002881,002881,美格智能,2019年度募集资金存放与使用情况专项报告,2020-04-28 00:00:00,http://www.cninfo.com.cn/new/disclosure/detail?stockCode=002881&announcementId=1207637446&orgId=9900032572&announcementTime=2020-04-28 00:00:00
美格智能,002881,002881,美格智能,关于对公司控股股东及其他关联方占用资金情况的专项审计说明,2020-04-28 00:00:00,http://www.cninfo.com.cn/new/disclosure/detail?stockCode=002881&announcementId=1207637445&orgId=9900032572&announcementTime=2020-04-28 00:00:00
美格智能,002881,002881,美格智能,第二届监事会第十三次会议决议公告,2020-04-28 00:00:00,http://www.cninfo.com.cn/new/disclosure/detail?stockCode=002881&announcementId=1207637444&orgId=9900032572&announcementTime=2020-04-28 00:00:00
美格智能,002881,002881,美格智能,关于召开2019年年度股东大会的通知,2020-04-28 00:00:00,http://www.cninfo.com.cn/new/disclosure/detail?stockCode=002881&announcementId=1207637443&orgId=9900032572&announcementTime=2020-04-28 00:00:00
美格智能,002881,002881,美格智能,第二届董事会第十五次会议决议公告,2020-04-28 00:00:00,http://www.cninfo.com.cn/new/disclosure/detail?stockCode=002881&announcementId=1207637442&orgId=9900032572&announcementTime=2020-04-28 00:00:00
美格智能,002881,002881,美格智能,2019年年度审计报告,2020-04-28 00:00:00,http://www.cninfo.com.cn/new/disclosure/detail?stockCode=002881&announcementId=1207637441&orgId=9900032572&announcementTime=2020-04-28 00:00:00
美格智能,002881,002881,美格智能,2019年年度报告,2020-04-28 00:00:00,http://www.cninfo.com.cn/new/disclosure/detail?stockCode=002881&announcementId=1207637440&orgId=9900032572&announcementTime=2020-04-28 00:00:00
美格智能,002881,002881,美格智能,2019年年度报告摘要,2020-04-28 00:00:00,http://www.cninfo.com.cn/new/disclosure/detail?stockCode=002881&announcementId=1207637439&orgId=9900032572&announcementTime=2020-04-28 00:00:00
美格智能,002881,002881,美格智能,关于注销部分募集资金专项账户的公告,2020-04-02 00:00:00,http://www.cninfo.com.cn/new/disclosure/detail?stockCode=002881&announcementId=1207447870&orgId=9900032572&announcementTime=2020-04-02 00:00:00
美格智能,002881,002881,美格智能,关于公司获得高新技术企业证书的公告,2020-04-01 00:00:00,http://www.cninfo.com.cn/new/disclosure/detail?stockCode=002881&announcementId=1207440266&orgId=9900032572&announcementTime=2020-04-01 00:00:00
美格智能,002881,002881,美格智能,关于使用部分暂时闲置募集资金进行现金管理进展的公告,2020-03-26 00:00:00,http://www.cninfo.com.cn/new/disclosure/detail?stockCode=002881&announcementId=1207403586&orgId=9900032572&announcementTime=2020-03-26 00:00:00
美格智能,002881,002881,美格智能,东莞证券股份有限公司关于公司使用部分暂时闲置募集资金进行现金管理的核查意见,2020-03-14 00:00:00,http://www.cninfo.com.cn/new/disclosure/detail?stockCode=002881&announcementId=1207372531&orgId=9900032572&announcementTime=2020-03-14 00:00:00
美格智能,002881,002881,美格智能,东莞证券股份有限公司关于公司部分募集资金投资项目结项的核查意见,2020-03-14 00:00:00,http://www.cninfo.com.cn/new/disclosure/detail?stockCode=002881&announcementId=1207372530&orgId=9900032572&announcementTime=2020-03-14 00:00:00
美格智能,002881,002881,美格智能,东莞证券股份有限公司关于公司2020年度日常关联交易预计的核查意见,2020-03-14 00:00:00,http://www.cninfo.com.cn/new/disclosure/detail?stockCode=002881&announcementId=1207372529&orgId=9900032572&announcementTime=2020-03-14 00:00:00
美格智能,002881,002881,美格智能,关于使用部分暂时闲置募集资金进行现金管理的公告,2020-03-14 00:00:00,http://www.cninfo.com.cn/new/disclosure/detail?stockCode=002881&announcementId=1207372528&orgId=9900032572&announcementTime=2020-03-14 00:00:00
美格智能,002881,002881,美格智能,关于部分募集资金投资项目结项的公告,2020-03-14 00:00:00,http://www.cninfo.com.cn/new/disclosure/detail?stockCode=002881&announcementId=1207372527&orgId=9900032572&announcementTime=2020-03-14 00:00:00
美格智能,002881,002881,美格智能,关于2020年度日常关联交易预计的公告,2020-03-14 00:00:00,http://www.cninfo.com.cn/new/disclosure/detail?stockCode=002881&announcementId=1207372526&orgId=9900032572&announcementTime=2020-03-14 00:00:00
美格智能,002881,002881,美格智能,独立董事关于第二届董事会第十四次会议相关事项的事前认可意见,2020-03-14 00:00:00,http://www.cninfo.com.cn/new/disclosure/detail?stockCode=002881&announcementId=1207372525&orgId=9900032572&announcementTime=2020-03-14 00:00:00
美格智能,002881,002881,美格智能,独立董事关于第二届董事会第十四次会议相关事项的独立意见,2020-03-14 00:00:00,http://www.cninfo.com.cn/new/disclosure/detail?stockCode=002881&announcementId=1207372524&orgId=9900032572&announcementTime=2020-03-14 00:00:00
美格智能,002881,002881,美格智能,第二届监事会第十二次会议决议公告,2020-03-14 00:00:00,http://www.cninfo.com.cn/new/disclosure/detail?stockCode=002881&announcementId=1207372523&orgId=9900032572&announcementTime=2020-03-14 00:00:00
美格智能,002881,002881,美格智能,第二届董事会第十四次会议决议公告,2020-03-14 00:00:00,http://www.cninfo.com.cn/new/disclosure/detail?stockCode=002881&announcementId=1207372522&orgId=9900032572&announcementTime=2020-03-14 00:00:00
美格智能,002881,002881,美格智能,2019年度业绩快报,2020-02-27 00:00:00,http://www.cninfo.com.cn/new/disclosure/detail?stockCode=002881&announcementId=1207325494&orgId=9900032572&announcementTime=2020-02-27 00:00:00
美格智能,002881,002881,美格智能,关于对外捐赠支持抗击新型冠状病毒肺炎疫情的公告,2020-02-08 00:00:00,http://www.cninfo.com.cn/new/disclosure/detail?stockCode=002881&announcementId=1207297902&orgId=9900032572&announcementTime=2020-02-08 00:00:00
美格智能,002881,002881,美格智能,东莞证券股份有限公司关于公司持续督导现场培训报告,2020-01-22 00:00:00,http://www.cninfo.com.cn/new/disclosure/detail?stockCode=002881&announcementId=1207277162&orgId=9900032572&announcementTime=2020-01-22 00:00:00
美格智能,002881,002881,美格智能,东莞证券股份有限公司关于公司持续督导定期现场核查报告,2020-01-22 00:00:00,http://www.cninfo.com.cn/new/disclosure/detail?stockCode=002881&announcementId=1207277161&orgId=9900032572&announcementTime=2020-01-22 00:00:00
美格智能,002881,002881,美格智能,关于全资子公司在日本投资设立合资公司的公告,2020-01-15 00:00:00,http://www.cninfo.com.cn/new/disclosure/detail?stockCode=002881&announcementId=1207249233&orgId=9900032572&announcementTime=2020-01-15 00:00:00
美格智能,002881,002881,美格智能,第二届董事会第十三次会议决议公告,2020-01-15 00:00:00,http://www.cninfo.com.cn/new/disclosure/detail?stockCode=002881&announcementId=1207249232&orgId=9900032572&announcementTime=2020-01-15 00:00:00
美格智能,002881,002881,美格智能,关于投资公司注册成立的公告,2020-01-02 00:00:00,http://www.cninfo.com.cn/new/disclosure/detail?stockCode=002881&announcementId=1207215516&orgId=9900032572&announcementTime=2020-01-02 00:00:00
美格智能,002881,002881,美格智能,关于完成工商变更登记的公告,2019-12-18 00:00:00,http://www.cninfo.com.cn/new/disclosure/detail?stockCode=002881&announcementId=1207173160&orgId=9900032572&announcementTime=2019-12-18 00:00:00
美格智能,002881,002881,美格智能,关于公司控股股东股份部分解除质押的公告,2019-12-07 00:00:00,http://www.cninfo.com.cn/new/disclosure/detail?stockCode=002881&announcementId=1207144092&orgId=9900032572&announcementTime=2019-12-07 00:00:00
美格智能,002881,002881,美格智能,关于在深圳设立投资公司的公告,2019-12-05 00:00:00,http://www.cninfo.com.cn/new/disclosure/detail?stockCode=002881&announcementId=1207138077&orgId=9900032572&announcementTime=2019-12-05 00:00:00
美格智能,002881,002881,美格智能,关于在德国设立全资子公司的公告,2019-12-05 00:00:00,http://www.cninfo.com.cn/new/disclosure/detail?stockCode=002881&announcementId=1207138076&orgId=9900032572&announcementTime=2019-12-05 00:00:00
美格智能,002881,002881,美格智能,第二届董事会第十二次会议决议公告,2019-12-05 00:00:00,http://www.cninfo.com.cn/new/disclosure/detail?stockCode=002881&announcementId=1207138075&orgId=9900032572&announcementTime=2019-12-05 00:00:00
美格智能,002881,002881,美格智能,2019年第二次临时股东大会之法律意见书,2019-11-13 00:00:00,http://www.cninfo.com.cn/new/disclosure/detail?stockCode=002881&announcementId=1207085546&orgId=9900032572&announcementTime=2019-11-13 00:00:00
美格智能,002881,002881,美格智能,2019年第二次临时股东大会决议公告,2019-11-13 00:00:00,http://www.cninfo.com.cn/new/disclosure/detail?stockCode=002881&announcementId=1207085545&orgId=9900032572&announcementTime=2019-11-13 00:00:00
美格智能,002881,002881,美格智能,公司章程（2019年10月）,2019-10-25 00:00:00,http://www.cninfo.com.cn/new/disclosure/detail?stockCode=002881&announcementId=1207014509&orgId=9900032572&announcementTime=2019-10-25 00:00:00
美格智能,002881,002881,美格智能,关于聘任证券事务代表的公告,2019-10-25 00:00:00,http://www.cninfo.com.cn/new/disclosure/detail?stockCode=002881&announcementId=1207014508&orgId=9900032572&announcementTime=2019-10-25 00:00:00
美格智能,002881,002881,美格智能,关于变更公司注册地址及修订《公司章程》的公告,2019-10-25 00:00:00,http://www.cninfo.com.cn/new/disclosure/detail?stockCode=002881&announcementId=1207014507&orgId=9900032572&announcementTime=2019-10-25 00:00:00
美格智能,002881,002881,美格智能,关于召开2019年第二次临时股东大会的通知,2019-10-25 00:00:00,http://www.cninfo.com.cn/new/disclosure/detail?stockCode=002881&announcementId=1207014506&orgId=9900032572&announcementTime=2019-10-25 00:00:00
美格智能,002881,002881,美格智能,第二届监事会第十一次会议决议公告,2019-10-25 00:00:00,http://www.cninfo.com.cn/new/disclosure/detail?stockCode=002881&announcementId=1207014505&orgId=9900032572&announcementTime=2019-10-25 00:00:00
美格智能,002881,002881,美格智能,第二届董事会第十一次会议决议公告,2019-10-25 00:00:00,http://www.cninfo.com.cn/new/disclosure/detail?stockCode=002881&announcementId=1207014504&orgId=9900032572&announcementTime=2019-10-25 00:00:00
美格智能,002881,002881,美格智能,2019年第三季度报告全文,2019-10-25 00:00:00,http://www.cninfo.com.cn/new/disclosure/detail?stockCode=002881&announcementId=1207014503&orgId=9900032572&announcementTime=2019-10-25 00:00:00
美格智能,002881,002881,美格智能,2019年第三季度报告正文,2019-10-25 00:00:00,http://www.cninfo.com.cn/new/disclosure/detail?stockCode=002881&announcementId=1207014502&orgId=9900032572&announcementTime=2019-10-25 00:00:00
美格智能,002881,002881,美格智能,关于使用部分暂时闲置募集资金进行现金管理进展的公告,2019-10-24 00:00:00,http://www.cninfo.com.cn/new/disclosure/detail?stockCode=002881&announcementId=1207008816&orgId=9900032572&announcementTime=2019-10-24 00:00:00
美格智能,002881,002881,美格智能,关于出售精密组件业务相关资产的公告,2019-09-03 00:00:00,http://www.cninfo.com.cn/new/disclosure/detail?stockCode=002881&announcementId=1206873380&orgId=9900032572&announcementTime=2019-09-03 00:00:00
美格智能,002881,002881,美格智能,独立董事关于第二届董事会第十次会议相关事项的独立意见,2019-09-03 00:00:00,http://www.cninfo.com.cn/new/disclosure/detail?stockCode=002881&announcementId=1206873379&orgId=9900032572&announcementTime=2019-09-03 00:00:00
美格智能,002881,002881,美格智能,第二届监事会第十次会议决议公告,2019-09-03 00:00:00,http://www.cninfo.com.cn/new/disclosure/detail?stockCode=002881&announcementId=1206873378&orgId=9900032572&announcementTime=2019-09-03 00:00:00
美格智能,002881,002881,美格智能,第二届董事会第十次会议决议公告,2019-09-03 00:00:00,http://www.cninfo.com.cn/new/disclosure/detail?stockCode=002881&announcementId=1206873377&orgId=9900032572&announcementTime=2019-09-03 00:00:00
美格智能,002881,002881,美格智能,2019年半年度报告,2019-08-22 00:00:00,http://www.cninfo.com.cn/new/disclosure/detail?stockCode=002881&announcementId=1206554221&orgId=9900032572&announcementTime=2019-08-22 00:00:00
美格智能,002881,002881,美格智能,独立董事关于第二届董事会第九次会议相关事项的独立意见,2019-08-22 00:00:00,http://www.cninfo.com.cn/new/disclosure/detail?stockCode=002881&announcementId=1206551526&orgId=9900032572&announcementTime=2019-08-22 00:00:00
美格智能,002881,002881,美格智能,2019年半年度募集资金存放与使用情况专项报告,2019-08-22 00:00:00,http://www.cninfo.com.cn/new/disclosure/detail?stockCode=002881&announcementId=1206551525&orgId=9900032572&announcementTime=2019-08-22 00:00:00
美格智能,002881,002881,美格智能,关于会计政策变更的公告,2019-08-22 00:00:00,http://www.cninfo.com.cn/new/disclosure/detail?stockCode=002881&announcementId=1206551524&orgId=9900032572&announcementTime=2019-08-22 00:00:00
美格智能,002881,002881,美格智能,第二届监事会第九次会议决议公告,2019-08-22 00:00:00,http://www.cninfo.com.cn/new/disclosure/detail?stockCode=002881&announcementId=1206551523&orgId=9900032572&announcementTime=2019-08-22 00:00:00
美格智能,002881,002881,美格智能,第二届董事会第九次会议决议公告,2019-08-22 00:00:00,http://www.cninfo.com.cn/new/disclosure/detail?stockCode=002881&announcementId=1206551522&orgId=9900032572&announcementTime=2019-08-22 00:00:00
美格智能,002881,002881,美格智能,2019年半年度财务报告,2019-08-22 00:00:00,http://www.cninfo.com.cn/new/disclosure/detail?stockCode=002881&announcementId=1206551521&orgId=9900032572&announcementTime=2019-08-22 00:00:00
美格智能,002881,002881,美格智能,2019年半年度报告摘要,2019-08-22 00:00:00,http://www.cninfo.com.cn/new/disclosure/detail?stockCode=002881&announcementId=1206551519&orgId=9900032572&announcementTime=2019-08-22 00:00:00
美格智能,002881,002881,美格智能,股票交易异常波动公告,2019-08-19 00:00:00,http://www.cninfo.com.cn/new/disclosure/detail?stockCode=002881&announcementId=1206540973&orgId=9900032572&announcementTime=2019-08-19 00:00:00
美格智能,002881,002881,美格智能,股票交易异常波动公告,2019-08-05 00:00:00,http://www.cninfo.com.cn/new/disclosure/detail?stockCode=002881&announcementId=1206496195&orgId=9900032572&announcementTime=2019-08-05 00:00:00
美格智能,002881,002881,美格智能,关于公司控股股东股份质押的公告,2019-08-01 00:00:00,http://www.cninfo.com.cn/new/disclosure/detail?stockCode=002881&announcementId=1206486549&orgId=9900032572&announcementTime=2019-08-01 00:00:00
美格智能,002881,002881,美格智能,关于使用部分暂时闲置募集资金进行现金管理进展的公告,2019-07-18 00:00:00,http://www.cninfo.com.cn/new/disclosure/detail?stockCode=002881&announcementId=1206455754&orgId=9900032572&announcementTime=2019-07-18 00:00:00
美格智能,002881,002881,美格智能,关于变更投资者联系方式的公告,2019-07-12 00:00:00,http://www.cninfo.com.cn/new/disclosure/detail?stockCode=002881&announcementId=1206441223&orgId=9900032572&announcementTime=2019-07-12 00:00:00
美格智能,002881,002881,美格智能,关于使用部分暂时闲置募集资金进行现金管理进展的公告,2019-06-29 00:00:00,http://www.cninfo.com.cn/new/disclosure/detail?stockCode=002881&announcementId=1206408225&orgId=9900032572&announcementTime=2019-06-29 00:00:00
美格智能,002881,002881,美格智能,关于上海分公司完成注销的公告,2019-06-28 00:00:00,http://www.cninfo.com.cn/new/disclosure/detail?stockCode=002881&announcementId=1206402467&orgId=9900032572&announcementTime=2019-06-28 00:00:00
美格智能,002881,002881,美格智能,2018年年度权益分派实施公告,2019-05-30 00:00:00,http://www.cninfo.com.cn/new/disclosure/detail?stockCode=002881&announcementId=1206313954&orgId=9900032572&announcementTime=2019-05-30 00:00:00
美格智能,002881,002881,美格智能,2018年度股东大会之法律意见书,2019-05-18 00:00:00,http://www.cninfo.com.cn/new/disclosure/detail?stockCode=002881&announcementId=1206282408&orgId=9900032572&announcementTime=2019-05-18 00:00:00
美格智能,002881,002881,美格智能,2018年年度股东大会决议公告,2019-05-18 00:00:00,http://www.cninfo.com.cn/new/disclosure/detail?stockCode=002881&announcementId=1206282407&orgId=9900032572&announcementTime=2019-05-18 00:00:00
美格智能,002881,002881,美格智能,关于召开2018年年度股东大会的提示性公告,2019-05-15 00:00:00,http://www.cninfo.com.cn/new/disclosure/detail?stockCode=002881&announcementId=1206266821&orgId=9900032572&announcementTime=2019-05-15 00:00:00
美格智能,002881,002881,美格智能,关于举行2018年年度报告网上说明会的公告,2019-04-30 00:00:00,http://www.cninfo.com.cn/new/disclosure/detail?stockCode=002881&announcementId=1206160865&orgId=9900032572&announcementTime=2019-04-30 00:00:00
美格智能,002881,002881,美格智能,东莞证券股份有限公司关于公司2018年度内部控制自我评价报告的核查意见,2019-04-26 00:00:00,http://www.cninfo.com.cn/new/disclosure/detail?stockCode=002881&announcementId=1206098932&orgId=9900032572&announcementTime=2019-04-26 00:00:00
美格智能,002881,002881,美格智能,东莞证券股份有限公司关于公司2018年度内部控制规则落实自查表的核查意见,2019-04-26 00:00:00,http://www.cninfo.com.cn/new/disclosure/detail?stockCode=002881&announcementId=1206098931&orgId=9900032572&announcementTime=2019-04-26 00:00:00
美格智能,002881,002881,美格智能,东莞证券股份有限公司关于公司2018年度募集资金存放与使用情况之专项核查意见,2019-04-26 00:00:00,http://www.cninfo.com.cn/new/disclosure/detail?stockCode=002881&announcementId=1206098930&orgId=9900032572&announcementTime=2019-04-26 00:00:00
美格智能,002881,002881,美格智能,东莞证券股份有限公司关于公司2018年度保荐工作报告,2019-04-26 00:00:00,http://www.cninfo.com.cn/new/disclosure/detail?stockCode=002881&announcementId=1206098929&orgId=9900032572&announcementTime=2019-04-26 00:00:00
美格智能,002881,002881,美格智能,2018年度监事会工作报告,2019-04-26 00:00:00,http://www.cninfo.com.cn/new/disclosure/detail?stockCode=002881&announcementId=1206098928&orgId=9900032572&announcementTime=2019-04-26 00:00:00
美格智能,002881,002881,美格智能,内部控制规则落实自查表,2019-04-26 00:00:00,http://www.cninfo.com.cn/new/disclosure/detail?stockCode=002881&announcementId=1206098927&orgId=9900032572&announcementTime=2019-04-26 00:00:00
美格智能,002881,002881,美格智能,关于会计政策变更的公告,2019-04-26 00:00:00,http://www.cninfo.com.cn/new/disclosure/detail?stockCode=002881&announcementId=1206098926&orgId=9900032572&announcementTime=2019-04-26 00:00:00
美格智能,002881,002881,美格智能,独立董事关于第二届董事会第八次会议相关事项的事前认可意见,2019-04-26 00:00:00,http://www.cninfo.com.cn/new/disclosure/detail?stockCode=002881&announcementId=1206098925&orgId=9900032572&announcementTime=2019-04-26 00:00:00
美格智能,002881,002881,美格智能,2019年第一季度报告全文,2019-04-26 00:00:00,http://www.cninfo.com.cn/new/disclosure/detail?stockCode=002881&announcementId=1206098924&orgId=9900032572&announcementTime=2019-04-26 00:00:00
美格智能,002881,002881,美格智能,2019年第一季度报告正文,2019-04-26 00:00:00,http://www.cninfo.com.cn/new/disclosure/detail?stockCode=002881&announcementId=1206098923&orgId=9900032572&announcementTime=2019-04-26 00:00:00
美格智能,002881,002881,美格智能,内部控制鉴证报告,2019-04-26 00:00:00,http://www.cninfo.com.cn/new/disclosure/detail?stockCode=002881&announcementId=1206098922&orgId=9900032572&announcementTime=2019-04-26 00:00:00
美格智能,002881,002881,美格智能,2018年度内部控制自我评价报告,2019-04-26 00:00:00,http://www.cninfo.com.cn/new/disclosure/detail?stockCode=002881&announcementId=1206098921&orgId=9900032572&announcementTime=2019-04-26 00:00:00
美格智能,002881,002881,美格智能,独立董事关于第二届董事会第八次会议相关事项的独立意见,2019-04-26 00:00:00,http://www.cninfo.com.cn/new/disclosure/detail?stockCode=002881&announcementId=1206098920&orgId=9900032572&announcementTime=2019-04-26 00:00:00
美格智能,002881,002881,美格智能,独立董事2018年度述职报告,2019-04-26 00:00:00,http://www.cninfo.com.cn/new/disclosure/detail?stockCode=002881&announcementId=1206098919&orgId=9900032572&announcementTime=2019-04-26 00:00:00
美格智能,002881,002881,美格智能,募集资金年度存放与使用情况鉴证报告,2019-04-26 00:00:00,http://www.cninfo.com.cn/new/disclosure/detail?stockCode=002881&announcementId=1206098918&orgId=9900032572&announcementTime=2019-04-26 00:00:00
美格智能,002881,002881,美格智能,2018年度募集资金存放与使用情况专项报告,2019-04-26 00:00:00,http://www.cninfo.com.cn/new/disclosure/detail?stockCode=002881&announcementId=1206098917&orgId=9900032572&announcementTime=2019-04-26 00:00:00
美格智能,002881,002881,美格智能,关于对公司控股股东及其他关联方占用资金情况的专项审计说明,2019-04-26 00:00:00,http://www.cninfo.com.cn/new/disclosure/detail?stockCode=002881&announcementId=1206098916&orgId=9900032572&announcementTime=2019-04-26 00:00:00
美格智能,002881,002881,美格智能,第二届监事会第八次会议决议公告,2019-04-26 00:00:00,http://www.cninfo.com.cn/new/disclosure/detail?stockCode=002881&announcementId=1206098915&orgId=9900032572&announcementTime=2019-04-26 00:00:00
美格智能,002881,002881,美格智能,关于召开2018年年度股东大会的通知,2019-04-26 00:00:00,http://www.cninfo.com.cn/new/disclosure/detail?stockCode=002881&announcementId=1206098914&orgId=9900032572&announcementTime=2019-04-26 00:00:00
美格智能,002881,002881,美格智能,第二届董事会第八次会议决议公告,2019-04-26 00:00:00,http://www.cninfo.com.cn/new/disclosure/detail?stockCode=002881&announcementId=1206098913&orgId=9900032572&announcementTime=2019-04-26 00:00:00
美格智能,002881,002881,美格智能,2018年年度审计报告,2019-04-26 00:00:00,http://www.cninfo.com.cn/new/disclosure/detail?stockCode=002881&announcementId=1206098912&orgId=9900032572&announcementTime=2019-04-26 00:00:00
美格智能,002881,002881,美格智能,2018年年度报告,2019-04-26 00:00:00,http://www.cninfo.com.cn/new/disclosure/detail?stockCode=002881&announcementId=1206098911&orgId=9900032572&announcementTime=2019-04-26 00:00:00
美格智能,002881,002881,美格智能,2018年年度报告摘要,2019-04-26 00:00:00,http://www.cninfo.com.cn/new/disclosure/detail?stockCode=002881&announcementId=1206098910&orgId=9900032572&announcementTime=2019-04-26 00:00:00
美格智能,002881,002881,美格智能,关于增加办公地址及变更投资者联系方式的公告,2019-04-12 00:00:00,http://www.cninfo.com.cn/new/disclosure/detail?stockCode=002881&announcementId=1206010079&orgId=9900032572&announcementTime=2019-04-12 00:00:00
美格智能,002881,002881,美格智能,关于使用部分暂时闲置募集资金进行现金管理进展的公告,2019-04-03 00:00:00,http://www.cninfo.com.cn/new/disclosure/detail?stockCode=002881&announcementId=1205988442&orgId=9900032572&announcementTime=2019-04-03 00:00:00
美格智能,002881,002881,美格智能,关于使用部分暂时闲置募集资金进行现金管理进展的公告,2019-03-23 00:00:00,http://www.cninfo.com.cn/new/disclosure/detail?stockCode=002881&announcementId=1205932539&orgId=9900032572&announcementTime=2019-03-23 00:00:00
美格智能,002881,002881,美格智能,2019年第一次临时股东大会之法律意见书,2019-03-19 00:00:00,http://www.cninfo.com.cn/new/disclosure/detail?stockCode=002881&announcementId=1205912869&orgId=9900032572&announcementTime=2019-03-19 00:00:00
美格智能,002881,002881,美格智能,2019年第一次临时股东大会决议公告,2019-03-19 00:00:00,http://www.cninfo.com.cn/new/disclosure/detail?stockCode=002881&announcementId=1205912868&orgId=9900032572&announcementTime=2019-03-19 00:00:00
美格智能,002881,002881,美格智能,公司章程修订对照表,2019-02-28 00:00:00,http://www.cninfo.com.cn/new/disclosure/detail?stockCode=002881&announcementId=1205855129&orgId=9900032572&announcementTime=2019-02-28 00:00:00
美格智能,002881,002881,美格智能,信息披露管理办法（2019年2月）,2019-02-28 00:00:00,http://www.cninfo.com.cn/new/disclosure/detail?stockCode=002881&announcementId=1205855128&orgId=9900032572&announcementTime=2019-02-28 00:00:00
美格智能,002881,002881,美格智能,董事会提名委员会工作条例（2019年2月）,2019-02-28 00:00:00,http://www.cninfo.com.cn/new/disclosure/detail?stockCode=002881&announcementId=1205855127&orgId=9900032572&announcementTime=2019-02-28 00:00:00
美格智能,002881,002881,美格智能,董事会审计委员会工作条例（2019年2月）,2019-02-28 00:00:00,http://www.cninfo.com.cn/new/disclosure/detail?stockCode=002881&announcementId=1205855126&orgId=9900032572&announcementTime=2019-02-28 00:00:00
美格智能,002881,002881,美格智能,关联交易决策制度（2019年2月）,2019-02-28 00:00:00,http://www.cninfo.com.cn/new/disclosure/detail?stockCode=002881&announcementId=1205855125&orgId=9900032572&announcementTime=2019-02-28 00:00:00
美格智能,002881,002881,美格智能,股东大会议事规则（2019年2月）,2019-02-28 00:00:00,http://www.cninfo.com.cn/new/disclosure/detail?stockCode=002881&announcementId=1205855124&orgId=9900032572&announcementTime=2019-02-28 00:00:00
美格智能,002881,002881,美格智能,公司章程（2019年2月）,2019-02-28 00:00:00,http://www.cninfo.com.cn/new/disclosure/detail?stockCode=002881&announcementId=1205855123&orgId=9900032572&announcementTime=2019-02-28 00:00:00
美格智能,002881,002881,美格智能,独立董事关于第二届董事会第七次会议相关事项的事前认可意见,2019-02-28 00:00:00,http://www.cninfo.com.cn/new/disclosure/detail?stockCode=002881&announcementId=1205855122&orgId=9900032572&announcementTime=2019-02-28 00:00:00
美格智能,002881,002881,美格智能,独立董事关于第二届董事会第七次会议相关事项的独立意见,2019-02-28 00:00:00,http://www.cninfo.com.cn/new/disclosure/detail?stockCode=002881&announcementId=1205855121&orgId=9900032572&announcementTime=2019-02-28 00:00:00
美格智能,002881,002881,美格智能,东莞证券股份有限公司关于公司使用部分暂时闲置募集资金进行现金管理的核查意见,2019-02-28 00:00:00,http://www.cninfo.com.cn/new/disclosure/detail?stockCode=002881&announcementId=1205855120&orgId=9900032572&announcementTime=2019-02-28 00:00:00
美格智能,002881,002881,美格智能,东莞证券股份有限公司关于公司2019年度日常关联交易预计的核查意见,2019-02-28 00:00:00,http://www.cninfo.com.cn/new/disclosure/detail?stockCode=002881&announcementId=1205855119&orgId=9900032572&announcementTime=2019-02-28 00:00:00
美格智能,002881,002881,美格智能,2018年度业绩快报,2019-02-28 00:00:00,http://www.cninfo.com.cn/new/disclosure/detail?stockCode=002881&announcementId=1205855118&orgId=9900032572&announcementTime=2019-02-28 00:00:00
美格智能,002881,002881,美格智能,关于召开2019年第一次临时股东大会的通知,2019-02-28 00:00:00,http://www.cninfo.com.cn/new/disclosure/detail?stockCode=002881&announcementId=1205855117&orgId=9900032572&announcementTime=2019-02-28 00:00:00
美格智能,002881,002881,美格智能,关于使用部分暂时闲置募集资金进行现金管理的公告,2019-02-28 00:00:00,http://www.cninfo.com.cn/new/disclosure/detail?stockCode=002881&announcementId=1205855116&orgId=9900032572&announcementTime=2019-02-28 00:00:00
美格智能,002881,002881,美格智能,关于2019年度日常关联交易预计的公告,2019-02-28 00:00:00,http://www.cninfo.com.cn/new/disclosure/detail?stockCode=002881&announcementId=1205855115&orgId=9900032572&announcementTime=2019-02-28 00:00:00
美格智能,002881,002881,美格智能,第二届监事会第七次会议决议公告,2019-02-28 00:00:00,http://www.cninfo.com.cn/new/disclosure/detail?stockCode=002881&announcementId=1205855114&orgId=9900032572&announcementTime=2019-02-28 00:00:00
美格智能,002881,002881,美格智能,第二届董事会第七次会议决议公告,2019-02-28 00:00:00,http://www.cninfo.com.cn/new/disclosure/detail?stockCode=002881&announcementId=1205855113&orgId=9900032572&announcementTime=2019-02-28 00:00:00
美格智能,002881,002881,美格智能,关于武汉子公司完成注销的公告,2019-02-14 00:00:00,http://www.cninfo.com.cn/new/disclosure/detail?stockCode=002881&announcementId=1205833026&orgId=9900032572&announcementTime=2019-02-14 00:00:00
美格智能,002881,002881,美格智能,东莞证券股份有限公司关于公司持续督导现场培训报告,2019-01-26 00:00:00,http://www.cninfo.com.cn/new/disclosure/detail?stockCode=002881&announcementId=1205802879&orgId=9900032572&announcementTime=2019-01-26 00:00:00
美格智能,002881,002881,美格智能,东莞证券股份有限公司关于公司持续督导定期现场核查报告,2019-01-26 00:00:00,http://www.cninfo.com.cn/new/disclosure/detail?stockCode=002881&announcementId=1205802878&orgId=9900032572&announcementTime=2019-01-26 00:00:00
美格智能,002881,002881,美格智能,关于使用部分暂时闲置募集资金进行现金管理进展的公告,2018-12-14 00:00:00,http://www.cninfo.com.cn/new/disclosure/detail?stockCode=002881&announcementId=1205669208&orgId=9900032572&announcementTime=2018-12-14 00:00:00
美格智能,002881,002881,美格智能,关于使用部分暂时闲置募集资金进行现金管理进展的公告,2018-12-08 00:00:00,http://www.cninfo.com.cn/new/disclosure/detail?stockCode=002881&announcementId=1205658215&orgId=9900032572&announcementTime=2018-12-08 00:00:00
美格智能,002881,002881,美格智能,关于签订募集资金三方监管协议的公告,2018-12-08 00:00:00,http://www.cninfo.com.cn/new/disclosure/detail?stockCode=002881&announcementId=1205658214&orgId=9900032572&announcementTime=2018-12-08 00:00:00
美格智能,002881,002881,美格智能,关于调整部分募集资金投资项目实施地点的公告,2018-12-08 00:00:00,http://www.cninfo.com.cn/new/disclosure/detail?stockCode=002881&announcementId=1205658213&orgId=9900032572&announcementTime=2018-12-08 00:00:00
美格智能,002881,002881,美格智能,关于注销武汉子公司的公告,2018-12-08 00:00:00,http://www.cninfo.com.cn/new/disclosure/detail?stockCode=002881&announcementId=1205658212&orgId=9900032572&announcementTime=2018-12-08 00:00:00
美格智能,002881,002881,美格智能,东莞证券股份有限公司关于公司调整部分募集资金投资项目实施地点的核查意见,2018-12-08 00:00:00,http://www.cninfo.com.cn/new/disclosure/detail?stockCode=002881&announcementId=1205658211&orgId=9900032572&announcementTime=2018-12-08 00:00:00
美格智能,002881,002881,美格智能,第二届监事会第六次会议决议公告,2018-12-08 00:00:00,http://www.cninfo.com.cn/new/disclosure/detail?stockCode=002881&announcementId=1205658210&orgId=9900032572&announcementTime=2018-12-08 00:00:00
美格智能,002881,002881,美格智能,独立董事关于第二届董事会第六次会议相关事项的独立意见,2018-12-08 00:00:00,http://www.cninfo.com.cn/new/disclosure/detail?stockCode=002881&announcementId=1205658209&orgId=9900032572&announcementTime=2018-12-08 00:00:00
美格智能,002881,002881,美格智能,第二届董事会第六次会议决议公告,2018-12-08 00:00:00,http://www.cninfo.com.cn/new/disclosure/detail?stockCode=002881&announcementId=1205658208&orgId=9900032572&announcementTime=2018-12-08 00:00:00
美格智能,002881,002881,美格智能,关于使用部分暂时闲置募集资金进行现金管理进展的公告,2018-11-24 00:00:00,http://www.cninfo.com.cn/new/disclosure/detail?stockCode=002881&announcementId=1205628890&orgId=9900032572&announcementTime=2018-11-24 00:00:00
美格智能,002881,002881,美格智能,关于使用部分暂时闲置募集资金进行现金管理到期赎回的公告,2018-11-21 00:00:00,http://www.cninfo.com.cn/new/disclosure/detail?stockCode=002881&announcementId=1205619394&orgId=9900032572&announcementTime=2018-11-21 00:00:00
美格智能,002881,002881,美格智能,关于注销部分募集资金专项账户的公告,2018-11-16 00:00:00,http://www.cninfo.com.cn/new/disclosure/detail?stockCode=002881&announcementId=1205605942&orgId=9900032572&announcementTime=2018-11-16 00:00:00
美格智能,002881,002881,美格智能,股票交易异常波动公告,2018-11-09 00:00:00,http://www.cninfo.com.cn/new/disclosure/detail?stockCode=002881&announcementId=1205588477&orgId=9900032572&announcementTime=2018-11-09 00:00:00
美格智能,002881,002881,美格智能,第二届监事会第五次会议决议公告,2018-10-26 00:00:00,http://www.cninfo.com.cn/new/disclosure/detail?stockCode=002881&announcementId=1205536912&orgId=9900032572&announcementTime=2018-10-26 00:00:00
美格智能,002881,002881,美格智能,第二届董事会第五次会议决议公告,2018-10-26 00:00:00,http://www.cninfo.com.cn/new/disclosure/detail?stockCode=002881&announcementId=1205536911&orgId=9900032572&announcementTime=2018-10-26 00:00:00
美格智能,002881,002881,美格智能,2018年第三季度报告全文,2018-10-26 00:00:00,http://www.cninfo.com.cn/new/disclosure/detail?stockCode=002881&announcementId=1205536910&orgId=9900032572&announcementTime=2018-10-26 00:00:00
美格智能,002881,002881,美格智能,2018年第三季度报告正文,2018-10-26 00:00:00,http://www.cninfo.com.cn/new/disclosure/detail?stockCode=002881&announcementId=1205536909&orgId=9900032572&announcementTime=2018-10-26 00:00:00
美格智能,002881,002881,美格智能,独立董事关于第二届董事会第五次会议相关事项的独立意见,2018-10-26 00:00:00,http://www.cninfo.com.cn/new/disclosure/detail?stockCode=002881&announcementId=1205536908&orgId=9900032572&announcementTime=2018-10-26 00:00:00
美格智能,002881,002881,美格智能,关于会计政策变更的公告,2018-10-26 00:00:00,http://www.cninfo.com.cn/new/disclosure/detail?stockCode=002881&announcementId=1205536907&orgId=9900032572&announcementTime=2018-10-26 00:00:00
美格智能,002881,002881,美格智能,关于全资子公司注册成立的公告,2018-10-17 00:00:00,http://www.cninfo.com.cn/new/disclosure/detail?stockCode=002881&announcementId=1205508058&orgId=9900032572&announcementTime=2018-10-17 00:00:00
美格智能,002881,002881,美格智能,东莞证券股份有限公司关于公司募集资金投资项目变更实施主体、实施地点及项目延期的核查意见,2018-10-13 00:00:00,http://www.cninfo.com.cn/new/disclosure/detail?stockCode=002881&announcementId=1205501131&orgId=9900032572&announcementTime=2018-10-13 00:00:00
美格智能,002881,002881,美格智能,独立董事关于第二届董事会第四次会议相关事项的独立意见,2018-10-13 00:00:00,http://www.cninfo.com.cn/new/disclosure/detail?stockCode=002881&announcementId=1205501130&orgId=9900032572&announcementTime=2018-10-13 00:00:00
美格智能,002881,002881,美格智能,关于增加部分募集资金投资项目实施主体和实施地点并调整建设期的公告,2018-10-13 00:00:00,http://www.cninfo.com.cn/new/disclosure/detail?stockCode=002881&announcementId=1205501129&orgId=9900032572&announcementTime=2018-10-13 00:00:00
美格智能,002881,002881,美格智能,关于变更部分募集资金投资项目实施主体和实施地点的公告,2018-10-13 00:00:00,http://www.cninfo.com.cn/new/disclosure/detail?stockCode=002881&announcementId=1205501128&orgId=9900032572&announcementTime=2018-10-13 00:00:00
美格智能,002881,002881,美格智能,关于在深圳设立全资子公司的公告,2018-10-13 00:00:00,http://www.cninfo.com.cn/new/disclosure/detail?stockCode=002881&announcementId=1205501127&orgId=9900032572&announcementTime=2018-10-13 00:00:00
美格智能,002881,002881,美格智能,第二届监事会第四次会议决议公告,2018-10-13 00:00:00,http://www.cninfo.com.cn/new/disclosure/detail?stockCode=002881&announcementId=1205501126&orgId=9900032572&announcementTime=2018-10-13 00:00:00
美格智能,002881,002881,美格智能,第二届董事会第四次会议决议公告,2018-10-13 00:00:00,http://www.cninfo.com.cn/new/disclosure/detail?stockCode=002881&announcementId=1205501125&orgId=9900032572&announcementTime=2018-10-13 00:00:00
美格智能,002881,002881,美格智能,关于签订募集资金三方监管协议的公告,2018-09-11 00:00:00,http://www.cninfo.com.cn/new/disclosure/detail?stockCode=002881&announcementId=1205427576&orgId=9900032572&announcementTime=2018-09-11 00:00:00
美格智能,002881,002881,美格智能,关于使用部分暂时闲置募集资金进行现金管理到期赎回的公告,2018-09-01 00:00:00,http://www.cninfo.com.cn/new/disclosure/detail?stockCode=002881&announcementId=1205366993&orgId=9900032572&announcementTime=2018-09-01 00:00:00
美格智能,002881,002881,美格智能,2018年半年度募集资金存放与使用情况专项报告,2018-08-28 00:00:00,http://www.cninfo.com.cn/new/disclosure/detail?stockCode=002881&announcementId=1205339473&orgId=9900032572&announcementTime=2018-08-28 00:00:00
美格智能,002881,002881,美格智能,独立董事关于第二届董事会第三次会议相关事项的独立意见,2018-08-28 00:00:00,http://www.cninfo.com.cn/new/disclosure/detail?stockCode=002881&announcementId=1205339472&orgId=9900032572&announcementTime=2018-08-28 00:00:00
美格智能,002881,002881,美格智能,第二届监事会第三次会议决议公告,2018-08-28 00:00:00,http://www.cninfo.com.cn/new/disclosure/detail?stockCode=002881&announcementId=1205339470&orgId=9900032572&announcementTime=2018-08-28 00:00:00
美格智能,002881,002881,美格智能,第二届董事会第三次会议决议公告,2018-08-28 00:00:00,http://www.cninfo.com.cn/new/disclosure/detail?stockCode=002881&announcementId=1205339468&orgId=9900032572&announcementTime=2018-08-28 00:00:00
美格智能,002881,002881,美格智能,2018年半年度财务报告,2018-08-28 00:00:00,http://www.cninfo.com.cn/new/disclosure/detail?stockCode=002881&announcementId=1205339466&orgId=9900032572&announcementTime=2018-08-28 00:00:00
美格智能,002881,002881,美格智能,2018年半年度报告,2018-08-28 00:00:00,http://www.cninfo.com.cn/new/disclosure/detail?stockCode=002881&announcementId=1205339465&orgId=9900032572&announcementTime=2018-08-28 00:00:00
美格智能,002881,002881,美格智能,2018年半年度报告摘要,2018-08-28 00:00:00,http://www.cninfo.com.cn/new/disclosure/detail?stockCode=002881&announcementId=1205339463&orgId=9900032572&announcementTime=2018-08-28 00:00:00
美格智能,002881,002881,美格智能,关于完成工商变更登记的公告,2018-08-16 00:00:00,http://www.cninfo.com.cn/new/disclosure/detail?stockCode=002881&announcementId=1205289508&orgId=9900032572&announcementTime=2018-08-16 00:00:00
美格智能,002881,002881,美格智能,2018年第三次临时股东大会之法律意见书,2018-08-14 00:00:00,http://www.cninfo.com.cn/new/disclosure/detail?stockCode=002881&announcementId=1205283305&orgId=9900032572&announcementTime=2018-08-14 00:00:00
美格智能,002881,002881,美格智能,2018年第三次临时股东大会决议公告,2018-08-14 00:00:00,http://www.cninfo.com.cn/new/disclosure/detail?stockCode=002881&announcementId=1205283304&orgId=9900032572&announcementTime=2018-08-14 00:00:00
美格智能,002881,002881,美格智能,关于公司控股股东股份质押的公告,2018-08-03 00:00:00,http://www.cninfo.com.cn/new/disclosure/detail?stockCode=002881&announcementId=1205254883&orgId=9900032572&announcementTime=2018-08-03 00:00:00
美格智能,002881,002881,美格智能,关于使用部分暂时闲置募集资金进行现金管理进展的公告,2018-07-27 00:00:00,http://www.cninfo.com.cn/new/disclosure/detail?stockCode=002881&announcementId=1205232048&orgId=9900032572&announcementTime=2018-07-27 00:00:00
美格智能,002881,002881,美格智能,东莞证券股份有限公司关于公司变更募集资金投资项目的专项核查意见,2018-07-26 00:00:00,http://www.cninfo.com.cn/new/disclosure/detail?stockCode=002881&announcementId=1205229714&orgId=9900032572&announcementTime=2018-07-26 00:00:00
美格智能,002881,002881,美格智能,关于变更募集资金投资项目的公告,2018-07-26 00:00:00,http://www.cninfo.com.cn/new/disclosure/detail?stockCode=002881&announcementId=1205229713&orgId=9900032572&announcementTime=2018-07-26 00:00:00
美格智能,002881,002881,美格智能,独立董事关于第二届董事会第二次会议相关事项的独立意见,2018-07-26 00:00:00,http://www.cninfo.com.cn/new/disclosure/detail?stockCode=002881&announcementId=1205229712&orgId=9900032572&announcementTime=2018-07-26 00:00:00
美格智能,002881,002881,美格智能,关于召开2018年第三次临时股东大会的通知,2018-07-26 00:00:00,http://www.cninfo.com.cn/new/disclosure/detail?stockCode=002881&announcementId=1205229711&orgId=9900032572&announcementTime=2018-07-26 00:00:00
美格智能,002881,002881,美格智能,第二届监事会第二次会议决议公告,2018-07-26 00:00:00,http://www.cninfo.com.cn/new/disclosure/detail?stockCode=002881&announcementId=1205229710&orgId=9900032572&announcementTime=2018-07-26 00:00:00
美格智能,002881,002881,美格智能,第二届董事会第二次会议决议公告,2018-07-26 00:00:00,http://www.cninfo.com.cn/new/disclosure/detail?stockCode=002881&announcementId=1205229709&orgId=9900032572&announcementTime=2018-07-26 00:00:00
美格智能,002881,002881,美格智能,关于对深圳证券交易所问询函回复的公告,2018-07-10 00:00:00,http://www.cninfo.com.cn/new/disclosure/detail?stockCode=002881&announcementId=1205136054&orgId=9900032572&announcementTime=2018-07-10 00:00:00
美格智能,002881,002881,美格智能,关于会计估计变更的公告,2018-07-04 00:00:00,http://www.cninfo.com.cn/new/disclosure/detail?stockCode=002881&announcementId=1205120393&orgId=9900032572&announcementTime=2018-07-04 00:00:00
美格智能,002881,002881,美格智能,关于聘任公司高级管理人员的公告,2018-07-04 00:00:00,http://www.cninfo.com.cn/new/disclosure/detail?stockCode=002881&announcementId=1205120392&orgId=9900032572&announcementTime=2018-07-04 00:00:00
美格智能,002881,002881,美格智能,关于完成公司监事会换届选举的公告,2018-07-04 00:00:00,http://www.cninfo.com.cn/new/disclosure/detail?stockCode=002881&announcementId=1205120391&orgId=9900032572&announcementTime=2018-07-04 00:00:00
美格智能,002881,002881,美格智能,关于完成公司董事会换届选举的公告,2018-07-04 00:00:00,http://www.cninfo.com.cn/new/disclosure/detail?stockCode=002881&announcementId=1205120390&orgId=9900032572&announcementTime=2018-07-04 00:00:00
美格智能,002881,002881,美格智能,第二届监事会第一次会议决议公告,2018-07-04 00:00:00,http://www.cninfo.com.cn/new/disclosure/detail?stockCode=002881&announcementId=1205120389&orgId=9900032572&announcementTime=2018-07-04 00:00:00
美格智能,002881,002881,美格智能,独立董事关于第二届董事会第一次会议相关事项的独立意见,2018-07-04 00:00:00,http://www.cninfo.com.cn/new/disclosure/detail?stockCode=002881&announcementId=1205120388&orgId=9900032572&announcementTime=2018-07-04 00:00:00
美格智能,002881,002881,美格智能,第二届董事会第一次会议决议公告,2018-07-04 00:00:00,http://www.cninfo.com.cn/new/disclosure/detail?stockCode=002881&announcementId=1205120387&orgId=9900032572&announcementTime=2018-07-04 00:00:00
美格智能,002881,002881,美格智能,2018年第二次临时股东大会之法律意见书,2018-07-04 00:00:00,http://www.cninfo.com.cn/new/disclosure/detail?stockCode=002881&announcementId=1205120386&orgId=9900032572&announcementTime=2018-07-04 00:00:00
美格智能,002881,002881,美格智能,2018年第二次临时股东大会决议公告,2018-07-04 00:00:00,http://www.cninfo.com.cn/new/disclosure/detail?stockCode=002881&announcementId=1205120385&orgId=9900032572&announcementTime=2018-07-04 00:00:00
美格智能,002881,002881,美格智能,关于监事会换届选举的公告,2018-06-16 00:00:00,http://www.cninfo.com.cn/new/disclosure/detail?stockCode=002881&announcementId=1205064684&orgId=9900032572&announcementTime=2018-06-16 00:00:00
美格智能,002881,002881,美格智能,公司章程（2018年6月）,2018-06-16 00:00:00,http://www.cninfo.com.cn/new/disclosure/detail?stockCode=002881&announcementId=1205064683&orgId=9900032572&announcementTime=2018-06-16 00:00:00
美格智能,002881,002881,美格智能,关于召开2018年第二次临时股东大会的通知,2018-06-16 00:00:00,http://www.cninfo.com.cn/new/disclosure/detail?stockCode=002881&announcementId=1205064682&orgId=9900032572&announcementTime=2018-06-16 00:00:00
美格智能,002881,002881,美格智能,关于修订《公司章程》的公告,2018-06-16 00:00:00,http://www.cninfo.com.cn/new/disclosure/detail?stockCode=002881&announcementId=1205064681&orgId=9900032572&announcementTime=2018-06-16 00:00:00
美格智能,002881,002881,美格智能,第二届董事会独立董事提名人声明（三）,2018-06-16 00:00:00,http://www.cninfo.com.cn/new/disclosure/detail?stockCode=002881&announcementId=1205064680&orgId=9900032572&announcementTime=2018-06-16 00:00:00
美格智能,002881,002881,美格智能,第二届董事会独立董事提名人声明（二）,2018-06-16 00:00:00,http://www.cninfo.com.cn/new/disclosure/detail?stockCode=002881&announcementId=1205064679&orgId=9900032572&announcementTime=2018-06-16 00:00:00
美格智能,002881,002881,美格智能,第二届董事会独立董事提名人声明（一）,2018-06-16 00:00:00,http://www.cninfo.com.cn/new/disclosure/detail?stockCode=002881&announcementId=1205064678&orgId=9900032572&announcementTime=2018-06-16 00:00:00
美格智能,002881,002881,美格智能,第二届董事会独立董事候选人声明（夏成才）,2018-06-16 00:00:00,http://www.cninfo.com.cn/new/disclosure/detail?stockCode=002881&announcementId=1205064677&orgId=9900032572&announcementTime=2018-06-16 00:00:00
美格智能,002881,002881,美格智能,第二届董事会独立董事候选人声明（黄力）,2018-06-16 00:00:00,http://www.cninfo.com.cn/new/disclosure/detail?stockCode=002881&announcementId=1205064676&orgId=9900032572&announcementTime=2018-06-16 00:00:00
美格智能,002881,002881,美格智能,第二届董事会独立董事候选人声明（黄晖）,2018-06-16 00:00:00,http://www.cninfo.com.cn/new/disclosure/detail?stockCode=002881&announcementId=1205064675&orgId=9900032572&announcementTime=2018-06-16 00:00:00
美格智能,002881,002881,美格智能,关于选举职工代表监事的公告,2018-06-16 00:00:00,http://www.cninfo.com.cn/new/disclosure/detail?stockCode=002881&announcementId=1205064674&orgId=9900032572&announcementTime=2018-06-16 00:00:00
美格智能,002881,002881,美格智能,关于董事会换届选举的公告,2018-06-16 00:00:00,http://www.cninfo.com.cn/new/disclosure/detail?stockCode=002881&announcementId=1205064673&orgId=9900032572&announcementTime=2018-06-16 00:00:00
美格智能,002881,002881,美格智能,第一届监事会第十二次会议决议公告,2018-06-16 00:00:00,http://www.cninfo.com.cn/new/disclosure/detail?stockCode=002881&announcementId=1205064672&orgId=9900032572&announcementTime=2018-06-16 00:00:00
美格智能,002881,002881,美格智能,独立董事关于第一届董事会第二十六次会议相关事项的独立意见,2018-06-16 00:00:00,http://www.cninfo.com.cn/new/disclosure/detail?stockCode=002881&announcementId=1205064671&orgId=9900032572&announcementTime=2018-06-16 00:00:00
美格智能,002881,002881,美格智能,第一届董事会第二十六次会议决议公告,2018-06-16 00:00:00,http://www.cninfo.com.cn/new/disclosure/detail?stockCode=002881&announcementId=1205064670&orgId=9900032572&announcementTime=2018-06-16 00:00:00
美格智能,002881,002881,美格智能,2017年年度权益分派实施公告,2018-05-29 00:00:00,http://www.cninfo.com.cn/new/disclosure/detail?stockCode=002881&announcementId=1205010112&orgId=9900032572&announcementTime=2018-05-29 00:00:00
美格智能,002881,002881,美格智能,关于使用部分暂时闲置募集资金进行现金管理进展的公告,2018-05-23 00:00:00,http://www.cninfo.com.cn/new/disclosure/detail?stockCode=002881&announcementId=1204982945&orgId=9900032572&announcementTime=2018-05-23 00:00:00
美格智能,002881,002881,美格智能,2017年度股东大会之法律意见书,2018-05-19 00:00:00,http://www.cninfo.com.cn/new/disclosure/detail?stockCode=002881&announcementId=1204974730&orgId=9900032572&announcementTime=2018-05-19 00:00:00
美格智能,002881,002881,美格智能,2017年年度股东大会决议公告,2018-05-19 00:00:00,http://www.cninfo.com.cn/new/disclosure/detail?stockCode=002881&announcementId=1204974729&orgId=9900032572&announcementTime=2018-05-19 00:00:00
美格智能,002881,002881,美格智能,关于召开2017年年度股东大会的提示性公告,2018-05-16 00:00:00,http://www.cninfo.com.cn/new/disclosure/detail?stockCode=002881&announcementId=1204946241&orgId=9900032572&announcementTime=2018-05-16 00:00:00
美格智能,002881,002881,美格智能,关于董事会、监事会延期换届的提示性公告,2018-05-05 00:00:00,http://www.cninfo.com.cn/new/disclosure/detail?stockCode=002881&announcementId=1204908457&orgId=9900032572&announcementTime=2018-05-05 00:00:00
美格智能,002881,002881,美格智能,2017年度监事会工作报告,2018-04-27 00:00:00,http://www.cninfo.com.cn/new/disclosure/detail?stockCode=002881&announcementId=1204803867&orgId=9900032572&announcementTime=2018-04-27 00:00:00
美格智能,002881,002881,美格智能,2018年第一季度报告全文,2018-04-27 00:00:00,http://www.cninfo.com.cn/new/disclosure/detail?stockCode=002881&announcementId=1204802029&orgId=9900032572&announcementTime=2018-04-27 00:00:00
美格智能,002881,002881,美格智能,2018年第一季度报告正文,2018-04-27 00:00:00,http://www.cninfo.com.cn/new/disclosure/detail?stockCode=002881&announcementId=1204802028&orgId=9900032572&announcementTime=2018-04-27 00:00:00
美格智能,002881,002881,美格智能,第一届董事会第二十五次会议决议公告,2018-04-27 00:00:00,http://www.cninfo.com.cn/new/disclosure/detail?stockCode=002881&announcementId=1204802027&orgId=9900032572&announcementTime=2018-04-27 00:00:00
美格智能,002881,002881,美格智能,2017年年度报告摘要,2018-04-27 00:00:00,http://www.cninfo.com.cn/new/disclosure/detail?stockCode=002881&announcementId=1204802026&orgId=9900032572&announcementTime=2018-04-27 00:00:00
美格智能,002881,002881,美格智能,公司章程（2018年4月）,2018-04-27 00:00:00,http://www.cninfo.com.cn/new/disclosure/detail?stockCode=002881&announcementId=1204802025&orgId=9900032572&announcementTime=2018-04-27 00:00:00
美格智能,002881,002881,美格智能,公司章程修订对照表,2018-04-27 00:00:00,http://www.cninfo.com.cn/new/disclosure/detail?stockCode=002881&announcementId=1204802024&orgId=9900032572&announcementTime=2018-04-27 00:00:00
美格智能,002881,002881,美格智能,关于举行2017年年度报告网上说明会的公告,2018-04-27 00:00:00,http://www.cninfo.com.cn/new/disclosure/detail?stockCode=002881&announcementId=1204802023&orgId=9900032572&announcementTime=2018-04-27 00:00:00
美格智能,002881,002881,美格智能,关于会计政策变更的公告,2018-04-27 00:00:00,http://www.cninfo.com.cn/new/disclosure/detail?stockCode=002881&announcementId=1204802022&orgId=9900032572&announcementTime=2018-04-27 00:00:00
美格智能,002881,002881,美格智能,内部控制规则落实自查表,2018-04-27 00:00:00,http://www.cninfo.com.cn/new/disclosure/detail?stockCode=002881&announcementId=1204802021&orgId=9900032572&announcementTime=2018-04-27 00:00:00
美格智能,002881,002881,美格智能,2017年度内部控制自我评价报告,2018-04-27 00:00:00,http://www.cninfo.com.cn/new/disclosure/detail?stockCode=002881&announcementId=1204802020&orgId=9900032572&announcementTime=2018-04-27 00:00:00
美格智能,002881,002881,美格智能,关于2018年度日常关联交易预计的公告,2018-04-27 00:00:00,http://www.cninfo.com.cn/new/disclosure/detail?stockCode=002881&announcementId=1204802019&orgId=9900032572&announcementTime=2018-04-27 00:00:00
美格智能,002881,002881,美格智能,关于使用部分暂时闲置募集资金进行现金管理的公告,2018-04-27 00:00:00,http://www.cninfo.com.cn/new/disclosure/detail?stockCode=002881&announcementId=1204802018&orgId=9900032572&announcementTime=2018-04-27 00:00:00
美格智能,002881,002881,美格智能,关于2017年度利润分配及资本公积金转增股本预案的公告,2018-04-27 00:00:00,http://www.cninfo.com.cn/new/disclosure/detail?stockCode=002881&announcementId=1204802017&orgId=9900032572&announcementTime=2018-04-27 00:00:00
美格智能,002881,002881,美格智能,东莞证券股份有限公司关于公司使用部分暂时闲置募集资金进行现金管理的核查意见,2018-04-27 00:00:00,http://www.cninfo.com.cn/new/disclosure/detail?stockCode=002881&announcementId=1204802016&orgId=9900032572&announcementTime=2018-04-27 00:00:00
美格智能,002881,002881,美格智能,东莞证券股份有限公司关于公司2018年度日常关联交易预计的核查意见,2018-04-27 00:00:00,http://www.cninfo.com.cn/new/disclosure/detail?stockCode=002881&announcementId=1204802015&orgId=9900032572&announcementTime=2018-04-27 00:00:00
美格智能,002881,002881,美格智能,东莞证券股份有限公司关于公司2017年度内部控制自我评价报告的核查意见,2018-04-27 00:00:00,http://www.cninfo.com.cn/new/disclosure/detail?stockCode=002881&announcementId=1204802014&orgId=9900032572&announcementTime=2018-04-27 00:00:00
美格智能,002881,002881,美格智能,东莞证券股份有限公司关于公司2017年度内部控制规则落实自查表的核查意见,2018-04-27 00:00:00,http://www.cninfo.com.cn/new/disclosure/detail?stockCode=002881&announcementId=1204802013&orgId=9900032572&announcementTime=2018-04-27 00:00:00
美格智能,002881,002881,美格智能,东莞证券股份有限公司关于公司2017年度募集资金存放与使用情况之专项核查意见,2018-04-27 00:00:00,http://www.cninfo.com.cn/new/disclosure/detail?stockCode=002881&announcementId=1204802012&orgId=9900032572&announcementTime=2018-04-27 00:00:00
美格智能,002881,002881,美格智能,东莞证券股份有限公司关于公司2017年度保荐工作报告,2018-04-27 00:00:00,http://www.cninfo.com.cn/new/disclosure/detail?stockCode=002881&announcementId=1204802011&orgId=9900032572&announcementTime=2018-04-27 00:00:00
美格智能,002881,002881,美格智能,2017年度内部控制自我评价报告,2018-04-27 00:00:00,http://www.cninfo.com.cn/new/disclosure/detail?stockCode=002881&announcementId=1204802010&orgId=9900032572&announcementTime=2018-04-27 00:00:00
美格智能,002881,002881,美格智能,独立董事关于第一届董事会第二十五次会议相关事项的事前认可意见,2018-04-27 00:00:00,http://www.cninfo.com.cn/new/disclosure/detail?stockCode=002881&announcementId=1204802009&orgId=9900032572&announcementTime=2018-04-27 00:00:00
美格智能,002881,002881,美格智能,独立董事关于第一届董事会第二十五次会议相关事项的独立意见,2018-04-27 00:00:00,http://www.cninfo.com.cn/new/disclosure/detail?stockCode=002881&announcementId=1204802008&orgId=9900032572&announcementTime=2018-04-27 00:00:00
美格智能,002881,002881,美格智能,独立董事夏成才2017年度述职报告,2018-04-27 00:00:00,http://www.cninfo.com.cn/new/disclosure/detail?stockCode=002881&announcementId=1204802007&orgId=9900032572&announcementTime=2018-04-27 00:00:00
美格智能,002881,002881,美格智能,独立董事黄力2017年度述职报告,2018-04-27 00:00:00,http://www.cninfo.com.cn/new/disclosure/detail?stockCode=002881&announcementId=1204802006&orgId=9900032572&announcementTime=2018-04-27 00:00:00
美格智能,002881,002881,美格智能,独立董事黄晖2017年度述职报告,2018-04-27 00:00:00,http://www.cninfo.com.cn/new/disclosure/detail?stockCode=002881&announcementId=1204802005&orgId=9900032572&announcementTime=2018-04-27 00:00:00
美格智能,002881,002881,美格智能,募集资金年度存放与使用情况鉴证报告,2018-04-27 00:00:00,http://www.cninfo.com.cn/new/disclosure/detail?stockCode=002881&announcementId=1204802004&orgId=9900032572&announcementTime=2018-04-27 00:00:00
美格智能,002881,002881,美格智能,2017年年度募集资金存放与使用情况专项报告,2018-04-27 00:00:00,http://www.cninfo.com.cn/new/disclosure/detail?stockCode=002881&announcementId=1204802003&orgId=9900032572&announcementTime=2018-04-27 00:00:00
美格智能,002881,002881,美格智能,关于对公司控股股东及其他关联方占用资金情况的专项审计说明,2018-04-27 00:00:00,http://www.cninfo.com.cn/new/disclosure/detail?stockCode=002881&announcementId=1204802002&orgId=9900032572&announcementTime=2018-04-27 00:00:00
美格智能,002881,002881,美格智能,第一届监事会第十一次会议决议公告,2018-04-27 00:00:00,http://www.cninfo.com.cn/new/disclosure/detail?stockCode=002881&announcementId=1204802001&orgId=9900032572&announcementTime=2018-04-27 00:00:00
美格智能,002881,002881,美格智能,关于召开2017年年度股东大会的通知,2018-04-27 00:00:00,http://www.cninfo.com.cn/new/disclosure/detail?stockCode=002881&announcementId=1204802000&orgId=9900032572&announcementTime=2018-04-27 00:00:00
美格智能,002881,002881,美格智能,2017年年度审计报告,2018-04-27 00:00:00,http://www.cninfo.com.cn/new/disclosure/detail?stockCode=002881&announcementId=1204801999&orgId=9900032572&announcementTime=2018-04-27 00:00:00
美格智能,002881,002881,美格智能,2017年年度报告,2018-04-27 00:00:00,http://www.cninfo.com.cn/new/disclosure/detail?stockCode=002881&announcementId=1204801998&orgId=9900032572&announcementTime=2018-04-27 00:00:00
美格智能,002881,002881,美格智能,关于使用部分暂时闲置募集资金购买银行理财产品进展的公告,2018-04-21 00:00:00,http://www.cninfo.com.cn/new/disclosure/detail?stockCode=002881&announcementId=1204679463&orgId=9900032572&announcementTime=2018-04-21 00:00:00
美格智能,002881,002881,美格智能,股票交易异常波动公告,2018-03-29 00:00:00,http://www.cninfo.com.cn/new/disclosure/detail?stockCode=002881&announcementId=1204534419&orgId=9900032572&announcementTime=2018-03-29 00:00:00
美格智能,002881,002881,美格智能,关于全资子公司注册成立的公告,2018-03-29 00:00:00,http://www.cninfo.com.cn/new/disclosure/detail?stockCode=002881&announcementId=1204534418&orgId=9900032572&announcementTime=2018-03-29 00:00:00
美格智能,002881,002881,美格智能,2017年度业绩快报,2018-02-27 00:00:00,http://www.cninfo.com.cn/new/disclosure/detail?stockCode=002881&announcementId=1204432376&orgId=9900032572&announcementTime=2018-02-27 00:00:00
美格智能,002881,002881,美格智能,东莞证券股份有限公司关于公司持续督导现场培训报告,2018-02-08 00:00:00,http://www.cninfo.com.cn/new/disclosure/detail?stockCode=002881&announcementId=1204401892&orgId=9900032572&announcementTime=2018-02-08 00:00:00
美格智能,002881,002881,美格智能,东莞证券股份有限公司关于公司持续督导定期现场核查报告,2018-02-08 00:00:00,http://www.cninfo.com.cn/new/disclosure/detail?stockCode=002881&announcementId=1204401891&orgId=9900032572&announcementTime=2018-02-08 00:00:00
美格智能,002881,002881,美格智能,关于使用部分暂时闲置募集资金购买银行理财产品进展的公告,2018-02-08 00:00:00,http://www.cninfo.com.cn/new/disclosure/detail?stockCode=002881&announcementId=1204401890&orgId=9900032572&announcementTime=2018-02-08 00:00:00
美格智能,002881,002881,美格智能,关于全资子公司获得高新技术企业证书的公告,2018-02-08 00:00:00,http://www.cninfo.com.cn/new/disclosure/detail?stockCode=002881&announcementId=1204401889&orgId=9900032572&announcementTime=2018-02-08 00:00:00
美格智能,002881,002881,美格智能,关于使用部分暂时闲置募集资金购买银行理财产品进展的公告,2018-02-02 00:00:00,http://www.cninfo.com.cn/new/disclosure/detail?stockCode=002881&announcementId=1204387053&orgId=9900032572&announcementTime=2018-02-02 00:00:00
美格智能,002881,002881,美格智能,关于在上海设立全资子公司并注销上海分公司的公告,2018-02-01 00:00:00,http://www.cninfo.com.cn/new/disclosure/detail?stockCode=002881&announcementId=1204379945&orgId=9900032572&announcementTime=2018-02-01 00:00:00
美格智能,002881,002881,美格智能,关于证券事务代表辞职的公告,2018-02-01 00:00:00,http://www.cninfo.com.cn/new/disclosure/detail?stockCode=002881&announcementId=1204379944&orgId=9900032572&announcementTime=2018-02-01 00:00:00
美格智能,002881,002881,美格智能,关于董事、董事会秘书辞职及聘任公司副总经理、董事会秘书的公告,2018-02-01 00:00:00,http://www.cninfo.com.cn/new/disclosure/detail?stockCode=002881&announcementId=1204379943&orgId=9900032572&announcementTime=2018-02-01 00:00:00
美格智能,002881,002881,美格智能,独立董事关于聘任公司副总经理、董事会秘书的独立意见,2018-02-01 00:00:00,http://www.cninfo.com.cn/new/disclosure/detail?stockCode=002881&announcementId=1204379942&orgId=9900032572&announcementTime=2018-02-01 00:00:00
美格智能,002881,002881,美格智能,第一届董事会第二十四次会议决议公告,2018-02-01 00:00:00,http://www.cninfo.com.cn/new/disclosure/detail?stockCode=002881&announcementId=1204379941&orgId=9900032572&announcementTime=2018-02-01 00:00:00
美格智能,002881,002881,美格智能,2018年第一次临时股东大会之法律意见书,2018-01-20 00:00:00,http://www.cninfo.com.cn/new/disclosure/detail?stockCode=002881&announcementId=1204348045&orgId=9900032572&announcementTime=2018-01-20 00:00:00
美格智能,002881,002881,美格智能,2018年第一次临时股东大会决议公告,2018-01-20 00:00:00,http://www.cninfo.com.cn/new/disclosure/detail?stockCode=002881&announcementId=1204348044&orgId=9900032572&announcementTime=2018-01-20 00:00:00
美格智能,002881,002881,美格智能,关于使用部分暂时闲置募集资金购买银行理财产品的公告,2018-01-13 00:00:00,http://www.cninfo.com.cn/new/disclosure/detail?stockCode=002881&announcementId=1204327433&orgId=9900032572&announcementTime=2018-01-13 00:00:00
美格智能,002881,002881,美格智能,关于召开2018年第一次临时股东大会的通知,2017-12-30 00:00:00,http://www.cninfo.com.cn/new/disclosure/detail?stockCode=002881&announcementId=1204290549&orgId=9900032572&announcementTime=2017-12-30 00:00:00
美格智能,002881,002881,美格智能,第一届监事会第十次会议决议公告,2017-12-30 00:00:00,http://www.cninfo.com.cn/new/disclosure/detail?stockCode=002881&announcementId=1204290548&orgId=9900032572&announcementTime=2017-12-30 00:00:00
美格智能,002881,002881,美格智能,第一届董事会第二十三次会议决议公告,2017-12-30 00:00:00,http://www.cninfo.com.cn/new/disclosure/detail?stockCode=002881&announcementId=1204290547&orgId=9900032572&announcementTime=2017-12-30 00:00:00
美格智能,002881,002881,美格智能,关于公司名称变更完成的公告,2017-12-08 00:00:00,http://www.cninfo.com.cn/new/disclosure/detail?stockCode=002881&announcementId=1204200278&orgId=9900032572&announcementTime=2017-12-08 00:00:00
美格智能,002881,002881,美格智能,2017年第二次临时股东大会之法律意见书,2017-11-24 00:00:00,http://www.cninfo.com.cn/new/disclosure/detail?stockCode=002881&announcementId=1204164059&orgId=9900032572&announcementTime=2017-11-24 00:00:00
美格智能,002881,002881,美格智能,2017年第二次临时股东大会决议公告,2017-11-24 00:00:00,http://www.cninfo.com.cn/new/disclosure/detail?stockCode=002881&announcementId=1204164058&orgId=9900032572&announcementTime=2017-11-24 00:00:00
美格智能,002881,002881,美格智能,关于公司控股股东股份质押的公告,2017-11-18 00:00:00,http://www.cninfo.com.cn/new/disclosure/detail?stockCode=002881&announcementId=1204150601&orgId=9900032572&announcementTime=2017-11-18 00:00:00
美格智能,002881,002881,美格智能,关于公司股东股份质押的公告,2017-11-10 11:41:34,http://www.cninfo.com.cn/new/disclosure/detail?stockCode=002881&announcementId=1204131139&orgId=9900032572&announcementTime=2017-11-10 11:41:34
美格智能,002881,002881,美格智能,关于使用部分暂时闲置募集资金购买银行理财产品的公告,2017-11-09 00:00:00,http://www.cninfo.com.cn/new/disclosure/detail?stockCode=002881&announcementId=1204125668&orgId=9900032572&announcementTime=2017-11-09 00:00:00
美格智能,002881,002881,美格智能,关于召开2017年第二次临时股东大会的通知,2017-11-07 00:00:00,http://www.cninfo.com.cn/new/disclosure/detail?stockCode=002881&announcementId=1204117988&orgId=9900032572&announcementTime=2017-11-07 00:00:00
美格智能,002881,002881,美格智能,关于拟变更公司名称及对应修订《公司章程》的公告,2017-11-07 00:00:00,http://www.cninfo.com.cn/new/disclosure/detail?stockCode=002881&announcementId=1204117987&orgId=9900032572&announcementTime=2017-11-07 00:00:00
美格智能,002881,002881,美格智能,关于监事辞职及补选监事的公告,2017-11-07 00:00:00,http://www.cninfo.com.cn/new/disclosure/detail?stockCode=002881&announcementId=1204117986&orgId=9900032572&announcementTime=2017-11-07 00:00:00
美格智能,002881,002881,美格智能,第一届董事会第二十二次会议决议公告,2017-11-07 00:00:00,http://www.cninfo.com.cn/new/disclosure/detail?stockCode=002881&announcementId=1204117984&orgId=9900032572&announcementTime=2017-11-07 00:00:00
美格智能,002881,002881,美格智能,会计师事务所选聘制度（2017年11月）,2017-11-07 00:00:00,http://www.cninfo.com.cn/new/disclosure/detail?stockCode=002881&announcementId=1204117979&orgId=9900032572&announcementTime=2017-11-07 00:00:00
美格智能,002881,002881,美格智能,独立董事关于第一届董事会第二十二次会议相关事项的独立意见,2017-11-07 00:00:00,http://www.cninfo.com.cn/new/disclosure/detail?stockCode=002881&announcementId=1204117976&orgId=9900032572&announcementTime=2017-11-07 00:00:00
美格智能,002881,002881,美格智能,关于调整独立董事津贴的公告,2017-11-07 00:00:00,http://www.cninfo.com.cn/new/disclosure/detail?stockCode=002881&announcementId=1204117972&orgId=9900032572&announcementTime=2017-11-07 00:00:00
美格智能,002881,002881,美格智能,公司章程（2017年11月）,2017-11-07 00:00:00,http://www.cninfo.com.cn/new/disclosure/detail?stockCode=002881&announcementId=1204117971&orgId=9900032572&announcementTime=2017-11-07 00:00:00
美格智能,002881,002881,美格智能,公司章程修订对照表,2017-11-07 00:00:00,http://www.cninfo.com.cn/new/disclosure/detail?stockCode=002881&announcementId=1204117970&orgId=9900032572&announcementTime=2017-11-07 00:00:00
美格智能,002881,002881,美格智能,第一届监事会第九次会议决议公告,2017-11-07 00:00:00,http://www.cninfo.com.cn/new/disclosure/detail?stockCode=002881&announcementId=1204117966&orgId=9900032572&announcementTime=2017-11-07 00:00:00
美格智能,002881,002881,美格智能,年报信息披露重大差错责任追究制度（2017年10月）,2017-10-24 00:00:00,http://www.cninfo.com.cn/new/disclosure/detail?stockCode=002881&announcementId=1204061678&orgId=9900032572&announcementTime=2017-10-24 00:00:00
美格智能,002881,002881,美格智能,外部信息报送和使用管理制度（2017年10月）,2017-10-24 00:00:00,http://www.cninfo.com.cn/new/disclosure/detail?stockCode=002881&announcementId=1204061677&orgId=9900032572&announcementTime=2017-10-24 00:00:00
美格智能,002881,002881,美格智能,董事会审计委员会年报工作规程（2017年10月）,2017-10-24 00:00:00,http://www.cninfo.com.cn/new/disclosure/detail?stockCode=002881&announcementId=1204061676&orgId=9900032572&announcementTime=2017-10-24 00:00:00
美格智能,002881,002881,美格智能,独立董事年报工作制度（2017年10月）,2017-10-24 00:00:00,http://www.cninfo.com.cn/new/disclosure/detail?stockCode=002881&announcementId=1204061675&orgId=9900032572&announcementTime=2017-10-24 00:00:00
美格智能,002881,002881,美格智能,第一届监事会第八次会议决议公告,2017-10-24 00:00:00,http://www.cninfo.com.cn/new/disclosure/detail?stockCode=002881&announcementId=1204061674&orgId=9900032572&announcementTime=2017-10-24 00:00:00
美格智能,002881,002881,美格智能,第一届董事会第二十一次会议决议公告,2017-10-24 00:00:00,http://www.cninfo.com.cn/new/disclosure/detail?stockCode=002881&announcementId=1204061673&orgId=9900032572&announcementTime=2017-10-24 00:00:00
美格智能,002881,002881,美格智能,2017年第三季度报告全文,2017-10-24 00:00:00,http://www.cninfo.com.cn/new/disclosure/detail?stockCode=002881&announcementId=1204061672&orgId=9900032572&announcementTime=2017-10-24 00:00:00
美格智能,002881,002881,美格智能,2017年第三季度报告正文,2017-10-24 00:00:00,http://www.cninfo.com.cn/new/disclosure/detail?stockCode=002881&announcementId=1204061671&orgId=9900032572&announcementTime=2017-10-24 00:00:00
美格智能,002881,002881,美格智能,股票交易异常波动公告,2017-09-26 00:00:00,http://www.cninfo.com.cn/new/disclosure/detail?stockCode=002881&announcementId=1203999760&orgId=9900032572&announcementTime=2017-09-26 00:00:00
美格智能,002881,002881,美格智能,关于签订募集资金三方监管协议的公告,2017-09-07 00:00:00,http://www.cninfo.com.cn/new/disclosure/detail?stockCode=002881&announcementId=1203948587&orgId=9900032572&announcementTime=2017-09-07 00:00:00
美格智能,002881,002881,美格智能,2017年半年度报告,2017-08-25 00:00:00,http://www.cninfo.com.cn/new/disclosure/detail?stockCode=002881&announcementId=1203865272&orgId=9900032572&announcementTime=2017-08-25 00:00:00
美格智能,002881,002881,美格智能,2017年半年度报告摘要,2017-08-25 00:00:00,http://www.cninfo.com.cn/new/disclosure/detail?stockCode=002881&announcementId=1203865271&orgId=9900032572&announcementTime=2017-08-25 00:00:00
美格智能,002881,002881,美格智能,关于向银行申请授信额度及关联方为公司提供担保事项的公告,2017-08-25 00:00:00,http://www.cninfo.com.cn/new/disclosure/detail?stockCode=002881&announcementId=1203865270&orgId=9900032572&announcementTime=2017-08-25 00:00:00
美格智能,002881,002881,美格智能,第一届监事会第七次会议决议公告,2017-08-25 00:00:00,http://www.cninfo.com.cn/new/disclosure/detail?stockCode=002881&announcementId=1203865269&orgId=9900032572&announcementTime=2017-08-25 00:00:00
美格智能,002881,002881,美格智能,第一届董事会第二十次会议决议公告,2017-08-25 00:00:00,http://www.cninfo.com.cn/new/disclosure/detail?stockCode=002881&announcementId=1203865268&orgId=9900032572&announcementTime=2017-08-25 00:00:00
美格智能,002881,002881,美格智能,独立董事关于2017年半年报相关事项的独立意见,2017-08-25 00:00:00,http://www.cninfo.com.cn/new/disclosure/detail?stockCode=002881&announcementId=1203865267&orgId=9900032572&announcementTime=2017-08-25 00:00:00
美格智能,002881,002881,美格智能,东莞证券股份有限公司关于公司募集资金投资项目增加实施主体及实施地点的核查意见,2017-08-25 00:00:00,http://www.cninfo.com.cn/new/disclosure/detail?stockCode=002881&announcementId=1203865266&orgId=9900032572&announcementTime=2017-08-25 00:00:00
美格智能,002881,002881,美格智能,东莞证券股份有限公司关于公司以募集资金置换预先投入自筹资金的核查意见,2017-08-25 00:00:00,http://www.cninfo.com.cn/new/disclosure/detail?stockCode=002881&announcementId=1203865265&orgId=9900032572&announcementTime=2017-08-25 00:00:00
美格智能,002881,002881,美格智能,东莞证券股份有限公司关于公司关联方为公司申请授信额度提供担保暨关联交易的核查意见,2017-08-25 00:00:00,http://www.cninfo.com.cn/new/disclosure/detail?stockCode=002881&announcementId=1203865264&orgId=9900032572&announcementTime=2017-08-25 00:00:00
美格智能,002881,002881,美格智能,东莞证券股份有限公司关于公司2017年半年度募集资金存放与使用情况之专项核查意见,2017-08-25 00:00:00,http://www.cninfo.com.cn/new/disclosure/detail?stockCode=002881&announcementId=1203865263&orgId=9900032572&announcementTime=2017-08-25 00:00:00
美格智能,002881,002881,美格智能,关于增加部分募集资金投资项目实施主体和实施地点的公告,2017-08-25 00:00:00,http://www.cninfo.com.cn/new/disclosure/detail?stockCode=002881&announcementId=1203865262&orgId=9900032572&announcementTime=2017-08-25 00:00:00
美格智能,002881,002881,美格智能,关于使用募集资金置换先期投入募投项目自筹资金的公告,2017-08-25 00:00:00,http://www.cninfo.com.cn/new/disclosure/detail?stockCode=002881&announcementId=1203865261&orgId=9900032572&announcementTime=2017-08-25 00:00:00
美格智能,002881,002881,美格智能,关于会计政策变更事项的公告,2017-08-25 00:00:00,http://www.cninfo.com.cn/new/disclosure/detail?stockCode=002881&announcementId=1203865260&orgId=9900032572&announcementTime=2017-08-25 00:00:00
美格智能,002881,002881,美格智能,2017年半年度募集资金存放与使用情况专项报告,2017-08-25 00:00:00,http://www.cninfo.com.cn/new/disclosure/detail?stockCode=002881&announcementId=1203865259&orgId=9900032572&announcementTime=2017-08-25 00:00:00
美格智能,002881,002881,美格智能,2017年半年度财务报告,2017-08-25 00:00:00,http://www.cninfo.com.cn/new/disclosure/detail?stockCode=002881&announcementId=1203865258&orgId=9900032572&announcementTime=2017-08-25 00:00:00
美格智能,002881,002881,美格智能,关于公司完成工商变更登记的公告,2017-08-08 00:00:00,http://www.cninfo.com.cn/new/disclosure/detail?stockCode=002881&announcementId=1203770850&orgId=9900032572&announcementTime=2017-08-08 00:00:00
美格智能,002881,002881,美格智能,关于使用部分暂时闲置募集资金进行现金管理进展的公告,2017-08-02 11:40:25,http://www.cninfo.com.cn/new/disclosure/detail?stockCode=002881&announcementId=1203757249&orgId=9900032572&announcementTime=2017-08-02 11:40:25
美格智能,002881,002881,美格智能,2017年第一次临时股东大会决议公告,2017-07-27 00:00:00,http://www.cninfo.com.cn/new/disclosure/detail?stockCode=002881&announcementId=1203736828&orgId=9900032572&announcementTime=2017-07-27 00:00:00
美格智能,002881,002881,美格智能,2017年第一次临时股东大会之法律意见书,2017-07-27 00:00:00,http://www.cninfo.com.cn/new/disclosure/detail?stockCode=002881&announcementId=1203736827&orgId=9900032572&announcementTime=2017-07-27 00:00:00
美格智能,002881,002881,美格智能,股票交易异常波动公告,2017-07-10 00:00:00,http://www.cninfo.com.cn/new/disclosure/detail?stockCode=002881&announcementId=1203690338&orgId=9900032572&announcementTime=2017-07-10 00:00:00
美格智能,002881,002881,美格智能,东莞证券股份有限公司关于公司使用部分暂时闲置募集资金进行现金管理的核查意见,2017-07-10 00:00:00,http://www.cninfo.com.cn/new/disclosure/detail?stockCode=002881&announcementId=1203690337&orgId=9900032572&announcementTime=2017-07-10 00:00:00
美格智能,002881,002881,美格智能,内幕信息知情人登记管理制度（2017年7月）,2017-07-10 00:00:00,http://www.cninfo.com.cn/new/disclosure/detail?stockCode=002881&announcementId=1203690336&orgId=9900032572&announcementTime=2017-07-10 00:00:00
美格智能,002881,002881,美格智能,内部审计制度（2017年7月）,2017-07-10 00:00:00,http://www.cninfo.com.cn/new/disclosure/detail?stockCode=002881&announcementId=1203690335&orgId=9900032572&announcementTime=2017-07-10 00:00:00
美格智能,002881,002881,美格智能,独立董事关于公司使用部分暂时闲置募集资金进行现金管理之独立意见,2017-07-10 00:00:00,http://www.cninfo.com.cn/new/disclosure/detail?stockCode=002881&announcementId=1203690334&orgId=9900032572&announcementTime=2017-07-10 00:00:00
美格智能,002881,002881,美格智能,关于召开2017年第一次临时股东大会的通知,2017-07-10 00:00:00,http://www.cninfo.com.cn/new/disclosure/detail?stockCode=002881&announcementId=1203690333&orgId=9900032572&announcementTime=2017-07-10 00:00:00
美格智能,002881,002881,美格智能,关于使用部分暂时闲置募集资金进行现金管理的公告,2017-07-10 00:00:00,http://www.cninfo.com.cn/new/disclosure/detail?stockCode=002881&announcementId=1203690332&orgId=9900032572&announcementTime=2017-07-10 00:00:00
美格智能,002881,002881,美格智能,第一届监事会第六次会议决议公告,2017-07-10 00:00:00,http://www.cninfo.com.cn/new/disclosure/detail?stockCode=002881&announcementId=1203690331&orgId=9900032572&announcementTime=2017-07-10 00:00:00
美格智能,002881,002881,美格智能,第一届董事会第十九次会议决议公告,2017-07-10 00:00:00,http://www.cninfo.com.cn/new/disclosure/detail?stockCode=002881&announcementId=1203690330&orgId=9900032572&announcementTime=2017-07-10 00:00:00
美格智能,002881,002881,美格智能,董事、监事、高级管理人员持有和买卖本公司股票管理制度（2017年7月）,2017-07-10 00:00:00,http://www.cninfo.com.cn/new/disclosure/detail?stockCode=002881&announcementId=1203690329&orgId=9900032572&announcementTime=2017-07-10 00:00:00
美格智能,002881,002881,美格智能,公司章程修订对照表,2017-07-10 00:00:00,http://www.cninfo.com.cn/new/disclosure/detail?stockCode=002881&announcementId=1203690328&orgId=9900032572&announcementTime=2017-07-10 00:00:00
美格智能,002881,002881,美格智能,公司章程（2017年7月）,2017-07-10 00:00:00,http://www.cninfo.com.cn/new/disclosure/detail?stockCode=002881&announcementId=1203690327&orgId=9900032572&announcementTime=2017-07-10 00:00:00
美格智能,002881,002881,美格智能,关于签订募集资金三方监管协议的公告,2017-07-06 00:00:00,http://www.cninfo.com.cn/new/disclosure/detail?stockCode=002881&announcementId=1203684155&orgId=9900032572&announcementTime=2017-07-06 00:00:00
美格智能,002881,002881,美格智能,股票交易异常波动公告,2017-07-05 00:00:00,http://www.cninfo.com.cn/new/disclosure/detail?stockCode=002881&announcementId=1203682525&orgId=9900032572&announcementTime=2017-07-05 00:00:00
美格智能,002881,002881,美格智能,股票交易异常波动公告,2017-06-30 00:00:00,http://www.cninfo.com.cn/new/disclosure/detail?stockCode=002881&announcementId=1203664241&orgId=9900032572&announcementTime=2017-06-30 00:00:00
美格智能,002881,002881,美格智能,2016年度股东大会决议公告,2017-06-29 00:00:00,http://www.cninfo.com.cn/new/disclosure/detail?stockCode=002881&announcementId=1203660755&orgId=9900032572&announcementTime=2017-06-29 00:00:00
美格智能,002881,002881,美格智能,2016年度股东大会之法律意见书,2017-06-29 00:00:00,http://www.cninfo.com.cn/new/disclosure/detail?stockCode=002881&announcementId=1203660754&orgId=9900032572&announcementTime=2017-06-29 00:00:00
美格智能,002881,002881,美格智能,股票交易异常波动公告,2017-06-28 00:00:00,http://www.cninfo.com.cn/new/disclosure/detail?stockCode=002881&announcementId=1203655147&orgId=9900032572&announcementTime=2017-06-28 00:00:00
美格智能,002881,002881,美格智能,关于召开2016年度股东大会的提示性公告,2017-06-22 00:00:00,http://www.cninfo.com.cn/new/disclosure/detail?stockCode=002881&announcementId=1203638928&orgId=9900032572&announcementTime=2017-06-22 00:00:00
美格智能,002881,002881,美格智能,上市首日风险提示公告,2017-06-22 00:00:00,http://www.cninfo.com.cn/new/disclosure/detail?stockCode=002881&announcementId=1203637739&orgId=9900032572&announcementTime=2017-06-22 00:00:00
美格智能,002881,002881,美格智能,关于召开2016年度股东大会的通知,2017-06-21 00:00:00,http://www.cninfo.com.cn/new/disclosure/detail?stockCode=002881&announcementId=1203634350&orgId=9900032572&announcementTime=2017-06-21 00:00:00
美格智能,002881,002881,美格智能,首次公开发行股票上市公告书,2017-06-21 00:00:00,http://www.cninfo.com.cn/new/disclosure/detail?stockCode=002881&announcementId=1203634266&orgId=9900032572&announcementTime=2017-06-21 00:00:00
美格智能,002881,002881,美格智能,上海市君悦（深圳）律师事务所关于公司首次公开发行股票在深圳证券交易所上市的法律意见书,2017-06-21 00:00:00,http://www.cninfo.com.cn/new/disclosure/detail?stockCode=002881&announcementId=1203634253&orgId=9900032572&announcementTime=2017-06-21 00:00:00
美格智能,002881,002881,美格智能,东莞证券股份有限公司关于公司股票上市保荐书,2017-06-21 00:00:00,http://www.cninfo.com.cn/new/disclosure/detail?stockCode=002881&announcementId=1203634252&orgId=9900032572&announcementTime=2017-06-21 00:00:00
美格智能,002881,002881,美格智能,首次公开发行股票发行结果公告,2017-06-15 00:00:00,http://www.cninfo.com.cn/new/disclosure/detail?stockCode=002881&announcementId=1203615606&orgId=9900032572&announcementTime=2017-06-15 00:00:00
美格智能,002881,002881,美格智能,首次公开发行股票网下发行初步配售结果公告,2017-06-13 00:00:00,http://www.cninfo.com.cn/new/disclosure/detail?stockCode=002881&announcementId=1203610696&orgId=9900032572&announcementTime=2017-06-13 00:00:00
美格智能,002881,002881,美格智能,首次公开发行股票网上中签结果公告,2017-06-13 00:00:00,http://www.cninfo.com.cn/new/disclosure/detail?stockCode=002881&announcementId=1203610687&orgId=9900032572&announcementTime=2017-06-13 00:00:00
美格智能,002881,002881,美格智能,首次公开发行股票网上申购情况及中签率公告,2017-06-12 00:00:00,http://www.cninfo.com.cn/new/disclosure/detail?stockCode=002881&announcementId=1203607260&orgId=9900032572&announcementTime=2017-06-12 00:00:00
美格智能,002881,002881,美格智能,首次公开发行股票并上市发行公告,2017-06-08 00:00:00,http://www.cninfo.com.cn/new/disclosure/detail?stockCode=002881&announcementId=1203599545&orgId=9900032572&announcementTime=2017-06-08 00:00:00
美格智能,002881,002881,美格智能,首次公开发行股票招股说明书摘要,2017-06-08 00:00:00,http://www.cninfo.com.cn/new/disclosure/detail?stockCode=002881&announcementId=1203599544&orgId=9900032572&announcementTime=2017-06-08 00:00:00
美格智能,002881,002881,美格智能,首次公开发行股票招股说明书,2017-06-08 00:00:00,http://www.cninfo.com.cn/new/disclosure/detail?stockCode=002881&announcementId=1203599543&orgId=9900032572&announcementTime=2017-06-08 00:00:00
美格智能,002881,002881,美格智能,首次公开发行股票并上市投资风险特别公告,2017-06-08 00:00:00,http://www.cninfo.com.cn/new/disclosure/detail?stockCode=002881&announcementId=1203599542&orgId=9900032572&announcementTime=2017-06-08 00:00:00
美格智能,002881,002881,美格智能,首次公开发行股票网上路演公告,2017-06-07 00:00:00,http://www.cninfo.com.cn/new/disclosure/detail?stockCode=002881&announcementId=1203595264&orgId=9900032572&announcementTime=2017-06-07 00:00:00
美格智能,002881,002881,美格智能,首次公开发行股票招股意向书摘要,2017-05-31 00:00:00,http://www.cninfo.com.cn/new/disclosure/detail?stockCode=002881&announcementId=1203574333&orgId=9900032572&announcementTime=2017-05-31 00:00:00
美格智能,002881,002881,美格智能,首次公开发行股票招股意向书,2017-05-31 00:00:00,http://www.cninfo.com.cn/new/disclosure/detail?stockCode=002881&announcementId=1203574332&orgId=9900032572&announcementTime=2017-05-31 00:00:00
美格智能,002881,002881,美格智能,首次公开发行股票并上市初步询价及推介公告,2017-05-31 00:00:00,http://www.cninfo.com.cn/new/disclosure/detail?stockCode=002881&announcementId=1203574331&orgId=9900032572&announcementTime=2017-05-31 00:00:00
美格智能,002881,002881,美格智能,关于公司非经常性损益及净资产收益率和每股收益的专项审核报告,2017-05-31 00:00:00,http://www.cninfo.com.cn/new/disclosure/detail?stockCode=002881&announcementId=1203574330&orgId=9900032572&announcementTime=2017-05-31 00:00:00
美格智能,002881,002881,美格智能,第一届董事会第九次会议决议,2017-05-31 00:00:00,http://www.cninfo.com.cn/new/disclosure/detail?stockCode=002881&announcementId=1203574329&orgId=9900032572&announcementTime=2017-05-31 00:00:00
美格智能,002881,002881,美格智能,2016年第三次临时股东大会决议,2017-05-31 00:00:00,http://www.cninfo.com.cn/new/disclosure/detail?stockCode=002881&announcementId=1203574328&orgId=9900032572&announcementTime=2017-05-31 00:00:00
美格智能,002881,002881,美格智能,审阅报告,2017-05-31 00:00:00,http://www.cninfo.com.cn/new/disclosure/detail?stockCode=002881&announcementId=1203574327&orgId=9900032572&announcementTime=2017-05-31 00:00:00
美格智能,002881,002881,美格智能,审计报告,2017-05-31 00:00:00,http://www.cninfo.com.cn/new/disclosure/detail?stockCode=002881&announcementId=1203574326&orgId=9900032572&announcementTime=2017-05-31 00:00:00
美格智能,002881,002881,美格智能,内部控制鉴证报告,2017-05-31 00:00:00,http://www.cninfo.com.cn/new/disclosure/detail?stockCode=002881&announcementId=1203574325&orgId=9900032572&announcementTime=2017-05-31 00:00:00
美格智能,002881,002881,美格智能,东莞证券股份有限公司关于公司首次公开发行股票并上市之发行保荐工作报告,2017-05-31 00:00:00,http://www.cninfo.com.cn/new/disclosure/detail?stockCode=002881&announcementId=1203574324&orgId=9900032572&announcementTime=2017-05-31 00:00:00
美格智能,002881,002881,美格智能,东莞证券股份有限公司关于公司首次公开发行股票并上市之发行保荐书,2017-05-31 00:00:00,http://www.cninfo.com.cn/new/disclosure/detail?stockCode=002881&announcementId=1203574323&orgId=9900032572&announcementTime=2017-05-31 00:00:00
美格智能,002881,002881,美格智能,公司章程（草案）,2017-05-31 00:00:00,http://www.cninfo.com.cn/new/disclosure/detail?stockCode=002881&announcementId=1203574322&orgId=9900032572&announcementTime=2017-05-31 00:00:00
美格智能,002881,002881,美格智能,中国证监会关于核准公司首次公开发行股票的批复,2017-05-31 00:00:00,http://www.cninfo.com.cn/new/disclosure/detail?stockCode=002881&announcementId=1203574321&orgId=9900032572&announcementTime=2017-05-31 00:00:00
美格智能,002881,002881,美格智能,上海市君悦（深圳）律师事务所关于公司首次公开发行人民币普通股股票并上市的补充法律意见书（四）,2017-05-31 00:00:00,http://www.cninfo.com.cn/new/disclosure/detail?stockCode=002881&announcementId=1203574320&orgId=9900032572&announcementTime=2017-05-31 00:00:00
美格智能,002881,002881,美格智能,上海市君悦（深圳）律师事务所关于公司首次公开发行人民币普通股股票并上市的补充法律意见书（五）,2017-05-31 00:00:00,http://www.cninfo.com.cn/new/disclosure/detail?stockCode=002881&announcementId=1203574319&orgId=9900032572&announcementTime=2017-05-31 00:00:00
美格智能,002881,002881,美格智能,上海市君悦（深圳）律师事务所关于公司首次公开发行人民币普通股股票并上市的补充法律意见书（二）,2017-05-31 00:00:00,http://www.cninfo.com.cn/new/disclosure/detail?stockCode=002881&announcementId=1203574318&orgId=9900032572&announcementTime=2017-05-31 00:00:00
美格智能,002881,002881,美格智能,上海市君悦（深圳）律师事务所关于公司首次公开发行人民币普通股股票并上市的补充法律意见书（三）,2017-05-31 00:00:00,http://www.cninfo.com.cn/new/disclosure/detail?stockCode=002881&announcementId=1203574317&orgId=9900032572&announcementTime=2017-05-31 00:00:00
美格智能,002881,002881,美格智能,上海市君悦（深圳）律师事务所关于公司首次公开发行人民币普通股股票并上市的补充法律意见书,2017-05-31 00:00:00,http://www.cninfo.com.cn/new/disclosure/detail?stockCode=002881&announcementId=1203574316&orgId=9900032572&announcementTime=2017-05-31 00:00:00
美格智能,002881,002881,美格智能,上海市君悦（深圳）律师事务所关于公司首次公开发行人民币普通股股票并上市的法律意见书,2017-05-31 00:00:00,http://www.cninfo.com.cn/new/disclosure/detail?stockCode=002881&announcementId=1203574315&orgId=9900032572&announcementTime=2017-05-31 00:00:00
美格智能,002881,002881,美格智能,上海市君悦（深圳）律师事务所关于公司首次公开发行人民币普通股股票并上市的律师工作报告,2017-05-31 00:00:00,http://www.cninfo.com.cn/new/disclosure/detail?stockCode=002881&announcementId=1203574314&orgId=9900032572&announcementTime=2017-05-31 00:00:00
