LOCAL_COMPANY_NAME,LOCAL_SYMBOL,代码,简称,公告标题,公告时间,公告链接
锐明技术,002970,002970,锐明技术,关于2024年股票期权激励计划第二个行权期采用自主行权模式的提示性公告,2026-05-20 00:00:00,http://www.cninfo.com.cn/new/disclosure/detail?stockCode=002970&announcementId=1225315938&orgId=9900033057&announcementTime=2026-05-20 00:00:00
锐明技术,002970,002970,锐明技术,关于2025年股票期权激励计划部分股票期权注销完成的公告,2026-05-14 00:00:00,http://www.cninfo.com.cn/new/disclosure/detail?stockCode=002970&announcementId=1225303061&orgId=9900033057&announcementTime=2026-05-14 00:00:00
锐明技术,002970,002970,锐明技术,关于公司董事、高级管理人员减持股份预披露公告,2026-05-08 00:00:00,http://www.cninfo.com.cn/new/disclosure/detail?stockCode=002970&announcementId=1225282809&orgId=9900033057&announcementTime=2026-05-08 00:00:00
锐明技术,002970,002970,锐明技术,关于调整2025年股票期权激励计划行权价格的公告,2026-04-28 00:00:00,http://www.cninfo.com.cn/new/disclosure/detail?stockCode=002970&announcementId=1225205761&orgId=9900033057&announcementTime=2026-04-28 00:00:00
锐明技术,002970,002970,锐明技术,关于调整2022年股票期权激励计划行权价格的公告,2026-04-28 00:00:00,http://www.cninfo.com.cn/new/disclosure/detail?stockCode=002970&announcementId=1225205760&orgId=9900033057&announcementTime=2026-04-28 00:00:00
锐明技术,002970,002970,锐明技术,关于调整2024年股票期权激励计划行权价格的公告,2026-04-28 00:00:00,http://www.cninfo.com.cn/new/disclosure/detail?stockCode=002970&announcementId=1225205759&orgId=9900033057&announcementTime=2026-04-28 00:00:00
锐明技术,002970,002970,锐明技术,关于注销2024年股票期权激励计划部分已授予但尚未行权的股票期权的公告,2026-04-28 00:00:00,http://www.cninfo.com.cn/new/disclosure/detail?stockCode=002970&announcementId=1225205758&orgId=9900033057&announcementTime=2026-04-28 00:00:00
锐明技术,002970,002970,锐明技术,国信证券股份有限公司关于深圳市锐明技术股份有限公司2024年股票期权激励计划第二个行权期行权条件成就相关事项之独立财务顾问报告,2026-04-28 00:00:00,http://www.cninfo.com.cn/new/disclosure/detail?stockCode=002970&announcementId=1225205757&orgId=9900033057&announcementTime=2026-04-28 00:00:00
锐明技术,002970,002970,锐明技术,关于深圳市锐明技术股份有限公司2022年股票期权激励计划行权价格调整、2024年股票期权激励计划行权价格调整、2025年股票期权激励计划行权价格调整和2024年股票期权激励计划注销部分股票期权及第二个行权期行权条件成就事宜的法律意见书,2026-04-28 00:00:00,http://www.cninfo.com.cn/new/disclosure/detail?stockCode=002970&announcementId=1225205756&orgId=9900033057&announcementTime=2026-04-28 00:00:00
锐明技术,002970,002970,锐明技术,董事会薪酬与考核委员会关于公司2024年股票期权激励计划相关事宜的核查意见,2026-04-28 00:00:00,http://www.cninfo.com.cn/new/disclosure/detail?stockCode=002970&announcementId=1225205755&orgId=9900033057&announcementTime=2026-04-28 00:00:00
锐明技术,002970,002970,锐明技术,关于2024年股票期权激励计划第二个行权期行权条件成就的公告,2026-04-28 00:00:00,http://www.cninfo.com.cn/new/disclosure/detail?stockCode=002970&announcementId=1225205754&orgId=9900033057&announcementTime=2026-04-28 00:00:00
锐明技术,002970,002970,锐明技术,第四届董事会第十九次会议决议公告,2026-04-28 00:00:00,http://www.cninfo.com.cn/new/disclosure/detail?stockCode=002970&announcementId=1225205753&orgId=9900033057&announcementTime=2026-04-28 00:00:00
锐明技术,002970,002970,锐明技术,2026年一季度报告,2026-04-28 00:00:00,http://www.cninfo.com.cn/new/disclosure/detail?stockCode=002970&announcementId=1225205751&orgId=9900033057&announcementTime=2026-04-28 00:00:00
锐明技术,002970,002970,锐明技术,2025年年度分红派息实施公告,2026-04-22 00:00:00,http://www.cninfo.com.cn/new/disclosure/detail?stockCode=002970&announcementId=1225135902&orgId=9900033057&announcementTime=2026-04-22 00:00:00
锐明技术,002970,002970,锐明技术,北京市金杜（深圳）律师事务所关于深圳市锐明技术股份有限公司2025年年度股东会之法律意见书,2026-04-21 00:00:00,http://www.cninfo.com.cn/new/disclosure/detail?stockCode=002970&announcementId=1225128304&orgId=9900033057&announcementTime=2026-04-21 00:00:00
锐明技术,002970,002970,锐明技术,2025年年度股东会决议公告,2026-04-21 00:00:00,http://www.cninfo.com.cn/new/disclosure/detail?stockCode=002970&announcementId=1225128303&orgId=9900033057&announcementTime=2026-04-21 00:00:00
锐明技术,002970,002970,锐明技术,关于参加深圳证券交易所“强赋能树标杆·打造湾区智造新高地”2025年度集体业绩说明会的公告,2026-04-10 00:00:00,http://www.cninfo.com.cn/new/disclosure/detail?stockCode=002970&announcementId=1225088647&orgId=9900033057&announcementTime=2026-04-10 00:00:00
锐明技术,002970,002970,锐明技术,关于2025年股票期权激励计划第一个行权期采用自主行权模式的提示性公告,2026-04-08 00:00:00,http://www.cninfo.com.cn/new/disclosure/detail?stockCode=002970&announcementId=1225081588&orgId=9900033057&announcementTime=2026-04-08 00:00:00
锐明技术,002970,002970,锐明技术,关于重新向香港联交所递交境外上市股份（H股）发行上市的申请并刊发申请资料的公告,2026-04-04 00:00:00,http://www.cninfo.com.cn/new/disclosure/detail?stockCode=002970&announcementId=1225079272&orgId=9900033057&announcementTime=2026-04-04 00:00:00
锐明技术,002970,002970,锐明技术,关于续聘会计师事务所的公告,2026-03-31 00:00:00,http://www.cninfo.com.cn/new/disclosure/detail?stockCode=002970&announcementId=1225055573&orgId=9900033057&announcementTime=2026-03-31 00:00:00
锐明技术,002970,002970,锐明技术,2025年度董事会工作报告,2026-03-31 00:00:00,http://www.cninfo.com.cn/new/disclosure/detail?stockCode=002970&announcementId=1225055572&orgId=9900033057&announcementTime=2026-03-31 00:00:00
锐明技术,002970,002970,锐明技术,关于2026年度董事、高级管理人员薪酬方案的公告,2026-03-31 00:00:00,http://www.cninfo.com.cn/new/disclosure/detail?stockCode=002970&announcementId=1225055571&orgId=9900033057&announcementTime=2026-03-31 00:00:00
锐明技术,002970,002970,锐明技术,2025年度独立董事述职报告（向怀坤）,2026-03-31 00:00:00,http://www.cninfo.com.cn/new/disclosure/detail?stockCode=002970&announcementId=1225055570&orgId=9900033057&announcementTime=2026-03-31 00:00:00
锐明技术,002970,002970,锐明技术,2025年度独立董事述职报告（梁金华）,2026-03-31 00:00:00,http://www.cninfo.com.cn/new/disclosure/detail?stockCode=002970&announcementId=1225055569&orgId=9900033057&announcementTime=2026-03-31 00:00:00
锐明技术,002970,002970,锐明技术,2025年度独立董事述职报告（金振朝）,2026-03-31 00:00:00,http://www.cninfo.com.cn/new/disclosure/detail?stockCode=002970&announcementId=1225055568&orgId=9900033057&announcementTime=2026-03-31 00:00:00
锐明技术,002970,002970,锐明技术,内部控制审计报告,2026-03-31 00:00:00,http://www.cninfo.com.cn/new/disclosure/detail?stockCode=002970&announcementId=1225055567&orgId=9900033057&announcementTime=2026-03-31 00:00:00
锐明技术,002970,002970,锐明技术,2025年度内部控制评价报告,2026-03-31 00:00:00,http://www.cninfo.com.cn/new/disclosure/detail?stockCode=002970&announcementId=1225055566&orgId=9900033057&announcementTime=2026-03-31 00:00:00
锐明技术,002970,002970,锐明技术,董事、高级管理人员薪酬管理制度,2026-03-31 00:00:00,http://www.cninfo.com.cn/new/disclosure/detail?stockCode=002970&announcementId=1225055565&orgId=9900033057&announcementTime=2026-03-31 00:00:00
锐明技术,002970,002970,锐明技术,董事会成员及雇员多元化政策（草案）（H股发行上市后适用）,2026-03-31 00:00:00,http://www.cninfo.com.cn/new/disclosure/detail?stockCode=002970&announcementId=1225055564&orgId=9900033057&announcementTime=2026-03-31 00:00:00
锐明技术,002970,002970,锐明技术,关于聘任境外审计机构的公告,2026-03-31 00:00:00,http://www.cninfo.com.cn/new/disclosure/detail?stockCode=002970&announcementId=1225055563&orgId=9900033057&announcementTime=2026-03-31 00:00:00
锐明技术,002970,002970,锐明技术,关于注销2025年股票期权激励计划部分已授予但尚未行权的股票期权的公告,2026-03-31 00:00:00,http://www.cninfo.com.cn/new/disclosure/detail?stockCode=002970&announcementId=1225055562&orgId=9900033057&announcementTime=2026-03-31 00:00:00
锐明技术,002970,002970,锐明技术,国信证券股份有限公司关于深圳市锐明技术股份有限公司2025年股票期权激励计划第一个行权期行权条件成就相关事项之独立财务顾问报告,2026-03-31 00:00:00,http://www.cninfo.com.cn/new/disclosure/detail?stockCode=002970&announcementId=1225055561&orgId=9900033057&announcementTime=2026-03-31 00:00:00
锐明技术,002970,002970,锐明技术,北京市金杜（深圳）律师事务所关于深圳市锐明技术股份有限公司2025年股票期权激励计划注销部分股票期权及第一个行权期行权条件成就事宜的法律意见书,2026-03-31 00:00:00,http://www.cninfo.com.cn/new/disclosure/detail?stockCode=002970&announcementId=1225055560&orgId=9900033057&announcementTime=2026-03-31 00:00:00
锐明技术,002970,002970,锐明技术,董事会薪酬与考核委员会关于公司2025年股票期权激励计划相关事宜的核查意见,2026-03-31 00:00:00,http://www.cninfo.com.cn/new/disclosure/detail?stockCode=002970&announcementId=1225055559&orgId=9900033057&announcementTime=2026-03-31 00:00:00
锐明技术,002970,002970,锐明技术,关于2025年股票期权激励计划第一个行权期行权条件成就的公告,2026-03-31 00:00:00,http://www.cninfo.com.cn/new/disclosure/detail?stockCode=002970&announcementId=1225055558&orgId=9900033057&announcementTime=2026-03-31 00:00:00
锐明技术,002970,002970,锐明技术,关于2026年度日常关联交易预计的公告,2026-03-31 00:00:00,http://www.cninfo.com.cn/new/disclosure/detail?stockCode=002970&announcementId=1225055557&orgId=9900033057&announcementTime=2026-03-31 00:00:00
锐明技术,002970,002970,锐明技术,关于公司及控股子公司向银行申请综合授信的公告,2026-03-31 00:00:00,http://www.cninfo.com.cn/new/disclosure/detail?stockCode=002970&announcementId=1225055556&orgId=9900033057&announcementTime=2026-03-31 00:00:00
锐明技术,002970,002970,锐明技术,关于召开公司2025年年度股东会的通知,2026-03-31 00:00:00,http://www.cninfo.com.cn/new/disclosure/detail?stockCode=002970&announcementId=1225055555&orgId=9900033057&announcementTime=2026-03-31 00:00:00
锐明技术,002970,002970,锐明技术,第四届董事会第十八次会议决议公告,2026-03-31 00:00:00,http://www.cninfo.com.cn/new/disclosure/detail?stockCode=002970&announcementId=1225055554&orgId=9900033057&announcementTime=2026-03-31 00:00:00
锐明技术,002970,002970,锐明技术,关于2025年度利润分配方案的公告,2026-03-31 00:00:00,http://www.cninfo.com.cn/new/disclosure/detail?stockCode=002970&announcementId=1225055553&orgId=9900033057&announcementTime=2026-03-31 00:00:00
锐明技术,002970,002970,锐明技术,审计委员会对会计师事务所2025年度履职情况评估报告和履行监督职责情况报告,2026-03-31 00:00:00,http://www.cninfo.com.cn/new/disclosure/detail?stockCode=002970&announcementId=1225055552&orgId=9900033057&announcementTime=2026-03-31 00:00:00
锐明技术,002970,002970,锐明技术,2025年度非经营性资金占用及其他关联资金往来情况的专项说明,2026-03-31 00:00:00,http://www.cninfo.com.cn/new/disclosure/detail?stockCode=002970&announcementId=1225055551&orgId=9900033057&announcementTime=2026-03-31 00:00:00
锐明技术,002970,002970,锐明技术,2025年度非经营性资金占用及其他关联资金往来情况汇总表,2026-03-31 00:00:00,http://www.cninfo.com.cn/new/disclosure/detail?stockCode=002970&announcementId=1225055550&orgId=9900033057&announcementTime=2026-03-31 00:00:00
锐明技术,002970,002970,锐明技术,董事会关于独立董事独立性自查情况的专项报告,2026-03-31 00:00:00,http://www.cninfo.com.cn/new/disclosure/detail?stockCode=002970&announcementId=1225055549&orgId=9900033057&announcementTime=2026-03-31 00:00:00
锐明技术,002970,002970,锐明技术,2025年年度审计报告,2026-03-31 00:00:00,http://www.cninfo.com.cn/new/disclosure/detail?stockCode=002970&announcementId=1225055548&orgId=9900033057&announcementTime=2026-03-31 00:00:00
锐明技术,002970,002970,锐明技术,2025年年度报告,2026-03-31 00:00:00,http://www.cninfo.com.cn/new/disclosure/detail?stockCode=002970&announcementId=1225055546&orgId=9900033057&announcementTime=2026-03-31 00:00:00
锐明技术,002970,002970,锐明技术,2025年年度报告摘要,2026-03-31 00:00:00,http://www.cninfo.com.cn/new/disclosure/detail?stockCode=002970&announcementId=1225055545&orgId=9900033057&announcementTime=2026-03-31 00:00:00
锐明技术,002970,002970,锐明技术,2025年年度业绩预告,2026-01-19 00:00:00,http://www.cninfo.com.cn/new/disclosure/detail?stockCode=002970&announcementId=1224937171&orgId=9900033057&announcementTime=2026-01-19 00:00:00
锐明技术,002970,002970,锐明技术,内部审计制度,2025-12-24 00:00:00,http://www.cninfo.com.cn/new/disclosure/detail?stockCode=002970&announcementId=1224893689&orgId=9900033057&announcementTime=2025-12-24 00:00:00
锐明技术,002970,002970,锐明技术,关联方资金往来管理制度,2025-12-24 00:00:00,http://www.cninfo.com.cn/new/disclosure/detail?stockCode=002970&announcementId=1224893688&orgId=9900033057&announcementTime=2025-12-24 00:00:00
锐明技术,002970,002970,锐明技术,员工购房借款管理办法,2025-12-24 00:00:00,http://www.cninfo.com.cn/new/disclosure/detail?stockCode=002970&announcementId=1224893687&orgId=9900033057&announcementTime=2025-12-24 00:00:00
锐明技术,002970,002970,锐明技术,互动易平台信息发布及回复内部审核制度,2025-12-24 00:00:00,http://www.cninfo.com.cn/new/disclosure/detail?stockCode=002970&announcementId=1224893686&orgId=9900033057&announcementTime=2025-12-24 00:00:00
锐明技术,002970,002970,锐明技术,外汇套期保值业务管理制度,2025-12-24 00:00:00,http://www.cninfo.com.cn/new/disclosure/detail?stockCode=002970&announcementId=1224893685&orgId=9900033057&announcementTime=2025-12-24 00:00:00
锐明技术,002970,002970,锐明技术,投资者关系管理制度,2025-12-24 00:00:00,http://www.cninfo.com.cn/new/disclosure/detail?stockCode=002970&announcementId=1224893684&orgId=9900033057&announcementTime=2025-12-24 00:00:00
锐明技术,002970,002970,锐明技术,经理工作细则,2025-12-24 00:00:00,http://www.cninfo.com.cn/new/disclosure/detail?stockCode=002970&announcementId=1224893683&orgId=9900033057&announcementTime=2025-12-24 00:00:00
锐明技术,002970,002970,锐明技术,反舞弊与举报管理制度,2025-12-24 00:00:00,http://www.cninfo.com.cn/new/disclosure/detail?stockCode=002970&announcementId=1224893682&orgId=9900033057&announcementTime=2025-12-24 00:00:00
锐明技术,002970,002970,锐明技术,重大信息内部报告制度,2025-12-24 00:00:00,http://www.cninfo.com.cn/new/disclosure/detail?stockCode=002970&announcementId=1224893681&orgId=9900033057&announcementTime=2025-12-24 00:00:00
锐明技术,002970,002970,锐明技术,关于开展外汇套期保值的可行性分析报告,2025-12-24 00:00:00,http://www.cninfo.com.cn/new/disclosure/detail?stockCode=002970&announcementId=1224893680&orgId=9900033057&announcementTime=2025-12-24 00:00:00
锐明技术,002970,002970,锐明技术,关于开展外汇套期保值业务的公告,2025-12-24 00:00:00,http://www.cninfo.com.cn/new/disclosure/detail?stockCode=002970&announcementId=1224893679&orgId=9900033057&announcementTime=2025-12-24 00:00:00
锐明技术,002970,002970,锐明技术,第四届董事会第十七次会议决议公告,2025-12-24 00:00:00,http://www.cninfo.com.cn/new/disclosure/detail?stockCode=002970&announcementId=1224893678&orgId=9900033057&announcementTime=2025-12-24 00:00:00
锐明技术,002970,002970,锐明技术,关于公司及控股子公司开展票据池业务的公告,2025-12-24 00:00:00,http://www.cninfo.com.cn/new/disclosure/detail?stockCode=002970&announcementId=1224893677&orgId=9900033057&announcementTime=2025-12-24 00:00:00
锐明技术,002970,002970,锐明技术,关于使用闲置自有资金进行现金管理的公告,2025-12-24 00:00:00,http://www.cninfo.com.cn/new/disclosure/detail?stockCode=002970&announcementId=1224893676&orgId=9900033057&announcementTime=2025-12-24 00:00:00
锐明技术,002970,002970,锐明技术,关于2022年股票期权激励计划部分股票期权注销完成的公告,2025-11-15 00:00:00,http://www.cninfo.com.cn/new/disclosure/detail?stockCode=002970&announcementId=1224805422&orgId=9900033057&announcementTime=2025-11-15 00:00:00
锐明技术,002970,002970,锐明技术,关于2022年股票期权激励计划预留授予第一批次第三个行权期采用自主行权模式的提示性公告,2025-10-30 00:00:00,http://www.cninfo.com.cn/new/disclosure/detail?stockCode=002970&announcementId=1224763746&orgId=9900033057&announcementTime=2025-10-30 00:00:00
锐明技术,002970,002970,锐明技术,关于注销2022年股票期权激励计划部分已授予但尚未行权的股票期权的公告,2025-10-23 00:00:00,http://www.cninfo.com.cn/new/disclosure/detail?stockCode=002970&announcementId=1224725512&orgId=9900033057&announcementTime=2025-10-23 00:00:00
锐明技术,002970,002970,锐明技术,上海荣正企业咨询服务（集团） 股份有限公司关于深圳市锐明技术股份有限公司2022年股票期权激励计划预留授予第一批次第三个行权期行权条件成就相关事项之独立财务顾问报告,2025-10-23 00:00:00,http://www.cninfo.com.cn/new/disclosure/detail?stockCode=002970&announcementId=1224725511&orgId=9900033057&announcementTime=2025-10-23 00:00:00
锐明技术,002970,002970,锐明技术,北京市金杜（深圳）律师事务所关于深圳市锐明技术股份有限公司2022年股票期权激励计划注销部分股票期权及预留授予第一批次第三个行权期行权条件成就事宜的法律意见书,2025-10-23 00:00:00,http://www.cninfo.com.cn/new/disclosure/detail?stockCode=002970&announcementId=1224725510&orgId=9900033057&announcementTime=2025-10-23 00:00:00
锐明技术,002970,002970,锐明技术,董事会薪酬与考核委员会关于公司2022年股票期权激励计划相关事宜的核查意见,2025-10-23 00:00:00,http://www.cninfo.com.cn/new/disclosure/detail?stockCode=002970&announcementId=1224725509&orgId=9900033057&announcementTime=2025-10-23 00:00:00
锐明技术,002970,002970,锐明技术,关于2022年股票期权激励计划预留授予第一批次第三个行权期行权条件成就的公告,2025-10-23 00:00:00,http://www.cninfo.com.cn/new/disclosure/detail?stockCode=002970&announcementId=1224725508&orgId=9900033057&announcementTime=2025-10-23 00:00:00
锐明技术,002970,002970,锐明技术,第四届董事会第十六次会议决议公告,2025-10-23 00:00:00,http://www.cninfo.com.cn/new/disclosure/detail?stockCode=002970&announcementId=1224725507&orgId=9900033057&announcementTime=2025-10-23 00:00:00
锐明技术,002970,002970,锐明技术,2025年三季度报告,2025-10-23 00:00:00,http://www.cninfo.com.cn/new/disclosure/detail?stockCode=002970&announcementId=1224725505&orgId=9900033057&announcementTime=2025-10-23 00:00:00
锐明技术,002970,002970,锐明技术,关于向香港联交所递交境外上市股份（H股）发行上市申请并刊发申请资料的公告,2025-09-30 16:43:52,http://www.cninfo.com.cn/new/disclosure/detail?stockCode=002970&announcementId=1224695180&orgId=9900033057&announcementTime=2025-09-30 16:43:52
锐明技术,002970,002970,锐明技术,关于第二期员工持股计划出售完毕暨终止的公告,2025-09-27 00:00:00,http://www.cninfo.com.cn/new/disclosure/detail?stockCode=002970&announcementId=1224683645&orgId=9900033057&announcementTime=2025-09-27 00:00:00
锐明技术,002970,002970,锐明技术,北京市金杜（深圳）律师事务所关于深圳市锐明技术股份有限公司2022年股票期权激励计划行权价格调整、2024年股票期权激励计划行权价格调整、2025年股票期权激励计划行权价格调整事项的法律意见书,2025-09-23 00:00:00,http://www.cninfo.com.cn/new/disclosure/detail?stockCode=002970&announcementId=1224674767&orgId=9900033057&announcementTime=2025-09-23 00:00:00
锐明技术,002970,002970,锐明技术,第四届董事会第十五次会议决议公告,2025-09-23 00:00:00,http://www.cninfo.com.cn/new/disclosure/detail?stockCode=002970&announcementId=1224674766&orgId=9900033057&announcementTime=2025-09-23 00:00:00
锐明技术,002970,002970,锐明技术,董事会秘书与公司秘书工作规则（草案）（H股发行上市后适用）,2025-09-23 00:00:00,http://www.cninfo.com.cn/new/disclosure/detail?stockCode=002970&announcementId=1224674765&orgId=9900033057&announcementTime=2025-09-23 00:00:00
锐明技术,002970,002970,锐明技术,董事会秘书工作规则,2025-09-23 00:00:00,http://www.cninfo.com.cn/new/disclosure/detail?stockCode=002970&announcementId=1224674764&orgId=9900033057&announcementTime=2025-09-23 00:00:00
锐明技术,002970,002970,锐明技术,关于调整董事会提名委员会委员的公告,2025-09-23 00:00:00,http://www.cninfo.com.cn/new/disclosure/detail?stockCode=002970&announcementId=1224674763&orgId=9900033057&announcementTime=2025-09-23 00:00:00
锐明技术,002970,002970,锐明技术,关于调整2025年股票期权激励计划行权价格的公告,2025-09-23 00:00:00,http://www.cninfo.com.cn/new/disclosure/detail?stockCode=002970&announcementId=1224674762&orgId=9900033057&announcementTime=2025-09-23 00:00:00
锐明技术,002970,002970,锐明技术,关于调整2024年股票期权激励计划行权价格的公告,2025-09-23 00:00:00,http://www.cninfo.com.cn/new/disclosure/detail?stockCode=002970&announcementId=1224674761&orgId=9900033057&announcementTime=2025-09-23 00:00:00
锐明技术,002970,002970,锐明技术,关于调整2022年股票期权激励计划行权价格的公告,2025-09-23 00:00:00,http://www.cninfo.com.cn/new/disclosure/detail?stockCode=002970&announcementId=1224674760&orgId=9900033057&announcementTime=2025-09-23 00:00:00
锐明技术,002970,002970,锐明技术,董事和高级管理人员所持本公司股份及其变动管理制度,2025-09-23 00:00:00,http://www.cninfo.com.cn/new/disclosure/detail?stockCode=002970&announcementId=1224674759&orgId=9900033057&announcementTime=2025-09-23 00:00:00
锐明技术,002970,002970,锐明技术,董事和高级管理人员所持本公司股份及其变动管理制度 （草案）（H股发行上市后适用）,2025-09-23 00:00:00,http://www.cninfo.com.cn/new/disclosure/detail?stockCode=002970&announcementId=1224674758&orgId=9900033057&announcementTime=2025-09-23 00:00:00
锐明技术,002970,002970,锐明技术,2025年半年度分红派息实施公告,2025-09-13 00:00:00,http://www.cninfo.com.cn/new/disclosure/detail?stockCode=002970&announcementId=1224655310&orgId=9900033057&announcementTime=2025-09-13 00:00:00
锐明技术,002970,002970,锐明技术,关于选举第四届董事会职工代表董事及更新经理、副经理职务名称的公告,2025-09-09 00:00:00,http://www.cninfo.com.cn/new/disclosure/detail?stockCode=002970&announcementId=1224645455&orgId=9900033057&announcementTime=2025-09-09 00:00:00
锐明技术,002970,002970,锐明技术,2025年第二次临时股东会决议公告,2025-09-09 00:00:00,http://www.cninfo.com.cn/new/disclosure/detail?stockCode=002970&announcementId=1224645454&orgId=9900033057&announcementTime=2025-09-09 00:00:00
锐明技术,002970,002970,锐明技术,北京市金杜（深圳）律师事务所关于深圳市锐明技术股份有限公司2025年第二次临时股东会之法律意见书,2025-09-09 00:00:00,http://www.cninfo.com.cn/new/disclosure/detail?stockCode=002970&announcementId=1224645453&orgId=9900033057&announcementTime=2025-09-09 00:00:00
锐明技术,002970,002970,锐明技术,战略委员会议事规则（草案）（H股发行上市后适用）,2025-08-22 00:00:00,http://www.cninfo.com.cn/new/disclosure/detail?stockCode=002970&announcementId=1224536109&orgId=9900033057&announcementTime=2025-08-22 00:00:00
锐明技术,002970,002970,锐明技术,信息披露管理制度（草案）（H股发行上市后适用）,2025-08-22 00:00:00,http://www.cninfo.com.cn/new/disclosure/detail?stockCode=002970&announcementId=1224536108&orgId=9900033057&announcementTime=2025-08-22 00:00:00
锐明技术,002970,002970,锐明技术,薪酬与考核委员会议事规则（草案）（H股发行上市后适用）,2025-08-22 00:00:00,http://www.cninfo.com.cn/new/disclosure/detail?stockCode=002970&announcementId=1224536107&orgId=9900033057&announcementTime=2025-08-22 00:00:00
锐明技术,002970,002970,锐明技术,提名委员会议事规则（草案）（H股发行上市后适用）,2025-08-22 00:00:00,http://www.cninfo.com.cn/new/disclosure/detail?stockCode=002970&announcementId=1224536106&orgId=9900033057&announcementTime=2025-08-22 00:00:00
锐明技术,002970,002970,锐明技术,审计委员会议事规则（草案）（H股发行上市后适用）,2025-08-22 00:00:00,http://www.cninfo.com.cn/new/disclosure/detail?stockCode=002970&announcementId=1224536105&orgId=9900033057&announcementTime=2025-08-22 00:00:00
锐明技术,002970,002970,锐明技术,内幕信息知情人登记管理制度（草案）（H股发行上市后适用）,2025-08-22 00:00:00,http://www.cninfo.com.cn/new/disclosure/detail?stockCode=002970&announcementId=1224536104&orgId=9900033057&announcementTime=2025-08-22 00:00:00
锐明技术,002970,002970,锐明技术,境外发行证券与上市相关保密和档案管理工作制度,2025-08-22 00:00:00,http://www.cninfo.com.cn/new/disclosure/detail?stockCode=002970&announcementId=1224536103&orgId=9900033057&announcementTime=2025-08-22 00:00:00
锐明技术,002970,002970,锐明技术,环境、社会与公司治理责任政策（草案）（H股发行上市后适用）,2025-08-22 00:00:00,http://www.cninfo.com.cn/new/disclosure/detail?stockCode=002970&announcementId=1224536102&orgId=9900033057&announcementTime=2025-08-22 00:00:00
锐明技术,002970,002970,锐明技术,关联（连）交易管理制度（草案）（H股发行上市后适用）,2025-08-22 00:00:00,http://www.cninfo.com.cn/new/disclosure/detail?stockCode=002970&announcementId=1224536101&orgId=9900033057&announcementTime=2025-08-22 00:00:00
锐明技术,002970,002970,锐明技术,股息政策（草案）（H股发行上市后适用）,2025-08-22 00:00:00,http://www.cninfo.com.cn/new/disclosure/detail?stockCode=002970&announcementId=1224536100&orgId=9900033057&announcementTime=2025-08-22 00:00:00
锐明技术,002970,002970,锐明技术,股东通讯政策（草案）（H股发行上市后适用）,2025-08-22 00:00:00,http://www.cninfo.com.cn/new/disclosure/detail?stockCode=002970&announcementId=1224536099&orgId=9900033057&announcementTime=2025-08-22 00:00:00
锐明技术,002970,002970,锐明技术,股东会议事规则（草案）（H股发行上市后适用）,2025-08-22 00:00:00,http://www.cninfo.com.cn/new/disclosure/detail?stockCode=002970&announcementId=1224536098&orgId=9900033057&announcementTime=2025-08-22 00:00:00
锐明技术,002970,002970,锐明技术,公司章程（草案）（H股发行上市后适用）,2025-08-22 00:00:00,http://www.cninfo.com.cn/new/disclosure/detail?stockCode=002970&announcementId=1224536097&orgId=9900033057&announcementTime=2025-08-22 00:00:00
锐明技术,002970,002970,锐明技术,反不当行为及举报管理制度 （草案）（H股发行上市后适用）,2025-08-22 00:00:00,http://www.cninfo.com.cn/new/disclosure/detail?stockCode=002970&announcementId=1224536096&orgId=9900033057&announcementTime=2025-08-22 00:00:00
锐明技术,002970,002970,锐明技术,对外投资管理制度（草案）（H股发行上市后适用）,2025-08-22 00:00:00,http://www.cninfo.com.cn/new/disclosure/detail?stockCode=002970&announcementId=1224536095&orgId=9900033057&announcementTime=2025-08-22 00:00:00
锐明技术,002970,002970,锐明技术,对外担保管理制度（草案）（H股发行上市后适用）,2025-08-22 00:00:00,http://www.cninfo.com.cn/new/disclosure/detail?stockCode=002970&announcementId=1224536094&orgId=9900033057&announcementTime=2025-08-22 00:00:00
锐明技术,002970,002970,锐明技术,独立董事工作制度（草案）（H股发行上市后适用）,2025-08-22 00:00:00,http://www.cninfo.com.cn/new/disclosure/detail?stockCode=002970&announcementId=1224536093&orgId=9900033057&announcementTime=2025-08-22 00:00:00
锐明技术,002970,002970,锐明技术,董事提名政策（草案）（H股发行上市后适用）,2025-08-22 00:00:00,http://www.cninfo.com.cn/new/disclosure/detail?stockCode=002970&announcementId=1224536092&orgId=9900033057&announcementTime=2025-08-22 00:00:00
锐明技术,002970,002970,锐明技术,关于召开公司2025年第二次临时股东会的通知,2025-08-22 00:00:00,http://www.cninfo.com.cn/new/disclosure/detail?stockCode=002970&announcementId=1224536091&orgId=9900033057&announcementTime=2025-08-22 00:00:00
锐明技术,002970,002970,锐明技术,关于聘任高级管理人员的公告,2025-08-22 00:00:00,http://www.cninfo.com.cn/new/disclosure/detail?stockCode=002970&announcementId=1224536090&orgId=9900033057&announcementTime=2025-08-22 00:00:00
锐明技术,002970,002970,锐明技术,关于2025年半年度利润分配方案的公告,2025-08-22 00:00:00,http://www.cninfo.com.cn/new/disclosure/detail?stockCode=002970&announcementId=1224536089&orgId=9900033057&announcementTime=2025-08-22 00:00:00
锐明技术,002970,002970,锐明技术,关于变更会计师事务所的公告,2025-08-22 00:00:00,http://www.cninfo.com.cn/new/disclosure/detail?stockCode=002970&announcementId=1224536088&orgId=9900033057&announcementTime=2025-08-22 00:00:00
锐明技术,002970,002970,锐明技术,关于选举独立董事的公告,2025-08-22 00:00:00,http://www.cninfo.com.cn/new/disclosure/detail?stockCode=002970&announcementId=1224536087&orgId=9900033057&announcementTime=2025-08-22 00:00:00
锐明技术,002970,002970,锐明技术,关于聘请H股发行及上市审计机构的公告,2025-08-22 00:00:00,http://www.cninfo.com.cn/new/disclosure/detail?stockCode=002970&announcementId=1224536086&orgId=9900033057&announcementTime=2025-08-22 00:00:00
锐明技术,002970,002970,锐明技术,关于制定发行H股股票后适用的公司章程及其附件的公告,2025-08-22 00:00:00,http://www.cninfo.com.cn/new/disclosure/detail?stockCode=002970&announcementId=1224536085&orgId=9900033057&announcementTime=2025-08-22 00:00:00
锐明技术,002970,002970,锐明技术,关于变更注册资本、修订《公司章程》并办理工商变更登记的公告,2025-08-22 00:00:00,http://www.cninfo.com.cn/new/disclosure/detail?stockCode=002970&announcementId=1224536084&orgId=9900033057&announcementTime=2025-08-22 00:00:00
锐明技术,002970,002970,锐明技术,半年报监事会决议公告,2025-08-22 00:00:00,http://www.cninfo.com.cn/new/disclosure/detail?stockCode=002970&announcementId=1224536083&orgId=9900033057&announcementTime=2025-08-22 00:00:00
锐明技术,002970,002970,锐明技术,半年报董事会决议公告,2025-08-22 00:00:00,http://www.cninfo.com.cn/new/disclosure/detail?stockCode=002970&announcementId=1224536082&orgId=9900033057&announcementTime=2025-08-22 00:00:00
锐明技术,002970,002970,锐明技术,2025年半年度报告摘要,2025-08-22 00:00:00,http://www.cninfo.com.cn/new/disclosure/detail?stockCode=002970&announcementId=1224536081&orgId=9900033057&announcementTime=2025-08-22 00:00:00
锐明技术,002970,002970,锐明技术,董事会议事规则（草案）（H股发行上市后适用）,2025-08-22 00:00:00,http://www.cninfo.com.cn/new/disclosure/detail?stockCode=002970&announcementId=1224536080&orgId=9900033057&announcementTime=2025-08-22 00:00:00
锐明技术,002970,002970,锐明技术,董事会多元化政策（草案）（H股发行上市后适用）,2025-08-22 00:00:00,http://www.cninfo.com.cn/new/disclosure/detail?stockCode=002970&announcementId=1224536079&orgId=9900033057&announcementTime=2025-08-22 00:00:00
锐明技术,002970,002970,锐明技术,战略委员会议事规则,2025-08-22 00:00:00,http://www.cninfo.com.cn/new/disclosure/detail?stockCode=002970&announcementId=1224536078&orgId=9900033057&announcementTime=2025-08-22 00:00:00
锐明技术,002970,002970,锐明技术,信息披露管理制度,2025-08-22 00:00:00,http://www.cninfo.com.cn/new/disclosure/detail?stockCode=002970&announcementId=1224536077&orgId=9900033057&announcementTime=2025-08-22 00:00:00
锐明技术,002970,002970,锐明技术,薪酬与考核委员会议事规则,2025-08-22 00:00:00,http://www.cninfo.com.cn/new/disclosure/detail?stockCode=002970&announcementId=1224536076&orgId=9900033057&announcementTime=2025-08-22 00:00:00
锐明技术,002970,002970,锐明技术,提名委员会议事规则,2025-08-22 00:00:00,http://www.cninfo.com.cn/new/disclosure/detail?stockCode=002970&announcementId=1224536075&orgId=9900033057&announcementTime=2025-08-22 00:00:00
锐明技术,002970,002970,锐明技术,审计委员会议事规则,2025-08-22 00:00:00,http://www.cninfo.com.cn/new/disclosure/detail?stockCode=002970&announcementId=1224536074&orgId=9900033057&announcementTime=2025-08-22 00:00:00
锐明技术,002970,002970,锐明技术,内幕信息知情人登记管理制度,2025-08-22 00:00:00,http://www.cninfo.com.cn/new/disclosure/detail?stockCode=002970&announcementId=1224536073&orgId=9900033057&announcementTime=2025-08-22 00:00:00
锐明技术,002970,002970,锐明技术,募集资金管理制度,2025-08-22 00:00:00,http://www.cninfo.com.cn/new/disclosure/detail?stockCode=002970&announcementId=1224536072&orgId=9900033057&announcementTime=2025-08-22 00:00:00
锐明技术,002970,002970,锐明技术,累积投票制实施细则,2025-08-22 00:00:00,http://www.cninfo.com.cn/new/disclosure/detail?stockCode=002970&announcementId=1224536071&orgId=9900033057&announcementTime=2025-08-22 00:00:00
锐明技术,002970,002970,锐明技术,会计师事务所选聘制度,2025-08-22 00:00:00,http://www.cninfo.com.cn/new/disclosure/detail?stockCode=002970&announcementId=1224536070&orgId=9900033057&announcementTime=2025-08-22 00:00:00
锐明技术,002970,002970,锐明技术,关联交易管理制度,2025-08-22 00:00:00,http://www.cninfo.com.cn/new/disclosure/detail?stockCode=002970&announcementId=1224536069&orgId=9900033057&announcementTime=2025-08-22 00:00:00
锐明技术,002970,002970,锐明技术,股东会议事规则,2025-08-22 00:00:00,http://www.cninfo.com.cn/new/disclosure/detail?stockCode=002970&announcementId=1224536068&orgId=9900033057&announcementTime=2025-08-22 00:00:00
锐明技术,002970,002970,锐明技术,公司章程,2025-08-22 00:00:00,http://www.cninfo.com.cn/new/disclosure/detail?stockCode=002970&announcementId=1224536067&orgId=9900033057&announcementTime=2025-08-22 00:00:00
锐明技术,002970,002970,锐明技术,对外投资管理制度,2025-08-22 00:00:00,http://www.cninfo.com.cn/new/disclosure/detail?stockCode=002970&announcementId=1224536066&orgId=9900033057&announcementTime=2025-08-22 00:00:00
锐明技术,002970,002970,锐明技术,对外担保管理制度,2025-08-22 00:00:00,http://www.cninfo.com.cn/new/disclosure/detail?stockCode=002970&announcementId=1224536065&orgId=9900033057&announcementTime=2025-08-22 00:00:00
锐明技术,002970,002970,锐明技术,独立董事工作制度,2025-08-22 00:00:00,http://www.cninfo.com.cn/new/disclosure/detail?stockCode=002970&announcementId=1224536064&orgId=9900033057&announcementTime=2025-08-22 00:00:00
锐明技术,002970,002970,锐明技术,董事会议事规则,2025-08-22 00:00:00,http://www.cninfo.com.cn/new/disclosure/detail?stockCode=002970&announcementId=1224536063&orgId=9900033057&announcementTime=2025-08-22 00:00:00
锐明技术,002970,002970,锐明技术,董事、高级管理人员离职管理制度,2025-08-22 00:00:00,http://www.cninfo.com.cn/new/disclosure/detail?stockCode=002970&announcementId=1224536062&orgId=9900033057&announcementTime=2025-08-22 00:00:00
锐明技术,002970,002970,锐明技术,独立董事提名人声明与承诺（左中）,2025-08-22 00:00:00,http://www.cninfo.com.cn/new/disclosure/detail?stockCode=002970&announcementId=1224536061&orgId=9900033057&announcementTime=2025-08-22 00:00:00
锐明技术,002970,002970,锐明技术,独立董事候选人声明与承诺（左中）,2025-08-22 00:00:00,http://www.cninfo.com.cn/new/disclosure/detail?stockCode=002970&announcementId=1224536060&orgId=9900033057&announcementTime=2025-08-22 00:00:00
锐明技术,002970,002970,锐明技术,董事会提名委员会关于独立董事候选人任职资格的审查意见,2025-08-22 00:00:00,http://www.cninfo.com.cn/new/disclosure/detail?stockCode=002970&announcementId=1224536059&orgId=9900033057&announcementTime=2025-08-22 00:00:00
锐明技术,002970,002970,锐明技术,半年度非经营性资金占用及其他关联资金往来情况汇总表,2025-08-22 00:00:00,http://www.cninfo.com.cn/new/disclosure/detail?stockCode=002970&announcementId=1224536058&orgId=9900033057&announcementTime=2025-08-22 00:00:00
锐明技术,002970,002970,锐明技术,2025年半年度报告,2025-08-22 00:00:00,http://www.cninfo.com.cn/new/disclosure/detail?stockCode=002970&announcementId=1224536057&orgId=9900033057&announcementTime=2025-08-22 00:00:00
锐明技术,002970,002970,锐明技术,2025年半年度财务报告,2025-08-22 00:00:00,http://www.cninfo.com.cn/new/disclosure/detail?stockCode=002970&announcementId=1224536056&orgId=9900033057&announcementTime=2025-08-22 00:00:00
锐明技术,002970,002970,锐明技术,关于第二期员工持股计划锁定期届满的提示性公告,2025-08-05 00:00:00,http://www.cninfo.com.cn/new/disclosure/detail?stockCode=002970&announcementId=1224385454&orgId=9900033057&announcementTime=2025-08-05 00:00:00
锐明技术,002970,002970,锐明技术,关于2022年股票期权激励计划首次授予部分第三个行权期采用自主行权模式的提示性公告,2025-07-24 00:00:00,http://www.cninfo.com.cn/new/disclosure/detail?stockCode=002970&announcementId=1224268393&orgId=9900033057&announcementTime=2025-07-24 00:00:00
锐明技术,002970,002970,锐明技术,关于第一期员工持股计划出售完毕暨终止的公告,2025-07-16 00:00:00,http://www.cninfo.com.cn/new/disclosure/detail?stockCode=002970&announcementId=1224176912&orgId=9900033057&announcementTime=2025-07-16 00:00:00
锐明技术,002970,002970,锐明技术,上海荣正企业咨询服务（集团） 股份有限公司关于深圳锐明技术股份有限公司2022年股票期权激励计划首次授予部分第三个行权期行权条件成就相关事项之独立财务顾问报告,2025-07-15 00:00:00,http://www.cninfo.com.cn/new/disclosure/detail?stockCode=002970&announcementId=1224163597&orgId=9900033057&announcementTime=2025-07-15 00:00:00
锐明技术,002970,002970,锐明技术,监事会关于公司2022年股票期权激励计划注销部分股票期权及可行权激励对象名单的核查意见,2025-07-15 00:00:00,http://www.cninfo.com.cn/new/disclosure/detail?stockCode=002970&announcementId=1224163596&orgId=9900033057&announcementTime=2025-07-15 00:00:00
锐明技术,002970,002970,锐明技术,关于注销2022年股票期权激励计划部分已授予但尚未行权的股票期权的公告,2025-07-15 00:00:00,http://www.cninfo.com.cn/new/disclosure/detail?stockCode=002970&announcementId=1224163595&orgId=9900033057&announcementTime=2025-07-15 00:00:00
锐明技术,002970,002970,锐明技术,第四届董事会第十三次会议决议公告,2025-07-15 00:00:00,http://www.cninfo.com.cn/new/disclosure/detail?stockCode=002970&announcementId=1224163594&orgId=9900033057&announcementTime=2025-07-15 00:00:00
锐明技术,002970,002970,锐明技术,2022年股票期权激励计划首次授予部分第三个行权期符合行权条件的激励对象名单,2025-07-15 00:00:00,http://www.cninfo.com.cn/new/disclosure/detail?stockCode=002970&announcementId=1224163593&orgId=9900033057&announcementTime=2025-07-15 00:00:00
锐明技术,002970,002970,锐明技术,北京市金杜（深圳）律师事务所关于深圳市锐明技术股份有限公司2022年股票期权激励计划注销部分股票期权及首次授予部分第三个行权期行权条件成就事宜的法律意见书,2025-07-15 00:00:00,http://www.cninfo.com.cn/new/disclosure/detail?stockCode=002970&announcementId=1224163592&orgId=9900033057&announcementTime=2025-07-15 00:00:00
锐明技术,002970,002970,锐明技术,关于2022年股票期权激励计划首次授予部分第三个行权期行权条件成就的公告,2025-07-15 00:00:00,http://www.cninfo.com.cn/new/disclosure/detail?stockCode=002970&announcementId=1224163591&orgId=9900033057&announcementTime=2025-07-15 00:00:00
锐明技术,002970,002970,锐明技术,第四届监事会第十三次会议决议公告,2025-07-15 00:00:00,http://www.cninfo.com.cn/new/disclosure/detail?stockCode=002970&announcementId=1224163590&orgId=9900033057&announcementTime=2025-07-15 00:00:00
锐明技术,002970,002970,锐明技术,2025年半年度业绩预告,2025-07-11 00:00:00,http://www.cninfo.com.cn/new/disclosure/detail?stockCode=002970&announcementId=1224130040&orgId=9900033057&announcementTime=2025-07-11 00:00:00
锐明技术,002970,002970,锐明技术,关于收到董事长提议实施2025年度中期分红的公告,2025-07-11 00:00:00,http://www.cninfo.com.cn/new/disclosure/detail?stockCode=002970&announcementId=1224130039&orgId=9900033057&announcementTime=2025-07-11 00:00:00
锐明技术,002970,002970,锐明技术,关于筹划公司在香港联合交易所有限公司上市的提示性公告,2025-07-11 00:00:00,http://www.cninfo.com.cn/new/disclosure/detail?stockCode=002970&announcementId=1224130037&orgId=9900033057&announcementTime=2025-07-11 00:00:00
锐明技术,002970,002970,锐明技术,关于2024年股票期权激励计划部分股票期权注销完成的公告,2025-06-24 00:00:00,http://www.cninfo.com.cn/new/disclosure/detail?stockCode=002970&announcementId=1223956300&orgId=9900033057&announcementTime=2025-06-24 00:00:00
锐明技术,002970,002970,锐明技术,关于2022年股票期权激励计划部分股票期权注销完成的公告,2025-06-24 00:00:00,http://www.cninfo.com.cn/new/disclosure/detail?stockCode=002970&announcementId=1223956299&orgId=9900033057&announcementTime=2025-06-24 00:00:00
锐明技术,002970,002970,锐明技术,关于第三期员工持股计划非交易过户完成暨回购股份处理完成的公告,2025-06-24 00:00:00,http://www.cninfo.com.cn/new/disclosure/detail?stockCode=002970&announcementId=1223956298&orgId=9900033057&announcementTime=2025-06-24 00:00:00
锐明技术,002970,002970,锐明技术,第三期员工持股计划第一次持有人会议决议公告,2025-06-24 00:00:00,http://www.cninfo.com.cn/new/disclosure/detail?stockCode=002970&announcementId=1223956297&orgId=9900033057&announcementTime=2025-06-24 00:00:00
锐明技术,002970,002970,锐明技术,关于第一期员工持股计划第二个锁定期届满的提示性公告,2025-06-07 00:00:00,http://www.cninfo.com.cn/new/disclosure/detail?stockCode=002970&announcementId=1223801962&orgId=9900033057&announcementTime=2025-06-07 00:00:00
锐明技术,002970,002970,锐明技术,关于与专业投资机构合作投资的进展公告,2025-06-04 00:00:00,http://www.cninfo.com.cn/new/disclosure/detail?stockCode=002970&announcementId=1223748380&orgId=9900033057&announcementTime=2025-06-04 00:00:00
锐明技术,002970,002970,锐明技术,关于调整公司第三期员工持股计划购买价格的公告,2025-05-28 00:00:00,http://www.cninfo.com.cn/new/disclosure/detail?stockCode=002970&announcementId=1223695731&orgId=9900033057&announcementTime=2025-05-28 00:00:00
锐明技术,002970,002970,锐明技术,关于调整2024年股票期权激励计划行权价格的公告,2025-05-28 00:00:00,http://www.cninfo.com.cn/new/disclosure/detail?stockCode=002970&announcementId=1223695730&orgId=9900033057&announcementTime=2025-05-28 00:00:00
锐明技术,002970,002970,锐明技术,北京市金杜（深圳）律师事务所关于深圳市锐明技术股份有限公司2022年股票期权激励计划行权价格调整、2024年股票期权激励计划行权价格调整、2025年股票期权激励计划行权价格调整事项的法律意见书,2025-05-28 00:00:00,http://www.cninfo.com.cn/new/disclosure/detail?stockCode=002970&announcementId=1223695729&orgId=9900033057&announcementTime=2025-05-28 00:00:00
锐明技术,002970,002970,锐明技术,第四届监事会第十二次会议决议公告,2025-05-28 00:00:00,http://www.cninfo.com.cn/new/disclosure/detail?stockCode=002970&announcementId=1223695727&orgId=9900033057&announcementTime=2025-05-28 00:00:00
锐明技术,002970,002970,锐明技术,第四届董事会第十二次会议决议公告,2025-05-28 00:00:00,http://www.cninfo.com.cn/new/disclosure/detail?stockCode=002970&announcementId=1223695726&orgId=9900033057&announcementTime=2025-05-28 00:00:00
锐明技术,002970,002970,锐明技术,关于调整2022年股票期权激励计划行权价格的公告,2025-05-28 00:00:00,http://www.cninfo.com.cn/new/disclosure/detail?stockCode=002970&announcementId=1223695724&orgId=9900033057&announcementTime=2025-05-28 00:00:00
锐明技术,002970,002970,锐明技术,关于调整2025年股票期权激励计划行权价格的公告,2025-05-28 00:00:00,http://www.cninfo.com.cn/new/disclosure/detail?stockCode=002970&announcementId=1223695723&orgId=9900033057&announcementTime=2025-05-28 00:00:00
锐明技术,002970,002970,锐明技术,2024年年度分红派息实施公告,2025-05-27 00:00:00,http://www.cninfo.com.cn/new/disclosure/detail?stockCode=002970&announcementId=1223683499&orgId=9900033057&announcementTime=2025-05-27 00:00:00
锐明技术,002970,002970,锐明技术,关于公司股东减持计划时间届满暨减持股份结果的公告,2025-05-24 00:00:00,http://www.cninfo.com.cn/new/disclosure/detail?stockCode=002970&announcementId=1223647083&orgId=9900033057&announcementTime=2025-05-24 00:00:00
锐明技术,002970,002970,锐明技术,关于公司股东减持公司股份触及1%整数倍的公告,2025-05-22 00:00:00,http://www.cninfo.com.cn/new/disclosure/detail?stockCode=002970&announcementId=1223626748&orgId=9900033057&announcementTime=2025-05-22 00:00:00
锐明技术,002970,002970,锐明技术,关于2025年股票期权激励计划授予登记完成的公告,2025-05-21 00:00:00,http://www.cninfo.com.cn/new/disclosure/detail?stockCode=002970&announcementId=1223606789&orgId=9900033057&announcementTime=2025-05-21 00:00:00
锐明技术,002970,002970,锐明技术,北京市金杜（深圳）律师事务所关于深圳市锐明技术股份有限公司2024年年度股东会之法律意见书,2025-05-16 00:00:00,http://www.cninfo.com.cn/new/disclosure/detail?stockCode=002970&announcementId=1223557117&orgId=9900033057&announcementTime=2025-05-16 00:00:00
锐明技术,002970,002970,锐明技术,2024年年度股东会决议公告,2025-05-16 00:00:00,http://www.cninfo.com.cn/new/disclosure/detail?stockCode=002970&announcementId=1223557070&orgId=9900033057&announcementTime=2025-05-16 00:00:00
锐明技术,002970,002970,锐明技术,关于公司股东减持公司股份触及1%整数倍的公告,2025-05-15 00:00:00,http://www.cninfo.com.cn/new/disclosure/detail?stockCode=002970&announcementId=1223544982&orgId=9900033057&announcementTime=2025-05-15 00:00:00
锐明技术,002970,002970,锐明技术,关于2024年股票期权激励计划第一个行权期采用自主行权模式的提示性公告,2025-05-15 00:00:00,http://www.cninfo.com.cn/new/disclosure/detail?stockCode=002970&announcementId=1223544922&orgId=9900033057&announcementTime=2025-05-15 00:00:00
锐明技术,002970,002970,锐明技术,关于参加深圳证券交易所“智脑赋能·逐梦新蓝海”2024年度集体业绩说明会的公告,2025-05-15 00:00:00,http://www.cninfo.com.cn/new/disclosure/detail?stockCode=002970&announcementId=1223544908&orgId=9900033057&announcementTime=2025-05-15 00:00:00
锐明技术,002970,002970,锐明技术,关于公司股东减持公司股份触及1%整数倍的公告,2025-05-15 00:00:00,http://www.cninfo.com.cn/new/disclosure/detail?stockCode=002970&announcementId=1223544907&orgId=9900033057&announcementTime=2025-05-15 00:00:00
锐明技术,002970,002970,锐明技术,简式权益变动报告书,2025-05-15 00:00:00,http://www.cninfo.com.cn/new/disclosure/detail?stockCode=002970&announcementId=1223544906&orgId=9900033057&announcementTime=2025-05-15 00:00:00
锐明技术,002970,002970,锐明技术,关于公司持股5%以上股东持股比例变动至15%的权益变动提示性公告,2025-05-15 00:00:00,http://www.cninfo.com.cn/new/disclosure/detail?stockCode=002970&announcementId=1223544905&orgId=9900033057&announcementTime=2025-05-15 00:00:00
锐明技术,002970,002970,锐明技术,关于2022年股票期权激励计划预留授予第二批次第二个行权期采用自主行权模式的提示性公告,2025-05-09 00:00:00,http://www.cninfo.com.cn/new/disclosure/detail?stockCode=002970&announcementId=1223496178&orgId=9900033057&announcementTime=2025-05-09 00:00:00
锐明技术,002970,002970,锐明技术,2022年股票期权激励计划预留授予第二批次第二个行权期符合行权条件的激励对象名单,2025-04-25 00:00:00,http://www.cninfo.com.cn/new/disclosure/detail?stockCode=002970&announcementId=1223272812&orgId=9900033057&announcementTime=2025-04-25 00:00:00
锐明技术,002970,002970,锐明技术,审计委员会对会计师事务所2024年度履职情况评估报告和履行监督职责情况报告,2025-04-25 00:00:00,http://www.cninfo.com.cn/new/disclosure/detail?stockCode=002970&announcementId=1223272809&orgId=9900033057&announcementTime=2025-04-25 00:00:00
锐明技术,002970,002970,锐明技术,内部控制自我评价报告,2025-04-25 00:00:00,http://www.cninfo.com.cn/new/disclosure/detail?stockCode=002970&announcementId=1223272806&orgId=9900033057&announcementTime=2025-04-25 00:00:00
锐明技术,002970,002970,锐明技术,董事会对独立董事独立性评估的专项意见,2025-04-25 00:00:00,http://www.cninfo.com.cn/new/disclosure/detail?stockCode=002970&announcementId=1223272803&orgId=9900033057&announcementTime=2025-04-25 00:00:00
锐明技术,002970,002970,锐明技术,关于注销2022年股票期权激励计划部分已授予但尚未行权的股票期权的公告,2025-04-25 00:00:00,http://www.cninfo.com.cn/new/disclosure/detail?stockCode=002970&announcementId=1223272800&orgId=9900033057&announcementTime=2025-04-25 00:00:00
锐明技术,002970,002970,锐明技术,关于计提信用减值损失及资产减值损失的公告,2025-04-25 00:00:00,http://www.cninfo.com.cn/new/disclosure/detail?stockCode=002970&announcementId=1223272797&orgId=9900033057&announcementTime=2025-04-25 00:00:00
锐明技术,002970,002970,锐明技术,关于2024年股票期权激励计划第一个行权期行权条件成就的公告,2025-04-25 00:00:00,http://www.cninfo.com.cn/new/disclosure/detail?stockCode=002970&announcementId=1223272794&orgId=9900033057&announcementTime=2025-04-25 00:00:00
锐明技术,002970,002970,锐明技术,2025年一季度报告,2025-04-25 00:00:00,http://www.cninfo.com.cn/new/disclosure/detail?stockCode=002970&announcementId=1223272791&orgId=9900033057&announcementTime=2025-04-25 00:00:00
锐明技术,002970,002970,锐明技术,北京市金杜（深圳）律师事务所关于深圳市锐明技术股份有限公司2022年股票期权激励计划注销部分股票期权及预留授予部分第二批次第二个行权期行权条件成就、2024年股票期权激励计划注销部分股票期权及第一个行权期行权条件成就事宜的法律意见书,2025-04-25 00:00:00,http://www.cninfo.com.cn/new/disclosure/detail?stockCode=002970&announcementId=1223272788&orgId=9900033057&announcementTime=2025-04-25 00:00:00
锐明技术,002970,002970,锐明技术,关于2022年股票期权激励计划预留授予第二批次第二个行权期行权条件成就的公告,2025-04-25 00:00:00,http://www.cninfo.com.cn/new/disclosure/detail?stockCode=002970&announcementId=1223272785&orgId=9900033057&announcementTime=2025-04-25 00:00:00
锐明技术,002970,002970,锐明技术,公司（2025年-2027年）三年股东分红回报规划,2025-04-25 00:00:00,http://www.cninfo.com.cn/new/disclosure/detail?stockCode=002970&announcementId=1223272782&orgId=9900033057&announcementTime=2025-04-25 00:00:00
锐明技术,002970,002970,锐明技术,2024年年度审计报告,2025-04-25 00:00:00,http://www.cninfo.com.cn/new/disclosure/detail?stockCode=002970&announcementId=1223272779&orgId=9900033057&announcementTime=2025-04-25 00:00:00
锐明技术,002970,002970,锐明技术,年度关联方资金占用专项审计报告,2025-04-25 00:00:00,http://www.cninfo.com.cn/new/disclosure/detail?stockCode=002970&announcementId=1223272776&orgId=9900033057&announcementTime=2025-04-25 00:00:00
锐明技术,002970,002970,锐明技术,关于2025年度日常关联交易预计的公告,2025-04-25 00:00:00,http://www.cninfo.com.cn/new/disclosure/detail?stockCode=002970&announcementId=1223272773&orgId=9900033057&announcementTime=2025-04-25 00:00:00
锐明技术,002970,002970,锐明技术,资产评估报告,2025-04-25 00:00:00,http://www.cninfo.com.cn/new/disclosure/detail?stockCode=002970&announcementId=1223272770&orgId=9900033057&announcementTime=2025-04-25 00:00:00
锐明技术,002970,002970,锐明技术,关于2024年度利润分配方案的公告,2025-04-25 00:00:00,http://www.cninfo.com.cn/new/disclosure/detail?stockCode=002970&announcementId=1223272768&orgId=9900033057&announcementTime=2025-04-25 00:00:00
锐明技术,002970,002970,锐明技术,独立董事年度述职报告,2025-04-25 00:00:00,http://www.cninfo.com.cn/new/disclosure/detail?stockCode=002970&announcementId=1223272765&orgId=9900033057&announcementTime=2025-04-25 00:00:00
锐明技术,002970,002970,锐明技术,2024年年度报告,2025-04-25 00:00:00,http://www.cninfo.com.cn/new/disclosure/detail?stockCode=002970&announcementId=1223272763&orgId=9900033057&announcementTime=2025-04-25 00:00:00
锐明技术,002970,002970,锐明技术,深圳价值在线咨询顾问有限公司关于深圳市锐明技术股份有限公司2022年股票期权激励计划预留授予第二批次第二个行权期、2024年股票期权激励计划第一个行权期行权条件成就相关事项之独立财务顾问报告,2025-04-25 00:00:00,http://www.cninfo.com.cn/new/disclosure/detail?stockCode=002970&announcementId=1223272760&orgId=9900033057&announcementTime=2025-04-25 00:00:00
锐明技术,002970,002970,锐明技术,2024年年度报告摘要,2025-04-25 00:00:00,http://www.cninfo.com.cn/new/disclosure/detail?stockCode=002970&announcementId=1223272758&orgId=9900033057&announcementTime=2025-04-25 00:00:00
锐明技术,002970,002970,锐明技术,关于变更证券事务代表的公告,2025-04-25 00:00:00,http://www.cninfo.com.cn/new/disclosure/detail?stockCode=002970&announcementId=1223272756&orgId=9900033057&announcementTime=2025-04-25 00:00:00
锐明技术,002970,002970,锐明技术,2024年度独立董事述职报告（梁金华）,2025-04-25 00:00:00,http://www.cninfo.com.cn/new/disclosure/detail?stockCode=002970&announcementId=1223272753&orgId=9900033057&announcementTime=2025-04-25 00:00:00
锐明技术,002970,002970,锐明技术,监事会关于第四届监事会第十一次会议相关事项的核查意见,2025-04-25 00:00:00,http://www.cninfo.com.cn/new/disclosure/detail?stockCode=002970&announcementId=1223272751&orgId=9900033057&announcementTime=2025-04-25 00:00:00
锐明技术,002970,002970,锐明技术,内部控制审计报告,2025-04-25 00:00:00,http://www.cninfo.com.cn/new/disclosure/detail?stockCode=002970&announcementId=1223272749&orgId=9900033057&announcementTime=2025-04-25 00:00:00
锐明技术,002970,002970,锐明技术,2024年股票期权激励计划第一个行权期符合行权条件的激励对象名单,2025-04-25 00:00:00,http://www.cninfo.com.cn/new/disclosure/detail?stockCode=002970&announcementId=1223272747&orgId=9900033057&announcementTime=2025-04-25 00:00:00
锐明技术,002970,002970,锐明技术,年度股东大会通知,2025-04-25 00:00:00,http://www.cninfo.com.cn/new/disclosure/detail?stockCode=002970&announcementId=1223272745&orgId=9900033057&announcementTime=2025-04-25 00:00:00
锐明技术,002970,002970,锐明技术,2024年度独立董事述职报告（刘志永-换届离任）,2025-04-25 00:00:00,http://www.cninfo.com.cn/new/disclosure/detail?stockCode=002970&announcementId=1223272742&orgId=9900033057&announcementTime=2025-04-25 00:00:00
锐明技术,002970,002970,锐明技术,董事会决议公告,2025-04-25 00:00:00,http://www.cninfo.com.cn/new/disclosure/detail?stockCode=002970&announcementId=1223272739&orgId=9900033057&announcementTime=2025-04-25 00:00:00
锐明技术,002970,002970,锐明技术,2024年度董事会工作报告,2025-04-25 00:00:00,http://www.cninfo.com.cn/new/disclosure/detail?stockCode=002970&announcementId=1223272736&orgId=9900033057&announcementTime=2025-04-25 00:00:00
锐明技术,002970,002970,锐明技术,关于注销2024年股票期权激励计划部分已授予但尚未行权的股票期权的公告,2025-04-25 00:00:00,http://www.cninfo.com.cn/new/disclosure/detail?stockCode=002970&announcementId=1223272733&orgId=9900033057&announcementTime=2025-04-25 00:00:00
锐明技术,002970,002970,锐明技术,监事会决议公告,2025-04-25 00:00:00,http://www.cninfo.com.cn/new/disclosure/detail?stockCode=002970&announcementId=1223272731&orgId=9900033057&announcementTime=2025-04-25 00:00:00
锐明技术,002970,002970,锐明技术,2024年度独立董事述职报告（向怀坤）,2025-04-25 00:00:00,http://www.cninfo.com.cn/new/disclosure/detail?stockCode=002970&announcementId=1223272728&orgId=9900033057&announcementTime=2025-04-25 00:00:00
锐明技术,002970,002970,锐明技术,关于公司会计政策变更的公告,2025-04-25 00:00:00,http://www.cninfo.com.cn/new/disclosure/detail?stockCode=002970&announcementId=1223272725&orgId=9900033057&announcementTime=2025-04-25 00:00:00
锐明技术,002970,002970,锐明技术,2024年度监事会工作报告,2025-04-25 00:00:00,http://www.cninfo.com.cn/new/disclosure/detail?stockCode=002970&announcementId=1223272722&orgId=9900033057&announcementTime=2025-04-25 00:00:00
锐明技术,002970,002970,锐明技术,第四届董事会第十次会议决议公告,2025-04-02 00:00:00,http://www.cninfo.com.cn/new/disclosure/detail?stockCode=002970&announcementId=1222984166&orgId=9900033057&announcementTime=2025-04-02 00:00:00
锐明技术,002970,002970,锐明技术,关于向2025年股票期权激励计划激励对象授予股票期权的公告,2025-04-02 00:00:00,http://www.cninfo.com.cn/new/disclosure/detail?stockCode=002970&announcementId=1222984165&orgId=9900033057&announcementTime=2025-04-02 00:00:00
锐明技术,002970,002970,锐明技术,深圳价值在线咨询顾问有限公司关于深圳市锐明技术股份有限公司2025年股票期权激励计划调整及授予相关事项之独立财务顾问报告,2025-04-02 00:00:00,http://www.cninfo.com.cn/new/disclosure/detail?stockCode=002970&announcementId=1222984164&orgId=9900033057&announcementTime=2025-04-02 00:00:00
锐明技术,002970,002970,锐明技术,第四届监事会第十次会议决议公告,2025-04-02 00:00:00,http://www.cninfo.com.cn/new/disclosure/detail?stockCode=002970&announcementId=1222984163&orgId=9900033057&announcementTime=2025-04-02 00:00:00
锐明技术,002970,002970,锐明技术,北京市金杜（深圳）律师事务所关于深圳市锐明技术股份有限公司2025年股票期权激励计划调整及授予事项的法律意见书,2025-04-02 00:00:00,http://www.cninfo.com.cn/new/disclosure/detail?stockCode=002970&announcementId=1222984162&orgId=9900033057&announcementTime=2025-04-02 00:00:00
锐明技术,002970,002970,锐明技术,深圳市锐明技术股份有限公司监事会关于公司2025年股票期权激励计划激励对象名单（截至授权日）的核查意见,2025-04-02 00:00:00,http://www.cninfo.com.cn/new/disclosure/detail?stockCode=002970&announcementId=1222984160&orgId=9900033057&announcementTime=2025-04-02 00:00:00
锐明技术,002970,002970,锐明技术,深圳市锐明技术股份有限公司2025年股票期权激励计划激励对象名单（截至授权日）,2025-04-02 00:00:00,http://www.cninfo.com.cn/new/disclosure/detail?stockCode=002970&announcementId=1222984159&orgId=9900033057&announcementTime=2025-04-02 00:00:00
锐明技术,002970,002970,锐明技术,关于调整2025年股票期权激励计划相关事项的公告,2025-04-02 00:00:00,http://www.cninfo.com.cn/new/disclosure/detail?stockCode=002970&announcementId=1222984158&orgId=9900033057&announcementTime=2025-04-02 00:00:00
锐明技术,002970,002970,锐明技术,关于公司部分股东股份减持计划实施完成的公告,2025-03-28 00:00:00,http://www.cninfo.com.cn/new/disclosure/detail?stockCode=002970&announcementId=1222924053&orgId=9900033057&announcementTime=2025-03-28 00:00:00
锐明技术,002970,002970,锐明技术,第三期员工持股计划,2025-03-25 00:00:00,http://www.cninfo.com.cn/new/disclosure/detail?stockCode=002970&announcementId=1222880573&orgId=9900033057&announcementTime=2025-03-25 00:00:00
锐明技术,002970,002970,锐明技术,关于2025年股票期权激励计划内幕信息知情人及激励对象买卖公司股票情况的自查报告,2025-03-25 00:00:00,http://www.cninfo.com.cn/new/disclosure/detail?stockCode=002970&announcementId=1222880572&orgId=9900033057&announcementTime=2025-03-25 00:00:00
锐明技术,002970,002970,锐明技术,2025年第一次临时股东会决议公告,2025-03-25 00:00:00,http://www.cninfo.com.cn/new/disclosure/detail?stockCode=002970&announcementId=1222880571&orgId=9900033057&announcementTime=2025-03-25 00:00:00
锐明技术,002970,002970,锐明技术,北京市金杜（深圳）律师事务所关于深圳市锐明技术股份有限公司2025年第一次临时股东会之法律意见书,2025-03-25 00:00:00,http://www.cninfo.com.cn/new/disclosure/detail?stockCode=002970&announcementId=1222880568&orgId=9900033057&announcementTime=2025-03-25 00:00:00
锐明技术,002970,002970,锐明技术,监事会关于公司2025年股票期权激励计划激励对象名单的核查意见及公示情况说明,2025-03-19 00:00:00,http://www.cninfo.com.cn/new/disclosure/detail?stockCode=002970&announcementId=1222832567&orgId=9900033057&announcementTime=2025-03-19 00:00:00
锐明技术,002970,002970,锐明技术,北京市金杜（深圳）律师事务所关于深圳市锐明技术股份有限公司第三期员工持股计划（草案）的法律意见书,2025-03-19 00:00:00,http://www.cninfo.com.cn/new/disclosure/detail?stockCode=002970&announcementId=1222832566&orgId=9900033057&announcementTime=2025-03-19 00:00:00
锐明技术,002970,002970,锐明技术,第三期员工持股计划（草案）,2025-03-07 00:00:00,http://www.cninfo.com.cn/new/disclosure/detail?stockCode=002970&announcementId=1222733357&orgId=9900033057&announcementTime=2025-03-07 00:00:00
锐明技术,002970,002970,锐明技术,上市公司股权激励计划自查表,2025-03-07 00:00:00,http://www.cninfo.com.cn/new/disclosure/detail?stockCode=002970&announcementId=1222733356&orgId=9900033057&announcementTime=2025-03-07 00:00:00
锐明技术,002970,002970,锐明技术,董事会关于公司第三期员工持股计划（草案）合规性说明,2025-03-07 00:00:00,http://www.cninfo.com.cn/new/disclosure/detail?stockCode=002970&announcementId=1222733355&orgId=9900033057&announcementTime=2025-03-07 00:00:00
锐明技术,002970,002970,锐明技术,2025年股票期权激励计划激励对象名单,2025-03-07 00:00:00,http://www.cninfo.com.cn/new/disclosure/detail?stockCode=002970&announcementId=1222733354&orgId=9900033057&announcementTime=2025-03-07 00:00:00
锐明技术,002970,002970,锐明技术,第四届监事会第九次会议决议公告,2025-03-07 00:00:00,http://www.cninfo.com.cn/new/disclosure/detail?stockCode=002970&announcementId=1222733353&orgId=9900033057&announcementTime=2025-03-07 00:00:00
锐明技术,002970,002970,锐明技术,关于召开公司2025年第一次临时股东会的通知,2025-03-07 00:00:00,http://www.cninfo.com.cn/new/disclosure/detail?stockCode=002970&announcementId=1222733352&orgId=9900033057&announcementTime=2025-03-07 00:00:00
锐明技术,002970,002970,锐明技术,2025年股票期权激励计划（草案）,2025-03-07 00:00:00,http://www.cninfo.com.cn/new/disclosure/detail?stockCode=002970&announcementId=1222733351&orgId=9900033057&announcementTime=2025-03-07 00:00:00
锐明技术,002970,002970,锐明技术,第三期员工持股计划管理办法,2025-03-07 00:00:00,http://www.cninfo.com.cn/new/disclosure/detail?stockCode=002970&announcementId=1222733350&orgId=9900033057&announcementTime=2025-03-07 00:00:00
锐明技术,002970,002970,锐明技术,第三期员工持股计划（草案）摘要,2025-03-07 00:00:00,http://www.cninfo.com.cn/new/disclosure/detail?stockCode=002970&announcementId=1222733349&orgId=9900033057&announcementTime=2025-03-07 00:00:00
锐明技术,002970,002970,锐明技术,2025年股票期权激励计划实施考核管理办法,2025-03-07 00:00:00,http://www.cninfo.com.cn/new/disclosure/detail?stockCode=002970&announcementId=1222733348&orgId=9900033057&announcementTime=2025-03-07 00:00:00
锐明技术,002970,002970,锐明技术,深圳市锐明技术股份有限公司关于第四届监事会第九次会议相关事项的核查意见,2025-03-07 00:00:00,http://www.cninfo.com.cn/new/disclosure/detail?stockCode=002970&announcementId=1222733347&orgId=9900033057&announcementTime=2025-03-07 00:00:00
锐明技术,002970,002970,锐明技术,深圳价值在线咨询顾问有限公司关于深圳市锐明技术股份有限公司2025年股票期权激励计划（草案）之独立财务顾问报告,2025-03-07 00:00:00,http://www.cninfo.com.cn/new/disclosure/detail?stockCode=002970&announcementId=1222733346&orgId=9900033057&announcementTime=2025-03-07 00:00:00
锐明技术,002970,002970,锐明技术,关于深圳市锐明技术股份有限公司2025年股票期权激励计划（草案）的法律意见书,2025-03-07 00:00:00,http://www.cninfo.com.cn/new/disclosure/detail?stockCode=002970&announcementId=1222733345&orgId=9900033057&announcementTime=2025-03-07 00:00:00
锐明技术,002970,002970,锐明技术,第四届董事会第九次会议决议公告,2025-03-07 00:00:00,http://www.cninfo.com.cn/new/disclosure/detail?stockCode=002970&announcementId=1222733344&orgId=9900033057&announcementTime=2025-03-07 00:00:00
锐明技术,002970,002970,锐明技术,2025年股票期权激励计划（草案）摘要,2025-03-07 00:00:00,http://www.cninfo.com.cn/new/disclosure/detail?stockCode=002970&announcementId=1222733343&orgId=9900033057&announcementTime=2025-03-07 00:00:00
锐明技术,002970,002970,锐明技术,关于公司股东减持公司股份触及1%整数倍的公告,2025-02-27 00:00:00,http://www.cninfo.com.cn/new/disclosure/detail?stockCode=002970&announcementId=1222650018&orgId=9900033057&announcementTime=2025-02-27 00:00:00
锐明技术,002970,002970,锐明技术,关于出售子公司股权的进展公告,2025-02-18 00:00:00,http://www.cninfo.com.cn/new/disclosure/detail?stockCode=002970&announcementId=1222558177&orgId=9900033057&announcementTime=2025-02-18 00:00:00
锐明技术,002970,002970,锐明技术,关于公司股东减持股份预披露公告,2025-01-24 00:00:00,http://www.cninfo.com.cn/new/disclosure/detail?stockCode=002970&announcementId=1222419674&orgId=9900033057&announcementTime=2025-01-24 00:00:00
锐明技术,002970,002970,锐明技术,2024年年度业绩预告,2025-01-15 00:00:00,http://www.cninfo.com.cn/new/disclosure/detail?stockCode=002970&announcementId=1222331910&orgId=9900033057&announcementTime=2025-01-15 00:00:00
锐明技术,002970,002970,锐明技术,2024年第三次临时股东会决议公告,2024-12-27 00:00:00,http://www.cninfo.com.cn/new/disclosure/detail?stockCode=002970&announcementId=1222155398&orgId=9900033057&announcementTime=2024-12-27 00:00:00
锐明技术,002970,002970,锐明技术,北京市金杜（深圳）律师事务所关于深圳市锐明技术股份有限公司2024年第三次临时股东会之法律意见书,2024-12-27 00:00:00,http://www.cninfo.com.cn/new/disclosure/detail?stockCode=002970&announcementId=1222155397&orgId=9900033057&announcementTime=2024-12-27 00:00:00
锐明技术,002970,002970,锐明技术,第四届监事会第八次会议决议公告,2024-12-11 00:00:00,http://www.cninfo.com.cn/new/disclosure/detail?stockCode=002970&announcementId=1221981468&orgId=9900033057&announcementTime=2024-12-11 00:00:00
锐明技术,002970,002970,锐明技术,关于副总经理、董事会秘书辞去职务暨聘任董事会秘书的公告,2024-12-11 00:00:00,http://www.cninfo.com.cn/new/disclosure/detail?stockCode=002970&announcementId=1221981467&orgId=9900033057&announcementTime=2024-12-11 00:00:00
锐明技术,002970,002970,锐明技术,关于使用闲置自有资金进行现金管理的公告,2024-12-11 00:00:00,http://www.cninfo.com.cn/new/disclosure/detail?stockCode=002970&announcementId=1221981466&orgId=9900033057&announcementTime=2024-12-11 00:00:00
锐明技术,002970,002970,锐明技术,关于公司及控股子公司向银行申请综合授信暨开展票据池业务的公告,2024-12-11 00:00:00,http://www.cninfo.com.cn/new/disclosure/detail?stockCode=002970&announcementId=1221981465&orgId=9900033057&announcementTime=2024-12-11 00:00:00
锐明技术,002970,002970,锐明技术,关于开展外汇套期保值业务的公告,2024-12-11 00:00:00,http://www.cninfo.com.cn/new/disclosure/detail?stockCode=002970&announcementId=1221981464&orgId=9900033057&announcementTime=2024-12-11 00:00:00
锐明技术,002970,002970,锐明技术,关于召开公司2024年第三次临时股东会的通知,2024-12-11 00:00:00,http://www.cninfo.com.cn/new/disclosure/detail?stockCode=002970&announcementId=1221981463&orgId=9900033057&announcementTime=2024-12-11 00:00:00
锐明技术,002970,002970,锐明技术,第四届董事会第八次会议决议公告,2024-12-11 00:00:00,http://www.cninfo.com.cn/new/disclosure/detail?stockCode=002970&announcementId=1221981462&orgId=9900033057&announcementTime=2024-12-11 00:00:00
锐明技术,002970,002970,锐明技术,关于开展外汇套期保值的可行性分析报告,2024-12-11 00:00:00,http://www.cninfo.com.cn/new/disclosure/detail?stockCode=002970&announcementId=1221981461&orgId=9900033057&announcementTime=2024-12-11 00:00:00
锐明技术,002970,002970,锐明技术,关于续聘会计师事务所的公告,2024-12-11 00:00:00,http://www.cninfo.com.cn/new/disclosure/detail?stockCode=002970&announcementId=1221981460&orgId=9900033057&announcementTime=2024-12-11 00:00:00
锐明技术,002970,002970,锐明技术,2024年第二次临时股东会决议公告,2024-12-03 00:00:00,http://www.cninfo.com.cn/new/disclosure/detail?stockCode=002970&announcementId=1221908987&orgId=9900033057&announcementTime=2024-12-03 00:00:00
锐明技术,002970,002970,锐明技术,北京市金杜（深圳）律师事务所关于深圳市锐明技术股份有限公司2024年第二次临时股东会之法律意见书,2024-12-03 00:00:00,http://www.cninfo.com.cn/new/disclosure/detail?stockCode=002970&announcementId=1221908986&orgId=9900033057&announcementTime=2024-12-03 00:00:00
锐明技术,002970,002970,锐明技术,关于2022年股票期权激励计划部分股票期权注销完成的公告,2024-11-28 00:00:00,http://www.cninfo.com.cn/new/disclosure/detail?stockCode=002970&announcementId=1221864038&orgId=9900033057&announcementTime=2024-11-28 00:00:00
锐明技术,002970,002970,锐明技术,第四届监事会第七次会议决议公告,2024-11-16 00:00:00,http://www.cninfo.com.cn/new/disclosure/detail?stockCode=002970&announcementId=1221743752&orgId=9900033057&announcementTime=2024-11-16 00:00:00
锐明技术,002970,002970,锐明技术,关于出售子公司股权暨被动形成财务资助的公告,2024-11-16 00:00:00,http://www.cninfo.com.cn/new/disclosure/detail?stockCode=002970&announcementId=1221743751&orgId=9900033057&announcementTime=2024-11-16 00:00:00
锐明技术,002970,002970,锐明技术,第四届董事会第七次会议决议公告,2024-11-16 00:00:00,http://www.cninfo.com.cn/new/disclosure/detail?stockCode=002970&announcementId=1221743750&orgId=9900033057&announcementTime=2024-11-16 00:00:00
锐明技术,002970,002970,锐明技术,关于召开公司2024年第二次临时股东会的通知,2024-11-16 00:00:00,http://www.cninfo.com.cn/new/disclosure/detail?stockCode=002970&announcementId=1221743749&orgId=9900033057&announcementTime=2024-11-16 00:00:00
锐明技术,002970,002970,锐明技术,第四届监事会第六次会议决议公告,2024-11-13 00:00:00,http://www.cninfo.com.cn/new/disclosure/detail?stockCode=002970&announcementId=1221698391&orgId=9900033057&announcementTime=2024-11-13 00:00:00
锐明技术,002970,002970,锐明技术,关于调整2024年股票期权激励计划行权价格的公告,2024-11-13 00:00:00,http://www.cninfo.com.cn/new/disclosure/detail?stockCode=002970&announcementId=1221698389&orgId=9900033057&announcementTime=2024-11-13 00:00:00
锐明技术,002970,002970,锐明技术,北京市金杜（深圳）律师事务所关于深圳市锐明技术股份有限公司2022年股票期权激励计划行权价格调整与2024年股票期权激励计划行权价格调整事项的法律意见书,2024-11-13 00:00:00,http://www.cninfo.com.cn/new/disclosure/detail?stockCode=002970&announcementId=1221698388&orgId=9900033057&announcementTime=2024-11-13 00:00:00
锐明技术,002970,002970,锐明技术,关于调整2022年股票期权激励计划行权价格的公告,2024-11-13 00:00:00,http://www.cninfo.com.cn/new/disclosure/detail?stockCode=002970&announcementId=1221698387&orgId=9900033057&announcementTime=2024-11-13 00:00:00
锐明技术,002970,002970,锐明技术,第四届董事会第六次会议决议公告,2024-11-13 00:00:00,http://www.cninfo.com.cn/new/disclosure/detail?stockCode=002970&announcementId=1221698386&orgId=9900033057&announcementTime=2024-11-13 00:00:00
锐明技术,002970,002970,锐明技术,2024年前三季度分红派息实施公告,2024-11-12 00:00:00,http://www.cninfo.com.cn/new/disclosure/detail?stockCode=002970&announcementId=1221685253&orgId=9900033057&announcementTime=2024-11-12 00:00:00
锐明技术,002970,002970,锐明技术,北京市金杜（深圳）律师事务所关于深圳市锐明技术股份有限公司2024年第一次临时股东大会之法律意见书,2024-11-08 00:00:00,http://www.cninfo.com.cn/new/disclosure/detail?stockCode=002970&announcementId=1221650008&orgId=9900033057&announcementTime=2024-11-08 00:00:00
锐明技术,002970,002970,锐明技术,2024年第一次临时股东大会决议公告,2024-11-08 00:00:00,http://www.cninfo.com.cn/new/disclosure/detail?stockCode=002970&announcementId=1221650007&orgId=9900033057&announcementTime=2024-11-08 00:00:00
锐明技术,002970,002970,锐明技术,关于2022年股票期权激励计划预留授予第一批次第二个行权期采用自主行权模式的提示性公告,2024-10-30 00:00:00,http://www.cninfo.com.cn/new/disclosure/detail?stockCode=002970&announcementId=1221559615&orgId=9900033057&announcementTime=2024-10-30 00:00:00
锐明技术,002970,002970,锐明技术,对外投资管理制度,2024-10-23 00:00:00,http://www.cninfo.com.cn/new/disclosure/detail?stockCode=002970&announcementId=1221475278&orgId=9900033057&announcementTime=2024-10-23 00:00:00
锐明技术,002970,002970,锐明技术,战略委员会议事规则,2024-10-23 00:00:00,http://www.cninfo.com.cn/new/disclosure/detail?stockCode=002970&announcementId=1221475277&orgId=9900033057&announcementTime=2024-10-23 00:00:00
锐明技术,002970,002970,锐明技术,募集资金管理制度,2024-10-23 00:00:00,http://www.cninfo.com.cn/new/disclosure/detail?stockCode=002970&announcementId=1221475276&orgId=9900033057&announcementTime=2024-10-23 00:00:00
锐明技术,002970,002970,锐明技术,2022年股票期权激励计划预留授予第一批次第二个行权期符合行权条件的激励对象名单,2024-10-23 00:00:00,http://www.cninfo.com.cn/new/disclosure/detail?stockCode=002970&announcementId=1221475275&orgId=9900033057&announcementTime=2024-10-23 00:00:00
锐明技术,002970,002970,锐明技术,2024年三季度报告,2024-10-23 00:00:00,http://www.cninfo.com.cn/new/disclosure/detail?stockCode=002970&announcementId=1221475274&orgId=9900033057&announcementTime=2024-10-23 00:00:00
锐明技术,002970,002970,锐明技术,总经理工作细则,2024-10-23 00:00:00,http://www.cninfo.com.cn/new/disclosure/detail?stockCode=002970&announcementId=1221475273&orgId=9900033057&announcementTime=2024-10-23 00:00:00
锐明技术,002970,002970,锐明技术,关于2022年股票期权激励计划预留授予第一批次第二个行权期行权条件成就的公告,2024-10-23 00:00:00,http://www.cninfo.com.cn/new/disclosure/detail?stockCode=002970&announcementId=1221475272&orgId=9900033057&announcementTime=2024-10-23 00:00:00
锐明技术,002970,002970,锐明技术,监事会关于公司2022年股票期权激励计划注销部分股票期权及预留授予第一批次第二个行权期可行权激励对象名单的核查意见,2024-10-23 00:00:00,http://www.cninfo.com.cn/new/disclosure/detail?stockCode=002970&announcementId=1221475271&orgId=9900033057&announcementTime=2024-10-23 00:00:00
锐明技术,002970,002970,锐明技术,监事会议事规则,2024-10-23 00:00:00,http://www.cninfo.com.cn/new/disclosure/detail?stockCode=002970&announcementId=1221475270&orgId=9900033057&announcementTime=2024-10-23 00:00:00
锐明技术,002970,002970,锐明技术,关于召开公司2024年第一次临时股东大会的通知,2024-10-23 00:00:00,http://www.cninfo.com.cn/new/disclosure/detail?stockCode=002970&announcementId=1221475269&orgId=9900033057&announcementTime=2024-10-23 00:00:00
锐明技术,002970,002970,锐明技术,公司章程,2024-10-23 00:00:00,http://www.cninfo.com.cn/new/disclosure/detail?stockCode=002970&announcementId=1221475268&orgId=9900033057&announcementTime=2024-10-23 00:00:00
锐明技术,002970,002970,锐明技术,深圳价值在线咨询顾问有限公司关于深圳市锐明技术股份有限公司2022年股票期权激励计划预留授予第一批次第二个行权期行权条件成就相关事项之独立财务顾问报告,2024-10-23 00:00:00,http://www.cninfo.com.cn/new/disclosure/detail?stockCode=002970&announcementId=1221475267&orgId=9900033057&announcementTime=2024-10-23 00:00:00
锐明技术,002970,002970,锐明技术,会计师事务所选聘制度,2024-10-23 00:00:00,http://www.cninfo.com.cn/new/disclosure/detail?stockCode=002970&announcementId=1221475266&orgId=9900033057&announcementTime=2024-10-23 00:00:00
锐明技术,002970,002970,锐明技术,审计委员会议事规则,2024-10-23 00:00:00,http://www.cninfo.com.cn/new/disclosure/detail?stockCode=002970&announcementId=1221475265&orgId=9900033057&announcementTime=2024-10-23 00:00:00
锐明技术,002970,002970,锐明技术,关联交易管理制度,2024-10-23 00:00:00,http://www.cninfo.com.cn/new/disclosure/detail?stockCode=002970&announcementId=1221475264&orgId=9900033057&announcementTime=2024-10-23 00:00:00
锐明技术,002970,002970,锐明技术,薪酬与考核委员会议事规则,2024-10-23 00:00:00,http://www.cninfo.com.cn/new/disclosure/detail?stockCode=002970&announcementId=1221475263&orgId=9900033057&announcementTime=2024-10-23 00:00:00
锐明技术,002970,002970,锐明技术,董事会议事规则,2024-10-23 00:00:00,http://www.cninfo.com.cn/new/disclosure/detail?stockCode=002970&announcementId=1221475262&orgId=9900033057&announcementTime=2024-10-23 00:00:00
锐明技术,002970,002970,锐明技术,独立董事工作制度,2024-10-23 00:00:00,http://www.cninfo.com.cn/new/disclosure/detail?stockCode=002970&announcementId=1221475261&orgId=9900033057&announcementTime=2024-10-23 00:00:00
锐明技术,002970,002970,锐明技术,股东会议事规则,2024-10-23 00:00:00,http://www.cninfo.com.cn/new/disclosure/detail?stockCode=002970&announcementId=1221475260&orgId=9900033057&announcementTime=2024-10-23 00:00:00
锐明技术,002970,002970,锐明技术,对外担保管理制度,2024-10-23 00:00:00,http://www.cninfo.com.cn/new/disclosure/detail?stockCode=002970&announcementId=1221475259&orgId=9900033057&announcementTime=2024-10-23 00:00:00
锐明技术,002970,002970,锐明技术,关于计提信用减值损失及资产减值损失的公告,2024-10-23 00:00:00,http://www.cninfo.com.cn/new/disclosure/detail?stockCode=002970&announcementId=1221475258&orgId=9900033057&announcementTime=2024-10-23 00:00:00
锐明技术,002970,002970,锐明技术,累积投票制实施细则,2024-10-23 00:00:00,http://www.cninfo.com.cn/new/disclosure/detail?stockCode=002970&announcementId=1221475257&orgId=9900033057&announcementTime=2024-10-23 00:00:00
锐明技术,002970,002970,锐明技术,北京市金杜（深圳）律师事务所关于深圳市锐明技术股份有限公司2022年股票期权激励计划注销部分股票期权及预留授予第一批次第二个行权期行权条件成就事宜的法律意见书,2024-10-23 00:00:00,http://www.cninfo.com.cn/new/disclosure/detail?stockCode=002970&announcementId=1221475256&orgId=9900033057&announcementTime=2024-10-23 00:00:00
锐明技术,002970,002970,锐明技术,提名委员会议事规则,2024-10-23 00:00:00,http://www.cninfo.com.cn/new/disclosure/detail?stockCode=002970&announcementId=1221475255&orgId=9900033057&announcementTime=2024-10-23 00:00:00
锐明技术,002970,002970,锐明技术,董事会秘书工作规则,2024-10-23 00:00:00,http://www.cninfo.com.cn/new/disclosure/detail?stockCode=002970&announcementId=1221475254&orgId=9900033057&announcementTime=2024-10-23 00:00:00
锐明技术,002970,002970,锐明技术,内部审计制度,2024-10-23 00:00:00,http://www.cninfo.com.cn/new/disclosure/detail?stockCode=002970&announcementId=1221475253&orgId=9900033057&announcementTime=2024-10-23 00:00:00
锐明技术,002970,002970,锐明技术,董事会决议公告,2024-10-23 00:00:00,http://www.cninfo.com.cn/new/disclosure/detail?stockCode=002970&announcementId=1221475252&orgId=9900033057&announcementTime=2024-10-23 00:00:00
锐明技术,002970,002970,锐明技术,监事会决议公告,2024-10-23 00:00:00,http://www.cninfo.com.cn/new/disclosure/detail?stockCode=002970&announcementId=1221475251&orgId=9900033057&announcementTime=2024-10-23 00:00:00
锐明技术,002970,002970,锐明技术,关于注销2022年股票期权激励计划部分已授予但尚未行权的股票期权的公告,2024-10-23 00:00:00,http://www.cninfo.com.cn/new/disclosure/detail?stockCode=002970&announcementId=1221475250&orgId=9900033057&announcementTime=2024-10-23 00:00:00
锐明技术,002970,002970,锐明技术,董事、监事和高级管理人员所持本公司股份及其变动管理制度,2024-10-23 00:00:00,http://www.cninfo.com.cn/new/disclosure/detail?stockCode=002970&announcementId=1221475249&orgId=9900033057&announcementTime=2024-10-23 00:00:00
锐明技术,002970,002970,锐明技术,内幕信息知情人登记管理制度,2024-10-23 00:00:00,http://www.cninfo.com.cn/new/disclosure/detail?stockCode=002970&announcementId=1221475248&orgId=9900033057&announcementTime=2024-10-23 00:00:00
锐明技术,002970,002970,锐明技术,投资者关系管理制度,2024-10-23 00:00:00,http://www.cninfo.com.cn/new/disclosure/detail?stockCode=002970&announcementId=1221475247&orgId=9900033057&announcementTime=2024-10-23 00:00:00
锐明技术,002970,002970,锐明技术,关于变更注册资本、修订《公司章程》并办理工商变更登记的公告,2024-10-23 00:00:00,http://www.cninfo.com.cn/new/disclosure/detail?stockCode=002970&announcementId=1221475246&orgId=9900033057&announcementTime=2024-10-23 00:00:00
锐明技术,002970,002970,锐明技术,2024年前三季度业绩预告,2024-10-15 00:00:00,http://www.cninfo.com.cn/new/disclosure/detail?stockCode=002970&announcementId=1221384545&orgId=9900033057&announcementTime=2024-10-15 00:00:00
锐明技术,002970,002970,锐明技术,2024年半年度报告摘要,2024-08-23 00:00:00,http://www.cninfo.com.cn/new/disclosure/detail?stockCode=002970&announcementId=1220949432&orgId=9900033057&announcementTime=2024-08-23 00:00:00
锐明技术,002970,002970,锐明技术,2024年半年度报告,2024-08-23 00:00:00,http://www.cninfo.com.cn/new/disclosure/detail?stockCode=002970&announcementId=1220949431&orgId=9900033057&announcementTime=2024-08-23 00:00:00
锐明技术,002970,002970,锐明技术,半年度非经营性资金占用及其他关联资金往来情况汇总表,2024-08-23 00:00:00,http://www.cninfo.com.cn/new/disclosure/detail?stockCode=002970&announcementId=1220949430&orgId=9900033057&announcementTime=2024-08-23 00:00:00
锐明技术,002970,002970,锐明技术,2024年半年度财务报告,2024-08-23 00:00:00,http://www.cninfo.com.cn/new/disclosure/detail?stockCode=002970&announcementId=1220949428&orgId=9900033057&announcementTime=2024-08-23 00:00:00
锐明技术,002970,002970,锐明技术,关于计提信用减值损失及资产减值损失的公告,2024-08-23 00:00:00,http://www.cninfo.com.cn/new/disclosure/detail?stockCode=002970&announcementId=1220949421&orgId=9900033057&announcementTime=2024-08-23 00:00:00
锐明技术,002970,002970,锐明技术,关于第二期员工持股计划非交易过户完成的公告,2024-08-07 00:00:00,http://www.cninfo.com.cn/new/disclosure/detail?stockCode=002970&announcementId=1220804759&orgId=9900033057&announcementTime=2024-08-07 00:00:00
锐明技术,002970,002970,锐明技术,第二期员工持股计划第一次持有人会议决议公告,2024-08-07 00:00:00,http://www.cninfo.com.cn/new/disclosure/detail?stockCode=002970&announcementId=1220804758&orgId=9900033057&announcementTime=2024-08-07 00:00:00
锐明技术,002970,002970,锐明技术,关于2022年股票期权激励计划部分股票期权注销完成的公告,2024-07-26 00:00:00,http://www.cninfo.com.cn/new/disclosure/detail?stockCode=002970&announcementId=1220730423&orgId=9900033057&announcementTime=2024-07-26 00:00:00
锐明技术,002970,002970,锐明技术,关于2021年股票期权与限制性股票激励计划部分限制性股票回购注销完成的公告,2024-07-20 00:00:00,http://www.cninfo.com.cn/new/disclosure/detail?stockCode=002970&announcementId=1220688809&orgId=9900033057&announcementTime=2024-07-20 00:00:00
锐明技术,002970,002970,锐明技术,关于2022年股票期权激励计划首次授予部分第二个行权期采用自主行权模式的提示性公告,2024-07-19 00:00:00,http://www.cninfo.com.cn/new/disclosure/detail?stockCode=002970&announcementId=1220676580&orgId=9900033057&announcementTime=2024-07-19 00:00:00
锐明技术,002970,002970,锐明技术,2024年半年度业绩预告,2024-07-11 00:00:00,http://www.cninfo.com.cn/new/disclosure/detail?stockCode=002970&announcementId=1220601791&orgId=9900033057&announcementTime=2024-07-11 00:00:00
锐明技术,002970,002970,锐明技术,第四届监事会第三次会议决议公告,2024-07-06 00:00:00,http://www.cninfo.com.cn/new/disclosure/detail?stockCode=002970&announcementId=1220541612&orgId=9900033057&announcementTime=2024-07-06 00:00:00
锐明技术,002970,002970,锐明技术,第四届董事会第三次会议决议公告,2024-07-06 00:00:00,http://www.cninfo.com.cn/new/disclosure/detail?stockCode=002970&announcementId=1220541611&orgId=9900033057&announcementTime=2024-07-06 00:00:00
锐明技术,002970,002970,锐明技术,北京市金杜（深圳）律师事务所关于深圳市锐明技术股份有限公司2022年股票期权激励计划注销部分股票期权及首次授予部分第二个行权期行权条件成就事宜的法律意见书,2024-07-06 00:00:00,http://www.cninfo.com.cn/new/disclosure/detail?stockCode=002970&announcementId=1220541609&orgId=9900033057&announcementTime=2024-07-06 00:00:00
锐明技术,002970,002970,锐明技术,深圳价值在线咨询顾问有限公司关于深圳市锐明技术股份有限公司2022年股票期权激励计划首次授予部分第二个行权期行权条件成就相关事项之独立财务顾问报告,2024-07-06 00:00:00,http://www.cninfo.com.cn/new/disclosure/detail?stockCode=002970&announcementId=1220541607&orgId=9900033057&announcementTime=2024-07-06 00:00:00
锐明技术,002970,002970,锐明技术,关于2022年股票期权激励计划首次授予部分第二个行权期行权条件成就的公告,2024-07-06 00:00:00,http://www.cninfo.com.cn/new/disclosure/detail?stockCode=002970&announcementId=1220541606&orgId=9900033057&announcementTime=2024-07-06 00:00:00
锐明技术,002970,002970,锐明技术,关于注销2022年股票期权激励计划部分已授予但尚未行权的股票期权的公告,2024-07-06 00:00:00,http://www.cninfo.com.cn/new/disclosure/detail?stockCode=002970&announcementId=1220541605&orgId=9900033057&announcementTime=2024-07-06 00:00:00
锐明技术,002970,002970,锐明技术,2022年股票期权激励计划首次授予部分第二个行权期符合行权条件的激励对象名单,2024-07-06 00:00:00,http://www.cninfo.com.cn/new/disclosure/detail?stockCode=002970&announcementId=1220541604&orgId=9900033057&announcementTime=2024-07-06 00:00:00
锐明技术,002970,002970,锐明技术,监事会关于公司2022年股票期权激励计划注销部分股票期权及可行权激励对象名单的核查意见,2024-07-06 00:00:00,http://www.cninfo.com.cn/new/disclosure/detail?stockCode=002970&announcementId=1220541603&orgId=9900033057&announcementTime=2024-07-06 00:00:00
锐明技术,002970,002970,锐明技术,关于2024年股票期权激励计划授予登记完成的公告,2024-06-20 00:00:00,http://www.cninfo.com.cn/new/disclosure/detail?stockCode=002970&announcementId=1220402933&orgId=9900033057&announcementTime=2024-06-20 00:00:00
锐明技术,002970,002970,锐明技术,关于2021年股票期权与限制性股票激励计划部分股票期权注销完成的公告,2024-06-12 00:00:00,http://www.cninfo.com.cn/new/disclosure/detail?stockCode=002970&announcementId=1220323786&orgId=9900033057&announcementTime=2024-06-12 00:00:00
锐明技术,002970,002970,锐明技术,关于第一期员工持股计划第一个锁定期届满的提示性公告,2024-06-08 00:00:00,http://www.cninfo.com.cn/new/disclosure/detail?stockCode=002970&announcementId=1220299451&orgId=9900033057&announcementTime=2024-06-08 00:00:00
锐明技术,002970,002970,锐明技术,关于2022年股票期权激励计划部分股票期权注销完成的公告,2024-06-07 00:00:00,http://www.cninfo.com.cn/new/disclosure/detail?stockCode=002970&announcementId=1220288667&orgId=9900033057&announcementTime=2024-06-07 00:00:00
锐明技术,002970,002970,锐明技术,关于调整第二期员工持股计划购买价格的公告,2024-05-28 00:00:00,http://www.cninfo.com.cn/new/disclosure/detail?stockCode=002970&announcementId=1220174182&orgId=9900033057&announcementTime=2024-05-28 00:00:00
锐明技术,002970,002970,锐明技术,北京市金杜（深圳）律师事务所关于深圳市锐明技术股份有限公司2022年股票期权激励计划行权价格调整与2024年股票期权激励计划行权价格调整事项的法律意见书,2024-05-28 00:00:00,http://www.cninfo.com.cn/new/disclosure/detail?stockCode=002970&announcementId=1220174181&orgId=9900033057&announcementTime=2024-05-28 00:00:00
锐明技术,002970,002970,锐明技术,关于调整2022年股票期权激励计划行权价格的公告,2024-05-28 00:00:00,http://www.cninfo.com.cn/new/disclosure/detail?stockCode=002970&announcementId=1220174180&orgId=9900033057&announcementTime=2024-05-28 00:00:00
锐明技术,002970,002970,锐明技术,关于调整2024年股票期权激励计划行权价格的公告,2024-05-28 00:00:00,http://www.cninfo.com.cn/new/disclosure/detail?stockCode=002970&announcementId=1220174179&orgId=9900033057&announcementTime=2024-05-28 00:00:00
锐明技术,002970,002970,锐明技术,第四届董事会第二次会议决议公告,2024-05-28 00:00:00,http://www.cninfo.com.cn/new/disclosure/detail?stockCode=002970&announcementId=1220174178&orgId=9900033057&announcementTime=2024-05-28 00:00:00
锐明技术,002970,002970,锐明技术,第四届监事会第二次会议决议公告,2024-05-28 00:00:00,http://www.cninfo.com.cn/new/disclosure/detail?stockCode=002970&announcementId=1220174177&orgId=9900033057&announcementTime=2024-05-28 00:00:00
锐明技术,002970,002970,锐明技术,2023年年度分红派息实施公告,2024-05-23 00:00:00,http://www.cninfo.com.cn/new/disclosure/detail?stockCode=002970&announcementId=1220133555&orgId=9900033057&announcementTime=2024-05-23 00:00:00
锐明技术,002970,002970,锐明技术,北京市金杜（深圳）律师事务所关于深圳市锐明技术股份有限公司2024年股票期权激励计划授予事项的法律意见书,2024-05-16 00:00:00,http://www.cninfo.com.cn/new/disclosure/detail?stockCode=002970&announcementId=1220063110&orgId=9900033057&announcementTime=2024-05-16 00:00:00
锐明技术,002970,002970,锐明技术,关于董事会、监事会完成换届选举及聘任高级管理人员及其他人员的公告,2024-05-16 00:00:00,http://www.cninfo.com.cn/new/disclosure/detail?stockCode=002970&announcementId=1220063108&orgId=9900033057&announcementTime=2024-05-16 00:00:00
锐明技术,002970,002970,锐明技术,关于向2024年股票期权激励计划激励对象授予股票期权的公告,2024-05-16 00:00:00,http://www.cninfo.com.cn/new/disclosure/detail?stockCode=002970&announcementId=1220063107&orgId=9900033057&announcementTime=2024-05-16 00:00:00
锐明技术,002970,002970,锐明技术,深圳市锐明技术股份有限公司2024年股票期权激励计划激励对象名单（截至授权日）,2024-05-16 00:00:00,http://www.cninfo.com.cn/new/disclosure/detail?stockCode=002970&announcementId=1220063106&orgId=9900033057&announcementTime=2024-05-16 00:00:00
锐明技术,002970,002970,锐明技术,深圳价值在线咨询顾问有限公司关于深圳市锐明技术股份有限公司2024年股票期权激励计划授予事项之独立财务顾问报告,2024-05-16 00:00:00,http://www.cninfo.com.cn/new/disclosure/detail?stockCode=002970&announcementId=1220063104&orgId=9900033057&announcementTime=2024-05-16 00:00:00
锐明技术,002970,002970,锐明技术,监事会关于公司2024年股票期权激励计划激励对象名单（截至授权日）的核查意见,2024-05-16 00:00:00,http://www.cninfo.com.cn/new/disclosure/detail?stockCode=002970&announcementId=1220063103&orgId=9900033057&announcementTime=2024-05-16 00:00:00
锐明技术,002970,002970,锐明技术,第四届监事会第一次会议决议公告,2024-05-16 00:00:00,http://www.cninfo.com.cn/new/disclosure/detail?stockCode=002970&announcementId=1220063102&orgId=9900033057&announcementTime=2024-05-16 00:00:00
锐明技术,002970,002970,锐明技术,第四届董事会第一次会议决议公告,2024-05-16 00:00:00,http://www.cninfo.com.cn/new/disclosure/detail?stockCode=002970&announcementId=1220063100&orgId=9900033057&announcementTime=2024-05-16 00:00:00
锐明技术,002970,002970,锐明技术,关于提前终止回购公司股份暨回购实施结果的公告,2024-05-16 00:00:00,http://www.cninfo.com.cn/new/disclosure/detail?stockCode=002970&announcementId=1220062963&orgId=9900033057&announcementTime=2024-05-16 00:00:00
锐明技术,002970,002970,锐明技术,关于回购注销部分限制性股票减少注册资本暨通知债权人的公告,2024-05-15 00:00:00,http://www.cninfo.com.cn/new/disclosure/detail?stockCode=002970&announcementId=1220053423&orgId=9900033057&announcementTime=2024-05-15 00:00:00
锐明技术,002970,002970,锐明技术,关于2024年股票期权激励计划内幕信息知情人及激励对象买卖公司股票情况的自查报告,2024-05-15 00:00:00,http://www.cninfo.com.cn/new/disclosure/detail?stockCode=002970&announcementId=1220053422&orgId=9900033057&announcementTime=2024-05-15 00:00:00
锐明技术,002970,002970,锐明技术,第二期员工持股计划,2024-05-15 00:00:00,http://www.cninfo.com.cn/new/disclosure/detail?stockCode=002970&announcementId=1220053421&orgId=9900033057&announcementTime=2024-05-15 00:00:00
锐明技术,002970,002970,锐明技术,北京市金杜（深圳）律师事务所关于深圳市锐明技术股份有限公司2023年年度股东大会之法律意见书,2024-05-15 00:00:00,http://www.cninfo.com.cn/new/disclosure/detail?stockCode=002970&announcementId=1220053420&orgId=9900033057&announcementTime=2024-05-15 00:00:00
锐明技术,002970,002970,锐明技术,2023年年度股东大会决议公告,2024-05-15 00:00:00,http://www.cninfo.com.cn/new/disclosure/detail?stockCode=002970&announcementId=1220053419&orgId=9900033057&announcementTime=2024-05-15 00:00:00
锐明技术,002970,002970,锐明技术,关于2022年股票期权激励计划预留授予第二批次第一个行权期采用自主行权模式的提示性公告,2024-05-15 00:00:00,http://www.cninfo.com.cn/new/disclosure/detail?stockCode=002970&announcementId=1220052351&orgId=9900033057&announcementTime=2024-05-15 00:00:00
锐明技术,002970,002970,锐明技术,北京市金杜（深圳）律师事务所关于深圳市锐明技术股份有限公司2024年股票期权激励计划（草案）的法律意见书,2024-05-15 00:00:00,http://www.cninfo.com.cn/new/disclosure/detail?stockCode=002970&announcementId=1220052350&orgId=9900033057&announcementTime=2024-05-15 00:00:00
锐明技术,002970,002970,锐明技术,监事会关于公司2024年股票期权激励计划激励对象名单的公示情况说明及核查意见,2024-05-09 00:00:00,http://www.cninfo.com.cn/new/disclosure/detail?stockCode=002970&announcementId=1220009021&orgId=9900033057&announcementTime=2024-05-09 00:00:00
锐明技术,002970,002970,锐明技术,北京市金杜（深圳）律师事务所关于深圳市锐明技术股份有限公司第二期员工持股计划（草案）的法律意见书,2024-05-09 00:00:00,http://www.cninfo.com.cn/new/disclosure/detail?stockCode=002970&announcementId=1220009020&orgId=9900033057&announcementTime=2024-05-09 00:00:00
锐明技术,002970,002970,锐明技术,关于回购公司股份的进展公告,2024-05-07 00:00:00,http://www.cninfo.com.cn/new/disclosure/detail?stockCode=002970&announcementId=1219983210&orgId=9900033057&announcementTime=2024-05-07 00:00:00
锐明技术,002970,002970,锐明技术,关于注销2021年股票期权与限制性股票激励计划部分已授予但尚未行权的股票期权的公告,2024-04-24 00:00:00,http://www.cninfo.com.cn/new/disclosure/detail?stockCode=002970&announcementId=1219774039&orgId=9900033057&announcementTime=2024-04-24 00:00:00
锐明技术,002970,002970,锐明技术,关于注销2022年股票期权激励计划部分已授予但尚未行权的股票期权的公告,2024-04-24 00:00:00,http://www.cninfo.com.cn/new/disclosure/detail?stockCode=002970&announcementId=1219774038&orgId=9900033057&announcementTime=2024-04-24 00:00:00
锐明技术,002970,002970,锐明技术,关于计提信用减值损失及资产减值损失的公告,2024-04-24 00:00:00,http://www.cninfo.com.cn/new/disclosure/detail?stockCode=002970&announcementId=1219774037&orgId=9900033057&announcementTime=2024-04-24 00:00:00
锐明技术,002970,002970,锐明技术,独立董事候选人声明与承诺（向怀坤）,2024-04-24 00:00:00,http://www.cninfo.com.cn/new/disclosure/detail?stockCode=002970&announcementId=1219774036&orgId=9900033057&announcementTime=2024-04-24 00:00:00
锐明技术,002970,002970,锐明技术,2022年股票期权激励计划预留授予第二批次第一个行权期符合行权条件的激励对象名单,2024-04-24 00:00:00,http://www.cninfo.com.cn/new/disclosure/detail?stockCode=002970&announcementId=1219774035&orgId=9900033057&announcementTime=2024-04-24 00:00:00
锐明技术,002970,002970,锐明技术,2023年年度报告,2024-04-24 00:00:00,http://www.cninfo.com.cn/new/disclosure/detail?stockCode=002970&announcementId=1219774034&orgId=9900033057&announcementTime=2024-04-24 00:00:00
锐明技术,002970,002970,锐明技术,关于会计政策变更的公告,2024-04-24 00:00:00,http://www.cninfo.com.cn/new/disclosure/detail?stockCode=002970&announcementId=1219774033&orgId=9900033057&announcementTime=2024-04-24 00:00:00
锐明技术,002970,002970,锐明技术,独立董事提名人声明与承诺（金振朝）,2024-04-24 00:00:00,http://www.cninfo.com.cn/new/disclosure/detail?stockCode=002970&announcementId=1219774032&orgId=9900033057&announcementTime=2024-04-24 00:00:00
锐明技术,002970,002970,锐明技术,公司章程,2024-04-24 00:00:00,http://www.cninfo.com.cn/new/disclosure/detail?stockCode=002970&announcementId=1219774031&orgId=9900033057&announcementTime=2024-04-24 00:00:00
锐明技术,002970,002970,锐明技术,独立董事关于公开征集表决权的公告,2024-04-24 00:00:00,http://www.cninfo.com.cn/new/disclosure/detail?stockCode=002970&announcementId=1219774030&orgId=9900033057&announcementTime=2024-04-24 00:00:00
锐明技术,002970,002970,锐明技术,审计委员会对会计师事务所2023年度履职情况评估报告和履行监督职责情况报告,2024-04-24 00:00:00,http://www.cninfo.com.cn/new/disclosure/detail?stockCode=002970&announcementId=1219774029&orgId=9900033057&announcementTime=2024-04-24 00:00:00
锐明技术,002970,002970,锐明技术,2023年度独立董事述职报告（向怀坤）,2024-04-24 00:00:00,http://www.cninfo.com.cn/new/disclosure/detail?stockCode=002970&announcementId=1219774028&orgId=9900033057&announcementTime=2024-04-24 00:00:00
锐明技术,002970,002970,锐明技术,2023年度监事会工作报告,2024-04-24 00:00:00,http://www.cninfo.com.cn/new/disclosure/detail?stockCode=002970&announcementId=1219774026&orgId=9900033057&announcementTime=2024-04-24 00:00:00
锐明技术,002970,002970,锐明技术,独立董事候选人声明与承诺（梁金华）,2024-04-24 00:00:00,http://www.cninfo.com.cn/new/disclosure/detail?stockCode=002970&announcementId=1219774025&orgId=9900033057&announcementTime=2024-04-24 00:00:00
锐明技术,002970,002970,锐明技术,2023年年度报告摘要,2024-04-24 00:00:00,http://www.cninfo.com.cn/new/disclosure/detail?stockCode=002970&announcementId=1219774024&orgId=9900033057&announcementTime=2024-04-24 00:00:00
锐明技术,002970,002970,锐明技术,2023年年度审计报告,2024-04-24 00:00:00,http://www.cninfo.com.cn/new/disclosure/detail?stockCode=002970&announcementId=1219774023&orgId=9900033057&announcementTime=2024-04-24 00:00:00
锐明技术,002970,002970,锐明技术,年度募集资金使用情况专项说明,2024-04-24 00:00:00,http://www.cninfo.com.cn/new/disclosure/detail?stockCode=002970&announcementId=1219774022&orgId=9900033057&announcementTime=2024-04-24 00:00:00
锐明技术,002970,002970,锐明技术,关于监事会换届选举的公告,2024-04-24 00:00:00,http://www.cninfo.com.cn/new/disclosure/detail?stockCode=002970&announcementId=1219774021&orgId=9900033057&announcementTime=2024-04-24 00:00:00
锐明技术,002970,002970,锐明技术,2024年一季度报告,2024-04-24 00:00:00,http://www.cninfo.com.cn/new/disclosure/detail?stockCode=002970&announcementId=1219774020&orgId=9900033057&announcementTime=2024-04-24 00:00:00
锐明技术,002970,002970,锐明技术,第三届董事会提名委员会关于独立董事候选人任职资格的审查意见,2024-04-24 00:00:00,http://www.cninfo.com.cn/new/disclosure/detail?stockCode=002970&announcementId=1219774019&orgId=9900033057&announcementTime=2024-04-24 00:00:00
锐明技术,002970,002970,锐明技术,独立董事提名人声明与承诺（梁金华）,2024-04-24 00:00:00,http://www.cninfo.com.cn/new/disclosure/detail?stockCode=002970&announcementId=1219774018&orgId=9900033057&announcementTime=2024-04-24 00:00:00
锐明技术,002970,002970,锐明技术,董事会决议公告,2024-04-24 00:00:00,http://www.cninfo.com.cn/new/disclosure/detail?stockCode=002970&announcementId=1219774017&orgId=9900033057&announcementTime=2024-04-24 00:00:00
锐明技术,002970,002970,锐明技术,2023年度董事会工作报告,2024-04-24 00:00:00,http://www.cninfo.com.cn/new/disclosure/detail?stockCode=002970&announcementId=1219774016&orgId=9900033057&announcementTime=2024-04-24 00:00:00
锐明技术,002970,002970,锐明技术,年度关联方资金占用专项审计报告,2024-04-24 00:00:00,http://www.cninfo.com.cn/new/disclosure/detail?stockCode=002970&announcementId=1219774015&orgId=9900033057&announcementTime=2024-04-24 00:00:00
锐明技术,002970,002970,锐明技术,董事会对独立董事独立性评估的专项意见,2024-04-24 00:00:00,http://www.cninfo.com.cn/new/disclosure/detail?stockCode=002970&announcementId=1219774014&orgId=9900033057&announcementTime=2024-04-24 00:00:00
锐明技术,002970,002970,锐明技术,关于董事会换届选举的公告,2024-04-24 00:00:00,http://www.cninfo.com.cn/new/disclosure/detail?stockCode=002970&announcementId=1219774013&orgId=9900033057&announcementTime=2024-04-24 00:00:00
锐明技术,002970,002970,锐明技术,监事会关于第三届监事会第二十三次会议相关事项的核查意见,2024-04-24 00:00:00,http://www.cninfo.com.cn/new/disclosure/detail?stockCode=002970&announcementId=1219774012&orgId=9900033057&announcementTime=2024-04-24 00:00:00
锐明技术,002970,002970,锐明技术,深圳价值在线信息科技股份有限公司关于深圳市锐明技术股份有限公司2021年股票期权与限制性股票激励计划回购注销部分限制性股票相关事项之独立财务顾问报告,2024-04-24 00:00:00,http://www.cninfo.com.cn/new/disclosure/detail?stockCode=002970&announcementId=1219774011&orgId=9900033057&announcementTime=2024-04-24 00:00:00
锐明技术,002970,002970,锐明技术,国信证券关于锐明技术2023年募集资金存放与使用情况核查意见0423,2024-04-24 00:00:00,http://www.cninfo.com.cn/new/disclosure/detail?stockCode=002970&announcementId=1219774010&orgId=9900033057&announcementTime=2024-04-24 00:00:00
锐明技术,002970,002970,锐明技术,独立董事提名人声明与承诺（向怀坤）,2024-04-24 00:00:00,http://www.cninfo.com.cn/new/disclosure/detail?stockCode=002970&announcementId=1219774009&orgId=9900033057&announcementTime=2024-04-24 00:00:00
锐明技术,002970,002970,锐明技术,资产评估报告,2024-04-24 00:00:00,http://www.cninfo.com.cn/new/disclosure/detail?stockCode=002970&announcementId=1219774008&orgId=9900033057&announcementTime=2024-04-24 00:00:00
锐明技术,002970,002970,锐明技术,年度股东大会通知,2024-04-24 00:00:00,http://www.cninfo.com.cn/new/disclosure/detail?stockCode=002970&announcementId=1219774007&orgId=9900033057&announcementTime=2024-04-24 00:00:00
锐明技术,002970,002970,锐明技术,监事会决议公告,2024-04-24 00:00:00,http://www.cninfo.com.cn/new/disclosure/detail?stockCode=002970&announcementId=1219774006&orgId=9900033057&announcementTime=2024-04-24 00:00:00
锐明技术,002970,002970,锐明技术,独立董事年度述职报告,2024-04-24 00:00:00,http://www.cninfo.com.cn/new/disclosure/detail?stockCode=002970&announcementId=1219774005&orgId=9900033057&announcementTime=2024-04-24 00:00:00
锐明技术,002970,002970,锐明技术,内部控制自我评价报告,2024-04-24 00:00:00,http://www.cninfo.com.cn/new/disclosure/detail?stockCode=002970&announcementId=1219774004&orgId=9900033057&announcementTime=2024-04-24 00:00:00
锐明技术,002970,002970,锐明技术,关于修订《公司章程》并办理工商变更登记的公告,2024-04-24 00:00:00,http://www.cninfo.com.cn/new/disclosure/detail?stockCode=002970&announcementId=1219774003&orgId=9900033057&announcementTime=2024-04-24 00:00:00
锐明技术,002970,002970,锐明技术,关于举行2023年度业绩说明会的公告,2024-04-24 00:00:00,http://www.cninfo.com.cn/new/disclosure/detail?stockCode=002970&announcementId=1219774002&orgId=9900033057&announcementTime=2024-04-24 00:00:00
锐明技术,002970,002970,锐明技术,关于2024年度日常关联交易预计的公告,2024-04-24 00:00:00,http://www.cninfo.com.cn/new/disclosure/detail?stockCode=002970&announcementId=1219774001&orgId=9900033057&announcementTime=2024-04-24 00:00:00
锐明技术,002970,002970,锐明技术,年度募集资金使用鉴证报告,2024-04-24 00:00:00,http://www.cninfo.com.cn/new/disclosure/detail?stockCode=002970&announcementId=1219774000&orgId=9900033057&announcementTime=2024-04-24 00:00:00
锐明技术,002970,002970,锐明技术,2023年度独立董事述职报告（刘志永）,2024-04-24 00:00:00,http://www.cninfo.com.cn/new/disclosure/detail?stockCode=002970&announcementId=1219773999&orgId=9900033057&announcementTime=2024-04-24 00:00:00
锐明技术,002970,002970,锐明技术,内部控制审计报告,2024-04-24 00:00:00,http://www.cninfo.com.cn/new/disclosure/detail?stockCode=002970&announcementId=1219773998&orgId=9900033057&announcementTime=2024-04-24 00:00:00
锐明技术,002970,002970,锐明技术,关于2022年股票期权激励计划预留授予第二批次第一个行权期行权条件成就的公告,2024-04-24 00:00:00,http://www.cninfo.com.cn/new/disclosure/detail?stockCode=002970&announcementId=1219773997&orgId=9900033057&announcementTime=2024-04-24 00:00:00
锐明技术,002970,002970,锐明技术,深圳价值在线咨询顾问有限公司关于深圳市锐明技术股份有限公司2022年股票期权激励计划预留授予第二批次第一个行权期行权条件成就相关事项之独立财务顾问报告,2024-04-24 00:00:00,http://www.cninfo.com.cn/new/disclosure/detail?stockCode=002970&announcementId=1219773996&orgId=9900033057&announcementTime=2024-04-24 00:00:00
锐明技术,002970,002970,锐明技术,关于回购注销2021年股票期权与限制性股票激励计划部分已授予但尚未解除限售的限制性股票的公告,2024-04-24 00:00:00,http://www.cninfo.com.cn/new/disclosure/detail?stockCode=002970&announcementId=1219773995&orgId=9900033057&announcementTime=2024-04-24 00:00:00
锐明技术,002970,002970,锐明技术,北京市金杜（深圳）律师事务所关于深圳市锐明技术股份有限公司2021年激励计划注销部分股票期权及回购注销部分限制性股票、2022年激励计划注销部分股票期权及预留授予第二批次第一个行权期行权条件成就事宜的法律意见书,2024-04-24 00:00:00,http://www.cninfo.com.cn/new/disclosure/detail?stockCode=002970&announcementId=1219773994&orgId=9900033057&announcementTime=2024-04-24 00:00:00
锐明技术,002970,002970,锐明技术,独立董事候选人声明与承诺（金振朝）,2024-04-24 00:00:00,http://www.cninfo.com.cn/new/disclosure/detail?stockCode=002970&announcementId=1219773993&orgId=9900033057&announcementTime=2024-04-24 00:00:00
锐明技术,002970,002970,锐明技术,2024年股票期权激励计划（草案）摘要,2024-04-24 00:00:00,http://www.cninfo.com.cn/new/disclosure/detail?stockCode=002970&announcementId=1219772791&orgId=9900033057&announcementTime=2024-04-24 00:00:00
锐明技术,002970,002970,锐明技术,上市公司股权激励计划自查表,2024-04-24 00:00:00,http://www.cninfo.com.cn/new/disclosure/detail?stockCode=002970&announcementId=1219772790&orgId=9900033057&announcementTime=2024-04-24 00:00:00
锐明技术,002970,002970,锐明技术,2024年股票期权激励计划实施考核管理办法,2024-04-24 00:00:00,http://www.cninfo.com.cn/new/disclosure/detail?stockCode=002970&announcementId=1219772789&orgId=9900033057&announcementTime=2024-04-24 00:00:00
锐明技术,002970,002970,锐明技术,第二期员工持股计划（草案）,2024-04-24 00:00:00,http://www.cninfo.com.cn/new/disclosure/detail?stockCode=002970&announcementId=1219772788&orgId=9900033057&announcementTime=2024-04-24 00:00:00
锐明技术,002970,002970,锐明技术,深圳价值在线咨询顾问有限公司关于深圳市锐明技术股份有限公司2024年股票期权激励计划（草案）之独立财务顾问报告,2024-04-24 00:00:00,http://www.cninfo.com.cn/new/disclosure/detail?stockCode=002970&announcementId=1219772787&orgId=9900033057&announcementTime=2024-04-24 00:00:00
锐明技术,002970,002970,锐明技术,2024年股票期权激励计划（草案）,2024-04-24 00:00:00,http://www.cninfo.com.cn/new/disclosure/detail?stockCode=002970&announcementId=1219772786&orgId=9900033057&announcementTime=2024-04-24 00:00:00
锐明技术,002970,002970,锐明技术,董事会关于公司第二期员工持股计划（草案）合规性说明,2024-04-24 00:00:00,http://www.cninfo.com.cn/new/disclosure/detail?stockCode=002970&announcementId=1219772785&orgId=9900033057&announcementTime=2024-04-24 00:00:00
锐明技术,002970,002970,锐明技术,北京市金杜（深圳）律师事务所关于深圳市锐明技术股份有限公司2024年股票期权激励计划（草案）的法律意见书,2024-04-24 00:00:00,http://www.cninfo.com.cn/new/disclosure/detail?stockCode=002970&announcementId=1219772784&orgId=9900033057&announcementTime=2024-04-24 00:00:00
锐明技术,002970,002970,锐明技术,第二期员工持股计划管理办法,2024-04-24 00:00:00,http://www.cninfo.com.cn/new/disclosure/detail?stockCode=002970&announcementId=1219772783&orgId=9900033057&announcementTime=2024-04-24 00:00:00
锐明技术,002970,002970,锐明技术,第二期员工持股计划（草案）摘要,2024-04-24 00:00:00,http://www.cninfo.com.cn/new/disclosure/detail?stockCode=002970&announcementId=1219772782&orgId=9900033057&announcementTime=2024-04-24 00:00:00
锐明技术,002970,002970,锐明技术,2024年股票期权激励计划激励对象名单,2024-04-24 00:00:00,http://www.cninfo.com.cn/new/disclosure/detail?stockCode=002970&announcementId=1219772781&orgId=9900033057&announcementTime=2024-04-24 00:00:00
锐明技术,002970,002970,锐明技术,关于回购公司股份的进展公告,2024-04-02 00:00:00,http://www.cninfo.com.cn/new/disclosure/detail?stockCode=002970&announcementId=1219489520&orgId=9900033057&announcementTime=2024-04-02 00:00:00
锐明技术,002970,002970,锐明技术,关于回购公司股份的进展公告,2024-03-02 00:00:00,http://www.cninfo.com.cn/new/disclosure/detail?stockCode=002970&announcementId=1219217107&orgId=9900033057&announcementTime=2024-03-02 00:00:00
锐明技术,002970,002970,锐明技术,关于首次回购公司股份的公告,2024-02-06 00:00:00,http://www.cninfo.com.cn/new/disclosure/detail?stockCode=002970&announcementId=1219096089&orgId=9900033057&announcementTime=2024-02-06 00:00:00
锐明技术,002970,002970,锐明技术,关于回购股份事项前十名股东及前十名无限售条件股东持股情况的公告,2024-02-06 00:00:00,http://www.cninfo.com.cn/new/disclosure/detail?stockCode=002970&announcementId=1219096088&orgId=9900033057&announcementTime=2024-02-06 00:00:00
锐明技术,002970,002970,锐明技术,关于回购公司股份比例达到1%的进展公告,2024-02-06 00:00:00,http://www.cninfo.com.cn/new/disclosure/detail?stockCode=002970&announcementId=1219096087&orgId=9900033057&announcementTime=2024-02-06 00:00:00
锐明技术,002970,002970,锐明技术,第三届董事会第二十三次会议决议公告,2024-02-02 00:00:00,http://www.cninfo.com.cn/new/disclosure/detail?stockCode=002970&announcementId=1219066795&orgId=9900033057&announcementTime=2024-02-02 00:00:00
锐明技术,002970,002970,锐明技术,关于回购公司股份方案的公告,2024-02-02 00:00:00,http://www.cninfo.com.cn/new/disclosure/detail?stockCode=002970&announcementId=1219066794&orgId=9900033057&announcementTime=2024-02-02 00:00:00
锐明技术,002970,002970,锐明技术,回购报告书,2024-02-02 00:00:00,http://www.cninfo.com.cn/new/disclosure/detail?stockCode=002970&announcementId=1219066793&orgId=9900033057&announcementTime=2024-02-02 00:00:00
锐明技术,002970,002970,锐明技术,2023年年度业绩预告,2024-01-18 00:00:00,http://www.cninfo.com.cn/new/disclosure/detail?stockCode=002970&announcementId=1218932294&orgId=9900033057&announcementTime=2024-01-18 00:00:00
锐明技术,002970,002970,锐明技术,北京市金杜（深圳）律师事务所关于深圳市锐明技术股份有限公司2023年第三次临时股东大会之法律意见书,2023-12-30 00:00:00,http://www.cninfo.com.cn/new/disclosure/detail?stockCode=002970&announcementId=1218769568&orgId=9900033057&announcementTime=2023-12-30 00:00:00
锐明技术,002970,002970,锐明技术,2023年第三次临时股东大会决议公告,2023-12-30 00:00:00,http://www.cninfo.com.cn/new/disclosure/detail?stockCode=002970&announcementId=1218769567&orgId=9900033057&announcementTime=2023-12-30 00:00:00
锐明技术,002970,002970,锐明技术,独立董事工作制度,2023-12-14 00:00:00,http://www.cninfo.com.cn/new/disclosure/detail?stockCode=002970&announcementId=1218607085&orgId=9900033057&announcementTime=2023-12-14 00:00:00
锐明技术,002970,002970,锐明技术,第三届监事会第二十二次会议决议公告,2023-12-14 00:00:00,http://www.cninfo.com.cn/new/disclosure/detail?stockCode=002970&announcementId=1218607082&orgId=9900033057&announcementTime=2023-12-14 00:00:00
锐明技术,002970,002970,锐明技术,关于开展外汇套期保值业务的公告,2023-12-14 00:00:00,http://www.cninfo.com.cn/new/disclosure/detail?stockCode=002970&announcementId=1218607080&orgId=9900033057&announcementTime=2023-12-14 00:00:00
锐明技术,002970,002970,锐明技术,董事会秘书工作规则,2023-12-14 00:00:00,http://www.cninfo.com.cn/new/disclosure/detail?stockCode=002970&announcementId=1218607077&orgId=9900033057&announcementTime=2023-12-14 00:00:00
锐明技术,002970,002970,锐明技术,关于召开公司2023年第三次临时股东大会的通知,2023-12-14 00:00:00,http://www.cninfo.com.cn/new/disclosure/detail?stockCode=002970&announcementId=1218607075&orgId=9900033057&announcementTime=2023-12-14 00:00:00
锐明技术,002970,002970,锐明技术,关于调整第三届董事会审计委员会委员的公告,2023-12-14 00:00:00,http://www.cninfo.com.cn/new/disclosure/detail?stockCode=002970&announcementId=1218607073&orgId=9900033057&announcementTime=2023-12-14 00:00:00
锐明技术,002970,002970,锐明技术,股东大会议事规则,2023-12-14 00:00:00,http://www.cninfo.com.cn/new/disclosure/detail?stockCode=002970&announcementId=1218607071&orgId=9900033057&announcementTime=2023-12-14 00:00:00
锐明技术,002970,002970,锐明技术,审计委员会议事规则,2023-12-14 00:00:00,http://www.cninfo.com.cn/new/disclosure/detail?stockCode=002970&announcementId=1218607069&orgId=9900033057&announcementTime=2023-12-14 00:00:00
锐明技术,002970,002970,锐明技术,关于公司及控股子公司向银行申请综合授信暨开展票据池业务的公告,2023-12-14 00:00:00,http://www.cninfo.com.cn/new/disclosure/detail?stockCode=002970&announcementId=1218607067&orgId=9900033057&announcementTime=2023-12-14 00:00:00
锐明技术,002970,002970,锐明技术,提名委员会议事规则,2023-12-14 00:00:00,http://www.cninfo.com.cn/new/disclosure/detail?stockCode=002970&announcementId=1218607065&orgId=9900033057&announcementTime=2023-12-14 00:00:00
锐明技术,002970,002970,锐明技术,第三届董事会第二十二次会议决议公告,2023-12-14 00:00:00,http://www.cninfo.com.cn/new/disclosure/detail?stockCode=002970&announcementId=1218607064&orgId=9900033057&announcementTime=2023-12-14 00:00:00
锐明技术,002970,002970,锐明技术,公司章程,2023-12-14 00:00:00,http://www.cninfo.com.cn/new/disclosure/detail?stockCode=002970&announcementId=1218607062&orgId=9900033057&announcementTime=2023-12-14 00:00:00
锐明技术,002970,002970,锐明技术,薪酬与考核委员会议事规则,2023-12-14 00:00:00,http://www.cninfo.com.cn/new/disclosure/detail?stockCode=002970&announcementId=1218607060&orgId=9900033057&announcementTime=2023-12-14 00:00:00
锐明技术,002970,002970,锐明技术,投资者关系管理制度,2023-12-14 00:00:00,http://www.cninfo.com.cn/new/disclosure/detail?stockCode=002970&announcementId=1218607059&orgId=9900033057&announcementTime=2023-12-14 00:00:00
锐明技术,002970,002970,锐明技术,对外担保管理制度,2023-12-14 00:00:00,http://www.cninfo.com.cn/new/disclosure/detail?stockCode=002970&announcementId=1218607057&orgId=9900033057&announcementTime=2023-12-14 00:00:00
锐明技术,002970,002970,锐明技术,战略委员会议事规则,2023-12-14 00:00:00,http://www.cninfo.com.cn/new/disclosure/detail?stockCode=002970&announcementId=1218607055&orgId=9900033057&announcementTime=2023-12-14 00:00:00
锐明技术,002970,002970,锐明技术,募集资金管理制度,2023-12-14 00:00:00,http://www.cninfo.com.cn/new/disclosure/detail?stockCode=002970&announcementId=1218607054&orgId=9900033057&announcementTime=2023-12-14 00:00:00
锐明技术,002970,002970,锐明技术,关于开展外汇套期保值的可行性分析报告,2023-12-14 00:00:00,http://www.cninfo.com.cn/new/disclosure/detail?stockCode=002970&announcementId=1218607052&orgId=9900033057&announcementTime=2023-12-14 00:00:00
锐明技术,002970,002970,锐明技术,关联交易管理制度,2023-12-14 00:00:00,http://www.cninfo.com.cn/new/disclosure/detail?stockCode=002970&announcementId=1218607050&orgId=9900033057&announcementTime=2023-12-14 00:00:00
锐明技术,002970,002970,锐明技术,关于使用闲置自有资金进行现金管理的公告,2023-12-14 00:00:00,http://www.cninfo.com.cn/new/disclosure/detail?stockCode=002970&announcementId=1218607048&orgId=9900033057&announcementTime=2023-12-14 00:00:00
锐明技术,002970,002970,锐明技术,关于变更会计师事务所的公告,2023-12-14 00:00:00,http://www.cninfo.com.cn/new/disclosure/detail?stockCode=002970&announcementId=1218607046&orgId=9900033057&announcementTime=2023-12-14 00:00:00
锐明技术,002970,002970,锐明技术,董事会议事规则,2023-12-14 00:00:00,http://www.cninfo.com.cn/new/disclosure/detail?stockCode=002970&announcementId=1218607045&orgId=9900033057&announcementTime=2023-12-14 00:00:00
锐明技术,002970,002970,锐明技术,关于公司股东减持计划时间届满的公告,2023-12-05 00:00:00,http://www.cninfo.com.cn/new/disclosure/detail?stockCode=002970&announcementId=1218509647&orgId=9900033057&announcementTime=2023-12-05 00:00:00
锐明技术,002970,002970,锐明技术,关于公司部分股东股份减持计划实施完成的公告,2023-11-16 00:00:00,http://www.cninfo.com.cn/new/disclosure/detail?stockCode=002970&announcementId=1218352401&orgId=9900033057&announcementTime=2023-11-16 00:00:00
锐明技术,002970,002970,锐明技术,关于参加2023年深圳辖区上市公司投资者网上集体接待日活动的公告,2023-11-09 00:00:00,http://www.cninfo.com.cn/new/disclosure/detail?stockCode=002970&announcementId=1218281826&orgId=9900033057&announcementTime=2023-11-09 00:00:00
锐明技术,002970,002970,锐明技术,2023年三季度报告,2023-10-26 00:00:00,http://www.cninfo.com.cn/new/disclosure/detail?stockCode=002970&announcementId=1218150065&orgId=9900033057&announcementTime=2023-10-26 00:00:00
锐明技术,002970,002970,锐明技术,关于公司股东自愿承诺不减持的公告,2023-08-31 00:00:00,http://www.cninfo.com.cn/new/disclosure/detail?stockCode=002970&announcementId=1217711939&orgId=9900033057&announcementTime=2023-08-31 00:00:00
锐明技术,002970,002970,锐明技术,半年报监事会决议公告,2023-08-22 00:00:00,http://www.cninfo.com.cn/new/disclosure/detail?stockCode=002970&announcementId=1217595965&orgId=9900033057&announcementTime=2023-08-22 00:00:00
锐明技术,002970,002970,锐明技术,半年报董事会决议公告,2023-08-22 00:00:00,http://www.cninfo.com.cn/new/disclosure/detail?stockCode=002970&announcementId=1217595964&orgId=9900033057&announcementTime=2023-08-22 00:00:00
锐明技术,002970,002970,锐明技术,关于调整2021年股票期权与限制性股票激励计划行权价格的公告,2023-08-22 00:00:00,http://www.cninfo.com.cn/new/disclosure/detail?stockCode=002970&announcementId=1217595963&orgId=9900033057&announcementTime=2023-08-22 00:00:00
锐明技术,002970,002970,锐明技术,2023年半年度募集资金存放与使用情况专项报告,2023-08-22 00:00:00,http://www.cninfo.com.cn/new/disclosure/detail?stockCode=002970&announcementId=1217595962&orgId=9900033057&announcementTime=2023-08-22 00:00:00
锐明技术,002970,002970,锐明技术,独立董事关于控股股东及其他关联方占用公司资金、公司对外担保情况的专项说明和独立意见,2023-08-22 00:00:00,http://www.cninfo.com.cn/new/disclosure/detail?stockCode=002970&announcementId=1217595961&orgId=9900033057&announcementTime=2023-08-22 00:00:00
锐明技术,002970,002970,锐明技术,2023年半年度报告,2023-08-22 00:00:00,http://www.cninfo.com.cn/new/disclosure/detail?stockCode=002970&announcementId=1217595960&orgId=9900033057&announcementTime=2023-08-22 00:00:00
锐明技术,002970,002970,锐明技术,关于调整2022年股票期权激励计划行权价格的公告,2023-08-22 00:00:00,http://www.cninfo.com.cn/new/disclosure/detail?stockCode=002970&announcementId=1217595959&orgId=9900033057&announcementTime=2023-08-22 00:00:00
锐明技术,002970,002970,锐明技术,半年度非经营性资金占用及其他关联资金往来情况汇总表,2023-08-22 00:00:00,http://www.cninfo.com.cn/new/disclosure/detail?stockCode=002970&announcementId=1217595958&orgId=9900033057&announcementTime=2023-08-22 00:00:00
锐明技术,002970,002970,锐明技术,2023年半年度财务报告,2023-08-22 00:00:00,http://www.cninfo.com.cn/new/disclosure/detail?stockCode=002970&announcementId=1217595957&orgId=9900033057&announcementTime=2023-08-22 00:00:00
锐明技术,002970,002970,锐明技术,2023年半年度报告摘要,2023-08-22 00:00:00,http://www.cninfo.com.cn/new/disclosure/detail?stockCode=002970&announcementId=1217595956&orgId=9900033057&announcementTime=2023-08-22 00:00:00
锐明技术,002970,002970,锐明技术,北京市金杜（深圳）律师事务所关于深圳市锐明技术股份有限公司调整2021年股票期权与限制性股票激励计划行权价格与2022年股票期权激励计划行权价格的法律意见书,2023-08-22 00:00:00,http://www.cninfo.com.cn/new/disclosure/detail?stockCode=002970&announcementId=1217595954&orgId=9900033057&announcementTime=2023-08-22 00:00:00
锐明技术,002970,002970,锐明技术,关于2021年股票期权与限制性股票激励计划部分限制性股票回购注销完成的公告,2023-07-25 00:00:00,http://www.cninfo.com.cn/new/disclosure/detail?stockCode=002970&announcementId=1217374049&orgId=9900033057&announcementTime=2023-07-25 00:00:00
锐明技术,002970,002970,锐明技术,关于公司股东减持股份比例达到1%暨减持计划数量过半及减持计划实施完成的公告,2023-07-21 00:00:00,http://www.cninfo.com.cn/new/disclosure/detail?stockCode=002970&announcementId=1217346970&orgId=9900033057&announcementTime=2023-07-21 00:00:00
锐明技术,002970,002970,锐明技术,关于公司股东减持股份比例达到1%暨减持计划数量过半及减持计划实施完成的公告,2023-07-21 00:00:00,http://www.cninfo.com.cn/new/disclosure/detail?stockCode=002970&announcementId=1217346727&orgId=9900033057&announcementTime=2023-07-21 00:00:00
锐明技术,002970,002970,锐明技术,2023年半年度业绩预告,2023-07-11 00:00:00,http://www.cninfo.com.cn/new/disclosure/detail?stockCode=002970&announcementId=1217264802&orgId=9900033057&announcementTime=2023-07-11 00:00:00
锐明技术,002970,002970,锐明技术,关于2022年股票期权激励计划部分股票期权注销完成的公告,2023-07-04 00:00:00,http://www.cninfo.com.cn/new/disclosure/detail?stockCode=002970&announcementId=1217200626&orgId=9900033057&announcementTime=2023-07-04 00:00:00
锐明技术,002970,002970,锐明技术,关于2021年股票期权与限制性股票激励计划部分股票期权注销完成的公告,2023-07-01 00:00:00,http://www.cninfo.com.cn/new/disclosure/detail?stockCode=002970&announcementId=1217179869&orgId=9900033057&announcementTime=2023-07-01 00:00:00
锐明技术,002970,002970,锐明技术,2022年年度分红派息实施公告,2023-06-09 00:00:00,http://www.cninfo.com.cn/new/disclosure/detail?stockCode=002970&announcementId=1217022243&orgId=9900033057&announcementTime=2023-06-09 00:00:00
锐明技术,002970,002970,锐明技术,关于第一期员工持股计划完成非交易过户暨回购股份处理完成的公告,2023-06-09 00:00:00,http://www.cninfo.com.cn/new/disclosure/detail?stockCode=002970&announcementId=1217020834&orgId=9900033057&announcementTime=2023-06-09 00:00:00
锐明技术,002970,002970,锐明技术,第一期员工持股计划第一次持有人会议决议公告,2023-06-08 00:00:00,http://www.cninfo.com.cn/new/disclosure/detail?stockCode=002970&announcementId=1217011391&orgId=9900033057&announcementTime=2023-06-08 00:00:00
锐明技术,002970,002970,锐明技术,北京市金杜（深圳）律师事务所关于深圳市锐明技术股份有限公司2022年年度股东大会之法律意见书,2023-05-17 00:00:00,http://www.cninfo.com.cn/new/disclosure/detail?stockCode=002970&announcementId=1216831413&orgId=9900033057&announcementTime=2023-05-17 00:00:00
锐明技术,002970,002970,锐明技术,2022年年度股东大会决议公告,2023-05-17 00:00:00,http://www.cninfo.com.cn/new/disclosure/detail?stockCode=002970&announcementId=1216831412&orgId=9900033057&announcementTime=2023-05-17 00:00:00
锐明技术,002970,002970,锐明技术,关于回购注销部分限制性股票减少注册资本暨通知债权人的公告,2023-05-17 00:00:00,http://www.cninfo.com.cn/new/disclosure/detail?stockCode=002970&announcementId=1216831411&orgId=9900033057&announcementTime=2023-05-17 00:00:00
锐明技术,002970,002970,锐明技术,关于2022年股票期权激励计划剩余部分预留股票期权授予登记完成的公告,2023-05-16 00:00:00,http://www.cninfo.com.cn/new/disclosure/detail?stockCode=002970&announcementId=1216819700&orgId=9900033057&announcementTime=2023-05-16 00:00:00
锐明技术,002970,002970,锐明技术,关于公司股东减持计划的预披露公告,2023-05-13 00:00:00,http://www.cninfo.com.cn/new/disclosure/detail?stockCode=002970&announcementId=1216810578&orgId=9900033057&announcementTime=2023-05-13 00:00:00
锐明技术,002970,002970,锐明技术,监事会关于公司2022年股票期权激励计划剩余部分预留股票期权授予激励对象名单的公示情况说明及核查意见,2023-05-10 00:00:00,http://www.cninfo.com.cn/new/disclosure/detail?stockCode=002970&announcementId=1216779359&orgId=9900033057&announcementTime=2023-05-10 00:00:00
锐明技术,002970,002970,锐明技术,2022年度财务决算报告,2023-04-26 00:00:00,http://www.cninfo.com.cn/new/disclosure/detail?stockCode=002970&announcementId=1216590912&orgId=9900033057&announcementTime=2023-04-26 00:00:00
锐明技术,002970,002970,锐明技术,关于注销2022年股票期权激励计划部分已授予但尚未行权的股票期权的公告,2023-04-26 00:00:00,http://www.cninfo.com.cn/new/disclosure/detail?stockCode=002970&announcementId=1216590910&orgId=9900033057&announcementTime=2023-04-26 00:00:00
锐明技术,002970,002970,锐明技术,国信证券股份有限公司关于深圳市锐明技术股份有限公司2022年度募集资金存放与使用情况的核查意见,2023-04-26 00:00:00,http://www.cninfo.com.cn/new/disclosure/detail?stockCode=002970&announcementId=1216590908&orgId=9900033057&announcementTime=2023-04-26 00:00:00
锐明技术,002970,002970,锐明技术,深圳价值在线咨询顾问有限公司关于深圳市锐明技术股份有限公司2022年股票期权激励计划剩余部分预留授予及注销部分股票期权相关事项之独立财务顾问报告,2023-04-26 00:00:00,http://www.cninfo.com.cn/new/disclosure/detail?stockCode=002970&announcementId=1216590905&orgId=9900033057&announcementTime=2023-04-26 00:00:00
锐明技术,002970,002970,锐明技术,董事会决议公告,2023-04-26 00:00:00,http://www.cninfo.com.cn/new/disclosure/detail?stockCode=002970&announcementId=1216590902&orgId=9900033057&announcementTime=2023-04-26 00:00:00
锐明技术,002970,002970,锐明技术,2022年度独立董事述职报告（刘志永）,2023-04-26 00:00:00,http://www.cninfo.com.cn/new/disclosure/detail?stockCode=002970&announcementId=1216590900&orgId=9900033057&announcementTime=2023-04-26 00:00:00
锐明技术,002970,002970,锐明技术,监事会关于注销部分股票期权及回购注销部分限制性股票的核查意见,2023-04-26 00:00:00,http://www.cninfo.com.cn/new/disclosure/detail?stockCode=002970&announcementId=1216590896&orgId=9900033057&announcementTime=2023-04-26 00:00:00
锐明技术,002970,002970,锐明技术,资产评估报告,2023-04-26 00:00:00,http://www.cninfo.com.cn/new/disclosure/detail?stockCode=002970&announcementId=1216590894&orgId=9900033057&announcementTime=2023-04-26 00:00:00
锐明技术,002970,002970,锐明技术,监事会关于2022年股票期权激励计划剩余部分预留股票期权授予激励对象名单（截至授权日）的核查意见,2023-04-26 00:00:00,http://www.cninfo.com.cn/new/disclosure/detail?stockCode=002970&announcementId=1216590890&orgId=9900033057&announcementTime=2023-04-26 00:00:00
锐明技术,002970,002970,锐明技术,2022年度独立董事述职报告（向怀坤）,2023-04-26 00:00:00,http://www.cninfo.com.cn/new/disclosure/detail?stockCode=002970&announcementId=1216590887&orgId=9900033057&announcementTime=2023-04-26 00:00:00
锐明技术,002970,002970,锐明技术,公司（2022年-2024年）三年股东分红回报规划,2023-04-26 00:00:00,http://www.cninfo.com.cn/new/disclosure/detail?stockCode=002970&announcementId=1216590884&orgId=9900033057&announcementTime=2023-04-26 00:00:00
锐明技术,002970,002970,锐明技术,独立董事关于第三届董事会第十九次会议相关事项的事前认可意见,2023-04-26 00:00:00,http://www.cninfo.com.cn/new/disclosure/detail?stockCode=002970&announcementId=1216590882&orgId=9900033057&announcementTime=2023-04-26 00:00:00
锐明技术,002970,002970,锐明技术,关于续聘会计师事务所的公告,2023-04-26 00:00:00,http://www.cninfo.com.cn/new/disclosure/detail?stockCode=002970&announcementId=1216590879&orgId=9900033057&announcementTime=2023-04-26 00:00:00
锐明技术,002970,002970,锐明技术,关于举行2022年度业绩说明会的公告,2023-04-26 00:00:00,http://www.cninfo.com.cn/new/disclosure/detail?stockCode=002970&announcementId=1216590876&orgId=9900033057&announcementTime=2023-04-26 00:00:00
锐明技术,002970,002970,锐明技术,关于会计政策变更的公告,2023-04-26 00:00:00,http://www.cninfo.com.cn/new/disclosure/detail?stockCode=002970&announcementId=1216590873&orgId=9900033057&announcementTime=2023-04-26 00:00:00
锐明技术,002970,002970,锐明技术,年度股东大会通知,2023-04-26 00:00:00,http://www.cninfo.com.cn/new/disclosure/detail?stockCode=002970&announcementId=1216590870&orgId=9900033057&announcementTime=2023-04-26 00:00:00
锐明技术,002970,002970,锐明技术,2022年年度报告摘要,2023-04-26 00:00:00,http://www.cninfo.com.cn/new/disclosure/detail?stockCode=002970&announcementId=1216590866&orgId=9900033057&announcementTime=2023-04-26 00:00:00
锐明技术,002970,002970,锐明技术,2022年年度报告,2023-04-26 00:00:00,http://www.cninfo.com.cn/new/disclosure/detail?stockCode=002970&announcementId=1216590863&orgId=9900033057&announcementTime=2023-04-26 00:00:00
锐明技术,002970,002970,锐明技术,证券投资专项说明,2023-04-26 00:00:00,http://www.cninfo.com.cn/new/disclosure/detail?stockCode=002970&announcementId=1216590861&orgId=9900033057&announcementTime=2023-04-26 00:00:00
锐明技术,002970,002970,锐明技术,2022年股票期权激励计划剩余部分预留股票期权授予激励对象名单（授权日）,2023-04-26 00:00:00,http://www.cninfo.com.cn/new/disclosure/detail?stockCode=002970&announcementId=1216590858&orgId=9900033057&announcementTime=2023-04-26 00:00:00
锐明技术,002970,002970,锐明技术,深圳市锐明技术股份有限公司董事会议事规则,2023-04-26 00:00:00,http://www.cninfo.com.cn/new/disclosure/detail?stockCode=002970&announcementId=1216590856&orgId=9900033057&announcementTime=2023-04-26 00:00:00
锐明技术,002970,002970,锐明技术,深圳市锐明技术股份有限公司章程,2023-04-26 00:00:00,http://www.cninfo.com.cn/new/disclosure/detail?stockCode=002970&announcementId=1216590854&orgId=9900033057&announcementTime=2023-04-26 00:00:00
锐明技术,002970,002970,锐明技术,关于2023年度日常关联交易预计的公告,2023-04-26 00:00:00,http://www.cninfo.com.cn/new/disclosure/detail?stockCode=002970&announcementId=1216590853&orgId=9900033057&announcementTime=2023-04-26 00:00:00
锐明技术,002970,002970,锐明技术,2022年度监事会工作报告,2023-04-26 00:00:00,http://www.cninfo.com.cn/new/disclosure/detail?stockCode=002970&announcementId=1216590851&orgId=9900033057&announcementTime=2023-04-26 00:00:00
锐明技术,002970,002970,锐明技术,2023年一季度报告,2023-04-26 00:00:00,http://www.cninfo.com.cn/new/disclosure/detail?stockCode=002970&announcementId=1216590849&orgId=9900033057&announcementTime=2023-04-26 00:00:00
锐明技术,002970,002970,锐明技术,独立董事年度述职报告,2023-04-26 00:00:00,http://www.cninfo.com.cn/new/disclosure/detail?stockCode=002970&announcementId=1216590848&orgId=9900033057&announcementTime=2023-04-26 00:00:00
锐明技术,002970,002970,锐明技术,关于深圳市锐明技术股份有限公司2021年股票期权与限制性股票激励计划注销部分股票期权及回购注销部分限制性股票、2022年股票期权激励计划剩余部分预留授予及注销部分股票期权之法律意见书,2023-04-26 00:00:00,http://www.cninfo.com.cn/new/disclosure/detail?stockCode=002970&announcementId=1216590846&orgId=9900033057&announcementTime=2023-04-26 00:00:00
锐明技术,002970,002970,锐明技术,关于修订《公司章程》并办理工商变更登记的公告,2023-04-26 00:00:00,http://www.cninfo.com.cn/new/disclosure/detail?stockCode=002970&announcementId=1216590844&orgId=9900033057&announcementTime=2023-04-26 00:00:00
锐明技术,002970,002970,锐明技术,年度募集资金使用鉴证报告,2023-04-26 00:00:00,http://www.cninfo.com.cn/new/disclosure/detail?stockCode=002970&announcementId=1216590842&orgId=9900033057&announcementTime=2023-04-26 00:00:00
锐明技术,002970,002970,锐明技术,关于补选公司监事的公告,2023-04-26 00:00:00,http://www.cninfo.com.cn/new/disclosure/detail?stockCode=002970&announcementId=1216590838&orgId=9900033057&announcementTime=2023-04-26 00:00:00
锐明技术,002970,002970,锐明技术,2022年度董事会工作报告,2023-04-26 00:00:00,http://www.cninfo.com.cn/new/disclosure/detail?stockCode=002970&announcementId=1216590835&orgId=9900033057&announcementTime=2023-04-26 00:00:00
锐明技术,002970,002970,锐明技术,关于董事辞任的公告,2023-04-26 00:00:00,http://www.cninfo.com.cn/new/disclosure/detail?stockCode=002970&announcementId=1216590832&orgId=9900033057&announcementTime=2023-04-26 00:00:00
锐明技术,002970,002970,锐明技术,年度关联方资金占用专项审计报告,2023-04-26 00:00:00,http://www.cninfo.com.cn/new/disclosure/detail?stockCode=002970&announcementId=1216590829&orgId=9900033057&announcementTime=2023-04-26 00:00:00
锐明技术,002970,002970,锐明技术,内部控制审计报告,2023-04-26 00:00:00,http://www.cninfo.com.cn/new/disclosure/detail?stockCode=002970&announcementId=1216590826&orgId=9900033057&announcementTime=2023-04-26 00:00:00
锐明技术,002970,002970,锐明技术,深圳价值在线信息科技股份有限公司关于深圳市锐明技术股份有限公司2021年股票期权与限制性股票激励计划注销部分股票期权及回购注销部分限制性股票相关事项之独立财务顾问报告,2023-04-26 00:00:00,http://www.cninfo.com.cn/new/disclosure/detail?stockCode=002970&announcementId=1216590824&orgId=9900033057&announcementTime=2023-04-26 00:00:00
锐明技术,002970,002970,锐明技术,关于回购注销2021年股票期权与限制性股票激励计划部分已授予但尚未解除限售的限制性股票的公告,2023-04-26 00:00:00,http://www.cninfo.com.cn/new/disclosure/detail?stockCode=002970&announcementId=1216590821&orgId=9900033057&announcementTime=2023-04-26 00:00:00
锐明技术,002970,002970,锐明技术,关于注销2021年股票期权与限制性股票激励计划部分已授予但尚未行权的股票期权的公告,2023-04-26 00:00:00,http://www.cninfo.com.cn/new/disclosure/detail?stockCode=002970&announcementId=1216590818&orgId=9900033057&announcementTime=2023-04-26 00:00:00
锐明技术,002970,002970,锐明技术,2022年年度审计报告,2023-04-26 00:00:00,http://www.cninfo.com.cn/new/disclosure/detail?stockCode=002970&announcementId=1216590816&orgId=9900033057&announcementTime=2023-04-26 00:00:00
锐明技术,002970,002970,锐明技术,监事会决议公告,2023-04-26 00:00:00,http://www.cninfo.com.cn/new/disclosure/detail?stockCode=002970&announcementId=1216590814&orgId=9900033057&announcementTime=2023-04-26 00:00:00
锐明技术,002970,002970,锐明技术,关于计提信用减值损失及资产减值损失的公告,2023-04-26 00:00:00,http://www.cninfo.com.cn/new/disclosure/detail?stockCode=002970&announcementId=1216590812&orgId=9900033057&announcementTime=2023-04-26 00:00:00
锐明技术,002970,002970,锐明技术,内部控制自我评价报告,2023-04-26 00:00:00,http://www.cninfo.com.cn/new/disclosure/detail?stockCode=002970&announcementId=1216590811&orgId=9900033057&announcementTime=2023-04-26 00:00:00
锐明技术,002970,002970,锐明技术,关于营业收入扣除事项的专项核查意见,2023-04-26 00:00:00,http://www.cninfo.com.cn/new/disclosure/detail?stockCode=002970&announcementId=1216590808&orgId=9900033057&announcementTime=2023-04-26 00:00:00
锐明技术,002970,002970,锐明技术,年度募集资金使用情况专项说明,2023-04-26 00:00:00,http://www.cninfo.com.cn/new/disclosure/detail?stockCode=002970&announcementId=1216590806&orgId=9900033057&announcementTime=2023-04-26 00:00:00
锐明技术,002970,002970,锐明技术,关于向激励对象授予2022年股票期权激励计划剩余部分预留股票期权的公告,2023-04-26 00:00:00,http://www.cninfo.com.cn/new/disclosure/detail?stockCode=002970&announcementId=1216590804&orgId=9900033057&announcementTime=2023-04-26 00:00:00
锐明技术,002970,002970,锐明技术,独立董事对担保等事项的独立意见,2023-04-26 00:00:00,http://www.cninfo.com.cn/new/disclosure/detail?stockCode=002970&announcementId=1216590778&orgId=9900033057&announcementTime=2023-04-26 00:00:00
锐明技术,002970,002970,锐明技术,深圳市锐明技术股份有限公司2023年第二次临时股东大会决议公告,2023-04-25 00:00:00,http://www.cninfo.com.cn/new/disclosure/detail?stockCode=002970&announcementId=1216557045&orgId=9900033057&announcementTime=2023-04-25 00:00:00
锐明技术,002970,002970,锐明技术,北京市金杜（深圳）律师事务所关于深圳市锐明技术股份有限公司2023年第二次临时股东大会之法律意见书,2023-04-25 00:00:00,http://www.cninfo.com.cn/new/disclosure/detail?stockCode=002970&announcementId=1216557044&orgId=9900033057&announcementTime=2023-04-25 00:00:00
锐明技术,002970,002970,锐明技术,深圳市锐明技术股份有限公司第一期员工持股计划,2023-04-25 00:00:00,http://www.cninfo.com.cn/new/disclosure/detail?stockCode=002970&announcementId=1216557043&orgId=9900033057&announcementTime=2023-04-25 00:00:00
锐明技术,002970,002970,锐明技术,北京市金杜（深圳）律师事务所关于深圳市锐明技术股份有限公司第一期员工持股计划（草案）的法律意见书,2023-04-19 00:00:00,http://www.cninfo.com.cn/new/disclosure/detail?stockCode=002970&announcementId=1216455681&orgId=9900033057&announcementTime=2023-04-19 00:00:00
锐明技术,002970,002970,锐明技术,第一期员工持股计划（草案）,2023-04-08 00:00:00,http://www.cninfo.com.cn/new/disclosure/detail?stockCode=002970&announcementId=1216357740&orgId=9900033057&announcementTime=2023-04-08 00:00:00
锐明技术,002970,002970,锐明技术,第三届董事会第十八次会议决议公告,2023-04-08 00:00:00,http://www.cninfo.com.cn/new/disclosure/detail?stockCode=002970&announcementId=1216357735&orgId=9900033057&announcementTime=2023-04-08 00:00:00
锐明技术,002970,002970,锐明技术,独立董事关于第三届董事会第十八次会议相关事项的独立意见,2023-04-08 00:00:00,http://www.cninfo.com.cn/new/disclosure/detail?stockCode=002970&announcementId=1216357730&orgId=9900033057&announcementTime=2023-04-08 00:00:00
锐明技术,002970,002970,锐明技术,第三届监事会第十八次会议决议公告,2023-04-08 00:00:00,http://www.cninfo.com.cn/new/disclosure/detail?stockCode=002970&announcementId=1216357729&orgId=9900033057&announcementTime=2023-04-08 00:00:00
锐明技术,002970,002970,锐明技术,第一期员工持股计划管理办法,2023-04-08 00:00:00,http://www.cninfo.com.cn/new/disclosure/detail?stockCode=002970&announcementId=1216357728&orgId=9900033057&announcementTime=2023-04-08 00:00:00
锐明技术,002970,002970,锐明技术,监事会关于第一期员工持股计划相关事项的核查意见,2023-04-08 00:00:00,http://www.cninfo.com.cn/new/disclosure/detail?stockCode=002970&announcementId=1216357727&orgId=9900033057&announcementTime=2023-04-08 00:00:00
锐明技术,002970,002970,锐明技术,董事会关于公司第一期员工持股计划（草案）合规性说明,2023-04-08 00:00:00,http://www.cninfo.com.cn/new/disclosure/detail?stockCode=002970&announcementId=1216357726&orgId=9900033057&announcementTime=2023-04-08 00:00:00
锐明技术,002970,002970,锐明技术,第一期员工持股计划（草案）摘要,2023-04-08 00:00:00,http://www.cninfo.com.cn/new/disclosure/detail?stockCode=002970&announcementId=1216357725&orgId=9900033057&announcementTime=2023-04-08 00:00:00
锐明技术,002970,002970,锐明技术,关于提前终止回购公司股份暨回购实施结果的公告,2023-04-08 00:00:00,http://www.cninfo.com.cn/new/disclosure/detail?stockCode=002970&announcementId=1216357724&orgId=9900033057&announcementTime=2023-04-08 00:00:00
锐明技术,002970,002970,锐明技术,关于召开公司2023年第二次临时股东大会的通知,2023-04-08 00:00:00,http://www.cninfo.com.cn/new/disclosure/detail?stockCode=002970&announcementId=1216357723&orgId=9900033057&announcementTime=2023-04-08 00:00:00
锐明技术,002970,002970,锐明技术,关于公司监事逝世的公告,2023-04-07 00:00:00,http://www.cninfo.com.cn/new/disclosure/detail?stockCode=002970&announcementId=1216342979&orgId=9900033057&announcementTime=2023-04-07 00:00:00
锐明技术,002970,002970,锐明技术,关于回购公司股份的进展公告,2023-04-04 00:00:00,http://www.cninfo.com.cn/new/disclosure/detail?stockCode=002970&announcementId=1216317139&orgId=9900033057&announcementTime=2023-04-04 00:00:00
锐明技术,002970,002970,锐明技术,关于回购公司股份比例达到1%暨回购进展的公告,2023-03-02 00:00:00,http://www.cninfo.com.cn/new/disclosure/detail?stockCode=002970&announcementId=1216022926&orgId=9900033057&announcementTime=2023-03-02 00:00:00
锐明技术,002970,002970,锐明技术,关于股票交易异常波动公告,2023-02-23 07:42:21,http://www.cninfo.com.cn/new/disclosure/detail?stockCode=002970&announcementId=1215943345&orgId=9900033057&announcementTime=2023-02-23 07:42:21
锐明技术,002970,002970,锐明技术,关于公司股东减持计划时间届满的公告,2023-02-21 00:00:00,http://www.cninfo.com.cn/new/disclosure/detail?stockCode=002970&announcementId=1215906919&orgId=9900033057&announcementTime=2023-02-21 00:00:00
锐明技术,002970,002970,锐明技术,关于股票交易异常波动公告,2023-02-17 00:00:00,http://www.cninfo.com.cn/new/disclosure/detail?stockCode=002970&announcementId=1215879012&orgId=9900033057&announcementTime=2023-02-17 00:00:00
锐明技术,002970,002970,锐明技术,北京市金杜（深圳）律师事务所关于深圳市锐明技术股份有限公司2023年第一次临时股东大会之法律意见书,2023-02-04 00:00:00,http://www.cninfo.com.cn/new/disclosure/detail?stockCode=002970&announcementId=1215768714&orgId=9900033057&announcementTime=2023-02-04 00:00:00
锐明技术,002970,002970,锐明技术,深圳市锐明技术股份有限公司2023年第一次临时股东大会决议公告,2023-02-04 00:00:00,http://www.cninfo.com.cn/new/disclosure/detail?stockCode=002970&announcementId=1215768713&orgId=9900033057&announcementTime=2023-02-04 00:00:00
锐明技术,002970,002970,锐明技术,关于首次回购公司股份暨回购进展的公告,2023-02-03 00:00:00,http://www.cninfo.com.cn/new/disclosure/detail?stockCode=002970&announcementId=1215754325&orgId=9900033057&announcementTime=2023-02-03 00:00:00
锐明技术,002970,002970,锐明技术,关于回购股份事项前十名股东及前十名无限售条件股东持股情况的公告,2023-01-31 00:00:00,http://www.cninfo.com.cn/new/disclosure/detail?stockCode=002970&announcementId=1215724277&orgId=9900033057&announcementTime=2023-01-31 00:00:00
锐明技术,002970,002970,锐明技术,2022年年度业绩预告,2023-01-31 00:00:00,http://www.cninfo.com.cn/new/disclosure/detail?stockCode=002970&announcementId=1215724275&orgId=9900033057&announcementTime=2023-01-31 00:00:00
锐明技术,002970,002970,锐明技术,关于公司董事减持计划时间届满的公告,2023-01-20 00:00:00,http://www.cninfo.com.cn/new/disclosure/detail?stockCode=002970&announcementId=1215664527&orgId=9900033057&announcementTime=2023-01-20 00:00:00
锐明技术,002970,002970,锐明技术,第三届董事会第十七次会议决议公告,2023-01-19 00:00:00,http://www.cninfo.com.cn/new/disclosure/detail?stockCode=002970&announcementId=1215651459&orgId=9900033057&announcementTime=2023-01-19 00:00:00
锐明技术,002970,002970,锐明技术,关于公司及控股子公司向银行申请综合授信暨开展票据池业务的公告,2023-01-19 00:00:00,http://www.cninfo.com.cn/new/disclosure/detail?stockCode=002970&announcementId=1215651458&orgId=9900033057&announcementTime=2023-01-19 00:00:00
锐明技术,002970,002970,锐明技术,国信证券关于锐明技术部分募集资金投资项目结项并将节余募集资金永久补充流动资金的核查意见,2023-01-19 00:00:00,http://www.cninfo.com.cn/new/disclosure/detail?stockCode=002970&announcementId=1215651457&orgId=9900033057&announcementTime=2023-01-19 00:00:00
锐明技术,002970,002970,锐明技术,第三届监事会第十七次会议决议公告,2023-01-19 00:00:00,http://www.cninfo.com.cn/new/disclosure/detail?stockCode=002970&announcementId=1215651456&orgId=9900033057&announcementTime=2023-01-19 00:00:00
锐明技术,002970,002970,锐明技术,关于开展外汇套期保值的可行性分析报告,2023-01-19 00:00:00,http://www.cninfo.com.cn/new/disclosure/detail?stockCode=002970&announcementId=1215651455&orgId=9900033057&announcementTime=2023-01-19 00:00:00
锐明技术,002970,002970,锐明技术,关于开展外汇套期保值业务的公告,2023-01-19 00:00:00,http://www.cninfo.com.cn/new/disclosure/detail?stockCode=002970&announcementId=1215651454&orgId=9900033057&announcementTime=2023-01-19 00:00:00
锐明技术,002970,002970,锐明技术,关于召开公司2023年第一次临时股东大会的通知,2023-01-19 00:00:00,http://www.cninfo.com.cn/new/disclosure/detail?stockCode=002970&announcementId=1215651453&orgId=9900033057&announcementTime=2023-01-19 00:00:00
锐明技术,002970,002970,锐明技术,关于部分募集资金投资项目结项并将节余募集资金永久补充流动资金的公告,2023-01-19 00:00:00,http://www.cninfo.com.cn/new/disclosure/detail?stockCode=002970&announcementId=1215651452&orgId=9900033057&announcementTime=2023-01-19 00:00:00
锐明技术,002970,002970,锐明技术,关于回购公司股份方案的公告暨回购报告书,2023-01-19 00:00:00,http://www.cninfo.com.cn/new/disclosure/detail?stockCode=002970&announcementId=1215651451&orgId=9900033057&announcementTime=2023-01-19 00:00:00
锐明技术,002970,002970,锐明技术,关于使用闲置自有资金进行现金管理的公告,2023-01-19 00:00:00,http://www.cninfo.com.cn/new/disclosure/detail?stockCode=002970&announcementId=1215651450&orgId=9900033057&announcementTime=2023-01-19 00:00:00
锐明技术,002970,002970,锐明技术,独立董事关于第三届董事会第十七次会议相关事项的独立意见,2023-01-19 00:00:00,http://www.cninfo.com.cn/new/disclosure/detail?stockCode=002970&announcementId=1215651449&orgId=9900033057&announcementTime=2023-01-19 00:00:00
锐明技术,002970,002970,锐明技术,关于收到中国证券监督管理委员会深圳监管局行政监管措施决定书的公告,2022-12-27 00:00:00,http://www.cninfo.com.cn/new/disclosure/detail?stockCode=002970&announcementId=1215454590&orgId=9900033057&announcementTime=2022-12-27 00:00:00
锐明技术,002970,002970,锐明技术,简式权益变动报告书,2022-12-20 00:00:00,http://www.cninfo.com.cn/new/disclosure/detail?stockCode=002970&announcementId=1215396904&orgId=9900033057&announcementTime=2022-12-20 00:00:00
锐明技术,002970,002970,锐明技术,北京市金杜（深圳）律师事务所关于锐明技术相关股东一致行动协议到期终止及实际控制人变更的法律意见书,2022-12-20 00:00:00,http://www.cninfo.com.cn/new/disclosure/detail?stockCode=002970&announcementId=1215396903&orgId=9900033057&announcementTime=2022-12-20 00:00:00
锐明技术,002970,002970,锐明技术,关于股东一致行动协议到期解除暨公司无控股股东及无实际控制人的公告,2022-12-20 00:00:00,http://www.cninfo.com.cn/new/disclosure/detail?stockCode=002970&announcementId=1215396902&orgId=9900033057&announcementTime=2022-12-20 00:00:00
锐明技术,002970,002970,锐明技术,部分首次公开发行前已发行股份上市流通提示性公告,2022-12-15 00:00:00,http://www.cninfo.com.cn/new/disclosure/detail?stockCode=002970&announcementId=1215358836&orgId=9900033057&announcementTime=2022-12-15 00:00:00
锐明技术,002970,002970,锐明技术,国信证券关于锐明技术部分首次公开发行前已发行股份上市流通的核查意见,2022-12-15 00:00:00,http://www.cninfo.com.cn/new/disclosure/detail?stockCode=002970&announcementId=1215358835&orgId=9900033057&announcementTime=2022-12-15 00:00:00
锐明技术,002970,002970,锐明技术,关于公司股东减持计划时间过半的进展公告,2022-11-19 00:00:00,http://www.cninfo.com.cn/new/disclosure/detail?stockCode=002970&announcementId=1215149546&orgId=9900033057&announcementTime=2022-11-19 00:00:00
锐明技术,002970,002970,锐明技术,关于2022年股票期权激励计划部分预留股票期权授予登记完成的公告,2022-11-16 00:00:00,http://www.cninfo.com.cn/new/disclosure/detail?stockCode=002970&announcementId=1215117375&orgId=9900033057&announcementTime=2022-11-16 00:00:00
锐明技术,002970,002970,锐明技术,2022年第一季度报告（更新后）,2022-11-10 00:00:00,http://www.cninfo.com.cn/new/disclosure/detail?stockCode=002970&announcementId=1215060285&orgId=9900033057&announcementTime=2022-11-10 00:00:00
锐明技术,002970,002970,锐明技术,2022年半年度报告摘要（更新后）,2022-11-10 00:00:00,http://www.cninfo.com.cn/new/disclosure/detail?stockCode=002970&announcementId=1215060284&orgId=9900033057&announcementTime=2022-11-10 00:00:00
锐明技术,002970,002970,锐明技术,第三届监事会第十六次会议决议公告,2022-11-10 00:00:00,http://www.cninfo.com.cn/new/disclosure/detail?stockCode=002970&announcementId=1215060283&orgId=9900033057&announcementTime=2022-11-10 00:00:00
锐明技术,002970,002970,锐明技术,第三届董事会第十六次会议决议公告,2022-11-10 00:00:00,http://www.cninfo.com.cn/new/disclosure/detail?stockCode=002970&announcementId=1215060282&orgId=9900033057&announcementTime=2022-11-10 00:00:00
锐明技术,002970,002970,锐明技术,独立董事关于第三届董事会第十六次会议相关事项的独立意见,2022-11-10 00:00:00,http://www.cninfo.com.cn/new/disclosure/detail?stockCode=002970&announcementId=1215060281&orgId=9900033057&announcementTime=2022-11-10 00:00:00
锐明技术,002970,002970,锐明技术,2022年半年度报告（更新后）,2022-11-10 00:00:00,http://www.cninfo.com.cn/new/disclosure/detail?stockCode=002970&announcementId=1215060280&orgId=9900033057&announcementTime=2022-11-10 00:00:00
锐明技术,002970,002970,锐明技术,2022年第三季度报告（更新后）,2022-11-10 00:00:00,http://www.cninfo.com.cn/new/disclosure/detail?stockCode=002970&announcementId=1215060279&orgId=9900033057&announcementTime=2022-11-10 00:00:00
锐明技术,002970,002970,锐明技术,关于开展外汇套期保值业务进展的公告,2022-11-10 00:00:00,http://www.cninfo.com.cn/new/disclosure/detail?stockCode=002970&announcementId=1215060278&orgId=9900033057&announcementTime=2022-11-10 00:00:00
锐明技术,002970,002970,锐明技术,关于2022年一季度报告、2022年半年度报告、2022年三季度报告会计差错更正的公告,2022-11-10 00:00:00,http://www.cninfo.com.cn/new/disclosure/detail?stockCode=002970&announcementId=1215060277&orgId=9900033057&announcementTime=2022-11-10 00:00:00
锐明技术,002970,002970,锐明技术,监事会关于公司2022年股票期权激励计划预留授予激励对象名单的公示情况说明及核查意见,2022-11-08 00:00:00,http://www.cninfo.com.cn/new/disclosure/detail?stockCode=002970&announcementId=1215043759&orgId=9900033057&announcementTime=2022-11-08 00:00:00
锐明技术,002970,002970,锐明技术,关于公司原董事减持计划时间过半暨提前终止减持计划的公告,2022-11-05 00:00:00,http://www.cninfo.com.cn/new/disclosure/detail?stockCode=002970&announcementId=1215034640&orgId=9900033057&announcementTime=2022-11-05 00:00:00
锐明技术,002970,002970,锐明技术,关于公司董事减持计划时间过半的进展公告,2022-10-29 00:00:00,http://www.cninfo.com.cn/new/disclosure/detail?stockCode=002970&announcementId=1214967092&orgId=9900033057&announcementTime=2022-10-29 00:00:00
锐明技术,002970,002970,锐明技术,2022年三季度报告（更新前）,2022-10-28 00:00:00,http://www.cninfo.com.cn/new/disclosure/detail?stockCode=002970&announcementId=1214940697&orgId=9900033057&announcementTime=2022-10-28 00:00:00
锐明技术,002970,002970,锐明技术,北京市金杜（深圳）律师事务所关于深圳市锐明技术股份有限公司2022年股票期权激励计划部分预留股票期权授予事项的法律意见书,2022-10-26 00:00:00,http://www.cninfo.com.cn/new/disclosure/detail?stockCode=002970&announcementId=1214903016&orgId=9900033057&announcementTime=2022-10-26 00:00:00
锐明技术,002970,002970,锐明技术,深圳价值在线咨询顾问有限公司关于深圳市锐明技术股份有限公司2022年股票期权激励计划部分预留授予相关事项之独立财务顾问报告,2022-10-26 00:00:00,http://www.cninfo.com.cn/new/disclosure/detail?stockCode=002970&announcementId=1214903015&orgId=9900033057&announcementTime=2022-10-26 00:00:00
锐明技术,002970,002970,锐明技术,监事会关于公司2022年股票期权激励计划预留授予激励对象名单（截至授权日）的核查意见,2022-10-26 00:00:00,http://www.cninfo.com.cn/new/disclosure/detail?stockCode=002970&announcementId=1214903014&orgId=9900033057&announcementTime=2022-10-26 00:00:00
锐明技术,002970,002970,锐明技术,独立董事关于第三届董事会第十四次会议相关事项的独立意见,2022-10-26 00:00:00,http://www.cninfo.com.cn/new/disclosure/detail?stockCode=002970&announcementId=1214903013&orgId=9900033057&announcementTime=2022-10-26 00:00:00
锐明技术,002970,002970,锐明技术,2022年股票期权激励计划预留授予激励对象名单（授权日）,2022-10-26 00:00:00,http://www.cninfo.com.cn/new/disclosure/detail?stockCode=002970&announcementId=1214903012&orgId=9900033057&announcementTime=2022-10-26 00:00:00
锐明技术,002970,002970,锐明技术,关于向2022年股票期权激励计划激励对象授予部分预留股票期权的公告,2022-10-26 00:00:00,http://www.cninfo.com.cn/new/disclosure/detail?stockCode=002970&announcementId=1214903011&orgId=9900033057&announcementTime=2022-10-26 00:00:00
锐明技术,002970,002970,锐明技术,第三届监事会第十四次会议决议公告,2022-10-26 00:00:00,http://www.cninfo.com.cn/new/disclosure/detail?stockCode=002970&announcementId=1214903010&orgId=9900033057&announcementTime=2022-10-26 00:00:00
锐明技术,002970,002970,锐明技术,第三届董事会第十四次会议决议公告,2022-10-26 00:00:00,http://www.cninfo.com.cn/new/disclosure/detail?stockCode=002970&announcementId=1214903009&orgId=9900033057&announcementTime=2022-10-26 00:00:00
锐明技术,002970,002970,锐明技术,深圳市锐明技术股份有限公司2022年第三次临时股东大会决议公告,2022-09-23 00:00:00,http://www.cninfo.com.cn/new/disclosure/detail?stockCode=002970&announcementId=1214650636&orgId=9900033057&announcementTime=2022-09-23 00:00:00
锐明技术,002970,002970,锐明技术,北京市金杜（深圳）律师事务所关于深圳市锐明技术股份有限公司2022年第三次临时股东大会之法律意见书,2022-09-23 00:00:00,http://www.cninfo.com.cn/new/disclosure/detail?stockCode=002970&announcementId=1214650635&orgId=9900033057&announcementTime=2022-09-23 00:00:00
锐明技术,002970,002970,锐明技术,北京市金杜（深圳）律师事务所关于深圳市锐明技术股份有限公司调整2021年股票期权与限制性股票激励计划公司层面业绩考核目标与2022年股票期权激励计划行权比例及公司层面业绩考核目标的的法律意见书,2022-09-07 00:00:00,http://www.cninfo.com.cn/new/disclosure/detail?stockCode=002970&announcementId=1214549074&orgId=9900033057&announcementTime=2022-09-07 00:00:00
锐明技术,002970,002970,锐明技术,深圳价值在线咨询顾问有限公司关于深圳市锐明技术股份有限公司调整2022年股票期权激励计划行权比例及公司层面业绩考核目标相关事项之独立财务顾问报告,2022-09-07 00:00:00,http://www.cninfo.com.cn/new/disclosure/detail?stockCode=002970&announcementId=1214549073&orgId=9900033057&announcementTime=2022-09-07 00:00:00
锐明技术,002970,002970,锐明技术,深圳价值在线信息科技股份有限公司关于深圳市锐明技术股份有限公司调整2021年股票期权与限制性股票激励计划公司层面业绩考核目标相关事项之独立财务顾问报告,2022-09-07 00:00:00,http://www.cninfo.com.cn/new/disclosure/detail?stockCode=002970&announcementId=1214549072&orgId=9900033057&announcementTime=2022-09-07 00:00:00
锐明技术,002970,002970,锐明技术,2022年股票期权激励计划实施考核管理办法（修订稿）,2022-09-07 00:00:00,http://www.cninfo.com.cn/new/disclosure/detail?stockCode=002970&announcementId=1214549071&orgId=9900033057&announcementTime=2022-09-07 00:00:00
锐明技术,002970,002970,锐明技术,2022年股票期权激励计划（草案修订稿）摘要,2022-09-07 00:00:00,http://www.cninfo.com.cn/new/disclosure/detail?stockCode=002970&announcementId=1214549070&orgId=9900033057&announcementTime=2022-09-07 00:00:00
锐明技术,002970,002970,锐明技术,2022年股票期权激励计划（草案修订稿）,2022-09-07 00:00:00,http://www.cninfo.com.cn/new/disclosure/detail?stockCode=002970&announcementId=1214549069&orgId=9900033057&announcementTime=2022-09-07 00:00:00
锐明技术,002970,002970,锐明技术,2021年股票期权与限制性股票激励计划实施考核管理办法（修订稿）,2022-09-07 00:00:00,http://www.cninfo.com.cn/new/disclosure/detail?stockCode=002970&announcementId=1214549068&orgId=9900033057&announcementTime=2022-09-07 00:00:00
锐明技术,002970,002970,锐明技术,2021年股票期权与限制性股票激励计划（草案修订稿）,2022-09-07 00:00:00,http://www.cninfo.com.cn/new/disclosure/detail?stockCode=002970&announcementId=1214549067&orgId=9900033057&announcementTime=2022-09-07 00:00:00
锐明技术,002970,002970,锐明技术,2021年股票期权与限制性股票激励计划（草案修订稿） 摘要,2022-09-07 00:00:00,http://www.cninfo.com.cn/new/disclosure/detail?stockCode=002970&announcementId=1214549066&orgId=9900033057&announcementTime=2022-09-07 00:00:00
锐明技术,002970,002970,锐明技术,关于调整2022年股票期权激励计划行权比例及公司层面业绩考核目标的公告,2022-09-07 00:00:00,http://www.cninfo.com.cn/new/disclosure/detail?stockCode=002970&announcementId=1214549065&orgId=9900033057&announcementTime=2022-09-07 00:00:00
锐明技术,002970,002970,锐明技术,关于调整2021年股票期权及限制性股票激励计划公司层面业绩考核目标的公告,2022-09-07 00:00:00,http://www.cninfo.com.cn/new/disclosure/detail?stockCode=002970&announcementId=1214549064&orgId=9900033057&announcementTime=2022-09-07 00:00:00
锐明技术,002970,002970,锐明技术,独立董事关于第三届董事会第十三次会议相关事项的独立意见,2022-09-07 00:00:00,http://www.cninfo.com.cn/new/disclosure/detail?stockCode=002970&announcementId=1214549063&orgId=9900033057&announcementTime=2022-09-07 00:00:00
锐明技术,002970,002970,锐明技术,关于召开公司2022年第三次临时股东大会的通知,2022-09-07 00:00:00,http://www.cninfo.com.cn/new/disclosure/detail?stockCode=002970&announcementId=1214549062&orgId=9900033057&announcementTime=2022-09-07 00:00:00
锐明技术,002970,002970,锐明技术,关于补选公司第三届董事会非独立董事的公告,2022-09-07 00:00:00,http://www.cninfo.com.cn/new/disclosure/detail?stockCode=002970&announcementId=1214549061&orgId=9900033057&announcementTime=2022-09-07 00:00:00
锐明技术,002970,002970,锐明技术,第三届监事会第十三次会议决议公告,2022-09-07 00:00:00,http://www.cninfo.com.cn/new/disclosure/detail?stockCode=002970&announcementId=1214549060&orgId=9900033057&announcementTime=2022-09-07 00:00:00
锐明技术,002970,002970,锐明技术,第三届董事会第十三次会议决议公告,2022-09-07 00:00:00,http://www.cninfo.com.cn/new/disclosure/detail?stockCode=002970&announcementId=1214549059&orgId=9900033057&announcementTime=2022-09-07 00:00:00
锐明技术,002970,002970,锐明技术,关于公司董事辞任的公告,2022-08-24 00:00:00,http://www.cninfo.com.cn/new/disclosure/detail?stockCode=002970&announcementId=1214371279&orgId=9900033057&announcementTime=2022-08-24 00:00:00
锐明技术,002970,002970,锐明技术,关于2021年股票期权与限制性股票激励计划部分限制性股票回购注销完成的公告,2022-08-19 00:00:00,http://www.cninfo.com.cn/new/disclosure/detail?stockCode=002970&announcementId=1214332615&orgId=9900033057&announcementTime=2022-08-19 00:00:00
锐明技术,002970,002970,锐明技术,2022年半年度报告（更新前）,2022-08-17 00:00:00,http://www.cninfo.com.cn/new/disclosure/detail?stockCode=002970&announcementId=1214310115&orgId=9900033057&announcementTime=2022-08-17 00:00:00
锐明技术,002970,002970,锐明技术,2022年半年度财务报告,2022-08-17 00:00:00,http://www.cninfo.com.cn/new/disclosure/detail?stockCode=002970&announcementId=1214310114&orgId=9900033057&announcementTime=2022-08-17 00:00:00
锐明技术,002970,002970,锐明技术,2022年半年度报告摘要（更新前）,2022-08-17 00:00:00,http://www.cninfo.com.cn/new/disclosure/detail?stockCode=002970&announcementId=1214310112&orgId=9900033057&announcementTime=2022-08-17 00:00:00
锐明技术,002970,002970,锐明技术,关于2022年半年度计提资产减值准备的公告,2022-08-17 00:00:00,http://www.cninfo.com.cn/new/disclosure/detail?stockCode=002970&announcementId=1214310111&orgId=9900033057&announcementTime=2022-08-17 00:00:00
锐明技术,002970,002970,锐明技术,2022年半年度募集资金存放与使用情况专项报告,2022-08-17 00:00:00,http://www.cninfo.com.cn/new/disclosure/detail?stockCode=002970&announcementId=1214310110&orgId=9900033057&announcementTime=2022-08-17 00:00:00
锐明技术,002970,002970,锐明技术,半年度非经营性资金占用及其他关联资金往来情况汇总表,2022-08-17 00:00:00,http://www.cninfo.com.cn/new/disclosure/detail?stockCode=002970&announcementId=1214310109&orgId=9900033057&announcementTime=2022-08-17 00:00:00
锐明技术,002970,002970,锐明技术,半年报监事会决议公告,2022-08-17 00:00:00,http://www.cninfo.com.cn/new/disclosure/detail?stockCode=002970&announcementId=1214310108&orgId=9900033057&announcementTime=2022-08-17 00:00:00
锐明技术,002970,002970,锐明技术,半年报董事会决议公告,2022-08-17 00:00:00,http://www.cninfo.com.cn/new/disclosure/detail?stockCode=002970&announcementId=1214310107&orgId=9900033057&announcementTime=2022-08-17 00:00:00
锐明技术,002970,002970,锐明技术,独立董事关于控股股东及其他关联方占用公司资金、公司对外担保情况的专项说明和独立意见,2022-08-17 00:00:00,http://www.cninfo.com.cn/new/disclosure/detail?stockCode=002970&announcementId=1214310106&orgId=9900033057&announcementTime=2022-08-17 00:00:00
锐明技术,002970,002970,锐明技术,深圳市锐明技术股份有限公司2022年第二次临时股东大会决议公告,2022-08-09 00:00:00,http://www.cninfo.com.cn/new/disclosure/detail?stockCode=002970&announcementId=1214251448&orgId=9900033057&announcementTime=2022-08-09 00:00:00
锐明技术,002970,002970,锐明技术,北京市金杜（深圳）律师事务所关于深圳市锐明技术股份有限公司2022年第二次临时股东大会之法律意见书,2022-08-09 00:00:00,http://www.cninfo.com.cn/new/disclosure/detail?stockCode=002970&announcementId=1214251447&orgId=9900033057&announcementTime=2022-08-09 00:00:00
锐明技术,002970,002970,锐明技术,关于2022年股票期权激励计划首次授予登记完成的公告,2022-08-09 00:00:00,http://www.cninfo.com.cn/new/disclosure/detail?stockCode=002970&announcementId=1214251209&orgId=9900033057&announcementTime=2022-08-09 00:00:00
锐明技术,002970,002970,锐明技术,关于公司股东减持计划的预披露公告,2022-07-28 00:00:00,http://www.cninfo.com.cn/new/disclosure/detail?stockCode=002970&announcementId=1214146873&orgId=9900033057&announcementTime=2022-07-28 00:00:00
锐明技术,002970,002970,锐明技术,关于公司股东减持计划时间届满的公告,2022-07-27 00:00:00,http://www.cninfo.com.cn/new/disclosure/detail?stockCode=002970&announcementId=1214135299&orgId=9900033057&announcementTime=2022-07-27 00:00:00
锐明技术,002970,002970,锐明技术,国信证券股份有限公司关于锐明技术部分募集资金投资项目结项并将节余募集资金永久补充流动资金的核查意见,2022-07-22 00:00:00,http://www.cninfo.com.cn/new/disclosure/detail?stockCode=002970&announcementId=1214110376&orgId=9900033057&announcementTime=2022-07-22 00:00:00
锐明技术,002970,002970,锐明技术,关于部分募集资金投资项目结项并将节余募集资金永久补充流动资金的公告,2022-07-22 00:00:00,http://www.cninfo.com.cn/new/disclosure/detail?stockCode=002970&announcementId=1214110375&orgId=9900033057&announcementTime=2022-07-22 00:00:00
锐明技术,002970,002970,锐明技术,深圳价值在线咨询顾问有限公司关于深圳市锐明技术股份有限公司2022年股票期权激励计划调整及首次授予相关事项之独立财务顾问报告,2022-07-22 00:00:00,http://www.cninfo.com.cn/new/disclosure/detail?stockCode=002970&announcementId=1214110374&orgId=9900033057&announcementTime=2022-07-22 00:00:00
锐明技术,002970,002970,锐明技术,监事会关于公司2022年股票期权激励计划首次授予激励对象名单（截至授权日）的核查意见,2022-07-22 00:00:00,http://www.cninfo.com.cn/new/disclosure/detail?stockCode=002970&announcementId=1214110373&orgId=9900033057&announcementTime=2022-07-22 00:00:00
锐明技术,002970,002970,锐明技术,独立董事关于第三届董事会第十一次会议相关事项的独立意见,2022-07-22 00:00:00,http://www.cninfo.com.cn/new/disclosure/detail?stockCode=002970&announcementId=1214110372&orgId=9900033057&announcementTime=2022-07-22 00:00:00
锐明技术,002970,002970,锐明技术,北京市金杜（深圳）律师事务所关于深圳市锐明技术股份有限公司2022年股票期权激励计划调整及授予事项的法律意见书,2022-07-22 00:00:00,http://www.cninfo.com.cn/new/disclosure/detail?stockCode=002970&announcementId=1214110371&orgId=9900033057&announcementTime=2022-07-22 00:00:00
锐明技术,002970,002970,锐明技术,2022年股票期权激励计划首次授予激励对象名单（授权日）,2022-07-22 00:00:00,http://www.cninfo.com.cn/new/disclosure/detail?stockCode=002970&announcementId=1214110370&orgId=9900033057&announcementTime=2022-07-22 00:00:00
锐明技术,002970,002970,锐明技术,关于召开公司2022年第二次临时股东大会的通知,2022-07-22 00:00:00,http://www.cninfo.com.cn/new/disclosure/detail?stockCode=002970&announcementId=1214110369&orgId=9900033057&announcementTime=2022-07-22 00:00:00
锐明技术,002970,002970,锐明技术,关于向激励对象首次授予股票期权的公告,2022-07-22 00:00:00,http://www.cninfo.com.cn/new/disclosure/detail?stockCode=002970&announcementId=1214110368&orgId=9900033057&announcementTime=2022-07-22 00:00:00
锐明技术,002970,002970,锐明技术,关于调整2022年股票期权激励计划相关事项的公告,2022-07-22 00:00:00,http://www.cninfo.com.cn/new/disclosure/detail?stockCode=002970&announcementId=1214110367&orgId=9900033057&announcementTime=2022-07-22 00:00:00
锐明技术,002970,002970,锐明技术,第三届监事会第十一次会议决议公告,2022-07-22 00:00:00,http://www.cninfo.com.cn/new/disclosure/detail?stockCode=002970&announcementId=1214110366&orgId=9900033057&announcementTime=2022-07-22 00:00:00
锐明技术,002970,002970,锐明技术,第三届董事会第十一次会议决议公告,2022-07-22 00:00:00,http://www.cninfo.com.cn/new/disclosure/detail?stockCode=002970&announcementId=1214110365&orgId=9900033057&announcementTime=2022-07-22 00:00:00
锐明技术,002970,002970,锐明技术,2022年半年度业绩预告,2022-07-14 00:00:00,http://www.cninfo.com.cn/new/disclosure/detail?stockCode=002970&announcementId=1214025276&orgId=9900033057&announcementTime=2022-07-14 00:00:00
锐明技术,002970,002970,锐明技术,关于公司董事减持计划的预披露公告,2022-07-13 00:00:00,http://www.cninfo.com.cn/new/disclosure/detail?stockCode=002970&announcementId=1214013790&orgId=9900033057&announcementTime=2022-07-13 00:00:00
锐明技术,002970,002970,锐明技术,关于公司董事减持计划时间届满的公告,2022-07-12 00:00:00,http://www.cninfo.com.cn/new/disclosure/detail?stockCode=002970&announcementId=1214006074&orgId=9900033057&announcementTime=2022-07-12 00:00:00
锐明技术,002970,002970,锐明技术,第三届监事会第十次会议决议公告,2022-06-28 00:00:00,http://www.cninfo.com.cn/new/disclosure/detail?stockCode=002970&announcementId=1213834407&orgId=9900033057&announcementTime=2022-06-28 00:00:00
锐明技术,002970,002970,锐明技术,国信证券股份有限公司关于深圳市锐明技术股份有限公司部分募投项目延期的核查意见,2022-06-28 00:00:00,http://www.cninfo.com.cn/new/disclosure/detail?stockCode=002970&announcementId=1213834406&orgId=9900033057&announcementTime=2022-06-28 00:00:00
锐明技术,002970,002970,锐明技术,独立董事关于第三届董事会第十次会议相关事项的独立意见,2022-06-28 00:00:00,http://www.cninfo.com.cn/new/disclosure/detail?stockCode=002970&announcementId=1213834405&orgId=9900033057&announcementTime=2022-06-28 00:00:00
锐明技术,002970,002970,锐明技术,关于公司董事减持计划的预披露公告,2022-06-28 00:00:00,http://www.cninfo.com.cn/new/disclosure/detail?stockCode=002970&announcementId=1213834404&orgId=9900033057&announcementTime=2022-06-28 00:00:00
锐明技术,002970,002970,锐明技术,关于部分募投项目延期的公告,2022-06-28 00:00:00,http://www.cninfo.com.cn/new/disclosure/detail?stockCode=002970&announcementId=1213834403&orgId=9900033057&announcementTime=2022-06-28 00:00:00
锐明技术,002970,002970,锐明技术,第三届董事会第十次会议决议公告,2022-06-28 00:00:00,http://www.cninfo.com.cn/new/disclosure/detail?stockCode=002970&announcementId=1213834401&orgId=9900033057&announcementTime=2022-06-28 00:00:00
锐明技术,002970,002970,锐明技术,关于参与南山区联合竞买及合作建设留仙洞七街坊T501-0106地块的进展公告,2022-06-18 00:00:00,http://www.cninfo.com.cn/new/disclosure/detail?stockCode=002970&announcementId=1213739067&orgId=9900033057&announcementTime=2022-06-18 00:00:00
锐明技术,002970,002970,锐明技术,关于2022年股票期权激励计划内幕信息知情人及首次授予激励对象买卖公司股票情况的自查报告,2022-06-14 00:00:00,http://www.cninfo.com.cn/new/disclosure/detail?stockCode=002970&announcementId=1213689571&orgId=9900033057&announcementTime=2022-06-14 00:00:00
锐明技术,002970,002970,锐明技术,北京市金杜（深圳）律师事务所关于深圳市锐明技术股份有限公司2022年第一次临时股东大会法律意见书,2022-06-14 00:00:00,http://www.cninfo.com.cn/new/disclosure/detail?stockCode=002970&announcementId=1213689570&orgId=9900033057&announcementTime=2022-06-14 00:00:00
锐明技术,002970,002970,锐明技术,深圳市锐明技术股份有限公司2022年第一次临时股东大会决议公告,2022-06-14 00:00:00,http://www.cninfo.com.cn/new/disclosure/detail?stockCode=002970&announcementId=1213689569&orgId=9900033057&announcementTime=2022-06-14 00:00:00
锐明技术,002970,002970,锐明技术,监事会关于公司2022年股票期权激励计划首次授予激励对象名单的公示情况说明及核查意见,2022-06-08 00:00:00,http://www.cninfo.com.cn/new/disclosure/detail?stockCode=002970&announcementId=1213630289&orgId=9900033057&announcementTime=2022-06-08 00:00:00
锐明技术,002970,002970,锐明技术,2021年年度分红派息实施公告,2022-06-07 00:00:00,http://www.cninfo.com.cn/new/disclosure/detail?stockCode=002970&announcementId=1213620351&orgId=9900033057&announcementTime=2022-06-07 00:00:00
锐明技术,002970,002970,锐明技术,关于与专业投资机构合作投资的进展公告,2022-06-06 11:40:24,http://www.cninfo.com.cn/new/disclosure/detail?stockCode=002970&announcementId=1213616398&orgId=9900033057&announcementTime=2022-06-06 11:40:24
锐明技术,002970,002970,锐明技术,关于拟参与南山区联合竞买及合作建设留仙洞七街坊T501-0106地块的补充公告,2022-05-26 00:00:00,http://www.cninfo.com.cn/new/disclosure/detail?stockCode=002970&announcementId=1213501611&orgId=9900033057&announcementTime=2022-05-26 00:00:00
锐明技术,002970,002970,锐明技术,深圳价值在线咨询顾问有限公司关于深圳市锐明技术股份有限公司2022年股票期权激励计划（草案）之独立财务顾问报告,2022-05-26 00:00:00,http://www.cninfo.com.cn/new/disclosure/detail?stockCode=002970&announcementId=1213501610&orgId=9900033057&announcementTime=2022-05-26 00:00:00
锐明技术,002970,002970,锐明技术,2022年股票期权激励计划首次授予激励对象名单,2022-05-26 00:00:00,http://www.cninfo.com.cn/new/disclosure/detail?stockCode=002970&announcementId=1213501609&orgId=9900033057&announcementTime=2022-05-26 00:00:00
锐明技术,002970,002970,锐明技术,上市公司股权激励计划自查表,2022-05-26 00:00:00,http://www.cninfo.com.cn/new/disclosure/detail?stockCode=002970&announcementId=1213501608&orgId=9900033057&announcementTime=2022-05-26 00:00:00
锐明技术,002970,002970,锐明技术,深圳市锐明技术股份有限公司2022年股票期权激励计划实施考核管理办法,2022-05-26 00:00:00,http://www.cninfo.com.cn/new/disclosure/detail?stockCode=002970&announcementId=1213501607&orgId=9900033057&announcementTime=2022-05-26 00:00:00
锐明技术,002970,002970,锐明技术,2022年股票期权激励计划（草案）摘要,2022-05-26 00:00:00,http://www.cninfo.com.cn/new/disclosure/detail?stockCode=002970&announcementId=1213501606&orgId=9900033057&announcementTime=2022-05-26 00:00:00
锐明技术,002970,002970,锐明技术,2022年股票期权激励计划（草案）,2022-05-26 00:00:00,http://www.cninfo.com.cn/new/disclosure/detail?stockCode=002970&announcementId=1213501605&orgId=9900033057&announcementTime=2022-05-26 00:00:00
锐明技术,002970,002970,锐明技术,独立董事关于第三届董事会第九次会议相关事项的独立意见,2022-05-26 00:00:00,http://www.cninfo.com.cn/new/disclosure/detail?stockCode=002970&announcementId=1213501604&orgId=9900033057&announcementTime=2022-05-26 00:00:00
锐明技术,002970,002970,锐明技术,北京市金杜（深圳）律师事务所关于深圳市锐明技术股份有限公司2022年股票期权激励计划（草案）的法律意见书,2022-05-26 00:00:00,http://www.cninfo.com.cn/new/disclosure/detail?stockCode=002970&announcementId=1213501603&orgId=9900033057&announcementTime=2022-05-26 00:00:00
锐明技术,002970,002970,锐明技术,关于召开公司2022年第一次临时股东大会的通知,2022-05-26 00:00:00,http://www.cninfo.com.cn/new/disclosure/detail?stockCode=002970&announcementId=1213501602&orgId=9900033057&announcementTime=2022-05-26 00:00:00
锐明技术,002970,002970,锐明技术,独立董事关于公开征集表决权的公告,2022-05-26 00:00:00,http://www.cninfo.com.cn/new/disclosure/detail?stockCode=002970&announcementId=1213501601&orgId=9900033057&announcementTime=2022-05-26 00:00:00
锐明技术,002970,002970,锐明技术,第三届监事会第九次会议决议公告,2022-05-26 00:00:00,http://www.cninfo.com.cn/new/disclosure/detail?stockCode=002970&announcementId=1213501600&orgId=9900033057&announcementTime=2022-05-26 00:00:00
锐明技术,002970,002970,锐明技术,第三届董事会第九次会议决议公告,2022-05-26 00:00:00,http://www.cninfo.com.cn/new/disclosure/detail?stockCode=002970&announcementId=1213501599&orgId=9900033057&announcementTime=2022-05-26 00:00:00
锐明技术,002970,002970,锐明技术,关于拟参与南山区联合竞买及合作建设留仙洞七街坊T501-0106地块的公告,2022-05-24 00:00:00,http://www.cninfo.com.cn/new/disclosure/detail?stockCode=002970&announcementId=1213462577&orgId=9900033057&announcementTime=2022-05-24 00:00:00
锐明技术,002970,002970,锐明技术,第三届监事会第八次会议决议公告,2022-05-24 00:00:00,http://www.cninfo.com.cn/new/disclosure/detail?stockCode=002970&announcementId=1213462576&orgId=9900033057&announcementTime=2022-05-24 00:00:00
锐明技术,002970,002970,锐明技术,第三届董事会第八次会议决议公告,2022-05-24 00:00:00,http://www.cninfo.com.cn/new/disclosure/detail?stockCode=002970&announcementId=1213462575&orgId=9900033057&announcementTime=2022-05-24 00:00:00
锐明技术,002970,002970,锐明技术,2021年年度股东大会决议公告,2022-05-20 00:00:00,http://www.cninfo.com.cn/new/disclosure/detail?stockCode=002970&announcementId=1213417682&orgId=9900033057&announcementTime=2022-05-20 00:00:00
锐明技术,002970,002970,锐明技术,北京市金杜（深圳）律师事务所关于深圳市锐明技术股份有限公司2021年年度股东大会之法律意见书,2022-05-20 00:00:00,http://www.cninfo.com.cn/new/disclosure/detail?stockCode=002970&announcementId=1213417681&orgId=9900033057&announcementTime=2022-05-20 00:00:00
锐明技术,002970,002970,锐明技术,关于回购注销部分限制性股票减少注册资本暨通知债权人的公告,2022-05-20 00:00:00,http://www.cninfo.com.cn/new/disclosure/detail?stockCode=002970&announcementId=1213417680&orgId=9900033057&announcementTime=2022-05-20 00:00:00
锐明技术,002970,002970,锐明技术,关于2021年股票期权与限制性股票激励计划部分股票期权注销登记完成的公告,2022-05-12 00:00:00,http://www.cninfo.com.cn/new/disclosure/detail?stockCode=002970&announcementId=1213321734&orgId=9900033057&announcementTime=2022-05-12 00:00:00
锐明技术,002970,002970,锐明技术,关于公司股东减持计划时间过半的进展公告,2022-04-29 00:00:00,http://www.cninfo.com.cn/new/disclosure/detail?stockCode=002970&announcementId=1213212337&orgId=9900033057&announcementTime=2022-04-29 00:00:00
锐明技术,002970,002970,锐明技术,2021年度募集资金存放与使用情况的专项报告,2022-04-28 00:00:00,http://www.cninfo.com.cn/new/disclosure/detail?stockCode=002970&announcementId=1213192933&orgId=9900033057&announcementTime=2022-04-28 00:00:00
锐明技术,002970,002970,锐明技术,年度关联方资金占用专项审计报告,2022-04-28 00:00:00,http://www.cninfo.com.cn/new/disclosure/detail?stockCode=002970&announcementId=1213192887&orgId=9900033057&announcementTime=2022-04-28 00:00:00
锐明技术,002970,002970,锐明技术,2021年年度报告摘要,2022-04-28 00:00:00,http://www.cninfo.com.cn/new/disclosure/detail?stockCode=002970&announcementId=1213170061&orgId=9900033057&announcementTime=2022-04-28 00:00:00
锐明技术,002970,002970,锐明技术,2021年年度报告,2022-04-28 00:00:00,http://www.cninfo.com.cn/new/disclosure/detail?stockCode=002970&announcementId=1213170060&orgId=9900033057&announcementTime=2022-04-28 00:00:00
锐明技术,002970,002970,锐明技术,关于举行2021年度业绩说明会的公告,2022-04-28 00:00:00,http://www.cninfo.com.cn/new/disclosure/detail?stockCode=002970&announcementId=1213170058&orgId=9900033057&announcementTime=2022-04-28 00:00:00
锐明技术,002970,002970,锐明技术,国信证券股份有限公司关于深圳市锐明技术股份有限公司首次公开发行股票的保荐总结报告书,2022-04-28 00:00:00,http://www.cninfo.com.cn/new/disclosure/detail?stockCode=002970&announcementId=1213170057&orgId=9900033057&announcementTime=2022-04-28 00:00:00
锐明技术,002970,002970,锐明技术,深圳价值在线信息科技股份有限公司关于深圳市锐明技术股份有限公司2021年股票期权与限制性股票激励计划注销及回购注销相关事项之独立财务顾问报告,2022-04-28 00:00:00,http://www.cninfo.com.cn/new/disclosure/detail?stockCode=002970&announcementId=1213170056&orgId=9900033057&announcementTime=2022-04-28 00:00:00
锐明技术,002970,002970,锐明技术,北京市金杜（深圳）律师事务所关于深圳市锐明技术股份有限公司2021年股票期权与限制性股票激励计划注销部分股票期权与回购注销部分限制性股票事宜的法律意见书,2022-04-28 00:00:00,http://www.cninfo.com.cn/new/disclosure/detail?stockCode=002970&announcementId=1213170055&orgId=9900033057&announcementTime=2022-04-28 00:00:00
锐明技术,002970,002970,锐明技术,募集资金存放与使用情况鉴证报告,2022-04-28 00:00:00,http://www.cninfo.com.cn/new/disclosure/detail?stockCode=002970&announcementId=1213170054&orgId=9900033057&announcementTime=2022-04-28 00:00:00
锐明技术,002970,002970,锐明技术,国信证券关于锐明技术2021年度内控自我评价报告的核查意见,2022-04-28 00:00:00,http://www.cninfo.com.cn/new/disclosure/detail?stockCode=002970&announcementId=1213170053&orgId=9900033057&announcementTime=2022-04-28 00:00:00
锐明技术,002970,002970,锐明技术,国信证券关于锐明技术2021年度募集资金存放与使用核查意见,2022-04-28 00:00:00,http://www.cninfo.com.cn/new/disclosure/detail?stockCode=002970&announcementId=1213170052&orgId=9900033057&announcementTime=2022-04-28 00:00:00
锐明技术,002970,002970,锐明技术,国信证券关于锐明技术2021年度保荐工作报告,2022-04-28 00:00:00,http://www.cninfo.com.cn/new/disclosure/detail?stockCode=002970&announcementId=1213170051&orgId=9900033057&announcementTime=2022-04-28 00:00:00
锐明技术,002970,002970,锐明技术,总经理工作细则,2022-04-28 00:00:00,http://www.cninfo.com.cn/new/disclosure/detail?stockCode=002970&announcementId=1213170050&orgId=9900033057&announcementTime=2022-04-28 00:00:00
锐明技术,002970,002970,锐明技术,重大信息内部报告制度,2022-04-28 00:00:00,http://www.cninfo.com.cn/new/disclosure/detail?stockCode=002970&announcementId=1213170049&orgId=9900033057&announcementTime=2022-04-28 00:00:00
锐明技术,002970,002970,锐明技术,战略委员会议事规则,2022-04-28 00:00:00,http://www.cninfo.com.cn/new/disclosure/detail?stockCode=002970&announcementId=1213170027&orgId=9900033057&announcementTime=2022-04-28 00:00:00
锐明技术,002970,002970,锐明技术,信息披露管理制度,2022-04-28 00:00:00,http://www.cninfo.com.cn/new/disclosure/detail?stockCode=002970&announcementId=1213170026&orgId=9900033057&announcementTime=2022-04-28 00:00:00
锐明技术,002970,002970,锐明技术,薪酬与考核委员会议事规则,2022-04-28 00:00:00,http://www.cninfo.com.cn/new/disclosure/detail?stockCode=002970&announcementId=1213170025&orgId=9900033057&announcementTime=2022-04-28 00:00:00
锐明技术,002970,002970,锐明技术,提名委员会议事规则,2022-04-28 00:00:00,http://www.cninfo.com.cn/new/disclosure/detail?stockCode=002970&announcementId=1213170024&orgId=9900033057&announcementTime=2022-04-28 00:00:00
锐明技术,002970,002970,锐明技术,审计委员会议事规则,2022-04-28 00:00:00,http://www.cninfo.com.cn/new/disclosure/detail?stockCode=002970&announcementId=1213170023&orgId=9900033057&announcementTime=2022-04-28 00:00:00
锐明技术,002970,002970,锐明技术,内幕信息知情人登记管理制度,2022-04-28 00:00:00,http://www.cninfo.com.cn/new/disclosure/detail?stockCode=002970&announcementId=1213170022&orgId=9900033057&announcementTime=2022-04-28 00:00:00
锐明技术,002970,002970,锐明技术,内部审计制度,2022-04-28 00:00:00,http://www.cninfo.com.cn/new/disclosure/detail?stockCode=002970&announcementId=1213170021&orgId=9900033057&announcementTime=2022-04-28 00:00:00
锐明技术,002970,002970,锐明技术,监事会议事规则,2022-04-28 00:00:00,http://www.cninfo.com.cn/new/disclosure/detail?stockCode=002970&announcementId=1213170020&orgId=9900033057&announcementTime=2022-04-28 00:00:00
锐明技术,002970,002970,锐明技术,关联交易管理制度,2022-04-28 00:00:00,http://www.cninfo.com.cn/new/disclosure/detail?stockCode=002970&announcementId=1213170019&orgId=9900033057&announcementTime=2022-04-28 00:00:00
锐明技术,002970,002970,锐明技术,关联方资金往来管理制度,2022-04-28 00:00:00,http://www.cninfo.com.cn/new/disclosure/detail?stockCode=002970&announcementId=1213170018&orgId=9900033057&announcementTime=2022-04-28 00:00:00
锐明技术,002970,002970,锐明技术,股东大会议事规则,2022-04-28 00:00:00,http://www.cninfo.com.cn/new/disclosure/detail?stockCode=002970&announcementId=1213170017&orgId=9900033057&announcementTime=2022-04-28 00:00:00
锐明技术,002970,002970,锐明技术,公司章程,2022-04-28 00:00:00,http://www.cninfo.com.cn/new/disclosure/detail?stockCode=002970&announcementId=1213170016&orgId=9900033057&announcementTime=2022-04-28 00:00:00
锐明技术,002970,002970,锐明技术,反舞弊与举报管理制度,2022-04-28 00:00:00,http://www.cninfo.com.cn/new/disclosure/detail?stockCode=002970&announcementId=1213170015&orgId=9900033057&announcementTime=2022-04-28 00:00:00
锐明技术,002970,002970,锐明技术,对外投资管理制度,2022-04-28 00:00:00,http://www.cninfo.com.cn/new/disclosure/detail?stockCode=002970&announcementId=1213170014&orgId=9900033057&announcementTime=2022-04-28 00:00:00
锐明技术,002970,002970,锐明技术,对外担保管理制度,2022-04-28 00:00:00,http://www.cninfo.com.cn/new/disclosure/detail?stockCode=002970&announcementId=1213170013&orgId=9900033057&announcementTime=2022-04-28 00:00:00
锐明技术,002970,002970,锐明技术,独立董事工作制度,2022-04-28 00:00:00,http://www.cninfo.com.cn/new/disclosure/detail?stockCode=002970&announcementId=1213170012&orgId=9900033057&announcementTime=2022-04-28 00:00:00
锐明技术,002970,002970,锐明技术,董事会议事规则,2022-04-28 00:00:00,http://www.cninfo.com.cn/new/disclosure/detail?stockCode=002970&announcementId=1213170011&orgId=9900033057&announcementTime=2022-04-28 00:00:00
锐明技术,002970,002970,锐明技术,董事会秘书工作规则,2022-04-28 00:00:00,http://www.cninfo.com.cn/new/disclosure/detail?stockCode=002970&announcementId=1213170010&orgId=9900033057&announcementTime=2022-04-28 00:00:00
锐明技术,002970,002970,锐明技术,董事、监事和高级管理人员所持本公司股份及其变动管理制度,2022-04-28 00:00:00,http://www.cninfo.com.cn/new/disclosure/detail?stockCode=002970&announcementId=1213170009&orgId=9900033057&announcementTime=2022-04-28 00:00:00
锐明技术,002970,002970,锐明技术,独立董事关于第三届董事会第七次会议相关事项的事前认可意见,2022-04-28 00:00:00,http://www.cninfo.com.cn/new/disclosure/detail?stockCode=002970&announcementId=1213170008&orgId=9900033057&announcementTime=2022-04-28 00:00:00
锐明技术,002970,002970,锐明技术,2021年度财务决算报告,2022-04-28 00:00:00,http://www.cninfo.com.cn/new/disclosure/detail?stockCode=002970&announcementId=1213170007&orgId=9900033057&announcementTime=2022-04-28 00:00:00
锐明技术,002970,002970,锐明技术,2021年度监事会工作报告,2022-04-28 00:00:00,http://www.cninfo.com.cn/new/disclosure/detail?stockCode=002970&announcementId=1213170006&orgId=9900033057&announcementTime=2022-04-28 00:00:00
锐明技术,002970,002970,锐明技术,2021年度董事会工作报告,2022-04-28 00:00:00,http://www.cninfo.com.cn/new/disclosure/detail?stockCode=002970&announcementId=1213170005&orgId=9900033057&announcementTime=2022-04-28 00:00:00
锐明技术,002970,002970,锐明技术,关于修订《公司章程》并办理工商变更登记的公告,2022-04-28 00:00:00,http://www.cninfo.com.cn/new/disclosure/detail?stockCode=002970&announcementId=1213170004&orgId=9900033057&announcementTime=2022-04-28 00:00:00
锐明技术,002970,002970,锐明技术,关于回购注销2021年股票期权与限制性股票激励计划部分已授予但尚未解除限售的限制性股票的公告,2022-04-28 00:00:00,http://www.cninfo.com.cn/new/disclosure/detail?stockCode=002970&announcementId=1213170003&orgId=9900033057&announcementTime=2022-04-28 00:00:00
锐明技术,002970,002970,锐明技术,关于注销2021年股票期权与限制性股票激励计划首次授予部分已授予但尚未行权的股票期权的公告,2022-04-28 00:00:00,http://www.cninfo.com.cn/new/disclosure/detail?stockCode=002970&announcementId=1213170002&orgId=9900033057&announcementTime=2022-04-28 00:00:00
锐明技术,002970,002970,锐明技术,关于董事、高级管理人员辞职暨增补董事的公告,2022-04-28 00:00:00,http://www.cninfo.com.cn/new/disclosure/detail?stockCode=002970&announcementId=1213170001&orgId=9900033057&announcementTime=2022-04-28 00:00:00
锐明技术,002970,002970,锐明技术,关于公司及控股子公司增加向银行申请综合授信额度的公告,2022-04-28 00:00:00,http://www.cninfo.com.cn/new/disclosure/detail?stockCode=002970&announcementId=1213170000&orgId=9900033057&announcementTime=2022-04-28 00:00:00
锐明技术,002970,002970,锐明技术,关于2022年度日常关联交易预计的公告,2022-04-28 00:00:00,http://www.cninfo.com.cn/new/disclosure/detail?stockCode=002970&announcementId=1213169999&orgId=9900033057&announcementTime=2022-04-28 00:00:00
锐明技术,002970,002970,锐明技术,关于续聘会计师事务所的公告,2022-04-28 00:00:00,http://www.cninfo.com.cn/new/disclosure/detail?stockCode=002970&announcementId=1213169998&orgId=9900033057&announcementTime=2022-04-28 00:00:00
锐明技术,002970,002970,锐明技术,关于监事辞职暨增补监事的公告,2022-04-28 00:00:00,http://www.cninfo.com.cn/new/disclosure/detail?stockCode=002970&announcementId=1213169996&orgId=9900033057&announcementTime=2022-04-28 00:00:00
锐明技术,002970,002970,锐明技术,关于 2021 年度计提资产减值准备的公告,2022-04-28 00:00:00,http://www.cninfo.com.cn/new/disclosure/detail?stockCode=002970&announcementId=1213169995&orgId=9900033057&announcementTime=2022-04-28 00:00:00
锐明技术,002970,002970,锐明技术,2022年一季度报告（更新前）,2022-04-28 00:00:00,http://www.cninfo.com.cn/new/disclosure/detail?stockCode=002970&announcementId=1213169994&orgId=9900033057&announcementTime=2022-04-28 00:00:00
锐明技术,002970,002970,锐明技术,独立董事对担保等事项的独立意见,2022-04-28 00:00:00,http://www.cninfo.com.cn/new/disclosure/detail?stockCode=002970&announcementId=1213169993&orgId=9900033057&announcementTime=2022-04-28 00:00:00
锐明技术,002970,002970,锐明技术,独立董事年度述职报告,2022-04-28 00:00:00,http://www.cninfo.com.cn/new/disclosure/detail?stockCode=002970&announcementId=1213169992&orgId=9900033057&announcementTime=2022-04-28 00:00:00
锐明技术,002970,002970,锐明技术,内部控制鉴证报告,2022-04-28 00:00:00,http://www.cninfo.com.cn/new/disclosure/detail?stockCode=002970&announcementId=1213169991&orgId=9900033057&announcementTime=2022-04-28 00:00:00
锐明技术,002970,002970,锐明技术,内部控制自我评价报告,2022-04-28 00:00:00,http://www.cninfo.com.cn/new/disclosure/detail?stockCode=002970&announcementId=1213169990&orgId=9900033057&announcementTime=2022-04-28 00:00:00
锐明技术,002970,002970,锐明技术,年度股东大会通知,2022-04-28 00:00:00,http://www.cninfo.com.cn/new/disclosure/detail?stockCode=002970&announcementId=1213169988&orgId=9900033057&announcementTime=2022-04-28 00:00:00
锐明技术,002970,002970,锐明技术,监事会决议公告,2022-04-28 00:00:00,http://www.cninfo.com.cn/new/disclosure/detail?stockCode=002970&announcementId=1213169987&orgId=9900033057&announcementTime=2022-04-28 00:00:00
锐明技术,002970,002970,锐明技术,董事会决议公告,2022-04-28 00:00:00,http://www.cninfo.com.cn/new/disclosure/detail?stockCode=002970&announcementId=1213169986&orgId=9900033057&announcementTime=2022-04-28 00:00:00
锐明技术,002970,002970,锐明技术,2021年年度审计报告,2022-04-28 00:00:00,http://www.cninfo.com.cn/new/disclosure/detail?stockCode=002970&announcementId=1213169985&orgId=9900033057&announcementTime=2022-04-28 00:00:00
锐明技术,002970,002970,锐明技术,关于公司董事减持计划时间过半的进展公告,2022-04-13 00:00:00,http://www.cninfo.com.cn/new/disclosure/detail?stockCode=002970&announcementId=1212897499&orgId=9900033057&announcementTime=2022-04-13 00:00:00
锐明技术,002970,002970,锐明技术,锐明技术关于更换保荐代表人的公告,2022-04-09 00:00:00,http://www.cninfo.com.cn/new/disclosure/detail?stockCode=002970&announcementId=1212854967&orgId=9900033057&announcementTime=2022-04-09 00:00:00
锐明技术,002970,002970,锐明技术,关于使用部分闲置募集资金进行现金管理的进展公告,2022-02-22 00:00:00,http://www.cninfo.com.cn/new/disclosure/detail?stockCode=002970&announcementId=1212411758&orgId=9900033057&announcementTime=2022-02-22 00:00:00
锐明技术,002970,002970,锐明技术,2021年年度业绩预告,2022-01-29 00:00:00,http://www.cninfo.com.cn/new/disclosure/detail?stockCode=002970&announcementId=1212308557&orgId=9900033057&announcementTime=2022-01-29 00:00:00
锐明技术,002970,002970,锐明技术,关于公司股东减持计划的预披露公告,2022-01-05 00:00:00,http://www.cninfo.com.cn/new/disclosure/detail?stockCode=002970&announcementId=1212094759&orgId=9900033057&announcementTime=2022-01-05 00:00:00
锐明技术,002970,002970,锐明技术,关于与专业投资机构合作投资的进展公告,2022-01-05 00:00:00,http://www.cninfo.com.cn/new/disclosure/detail?stockCode=002970&announcementId=1212094757&orgId=9900033057&announcementTime=2022-01-05 00:00:00
锐明技术,002970,002970,锐明技术,关于股东减持计划时间届满的公告,2022-01-01 00:00:00,http://www.cninfo.com.cn/new/disclosure/detail?stockCode=002970&announcementId=1212073756&orgId=9900033057&announcementTime=2022-01-01 00:00:00
锐明技术,002970,002970,锐明技术,关于公司高级管理人员辞任的公告,2021-12-31 00:00:00,http://www.cninfo.com.cn/new/disclosure/detail?stockCode=002970&announcementId=1212060838&orgId=9900033057&announcementTime=2021-12-31 00:00:00
锐明技术,002970,002970,锐明技术,国信证券股份有限公司关于深圳市锐明技术股份有限公司持续督导2021年现场检查报告,2021-12-29 00:00:00,http://www.cninfo.com.cn/new/disclosure/detail?stockCode=002970&announcementId=1212046404&orgId=9900033057&announcementTime=2021-12-29 00:00:00
锐明技术,002970,002970,锐明技术,国信证券股份有限公司关于深圳市锐明技术股份有限公司持续督导2021年培训情况的报告,2021-12-29 00:00:00,http://www.cninfo.com.cn/new/disclosure/detail?stockCode=002970&announcementId=1212046403&orgId=9900033057&announcementTime=2021-12-29 00:00:00
锐明技术,002970,002970,锐明技术,独立董事关于第三届董事会第六次会议相关事项的独立意见,2021-12-23 00:00:00,http://www.cninfo.com.cn/new/disclosure/detail?stockCode=002970&announcementId=1211990092&orgId=9900033057&announcementTime=2021-12-23 00:00:00
锐明技术,002970,002970,锐明技术,锐明技术：关于开展外汇套期保值的可行性分析报告,2021-12-23 00:00:00,http://www.cninfo.com.cn/new/disclosure/detail?stockCode=002970&announcementId=1211990091&orgId=9900033057&announcementTime=2021-12-23 00:00:00
锐明技术,002970,002970,锐明技术,锐明技术：关于公司及子公司向银行申请综合授信暨开展票据池业务的公告,2021-12-23 00:00:00,http://www.cninfo.com.cn/new/disclosure/detail?stockCode=002970&announcementId=1211990090&orgId=9900033057&announcementTime=2021-12-23 00:00:00
锐明技术,002970,002970,锐明技术,锐明技术：第三届监事会第六次会议决议公告,2021-12-23 00:00:00,http://www.cninfo.com.cn/new/disclosure/detail?stockCode=002970&announcementId=1211990089&orgId=9900033057&announcementTime=2021-12-23 00:00:00
锐明技术,002970,002970,锐明技术,锐明技术：第三届董事会第六次会议决议公告,2021-12-23 00:00:00,http://www.cninfo.com.cn/new/disclosure/detail?stockCode=002970&announcementId=1211990088&orgId=9900033057&announcementTime=2021-12-23 00:00:00
锐明技术,002970,002970,锐明技术,锐明技术：关于部分募投项目延期的公告,2021-12-23 00:00:00,http://www.cninfo.com.cn/new/disclosure/detail?stockCode=002970&announcementId=1211990087&orgId=9900033057&announcementTime=2021-12-23 00:00:00
锐明技术,002970,002970,锐明技术,国信证券关于锐明技术使用闲置自有资金进行现金管理的核查意见,2021-12-23 00:00:00,http://www.cninfo.com.cn/new/disclosure/detail?stockCode=002970&announcementId=1211990086&orgId=9900033057&announcementTime=2021-12-23 00:00:00
锐明技术,002970,002970,锐明技术,国信证券关于锐明技术使用闲置募集资金进行现金管理的核查意见,2021-12-23 00:00:00,http://www.cninfo.com.cn/new/disclosure/detail?stockCode=002970&announcementId=1211990085&orgId=9900033057&announcementTime=2021-12-23 00:00:00
锐明技术,002970,002970,锐明技术,国信证券关于锐明技术开展外汇套期保值业务的核查意见,2021-12-23 00:00:00,http://www.cninfo.com.cn/new/disclosure/detail?stockCode=002970&announcementId=1211990084&orgId=9900033057&announcementTime=2021-12-23 00:00:00
锐明技术,002970,002970,锐明技术,国信证券关于锐明技术部分募投项目延期的核查意见,2021-12-23 00:00:00,http://www.cninfo.com.cn/new/disclosure/detail?stockCode=002970&announcementId=1211990083&orgId=9900033057&announcementTime=2021-12-23 00:00:00
锐明技术,002970,002970,锐明技术,锐明技术：关于开展外汇套期保值业务的公告,2021-12-23 00:00:00,http://www.cninfo.com.cn/new/disclosure/detail?stockCode=002970&announcementId=1211990082&orgId=9900033057&announcementTime=2021-12-23 00:00:00
锐明技术,002970,002970,锐明技术,锐明技术：关于使用闲置自有资金进行现金管理的公告,2021-12-23 00:00:00,http://www.cninfo.com.cn/new/disclosure/detail?stockCode=002970&announcementId=1211990081&orgId=9900033057&announcementTime=2021-12-23 00:00:00
锐明技术,002970,002970,锐明技术,锐明技术：关于使用闲置募集资金进行现金管理的公告,2021-12-23 00:00:00,http://www.cninfo.com.cn/new/disclosure/detail?stockCode=002970&announcementId=1211990080&orgId=9900033057&announcementTime=2021-12-23 00:00:00
锐明技术,002970,002970,锐明技术,关于与专业投资机构合作投资的公告,2021-12-18 00:00:00,http://www.cninfo.com.cn/new/disclosure/detail?stockCode=002970&announcementId=1211946689&orgId=9900033057&announcementTime=2021-12-18 00:00:00
锐明技术,002970,002970,锐明技术,关于公司董事减持计划的预披露公告,2021-12-18 00:00:00,http://www.cninfo.com.cn/new/disclosure/detail?stockCode=002970&announcementId=1211946688&orgId=9900033057&announcementTime=2021-12-18 00:00:00
锐明技术,002970,002970,锐明技术,关于股票交易异常波动公告,2021-12-07 00:00:00,http://www.cninfo.com.cn/new/disclosure/detail?stockCode=002970&announcementId=1211821936&orgId=9900033057&announcementTime=2021-12-07 00:00:00
锐明技术,002970,002970,锐明技术,关于参加2021深圳辖区上市公司投资者网上集体接待日活动的公告,2021-11-26 00:00:00,http://www.cninfo.com.cn/new/disclosure/detail?stockCode=002970&announcementId=1211704793&orgId=9900033057&announcementTime=2021-11-26 00:00:00
锐明技术,002970,002970,锐明技术,关于股东减持计划时间过半的进展公告,2021-10-23 00:00:00,http://www.cninfo.com.cn/new/disclosure/detail?stockCode=002970&announcementId=1211362667&orgId=9900033057&announcementTime=2021-10-23 00:00:00
锐明技术,002970,002970,锐明技术,2021年第三季度报告,2021-10-22 00:00:00,http://www.cninfo.com.cn/new/disclosure/detail?stockCode=002970&announcementId=1211347041&orgId=9900033057&announcementTime=2021-10-22 00:00:00
锐明技术,002970,002970,锐明技术,2021年前三季度业绩预告,2021-10-15 00:00:00,http://www.cninfo.com.cn/new/disclosure/detail?stockCode=002970&announcementId=1211272304&orgId=9900033057&announcementTime=2021-10-15 00:00:00
锐明技术,002970,002970,锐明技术,北京市金杜（深圳）律师事务所关于深圳市锐明技术股份有限公司2021年第二次临时股东大会法律意见书,2021-09-15 00:00:00,http://www.cninfo.com.cn/new/disclosure/detail?stockCode=002970&announcementId=1211055121&orgId=9900033057&announcementTime=2021-09-15 00:00:00
锐明技术,002970,002970,锐明技术,深圳市锐明技术股份有限公司2021年第二次临时股东大会决议公告,2021-09-15 00:00:00,http://www.cninfo.com.cn/new/disclosure/detail?stockCode=002970&announcementId=1211055120&orgId=9900033057&announcementTime=2021-09-15 00:00:00
锐明技术,002970,002970,锐明技术,关于使用部分闲置募集资金进行现金管理的进展公告,2021-09-10 00:00:00,http://www.cninfo.com.cn/new/disclosure/detail?stockCode=002970&announcementId=1210994851&orgId=9900033057&announcementTime=2021-09-10 00:00:00
锐明技术,002970,002970,锐明技术,深圳市锐明技术股份有限公司章程,2021-09-03 00:00:00,http://www.cninfo.com.cn/new/disclosure/detail?stockCode=002970&announcementId=1210965022&orgId=9900033057&announcementTime=2021-09-03 00:00:00
锐明技术,002970,002970,锐明技术,关于修订公司章程并办理工商变更登记的公告,2021-09-03 00:00:00,http://www.cninfo.com.cn/new/disclosure/detail?stockCode=002970&announcementId=1210965021&orgId=9900033057&announcementTime=2021-09-03 00:00:00
锐明技术,002970,002970,锐明技术,关于2021年第二次临时股东大会增加临时提案暨股东大会补充通知的公告,2021-09-03 00:00:00,http://www.cninfo.com.cn/new/disclosure/detail?stockCode=002970&announcementId=1210965020&orgId=9900033057&announcementTime=2021-09-03 00:00:00
锐明技术,002970,002970,锐明技术,关于2021年股票期权与限制性股票激励计划之暂缓授予限制性股票授予登记完成的公告,2021-08-31 00:00:00,http://www.cninfo.com.cn/new/disclosure/detail?stockCode=002970&announcementId=1210926230&orgId=9900033057&announcementTime=2021-08-31 00:00:00
锐明技术,002970,002970,锐明技术,关于签订战略合作框架协议的公告,2021-08-30 00:00:00,http://www.cninfo.com.cn/new/disclosure/detail?stockCode=002970&announcementId=1210912967&orgId=9900033057&announcementTime=2021-08-30 00:00:00
锐明技术,002970,002970,锐明技术,北京市金杜（深圳）律师事务所关于深圳市锐明技术股份有限公司2021年股票期权与限制性股票激励计划之调整股票期权行权价格和限制性股票授予价格及向暂缓授予的激励对象授予限制性股票的法律意见书,2021-08-20 00:00:00,http://www.cninfo.com.cn/new/disclosure/detail?stockCode=002970&announcementId=1210793595&orgId=9900033057&announcementTime=2021-08-20 00:00:00
锐明技术,002970,002970,锐明技术,关于向暂缓授予的激励对象授予限制性股票的公告,2021-08-20 00:00:00,http://www.cninfo.com.cn/new/disclosure/detail?stockCode=002970&announcementId=1210793594&orgId=9900033057&announcementTime=2021-08-20 00:00:00
锐明技术,002970,002970,锐明技术,关于调整2021年股票期权与限制性股票激励计划股票期权行权价格及限制性股票授予价格的公告,2021-08-20 00:00:00,http://www.cninfo.com.cn/new/disclosure/detail?stockCode=002970&announcementId=1210793592&orgId=9900033057&announcementTime=2021-08-20 00:00:00
锐明技术,002970,002970,锐明技术,深圳价值在线信息科技股份有限公司关于深圳市锐明技术股份有限公司2021年股票期权与限制性股票激励计划调整及暂缓授予相关事项之独立财务顾问报告,2021-08-20 00:00:00,http://www.cninfo.com.cn/new/disclosure/detail?stockCode=002970&announcementId=1210793589&orgId=9900033057&announcementTime=2021-08-20 00:00:00
锐明技术,002970,002970,锐明技术,监事会关于公司2021年股票期权与限制性股票激励计划暂缓授予激励对象名单（授予日）的核查意见,2021-08-20 00:00:00,http://www.cninfo.com.cn/new/disclosure/detail?stockCode=002970&announcementId=1210793587&orgId=9900033057&announcementTime=2021-08-20 00:00:00
锐明技术,002970,002970,锐明技术,2021年股票期权与限制性股票激励计划暂缓授予激励对象名单(授予日),2021-08-20 00:00:00,http://www.cninfo.com.cn/new/disclosure/detail?stockCode=002970&announcementId=1210793586&orgId=9900033057&announcementTime=2021-08-20 00:00:00
锐明技术,002970,002970,锐明技术,独立董事关于第三届董事会第四次会议相关事项的独立意见,2021-08-20 00:00:00,http://www.cninfo.com.cn/new/disclosure/detail?stockCode=002970&announcementId=1210793585&orgId=9900033057&announcementTime=2021-08-20 00:00:00
锐明技术,002970,002970,锐明技术,第三届监事会第四次会议决议公告,2021-08-20 00:00:00,http://www.cninfo.com.cn/new/disclosure/detail?stockCode=002970&announcementId=1210793584&orgId=9900033057&announcementTime=2021-08-20 00:00:00
锐明技术,002970,002970,锐明技术,第三届董事会第四次会议决议公告,2021-08-20 00:00:00,http://www.cninfo.com.cn/new/disclosure/detail?stockCode=002970&announcementId=1210793582&orgId=9900033057&announcementTime=2021-08-20 00:00:00
锐明技术,002970,002970,锐明技术,2021年半年度报告,2021-08-18 00:00:00,http://www.cninfo.com.cn/new/disclosure/detail?stockCode=002970&announcementId=1210770486&orgId=9900033057&announcementTime=2021-08-18 00:00:00
锐明技术,002970,002970,锐明技术,2021年半年度财务报告,2021-08-18 00:00:00,http://www.cninfo.com.cn/new/disclosure/detail?stockCode=002970&announcementId=1210770485&orgId=9900033057&announcementTime=2021-08-18 00:00:00
锐明技术,002970,002970,锐明技术,信息披露管理制度,2021-08-18 00:00:00,http://www.cninfo.com.cn/new/disclosure/detail?stockCode=002970&announcementId=1210770483&orgId=9900033057&announcementTime=2021-08-18 00:00:00
锐明技术,002970,002970,锐明技术,关于监事辞职暨增补监事的公告,2021-08-18 00:00:00,http://www.cninfo.com.cn/new/disclosure/detail?stockCode=002970&announcementId=1210770482&orgId=9900033057&announcementTime=2021-08-18 00:00:00
锐明技术,002970,002970,锐明技术,关于与关联方共同投资设立合资公司暨关联交易的公告,2021-08-18 00:00:00,http://www.cninfo.com.cn/new/disclosure/detail?stockCode=002970&announcementId=1210770481&orgId=9900033057&announcementTime=2021-08-18 00:00:00
锐明技术,002970,002970,锐明技术,募集资金管理制度,2021-08-18 00:00:00,http://www.cninfo.com.cn/new/disclosure/detail?stockCode=002970&announcementId=1210770480&orgId=9900033057&announcementTime=2021-08-18 00:00:00
锐明技术,002970,002970,锐明技术,股东大会议事规则,2021-08-18 00:00:00,http://www.cninfo.com.cn/new/disclosure/detail?stockCode=002970&announcementId=1210770479&orgId=9900033057&announcementTime=2021-08-18 00:00:00
锐明技术,002970,002970,锐明技术,对外投资管理制度,2021-08-18 00:00:00,http://www.cninfo.com.cn/new/disclosure/detail?stockCode=002970&announcementId=1210770478&orgId=9900033057&announcementTime=2021-08-18 00:00:00
锐明技术,002970,002970,锐明技术,对外担保管理制度,2021-08-18 00:00:00,http://www.cninfo.com.cn/new/disclosure/detail?stockCode=002970&announcementId=1210770477&orgId=9900033057&announcementTime=2021-08-18 00:00:00
锐明技术,002970,002970,锐明技术,董事会议事规则,2021-08-18 00:00:00,http://www.cninfo.com.cn/new/disclosure/detail?stockCode=002970&announcementId=1210770476&orgId=9900033057&announcementTime=2021-08-18 00:00:00
锐明技术,002970,002970,锐明技术,董事会秘书工作规则,2021-08-18 00:00:00,http://www.cninfo.com.cn/new/disclosure/detail?stockCode=002970&announcementId=1210770475&orgId=9900033057&announcementTime=2021-08-18 00:00:00
锐明技术,002970,002970,锐明技术,国信证券股份有限公司关于深圳市锐明技术股份有限公司与关联方共同投资设立合资公司暨关联交易的核查意见,2021-08-18 00:00:00,http://www.cninfo.com.cn/new/disclosure/detail?stockCode=002970&announcementId=1210770474&orgId=9900033057&announcementTime=2021-08-18 00:00:00
锐明技术,002970,002970,锐明技术,2021年半年度报告摘要,2021-08-18 00:00:00,http://www.cninfo.com.cn/new/disclosure/detail?stockCode=002970&announcementId=1210770473&orgId=9900033057&announcementTime=2021-08-18 00:00:00
锐明技术,002970,002970,锐明技术,关于董事、高级管理人员辞职暨增补董事的公告,2021-08-18 00:00:00,http://www.cninfo.com.cn/new/disclosure/detail?stockCode=002970&announcementId=1210770472&orgId=9900033057&announcementTime=2021-08-18 00:00:00
锐明技术,002970,002970,锐明技术,独立董事关于第三届董事会第三次会议相关事项的事前认可意见,2021-08-18 00:00:00,http://www.cninfo.com.cn/new/disclosure/detail?stockCode=002970&announcementId=1210770471&orgId=9900033057&announcementTime=2021-08-18 00:00:00
锐明技术,002970,002970,锐明技术,2021半年度募集资金存放与使用情况专项报告,2021-08-18 00:00:00,http://www.cninfo.com.cn/new/disclosure/detail?stockCode=002970&announcementId=1210770470&orgId=9900033057&announcementTime=2021-08-18 00:00:00
锐明技术,002970,002970,锐明技术,半年报监事会决议公告,2021-08-18 00:00:00,http://www.cninfo.com.cn/new/disclosure/detail?stockCode=002970&announcementId=1210770469&orgId=9900033057&announcementTime=2021-08-18 00:00:00
锐明技术,002970,002970,锐明技术,半年报董事会决议公告,2021-08-18 00:00:00,http://www.cninfo.com.cn/new/disclosure/detail?stockCode=002970&announcementId=1210770468&orgId=9900033057&announcementTime=2021-08-18 00:00:00
锐明技术,002970,002970,锐明技术,董监高所持股份及其变动管理制度,2021-08-18 00:00:00,http://www.cninfo.com.cn/new/disclosure/detail?stockCode=002970&announcementId=1210770467&orgId=9900033057&announcementTime=2021-08-18 00:00:00
锐明技术,002970,002970,锐明技术,会计师事务所选聘制度,2021-08-18 00:00:00,http://www.cninfo.com.cn/new/disclosure/detail?stockCode=002970&announcementId=1210770466&orgId=9900033057&announcementTime=2021-08-18 00:00:00
锐明技术,002970,002970,锐明技术,累积投票制实施细则,2021-08-18 00:00:00,http://www.cninfo.com.cn/new/disclosure/detail?stockCode=002970&announcementId=1210770465&orgId=9900033057&announcementTime=2021-08-18 00:00:00
锐明技术,002970,002970,锐明技术,关联方资金往来管理制度,2021-08-18 00:00:00,http://www.cninfo.com.cn/new/disclosure/detail?stockCode=002970&announcementId=1210770464&orgId=9900033057&announcementTime=2021-08-18 00:00:00
锐明技术,002970,002970,锐明技术,内幕信息知情人登记管理制度,2021-08-18 00:00:00,http://www.cninfo.com.cn/new/disclosure/detail?stockCode=002970&announcementId=1210770463&orgId=9900033057&announcementTime=2021-08-18 00:00:00
锐明技术,002970,002970,锐明技术,重大信息内部报告制度,2021-08-18 00:00:00,http://www.cninfo.com.cn/new/disclosure/detail?stockCode=002970&announcementId=1210770462&orgId=9900033057&announcementTime=2021-08-18 00:00:00
锐明技术,002970,002970,锐明技术,投资者关系管理制度,2021-08-18 00:00:00,http://www.cninfo.com.cn/new/disclosure/detail?stockCode=002970&announcementId=1210770461&orgId=9900033057&announcementTime=2021-08-18 00:00:00
锐明技术,002970,002970,锐明技术,内部审计制度,2021-08-18 00:00:00,http://www.cninfo.com.cn/new/disclosure/detail?stockCode=002970&announcementId=1210770460&orgId=9900033057&announcementTime=2021-08-18 00:00:00
锐明技术,002970,002970,锐明技术,总经理工作细则,2021-08-18 00:00:00,http://www.cninfo.com.cn/new/disclosure/detail?stockCode=002970&announcementId=1210770459&orgId=9900033057&announcementTime=2021-08-18 00:00:00
锐明技术,002970,002970,锐明技术,提名委员会议事规则,2021-08-18 00:00:00,http://www.cninfo.com.cn/new/disclosure/detail?stockCode=002970&announcementId=1210770458&orgId=9900033057&announcementTime=2021-08-18 00:00:00
锐明技术,002970,002970,锐明技术,战略委员会议事规则,2021-08-18 00:00:00,http://www.cninfo.com.cn/new/disclosure/detail?stockCode=002970&announcementId=1210770457&orgId=9900033057&announcementTime=2021-08-18 00:00:00
锐明技术,002970,002970,锐明技术,薪酬与考核委员会议事规则,2021-08-18 00:00:00,http://www.cninfo.com.cn/new/disclosure/detail?stockCode=002970&announcementId=1210770456&orgId=9900033057&announcementTime=2021-08-18 00:00:00
锐明技术,002970,002970,锐明技术,审计委员会议事规则,2021-08-18 00:00:00,http://www.cninfo.com.cn/new/disclosure/detail?stockCode=002970&announcementId=1210770455&orgId=9900033057&announcementTime=2021-08-18 00:00:00
锐明技术,002970,002970,锐明技术,关联交易管理办法,2021-08-18 00:00:00,http://www.cninfo.com.cn/new/disclosure/detail?stockCode=002970&announcementId=1210770454&orgId=9900033057&announcementTime=2021-08-18 00:00:00
锐明技术,002970,002970,锐明技术,独立董事工作制度,2021-08-18 00:00:00,http://www.cninfo.com.cn/new/disclosure/detail?stockCode=002970&announcementId=1210770453&orgId=9900033057&announcementTime=2021-08-18 00:00:00
锐明技术,002970,002970,锐明技术,监事会议事规则,2021-08-18 00:00:00,http://www.cninfo.com.cn/new/disclosure/detail?stockCode=002970&announcementId=1210770452&orgId=9900033057&announcementTime=2021-08-18 00:00:00
锐明技术,002970,002970,锐明技术,国信证券股份有限公司关于深圳市锐明技术股份有限公司2021年度日常关联交易预计的核查意见,2021-08-18 00:00:00,http://www.cninfo.com.cn/new/disclosure/detail?stockCode=002970&announcementId=1210770451&orgId=9900033057&announcementTime=2021-08-18 00:00:00
锐明技术,002970,002970,锐明技术,关于召开公司2021年第二次临时股东大会的通知,2021-08-18 00:00:00,http://www.cninfo.com.cn/new/disclosure/detail?stockCode=002970&announcementId=1210770450&orgId=9900033057&announcementTime=2021-08-18 00:00:00
锐明技术,002970,002970,锐明技术,关于2021年度日常关联交易预计的公告,2021-08-18 00:00:00,http://www.cninfo.com.cn/new/disclosure/detail?stockCode=002970&announcementId=1210770449&orgId=9900033057&announcementTime=2021-08-18 00:00:00
锐明技术,002970,002970,锐明技术,关于终止对外投资并注销子公司的公告,2021-08-18 00:00:00,http://www.cninfo.com.cn/new/disclosure/detail?stockCode=002970&announcementId=1210770448&orgId=9900033057&announcementTime=2021-08-18 00:00:00
锐明技术,002970,002970,锐明技术,独立董事关于控股股东及其他关联方占用公司资金、公司对外担保情况的专项说明和独立意见,2021-08-18 00:00:00,http://www.cninfo.com.cn/new/disclosure/detail?stockCode=002970&announcementId=1210770447&orgId=9900033057&announcementTime=2021-08-18 00:00:00
锐明技术,002970,002970,锐明技术,关于公司股东减持计划的预披露公告,2021-07-24 00:00:00,http://www.cninfo.com.cn/new/disclosure/detail?stockCode=002970&announcementId=1210562976&orgId=9900033057&announcementTime=2021-07-24 00:00:00
锐明技术,002970,002970,锐明技术,关于股东减持计划时间届满的公告,2021-07-20 00:00:00,http://www.cninfo.com.cn/new/disclosure/detail?stockCode=002970&announcementId=1210511579&orgId=9900033057&announcementTime=2021-07-20 00:00:00
锐明技术,002970,002970,锐明技术,国信证券股份有限公司关于深圳市锐明技术股份有限公司部分募投项目延期的核查意见,2021-06-30 00:00:00,http://www.cninfo.com.cn/new/disclosure/detail?stockCode=002970&announcementId=1210364121&orgId=9900033057&announcementTime=2021-06-30 00:00:00
锐明技术,002970,002970,锐明技术,关于部分募投项目延期的公告,2021-06-30 00:00:00,http://www.cninfo.com.cn/new/disclosure/detail?stockCode=002970&announcementId=1210364120&orgId=9900033057&announcementTime=2021-06-30 00:00:00
锐明技术,002970,002970,锐明技术,独立董事关于第三届董事会第二次会议相关事项的独立意见,2021-06-30 00:00:00,http://www.cninfo.com.cn/new/disclosure/detail?stockCode=002970&announcementId=1210364119&orgId=9900033057&announcementTime=2021-06-30 00:00:00
锐明技术,002970,002970,锐明技术,第三届监事会第二次会议决议公告,2021-06-30 00:00:00,http://www.cninfo.com.cn/new/disclosure/detail?stockCode=002970&announcementId=1210364118&orgId=9900033057&announcementTime=2021-06-30 00:00:00
锐明技术,002970,002970,锐明技术,第三届董事会第二次会议决议公告,2021-06-30 00:00:00,http://www.cninfo.com.cn/new/disclosure/detail?stockCode=002970&announcementId=1210364117&orgId=9900033057&announcementTime=2021-06-30 00:00:00
锐明技术,002970,002970,锐明技术,关于使用部分闲置募集资金进行现金管理的进展公告,2021-06-05 00:00:00,http://www.cninfo.com.cn/new/disclosure/detail?stockCode=002970&announcementId=1210167478&orgId=9900033057&announcementTime=2021-06-05 00:00:00
锐明技术,002970,002970,锐明技术,2020年年度权益分派实施公告,2021-05-19 00:00:00,http://www.cninfo.com.cn/new/disclosure/detail?stockCode=002970&announcementId=1210002995&orgId=9900033057&announcementTime=2021-05-19 00:00:00
锐明技术,002970,002970,锐明技术,关于使用部分闲置募集资金进行现金管理的进展公告,2021-05-18 00:00:00,http://www.cninfo.com.cn/new/disclosure/detail?stockCode=002970&announcementId=1209994583&orgId=9900033057&announcementTime=2021-05-18 00:00:00
锐明技术,002970,002970,锐明技术,北京市金杜（深圳）律师事务所关于深圳市锐明技术股份有限公司2020年年度股东大会之法律意见书,2021-05-13 00:00:00,http://www.cninfo.com.cn/new/disclosure/detail?stockCode=002970&announcementId=1209958796&orgId=9900033057&announcementTime=2021-05-13 00:00:00
锐明技术,002970,002970,锐明技术,深圳市锐明技术股份有限公司2020年年度股东大会决议公告,2021-05-13 00:00:00,http://www.cninfo.com.cn/new/disclosure/detail?stockCode=002970&announcementId=1209958795&orgId=9900033057&announcementTime=2021-05-13 00:00:00
锐明技术,002970,002970,锐明技术,独立董事关于第三届董事会第一次会议相关事项的独立意见,2021-05-13 00:00:00,http://www.cninfo.com.cn/new/disclosure/detail?stockCode=002970&announcementId=1209958794&orgId=9900033057&announcementTime=2021-05-13 00:00:00
锐明技术,002970,002970,锐明技术,关于聘任公司高级管理人员、内部审计负责人、证券事务代表的公告,2021-05-13 00:00:00,http://www.cninfo.com.cn/new/disclosure/detail?stockCode=002970&announcementId=1209958793&orgId=9900033057&announcementTime=2021-05-13 00:00:00
锐明技术,002970,002970,锐明技术,第三届监事会第一次会议决议公告,2021-05-13 00:00:00,http://www.cninfo.com.cn/new/disclosure/detail?stockCode=002970&announcementId=1209958792&orgId=9900033057&announcementTime=2021-05-13 00:00:00
锐明技术,002970,002970,锐明技术,第三届董事会第一次会议决议公告,2021-05-13 00:00:00,http://www.cninfo.com.cn/new/disclosure/detail?stockCode=002970&announcementId=1209958791&orgId=9900033057&announcementTime=2021-05-13 00:00:00
锐明技术,002970,002970,锐明技术,关于2021年股票期权与限制性股票激励计划之限制性股票授予登记完成公告,2021-05-10 00:00:00,http://www.cninfo.com.cn/new/disclosure/detail?stockCode=002970&announcementId=1209938671&orgId=9900033057&announcementTime=2021-05-10 00:00:00
锐明技术,002970,002970,锐明技术,关于2021年股票期权与限制性股票激励计划之股票期权首次授予登记完成公告,2021-05-10 00:00:00,http://www.cninfo.com.cn/new/disclosure/detail?stockCode=002970&announcementId=1209938670&orgId=9900033057&announcementTime=2021-05-10 00:00:00
锐明技术,002970,002970,锐明技术,2020年年度报告摘要,2021-04-21 00:00:00,http://www.cninfo.com.cn/new/disclosure/detail?stockCode=002970&announcementId=1209739548&orgId=9900033057&announcementTime=2021-04-21 00:00:00
锐明技术,002970,002970,锐明技术,2021年第一季度报告全文,2021-04-21 00:00:00,http://www.cninfo.com.cn/new/disclosure/detail?stockCode=002970&announcementId=1209739547&orgId=9900033057&announcementTime=2021-04-21 00:00:00
锐明技术,002970,002970,锐明技术,2020年年度报告,2021-04-21 00:00:00,http://www.cninfo.com.cn/new/disclosure/detail?stockCode=002970&announcementId=1209739546&orgId=9900033057&announcementTime=2021-04-21 00:00:00
锐明技术,002970,002970,锐明技术,内部控制自我评价报告的核查意见,2021-04-21 00:00:00,http://www.cninfo.com.cn/new/disclosure/detail?stockCode=002970&announcementId=1209739544&orgId=9900033057&announcementTime=2021-04-21 00:00:00
锐明技术,002970,002970,锐明技术,募集资金存放与使用专项核查报告,2021-04-21 00:00:00,http://www.cninfo.com.cn/new/disclosure/detail?stockCode=002970&announcementId=1209739543&orgId=9900033057&announcementTime=2021-04-21 00:00:00
锐明技术,002970,002970,锐明技术,2020年度保荐工作报告,2021-04-21 00:00:00,http://www.cninfo.com.cn/new/disclosure/detail?stockCode=002970&announcementId=1209739542&orgId=9900033057&announcementTime=2021-04-21 00:00:00
锐明技术,002970,002970,锐明技术,独立董事提名人声明（向怀坤）,2021-04-21 00:00:00,http://www.cninfo.com.cn/new/disclosure/detail?stockCode=002970&announcementId=1209739541&orgId=9900033057&announcementTime=2021-04-21 00:00:00
锐明技术,002970,002970,锐明技术,独立董事提名人声明（刘志永）,2021-04-21 00:00:00,http://www.cninfo.com.cn/new/disclosure/detail?stockCode=002970&announcementId=1209739540&orgId=9900033057&announcementTime=2021-04-21 00:00:00
锐明技术,002970,002970,锐明技术,独立董事提名人声明（金振朝）,2021-04-21 00:00:00,http://www.cninfo.com.cn/new/disclosure/detail?stockCode=002970&announcementId=1209739539&orgId=9900033057&announcementTime=2021-04-21 00:00:00
锐明技术,002970,002970,锐明技术,独立董事候选人声明（向怀坤）,2021-04-21 00:00:00,http://www.cninfo.com.cn/new/disclosure/detail?stockCode=002970&announcementId=1209739538&orgId=9900033057&announcementTime=2021-04-21 00:00:00
锐明技术,002970,002970,锐明技术,独立董事候选人声明（刘志永）,2021-04-21 00:00:00,http://www.cninfo.com.cn/new/disclosure/detail?stockCode=002970&announcementId=1209739537&orgId=9900033057&announcementTime=2021-04-21 00:00:00
锐明技术,002970,002970,锐明技术,独立董事候选人声明（金振朝）,2021-04-21 00:00:00,http://www.cninfo.com.cn/new/disclosure/detail?stockCode=002970&announcementId=1209739536&orgId=9900033057&announcementTime=2021-04-21 00:00:00
锐明技术,002970,002970,锐明技术,独立董事2020年度述职报告（涂成洲）,2021-04-21 00:00:00,http://www.cninfo.com.cn/new/disclosure/detail?stockCode=002970&announcementId=1209739535&orgId=9900033057&announcementTime=2021-04-21 00:00:00
锐明技术,002970,002970,锐明技术,独立董事2020年度述职报告（孙本源）,2021-04-21 00:00:00,http://www.cninfo.com.cn/new/disclosure/detail?stockCode=002970&announcementId=1209739534&orgId=9900033057&announcementTime=2021-04-21 00:00:00
锐明技术,002970,002970,锐明技术,独立董事2020年度述职报告（任笛),2021-04-21 00:00:00,http://www.cninfo.com.cn/new/disclosure/detail?stockCode=002970&announcementId=1209739533&orgId=9900033057&announcementTime=2021-04-21 00:00:00
锐明技术,002970,002970,锐明技术,独立董事关于第二届董事会第十九次会议相关事项的事前认可意见,2021-04-21 00:00:00,http://www.cninfo.com.cn/new/disclosure/detail?stockCode=002970&announcementId=1209739532&orgId=9900033057&announcementTime=2021-04-21 00:00:00
锐明技术,002970,002970,锐明技术,2020年度财务决算报告,2021-04-21 00:00:00,http://www.cninfo.com.cn/new/disclosure/detail?stockCode=002970&announcementId=1209739531&orgId=9900033057&announcementTime=2021-04-21 00:00:00
锐明技术,002970,002970,锐明技术,2020年度监事会工作报告,2021-04-21 00:00:00,http://www.cninfo.com.cn/new/disclosure/detail?stockCode=002970&announcementId=1209739530&orgId=9900033057&announcementTime=2021-04-21 00:00:00
锐明技术,002970,002970,锐明技术,关于选举职工代表监事的公告,2021-04-21 00:00:00,http://www.cninfo.com.cn/new/disclosure/detail?stockCode=002970&announcementId=1209739529&orgId=9900033057&announcementTime=2021-04-21 00:00:00
锐明技术,002970,002970,锐明技术,关于举行2020年度业绩说明会的公告,2021-04-21 00:00:00,http://www.cninfo.com.cn/new/disclosure/detail?stockCode=002970&announcementId=1209739528&orgId=9900033057&announcementTime=2021-04-21 00:00:00
锐明技术,002970,002970,锐明技术,关于股东减持计划时间过半的进展公告,2021-04-21 00:00:00,http://www.cninfo.com.cn/new/disclosure/detail?stockCode=002970&announcementId=1209739527&orgId=9900033057&announcementTime=2021-04-21 00:00:00
锐明技术,002970,002970,锐明技术,关于会计政策变更的公告,2021-04-21 00:00:00,http://www.cninfo.com.cn/new/disclosure/detail?stockCode=002970&announcementId=1209739526&orgId=9900033057&announcementTime=2021-04-21 00:00:00
锐明技术,002970,002970,锐明技术,关于购买董监高责任险的公告,2021-04-21 00:00:00,http://www.cninfo.com.cn/new/disclosure/detail?stockCode=002970&announcementId=1209739525&orgId=9900033057&announcementTime=2021-04-21 00:00:00
锐明技术,002970,002970,锐明技术,关于监事会换届选举的公告,2021-04-21 00:00:00,http://www.cninfo.com.cn/new/disclosure/detail?stockCode=002970&announcementId=1209739524&orgId=9900033057&announcementTime=2021-04-21 00:00:00
锐明技术,002970,002970,锐明技术,关于董事会换届选举的公告,2021-04-21 00:00:00,http://www.cninfo.com.cn/new/disclosure/detail?stockCode=002970&announcementId=1209739523&orgId=9900033057&announcementTime=2021-04-21 00:00:00
锐明技术,002970,002970,锐明技术,关于续聘会计师事务所的公告,2021-04-21 00:00:00,http://www.cninfo.com.cn/new/disclosure/detail?stockCode=002970&announcementId=1209739522&orgId=9900033057&announcementTime=2021-04-21 00:00:00
锐明技术,002970,002970,锐明技术,2021年第一季度报告正文,2021-04-21 00:00:00,http://www.cninfo.com.cn/new/disclosure/detail?stockCode=002970&announcementId=1209739520&orgId=9900033057&announcementTime=2021-04-21 00:00:00
锐明技术,002970,002970,锐明技术,独立董事对担保等事项的独立意见,2021-04-21 00:00:00,http://www.cninfo.com.cn/new/disclosure/detail?stockCode=002970&announcementId=1209739519&orgId=9900033057&announcementTime=2021-04-21 00:00:00
锐明技术,002970,002970,锐明技术,年度募集资金使用鉴证报告,2021-04-21 00:00:00,http://www.cninfo.com.cn/new/disclosure/detail?stockCode=002970&announcementId=1209739518&orgId=9900033057&announcementTime=2021-04-21 00:00:00
锐明技术,002970,002970,锐明技术,年度募集资金使用情况专项说明,2021-04-21 00:00:00,http://www.cninfo.com.cn/new/disclosure/detail?stockCode=002970&announcementId=1209739517&orgId=9900033057&announcementTime=2021-04-21 00:00:00
锐明技术,002970,002970,锐明技术,内部控制鉴证报告,2021-04-21 00:00:00,http://www.cninfo.com.cn/new/disclosure/detail?stockCode=002970&announcementId=1209739516&orgId=9900033057&announcementTime=2021-04-21 00:00:00
锐明技术,002970,002970,锐明技术,内部控制自我评价报告,2021-04-21 00:00:00,http://www.cninfo.com.cn/new/disclosure/detail?stockCode=002970&announcementId=1209739515&orgId=9900033057&announcementTime=2021-04-21 00:00:00
锐明技术,002970,002970,锐明技术,年度关联方资金占用专项审计报告,2021-04-21 00:00:00,http://www.cninfo.com.cn/new/disclosure/detail?stockCode=002970&announcementId=1209739514&orgId=9900033057&announcementTime=2021-04-21 00:00:00
锐明技术,002970,002970,锐明技术,监事会决议公告,2021-04-21 00:00:00,http://www.cninfo.com.cn/new/disclosure/detail?stockCode=002970&announcementId=1209739513&orgId=9900033057&announcementTime=2021-04-21 00:00:00
锐明技术,002970,002970,锐明技术,年度股东大会通知,2021-04-21 00:00:00,http://www.cninfo.com.cn/new/disclosure/detail?stockCode=002970&announcementId=1209739512&orgId=9900033057&announcementTime=2021-04-21 00:00:00
锐明技术,002970,002970,锐明技术,董事会决议公告,2021-04-21 00:00:00,http://www.cninfo.com.cn/new/disclosure/detail?stockCode=002970&announcementId=1209739511&orgId=9900033057&announcementTime=2021-04-21 00:00:00
锐明技术,002970,002970,锐明技术,2020年年度审计报告,2021-04-21 00:00:00,http://www.cninfo.com.cn/new/disclosure/detail?stockCode=002970&announcementId=1209739510&orgId=9900033057&announcementTime=2021-04-21 00:00:00
锐明技术,002970,002970,锐明技术,2021年第一季度业绩预告,2021-04-15 00:00:00,http://www.cninfo.com.cn/new/disclosure/detail?stockCode=002970&announcementId=1209690521&orgId=9900033057&announcementTime=2021-04-15 00:00:00
锐明技术,002970,002970,锐明技术,关于更换保荐代表人的公告,2021-03-25 00:00:00,http://www.cninfo.com.cn/new/disclosure/detail?stockCode=002970&announcementId=1209443365&orgId=9900033057&announcementTime=2021-03-25 00:00:00
锐明技术,002970,002970,锐明技术,北京市金杜（深圳）律师事务所关于深圳市锐明技术股份有限公司2021年股票期权与限制性股票激励计划调整及授予事项的法律意见书,2021-03-20 00:00:00,http://www.cninfo.com.cn/new/disclosure/detail?stockCode=002970&announcementId=1209418928&orgId=9900033057&announcementTime=2021-03-20 00:00:00
锐明技术,002970,002970,锐明技术,北京市金杜（深圳）律师事务所关于深圳市锐明技术股份有限公司2021年第一次临时股东大会之法律意见书,2021-03-20 00:00:00,http://www.cninfo.com.cn/new/disclosure/detail?stockCode=002970&announcementId=1209418927&orgId=9900033057&announcementTime=2021-03-20 00:00:00
锐明技术,002970,002970,锐明技术,深圳价值在线信息科技股份有限公司关于深圳市锐明技术股份有限公司2021年股票期权与限制性股票激励计划调整及授予相关事项之独立财务顾问报告,2021-03-20 00:00:00,http://www.cninfo.com.cn/new/disclosure/detail?stockCode=002970&announcementId=1209418926&orgId=9900033057&announcementTime=2021-03-20 00:00:00
锐明技术,002970,002970,锐明技术,深圳市锐明技术股份有限公司监事会关于调整公司2021年股票期权与限制性股票激励计划激励对象名单及股票期权授予数量的核查意见,2021-03-20 00:00:00,http://www.cninfo.com.cn/new/disclosure/detail?stockCode=002970&announcementId=1209418925&orgId=9900033057&announcementTime=2021-03-20 00:00:00
锐明技术,002970,002970,锐明技术,独立董事关于第二届董事会第十八次会议相关事项的独立意见,2021-03-20 00:00:00,http://www.cninfo.com.cn/new/disclosure/detail?stockCode=002970&announcementId=1209418924&orgId=9900033057&announcementTime=2021-03-20 00:00:00
锐明技术,002970,002970,锐明技术,2021年股票期权与限制性股票激励计划激励对象名单(授予日),2021-03-20 00:00:00,http://www.cninfo.com.cn/new/disclosure/detail?stockCode=002970&announcementId=1209418923&orgId=9900033057&announcementTime=2021-03-20 00:00:00
锐明技术,002970,002970,锐明技术,深圳市锐明技术股份有限公司关于向激励对象授予股票期权和限制性股票的公告,2021-03-20 00:00:00,http://www.cninfo.com.cn/new/disclosure/detail?stockCode=002970&announcementId=1209418922&orgId=9900033057&announcementTime=2021-03-20 00:00:00
锐明技术,002970,002970,锐明技术,深圳市锐明技术股份有限公司关于调整公司2021年股票期权与限制性股票激励计划激励对象及股票期权数量的公告,2021-03-20 00:00:00,http://www.cninfo.com.cn/new/disclosure/detail?stockCode=002970&announcementId=1209418921&orgId=9900033057&announcementTime=2021-03-20 00:00:00
锐明技术,002970,002970,锐明技术,深圳市锐明技术股份有限公司关于2021年股票期权与限制性股票激励计划内幕信息知情人及激励对象买卖公司股票情况的自查报告,2021-03-20 00:00:00,http://www.cninfo.com.cn/new/disclosure/detail?stockCode=002970&announcementId=1209418920&orgId=9900033057&announcementTime=2021-03-20 00:00:00
锐明技术,002970,002970,锐明技术,深圳市锐明技术股份有限公司第二届监事会第十七次会议决议公告,2021-03-20 00:00:00,http://www.cninfo.com.cn/new/disclosure/detail?stockCode=002970&announcementId=1209418919&orgId=9900033057&announcementTime=2021-03-20 00:00:00
锐明技术,002970,002970,锐明技术,深圳市锐明技术股份有限公司第二届董事会第十八次会议决议公告,2021-03-20 00:00:00,http://www.cninfo.com.cn/new/disclosure/detail?stockCode=002970&announcementId=1209418918&orgId=9900033057&announcementTime=2021-03-20 00:00:00
锐明技术,002970,002970,锐明技术,深圳市锐明技术股份有限公司2021年第一次临时股东大会决议公告,2021-03-20 00:00:00,http://www.cninfo.com.cn/new/disclosure/detail?stockCode=002970&announcementId=1209418917&orgId=9900033057&announcementTime=2021-03-20 00:00:00
锐明技术,002970,002970,锐明技术,深圳市锐明技术股份有限公司监事会关于公司2021年股票期权与限制性股票激励计划首次授予激励对象名单的公示情况说明及核查意见,2021-03-16 00:00:00,http://www.cninfo.com.cn/new/disclosure/detail?stockCode=002970&announcementId=1209384608&orgId=9900033057&announcementTime=2021-03-16 00:00:00
锐明技术,002970,002970,锐明技术,深圳价值在线信息科技股份有限公司关于深圳市锐明技术股份有限公司关注函相关事项之独立财务顾问核查意见,2021-03-13 00:00:00,http://www.cninfo.com.cn/new/disclosure/detail?stockCode=002970&announcementId=1209378788&orgId=9900033057&announcementTime=2021-03-13 00:00:00
锐明技术,002970,002970,锐明技术,深圳市锐明技术股份有限公司关于对深圳证券交易所关注函的回复公告,2021-03-13 00:00:00,http://www.cninfo.com.cn/new/disclosure/detail?stockCode=002970&announcementId=1209378787&orgId=9900033057&announcementTime=2021-03-13 00:00:00
锐明技术,002970,002970,锐明技术,北京市金杜（深圳）律师事务所关于深圳市锐明技术股份有限公司2021年股票期权与限制性股票激励计划（草案）的法律意见书,2021-03-04 00:00:00,http://www.cninfo.com.cn/new/disclosure/detail?stockCode=002970&announcementId=1209331548&orgId=9900033057&announcementTime=2021-03-04 00:00:00
锐明技术,002970,002970,锐明技术,第二届董事会第十七次会议决议公告,2021-03-04 00:00:00,http://www.cninfo.com.cn/new/disclosure/detail?stockCode=002970&announcementId=1209331257&orgId=9900033057&announcementTime=2021-03-04 00:00:00
锐明技术,002970,002970,锐明技术,2021年股票期权与限制性股票激励计划激励对象名单,2021-03-04 00:00:00,http://www.cninfo.com.cn/new/disclosure/detail?stockCode=002970&announcementId=1209331255&orgId=9900033057&announcementTime=2021-03-04 00:00:00
锐明技术,002970,002970,锐明技术,独立董事公开征集委托投票权报告书,2021-03-04 00:00:00,http://www.cninfo.com.cn/new/disclosure/detail?stockCode=002970&announcementId=1209331254&orgId=9900033057&announcementTime=2021-03-04 00:00:00
锐明技术,002970,002970,锐明技术,2021年股票期权与限制性股票激励计划（草案）摘要,2021-03-04 00:00:00,http://www.cninfo.com.cn/new/disclosure/detail?stockCode=002970&announcementId=1209331253&orgId=9900033057&announcementTime=2021-03-04 00:00:00
锐明技术,002970,002970,锐明技术,2021年股票期权与限制性股票激励计划草案,2021-03-04 00:00:00,http://www.cninfo.com.cn/new/disclosure/detail?stockCode=002970&announcementId=1209331252&orgId=9900033057&announcementTime=2021-03-04 00:00:00
锐明技术,002970,002970,锐明技术,深圳价值在线信息科技股份有限公司关于深圳市锐明技术股份有限公司2021年股票期权与限制性股票激励计划（草案）之独立财务顾问报告,2021-03-04 00:00:00,http://www.cninfo.com.cn/new/disclosure/detail?stockCode=002970&announcementId=1209331251&orgId=9900033057&announcementTime=2021-03-04 00:00:00
锐明技术,002970,002970,锐明技术,上市公司股权激励计划自查表,2021-03-04 00:00:00,http://www.cninfo.com.cn/new/disclosure/detail?stockCode=002970&announcementId=1209331250&orgId=9900033057&announcementTime=2021-03-04 00:00:00
锐明技术,002970,002970,锐明技术,独立董事关于第二届董事会第十七次会议相关事项的独立意见,2021-03-04 00:00:00,http://www.cninfo.com.cn/new/disclosure/detail?stockCode=002970&announcementId=1209331249&orgId=9900033057&announcementTime=2021-03-04 00:00:00
锐明技术,002970,002970,锐明技术,2021年股票期权与限制性股票激励计划实施考核管理办法,2021-03-04 00:00:00,http://www.cninfo.com.cn/new/disclosure/detail?stockCode=002970&announcementId=1209331248&orgId=9900033057&announcementTime=2021-03-04 00:00:00
锐明技术,002970,002970,锐明技术,第二届监事会第十六次会议决议公告,2021-03-04 00:00:00,http://www.cninfo.com.cn/new/disclosure/detail?stockCode=002970&announcementId=1209331247&orgId=9900033057&announcementTime=2021-03-04 00:00:00
锐明技术,002970,002970,锐明技术,关于召开2021年第一次临时股东大会的通知,2021-03-04 00:00:00,http://www.cninfo.com.cn/new/disclosure/detail?stockCode=002970&announcementId=1209331246&orgId=9900033057&announcementTime=2021-03-04 00:00:00
锐明技术,002970,002970,锐明技术,2020年度业绩快报,2021-03-04 00:00:00,http://www.cninfo.com.cn/new/disclosure/detail?stockCode=002970&announcementId=1209330272&orgId=9900033057&announcementTime=2021-03-04 00:00:00
锐明技术,002970,002970,锐明技术,关于使用部分闲置募集资金进行现金管理的进展公告,2021-02-25 00:00:00,http://www.cninfo.com.cn/new/disclosure/detail?stockCode=002970&announcementId=1209300532&orgId=9900033057&announcementTime=2021-02-25 00:00:00
锐明技术,002970,002970,锐明技术,关于公司高级管理人员亲属短线交易的公告,2021-02-10 00:00:00,http://www.cninfo.com.cn/new/disclosure/detail?stockCode=002970&announcementId=1209265275&orgId=9900033057&announcementTime=2021-02-10 00:00:00
锐明技术,002970,002970,锐明技术,关于使用部分闲置募集资金进行现金管理的进展公告,2021-02-09 00:00:00,http://www.cninfo.com.cn/new/disclosure/detail?stockCode=002970&announcementId=1209258184&orgId=9900033057&announcementTime=2021-02-09 00:00:00
锐明技术,002970,002970,锐明技术,关于使用部分闲置募集资金进行现金管理的进展公告,2021-02-03 00:00:00,http://www.cninfo.com.cn/new/disclosure/detail?stockCode=002970&announcementId=1209233833&orgId=9900033057&announcementTime=2021-02-03 00:00:00
锐明技术,002970,002970,锐明技术,国信证券股份有限公司关于公司使用闲置自有资金进行现金管理的核查意见,2021-01-20 00:00:00,http://www.cninfo.com.cn/new/disclosure/detail?stockCode=002970&announcementId=1209142685&orgId=9900033057&announcementTime=2021-01-20 00:00:00
锐明技术,002970,002970,锐明技术,关于使用闲置自有资金进行现金管理的公告,2021-01-20 00:00:00,http://www.cninfo.com.cn/new/disclosure/detail?stockCode=002970&announcementId=1209142684&orgId=9900033057&announcementTime=2021-01-20 00:00:00
锐明技术,002970,002970,锐明技术,国信证券股份有限公司关于公司增加外汇套期保值业务额度的核查意见,2021-01-20 00:00:00,http://www.cninfo.com.cn/new/disclosure/detail?stockCode=002970&announcementId=1209142683&orgId=9900033057&announcementTime=2021-01-20 00:00:00
锐明技术,002970,002970,锐明技术,关于增加外汇套期保值业务额度的可行性分析报告,2021-01-20 00:00:00,http://www.cninfo.com.cn/new/disclosure/detail?stockCode=002970&announcementId=1209142682&orgId=9900033057&announcementTime=2021-01-20 00:00:00
锐明技术,002970,002970,锐明技术,关于增加外汇套期保值业务额度的公告,2021-01-20 00:00:00,http://www.cninfo.com.cn/new/disclosure/detail?stockCode=002970&announcementId=1209142681&orgId=9900033057&announcementTime=2021-01-20 00:00:00
锐明技术,002970,002970,锐明技术,第二届董事会第十六次会议决议公告,2021-01-20 00:00:00,http://www.cninfo.com.cn/new/disclosure/detail?stockCode=002970&announcementId=1209142680&orgId=9900033057&announcementTime=2021-01-20 00:00:00
锐明技术,002970,002970,锐明技术,国信证券股份有限公司关于公司使用闲置募集资金进行现金管理的核查意见,2021-01-20 00:00:00,http://www.cninfo.com.cn/new/disclosure/detail?stockCode=002970&announcementId=1209142679&orgId=9900033057&announcementTime=2021-01-20 00:00:00
锐明技术,002970,002970,锐明技术,独立董事关于第二届董事会第十六次会议相关事项的独立意见,2021-01-20 00:00:00,http://www.cninfo.com.cn/new/disclosure/detail?stockCode=002970&announcementId=1209142678&orgId=9900033057&announcementTime=2021-01-20 00:00:00
锐明技术,002970,002970,锐明技术,关于使用闲置募集资金进行现金管理的公告,2021-01-20 00:00:00,http://www.cninfo.com.cn/new/disclosure/detail?stockCode=002970&announcementId=1209142677&orgId=9900033057&announcementTime=2021-01-20 00:00:00
锐明技术,002970,002970,锐明技术,关于公司及子公司向银行申请综合授信暨开展票据池业务的公告,2021-01-20 00:00:00,http://www.cninfo.com.cn/new/disclosure/detail?stockCode=002970&announcementId=1209142676&orgId=9900033057&announcementTime=2021-01-20 00:00:00
锐明技术,002970,002970,锐明技术,第二届监事会第十五次会议决议公告,2021-01-20 00:00:00,http://www.cninfo.com.cn/new/disclosure/detail?stockCode=002970&announcementId=1209142675&orgId=9900033057&announcementTime=2021-01-20 00:00:00
锐明技术,002970,002970,锐明技术,国信证券股份有限公司关于公司持续督导2020年现场检查报告,2020-12-31 00:00:00,http://www.cninfo.com.cn/new/disclosure/detail?stockCode=002970&announcementId=1209022668&orgId=9900033057&announcementTime=2020-12-31 00:00:00
锐明技术,002970,002970,锐明技术,国信证券股份有限公司关于公司持续督导2020年培训情况的报告,2020-12-31 00:00:00,http://www.cninfo.com.cn/new/disclosure/detail?stockCode=002970&announcementId=1209022666&orgId=9900033057&announcementTime=2020-12-31 00:00:00
锐明技术,002970,002970,锐明技术,关于公司股东减持计划的预披露公告,2020-12-25 00:00:00,http://www.cninfo.com.cn/new/disclosure/detail?stockCode=002970&announcementId=1208979703&orgId=9900033057&announcementTime=2020-12-25 00:00:00
锐明技术,002970,002970,锐明技术,国信证券股份有限公司关于公司首次公开发行部分限售股解禁上市流通的核查意见,2020-12-16 00:00:00,http://www.cninfo.com.cn/new/disclosure/detail?stockCode=002970&announcementId=1208911394&orgId=9900033057&announcementTime=2020-12-16 00:00:00
锐明技术,002970,002970,锐明技术,关于公司股东追加承诺的公告,2020-12-16 00:00:00,http://www.cninfo.com.cn/new/disclosure/detail?stockCode=002970&announcementId=1208911393&orgId=9900033057&announcementTime=2020-12-16 00:00:00
锐明技术,002970,002970,锐明技术,部分首次公开发行前已发行股份上市流通提示性公告,2020-12-16 00:00:00,http://www.cninfo.com.cn/new/disclosure/detail?stockCode=002970&announcementId=1208911392&orgId=9900033057&announcementTime=2020-12-16 00:00:00
锐明技术,002970,002970,锐明技术,关于签订战略合作框架协议的公告,2020-11-09 00:00:00,http://www.cninfo.com.cn/new/disclosure/detail?stockCode=002970&announcementId=1208709865&orgId=9900033057&announcementTime=2020-11-09 00:00:00
锐明技术,002970,002970,锐明技术,关于使用部分闲置募集资金和闲置自有资金进行现金管理的进展公告,2020-10-30 00:00:00,http://www.cninfo.com.cn/new/disclosure/detail?stockCode=002970&announcementId=1208653607&orgId=9900033057&announcementTime=2020-10-30 00:00:00
锐明技术,002970,002970,锐明技术,关于对外投资设立全资子公司并签署项目投资协议的公告,2020-10-23 00:00:00,http://www.cninfo.com.cn/new/disclosure/detail?stockCode=002970&announcementId=1208602650&orgId=9900033057&announcementTime=2020-10-23 00:00:00
锐明技术,002970,002970,锐明技术,第二届监事会第十四次会议决议公告,2020-10-23 00:00:00,http://www.cninfo.com.cn/new/disclosure/detail?stockCode=002970&announcementId=1208602649&orgId=9900033057&announcementTime=2020-10-23 00:00:00
锐明技术,002970,002970,锐明技术,独立董事关于第二届董事会第十五次会议相关事项的独立意见,2020-10-23 00:00:00,http://www.cninfo.com.cn/new/disclosure/detail?stockCode=002970&announcementId=1208602648&orgId=9900033057&announcementTime=2020-10-23 00:00:00
锐明技术,002970,002970,锐明技术,2020年第三季度报告正文,2020-10-23 00:00:00,http://www.cninfo.com.cn/new/disclosure/detail?stockCode=002970&announcementId=1208602646&orgId=9900033057&announcementTime=2020-10-23 00:00:00
锐明技术,002970,002970,锐明技术,2020年第三季度报告全文,2020-10-23 00:00:00,http://www.cninfo.com.cn/new/disclosure/detail?stockCode=002970&announcementId=1208602645&orgId=9900033057&announcementTime=2020-10-23 00:00:00
锐明技术,002970,002970,锐明技术,第二届董事会第十五次会议决议公告,2020-10-23 00:00:00,http://www.cninfo.com.cn/new/disclosure/detail?stockCode=002970&announcementId=1208602644&orgId=9900033057&announcementTime=2020-10-23 00:00:00
锐明技术,002970,002970,锐明技术,外汇套期保值业务管理制度,2020-10-23 00:00:00,http://www.cninfo.com.cn/new/disclosure/detail?stockCode=002970&announcementId=1208602643&orgId=9900033057&announcementTime=2020-10-23 00:00:00
锐明技术,002970,002970,锐明技术,关于开展外汇套期保值的可行性分析报告,2020-10-23 00:00:00,http://www.cninfo.com.cn/new/disclosure/detail?stockCode=002970&announcementId=1208602642&orgId=9900033057&announcementTime=2020-10-23 00:00:00
锐明技术,002970,002970,锐明技术,国信证券股份有限公司关于公司开展外汇套期保值业务的核查意见,2020-10-23 00:00:00,http://www.cninfo.com.cn/new/disclosure/detail?stockCode=002970&announcementId=1208602641&orgId=9900033057&announcementTime=2020-10-23 00:00:00
锐明技术,002970,002970,锐明技术,关于开展外汇套期保值业务的公告,2020-10-23 00:00:00,http://www.cninfo.com.cn/new/disclosure/detail?stockCode=002970&announcementId=1208602640&orgId=9900033057&announcementTime=2020-10-23 00:00:00
锐明技术,002970,002970,锐明技术,关于使用部分闲置募集资金和闲置自有资金进行现金管理的进展公告,2020-10-10 00:00:00,http://www.cninfo.com.cn/new/disclosure/detail?stockCode=002970&announcementId=1208531558&orgId=9900033057&announcementTime=2020-10-10 00:00:00
锐明技术,002970,002970,锐明技术,国信证券股份有限公司关于公司对参股公司增资暨关联交易的核查意见,2020-09-10 00:00:00,http://www.cninfo.com.cn/new/disclosure/detail?stockCode=002970&announcementId=1208420065&orgId=9900033057&announcementTime=2020-09-10 00:00:00
锐明技术,002970,002970,锐明技术,关于对参股公司增资暨关联交易的公告,2020-09-10 00:00:00,http://www.cninfo.com.cn/new/disclosure/detail?stockCode=002970&announcementId=1208420064&orgId=9900033057&announcementTime=2020-09-10 00:00:00
锐明技术,002970,002970,锐明技术,独立董事关于第二届董事会第十四次会议相关事项的独立意见,2020-09-10 00:00:00,http://www.cninfo.com.cn/new/disclosure/detail?stockCode=002970&announcementId=1208420063&orgId=9900033057&announcementTime=2020-09-10 00:00:00
锐明技术,002970,002970,锐明技术,深圳民太安智能科技有限公司2020年一月至七月审计报告,2020-09-10 00:00:00,http://www.cninfo.com.cn/new/disclosure/detail?stockCode=002970&announcementId=1208420062&orgId=9900033057&announcementTime=2020-09-10 00:00:00
锐明技术,002970,002970,锐明技术,深圳民太安智能科技有限公司拟增资扩股所涉及该公司股东全部权益价值的资产评估报告,2020-09-10 00:00:00,http://www.cninfo.com.cn/new/disclosure/detail?stockCode=002970&announcementId=1208420061&orgId=9900033057&announcementTime=2020-09-10 00:00:00
锐明技术,002970,002970,锐明技术,独立董事关于第二届董事会第十四次会议相关事项的事前认可意见,2020-09-10 00:00:00,http://www.cninfo.com.cn/new/disclosure/detail?stockCode=002970&announcementId=1208420060&orgId=9900033057&announcementTime=2020-09-10 00:00:00
锐明技术,002970,002970,锐明技术,第二届监事会第十三次会议决议公告,2020-09-10 00:00:00,http://www.cninfo.com.cn/new/disclosure/detail?stockCode=002970&announcementId=1208420059&orgId=9900033057&announcementTime=2020-09-10 00:00:00
锐明技术,002970,002970,锐明技术,第二届董事会第十四次会议决议公告,2020-09-10 00:00:00,http://www.cninfo.com.cn/new/disclosure/detail?stockCode=002970&announcementId=1208420058&orgId=9900033057&announcementTime=2020-09-10 00:00:00
锐明技术,002970,002970,锐明技术,2020年半年度报告,2020-08-18 00:00:00,http://www.cninfo.com.cn/new/disclosure/detail?stockCode=002970&announcementId=1208187488&orgId=9900033057&announcementTime=2020-08-18 00:00:00
锐明技术,002970,002970,锐明技术,2020年半年度报告摘要,2020-08-18 00:00:00,http://www.cninfo.com.cn/new/disclosure/detail?stockCode=002970&announcementId=1208187487&orgId=9900033057&announcementTime=2020-08-18 00:00:00
锐明技术,002970,002970,锐明技术,独立董事关于第二届董事会第十三次会议相关事项的独立意见,2020-08-18 00:00:00,http://www.cninfo.com.cn/new/disclosure/detail?stockCode=002970&announcementId=1208187486&orgId=9900033057&announcementTime=2020-08-18 00:00:00
锐明技术,002970,002970,锐明技术,第二届监事会第十二次会议决议公告,2020-08-18 00:00:00,http://www.cninfo.com.cn/new/disclosure/detail?stockCode=002970&announcementId=1208187485&orgId=9900033057&announcementTime=2020-08-18 00:00:00
锐明技术,002970,002970,锐明技术,第二届董事会第十三次会议决议公告,2020-08-18 00:00:00,http://www.cninfo.com.cn/new/disclosure/detail?stockCode=002970&announcementId=1208187484&orgId=9900033057&announcementTime=2020-08-18 00:00:00
锐明技术,002970,002970,锐明技术,2020年半年度财务报告,2020-08-18 00:00:00,http://www.cninfo.com.cn/new/disclosure/detail?stockCode=002970&announcementId=1208187483&orgId=9900033057&announcementTime=2020-08-18 00:00:00
锐明技术,002970,002970,锐明技术,2020年半年度募集资金存放与使用情况的专项报告,2020-08-18 00:00:00,http://www.cninfo.com.cn/new/disclosure/detail?stockCode=002970&announcementId=1208187482&orgId=9900033057&announcementTime=2020-08-18 00:00:00
锐明技术,002970,002970,锐明技术,关于使用部分闲置募集资金和闲置自有资金进行现金管理的进展公告,2020-08-05 00:00:00,http://www.cninfo.com.cn/new/disclosure/detail?stockCode=002970&announcementId=1208124276&orgId=9900033057&announcementTime=2020-08-05 00:00:00
锐明技术,002970,002970,锐明技术,关于使用部分闲置募集资金和闲置自有资金进行现金管理的进展公告,2020-07-18 00:00:00,http://www.cninfo.com.cn/new/disclosure/detail?stockCode=002970&announcementId=1208044619&orgId=9900033057&announcementTime=2020-07-18 00:00:00
锐明技术,002970,002970,锐明技术,2020年半年度业绩快报,2020-07-18 00:00:00,http://www.cninfo.com.cn/new/disclosure/detail?stockCode=002970&announcementId=1208043632&orgId=9900033057&announcementTime=2020-07-18 00:00:00
锐明技术,002970,002970,锐明技术,独立董事关于第二届董事会第十二次会议有关事项的独立意见,2020-07-09 00:00:00,http://www.cninfo.com.cn/new/disclosure/detail?stockCode=002970&announcementId=1208016324&orgId=9900033057&announcementTime=2020-07-09 00:00:00
锐明技术,002970,002970,锐明技术,第二届监事会第十一次会议决议公告,2020-07-09 00:00:00,http://www.cninfo.com.cn/new/disclosure/detail?stockCode=002970&announcementId=1208016321&orgId=9900033057&announcementTime=2020-07-09 00:00:00
锐明技术,002970,002970,锐明技术,第二届董事会第十二次会议决议公告,2020-07-09 00:00:00,http://www.cninfo.com.cn/new/disclosure/detail?stockCode=002970&announcementId=1208016319&orgId=9900033057&announcementTime=2020-07-09 00:00:00
锐明技术,002970,002970,锐明技术,关于新增闲置自有资金现金管理额度的公告,2020-07-09 00:00:00,http://www.cninfo.com.cn/new/disclosure/detail?stockCode=002970&announcementId=1208016318&orgId=9900033057&announcementTime=2020-07-09 00:00:00
锐明技术,002970,002970,锐明技术,关于使用部分闲置募集资金和闲置自有资金进行现金管理的进展公告,2020-07-08 00:00:00,http://www.cninfo.com.cn/new/disclosure/detail?stockCode=002970&announcementId=1208011781&orgId=9900033057&announcementTime=2020-07-08 00:00:00
锐明技术,002970,002970,锐明技术,关于使用部分自有资金进行现金管理的进展公告,2020-06-17 11:41:05,http://www.cninfo.com.cn/new/disclosure/detail?stockCode=002970&announcementId=1207934539&orgId=9900033057&announcementTime=2020-06-17 11:41:05
锐明技术,002970,002970,锐明技术,2019年年度权益分派实施公告,2020-05-15 00:00:00,http://www.cninfo.com.cn/new/disclosure/detail?stockCode=002970&announcementId=1207811192&orgId=9900033057&announcementTime=2020-05-15 00:00:00
锐明技术,002970,002970,锐明技术,公司章程（2020年5月）,2020-05-12 00:00:00,http://www.cninfo.com.cn/new/disclosure/detail?stockCode=002970&announcementId=1207731708&orgId=9900033057&announcementTime=2020-05-12 00:00:00
锐明技术,002970,002970,锐明技术,2019年度股东大会之法律意见书,2020-05-12 00:00:00,http://www.cninfo.com.cn/new/disclosure/detail?stockCode=002970&announcementId=1207731707&orgId=9900033057&announcementTime=2020-05-12 00:00:00
锐明技术,002970,002970,锐明技术,2019年度股东大会决议公告,2020-05-12 00:00:00,http://www.cninfo.com.cn/new/disclosure/detail?stockCode=002970&announcementId=1207731706&orgId=9900033057&announcementTime=2020-05-12 00:00:00
锐明技术,002970,002970,锐明技术,关于全资子公司设立募集资金专用账户并签订募集资金三方监管协议的公告,2020-04-30 11:55:52,http://www.cninfo.com.cn/new/disclosure/detail?stockCode=002970&announcementId=1207698952&orgId=9900033057&announcementTime=2020-04-30 11:55:52
锐明技术,002970,002970,锐明技术,关于使用部分闲置募集资金进行现金管理的进展公告,2020-04-29 00:00:00,http://www.cninfo.com.cn/new/disclosure/detail?stockCode=002970&announcementId=1207662788&orgId=9900033057&announcementTime=2020-04-29 00:00:00
锐明技术,002970,002970,锐明技术,关于举行2019年年度报告网上说明会的通知,2020-04-25 00:00:00,http://www.cninfo.com.cn/new/disclosure/detail?stockCode=002970&announcementId=1207607466&orgId=9900033057&announcementTime=2020-04-25 00:00:00
锐明技术,002970,002970,锐明技术,关于对深圳证券交易所中小板公司管理部关注函有关事项的回复公告,2020-04-23 00:00:00,http://www.cninfo.com.cn/new/disclosure/detail?stockCode=002970&announcementId=1207556663&orgId=9900033057&announcementTime=2020-04-23 00:00:00
锐明技术,002970,002970,锐明技术,内部控制鉴证报告,2020-04-20 00:00:00,http://www.cninfo.com.cn/new/disclosure/detail?stockCode=002970&announcementId=1207529126&orgId=9900033057&announcementTime=2020-04-20 00:00:00
锐明技术,002970,002970,锐明技术,2019年度内部控制自我评价报告,2020-04-20 00:00:00,http://www.cninfo.com.cn/new/disclosure/detail?stockCode=002970&announcementId=1207529125&orgId=9900033057&announcementTime=2020-04-20 00:00:00
锐明技术,002970,002970,锐明技术,控股股东及其他关联方资金占用情况的专项说明,2020-04-20 00:00:00,http://www.cninfo.com.cn/new/disclosure/detail?stockCode=002970&announcementId=1207529124&orgId=9900033057&announcementTime=2020-04-20 00:00:00
锐明技术,002970,002970,锐明技术,2019年年度审计报告,2020-04-20 00:00:00,http://www.cninfo.com.cn/new/disclosure/detail?stockCode=002970&announcementId=1207529123&orgId=9900033057&announcementTime=2020-04-20 00:00:00
锐明技术,002970,002970,锐明技术,2020年第一季度报告正文,2020-04-20 00:00:00,http://www.cninfo.com.cn/new/disclosure/detail?stockCode=002970&announcementId=1207529121&orgId=9900033057&announcementTime=2020-04-20 00:00:00
锐明技术,002970,002970,锐明技术,2019年年度报告摘要,2020-04-20 00:00:00,http://www.cninfo.com.cn/new/disclosure/detail?stockCode=002970&announcementId=1207529119&orgId=9900033057&announcementTime=2020-04-20 00:00:00
锐明技术,002970,002970,锐明技术,2019年度募集资金存放与使用情况的专项报告,2020-04-20 00:00:00,http://www.cninfo.com.cn/new/disclosure/detail?stockCode=002970&announcementId=1207529118&orgId=9900033057&announcementTime=2020-04-20 00:00:00
锐明技术,002970,002970,锐明技术,2020年第一季度报告全文,2020-04-20 00:00:00,http://www.cninfo.com.cn/new/disclosure/detail?stockCode=002970&announcementId=1207529117&orgId=9900033057&announcementTime=2020-04-20 00:00:00
锐明技术,002970,002970,锐明技术,2019年年度报告,2020-04-20 00:00:00,http://www.cninfo.com.cn/new/disclosure/detail?stockCode=002970&announcementId=1207529116&orgId=9900033057&announcementTime=2020-04-20 00:00:00
锐明技术,002970,002970,锐明技术,以自筹资金预先投入募集资金投资项目的鉴证报告,2020-04-20 00:00:00,http://www.cninfo.com.cn/new/disclosure/detail?stockCode=002970&announcementId=1207529115&orgId=9900033057&announcementTime=2020-04-20 00:00:00
锐明技术,002970,002970,锐明技术,募集资金存放与使用情况鉴证报告,2020-04-20 00:00:00,http://www.cninfo.com.cn/new/disclosure/detail?stockCode=002970&announcementId=1207529114&orgId=9900033057&announcementTime=2020-04-20 00:00:00
锐明技术,002970,002970,锐明技术,独立董事2019年度述职报告（孙本源）,2020-04-20 00:00:00,http://www.cninfo.com.cn/new/disclosure/detail?stockCode=002970&announcementId=1207529113&orgId=9900033057&announcementTime=2020-04-20 00:00:00
锐明技术,002970,002970,锐明技术,独立董事关于第二届董事会第十一次会议相关事项的事前认可意见,2020-04-20 00:00:00,http://www.cninfo.com.cn/new/disclosure/detail?stockCode=002970&announcementId=1207529112&orgId=9900033057&announcementTime=2020-04-20 00:00:00
锐明技术,002970,002970,锐明技术,2019年度内部控制规则落实自查表,2020-04-20 00:00:00,http://www.cninfo.com.cn/new/disclosure/detail?stockCode=002970&announcementId=1207529111&orgId=9900033057&announcementTime=2020-04-20 00:00:00
锐明技术,002970,002970,锐明技术,独立董事2019年度述职报告（任笛）,2020-04-20 00:00:00,http://www.cninfo.com.cn/new/disclosure/detail?stockCode=002970&announcementId=1207529110&orgId=9900033057&announcementTime=2020-04-20 00:00:00
锐明技术,002970,002970,锐明技术,独立董事2019年度述职报告（涂成洲）,2020-04-20 00:00:00,http://www.cninfo.com.cn/new/disclosure/detail?stockCode=002970&announcementId=1207529109&orgId=9900033057&announcementTime=2020-04-20 00:00:00
锐明技术,002970,002970,锐明技术,独立董事关于第二届董事会第十一次会议相关事项的独立意见,2020-04-20 00:00:00,http://www.cninfo.com.cn/new/disclosure/detail?stockCode=002970&announcementId=1207529108&orgId=9900033057&announcementTime=2020-04-20 00:00:00
锐明技术,002970,002970,锐明技术,关于会计政策变更的公告,2020-04-20 00:00:00,http://www.cninfo.com.cn/new/disclosure/detail?stockCode=002970&announcementId=1207529107&orgId=9900033057&announcementTime=2020-04-20 00:00:00
锐明技术,002970,002970,锐明技术,关于修订公司章程并办理工商变更登记的公告,2020-04-20 00:00:00,http://www.cninfo.com.cn/new/disclosure/detail?stockCode=002970&announcementId=1207529106&orgId=9900033057&announcementTime=2020-04-20 00:00:00
锐明技术,002970,002970,锐明技术,关于续聘大华会计师事务所（特殊普通合伙）为公司2020年度审计机构的公告,2020-04-20 00:00:00,http://www.cninfo.com.cn/new/disclosure/detail?stockCode=002970&announcementId=1207529105&orgId=9900033057&announcementTime=2020-04-20 00:00:00
锐明技术,002970,002970,锐明技术,关于召开2019年度股东大会通知的公告,2020-04-20 00:00:00,http://www.cninfo.com.cn/new/disclosure/detail?stockCode=002970&announcementId=1207529104&orgId=9900033057&announcementTime=2020-04-20 00:00:00
锐明技术,002970,002970,锐明技术,关于2020年度日常关联交易预计的公告,2020-04-20 00:00:00,http://www.cninfo.com.cn/new/disclosure/detail?stockCode=002970&announcementId=1207529103&orgId=9900033057&announcementTime=2020-04-20 00:00:00
锐明技术,002970,002970,锐明技术,关于公司及子公司向银行申请综合授信暨开展票据池业务的公告,2020-04-20 00:00:00,http://www.cninfo.com.cn/new/disclosure/detail?stockCode=002970&announcementId=1207529102&orgId=9900033057&announcementTime=2020-04-20 00:00:00
锐明技术,002970,002970,锐明技术,国信证券股份有限公司关于公司2020年度日常关联交易预计的核查意见,2020-04-20 00:00:00,http://www.cninfo.com.cn/new/disclosure/detail?stockCode=002970&announcementId=1207529101&orgId=9900033057&announcementTime=2020-04-20 00:00:00
锐明技术,002970,002970,锐明技术,国信证券股份有限公司关于公司2019年度内部控制规则落实自查表的核查意见,2020-04-20 00:00:00,http://www.cninfo.com.cn/new/disclosure/detail?stockCode=002970&announcementId=1207529100&orgId=9900033057&announcementTime=2020-04-20 00:00:00
锐明技术,002970,002970,锐明技术,国信证券股份有限公司关于公司2019年度内部控制自我评价报告的核查意见,2020-04-20 00:00:00,http://www.cninfo.com.cn/new/disclosure/detail?stockCode=002970&announcementId=1207529099&orgId=9900033057&announcementTime=2020-04-20 00:00:00
锐明技术,002970,002970,锐明技术,国信证券股份有限公司关于公司2019年度募集资金存放与使用专项核查报告,2020-04-20 00:00:00,http://www.cninfo.com.cn/new/disclosure/detail?stockCode=002970&announcementId=1207529098&orgId=9900033057&announcementTime=2020-04-20 00:00:00
锐明技术,002970,002970,锐明技术,国信证券股份有限公司关于公司使用募集资金置换预先投入募投项目及已支付发行费用的自筹资金的核查意见,2020-04-20 00:00:00,http://www.cninfo.com.cn/new/disclosure/detail?stockCode=002970&announcementId=1207529097&orgId=9900033057&announcementTime=2020-04-20 00:00:00
锐明技术,002970,002970,锐明技术,关于使用募集资金置换预先投入募投项目及已支付发行费用的自筹资金的公告,2020-04-20 00:00:00,http://www.cninfo.com.cn/new/disclosure/detail?stockCode=002970&announcementId=1207529096&orgId=9900033057&announcementTime=2020-04-20 00:00:00
锐明技术,002970,002970,锐明技术,关于2019年度利润分配及资本公积金转增股本预案的公告,2020-04-20 00:00:00,http://www.cninfo.com.cn/new/disclosure/detail?stockCode=002970&announcementId=1207529095&orgId=9900033057&announcementTime=2020-04-20 00:00:00
锐明技术,002970,002970,锐明技术,关于补选非独立董事的公告,2020-04-20 00:00:00,http://www.cninfo.com.cn/new/disclosure/detail?stockCode=002970&announcementId=1207529094&orgId=9900033057&announcementTime=2020-04-20 00:00:00
锐明技术,002970,002970,锐明技术,2019年度财务决算报告,2020-04-20 00:00:00,http://www.cninfo.com.cn/new/disclosure/detail?stockCode=002970&announcementId=1207529093&orgId=9900033057&announcementTime=2020-04-20 00:00:00
锐明技术,002970,002970,锐明技术,2019年度监事会工作报告,2020-04-20 00:00:00,http://www.cninfo.com.cn/new/disclosure/detail?stockCode=002970&announcementId=1207529092&orgId=9900033057&announcementTime=2020-04-20 00:00:00
锐明技术,002970,002970,锐明技术,第二届监事会第十次会议决议公告,2020-04-20 00:00:00,http://www.cninfo.com.cn/new/disclosure/detail?stockCode=002970&announcementId=1207529091&orgId=9900033057&announcementTime=2020-04-20 00:00:00
锐明技术,002970,002970,锐明技术,第二届董事会第十一次会议决议公告,2020-04-20 00:00:00,http://www.cninfo.com.cn/new/disclosure/detail?stockCode=002970&announcementId=1207529090&orgId=9900033057&announcementTime=2020-04-20 00:00:00
锐明技术,002970,002970,锐明技术,关于使用部分闲置募集资金进行现金管理的进展公告,2020-04-15 00:00:00,http://www.cninfo.com.cn/new/disclosure/detail?stockCode=002970&announcementId=1207500592&orgId=9900033057&announcementTime=2020-04-15 00:00:00
锐明技术,002970,002970,锐明技术,独立董事关于第二届董事会第十次会议有关事项的独立意见,2020-03-31 11:58:27,http://www.cninfo.com.cn/new/disclosure/detail?stockCode=002970&announcementId=1207438059&orgId=9900033057&announcementTime=2020-03-31 11:58:27
锐明技术,002970,002970,锐明技术,国信证券股份有限公司关于公司《员工购房借款管理办法》的专项核查意见,2020-03-31 00:00:00,http://www.cninfo.com.cn/new/disclosure/detail?stockCode=002970&announcementId=1207430279&orgId=9900033057&announcementTime=2020-03-31 00:00:00
锐明技术,002970,002970,锐明技术,员工购房借款管理办法（2020年3月）,2020-03-31 00:00:00,http://www.cninfo.com.cn/new/disclosure/detail?stockCode=002970&announcementId=1207430278&orgId=9900033057&announcementTime=2020-03-31 00:00:00
锐明技术,002970,002970,锐明技术,第二届董事会第十次会议决议公告,2020-03-31 00:00:00,http://www.cninfo.com.cn/new/disclosure/detail?stockCode=002970&announcementId=1207430277&orgId=9900033057&announcementTime=2020-03-31 00:00:00
锐明技术,002970,002970,锐明技术,国信证券股份有限公司关于公司增加募投项目实施主体和实施地点暨使用部分募集资金向全资子公司增资的专项核查意见,2020-03-31 00:00:00,http://www.cninfo.com.cn/new/disclosure/detail?stockCode=002970&announcementId=1207430276&orgId=9900033057&announcementTime=2020-03-31 00:00:00
锐明技术,002970,002970,锐明技术,关于增加募投项目实施主体和实施地点暨使用部分募集资金向全资子公司增资的公告,2020-03-31 00:00:00,http://www.cninfo.com.cn/new/disclosure/detail?stockCode=002970&announcementId=1207430275&orgId=9900033057&announcementTime=2020-03-31 00:00:00
锐明技术,002970,002970,锐明技术,关于聘任公司副总经理、内部审计负责人、证券事务代表及变更财务负责人的公告,2020-03-31 00:00:00,http://www.cninfo.com.cn/new/disclosure/detail?stockCode=002970&announcementId=1207430274&orgId=9900033057&announcementTime=2020-03-31 00:00:00
锐明技术,002970,002970,锐明技术,国信证券股份有限公司关于公司使用部分闲置募集资金暂时补充流动资金的专项核查意见,2020-03-31 00:00:00,http://www.cninfo.com.cn/new/disclosure/detail?stockCode=002970&announcementId=1207430273&orgId=9900033057&announcementTime=2020-03-31 00:00:00
锐明技术,002970,002970,锐明技术,关于使用部分闲置募集资金暂时补充流动资金的公告,2020-03-31 00:00:00,http://www.cninfo.com.cn/new/disclosure/detail?stockCode=002970&announcementId=1207430272&orgId=9900033057&announcementTime=2020-03-31 00:00:00
锐明技术,002970,002970,锐明技术,第二届监事会第九次会议决议公告,2020-03-31 00:00:00,http://www.cninfo.com.cn/new/disclosure/detail?stockCode=002970&announcementId=1207430271&orgId=9900033057&announcementTime=2020-03-31 00:00:00
锐明技术,002970,002970,锐明技术,2019年度业绩快报,2020-03-10 00:00:00,http://www.cninfo.com.cn/new/disclosure/detail?stockCode=002970&announcementId=1207355623&orgId=9900033057&announcementTime=2020-03-10 00:00:00
锐明技术,002970,002970,锐明技术,关于公司完成工商变更登记并换发营业执照的公告,2020-03-02 11:42:58,http://www.cninfo.com.cn/new/disclosure/detail?stockCode=002970&announcementId=1207337095&orgId=9900033057&announcementTime=2020-03-02 11:42:58
锐明技术,002970,002970,锐明技术,关于董事辞职的公告,2020-02-19 00:00:00,http://www.cninfo.com.cn/new/disclosure/detail?stockCode=002970&announcementId=1207311761&orgId=9900033057&announcementTime=2020-02-19 00:00:00
锐明技术,002970,002970,锐明技术,关于使用部分闲置募集资金和闲置自有资金进行现金管理的进展公告,2020-01-23 00:00:00,http://www.cninfo.com.cn/new/disclosure/detail?stockCode=002970&announcementId=1207281387&orgId=9900033057&announcementTime=2020-01-23 00:00:00
锐明技术,002970,002970,锐明技术,2020年第一次临时股东大会之法律意见书,2020-01-18 00:00:00,http://www.cninfo.com.cn/new/disclosure/detail?stockCode=002970&announcementId=1207263246&orgId=9900033057&announcementTime=2020-01-18 00:00:00
锐明技术,002970,002970,锐明技术,2020年第一次临时股东大会决议公告,2020-01-18 00:00:00,http://www.cninfo.com.cn/new/disclosure/detail?stockCode=002970&announcementId=1207263245&orgId=9900033057&announcementTime=2020-01-18 00:00:00
锐明技术,002970,002970,锐明技术,关于召开2020年第一次临时股东大会提示性公告,2020-01-13 11:44:54,http://www.cninfo.com.cn/new/disclosure/detail?stockCode=002970&announcementId=1207243178&orgId=9900033057&announcementTime=2020-01-13 11:44:54
锐明技术,002970,002970,锐明技术,国信证券股份有限公司关于公司持续督导2019年培训情况的报告,2020-01-13 11:44:54,http://www.cninfo.com.cn/new/disclosure/detail?stockCode=002970&announcementId=1207243177&orgId=9900033057&announcementTime=2020-01-13 11:44:54
锐明技术,002970,002970,锐明技术,关于召开2020年第一次临时股东大会的通知,2020-01-02 00:00:00,http://www.cninfo.com.cn/new/disclosure/detail?stockCode=002970&announcementId=1207216075&orgId=9900033057&announcementTime=2020-01-02 00:00:00
锐明技术,002970,002970,锐明技术,国信证券股份有限公司关于公司使用闲置募集资金和闲置自有资金进行现金管理的核查意见,2020-01-02 00:00:00,http://www.cninfo.com.cn/new/disclosure/detail?stockCode=002970&announcementId=1207216074&orgId=9900033057&announcementTime=2020-01-02 00:00:00
锐明技术,002970,002970,锐明技术,关于使用闲置募集资金和闲置自有资金进行现金管理的公告,2020-01-02 00:00:00,http://www.cninfo.com.cn/new/disclosure/detail?stockCode=002970&announcementId=1207216073&orgId=9900033057&announcementTime=2020-01-02 00:00:00
锐明技术,002970,002970,锐明技术,关于签订募集资金三方监管协议的公告,2020-01-02 00:00:00,http://www.cninfo.com.cn/new/disclosure/detail?stockCode=002970&announcementId=1207216072&orgId=9900033057&announcementTime=2020-01-02 00:00:00
锐明技术,002970,002970,锐明技术,关于更换会计师事务所的公告,2020-01-02 00:00:00,http://www.cninfo.com.cn/new/disclosure/detail?stockCode=002970&announcementId=1207216071&orgId=9900033057&announcementTime=2020-01-02 00:00:00
锐明技术,002970,002970,锐明技术,关于变更公司注册资本并修改公司章程的公告,2020-01-02 00:00:00,http://www.cninfo.com.cn/new/disclosure/detail?stockCode=002970&announcementId=1207216070&orgId=9900033057&announcementTime=2020-01-02 00:00:00
锐明技术,002970,002970,锐明技术,公司章程（2019年12月）,2020-01-02 00:00:00,http://www.cninfo.com.cn/new/disclosure/detail?stockCode=002970&announcementId=1207216069&orgId=9900033057&announcementTime=2020-01-02 00:00:00
锐明技术,002970,002970,锐明技术,独立董事关于第二届董事会第九次会议有关事项的事前认可意见,2020-01-02 00:00:00,http://www.cninfo.com.cn/new/disclosure/detail?stockCode=002970&announcementId=1207216068&orgId=9900033057&announcementTime=2020-01-02 00:00:00
锐明技术,002970,002970,锐明技术,独立董事关于第二届董事会第九次会议有关事项的独立意见,2020-01-02 00:00:00,http://www.cninfo.com.cn/new/disclosure/detail?stockCode=002970&announcementId=1207216067&orgId=9900033057&announcementTime=2020-01-02 00:00:00
锐明技术,002970,002970,锐明技术,第二届监事会第八次会议决议公告,2020-01-02 00:00:00,http://www.cninfo.com.cn/new/disclosure/detail?stockCode=002970&announcementId=1207216066&orgId=9900033057&announcementTime=2020-01-02 00:00:00
锐明技术,002970,002970,锐明技术,第二届董事会第九次会议决议公告,2020-01-02 00:00:00,http://www.cninfo.com.cn/new/disclosure/detail?stockCode=002970&announcementId=1207216065&orgId=9900033057&announcementTime=2020-01-02 00:00:00
锐明技术,002970,002970,锐明技术,关于股票交易异常波动的公告,2019-12-30 00:00:00,http://www.cninfo.com.cn/new/disclosure/detail?stockCode=002970&announcementId=1207201913&orgId=9900033057&announcementTime=2019-12-30 00:00:00
锐明技术,002970,002970,锐明技术,关于股票交易异常波动的公告,2019-12-25 00:00:00,http://www.cninfo.com.cn/new/disclosure/detail?stockCode=002970&announcementId=1207191647&orgId=9900033057&announcementTime=2019-12-25 00:00:00
锐明技术,002970,002970,锐明技术,关于股票交易异常波动的公告,2019-12-23 00:00:00,http://www.cninfo.com.cn/new/disclosure/detail?stockCode=002970&announcementId=1207183595&orgId=9900033057&announcementTime=2019-12-23 00:00:00
锐明技术,002970,002970,锐明技术,上市首日风险提示公告,2019-12-17 07:41:59,http://www.cninfo.com.cn/new/disclosure/detail?stockCode=002970&announcementId=1207171594&orgId=9900033057&announcementTime=2019-12-17 07:41:59
锐明技术,002970,002970,锐明技术,首次公开发行股票上市公告书,2019-12-16 00:00:00,http://www.cninfo.com.cn/new/disclosure/detail?stockCode=002970&announcementId=1207167177&orgId=9900033057&announcementTime=2019-12-16 00:00:00
锐明技术,002970,002970,锐明技术,国信证券股份有限公司关于公司首次公开发行股票上市保荐书,2019-12-16 00:00:00,http://www.cninfo.com.cn/new/disclosure/detail?stockCode=002970&announcementId=1207167176&orgId=9900033057&announcementTime=2019-12-16 00:00:00
锐明技术,002970,002970,锐明技术,北京市金杜律师事务所关于公司首次公开发行的股票于深圳证券交易所上市的法律意见书,2019-12-16 00:00:00,http://www.cninfo.com.cn/new/disclosure/detail?stockCode=002970&announcementId=1207167175&orgId=9900033057&announcementTime=2019-12-16 00:00:00
锐明技术,002970,002970,锐明技术,首次公开发行股票发行结果公告,2019-12-10 00:00:00,http://www.cninfo.com.cn/new/disclosure/detail?stockCode=002970&announcementId=1207149458&orgId=9900033057&announcementTime=2019-12-10 00:00:00
锐明技术,002970,002970,锐明技术,首次公开发行股票网下发行初步配售结果公告,2019-12-06 00:00:00,http://www.cninfo.com.cn/new/disclosure/detail?stockCode=002970&announcementId=1207140280&orgId=9900033057&announcementTime=2019-12-06 00:00:00
锐明技术,002970,002970,锐明技术,首次公开发行股票网上中签结果公告,2019-12-06 00:00:00,http://www.cninfo.com.cn/new/disclosure/detail?stockCode=002970&announcementId=1207140279&orgId=9900033057&announcementTime=2019-12-06 00:00:00
锐明技术,002970,002970,锐明技术,首次公开发行股票网上申购情况及中签率公告,2019-12-05 00:00:00,http://www.cninfo.com.cn/new/disclosure/detail?stockCode=002970&announcementId=1207138676&orgId=9900033057&announcementTime=2019-12-05 00:00:00
锐明技术,002970,002970,锐明技术,首次公开发行股票招股说明书摘要,2019-12-03 00:00:00,http://www.cninfo.com.cn/new/disclosure/detail?stockCode=002970&announcementId=1207129479&orgId=9900033057&announcementTime=2019-12-03 00:00:00
锐明技术,002970,002970,锐明技术,首次公开发行股票招股说明书,2019-12-03 00:00:00,http://www.cninfo.com.cn/new/disclosure/detail?stockCode=002970&announcementId=1207129478&orgId=9900033057&announcementTime=2019-12-03 00:00:00
锐明技术,002970,002970,锐明技术,首次公开发行股票投资风险特别公告,2019-12-03 00:00:00,http://www.cninfo.com.cn/new/disclosure/detail?stockCode=002970&announcementId=1207129477&orgId=9900033057&announcementTime=2019-12-03 00:00:00
锐明技术,002970,002970,锐明技术,首次公开发行股票发行公告,2019-12-03 00:00:00,http://www.cninfo.com.cn/new/disclosure/detail?stockCode=002970&announcementId=1207129476&orgId=9900033057&announcementTime=2019-12-03 00:00:00
锐明技术,002970,002970,锐明技术,首次公开发行股票网上路演公告,2019-12-02 00:00:00,http://www.cninfo.com.cn/new/disclosure/detail?stockCode=002970&announcementId=1207124867&orgId=9900033057&announcementTime=2019-12-02 00:00:00
锐明技术,002970,002970,锐明技术,首次公开发行股票招股意向书摘要,2019-11-25 00:00:00,http://www.cninfo.com.cn/new/disclosure/detail?stockCode=002970&announcementId=1207111472&orgId=9900033057&announcementTime=2019-11-25 00:00:00
锐明技术,002970,002970,锐明技术,首次公开发行股票招股意向书,2019-11-25 00:00:00,http://www.cninfo.com.cn/new/disclosure/detail?stockCode=002970&announcementId=1207111471&orgId=9900033057&announcementTime=2019-11-25 00:00:00
锐明技术,002970,002970,锐明技术,首次公开发行股票初步询价及推介公告,2019-11-25 00:00:00,http://www.cninfo.com.cn/new/disclosure/detail?stockCode=002970&announcementId=1207111470&orgId=9900033057&announcementTime=2019-11-25 00:00:00
锐明技术,002970,002970,锐明技术,2019年1-6月、2018年度、2017年度、2016年度非经常性损益及净资产收益率和每股收益的专项审核报告,2019-11-25 00:00:00,http://www.cninfo.com.cn/new/disclosure/detail?stockCode=002970&announcementId=1207111469&orgId=9900033057&announcementTime=2019-11-25 00:00:00
锐明技术,002970,002970,锐明技术,审计报告及财务报表,2019-11-25 00:00:00,http://www.cninfo.com.cn/new/disclosure/detail?stockCode=002970&announcementId=1207111468&orgId=9900033057&announcementTime=2019-11-25 00:00:00
锐明技术,002970,002970,锐明技术,第一届董事会第十二次会议决议,2019-11-25 00:00:00,http://www.cninfo.com.cn/new/disclosure/detail?stockCode=002970&announcementId=1207111467&orgId=9900033057&announcementTime=2019-11-25 00:00:00
锐明技术,002970,002970,锐明技术,审阅报告及财务报表,2019-11-25 00:00:00,http://www.cninfo.com.cn/new/disclosure/detail?stockCode=002970&announcementId=1207111466&orgId=9900033057&announcementTime=2019-11-25 00:00:00
锐明技术,002970,002970,锐明技术,国信证券股份有限公司关于公司首次公开发行股票并上市的发行保荐工作报告,2019-11-25 00:00:00,http://www.cninfo.com.cn/new/disclosure/detail?stockCode=002970&announcementId=1207111465&orgId=9900033057&announcementTime=2019-11-25 00:00:00
锐明技术,002970,002970,锐明技术,国信证券股份有限公司关于公司首次公开发行股票并上市的发行保荐书,2019-11-25 00:00:00,http://www.cninfo.com.cn/new/disclosure/detail?stockCode=002970&announcementId=1207111464&orgId=9900033057&announcementTime=2019-11-25 00:00:00
锐明技术,002970,002970,锐明技术,北京市金杜律师事务所关于公司首次公开发行人民币普通股（A股）股票并上市之补充法律意见书（四）,2019-11-25 00:00:00,http://www.cninfo.com.cn/new/disclosure/detail?stockCode=002970&announcementId=1207111463&orgId=9900033057&announcementTime=2019-11-25 00:00:00
锐明技术,002970,002970,锐明技术,北京市金杜律师事务所关于公司首次公开发行人民币普通股（A股）股票并上市之补充法律意见书（五）,2019-11-25 00:00:00,http://www.cninfo.com.cn/new/disclosure/detail?stockCode=002970&announcementId=1207111462&orgId=9900033057&announcementTime=2019-11-25 00:00:00
锐明技术,002970,002970,锐明技术,北京市金杜律师事务所关于公司首次公开发行人民币普通股（A股）股票并上市之补充法律意见书（二）,2019-11-25 00:00:00,http://www.cninfo.com.cn/new/disclosure/detail?stockCode=002970&announcementId=1207111461&orgId=9900033057&announcementTime=2019-11-25 00:00:00
锐明技术,002970,002970,锐明技术,北京市金杜律师事务所关于公司首次公开发行人民币普通股（A股）股票并上市之补充法律意见书（三）,2019-11-25 00:00:00,http://www.cninfo.com.cn/new/disclosure/detail?stockCode=002970&announcementId=1207111460&orgId=9900033057&announcementTime=2019-11-25 00:00:00
锐明技术,002970,002970,锐明技术,北京市金杜律师事务所关于公司首次公开发行人民币普通股（A股）股票并上市之补充法律意见书（一）,2019-11-25 00:00:00,http://www.cninfo.com.cn/new/disclosure/detail?stockCode=002970&announcementId=1207111459&orgId=9900033057&announcementTime=2019-11-25 00:00:00
锐明技术,002970,002970,锐明技术,北京市金杜律师事务所关于公司首次公开发行人民币普通股（A股）股票并上市之法律意见书,2019-11-25 00:00:00,http://www.cninfo.com.cn/new/disclosure/detail?stockCode=002970&announcementId=1207111458&orgId=9900033057&announcementTime=2019-11-25 00:00:00
锐明技术,002970,002970,锐明技术,北京市金杜律师事务所关于公司首次公开发行人民币普通股（A股）股票并上市之律师工作报告,2019-11-25 00:00:00,http://www.cninfo.com.cn/new/disclosure/detail?stockCode=002970&announcementId=1207111457&orgId=9900033057&announcementTime=2019-11-25 00:00:00
锐明技术,002970,002970,锐明技术,内部控制鉴证报告,2019-11-25 00:00:00,http://www.cninfo.com.cn/new/disclosure/detail?stockCode=002970&announcementId=1207111456&orgId=9900033057&announcementTime=2019-11-25 00:00:00
锐明技术,002970,002970,锐明技术,公司章程（草案）,2019-11-25 00:00:00,http://www.cninfo.com.cn/new/disclosure/detail?stockCode=002970&announcementId=1207111455&orgId=9900033057&announcementTime=2019-11-25 00:00:00
锐明技术,002970,002970,锐明技术,中国证监会关于核准公司首次公开发行股票的批复,2019-11-25 00:00:00,http://www.cninfo.com.cn/new/disclosure/detail?stockCode=002970&announcementId=1207111454&orgId=9900033057&announcementTime=2019-11-25 00:00:00
锐明技术,002970,002970,锐明技术,2018年第一次临时股东大会决议,2019-11-25 00:00:00,http://www.cninfo.com.cn/new/disclosure/detail?stockCode=002970&announcementId=1207111453&orgId=9900033057&announcementTime=2019-11-25 00:00:00
