LOCAL_COMPANY_NAME,LOCAL_SYMBOL,股票代码,公司简称,行业,行业代码,问题,提问者,来源,提问时间,更新时间,提问者编号,问题编号,回答ID,回答内容,回答者
千方科技,2373,2373,千方科技,信息传输、软件和信息技术服务业,12002,特斯拉FSD的技术跟你家车路协同有没有融合的可能性？,irm1489050,网站,2026-06-13 17:06:50,2026-06-15 16:55:02,807826491720888320,2290124744241397760,,,
千方科技,2373,2373,千方科技,信息传输、软件和信息技术服务业,12002,请问贵公司，大股东杭州灏月减持截至今天股市交易截至，是否已经减持完毕。若没有，还剩余多少股票，后续还有大的减持计划吗,irm3411253,网站,2026-06-12 15:57:00,2026-06-15 15:28:15,2289331712069488640,2289346590416371712,,,
千方科技,2373,2373,千方科技,信息传输、软件和信息技术服务业,12002,贵公司您好，阿里巴巴减持计划于6.15结束，请问截至6.12股市结束，其减持计划完成了吗？后续还会有新的减持计划吗？股价目前已经到达了平仓线附近，请问有无爆仓风险？,irm3411253,网站,2026-06-12 15:31:38,2026-06-15 15:25:36,2289331712069488640,2289333507945988096,,,
千方科技,2373,2373,千方科技,信息传输、软件和信息技术服务业,12002,尊敬的董秘：你好，请问2026年6月10日股东人数是多少？,irm3339097,网站,2026-06-11 14:45:58,2026-06-15 15:16:32,2255782304956432384,2288567801176457216,2.2914119115802706e+18,"截止至2026年6月10日，公司股东总户数89,703户。",胡锦芸
千方科技,2373,2373,千方科技,信息传输、软件和信息技术服务业,12002,董秘您好！二股东在股价低位，成交量低迷的情况下仍持续、大额减持，完全不顾及中小股东利益；截至目前其持股仍有约2亿股，后续减持压力巨大。请问公司是否评估过：在约2亿股待减持预期下，股价和流动性将进一步恶化，严重损害公司再融资、商誉及全体股东利益？管理层对此有无应对预案和时间节点。,irm3219694,公众号,2026-06-12 09:02:40,2026-06-15 10:40:13,2224568157822382080,2289133036052480000,,,
千方科技,2373,2373,千方科技,信息传输、软件和信息技术服务业,12002,董秘您好：想请教贵公司存储业务的具体模式：1. SSD/TF卡存储服务器里的存储颗粒、主控芯片是全部外购还是自研/定制？2.公司是否具备存储芯片的设计，先进封测，芯片测试设备相关研发和投入？3.公司存储业务与江波龙（主控自研+封测）的模式主要差异在哪）,irm2732767,网站,2026-06-12 08:22:04,2026-06-15 10:16:54,2080241768915677184,2289112110971813888,,,
千方科技,2373,2373,千方科技,信息传输、软件和信息技术服务业,12002,董秘您好，公司股价接连创下上市多年新低，二股东持续减持叠加实控人及关联方频繁小额股权质押，市场疑虑不断。烦请明确说明：一是密集质押是否代表上市公司或控股股东资金面存在紧张问题；二是面对股价长期异常走弱，公司迟迟未出台任何回购、增持等维稳措施，管理层针对市值低迷有无切实可行的整改落地计划？,irm3219694,公众号,2026-06-04 11:02:05,2026-06-12 20:45:33,2224568157822382080,2283257228733775872,2.2871820902864896e+18,感谢您的关注。实控人及关联方股权质押属于个人正常融资行为，与上市公司资金状况无关，相关风险可控且均合规披露。现阶段公司暂无回购、增持，如有，相关方将按照相关规定履行信息披露义务并实施。管理层将深耕主业、优化经营质量，多措并举提升公司内在价值，积极维护中小投资者利益。,胡锦芸
千方科技,2373,2373,千方科技,信息传输、软件和信息技术服务业,12002,董秘您好，二级市场普遍认为阿里系持续减持是股价长期承压核心因素：1、杭州灏月当前剩余持股数量，后续减持窗口期、减持上限、减持方式？2、公司是否主动和主要股东沟通放缓减持？3、行业同类上市公司多通过回购稳定股价，公司为何长期无回购规划？,irm3219694,公众号,2026-06-04 10:20:43,2026-06-12 20:45:33,2224568157822382080,2283235900104728576,2.2871815662741586e+18,感谢您的关注。1、杭州灏月本次减持窗口期至6月15日，合计拟减持不超2365.07万股，截至6月4日已减持1958.47万股，剩余约406.6万股，采用集中竞价与大宗交易方式实施。2、公司与股东保持常态化沟通，提醒其合规理性减持。3、截至目前，公司暂无股份回购计划；如有股份回购，公司将按照相关规定履行信息披露义务并实施。,胡锦芸
千方科技,2373,2373,千方科技,信息传输、软件和信息技术服务业,12002,董秘您好，公司第二大股东杭州灏月不计成本减持，二级市场受抛压影响股价长期低迷、持续承压。请问公司现阶段有无股价维稳相关举措？是否主动对接产业资本投资方，通过大宗/协议转让方式引入新股东承接减持筹码，缓解二级市场抛售冲击、优化股权结构，维护中小投资者利益,irm3219694,公众号,2026-06-02 09:20:05,2026-06-12 20:45:33,2224568157822382080,2281720309225185280,2.287181093827756e+18,感谢您的关注。杭州灏月减持系股东自身资金安排，相关计划及进展均已依规披露，公司将持续跟进并督促其合规实施。如有合适的产业资本投资方，公司不排除通过大宗/协议转让方式引入新股东的可能。,胡锦芸
千方科技,2373,2373,千方科技,信息传输、软件和信息技术服务业,12002,董秘您好，第二大股东杭州灏月不计成本减持压制股价，距离6月15日减持到期仅剩十几个交易日，仍有大量待减持筹码。请问公司管理层有无明确维稳股价方案，切实保护中小投资者利益？,irm3219694,公众号,2026-06-01 17:17:30,2026-06-12 20:45:33,2224568157822382080,2281224197552824320,2.2871808789072937e+18,感谢您的关注。杭州灏月减持系股东自身资金安排，相关计划及进展均已依规披露，公司将持续跟进并督促其合规实施。公司管理层将聚焦主业经营，强化技术创新与价值传递，以扎实基本面支撑市值，切实维护投资者利益。,胡锦芸
千方科技,2373,2373,千方科技,信息传输、软件和信息技术服务业,12002,董秘您好，当前大盘处于相对高位，公司股价却持续走低，受股东减持影响屡屡创出新低。请问公司管理层是否计划引入战略投资方，化解大额减持带来的负面冲击？公司是否会采取相关举措稳定股价，不会任由股价持续下跌？,irm3219694,公众号,2026-05-22 13:39:22,2026-06-12 20:45:33,2224568157822382080,2273690069001396224,2.2871798223652127e+18,感谢您的关注。股价走势受市场环境、资金情绪等多重因素影响，股东减持为其个人资金安排且依规披露。公司常态化关注产业合作机遇，若落地战投相关实质事项将及时公告；公司聚焦主业经营夯实内在价值，审慎研究各类维稳举措，相关事项以公告为准。,胡锦芸
千方科技,2373,2373,千方科技,信息传输、软件和信息技术服务业,12002,董秘你好，请问目前公司的项目是不是都是一次性工程？该变现模式难以实现复利，所以每年十几亿的高研发投入不是为了打造复利业务，而是为了维持投标资格、在内卷里活下去，研发是刚性门槛成本，不是成长引擎，所以永远跑不出长期增长曲线。请问公司有没有考虑变现模式？,irm1648493,公众号,2026-05-13 07:19:46,2026-06-12 20:45:33,1130218298986061824,2266814891512389632,2.2871869090413773e+18,感谢您的关注。近两年公司主动优化业务结构，集成项目占比明显降低，产品化收入占比提升，具备复利能力的标准化产品与服务占比持续提高。同时，公司自研AI大模型已通过场景智能体、AI赋能产品及标杆项目产生实质营收，商业化落地成效明确。业务拓展与技术转化受多重因素影响，敬请注意投资风险。,胡锦芸
千方科技,2373,2373,千方科技,信息传输、软件和信息技术服务业,12002,你好，请问公司L4无人驾驶物流项目最新进展如何？近期油价大幅上涨，L4级无人驾驶技术与新能源储能等技术结合能否降低油耗，帮物流企业节省成本？,irm1403267,网站,2026-03-13 11:15:47,2026-06-12 20:45:03,92584189785800704,2221664142207119360,2.2240232304378962e+18,"感谢您的关注。公司控股子公司千曙科技定位为国内领先的L4级干线物流自动驾驶运力服务商，致力于推动公路货运从“人力驱动”向“算力驱动”的产业升级。
•	项目进展方面：千曙科技已确立了“生成式 AI+车路云一体化”的代际领先路线，构建了“端到端大模型+规则兜底”的双系统架构，配合路侧超视距感知构建系统级冗余，确保系统满足车规级功能安全标准。目前，公司已在成渝、华南部分区域特定路段开展测试，并已与头部快递快运企业达成意向合作。
•	降本增效方面：自动驾驶技术与新能源体系的融合，可从多维度优化物流运输的能源效率与运营成本结构。在驾驶行为层面，算法可基于实时路况与车辆状态动态调整车速与动力输出，减少急加速、急减速等低效工况，实现更为平稳的能耗曲线；在路径决策层面，系统能够综合评估不同路线的通行费用、能源补给设施分布及实时电价或燃料价格，自主选择经济性更优的行驶方案；在资产运营层面，智能调度可统筹车辆补能需求与货物装卸时序，提升车辆有效运营时长与装载效率，摊薄单位运输成本。此外，编队行驶等协同技术可通过优化空气动力学表现进一步降低能耗。总体而言，该技术路径有助于物流企业在能源价格波动环境下增强成本管控的灵活性与韧性，但具体成效受基础设施配套、政策环境及技术成熟度等多重因素影响。",胡锦芸
千方科技,2373,2373,千方科技,信息传输、软件和信息技术服务业,12002,MTC改造订单是否全部使用公司字眼设备，该类项目盈利水平是否优于政府传统集成项目,irm2732767,网站,2026-06-10 17:14:21,2026-06-11 11:03:22,2080241768915677184,2287902107015380992,,,
千方科技,2373,2373,千方科技,信息传输、软件和信息技术服务业,12002,自研路测硬件，包括雷视一体机，RSU，v2X，智能信号机等毛利率相比传统集成项目高多少？是否是交通板块减亏的核心动力,irm2732767,网站,2026-06-10 17:12:20,2026-06-11 11:02:22,2080241768915677184,2287901067815686144,,,
千方科技,2373,2373,千方科技,信息传输、软件和信息技术服务业,12002,在车路云一体化和MTC业务中，智慧交通板块自研标准化产品收入占比是否持续提升？较去年同期改善幅度如何？,irm2732767,网站,2026-06-10 17:09:52,2026-06-11 11:01:29,2080241768915677184,2287899804912910336,,,
千方科技,2373,2373,千方科技,信息传输、软件和信息技术服务业,12002,公司今年一季度报首次披露了宇视科技的数据，宇视科技一季度营收增加11个点，毛利来到了百分之39，这个业绩可持续吗？如果是大量投产高毛利的产品，还是因为存储涨价,irm2732767,网站,2026-06-04 20:11:24,2026-06-10 15:00:05,2080241768915677184,2283540335798059008,2.2871828202325115e+18,感谢您的关注。一季度视频物联、存储计算相关业务营收增长突出，带动板块整体向好。得益于原材料涨价及产品顺价顺畅，板块毛利率实现提升。受益于行业环境的逐步改善与下游需求的稳步复苏，宇视科技的收入有望继一季度后继续实现增长，毛利率将保持稳步向好的态势。,胡锦芸
千方科技,2373,2373,千方科技,信息传输、软件和信息技术服务业,12002,一季度报当中，财务费用从往年盈余1000多万到现在付出1000多万，主要是因为外汇的原因，公司有什么应对手段,irm2732767,网站,2026-06-04 20:04:42,2026-06-10 15:00:05,2080241768915677184,2283536891234287616,2.2871825970926305e+18,感谢您的关注。一季度财务费用变动主要由于汇率波动造成的汇兑损失。公司已建立汇率风险管控体系，依规开展外汇套期保值业务，同时优化外币结算管理，持续对冲汇率带来的不利影响。,胡锦芸
千方科技,2373,2373,千方科技,信息传输、软件和信息技术服务业,12002,尊敬的董秘：交通部提到今年6月份，要在长三角，珠三角，京津冀，成渝四大城市群要进行MTC先行改造，目前公司正在缩减智慧交通板块的业务，会影响公司会在这一方面发力吗？网传你们是只是系统集成商，主要设备采购的是金溢和万集的RSU设备，以及V2-X设备，真实情况是这个样子吗？,irm2732767,网站,2026-06-04 20:02:24,2026-06-10 15:00:05,2080241768915677184,2283535697233379328,2.2871823909342003e+18,感谢您的关注。公司智慧交通板块是主动收缩低毛利集成项目、聚焦高毛利产品，会积极参与四大城市群MTC先行改造项目，紧抓本次政策机遇拓展市场。公司并非系统集成商，已自研推出RSU、V2X等多款路侧通信设备并实现规模化应用，具备软硬件一体化的完整服务能力。,胡锦芸
千方科技,2373,2373,千方科技,信息传输、软件和信息技术服务业,12002,你公司宇视科技作为研发、制造担当，除主业监控技术迭代创新外，有没有研发芯片，存储，通信等技术？,irm1489050,网站,2026-05-27 10:19:38,2026-06-10 15:00:05,807826491720888320,2277297978770571264,2.2871803465034465e+18,感谢您的关注。宇视科技在底层核心技术领域拥有深厚积累：存储方面，拥有泰山系列分布式云存储及高性能存储产品，覆盖从通用到大规模场景的视图存储需求；网络方面，拥有自研的交换机、云管理交换机等全系列通信产品。上述技术全面赋能主业产品，不断巩固核心竞争力。,胡锦芸
千方科技,2373,2373,千方科技,信息传输、软件和信息技术服务业,12002,董秘你好，近几年公司子公司宇视科技的发展大幅度超越母公司，业绩、毛利率、净利润稳步推进，而宇视的业绩被千方的智慧交通业务完全吞噬，强烈建议公司剥离亏损的智慧交通业务，公司更名为宇视科技！,irm1648493,公众号,2026-05-27 08:41:21,2026-06-10 15:00:05,1130218298986061824,2277247324124700672,2.2871802005008794e+18,感谢您的关注。公司目前暂无更名及相关业务剥离计划。各业务板块协同发展，公司将持续优化经营、提升整体价值。,胡锦芸
千方科技,2373,2373,千方科技,信息传输、软件和信息技术服务业,12002,董秘你好，2026年4月28日中央政治局会议首次系统性提出，指水网、新型电网、算力网、新一代通信网、城市地下管网、物流网，是“十五五”开局新质基建核心底座。请问这六张网对公司未来业务有无积极影响？公司该如何抓住机会扭亏为盈，改善多年来业绩持续拉胯的局面？,irm1648493,公众号,2026-05-27 08:21:36,2026-06-10 15:00:05,1130218298986061824,2277237136263856128,2.2871799769840353e+18,感谢您的关注。六张网顶层规划与公司智慧交通、干线物流自动驾驶业务高度契合，将持续拓宽项目落地空间、带来订单增量，对中长期经营具备积极利好。公司紧抓政策窗口期，聚焦物流网、算力网、智慧路网相关业务落地，加速商业化闭环建设；持续优化业务结构、严控成本开支，多措并举改善盈利水平，全力推进经营向好。,胡锦芸
千方科技,2373,2373,千方科技,信息传输、软件和信息技术服务业,12002,董秘你好，公司股价连跌六年，二股东宁愿大幅亏损也要减持，请问是何原因？公司何时主业业绩能翻转？,irm1648493,公众号,2026-06-09 14:20:20,2026-06-10 13:45:32,1130218298986061824,2287070249139683328,,,
千方科技,2373,2373,千方科技,信息传输、软件和信息技术服务业,12002,董秘你好，请问公司在太空算力和物理AI方面有何实际落地的业务？,irm1648493,公众号,2026-06-07 10:50:17,2026-06-09 10:39:22,1130218298986061824,2285477649496522752,,,
千方科技,2373,2373,千方科技,信息传输、软件和信息技术服务业,12002,截止6月5日，公司最新股东人数是多少？,irm1403267,网站,2026-06-04 11:01:27,2026-06-05 15:00:05,92584189785800704,2283256893706452992,2.2840766913139835e+18,"截止至2026年5月29日，公司股东总户数90,666户。",胡锦芸
千方科技,2373,2373,千方科技,信息传输、软件和信息技术服务业,12002,尊敬的董秘：你好，请问2026年5月30日股东人数是多少？,irm3339097,网站,2026-06-01 11:53:40,2026-06-05 15:00:05,2255782304956432384,2281057303535091712,2.2840765710548992e+18,"截止至2026年5月29日，公司股东总户数90,666户。",胡锦芸
千方科技,2373,2373,千方科技,信息传输、软件和信息技术服务业,12002,董秘您好，公司近期中标成渝干线物流项目，请问执行该项目的无人重卡是否已正式下线并投入试运行？合作的商用车企具体是哪一家？,irm3219694,公众号,2026-05-26 08:27:47,2026-06-01 16:12:03,2224568157822382080,2276498161569193984,2.2811709914979615e+18,感谢您的关注。公司干线无人物流业务的车端量产车型，正与福田卡文基于Beacan重卡平台开展定制开发合作，计划于年底完成车型公告，后续相关进展请以公司官方公告为准。,胡锦芸
千方科技,2373,2373,千方科技,信息传输、软件和信息技术服务业,12002,董秘您好，留意到公司董事长股份频繁质押、解除质押。请问：该类频繁操作是否说明董事长个人层面资金紧张？当前公司股价已处于低位，在此情况下仍频繁质押，是否存在较大的强行平仓风险？公司及股东有何应对预案？,irm3219694,公众号,2026-05-25 09:19:49,2026-06-01 16:12:03,2224568157822382080,2275782808996241408,2.2811708368791388e+18,感谢您的关注。董事长股份质押与解除质押均为正常合规操作，目前相关质押风险整体可控，不存在重大强制平仓风险，不会对公司控制权及正常经营造成影响。公司将持续督促股东遵守监管要求，及时履行信息披露义务，相关情况请以公司官方公告为准。,胡锦芸
千方科技,2373,2373,千方科技,信息传输、软件和信息技术服务业,12002,董秘您好！贵司不走单纯单车智能路线，依托自身车路云一体化技术底座、多年智慧交通路网资源、交通大模型与场景算法积累，叠加在货运物流领域成熟的产业生态和落地渠道，形成和华为、百度、图森等企业差异化的竞争优势。请问董秘，具备无人驾驶功能的车辆从哪来？,irm3219694,公众号,2026-05-20 12:20:48,2026-06-01 16:12:03,2224568157822382080,2272165235173687296,2.2811705963609702e+18,感谢您的关注。公司干线无人物流业务的车端量产车型，正与福田卡文基于Beacan重卡平台开展定制开发合作，计划于年底完成车型公告，后续相关进展请以公司官方公告为准。,胡锦芸
千方科技,2373,2373,千方科技,信息传输、软件和信息技术服务业,12002,董秘您好，请问安徽千方联陆智能科技有限公司池州无人驾驶物流车项目目前建设进展如何？该项目落地后对公司未来业绩有何影响？谢谢。,irm3219694,公众号,2026-05-16 21:04:30,2026-06-01 16:11:33,2224568157822382080,2269466466703441920,2.2811704932817551e+18,感谢您的关注。相关项目进展及影响，请以公司官方公告为准。,胡锦芸
千方科技,2373,2373,千方科技,信息传输、软件和信息技术服务业,12002,董秘你好，公司一直在强调研发成果转化存在周期性，正在推进AI技术成果变现。同样的回答是2020年12月份在机构调研会上公司夏董事长和潘总经理明确表态落地速度不会慢，3-5年千方肯定是一个千亿市值的公司。现在已经过去五年多的时间了，公司的市值不但没有增长而且持续缩水，请问公司高层怎么为自己的言行负责？希望公司能认真的给投资者一个明确答复，公司的未来规划和盈利前景如何？技术研发能否创造实打实的利润？,irm1648493,公众号,2026-05-12 14:00:32,2026-05-21 20:45:03,1130218298986061824,2266279274730840064,2.2708390523518976e+18,感谢您的关注。公司立足行业发展趋势持续优化经营策略，持续收缩低利润集成项目，提升产品化占比，稳步推进干线无人物流商业化落地；同时合理优化研发投入结构，聚焦高价值转化方向，加速AI技术与研发成果商业化变现，全力改善盈利及现金流水平，用心做好经营回报投资者。,胡锦芸
千方科技,2373,2373,千方科技,信息传输、软件和信息技术服务业,12002,董秘你好，请问5月7日公司子公司千方捷通科技股份有限公司中标厦门第三东通道机电工程（施工） E1标段工程建设项目是否属实？2026年至今公司已中标多个项目，例如吉林高速公路、大连出海大通道等项目。虽然中标项目自愿公告，但是在当前牛市背景下公司股价却持续下跌，这类利好公司基本面的消息公司为何不选择进行公示？公司不要只是把维护投资者利益挂在嘴边，请付诸实际行动。,irm1648493,公众号,2026-05-13 08:12:45,2026-05-19 09:02:33,1130218298986061824,2266842198914457600,2.2708393959492813e+18,感谢您的关注。政府平台相关公示信息显示，公司子公司千方捷通为厦门第三东通道机电工程（施工）E1 标段第一中标候选人。公司严格按照监管规定，对达到披露标准的重大经营事项及时履行公告义务，请以公司官方公告为准。,胡锦芸
千方科技,2373,2373,千方科技,信息传输、软件和信息技术服务业,12002,董秘您好！公司每年研发投入超10亿元，但经营状况改没有得到有效改善，2026年一季度扣非亏损超4000万元，现金流为负值。建议公司优化研发投入节奏，在优先保障盈利、稳定现金流、实现可持续经营的前提下，适度、精准投入研发，避免低效投入，提升整体经营质量，公司的股价已经惨不忍睹了，说明市场对贵司的研发投入与产出不认可，谢谢！,irm3219694,公众号,2026-05-12 13:26:50,2026-05-19 09:02:02,2224568157822382080,2266261905684676608,2.2708389235028787e+18,感谢您的关注与建议。公司高度重视研发投入的产出效率与经营质量，将在保障核心技术竞争力的前提下，持续优化研发投入结构，聚焦高价值、可商业化的核心方向，同时全力改善盈利水平、稳定经营性现金流，夯实可持续经营基础。,胡锦芸
千方科技,2373,2373,千方科技,信息传输、软件和信息技术服务业,12002,"据报道，公司参股的安徽陆联智能制造有限公司在池州基地项目正式启动，总投资达27亿元，规划用地面积超600亩，建成投用后将形成年产10万台无人物流车的超大产能，成为华东地区规模领先的自动驾驶车辆研发与制造中心。
请问公司是否借此项目实现批量生产无人物流车的能力？与公司今年布局L4级干线无人物流业务是否有关？能否推动公司无人干线物流商业化落地？谢谢",irm1403267,网站,2026-05-11 10:03:44,2026-05-19 09:01:33,92584189785800704,2265415058506096640,2.2708388376035328e+18,感谢您的关注。公司L4级干线无人物流业务由控股子公司千曙科技作为主体稳步推进商业化落地，相关业务具体进展请以公司官方公告为准。,胡锦芸
千方科技,2373,2373,千方科技,信息传输、软件和信息技术服务业,12002,公司在物理Ai方面有哪些布局？优势怎么样？,irm1314987,网站,2026-05-16 13:28:04,2026-05-18 14:23:46,91812736350027776,2269231222734831616,,,
千方科技,2373,2373,千方科技,信息传输、软件和信息技术服务业,12002,尊敬的董秘：你好，请问2026年5月10日股东人数是多少？,irm3339097,网站,2026-05-13 13:08:44,2026-05-14 15:44:03,2255782304956432384,2266994747562876928,2.2678091590829998e+18,"截止至2026年5月8日，公司股东总户数91,936户。",胡锦芸
千方科技,2373,2373,千方科技,信息传输、软件和信息技术服务业,12002,董秘你好，千公司目前研发的鲲巢和梧桐AI大模型号称一人可以完成之前数人的工作量，公司目前有近4000人的研发人员，请问在目前AI浪潮之下有必要养这么多研发人员吗？有没有考虑裁员降本？公司每年十几亿的研发费用大多用于人力成本支出，所谓的4000多项专利是不是都是花瓶专利，这么多年为何仍没有转换为商业利润？扣非仍然是亏损状态。,irm1648493,公众号,2026-05-08 08:24:56,2026-05-12 11:45:03,1130218298986061824,2263137626300297216,2.2640841512202813e+18,感谢您的关注。公司鲲巢、梧桐AI大模型不仅赋能内部研发提效，也已落地行业应用并形成实质营收。研发团队是大模型迭代、技术创新及产品商业化的重要保障。公司专利均紧扣主业布局并落地业务场景，研发投入聚焦核心技术与产业化转化；公司正持续优化经营、严控费用、加速AI技术成果变现，着力改善盈利水平。,胡锦芸
千方科技,2373,2373,千方科技,信息传输、软件和信息技术服务业,12002,董秘您好，请问：4月29日安徽省2026年第二批重大项目集中开工，安徽陆联智能制造有限公司池州无人物流车基地项目正式开工，该项目总投资27亿元，定位为华东地区规模最大的无人物流车制造基地，请问该信息是否属实？该项目对公司产业布局和未来业务发展具备重大积极影响，为何公司未及时进行信息披露？建议公司后续对这类重大产业投资、基地落地类项目及时公告，充分传递公司发展价值，提振二级市场投资信心,irm3219694,公众号,2026-05-08 07:08:11,2026-05-11 15:17:33,2224568157822382080,2263098069651501056,2.264083704516391e+18,感谢您的关注。有关公司对外投资及产业项目布局等相关重大事项，公司均严格按照监管规定履行信息披露义务，请以公司官方发布公告为准。,胡锦芸
千方科技,2373,2373,千方科技,信息传输、软件和信息技术服务业,12002,董秘你好，5月7日，在岸、离岸人民币双双走强，对美元即时汇率逼近6.80关口，创近三年新高。今年一季度财务费用同比增加0.24亿元，主要受汇兑损失影响。公司年营收八十多亿，境外收入占三成，这么大的境外收入公司竟然没有开展外汇套期保值业务吗？这是一个这体量公司应有的管理吗？建议更换公司财务负责人！,irm1648493,公众号,2026-05-08 08:17:43,2026-05-11 15:08:33,1130218298986061824,2263133906858618880,2.264083850545279e+18,感谢您的关注。公司高度重视汇率风险管理，已建立完善的汇率风险管控机制，并开展外汇套期保值，最大限度降低人民币升值对盈利的不利冲击，保障海外业务稳健发展。,胡锦芸
千方科技,2373,2373,千方科技,信息传输、软件和信息技术服务业,12002,董秘你好，有4月3日公司因减持鸿泉技术股份未及时披露，被采取出具警示函的监督管理措施，并记入证券期货市场诚信档案。杭州灏月公告减持公司股份，请问目前减持进度如何了，请公司吸取上次违规的教训，及时披露减持进度情况。,irm1648493,公众号,2026-05-06 14:23:03,2026-05-08 20:45:33,1130218298986061824,2261837857554669568,2.2626610824989368e+18,感谢您的关注。股东减持将严格按照监管规则及减持计划依规实施，公司将依规做好相关事项的信息披露工作，具体减持进度请以公司公告为准。,胡锦芸
千方科技,2373,2373,千方科技,信息传输、软件和信息技术服务业,12002,智慧交通领域“梧桐”、“鲲巢”大模型是否产生实质化的营收，这两大模型是不是未来公司收缩中低利润的集成项目的底气。,irm2732767,网站,2026-04-29 08:26:08,2026-05-08 20:45:33,2080241768915677184,2256458711672832000,2.26266080762103e+18,感谢您的关注。目前梧桐、鲲巢大模型已通过场景智能体、AI 赋能产品与标杆项目产生实质营收。依托两大模型，公司加速从集成向标准化产品与服务转型，AI渗透率持续提升，为优化毛利结构、减少低利润项目提供关键技术与商业化支撑。,胡锦芸
千方科技,2373,2373,千方科技,信息传输、软件和信息技术服务业,12002,董秘你好，公司声明在干线无人物流方面，目前进展顺利。其中，子公司千曙科技成功入选重庆市交通运输委员会揭榜项目“山地城市货运智能驾驶运输体系研究及示范应用”的合作单位。目前干线物流行业技术竞争激烈，图森、智加、嬴彻、华为、百度等扎堆，公司在此方面起步晚，请问相比上述公司公司有何竞争优势？,irm1648493,公众号,2026-04-29 07:13:46,2026-05-08 20:45:33,1130218298986061824,2256421414140850176,2.2626601805558047e+18,感谢您的关注。公司不走单纯单车智能路线，依托自身车路云一体化技术底座、多年智慧交通路网资源、交通大模型与场景算法积累，叠加在货运物流领域成熟的产业生态和落地渠道，形成和华为、百度、图森等企业差异化的竞争优势。,胡锦芸
千方科技,2373,2373,千方科技,信息传输、软件和信息技术服务业,12002,"千方科技董秘您好！
自投资贵公司股票以来，接连遭遇大股东减持、监管警示函、股东高比例质押、一季度业绩大幅下滑等多重负面事项，个人投资亏损严重。恳请公司正面回应，目前是否有明确的市值管理与维稳计划，切实维护中小投资者合法权益。",irm3219694,公众号,2026-04-28 15:11:51,2026-05-08 20:45:33,2224568157822382080,2255925646065872896,2.2626586429575127e+18,感谢您的关注。公司高度重视中小投资者权益与市值稳定，股东减持、股权质押均为股东自身资金安排，合规履行披露义务，不影响公司正常经营。公司将持续优化经营基本面，强化价值传递，以扎实经营夯实内在价值，依规维护投资者合法权益，相关重大事项请以公司公告为准。,胡锦芸
千方科技,2373,2373,千方科技,信息传输、软件和信息技术服务业,12002,"近期，交通运输部审议通过《高速公路“手机+”无卡便捷通行实施方案（2026—2028年）》，拟推广“手机+”无卡便捷通行模式。
请问公司在这方面有何布局或技术储备？能否受益于本次类ETC升级的全国技术推广？",irm1403267,网站,2026-04-29 22:52:20,2026-05-08 11:30:04,92584189785800704,2256905156307398656,2.2626609364700488e+18,感谢您的关注。公司推出“手机+”无感通行解决方案，采用车牌识别+多源轨迹融合的技术路线，对现有高速公路收费体系进行升级。相关业务可直接对接政策推广需求，具备充分受益条件，具体进展请以公司公告为准。,胡锦芸
千方科技,2373,2373,千方科技,信息传输、软件和信息技术服务业,12002,请问在无人机应用领域：控股子公司甘肃紫光，其主要业务无人机智能机库、自动起降站，低空调度平台等这些领域是公司的发力点吗？再加上本部的千方航空，华宇空港等子孙公司，公司是否具备全栈式无人机制造，应用能力,irm2732767,网站,2026-04-29 08:20:27,2026-05-08 11:30:04,2080241768915677184,2256455791095070720,2.262660403894104e+18,感谢您的关注。相关低空及无人机业务布局与发展情况，请以公司公告为准。,胡锦芸
千方科技,2373,2373,千方科技,信息传输、软件和信息技术服务业,12002,公司无人机业务现在是什么情况：1.纳入报表的华宇空港，目前中大型、重载无人机有推向市场商用的型号吗？有具体落地的项目吗？,irm2732767,网站,2026-04-29 08:11:15,2026-05-08 11:30:04,2080241768915677184,2256451040861241344,2.2626602836350198e+18,感谢您的关注。相关业务具体研发及商业化进展请以公司公告为准。,胡锦芸
千方科技,2373,2373,千方科技,信息传输、软件和信息技术服务业,12002,你司作为车路协同发起者，车路云一体化标准制定者之一，你家的业务怎么一点没有体现出来？管理层直面问题，别整天一回答就以公告为准！,irm1489050,网站,2026-04-28 17:35:17,2026-05-08 11:30:04,807826491720888320,2255999571042971648,2.2626597424691405e+18,感谢您的关注。公司相关技术储备、产品布局及示范项目均已有落地。公司持续深耕主业、稳步推进业务落地，同时也会加强业务进展的市场沟通，回应投资者关切。,胡锦芸
千方科技,2373,2373,千方科技,信息传输、软件和信息技术服务业,12002,董秘你好!公司每年十几个亿的研发费花哪去了?,irm1894141,公众号,2026-04-28 10:43:46,2026-05-08 08:45:03,1603551096952795136,2255787476967960576,2.2565969150944993e+18,感谢您的关注。公司研发投入主要用于智慧交通、智能物联、人工智能及自动驾驶等核心领域的产品研发、算法升级与技术落地，涵盖研发人力、技术测试、平台搭建等必要投入，持续夯实长期核心竞争力。相关研发转化存在周期性，具体情况请以公告为准。,胡锦芸
千方科技,2373,2373,千方科技,信息传输、软件和信息技术服务业,12002,董秘你好，公司仅每年十几亿的研发费用，上市至今融资一百多亿，研发费用累计近百亿，到底研发了什么实际成果，为何扣非业绩仍然亏损，二级市场的股票价格跌的惨不忍睹，请问何时能见到真正的效益？公司有大量的现金为何不回购公司股票稳定市场？,irm1648493,公众号,2026-04-28 10:35:46,2026-05-08 08:45:03,1130218298986061824,2255783362416582656,2.2565971126902866e+18,感谢您的关注。公司研发投入主要用于智慧交通、智能物联、人工智能及自动驾驶等核心领域的产品研发、算法升级与技术落地，持续构筑技术壁垒与行业竞争力。相关研发转化存在周期性，对阶段性经营业绩形成影响。公司账面现金需优先保障主业运营、技术迭代及战略投入需求，目前暂无股份回购计划。管理层将持续深耕主业、优化经营质量，努力提升内生价值。,胡锦芸
千方科技,2373,2373,千方科技,信息传输、软件和信息技术服务业,12002,请问截至2026年4月30日公司的股东总数是多少？谢谢,irm1901083,网站,2026-05-06 10:47:31,2026-05-07 15:39:03,1622976100098322432,2261726772520525824,2.262580843919913e+18,"截止至2026年4月30日，公司股东总户数92,350户。",胡锦芸
千方科技,2373,2373,千方科技,信息传输、软件和信息技术服务业,12002,董秘你好，近期，A股多家上市公司重要股东发布股份增持相关公告，增持行为覆盖电子、工程机械、医药、建材等多个领域，重要股东以真金白银的实际行动彰显了对上市公司发展前景的坚定信心。在前方科技近几年股价持续下滑的情况下，请问公司管理层有没有回购公司股份并注销的计划，请付诸实际行动，不要总是口头注重对投资者的价值回报。,irm1648493,公众号,2026-04-04 08:49:35,2026-04-29 20:45:03,1130218298986061824,2237916538893660160,2.251494648565674e+18,感谢您的关注。截至目前，公司暂无回购股份并注销的相关计划。相关重大事项请以公告为准。,胡锦芸
千方科技,2373,2373,千方科技,信息传输、软件和信息技术服务业,12002,贵公司2025年净利润虽扭亏，但扣非净利润仅0.89亿元，且依赖公允价值变动等非经常性损益，请问核心业务盈利能力是否稳固？合同负债期末较期初下降41%，是否意味在手订单缩减？员工持股计划连续两期考核未达标，是否下调未来增长预期？谢谢。,irm3245639,网站,2026-04-20 09:30:02,2026-04-22 15:59:33,2232057249438253056,2249812120924561408,2.2514955161490678e+18,感谢您的关注。公司核心业务经营稳健，当前正持续优化业务结构，不断提升主业盈利质量。合同负债下降主要系项目交付结算节奏所致，不代表在手订单缩减。员工持股计划考核未达标受外部行业环境等多种因素影响，公司对长期经营向好的信心不变，仍将扎实推进主营业务包括新兴业务的发展。相关情况请以公司公告为准。,胡锦芸
千方科技,2373,2373,千方科技,信息传输、软件和信息技术服务业,12002,董秘你好，公司2010年上市至今共进行了5轮融资，累计融资额高达111亿元，而仅仅分红6.3亿元。公司上市16年除权后的涨幅才40%+，请问公司上市这么多年给二级市场的股东带来了什么利益？公司每年十几亿的研发费用有什么产出？后续公司有没有市值管理的计划？,irm1648493,公众号,2026-04-10 11:16:24,2026-04-22 15:58:33,1130218298986061824,2242445238309908480,2.2514948719039734e+18,感谢您的关注。公司上市以来重视投资者回报，并按规定实施现金分红，后续将继续推进业务发展，争取良好的业绩。研发投入主要用于核心技术与产品创新，相关成果持续转化落地。相关重大事项请以公司公告为准。,胡锦芸
千方科技,2373,2373,千方科技,信息传输、软件和信息技术服务业,12002,请问截止4月10日股东人数是多少？,irm1911567,网站,2026-04-15 14:16:42,2026-04-22 15:00:05,1656305716450828288,2246249007589056512,2.2513611953418527e+18,"截止至2026年4月10日，公司股东总户数89,714户。",胡锦芸
千方科技,2373,2373,千方科技,信息传输、软件和信息技术服务业,12002,董秘你好，杭州灏月于2026年3月16日至2026年6月15日减持公司股份2365万股，请问目前减持进度如何了？ 最近公司股价持续下跌，请问公司有没有回购股份的计划来稳定市值？,irm1648493,公众号,2026-03-27 13:18:03,2026-04-10 11:45:03,1130218298986061824,2232117551336312832,2.2359153592245535e+18,感谢您的关注。杭州灏月的减持计划已经披露，其减持进展将严格按照监管要求履行信息披露义务，相关情况请以公司在巨潮资讯网发布的公告为准。截至目前，公司暂无回购股份的相关计划。,胡锦芸
千方科技,2373,2373,千方科技,信息传输、软件和信息技术服务业,12002,"董秘你好，公司公众号陈述自研充电桩产品从7kW慢充、120kW快充覆盖到兆瓦级液冷超充，适配城市、高速公路服务区、乡镇等不同场景需求。尤其是专注于研发智能AI充电桩，实现异常车牌识别、异常环境检测等功能，从而优化充电泊位周转效率及安全系数。目前，公司产品在全国落地1000+案例，覆盖重卡、公交、县域补短板、景区、园区、高原等不同场景。
请问目前充电桩业务占公司营业额比重多少？有没有继续扩张的计划？",irm1648493,公众号,2026-03-26 08:53:28,2026-04-10 11:45:03,1130218298986061824,2231239007185981440,2.235914929727824e+18,感谢您的关注。公司充电桩业务目前营收占比相对较小。公司将持续推进该业务的市场拓展与场景落地，相关经营情况请以公司公告为准。,胡锦芸
千方科技,2373,2373,千方科技,信息传输、软件和信息技术服务业,12002,据网上查询得到的信息，公司的项目涉及到6月1日公安部“疲劳驾驶”系统，请问对于该系统公司主要涉及硬件支持还是软件支持？,cninfo720931,网站,2026-03-27 08:03:33,2026-04-02 11:30:03,912504516974346240,2231955450886467584,2.2359151615362417e+18,感谢您的关注。相关业务进展请以公司公告为准，敬请注意投资风险。,胡锦芸
千方科技,2373,2373,千方科技,信息传输、软件和信息技术服务业,12002,董秘你好，在同花顺上面和公司相关的概念题材多达50个，但是除了宇视科技以外的其它业务全是亏损的，请问公司有没有考虑剥离智慧交通等其它非盈利业务，只保留宇视科技，聚焦盈利主业的发展，公司进行更名为宇视科技,irm1648493,公众号,2026-03-26 10:05:17,2026-04-02 11:30:03,1130218298986061824,2231276021214138368,2.2359150671667773e+18,感谢您的关注。公司经营正常，暂无剥离智慧交通业务及更名安排。,胡锦芸
千方科技,2373,2373,千方科技,信息传输、软件和信息技术服务业,12002,董秘你好，公司的公众号视频号为何经常几个月不进行一次内容更新？现在是多媒体时代，建议公司开通抖音账号，多进行产品和技术宣传提高公司的知名度和估值，多与二级市场的股东进行互动，提升他们对公司的信心。,irm1648493,公众号,2026-03-25 08:48:57,2026-04-02 11:30:03,1130218298986061824,2230494517554892800,2.235914654849917e+18,感谢您的关注与建议。公司将持续优化品牌宣传与投资者沟通工作，积极拓宽信息披露与交流渠道，不断提升信息透明度。相关进展请以公司公告为准。,胡锦芸
千方科技,2373,2373,千方科技,信息传输、软件和信息技术服务业,12002,董秘你好，千方科技收购宇视科技初衷是打造双主业协同优势，但业绩自2021年起持续承压，营收利润均出现大幅下降，请问宇视科技和千方科技的主业能否形成互补，有没有1+1大于2的效果。请问公司目前经营状况是否正常？,irm1648493,公众号,2026-03-24 12:56:06,2026-04-02 11:30:03,1130218298986061824,2229879727346208768,2.235914414118826e+18,感谢您的关注。公司目前经营正常。千方与宇视在技术、市场、解决方案等方面具有协同作用。相关业绩及经营情况请以公司公告为准。,胡锦芸
千方科技,2373,2373,千方科技,信息传输、软件和信息技术服务业,12002,董秘你好，公司近两年营业额持续下滑，2025公司净利润靠非经营性收入勉强转正，公司股价最近持续大跌，近几年更是严重跑输行业指数和大盘，二股东杭州灏月宁愿低价也要减持公司股份，请问公司目前经营是否正常？主业收入和利润是否如之前年报承诺的已经好转？,irm1648493,公众号,2026-03-24 08:42:27,2026-04-02 11:30:03,1130218298986061824,2229748988541718528,2.2359137357269156e+18,感谢您的关注。公司目前经营正常，根据业绩预告，公司2025年已经扭亏为盈，相关经营、财务数据请以公司披露的定期报告为准。,胡锦芸
千方科技,2373,2373,千方科技,信息传输、软件和信息技术服务业,12002,"董秘你好，公司规划将干线物流自动驾驶定位为第二增长曲线核心，通过控股子公司千曙科技，以9.56亿元募投资金+“车路云一体化”技术底座，分三阶段推进商业化：2026年下半年实现有人监督的编队运输常态化运营，2027-2028年逐步过渡到完全无人化，2029年形成全国性无人运输网络。
请问目前该业务的进展如何，是否符合预期规划，后期商业化落地的概率多大？商业化落地的时间能否提前？",irm1648493,公众号,2026-03-24 08:25:12,2026-04-02 11:30:03,1130218298986061824,2229740106549350400,2.2359126189156024e+18,感谢您的关注。公司干线物流自动驾驶业务正按计划正常推进，相关进展请以公司在巨潮资讯网披露的公告为准。,胡锦芸
千方科技,2373,2373,千方科技,信息传输、软件和信息技术服务业,12002,吉林省公路交通基础设施数字化转型升级工程施工招标SZ01标段中标候选人公示，公司参股公司吉林省科维交通工程有限公司作为联合体牵头人中标该项目是否属实？中标价14.33亿的对公司今年业绩有何影响？谢谢,irm1403267,网站,2026-03-11 23:51:01,2026-03-31 17:02:32,92584189785800704,2220569054529695744,2.2351219153776927e+18,感谢您的关注。相关信息以公告为准，敬请注意投资风险。,胡锦芸
千方科技,2373,2373,千方科技,信息传输、软件和信息技术服务业,12002,请问，截至2026年3月 20日公司的股东总数是多少？谢谢,irm2631924,网站,2026-03-25 13:06:10,2026-03-30 08:44:03,2048119304938897408,2230627077631356928,2.23214582960683e+18,"截止至2026年3月20日，公司股东总户数90,934户。",胡锦芸
千方科技,2373,2373,千方科技,信息传输、软件和信息技术服务业,12002,董秘您好！贵公司子公司千方捷通中标吉林省公路交通基础设施数字化转型升级工程 SZ01标段（联合体）信息是否属实？如果属实为什么不及时披露？,irm3219694,公众号,2026-03-17 09:17:40,2026-03-30 08:38:32,2224568157822382080,2224571955325595648,2.232135032059048e+18,感谢您的关注。公司严格按照相关法律法规及监管要求履行信息披露义务，对于达到披露标准的重大项目或合同，将及时通过指定信息披露媒体巨潮资讯网（www.cninfo.com.cn）发布公告。,胡锦芸
千方科技,2373,2373,千方科技,信息传输、软件和信息技术服务业,12002,你公司交通数据资产能否转化为token？,irm1489050,网站,2026-03-17 16:04:20,2026-03-25 11:45:03,807826491720888320,2224781541273743360,2.229136337226748e+18,感谢您的关注。公司交通数据资产的价值转化，均在现有法律法规及监管政策框架内进行，不涉及任何代币（Token）发行、转化。公司将持续在合规前提下挖掘数据要素价值，相关业务进展请以公司在指定信息披露媒体发布的公告为准。,胡锦芸
千方科技,2373,2373,千方科技,信息传输、软件和信息技术服务业,12002,董秘您好！看到公司旗下宇视科技成为了2026年江苏省城市足球联赛（苏超）的官方供应商。请问公司在‘AI+体育’领域的布局除了赛事直播和AI解说外，还有哪些新的产品形态？这个业务板块未来的目标市场规模和商业化路径是怎样的？,cninfo1360449,网站,2026-03-15 07:28:30,2026-03-16 09:35:06,2145157468110344192,2223031341966585856,,,
高新兴,300098,300098,高新兴,信息传输、软件和信息技术服务业,12015,最近高新兴机器人中标广州铁路公安局警用巡逻机器人项目，请问消息属实？,irm1402262,公众号,2026-06-11 20:57:36,2026-06-15 09:16:23,92575539721666560,2288759349450227712,,,
高新兴,300098,300098,高新兴,信息传输、软件和信息技术服务业,12015,2015年创联科技计划北交所上市，目前进展顺利吗？预计今年年底可以顺利完成IPO吗？星联天通国内手机直连卫星潜力巨大，目前有计划上市吗？,irm1402262,公众号,2026-06-09 17:27:01,2026-06-12 15:00:05,92575539721666560,2287166474949033984,2.288616576352592e+18,公司及子公司高新兴创联会在事项触发信披节点时进行公告。星联天通为公司参股公司，目前没有上市计划，该公司新闻请查阅其官方网站或官方公众号，感谢您对公司的关注，请您注意投资风险，谨慎投资。,高新兴
高新兴,300098,300098,高新兴,信息传输、软件和信息技术服务业,12015,公司参股的星联天通持股比例多少？星联天通目前在国内卫星终端市占率第一？,irm1402262,公众号,2026-06-09 17:20:14,2026-06-12 15:00:05,92575539721666560,2287162970255720448,2.2886164045471007e+18,根据工商信息，本公司持有星联天通36.67%的股份。该公司自主经营，不纳入公司合并报表。其新闻请查阅其官方网站或官方公众号，感谢您对公司的关注，请您注意投资风险，谨慎投资。,高新兴
高新兴,300098,300098,高新兴,信息传输、软件和信息技术服务业,12015,公司和广州图灵新智算有算力业务合作吗,irm1402262,公众号,2026-06-09 12:53:42,2026-06-12 15:00:05,92575539721666560,2287025600021725184,2.2886162585182126e+18,公司目前资源集中投入车载终端与公共安全产品及解决方案，以上两大业务板块占公司2025年营业收入超8成。感谢您对公司的关注，请注意投资风险，谨慎投资。,高新兴
高新兴,300098,300098,高新兴,信息传输、软件和信息技术服务业,12015,公司计划定增股票快1年了，目前是取消计划还是等待市场回暖呢,irm1402262,公众号,2026-06-09 12:51:42,2026-06-12 15:00:05,92575539721666560,2287024569229574144,2.2886161294707753e+18,公司会在融资事项触发信披节点时及时通过巨潮资讯网进行公告。请您注意投资风险，谨慎投资。,高新兴
高新兴,300098,300098,高新兴,信息传输、软件和信息技术服务业,12015,公司定增已经经股东大会通过，为何迟迟不提交深交所审核呢？请给出不提交的原因，给予中小股东知情权！,irm1405497,公众号,2026-06-04 11:23:03,2026-06-09 11:30:04,92603422649352192,2283268027603861504,2.2864465611009393e+18,公司会在融资事项触发信披节点时及时通过巨潮资讯网进行公告。请您注意投资风险，谨慎投资。,高新兴
高新兴,300098,300098,高新兴,信息传输、软件和信息技术服务业,12015,公司股价近期走势明显有异于创业板指数及板块指数，存在刻意打压迹象，为维护广大股东利益，建议公司尽快提交定增预案或者取消定增！,irm1405497,公众号,2026-06-04 10:56:21,2026-06-09 11:30:04,92603422649352192,2283254275118579712,2.286446483791528e+18,感谢您对公司的建议，近期二级市场股价波动受多方因素影响，公司会持续做好经营，积极改善业绩情况，请您注意投资风险，谨慎投资。,高新兴
高新兴,300098,300098,高新兴,信息传输、软件和信息技术服务业,12015,贵司工业园区生产线上组装的AI服务器是哪个公司的产品？,irm1405497,公众号,2026-06-02 10:46:24,2026-06-04 16:26:32,92603422649352192,2281764797640196096,2.2833986377645507e+18,公司汽车电子智能制造基地坐落于广州知识城，总建筑面积达15万平方米，厂区配置多条全自动SMT高速贴片生产线、全自动测试线，配套建设30万级洁净无尘生产车间，已取得IATF16949汽车行业质量管理体系、ISO9001质量管理体系、ISO14001环境管理体系等多项权威体系认证，生产制造资质完备。该制造基地业务采用市场化运营模式，在优先保障集团内部产业配套生产需求的基础上，向全社会外部优质客户承接汽车电子相关代工、定制化生产等业务，持续盘活产能、拓展市场化营收来源。感谢您对公司的关注，请您注意投资风险，谨慎投资。,高新兴
高新兴,300098,300098,高新兴,信息传输、软件和信息技术服务业,12015,董秘你好:全国首个绿色算力全栈AI平台在呼和浩特正式上线，高新兴是否深度参与？谢谢！,irm1406305,公众号,2026-05-31 20:02:22,2026-06-03 08:42:03,342640791461457920,2280567000000692224,2.2819315111106314e+18,公司未参与。感谢您对公司的持续关注，请注意投资风险，谨慎投资。,高新兴
高新兴,300098,300098,高新兴,信息传输、软件和信息技术服务业,12015,请问公司定增进度严重滞后是什么原因？谢谢！,irm1406305,公众号,2026-05-31 09:32:46,2026-06-03 08:41:33,342640791461457920,2280242506631544832,2.2819312965144904e+18,公司已多次回复您类似问题。公司会在融资事项触发信披节点时及时通过巨潮资讯网进行公告。请您注意投资风险，谨慎投资。,高新兴
高新兴,300098,300098,高新兴,信息传输、软件和信息技术服务业,12015,您好董秘，高新兴公司在物理Ai智能体有深层次的研发与创造吗？,irm1881953,APP,2026-05-30 19:14:25,2026-06-03 08:41:33,1572613124524253184,2279800108002578432,2.2819311589233132e+18,公司目前资源集中投入车载终端与公共安全产品及解决方案，以上两大业务板块占公司2025年营业收入超8成。感谢您对公司的关注，请注意投资风险，谨慎投资。,高新兴
高新兴,300098,300098,高新兴,信息传输、软件和信息技术服务业,12015,弱弱的问一句公司还进行定增吗？定增时间太长股价长时间低位，不利于公司形象,irm1406305,公众号,2026-05-29 16:07:45,2026-06-03 08:41:03,342640791461457920,2278961738972487680,2.2819310130729697e+18,公司会在融资事项触发信披节点时及时通过巨潮资讯网进行公告。近期二级市场股价波动受多方因素影响，公司会持续做好经营，积极改善业绩情况，请您注意投资风险，谨慎投资。,高新兴
高新兴,300098,300098,高新兴,信息传输、软件和信息技术服务业,12015,董秘你好，公司参股公司星联天通有没有并购成为子公司打算，增加公司营业步入商业航天第二个利润增长点？,irm1674680,公众号,2026-05-29 08:46:38,2026-06-03 08:41:03,1176289365198811136,2278734388995096576,2.2819308498642125e+18,公司目前资源集中投入车载终端与公共安全产品及解决方案，以上两大业务板块占公司2025年营业收入超8成，目前没有参股公司并表计划，各参股公司财务状况将在公司定期报告中体现。感谢您对公司的关注，请注意投资风险，谨慎投资。,高新兴
高新兴,300098,300098,高新兴,信息传输、软件和信息技术服务业,12015,请问公司旗下控股子公司创联科技IPO进展如何？今年上半年能否向证监所提交验收？,irm3390381,公众号,2026-05-22 17:59:19,2026-05-27 16:51:33,2273822026641625088,2273824047374860288,2.2768469056309862e+18,尊敬的投资者您好，公司及子公司会在该事项触发信披节点时进行公告。感谢您对公司的关注，请您注意投资风险，谨慎投资。,高新兴
高新兴,300098,300098,高新兴,信息传输、软件和信息技术服务业,12015,公司是广州图灵新智算的参股大股东，广州图灵主营智算业务，公司应该也属于算力概念吧,irm1402262,公众号,2026-05-19 19:37:09,2026-05-27 16:51:33,92575539721666560,2271647959244668928,2.276846802408112e+18,公司持有图灵新智算（广州）科技集团有限公司23.35%股份，非该公司控股股东，参股公司财务状况将在公司定期报告中体现。公司目前资源集中投入车载终端与公共安全产品及解决方案，以上两大业务板块占公司2025年营业收入超8成。感谢您对公司的关注，请您注意投资风险，谨慎投资。,高新兴
高新兴,300098,300098,高新兴,信息传输、软件和信息技术服务业,12015,1.公司哪些产品可以应用于数据中心，智算中心，目前订单情况如何？2.公司哪些产品属于物理ai可以应用的？3.公司通过和壹高泰持有鸿世佰熠半导体和鑫跃半导体这两家公司主要生产什么半导体是否用于ai光电方面？4.持有的中星高科在航天领域有什么优势？星联天通和机器人公司作为第一大股东，公司明明还持有很多优质资产为何不并表？为何故意损害上市公司股东利益？,irm1842547,公众号,2026-05-20 00:21:25,2026-05-21 20:45:33,1469360100797878272,2271794469169070080,2.272992241058644e+18,"对您的问题回复如下：
1和2：公司目前资源集中投入车载终端与公共安全产品及解决方案，以上两大业务板块占公司2025年营业收入超8成。此外，公司深耕近30年的动力环境监控业务，目前应用在运营商机房、铁塔公司等场景，正在逐步应用至数据中心行业。目前新业务占营收比重极小，请注意投资风险。
3和4：和壹高泰为公司参股的产业投资基金，公司投资产业基金主要是希望借助专业投资机构的专业资源及其投资管理优势，拓展投资渠道，加速公司产业延展升级和资产保值增值，和壹高泰基金具体投资项目的情况您可通过项目公司的官方宣传渠道进行了解。此外，公司目前没有参股公司并表计划，各参股公司财务状况将在公司定期报告中体现。感谢您对公司的关注，请注意投资风险，谨慎投资。",高新兴
高新兴,300098,300098,高新兴,信息传输、软件和信息技术服务业,12015,公司产品有没接入deepseek 大模型？,irm1402262,公众号,2026-04-24 19:32:31,2026-05-21 20:45:33,92575539721666560,2253091312617365504,2.2686296022579282e+18,尊敬的投资者您好，在大模型研发领域，公司已推出自研AI智能体平台的警务大模型产品，应用deepseek、Qwen等国内多款基座大模型。未来，公司将持续对已发布的基座大模型长期持续跟进，会根据具体产品的要求做选型、适配和调优，保障技术能力与市场需求同步演进，不断提升核心竞争力。感谢您对公司的关注，请您注意投资风险，谨慎投资。,高新兴
高新兴,300098,300098,高新兴,信息传输、软件和信息技术服务业,12015,高新兴机器人公司计划IPO，还是后面把资产注入上市公司呢,irm1402262,公众号,2026-05-19 19:38:59,2026-05-21 15:49:33,92575539721666560,2271648912727408640,2.2729916141719634e+18,参股公司近期无您提及的动作。本公司参股公司的消息请以参股公司官方渠道为准。感谢您对公司的关注，请您注意投资风险，谨慎投资。,高新兴
高新兴,300098,300098,高新兴,信息传输、软件和信息技术服务业,12015,公司去年发布公告股票定增，请问今年年前会实施吗？,irm1402262,公众号,2026-05-19 19:34:30,2026-05-21 15:49:03,92575539721666560,2271646593445068800,2.272991270396035e+18,公司已多次回复您类似问题，公司会在融资事项触发信披节点时及时通过巨潮资讯网进行公告。感谢您对公司的关注。请您注意投资风险，谨慎投资。,高新兴
高新兴,300098,300098,高新兴,信息传输、软件和信息技术服务业,12015,公司的车载后装产品营业收入多少？今年有望实现大规模量产吗,irm1402262,公众号,2026-05-14 17:03:00,2026-05-19 08:36:03,92575539721666560,2267857659195883520,2.2708058965465498e+18,根据公司2025年年报，公司汽车车载终端合计实现8.58亿营收，占公司营业收入比重为43.12%。公司汽车车载终端产品包括汽车前装T-Box、后装OBD、Tracker产品等，主要客户为吉利、长安、奇瑞、广汽、哈曼（丰田）、德国大陆、Mobis、先锋、OCTO Telematics等车联网行业合作伙伴。感谢您对公司的关注，请您注意投资风险，谨慎投资。,高新兴
高新兴,300098,300098,高新兴,信息传输、软件和信息技术服务业,12015,请问公司和美亚智联在业务方面有合作吗？,irm1402262,公众号,2026-05-14 17:00:40,2026-05-19 08:35:33,92575539721666560,2267856456605040641,2.270805638848512e+18,没有合作。公司主营车载终端及公共安全业务。感谢您对公司的关注，请您注意投资风险，谨慎投资。,高新兴
高新兴,300098,300098,高新兴,信息传输、软件和信息技术服务业,12015,公司及子公司在内蒙古有没有项目,irm1405497,公众号,2026-05-14 09:44:47,2026-05-18 11:30:04,92603422649352192,2267631804224200704,2.2686302121432842e+18,"尊敬的投资者您好，该省份有项目落地，主要情况如下：
1.轨交终端：公司轨道交通业务已覆盖全国31个省级行政区域，含内蒙古在内均有业务布局，服务国铁集团、各铁路局、中国中铁、中国铁建、中国中车等核心客户。
2.公司公共安全业务也在海内外均有项目及销售。如您关注具体项目，请以官方招投标公示为准。
感谢您对公司的关注，请您注意投资风险，谨慎投资。",高新兴
高新兴,300098,300098,高新兴,信息传输、软件和信息技术服务业,12015,"刘总您好。近日，上海发布《交通行业安全生产风险管理办法》，第七条规定：对管理部门应当利用互联网，运用大数据、物联网、人工智能等现代信息技术……开展以下数字化安全风险防控：（一）加强感知设备建设规划和运用； 
（三）利用电子标签进行识别和追溯。

根据国务院今年交通领域的立法计划以及上海的地方法规相关规定，对贵公司RSU、电子车牌等产品的业绩有何具体影响？谢谢。

",irm1879842,APP,2026-05-13 23:31:45,2026-05-18 11:30:04,1570938843395702784,2267315857839972352,2.2686300145747886e+18,关于立法计划请以中国政府网官方消息为准。公司会积极关注国家政策制定、发布情况，综合考虑政策要求和企业实际经营情况，合理制定销售政策，并积极拓展新的业务增长点。感谢您对公司的关注，请您注意投资风险，谨慎投资。,高新兴
高新兴,300098,300098,高新兴,信息传输、软件和信息技术服务业,12015,公司今年下半年有并购或重组计划吗,irm1402262,公众号,2026-04-30 21:12:46,2026-05-11 11:45:03,92575539721666560,2257596003166429184,2.2626417393357046e+18,之前已回复过您的相同问题，目前公司没有并购或重组计划，请以公司公告为准。感谢您对公司的关注。请您注意投资风险，谨慎投资。,高新兴
高新兴,300098,300098,高新兴,信息传输、软件和信息技术服务业,12015,您好董秘，高新兴公司的产品和华为海思存在合作关系吗？,irm1881953,网站,2026-04-26 21:31:06,2026-05-11 11:45:03,1572613124524253184,2254636770672193536,2.2559223832329052e+18,公司车载前装车规模组有产品与海思合作，但尚未形成量产销售收入。感谢您对公司的关注，请注意投资风险，谨慎投资。,高新兴
高新兴,300098,300098,高新兴,信息传输、软件和信息技术服务业,12015,贵公司液冷技术处于行业什么水平？,irm1406305,公众号,2026-05-03 07:35:56,2026-05-08 08:58:03,342640791461457920,2259401521491030016,2.2626421258827612e+18,公司目前在该领域未有布局。公司目前聚焦于车载终端及公共安全业务，以上业务在2025的营业收入中占比超过80%。感谢您对公司的关注。请您注意投资风险，谨慎投资。,高新兴
高新兴,300098,300098,高新兴,信息传输、软件和信息技术服务业,12015,最近公司是否参与雄安新区的车路云建设呢,irm1402262,公众号,2026-04-30 21:12:00,2026-05-08 08:56:33,92575539721666560,2257595608029437952,2.2626414816103752e+18,公司未参与相关事项。感谢您对公司的关注。请您注意投资风险，谨慎投资。,高新兴
高新兴,300098,300098,高新兴,信息传输、软件和信息技术服务业,12015,公司股票定增都一年了，为啥还没有结果呢？2026年6月底前能出个公告出来吗,irm1402262,公众号,2026-04-30 21:10:18,2026-05-08 08:56:33,92575539721666560,2257594731856109568,2.26264137853116e+18,公司会在融资事项触发信披节点时及时通过巨潮资讯网进行公告。感谢您对公司的关注。请您注意投资风险，谨慎投资。,高新兴
高新兴,300098,300098,高新兴,信息传输、软件和信息技术服务业,12015,在证监会网站上公开的信息中怎么查不到公司定增进展情况呢？,irm1402262,公众号,2026-04-24 19:36:05,2026-04-29 08:41:08,92575539721666560,2253093150863368192,2.2559221684845404e+18,公司会在融资事项触发信披节点时及时通过巨潮资讯网进行公告。感谢您对公司的关注。请您注意投资风险，谨慎投资。,高新兴
高新兴,300098,300098,高新兴,信息传输、软件和信息技术服务业,12015,公司的控股公司广州图灵新智算今年准备ipo吗,irm1402262,公众号,2026-04-24 19:33:32,2026-04-29 08:40:36,92575539721666560,2253091836603375616,2.255921859246895e+18,图灵新智算（广州））科技集团有限公司为本公司持股23.35%的参股公司，该公司自主经营，不纳入公司合并报表。其新闻请查阅其官方网站或官方公众号，感谢您对公司的关注，请您注意投资风险，谨慎投资。,高新兴
高新兴,300098,300098,高新兴,信息传输、软件和信息技术服务业,12015,公司今年在员工组织上有没优化呢,irm1402262,公众号,2026-04-24 19:34:38,2026-04-29 08:40:04,92575539721666560,2253092403539058688,2.2559220224556524e+18,公司员工规模与上一年度相比总体稳定，未有大幅变动。在保持团队稳定的同时，公司着力推动人员结构优化，重点向行业专家、技术专家等高专业度岗位倾斜，持续提升核心人才密度。同时，公司通过强化流程体系和管理标准化建设，提升组织运行效率和员工生产效率，系统性地提升整体组织能力。感谢您对公司的关注。请您注意投资风险，谨慎投资。,高新兴
高新兴,300098,300098,高新兴,信息传输、软件和信息技术服务业,12015,公司上市以来累计分红仅1.81亿元，而募集资金高达38.89亿元，分红募资比低至4.65%，截至2025年末公司应收账款高达15.15亿元，占总资产比例30.09%；应收票据及应收账款合计16.14亿元，占当年营业收入比例高达81.15%，意味着公司大部分收入仅为“纸面富贵”。公司如何看待此事？,irm1406305,公众号,2026-04-21 04:07:46,2026-04-23 16:51:03,342640791461457920,2250388189022990336,2.2522481847400653e+18,"尊敬的投资者您好，自2015年以来公司通过重组配套募集资金的方式累计募集15.3亿元现金，募集资金投入公司主营业务及主业相关产品研发中。
公司应收账款为多年历史累计的集成项目产生的，不宜直接与当期营业收入做简单对比。近年来，公司主动推进向汽车电子核心零部件供应商的全面战略转型，积极推动历史欠款回收，公司应收账款回款情况已有明显改善。2025年度，公司经营性现金流流入金额为22.68亿元；经营活动产生的现金流量净额增至1.57亿，较上年增长165%。以上成果是公司产品型业务持续调整，回款能力持续增强的验证。
公司持续改善经营情况，2025年实现营收19.89亿元，增长40.39%，重回增长通道，其中海外业务增长超60%；归母与扣非净利润均实现大幅减亏86%、81%。感谢您对公司的关注，请您注意投资风险，谨慎投资。",高新兴
高新兴,300098,300098,高新兴,信息传输、软件和信息技术服务业,12015,公司去年的定增计划是不是取消了呢,irm1402262,公众号,2026-04-22 16:57:29,2026-04-23 16:50:03,92575539721666560,2251527076910936064,2.2522483221790188e+18,公司会在融资事项触发信披节点时及时通过巨潮资讯网进行公告。感谢您对公司的关注。请您注意投资风险，谨慎投资。,高新兴
高新兴,300098,300098,高新兴,信息传输、软件和信息技术服务业,12015,"自2022年以来，高新兴归母净利润连续4年亏损，累计亏损额约6.44亿元。自2019年以来，公司经营业绩持续大幅下滑。2019年至2025年，公司扣非净利润持续亏损，累计亏损约31.97亿元。与此同时，公司2025年度拟不进行任何形式利润分配，这已是自2019年以来连续第7年“零分红”。上市以来累计分红仅1.81亿元，而募集资金高达38.89亿元，分红募资比低至4.65%。

　",irm1405497,公众号,2026-04-20 16:19:06,2026-04-22 11:30:03,92603422649352192,2250022945004138496,2.250845663196848e+18,尊敬的投资者您好，因公司不满足实施现金分红的前提条件，过去几年未进行利润分配，向投资者致以诚挚的歉意。公司过去几年的亏损是因为主动推进向汽车电子核心零部件供应商的全面战略转型。当前，公司聚焦车载终端、公共安全两大业务板块，2025年实现营收19.89亿元，增长40.39%，重回增长通道，其中海外业务增长超60%；归母与扣非净利润均实现大幅减亏86%、81%，连续5年经营性现金流量净额持续向好。为抢占汽车车载通信赛道先机，公司持续加大前瞻性布局，近三年全公司研发投入始终保持高位，连续三年累计研发投入7.72亿元（占营业收入比重近15%），高额且持续的研发投入在一定期间内形成刚性费用、压制利润表现，为后续公司提升产品竞争力、业务扩展奠定基础。公司一直在努力改善经营情况，争取早日实现盈利并根据《公司法》《公司章程》的规定进行利润分配。感谢您对公司的关注。,高新兴
高新兴,300098,300098,高新兴,信息传输、软件和信息技术服务业,12015,公司在2026年有重组并购计划没呢,irm1402262,公众号,2026-04-15 21:03:52,2026-04-20 20:45:03,92575539721666560,2246458860800036864,2.247823122904576e+18,公司目前无重组并购计划。请以公司公告为准。感谢您对公司的关注，请您注意投资风险，谨慎投资。,高新兴
高新兴,300098,300098,高新兴,信息传输、软件和信息技术服务业,12015,公司2026年一季度业绩预告啥时候公布呢,irm1402262,公众号,2026-04-15 21:06:43,2026-04-20 11:30:03,92575539721666560,2246460338268786688,2.2478234321422213e+18,根据深交所的相关规定，对创业板上市公司的一季度业绩预告不作强制披露要求。公司2026年一季度业绩情况，请您关注公司后续披露的定期报告。感谢您对公司的关注，请您注意投资风险，谨慎投资。,高新兴
高新兴,300098,300098,高新兴,信息传输、软件和信息技术服务业,12015,据说公司正打算投资国内头部的自动驾驶公司，消息属实？,irm1402262,公众号,2026-04-15 21:05:32,2026-04-20 11:30:03,92575539721666560,2246459719793496064,2.2478232602383524e+18,公司目前无此计划。如有达到披露标准的对外投资，公司会通过公告形式向各位投资者说明。公司新闻请以公司公告或官方公众号为准，请勿轻信谣言。感谢您对公司的关注，请您注意投资风险，谨慎投资。,高新兴
高新兴,300098,300098,高新兴,信息传输、软件和信息技术服务业,12015,北京电动自行车治理，公司及子公司是否参与？号牌是否应用公司技术？,irm1405497,公众号,2026-04-10 10:22:02,2026-04-14 15:57:03,92603422649352192,2242417210729902080,2.245537968292524e+18,公司如有达到披露标准的合同或中标情况，将通过公告形式于巨潮资讯网披露。公司新闻请关注公司官方公众号，感谢您对公司的关注，请您注意投资风险，谨慎投资。,高新兴
高新兴,300098,300098,高新兴,信息传输、软件和信息技术服务业,12015,截止3.31股东人数是多少,irm2636237,APP,2026-04-09 21:35:50,2026-04-13 08:41:03,2049453845767045120,2242022314199719936,2.242596104673325e+18,公司将于近期披露的2025年年度报告及2026年第一季度报告的相关章节向广大投资者公告截至2025年年末及2026年第一季度末的股东人数。感谢您对公司的关注，请您注意投资风险，谨慎投资。,高新兴
高新兴,300098,300098,高新兴,信息传输、软件和信息技术服务业,12015,请问贵公司截止3.31号股东人数是多少？,irm2636237,APP,2026-04-09 15:32:45,2026-04-13 08:40:32,2049453845767045120,2241835182531751936,2.2425959414989578e+18,公司将于近期披露的2025年年度报告及2026年第一季度报告的相关章节向广大投资者公告截至2025年年末及2026年第一季度末的股东人数。感谢您对公司的关注，请您注意投资风险，谨慎投资。,高新兴
高新兴,300098,300098,高新兴,信息传输、软件和信息技术服务业,12015,公司在光通信领域有没有相关技术及布局？,irm1405497,公众号,2026-04-03 11:08:10,2026-04-07 15:00:04,92603422649352192,2237245803817545728,2.240242574357373e+18,公司目前在该领域未有布局，目前聚焦于车载终端及公共安全业务。公司会持续关注行业动态，洞察最新技术成果，注重上下游的合作。感谢您对公司的关注。请您注意投资风险，谨慎投资。,高新兴
高新兴,300098,300098,高新兴,信息传输、软件和信息技术服务业,12015,公司定增方案是否已向深交所报送？迟迟未报送的原因是什么？是因为近期公司股价未跌到定增对象的预期，还是怕深交所不予通过呢？,irm1405497,公众号,2026-04-02 12:33:40,2026-04-07 15:00:04,92603422649352192,2236547699833253888,2.240242445449638e+18,公司会在融资事项触发信披节点时及时通过巨潮资讯网进行公告。感谢您对公司的关注。请您注意投资风险，谨慎投资。,高新兴
高新兴,300098,300098,高新兴,信息传输、软件和信息技术服务业,12015,董秘你好、公司产品T- box/ B-box是否应用到机器人？目前有那些客户？,irm1387326,网站,2026-03-26 16:19:28,2026-04-02 11:45:03,92446132357038080,2231468883767775232,2.232171291569107e+18,公司T-Box产品未应用于机器人。公司汽车车载通信终端产品包括汽车前装T-Box、后装OBD、Tracker产品、电子车牌产品等。公司已为吉利、长安、奇瑞、广汽、哈曼（丰田）、德国大陆、Mobis、先锋、OCTO Telematics等车联网行业合作伙伴，提供安全可靠的车联网无线连接服务和车载前后装终端产品。感谢您对公司的关注，请您注意投资风险，谨慎投资。,高新兴
高新兴,300098,300098,高新兴,信息传输、软件和信息技术服务业,12015,公司是华为领先级解决方案开发伙伴（ISV/IHV），请问华为看上高新兴的原因，谢谢！,irm1406305,公众号,2026-03-22 08:18:21,2026-04-02 11:45:03,342640791461457920,2228252228140978176,2.2307759253601444e+18,"公司深耕智慧政法行业十余载，拥有近10年的视频智能化技术。公司视频智能化产品兼容全球40+主流厂商前段设备及1400余种协议，支持400+类数据接入，拥有百万级视频管理能力、千亿级数据组织与分级分类管理，在国内外多个省市级项目落地。
公司将该公司的底层算力与公司根技术深度融合互补，成功打造出一系列具备行业竞争力的创新方案，有效支撑了客户在复杂场景下的实战应用需求，且已在海外多个国家实现了成功落地交付，并获得当地用户的高度认可。未来，公司将继续深化与该公司的战略协同，致力于通过全面融合，共同服务客户的数智化升级。
公司与该公司的业务合作占公司整体业务营收比重较小，感谢您对公司的长期关注，请您注意投资风险，谨慎投资。",高新兴
高新兴,300098,300098,高新兴,信息传输、软件和信息技术服务业,12015,1.75亿，株洲经开区智能网联汽车“车路云一体化”新型基础设施建设项目发布招标计划，请问贵公司是否参与竞标？,irm1406305,公众号,2026-03-29 08:11:50,2026-03-31 16:52:02,342640791461457920,2233444062154416128,2.235046205036376e+18,公司如有达到披露标准的合同或中标情况，将通过公告形式于巨潮资讯网披露。公司新闻请关注公司官方公众号，感谢您对公司的关注，请您注意投资风险，谨慎投资。,高新兴
高新兴,300098,300098,高新兴,信息传输、软件和信息技术服务业,12015,董秘你好、公司在新能源方面有什么新的布局？,irm1387326,网站,2026-03-24 11:56:59,2026-03-26 15:48:33,92446132357038080,2229849251600453632,2.2307763290870702e+18,公司已为吉利、长安、奇瑞、广汽、哈曼（丰田）、德国大陆、Mobis、先锋、OCTO Telematics等车联网行业合作伙伴，提供安全可靠的车联网无线连接服务和车载终端产品，其中也为多款新能源车型提供车载终端产品。公司的T-Box产品可根据客户需求，加载数字钥匙、E-Call、高精度定位等功能。未来公司将持续深化与行业上下游的协同合作，积极拓展新的车企及Tier 1客户。感谢您对公司的关注，请您注意投资风险，谨慎投资。,高新兴
高新兴,300098,300098,高新兴,信息传输、软件和信息技术服务业,12015,公司产品是否进入小米供应链？有没有业务交流？,irm1405497,公众号,2026-03-24 10:03:00,2026-03-26 15:47:32,92603422649352192,2229790505037778944,2.23077612292864e+18,目前公司未与该公司有业务合作。公司会持续深化与行业上下游的协同合作，积极拓展新的车企及Tier 1客户。感谢您对公司的关注，请您注意投资风险，谨慎投资。,高新兴
高新兴,300098,300098,高新兴,信息传输、软件和信息技术服务业,12015,公司定增迟迟不能完成是什么原因？是公司人员不够？还是其它原因？,irm1406305,公众号,2026-03-24 09:41:48,2026-03-26 15:47:03,342640791461457920,2229779578900787200,2.2307760196435845e+18,公司会在融资事项触发信披节点时及时通过巨潮资讯网进行公告。感谢您对公司的关注。请您注意投资风险，谨慎投资。,高新兴
高新兴,300098,300098,高新兴,信息传输、软件和信息技术服务业,12015,公司多次计提和定增压阶导致股价长期异常低迷，请问公司如何看待此事？,irm1406305,公众号,2026-03-20 15:16:35,2026-03-26 15:45:33,342640791461457920,2226983451955458048,2.2307755044533494e+18,公司计提及定增均依照《企业会计准则》及相关法律法规进行。近期二级市场股价波动受多方因素影响，公司会持续做好经营，积极改善业绩情况，请您注意投资风险，谨慎投资。,高新兴
高新兴,300098,300098,高新兴,信息传输、软件和信息技术服务业,12015,最近全国爆火“养龙虾”。请问公司在AI领域有没有前瞻性布局？,irm1405497,公众号,2026-03-11 10:06:01,2026-03-26 15:45:03,92603422649352192,2220143845385596928,2.2210923718670868e+18,尊敬的投资者您好，公司目前聚焦车载通信终端、公共安全两大赛道。公司高度重视以AI赋能研发升级，已建立起AI云平台架构，构建了一站式AI创新能力平台，整合内外部算法、工作流编排、模型管理、演示体验、运营配置等能力，为研发和产品创新提供高效、稳定的AI技术支撑。在大模型研发领域，公司已推出自研AI智能体平台的警务大模型产品。同时，公司在AI算力方面，参股了广州图灵。未来，公司将持续关注尖端科技的发展动态，围绕前沿应用领域持续开展系统性技术储备与产品迭代升级，保障技术能力与市场需求同步演进，不断提升核心竞争力。感谢您对公司的关注，请您注意投资风险，谨慎投资。,高新兴
高新兴,300098,300098,高新兴,信息传输、软件和信息技术服务业,12015,贵公司定增公布己过半年，请问完成了吗？还是及时关注公司公告，谢谢！,irm1406305,公众号,2026-03-18 10:59:37,2026-03-20 11:30:05,342640791461457920,2225366671633760256,2.2263474531856056e+18,公司会在融资事项触发信披节点时及时通过巨潮资讯网进行公告。感谢您对公司的关注。请您注意投资风险，谨慎投资。,高新兴
高新兴,300098,300098,高新兴,信息传输、软件和信息技术服务业,12015,董秘：公司营利改善后如何持续提高企业利润？,irm1387326,网站,2026-03-11 15:58:31,2026-03-16 20:45:34,92446132357038080,2220325531226189824,2.221092578025517e+18,公司持续聚焦车载终端与公共安全两大核心赛道，优化业务结构，提升公司整体营业收入及毛利额；积极推进出海业务，近年来海外拓展已取得一定的成效。在费用管控方面，通过推进运营效率提升、加强成本及费用管控等措施，费效比较上年同期大幅下降，净利润同比实现大幅减亏；此外，公司也针对历史项目应收账款落实多项回款举措并取得显著成效，经营性现金流量净额同比实现较大幅度增长。感谢您对公司的关注，请您注意投资风险，谨慎投资。,高新兴
高新兴,300098,300098,高新兴,信息传输、软件和信息技术服务业,12015,公司2025年报业绩预告是否包含参股公司分红？,irm1405497,公众号,2026-03-12 14:50:01,2026-03-16 08:32:32,92603422649352192,2221032388207132672,2.2218019262341898e+18,尊敬的投资者您好，参股公司的损益情况公司会依照相关法律法规，在巨潮资讯网定期报告中的投资收益附注进行披露。感谢您对公司的关注，请您注意投资风险，谨慎投资。,高新兴
万集科技,300552,300552,万集科技,制造业,12015,"公司的激光雷达多车企验长多少年了？倒底什么时候能前装定点？？
还有公司的纯固态雷达技术测距突破没有？",cninfo1383205,网站,2026-06-11 14:24:07,2026-06-12 14:26:07,2288551634225061888,2288556539954597888,,,
万集科技,300552,300552,万集科技,制造业,12015,董秘您好！我有三个问题：1、公司计划参加GTC大会，并展示基于NVIDIA全栈技术的云边协同方案，是明确要拓展国际市场吗？2、看到公司的北京顺义电子厂在积极大量招聘工人，是因为光学&车规产线新增产能，同时车路协同设备和车载多线激光雷达订单激增而需要工人加紧生产吗？3、公司的股权激励去年到期，如今公司处于业务转型升级、快速发展、扭亏为盈的关键年度，是否有计划再启动新一轮员工股权激励？谢谢！,irm3151626,网站,2026-03-12 09:22:20,2026-06-09 15:45:03,2200420193836519424,2220863508897574912,2.273792529562665e+18,您好。公司制定了明确的全球化发展战略，公司激光雷达产品已销往全球各地，并在多个科技发达国家实现规模化应用；公司动态称重方面获得荷兰计量院NMI颁发的OIML-R134认证，代表公司WIM系统得到国际计量界的认可，公司动态称重产品及系统成功交付全球多地；公司智能网联全息路口项目（C-V2X）成功交付泰国曼谷，提升交通管理水平，提升路口交通安全保障。公司招聘员工主要系业务发展带来的正常用工需求。公司目前未有股权激励计划。谢谢。,万集科技
万集科技,300552,300552,万集科技,制造业,12015,董秘你好！请问贵司今年业绩预计能否转亏为盈？另外，贵司是否跟国内新能源汽车厂家及机器人公司进行合作？能否详细说明下？另外，贵司高管在股价跌跌不休的情况下减持是否反应了对公司前景并不看好？贵司是否采取措施来做市值管理还是准备放弃任由贵司退市？,cninfo988110,网站,2026-03-11 13:23:51,2026-06-09 15:45:03,1182648949052751872,2220245798111129600,2.273794857613484e+18,"您好。2026年公司拟通过拓展市场份额增加收入，控制各项成本费用支出，同时加大应收账款回收，改善公司盈利能力，具体业绩改善情况敬请关注公司披露的定期报告。
公司192线车载激光雷达已通过多家主流车企平台验证；前装ETC已获得60余家车企定点，包括多家国内新能源头部车企。机器人领域：公司激光雷达已向华睿、迦智、海康等工业机器人头部客户批量供货，智能割草机器人激光雷达已向行业知名企业批量交付，并新增多家客户进入批量交付阶段；四足机器狗已获得定点，人形机器人领域开展联合测试。
公司管理层对公司长期发展充满信心，部分高管减持系个人资金需求；截至目前，公司将密切关注已披露的离任监事减持计划实施情况，并及时履行信息披露义务。公司将持续聚焦主业发展，加快核心技术商业化落地，推动经营业绩改善，同时加强与投资者的沟通交流，传递公司价值。目前公司生产经营正常，主营业务、核心竞争力不存在重大不利变化，不存在退市风险。谢谢。",万集科技
万集科技,300552,300552,万集科技,制造业,12015,最新股东户数,irm2910120,公众号,2026-06-03 11:36:10,2026-06-04 09:42:50,2128326788413038592,2282532616191459328,,,
万集科技,300552,300552,万集科技,制造业,12015,贵公司的股票在2026年5月28日至29日期间累计暴跌15%，请问贵公司是经营出现问题了吗？,irm2297199,公众号,2026-05-29 14:08:54,2026-06-03 15:23:10,1941355514733936640,2278900482608316416,,,
万集科技,300552,300552,万集科技,制造业,12015,请问贵公司的激光雷达是否能测量矿洞内部的情况，是否能发现矿洞是否坍塌？是否能应用于无人矿车作业？,irm2297199,公众号,2026-05-25 12:22:25,2026-05-26 09:17:05,1941355514733936640,2275876920141086720,,,
万集科技,300552,300552,万集科技,制造业,12015,贵公司的激光雷达是否可以应用于采矿行业或者矿卡？借助激光雷达的技术来降低采矿业的人员伤亡率？,irm2297199,公众号,2026-05-23 22:13:35,2026-05-25 13:54:41,1941355514733936640,2274697264602112000,,,
万集科技,300552,300552,万集科技,制造业,12015,公司是否要破产了？,irm1471814,网站,2026-03-24 11:26:50,2026-05-25 11:30:04,759030011060629504,2229833711066599424,2.2738015919436595e+18,您好。公司生产经营正常，2025年实现营业收入10.94亿元，同比增长17.61%，主营业务、核心竞争力不存在重大不利变化，不存在破产相关情形。谢谢。,万集科技
万集科技,300552,300552,万集科技,制造业,12015,2025年全球销售汽车激光雷达渗透率才3%，贵公司为何不搭理扩展海外市场？,irm2297199,公众号,2026-04-28 23:44:02,2026-05-18 20:45:33,1941355514733936640,2256189623373111296,2.268625907422421e+18,"您好，公司制定了明确的全球化发展战略。公司激光雷达产品已销往全球各地，并在多个科技发达国家实现规模化应用，重点服务于可移动机器人（AMR）和智能交通系统（ITS）两大行业。2025年度，在可移动机器人（AMR）导航防避障方面，公司实现了德国、马来西亚、美国、葡萄牙、韩国等新客户的批量订单；智能交通系统ITS LiDAR销售量较上年翻倍增长，应用于高速公路收费站车型分类。公司3D安全激光雷达已成功获得莱茵TÜV颁发的SIL 2（EN 61508）与PL d（EN ISO 13849）认证，成为全球首款通过功能安全认证的激光雷达，其机身设计超薄，兼具超高防护等级与精准探测能力，可确保机器人在各类复杂工业场景中实现最高等级的安全运行与性能保障。
海外市场拓展是公司长期战略方向，将持续稳步推进，相关进展情况请以公司公告为准。谢谢。",万集科技
万集科技,300552,300552,万集科技,制造业,12015,请回答：1、实控人年年质押，这笔钱用在哪里、对改善业绩体现在哪里？（请举例）2、连年亏损是偶然还是经营不善；是投资决策失误还是治理能力欠缺？（请实事求是）3、质押的钱为什么不用在“银贷换取证券”上以回购公司股份，为分红和回报投资者创造条件？4、质押和减持不是摆脱深陷亏损和经营危机的正确和正当选择（请高度重）。龙头企业何时止损、重启增长和重现辉煌？（请详解公司当前计划和举措）谢谢！,cninfo1373619,网站,2026-04-07 13:18:37,2026-05-18 20:45:33,2237988212705337344,2240281708877012992,2.2686329853499802e+18,"您好，针对您的问题回复如下：
实控人质押相关：公司控股股东股份质押的资金用途为其个人融资需求，不涉及公司生产经营相关支出，相关质押行为已按规定履行信息披露义务，目前质押风险可控，不存在平仓风险，不会导致公司实际控制权变更。
业绩亏损原因：公司2025年实现营业收入10.94亿元，同比增长17.61%，归母净利润亏损1.81亿元，较上年同期收窄53.10%，公司坚持长期发展战略，持续保持较高的市场与研发投入规模导致净利润亏损。2025年公司智能网联、激光雷达、动态称重业务收入均实现20%以上增长，经营性现金流同比改善115.96%，经营基本面持续向好，不存在经营不善或投资决策失误情况。
股份回购相关：公司目前未有股份回购计划。
公司改善业绩的举措：2026年公司将重点推进以下工作：1、持续推进收入增长：巩固传统业务ETC、动态称重的同时，提高智能网联、激光雷达新业务的收入占比，以及积极拓展海外业务。2、加强经营成本和期间费用管控：降低采购、生产、人工成本，控制费用支出。3、加快推进研发成果商业化：持续优化研发投入结构，全面推动成熟技术向商业化产品转化。4、盘活存量资产与加速周转：加强库存管理，推行库龄与产品价值交叉管理。加大应收账款催收力度，精细化管理应收账款。
公司将全力推动经营业绩改善，回报广大投资者。谢谢。",万集科技
万集科技,300552,300552,万集科技,制造业,12015,董秘你好！请问贵司在顺义区立项的全固态激光雷达产品开发和生产制造项目预计什么时候完工投产？该产线年产全固态激光雷达预计是多少台？对业绩预计影响有多大？胡攀攀介绍，割草机器人用激光雷达订单极速增长，预计今年这一业务的营收占比将突破总营收的1/3。请问是否属实？另贵司激光雷达产品是否拓展应用于具身机器人及低空飞行上？,cninfo988110,网站,2026-03-30 13:14:35,2026-05-18 20:45:33,1182648949052751872,2234342267322851328,2.2686339216528507e+18,"您好。公司激光雷达产能将根据激光雷达产品市场拓展节奏，分阶段提升产能利用率，保障订单交付。对业绩的具体影响请以公司定期报告为准。
公司智能割草机专用激光雷达方面2025年已向知名割草机器人公司实现批量交付，并新增多家客户进入批量交付阶段，持续巩固市场竞争力。面向割草机器人市场，公司在保障现有客户激光雷达产品稳定供应的基础上，积极拓展更多头部客户的测试合作。
公司激光雷达已拓展至具身机器人与低空经济领域：具身机器人方面，获得维他动力四足机器狗项目定点；公司与人形机器人企业开展联合测试开发，积极拓展更多户外服务机器人客户的测试合作；公司已完成某低空经济领域企业的定制激光雷达交付任务。谢谢。",万集科技
万集科技,300552,300552,万集科技,制造业,12015,贵公司既有激光产品也有生产线，为何不尝试生产光模块产品？也顺便把闲置的工厂利用起来！,irm2297199,公众号,2026-05-08 20:51:51,2026-05-18 11:30:04,1941355514733936640,2263522584219037696,2.2686228664070308e+18,您好。公司主营业务聚焦智能交通领域，围绕“车+路”构建泛在感知业务生态，核心布局智能网联、激光雷达、专用短程通信（ETC）、动态称重、汽车电子等板块，目前资源投入与产能规划均围绕核心业务开展，暂未涉及光模块产品的生产布局。公司生产产能根据业务订单需求动态调整。感谢您的建议与关注。,万集科技
万集科技,300552,300552,万集科技,制造业,12015,董秘您好，请问公司26年激光雷达产能如何规划，利用率能达到多少？26年路测激光雷达政府招标采购规模如何,irm1380787,网站,2026-04-14 21:27:23,2026-05-18 11:30:04,92389498918273024,2245728809561567232,2.2686290599284163e+18,您好。公司激光雷达产能将根据激光雷达产品市场拓展节奏，分阶段提升产能利用率，保障订单交付。路侧激光雷达招标规模受各地智能网联、智慧高速建设进度影响，公司也将积极参与相关项目投标。谢谢。,万集科技
万集科技,300552,300552,万集科技,制造业,12015,董秘您好！公司是否有硅光芯片技术，是否能应用于光模块CPO领域？,irm2665375,网站,2026-04-13 10:49:06,2026-05-18 11:30:04,2059889130120966144,2244657670666280960,2.2686315078812303e+18,您好。公司硅光芯片技术目前主要面向激光雷达应用场景。谢谢。,万集科技
万集科技,300552,300552,万集科技,制造业,12015,速腾已经宣布年底可以量产2160线的孔雀芯片化激光雷达；力策科技跟天眸光电也在opa硅光芯片取得重大突破，而贵公司的激光雷达前沿技术却停滞不前？,irm2297199,公众号,2026-04-28 23:47:02,2026-05-15 20:45:33,1941355514733936640,2256191169561337856,2.2671466260178534e+18,"您好。公司激光雷达技术研发与产品落地均按规划有序推进：
技术路线差异化布局：公司布局了机械式激光雷达、固态激光雷达等多技术路线，针对不同场景需求提供差异化产品。公司激光雷达产品下游客户主要有工业机器人、无人驾驶服务机器人、巡检机器人、割草机器人等厂家，同时，公司开拓了具身智能、低空经济、本安隔爆等新行业新场景的应用。
OPA技术进展：公司加快硅基全固态激光雷达OPA产品的研发进程，实现测距范围的突破，持续提升芯片化率与系统集成能力；
商业化落地优先：公司坚持技术研发与商业化落地并重，2025年激光雷达出货量同比增长113%，在智能割草机器人、四足机器狗、矿山防爆、低空经济等新领域实现应用，技术价值正逐步转化为经营成果。
行业内各厂商的技术路线与产品定位存在差异，公司将结合自身优势持续推进技术创新，拓展市场空间。谢谢。",万集科技
万集科技,300552,300552,万集科技,制造业,12015,贵公司在2016年就开始研发硅光芯片，请问现在十年过去了，硅光芯片取得了什么进展？,irm2297199,公众号,2026-05-08 22:31:37,2026-05-14 11:30:04,1941355514733936640,2263574003594797056,2.267143542231335e+18,您好。公司全固态激光雷达OPA获得国家自然科学基金、国家重点研发计划重点专项、北京市科委重点专项、中关村颠覆性项目等基金支持。公司将加快硅基全固态激光雷达OPA产品的研发进程，实现测距范围的突破，持续提升芯片化率与系统集成能力。谢谢。,万集科技
万集科技,300552,300552,万集科技,制造业,12015,曾经的手机巨头诺基亚被苹果超越而倒闭，现在贵公司何尝不是下一个“诺基亚”，贵公司都没有任何危机意识，一直停留在以前的竞争思维，忽略了现在更新换代极快节奏？,irm2297199,公众号,2026-05-05 23:28:55,2026-05-14 11:30:04,1941355514733936640,2261377024743677952,2.2671455265062257e+18,"您好。公司所处智能交通行业技术迭代快、市场竞争激烈，公司始终保持创新思维，持续推进战略升级与技术创新。
战略层面：公司的目标是成为全球领先的数字创新企业，为全球智慧交通、自动驾驶、智慧城市提供最具价值的创新产品和服务，成为政府、商业客户、产业链伙伴以及亿万车主用户最信赖的品牌。公司将围绕“车路云一体化”“产品数字化”“感知芯片化”“业务全球化”核心领域构建生态。
业务层面：公司新兴业务增速显著，业务结构持续优化。2025年智能网联业务收入同比增长159.06%，激光雷达业务收入同比增长48.11%，动态称重业务收入同比增长24.26%。公司将持续关注行业技术变革与市场需求变化，及时调整战略布局，巩固核心竞争力。谢谢。",万集科技
万集科技,300552,300552,万集科技,制造业,12015,贵公司是否为硅光芯片龙头企业？,irm2297199,公众号,2026-05-11 11:09:02,2026-05-12 13:53:17,1941355514733936640,2265448713842536448,,,
万集科技,300552,300552,万集科技,制造业,12015,已经有十多家激光雷达企业开始布局激光雷达芯片化技术，不少企业年内能实现芯片化的激光雷达量产，而贵公司依旧是“闲庭信步、固步自封”，我从贵公司的发展历程上看，贵公司完全没有危机意识吗？,irm2297199,公众号,2026-05-05 23:27:03,2026-05-06 14:24:04,1941355514733936640,2261376062671003648,,,
万集科技,300552,300552,万集科技,制造业,12015,Ouster宣布推出全新一代 OS 数字激光雷达传感器产品系列 REV8，该系列搭载其新一代 L4 自研激光雷达芯片并将于年内量产，贵公司的激光雷达芯片化走到什么进程了？,irm2297199,公众号,2026-05-05 21:52:46,2026-05-06 14:14:31,1941355514733936640,2261327469383725056,,,
万集科技,300552,300552,万集科技,制造业,12015,高速无感无卡支付的试行，是否会对公司ETC业务营收产生影响继而影响公司业绩？,irm3106487,网站,2026-04-27 15:17:24,2026-04-28 10:14:34,2186397907299127296,2255186336165343232,,,
万集科技,300552,300552,万集科技,制造业,12015,"今年已经有多个省份提前实行高速无感无卡支付，请问公司在ETC,路侧感知等方面是否已经有业务给设备做升级？？？",irm3106487,网站,2026-04-20 10:57:58,2026-04-20 15:08:56,2186397907299127296,2249857432802242560,,,
万集科技,300552,300552,万集科技,制造业,12015,2026年5月1号起，部分高速就可以实现无感无卡支付了。这对公司的etc业务是否会造成不利？公司在无感无卡支付方面是否已经有所布局？,irm3106487,网站,2026-04-16 09:45:32,2026-04-16 12:02:03,2186397907299127296,2246851428056174592,,,
移为通信,300590,300590,移为通信,制造业,12015,您好，贵司一季度业绩大幅度增长，是否为季节性因素或者突发因素，二季度经营业绩是否能延续一季度状况？现在已经6月中旬，是否会有业绩预告？谢谢！,irm3411840,网站,2026-06-13 10:15:04,2026-06-15 18:32:02,2289909745778642944,2289912521854238720,2.2916529113220547e+18,您好，公司产品总体无明显季节因素影响，但是存在一定行业生产需求波动。有关公司后续经营表现，敬请关注披露的定期报告。依据现行信息披露规则，半年度业绩预告无强制披露要求，谢谢。,移为通信
移为通信,300590,300590,移为通信,制造业,12015,你好，请问贵公司5月20日股东人数是多少？谢谢！,irm3350390,网站,2026-05-27 15:50:43,2026-06-04 18:13:32,2257415758328512512,2277468626948046848,2.283479502570373e+18,您好，公司为了平衡投资者之间的差异化需求，只回答每月末的股东户数，谢谢。,移为通信
移为通信,300590,300590,移为通信,制造业,12015,尊敬的董秘您好，公司今年一季度业绩有所回暖，二季度已经过半，公司订单是否依然饱满，现有产能是否能够满足订单需求？,irm2806266,公众号,2026-05-15 20:04:26,2026-05-19 15:38:33,2100250372442935296,2268693338767294464,2.271524950576005e+18,您好，公司目前在手订单饱满，传统业务领域如车载信息、资产管理等领域下游需求保持稳健；其他市场方面，如动物溯源、视频车联网及两轮车IoT等产品，市场反馈良好。公司生产环节采用委外加工的形式，可根据市场需求动态调整订单分配，赋予产能管控的高度灵活性，目前国内外均布局了生产基地，产能结构与公司订单规模、产销节奏匹配良好，能够满足目前业务交付需求，谢谢。,移为通信
移为通信,300590,300590,移为通信,制造业,12015,请问公司的业务有涉及卫星互联吗?,irm1783060,网站,2026-05-07 21:53:46,2026-05-11 20:45:33,1378099639235739648,2262812326014169088,2.2634636921643459e+18,您好，公司是智能物联网设备和整体解决方案的提供商，产品可广泛应用到汽车金融、UBI车险、车队管理、车辆及物品智能防盗、两轮车网联化升级、资产管理、动物溯源、智能工厂、智能电网等众多领域，目前已有小部分产品支持卫星通信，未涉及卫星制造、发射、运营服务等领域，谢谢。,移为通信
移为通信,300590,300590,移为通信,制造业,12015,请问截至2026年4月30日公司的股东总数是多少？谢谢,irm1901083,网站,2026-05-02 20:03:16,2026-05-07 18:54:32,1622976100098322432,2259044531621306368,2.2627197608790057e+18,"您好，截至2026年4月30日，公司股东总人数为40,424户，谢谢。",移为通信
移为通信,300590,300590,移为通信,制造业,12015,请问公司有涉及eSIM相关业务吗?,irm1783060,网站,2026-05-06 18:56:54,2026-05-07 18:54:02,1378099639235739648,2261978999279529984,2.262719623467344e+18,您好，公司是智能物联网设备和整体解决方案的提供商，终端产品可根据客户实际业务需求，灵活选配实体SIM卡或eSIM卡两种制式，谢谢。,移为通信
移为通信,300590,300590,移为通信,制造业,12015,公司的产品有运用于算力和商业航天中么？,irm1357579,公众号,2026-04-29 14:15:44,2026-05-07 15:45:03,92183512286756864,2256638894669012992,2.2574972696256307e+18,您好，公司专注于智能化物联网终端设备的设计、研发与销售，其产品可广泛应用到汽车金融、UBI车险、车队管理、两轮车智能化、边缘计算节点、工业互联网、农畜牧业等领域，尚未涉及商业航天领域，谢谢！,移为通信
移为通信,300590,300590,移为通信,制造业,12015,公司9成以上营收都源于国外市场，物联网国内才是全球最大市场，国内市场不做深度开发么？,irm1357579,公众号,2026-04-29 13:10:28,2026-04-30 18:02:33,92183512286756864,2256605256485150720,2.2574977678691287e+18,您好，凭借全球化业务布局，公司产品销售已涵盖140多个国家和地区，全球化发展是公司长期坚守的核心方向。国内市场是公司重点战略布局领域之一，随着2025年底电动两轮车“新国标”政策正式落地，公司将顺势紧抓政策机遇，加大国内市场投入与拓展力度，进一步提升国内市场份额。谢谢！,移为通信
移为通信,300590,300590,移为通信,制造业,12015,公司产品覆盖全球140国，2026年一季度海外收入同比增速超100%，目前北美、欧洲、拉美三大区域的订单结构、毛利率差异及未来1-2年产能规划？西班牙DGT3.0强制安装政策落地，公司相关应急终端认证与出货进度如何？欧洲市场今年营收预计增长多少？,cninfo1373267,网站,2026-04-24 13:18:01,2026-04-27 19:00:05,2236070913467092992,2252898304544419840,2.2553009521994752e+18,"您好，北美、南美、欧洲是公司的核心销售区域。公司会持续深化精细化管理体系，强化成本精益管控，推动整体毛利率长期保持在合理的区间。新产品方面，公司ECALL类产品应急灯已顺利取得西班牙及部分欧盟国家市场准入关键资质：DGT3.0认证，2026年第一季度，该类产品实现营业收入5,781.86万元。后续，公司将继续坚持国际化布局战略，夯实现有主营业务及挖掘新兴市场机遇。具体经营业绩与业务进展，敬请关注公司后续披露的定期报告，谢谢。",移为通信
移为通信,300590,300590,移为通信,制造业,12015,请问截止4月10日公司股东人数是多少？,irm1901083,网站,2026-04-12 13:42:22,2026-04-14 20:03:32,1622976100098322432,2244004801814421504,2.2456853966277263e+18,"您好！公司为了平衡投资者之间的差异化需求,只回答每月末的股东户数，谢谢。",移为通信
移为通信,300590,300590,移为通信,制造业,12015,请问截至2026年3月31日，公司最新股东数是多少？,irm1911567,网站,2026-04-03 09:48:09,2026-04-07 16:56:32,1656305716450828288,2237204562701873152,2.2403938938398392e+18,"您好！截至2026年3月31日，公司股东总人数为33,141户，谢谢。",移为通信
移为通信,300590,300590,移为通信,制造业,12015,请问3月20日公司股东人数是多少？谢谢！,irm1911567,网站,2026-03-22 10:25:59,2026-03-24 16:33:32,1656305716450828288,2228318009260617728,2.229991715066196e+18,您好！公司为了平衡投资者之间的差异化需求，只回答每月末的股东户数，谢谢。,移为通信
广和通,300638,300638,广和通,制造业,12015,公司最新股东人数是多少？？,irm1407829,APP,2026-06-10 15:05:47,2026-06-11 10:01:26,355529000502358016,2287835854192050176,,,
广和通,300638,300638,广和通,制造业,12015,最新股东人数多少,irm1968469,APP,2026-05-28 14:28:34,2026-06-10 17:15:03,1795026640219836416,2278168449724563456,2.287902348855853e+18,您好，公司将在各定期报告中披露各报告期末的股东人数，公司股东如需查询其他时点股东人数请致电公司投资者热线：0755-26520587，或邮件至公司邮箱： zqb@fibocom.com。感谢您的关注！,广和通
广和通,300638,300638,广和通,制造业,12015,您好，贵公司和宇树科技有哪些合作？,cninfo1166582,网站,2026-06-02 10:48:29,2026-06-10 17:14:33,1544063386129301504,2281765871401893888,2.287902091363033e+18,您好，对公司经营产生重大影响、达到披露标准且未涉及商业保密的客户合作信息，请查看公司于法定信息披露媒体巨潮资讯网（www.cninfo.com.cn）披露的定期报告、投资者关系活动记录表等公告；公司与其他行业合作伙伴的合作情况请关注公司微信公众号（广和通FIBOCOM）及官网（www.fibocom.com）新闻。感谢您的关注！,广和通
广和通,300638,300638,广和通,制造业,12015,董秘您好，请问公司是否涉足AIPC方面的业务，与英伟达是否有合作，具体是哪方面的业务合作？,irm1867563,网站,2026-06-02 12:06:36,2026-06-10 17:13:32,1537013076927954944,2281806132425326592,2.2879015845500928e+18,您好，公司产品可应用于PC领域，有关公司产品、业务及客户合作信息请关注公司于法定信息披露媒体巨潮资讯网（www.cninfo.com.cn）披露的相关公告及公司微信公众号（广和通 FIBOCOM）及官网（www.fibocom.com）新闻。感谢您的关注！,广和通
广和通,300638,300638,广和通,制造业,12015,最近英伟达联合微软，以及戴尔等厂商，切入AIpc领域，广和通与全球前三大电脑销售企业均有蜂窝模组的合作，想问一下aipc业务广和通是否有相关研发投入，对后续的笔记本电脑的模组业务是否带来量价提升的机会，谢谢,irm3401022,网站,2026-06-02 16:15:54,2026-06-10 17:12:33,2281932574219657216,2281934620647079936,2.2879011636500972e+18,您好，公司产品可应用于PC领域，有关公司产品、研发信息请关注公司于法定信息披露媒体巨潮资讯网（www.cninfo.com.cn）披露的相关公告及公司微信公众号（广和通 FIBOCOM）及官网（www.fibocom.com）新闻。感谢您的关注！,广和通
广和通,300638,300638,广和通,制造业,12015,贵公司通信技术是否涉及光链接，光互联？,cninfo1371964,网站,2026-06-03 09:06:47,2026-06-10 17:11:32,2226973390982311936,2282455625949888512,2.2879006308888084e+18,您好，公司主要提供无线通信模组及解决方案产品，目前暂不涉及光链接、光互联产品。感谢您的关注！,广和通
广和通,300638,300638,广和通,制造业,12015,贵公司作为无线模块供应商，在光模块领域有哪些产品？,cninfo1371964,网站,2026-06-03 11:31:28,2026-06-10 17:11:03,2226973390982311936,2282530195172081664,2.2879003905491845e+18,您好，公司主要提供无线通信模组及解决方案产品，目前暂不涉及光模块产品。感谢您的关注！,广和通
广和通,300638,300638,广和通,制造业,12015,董秘您好：近月公司先后参加中国台北COMPUTEX、澳大利亚、韩国等多场国际展会，同时亮相国内智联光储类展会；中国台北展重点展示端侧AI、物理世界自主决策相关方案，同步展出ClawBox、Fibot等产品。请问公司是否将物理AI列为战略方向？相关研发、产品落地情况，以及和英伟达在该领域的合作进展与规划如何？,irm3075267,公众号,2026-06-09 09:16:45,2026-06-10 17:10:33,2179323675107594240,2286913784843141120,2.2878999867959378e+18,您好，有关公司产品、研发及客户合作情况请关注公司于法定信息披露媒体巨潮资讯网（www.cninfo.com.cn）披露的相关公告及公司微信公众号（广和通 FIBOCOM）及官网（www.fibocom.com）新闻。感谢您的关注！,广和通
广和通,300638,300638,广和通,制造业,12015,公司在市值管理方面做了哪些工作？,cninfo702218,网站,2026-06-09 11:08:01,2026-06-10 17:09:32,885882050521186304,2286971131246477312,2.2878995141774377e+18,您好，公司市值管理工作主要包括聚焦主业提升经营管理质量、推动重大资产重组、实施2025年度现金分红、加强信息披露及投资者交流等，有关事宜具体情况请关注公司于法定信息披露媒体巨潮资讯网（www.cninfo.com.cn）披露的相关公告。感谢您的关注！,广和通
广和通,300638,300638,广和通,制造业,12015,董秘您好，请问贵公司在无人驾驶领域有无布局？未来有何规划？,irm1867563,网站,2026-05-24 08:38:14,2026-06-09 15:45:03,1537013076927954944,2275019216494379008,2.278259829468627e+18,您好，公司无线通信模组及解决方案产品可应用于无人驾驶领域，目前主要应用于汽车5G联网和智能座舱领域；公司将持续深耕智能汽车核心赛道，依托车规级通信技术、AI 全栈能力及全球化车载平台优势，聚焦5G、C-V2X、智能座舱，深化国内外头部车企及Tier1 客户合作，不断提升产品单车价值量与市场份额，助力软件定义汽车与智能驾驶演进，将智能汽车打造为公司长期增长的核心引擎。感谢您的关注！,广和通
广和通,300638,300638,广和通,制造业,12015,贵公司的订单是否充足？传统业务的订单情况如何？新业务－机器人和端侧AI 订单量如何？公司的生产线建设进展如何？是否可以满足订单量的生产，生产线布局和订单量哪个更大？ 请董秘回答,cninfo729720,网站,2026-05-26 13:42:03,2026-05-28 17:28:32,917799713436934144,2276660134519619584,2.278261195268227e+18,您好，有关公司业务订单情况请关注公司于法定信息披露媒体巨潮资讯网（www.cninfo.com.cn）披露的定期报告；公司目前生产采用委外加工和自主生产两种方式进行，自有制造基地建设正在有序推进，具体进展情况请关注公司后续披露的公告及公司微信公众号（广和通 FIBOCOM）及官网（www.fibocom.com）新闻。感谢您的关注！,广和通
广和通,300638,300638,广和通,制造业,12015,董秘你好，2026年贵公司的机器人和AI智能眼镜和AI智能陪伴玩具，这三块业务中，订单情况如何？同时，对于贵公司正在建设的生产基地目前是什么状态？正式投入生产后，是否可以满足订单的需求，又或者产能是否大过于订单的匹配？,cninfo729720,网站,2026-05-25 13:35:43,2026-05-28 17:28:03,917799713436934144,2275914708605534208,2.278260757325222e+18,您好，有关公司业务订单情况请关注公司于法定信息披露媒体巨潮资讯网（www.cninfo.com.cn）披露的定期报告；公司目前生产采用委外加工和自主生产两种方式进行，自有制造基地建设正在有序推进，具体进展情况请关注公司后续披露的公告及公司微信公众号（广和通 FIBOCOM）及官网（www.fibocom.com）新闻。感谢您的关注！,广和通
广和通,300638,300638,广和通,制造业,12015,请问贵公司在机器人行业应用或人工智能上有哪些优势和或者布局？,cninfo618027,网站,2026-05-19 21:22:37,2026-05-20 14:08:56,505883470387445760,2271702316350767104,,,
广和通,300638,300638,广和通,制造业,12015,贵司在物理AI领域有哪些核心技术？请重点说明下。另外贵司拟并购买深圳市航盛电子股份有限公司部分股权进展到哪一步了？,irm1885079,公众号,2026-05-19 15:04:34,2026-05-20 10:08:23,1582997848874696704,2271507470844542976,,,
广和通,300638,300638,广和通,制造业,12015,广和通财报内部矛盾重重该如何解释：1.利润与现金流极端背离，2026Q1：归母净利润 966 万，但经营活动现金流 - 7.5 亿，同比暴跌 602%。正常逻辑：赚利润的同时应该有现金流入；长期“有利润无现金”，要么是应收 / 存货虚高，要么是利润调节。财报是否真实？,irm3347322,网站,2026-04-29 16:35:43,2026-05-11 17:54:02,2256708635141214208,2256711042307665920,2.265657381809881e+18,您好，2026年1季度经营性现金流支出大幅增加，主要为公司1季度战略性备货存储等原材料所致。公司严格遵守法律法规及企业会计准则披露财报，有关公司财务指标变动情况请关注公司于法定信息披露媒体巨潮资讯网（www.cninfo.com.cn）披露的定期报告。感谢您的关注！,广和通
广和通,300638,300638,广和通,制造业,12015,贵公司在2026年4月2日，二级市场中获利比例为0%，请问这个成绩是否需要对中小投资者有明确的解释？,cninfo729720,网站,2026-04-03 16:53:40,2026-04-29 17:39:33,917799713436934144,2237423864750235648,2.2567438730376765e+18,您好，二级市场股价波动受多种因素影响，包括市场环境、行业趋势等，请您注意投资风险。感谢您的关注！,广和通
广和通,300638,300638,广和通,制造业,12015,贵司是否经营状况异常？主营业务是哪几方面？业绩连连下滑，贵司有何应对措施？,cninfo1341237,网站,2026-04-15 15:08:08,2026-04-29 17:39:03,2029445800662364160,2246275517469384704,2.25674348649062e+18,您好，有关公司经营情况请关注公司于法定信息披露媒体巨潮资讯网（www.cninfo.com.cn）披露的定期报告。公司主要从事无线通信模块及其应用行业的通信解决方案的设计、研发与销售服务，主要应用行业包括汽车电子、智慧家庭、消费电子、智慧零售等。面对业绩压力，公司主要有如下应对措施：积极推进重大资产重组，提升业务协同效应；加大海外高毛利市场拓展；优化产品结构，提高高附加值产品占比；加强供应链管理，实施精细化成本管控，对存储芯片价格上涨与客户积极沟通向下游传导等。感谢您的关注！,广和通
广和通,300638,300638,广和通,制造业,12015,董秘您好，公司拟收购航盛电子布局车载领域，请问本次收购的核心协同优势、预计交割时间，以及落地后对公司车载业务的业绩带动作用？,irm3174232,网站,2026-04-24 21:05:59,2026-04-29 17:37:33,2211322899680788480,2253139484970557440,2.2567427993231442e+18,您好，公司拟收购航盛电子的核心协同优势及作用如下：航盛电子主营业务为汽车电子产品的研发设计、生产与销售。公司已深耕车载无线通信模组多年，通过整合下游企业，公司实现从车载通信模组供应商向全栈式汽车电子解决方案提供商的转型。本次交易完成后，航盛电子将成为公司的控股子公司，公司与标的公司将进行深度融合和协同，公司的业务规模将得到提升，将切实提高公司的持续经营能力和持续发展能力。目前，收购航盛电子的相关工作正在审慎、合规地开展中，具体交割时间请关注公司后续披露的相关公告。感谢您的关注！,广和通
广和通,300638,300638,广和通,制造业,12015,上游芯片涨价造成了贵公司的毛利率下滑，贵公司目前做的囤货的策略，但是治标不治本囤货也有用完的一天，如果对AI模组和通信模组进行涨价可行吗，或者说贵公司对上游芯片涨价影响毛利率的事情除了目前的囤货策略外还有其他更好的处理方式吗,irm3054953,网站,2026-04-25 09:41:50,2026-04-29 17:32:33,2174362266324742144,2253529047094239232,2.2567401192635515e+18,您好，针对近期存储芯片价格上涨趋势，公司主要采取以下应对措施：第一，策略性备货。公司基于对市场走势的判断，已提前进行适量、有序的战略备货，以平滑短期价格波动对生产成本的影响，保障供应链的稳定与安全。第二，向下游传导。在成本端发生明显、持续变化的情况下，公司会积极与客户进行沟通协商，通过产品价格调整、产品结构升级等方式，将部分成本压力合理、有序地向下游传导。第三，持续降本增效。公司同步推进工艺优化、国产替代及供应商多元化等工作，从多维度降低综合成本。感谢您的关注！,广和通
广和通,300638,300638,广和通,制造业,12015,贵公司2026年一季度的归母净利润下滑可以理解为汇率和上游芯片涨价导致的，那么营收下滑是不是说明了贵公司的订单量开始出现下滑了,irm3054953,网站,2026-04-25 09:44:28,2026-04-29 17:28:03,2174362266324742144,2253530412893839360,2.2567378514935276e+18,您好，有关公司经营情况请关注公司于法定信息披露媒体巨潮资讯网（www.cninfo.com.cn）披露的定期报告，公司2026年一季度营收下滑主要系部分客户需求下降所致。感谢您的关注！,广和通
广和通,300638,300638,广和通,制造业,12015,董秘你好，公司目前在卫星互联网领域有哪些进展？,irm1373923,APP,2026-02-12 13:35:03,2026-04-08 20:45:03,92328768080707584,2200212972472745984,2.2374109539587277e+18,您好，公司无线通信模组产品可以应用于卫星物联网领域，相关产品业务进展信息详见公司于法定信息披露媒体巨潮资讯网（www.cninfo.com.cn）披露的定期报告、投资者关系活动记录表等公告及关注公司微信公众号（广和通 FIBOCOM）及官网（www.fibocom.com）新闻；目前相关产品对公司业绩影响较小，请广大投资者注意投资风险。感谢您的关注！,广和通
广和通,300638,300638,广和通,制造业,12015,董秘你好，建议公司去星思半导体调研一次，请你给转达最高管理层上述建议，谢谢，辛苦了。,irm1373923,APP,2026-02-12 14:43:36,2026-04-03 16:28:03,92328768080707584,2200248311463657472,2.2374104299727176e+18,您好，感谢您的建议！,广和通
广和通,300638,300638,广和通,制造业,12015,"董秘你好，请转达管理层：希望公司能加大卫星物联网产品的研发投入，在现有卫星物联网模组基础上，可以尝试研制相关基带或者射频芯片产品。
请务必转达，谢谢。",irm1373923,APP,2026-02-12 14:20:33,2026-04-03 16:28:03,92328768080707584,2200236431584116736,2.2374105588217364e+18,您好，感谢您的建议！,广和通
广和通,300638,300638,广和通,制造业,12015,董秘你好，留意到出售锐凌无线时候有五千万美金是根据锐凌无线的业绩兑现来分期付款。去年锐凌年报后没有看到有对应的一千万美金付款到广和通，是因为锐凌无线业绩没有达标吗？还是说付款延期了，预计会计入2025年年报吗？,cninfo1365867,网站,2026-02-13 15:47:44,2026-04-03 16:27:33,2181309797046427648,2201023535702016000,2.2374102580809196e+18,您好，公司出售锐凌无线有关业绩承诺中2024-2025年业绩承诺部分已达成，具体情况详见公司2025年年度报告。感谢您的关注！,广和通
广和通,300638,300638,广和通,制造业,12015,请问联发科近期的基带高危漏对公司造成什么实质影响了吗？后续海外客户对公司审计会拖累订单节奏吗？,cninfo1300434,网站,2026-03-03 15:38:03,2026-04-03 16:27:02,1856560507839172608,2214377611259887616,2.2374100090659226e+18,您好，公司暂时未受到相关影响，具体情况详见请见公司于法定信息披露媒体巨潮资讯网（www.cninfo.com.cn）披露的定期报告、投资者关系活动记录表等公告。感谢您的关注！,广和通
广和通,300638,300638,广和通,制造业,12015,董秘你好，贵公司经状况如何，股票怎么长期低迷？,cninfo1370200,网站,2026-03-03 22:35:35,2026-04-03 16:26:32,2214590888598794240,2214592806447984640,2.2374097684546478e+18,您好，有关公司经营状况请关注公司披露的定期报告，感谢您的关注！,广和通
广和通,300638,300638,广和通,制造业,12015,公司股价跌跌不休，公司有市值管理吗？公司有没有收购新的资产？,irm2168147,网站,2026-03-04 17:11:54,2026-04-03 16:26:02,1883452002439360512,2215168151530323968,2.2374095709792584e+18,您好，公司将加强市值管理工作；公司于2026年3月24日在法定信息披露媒体巨潮资讯网（www.cninfo.com.cn）披露了《关于筹划重大资产重组的提示性公告》，公司正在筹划以现金方式购买深圳市航盛电子股份有限公司控制权，具体内容详见公司披露的相关公告。感谢您的关注！,广和通
广和通,300638,300638,广和通,制造业,12015,请问公司是否有相关模组或产品支持部署OpenClaw？,irm2883584,网站,2026-03-08 14:55:05,2026-04-03 16:25:03,2122334157810155520,2218066326742188032,2.237408986863706e+18,"您好，有关公司产品信息请见公司于法定信息披露媒体巨潮资讯网（www.cninfo.com.cn）披露的定期报告、投资者关系活动记录表等公告及公司微信公众号
（广和通 FIBOCOM）及官网（www.fibocom.com）新闻。感谢您的关注！",广和通
广和通,300638,300638,广和通,制造业,12015,请问贵公司在MWC展会上有何收获？有签订大的订单吗？？？,cninfo1046869,网站,2026-03-10 16:28:06,2026-04-03 16:24:32,1281519079024648192,2219598599421407232,2.2374086346763878e+18,您好，有关公司参加展会信息请关注公司微信公众号（广和通 FIBOCOM）及官网（www.fibocom.com）新闻；有关公司订单、业绩等信息请关注公司于法定信息披露媒体巨潮资讯网（www.cninfo.com.cn）披露的定期报告。感谢您的关注！,广和通
广和通,300638,300638,广和通,制造业,12015,请问公司产品通讯模组给哪些公司供货？宇树科技有合作吗？,irm1362850,公众号,2026-03-21 10:29:18,2026-04-03 16:23:32,92229485616693248,2227577549114159104,2.2374082566261596e+18,您好，对公司经营产生重大影响、达到披露标准且未涉及商业保密的客户合作信息请查看公司于法定信息披露媒体巨潮资讯网（www.cninfo.com.cn）披露的定期报告、投资者关系活动记录表等公告；其他客户合作信息请关注公司微信公众号（广和通 FIBOCOM）及官网（www.fibocom.com）新闻。感谢您的关注！,广和通
广和通,300638,300638,广和通,制造业,12015,尊敬的董秘您好:请问贵司产品对宇树科技有无供货？,irm1413977,APP,2026-03-23 18:21:57,2026-04-03 16:23:02,410912268778160128,2229305500356685824,2.2374079732514243e+18,您好，对公司经营产生重大影响、达到披露标准且未涉及商业保密的客户合作信息请查看公司于法定信息披露媒体巨潮资讯网（www.cninfo.com.cn）披露的定期报告、投资者关系活动记录表等公告；其他客户合作信息请关注公司微信公众号（广和通 FIBOCOM）及官网（www.fibocom.com）新闻。感谢您的关注！,广和通
广和通,300638,300638,广和通,制造业,12015,您好，我注意到贵公司在2024年未提供业绩说明会视频回放。请问在即将举行的2025年年度业绩说明会中，贵公司是否考虑引入视频直播形式，并在会后提供完整的视频回放，以便投资者更充分地了解会议内容？感谢您的解答。,irm3256220,网站,2026-03-31 13:05:31,2026-04-03 16:22:02,2235070632602361856,2235079765910827008,2.2374073289132237e+18,您好，公司拟于2026年4月10日召开年度业绩说明会，本次业绩说明会采用网络互动方式，投资者可通过网络链接与公司互动，具体情况详见公司2026年3月31日于法定信息披露媒体巨潮资讯网（www.cninfo.com.cn）披露的《关于举办2025年度业绩网上说明会的公告》。感谢您的关注！,广和通
金溢科技,2869,2869,金溢科技,制造业,12002,请问贵公司，在物理ai方面研究投入如何？,irm1349304,公众号,2026-06-12 14:35:46,2026-06-15 15:01:18,92110892979716096,2289304714465361921,,,
金溢科技,2869,2869,金溢科技,制造业,12002,近来公司股价跌跌不休，请问管理层有何市值管理措驰？有回购股票的计划吗？,irm1980897,公众号,2026-05-16 16:25:13,2026-05-21 20:45:03,1830491293326958592,2269322525348028416,2.272840773399806e+18,尊敬的投资者，您好。公司始终将市值维护放在重要位置，持续通过定期报告、临时公告、投资者交流会、互动易平台等多渠道、多形式，及时、准确地传递公司经营动态与核心价值。公司目前暂无明确股份回购计划，若后续有回购相关计划，将严格按照法律法规及监管要求及时履行信息披露义务。感谢您对公司的关注。,金溢科技
金溢科技,2869,2869,金溢科技,制造业,12002,你好，公司有没有回购股份计划，增强投资者对公司经营信心，有消息说董事长提议2.5-4亿回购股份是否属实？,irm2761247,公众号,2026-05-13 17:41:34,2026-05-19 15:45:03,2088809919430246400,2267135356202213376,2.268421793396646e+18,尊敬的投资者，您好。公司指定信息披露媒体为《证券时报》《证券日报》和巨潮资讯网，有关公司的信息均以在上述指定媒体刊登的信息为准。若公司后续有股份回购相关计划，公司将严格按照法律法规及监管要求及时履行信息披露义务。感谢您对公司的关注。,金溢科技
金溢科技,2869,2869,金溢科技,制造业,12002,董秘您好，公司2025年收购车路通后当年计提商誉减值约8965万元，业绩承诺严重未达标，请问收购估值是否合理？此外，公司营收下滑22%且净利亏损1.3亿，经营现金流为负，请问主营业务盈利能力下滑的具体原因及改善措施？谢谢。,irm3220997,网站,2026-04-28 16:59:33,2026-04-30 15:00:06,2224848988646473728,2255981154259189760,2.2567121147073126e+18,尊敬的投资者，您好。公司收购车路通科技（成都）有限公司时已聘请符合《证券法》要求的评估机构出具评估报告，并经审计机构审计，交易价格以评估结果为基础协商确定，估值具备合理依据。2025年业绩承诺未达标主要系行业政策落地慢于预期、项目推进延迟所致，公司已按会计准则计提商誉减值并调整收购对价。公司2025年业绩下滑主要系新业务战略投入增加、销售及研发费用上升，以及计提商誉减值等因素综合影响所致，公司将加快推动传统产品降本增效，拓展数字能源、低空智联等新业务规模化落地，努力改善盈利能力。感谢您对公司的关注。,金溢科技
金溢科技,2869,2869,金溢科技,制造业,12002,"董秘您好，关注到公司近期密集成立金溢新能等合资公司，工商经营范围新增储能、充电桩、光伏、新能源等业务。请问：
 这些新公司重点发力储能、充电运营、华为数字能源等哪些具体业务。目前相关业务是否已有订单落地、项目推进或业绩贡献？
谢谢。",irm2511029,网站,2026-04-24 08:59:13,2026-04-29 11:30:20,2004506566281601024,2252764919530496000,2.2559992360355226e+18,尊敬的投资者，您好。公司数字能源业务是围绕“零碳排”使命与“CCTE智能网联交能复合体”战略方向，布局了直流快充桩、超充桩、充电堆、储能柜等产品矩阵，以及重卡充电站、零碳门架、零碳服务区等系统级解决方案，目前已在佛山工厂光储充项目、广州公交新能源V2G超级充电站等项目中实现落地，但该业务为公司新布局的战略业务，当前整体收入及业绩贡献占总营收比例仍然较小，未来业务发展受市场环境、政策变化等因素影响存在一定不确定性，敬请广大投资者理性投资，注意投资风险。感谢您的关注。,金溢科技
金溢科技,2869,2869,金溢科技,制造业,12002,"董秘您好，关注到公司自2025年底以来，先后设立了金溢新能、金溢羲和，以及拟设立佛山领充新能等多家合资公司。请问：
这些新公司重点规划和开展哪些业务板块？
​目前相关业务是否已有订单落地、项目推进或业绩贡献？
谢谢。",irm2511029,网站,2026-04-24 08:52:39,2026-04-29 11:30:20,2004506566281601024,2252761526479040512,2.2559980506245489e+18,尊敬的投资者，您好。深圳金溢新能科技有限公司定位为交能融合项目的开发与运营主体，重点开展交能项目开发、智慧运营、一站式解决方案、虚拟电厂及电力市场交易等业务；深圳金溢羲和系统科技有限公司定位为热管理领域的技术研发、系统集成与运营服务主体，主要业务方向包括热管理项目、热管理项目运营、热管理一站式解决方案等；拟在佛山设立的合资公司聚焦新能源装备制造领域。相关业务进展请您关注公司后续公告。感谢您对公司的关注。,金溢科技
金溢科技,2869,2869,金溢科技,制造业,12002,据贵司2025年1月30日业绩预告，公司预计2025年度净利润亏损1.20亿元至0.88亿元，同比由盈转亏，加上贵司今日股价触及跌停，这是否意味着贵司一季度业绩持续下跌？,irm3272473,网站,2026-04-07 15:12:51,2026-04-09 11:30:03,2240339861760716800,2240340584288706560,2.2416486249901056e+18,尊敬的投资者，您好。公司股价表现受多种外部因素影响，包括宏观经济环境、行业政策变化、市场情绪波动以及整体资本市场流动性等外部变量影响。关于公司2025年度及2026年一季度业绩情况请关注公司后续公告。感谢您对公司的关注。,金溢科技
金溢科技,2869,2869,金溢科技,制造业,12002,董秘您好，想请教一下：现在国家大力推进高速取消物理栏杆、实现无感通行，这块改造对公司业务应该是比较大的利好。想问问公司目前在这方面中标了哪些项目，今年相关订单有没有明显增加？另外，这一轮全国高速升级，大概会对公司今年的业绩带来多大影响呢？谢谢。,cninfo1373267,网站,2026-04-02 13:22:50,2026-04-03 15:58:32,2236070913467092992,2236573038798123008,2.237194778322608e+18,尊敬的投资者，您好。公司作为ETC行业核心设备供应商，依托在高速智慧收费领域积累的丰富经验，面向高速公路收费系统建设与升级，提供ETC收费、无人化自助收费、匝道预交易、移动应急收费、以及沿线ETC自由流收费等一站式解决方案。伴随全国高速公路“手机＋”无卡便捷通行服务全面推进，公司将紧抓政策机遇，强化技术与市场优势，积极拓展相关业务，努力提升经营质量与股东回报。感谢您对公司的关注。,金溢科技
锐明技术,2970,2970,锐明技术,信息传输、软件和信息技术服务业,12002,您好，首先恭喜贵公司获得Berg Insight评定为全球第一视频远程信息处理硬件提供商。请问一下这个评定具体是应用在哪方面的？是市占率第一还是怎么怎么样评定的？2.请问AEBS贵公司有技术储备或应用吗？谢谢,irm1625655,网站,2026-06-12 16:19:11,2026-06-15 15:31:43,1081129442748141568,2289358016013230080,,,
锐明技术,2970,2970,锐明技术,信息传输、软件和信息技术服务业,12002,您好，请问最近备受关注强制性国家标准《轻型汽车自动紧急制动系统技术要求及试验方式》完成起草，征求意见到6月底，后面应该AEBS会变成高阶智驾的基础标配，请问公司的产品有没有应用的上？公司会否考虑参与这个市场应该很大规模。谢谢,irm1625655,网站,2026-06-08 15:56:54,2026-06-12 20:45:33,1081129442748141568,2286377849697140736,2.2886142049869742e+18,尊敬的投资者，您好。公司是一家以人工智能和视频技术为核心，聚焦商用车安全、合规和效率提升的AIoT智能物联解决方案提供商。公司AI辅助驾驶系统已涵盖了AEBS功能，公司将持续关注行业政策及市场需求，积极把握业务拓展机会。感谢您的关注！,锐明技术
锐明技术,2970,2970,锐明技术,信息传输、软件和信息技术服务业,12002,"尊敬的董秘您好，我是公司二级市场投资者，麻烦咨询：
1、根据中证登下发数据，截至2026年5月31日收盘，公司股东总户数是多少？
2、公司HVDC高压直流电源目前量产及客户供货落地进度是否量产？英伟达Cosmos3开源模型公司是否接入生态，后续有无相关技术合作规划？对公司业务有什么帮助
辛苦回复，谢谢！",irm1983225,网站,2026-06-04 17:59:18,2026-06-12 20:45:33,1836179771352080384,2283472252761915392,2.288612839187374e+18,尊敬的投资者，您好。（1）关于股东人数，烦请将股东身份证扫描件以及证券账户账号信息扫描件发至公司邮箱infomax@streamax.com，核实股东身份后，我们会以邮件形式回复，或请您关注后续定期报告中披露的股东户数。（2）公司高压直流（HVDC）电源产品相关业务正处于稳步推进中。（3）公司一直密切关注AI技术的发展趋势，积极探索AI技术与产品的融合，提升产品竞争力。现阶段，公司解决方案和产品尚未接入Cosmos 3，公司将根据业务发展需求，积极评估接入的可能性，后续业务进展请关注公司披露的公告。感谢您的关注！,锐明技术
锐明技术,2970,2970,锐明技术,信息传输、软件和信息技术服务业,12002,"尊敬的董秘您好，有三个问题向公司咨询：
1、公司HVDC高压直流电源业务目前项目落地进度如何？之前电话会议以及调研说相关产品是计划六月实现批量量产是否达成？
2、近期英伟达在GTC大会正式发布开源全模态物理AI模型NVIDIA Cosmos3，同步成立全球物理AI开发者联盟，公司作为英伟达产业链上游配套厂商，现阶段产品、算法是否已接入Cosmos3相关生态体系？有无合作？
",irm1983225,网站,2026-06-04 17:50:57,2026-06-12 20:45:33,1836179771352080384,2283467949224558592,2.2886121176396677e+18,尊敬的投资者，您好。公司高压直流（HVDC）电源产品相关业务正处于稳步推进中。同时，公司一直密切关注AI技术的发展趋势，积极探索AI技术与产品的融合，提升产品竞争力。现阶段，公司解决方案和产品尚未接入Cosmos 3，公司将根据业务发展需求，积极评估接入的可能性，后续业务进展请关注公司披露的公告。感谢您的关注！,锐明技术
锐明技术,2970,2970,锐明技术,信息传输、软件和信息技术服务业,12002,做为较早就转型AI落地应用场景的上市公司，请问公司的AI应用可用于哪些场景，可否相对详细点介绍？是否已经有较大收入了？未来前景如何？详细,irm1625655,网站,2026-06-01 13:57:16,2026-06-12 20:45:33,1081129442748141568,2281120998685523968,2.2886061646097777e+18,尊敬的投资者，您好，公司是一家以人工智能和视频技术为核心，聚焦商用车安全、合规和效率提升的AIoT智能物联解决方案提供商，主要在物流车辆、公共出行车辆和特种车辆等场景下，为客户提供AI 解决方案和视频设备，其中AI 解决方案包含AI辅助驾驶系统、AI车队作业管理系统以及AI垂直大模型车队管理系统，具体产品介绍及经营数据可详见公司于巨潮资讯网（www.cninfo.com.cn）披露的定期报告。感谢您的关注！,锐明技术
锐明技术,2970,2970,锐明技术,信息传输、软件和信息技术服务业,12002,请问我司截止2026.6.2股东人数是多少？ 有色金属涨价是否对公司业务造成挤压冲击？,irm2550700,APP,2026-06-02 14:17:00,2026-06-11 16:07:33,2016876020579610624,2281873339516829696,2.2886095921920983e+18,尊敬的投资者，您好。（1）关于股东人数，烦请将股东身份证扫描件以及证券账户账号信息扫描件发至公司邮箱infomax@streamax.com，核实股东身份后，我们会以邮件形式回复，或请您关注后续定期报告中披露的股东户数。（2）公司持续跟踪原材料市场价格波动，结合自身实际生产经营情况，动态调整采购策略，强化成本管控，并及时与客户沟通，以降低原材料对公司业务的不利影响。感谢您的关注！,锐明技术
锐明技术,2970,2970,锐明技术,信息传输、软件和信息技术服务业,12002,请问我司股东人数几何？赴港上市进度如何？能否披露？hvdv业务进展如何？,irm2550700,APP,2026-06-02 14:16:04,2026-06-11 16:05:33,2016876020579610624,2281872858500366336,2.2886085613999473e+18,"尊敬的投资者，您好。（1）关于股东人数，烦请将股东身份证扫描件以及证券账户账号信息扫描件发至公司邮箱infomax@streamax.com，核实股东身份后，我们会以邮件形式回复，或请您关注后续定期报告中披露的股东户数。（2）公司已于2026年4月2日向香港联交所重新递交H股发行上市的材料，并于同日刊发相关申请文件，具体内容相关链接可见公司披露的公告。目前，各项上市筹备工作正有序进行，本次发行上市尚需取得中国证券监督管理委员会、香港证监会等相关机构的备案、批准或核准。（3）公司高压直流（HVDC）电源产品相关业务正处于稳步推进中。
公司将严格按照法律法规相关要求，持续履行信息披露义务，后续进展可关注公司披露的公告。感谢您的关注！",锐明技术
锐明技术,2970,2970,锐明技术,信息传输、软件和信息技术服务业,12002,您好，公司的HVDC代工业务将在第三季度陆续开展吗？谢谢,irm1402804,网站,2026-05-25 16:32:10,2026-06-11 15:58:03,92580204056150016,2276005649686315008,2.2886048417598505e+18,尊敬的投资者，您好，公司正稳步推进高压直流（HVDC）电源产品相关业务，如公司未来在相关领域有重大进展，将依法履行信息披露义务。感谢您的关注！,锐明技术
锐明技术,2970,2970,锐明技术,信息传输、软件和信息技术服务业,12002,尊敬的董秘，您好！请问公司的HVDC业务是为海外V客户代工吗？谢谢,irm1402804,网站,2026-05-25 16:31:10,2026-06-11 15:55:33,92580204056150016,2276005134290239488,2.2886034246190612e+18,尊敬的投资者，您好，公司客户信息属于合同约定的保密内容，公司需严格履行保密义务，相关业务进展请关注公司披露的公告。感谢您的关注！,锐明技术
锐明技术,2970,2970,锐明技术,信息传输、软件和信息技术服务业,12002,您好，请问越南工厂新建的多条生产线能源产品月产能最大是多少？产品已经试样了吗？如果试样通过大概什么时候可以量产？谢谢,irm1625655,网站,2026-05-25 14:49:48,2026-06-11 15:54:03,1081129442748141568,2275952881718116352,2.288602866246992e+18,尊敬的投资者，您好，公司越南工厂二期已于2025年投资建设，公司将根据客户需求、订单量等情况，逐步释放产能。目前，UPS产品已实现批量交付，相关业务进展请关注公司披露的公告。感谢您的关注！,锐明技术
锐明技术,2970,2970,锐明技术,信息传输、软件和信息技术服务业,12002,请问目前为止公司的股东人数是多少？,irm3382962,网站,2026-05-24 21:53:37,2026-06-11 15:53:02,2269030896189399040,2275429144835981312,2.2886021361288724e+18,尊敬的投资者，您好，关于股东人数，烦请将股东身份证扫描件以及证券账户账号信息扫描件发至公司邮箱infomax@streamax.com，核实股东身份后，我们会以邮件形式回复，或请您关注后续定期报告中披露的股东户数。感谢您的关注！,锐明技术
锐明技术,2970,2970,锐明技术,信息传输、软件和信息技术服务业,12002,您好，请问在刚公布的2025年公司年报中，研发投入栏所显示的项目状态均为结束，请问公司是无在研发中的项目吗？若相反可以补充简述一二吗？,cninfo1327075,网站,2026-04-20 15:01:59,2026-04-29 17:27:03,1954005078005735424,2249983198839910400,2.2567374042800579e+18,尊敬的投资者，您好，公司始终将技术作为发展核心，积极开展研发工作，已立项的研发项目正有序进行中，具体情况可关注公司后续的公告。感谢您的关注！,锐明技术
锐明技术,2970,2970,锐明技术,信息传输、软件和信息技术服务业,12002,董秘您好，请问pcb板涨价会影响到公司全年业绩吗,irm3299010,网站,2026-04-16 15:15:25,2026-04-29 17:26:33,2246974821909270528,2247021440952102912,2.2567370778625434e+18,尊敬的投资者，您好，公司一直以来高度关注原材料市场的变动情况，并基于相关价格走势及公司实际生产经营情况，灵活调整采购策略，实施成本控制措施，以保障供应链稳健，及时应对市场波动，感谢您的关注！,锐明技术
锐明技术,2970,2970,锐明技术,信息传输、软件和信息技术服务业,12002,你好，我想咨询一下公司，在越南的代工维谛技术hvdc业务进展如何，何时量产？预计年产值能达到多少？广大投资者比较看重公司的第二增长极。,irm1983225,网站,2026-04-15 12:05:51,2026-04-29 17:25:06,1836179771352080384,2246181577287999488,2.2567364422346752e+18,尊敬的投资者，您好，为推进数字能源产品生产加工业务发展，公司成立了数智装备产品事业部，并在越南工厂建成投产多条专用产线，数字能源产品生产加工业务相关进展可关注公司后续的公告。感谢您的关注！,锐明技术
锐明技术,2970,2970,锐明技术,信息传输、软件和信息技术服务业,12002,"尊敬的董秘您好：
1.在算电协同的国家战略框架下，公司是否参与其中？具体通过哪些业务路径展开。2.在算力租赁领域，公司是否考虑向算力租赁方向进行业务延伸？如通过自营布局，或与国内外算力租赁服务商开展产能合作等形式。3.公司是否有液冷散热相关的业务规划？如承接液冷管路、液冷板等部件的生产？建议公司积极与算力产业链的相关企业对接合作，进一步响应国家战略，拓展算力配套业务的新增长空间。",irm3234659,公众号,2026-04-15 02:58:26,2026-04-29 17:24:03,2229229494510174208,2245899432237674496,2.2567358495018967e+18,尊敬的投资者，您好，在算力中心领域，公司主要开展算力中心配套数字能源产品生产加工业务，暂无开展算力租赁和液冷散热相关业务的计划。目前，公司算力中心配套数字能源产品生产加工业务已实现不间断电源（UPS）产品的批量交付，高压直流（HVDC）电源产品相关业务也正按计划推进中，后续公司将积极把握市场机会，稳步推进业务发展。感谢您的关注！,锐明技术
锐明技术,2970,2970,锐明技术,信息传输、软件和信息技术服务业,12002,你好，董秘，近两天资金大幅流出，股价重创，原因是市场上流传一季度业绩同比下降很多，受存储涨价和中东影响，是否属实？这种业绩的事情怎么没有保密性？,irm1983225,网站,2026-04-14 22:53:23,2026-04-29 17:20:33,1836179771352080384,2245773143078019072,2.256734140104913e+18,尊敬的投资者，您好。股票价格受宏观、市场环境等多方面因素影响。公司一直严格按照法律法规相关规定，积极履行信息披露义务，规范内幕信息管理。感谢您的关注！,锐明技术
锐明技术,2970,2970,锐明技术,信息传输、软件和信息技术服务业,12002,贵公司近期有收购兼并与算力有关的资产吗？,irm1446262,网站,2026-03-26 12:05:00,2026-03-31 17:35:03,621065834604646400,2231337732369362944,2.2352186044523766e+18,尊敬的投资者，您好，公司近期没有相关计划，感谢关注！,锐明技术
锐明技术,2970,2970,锐明技术,信息传输、软件和信息技术服务业,12002,董秘您好，请问公司在服务器电源代工业务方面是否有实质性进展，HVDC高压直流电源领域的技术储备如何，是否已具备量产能力？海外算力客户拓展情况如何，是否已与海内外AI数据中心客户建立合作或送样？公司越南二期工厂目前投产进度如何，是否已开始为新业务承接订单或提供产能支撑？谢谢。,irm3234659,公众号,2026-03-23 17:34:53,2026-03-31 17:34:32,2229229494510174208,2229281233048752128,2.235218260854993e+18,尊敬的投资者，您好，算力中心配套数字能源产品生产加工业务稳步推进，建成投产多条专用产线，成功导入行业知名海外厂商多个型号不间断电源（UPS）产品，实现批量交付。高压直流（HVDC）电源产品相关业务按计划推进中。感谢关注！,锐明技术
锐明技术,2970,2970,锐明技术,信息传输、软件和信息技术服务业,12002,董秘您好，关注到公司推动海内外Robobus标杆项目落地，1请问目前是否有实质性进展或意向订单？2在自动驾驶业务商业化方面，能否透露落地时间表或区域？3公司在服务器电源代工业务方面是否有实质性进展，海外算力客户拓展情况如何，是否已与海内外数据中心、算力中心客户建立合作或送样，是否已为新业务承接订单？4HVDC高压直流电源领域的技术储备如何，是否已具备量产能力？5越南二期工厂目前投产进度如何？谢谢。,irm3234659,公众号,2026-03-23 16:07:57,2026-03-31 17:33:32,2229229494510174208,2229236428155760640,2.2352176597724938e+18,尊敬的投资者，您好，公司基于积累多年的成熟销售网络，正积极推动自动驾驶业务商业化落地。算力中心配套数字能源产品生产加工业务稳步推进，建成投产多条专用产线，成功导入行业知名海外厂商多个型号不间断电源（UPS）产品，实现批量交付。高压直流（HVDC）电源产品相关业务按计划推进中。感谢关注！,锐明技术
北斗星通,2151,2151,北斗星通,制造业,12002,"董秘您好，想请教三个问题：

1. 北斗四代芯片今年出货、渗透率是否符合年初规划？二季度芯片收入是否达标？

2. 目前账面还有多少商誉？二季度是否仍有减值风险？上半年业绩何时披露，能否扭亏？

3. 股价创阶段新低，公司是否有回购、增持计划稳定信心？今年资本运作有新安排吗？
辛苦回复，谢谢。
",irm3379837,APP,2026-06-09 11:58:15,2026-06-11 20:45:33,2267079692491083776,2286997029610962944,2.2878384224926024e+18,"1、 公司整体的经营情况符合预期，二季度芯片收入届时会在半年报披露，敬请留意公司半年报披露时间。
2、截止2026年一季度末，公司商誉为5.14亿元，公司严格按照会计准则的要求，年度终了，对商誉进行减值测试。半年报披露时间还未预约，按照惯例，公司一般在8月下旬披露，敬请留意公司公告，谢谢关注！
3、公司目前没有回购计划，也没有资本运作的安排，谢谢关注！",北斗星通
北斗星通,2151,2151,北斗星通,制造业,12002,"董秘您好，想咨询几个关于公司商业航天业务的问题：
1.公司和千帆星座的建设运营方垣信卫星、以及其关联合作方上海格思航天，是否存在直接业务合作关系？
2.后续千帆星座组网推进过程中，公司是否获得了长期配套供货的优先合作资格？这部分业务，未来三年对公司商业航天板块的业绩贡献预期大概在什么范围？烦请您回复，谢谢。",irm3379837,APP,2026-06-04 23:18:20,2026-06-11 20:45:03,2267079692491083776,2283636681578184704,2.287837151189082e+18,公司没有跟你所提及的公司有直接业务合作，关于低轨卫星上有用到公司的陶瓷元器件，目前都处于试制阶段，没有长期配套供货的优先资质，类似的问题之前有回复，可自行查阅，谢谢关注！,北斗星通
北斗星通,2151,2151,北斗星通,制造业,12002,"尊敬的董秘您好，想咨询两个问题：

1. 公司目前是否已经布局玻璃基板相关业务？

2. 公司未来是否有规划、或者正在考虑布局玻璃基板领域？
麻烦您方便的时候予以答复，谢谢！
",irm3379837,APP,2026-06-07 18:31:09,2026-06-11 08:21:03,2267079692491083776,2285715179461476352,2.2878373227825562e+18,公司没有布局玻璃基板业务，也没有规划布局此类业务，谢谢！,北斗星通
北斗星通,2151,2151,北斗星通,制造业,12002,公司的定位芯片和陶瓷天线能否用于可回收火箭第一级、星网计划卫星、千帆计划卫星？公司定位产品或技术是否支持太空定位功能？,irm3403410,网站,2026-06-04 17:12:20,2026-06-10 16:58:33,2283444720479686656,2283448046594670592,2.2878361719365386e+18,公司现有的定位芯片和陶瓷天线主要面向地面和近地场景，如车载、智驾、无人机等，星载场景对元器件有特殊的要求，如抗辐射、长寿命、高可靠等，公司当前没有产品应用于你提及场景。谢谢关注！,北斗星通
北斗星通,2151,2151,北斗星通,制造业,12002,董秘您好，受益于低轨星座、智能驾驶与低空经济景气度提升，公司一季度业绩高增。请问今年 二季度核心业务（高精度芯片、板卡、服务）是否延续良好增长趋势？今年新签订单与交付节奏是否符合预期？谢谢！,cninfo1382776,网站,2026-06-10 13:32:42,2026-06-10 16:57:51,2287649725415952384,2287787879138918400,,,
北斗星通,2151,2151,北斗星通,制造业,12002,公司股价较高点已腰斩了，请问公司有市值维护手段吗？请积极回复投资者的问题。,irm1341917,APP,2026-06-10 09:31:29,2026-06-10 15:30:32,92045454857994240,2287663548405760000,,,
北斗星通,2151,2151,北斗星通,制造业,12002,请问贵公司市场传闻，2025 年获得中国星网一代增强卫星项目 108 颗卫星的定轨单元订单，将于 2026 年交付，是否属实。,irm3379837,APP,2026-06-03 23:14:06,2026-06-09 20:45:03,2267079692491083776,2282892329386049536,2.2863584798484152e+18,公司与星网存在正常的业务沟通和技术对接，但截止目前为止，未签署您提及的订单或合同，相关的传闻不属实，敬请投资者理性看待市场传闻，一切信息以公司法定披露媒体发布的公告为准。切勿轻信或传播未经证实的信息，注意投资风险。,北斗星通
北斗星通,2151,2151,北斗星通,制造业,12002,请问贵公司，跟兵器集团有没有合作关系？合作的具体项目有哪些？,irm3379837,APP,2026-06-04 20:19:41,2026-06-08 16:03:33,2267079692491083776,2283544606049419264,2.2863595020438323e+18,公司与兵器集团下属的多个所都有业务合作，具体的项目不方便透露，敬请谅解！,北斗星通
北斗星通,2151,2151,北斗星通,制造业,12002,请问一下董秘:现在2026年6月2日北斗星通的股价具有高性价比了吗？再问一下北斗星通董事会:2026年二季度公司的各项经营活动是否正常？,irm1341917,APP,2026-06-02 15:03:58,2026-06-08 15:58:03,92045454857994240,2281897546220945408,2.28635811027601e+18,非常抱歉，我们无法对股价的合理性作出评价；2026年度各项经营活动正常进行，谢谢关注！,北斗星通
北斗星通,2151,2151,北斗星通,制造业,12002,尊敬的董事会:请问一下目前欧美，日本的等海外市场业务销售有没有增长？,irm1341917,APP,2026-06-02 10:19:47,2026-06-08 15:27:33,92045454857994240,2281751079246217216,2.2863577580886917e+18,公司海外市场占营收不高，2025年度海外收入占比8.75%，同比增长26%。今年上半年的情况到时会在半年报中披露，敬请留意。,北斗星通
北斗星通,2151,2151,北斗星通,制造业,12002,公司有开发6G了吗？有产品可以应用上了吗,irm1645356,APP,2026-05-26 10:47:46,2026-06-03 20:45:33,1123723432285093888,2276570309325029376,2.281977063443882e+18,6G应用的相关陶瓷滤波器尚属于预研阶段，尚未到应用阶段。,北斗星通
北斗星通,2151,2151,北斗星通,制造业,12002,请问贵公司有半导体芯片吗？都应用哪些行业。,irm3379837,APP,2026-05-28 15:48:55,2026-06-03 20:45:03,2267079692491083776,2278209861733060608,2.2819783001960448e+18,公司专注于定位芯片，是公司的核心优势业务，下游应用比较广泛，包括车载定位、智能驾驶、无人机、割草机器人、智慧农机、测量测绘、穿戴设备、二轮车等。,北斗星通
北斗星通,2151,2151,北斗星通,制造业,12002,北斗星通子公司和芯星通科技是英伟达 Jetson 生态系统合作伙伴，Jetson 是专为嵌入式 AI 和机器人应用设计的计算平台，和芯星通科技可借助该平台为智能机器人应用赋能。难道是假消息吗？,irm3379837,APP,2026-05-28 00:42:07,2026-06-03 20:45:03,2267079692491083776,2277742500571779072,2.28197919372134e+18,新闻是真实的，2022年的时候确实有合作，后来由于地缘政治因素，合作无法继续，谢谢关注！,北斗星通
北斗星通,2151,2151,北斗星通,制造业,12002,"作为公司股东，非常关注公司在半导体自主可控领域的布局，想请教两个问题：

1. 目前公司自研北斗芯片的出货量，在公司整体业务中的占比是多少？

2. 公司在汽车、AI这些新场景的芯片业务拓展，有没有落地进展？未来3年有没有明确的资本开支计划？
",irm3379837,APP,2026-05-29 09:29:44,2026-06-03 11:30:03,2267079692491083776,2278756602479906816,2.2819789358710784e+18,"1.2025年公司定位芯片出货量接近1亿颗，收入占比约为50%。
2.公司的定位芯片在汽车上已经广泛使用，未来三年的资本开支主要还是回绕云芯一体化的投入，包括下一代芯片的开发、云平台、网络RTK和PPP-RTK商业化落地和技术迭代，满足全球用户对高精度位置的需求。",北斗星通
北斗星通,2151,2151,北斗星通,制造业,12002,截止今日股东股东有多少户,irm3379837,APP,2026-05-28 15:49:30,2026-06-03 11:30:03,2267079692491083776,2278210162342039552,2.2819766597169562e+18,"公司在定期报告中披露股东人数，2026年一季度报告期末普通股股东总数为162,498户。谢谢！",北斗星通
北斗星通,2151,2151,北斗星通,制造业,12002,亲爱的董秘请问贵公司当前给试验卫星提供的陶瓷基板，是否已经拿到正式批量订单了吗？预计什么时候能给公司贡献稳定营收？现有产能能否承接未来1-2年的潜在订单？公司有没有新增扩产的具体规划？对比国内同行业的陶瓷基板产品，公司产品适配航天高可靠性要求，核心优势是什么？当前量产良率是多少？是否满足客户批量要求？是否已经进入头部航天卫星厂商的供应链体系？谢谢！,irm3379837,网站,2026-05-13 16:13:48,2026-05-27 20:45:03,2267079692491083776,2267090139860262912,2.2765551224643297e+18,公司全资子公司佳利电子的介质滤波器和LTCC产品有应用到低轨卫星，目前还没有批量订单，产品还属于研发试制阶段，公司的优势是具备陶瓷粉料技术，能根据客户的指标快速定制化。谢谢关注！,北斗星通
北斗星通,2151,2151,北斗星通,制造业,12002,亲爱的董秘你好，请问贵公司和英伟达有没有业务来往，如果有可不可以具体说说有什么业务合作。贵司的陶瓷基板都应用于哪些行业，未来的研发方向是什么？有没有应用于商业航天？云芯一体模式都应用于哪些场景？谢谢,irm3379837,网站,2026-05-13 16:04:10,2026-05-27 20:45:03,2267079692491083776,2267085166288134145,2.276557793770455e+18,公司与英伟达没有业务往来。云芯一体化模式主要应用于对位置有高精度需求的领域，如无人机巡检、植保，农机无人作用，机器人割草，传统的有测量测绘，地质灾害监测等。关于陶瓷基板的问题已有相关回复，谢谢！,北斗星通
北斗星通,2151,2151,北斗星通,制造业,12002,尊敬的董事会，周董事长，董秘:请解释一下2025年报，2026年一季报存货资金为什么会一直有那么多？,irm1341917,APP,2026-05-25 10:14:54,2026-05-27 11:30:04,92045454857994240,2275811199605391360,2.276558257626923e+18,公司现金余额比较大的主要原因是：1、23年通过非公开发行募集9.45亿元，主要应用于下一代定位芯片的开发，相关资金使用情况可以查阅公司募集资金使用的专项报告；2、近五年公司聚焦主业，出售了部分非主业子公司股权收到的股权转让款；3、狠抓应收账款和存货周转，2025年度公司经营性净现金流达3.93亿元。,北斗星通
北斗星通,2151,2151,北斗星通,制造业,12002,公司陶瓷基板产品目前产能爬坡情况如何？下游客户验证进展怎么样？2026年有没有明确的出货目标，对公司整体利润贡献预计有多大？公司的氮化铝陶瓷基板和国内主流厂商比，在热导率、平整度这些核心指标上有没有差异？目前在光模块、碳化硅功率器件这些高景气下游，有没有拿到批量订单？,irm3379837,APP,2026-05-13 18:21:23,2026-05-27 11:30:04,2267079692491083776,2267155887219630080,2.276557544662352e+18,公司的陶瓷基板主要材料为氧化铝，当前主要的下游领域是穿戴类设备的压力传感器，订单规模较小，属于培育的项目之一，产品没有应用到光模块和功率器件领域。,北斗星通
北斗星通,2151,2151,北斗星通,制造业,12002,董事会以及周董事长:根据公司海外市场发展规划，提些建议:请公司董事会抽调精干人员去组合最强团队去开发海外市场。可以考虑公开招聘去选拔，重奖之下可招揽到顶尖销售人才。请董事会周董事长早日周密实施方案。愿北斗星通产品海外市场占有率越来越高。,irm1341917,APP,2026-05-11 10:18:43,2026-05-27 11:30:04,92045454857994240,2265422790493679616,2.2765515748562289e+18,感谢您的建议，公司在德国和日本已设立子公司，当前主要以销售为主，除了外派人员外，公司已开始启动本地化招聘。,北斗星通
北斗星通,2151,2151,北斗星通,制造业,12002,请问董事会董事长董秘:2026年北斗星通海外市场开拓展方面具体有哪些举措？围绕2026年的年度工作计划推进，目前落实到了哪些步骤？还有上次提到的到东南亚开厂事宜，落实情况怎样？谢谢。,irm1341917,APP,2026-04-27 10:06:47,2026-05-07 11:45:03,92045454857994240,2255026246628093952,2.2572858375397458e+18,公司海外市场以欧洲和东南亚市场为主，目前已在德国和日本设立了公司并派驻人员，同时也正在东南亚考察，目前已专门成立了海外建厂的筹备小组，按计划正在顺利推进。,北斗星通
北斗星通,2151,2151,北斗星通,制造业,12002,请问贵司从事定位芯片、天线和高精度位置数据服务是否应用于卫星互联网行业，以及航天行业？具体应用是否有无可替代性？以及未来的还有哪些方面的行业拓展？,irm1455256,网站,2026-04-07 00:05:22,2026-05-07 11:45:03,671225632398249984,2239872871835316224,2.2572866020166328e+18,卫星互联网和商业航天还属于产业规模化的初期阶段，尚未形成规模化的应用场景，公司保持积极关注并提供相关产品给客户，协助客户进行应用推广，目前规模很小。公司的核心业务是为用户提供复杂环境下的精准位置，低轨卫星作为新型的空间基础设施，公司的任务把这些基础设施能力与客户应用场景充分结合，提升定位精度和可靠性。我们也密切关注下游新的规模化应用场景是否会出现。,北斗星通
北斗星通,2151,2151,北斗星通,制造业,12002,董事会和周儒欣董事长:有没有考虑过怎样来为行业树立做精、做强、做优的标杆？资本市场上北斗星通股价犹如大幅过山车一样，有怎样的举措来给市场维稳？难道大幅下跌就是应该的？,irm1341917,APP,2026-03-24 10:49:30,2026-04-20 08:52:02,92045454857994240,2229814470686855168,2.247799044944302e+18,股价波动可能是受到外部环境和相关信息的影响。公司管理层正全力聚焦经营、降本增效、加快海外市场开拓，用业绩与行动回报股东。,北斗星通
北斗星通,2151,2151,北斗星通,制造业,12002,请问公司与中科宇航是否有业务合作？,irm1888639,网站,2026-04-01 15:46:24,2026-04-20 08:50:03,1591487616150233088,2235904854595366912,2.2477976533748982e+18,公司与中科宇航没有业务合作，谢谢！,北斗星通
北斗星通,2151,2151,北斗星通,制造业,12002,请问贵公司旗下的佳利电子所生产的LTCC陶瓷基板目前是用的丝网印刷工艺吗，在后续针对更高精度的线路要求时是否会考虑LDI设备,irm3295745,网站,2026-04-15 17:35:22,2026-04-20 08:40:03,2246348641447317504,2246351400552558592,2.2477958581837455e+18,佳利电子LTCC陶瓷基板当前采用的丝网印刷工艺，如果后续客户需要更高工艺、更细线宽的基板，会评估考虑LDI设备。,北斗星通
北斗星通,2151,2151,北斗星通,制造业,12002,国家说要把北斗产业做成万亿级市场，请正面且明确回答，根据公司的现有业务和未来的发展，此项政策会使公司成长为多大规模？跟现有利润比，有多大提升？,irm3021261,网站,2026-03-13 14:28:29,2026-03-23 20:45:03,2163038353354108928,2221763468681887744,2.2285558219308278e+18,北斗系统作为全球四大系统之一，已经在各自场景广泛使用并发挥了重要作用，也得到了国家政策层面的大力支持，随着智能化和数字化时代的来临，新兴市场也在不断涌现，卫星导航产业的发展也因此而受益。谢谢！,北斗星通
北斗星通,2151,2151,北斗星通,制造业,12002,作为普通投资者，贵司的主营业务太高端了，不懂技术无法提问。那就在新的一年预祝一下贵司技术突破，业马到成功，股价长虹！预祝我们国家的航天事业超英赶美再创辉煌，实现老一辈革命家科技工作者未完的心愿！大家一起加油！,irm1863077,公众号,2026-02-25 06:55:31,2026-03-23 15:30:33,1524509671411351552,2209655268787294208,2.2285553924340982e+18,感谢您的鼓励和支持，我们会持续奋斗，争取早日实现国际领先！谢谢！,北斗星通
北斗星通,2151,2151,北斗星通,制造业,12002,请问董事会:围绕出海经营活动，有哪些具体举措？出海经营目前最大的困境是什么？怎样来克服这些困难？,irm1341917,APP,2026-02-13 10:31:47,2026-03-23 15:18:33,92045454857994240,2200860696043520000,2.2285551178160005e+18,公司出海的主要市场以欧洲和东南亚市场为主，目前已在德国和日本设立了公司并派驻人员，同时也正在东南亚考察，拟建立海外的生产基地。谢谢！,北斗星通
北斗星通,2151,2151,北斗星通,制造业,12002,尊敬的董事会:根据北斗星通2026年1月份的经营活动消息和北斗星通在手订单数据，请董事会回答:目前北斗星通的各项业务经营活动是否正如期进行推进？公司是否存在重大问题影响公司经营？是否存在不良影响事件？请董事会根据事实回答上面问题。谢谢。,irm1341917,APP,2026-02-13 09:49:17,2026-03-23 15:18:33,92045454857994240,2200838800478945280,2.228554894477701e+18,公司各项经营活动按照年初计划正常开展，谢谢您的关注！,北斗星通
合众思壮,2383,2383,合众思壮,制造业,12002,请问公司全资子公司【河南合众思壮时空软件科技有限公司】拒不履行 北京东城区 法院（2026）京0101执4301号、4303生效判决，长期对抗司法执行，上市公司采取何种管控措施？何时督促清偿执行款？请如实披露整改进度。,irm3408855,网站,2026-06-10 11:40:08,2026-06-10 16:26:25,2287727721996800000,2287729853503987712,,,
合众思壮,2383,2383,合众思壮,制造业,12002,董秘您好：千寻位置CEO陈金培在解读行业趋势时表示，“北斗规模化应用正从追求终端数量，转向以质量牵引数量跃升的新阶段，与具身智能、物理AI的深度融合将成为下一轮增长的核心机遇，贵司是否也由此布局和发展，方便介绍下吗？,irm2694649,网站,2026-06-01 14:43:13,2026-06-02 14:29:15,2069773009525805056,2281144680796741632,,,
合众思壮,2383,2383,合众思壮,制造业,12002,董秘你好，公司2019年至2024年扣非净利润已连续6年亏损，现在公司创始人、股东郭信平债务爆雷和股权冻结，造血能力差，依赖外部，请问公司是否会被ST？,irm3386502,网站,2026-05-20 13:58:18,2026-05-28 20:45:33,2271471468349935616,2272215486539612160,2.2775756744643707e+18,您好！根据《深圳证券交易所股票上市规则》的相关规定，截至目前，公司未发现存在实施退市风险警示或退市的情形。感谢您的关注！,合众思壮
合众思壮,2383,2383,合众思壮,制造业,12002,"董秘您好！公司已成为中国卫星导航定位领域的龙头企业之一。公司已陆续推出“集思宝”,“任我游”,“芯动”,“新月”,“天鹰”等十余个产品系列近200种产品,满足GIS数据采集,高精度测量,汽车导航,系统集成,位置信息服务等与卫星导航应用相关的各类细分市场。其中,GIS数据采集产品市场占有率第一,“任我游”PND品牌关注度第一。综上所述：贵司有涉及“卫星互联网”“低空经济”和“商业航天”吧？谢谢！",cninfo808591,网站,2026-05-11 13:28:48,2026-05-28 20:45:33,972558965909643264,2265520749302460416,2.2775762414000538e+18,您好！公司以卫星导航技术为基础进行相关产品的研发、制造和销售，并在专业市场拓展行业应用，为众多用户提供北斗高精度及时空信息产品服务，以及“北斗+”、“+北斗”行业解决方案，推进北斗卫星导航产业全球化发展布局。在低空经济领域，公司已针对长航时拍摄、监控、勘察、数据采集等行业发展趋势，推出无人机测量等行业解决方案，但尚未实现规模化营收体量；在商业航天领域，公司目前未开展火箭发射、回收及卫星互联网业务。感谢您的关注！,合众思壮
合众思壮,2383,2383,合众思壮,制造业,12002,请问：兴慧电子诉郭信平及友合科技有无最新进展？截至2026年5月24日，上诉期已过，郭信平是否已上诉？,irm1422832,网站,2026-05-25 16:32:52,2026-05-28 11:30:04,500539388602241024,2276006001535180800,2.277574858599129e+18,您好！有关诉讼的最新进展，公司会严格按照信息披露要求及时披露，请您留意后续公告。感谢您的关注！,合众思壮
合众思壮,2383,2383,合众思壮,制造业,12002,请问公司：兴慧电子诉大股东郭信平及其实控的友合科技案，截至2026年5月24日，上诉期已过，有什么最新进展没有？被告方是否已上诉？,irm1422832,网站,2026-05-25 16:16:18,2026-05-28 11:30:04,500539388602241024,2275997462961651712,2.2775749788233277e+18,您好！有关诉讼的最新进展，公司会严格按照信息披露要求及时披露，请您留意后续公告。感谢您的关注！,合众思壮
合众思壮,2383,2383,合众思壮,制造业,12002,董秘你好，贵司是否有能用于矿山，煤矿的设备，另外公司的自动驾驶，机械控制能否用于矿山的运输等工作,irm2694649,网站,2026-05-23 18:24:26,2026-05-28 11:30:04,2069773009525805056,2274579161681297408,2.2775751762282906e+18,您好！公司拥有的“北斗+智能露天矿开采系统”可提供覆盖露天矿“穿孔-剥离-运输-排土-验收”全流程一体化解决方案，为矿山生产的数字化、智能化和无人化提供有力支撑，相关产品已应用于矿山运输场景。感谢您的关注！,合众思壮
合众思壮,2383,2383,合众思壮,制造业,12002,董秘您好！国内A股很多国产芯片上市公司股价都在大幅上涨，而贵司的核心概念中也有“国产芯片”概念，股价却总是跌跌不休，让人惊讶！请问：贵司是否真实拥有国产芯片的概念？贵司的国产芯片包含了哪些产品？目前贵司的国产芯片在研发，生产，销售情况如何？在接下来的国产替代和芯片商业化方面，贵司是如何规划的？谢谢！,irm2177116,网站,2026-05-21 11:45:19,2026-05-28 11:30:04,1889186024320303104,2272889117800251392,2.2775755028442235e+18,您好！关于公司的核心技术及研发销售情况，请您参阅公司披露的定期报告。感谢您的关注！,合众思壮
合众思壮,2383,2383,合众思壮,制造业,12002,贵司大股东持有超聚变多少股份？,irm2694649,网站,2026-05-20 10:24:19,2026-05-28 11:30:04,2069773009525805056,2272105200369385472,2.2775757862771794e+18,您好！感谢您的关注！,合众思壮
合众思壮,2383,2383,合众思壮,制造业,12002,请问公司在河南省产权交易中心挂牌转让江苏金威遥感数据工程有限公司 100% 股权的项目，本次挂牌期内是否征集到意向受让方？后续安排是什么？,irm3386502,网站,2026-05-19 13:58:59,2026-05-28 11:30:04,2271471468349935616,2271473668378181632,2.2775759149825393e+18,您好！目前尚未征集到意向受让方，公司后续将持续推进项目推介及股权退出。感谢您的关注！,合众思壮
合众思壮,2383,2383,合众思壮,制造业,12002,2025年公司3年以上应收账款占应收账款比例达到35.62%，请问是否涉嫌调节利润？,irm3194888,网站,2026-05-02 12:08:54,2026-05-28 11:30:04,2217534435910610944,2258800044634513408,2.2775764131987456e+18,您好！公司3年以上应收账款主要集中于项目类客户，该类客户普遍回款周期较长。针对相关款项，公司持续加强与相关客户的沟通同时，也积极综合采取发催收函、现场催收、法律诉讼等多种措施，积极推进款项回收。感谢您的关注！,合众思壮
合众思壮,2383,2383,合众思壮,制造业,12002,2025年年报显示，公司应收账款占比较高，特别是3年以上应收账款占总资产达到35.62%，远超同行水平，请问公司为什么那么久没有收回？相关销售是否真实？,irm3193521,网站,2026-04-23 21:41:39,2026-05-28 11:30:04,2217164329998405632,2252415696008093696,2.2775764735068324e+18,您好！公司3年以上应收账款主要集中于项目类客户，该类客户普遍回款周期较长。针对相关款项，公司持续加强与相关客户的沟通同时，也积极综合采取发催收函、现场催收、法律诉讼等多种措施，积极推进款项回收。感谢您的关注！,合众思壮
合众思壮,2383,2383,合众思壮,制造业,12002,2025年公司3年以上应收账款占应收账款比例达到35.62%，公司销售是真实的吗？为什么应收货款超过3年没收回？,irm3246964,网站,2026-04-23 21:23:22,2026-05-28 11:30:04,2232353215384117248,2252406272822554624,2.2775765508162437e+18,您好！公司3年以上应收账款主要集中于项目类客户，该类客户普遍回款周期较长。针对相关款项，公司持续加强与相关客户的沟通同时，也积极综合采取发催收函、现场催收、法律诉讼等多种措施，积极推进款项回收。感谢您的关注！,合众思壮
合众思壮,2383,2383,合众思壮,制造业,12002,请问贵公司既然已具备车规级高精度定位技术能力，那是否已经计划向道路自动驾驶领域进军？如果尚未计划向该领域开拓业务，那未来一但需要，是否能快速向该领域提供成熟产品？,irm3057047,公众号,2026-04-20 09:07:20,2026-05-28 11:30:04,2174961027954634752,2249800421674790912,2.277576782565933e+18,您好！公司目前主营业务主要聚焦非道路工程机械的无人驾驶技术研究，在农机自动驾驶系统领域已经实现规模化应用。公司持续关注智能驾驶技术发展动态，并积极与产业链伙伴就相关业务机会进行对接评估。如有重要进展，将及时通过公告发布。感谢您的关注！,合众思壮
合众思壮,2383,2383,合众思壮,制造业,12002,"请问公司，针对郭信平与郑州航空港区兴慧电子科技有限公司的债务纠纷一审判决事项，截至目前：
郭信平先生是否在法定上诉期内提起上诉？
本案一审判决是否已正式生效？
公司是否已收到本案相关的二审受理通知书、判决生效证明、强制执行通知书或其他相关法律文书？
请公司就以上问题逐一明确答复，谢谢。",irm3261292,网站,2026-04-02 10:21:16,2026-04-02 11:22:05,2236477715678642176,2236479460497645569,,,
合众思壮,2383,2383,合众思壮,制造业,12002,董秘您好，此次大股东减持是因为什么原因减持？是不看好公司发展进行套现还是别的原因？请回复，谢谢,cninfo602642,网站,2026-03-12 08:11:21,2026-03-24 20:45:33,379560098438979584,2220826916044648448,2.22927376811853e+18,您好！郭信平先生因其个人债务问题，后期司法裁定可能导致其股票被动减持。感谢您的关注！,合众思壮
合众思壮,2383,2383,合众思壮,制造业,12002,董秘您好：贵司新研制的高精度定位芯片，是否供货于比亚迪等国产车企？,irm2694649,网站,2026-03-02 13:03:22,2026-03-24 15:00:04,2069773009525805056,2213555716801146880,2.229274489619067e+18,您好！关于公司的销售以及经营情况，请您参阅公司披露的定期报告。感谢您的关注！,合众思壮
合众思壮,2383,2383,合众思壮,制造业,12002,董秘你好:截止2026年3月20日，合众思壮股东变化情况，请说明一下。,irm1417640,网站,2026-03-21 20:39:08,2026-03-24 11:30:03,453157094667554816,2227891853541298176,2.229276035601453e+18,"您好！公司在定期报告中披露每个季度末的公司股东人数及股东情况,请您关注相关报告。感谢您的关注！",合众思壮
合众思壮,2383,2383,合众思壮,制造业,12002,董秘您好！贵司两大股东之间的债务纠纷已经持续很久时间了，是一个公开的秘密，昨天贵司的一个公告，公司股价跌到接近跌停，两天时间市值缩水10亿，导致六七万名投资者损失巨大，请问贵司高管层是否要采取响应措施来维护投资者的合法利益？维护国有资产的稳定？希望贵司高管层提高觉悟，坚决采取必要措施，减少该事件对公司的负面影响，维护投资者的合法权益。,irm2177116,网站,2026-03-12 14:47:37,2026-03-24 11:30:03,1889186024320303104,2221031150329507840,2.2292735617002906e+18,您好！公司持续关注二级市场股价表现，围绕既定战略目标聚焦主业经营，通过依法合规运用市值管理工具，加强与各市场主体的沟通交流，传递公司价值，稳定市场预期，努力提升企业市场表现，增进市场认同。感谢您的关注！,合众思壮
合众思壮,2383,2383,合众思壮,制造业,12002,董秘你好！目前公司的农业机械自动驾驶实现了厘米级导航自动驾驶并且处于成熟领域。公司在高精度核心技术领域也有着深厚技术积累与储备，包括卫星导航射频和基带技术、高精度定位解算算法、多传感器融合等，以上技术可作为未来进军任何高级别自动驾驶领域的基础。公司是否有汽车L3级自动驾驶领域业务布局或产业规划？,cninfo451038,网站,2026-03-04 14:52:05,2026-03-24 11:30:03,336241539242816515,2215096089641988096,2.229274360770048e+18,您好！公司目前主营业务主要聚焦非道路工程机械的无人驾驶技术研究，在农机自动驾驶系统领域已经实现规模化应用。同时，在核心技术上，公司已具备车规级高精度定位应用能力。感谢您的关注！,合众思壮
合众思壮,2383,2383,合众思壮,制造业,12002,董秘您好！近期塔克拉玛干沙漠无人种树机（北斗导航无人驾驶）引发广泛关注。请问： 1.公司的BD-RGS北斗路径导航系统、慧农系列农机自动驾驶系统等产品，是否已应用于塔克拉玛干沙漠的无人种树机/机械化造林设备？2.公司在新疆和田、皮山等沙漠治理项目中，是否有相关技术落地、订单或合作？3.公司在沙漠治理、生态修复领域的精准导航/无人作业技术，未来有何拓展规划？盼复，谢谢,cninfo1261821,网站,2026-02-24 13:44:44,2026-03-24 11:30:03,1755751827179806720,2209124014925922304,2.2292741460216832e+18,您好！公司慧农系列北斗农机自动驾驶产品，具备在复杂地形下高精度路径规划与无人作业的技术能力，相关产品技术上可应用于无人化机械造林等生态治理场景。公司已在新疆地区建立成熟经销渠道网络，产品在当地农业生产及多元化作业场景中得到应用，后续公司将持续关注无人化机械造林、沙漠治理等生态修复领域相关市场机会。感谢您的关注！,合众思壮
合众思壮,2383,2383,合众思壮,制造业,12002,董秘你好！截至2024年贵公司在欧盟国家的销售收入占比为多少？了解到贵公司在米兰成立子公司，请问上述收入是否全部来源于境外子公司？,irm2877998,网站,2026-02-11 22:44:06,2026-03-24 11:30:03,2120997083117244416,2199753787676753920,2.2292739742229914e+18,您好！公司的境外业务由国内部分子公司及境外子公司协同开展。感谢您的关注！,合众思壮
振芯科技,300101,300101,振芯科技,信息传输、软件和信息技术服务业,12015,董秘，您好，我国成功研制出三维多层片上电容 可直接应用于AI/GPU芯片、高性能处理器等高端芯片，请问贵公司是否有相关配套产品，或者有该领域的技术储备？,irm1930094,公众号,2026-06-12 19:45:13,2026-06-15 15:59:00,1700813285626961920,2289464203979350016,,,
振芯科技,300101,300101,振芯科技,信息传输、软件和信息技术服务业,12015,董秘，您好，请问贵公司股价持续低迷，是否有市值管理概念？公司内部管理层是否一心想要带领企业做大做强，给企业带来更好的业绩未来？,irm1930094,公众号,2026-06-08 20:59:46,2026-06-11 10:33:42,1700813285626961920,2286533945361784832,,,
振芯科技,300101,300101,振芯科技,信息传输、软件和信息技术服务业,12015,您好！请问公司有什么产品可以应用到6G卫星通信网络建设上和同行比较有什么优势?,irm1597068,公众号,2026-06-09 11:26:01,2026-06-10 09:15:50,1009869046154440704,2286980415623593984,,,
振芯科技,300101,300101,振芯科技,信息传输、软件和信息技术服务业,12015,目前芯片在制造环节成本提升了不少，请问公司的芯片有没有涨价销售？,irm1597068,公众号,2026-06-09 07:24:53,2026-06-09 16:42:16,1009869046154440704,2286856127859982336,,,
振芯科技,300101,300101,振芯科技,信息传输、软件和信息技术服务业,12015,董秘，您好，请问司研发的CPO 光模块主要用于特定行业阵列领域，主要配套特定行业微系统、数字射频SiP系列产品，可满足气密性与国产化要求，预计什么时候投产，产生销售收入？,irm1930094,公众号,2026-06-08 21:01:31,2026-06-09 16:15:55,1700813285626961920,2286534847304916992,,,
振芯科技,300101,300101,振芯科技,信息传输、软件和信息技术服务业,12015,1、贵司DBF芯片的竞争对手有哪些？2、贵司DBF芯片的竞争对手去年销售收入多少？3、DBF芯片预测市场空间多大。,irm1415691,网站,2026-06-08 13:49:44,2026-06-09 14:35:11,429393478704807936,2286312307671023616,,,
振芯科技,300101,300101,振芯科技,信息传输、软件和信息技术服务业,12015,董秘，您好亲贵公司是否有光通信业务？,irm1930094,公众号,2026-05-22 14:18:46,2026-06-08 20:45:33,1700813285626961920,2273710375606771712,2.286156838444843e+18,您好，感谢您的关注。与消费类高速数通CPO光模块应用于AI算力领域不同，公司研发的CPO光模块主要用于特定行业阵列领域，主要配套特定行业微系统、数字射频SiP系列产品，可满足气密性与国产化要求，目前尚未投产，暂未产生销售收入，请投资者注意投资风险。,振芯科技
振芯科技,300101,300101,振芯科技,信息传输、软件和信息技术服务业,12015,公司在5月8日发布的《投资者关系管理》里说“正在推出用于SiP集成的CPO光模块、用于板级集成的NPO光模块，完整打通从电信号链路到高速光传输的全链路架构，并同步推出适配AI场景的可伸缩数字子阵微系统系列产品。”请问公司为何会有cpo光模块技术？公司在cpo光模块的产能方面会有在怎么样的安排？,irm1251790,网站,2026-05-18 15:08:54,2026-06-08 20:45:33,89813824210731008,2270767532556484608,2.2861570102435348e+18,您好，感谢您的关注。与消费类高速数通CPO光模块应用于AI算力领域不同，公司研发的CPO光模块主要用于特定行业阵列领域，主要配套特定行业微系统、数字射频SiP系列产品，可满足气密性与国产化要求，目前尚未投产，暂未产生销售收入，请投资者注意投资风险。,振芯科技
振芯科技,300101,300101,振芯科技,信息传输、软件和信息技术服务业,12015,董秘你好，公司的光模块业务目前处于“芯片+微型模块+系统方案”的垂直深耕阶段，能否介绍下目前业务研发进展？,irm1930094,公众号,2026-04-28 18:36:01,2026-06-08 20:45:33,1700813285626961920,2256030872791916544,2.2861572337539318e+18,您好，感谢您的关注。与消费类高速数通CPO光模块应用于AI算力领域不同，公司研发的CPO光模块主要用于特定行业阵列领域，主要配套特定行业微系统、数字射频SiP系列产品，可满足气密性与国产化要求，目前尚未投产，暂未产生销售收入，请投资者注意投资风险。,振芯科技
振芯科技,300101,300101,振芯科技,信息传输、软件和信息技术服务业,12015,董秘，您好，请问贵公司是否涉及共封装光学相关领域研发合作，具备一定技术储备？,irm1930094,公众号,2026-04-17 23:56:05,2026-06-08 20:45:33,1700813285626961920,2248031968539430912,2.286158247194116e+18,您好，感谢您的关注。与消费类高速数通CPO光模块应用于AI算力领域不同，公司研发的CPO光模块主要用于特定行业阵列领域，主要配套特定行业微系统、数字射频SiP系列产品，可满足气密性与国产化要求，目前尚未投产，暂未产生销售收入，请投资者注意投资风险。,振芯科技
振芯科技,300101,300101,振芯科技,信息传输、软件和信息技术服务业,12015,董秘，您好，请问贵公司产品是否涉及光模块领域，并具备相关领域的技术储备？,irm1930094,公众号,2026-04-17 23:42:42,2026-06-08 20:45:33,1700813285626961920,2248025062232018944,2.2861583846330696e+18,您好，感谢您的关注。与消费类高速数通CPO光模块应用于AI算力领域不同，公司研发的CPO光模块主要用于特定行业阵列领域，主要配套特定行业微系统、数字射频SiP系列产品，可满足气密性与国产化要求，目前尚未投产，暂未产生销售收入，请投资者注意投资风险。,振芯科技
振芯科技,300101,300101,振芯科技,信息传输、软件和信息技术服务业,12015,您好！请问公司有产品应用到“千帆星座”项目吗？具体有哪些？,irm1597068,公众号,2026-06-05 16:39:39,2026-06-08 17:31:37,1009869046154440704,2284173371027816448,,,
振芯科技,300101,300101,振芯科技,信息传输、软件和信息技术服务业,12015,请问董秘，今年3月份公司收到的（2026）川0191民初4346号诉讼目前进展情况怎么样？作为本公司的中小投资者，除了与此案关联密切的当事人，投资市场中的中小股东有权利知晓此案目前的进展、公司是否有积极主动的应诉和推动此诉讼的司法判决结果，定期公告类似诉讼案件的进展情况，谢谢。,irm3401136,公众号,2026-06-04 17:03:48,2026-06-08 09:51:24,2281994593667928064,2283443647672836096,,,
振芯科技,300101,300101,振芯科技,信息传输、软件和信息技术服务业,12015,董秘，您好，请问贵公司是否有新研发技术？主要涉及哪些领域？主要技术壁垒有哪些？,irm1930094,公众号,2026-05-25 17:29:32,2026-06-04 09:06:33,1700813285626961920,2276035207044358144,2.2826863762190746e+18,您好，感谢您的关注。公司研发项目具体情况详见公司《2025年年度报告》相关章节。,振芯科技
振芯科技,300101,300101,振芯科技,信息传输、软件和信息技术服务业,12015,新董事会成员和原管理层内斗会不会影响公司订单和业绩，还是对于公司运营，双方达成共识在不影响公司业绩的前提下进行？,irm1597068,公众号,2026-05-27 20:21:18,2026-06-04 09:06:03,1009869046154440704,2277608075429216256,2.28268604980156e+18,您好，感谢您的关注。公司目前日常生产经营正常。公司的治理稳定和业务可持续发展离不开全体股东的共同努力，请投资者注意投资风险，理性投资。,振芯科技
振芯科技,300101,300101,振芯科技,信息传输、软件和信息技术服务业,12015,尊敬的董秘，您好！請問針對近期股東間關於董事會的分歧，是否已建立常態化溝通機製，確保董事會和經營層正常履職、核心業務持續穩定開展？公司是否已向深交所提交過相關治理安排的說明文件？,irm1597068,公众号,2026-05-28 09:43:18,2026-06-04 09:04:03,1009869046154440704,2278021423081783296,2.282684306044838e+18,您好，感谢您的关注。公司在今年1月至3月已多次在法定信息披露媒体披露控股股东推进董事会提前换届等进展信息，截至目前，公司第七届董事会已完成换届，目前生产经营正常。请投资者注意投资风险，理性投资。,振芯科技
振芯科技,300101,300101,振芯科技,信息传输、软件和信息技术服务业,12015,董秘您好，公司产品是否涉足太空算力业务，相关产品落地及供货情况怎样？ 公司相关算力板卡、星载芯片是否应用于太空算力领域，目前业务进展如何？,irm1930094,公众号,2026-05-28 21:27:45,2026-06-04 09:03:03,1700813285626961920,2278384493847183360,2.2826836272415867e+18,您好，感谢您的关注。公司目前暂不涉及算力芯片研发，公司的GPU算力板卡主要应用于特定行业，占收入比例很低。请投资者注意投资风险，理性投资。,振芯科技
振芯科技,300101,300101,振芯科技,信息传输、软件和信息技术服务业,12015,2026年一季度及后续订单获取是否受公司治理变动影响，新签合同有哪些？针对客户对供应商稳定性的要求，公司采取了哪些措施保障订单履约连续性？,irm1597068,网站,2026-05-28 16:34:50,2026-06-04 09:03:03,1009869046154440704,2278233525925273600,2.282683988190937e+18,您好，感谢您的关注。公司目前生产经营正常，订单获取及交付未受重大影响，当前公司正全力保障业务稳定和可持续发展。合同等相关信息请以公司定期报告或其它公告为准。公司将按照相关要求及时履行信息披露义务，请注意投资风险。,振芯科技
振芯科技,300101,300101,振芯科技,信息传输、软件和信息技术服务业,12015,您好！请问公司是否建立应急预案，以应对管理权交接期间可能影响日常运营的突发情况？,irm1597068,网站,2026-05-28 16:33:16,2026-06-04 09:03:03,1009869046154440704,2278232718471421952,2.2826837906487624e+18,您好，感谢您的关注。公司目前日常生产经营正常。请投资者注意投资风险，理性投资。,振芯科技
振芯科技,300101,300101,振芯科技,信息传输、软件和信息技术服务业,12015,董秘，您好，请问贵公司太空算力板卡业务是否已经批量出货？,irm1930094,公众号,2026-05-28 21:53:13,2026-06-04 09:02:33,1700813285626961920,2278397627857174528,2.2826833523835535e+18,您好，感谢您的关注。公司目前暂不涉及算力芯片研发，公司的GPU算力板卡主要针对特定行业，占收入比例很低。请投资者注意投资风险，理性投资。,振芯科技
振芯科技,300101,300101,振芯科技,信息传输、软件和信息技术服务业,12015,公司是否能公布大股东的的诉求内容和原管理层的诉求内容？一起协商怎么治理好公司？,irm1597068,公众号,2026-05-29 10:54:40,2026-06-04 09:00:33,1009869046154440704,2278800384298934272,2.2826821242014515e+18,您好，感谢您的关注。公司治理离不开全体股东的共同努力，公司第七届董事会换届工作已完成，当前正持续优化治理结构。公司始终致力于保障经营稳定，截至目前生产经营正常。请投资者以公告为准，注意投资风险。,振芯科技
振芯科技,300101,300101,振芯科技,信息传输、软件和信息技术服务业,12015,董秘好，近来振芯科技公司发生了新管理团队无法正常进入公司履职情况，目前是否已解决？如未解决，公司有什么措施解决这些内部管理问题？,irm3399208,公众号,2026-05-31 20:26:31,2026-06-04 09:00:04,2280576086052884480,2280579445473738752,2.2826816603449836e+18,您好，感谢您的关注。公司第七届董事会换届工作已完成，当前正持续优化治理结构。公司始终致力于保障经营稳定，截至目前生产经营正常。,振芯科技
振芯科技,300101,300101,振芯科技,信息传输、软件和信息技术服务业,12015,请问公司有哪些产品可以应用到太空算力上？,irm1597068,公众号,2026-05-29 12:28:22,2026-06-04 09:00:04,1009869046154440704,2278848668142731264,2.2826819436144067e+18,您好，感谢您的关注。公司目前暂不涉及算力芯片研发，公司的GPU算力板卡主要应用于特定行业，占收入比例很低。请投资者注意投资风险，理性投资。,振芯科技
振芯科技,300101,300101,振芯科技,信息传输、软件和信息技术服务业,12015,根据目前公司的治理情况，公司是否有退市风险？,irm1597068,公众号,2026-05-29 10:47:49,2026-06-03 15:31:57,1009869046154440704,2278796845047463936,,,
振芯科技,300101,300101,振芯科技,信息传输、软件和信息技术服务业,12015,董秘，您好，请问贵公司二季度军工项目主要中标了哪些项目？,irm1930094,公众号,2026-06-02 22:55:37,2026-06-03 14:47:29,1700813285626961920,2282140631726096384,,,
振芯科技,300101,300101,振芯科技,信息传输、软件和信息技术服务业,12015,请问，贵公司去年从无实控人变更为实控人，从国腾电子集团的战略定位，是否有将上市公司名称从振芯科技恢复为国腾电子的计划？,irm3401136,公众号,2026-06-02 18:39:04,2026-06-03 14:03:01,2281994593667928064,2282008407041466368,,,
振芯科技,300101,300101,振芯科技,信息传输、软件和信息技术服务业,12015,你好，董秘，董事会及新管理层已经产生，是否有更积极主动的与资本市场交互，定期披露公司的发展经营理念，技术创新，重大合同签订等事项，向市场投资者更透明的信息，并及时澄清市场传言，释放稳定预期的计划？,irm3401136,公众号,2026-06-02 18:36:08,2026-06-03 14:02:21,2281994593667928064,2282006895034433536,,,
振芯科技,300101,300101,振芯科技,信息传输、软件和信息技术服务业,12015,董秘，您好，请问贵公司是否中标北斗项目15亿订单？,irm1930094,公众号,2026-06-02 17:55:27,2026-06-03 13:57:08,1700813285626961920,2281985927182639104,,,
振芯科技,300101,300101,振芯科技,信息传输、软件和信息技术服务业,12015,董秘，您好，2024年股权激励三期业绩考核目标具体数值、目前完成进度？,irm1930094,公众号,2026-06-02 17:15:07,2026-06-03 13:48:26,1700813285626961920,2281965139540926464,,,
振芯科技,300101,300101,振芯科技,信息传输、软件和信息技术服务业,12015,董秘，您好，请问：公司管理层矛盾是否理顺、有无股权激励；产业园投产及产能增量规划；军工芯片、北斗、无人视觉订单落地情况，通导一体、低空导航供货情况，高端芯片与车规芯片研发量产进度情况，全年业绩能否改善、有无分红计划？,irm1930094,公众号,2026-06-02 16:07:09,2026-06-03 11:18:24,1700813285626961920,2281930109787660288,,,
振芯科技,300101,300101,振芯科技,信息传输、软件和信息技术服务业,12015,您好，鉴于公司股价持续低迷，公司董事会管理层及控股股东是否有回购或增持计划？还有哪些维稳股价的措施可以实施？能不能有点诚意来维护股价啊？难道贵公司也不想好好发展公司吗？,irm1597068,公众号,2026-06-01 11:57:58,2026-06-02 13:55:37,1009869046154440704,2281059511326826496,,,
振芯科技,300101,300101,振芯科技,信息传输、软件和信息技术服务业,12015,针对SpaceX、OneWeb等商业航天公司的大型LEO卫星星座及配套相控阵需要具有多波束能力的通信载荷的能力要求，成都振芯科技股份有限公司设计推出了全数字多波束合成芯片GM5900A，一款32收32发的DBF（Digital Beam Form）芯片。请问贵司该款芯片和同行对比有什么优势？该款芯片是民用芯片吗？支持出口吗？,irm1597068,公众号,2026-05-30 07:47:39,2026-06-02 08:33:33,1009869046154440704,2279446158223147008,,,
振芯科技,300101,300101,振芯科技,信息传输、软件和信息技术服务业,12015,您好，请问当前董事会决议执行是否存在障碍，若存在，公司如何确保重大经营决策（如采购、销售合同签署）的合规性？,irm1597068,网站,2026-05-28 16:32:56,2026-06-01 08:58:32,1009869046154440704,2278232546474311680,,,
振芯科技,300101,300101,振芯科技,信息传输、软件和信息技术服务业,12015,董秘，您好，请问贵公司是否涉及人形机器人业务，能否具体介绍下？,irm1930094,公众号,2026-05-07 13:31:21,2026-05-29 20:45:33,1700813285626961920,2262553381926313984,2.278745546156499e+18,您好，感谢您的关注。公司不涉及人形机器人业务，公司聚焦特定行业的具身智能智能视觉方向，自主研制的视觉自主导航子系统、智能视觉模块以及全自主任务处理平台等核心产品可广泛应用于无人机、四足机器人等领域，实现具身智能产品、无人平台集群在复杂空间环境内的视觉感知、自主导航、集群协作等功能，发挥“眼睛”“大脑”指挥部署的关键作用，目前已实现小批量销售，占收入比例很低。请投资者注意投资风险，理性投资。,振芯科技
振芯科技,300101,300101,振芯科技,信息传输、软件和信息技术服务业,12015,董秘，您好，请问贵公司是否有涉及玻璃基板业务，是否存在相关技术储备或者研发？,irm1930094,公众号,2026-05-22 14:11:01,2026-05-28 11:30:04,1700813285626961920,2273706389877121024,2.2774830317314867e+18,您好，感谢您的关注。公司目前暂不涉及相关技术及业务。,振芯科技
振芯科技,300101,300101,振芯科技,信息传输、软件和信息技术服务业,12015,请问公司目前新董事会成员是否已经全部入职？有没有自己的办公室？进入公司是否还受阻？,irm1597068,公众号,2026-05-21 13:19:41,2026-05-28 11:30:04,1009869046154440704,2272937753761349632,2.2774832035500524e+18,您好，感谢您的关注。公司第七届董事会换届工作已完成，当前正持续优化治理，截至目前公司生产经营正常。,振芯科技
振芯科技,300101,300101,振芯科技,信息传输、软件和信息技术服务业,12015,请问，董秘，截止到5月18日持股股东人数是多少？,irm1930094,公众号,2026-05-20 16:12:46,2026-05-28 11:30:04,1700813285626961920,2272284790061883392,2.2774833325427302e+18,您好，感谢您的关注。关于公司股东情况请致电投资者热线028-65557625，需要核实您的投资者身份后告知。,振芯科技
振芯科技,300101,300101,振芯科技,信息传输、软件和信息技术服务业,12015,董秘，您好，公司未来是否有引进央企及外部实力资本的相关计划和想法？,irm1930094,公众号,2026-05-20 11:55:12,2026-05-28 11:30:04,1700813285626961920,2272152049624088576,2.277483538736046e+18,您好，感谢您的关注。目前公司不存在应披露未披露的相关计划，请投资者注意风险，理性投资。,振芯科技
振芯科技,300101,300101,振芯科技,信息传输、软件和信息技术服务业,12015,董秘，您好，请问贵公司或者子公司是否与四川成都国资委或者私下企业有股权合作？,irm1930094,公众号,2026-05-18 21:16:58,2026-05-28 11:30:04,1700813285626961920,2270957232850558976,2.2774838392052122e+18,感谢您的关注。公司控股子公司成都国弘天启智能科技有限公司的股东包含四川天府弘威军民融合产业发展股权投资基金合伙企业（有限合伙）、四川发展（控股）有限责任公司。,振芯科技
振芯科技,300101,300101,振芯科技,信息传输、软件和信息技术服务业,12015,董秘，您好，请问成都国资委已通过四川发展／天府弘威投资振芯子公司新橙北斗1.24亿元，属战略布局。公司是否与省国资、何燕、创始团队接触，洽谈控制权整体解决方案？国资委收购国腾集团100％股权，若落地：四川国资将成为实控人，将会解决一切控制权问题。,irm1930094,公众号,2026-05-18 16:19:27,2026-05-28 11:30:04,1700813285626961920,2270803893928157184,2.2774840369522524e+18,您好，感谢您的关注。目前公司不存在应披露未披露的相关信息，请投资者注意风险，理性投资。,振芯科技
振芯科技,300101,300101,振芯科技,信息传输、软件和信息技术服务业,12015,请问贵公司，管理层稳定后，是否有在港股上市的计划？,cninfo1346998,网站,2026-05-12 13:41:07,2026-05-28 11:30:04,2063789355666026496,2266269267258621952,2.27748464663919e+18,您好，感谢您的关注。目前暂无相关计划。,振芯科技
振芯科技,300101,300101,振芯科技,信息传输、软件和信息技术服务业,12015,董秘，您好，请问振芯科技是否是伊朗空间数据中心仿真测试系统的独家供应商？,irm1930094,公众号,2026-03-29 13:15:47,2026-05-19 08:58:02,1700813285626961920,2233600715236470784,2.2708351525215928e+18,您好，感谢您的关注。公司暂不涉及上述业务。,振芯科技
振芯科技,300101,300101,振芯科技,信息传输、软件和信息技术服务业,12015,贵司汽车相关芯片目前在哪些车企上有应用？目前和哪些车企建立了合作关系？,irm1597068,公众号,2026-04-03 21:14:17,2026-05-19 08:57:33,1009869046154440704,2237558192626675712,2.270834851873882e+18,您好，感谢您的关注。公司的SerDes接口等视频接口类芯片可用于智能汽车领域。目前公司已视相关行业情况开展产品研制及市场应用拓展。,振芯科技
振芯科技,300101,300101,振芯科技,信息传输、软件和信息技术服务业,12015,请问公司在无人驾驶中有相关产品和应用吗？目前有多少产品和应用可以在汽车上应用？对比国内竞争对手，贵司的竞争力如何？,irm1597068,公众号,2026-04-29 14:54:53,2026-05-19 08:57:03,1009869046154440704,2256659071861207040,2.27083226630357e+18,您好，感谢您的关注。公司从事北斗导航产业多年，产品应用覆盖车、机、船等诸多领域，为用户提供定位、导航、通信、授时等基础服务。同时，公司的SerDes接口等视频接口类芯片可用于智能汽车领域。目前公司已视相关行业情况开展产品研制及市场应用拓展。,振芯科技
振芯科技,300101,300101,振芯科技,信息传输、软件和信息技术服务业,12015,请问公司定制化的GPU算力板主要使用在什么场合？效果如果？销售情况如何？,irm1597068,公众号,2026-04-29 14:50:15,2026-05-19 08:56:03,1009869046154440704,2256656683859390464,2.2708334173548052e+18,您好，感谢您的关注。公司目前暂不涉及算力芯片研发，公司的GPU算力板卡主要针对特定行业，已实现小批量销售。,振芯科技
振芯科技,300101,300101,振芯科技,信息传输、软件和信息技术服务业,12015,实控人团队控制公司董事会后，公司如何平衡董事会与负责日常经营层的关系，是否评估过如何治理能使公司稳定发展？后续如何稳定公司？,irm1597068,公众号,2026-04-29 15:04:39,2026-05-19 08:55:03,1009869046154440704,2256664105562877952,2.2708317337276252e+18,您好，感谢您的关注。公司严格遵循上市公司治理要求，董事会专注战略决策与监督，经营层负责日常经营执行，权责边界清晰、相互制衡。近期公司完成董事会换届，聘任了新的总经理。公司将持续完善决策流程与内控体系，保障治理规范有效。,振芯科技
振芯科技,300101,300101,振芯科技,信息传输、软件和信息技术服务业,12015,董事会招聘的总经理设置有什么战略目标或者业绩目标考核吗？,irm1597068,公众号,2026-04-29 15:06:52,2026-05-19 08:54:03,1009869046154440704,2256665248024178688,2.2708305311367823e+18,您好，感谢您的关注。公司聘任总经理围绕战略推进与长期发展设定了明确的战略及业绩考核目标，考核工作由薪酬与考核委员会负责，考核结果与总经理绩效薪酬、中长期激励直接挂钩，严格按照公司薪酬管理制度执行，保障公司经营与战略落地。,振芯科技
振芯科技,300101,300101,振芯科技,信息传输、软件和信息技术服务业,12015,董秘，您好！请问公司今年推出的SiP系统级封装产品及核心产品ZH-SC001的市场应用情况如何？目前该产品在低轨卫星通信、小型化机载设备等领域是否有订单和收入？,irm1597068,公众号,2026-04-22 14:59:34,2026-04-22 15:55:47,1009869046154440704,2251466293191585792,,,
振芯科技,300101,300101,振芯科技,信息传输、软件和信息技术服务业,12015,您好！请问公司研发的GM5900A芯片，该芯片目前量产进度如何？客户验证情况如何？目前是否有订单？,irm1597068,公众号,2026-04-22 14:57:30,2026-04-22 15:55:35,1009869046154440704,2251465228066988032,,,
振芯科技,300101,300101,振芯科技,信息传输、软件和信息技术服务业,12015,请问公司卫星导航和通信领域的抗干扰技术，可以降低航空返回舱降落时候，黑障对通信的影响吗？,irm1597068,公众号,2026-04-11 10:22:03,2026-04-13 09:50:56,1009869046154440704,2243159388504940544,,,
振芯科技,300101,300101,振芯科技,信息传输、软件和信息技术服务业,12015,尊敬的董秘，您好！公司自从重新选举管理层以来，公司股价市场波动较大，股价持续走低，投资者信心不足。恳请公司尽快发布2025年度业绩快报和提前披露2026年一季度预报，提前披露核心财务数据，让市场看到管理层的努力，稳定市场预期，保护中小股东利益，非常感谢！,irm1597068,公众号,2026-03-31 15:19:41,2026-04-01 08:28:42,1009869046154440704,2235148913507725312,,,
振芯科技,300101,300101,振芯科技,信息传输、软件和信息技术服务业,12015,董秘，您好，请问贵公司产品是否有涉及光刻机领域，具备该领域的技术储备？,irm1930094,公众号,2026-03-26 18:14:16,2026-03-31 20:45:33,1700813285626961920,2231528041305133056,2.2344304945410458e+18,您好，感谢您的关注。公司采取无晶圆厂Fabless经营模式，目前未涉及光刻机领域的技术储备或相关产品布局。,振芯科技
振芯科技,300101,300101,振芯科技,信息传输、软件和信息技术服务业,12015,贵公司的GM7800/GM7801传输芯片组对比同行业有什么优势？是完全自主国产的芯片吗？,irm1597068,公众号,2026-03-24 14:12:59,2026-03-31 08:58:02,1009869046154440704,2229919344384356352,2.2344309066449838e+18,您好，感谢您的关注。公司推出的传输芯片组GM7800/GM7801对高清图像与视频数据进行编码及稳定传输，通过协议封装与抗干扰处理，实现远距离、低延时、抗干扰的可靠通信，公司拥有完全自主的核心技术。,振芯科技
振芯科技,300101,300101,振芯科技,信息传输、软件和信息技术服务业,12015,董秘，您好，请问贵公司在2025年主要开发了哪些新客户？,irm1930094,公众号,2026-03-26 18:19:12,2026-03-31 08:56:32,1700813285626961920,2231530592515706880,2.2344295582381752e+18,您好，感谢您的关注。公司始终高度重视市场拓展工作，持续开拓行业新客户、巩固市场地位，具体情况请关注公司后续披露的2025年年度报告。,振芯科技
振芯科技,300101,300101,振芯科技,信息传输、软件和信息技术服务业,12015,董秘，您好，请问贵公司是否与SpaceX公司有过业务交流，从事该领域合作技术储备？,irm1930094,公众号,2026-03-27 08:32:11,2026-03-31 08:56:02,1700813285626961920,2231970216778190848,2.234428441368146e+18,您好，感谢您的关注。公司目前暂未与SpaceX建立业务合作。,振芯科技
振芯科技,300101,300101,振芯科技,信息传输、软件和信息技术服务业,12015,董秘，您好，振芯科技是否有启动下一代开源芯片与系统的联合研发工作的能力，该领域是否有技术储备？,irm1930094,公众号,2026-03-27 06:33:34,2026-03-27 10:16:11,1700813285626961920,2231909073623764992,,,
振芯科技,300101,300101,振芯科技,信息传输、软件和信息技术服务业,12015,董秘，您好，请问贵公司产品是否应用于Ai应用领域呢？主要有哪些合作,irm1930094,公众号,2026-03-26 18:20:09,2026-03-27 09:07:24,1700813285626961920,2231531082141978624,,,
振芯科技,300101,300101,振芯科技,信息传输、软件和信息技术服务业,12015,董秘，您好，请问贵公司在半导体领域有哪些合作呢？,irm1930094,公众号,2026-03-26 18:17:56,2026-03-27 09:07:11,1700813285626961920,2231529931090743296,,,
振芯科技,300101,300101,振芯科技,信息传输、软件和信息技术服务业,12015,董秘，您好，请问.22nm 抗辐射GNSS SoC目前研发成果如何？14nm FPGA、AI视觉芯片研发进展如何？是否具备该领域的技术储备,irm1930094,公众号,2026-03-17 19:19:16,2026-03-23 11:30:04,1700813285626961920,2224882009014693888,2.227035093300048e+18,您好，感谢您的关注。公司在研项目进展情况请关注后续披露的定期报告。,振芯科技
振芯科技,300101,300101,振芯科技,信息传输、软件和信息技术服务业,12015,董秘，您好，北斗产业园建设项目，建设＂创芯智能产业园＂，目前该项目进展如何了？,irm1930094,公众号,2026-03-17 19:16:22,2026-03-23 11:30:04,1700813285626961920,2224880514366074880,2.227035617286058e+18,您好，感谢您的关注。公司创芯智能产业园项目正有序推进中，后续进展请关注公司对外披露的定期报告。,振芯科技
振芯科技,300101,300101,振芯科技,信息传输、软件和信息技术服务业,12015,国腾集团掌握公司主导权后，管理层如何解决两公司同业竞争，提升公司盈利能力？,irm1597068,公众号,2026-03-23 11:02:40,2026-03-23 11:05:27,1009869046154440704,2229079093902626816,,,
振芯科技,300101,300101,振芯科技,信息传输、软件和信息技术服务业,12015,董秘，您好，请问贵公司和银河航天是否有航天航空领域合作，贵公司在商业航天方向后期发展规划如何，是否会重点布局？,irm1930094,公众号,2026-03-21 16:52:40,2026-03-23 09:43:36,1700813285626961920,2227775133241626624,,,
振芯科技,300101,300101,振芯科技,信息传输、软件和信息技术服务业,12015,董秘，您好，目前公司产品可以应用到机器人领域，是否与宇树机器人等企业有合作，能否介绍下目前该领域的合作情况？,irm1930094,公众号,2026-03-21 11:51:37,2026-03-23 09:25:40,1700813285626961920,2227619981843025920,,,
振芯科技,300101,300101,振芯科技,信息传输、软件和信息技术服务业,12015,您好！投资者希望了解公司管理层变动，目前影不影响公司经营？经营决策会不会存在延误？公司目前订单是否受到影响？有没有影响公司项目投标和目前的订单交付？,irm1597068,公众号,2026-03-20 14:04:03,2026-03-20 14:16:50,1009869046154440704,2226946058628001792,,,
振芯科技,300101,300101,振芯科技,信息传输、软件和信息技术服务业,12015,董秘，你好，请问截止2026年3月17日，贵公司持股股东人数是多少？,irm1930094,公众号,2026-03-17 16:04:50,2026-03-19 09:00:05,1700813285626961920,2224781798837743616,2.2255657507623854e+18,您好，感谢您的关注。关于公司股东情况请致电投资者热线028-65557625，需要核实您的投资者身份后告知。,振芯科技
振芯科技,300101,300101,振芯科技,信息传输、软件和信息技术服务业,12015,董秘，您好，请问贵公司是否涉及液冷服务器相关领域，并有了一定技术储备,irm1930094,公众号,2026-03-17 21:51:10,2026-03-19 08:56:33,1700813285626961920,2224960297678565376,2.2255654070183035e+18,您好，感谢您的关注。公司时钟类、接口类产品可应用于服务器领域。,振芯科技
振芯科技,300101,300101,振芯科技,信息传输、软件和信息技术服务业,12015,董秘，您好，请问新董事会成员已经落地，新董事长是否会给企业带来新的业务发展机遇，主要有哪些？是否会给公司带来新的项目注入到上市公司,irm1930094,公众号,2026-03-17 16:36:35,2026-03-17 16:39:20,1700813285626961920,2224798162663141376,,,
振芯科技,300101,300101,振芯科技,信息传输、软件和信息技术服务业,12015,董秘，您好，请问贵公司新更换了董事长，振芯科技未来将在哪几个方面进行业务提升来增加公司的销售业绩？是否会有新的技术突破？,irm1930094,公众号,2026-03-17 16:03:59,2026-03-17 16:12:03,1700813285626961920,2224781360751079424,,,
振芯科技,300101,300101,振芯科技,信息传输、软件和信息技术服务业,12015,董秘，您好，请问贵公司是否在算力，数据中心领域有技术储备呢？,irm1930094,公众号,2026-03-17 16:09:33,2026-03-17 16:10:18,1700813285626961920,2224784229789233152,,,
东软载波,300183,300183,东软载波,制造业,12015,"2026年MCU（微控制单元）市场正经历显著的‌第二轮涨价潮‌，这一趋势由供给端产能收缩、上游成本上升以及AI等新需求拉动共同驱动。‌意法半导体 （ST）‌：年内第二次涨价，自2026年6月28日起对部分产品上调价格 。
‌英飞凌 （Infineon）‌：宣布自2026年7月1日起对部分产品实施价格调整，以应对供应链成本压力及需求激增 。请问，MCU涨价潮是否给贵公司业绩到了积极影响？",irm1432476,公众号,2026-06-13 07:19:31,2026-06-15 16:19:42,571923179605479424,2289822043445739520,,,
东软载波,300183,300183,东软载波,制造业,12015,尊敬的董秘您好，请问公司到六月十日的股东人数，谢谢,irm1337250,网站,2026-06-10 14:12:09,2026-06-12 08:34:03,92004807287504896,2287808202028965888,2.288531216625156e+18,"尊敬的投资者，您好！截至2026年6月10日公司股东人数为29,797人，感谢您的关注！",东软载波
东软载波,300183,300183,东软载波,制造业,12015,尊敬的董秘您好，请问公司到五月十日的股东人数，谢谢,irm1337250,网站,2026-06-10 13:45:52,2026-06-12 08:34:03,92004807287504896,2287794664292048896,2.288531362673918e+18,"尊敬的投资者，您好！截至2026年6月10日公司股东人数为29,797人，感谢您的关注！",东软载波
东软载波,300183,300183,东软载波,制造业,12015,公司股价再次刷新年内心底， 相对于去年3月份的高点已经腰斩，请问贵司有没有计划采取必要措施稳定公司股价，提升投资者信心？,cninfo1362857,网站,2026-06-08 11:47:31,2026-06-09 14:10:35,2157911914542735360,2286249317700534272,,,
东软载波,300183,300183,东软载波,制造业,12015,真诚的代表中小投资者问一句，公司股价跌跌不休，已经创了两年新低，股价长期低迷，影响的不仅仅是中小投资者，更影响了公司的形象，建议管理层采取合适的措施稳定股价，提升中小投资者信心，一定条件下采取并购重组等措施，做大规模，做强公司。,cninfo1362857,网站,2026-06-03 14:07:02,2026-06-08 15:09:37,2157911914542735360,2282610380889194496,,,
东软载波,300183,300183,东软载波,制造业,12015,请问公司是否有稳压产品进入英伟达供应名单？公司稳压产品的使用范围如何？谢谢。,cninfo603371,网站,2026-06-04 18:51:23,2026-06-08 15:00:05,383432973528662016,2283499095522082816,2.2863187587119022e+18,尊敬的投资者，您好！目前公司暂不生产稳压产品，感谢您的关注！,东软载波
东软载波,300183,300183,东软载波,制造业,12015,请问全资子公司上海东软载波智联微电子系统有限公司是否新增业务人工智能应用软件开发和智能机器人的研发？,irm1557918,公众号,2026-06-01 20:01:21,2026-06-04 20:45:33,916289370996666368,2281308645199798272,2.2832176035440476e+18,尊敬的投资者，您好！公司二级全资公司近期进行了经营范围调整，计划开展可视化AI教育产品的相关业务，目前暂未开展智能机器人相关业务。感谢您的关注！,东软载波
东软载波,300183,300183,东软载波,制造业,12015,董秘你好，《关于进一步深化国资国企改革方案（2026—2029年）》（下称“方案”）已于近期下发，新一轮国资国企改革已进入贯彻部署，聚焦主责主业、推进专业化整合、完善现代企业制度、培育新质生产力等方向已浮出水面。受访专家预计，战略性重组与新兴产业布局将成为“十五五”时期国资国企改革的两大投资主线。请问贵公司是否会加快资产整合，提升业绩能力？,irm1432476,公众号,2026-06-01 08:21:35,2026-06-03 11:30:03,571923179605479424,2280947988027473920,2.2819530017649295e+18,尊敬的投资者您好！公司在佛山市投资大湾区智能电力装备创新谷与独立储能项目，提升公司在华南地区的新质生产力与综合竞争力，进一步巩固与拓展公司能源互联网、新能源、智能化业务，推进双总部战略实施，推动公司业务协同发展，感谢您的关注！,东软载波
东软载波,300183,300183,东软载波,制造业,12015,董秘你好，MCU及功率半导体大厂意法半导体在5月28日向客户发出了“价格调整通知函”，宣布将自2026年6月28日起对部分产品价格进行上调。这是意法半导体在今年3月24日宣布涨价后，今年以来第二次宣布涨价。仅时隔两个月，意法半导体再度宣布调价。请问是否对公司业绩产生积极影响？子公司上海微电子主要提供面向物联网需求的芯片产品组合，包括MCU控制芯片、安全芯片、载波芯片、射频芯片、触控芯片等。,irm1432476,公众号,2026-05-31 22:30:39,2026-06-03 11:30:03,571923179605479424,2280643423286706176,2.2819538093908787e+18,尊敬的投资者，您好！公司将密切关注上下游状况，及时调整相关策略，以持续稳定的产品交付，与合作伙伴共同发展。感谢您的关注！,东软载波
东软载波,300183,300183,东软载波,制造业,12015,尊敬的董秘您好，请问公司到五月底的股东人数，谢谢,irm1337250,网站,2026-05-29 18:01:30,2026-06-01 16:12:33,92004807287504896,2279020363735482368,2.2811713265054106e+18,"尊敬的投资者，您好！截至2026年5月29日公司股东人数为29,935人，感谢您的关注！",东软载波
东软载波,300183,300183,东软载波,制造业,12015,请问截至5月29日公司股东人数多少？谢谢,irm1297954,网站,2026-05-29 15:56:57,2026-06-01 16:12:33,89427371643371520,2278956179946475520,2.281171180278104e+18,"尊敬的投资者，您好！截至2026年5月29日公司股东人数为29,935人，感谢您的关注！",东软载波
东软载波,300183,300183,东软载波,制造业,12015,公司股价跌跌不休，2026年5月29日再次刷新年内新低，距离前期高点近乎腰斩，公司是否考虑国家鼓励的增持再贷款措施进行回购，稳定股价，增强投资者信心？,cninfo1362857,网站,2026-05-29 14:27:50,2026-06-01 14:31:03,2157911914542735360,2278910240793886720,,,
东软载波,300183,300183,东软载波,制造业,12015,你好，截止2026年5月21日，在证监会要求国有控股企业做好市值管理大背景下，在行业全面利好，不管电力，储能，还是半导体等相关板块屡创新高的大背景下，东软载波股价这两年逆势下跌35.5%，刷新年内新底，中小投资者亏损累累，请问贵司是否有计划采取一些必要措施，进行合理市值管理，维护中小投资者利益，增强投资者信心？,cninfo1362857,网站,2026-05-22 14:57:26,2026-06-01 14:21:49,2157911914542735360,2273730304056606720,,,
东软载波,300183,300183,东软载波,制造业,12015,2026年5月，全球首款‌RISC-V+AI智通融合服务器CPU LX500‌在移动云大会上亮相。该芯片采用48核异构设计（32性能核+16能效核），内置75 TOPS INT8算力，无需外接加速卡即可承载千亿级参数大模型推理。贵公司的Risc- V技术积累是否可以往CPU方向发展？,irm1432476,公众号,2026-05-22 00:06:41,2026-05-27 11:30:04,571923179605479424,2273271215200755712,2.2766052778551378e+18,尊敬的投资者，您好！目前公司基于RISC-V架构的芯片主要面向嵌入式及物联网应用，暂时没有发展CPU的计划，公司将密切关注行业发展趋势，规划后续产品。感谢您的关注！,东软载波
东软载波,300183,300183,东软载波,制造业,12015,请问贵公司全资子公司上海东软载波微电子有限公司上市计划有了么？,irm1432476,公众号,2026-05-20 21:02:46,2026-05-22 11:30:03,571923179605479424,2272434254923784192,2.2731507411895583e+18,尊敬的投资者，您好！公司全资子公司上海东软载波微电子有限公司暂无上市计划，感谢您的关注！,东软载波
东软载波,300183,300183,东软载波,制造业,12015,尊敬的董秘您好，请问公司到五月二十日的股东人数，谢谢,irm1337250,网站,2026-05-20 17:31:25,2026-05-22 11:30:03,92004807287504896,2272325325963223040,2.2731524078154138e+18,"尊敬的投资者，您好！截至2026年5月20日公司股东人数为30,107人，感谢您的关注！",东软载波
东软载波,300183,300183,东软载波,制造业,12015,请问截至5月20日收盘公司股东人数多少？谢谢,irm1297954,网站,2026-05-20 15:22:19,2026-05-22 11:30:03,89427371643371520,2272258796919808000,2.2731525194845635e+18,"尊敬的投资者，您好！截至2026年5月20日公司股东人数为30,107人，感谢您的关注！",东软载波
东软载波,300183,300183,东软载波,制造业,12015,董秘你好，贵公司全资子公司上海东软载波微电子有限公司是一家无晶圆厂（Fabless）芯片设计公司，主要业务从事芯片设计及销售，同时提供系统解决方案及售后支持等。请问该子公司是否有拆分上市计划？,irm1432476,公众号,2026-05-20 14:53:32,2026-05-22 11:30:03,571923179605479424,2272243953314414592,2.2731538507458806e+18,尊敬的投资者，您好！公司全资子公司上海东软载波微电子有限公司暂无拆分上市计划，感谢您的关注！,东软载波
东软载波,300183,300183,东软载波,制造业,12015,董秘你好，5月20日，在2026阿里云峰会上，平头哥首次公布Risc-V 真武系列芯片的规划，未来两年将陆续推出算力更强的真武V900、真武J900两代芯片，以满足Agentic时代千行百业的AI算力需求。请问贵公司的Risc V 芯片技术储备的怎么样了呢？,irm1432476,公众号,2026-05-20 12:59:29,2026-05-20 16:34:15,571923179605479424,2272185172411875328,,,
东软载波,300183,300183,东软载波,制造业,12015,董秘你好，当前RISC-V的发展已从早期的嵌入式、物联网领域，全面向‌高性能计算（HPC）‌、‌AI服务器‌和‌云计算‌主赛道迈进。2026年的核心特征是‌“AI原生融合”‌与‌“自主可控商业化”‌，多家中国企业推出的RISC-V芯片已具备与主流架构竞争的能力，并在头部互联网公司和运营商侧实现实际部署。请问贵公司的RISV-V芯片具体有哪些应用？,irm1432476,公众号,2026-05-16 11:20:26,2026-05-19 15:00:04,571923179605479424,2269165441214144512,2.2714017188374774e+18,尊敬的投资者，您好！目前公司基于RISC-V架构的芯片主要面向嵌入式及物联网应用，公司将密切关注行业发展趋势，规划后续产品。感谢您的关注！,东软载波
东软载波,300183,300183,东软载波,制造业,12015,董秘你好，公司已完成风冷、液冷储能一体机产品的开发并实现量产，面向工商业储能市场。‌其拟投资建设的佛山200MW/400MWh独立储能电站（丹桂独立储能站）已完成纳规，接入系统方案正在审批中。请问进展如何了？,irm1432476,公众号,2026-05-15 19:46:29,2026-05-19 15:00:04,571923179605479424,2268684086870867968,2.2714026980900209e+18,尊敬的投资者，您好！公司佛山丹桂独立储能站目前已完成纳规，并已向电网公司提交接入系统方案，正在审批中。公司将加快推进，尽快完成并网，感谢您的关注！,东软载波
东软载波,300183,300183,东软载波,制造业,12015,尊敬的董秘您好，请问公司到五月十日的股东人数，谢谢,irm1337250,网站,2026-05-11 09:53:04,2026-05-13 15:00:04,92004807287504896,2265409561033461760,2.266861586218287e+18,"尊敬的投资者，您好！截至2026年5月8日公司股东人数为31,261人，感谢您的关注！",东软载波
东软载波,300183,300183,东软载波,制造业,12015,您好，截止4月底公司的股东人数是多少？谢谢！,irm1964309,网站,2026-05-06 13:28:55,2026-05-08 08:50:03,1776456550186770432,2261809957447114752,2.262633259728085e+18,"尊敬的投资者，您好！截至2026年4月30日公司股东人数为30,940人，感谢您的关注！",东软载波
东软载波,300183,300183,东软载波,制造业,12015,尊敬的董秘您好，请问公司四月底的股东人数，谢谢,irm1337250,网站,2026-05-05 22:18:07,2026-05-08 08:47:33,92004807287504896,2261340534787035136,2.2626333799871693e+18,"尊敬的投资者，您好！截至2026年4月30日公司股东人数为30,940人，感谢您的关注！",东软载波
东软载波,300183,300183,东软载波,制造业,12015,请问截至2026年4月30日公司的股东总数是多少？谢谢,irm2631924,网站,2026-04-30 21:19:18,2026-05-06 16:58:32,2048119304938897408,2257599369087303680,2.2617067149959619e+18,"尊敬的投资者，您好！截至2026年4月30日公司股东人数为30,940人，感谢您的关注！",东软载波
东软载波,300183,300183,东软载波,制造业,12015,公司股价2025年全年下跌22.96%，截止2026年4月27日又再次下跌12%左右，中小投资者亏损严重，请问贵司如何回报中小股东，如何保障中小投资者利益，谢谢。,cninfo1362857,网站,2026-04-28 11:30:55,2026-05-01 15:41:19,2157911914542735360,2255811777920212992,,,
东软载波,300183,300183,东软载波,制造业,12015,"您好，请问：
1、股东胡亚军 2026一季报显示：总持股4727.08万股不变，其中有限售条件股份3545.31万股，无限售流通仅1181.77万股；
2、公司从未披露胡亚军股份质押、冻结、司法锁定、协议转让相关公告；
3、请问该3545.31万股标注为「有限售条件股份」的具体限售原因是什么？
是董监高高管锁定、自愿锁定、还是其他原因？请明确披露，谢谢。",irm3329721,公众号,2026-04-25 10:41:52,2026-04-27 16:53:03,2253550940597141504,2253559986669170688,2.255217869842522e+18,"尊敬的投资者，您好！胡亚军先生为公司总工程师，其持有的35,453,100股有限售条件股份，系高管锁定股，感谢您的关注！",东软载波
东软载波,300183,300183,东软载波,制造业,12015,您好董秘，请问2026年4月20日公司股东人数有多少？,irm1411731,公众号,2026-04-21 00:12:32,2026-04-22 16:36:03,385841024265084928,2250266949371273216,2.2515157368550973e+18,"尊敬的投资者，您好！截至2026年4月20日公司股东人数为30,866人，感谢您的关注！",东软载波
东软载波,300183,300183,东软载波,制造业,12015,董秘您好，请问截止到2026年4月10日公司股东人数是多少？谢谢！,irm1911567,网站,2026-04-10 21:22:47,2026-04-14 08:47:32,1656305716450828288,2242757757344624640,2.244819058144473e+18,"尊敬的投资者，您好！截至2026年4月10日公司股东人数为30,441人，感谢您的关注！",东软载波
东软载波,300183,300183,东软载波,制造业,12015,您好，请问截止2026年4月10日，公司股东人数是多少？,irm1411731,公众号,2026-04-10 16:42:28,2026-04-14 08:46:32,385841024265084928,2242613283234721793,2.2448192557129687e+18,"尊敬的投资者，您好！截至2026年4月10日公司股东人数为30,441人，感谢您的关注！",东软载波
东软载波,300183,300183,东软载波,制造业,12015,尊敬的董秘您好，请问公司到四月十日的股东人数，谢谢,irm1337250,网站,2026-04-10 17:21:07,2026-04-14 08:44:32,92004807287504896,2242633203258650624,2.2448191613167944e+18,"尊敬的投资者，您好！截至2026年4月10日公司股东人数为30,441人，感谢您的关注！",东软载波
东软载波,300183,300183,东软载波,制造业,12015,您好，截止3月底公司的股东人数是多少？谢谢！,irm1964309,网站,2026-03-31 15:10:18,2026-04-02 09:14:32,1776456550186770432,2235144077374550016,2.2358580042312827e+18,"尊敬的投资者，您好！截至2026年3月31日公司股东人数为30,390人，感谢您的关注！",东软载波
东软载波,300183,300183,东软载波,制造业,12015,董秘你好，请问截止到2026年3月31日，贵公司股东户数是多少？谢谢啦！！！,irm1775626,APP,2026-03-31 15:41:30,2026-04-02 09:12:03,1357979529953742848,2235160157766496256,2.235857883759276e+18,"尊敬的投资者，您好！截至2026年3月31日公司股东人数为30,390人，感谢您的关注！",东软载波
东软载波,300183,300183,东软载波,制造业,12015,尊敬的董秘您好，请问公司到三月底的股东人数，谢谢,irm1337250,网站,2026-03-31 15:05:38,2026-04-02 09:12:03,92004807287504896,2235141672227254272,2.2358581071906816e+18,"尊敬的投资者，您好！截至2026年3月31日公司股东人数为30,390人，感谢您的关注！",东软载波
东软载波,300183,300183,东软载波,制造业,12015,请问截至2026年3月 31日公司的股东总数是多少？谢谢,irm1911567,网站,2026-04-01 09:51:24,2026-04-02 09:11:32,1656305716450828288,2235721896504750080,2.235857471655338e+18,"尊敬的投资者，您好！截至2026年3月31日公司股东人数为30,390人，感谢您的关注！",东软载波
东软载波,300183,300183,东软载波,制造业,12015,请问截至3月31日，公司股东人数多少？谢谢,irm1297954,网站,2026-04-01 08:25:52,2026-04-02 09:11:32,89427371643371520,2235677804583411712,2.2358576520439644e+18,"尊敬的投资者，您好！截至2026年3月31日公司股东人数为30,390人，感谢您的关注！",东软载波
东软载波,300183,300183,东软载波,制造业,12015,您好，请问截止2026年3月31日，公司股东数是多少？,irm1411731,公众号,2026-04-01 00:29:52,2026-04-02 09:11:32,385841024265084928,2235432475872931840,2.235857763713114e+18,"尊敬的投资者，您好！截至2026年3月31日公司股东人数为30,390人，感谢您的关注！",东软载波
东软载波,300183,300183,东软载波,制造业,12015,尊敬的董秘您好：公司 2025 年前三季度经营现金流仅2622 万元，同比大幅萎缩。手握数十亿资产，却在业绩巨亏、股价暴跌近26%的情况下，对中小股东回报承诺模糊、分红吝啬。请问管理层是否漠视中小股东利益？在投资者信心崩溃之际，为何不加大现金分红或回购力度，以实际行动回报股东、提振市场信心？,irm1844760,网站,2026-03-26 16:20:56,2026-03-27 08:50:35,1473552006033842176,2231469629955747840,,,
东软载波,300183,300183,东软载波,制造业,12015,尊敬的董秘您好：公司 2025 年业绩预告显示，归母净利润预计900-1350 万元，同比暴跌 79.8%-86.53%；扣非净利润直接亏损 380-750 万元，同比下滑超107%。前三季度已由盈转亏，单季亏损超2400 万元。如此惨烈业绩，绝非 “电网招标收缩” 可简单搪塞。请问管理层对经营战略失误、核心业务溃败是否承担明确责任？公司是否启动内部问责机制，以何种措施挽回投资者信心、扭转经营颓势,irm1844760,网站,2026-03-26 16:21:37,2026-03-26 16:49:03,1473552006033842176,2231469990786969600,,,
东软载波,300183,300183,东软载波,制造业,12015,尊敬的董秘您好：公司宣称布局 “芯片 + 新能源 + 智能化” 三大增长极，但 2025 年业绩全面崩塌，芯片业务毛利率下滑、新能源业务未见实质贡献。所谓转型战略彻底失败，沦为空谈。请问管理层对战略决策失误是否深刻反思？未来发展规划是否清晰可行？如何以实际行动弥补投资者损失，重建市场信任？,irm1844760,网站,2026-03-26 16:21:10,2026-03-26 16:48:56,1473552006033842176,2231469750214832128,,,
东软载波,300183,300183,东软载波,制造业,12015,尊敬的董秘您好，请问公司到三月二十日的股东人数，谢谢,irm1337250,网站,2026-03-20 17:13:40,2026-03-23 15:33:33,92004807287504896,2227043786448179200,2.2290139650185503e+18,"尊敬的投资者，您好！截至2026年3月20日公司股东人数为30,736人，感谢您的关注！",东软载波
东软载波,300183,300183,东软载波,制造业,12015,请问截止3月20日公司股东人数是多少？,irm1901083,网站,2026-03-20 16:44:31,2026-03-23 15:33:33,1622976100098322432,2227028762518253568,2.2290138275795968e+18,"尊敬的投资者，您好！截至2026年3月20日公司股东人数为30,736人，感谢您的关注！",东软载波
东软载波,300183,300183,东软载波,制造业,12015,请问2026年3月20日公司股东人数有多少？,irm1411731,公众号,2026-03-22 12:06:50,2026-03-23 10:03:18,385841024265084928,2228369986417963008,,,
宜通世纪,300310,300310,宜通世纪,信息传输、软件和信息技术服务业,12015,董秘您好，近日芯速联宣布其 1.6T MCF 兼容型光模块完成与藤仓、住友、康宁三家厂商的多厂商互操作性验证，请问：请问公司通过产业基金参股宁波芯速联光电科技有限公司的最新持股比例是多少？公司是否了解该产品的商业化进展、客户拓展情况？该业务进展对公司未来的投资收益是否存在潜在影响？,irm1690327,网站,2026-06-10 13:40:21,2026-06-11 08:40:16,1207949321506791424,2287791812944314368,,,
宜通世纪,300310,300310,宜通世纪,信息传输、软件和信息技术服务业,12015,“董秘您好，公司目前为无实控人状态，作为广州本地上市公司，是否有结合自身业务发展，探讨引入国有资本战略入股或合作的可能性？ 如有相关规划或接触，是否会依规披露？感谢回复。”,irm3353218,公众号,2026-06-08 17:13:43,2026-06-09 15:50:51,2258392090294239232,2286417440417366016,,,
宜通世纪,300310,300310,宜通世纪,信息传输、软件和信息技术服务业,12015,董秘您好，公司目前处于无实控人状态，股权较为分散。作为广州本地企业，请问公司是否有引入国有资本进行战略合作、战略入股的相关考虑或初步接触？后续若涉及相关事项，是否会严格按照规则及时履行信息披露义务？感谢解答。,irm3353218,公众号,2026-06-08 17:15:01,2026-06-09 15:50:12,2258392090294239232,2286418110432264192,,,
宜通世纪,300310,300310,宜通世纪,信息传输、软件和信息技术服务业,12015,请问尊敬的董秘：一、公司的股价持续下跌，公司的市值管理工作是如何开展的？二、请详细介绍一下公司的业务和产品都有哪些？都具体可以应用到哪些领域？三、公司的资本运作情况如何？都具体参股哪些公司？四、请问公司的未来发展空间和方向如何？谢谢！,irm2404630,APP,2026-06-04 15:33:19,2026-06-08 08:43:31,1970076416083800064,2283397021866196992,,,
宜通世纪,300310,300310,宜通世纪,信息传输、软件和信息技术服务业,12015,尊敬的董秘，您好！详细看了股民的提问，很多重要问题，贵公司很多没有给予回应，不知出于何种原因？贵公司持有宁波芯速联4.17%的股份，宁波芯速联也成功量产AI关键物件光模块，并且成功供应欧美国家的人工智能公司。对于投资你们的股民来说，迫切希望知道，芯速联目前产能，以及光模块的发展进度、出货量。希望贵公司能积极回应股民的关切，谢谢！,irm1633855,APP,2026-05-13 15:27:50,2026-05-14 14:21:09,1096945874563751936,2267066439515308032,,,
宜通世纪,300310,300310,宜通世纪,信息传输、软件和信息技术服务业,12015,公司一年内有无定增计划，或者引入战略投资计划,irm3353218,公众号,2026-05-01 23:01:57,2026-05-06 10:00:26,2258392090294239232,2258394445371383808,,,
宜通世纪,300310,300310,宜通世纪,信息传输、软件和信息技术服务业,12015,公司解除一致行动人，以及珠海玄元八号基金退出十大股东，是否为引入国资做准备，目前是否有国资入股的接触或计划,irm3353218,公众号,2026-05-01 23:04:35,2026-05-06 10:00:21,2258392090294239232,2258395811143692288,,,
宜通世纪,300310,300310,宜通世纪,信息传输、软件和信息技术服务业,12015,请问，贵公司的宁波芯速联是否量产400G/800G硅光模块？1.6T硅光模块的情况如何？光芯片是否有？,irm1251790,网站,2026-04-23 14:11:58,2026-04-23 14:51:06,89813824210731008,2252183931224010752,,,
宜通世纪,300310,300310,宜通世纪,信息传输、软件和信息技术服务业,12015,公司参股的宁波芯速联主要产品是AWG芯片/组件、硅光芯片、光引擎/光模块，主要用于数据中心、5G前传等细分领域。现在光模块大发展，公司后续有什么安排？,irm1251790,网站,2026-04-22 14:12:34,2026-04-22 15:46:23,89813824210731008,2251442070140198912,,,
宜通世纪,300310,300310,宜通世纪,信息传输、软件和信息技术服务业,12015,能介绍下子公司宁波芯速联的光芯片的业务情况吗？以及后续公司会不会对他增资？,irm1251790,网站,2026-04-22 13:21:13,2026-04-22 14:17:04,89813824210731008,2251415613141655552,,,
宜通世纪,300310,300310,宜通世纪,信息传输、软件和信息技术服务业,12015,秘，你好 截止4月20号 股东人数多少,irm1330156,公众号,2026-04-20 22:25:32,2026-04-21 10:30:38,91943122967199744,2250211802528063488,,,
宜通世纪,300310,300310,宜通世纪,信息传输、软件和信息技术服务业,12015,董秘 你好 截止4月10号 股东人数多少,irm1330156,公众号,2026-04-17 09:09:34,2026-04-17 09:59:13,91943122967199744,2247575053273010176,,,
宜通世纪,300310,300310,宜通世纪,信息传输、软件和信息技术服务业,12015,请问贵司截止3月31日的股东人数是多少？,irm1955570,网站,2026-04-01 10:53:00,2026-04-01 13:54:48,1749078702200983552,2235753645652795392,,,
宜通世纪,300310,300310,宜通世纪,信息传输、软件和信息技术服务业,12015,董秘您好，2025年公司营收同比微增0.16%，但存货余额从5.4亿增至7.29亿，增幅超35%，请问存货大幅增长的原因及合理性，是否存在成本结转不及时？此外，证券虚假陈述诉讼涉案约4045万元，期末预计负债仅416万元，请问计提依据及是否充分？扣非净利润仅587万元，请问盈利改善的可持续性如何？谢谢。,irm3237189,网站,2026-03-31 18:47:37,2026-04-01 09:27:09,2229971424161116160,2235256082281488384,,,
宜通世纪,300310,300310,宜通世纪,信息传输、软件和信息技术服务业,12015,请问公司推出的企业AI办公系统“小云助手”和法务工具“智律星”，在向客户提供服务时，后台是基于哪家大模型厂商的API接口？在运营过程中，公司是如何计量和管控Token消耗的？目前这两款产品的日均Token调用量大概处于什么级别？公司是否有计划推出基于Token消耗量的阶梯式付费套餐？,irm1955570,网站,2026-03-25 10:53:00,2026-03-25 11:09:17,1749078702200983552,2230558444384997376,,,
宜通世纪,300310,300310,宜通世纪,信息传输、软件和信息技术服务业,12015,鉴于与传统物联网平台Jasper的代理协议已到期，公司在自主可控的“云犀”AIoT中台上，是否计划引入更多基于大模型的生成式AI功能？届时，对于用户通过自然语言查询设备数据或生成报表的交互方式，是否会采用“AI-Token”进行增值收费？,irm1955570,网站,2026-03-25 11:08:41,2026-03-25 11:09:07,1749078702200983552,2230566527719288832,,,
宜通世纪,300310,300310,宜通世纪,信息传输、软件和信息技术服务业,12015,公司新成立的上海算力子公司，主要开展AI算力基础设施融合及运营服务。在向客户提供算力租赁或算力调度服务时，是否计划采用“算力Token”作为计费单位（如按每小时/每百万Token计算推理费用）？相比传统的按GPU物理机时计费，这种模式有何优势？,irm1955570,网站,2026-03-25 10:53:21,2026-03-25 11:08:34,1749078702200983552,2230558624773623808,,,
宜通世纪,300310,300310,宜通世纪,信息传输、软件和信息技术服务业,12015,在“东数西算”和算力网络的布局下，公司是否在研发将算力资源进行“Token化”封装的技术？即，通过公司自研的“云犀”AIoT中台，能否实现异构算力（如英伟达、国产芯片）的统一调度，并向客户提供标准化的算力Token服务？,irm1955570,网站,2026-03-25 10:53:40,2026-03-25 11:08:16,1749078702200983552,2230558788188221440,,,
宜通世纪,300310,300310,宜通世纪,信息传输、软件和信息技术服务业,12015,这只票首发限售股，司法拍卖后过户了多久能解禁，上市交易流通,cninfo687821,网站,2026-03-14 19:47:54,2026-03-18 15:38:03,860406331746402304,2222670264590221312,2.2254965248696812e+18,您好！方*林名下所持有的限售股属于业绩承诺限售股，鉴于相关业绩承诺目标已确认未能达成，业绩承诺股对应有向本公司进行业绩补偿的义务。在该业绩补偿义务未依法依规履行完毕之前，上市公司依据相关规定无法同意解除该部分股份的限售状态。谢谢您的关注，请注意投资风险。,宜通世纪
宜通世纪,300310,300310,宜通世纪,信息传输、软件和信息技术服务业,12015,公司通过产业基金参股宁波芯速联光电科技有限公司，其产品包括1.6T超速硅光模块、800G系列硅光模块等。这些高速光模块是算力基础设施（如数据中心、算力中心）的关键组件。公司如何看待这一参股布局与算力产业的关系？未来是否有进一步加深算力领域布局的计划？,irm1955570,网站,2026-03-17 08:44:25,2026-03-17 09:13:58,1749078702200983552,2224554810487058432,,,
宜通世纪,300310,300310,宜通世纪,信息传输、软件和信息技术服务业,12015,公司的AI网关是针对物联网应用场景开发的边缘计算终端产品，可应用于需要在边缘侧部署AI能力的典型场景。这是否意味着公司已在边缘侧智能感知与决策方面进行布局？这些技术未来是否会与具身智能（如智能体在行业场景中的自主作业）产生协同？,irm1955570,网站,2026-03-17 08:45:20,2026-03-17 09:13:52,1749078702200983552,2224555282933460993,,,
宜通世纪,300310,300310,宜通世纪,信息传输、软件和信息技术服务业,12015,公司在投资者互动平台表示，伟鹏航科研发安全管控平台、通用机场空地一体高低空融合安全管控平台等产品。请问这些平台产品的目标客户和应用场景是什么？是否涉及低空经济领域（如无人机管控、低空飞行服务）？,irm1955570,网站,2026-03-17 08:41:53,2026-03-17 09:13:47,1749078702200983552,2224553504817000448,,,
宜通世纪,300310,300310,宜通世纪,信息传输、软件和信息技术服务业,12015,公司在物联网、大数据领域的积累，是否可用于具身智能体的环境感知、数据采集和云端协同？未来是否有计划开发面向特定行业（如智慧园区、工业巡检）的具身智能解决方案？,irm1955570,网站,2026-03-17 08:43:00,2026-03-17 09:13:43,1749078702200983552,2224554080342618112,,,
宜通世纪,300310,300310,宜通世纪,信息传输、软件和信息技术服务业,12015,伟鹏航科目前主要面向航空公司提供飞行计划、航空应用智能化等解决方案。考虑到低空经济的发展趋势，公司是否有计划将现有航空软件技术延伸应用到低空飞行器（如eVTOL、工业无人机）的管控和服务领域？,irm1955570,网站,2026-03-17 08:42:24,2026-03-17 09:13:40,1749078702200983552,2224553771104972800,,,
宜通世纪,300310,300310,宜通世纪,信息传输、软件和信息技术服务业,12015,公司收入高度集中于通信网络技术服务，且客户以运营商为主。在物联网、智慧工业、航空软件等新兴领域的拓展中，公司计划如何平衡传统业务与新兴业务的资源投入？是否有明确的非通信行业收入占比目标？,irm1955570,网站,2026-03-16 09:00:31,2026-03-16 10:18:11,1749078702200983552,2223820937868427264,,,
宜通世纪,300310,300310,宜通世纪,信息传输、软件和信息技术服务业,12015,市场信息显示，公司通过子公司爱云信息为特斯拉车联网中国业务提供物联网大数据服务，被描述为“特斯拉Dojo自动驾驶中国区的排他性独家代理”。请问该合作的具体服务内容、收入模式及合同期限？随着特斯拉FSD（完全自动驾驶）在华推广，公司是否将受益于数据流量增长？该业务是否存在被替代或技术迭代的风险？,irm1955570,网站,2026-03-16 08:59:32,2026-03-16 10:18:11,1749078702200983552,2223820431062286336,,,
宜通世纪,300310,300310,宜通世纪,信息传输、软件和信息技术服务业,12015,公司研发的“智能助手小云”和通信网络AI优化模型，目前是否已形成对外销售收入？在智慧水利等垂直行业的AI解决方案中，是否有标杆项目或订单落地？预计2026年AI相关业务的收入贡献占比将达到多少？,irm1955570,网站,2026-03-16 08:59:09,2026-03-16 10:17:54,1749078702200983552,2223820242083725312,,,
华测导航,300627,300627,华测导航,制造业,12015,请问董秘：公司聚焦测绘与农业机械智导系统，同时拓展多领域包括自动驾驶定位系统、低空飞行系统等，包含多种产业链，求大而全。在市场大环境转差的情况下，逆流而上，准备大力参与市场内卷？,irm1582304,APP,2026-06-11 10:33:44,2026-06-12 09:26:21,972711634834558976,2288437802090192896,,,
华测导航,300627,300627,华测导航,制造业,12015,截止5.29股东总人数是多少？,irm1284943,网站,2026-06-01 10:31:41,2026-06-02 11:03:05,89980133934366720,2281015042040750080,,,
华测导航,300627,300627,华测导航,制造业,12015,人民币持续升值，公司一季度汇兑损失近三千万，二季度公司有没有采取措施对冲人民币升值的损失？公司近半利润靠海外，如果仍然按照一季度的趋势发展，今年单单汇兑损失就要超过一亿多，对今年业绩影响巨大,cninfo1356653,网站,2026-05-31 18:40:25,2026-06-02 10:02:28,2121531694914617344,2280524762755432448,,,
华测导航,300627,300627,华测导航,制造业,12015,最近公司股价大跌，请问公司对年初制定的利润目标还有没有信心实现？未来Al发展明确，对公司未来发展是利好还是利空？谢谢,cninfo454516,网站,2026-05-28 09:14:39,2026-05-29 14:52:47,336241547832750483,2278006657769652224,,,
华测导航,300627,300627,华测导航,制造业,12015,董秘您好，查阅公司财报，农机导航机器人、车规级定位感知、工程机械智能控制等业务，搭载自研AI芯片与时空智能平台，具备物理感知、智能解算、运动控制等典型物理AI、具身智能业务特征，相关业务落地规模可观。请问公司为何未将此类业务归类、披露为物理AI相关收入？后续是否会调整业务披露口径，单独公示物理AI业务营收情况，向市场体现公司在该领域的实际业务布局与体量？,cninfo1378034,网站,2026-05-25 13:22:40,2026-05-26 10:13:58,2268530833238540288,2275907982149877760,,,
华测导航,300627,300627,华测导航,制造业,12015,公司股价又新低了，请问如何保障投资者利益,irm2429670,公众号,2026-05-15 23:23:22,2026-05-19 14:23:32,1977604926854246400,2268795868673564672,,,
华测导航,300627,300627,华测导航,制造业,12015,董秘您好，公司PointX星地融合服务目前营销推广落地进展如何？预计今年能贡献多少利润？长期看该业务利润占比能否成为公司核心增长点？,cninfo1378034,网站,2026-05-15 16:03:26,2026-05-18 10:59:26,2268530833238540288,2268569128561655808,,,
华测导航,300627,300627,华测导航,制造业,12015,请问截至2026年4月30日公司的股东总数是多少？谢谢,irm1911546,网站,2026-05-02 20:19:05,2026-05-11 15:00:04,1656193652162846720,2259052675147735040,2.2634840248079606e+18,"您好，感谢您对公司的关注。截至2026年4月30日，公司股东户数为62,608户，谢谢！",华测导航
华测导航,300627,300627,华测导航,制造业,12015,公司如何做强做大：北斗+自动驾驶+精准农业+低空经济，海外加速拓展？,irm2429670,公众号,2026-04-23 21:54:32,2026-04-30 20:45:33,1977604926854246400,2252422336564404224,2.256568466036437e+18,您好，感谢您对公司的关注。产品与技术方面，公司聚焦高精度定位导航、感知测量、智能控制三大核心技术，依托全球星地融合增强服务平台PointX和星地融合芯片StellaX，构建覆盖全球的高精度定位服务能力，持续夯实技术护城河。市场与渠道方面，公司坚持“全球化、打爆品”策略，深耕海外市场，抓住全球行业发展机遇，加速渠道拓展与版图扩张，同时巩固国内行业领先地位。业务与生态方面，公司深化“伙伴+华测”的合作伙伴生态，覆盖精准农业、自动驾驶、低空经济等领域，并通过产业基金布局AI与智能设备新形态，与合作伙伴共赢智能未来。经营与风控方面，公司将坚持稳健经营，通过优化资源配置、强化成本管控应对宏观不确定性，提升经营韧性与抗风险能力。谢谢！,华测导航
华测导航,300627,300627,华测导航,制造业,12015,请问董秘，公司在航天相关业务中，主要客户类型是航天主机厂、科研院所，还是工程建设单位及地方项目？是否进入过核心航天型号或重大工程体系？,cninfo749629,网站,2026-04-20 15:02:55,2026-04-30 20:45:33,929603297175797760,2249983688493473792,2.2565686636322243e+18,您好，感谢您对公司的关注。公司是国内高精度卫星导航定位产业的领先企业之一，相关产业在国内外市场前景广阔。公司主营业务为高精度导航定位相关的核心技术及其产品与解决方案的研发、制造、集成和产业化应用，对于商业航天等前沿产业的发展，公司会结合自身技术积累与市场条件，保持关注与研究。公司目前暂未参与火箭、卫星等上游环节，与部分卫星星座运营及数据应用服务的企业有一定前期的技术与业务合作交流，公司目前业务所属领域未来有望受益于卫星互联网下游应用端，但尚未形成明显收入贡献。敬请投资者理性评估投资风险，谢谢！,华测导航
华测导航,300627,300627,华测导航,制造业,12015,贵司证券部针对这一轮非理性下跌后，其他同行公司有企稳反弹，而贵司却接连新低的情况，贵司有没有自查原因，有没有补救措施，有没有提振市场信心的措施,irm1439293,网站,2026-03-05 15:16:54,2026-04-30 20:45:33,592610860247908352,2215851050940215296,2.256569685807149e+18,您好，感谢您对公司的关注。目前公司经营一切正常，公司以主业经营为本，通过制定长期发展战略、培育核心竞争力、完善公司治理、优化经营管理等，努力实现公司营收和利润长期有效增长，持续提升公司内在价值，谢谢！,华测导航
华测导航,300627,300627,华测导航,制造业,12015,（2月11日）中国航天迎来了首次载人飞船返回舱海上回收的重大突破，贵公司有没有参与进去？,irm2119961,公众号,2026-02-11 14:25:20,2026-04-30 20:45:33,1873863874498097152,2199496717381079040,2.2567375245391421e+18,您好，感谢您对公司的关注。公司以高精度定位导航技术为发展根基，逐步构建起定位导航技术、感知测量技术、智能控制技术三大核心技术体系，并持续聚焦相关产品与解决方案的研发、制造、集成和产业化应用。对于商业航天等前沿产业的发展，公司会结合自身技术积累与市场条件，保持关注与研究。公司目前暂未参与火箭、卫星等上游环节，与部分卫星星座运营及数据应用服务的企业有一定前期的技术与业务合作交流，公司目前业务所属领域未来有望受益于卫星互联网下游应用端，但尚未形成明显收入贡献。敬请投资者理性评估投资风险，谢谢！,华测导航
华测导航,300627,300627,华测导航,制造业,12015,请问公司三季度销售费用5亿元为何这么高？,cninfo1369017,网站,2026-02-10 21:17:01,2026-04-30 20:45:33,2198965806156988416,2198966735635333120,2.2565709056051528e+18,您好，感谢您对公司的关注。2025年前三季度公司销售费用合计5.3亿元，占营业收入20.28%，与历史情况相比系正常范围。公司销售费用增长主要系加大力度开拓海外市场。全球化是公司重要的发展战略，近年来，公司全球化拓展加速，2025年，海外业务保持快速增长。未来公司将继续努力平衡市场拓展与费用管理，追求可持续增长，谢谢！,华测导航
华测导航,300627,300627,华测导航,制造业,12015,请问董秘，华工科技最近推出了国内第一款激光除草机，是否搭载了华测导航的系统？公司26年生产、销售是否饱和？近一年，公司在哪些技术方面实现了突破？推出了什么重磅产品？,irm1408641,网站,2026-02-11 10:37:56,2026-04-30 15:35:12,362894920944648192,2199379524763451392,2.2567361587668337e+18,您好，感谢您对公司的关注。上述产品暂未搭载公司的相关系统。公司业务不断拓展至多行业领域，为各行业客户提供高精度定位装备和解决方案，目前公司生产经营正常，业务整体发展良好，并持续推动内部管理精细化、高效化。近一年，公司在核心技术领域取得了多项突破，正式发布了全球高精度定位服务平台PointX、星地融合芯片StellaX；产品方面，公司推出悟界·真位RTK，NX612农机导航自动驾驶系统、HG100收获机自动对行系统、TX73挖掘机3D引导系统、国产水文测验装备RiverStar 3600D ADCP和升级版的华微6号无人船，升级三维软件体系，构建起完整的软硬件三维产品生态。谢谢！,华测导航
华测导航,300627,300627,华测导航,制造业,12015,您好，公司业务分类调整为能力型后，当前收入中工程/项目类业务占比大致是多少？未来是否有明确降低该类业务占比、提升软件及服务收入的目标？,irm1966451,网站,2026-04-18 23:05:17,2026-04-29 16:07:33,1784613569501536256,2248747914705973248,2.256569110308823e+18,您好，感谢您对公司的关注。公司收入主要来源于软硬件产品及相关解决方案的销售，位移监测存在部分公司直接投标并负责项目实施的业务，在公司整体收入中占比很低，且公司正在积极推进业务模式向产品与解决方案提供商转型，未来该部分收入占比会进一步下降。公司高度重视软件及服务类业务发展，经过持续不断的研发投入，已构建起完整的三维软件产品生态，打造从数据采集、处理到应用的一体化闭环能力；同时，PointX已完成从“华测一张网”到全球化时空基础设施的全面升级，形成以地基增强服务PointNet、星基增强服务PointSky、星地融合服务PointFusion、开发者生态平台PointSDK为核心的完整产品矩阵，未来相关业务有较大发展空间。谢谢！,华测导航
华测导航,300627,300627,华测导航,制造业,12015,您好，公司2025年信用减值明显增加，请问对应的应收账款中，2年以上账龄占比是否持续上升？以及减值计提主要是历史补计提还是新增风险？,irm1966451,网站,2026-04-18 23:04:52,2026-04-29 16:07:33,1784613569501536256,2248747699957608448,2.2565693593896346e+18,您好，感谢您对公司的关注。2025年公司信用减值损失增加主要系业务规模扩大、应收账款总量增长所致。从账龄结构看，2年以上账龄的应收账款占比较低，整体风险可控。减值计提系按照会计准则正常执行。公司一直重视应收账款管理，每年都会制定相应的管理目标并分解至各业务单元，后续公司将持续加强应收账款管理。谢谢！,华测导航
华测导航,300627,300627,华测导航,制造业,12015,". Q1的存货增量中，＂发出商品＂占多少？ 原材料和库存商品各占多少？
2. 存货增长中，与海外业务前置备货相关的比重有多大？
3. 目前在手订单能否覆盖现有存货的80%以上？",cninfo634055,网站,2026-04-24 08:12:10,2026-04-29 16:07:03,606143271390396416,2252740662333222912,2.256567435244286e+18,您好，感谢您对公司的关注。关于存货的具体构成及订单覆盖情况不便详细说明。公司整体库存结构合理，业务整体发展良好，存货增长与业务节奏相匹配。谢谢！,华测导航
华测导航,300627,300627,华测导航,制造业,12015,请问公司一季度报表中管理费用和财务费用大幅增加具体什么原因？是否有降低费用的有效措施？,irm3324367,网站,2026-04-24 11:59:56,2026-04-29 16:04:02,2252856367304282112,2252858052379357184,2.256567194753409e+18,"您好，感谢您对公司的关注。报告期内，公司财务费用增加主要系汇兑损失所致，人民币对美元汇率呈现升值态势，因公司主营业务海外收入多以美元结算，汇率波动导致公司本期产生汇兑损失约2,600万元，对公司当期利润造成一定影响。后续公司将密切关注汇率市场动态，通过远期结售汇等工具锁定汇率风险，优化外币资产负债结构，进一步提升抵御汇率波动能力。报告期内，公司管理费用上升主要系股份支付费用增加，一季度，公司因股权激励计划产生股份支付费用约4,000万元，相较上年同期增加近3,000万元，对净利润的影响较去年同期有所加大。2026年，公司需确认的股份支付同比增长较多，公司将通过加速业务拓展、优化资源配置、强化成本管控、提升人均创收能力等方式积极应对，努力保障净利润平稳增长，保障股东回报水平。谢谢！",华测导航
华测导航,300627,300627,华测导航,制造业,12015,请问截止2月底的股东人数是多少？谢谢,irm1911546,网站,2026-03-01 11:18:25,2026-04-29 08:56:33,1656193652162846720,2212759456024444928,2.2559427837906903e+18,"您好，感谢您对公司的关注。截至2026年2月27日，公司股东户数为65,986户，谢谢！",华测导航
华测导航,300627,300627,华测导航,制造业,12015,您好，请问分别截止2月20日和28日的公司股东人数是多少，谢谢,irm1426764,公众号,2026-03-02 09:12:26,2026-04-29 08:55:36,536956674027704320,2213436695070273536,2.255942388653699e+18,"您好，感谢您对公司的关注。2月20日和28日为非交易日，非交易日无相关数据。截至2026年2月27日，公司股东户数为65,986户，谢谢！",华测导航
华测导航,300627,300627,华测导航,制造业,12015,董秘您好，请问截至3月10日公司的股东人数是多少？谢谢,irm2631924,网站,2026-03-13 14:34:02,2026-04-29 08:55:04,2048119304938897408,2221766329008369664,2.2559419076446536e+18,"您好，感谢您对公司的关注。截至2026年3月10日，公司股东户数为66,756户，谢谢！",华测导航
华测导航,300627,300627,华测导航,制造业,12015,董秘您好，请问截止到2026年3月31日公司股东人数是多少？谢谢！,irm2631924,网站,2026-04-02 10:38:39,2026-04-29 08:52:32,2048119304938897408,2236488420157763584,2.2559390386064998e+18,"您好，感谢您对公司的关注。截至2026年3月31日，公司股东户数为63,359户，谢谢！",华测导航
华测导航,300627,300627,华测导航,制造业,12015,请问3月20日公司股东人数是多少？谢谢！,irm1974583,网站,2026-03-22 10:15:11,2026-04-29 08:51:48,1814304987475505152,2228312451841372160,2.2559383857714708e+18,"您好，感谢您对公司的关注。截至2026年3月20日，公司股东户数为64,340户，谢谢！",华测导航
华测导航,300627,300627,华测导航,制造业,12015,请问截止4月10日公司股东人数是多少？,irm1911546,网站,2026-04-12 13:54:20,2026-04-29 08:50:45,1656193652162846720,2244010969655894016,2.2559380335841526e+18,"您好，感谢您对公司的关注。截至2026年4月10日，公司股东户数为63,182户，谢谢！",华测导航
华测导航,300627,300627,华测导航,制造业,12015,您好，请问分别截止4月10日、20日公司的股东人数，谢谢,irm1426764,网站,2026-04-22 10:03:47,2026-04-29 08:50:04,536956674027704320,2251313848454979584,2.2559376641896735e+18,"您好，感谢您对公司的关注。截至2026年4月10日，公司股东户数为63,182户，截至2026年4月20日，公司股东户数为65,379户，谢谢！",华测导航
