ts_code,trade_date,close,turnover_rate,volume_ratio,pe,pb,ps,total_mv,circ_mv
002313.SZ,20260615,8.17,1.791,0.84,,39.8863,1.1106,305884.8,305863.2925
002313.SZ,20260612,8.15,1.9338,0.84,,39.7887,1.1079,305136.0,305114.5451
002313.SZ,20260611,8.21,1.9492,0.83,,40.0816,1.116,307382.4,307360.7872
002313.SZ,20260610,8.42,2.1742,0.92,,41.1068,1.1446,315244.8,315222.6344
002313.SZ,20260609,8.79,2.143,0.92,,42.9132,1.1949,329097.6,329074.4603
002313.SZ,20260608,8.65,2.4906,1.09,,42.2297,1.1758,323856.0,323833.2289
002313.SZ,20260605,9.06,2.8115,1.21,,44.2313,1.2316,339206.4,339182.5496
002313.SZ,20260604,8.79,2.1001,0.84,,42.9132,1.1949,329097.6,329074.4603
002313.SZ,20260603,9.06,2.3278,0.95,,44.2313,1.2316,339206.4,339182.5496
002313.SZ,20260602,9.11,1.9033,0.73,,44.4754,1.2384,341078.4,341054.4179
002313.SZ,20260601,9.13,2.2853,0.88,,44.5731,1.2411,341827.2,341803.1653
002313.SZ,20260529,8.93,3.0466,1.22,,43.5966,1.2139,334339.2,334315.6918
002313.SZ,20260528,9.39,2.927,1.14,,45.8424,1.2764,351561.6,351536.8808
002313.SZ,20260527,9.41,2.1246,0.8,,45.94,1.2791,352310.4,352285.6282
002313.SZ,20260526,9.48,2.7266,0.95,,46.2818,1.2887,354931.2,354906.2439
002313.SZ,20260525,9.8,2.1754,0.66,,47.844,1.3322,366912.0,366886.2015
002313.SZ,20260522,9.91,2.4882,0.68,,48.381,1.3471,371030.4,371004.3119
002313.SZ,20260521,9.64,3.372,0.85,,47.0629,1.3104,360921.6,360896.2227
002313.SZ,20260520,10.04,2.5427,0.59,,49.0157,1.3648,375897.6,375871.1697
002313.SZ,20260519,10.27,3.7639,0.83,,50.1386,1.396,384508.8,384481.7642
002313.SZ,20260518,10.17,4.2475,0.88,,49.6504,1.3825,380764.8,380738.0275
002313.SZ,20260515,9.95,4.2638,0.79,,48.5763,1.3525,372528.0,372501.8066
002313.SZ,20260514,10.14,5.0517,0.83,,49.5039,1.3784,379641.6,379614.9065
002313.SZ,20260513,10.17,4.047,0.55,,49.6504,1.3825,380764.8,380738.0275
002313.SZ,20260512,10.03,5.0051,0.61,,48.9669,1.3634,375523.2,375496.796
002313.SZ,20260511,10.21,5.7236,0.57,,49.8457,1.3879,382262.4,382235.5222
002313.SZ,20260508,10.18,7.3242,0.7,,49.6992,1.3838,381139.2,381112.4012
002313.SZ,20260507,10.2,8.2148,0.74,,49.7968,1.3865,381888.0,381861.1485
002313.SZ,20260506,10.09,10.721,1.05,,49.2598,1.3716,377769.6,377743.0381
002313.SZ,20260430,9.61,8.7372,0.89,,46.9164,1.3063,359798.4,359773.1017
002313.SZ,20260429,9.98,14.798,2.09,,48.7228,1.3566,373651.2,373624.9277
002313.SZ,20260428,10.12,9.4756,1.72,,49.4063,1.3757,378892.8,378866.1591
002313.SZ,20260427,9.2,11.4022,3.24,,54.4159,1.2506,344448.0,344423.781
002313.SZ,20260424,9.64,6.4911,2.62,,57.0184,1.3104,360921.6,360896.2227
002313.SZ,20260423,8.76,6.7092,4.38,,51.8134,1.1908,327974.4,327951.3393
002313.SZ,20260422,8.48,1.3772,0.89,,237.2981,1.0662,317491.2,317468.8764
002313.SZ,20260421,8.44,1.5995,1.04,,236.1788,1.0612,315993.6,315971.3817
002313.SZ,20260420,8.61,1.4332,1.01,,240.9359,1.0826,322358.4,322335.7342
002313.SZ,20260417,8.45,1.2719,0.9,,236.4586,1.0624,316368.0,316345.7554
002313.SZ,20260416,8.55,1.9761,1.54,,239.257,1.075,320112.0,320089.4921
002313.SZ,20260415,8.32,1.418,1.12,,232.8208,1.0461,311500.8,311478.8976
002313.SZ,20260414,8.53,1.5791,1.34,,238.6973,1.0725,319363.2,319340.7448
002313.SZ,20260413,8.68,0.859,0.62,,242.8948,1.0914,324979.2,324956.3499
002313.SZ,20260410,8.66,1.1963,0.86,,242.3351,1.0889,324230.4,324207.6026
002313.SZ,20260409,8.73,1.3562,0.97,,244.2939,1.0977,326851.2,326828.2183
002313.SZ,20260408,8.79,1.3649,1.01,,245.9729,1.1052,329097.6,329074.4603
002313.SZ,20260407,8.42,1.1243,0.78,,235.6191,1.0587,315244.8,315222.6344
002313.SZ,20260403,8.4,1.8897,1.52,,235.0595,1.0562,314496.0,314473.887
002313.SZ,20260402,8.45,1.2285,0.96,,236.4586,1.0624,316368.0,316345.7554
002313.SZ,20260401,8.7,1.3924,1.06,,243.4544,1.0939,325728.0,325705.0973
002313.SZ,20260331,8.7,1.1285,0.8,,243.4544,1.0939,325728.0,325705.0973
002313.SZ,20260330,8.91,1.5937,1.08,,249.3309,1.1203,333590.4,333566.9444
002313.SZ,20260327,8.69,0.8803,0.52,,243.1746,1.0926,325353.6,325330.7236
002313.SZ,20260326,8.63,1.3806,0.83,,241.4956,1.0851,323107.2,323084.4815
002313.SZ,20260325,8.82,1.5863,0.98,,246.8124,1.109,330220.8,330197.5814
002313.SZ,20260324,8.59,1.6349,1.07,,240.3763,1.0801,321609.6,321586.9868
002313.SZ,20260323,8.19,1.8741,1.38,,229.183,1.0298,306633.6,306612.0398
002313.SZ,20260320,8.65,1.9227,1.65,,242.0553,1.0876,323856.0,323833.2289
002313.SZ,20260319,8.96,1.3083,1.1,,250.7301,1.1266,335462.4,335438.8128
002313.SZ,20260318,9.19,1.3731,1.11,,257.1662,1.1555,344073.6,344049.4073
002313.SZ,20260317,8.98,1.1955,0.91,,251.2898,1.1291,336211.2,336187.5602
002313.SZ,20260316,9.21,0.9813,0.68,,257.7259,1.158,344822.4,344798.1547
002313.SZ,20260313,9.18,0.9655,0.64,,256.8864,1.1542,343699.2,343675.0337
002313.SZ,20260312,9.3,1.4241,0.76,,260.2444,1.1693,348192.0,348167.5178
002313.SZ,20260311,9.5,1.6069,0.72,,265.8411,1.1945,355680.0,355654.9913
002313.SZ,20260310,9.54,1.6024,0.66,,266.9604,1.1995,357177.6,357152.486
002313.SZ,20260309,9.33,1.5873,0.57,,261.0839,1.1731,349315.2,349290.6388
002313.SZ,20260306,9.36,1.3214,0.48,,261.9234,1.1769,350438.4,350413.7598
002313.SZ,20260305,9.32,3.2111,1.33,,260.8041,1.1718,348940.8,348916.2651
002313.SZ,20260304,9.11,3.4455,1.6,,254.9276,1.1454,341078.4,341054.4179
002313.SZ,20260303,9.05,2.5374,1.34,,253.2486,1.1379,338832.0,338808.1759
002313.SZ,20260302,9.32,3.3556,2.36,,260.8041,1.1718,348940.8,348916.2651
002313.SZ,20260227,9.89,1.207,0.83,,276.7545,1.2435,370281.6,370255.5646
002313.SZ,20260226,9.9,1.5215,1.05,,277.0344,1.2448,370656.0,370629.9383
002313.SZ,20260225,9.92,2.1367,1.69,,277.594,1.2473,371404.8,371378.6856
002313.SZ,20260224,10.11,1.2208,0.93,,282.9109,1.2712,378518.4,378491.7854
002313.SZ,20260213,10.0,1.0108,0.76,,279.8327,1.2573,374400.0,374373.675
002313.SZ,20260212,10.02,1.3665,1.09,,280.3924,1.2599,375148.8,375122.4224
002313.SZ,20260211,10.03,1.4869,1.18,,280.6722,1.2611,375523.2,375496.796
002313.SZ,20260210,10.07,1.246,0.91,,281.7915,1.2661,377020.8,376994.2907
002313.SZ,20260209,10.02,1.4227,0.93,,280.3924,1.2599,375148.8,375122.4224
002313.SZ,20260206,9.8,1.0895,0.63,,274.236,1.2322,366912.0,366886.2015
002313.SZ,20260205,9.76,1.0025,0.51,,273.1167,1.2272,365414.4,365388.7068
002313.SZ,20260204,9.79,1.5134,0.72,,273.9562,1.2309,366537.6,366511.8278
002313.SZ,20260203,9.82,1.8067,0.85,,274.7957,1.2347,367660.8,367634.9489
002313.SZ,20260202,9.62,2.2579,1.03,,269.199,1.2096,360172.8,360147.4754
002313.SZ,20260130,9.93,2.1317,0.99,,277.8739,1.2485,371779.2,371753.0593
002313.SZ,20260129,9.87,2.2113,1.1,,276.1949,1.241,369532.8,369506.8172
002313.SZ,20260128,10.03,2.1025,1.11,,280.6722,1.2611,375523.2,375496.796
002313.SZ,20260127,10.3,1.9131,0.99,,288.2277,1.2951,385632.0,385604.8853
002313.SZ,20260126,10.27,2.5564,1.47,,287.3882,1.2913,384508.8,384481.7642
002313.SZ,20260123,10.57,1.9591,1.08,,295.7832,1.329,395740.8,395712.9745
002313.SZ,20260122,10.45,1.5449,0.79,,292.4252,1.3139,391248.0,391220.4904
002313.SZ,20260121,10.36,1.4888,0.65,,289.9067,1.3026,387878.4,387851.1273
002313.SZ,20260120,10.33,2.1202,0.85,,289.0672,1.2988,386755.2,386728.0063
002313.SZ,20260119,10.49,1.5901,0.53,,293.5445,1.3189,392745.6,392717.9851
002313.SZ,20260116,10.54,2.3307,0.77,,294.9437,1.3252,394617.6,394589.8535
002313.SZ,20260115,10.65,2.2121,0.76,,298.0218,1.3391,398736.0,398707.9639
002313.SZ,20260114,10.85,3.2732,1.23,,303.6185,1.3642,406224.0,406195.4374
002313.SZ,20260113,10.67,3.1351,1.29,,298.5815,1.3416,399484.8,399456.7112
002313.SZ,20260112,11.06,4.0891,2.04,,309.495,1.3906,414086.4,414057.2846
002313.SZ,20260109,10.61,2.4562,1.38,,296.9025,1.334,397238.4,397210.4692
002313.SZ,20260108,10.46,1.6532,0.96,,292.705,1.3152,391622.4,391594.8641
002313.SZ,20260107,10.37,1.9924,1.25,,290.1865,1.3039,388252.8,388225.501
002313.SZ,20260106,10.49,1.9287,1.24,,293.5445,1.3189,392745.6,392717.9851
002313.SZ,20260105,10.45,1.9734,1.32,,292.4252,1.3139,391248.0,391220.4904
002313.SZ,20251231,10.19,1.329,0.77,,285.1495,1.2812,381513.6,381486.7748
002313.SZ,20251230,10.14,1.3434,0.75,,283.7503,1.2749,379641.6,379614.9065
002313.SZ,20251229,10.29,1.3786,0.74,,287.9478,1.2938,385257.6,385230.5116
002313.SZ,20251226,10.25,1.783,0.98,,286.8285,1.2888,383760.0,383733.0169
002313.SZ,20251225,10.27,1.6636,0.82,,287.3882,1.2913,384508.8,384481.7642
002313.SZ,20251224,10.24,2.4492,1.16,,286.5487,1.2875,383385.6,383358.6432
002313.SZ,20251223,9.95,1.6757,0.72,,278.4335,1.251,372528.0,372501.8066
002313.SZ,20251222,10.17,1.7015,0.63,,284.5898,1.2787,380764.8,380738.0275
002313.SZ,20251219,10.05,1.6128,0.51,,281.2319,1.2636,376272.0,376245.5434
002313.SZ,20251218,10.03,2.6543,0.79,,280.6722,1.2611,375523.2,375496.796
002313.SZ,20251217,9.85,2.9389,0.87,,275.6352,1.2385,368784.0,368758.0699
002313.SZ,20251216,9.9,2.694,0.68,,277.0344,1.2448,370656.0,370629.9383
002313.SZ,20251215,10.12,3.5527,0.95,,283.1907,1.2724,378892.8,378866.1591
002313.SZ,20251212,10.53,4.084,1.19,,294.6638,1.324,394243.2,394215.4798
002313.SZ,20251211,10.55,3.5567,1.05,,295.2235,1.3265,394992.0,394964.2271
002313.SZ,20251210,10.94,2.9763,0.79,,306.137,1.3755,409593.6,409564.8005
002313.SZ,20251209,11.15,5.686,1.37,,312.0134,1.4019,417456.0,417426.6476
002313.SZ,20251208,10.87,2.4467,0.5,,304.1781,1.3667,406972.8,406944.1847
002313.SZ,20251205,10.77,2.5628,0.51,,301.3798,1.3542,403228.8,403200.448
002313.SZ,20251204,10.88,3.2544,0.64,,304.458,1.368,407347.2,407318.5584
002313.SZ,20251203,11.09,4.7832,0.9,,310.3345,1.3944,415209.6,415180.4056
002313.SZ,20251202,11.47,7.6661,1.71,,320.9681,1.4422,429436.8,429406.6052
002313.SZ,20251201,11.29,5.9871,1.55,,315.9311,1.4195,422697.6,422667.8791
002313.SZ,20251128,10.92,3.5176,0.89,,305.5773,1.373,408844.8,408816.0531
002313.SZ,20251127,10.8,3.6257,0.97,,302.2193,1.3579,404352.0,404323.569
002313.SZ,20251126,11.1,5.6982,1.96,,310.6143,1.3956,415584.0,415554.7793
002313.SZ,20251125,10.97,3.5788,1.29,,306.9765,1.3793,410716.8,410687.9215
002313.SZ,20251124,10.83,2.8993,1.06,,303.0588,1.3617,405475.2,405446.69
002313.SZ,20251121,10.68,4.0404,1.66,,298.8613,1.3428,399859.2,399831.0849
002313.SZ,20251120,10.74,2.4081,0.92,,300.5403,1.3504,402105.6,402077.327
002313.SZ,20251119,10.64,1.6353,0.61,,297.742,1.3378,398361.6,398333.5902
002313.SZ,20251118,10.96,2.8766,1.15,,306.6966,1.378,410342.4,410313.5478
002313.SZ,20251117,10.89,2.692,1.17,,304.7378,1.3692,407721.6,407692.9321
002313.SZ,20251114,10.63,2.568,1.21,,297.4622,1.3365,397987.2,397959.2165
002313.SZ,20251113,10.54,3.3833,1.78,,294.9437,1.3252,394617.6,394589.8535
002313.SZ,20251112,10.75,1.78,0.92,,300.8201,1.3516,402480.0,402451.7006
002313.SZ,20251111,10.87,2.075,1.08,,304.1781,1.3667,406972.8,406944.1847
002313.SZ,20251110,11.02,1.6573,0.84,,308.3756,1.3856,412588.8,412559.7899
002313.SZ,20251107,10.96,1.702,0.86,,306.6966,1.378,410342.4,410313.5478
002313.SZ,20251106,10.95,2.2817,1.13,,306.4168,1.3768,409968.0,409939.1741
002313.SZ,20251105,11.12,2.0075,0.93,,311.174,1.3982,416332.8,416303.5266
002313.SZ,20251104,11.15,1.9143,0.8,,312.0134,1.4019,417456.0,417426.6476
002313.SZ,20251103,11.29,1.9497,0.66,,315.9311,1.4195,422697.6,422667.8791
002313.SZ,20251031,11.18,1.6882,0.48,,312.8529,1.4057,418579.2,418549.7687
002313.SZ,20251030,11.15,2.5396,0.68,,312.0134,1.4019,417456.0,417426.6476
002313.SZ,20251029,11.25,2.757,0.72,,314.8118,1.4145,421200.0,421170.3844
002313.SZ,20251028,11.44,3.0376,0.75,,320.1286,1.4384,428313.6,428283.4842
002313.SZ,20251027,11.37,4.7483,1.07,,318.1698,1.4296,425692.8,425662.8685
002313.SZ,20251024,11.6,4.6781,1.11,,183.6992,1.4585,434304.0,434273.463
002313.SZ,20251023,11.46,3.4384,0.81,,181.4821,1.4409,429062.4,429032.2316
002313.SZ,20251022,11.37,3.2338,0.77,,180.0569,1.4296,425692.8,425662.8685
002313.SZ,20251021,11.36,4.0233,0.93,,179.8985,1.4283,425318.4,425288.4948
002313.SZ,20251020,11.38,6.9127,1.86,,180.2152,1.4308,426067.2,426037.2422
002313.SZ,20251017,10.82,3.4857,1.01,,171.347,1.3604,405100.8,405072.3164
002313.SZ,20251016,11.21,3.5153,1.01,,177.5231,1.4095,419702.4,419672.8897
002313.SZ,20251015,11.07,2.9885,0.8,,175.306,1.3919,414460.8,414431.6582
002313.SZ,20251014,11.07,4.6233,1.39,,175.306,1.3919,414460.8,414431.6582
002313.SZ,20251013,11.0,3.9772,1.31,,174.1975,1.3831,411840.0,411811.0425
002313.SZ,20251010,10.91,2.2333,0.7,,172.7722,1.3718,408470.4,408441.6794
002313.SZ,20251009,11.04,3.5165,1.08,,174.8309,1.3881,413337.6,413308.5372
002313.SZ,20250930,10.84,4.2303,1.07,,171.6637,1.363,405849.6,405821.0637
002313.SZ,20250929,10.75,2.6198,0.63,,170.2385,1.3516,402480.0,402451.7006
002313.SZ,20250926,10.71,2.569,0.56,,169.605,1.3466,400982.4,400954.2059
002313.SZ,20250925,10.97,3.095,0.56,,173.7224,1.3793,410716.8,410687.9215
002313.SZ,20250924,11.09,3.7749,0.64,,175.6227,1.3944,415209.6,415180.4056
002313.SZ,20250923,10.95,7.7867,1.36,,173.4057,1.3768,409968.0,409939.1741
002313.SZ,20250922,11.69,3.6992,0.51,,185.1244,1.4698,437673.6,437642.8261
002313.SZ,20250919,11.8,4.4,0.43,,186.8664,1.4837,441792.0,441760.9365
002313.SZ,20250918,11.88,7.8985,0.61,,188.1333,1.4937,444787.2,444755.9259
002313.SZ,20250917,12.2,5.7805,0.42,,193.2008,1.5339,456768.0,456735.8835
002313.SZ,20250916,12.37,6.8557,0.53,,195.893,1.5553,463132.8,463100.236
002313.SZ,20250915,12.3,11.2181,0.96,,194.7845,1.5465,460512.0,460479.6203
002313.SZ,20250912,12.94,19.0448,2.09,,204.9196,1.627,484473.6,484439.5355
002313.SZ,20250911,12.82,22.1727,3.52,,203.0193,1.6119,479980.8,479947.0514
002313.SZ,20250910,12.42,8.9704,1.39,,196.6848,1.5616,465004.8,464972.1044
002313.SZ,20250909,11.29,3.8673,0.55,,178.79,1.4195,422697.6,422667.8791
002313.SZ,20250908,11.6,4.4417,0.57,,183.6992,1.4585,434304.0,434273.463
002313.SZ,20250905,11.8,6.1406,0.72,,186.8664,1.4837,441792.0,441760.9365
002313.SZ,20250904,11.41,8.0755,0.83,,180.6903,1.4346,427190.4,427160.3632
002313.SZ,20250903,12.09,9.7307,0.81,,191.4589,1.5201,452649.6,452617.7731
002313.SZ,20250902,11.83,6.4644,0.46,,187.3415,1.4874,442915.2,442884.0575
002313.SZ,20250901,12.27,8.6916,0.63,,194.3094,1.5428,459388.8,459356.4992
002313.SZ,20250829,11.75,9.9325,0.76,,186.0746,1.4774,439920.0,439889.0681
002313.SZ,20250828,12.56,13.9545,1.2,,198.9019,1.5792,470246.4,470213.3358
002313.SZ,20250827,12.95,21.0506,2.36,,205.0779,1.6282,484848.0,484813.9091
002313.SZ,20250826,12.6,16.2752,2.16,,127.0883,1.5842,471744.0,471739.1805
002313.SZ,20250825,12.11,7.923,0.92,,122.146,1.5226,453398.4,453393.7679
002313.SZ,20250822,12.0,5.8087,0.57,,121.0365,1.5088,449280.0,449275.41
002313.SZ,20250821,11.94,7.1214,0.55,,120.4313,1.5013,447033.6,447029.033
002313.SZ,20250820,12.17,7.4783,0.46,,122.7512,1.5302,455644.8,455640.145
002313.SZ,20250819,12.1,9.38,0.47,,122.0452,1.5214,453024.0,453019.3718
002313.SZ,20250818,12.11,13.2779,0.58,,122.146,1.5226,453398.4,453393.7679
002313.SZ,20250815,11.95,13.866,0.51,,120.5322,1.5025,447408.0,447403.4291
002313.SZ,20250814,11.71,20.4008,0.74,,118.1115,1.4723,438422.4,438417.9209
002313.SZ,20250813,12.81,24.2397,0.94,,129.2065,1.6106,479606.4,479601.5002
002313.SZ,20250812,13.58,28.8423,1.3,,136.973,1.7075,508435.2,508430.0057
002313.SZ,20250811,14.49,27.5266,1.55,,146.1516,1.8219,542505.6,542500.0576
002313.SZ,20250808,14.96,34.5411,2.88,,150.8922,1.881,560102.4,560096.6778
002313.SZ,20250807,13.6,23.2422,2.85,,137.1747,1.71,509184.0,509178.798
002313.SZ,20250806,12.36,14.7811,2.6,,124.6676,1.5541,462758.4,462753.6723
002313.SZ,20250805,11.24,11.0563,2.71,,113.3709,1.4132,420825.6,420821.3007
002313.SZ,20250804,10.22,5.431,1.47,,103.0828,1.285,382636.8,382632.8909
002313.SZ,20250801,10.03,5.4396,1.68,,101.1664,1.2611,375523.2,375519.3635
002313.SZ,20250731,9.71,4.071,1.5,,97.9387,1.2209,363542.4,363538.6859
002313.SZ,20250730,9.68,2.4472,0.91,,97.6361,1.2171,362419.2,362415.4974
002313.SZ,20250729,9.86,3.0215,1.18,,99.4517,1.2397,369158.4,369154.6286
002313.SZ,20250728,9.79,3.4645,1.51,,98.7456,1.2309,366537.6,366533.8553
002313.SZ,20250725,9.67,3.1626,1.5,,97.5353,1.2158,362044.8,362041.1012
002313.SZ,20250724,9.47,1.4474,0.64,,95.518,1.1907,354556.8,354553.1777
002313.SZ,20250723,9.39,2.3218,1.04,,94.7111,1.1806,351561.6,351558.0083
002313.SZ,20250722,9.56,2.3688,0.99,,96.4258,1.202,357926.4,357922.7433
002313.SZ,20250721,9.68,2.1378,0.88,,97.6361,1.2171,362419.2,362415.4974
002313.SZ,20250718,9.66,2.291,0.9,,97.4344,1.2146,361670.4,361666.7051
002313.SZ,20250717,9.71,2.1047,0.73,,97.9387,1.2209,363542.4,363538.6859
002313.SZ,20250716,9.61,2.2959,0.62,,96.9301,1.2083,359798.4,359794.7242
002313.SZ,20250715,9.52,3.1549,0.82,,96.0223,1.197,356428.8,356425.1586
002313.SZ,20250714,9.68,2.2678,0.54,,97.6361,1.2171,362419.2,362415.4974
002313.SZ,20250711,9.67,2.9646,0.61,,97.5353,1.2158,362044.8,362041.1012
002313.SZ,20250710,9.7,3.6608,0.64,,97.8379,1.2196,363168.0,363164.2898
002313.SZ,20250709,9.91,6.3525,0.95,,99.956,1.246,371030.4,371026.6094
002313.SZ,20250708,9.89,3.9828,0.41,,99.7543,1.2435,370281.6,370277.8171
002313.SZ,20250707,9.95,3.8466,0.35,,100.3594,1.251,372528.0,372524.1941
002313.SZ,20250704,9.87,6.2847,0.61,,99.5525,1.241,369532.8,369529.0247
002313.SZ,20250703,10.1,8.1219,0.89,,101.8724,1.2699,378144.0,378140.1368
002313.SZ,20250702,9.95,11.2702,1.51,,100.3594,1.251,372528.0,372524.1941
002313.SZ,20250701,10.31,19.2462,4.54,,103.9905,1.2963,386006.4,386002.4564
002313.SZ,20250630,10.36,10.7611,4.15,,104.4949,1.3026,387878.4,387874.4373
002313.SZ,20250627,9.42,2.3885,0.91,,95.0137,1.1844,352684.8,352681.1969
002313.SZ,20250626,9.31,2.1844,0.76,,93.9042,1.1706,348566.4,348562.8389
002313.SZ,20250625,9.39,2.7268,0.88,,94.7111,1.1806,351561.6,351558.0083
002313.SZ,20250624,9.38,3.1362,0.99,,94.6102,1.1794,351187.2,351183.6122
002313.SZ,20250623,9.19,2.5239,0.78,,92.6938,1.1555,344073.6,344070.0848
002313.SZ,20250620,8.9,2.5922,0.74,,89.7688,1.119,333216.0,333212.5958
002313.SZ,20250619,9.09,3.4401,0.85,,91.6852,1.1429,340329.6,340326.1231
002313.SZ,20250618,9.44,3.7723,0.79,,95.2154,1.1869,353433.6,353429.9892
002313.SZ,20250617,9.65,3.5015,0.66,,97.3335,1.2133,361296.0,361292.3089
002313.SZ,20250616,9.88,2.847,0.48,,99.6534,1.2422,369907.2,369903.4209
002313.SZ,20250613,9.79,3.9997,0.6,,98.7456,1.2309,366537.6,366533.8553
002313.SZ,20250612,10.19,6.1108,0.84,,102.7802,1.2812,381513.6,381509.7023
002313.SZ,20250611,10.1,7.3853,0.93,,101.8724,1.2699,378144.0,378140.1368
002313.SZ,20250610,9.79,6.2549,0.71,,98.7456,1.2309,366537.6,366533.8553
002313.SZ,20250609,10.02,5.6212,0.56,,101.0655,1.2599,375148.8,375144.9674
002313.SZ,20250606,9.99,7.969,0.76,,100.7629,1.2561,374025.6,374021.7788
002313.SZ,20250605,10.59,9.0003,0.79,,106.8147,1.3315,396489.6,396485.5493
002313.SZ,20250604,10.51,10.9326,1.14,,106.0078,1.3215,393494.4,393490.3799
002313.SZ,20250603,10.09,10.2919,1.3,,101.7715,1.2687,377769.6,377765.7406
002313.SZ,20250530,9.92,12.1726,2.02,,100.0569,1.2473,371404.8,371401.0056
002313.SZ,20250529,9.55,10.364,2.27,,96.3249,1.2008,357552.0,357548.3471
002313.SZ,20250528,9.46,13.4877,4.92,,95.4171,1.1894,354182.4,354178.7816
002313.SZ,20250527,9.01,1.565,0.47,,90.8783,1.1329,337334.4,337330.9537
002313.SZ,20250526,9.1,2.1164,0.64,,91.786,1.1442,340704.0,340700.5193
002313.SZ,20250523,8.92,2.6309,0.83,,89.9705,1.1215,333964.8,333961.3881
002313.SZ,20250522,9.18,3.0539,1.03,,92.5929,1.1542,343699.2,343695.6887
002313.SZ,20250521,9.23,4.3401,1.69,,93.0973,1.1605,345571.2,345567.6695
002313.SZ,20250520,9.31,4.4179,1.96,,93.9042,1.1706,348566.4,348562.8389
002313.SZ,20250519,9.1,2.0397,0.87,,91.786,1.1442,340704.0,340700.5193
002313.SZ,20250516,8.93,1.9848,0.79,,90.0713,1.1228,334339.2,334335.7843
002313.SZ,20250515,8.84,2.0717,0.7,,89.1636,1.1115,330969.6,330966.2187
002313.SZ,20250514,9.05,2.3414,0.73,,91.2817,1.1379,338832.0,338828.5384
002313.SZ,20250513,9.07,2.8421,0.81,,91.4834,1.1404,339580.8,339577.3307
002313.SZ,20250512,9.22,2.5361,0.67,,92.9964,1.1593,345196.8,345193.2734
002313.SZ,20250509,9.1,2.7972,0.73,,91.786,1.1442,340704.0,340700.5193
002313.SZ,20250508,9.28,4.1927,1.14,,93.6016,1.1668,347443.2,347439.6504
002313.SZ,20250507,9.03,3.7314,0.92,,91.08,1.1354,338083.2,338079.746
002313.SZ,20250506,8.99,4.3562,0.87,,90.6765,1.1303,336585.6,336582.1613
002313.SZ,20250430,8.61,3.7481,0.73,,86.8437,1.0826,322358.4,322355.1067
002313.SZ,20250429,8.38,3.0415,0.57,,84.5238,1.0536,313747.2,313743.9947
002313.SZ,20250428,8.37,3.4864,0.69,,84.423,1.0524,313372.8,313369.5985
002313.SZ,20250425,8.6,5.6296,1.29,,86.7428,1.0813,321984.0,321980.7105
002313.SZ,20250424,8.69,8.9982,3.09,,87.6506,1.0926,325353.6,325350.2761
002313.SZ,20250423,9.19,4.5761,1.85,,92.6938,1.1555,344073.6,344070.0848
002313.SZ,20250422,8.35,3.977,1.82,,84.2212,1.0499,312624.0,312620.8061
002313.SZ,20250421,8.71,2.0535,0.86,,49.0566,1.0951,326102.4,326099.0684
002313.SZ,20250418,8.56,2.2452,0.93,,48.2118,1.0763,320486.4,320483.1258
002313.SZ,20250417,8.45,1.6878,0.6,,47.5922,1.0624,316368.0,316364.7679
002313.SZ,20250416,8.39,2.3998,0.73,,47.2543,1.0549,314121.6,314118.3908
002313.SZ,20250415,8.71,2.5597,0.68,,49.0566,1.0951,326102.4,326099.0684
002313.SZ,20250414,8.73,3.0628,0.88,,49.1693,1.0977,326851.2,326847.8608
002313.SZ,20250411,8.53,2.3674,0.69,,48.0428,1.0725,319363.2,319359.9373
002313.SZ,20250410,8.42,3.7649,1.23,,47.4233,1.0587,315244.8,315241.5794
002313.SZ,20250409,8.1,4.5716,1.72,,45.621,1.0184,303264.0,303260.9018
002313.SZ,20250408,7.85,4.9222,2.08,,44.2129,0.987,293904.0,293900.9974
002313.SZ,20250407,8.47,1.7998,0.62,,47.7049,1.065,317116.8,317113.5602
002313.SZ,20250403,9.41,2.119,0.72,,52.9992,1.1832,352310.4,352306.8007
002313.SZ,20250402,9.49,1.8426,0.62,,53.4497,1.1932,355305.6,355301.9701
002313.SZ,20250401,9.41,2.5883,0.87,,52.9992,1.1832,352310.4,352306.8007
002313.SZ,20250331,9.47,3.5051,1.14,,53.3371,1.1907,354556.8,354553.1777
002313.SZ,20250328,9.77,4.4107,1.48,,55.0268,1.2284,365788.8,365785.063
002313.SZ,20250327,9.74,2.2682,0.72,,54.8578,1.2246,364665.6,364661.8745
002313.SZ,20250326,9.87,2.051,0.59,,55.59,1.241,369532.8,369529.0247
002313.SZ,20250325,9.76,2.6327,0.73,,54.9704,1.2272,365414.4,365410.6668
002313.SZ,20250324,9.98,4.0397,1.16,,56.2095,1.2548,373651.2,373647.3827
002313.SZ,20250321,10.32,3.8783,1.07,,58.1245,1.2976,386380.8,386376.8526
002313.SZ,20250320,10.77,3.2244,0.79,,32.8698,1.4249,403228.8,403224.6805
002313.SZ,20250319,10.75,3.604,0.73,,32.8088,1.4223,402480.0,402475.8881
002313.SZ,20250318,11.01,3.2125,0.56,,33.6023,1.4567,412214.4,412210.1887
002313.SZ,20250317,11.02,3.4192,0.55,,33.6328,1.458,412588.8,412584.5849
002313.SZ,20250314,11.12,4.7191,0.69,,33.938,1.4712,416332.8,416328.5466
002313.SZ,20250313,11.03,5.5809,0.65,,33.6633,1.4593,412963.2,412958.981
002313.SZ,20250312,11.48,7.6775,0.72,,35.0367,1.5188,429811.2,429806.8089
002313.SZ,20250311,11.55,7.3254,0.74,,35.2504,1.5281,432432.0,432427.5821
002313.SZ,20250310,11.37,5.5541,0.57,,34.701,1.5043,425692.8,425688.451
002313.SZ,20250307,11.32,8.2387,0.91,,34.5484,1.4977,423820.8,423816.4701
002313.SZ,20250306,11.69,14.0724,1.85,,35.6776,1.5466,437673.6,437669.1286
002313.SZ,20250305,11.58,18.1464,3.5,,35.3419,1.5321,433555.2,433550.7707
002313.SZ,20250304,11.52,3.8025,0.68,,35.1588,1.5241,431308.8,431304.3936
002313.SZ,20250303,10.47,4.1168,0.62,,31.9542,1.3852,391996.8,391992.7952
002313.SZ,20250228,10.39,5.0521,0.62,,31.7101,1.3746,389001.6,388997.6258
002313.SZ,20250227,11.0,6.9507,0.71,,33.5718,1.4553,411840.0,411835.7925
002313.SZ,20250226,11.32,5.9731,0.46,,34.5484,1.4977,423820.8,423816.4701
002313.SZ,20250225,11.19,5.9909,0.48,,34.1516,1.4805,418953.6,418949.3198
002313.SZ,20250224,11.26,9.4905,0.61,,34.3653,1.4897,421574.4,421570.0931
002313.SZ,20250221,11.5,12.3244,0.87,,35.0978,1.5215,430560.0,430555.6013
002313.SZ,20250220,11.42,15.0359,1.1,,34.8536,1.5109,427564.8,427560.4319
002313.SZ,20250219,12.19,21.6507,1.64,,37.2036,1.6128,456393.6,456388.9373
002313.SZ,20250218,11.97,3.3751,0.23,,36.5322,1.5837,448156.8,448152.2215
002313.SZ,20250217,13.3,25.4731,2.16,,40.5913,1.7596,497952.0,497946.9128
002313.SZ,20250214,13.22,5.3691,0.4,,40.3472,1.749,494956.8,494951.7434
002313.SZ,20250213,12.02,12.5342,0.93,,36.6848,1.5903,450028.8,450024.2024
002313.SZ,20250212,10.93,19.2817,1.88,,33.3581,1.4461,409219.2,409215.0193
002313.SZ,20250211,11.07,9.7864,1.06,,33.7854,1.4646,414460.8,414456.5657
002313.SZ,20250210,10.06,12.0009,1.49,,30.7029,1.331,376646.4,376642.5521
002313.SZ,20250207,9.62,12.7264,1.73,,29.36,1.2728,360172.8,360169.1204
002313.SZ,20250206,9.67,13.8673,2.05,,29.5126,1.2794,362044.8,362041.1012
002313.SZ,20250205,9.19,2.7981,0.37,,28.0477,1.2159,344073.6,344070.0848
002313.SZ,20250127,8.35,4.7209,0.6,,25.484,1.1047,312624.0,312620.8061
002313.SZ,20250124,8.83,6.2811,0.76,,26.949,1.1682,330595.2,330591.8225
002313.SZ,20250123,9.07,9.1289,1.05,,27.6814,1.2,339580.8,339577.3307
002313.SZ,20250122,9.58,10.8686,1.14,,29.238,1.2675,358675.2,358671.5357
002313.SZ,20250121,9.16,7.2102,0.63,,27.9561,1.2119,342950.4,342946.8963
002313.SZ,20250120,9.08,5.8468,0.46,,27.712,1.2013,339955.2,339951.7269
002313.SZ,20250117,9.21,8.3901,0.59,,28.1087,1.2185,344822.4,344818.8772
002313.SZ,20250116,9.7,11.0932,0.75,,29.6042,1.2833,363168.0,363164.2898
002313.SZ,20250115,9.99,15.3191,1.21,,30.4893,1.3217,374025.6,374021.7788
002313.SZ,20250114,9.74,17.0045,1.6,,29.7263,1.2886,364665.6,364661.8745
002313.SZ,20250113,9.44,12.2325,1.23,,28.8107,1.2489,353433.6,353429.9892
002313.SZ,20250110,8.58,15.3031,2.11,,26.186,1.1352,321235.2,321231.9182
002313.SZ,20250109,9.47,14.4217,2.92,,28.9022,1.2529,354556.8,354553.1777
002313.SZ,20250108,8.61,4.3175,0.92,,26.2775,1.1391,322358.4,322355.1067
002313.SZ,20250107,7.83,6.9699,1.76,,23.897,1.0359,293155.2,293152.205
002313.SZ,20250106,7.91,8.8888,3.14,,24.1412,1.0465,296150.4,296147.3744
002313.SZ,20250103,8.47,1.749,0.56,,25.8503,1.1206,317116.8,317113.5602
002313.SZ,20250102,7.7,2.8075,0.79,,23.5002,1.0187,288288.0,288285.0548
002313.SZ,20241231,7.84,3.0815,0.76,,23.9275,1.0373,293529.6,293526.6012
002313.SZ,20241230,8.17,3.2527,0.66,,24.9347,1.0809,305884.8,305881.675
002313.SZ,20241227,8.4,3.2554,0.57,,25.6366,1.1113,314496.0,314492.787
002313.SZ,20241226,8.31,3.2738,0.48,,25.3619,1.0994,311126.4,311123.2214
002313.SZ,20241225,8.16,5.0124,0.58,,24.9041,1.0796,305510.4,305507.2788
002313.SZ,20241224,8.59,5.4731,0.54,,26.2165,1.1365,321609.6,321606.3143
002313.SZ,20241223,8.86,7.808,0.75,,27.0405,1.1722,331718.4,331715.0111
002313.SZ,20241220,9.68,6.9408,0.51,,29.5432,1.2807,362419.2,362415.4974
002313.SZ,20241219,9.81,9.1353,0.62,,29.9399,1.2979,367286.4,367282.6477
002313.SZ,20241218,10.03,13.5918,1.05,,30.6113,1.327,375523.2,375519.3635
002313.SZ,20241217,10.81,13.1754,1.1,,32.9919,1.4302,404726.4,404722.2652
002313.SZ,20241216,12.01,9.0951,0.76,,36.6543,1.589,449654.4,449649.8062
002313.SZ,20241213,10.92,23.1557,2.13,,33.3276,1.4447,408844.8,408840.6231
002313.SZ,20241212,11.17,15.0942,1.73,,34.0906,1.4778,418204.8,418200.5275
002313.SZ,20241211,10.15,4.228,0.49,,30.9776,1.3429,380016.0,380012.1176
002313.SZ,20241210,9.23,8.519,1.11,,28.1698,1.2212,345571.2,345567.6695
002313.SZ,20241209,9.33,8.9188,1.24,,28.475,1.2344,349315.2,349311.6313
002313.SZ,20241206,9.64,17.5594,3.93,,29.4211,1.2754,360921.6,360917.9127
002313.SZ,20241205,9.61,4.4363,1.07,,29.3295,1.2714,359798.4,359794.7242
002313.SZ,20241204,8.74,3.7626,0.97,,26.6743,1.1563,327225.6,327222.257
002313.SZ,20241203,8.85,3.849,1.08,,27.01,1.1709,331344.0,331340.6149
002313.SZ,20241202,9.0,6.4723,2.35,,27.4678,1.1907,336960.0,336956.5575
002313.SZ,20241129,8.64,3.8451,1.53,,26.3691,1.1431,323481.6,323478.2952
002313.SZ,20241128,8.51,2.7657,1.14,,25.9723,1.1259,318614.4,318611.1449
002313.SZ,20241127,8.37,2.4319,1.03,,25.5451,1.1074,313372.8,313369.5985
002313.SZ,20241126,8.36,2.2328,0.95,,25.5145,1.1061,312998.4,312995.2023
002313.SZ,20241125,8.36,2.4718,0.99,,25.5145,1.1061,312998.4,312995.2023
002313.SZ,20241122,8.15,2.6606,1.04,,24.8736,1.0783,305136.0,305132.8826
002313.SZ,20241121,8.51,2.3841,0.94,,25.9723,1.1259,318614.4,318611.1449
002313.SZ,20241120,8.35,2.078,0.76,,25.484,1.1047,312624.0,312620.8061
002313.SZ,20241119,8.24,2.1967,0.66,,25.1483,1.0902,308505.6,308502.4482
002313.SZ,20241118,7.96,3.2053,0.82,,24.2938,1.0531,298022.4,298019.3553
002313.SZ,20241115,8.36,2.9104,0.7,,25.5145,1.1061,312998.4,312995.2023
002313.SZ,20241114,8.67,2.3234,0.52,,26.4607,1.1471,324604.8,324601.4837
002313.SZ,20241113,8.98,3.0936,0.63,,27.4068,1.1881,336211.2,336207.7652
002313.SZ,20241112,9.04,5.1185,1.03,,27.5899,1.196,338457.6,338454.1422
002313.SZ,20241111,9.19,6.118,1.33,,28.0477,1.2159,344073.6,344070.0848
002313.SZ,20241108,8.78,4.1747,0.78,,26.7964,1.1616,328723.2,328719.8417
002313.SZ,20241107,8.75,4.0523,0.59,,26.7048,1.1576,327600.0,327596.6531
002313.SZ,20241106,8.59,4.9717,0.59,,26.2165,1.1365,321609.6,321606.3143
002313.SZ,20241105,8.76,5.5455,0.49,,26.7353,1.159,327974.4,327971.0493
002313.SZ,20241104,8.52,4.225,0.32,,26.0029,1.1272,318988.8,318985.5411
002313.SZ,20241101,8.45,7.8089,0.61,,25.7892,1.118,316368.0,316364.7679
002313.SZ,20241031,9.39,11.5035,1.03,,28.6581,1.2423,351561.6,351558.0083
002313.SZ,20241030,9.6,13.0835,1.44,,22.2768,1.2701,359424.0,359420.328
002313.SZ,20241029,9.13,20.475,3.61,,21.1862,1.2079,341827.2,341823.7078
002313.SZ,20241028,9.31,12.4169,3.06,,21.6039,1.2317,348566.4,348562.8389
002313.SZ,20241025,8.46,7.0013,1.96,,19.6315,1.1193,316742.4,316739.1641
002313.SZ,20241024,7.69,2.7385,0.75,,17.8447,1.0174,287913.6,287910.6586
002313.SZ,20241023,7.57,2.7578,0.77,,17.5662,1.0015,283420.8,283417.9045
002313.SZ,20241022,7.65,3.4329,0.92,,17.7518,1.0121,286416.0,286413.0739
002313.SZ,20241021,7.65,4.3841,1.26,,17.7518,1.0121,286416.0,286413.0739
002313.SZ,20241018,7.46,4.524,1.44,,17.311,0.987,279302.4,279299.5466
002313.SZ,20241017,7.26,3.0817,0.9,,16.8468,0.9605,271814.4,271811.6231
002313.SZ,20241016,7.14,2.4714,0.63,,16.5684,0.9446,267321.6,267318.869
002313.SZ,20241015,7.21,4.1113,0.82,,16.7308,0.9539,269942.4,269939.6422
002313.SZ,20241014,7.23,3.2123,0.53,,16.7772,0.9565,270691.2,270688.4345
002313.SZ,20241011,6.93,2.8771,0.42,,16.0811,0.9169,259459.2,259456.5493
002313.SZ,20241010,7.17,4.3761,0.6,,16.638,0.9486,268444.8,268442.0575
002313.SZ,20241009,7.32,5.0277,0.65,,16.9861,0.9685,274060.8,274058.0001
002313.SZ,20241008,8.13,9.5043,1.29,,18.8657,1.0756,304387.2,304384.0903
002313.SZ,20240930,7.65,8.5039,1.08,,17.7518,1.0121,286416.0,286413.0739
002313.SZ,20240927,7.05,7.1383,0.99,,16.3595,0.9327,263952.0,263949.3034
002313.SZ,20240926,6.77,6.3041,1.01,,15.7098,0.8957,253468.8,253466.2105
002313.SZ,20240925,6.67,7.4395,1.49,,15.4778,0.8825,249724.8,249722.2487
002313.SZ,20240924,6.58,7.5268,2.01,,15.2689,0.8706,246355.2,246352.6832
002313.SZ,20240923,6.54,11.1294,6.05,,15.1761,0.8653,244857.6,244855.0985
002313.SZ,20240920,6.55,3.5044,2.48,,15.1993,0.8666,245232.0,245229.4946
002313.SZ,20240919,5.95,1.4987,1.05,,13.807,0.7872,222768.0,222765.7241
002313.SZ,20240918,5.74,1.2998,0.94,,13.3197,0.7594,214905.6,214903.4045
002313.SZ,20240913,5.89,1.2638,0.93,,13.6678,0.7793,220521.6,220519.3471
002313.SZ,20240912,5.99,1.6285,1.33,,13.8998,0.7925,224265.6,224263.3088
002313.SZ,20240911,5.97,1.3813,1.16,,13.8534,0.7898,223516.8,223514.5165
002313.SZ,20240910,6.1,1.5374,1.35,,14.1551,0.807,228384.0,228381.6668
002313.SZ,20240909,5.87,1.0757,0.87,,13.6214,0.7766,219772.8,219770.5547
002313.SZ,20240906,5.85,1.1438,0.74,,13.5749,0.774,219024.0,219021.7624
002313.SZ,20240905,6.05,0.9726,0.59,,14.039,0.8004,226512.0,226509.6859
002313.SZ,20240904,5.98,1.2102,0.74,,13.8766,0.7912,223891.2,223888.9127
002313.SZ,20240903,6.1,1.2824,0.78,,14.1551,0.807,228384.0,228381.6668
002313.SZ,20240902,6.04,1.5772,1.01,,14.0158,0.7991,226137.6,226135.2897
002313.SZ,20240830,6.14,2.6774,1.96,,14.2479,0.8123,229881.6,229879.2515
002313.SZ,20240829,5.85,1.5119,1.16,,13.5749,0.774,219024.0,219021.7624
002313.SZ,20240828,5.68,1.0911,0.81,,13.1805,0.7515,212659.2,212657.0274
002313.SZ,20240827,5.62,1.4038,1.08,,13.0412,0.7435,210412.8,210410.6504
002313.SZ,20240826,5.82,1.1398,0.77,,13.5053,0.77,217900.8,217898.5739
002313.SZ,20240823,5.77,1.6972,1.0,,13.3893,0.7634,216028.8,216026.593
002313.SZ,20240822,5.87,1.2069,0.62,,13.6214,0.7766,219772.8,219770.5547
002313.SZ,20240821,6.01,1.2942,0.54,,13.9462,0.7951,225014.4,225012.1012
002313.SZ,20240820,6.0,1.1319,0.41,,13.923,0.7938,224640.0,224637.705
002313.SZ,20240819,6.09,2.059,0.66,,14.1319,0.8057,228009.6,228007.2706
002313.SZ,20240816,6.18,2.8065,0.93,,14.3407,0.8176,231379.2,231376.8362
002313.SZ,20240815,6.15,2.4191,0.75,,14.2711,0.8137,230256.0,230253.6476
002313.SZ,20240814,6.15,3.6046,0.96,,14.2711,0.8137,230256.0,230253.6476
002313.SZ,20240813,5.88,2.9473,0.58,,13.6446,0.7779,220147.2,220144.9509
002313.SZ,20240812,5.75,3.7317,0.83,,13.3429,0.7607,215280.0,215277.8006
002313.SZ,20240809,6.1,2.3561,0.47,,11.9678,0.807,228384.0,228253.216
002313.SZ,20240808,6.1,3.4053,0.55,,11.9678,0.807,228384.0,228253.216
002313.SZ,20240807,6.13,6.2818,1.17,,12.0266,0.811,229507.2,229375.7728
002313.SZ,20240806,6.45,9.5259,2.53,,12.6544,0.8534,241488.0,241349.712
002313.SZ,20240805,6.39,0.8213,0.21,,12.5367,0.8454,239241.6,239104.5984
002313.SZ,20240802,7.1,5.1097,1.65,,13.9297,0.9393,265824.0,265671.776
002313.SZ,20240801,7.31,9.3248,6.3,,14.3417,0.9671,273686.4,273529.6736
002313.SZ,20240731,7.58,1.9639,1.47,,14.8714,1.0029,283795.2,283632.6848
002313.SZ,20240730,6.89,1.6412,1.35,,13.5177,0.9116,257961.6,257813.8784
002313.SZ,20240729,6.76,1.3428,1.15,,13.2626,0.8944,253094.4,252949.4656
002313.SZ,20240726,6.56,1.248,1.08,,12.8703,0.8679,245606.4,245465.7536
002313.SZ,20240725,6.36,1.2096,1.03,,12.4779,0.8414,238118.4,237982.0416
002313.SZ,20240724,6.42,1.2354,0.97,,12.5956,0.8494,240364.8,240227.1552
002313.SZ,20240723,6.61,1.0598,0.77,,12.9684,0.8745,247478.4,247336.6816
002313.SZ,20240722,6.76,1.0691,0.71,,13.2626,0.8944,253094.4,252949.4656
002313.SZ,20240719,6.64,1.1897,0.63,,13.0272,0.8785,248601.6,248459.2384
002313.SZ,20240718,6.57,1.3139,0.63,,12.8899,0.8692,245980.8,245839.9392
002313.SZ,20240717,6.66,1.7656,0.88,,13.0665,0.8811,249350.4,249207.6096
002313.SZ,20240716,6.98,1.5151,0.74,,13.6943,0.9235,261331.2,261181.5488
002313.SZ,20240715,6.8,1.7045,0.85,,13.3411,0.8997,254592.0,254446.208
002313.SZ,20240712,7.08,3.1926,1.98,,13.8905,0.9367,265075.2,264923.4048
002313.SZ,20240711,6.87,2.2047,1.53,,13.4785,0.9089,257212.8,257065.5072
002313.SZ,20240710,6.51,1.4021,0.97,,12.7722,0.8613,243734.4,243594.8256
002313.SZ,20240709,6.59,1.6909,1.16,,12.9291,0.8719,246729.6,246588.3104
002313.SZ,20240708,6.4,1.4882,1.01,,12.5564,0.8467,239616.0,239478.784
002313.SZ,20240705,6.68,1.2619,0.79,,13.1057,0.8838,250099.2,249955.9808
002313.SZ,20240704,6.61,1.3563,0.75,,12.9684,0.8745,247478.4,247336.6816
002313.SZ,20240703,6.8,1.4035,0.72,,13.3411,0.8997,254592.0,254446.208
002313.SZ,20240702,6.94,1.7969,0.86,,13.6158,0.9182,259833.6,259684.8064
002313.SZ,20240701,6.81,1.5546,0.63,,13.3607,0.901,254966.4,254820.3936
002313.SZ,20240628,6.84,1.8998,0.62,,13.4196,0.905,256089.6,255942.9504
002313.SZ,20240627,6.82,2.3331,0.57,,13.3804,0.9023,255340.8,255194.5792
002313.SZ,20240626,6.95,2.166,0.51,,13.6354,0.9195,260208.0,260058.992
002313.SZ,20240625,6.66,2.5072,0.57,,13.0665,0.8811,249350.4,249207.6096
002313.SZ,20240624,6.81,3.5297,0.88,,13.3607,0.901,254966.4,254820.3936
002313.SZ,20240621,7.31,4.679,1.39,,14.3417,0.9671,273686.4,273529.6736
002313.SZ,20240620,7.6,7.7086,3.61,,14.9107,1.0055,284544.0,284381.056
002313.SZ,20240619,7.54,2.6247,1.29,,14.793,0.9976,282297.6,282135.9424
002313.SZ,20240618,7.55,3.6048,2.08,,14.8126,0.9989,282672.0,282510.128
002313.SZ,20240617,7.15,1.5405,0.79,,14.0278,0.946,267696.0,267542.704
002313.SZ,20240614,7.12,1.3498,0.57,,13.9689,0.942,266572.8,266420.1472
002313.SZ,20240613,7.03,1.5629,0.65,,13.7924,0.9301,263203.2,263052.4768
002313.SZ,20240612,7.12,2.1516,0.84,,13.9689,0.942,266572.8,266420.1472
002313.SZ,20240611,6.83,2.0454,0.82,,13.4,0.9036,255715.2,255568.7648
002313.SZ,20240607,6.64,2.5869,1.11,,13.0272,0.8785,248601.6,248459.2384
002313.SZ,20240606,6.37,3.3968,1.78,,12.4975,0.8428,238492.8,238356.2272
002313.SZ,20240605,6.79,1.8103,0.89,,13.3215,0.8983,254217.6,254072.0224
002313.SZ,20240604,7.05,2.9988,1.77,,13.8316,0.9327,263952.0,263800.848
002313.SZ,20240603,7.38,1.7129,1.01,,14.479,0.9764,276307.2,276148.9728
002313.SZ,20240531,7.62,1.6995,0.97,,14.9499,1.0081,285292.8,285129.4272
002313.SZ,20240530,7.43,1.3458,0.71,,14.5771,0.983,278179.2,278019.9008
002313.SZ,20240529,7.54,2.388,1.41,,14.793,0.9976,282297.6,282135.9424
002313.SZ,20240528,7.54,1.3197,0.74,,14.793,0.9976,282297.6,282135.9424
002313.SZ,20240527,7.69,1.7261,0.92,,15.0872,1.0174,287913.6,287748.7264
002313.SZ,20240524,7.74,2.0187,1.05,,15.1853,1.024,289785.6,289619.6544
002313.SZ,20240523,7.93,1.983,0.96,,15.5581,1.0492,296899.2,296729.1808
002313.SZ,20240522,8.13,1.3939,0.58,,15.9505,1.0756,304387.2,304212.8928
002313.SZ,20240521,8.1,1.8381,0.64,,15.8916,1.0717,303264.0,303090.336
002313.SZ,20240520,8.2,2.1874,0.59,,16.0878,1.0849,307008.0,306832.192
002313.SZ,20240517,8.27,2.2033,0.44,,16.2252,1.0941,309628.8,309451.4912
002313.SZ,20240516,8.24,2.7399,0.56,,16.1663,1.0902,308505.6,308328.9344
002313.SZ,20240515,8.07,2.9619,0.61,,15.8328,1.0677,302140.8,301967.7792
002313.SZ,20240514,8.22,4.2498,0.92,,16.1271,1.0875,307756.8,307580.5632
002313.SZ,20240513,8.2,6.5046,1.63,,16.0878,1.0849,307008.0,306832.192
002313.SZ,20240510,9.11,8.3294,2.61,,17.8732,1.2053,341078.4,340883.0816
002313.SZ,20240509,8.62,2.6131,0.69,,16.9118,1.1405,322732.8,322547.9872
002313.SZ,20240508,8.7,2.4568,0.56,,17.0688,1.151,325728.0,325541.472
002313.SZ,20240507,8.99,3.2518,0.73,,17.6378,1.1894,336585.6,336392.8544
002313.SZ,20240506,8.91,3.2636,0.66,,17.4808,1.1788,333590.4,333399.3696
002313.SZ,20240430,8.91,4.3649,0.82,,17.4808,1.1788,333590.4,333399.3696
002313.SZ,20240429,9.18,5.6526,1.19,,18.0105,1.2145,343699.2,343502.3808
002313.SZ,20240426,8.85,5.4668,1.28,,17.3631,1.1709,331344.0,331154.256
002313.SZ,20240425,8.3,3.6602,0.83,,16.284,1.0981,310752.0,310574.048
002313.SZ,20240424,8.3,5.766,1.35,,16.284,1.0981,310752.0,310574.048
002313.SZ,20240423,8.0,6.1231,1.66,,15.6954,1.0584,299520.0,299348.48
002313.SZ,20240422,7.56,2.73,0.58,,14.1184,1.0002,283046.4,282884.3136
002313.SZ,20240419,7.85,3.014,0.6,,14.66,1.0386,293904.0,293735.696
002313.SZ,20240418,8.1,4.4952,0.95,,15.1269,1.0717,303264.0,303090.336
002313.SZ,20240417,8.08,4.9376,1.07,,15.0895,1.069,302515.2,302341.9648
002313.SZ,20240416,7.76,3.2127,0.72,,14.4919,1.0267,290534.4,290368.0256
002313.SZ,20240415,8.62,7.8265,2.2,,16.098,1.1405,322732.8,322547.9872
002313.SZ,20240412,9.49,4.5477,1.33,,17.7227,1.2556,355305.6,355102.1344
002313.SZ,20240411,8.63,3.159,0.87,,16.1167,1.1418,323107.2,322922.1728
002313.SZ,20240410,8.72,4.3573,1.12,,16.2848,1.1537,326476.8,326289.8432
002313.SZ,20240409,9.23,2.5579,0.55,,17.2372,1.2212,345571.2,345373.3088
002313.SZ,20240408,9.22,3.167,0.61,,17.2185,1.2198,345196.8,344999.1232
002313.SZ,20240403,9.58,3.7996,0.69,,17.8908,1.2675,358675.2,358469.8048
002313.SZ,20240402,9.85,4.338,0.75,,18.3951,1.3032,368784.0,368572.816
002313.SZ,20240401,10.2,5.5646,0.96,,19.0487,1.3495,381888.0,381669.312
002313.SZ,20240329,10.15,6.1845,1.03,,18.9553,1.3429,380016.0,379798.384
002313.SZ,20240328,10.01,6.1657,0.95,,7.9842,1.1152,374774.4,374617.268
002313.SZ,20240327,9.58,5.3058,0.7,,7.6412,1.0672,358675.2,358524.818
002313.SZ,20240326,10.19,5.8798,0.62,,8.1277,1.1352,381513.6,381353.6425
002313.SZ,20240325,10.4,5.5397,0.46,,8.2952,1.1586,389376.0,389212.746
002313.SZ,20240322,10.95,7.1686,0.56,,8.7339,1.2199,409968.0,409796.1124
002313.SZ,20240321,11.35,8.6413,0.59,,9.053,1.2644,424944.0,424765.8334
002313.SZ,20240320,11.65,10.4444,0.6,,9.2923,1.2979,436176.0,435993.1241
002313.SZ,20240319,11.95,15.6779,0.87,,9.5315,1.3313,447408.0,447220.4149
002313.SZ,20240318,11.61,18.3804,1.03,,9.2604,1.2934,434678.4,434496.152
002313.SZ,20240315,11.37,11.2921,0.66,,9.0689,1.2667,425692.8,425514.3194
002313.SZ,20240314,10.34,17.3817,1.12,,8.2474,1.1519,387129.6,386967.2879
002313.SZ,20240313,11.48,24.333,1.92,,9.1567,1.2789,429811.2,429630.9927
002313.SZ,20240312,11.65,18.2136,1.44,,9.2923,1.2979,436176.0,435993.1241
002313.SZ,20240311,10.59,17.925,1.8,,8.4468,1.1798,396489.6,396323.3635
002313.SZ,20240308,9.63,8.0067,0.79,,7.6811,1.0728,360547.2,360396.0331
002313.SZ,20240307,8.75,9.1246,0.85,,6.9792,0.9748,327600.0,327462.6469
002313.SZ,20240306,9.37,10.1137,0.81,,7.4737,1.0439,350812.8,350665.7144
002313.SZ,20240305,9.56,18.0958,1.55,,7.6252,1.065,357926.4,357776.3319
002313.SZ,20240304,9.19,4.4276,0.41,,7.3301,1.0238,344073.6,343929.34
002313.SZ,20240301,8.35,9.0553,1.0,,6.6601,0.9302,312624.0,312492.9259
002313.SZ,20240229,8.66,12.2893,1.8,,6.9074,0.9648,324230.4,324094.4597
002313.SZ,20240228,8.48,18.3144,4.35,,6.7638,0.9447,317491.2,317358.0852
002313.SZ,20240227,9.42,14.2008,5.84,,7.5136,1.0494,352684.8,352536.9296
002313.SZ,20240226,8.56,0.2146,0.06,,6.8276,0.9536,320486.4,320352.0294
002313.SZ,20240223,7.78,0.2195,0.04,,6.2055,0.8667,291283.2,291161.0735
002313.SZ,20240222,7.07,1.2093,0.2,,5.6392,0.7876,264700.8,264589.8187
002313.SZ,20240221,6.43,5.2309,0.87,,5.1287,0.7163,240739.2,240638.2651
002313.SZ,20240220,6.18,5.2861,0.97,,4.9293,0.6885,231379.2,231282.1895
002313.SZ,20240219,5.94,6.7444,1.44,,4.7379,0.6617,222393.6,222300.3569
002313.SZ,20240208,5.47,9.3112,2.72,,4.363,0.6094,204796.8,204710.9347
002313.SZ,20240207,5.15,4.3284,1.24,,4.1077,0.5737,192816.0,192735.1579
002313.SZ,20240206,5.72,4.4271,1.15,,4.5624,0.6372,214156.8,214067.0103
002313.SZ,20240205,6.35,2.358,0.61,,5.0649,0.7074,237744.0,237644.3209
002313.SZ,20240202,7.05,3.0636,0.78,,5.6232,0.7854,263952.0,263841.3326
002313.SZ,20240201,7.43,2.963,0.75,,5.9263,0.8277,278179.2,278062.5676
002313.SZ,20240131,7.61,4.6325,1.33,,6.0699,0.8478,284918.4,284798.942
002313.SZ,20240130,8.1,6.1733,2.3,,6.4607,0.9024,303264.0,303136.8503
002313.SZ,20240129,8.41,2.5145,0.95,,6.708,0.9369,314870.4,314738.384
002313.SZ,20240126,8.9,3.4245,1.46,,7.0988,0.9915,333216.0,333076.2923
002313.SZ,20240125,8.79,3.0031,1.31,,7.0111,0.9792,329097.6,328959.619
002313.SZ,20240124,8.37,2.2842,1.03,,6.6761,0.9324,313372.8,313241.4119
002313.SZ,20240123,8.31,2.2184,0.96,,6.6282,0.9258,311126.4,310995.9538
002313.SZ,20240122,8.4,2.2498,0.9,,6.7,0.9358,314496.0,314364.141
002313.SZ,20240119,8.9,1.9976,0.7,,7.0988,0.9915,333216.0,333076.2923
002313.SZ,20240118,9.03,2.7496,0.94,,7.2025,1.006,338083.2,337941.4516
002313.SZ,20240117,8.99,1.8796,0.59,,7.1706,1.0015,336585.6,336444.4795
002313.SZ,20240116,9.24,2.6882,0.8,,7.37,1.0294,345945.6,345800.5551
002313.SZ,20240115,9.41,3.1335,0.91,,7.5056,1.0483,352310.4,352162.6865
002313.SZ,20240112,9.59,3.7827,1.04,,7.6492,1.0684,359049.6,358899.061
002313.SZ,20240111,10.07,3.1126,0.82,,8.032,1.1218,377020.8,376862.7262
002313.SZ,20240110,9.88,3.1418,0.74,,7.8805,1.1007,369907.2,369752.1087
002313.SZ,20240109,10.2,3.6459,0.77,,8.1357,1.1363,381888.0,381727.8855
002313.SZ,20240108,10.17,3.5711,0.61,,8.1118,1.133,380764.8,380605.1564
002313.SZ,20240105,10.46,4.6958,0.62,,8.3431,1.1653,391622.4,391458.2042
002313.SZ,20240104,10.87,3.8699,0.47,,8.6701,1.211,406972.8,406802.1682
002313.SZ,20240103,11.11,5.3895,0.62,,8.8615,1.2377,415958.4,415784.0008
002313.SZ,20240102,11.19,6.2641,0.68,,8.9254,1.2466,418953.6,418777.945
002313.SZ,20231229,11.38,8.9927,0.93,,9.0769,1.2678,426067.2,425888.5625
002313.SZ,20231228,11.12,13.0569,1.27,,8.8695,1.2388,416332.8,416158.2438
002313.SZ,20231227,10.74,7.0401,0.54,,8.5664,1.1965,402105.6,401937.0089
002313.SZ,20231226,9.76,8.0286,0.5,,7.7848,1.0873,365414.4,365261.1924
002313.SZ,20231225,10.15,8.6106,0.46,,8.0958,1.1307,380016.0,379856.6704
002313.SZ,20231222,10.39,11.4321,0.55,,8.2873,1.1575,389001.6,388838.503
002313.SZ,20231221,11.54,16.4179,0.73,,9.2045,1.2856,432057.6,431876.4509
002313.SZ,20231220,12.82,20.4263,0.88,,10.2255,1.4282,479980.8,479779.5581
002313.SZ,20231219,12.5,23.3235,1.07,,9.9702,1.3925,468000.0,467803.7813
002313.SZ,20231218,13.31,22.565,1.14,,10.6163,1.4828,498326.4,498117.4663
002313.SZ,20231215,12.1,20.5364,1.07,,9.6512,1.348,453024.0,452834.0603
002313.SZ,20231214,12.59,24.8418,1.6,,10.042,1.4026,471369.6,471171.9685
002313.SZ,20231213,13.16,25.2003,1.84,,10.4967,1.4661,492710.4,492503.8209
002313.SZ,20231212,11.96,15.507,1.03,,9.5395,1.3324,447782.4,447594.6579
002313.SZ,20231211,10.87,13.1062,0.95,,8.6701,1.211,406972.8,406802.1682
002313.SZ,20231208,10.66,17.75,1.35,,8.5026,1.1876,399110.4,398943.0647
002313.SZ,20231207,10.73,6.1201,0.47,,8.5585,1.1954,401731.2,401562.7658
002313.SZ,20231206,9.75,15.9945,1.45,,7.7768,1.0862,365040.0,364886.9494
002313.SZ,20231205,10.59,21.9873,3.09,,8.4468,1.1798,396489.6,396323.3635
002313.SZ,20231204,11.75,7.0061,1.14,,9.372,1.309,439920.0,439735.5544
002313.SZ,20231201,10.68,14.8445,3.92,,8.5186,1.1898,399859.2,399691.5507
002313.SZ,20231130,9.71,5.7809,1.88,,7.7449,1.0817,363542.4,363389.9773
002313.SZ,20231129,8.83,5.5082,2.24,,7.043,0.9837,330595.2,330456.5911
002313.SZ,20231128,8.75,2.4803,0.87,,6.9792,0.9748,327600.0,327462.6469
002313.SZ,20231127,8.71,2.2079,0.7,,6.9473,0.9703,326102.4,325965.6748
002313.SZ,20231124,8.62,2.9527,0.86,,6.8755,0.9603,322732.8,322597.4876
002313.SZ,20231123,8.85,2.2287,0.52,,7.0589,0.9859,331344.0,331205.0771
002313.SZ,20231122,8.83,2.4005,0.5,,7.043,0.9837,330595.2,330456.5911
002313.SZ,20231121,8.87,4.4837,0.9,,7.0749,0.9882,332092.8,331953.5632
002313.SZ,20231120,9.12,3.6656,0.67,,7.2743,1.016,341452.8,341309.6388
002313.SZ,20231117,9.1,4.2968,0.69,,7.2583,1.0138,340704.0,340561.1528
002313.SZ,20231116,8.96,6.4456,0.88,,7.1467,0.9982,335462.4,335321.7504
002313.SZ,20231115,8.94,5.112,0.55,,7.1307,0.9959,334713.6,334573.2644
002313.SZ,20231114,8.97,5.4296,0.55,,7.1546,0.9993,335836.8,335695.9934
002313.SZ,20231113,8.76,5.9616,0.68,,6.9871,0.9759,327974.4,327836.8899
002313.SZ,20231110,8.78,8.3674,1.18,,7.0031,0.9781,328723.2,328585.376
002313.SZ,20231109,9.1,11.6009,2.35,,7.2583,1.0138,340704.0,340561.1528
002313.SZ,20231108,9.36,14.7962,7.01,,7.4657,1.0427,350438.4,350291.4714
002313.SZ,20231107,10.12,8.458,15.68,,8.0719,1.1274,378892.8,378733.9413
002313.SZ,20231106,9.2,0.4959,0.9,,7.3381,1.0249,344448.0,344303.583
002313.SZ,20231103,8.36,0.1404,0.22,,6.6681,0.9313,312998.4,312867.1689
002313.SZ,20231101,7.6,0.7507,1.19,,6.0619,0.8467,284544.0,284424.699
002313.SZ,20231031,7.4,0.7022,1.17,,5.9024,0.8244,277056.0,276939.8385
002313.SZ,20231030,7.38,0.6087,1.06,,5.8864,0.8222,276307.2,276191.3525
002313.SZ,20231027,7.22,0.5604,0.92,,5.0101,0.8043,270316.8,270203.4641
002313.SZ,20231026,7.03,0.5166,0.78,,4.8782,0.7832,263203.2,263092.8466
002313.SZ,20231025,6.91,0.7597,1.13,,4.7949,0.7698,258710.4,258601.9303
002313.SZ,20231024,6.84,0.5681,0.85,,4.7464,0.762,256089.6,255982.2291
002313.SZ,20231023,6.74,0.4739,0.69,,4.677,0.7509,252345.6,252239.7989
002313.SZ,20231020,6.82,0.7176,1.12,,4.7325,0.7598,255340.8,255233.7431
002313.SZ,20231019,6.9,0.8107,1.52,,4.788,0.7687,258336.0,258227.6873
002313.SZ,20231018,6.99,0.7806,1.57,,4.8505,0.7787,261705.6,261595.8745
002313.SZ,20231017,7.29,0.5768,1.23,,5.0586,0.8121,272937.6,272823.1652
002313.SZ,20231016,7.27,0.5442,1.09,,5.0447,0.8099,272188.8,272074.6792
002313.SZ,20231013,7.42,0.4877,0.82,,5.1488,0.8266,277804.8,277688.3246
002313.SZ,20231012,7.34,0.2787,0.33,,5.0933,0.8177,274809.6,274694.3804
002313.SZ,20231011,7.32,0.5994,0.62,,5.0794,0.8155,274060.8,273945.8943
002313.SZ,20231010,7.44,0.4404,0.36,,5.1627,0.8288,278553.6,278436.8106
002313.SZ,20231009,7.37,0.6985,0.57,,5.1141,0.821,275932.8,275817.1094
002313.SZ,20230928,7.44,0.9692,0.79,,5.1627,0.8288,278553.6,278436.8106
002313.SZ,20230927,7.42,1.5128,1.32,,5.1488,0.8266,277804.8,277688.3246
002313.SZ,20230926,7.1,1.2406,1.31,,4.9268,0.791,265824.0,265712.5478
002313.SZ,20230925,7.34,1.624,2.22,,5.0933,0.8177,274809.6,274694.3804
002313.SZ,20230922,7.02,0.8262,1.23,,4.8713,0.7821,262828.8,262718.6036
002313.SZ,20230921,7.08,0.9189,1.68,,4.9129,0.7887,265075.2,264964.0617
002313.SZ,20230920,7.0,1.1032,2.48,,4.8574,0.7798,262080.0,261970.1175
002313.SZ,20230919,6.83,0.2769,0.54,,4.7394,0.7609,255715.2,255607.9861
002313.SZ,20230918,6.76,0.5393,1.0,,4.6909,0.7531,253094.4,252988.2849
002313.SZ,20230915,6.86,0.5142,0.83,,4.7602,0.7642,256838.4,256730.7152
002313.SZ,20230914,6.86,0.2995,0.43,,4.7602,0.7642,256838.4,256730.7152
002313.SZ,20230913,6.87,0.5945,0.8,,4.7672,0.7653,257212.8,257104.9582
002313.SZ,20230912,7.03,0.636,0.69,,4.8782,0.7832,263203.2,263092.8466
002313.SZ,20230911,7.0,0.6601,0.62,,4.8574,0.7798,262080.0,261970.1175
002313.SZ,20230908,7.1,0.9059,0.88,,4.9268,0.791,265824.0,265712.5478
002313.SZ,20230907,6.87,0.703,0.63,,4.7672,0.7653,257212.8,257104.9582
002313.SZ,20230906,7.08,0.7987,0.66,,4.9129,0.7887,265075.2,264964.0617
002313.SZ,20230905,7.15,1.5544,1.31,,4.9615,0.7965,267696.0,267583.7629
002313.SZ,20230904,7.02,1.3448,1.12,,4.8713,0.7821,262828.8,262718.6036
002313.SZ,20230901,6.7,0.7509,0.65,,4.6492,0.7464,250848.0,250742.8268
002313.SZ,20230831,6.66,1.1151,1.09,,4.6215,0.7419,249350.4,249245.8547
002313.SZ,20230830,6.88,1.3313,1.58,,4.2916,0.7665,257587.2,257191.2725
002313.SZ,20230829,6.55,1.3898,2.04,,4.0858,0.7297,245232.0,244855.0632
002313.SZ,20230828,6.46,1.398,2.7,,4.0296,0.7197,241862.4,241490.6425
002313.SZ,20230825,6.8,0.5859,1.06,,4.2417,0.7575,254592.0,254200.6763
002313.SZ,20230824,7.16,0.428,0.64,,4.4663,0.7977,268070.4,267658.3592
002313.SZ,20230823,7.16,0.4048,0.52,,4.4663,0.7977,268070.4,267658.3592
002313.SZ,20230822,7.31,0.5887,0.7,,4.5599,0.8144,273686.4,273265.727
002313.SZ,20230821,7.45,0.5854,0.69,,4.6472,0.83,278928.0,278499.2704
002313.SZ,20230818,7.35,0.759,0.93,,4.5848,0.8188,275184.0,274761.0251
002313.SZ,20230817,7.48,1.0126,1.36,,4.6659,0.8333,280051.2,279620.744
002313.SZ,20230816,7.19,0.9358,1.42,,4.485,0.801,269193.6,268779.8328
002313.SZ,20230815,7.34,0.9367,1.66,,4.5786,0.8177,274809.6,274387.2006
002313.SZ,20230814,7.46,0.6224,1.01,,4.6534,0.8311,279302.4,278873.0949
002313.SZ,20230811,7.57,0.5732,0.82,,4.722,0.8433,283420.8,282985.1647
002313.SZ,20230810,7.53,0.6608,0.7,,4.6971,0.8389,281923.2,281489.8666
002313.SZ,20230809,7.55,0.5043,0.51,,4.7096,0.8411,282672.0,282237.5156
002313.SZ,20230808,7.58,0.458,0.4,,4.7283,0.8444,283795.2,283358.9892
002313.SZ,20230807,7.52,0.8833,0.66,,4.6908,0.8378,281548.8,281116.042
002313.SZ,20230804,7.72,0.9864,0.74,,4.8156,0.86,289036.8,288592.5325
002313.SZ,20230803,7.63,1.8915,1.64,,4.7595,0.85,285667.2,285228.1118
002313.SZ,20230802,8.03,0.7632,0.6,,5.009,0.8946,300643.2,300181.0928
002313.SZ,20230801,7.85,1.2694,0.92,,4.8967,0.8745,293904.0,293452.2513
002313.SZ,20230731,7.91,1.8105,1.39,,4.9341,0.8812,296150.4,295695.1985
002313.SZ,20230728,8.19,0.9239,0.66,,5.1088,0.9124,306633.6,306162.2852
002313.SZ,20230727,8.06,0.9983,0.65,,5.0277,0.8979,301766.4,301302.5663
002313.SZ,20230726,8.04,1.3595,0.8,,5.0152,0.8957,301017.6,300554.9173
002313.SZ,20230725,7.84,1.7757,0.86,,4.8905,0.8734,293529.6,293078.4268
002313.SZ,20230724,7.5,1.4421,0.5,,4.6784,0.8355,280800.0,280368.393
002313.SZ,20230721,7.66,1.3973,0.54,,4.7782,0.8534,286790.4,286349.5854
002313.SZ,20230720,7.89,1.7026,0.75,,4.9216,0.879,295401.6,294947.5494
002313.SZ,20230719,7.58,2.2113,1.0,,4.7283,0.8444,283795.2,283358.9892
002313.SZ,20230718,7.3,3.5815,1.97,,4.5536,0.8132,273312.0,272891.9025
002313.SZ,20230717,7.45,5.4129,5.4,,4.6472,0.83,278928.0,278499.2704
002313.SZ,20230714,7.84,0.0698,0.06,,4.8905,0.8734,293529.6,293078.4268
002313.SZ,20230713,8.25,0.0294,0.02,,5.1462,0.9191,308880.0,308405.2323
002313.SZ,20230712,8.68,1.9767,1.51,,5.4144,0.967,324979.2,324479.6868
002313.SZ,20230711,8.93,1.5787,1.4,,5.5704,0.9948,334339.2,333825.2999
002313.SZ,20230710,9.25,1.3598,1.33,,5.77,1.0305,346320.0,345787.6847
002313.SZ,20230707,9.42,1.384,1.5,,5.876,1.0494,352684.8,352142.7016
002313.SZ,20230706,9.06,1.2069,1.45,,5.6515,1.0093,339206.4,338685.0187
002313.SZ,20230705,8.96,1.0367,1.19,,5.5891,0.9982,335462.4,334946.7735
002313.SZ,20230704,8.76,0.6662,0.65,,5.4643,0.9759,327974.4,327470.283
002313.SZ,20230703,8.68,0.8257,0.82,,5.4144,0.967,324979.2,324479.6868
002313.SZ,20230630,8.85,0.8698,0.89,,5.5205,0.9859,331344.0,330834.7037
002313.SZ,20230629,8.68,0.7505,0.72,,5.4144,0.967,324979.2,324479.6868
002313.SZ,20230628,8.63,1.2364,1.21,,5.3832,0.9614,323107.2,322610.5642
002313.SZ,20230627,8.74,1.4627,1.43,,5.4519,0.9737,327225.6,326722.634
002313.SZ,20230626,8.78,0.7383,0.47,,5.4768,0.9781,328723.2,328217.9321
002313.SZ,20230621,8.93,0.6966,0.39,,5.5704,0.9948,334339.2,333825.2999
002313.SZ,20230620,8.88,1.0922,0.55,,5.5392,0.9893,332467.2,331956.1773
002313.SZ,20230619,8.98,1.1298,0.52,,5.6016,1.0004,336211.2,335694.4226
002313.SZ,20230616,9.0,1.4599,0.66,,5.614,1.0026,336960.0,336442.0716
002313.SZ,20230615,8.85,3.45,1.95,,5.5205,0.9859,331344.0,330834.7037
002313.SZ,20230614,9.28,1.8135,1.1,,5.7887,1.0338,347443.2,346909.1583
002313.SZ,20230613,8.93,2.1422,1.54,,5.5704,0.9948,334339.2,333825.2999
002313.SZ,20230612,8.94,1.9645,1.54,,5.5766,0.9959,334713.6,334199.1245
002313.SZ,20230609,8.51,1.7228,1.3,,5.3084,0.948,318614.4,318124.6699
002313.SZ,20230608,8.61,1.2136,0.82,,5.3708,0.9592,322358.4,321862.9152
002313.SZ,20230607,8.64,1.2072,0.75,,5.3895,0.9625,323481.6,322984.3887
002313.SZ,20230606,8.72,0.8643,0.47,,5.4394,0.9714,326476.8,325974.9849
002313.SZ,20230605,8.8,1.3511,0.64,,5.4893,0.9804,329472.0,328965.5811
002313.SZ,20230602,8.75,1.9892,0.93,,5.4581,0.9748,327600.0,327096.4585
002313.SZ,20230601,8.64,2.0105,0.86,,5.3895,0.9625,323481.6,322984.3887
002313.SZ,20230531,8.36,1.8389,0.69,,5.2148,0.9313,312998.4,312517.3021
002313.SZ,20230530,8.2,2.0768,0.83,,5.115,0.9135,307008.0,306536.1097
002313.SZ,20230529,7.81,2.6235,1.16,,4.8717,0.8701,292406.4,291956.9532
002313.SZ,20230526,8.18,2.154,1.03,,5.1025,0.9113,306259.2,305788.4606
002313.SZ,20230525,7.79,3.0062,1.51,,4.8593,0.8678,291657.6,291209.3042
002313.SZ,20230524,7.57,3.4545,1.65,,4.722,0.8433,283420.8,282985.1647
002313.SZ,20230523,7.97,1.2755,0.69,,4.9715,0.8879,298396.8,297938.1456
002313.SZ,20230522,7.62,1.3909,0.86,,4.7532,0.8489,285292.8,284854.2873
002313.SZ,20230519,7.38,1.3275,0.76,,4.6035,0.8222,276307.2,275882.4987
002313.SZ,20230518,7.23,2.521,1.55,,4.5099,0.8054,270691.2,270275.1309
002313.SZ,20230517,7.03,3.9275,3.63,,4.3852,0.7832,263203.2,262798.6404
002313.SZ,20230516,7.4,0.0922,0.06,,4.616,0.8244,277056.0,276630.1478
002313.SZ,20230515,7.79,0.1957,0.1,,4.8593,0.8678,291657.6,291209.3042
002313.SZ,20230512,8.2,1.978,0.95,,5.115,0.9135,307008.0,306536.1097
002313.SZ,20230511,8.47,1.9602,0.94,,5.2834,0.9436,317116.8,316629.3718
002313.SZ,20230510,8.15,1.185,0.51,,5.0838,0.9079,305136.0,304666.9871
002313.SZ,20230509,8.1,2.6673,1.12,,5.0526,0.9024,303264.0,302797.8644
002313.SZ,20230508,8.53,1.666,0.58,,5.3209,0.9503,319363.2,318872.319
002313.SZ,20230505,8.98,2.9526,0.87,,5.6016,1.0004,336211.2,335694.4226
002313.SZ,20230504,8.55,1.9933,0.54,,5.3333,0.9525,320112.0,319619.968
002313.SZ,20230428,9.0,2.4355,0.57,,5.0954,1.0026,336960.0,336442.0716
002313.SZ,20230427,9.08,2.8143,0.67,,5.1407,1.0115,339955.2,339432.6678
002313.SZ,20230426,8.9,4.2846,1.01,,5.0388,0.9915,333216.0,332703.8264
002313.SZ,20230425,9.17,5.4844,1.45,,5.1917,1.0216,343324.8,342797.0885
002313.SZ,20230424,9.65,3.5212,0.89,,5.4635,1.075,361296.0,360740.6657
002313.SZ,20230421,9.19,5.0778,1.37,,5.203,1.0238,344073.6,343544.7376
002313.SZ,20230420,8.82,2.4963,0.7,,4.9935,0.9826,330220.8,329713.2302
002313.SZ,20230419,8.4,4.7081,1.63,,4.7557,0.9358,314496.0,314012.6002
002313.SZ,20230418,8.17,3.0651,1.07,,4.6255,0.9102,305884.8,305414.6361
002313.SZ,20230417,7.78,4.524,1.67,,4.4047,0.8667,291283.2,290835.4797
002313.SZ,20230414,7.89,3.6973,1.54,,2.5011,0.6221,295401.6,294947.5494
002313.SZ,20230413,7.6,1.8497,0.76,,2.4092,0.5992,284544.0,284106.6382
002313.SZ,20230412,7.43,1.3,0.51,,2.3553,0.5858,278179.2,277751.6213
002313.SZ,20230411,7.37,2.9949,1.33,,2.3363,0.5811,275932.8,275508.6742
002313.SZ,20230410,7.02,3.7098,2.12,,2.2253,0.5535,262828.8,262424.8158
002313.SZ,20230407,6.9,2.1694,1.3,,2.1873,0.544,258336.0,257938.9216
002313.SZ,20230406,7.11,2.0046,1.15,,2.2539,0.5606,266198.4,265789.2366
002313.SZ,20230404,7.02,1.9089,1.03,,2.2253,0.5535,262828.8,262424.8158
002313.SZ,20230403,7.04,1.4417,0.65,,2.2317,0.555,263577.6,263172.4649
002313.SZ,20230331,7.02,1.2403,0.5,,2.2253,0.5535,262828.8,262424.8158
002313.SZ,20230330,6.99,1.7362,0.73,,2.2158,0.5511,261705.6,261303.3423
002313.SZ,20230329,7.08,2.3889,1.18,,2.2443,0.5582,265075.2,264667.763
002313.SZ,20230328,6.9,2.4509,1.48,,2.1873,0.544,258336.0,257938.9216
002313.SZ,20230327,6.92,3.2077,2.81,,2.1936,0.5456,259084.8,258686.5706
002313.SZ,20230324,6.69,2.5076,3.46,,2.1207,0.5274,250473.6,250088.6066
002313.SZ,20230323,6.37,1.3092,2.21,,2.0193,0.5022,238492.8,238126.2218
002313.SZ,20230322,6.22,0.6657,1.04,,1.9717,0.4904,232876.8,232518.8539
002313.SZ,20230321,6.23,0.5683,0.69,,1.9749,0.4912,233251.2,232892.6785
002313.SZ,20230320,6.18,0.6663,0.72,,1.959,0.4872,231379.2,231023.5558
002313.SZ,20230317,6.1,0.4115,0.39,,1.9337,0.4809,228384.0,228032.9596
002313.SZ,20230316,6.07,0.6524,0.52,,1.9242,0.4786,227260.8,226911.4861
002313.SZ,20230315,6.17,0.8889,0.61,,1.9559,0.4864,231004.8,230649.7313
002313.SZ,20230314,6.11,1.5181,1.17,,1.9369,0.4817,228758.4,228406.7842
002313.SZ,20230313,6.11,1.1506,0.97,,1.9369,0.4817,228758.4,228406.7842
002313.SZ,20230310,6.24,1.0415,0.94,,1.9781,0.492,233625.6,233266.503
002313.SZ,20230309,6.3,1.6535,1.47,,1.9971,0.4967,235872.0,235509.4501
002313.SZ,20230308,6.32,1.91,2.26,,2.0034,0.4983,236620.8,236257.0992
002313.SZ,20230307,6.1,0.7422,0.84,,1.9337,0.4809,228384.0,228032.9596
002313.SZ,20230306,6.17,0.6138,0.72,,1.9559,0.4864,231004.8,230649.7313
002313.SZ,20230303,6.13,0.5956,0.71,,1.9432,0.4833,229507.2,229154.4332
002313.SZ,20230302,6.14,1.7741,3.08,,1.9464,0.4841,229881.6,229528.2577
002313.SZ,20230301,5.96,0.506,0.91,,1.8893,0.4699,223142.4,222799.4163
002313.SZ,20230228,5.92,0.9458,2.09,,1.8766,0.4667,221644.8,221304.1182
002313.SZ,20230227,6.0,0.4452,0.86,,1.902,0.473,224640.0,224294.7144
002313.SZ,20230224,6.05,0.5162,0.96,,1.9178,0.477,226512.0,226163.837
002313.SZ,20230223,6.05,0.4687,0.72,,1.9178,0.477,226512.0,226163.837
002313.SZ,20230222,6.02,0.394,0.57,,1.9083,0.4746,225388.8,225042.3634
002313.SZ,20230221,6.03,0.4366,0.6,,1.9115,0.4754,225763.2,225416.188
002313.SZ,20230220,6.06,0.7788,0.92,,1.921,0.4778,226886.4,226537.6615
002313.SZ,20230217,6.07,0.6204,0.71,,1.9242,0.4786,227260.8,226911.4861
002313.SZ,20230216,6.05,1.0169,1.19,,1.9178,0.477,226512.0,226163.837
002313.SZ,20230215,6.16,0.5978,0.75,,1.9527,0.4857,230630.4,230275.9068
002313.SZ,20230214,6.15,0.6377,0.75,,1.9495,0.4849,230256.0,229902.0823
002313.SZ,20230213,6.23,1.3483,1.86,,1.9749,0.4912,233251.2,232892.6785
002313.SZ,20230210,6.1,0.7916,1.1,,1.9337,0.4809,228384.0,228032.9596
002313.SZ,20230209,6.09,0.882,1.28,,1.9305,0.4801,228009.6,227659.1351
002313.SZ,20230208,6.11,0.3469,0.45,,1.9369,0.4817,228758.4,228406.7842
002313.SZ,20230207,6.12,0.876,0.98,,1.94,0.4825,229132.8,228780.6087
002313.SZ,20230206,6.19,0.7233,0.81,,1.9622,0.488,231753.6,231397.3804
002313.SZ,20230203,6.25,0.7708,0.95,,1.9812,0.4928,234000.0,233640.3275
002313.SZ,20230202,6.29,0.7231,0.94,,1.9939,0.4959,235497.6,235135.6256
002313.SZ,20230201,6.26,0.796,1.16,,1.9844,0.4935,234374.4,234014.152
002313.SZ,20230131,6.15,1.4762,2.61,,1.9495,0.4849,230256.0,229902.0823
002313.SZ,20230130,6.14,0.6753,1.31,,1.9464,0.4841,229881.6,229528.2577
002313.SZ,20230120,6.14,0.3811,0.69,,1.9464,0.4841,229881.6,229528.2577
002313.SZ,20230119,6.09,0.5339,0.77,,1.9305,0.4801,228009.6,227659.1351
002313.SZ,20230118,6.11,0.3541,0.39,,1.9369,0.4817,228758.4,228406.7842
002313.SZ,20230117,6.08,0.8815,1.14,,1.9273,0.4794,227635.2,227285.3106
002313.SZ,20230116,5.99,0.4309,0.56,,1.8988,0.4723,224265.6,223920.8899
002313.SZ,20230113,5.95,0.5605,0.75,,1.8861,0.4691,222768.0,222425.5918
002313.SZ,20230112,6.0,1.2361,2.14,,1.902,0.473,224640.0,224294.7144
002313.SZ,20230111,5.88,1.4113,3.8,,1.8639,0.4636,220147.2,219808.8201
002313.SZ,20230110,5.6,0.2388,0.52,,1.7752,0.4415,209664.0,209341.7334
002313.SZ,20230109,5.6,0.4273,0.91,,1.7752,0.4415,209664.0,209341.7334
002313.SZ,20230106,5.62,0.445,0.94,,1.7815,0.4431,210412.8,210089.3825
002313.SZ,20230105,5.69,0.3598,0.71,,1.8037,0.4486,213033.6,212706.1542
002313.SZ,20230104,5.71,0.3837,0.65,,1.8101,0.4502,213782.4,213453.8032
002313.SZ,20230103,5.71,0.6864,1.31,,1.8101,0.4502,213782.4,213453.8032
002313.SZ,20221230,5.61,0.467,0.86,,1.7784,0.4423,210038.4,209715.558
002313.SZ,20221229,5.61,0.4793,0.83,,1.7784,0.4423,210038.4,209715.558
002313.SZ,20221228,5.69,0.5073,0.84,,1.8037,0.4486,213033.6,212706.1542
002313.SZ,20221227,5.82,0.832,1.61,,1.8449,0.4589,217900.8,217565.873
002313.SZ,20221226,5.6,0.3367,0.57,,1.7752,0.4415,209664.0,209341.7334
002313.SZ,20221223,5.6,0.5464,0.92,,1.7752,0.4415,209664.0,209341.7334
002313.SZ,20221222,5.6,0.6671,1.02,,1.7752,0.4415,209664.0,209341.7334
002313.SZ,20221221,5.72,0.6243,1.01,,1.8132,0.451,214156.8,213827.6277
002313.SZ,20221220,5.84,0.4149,0.63,,1.8513,0.4604,218649.6,218313.522
002313.SZ,20221219,5.82,0.6926,1.06,,1.8449,0.4589,217900.8,217565.873
002313.SZ,20221216,5.97,0.5737,0.6,,1.8925,0.4707,223516.8,223173.2408
002313.SZ,20221215,6.03,0.9504,0.96,,1.9115,0.4754,225763.2,225416.188
002313.SZ,20221214,6.15,0.4743,0.44,,1.9495,0.4849,230256.0,229902.0823
002313.SZ,20221213,6.2,0.5848,0.45,,1.9654,0.4888,232128.0,231771.2049
002313.SZ,20221212,6.15,0.6687,0.47,,1.9495,0.4849,230256.0,229902.0823
002313.SZ,20221209,6.21,2.0799,1.58,,1.9686,0.4896,232502.4,232145.0294
002313.SZ,20221208,6.06,1.1658,0.81,,1.921,0.4778,226886.4,226537.6615
002313.SZ,20221207,6.19,0.8642,0.47,,1.9622,0.488,231753.6,231397.3804
002313.SZ,20221206,6.12,1.6564,0.83,,1.94,0.4825,229132.8,228780.6087
002313.SZ,20221205,6.25,1.4039,0.56,,1.9812,0.4928,234000.0,233640.3275
002313.SZ,20221202,6.27,1.4738,0.61,,1.9876,0.4943,234748.8,234387.9765
002313.SZ,20221201,6.32,1.8071,0.74,,2.0034,0.4983,236620.8,236257.0992
002313.SZ,20221130,6.38,2.8721,1.13,,2.0224,0.503,238867.2,238500.0463
002313.SZ,20221129,6.2,2.4737,1.09,,1.9654,0.4888,232128.0,231771.2049
002313.SZ,20221128,6.37,3.9531,2.28,,2.0193,0.5022,238492.8,238126.2218
002313.SZ,20221125,6.09,0.8819,0.47,,1.9305,0.4801,228009.6,227659.1351
002313.SZ,20221124,5.8,2.0997,1.23,,1.8386,0.4573,217152.0,216818.2239
002313.SZ,20221123,5.81,3.3558,2.9,,1.8418,0.4581,217526.4,217192.0484
002313.SZ,20221122,6.11,1.0454,0.96,,1.9369,0.4817,228758.4,228406.7842
002313.SZ,20221121,5.82,1.2817,1.31,,1.8449,0.4589,217900.8,217565.873
002313.SZ,20221118,5.9,1.6255,1.99,,1.8703,0.4652,220896.0,220556.4692
002313.SZ,20221117,5.87,1.254,1.82,,1.8608,0.4628,219772.8,219434.9956
002313.SZ,20221116,5.68,0.5704,0.78,,1.8005,0.4478,212659.2,212332.3296
002313.SZ,20221115,5.64,0.6874,0.96,,1.7879,0.4447,211161.6,210837.0315
002313.SZ,20221114,5.58,0.7436,1.08,,1.7688,0.4399,208915.2,208594.0844
002313.SZ,20221111,5.56,0.8196,1.24,,1.7625,0.4384,208166.4,207846.4353
002313.SZ,20221110,5.54,0.6302,0.99,,1.7562,0.4368,207417.6,207098.7863
002313.SZ,20221109,5.62,0.7809,1.25,,1.7815,0.4431,210412.8,210089.3825
002313.SZ,20221108,5.5,0.59,0.94,,1.7435,0.4336,205920.0,205603.4882
002313.SZ,20221107,5.46,0.6152,0.88,,1.7308,0.4305,204422.4,204108.1901
002313.SZ,20221104,5.33,0.6883,0.97,,1.6896,0.4202,199555.2,199248.4713
002313.SZ,20221103,5.25,0.5177,0.72,,1.6642,0.4139,196560.0,196257.8751
002313.SZ,20221102,5.26,0.7195,0.99,,1.6674,0.4147,196934.4,196631.6996
002313.SZ,20221101,5.2,0.5835,0.76,,1.6484,0.41,194688.0,194388.7525
002313.SZ,20221031,5.14,0.9905,1.3,,1.6294,0.4052,192441.6,192145.8053
002313.SZ,20221028,5.09,0.7326,0.96,85.4787,0.8225,0.407,190569.6,190276.6827
002313.SZ,20221027,5.31,0.5736,0.69,89.1732,0.858,0.4245,198806.4,198500.8222
002313.SZ,20221026,5.34,0.7573,0.82,89.677,0.8628,0.4269,199929.6,199622.2958
002313.SZ,20221025,5.23,0.797,0.88,87.8297,0.8451,0.4181,195811.2,195510.2261
002313.SZ,20221024,5.32,0.9605,0.95,89.3411,0.8596,0.4253,199180.8,198874.6468
002313.SZ,20221021,5.54,0.7139,0.56,93.0357,0.8952,0.4429,207417.6,207098.7863
002313.SZ,20221020,5.51,0.9402,0.73,92.5319,0.8903,0.4405,206294.4,205977.3127
002313.SZ,20221019,5.47,1.1956,1.1,91.8602,0.8839,0.4373,204796.8,204482.0146
002313.SZ,20221018,5.59,0.7407,0.68,93.8754,0.9032,0.4469,209289.6,208967.9089
002313.SZ,20221017,5.68,1.4537,1.57,95.3868,0.9178,0.4541,212659.2,212332.3296
002313.SZ,20221014,5.64,2.0752,3.3,94.715,0.9113,0.4509,211161.6,210837.0315
002313.SZ,20221013,5.54,0.9716,1.66,93.0357,0.8952,0.4429,207417.6,207098.7863
002313.SZ,20221012,5.28,0.1959,0.27,88.6694,0.8532,0.4221,197683.2,197379.3487
002313.SZ,20221011,5.03,0.767,0.99,84.471,0.8128,0.4022,188323.2,188033.7356
002313.SZ,20221010,5.11,0.6217,0.73,85.8145,0.8257,0.4085,191318.4,191024.3318
002313.SZ,20220930,5.17,0.5924,0.66,86.8221,0.8354,0.4133,193564.8,193267.2789
002313.SZ,20220929,5.15,0.7475,0.89,86.4863,0.8321,0.4117,192816.0,192519.6299
002313.SZ,20220928,5.29,0.8672,1.06,88.8373,0.8548,0.4229,198057.6,197753.1732
002313.SZ,20220927,5.4,1.0524,1.38,90.6846,0.8725,0.4317,202176.0,201865.243
002313.SZ,20220926,5.2,0.9852,1.23,87.3259,0.8402,0.4157,194688.0,194388.7525
002313.SZ,20220923,5.45,0.842,0.93,91.5243,0.8806,0.4357,204048.0,203734.3656
002313.SZ,20220922,5.59,0.4476,0.39,93.8754,0.9032,0.4469,209289.6,208967.9089
002313.SZ,20220921,5.61,0.7486,0.62,94.2112,0.9065,0.4485,210038.4,209715.558
002313.SZ,20220920,5.67,0.7885,0.61,95.2189,0.9162,0.4533,212284.8,211958.5051
002313.SZ,20220919,5.65,1.181,1.0,94.883,0.9129,0.4517,211536.0,211210.8561
002313.SZ,20220916,5.95,1.3809,1.28,99.921,0.9614,0.4757,222768.0,222425.5918
002313.SZ,20220915,6.26,1.6615,1.84,105.127,1.0115,0.5005,234374.4,234014.152
002313.SZ,20220914,6.31,1.0023,1.2,105.9667,1.0196,0.5045,236246.4,235883.2746
002313.SZ,20220913,6.21,1.2269,1.51,104.2873,1.0034,0.4965,232502.4,232145.0294
002313.SZ,20220909,6.05,0.6442,0.72,101.6004,0.9776,0.4837,226512.0,226163.837
002313.SZ,20220908,6.04,0.8537,0.74,101.4324,0.976,0.4829,226137.6,225790.0125
002313.SZ,20220907,6.03,0.7844,0.54,101.2645,0.9743,0.4821,225763.2,225416.188
002313.SZ,20220906,6.15,0.6669,0.43,103.2797,0.9937,0.4917,230256.0,229902.0823
002313.SZ,20220905,6.16,1.1063,0.69,103.4476,0.9953,0.4925,230630.4,230275.9068
002313.SZ,20220902,6.02,1.0714,0.66,101.0966,0.9727,0.4813,225388.8,225042.3634
002313.SZ,20220901,5.94,2.108,1.37,99.7531,0.9598,0.4749,222393.6,222051.7673
002313.SZ,20220831,6.21,2.2817,1.61,104.2873,0.9026,0.4965,232502.4,232134.0029
002313.SZ,20220830,6.54,1.225,0.87,109.8292,0.9506,0.5229,244857.6,244469.6263
002313.SZ,20220829,6.34,1.3687,0.92,106.4705,0.9215,0.5069,237369.6,236993.4909
002313.SZ,20220826,6.3,1.0902,0.72,105.7987,0.9157,0.5037,235872.0,235498.2638
002313.SZ,20220825,6.41,1.7198,1.14,107.646,0.9317,0.5125,239990.4,239610.1383
002313.SZ,20220824,6.6,1.6992,1.07,110.8368,0.9593,0.5277,247104.0,246712.4669
002313.SZ,20220823,6.67,1.1699,0.72,112.0123,0.9695,0.5333,249724.8,249329.1143
002313.SZ,20220822,6.77,1.7294,1.06,113.6916,0.984,0.5413,253468.8,253067.1819
002313.SZ,20220819,6.6,1.2764,0.68,110.8368,0.9593,0.5277,247104.0,246712.4669
002313.SZ,20220818,6.57,1.6608,0.85,110.333,0.955,0.5253,245980.8,245591.0466
002313.SZ,20220817,6.69,2.1175,0.98,112.3482,0.9724,0.5349,250473.6,250076.7278
002313.SZ,20220816,6.61,1.3629,0.45,111.0047,0.9608,0.5285,247478.4,247086.2736
002313.SZ,20220815,6.6,1.7733,0.56,110.8368,0.9593,0.5277,247104.0,246712.4669
002313.SZ,20220812,6.45,2.5126,0.66,108.3177,0.9375,0.5157,241488.0,241105.3654
002313.SZ,20220811,6.61,1.998,0.56,111.0047,0.9608,0.5285,247478.4,247086.2736
002313.SZ,20220810,6.59,3.1685,0.93,110.6688,0.9579,0.5269,246729.6,246338.6601
002313.SZ,20220809,6.83,5.6465,1.81,114.6993,0.9928,0.5461,255715.2,255310.0225
002313.SZ,20220808,6.84,2.5052,0.78,114.8672,0.9942,0.5469,256089.6,255683.8293
002313.SZ,20220805,6.51,5.6646,2.43,109.3253,0.9462,0.5205,243734.4,243348.206
002313.SZ,20220804,6.59,0.8973,0.36,110.6688,0.9579,0.5269,246729.6,246338.6601
002313.SZ,20220803,6.28,2.3033,0.91,105.4629,0.9128,0.5021,235123.2,234750.6503
002313.SZ,20220802,5.98,4.1899,1.87,100.4248,0.8692,0.4781,223891.2,223536.4473
002313.SZ,20220801,6.27,2.9765,1.42,105.2949,0.9114,0.5013,234748.8,234376.8435
002313.SZ,20220729,5.97,1.3097,0.6,100.2569,0.8678,0.4773,223516.8,223162.6405
002313.SZ,20220728,6.02,1.5773,0.72,101.0966,0.875,0.4813,225388.8,225031.6743
002313.SZ,20220727,5.9,2.6359,1.34,99.0813,0.8576,0.4717,220896.0,220545.9931
002313.SZ,20220726,6.19,2.7242,1.45,103.9514,0.8997,0.4949,231753.6,231386.3894
002313.SZ,20220725,5.99,2.2331,1.08,100.5928,0.8707,0.4789,224265.6,223910.254
002313.SZ,20220722,5.9,1.761,0.93,99.0813,0.8576,0.4717,220896.0,220545.9931
002313.SZ,20220721,5.7,1.5379,0.88,95.7227,0.8285,0.4557,213408.0,213069.8578
002313.SZ,20220720,5.63,1.6076,1.01,94.5471,0.8183,0.4501,210787.2,210453.2104
002313.SZ,20220719,5.57,2.2495,1.66,93.5395,0.8096,0.4453,208540.8,208210.3698
002313.SZ,20220718,5.4,3.1438,2.98,90.6846,0.7849,0.4317,202176.0,201855.6547
002313.SZ,20220715,5.57,0.9127,0.81,93.5395,0.8096,0.4453,208540.8,208210.3698
002313.SZ,20220714,5.86,0.8246,0.68,98.4096,0.8518,0.4685,219398.4,219050.766
002313.SZ,20220713,5.84,0.842,0.66,98.0737,0.8489,0.4669,218649.6,218303.1525
002313.SZ,20220712,5.74,1.0565,0.64,96.3944,0.8343,0.4589,214905.6,214565.0848
002313.SZ,20220711,5.71,1.6375,0.72,95.8906,0.83,0.4565,213782.4,213443.6645
002313.SZ,20220708,5.89,1.2929,0.56,98.9134,0.8561,0.4709,220521.6,220172.1864
002313.SZ,20220707,6.0,1.1938,0.47,100.7607,0.8721,0.4797,224640.0,224284.0608
002313.SZ,20220706,6.01,1.2419,0.45,100.9286,0.8736,0.4805,225014.4,224657.8676
002313.SZ,20220705,6.05,2.8883,1.02,101.6004,0.8794,0.4837,226512.0,226153.0946
002313.SZ,20220704,6.2,4.7194,2.26,104.1194,0.9012,0.4957,232128.0,231760.1962
002313.SZ,20220701,6.25,1.4124,0.72,104.9591,0.9085,0.4997,234000.0,233629.23
002313.SZ,20220630,5.95,2.3809,1.42,99.921,0.8648,0.4757,222768.0,222415.027
002313.SZ,20220629,5.67,2.2512,1.61,95.2189,0.8242,0.4533,212284.8,211948.4375
002313.SZ,20220628,5.83,3.4558,3.92,97.9058,0.8474,0.4661,218275.2,217929.3457
002313.SZ,20220627,5.58,0.9251,1.05,93.7074,0.8111,0.4461,208915.2,208584.1765
002313.SZ,20220624,5.6,0.8034,0.84,94.0433,0.814,0.4477,209664.0,209331.7901
002313.SZ,20220623,5.63,0.9215,0.98,94.5471,0.8183,0.4501,210787.2,210453.2104
002313.SZ,20220622,5.64,0.8788,0.85,94.715,0.8198,0.4509,211161.6,210827.0172
002313.SZ,20220621,5.62,0.8807,0.85,94.3792,0.8169,0.4493,210412.8,210079.4036
002313.SZ,20220620,5.6,0.9132,0.84,94.0433,0.814,0.4477,209664.0,209331.7901
002313.SZ,20220617,5.59,1.1742,1.04,93.8754,0.8125,0.4469,209289.6,208957.9833
002313.SZ,20220616,5.7,0.8492,0.67,95.7227,0.8285,0.4557,213408.0,213069.8578
002313.SZ,20220615,5.64,1.3242,1.01,94.715,0.8198,0.4509,211161.6,210827.0172
002313.SZ,20220614,5.67,0.9375,0.56,95.2189,0.8242,0.4533,212284.8,211948.4375
002313.SZ,20220613,5.69,1.1621,0.65,95.5547,0.8271,0.4549,213033.6,212696.051
002313.SZ,20220610,5.76,1.3951,0.66,96.7303,0.8372,0.4605,215654.4,215312.6984
002313.SZ,20220609,5.75,1.5349,0.73,96.5623,0.8358,0.4597,215280.0,214938.8916
002313.SZ,20220608,5.86,1.5578,0.75,98.4096,0.8518,0.4685,219398.4,219050.766
002313.SZ,20220607,5.76,2.7602,1.45,96.7303,0.8372,0.4605,215654.4,215312.6984
002313.SZ,20220606,6.05,1.7109,0.82,101.6004,0.8794,0.4837,226512.0,226153.0946
002313.SZ,20220602,6.06,3.0719,1.69,101.7683,0.8808,0.4845,226886.4,226526.9014
002313.SZ,20220601,5.82,1.3641,0.71,97.7379,0.846,0.4653,217900.8,217555.539
002313.SZ,20220531,5.78,1.5419,0.7,97.0661,0.8401,0.4621,216403.2,216060.3119
002313.SZ,20220530,5.68,1.8142,0.75,95.3868,0.8256,0.4541,212659.2,212322.2442
002313.SZ,20220527,5.69,2.6662,1.04,95.5547,0.8271,0.4549,213033.6,212696.051
002313.SZ,20220526,5.94,1.7045,0.56,99.7531,0.8634,0.4749,222393.6,222041.2202
002313.SZ,20220525,5.88,1.8519,0.51,98.7455,0.8547,0.4701,220147.2,219798.3796
002313.SZ,20220524,5.97,3.0137,0.6,100.2569,0.8678,0.4773,223516.8,223162.6405
002313.SZ,20220523,6.28,2.8715,0.64,105.4629,0.9128,0.5021,235123.2,234750.6503
002313.SZ,20220520,6.31,3.3328,0.87,105.9667,0.9172,0.5045,236246.4,235872.0706
002313.SZ,20220519,6.09,4.0694,1.34,102.2721,0.8852,0.4869,228009.6,227648.3217
002313.SZ,20220518,5.83,4.9134,2.37,97.9058,0.8474,0.4661,218275.2,217929.3457
002313.SZ,20220517,5.84,10.0783,167.17,98.0737,0.8489,0.4669,218649.6,218303.1525
002313.SZ,20220516,5.75,0.0983,2.33,96.5623,0.8358,0.4597,215280.0,214938.8916
002313.SZ,20220513,6.05,0.0719,2.41,101.6004,0.8794,0.4837,226512.0,226153.0946
002313.SZ,20220512,6.37,0.0504,0.13,106.9743,0.9259,0.5093,238492.8,238114.9112
002313.SZ,20220511,6.71,0.0642,0.09,112.684,0.9753,0.5365,251222.4,250824.3413
002313.SZ,20220510,7.06,0.0167,0.01,118.5617,1.0262,0.5645,264326.4,263907.5782
002313.SZ,20220509,7.43,0.0075,0.0,124.7753,1.08,0.594,278179.2,277738.4286
002313.SZ,20220506,7.82,0.0107,0.01,131.3248,1.1367,0.6252,292780.8,292316.8926
002313.SZ,20220429,8.23,1.8971,1.11,,1.1706,0.8144,308131.2,307548.5514
002313.SZ,20220428,7.92,1.4731,0.88,,1.1265,0.7838,296524.8,295964.0981
002313.SZ,20220427,8.21,2.568,1.9,,1.1677,0.8125,307382.4,306801.1673
002313.SZ,20220426,8.22,1.5539,1.31,,1.1691,0.8134,307756.8,307174.8593
002313.SZ,20220425,8.81,1.7649,1.68,,1.253,0.8718,329846.4,329222.6899
002313.SZ,20220422,9.79,1.1921,0.9,,1.3924,0.9688,366537.6,365844.5101
002313.SZ,20220421,10.16,1.3327,0.88,,1.4451,1.0054,380390.4,379671.1157
002313.SZ,20220420,10.54,0.9029,0.5,,1.4991,1.043,394617.6,393871.4133
002313.SZ,20220419,10.79,0.7281,0.36,,1.5347,1.0678,403977.6,403213.7144
002313.SZ,20220418,10.8,1.0988,0.5,,1.5361,1.0688,404352.0,403587.4064
002313.SZ,20220415,10.77,2.573,1.26,,1.5318,1.0658,403228.8,402466.3303
002313.SZ,20220414,11.51,2.2365,1.06,,1.6371,1.139,430934.4,430119.5415
002313.SZ,20220413,11.37,2.4339,1.08,,1.6172,1.1252,425692.8,424887.8529
002313.SZ,20220412,12.23,1.7052,0.7,,1.7395,1.2103,457891.2,457025.3686
002313.SZ,20220411,11.8,1.9695,0.74,,1.6783,1.1677,441792.0,440956.6107
002313.SZ,20220408,12.32,1.8659,0.58,,1.7523,1.2192,461260.8,460388.597
002313.SZ,20220407,12.18,2.5973,0.73,,1.7324,1.2053,456019.2,455156.9084
002313.SZ,20220406,12.7,3.084,0.93,,1.8063,1.2568,475488.0,474588.8946
002313.SZ,20220401,12.41,2.6529,0.81,,1.7651,1.2281,464630.4,463751.8254
002313.SZ,20220331,12.71,3.1434,0.98,,1.8077,1.2578,475862.4,474962.5867
002313.SZ,20220330,12.63,4.7321,1.72,,1.7964,1.2499,472867.2,471973.0503
002313.SZ,20220329,12.63,4.2199,1.94,,1.7964,1.2499,472867.2,471973.0503
002313.SZ,20220328,11.48,1.759,0.82,,1.6328,1.1361,429811.2,428998.4654
002313.SZ,20220325,11.95,2.4434,1.26,,1.6996,1.1826,447408.0,446561.9914
002313.SZ,20220324,12.44,2.9293,1.64,,1.7693,1.2311,465753.6,464872.9015
002313.SZ,20220323,12.28,2.3889,1.3,,1.7466,1.2152,459763.2,458893.8288
002313.SZ,20220322,11.89,1.3568,0.62,,1.6911,1.1766,445161.6,444319.8391
002313.SZ,20220321,12.02,1.6224,0.72,,1.7096,1.1895,450028.8,449177.8357
002313.SZ,20220318,12.12,1.3616,0.6,,1.7238,1.1994,453772.8,452914.7561
002313.SZ,20220317,12.01,2.2015,1.04,,1.7082,1.1885,449654.4,448804.1436
002313.SZ,20220316,12.12,2.6695,1.32,,1.7238,1.1994,453772.8,452914.7561
002313.SZ,20220315,11.6,3.1054,1.77,,1.6499,1.1479,434304.0,433482.7699
002313.SZ,20220314,11.71,1.8819,1.03,,1.6655,1.1588,438422.4,437593.3824
002313.SZ,20220311,11.78,1.4972,0.73,,1.6755,1.1657,441043.2,440209.2267
002313.SZ,20220310,11.66,1.4628,0.65,,1.6584,1.1539,436550.4,435724.9221
002313.SZ,20220309,11.57,2.1669,0.89,,1.6456,1.145,433180.8,432361.6938
002313.SZ,20220308,11.72,1.7771,0.58,,1.6669,1.1598,438796.8,437967.0744
002313.SZ,20220307,11.85,2.2008,0.5,,1.6854,1.1727,443664.0,442825.071
002313.SZ,20220304,12.1,2.6545,0.62,,1.721,1.1974,453024.0,452167.372
002313.SZ,20220303,12.08,2.4328,0.52,,1.7181,1.1954,452275.2,451419.9879
002313.SZ,20220302,12.26,3.1594,0.68,,1.7437,1.2132,459014.4,458146.4447
002313.SZ,20220301,12.1,5.0025,1.23,,1.721,1.1974,453024.0,452167.372
002313.SZ,20220228,12.57,8.9541,2.98,,1.7878,1.2439,470620.8,469730.8981
002313.SZ,20220225,13.76,1.9499,0.64,,1.9571,1.3617,515174.4,514200.2512
002313.SZ,20220224,12.51,4.3367,1.83,,1.7793,1.238,468374.4,467488.7458
002313.SZ,20220223,12.63,2.9306,1.47,,1.7964,1.2499,472867.2,471973.0503
002313.SZ,20220222,12.35,2.2226,1.28,,1.7565,1.2222,462384.0,461509.6731
002313.SZ,20220221,12.46,3.5855,3.02,,1.7722,1.233,466502.4,465620.2856
002313.SZ,20220218,11.84,2.1695,2.29,,1.684,1.1717,443289.6,442451.3789
002313.SZ,20220217,11.39,0.9689,1.07,,1.62,1.1271,426441.6,425635.237
002313.SZ,20220216,11.58,0.9914,0.98,,1.647,1.146,433555.2,432735.3858
002313.SZ,20220215,11.33,0.9902,1.0,,1.6115,1.1212,424195.2,423393.0847
002313.SZ,20220214,11.26,0.8133,0.84,,1.6015,1.1143,421574.4,420777.2404
002313.SZ,20220211,11.11,0.9731,1.05,,1.5802,1.0994,415958.4,415171.8598
002313.SZ,20220210,11.35,0.7452,0.74,,1.6143,1.1232,424944.0,424140.4688
002313.SZ,20220209,11.42,1.5518,1.83,,1.6243,1.1301,427564.8,426756.3131
002313.SZ,20220208,10.97,0.8621,0.92,,1.5603,1.0856,410716.8,409940.1712
002313.SZ,20220207,10.72,0.7026,0.66,,1.5247,1.0608,401356.8,400597.8701
002313.SZ,20220128,10.57,0.7556,0.66,,1.5034,1.046,395740.8,394992.4895
002313.SZ,20220127,10.49,1.1367,0.96,,1.492,1.0381,392745.6,392002.9531
002313.SZ,20220126,10.95,0.7895,0.59,,1.5574,1.0836,409968.0,409192.7871
002313.SZ,20220125,10.92,1.3253,1.0,,1.5531,1.0806,408844.8,408071.711
002313.SZ,20220124,11.57,1.3093,0.87,,1.6456,1.145,433180.8,432361.6938
002313.SZ,20220121,11.89,1.1658,0.81,,1.6911,1.1766,445161.6,444319.8391
002313.SZ,20220120,11.91,1.3236,0.9,,1.694,1.1786,445910.4,445067.2232
002313.SZ,20220119,12.12,1.5328,1.11,,1.7238,1.1994,453772.8,452914.7561
002313.SZ,20220118,11.91,1.3179,0.93,,1.694,1.1786,445910.4,445067.2232
002313.SZ,20220117,12.04,2.1772,1.78,,1.7124,1.1915,450777.6,449925.2198
002313.SZ,20220114,11.58,0.87,0.69,,1.647,1.146,433555.2,432735.3858
002313.SZ,20220113,11.76,1.4335,1.2,,1.6726,1.1638,440294.4,439461.8426
002313.SZ,20220112,11.78,1.1171,0.94,,1.6755,1.1657,441043.2,440209.2267
002313.SZ,20220111,11.65,1.4818,1.19,,1.657,1.1529,436176.0,435351.2301
002313.SZ,20220110,11.65,1.2141,1.05,,1.657,1.1529,436176.0,435351.2301
002313.SZ,20220107,11.35,1.092,0.88,,1.6143,1.1232,424944.0,424140.4688
002313.SZ,20220106,11.64,1.0712,0.9,,1.6556,1.1519,435801.6,434977.5381
002313.SZ,20220105,11.6,1.0884,0.91,,1.6499,1.1479,434304.0,433482.7699
002313.SZ,20220104,11.7,1.7356,1.73,,1.6641,1.1578,438048.0,437219.6903
002313.SZ,20211231,11.4,0.8111,0.79,,1.6214,1.1281,426816.0,426008.929
002313.SZ,20211230,11.42,1.5107,1.73,,1.6243,1.1301,427564.8,426756.3131
002313.SZ,20211229,11.12,0.823,0.9,,1.5816,1.1004,416332.8,415545.5518
002313.SZ,20211228,11.31,1.1072,1.11,,1.6086,1.1192,423446.4,422645.7006
002313.SZ,20211227,11.01,0.7513,0.75,,1.5659,1.0895,412214.4,411434.9393
002313.SZ,20211224,11.08,0.9385,0.95,,1.5759,1.0965,414835.2,414050.7836
002313.SZ,20211223,11.33,0.7344,0.75,,1.6115,1.1212,424195.2,423393.0847
002313.SZ,20211222,11.43,1.0226,1.05,,1.6257,1.1311,427939.2,427130.0051
002313.SZ,20211221,11.53,1.5224,1.48,,1.6399,1.141,431683.2,430866.9256
002313.SZ,20211220,11.16,0.7597,0.69,,1.5873,1.1044,417830.4,417040.32
002313.SZ,20211217,11.22,0.9148,0.84,,1.5958,1.1103,420076.8,419282.4722
002313.SZ,20211216,11.3,0.6963,0.63,,1.6072,1.1182,423072.0,422272.0086
002313.SZ,20211215,11.21,0.9644,0.89,,1.5944,1.1093,419702.4,418908.7802
002313.SZ,20211214,11.31,1.7967,2.02,,1.6086,1.1192,423446.4,422645.7006
002313.SZ,20211213,11.04,1.1526,1.42,,1.5702,1.0925,413337.6,412556.0155
002313.SZ,20211210,10.98,0.8276,1.07,,1.5617,1.0866,411091.2,410313.8632
002313.SZ,20211209,10.95,0.774,0.99,,1.5574,1.0836,409968.0,409192.7871
002313.SZ,20211208,10.98,0.8455,0.98,,1.5617,1.0866,411091.2,410313.8632
002313.SZ,20211207,10.85,0.8432,0.81,,1.5432,1.0737,406224.0,405455.8667
002313.SZ,20211206,11.09,0.7578,0.73,,1.5773,1.0975,415209.6,414424.4757
002313.SZ,20211203,11.35,0.6624,0.63,,1.6143,1.1232,424944.0,424140.4688
002313.SZ,20211202,11.34,0.7968,0.8,,1.6129,1.1222,424569.6,423766.7768
002313.SZ,20211201,11.48,1.2316,1.4,,1.6328,1.1361,429811.2,428998.4654
002313.SZ,20211130,11.21,1.7611,2.82,,1.5944,1.1093,419702.4,418908.7802
002313.SZ,20211129,10.79,0.708,1.11,,1.5347,1.0678,403977.6,403213.7144
002313.SZ,20211126,10.91,0.777,1.28,,1.5517,1.0796,408470.4,407698.0189
002313.SZ,20211125,11.13,0.4982,0.8,,1.583,1.1014,416707.2,415919.2439
002313.SZ,20211124,11.2,0.6386,1.05,,1.593,1.1083,419328.0,418535.0882
002313.SZ,20211123,11.1,0.4986,0.74,,1.5788,1.0985,415584.0,414798.1677
002313.SZ,20211122,11.23,0.7788,1.26,,1.5972,1.1113,420451.2,419656.1643
002313.SZ,20211119,11.08,0.6169,0.98,,1.5759,1.0965,414835.2,414050.7836
002313.SZ,20211118,10.94,0.5711,0.88,,1.556,1.0826,409593.6,408819.095
002313.SZ,20211117,11.14,0.5866,0.83,,1.5844,1.1024,417081.6,416292.9359
002313.SZ,20211116,10.97,0.7992,1.13,,1.5603,1.0856,410716.8,409940.1712
002313.SZ,20211115,11.1,0.5209,0.7,,1.5788,1.0985,415584.0,414798.1677
002313.SZ,20211112,11.04,0.6609,0.92,,1.5702,1.0925,413337.6,412556.0155
002313.SZ,20211111,10.94,0.6887,1.03,,1.556,1.0826,409593.6,408819.095
002313.SZ,20211110,10.77,0.8634,1.47,,1.5318,1.0658,403228.8,402466.3303
002313.SZ,20211109,10.56,0.7913,1.4,,1.5019,1.045,395366.4,394618.7974
002313.SZ,20211108,10.63,0.6946,1.18,,1.5119,1.0519,397987.2,397234.6417
002313.SZ,20211105,10.61,0.5483,0.93,,1.5091,1.05,397238.4,396487.2576
002313.SZ,20211104,10.61,0.4522,0.74,,1.5091,1.05,397238.4,396487.2576
002313.SZ,20211103,10.44,0.4474,0.71,,1.4849,1.0331,390873.6,390134.4929
002313.SZ,20211102,10.22,0.6912,1.07,,1.4536,1.0114,382636.8,381913.2679
002313.SZ,20211101,10.48,0.7922,1.22,,1.4906,1.0371,392371.2,391629.2611
002313.SZ,20211029,10.44,0.5749,0.9,,1.4849,1.0331,390873.6,390134.4929
002313.SZ,20211028,10.18,0.5429,0.84,,1.4479,1.0074,381139.2,380418.4998
002313.SZ,20211027,10.27,0.5635,0.82,,1.4251,1.0163,384508.8,383781.7282
002313.SZ,20211026,10.51,0.7672,1.14,,1.4584,1.0401,393494.4,392750.3372
002313.SZ,20211025,10.6,0.7987,1.21,,1.4709,1.049,396864.0,396113.5656
002313.SZ,20211022,10.82,0.5044,0.76,,1.5014,1.0707,405100.8,404334.7905
002313.SZ,20211021,10.91,0.613,0.92,,1.5139,1.0796,408470.4,407698.0189
002313.SZ,20211020,11.14,0.7388,1.02,,1.5458,1.1024,417081.6,416292.9359
002313.SZ,20211019,11.38,0.7132,0.84,,1.5791,1.1262,426067.2,425261.5449
002313.SZ,20211018,11.6,0.7402,0.63,,1.6096,1.1479,434304.0,433482.7699
002313.SZ,20211015,11.41,0.5173,0.41,,1.5833,1.1291,427190.4,426382.6211
002313.SZ,20211014,11.51,0.6172,0.4,,1.5971,1.139,430934.4,430119.5415
002313.SZ,20211013,11.46,1.0276,0.65,,1.5902,1.1341,429062.4,428251.0813
002313.SZ,20211012,11.35,1.3405,0.86,,1.5749,1.1232,424944.0,424140.4688
002313.SZ,20211011,11.55,2.3623,1.78,,1.6027,1.143,432432.0,431614.3097
002313.SZ,20211008,11.05,1.0138,0.7,,1.5333,1.0935,413712.0,412929.7075
002313.SZ,20210930,10.78,1.9187,1.36,,1.4958,1.0668,403603.2,402840.0224
002313.SZ,20210929,10.88,1.3297,0.79,,1.5097,1.0767,407347.2,406576.9428
002313.SZ,20210928,11.34,1.1932,0.45,,1.5736,1.1222,424569.6,423766.7768
002313.SZ,20210927,11.77,1.1782,0.41,,1.6332,1.1648,440668.8,439835.5346
002313.SZ,20210924,12.05,1.6649,0.56,,1.6721,1.1925,451152.0,450298.9118
002313.SZ,20210923,11.9,1.6714,0.58,,1.6513,1.1776,445536.0,444693.5312
002313.SZ,20210922,12.0,2.7394,1.07,,1.6651,1.1875,449280.0,448430.4516
002313.SZ,20210917,12.0,6.1343,3.61,,1.6651,1.1875,449280.0,448430.4516
002313.SZ,20210916,12.39,2.2148,1.42,,1.7192,1.2261,463881.6,463004.4413
002313.SZ,20210915,12.35,1.9787,1.19,,1.7137,1.2222,462384.0,461509.6731
002313.SZ,20210914,11.94,1.3078,0.65,,1.6568,1.1816,447033.6,446188.2993
002313.SZ,20210913,11.89,1.172,0.59,,1.6499,1.1766,445161.6,444319.8391
002313.SZ,20210910,11.99,1.8213,1.03,,1.6637,1.1865,448905.6,448056.7596
002313.SZ,20210909,12.12,1.5305,0.96,,1.6818,1.1994,453772.8,452914.7561
002313.SZ,20210908,11.93,2.4919,1.94,,1.6554,1.1806,446659.2,445814.6073
002313.SZ,20210907,11.73,3.0944,3.63,,1.6277,1.1608,439171.2,438340.7664
002313.SZ,20210906,11.02,0.9606,1.18,,1.5291,1.0905,412588.8,411808.6314
002313.SZ,20210903,10.88,0.7724,0.91,,1.5097,1.0767,407347.2,406576.9428
002313.SZ,20210902,10.88,0.6678,0.72,,1.5097,1.0767,407347.2,406576.9428
002313.SZ,20210901,11.01,0.9131,1.03,,1.5278,1.0895,412214.4,411434.9393
002313.SZ,20210831,10.9,0.9489,1.1,,1.5125,1.0787,408096.0,407324.3269
002313.SZ,20210830,11.18,0.7824,0.9,,1.5513,1.1064,418579.2,417787.7041
002313.SZ,20210827,11.15,0.9249,1.15,,1.5472,1.1034,417456.0,416666.6279
002313.SZ,20210826,11.38,1.062,1.41,,1.5791,1.1262,426067.2,425261.5449
002313.SZ,20210825,11.81,0.7311,1.0,,1.6432,1.1687,442166.4,441554.8995
002313.SZ,20210824,11.65,0.8241,1.05,,1.6209,1.1529,436176.0,435572.784
002313.SZ,20210823,11.56,0.7798,1.01,,1.6084,1.144,432806.4,432207.844
002313.SZ,20210820,11.27,0.6362,0.79,,1.568,1.1153,421948.8,421365.2597
002313.SZ,20210819,11.37,0.7913,0.9,,1.582,1.1252,425692.8,425104.0819
002313.SZ,20210818,11.16,0.6421,0.72,,1.5527,1.1044,417830.4,417252.5553
002313.SZ,20210817,11.1,1.0758,1.32,,1.5444,1.0985,415584.0,415009.262
002313.SZ,20210816,11.75,0.7165,0.87,,1.6348,1.1628,439920.0,439311.6062
002313.SZ,20210813,11.87,0.7903,0.95,,1.6515,1.1747,444412.8,443798.1928
002313.SZ,20210812,12.11,1.1725,1.54,,1.6849,1.1984,453398.4,452771.366
002313.SZ,20210811,11.71,0.6991,0.87,,1.6293,1.1588,438422.4,437816.0773
002313.SZ,20210810,11.84,0.682,0.74,,1.6473,1.1717,443289.6,442676.5461
002313.SZ,20210809,11.8,0.7566,0.74,,1.6418,1.1677,441792.0,441181.0172
002313.SZ,20210806,11.77,0.8315,0.82,,1.6376,1.1648,440668.8,440059.3706
002313.SZ,20210805,11.65,0.8358,0.86,,1.6209,1.1529,436176.0,435572.784
002313.SZ,20210804,11.76,0.9126,0.96,,1.6362,1.1638,440294.4,439685.4884
002313.SZ,20210803,11.67,1.2511,1.47,,1.6237,1.1549,436924.8,436320.5484
002313.SZ,20210802,11.58,1.3022,1.79,,1.6112,1.146,433555.2,432955.6084
002313.SZ,20210730,11.04,0.7908,1.15,,1.536,1.0925,413337.6,412765.9687
002313.SZ,20210729,10.6,0.5788,0.81,,1.4748,1.049,396864.0,396315.1511
002313.SZ,20210728,10.38,0.8496,1.26,,1.4442,1.0272,388627.2,388089.7423
002313.SZ,20210727,11.01,0.7341,1.2,,1.5319,1.0895,412214.4,411644.322
002313.SZ,20210726,10.96,0.693,1.15,,1.5249,1.0846,410342.4,409774.9109
002313.SZ,20210723,11.26,0.5805,0.98,,1.5667,1.1143,421574.4,420991.3775
002313.SZ,20210722,11.5,0.7138,1.21,,1.6,1.138,430560.0,429964.5507
002313.SZ,20210721,11.26,0.6427,1.1,,1.5667,1.1143,421574.4,420991.3775
002313.SZ,20210720,11.32,0.4407,0.64,,1.575,1.1202,423820.8,423234.6708
002313.SZ,20210719,11.4,0.6284,0.83,,1.5861,1.1281,426816.0,426225.7285
002313.SZ,20210716,11.11,0.5302,0.68,,1.5458,1.0994,415958.4,415383.1442
002313.SZ,20210715,11.09,0.7063,0.93,,1.543,1.0975,415209.6,414635.3798
002313.SZ,20210714,11.36,0.6144,0.8,,1.5806,1.1242,425318.4,424730.1996
002313.SZ,20210713,11.55,0.9699,1.39,,1.607,1.143,432432.0,431833.9618
002313.SZ,20210712,11.36,0.9492,1.57,,1.5806,1.1242,425318.4,424730.1996
002313.SZ,20210709,10.97,0.6662,1.15,,1.5263,1.0856,410716.8,410148.7931
002313.SZ,20210708,11.1,0.6105,0.9,,1.5444,1.0985,415584.0,415009.262
002313.SZ,20210707,11.1,0.6579,1.0,,1.5444,1.0985,415584.0,415009.262
002313.SZ,20210706,11.3,0.6067,0.84,,1.5722,1.1182,423072.0,422486.9063
002313.SZ,20210705,11.47,0.4892,0.63,,1.5959,1.1351,429436.8,428842.904
002313.SZ,20210702,11.24,0.5239,0.61,,1.5639,1.1123,420825.6,420243.613
002313.SZ,20210701,11.18,1.1183,1.24,,1.5555,1.1064,418579.2,418000.3197
002313.SZ,20210630,11.71,0.5524,0.48,,1.6293,1.1588,438422.4,437816.0773
002313.SZ,20210629,11.59,0.9444,0.76,,1.6126,1.1469,433929.6,433329.4907
002313.SZ,20210628,11.8,0.7257,0.55,,1.6418,1.1677,441792.0,441181.0172
002313.SZ,20210625,11.95,0.9479,0.67,,1.6627,1.1826,447408.0,446789.2505
002313.SZ,20210624,12.14,1.3247,0.95,,1.6891,1.2014,454521.6,453893.0127
002313.SZ,20210623,12.65,1.7727,1.31,,1.76,1.2518,473616.0,472961.0058
002313.SZ,20210622,12.49,1.4383,0.99,,1.7378,1.236,467625.6,466978.8903
002313.SZ,20210621,12.3,1.1735,0.65,,1.7114,1.2172,460512.0,459875.1281
002313.SZ,20210618,12.38,1.3211,0.65,,1.7225,1.2251,463507.2,462866.1859
002313.SZ,20210617,12.0,1.299,0.63,,1.6696,1.1875,449280.0,448658.6616
002313.SZ,20210616,11.8,1.5513,0.66,,1.6418,1.1677,441792.0,441181.0172
002313.SZ,20210615,12.04,1.9519,0.79,,1.6752,1.1915,450777.6,450154.1905
002313.SZ,20210611,12.56,2.8416,1.37,,1.7475,1.2429,470246.4,469596.0658
002313.SZ,20210610,12.84,2.453,1.36,,1.7865,1.2706,480729.6,480064.7679
002313.SZ,20210609,12.46,1.5603,0.95,,1.7336,1.233,466502.4,465857.2436
002313.SZ,20210608,12.6,2.9846,2.47,,1.7531,1.2469,471744.0,471091.5947
002313.SZ,20210607,12.43,2.4432,2.42,,1.7294,1.2301,465379.2,464735.597
002313.SZ,20210604,11.8,0.9656,0.88,,1.6418,1.1677,441792.0,441181.0172
002313.SZ,20210603,11.89,1.0596,0.85,,1.6543,1.1766,445161.6,444545.9572
002313.SZ,20210602,11.63,0.7748,0.55,,1.6181,1.1509,435427.2,434825.0195
002313.SZ,20210601,11.63,0.8024,0.49,,1.6181,1.1509,435427.2,434825.0195
002313.SZ,20210531,11.56,1.445,0.72,,1.6084,1.144,432806.4,432207.844
002313.SZ,20210528,11.85,1.4185,0.74,,1.6487,1.1727,443664.0,443050.4283
002313.SZ,20210527,11.91,1.7835,1.08,,1.6571,1.1786,445910.4,445293.7216
002313.SZ,20210526,11.81,1.5867,1.09,,1.6432,1.1687,442166.4,441554.8995
002313.SZ,20210525,11.45,1.9624,1.68,,1.5931,1.1331,428688.0,428095.1396
002313.SZ,20210524,11.7,3.3097,5.05,,1.6279,1.1578,438048.0,437442.1951
002313.SZ,20210521,10.9,0.9671,1.66,,1.5166,1.0787,408096.0,407531.6176
002313.SZ,20210520,10.59,0.4202,0.64,,1.4734,1.048,396489.6,395941.2689
002313.SZ,20210519,10.68,0.6297,1.02,,1.486,1.0569,399859.2,399306.2088
002313.SZ,20210518,10.6,0.5154,0.88,,1.4748,1.049,396864.0,396315.1511
002313.SZ,20210517,10.4,0.7429,1.41,,1.447,1.0292,389376.0,388837.5067
002313.SZ,20210514,10.67,0.6011,1.17,,1.4846,1.0559,399484.8,398932.3266
002313.SZ,20210513,10.65,0.7737,1.74,,1.4818,1.0539,398736.0,398184.5622
002313.SZ,20210512,10.39,0.4654,1.09,,1.4456,1.0282,389001.6,388463.6245
002313.SZ,20210511,10.22,0.356,0.78,,1.422,1.0114,382636.8,382107.6268
002313.SZ,20210510,10.21,0.429,0.92,,1.4206,1.0104,382262.4,381733.7446
002313.SZ,20210507,10.28,0.5362,1.24,,1.4303,1.0173,384883.2,384350.9201
002313.SZ,20210506,10.27,0.4311,1.05,,1.4289,1.0163,384508.8,383977.0379
002313.SZ,20210430,10.14,0.3857,0.95,,1.4108,1.0035,379641.6,379116.5691
002313.SZ,20210429,10.34,0.507,1.41,,1.4386,1.0232,387129.6,386594.2134
002313.SZ,20210428,10.35,0.4836,1.47,,1.4415,1.0242,387504.0,386968.0956
002313.SZ,20210427,10.49,0.3621,1.02,,1.461,1.0381,392745.6,392202.4467
002313.SZ,20210426,10.38,0.3109,0.66,,1.4457,1.0272,388627.2,388089.7423
002313.SZ,20210423,10.4,0.3574,0.71,,1.4485,1.0292,389376.0,388837.5067
002313.SZ,20210422,10.61,0.2785,0.49,50.8395,1.4884,0.8562,397238.4,396689.0333
002313.SZ,20210421,10.61,0.3365,0.6,50.8395,1.4884,0.8562,397238.4,396689.0333
002313.SZ,20210420,10.72,0.4934,0.95,51.3666,1.5038,0.865,401356.8,400801.7377
002313.SZ,20210419,10.79,0.8947,2.29,51.702,1.5136,0.8707,403977.6,403418.9132
002313.SZ,20210416,10.65,0.5177,1.47,51.0311,1.494,0.8594,398736.0,398184.5622
002313.SZ,20210415,10.39,0.6116,1.72,49.7853,1.4575,0.8384,389001.6,388463.6245
002313.SZ,20210414,10.28,0.282,0.7,49.2582,1.2221,0.8295,384883.2,384350.9201
002313.SZ,20210413,10.14,0.2783,0.66,48.5874,1.2055,0.8182,379641.6,379116.5691
002313.SZ,20210412,10.23,0.2638,0.62,49.0187,1.2162,0.8255,383011.2,382481.509
002313.SZ,20210409,10.36,0.3212,0.77,49.6416,1.2316,0.836,387878.4,387341.9778
002313.SZ,20210408,10.32,0.6299,1.87,49.4499,1.2269,0.8328,386380.8,385846.449
002313.SZ,20210407,10.3,0.5328,1.73,49.3541,1.2245,0.8311,385632.0,385098.6845
002313.SZ,20210406,10.21,0.3475,1.12,48.9228,1.2138,0.8239,382262.4,381733.7446
002313.SZ,20210402,10.03,0.2809,0.83,48.0603,1.1924,0.8093,375523.2,375003.8647
002313.SZ,20210401,10.08,0.2815,0.7,48.2999,1.1983,0.8134,377395.2,376873.2757
002313.SZ,20210331,10.0,0.2424,0.61,47.9166,1.1888,0.8069,374400.0,373882.218
002313.SZ,20210330,9.95,0.3893,1.02,47.677,1.1829,0.8029,372528.0,372012.8069
002313.SZ,20210329,10.03,0.3623,0.99,48.0603,1.1924,0.8093,375523.2,375003.8647
002313.SZ,20210326,10.13,0.4093,1.15,48.5395,1.2043,0.8174,379267.2,378742.6868
002313.SZ,20210325,10.18,0.5968,1.97,48.7791,1.2102,0.8215,381139.2,380612.0979
002313.SZ,20210324,10.2,0.2361,0.73,48.8749,1.2126,0.8231,381888.0,381359.8624
002313.SZ,20210323,10.2,0.2967,0.84,48.8749,1.2126,0.8231,381888.0,381359.8624
002313.SZ,20210322,10.41,0.2987,0.85,49.8811,1.2376,0.84,389750.4,389211.3889
002313.SZ,20210319,10.26,0.3498,0.99,49.1624,1.2197,0.8279,384134.4,383603.1557
002313.SZ,20210318,10.23,0.3366,0.88,49.0187,1.2162,0.8255,383011.2,382481.509
002313.SZ,20210317,10.26,0.3453,0.76,49.1624,1.2197,0.8279,384134.4,383603.1557
002313.SZ,20210316,10.3,0.431,0.89,49.3541,1.2245,0.8311,385632.0,385098.6845
002313.SZ,20210315,10.02,0.2928,0.55,48.0124,1.1912,0.8085,375148.8,374629.9824
002313.SZ,20210312,10.07,0.3588,0.66,48.252,1.1971,0.8126,377020.8,376499.3935
002313.SZ,20210311,10.38,0.4774,0.81,49.7374,1.234,0.8376,388627.2,388089.7423
002313.SZ,20210310,10.21,0.7177,1.37,48.9228,1.2138,0.8239,382262.4,381733.7446
002313.SZ,20210309,10.58,0.5683,1.17,50.6957,1.2578,0.8537,396115.2,395567.3866
002313.SZ,20210308,10.78,0.5341,1.13,51.6541,1.2816,0.8699,403603.2,403045.031
002313.SZ,20210305,10.85,0.4025,0.86,51.9895,1.2899,0.8755,406224.0,405662.2065
002313.SZ,20210304,10.7,0.7114,1.7,51.2707,1.272,0.8634,400608.0,400053.9733
002313.SZ,20210303,10.68,0.3936,0.72,51.1749,1.2697,0.8618,399859.2,399306.2088
002313.SZ,20210302,10.67,0.395,0.65,51.127,1.2685,0.861,399484.8,398932.3266
002313.SZ,20210301,10.8,0.4532,0.63,51.7499,1.2839,0.8715,404352.0,403792.7954
002313.SZ,20210226,10.58,0.386,0.44,50.6957,1.2578,0.8537,396115.2,395567.3866
002313.SZ,20210225,10.57,0.4666,0.49,50.6478,1.2566,0.8529,395740.8,395193.5044
002313.SZ,20210224,10.58,1.0275,1.25,50.6957,1.2578,0.8537,396115.2,395567.3866
002313.SZ,20210223,10.48,0.6923,0.89,50.2166,1.2459,0.8457,392371.2,391828.5645
002313.SZ,20210222,10.62,1.0154,1.58,50.8874,1.2625,0.857,397612.8,397062.9155
002313.SZ,20210219,10.62,1.1595,2.35,50.8874,1.2625,0.857,397612.8,397062.9155
002313.SZ,20210218,9.82,0.8739,1.95,47.0541,1.1674,0.7924,367660.8,367152.3381
002313.SZ,20210210,9.2,0.3764,0.83,44.0832,1.0937,0.7424,344448.0,343971.6406
002313.SZ,20210209,9.25,0.4476,0.89,44.3228,1.0997,0.7464,346320.0,345841.0517
002313.SZ,20210208,9.16,0.3542,0.57,43.8916,1.089,0.7391,342950.4,342476.1117
002313.SZ,20210205,9.28,0.41,0.62,44.4666,1.1032,0.7488,347443.2,346962.6983
002313.SZ,20210204,9.43,0.6578,1.03,45.1853,1.1211,0.7609,353059.2,352570.9316
002313.SZ,20210203,9.78,0.4004,0.61,46.8624,1.1627,0.7892,366163.2,365656.8092
002313.SZ,20210202,9.9,0.6855,1.13,47.4374,1.1769,0.7989,370656.0,370143.3958
002313.SZ,20210201,9.71,0.9441,1.65,46.527,1.1544,0.7835,363542.4,363039.6337
002313.SZ,20210129,9.95,0.6215,1.12,47.677,1.1829,0.8029,372528.0,372012.8069
002313.SZ,20210128,10.0,0.542,1.0,47.9166,1.1888,0.8069,374400.0,373882.218
002313.SZ,20210127,10.18,0.5162,1.04,48.7791,1.2102,0.8215,381139.2,380612.0979
002313.SZ,20210126,10.3,0.4172,0.85,49.3541,1.2245,0.8311,385632.0,385098.6845
002313.SZ,20210125,10.31,0.7677,1.7,49.402,1.2257,0.8319,386006.4,385472.5668
002313.SZ,20210122,10.81,0.5397,1.04,51.7978,1.2851,0.8723,404726.4,404166.6777
002313.SZ,20210121,11.17,0.4686,0.86,53.5228,1.3279,0.9013,418204.8,417626.4375
002313.SZ,20210120,11.1,0.2865,0.45,53.1874,1.3196,0.8957,415584.0,415009.262
002313.SZ,20210119,11.25,0.4035,0.61,53.9061,1.3374,0.9078,421200.0,420617.4953
002313.SZ,20210118,11.23,0.5561,0.82,53.8103,1.3351,0.9062,420451.2,419869.7308
002313.SZ,20210115,11.36,0.8845,1.34,54.4332,1.3505,0.9167,425318.4,424730.1996
002313.SZ,20210114,10.99,0.5966,0.78,52.6603,1.3065,0.8868,411465.6,410896.5576
002313.SZ,20210113,10.71,0.7216,0.99,51.3186,1.2732,0.8642,400982.4,400427.8555
002313.SZ,20210112,10.92,0.5484,0.72,52.3249,1.2982,0.8812,408844.8,408279.3821
002313.SZ,20210111,10.77,0.6504,0.87,51.6061,1.2804,0.8691,403228.8,402671.1488
002313.SZ,20210108,10.95,0.7881,1.08,52.4686,1.3018,0.8836,409968.0,409401.0287
002313.SZ,20210107,10.69,1.1076,1.76,51.2228,1.2709,0.8626,400233.6,399680.091
002313.SZ,20210106,11.19,0.5438,0.77,53.6186,1.3303,0.903,418953.6,418374.2019
002313.SZ,20210105,11.58,0.7096,1.04,55.4874,1.3767,0.9344,433555.2,432955.6084
002313.SZ,20210104,11.66,0.5849,0.81,55.8707,1.3862,0.9409,436550.4,435946.6662
002313.SZ,20201231,11.83,0.6954,0.92,56.6853,1.4064,0.9546,442915.2,442302.6639
002313.SZ,20201230,11.61,0.613,0.8,55.6311,1.3802,0.9368,434678.4,434077.2551
002313.SZ,20201229,11.61,0.9483,1.21,55.6311,1.3802,0.9368,434678.4,434077.2551
002313.SZ,20201228,11.17,0.6798,0.74,53.5228,1.3279,0.9013,418204.8,347925.6375
002313.SZ,20201225,11.26,0.966,1.17,53.9541,1.3386,0.9086,421574.4,350728.9775
002313.SZ,20201224,11.08,1.0307,1.34,53.0916,1.3172,0.8941,414835.2,345122.2975
002313.SZ,20201223,11.45,0.7982,1.04,54.8645,1.3612,0.9239,428688.0,356618.865
002313.SZ,20201222,11.67,1.2294,1.95,55.9186,1.3874,0.9417,436924.8,363470.9305
002313.SZ,20201221,12.23,0.575,0.88,58.602,1.4539,0.9869,457891.2,380912.5519
002313.SZ,20201218,12.34,0.4856,0.69,59.129,1.467,0.9957,462009.6,384338.5846
002313.SZ,20201217,12.52,0.7683,1.28,59.9915,1.4884,1.0103,468748.8,389944.82
002313.SZ,20201216,12.5,0.7912,1.52,59.8957,1.486,1.0087,468000.0,389321.905
002313.SZ,20201215,12.85,0.5258,1.03,61.5728,1.5276,1.0369,481104.0,400222.9183
002313.SZ,20201214,13.12,0.7071,1.66,62.8665,1.5597,1.0587,491212.8,408632.2715
002313.SZ,20201211,13.42,0.7097,2.09,64.304,1.5954,1.0829,502444.8,417975.9972
002313.SZ,20201210,13.71,0.2695,0.77,65.6936,1.6299,1.1063,513302.4,427008.2654
002313.SZ,20201209,13.77,0.3858,1.03,65.9811,1.637,1.1111,515548.8,428877.0105
002313.SZ,20201208,14.07,0.4868,1.2,67.4186,1.6727,1.1353,526780.8,438220.7363
002313.SZ,20201207,14.38,0.2742,0.65,68.904,1.7095,1.1604,538387.2,447875.9195
002313.SZ,20201204,14.47,0.2785,0.63,69.3353,1.7202,1.1676,541756.8,450679.0372
002313.SZ,20201203,14.6,0.3191,0.69,69.9582,1.7357,1.1781,546624.0,454727.985
002313.SZ,20201202,14.66,0.5135,1.01,70.2457,1.7428,1.183,548870.4,456596.7302
002313.SZ,20201201,14.61,0.6487,1.36,70.0061,1.7369,1.1789,546998.4,455039.4426
002313.SZ,20201130,14.42,0.3551,0.74,69.0957,1.7143,1.1636,539884.8,449121.7496
002313.SZ,20201127,14.53,0.3754,0.78,69.6228,1.7274,1.1725,544003.2,452547.7824
002313.SZ,20201126,14.57,0.4195,0.88,69.8144,1.7321,1.1757,545500.8,453793.6125
002313.SZ,20201125,14.54,0.7411,1.89,69.6707,1.7286,1.1733,544377.6,452859.2399
002313.SZ,20201124,14.36,0.5018,1.33,68.8082,1.7072,1.1587,537638.4,447253.0045
002313.SZ,20201123,14.3,0.3679,0.89,68.5207,1.7,1.1539,535392.0,445384.2593
002313.SZ,20201120,14.34,0.3833,1.0,68.7124,1.7048,1.1571,536889.6,446630.0894
002313.SZ,20201119,14.25,0.381,1.04,68.2811,1.6941,1.1499,533520.0,443826.9717
002313.SZ,20201118,14.1,0.3261,0.85,67.5624,1.6762,1.1378,527904.0,439155.1088
002313.SZ,20201117,14.11,0.431,1.08,67.6103,1.6774,1.1386,528278.4,439466.5664
002313.SZ,20201116,14.18,0.549,1.22,67.9457,1.6858,1.1442,530899.2,441646.769
002313.SZ,20201113,14.18,0.2333,0.46,67.9457,1.6858,1.1442,530899.2,441646.769
002313.SZ,20201112,14.27,0.2931,0.47,68.3769,1.6965,1.1515,534268.8,444449.8867
002313.SZ,20201111,14.33,0.4167,0.65,68.6644,1.7036,1.1563,536515.2,446318.6319
002313.SZ,20201110,14.56,0.5109,0.72,69.7665,1.7309,1.1749,545126.4,453482.1549
002313.SZ,20201109,14.82,0.794,1.17,71.0124,1.7618,1.1959,554860.8,461580.0506
002313.SZ,20201106,14.55,0.5171,0.66,69.7186,1.7297,1.1741,544752.0,453170.6974
002313.SZ,20201105,14.69,0.8954,1.24,70.3894,1.7464,1.1854,549993.6,457531.1028
002313.SZ,20201104,14.1,0.4813,0.69,67.5624,1.6762,1.1378,527904.0,439155.1088
002313.SZ,20201103,14.2,0.8453,1.35,68.0415,1.6881,1.1458,531648.0,442269.6841
002313.SZ,20201102,13.43,0.6396,1.12,64.352,1.5966,1.0837,502819.2,418287.4547
002313.SZ,20201030,13.87,1.0342,2.42,66.4603,1.6489,1.1192,519292.8,431991.5858
002313.SZ,20201029,14.28,0.6006,1.59,68.4249,1.6976,1.1523,534643.2,444761.3443
002313.SZ,20201028,14.54,0.3557,0.88,69.6707,1.7286,1.1733,544377.6,452859.2399
002313.SZ,20201027,14.59,0.491,1.2,69.9103,1.7179,1.1773,546249.6,454416.5275
002313.SZ,20201026,14.58,0.3845,0.79,69.8624,1.7167,1.1765,545875.2,454105.07
002313.SZ,20201023,14.75,0.3049,0.52,70.6769,1.7367,1.1902,552240.0,459399.8479
002313.SZ,20201022,14.84,0.3508,0.52,71.1082,1.7473,1.1975,555609.6,462202.9656
002313.SZ,20201021,14.91,0.4979,0.74,71.4436,1.7555,1.2031,558230.4,464383.1683
002313.SZ,20201020,15.26,0.5125,0.7,73.1207,1.7967,1.2314,571334.4,475284.1816
002313.SZ,20201019,15.2,0.7674,1.08,72.8332,1.7897,1.2265,569088.0,473415.4365
002313.SZ,20201016,14.86,0.8084,1.3,71.204,1.7497,1.1991,556358.4,462825.8807
002313.SZ,20201015,15.17,0.7943,1.36,72.6894,1.7862,1.2241,567964.8,472481.0639
002313.SZ,20201014,15.73,0.4972,0.9,75.3728,1.8521,1.2693,588931.2,489922.6853
002313.SZ,20201013,16.04,0.8003,1.68,76.8582,1.8886,1.2943,600537.6,499577.8685
002313.SZ,20201012,15.85,0.6369,1.52,75.9478,1.8662,1.279,593424.0,493660.1755
002313.SZ,20201009,15.43,0.3882,0.79,73.9353,1.8168,1.2451,577699.2,480578.9595
002313.SZ,20200930,15.19,0.5896,1.31,72.7853,1.7885,1.2257,568713.6,473103.979
002313.SZ,20200929,15.27,0.3461,0.69,73.1686,1.7979,1.2322,571708.8,475595.6391
002313.SZ,20200928,15.38,0.4208,0.79,73.6957,1.8109,1.2411,575827.2,479021.6719
002313.SZ,20200925,15.56,0.3533,0.63,74.5582,1.8321,1.2556,582566.4,484627.9073
002313.SZ,20200924,15.5,0.7375,1.39,74.2707,1.825,1.2507,580320.0,482759.1622
002313.SZ,20200923,15.94,0.3988,0.71,76.379,1.8768,1.2862,596793.6,496463.2933
002313.SZ,20200922,16.0,0.5864,1.15,76.6665,1.8839,1.2911,599040.0,498332.0384
002313.SZ,20200921,16.17,0.5821,1.17,77.4811,1.9039,1.3048,605404.8,503626.8163
002313.SZ,20200918,16.36,0.5183,0.85,78.3915,1.9263,1.3201,612518.4,509544.5093
002313.SZ,20200917,16.24,0.5734,0.92,77.8165,1.9121,1.3105,608025.6,505807.019
002313.SZ,20200916,16.15,0.5292,0.68,77.3853,1.9015,1.3032,604656.0,503003.9013
002313.SZ,20200915,16.12,0.3567,0.42,77.2415,1.898,1.3008,603532.8,502069.5287
002313.SZ,20200914,16.15,0.519,0.58,77.3853,1.9015,1.3032,604656.0,503003.9013
002313.SZ,20200911,16.16,0.5661,0.58,77.4332,1.9027,1.304,605030.4,503315.3588
002313.SZ,20200910,16.0,1.1626,1.32,76.6665,1.8839,1.2911,599040.0,498332.0384
002313.SZ,20200909,16.65,1.3128,1.7,79.7811,1.9604,1.3435,623376.0,518576.7775
002313.SZ,20200908,16.59,0.6679,0.81,79.4936,1.9533,1.3387,621129.6,516708.0323
002313.SZ,20200907,16.35,0.7531,0.92,78.3436,1.9251,1.3193,612144.0,509233.0517
002313.SZ,20200904,16.55,0.9494,1.23,79.3019,1.9486,1.3355,619632.0,515462.2022
002313.SZ,20200903,16.71,0.7353,0.95,80.0686,1.9675,1.3484,625622.4,520445.5226
002313.SZ,20200902,16.79,0.7632,0.87,80.4519,1.9769,1.3548,628617.6,522937.1828
002313.SZ,20200901,16.77,0.9077,1.06,80.3561,1.9745,1.3532,627868.8,522314.2677
002313.SZ,20200831,16.9,0.7232,0.81,80.979,1.9898,1.3637,632736.0,526363.2156
002313.SZ,20200828,16.93,0.7345,0.8,81.1228,1.9934,1.3661,633859.2,527297.5881
002313.SZ,20200827,16.94,0.7541,0.8,81.1707,1.9946,1.3669,634233.6,527609.0457
002313.SZ,20200826,16.71,1.2604,1.22,80.0686,1.9675,1.3484,625622.4,520445.5226
002313.SZ,20200825,17.25,0.8214,0.75,82.6561,2.0311,1.392,645840.0,537264.2289
002313.SZ,20200824,17.42,0.8851,0.7,83.4707,2.0269,1.4057,652204.8,542559.0068
002313.SZ,20200821,17.23,0.8674,0.67,82.5602,2.0048,1.3903,645091.2,536641.3139
002313.SZ,20200820,17.19,0.8979,0.7,82.3686,2.0002,1.3871,643593.6,535395.4838
002313.SZ,20200819,17.18,1.7062,1.44,82.3207,1.999,1.3863,643219.2,535084.0262
002313.SZ,20200818,17.65,1.1492,0.99,84.5727,2.0537,1.4242,660816.0,549722.5299
002313.SZ,20200817,17.8,1.6602,1.58,85.2915,2.0711,1.4363,666432.0,554394.3927
002313.SZ,20200814,17.53,1.0995,0.82,83.9977,2.0397,1.4145,656323.2,545985.0396
002313.SZ,20200813,17.51,0.7992,0.43,83.9019,2.0374,1.4129,655574.4,545362.1245
002313.SZ,20200812,17.47,1.2291,0.64,83.7102,2.0327,1.4097,654076.8,544116.2944
002313.SZ,20200811,17.68,1.004,0.49,84.7165,2.0572,1.4266,661939.2,550656.9024
002313.SZ,20200810,17.89,1.1163,0.52,85.7227,2.0816,1.4436,669801.6,557197.5104
002313.SZ,20200807,17.97,2.569,1.35,86.1061,2.0909,1.4501,672796.8,559689.1706
002313.SZ,20200806,18.69,3.3159,2.25,89.5561,2.1747,1.5081,699753.6,582114.1124
002313.SZ,20200805,18.24,1.5242,0.97,87.3998,2.1223,1.4718,682905.6,568098.5238
002313.SZ,20200804,18.23,1.6831,0.98,87.3519,2.1212,1.471,682531.2,567787.0663
002313.SZ,20200803,18.52,1.653,1.06,88.7415,2.1549,1.4944,693388.8,576819.3344
002313.SZ,20200731,18.19,1.3415,0.82,87.1602,2.1165,1.4678,681033.6,566541.2362
002313.SZ,20200730,18.06,1.1789,0.7,86.5373,2.1014,1.4573,676166.4,562492.2883
002313.SZ,20200729,18.38,1.9608,1.31,88.0707,2.1386,1.4831,688147.2,572458.9291
002313.SZ,20200728,18.29,2.4663,2.03,87.6394,2.1281,1.4759,684777.6,569655.8114
002313.SZ,20200727,17.32,0.8292,0.63,82.9915,2.0153,1.3976,648460.8,539444.4316
002313.SZ,20200724,17.31,1.7697,1.41,82.9436,2.0141,1.3968,648086.4,539132.974
002313.SZ,20200723,17.93,1.381,0.94,85.9144,2.0863,1.4468,671299.2,558443.3405
002313.SZ,20200722,18.19,1.0616,0.51,87.1602,2.1165,1.4678,681033.6,566541.2362
002313.SZ,20200721,18.25,1.0333,0.43,87.4477,2.1235,1.4726,683280.0,568409.9813
002313.SZ,20200720,18.14,1.3519,0.5,86.9207,2.1107,1.4638,679161.6,564983.9485
002313.SZ,20200717,17.8,1.4283,0.47,85.2915,2.0711,1.4363,666432.0,554394.3927
002313.SZ,20200716,17.88,2.4466,0.79,85.6748,2.0804,1.4428,669427.2,556886.0529
002313.SZ,20200715,18.84,4.2489,1.56,90.2748,2.1921,1.5203,705369.6,586785.9752
002313.SZ,20200714,20.42,2.5455,0.91,97.8456,2.376,1.6477,764524.8,635996.264
002313.SZ,20200713,20.74,2.7584,0.99,99.379,2.4132,1.6736,776505.6,645962.9048
002313.SZ,20200710,20.16,3.1526,1.29,96.5998,2.3457,1.6268,754790.4,627898.3684
002313.SZ,20200709,20.35,2.8247,1.33,97.5102,2.3678,1.6421,761904.0,633816.0613
002313.SZ,20200708,20.21,2.358,1.28,96.8394,2.3516,1.6308,756662.4,629455.656
002313.SZ,20200707,19.9,2.8758,1.83,95.354,2.3155,1.6058,745056.0,619800.4728
002313.SZ,20200706,19.77,2.7443,2.22,94.7311,2.3004,1.5953,740188.8,615751.5249
002313.SZ,20200703,19.09,1.4094,1.21,91.4727,2.2212,1.5404,714729.6,594572.4133
002313.SZ,20200702,18.85,1.2413,0.91,90.3227,2.1933,1.5211,705744.0,587097.4327
002313.SZ,20200701,18.59,0.9474,0.64,89.0769,2.1631,1.5001,696009.6,578999.5371
002313.SZ,20200630,18.6,1.5275,0.98,89.1248,2.1642,1.5009,696384.0,579310.9946
002313.SZ,20200629,18.55,1.0439,0.63,88.8852,2.1584,1.4969,694512.0,577753.707
002313.SZ,20200624,18.88,1.0408,0.65,75.3887,2.8284,1.2696,589056.0,588031.8053
002313.SZ,20200623,18.98,2.2603,1.73,75.788,2.8434,1.2763,592176.0,591146.3806
002313.SZ,20200622,19.63,1.5138,1.27,78.3835,2.9408,1.32,612456.0,610991.7473
002313.SZ,20200619,19.51,1.9275,1.89,77.9044,2.9228,1.3119,608712.0,607256.6984
002313.SZ,20200618,19.2,1.5207,1.54,76.6665,2.8763,1.2911,599040.0,597607.8221
002313.SZ,20200617,18.77,0.8212,0.71,74.9495,2.8119,1.2622,585624.0,584223.8969
002313.SZ,20200616,18.7,0.7619,0.49,74.67,2.8014,1.2575,583440.0,582045.1184
002313.SZ,20200615,18.4,0.9384,0.6,73.4721,2.7565,1.2373,574080.0,572707.4962
002313.SZ,20200612,18.79,1.062,0.68,75.0294,2.8149,1.2635,586248.0,584846.405
002313.SZ,20200611,19.26,1.359,0.9,76.9061,2.8853,1.2951,600912.0,599475.3465
002313.SZ,20200610,19.75,1.6732,0.97,78.8627,2.9587,1.3281,616200.0,614726.7962
002313.SZ,20200609,19.82,2.7484,1.78,79.1422,2.9692,1.3328,618384.0,616905.5747
002313.SZ,20200608,19.03,0.9781,0.58,75.9877,2.8509,1.2797,593736.0,592316.5028
002313.SZ,20200605,19.13,1.0529,0.6,76.387,2.8658,1.2864,596856.0,595429.0436
002313.SZ,20200604,19.13,1.1394,0.69,76.387,2.8658,1.2864,596856.0,595429.0436
002313.SZ,20200603,18.96,2.7467,2.27,75.7082,2.8404,1.2749,591552.0,590137.7243
002313.SZ,20200602,19.15,1.8015,1.83,76.4669,2.8688,1.2877,597480.0,596051.5517
002313.SZ,20200601,18.73,1.6964,2.15,74.7898,2.8059,1.2595,584376.0,582978.8806
002313.SZ,20200529,18.17,1.3703,2.06,72.5537,2.722,1.2218,566904.0,565548.6525
002313.SZ,20200528,17.63,0.5848,0.84,70.3974,2.6411,1.1855,550056.0,548740.9325
002313.SZ,20200527,17.56,0.6034,0.75,70.1179,2.6306,1.1808,547872.0,546562.1539
002313.SZ,20200526,17.73,0.6781,0.8,70.7967,2.6561,1.1922,553176.0,551853.4732
002313.SZ,20200525,17.34,0.7029,0.73,69.2394,2.5977,1.166,541008.0,539714.5643
002313.SZ,20200522,17.6,0.7619,0.75,70.2776,2.6366,1.1835,549120.0,547807.1702
002313.SZ,20200521,17.66,0.7443,0.71,70.5172,2.6456,1.1875,550992.0,549674.6947
002313.SZ,20200520,17.84,1.1424,1.16,71.236,2.6726,1.1996,556608.0,555277.268
002313.SZ,20200519,18.34,0.891,0.87,73.2325,2.7475,1.2333,572208.0,570839.9717
002313.SZ,20200518,18.32,1.2862,1.16,73.1526,2.7445,1.2319,571584.0,570217.4636
002313.SZ,20200515,17.88,0.9858,0.65,71.3957,2.6786,1.2023,557856.0,556522.2843
002313.SZ,20200514,17.78,0.9317,0.6,70.9964,2.6636,1.1956,554736.0,553409.7436
002313.SZ,20200513,17.93,0.8292,0.51,71.5953,2.6861,1.2057,559416.0,558078.5547
002313.SZ,20200512,17.96,1.059,0.64,71.7151,2.6906,1.2077,560352.0,559012.3169
002313.SZ,20200511,18.14,1.7581,1.19,72.4339,2.7175,1.2198,565968.0,564614.8902
002313.SZ,20200508,18.5,3.0592,2.62,73.8714,2.7715,1.244,577200.0,575820.0369
002313.SZ,20200507,17.4,1.1066,0.93,69.479,2.6067,1.17,542880.0,541582.0888
002313.SZ,20200506,17.7,1.134,0.96,70.6769,2.6516,1.1902,552240.0,550919.711
002313.SZ,20200430,17.4,1.2375,1.06,69.479,2.6067,1.17,542880.0,541582.0888
002313.SZ,20200429,17.01,0.8285,0.64,74.0215,2.5253,1.2007,530712.0,529607.3689
002313.SZ,20200428,16.63,1.5208,1.17,72.3678,2.4689,1.1739,518856.0,517776.0461
002313.SZ,20200427,17.1,1.2044,0.96,74.4131,2.5386,1.207,533520.0,532409.5243
002313.SZ,20200424,17.35,1.1133,0.88,75.501,2.5758,1.2247,541320.0,540193.2893
002313.SZ,20200423,17.82,1.1911,0.96,77.5463,2.6455,1.2579,555984.0,554826.7674
002313.SZ,20200422,18.04,1.4887,1.23,78.5037,2.6782,1.2734,562848.0,561676.4806
002313.SZ,20200421,18.14,1.4971,1.35,78.9388,2.693,1.2804,565968.0,564789.9866
002313.SZ,20200420,17.89,0.9545,0.87,77.8509,2.6559,1.2628,558168.0,557006.2216
002313.SZ,20200417,17.83,1.2151,1.09,77.5898,2.647,1.2586,556296.0,555138.118
002313.SZ,20200416,17.8,1.0298,0.86,77.4593,2.6426,1.2564,555360.0,554204.0662
002313.SZ,20200415,17.78,1.3458,1.11,77.3722,2.6396,1.255,554736.0,553581.365
002313.SZ,20200414,18.17,1.0115,0.77,79.0694,2.6975,1.2826,566904.0,565724.0384
002313.SZ,20200413,17.96,0.8934,0.64,78.1555,2.6663,1.2677,560352.0,559185.6758
002313.SZ,20200410,18.12,1.2941,0.88,78.8518,2.6901,1.279,565344.0,564167.2854
002313.SZ,20200409,18.72,1.4262,1.0,81.4628,2.7791,1.3214,584064.0,582848.3213
002313.SZ,20200408,18.79,1.4478,1.06,81.7674,2.7895,1.3263,586248.0,585027.7755
002313.SZ,20200407,18.68,1.5239,1.06,81.2887,2.7732,1.3186,582816.0,581602.9189
002313.SZ,20200403,18.19,1.2869,0.87,79.1564,2.7005,1.284,567528.0,566346.7396
002313.SZ,20200402,18.19,1.6964,1.12,79.1564,2.7005,1.284,567528.0,566346.7396
002313.SZ,20200401,17.56,1.1682,0.7,76.4149,2.6069,1.2395,547872.0,546731.6518
002313.SZ,20200331,17.53,1.1686,0.64,76.2843,2.6025,1.2374,546936.0,545797.6
002313.SZ,20200330,17.76,1.9007,1.02,77.2852,2.6366,1.2536,554112.0,552958.6638
002313.SZ,20200327,18.58,1.4546,0.77,80.8535,2.7584,1.3115,579696.0,578489.4129
002313.SZ,20200326,18.5,1.8748,0.95,80.5054,2.7465,1.3059,577200.0,575998.6082
002313.SZ,20200325,19.22,1.9657,0.99,83.6386,2.8534,1.3567,599664.0,598415.8513
002313.SZ,20200324,19.12,2.0053,0.99,83.2034,2.8385,1.3496,596544.0,595302.3453
002313.SZ,20200323,18.63,2.056,0.92,81.0711,2.7658,1.315,581256.0,580046.1659
002313.SZ,20200320,19.53,1.5834,0.62,84.9876,2.8994,1.3786,609336.0,608067.7198
002313.SZ,20200319,19.37,2.2204,0.8,84.2913,2.8756,1.3673,604344.0,603086.1103
002313.SZ,20200318,18.91,2.0516,0.61,82.2896,2.8073,1.3348,589992.0,588763.9827
002313.SZ,20200317,19.42,2.2367,0.56,84.5089,2.8831,1.3708,605904.0,604642.8633
002313.SZ,20200316,19.7,3.0782,0.72,85.7274,2.9246,1.3906,614640.0,613360.68
002313.SZ,20200313,21.58,3.0853,0.73,93.9085,3.2037,1.5233,673296.0,671894.5926
002313.SZ,20200312,21.78,3.3394,0.78,94.7788,3.2334,1.5374,679536.0,678121.6046
002313.SZ,20200311,22.65,4.962,1.27,98.5647,3.3626,1.5988,706680.0,705209.1067
002313.SZ,20200310,23.42,5.4518,1.5,101.9155,3.4769,1.6531,730704.0,729183.1029
002313.SZ,20200309,22.09,4.4528,1.28,96.1278,3.2794,1.5593,689208.0,687773.4732
002313.SZ,20200306,21.63,2.8559,0.77,94.1261,3.2068,1.5268,674856.0,673451.3456
002313.SZ,20200305,21.52,3.7388,1.0,93.6474,3.1905,1.519,671424.0,670026.489
002313.SZ,20200304,20.95,2.984,0.7,91.1669,3.106,1.4788,653640.0,652279.5049
002313.SZ,20200303,21.35,4.086,0.89,92.9076,3.1653,1.507,666120.0,664733.5289
002313.SZ,20200302,21.62,3.7633,0.76,94.0825,3.2053,1.5261,674544.0,673139.995
002313.SZ,20200228,20.78,4.0344,0.81,90.4272,3.0808,1.4668,648336.0,646986.5447
002313.SZ,20200227,22.2,3.7591,0.81,96.6065,3.2913,1.567,692640.0,691198.3298
002313.SZ,20200226,22.38,5.6266,1.38,97.3898,3.318,1.5797,698256.0,696802.6406
002313.SZ,20200225,22.18,5.6485,1.55,96.5195,3.2883,1.5656,692016.0,690575.6286
002313.SZ,20200224,22.07,5.5349,1.67,96.0408,3.272,1.5579,688584.0,687150.772
002313.SZ,20200221,20.53,4.1945,1.51,89.3392,3.0437,1.4491,640536.0,639202.7797
002313.SZ,20200220,19.53,2.0748,0.79,84.9876,2.8955,1.3786,609336.0,608067.7198
002313.SZ,20200219,19.36,2.9307,1.26,84.2478,2.8703,1.3666,604032.0,602774.7597
002313.SZ,20200218,19.18,3.4305,1.84,83.4645,2.8436,1.3539,598416.0,597170.4489
002313.SZ,20200217,19.36,3.9493,2.85,84.2478,2.8703,1.3666,604032.0,602774.7597
002313.SZ,20200214,17.6,1.4847,1.03,76.5889,2.6093,1.2423,549120.0,547977.0542
002313.SZ,20200213,17.58,1.2644,0.84,76.5019,2.6064,1.2409,548496.0,547354.353
002313.SZ,20200212,17.82,1.5296,0.92,77.5463,2.6419,1.2579,555984.0,554826.7674
002313.SZ,20200211,17.23,1.1099,0.53,74.9788,2.5545,1.2162,537576.0,536457.0821
002313.SZ,20200210,17.51,1.5511,0.84,76.1973,2.596,1.236,546312.0,545174.8988
002313.SZ,20200207,17.3,1.7359,0.94,75.2834,2.5648,1.2212,539760.0,538636.5363
002313.SZ,20200206,17.25,1.6172,0.91,75.0659,2.5574,1.2176,538200.0,537079.7833
002313.SZ,20200205,16.72,2.2734,1.48,72.7595,2.4789,1.1802,521664.0,520578.2015
002313.SZ,20200204,16.2,3.2827,2.76,70.4966,2.4018,1.1435,505440.0,504387.9704
002313.SZ,20200203,17.06,0.322,0.24,74.239,2.5293,1.2042,532272.0,531164.1219
002313.SZ,20200123,18.96,1.7195,1.37,82.5072,2.811,1.3383,591552.0,590320.7357
002313.SZ,20200122,19.95,1.3019,1.01,86.8153,2.9577,1.4082,622440.0,621144.445
002313.SZ,20200121,20.01,1.0521,0.75,87.0764,2.9666,1.4124,624312.0,623012.5486
002313.SZ,20200120,20.15,1.5408,1.11,87.6856,2.9874,1.4223,628680.0,627371.457
002313.SZ,20200117,20.0,1.1445,0.74,87.0329,2.9651,1.4117,624000.0,622701.198
002313.SZ,20200116,19.96,1.2141,0.72,86.8588,2.9592,1.4089,622752.0,621455.7956
002313.SZ,20200115,20.18,1.4711,0.82,87.8162,2.9918,1.4244,629616.0,628305.5088
002313.SZ,20200114,20.45,1.6362,0.9,88.9911,3.0319,1.4435,638040.0,636711.975
002313.SZ,20200113,20.71,1.4989,0.79,90.1225,3.0704,1.4619,646152.0,644807.0905
002313.SZ,20200110,20.52,1.8947,1.03,89.2957,3.0422,1.4484,640224.0,638891.4291
002313.SZ,20200109,20.84,1.9548,1.11,90.6883,3.0897,1.471,650208.0,648854.6483
002313.SZ,20200108,20.67,2.0155,1.26,89.9485,3.0645,1.459,644904.0,643561.6881
002313.SZ,20200107,20.8,1.7763,1.24,90.5142,3.0837,1.4682,648960.0,647609.2459
002313.SZ,20200106,20.48,1.8027,1.3,89.1217,3.0363,1.4456,638976.0,637646.0268
002313.SZ,20200103,20.38,1.6867,1.2,88.6865,3.0215,1.4386,635856.0,634532.5208
002313.SZ,20200102,20.29,1.5141,1.16,88.2949,3.0081,1.4322,633048.0,631730.3654
002313.SZ,20191231,19.8,1.2312,0.96,86.1625,2.9355,1.3976,617760.0,616474.186
002313.SZ,20191230,19.78,0.9434,0.67,86.0755,2.9325,1.3962,617136.0,615851.4848
002313.SZ,20191227,19.84,1.5331,1.11,86.3366,2.9414,1.4004,619008.0,617719.5884
002313.SZ,20191226,20.3,1.8048,1.36,88.3384,3.0096,1.4329,633360.0,632041.716
002313.SZ,20191225,20.08,1.0405,0.61,87.381,2.977,1.4174,626496.0,625192.0028
002313.SZ,20191224,20.12,1.1022,0.55,87.5551,2.9829,1.4202,627744.0,626437.4052
002313.SZ,20191223,19.97,1.5593,0.69,86.9023,2.9607,1.4096,623064.0,621767.1462
002313.SZ,20191220,20.43,1.3728,0.56,88.9041,3.0289,1.4421,637416.0,636089.2738
002313.SZ,20191219,20.86,1.5565,0.65,90.7753,3.0926,1.4724,650832.0,649477.3495
002313.SZ,20191218,20.96,2.9057,1.44,91.2105,3.1075,1.4795,653952.0,652590.8555
002313.SZ,20191217,20.38,2.6705,1.53,88.6865,3.0215,1.4386,635856.0,634532.5208
002313.SZ,20191216,20.4,2.8362,2.05,88.7735,3.0244,1.44,636480.0,635155.222
002313.SZ,20191213,19.71,2.3919,2.17,85.7709,2.9221,1.3913,614952.0,613672.0306
002313.SZ,20191212,18.86,1.1683,1.02,82.072,2.7961,1.3313,588432.0,587207.2297
002313.SZ,20191211,18.94,1.0526,0.99,82.4201,2.808,1.3369,590928.0,589698.0345
002313.SZ,20191210,19.32,1.2773,1.35,84.0738,2.8643,1.3637,602784.0,601529.3573
002313.SZ,20191209,19.37,1.0108,1.12,84.2913,2.8717,1.3673,604344.0,603086.1103
002313.SZ,20191206,19.33,1.0055,1.05,84.1173,2.8658,1.3644,603096.0,601840.7079
002313.SZ,20191205,19.25,1.3623,1.58,83.7691,2.854,1.3588,600600.0,599349.9031
002313.SZ,20191204,18.81,0.6428,0.7,81.8544,2.7887,1.3277,586872.0,585650.4767
002313.SZ,20191203,18.96,0.7127,0.77,82.5072,2.811,1.3383,591552.0,590320.7357
002313.SZ,20191202,18.9,0.8079,0.85,82.2461,2.8021,1.3341,589680.0,588452.6321
002313.SZ,20191129,18.92,1.2463,1.27,82.3331,2.805,1.3355,590304.0,589075.3333
002313.SZ,20191128,18.25,0.8925,0.79,79.4175,2.7057,1.2882,569400.0,568214.8432
002313.SZ,20191127,18.56,0.9076,0.64,80.7665,2.7517,1.3101,579072.0,577866.7117
002313.SZ,20191126,18.78,0.7539,0.46,81.7239,2.7843,1.3256,585936.0,584716.4249
002313.SZ,20191125,18.94,0.9249,0.56,82.4201,2.808,1.3369,590928.0,589698.0345
002313.SZ,20191122,19.23,1.4433,0.96,83.6821,2.851,1.3574,599976.0,598727.2019
002313.SZ,20191121,19.26,1.5945,1.18,83.8127,2.8554,1.3595,600912.0,599661.2537
002313.SZ,20191120,19.21,2.4062,2.43,83.5951,2.848,1.356,599352.0,598104.5007
002313.SZ,20191119,18.64,1.8447,2.37,81.1146,2.7635,1.3157,581568.0,580357.5165
002313.SZ,20191118,17.7,0.9581,1.22,77.0241,2.6242,1.2494,552240.0,551090.5602
002313.SZ,20191115,17.84,0.7194,0.85,77.6333,2.6449,1.2593,556608.0,555449.4686
002313.SZ,20191114,18.24,0.8076,1.03,79.374,2.7042,1.2875,569088.0,567903.4926
002313.SZ,20191113,18.08,0.6181,0.79,78.6777,2.6805,1.2762,564096.0,562921.883
002313.SZ,20191112,18.15,0.782,1.02,78.9823,2.6909,1.2812,566280.0,565101.3372
002313.SZ,20191111,17.93,0.9948,1.26,78.025,2.6583,1.2656,559416.0,558251.624
002313.SZ,20191108,18.51,1.0415,1.36,80.5489,2.7442,1.3066,577512.0,576309.9587
002313.SZ,20191107,18.42,0.4842,0.58,80.1573,2.7309,1.3002,574704.0,573507.8034
002313.SZ,20191106,18.38,0.6002,0.71,79.9832,2.725,1.2974,573456.0,572262.401
002313.SZ,20191105,18.58,0.7257,0.8,80.8535,2.7546,1.3115,579696.0,578489.4129
002313.SZ,20191104,18.75,1.0891,1.11,81.5933,2.7798,1.3235,585000.0,583782.3731
002313.SZ,20191101,18.65,0.9318,0.98,81.1582,2.765,1.3164,581880.0,580668.8671
002313.SZ,20191031,18.09,0.8025,0.89,78.7212,2.682,1.2769,564408.0,563233.2336
002313.SZ,20191030,18.47,0.6893,0.73,80.3749,2.7383,1.3037,576264.0,575064.5564
002313.SZ,20191029,18.66,1.0435,1.09,81.2017,2.7665,1.3172,582192.0,580980.2177
002313.SZ,20191028,19.21,1.4251,1.48,83.5951,2.848,1.356,599352.0,598104.5007
002313.SZ,20191025,18.63,0.7867,0.82,81.0711,2.762,1.315,581256.0,580046.1659
002313.SZ,20191024,18.6,0.584,0.62,80.9406,2.7576,1.3129,580320.0,579112.1141
002313.SZ,20191023,18.55,0.8648,0.9,80.723,2.8018,1.3094,578760.0,577555.3611
002313.SZ,20191022,18.87,1.113,1.17,82.1155,2.8501,1.332,588744.0,587518.5803
002313.SZ,20191021,18.48,1.4504,1.58,80.4184,2.7912,1.3044,576576.0,575375.907
002313.SZ,20191018,19.23,0.7944,0.76,83.6821,2.9045,1.3574,599976.0,598727.2019
002313.SZ,20191017,19.12,0.5102,0.44,83.2034,2.8879,1.3496,596544.0,595302.3453
002313.SZ,20191016,19.1,0.9435,0.78,83.1164,2.8848,1.3482,595920.0,594679.6441
002313.SZ,20191015,19.33,1.0629,0.87,84.1173,2.9196,1.3644,603096.0,601840.7079
002313.SZ,20191014,19.79,1.2714,1.0,86.119,2.989,1.3969,617448.0,616162.8354
002313.SZ,20191011,19.28,1.4483,1.03,83.8997,2.912,1.3609,601536.0,600283.9549
002313.SZ,20191010,19.7,1.1342,0.65,85.7274,2.9755,1.3906,614640.0,613360.68
002313.SZ,20191009,19.53,1.1145,0.53,84.9876,2.9498,1.3786,609336.0,608067.7198
002313.SZ,20191008,19.59,1.1682,0.45,85.2487,2.9588,1.3828,611208.0,609935.8234
002313.SZ,20190930,19.64,1.4918,0.46,85.4663,2.9664,1.3863,612768.0,611492.5764
002313.SZ,20190927,20.2,2.1018,0.61,87.9032,3.051,1.4259,630240.0,628928.21
002313.SZ,20190926,20.4,2.8777,0.84,88.7735,3.0812,1.44,636480.0,635155.222
002313.SZ,20190925,21.21,2.8572,0.85,92.2984,3.2035,1.4971,661752.0,660374.6205
002313.SZ,20190924,22.1,3.5402,1.06,96.1713,3.3379,1.56,689520.0,688084.8238
002313.SZ,20190923,21.8,4.7649,1.5,94.8658,3.2926,1.5388,680160.0,678744.3058
002313.SZ,20190920,21.23,3.1332,0.89,92.3854,3.2065,1.4986,662376.0,660997.3217
002313.SZ,20190919,21.59,2.7665,0.72,93.952,3.2609,1.524,673608.0,672205.9432
002313.SZ,20190918,21.25,2.6884,0.59,92.4724,3.2096,1.5,663000.0,661620.0229
002313.SZ,20190917,21.39,3.2858,0.69,93.0817,3.2307,1.5099,667368.0,665978.9313
002313.SZ,20190916,21.91,3.9604,0.87,95.3445,3.3092,1.5466,683592.0,682169.1624
002313.SZ,20190912,21.66,4.8575,1.15,94.2566,3.2715,1.5289,675792.0,674385.3974
002313.SZ,20190911,20.88,4.3395,1.12,90.8623,3.1537,1.4739,651456.0,650100.0507
002313.SZ,20190910,20.95,6.4774,1.96,91.1669,3.1643,1.4788,653640.0,652279.5049
002313.SZ,20190909,21.14,4.2188,1.55,91.9937,3.1929,1.4922,659568.0,658195.1663
002313.SZ,20190906,19.22,2.8533,1.17,83.6386,2.903,1.3567,599664.0,598415.8513
002313.SZ,20190905,18.97,3.3079,1.62,82.5507,2.8652,1.339,591864.0,590632.0863
002313.SZ,20190904,18.74,2.4624,1.32,81.5498,2.8305,1.3228,584688.0,583471.0225
002313.SZ,20190903,18.65,3.6705,2.54,81.1582,2.8169,1.3164,581880.0,580668.8671
002313.SZ,20190902,17.92,1.2722,0.84,77.9815,2.7066,1.2649,559104.0,557940.2734
002313.SZ,20190830,17.5,1.5084,0.97,76.1538,2.6432,1.2353,546000.0,544863.5483
002313.SZ,20190829,17.95,1.2688,0.78,78.112,2.7111,1.267,560040.0,558874.3252
002313.SZ,20190828,17.99,1.5848,0.95,78.2861,2.7172,1.2699,561288.0,560119.7276
002313.SZ,20190827,18.34,1.5946,0.8,79.8091,2.77,1.2946,572208.0,571016.9986
002313.SZ,20190826,18.21,1.6062,0.64,79.2434,2.7995,1.2854,568152.0,566933.6581
002313.SZ,20190823,18.73,1.7297,0.69,81.5063,2.8795,1.3221,584376.0,583122.8675
002313.SZ,20190822,19.17,1.6455,0.65,83.421,2.9471,1.3531,598104.0,596821.4292
002313.SZ,20190821,19.22,1.7815,0.66,83.6386,2.9548,1.3567,599664.0,598378.084
002313.SZ,20190820,19.47,3.1777,1.23,84.7265,2.9932,1.3743,607464.0,606161.3577
002313.SZ,20190819,19.3,4.2533,2.17,83.9867,2.9671,1.3623,602160.0,600868.7316
002313.SZ,20190816,18.28,1.6361,0.88,79.548,2.8103,1.2903,570336.0,569112.9748
002313.SZ,20190815,18.38,1.8987,1.12,79.9832,2.8256,1.2974,573456.0,572226.2843
002313.SZ,20190814,18.3,2.459,1.67,79.6351,2.8133,1.2917,570960.0,569735.6367
002313.SZ,20190813,18.14,2.7132,2.03,78.9388,2.7887,1.2804,565968.0,564754.3415
002313.SZ,20190812,17.56,1.0866,0.69,76.4149,2.6996,1.2395,547872.0,546697.1464
002313.SZ,20190809,17.08,1.1016,0.67,74.3261,2.6258,1.2056,532896.0,531753.2609
002313.SZ,20190808,17.33,1.0947,0.66,75.414,2.6642,1.2233,540696.0,539536.5346
002313.SZ,20190807,17.41,1.3756,0.84,75.7621,2.6765,1.2289,543192.0,542027.1822
002313.SZ,20190806,17.65,2.009,1.38,76.8065,2.7134,1.2459,550680.0,549499.125
002313.SZ,20190805,17.88,2.2772,1.93,77.8074,2.7488,1.2621,557856.0,556659.7368
002313.SZ,20190802,17.61,1.4445,1.29,76.6324,2.7073,1.243,549432.0,548253.8012
002313.SZ,20190801,18.15,1.1992,1.03,78.9823,2.7903,1.2812,566280.0,565065.6724
002313.SZ,20190731,18.01,1.2559,1.03,78.3731,2.7688,1.2713,561912.0,560707.0391
002313.SZ,20190730,17.91,1.0894,0.93,77.9379,2.7534,1.2642,558792.0,557593.7297
002313.SZ,20190729,17.91,0.9083,0.72,77.9379,2.7534,1.2642,558792.0,557593.7297
002313.SZ,20190726,17.97,1.1574,0.94,78.199,2.7626,1.2684,560664.0,559461.7154
002313.SZ,20190725,17.83,1.4308,1.24,77.5898,2.7411,1.2586,556296.0,555103.0821
002313.SZ,20190724,17.55,1.5333,1.33,76.3713,2.698,1.2388,547560.0,546385.8155
002313.SZ,20190723,17.03,0.8187,0.56,74.1085,2.6181,1.2021,531336.0,530196.6061
002313.SZ,20190722,16.79,1.3895,0.85,73.0641,2.5812,1.1852,523848.0,522724.6634
002313.SZ,20190719,17.55,0.9862,0.55,76.3713,2.698,1.2388,547560.0,546385.8155
002313.SZ,20190718,17.45,1.0199,0.57,75.9362,2.6827,1.2317,544440.0,543272.506
002313.SZ,20190717,17.84,1.546,0.91,77.6333,2.7426,1.2593,556608.0,555414.413
002313.SZ,20190716,17.99,2.37,1.61,78.2861,2.7657,1.2699,561288.0,560084.3773
002313.SZ,20190715,17.2,2.2512,1.6,74.8483,2.6442,1.2141,536640.0,535489.2323
002313.SZ,20190712,17.62,1.803,1.41,76.676,2.7088,1.2437,549744.0,548565.1321
002313.SZ,20190711,18.2,0.9652,0.64,79.1999,2.798,1.2847,567840.0,566622.3272
002313.SZ,20190710,18.46,1.1101,0.62,80.3313,2.8379,1.303,575952.0,574716.9319
002313.SZ,20190709,18.31,1.2083,0.55,79.6786,2.8149,1.2924,571272.0,570046.9676
002313.SZ,20190708,18.22,1.9313,0.66,79.2869,2.801,1.2861,568464.0,567244.9891
002313.SZ,20190705,19.17,1.172,0.29,83.421,2.9471,1.3531,598104.0,596821.4292
002313.SZ,20190704,19.28,2.1242,0.45,83.8997,2.964,1.3609,601536.0,600246.0697
002313.SZ,20190703,19.82,2.5638,0.5,86.2496,3.047,1.399,618384.0,617057.9409
002313.SZ,20190702,20.4,3.1075,0.66,88.7735,3.1362,1.44,636480.0,635115.136
002313.SZ,20190701,20.71,5.5653,1.44,90.1225,3.1838,1.4619,646152.0,644766.3954
002313.SZ,20190628,20.2,6.8127,2.38,87.9032,3.1054,1.4259,630240.0,628888.517
002313.SZ,20190627,19.76,5.5859,2.74,85.9885,3.0378,1.3948,616512.0,615189.9552
002313.SZ,20190626,17.96,4.6201,3.39,78.1555,2.7611,1.2677,560352.0,559150.3844
002313.SZ,20190625,19.96,1.1208,0.9,86.8588,3.0685,1.4089,622752.0,621416.5742
002313.SZ,20190624,20.27,1.2481,1.1,88.2078,3.1162,1.4308,632424.0,631067.8336
002313.SZ,20190621,20.55,1.7501,1.73,89.4263,3.1592,1.4506,641160.0,639785.1002
002313.SZ,20190620,20.15,1.4489,1.58,87.6856,3.0859,1.4223,628680.0,627331.8622
002313.SZ,20190619,19.88,1.2406,1.26,86.5107,3.0445,1.4033,620256.0,618925.9266
002313.SZ,20190618,19.66,0.515,0.39,85.5533,3.0109,1.3877,613392.0,612076.6457
002313.SZ,20190617,19.51,0.6969,0.49,84.9006,2.9879,1.3771,608712.0,607406.6815
002313.SZ,20190614,19.67,1.1528,0.74,85.5968,3.0124,1.3884,613704.0,612387.9767
002313.SZ,20190613,20.33,0.9872,0.54,88.4689,3.1135,1.435,634296.0,632935.8193
002313.SZ,20190612,20.42,1.584,0.73,88.8606,3.1272,1.4414,637104.0,635737.7979
002313.SZ,20190611,20.83,2.1096,1.05,90.6447,3.19,1.4703,649896.0,648502.3668
002313.SZ,20190610,20.28,1.2905,0.67,88.2513,3.1058,1.4315,632736.0,631379.1646
002313.SZ,20190606,19.66,1.8296,1.06,85.5533,3.0109,1.3877,613392.0,612076.6457
002313.SZ,20190605,20.73,2.3087,1.52,90.2096,3.1747,1.4633,646776.0,645389.0573
002313.SZ,20190604,20.49,3.253,2.99,89.1652,3.138,1.4463,639288.0,637917.1145
002313.SZ,20190603,19.56,1.3554,1.22,85.1182,2.9955,1.3807,610272.0,608963.3362
002313.SZ,20190531,19.64,0.9376,0.78,85.4663,3.0078,1.3863,612768.0,611453.9838
002313.SZ,20190530,19.43,0.8139,0.61,84.5524,2.9756,1.3715,606216.0,604916.0339
002313.SZ,20190529,19.53,1.2347,0.92,84.9876,2.9909,1.3786,609336.0,608029.3434
002313.SZ,20190528,19.45,1.0947,0.8,84.6395,2.9787,1.3729,606840.0,605538.6958
002313.SZ,20190527,19.69,1.4802,1.07,85.6839,3.0154,1.3899,614328.0,613010.6386
002313.SZ,20190524,18.74,1.3611,0.97,81.5498,2.87,1.3228,584688.0,583434.1984
002313.SZ,20190523,18.83,1.4849,1.14,81.9415,2.8837,1.3291,587496.0,586236.177
002313.SZ,20190522,19.52,1.2723,0.95,84.9441,2.9894,1.3779,609024.0,607718.0124
002313.SZ,20190521,19.5,1.2846,0.91,84.8571,2.9864,1.3764,608400.0,607095.3506
002313.SZ,20190520,19.0,1.5142,1.11,82.6812,2.9098,1.3411,592800.0,591528.8031
002313.SZ,20190517,18.94,1.473,1.05,82.4201,2.9006,1.3369,590928.0,589660.8174
002313.SZ,20190516,19.85,0.9557,0.66,86.3801,3.04,1.4011,619320.0,617991.9338
002313.SZ,20190515,20.09,1.4961,1.01,87.4245,3.0767,1.4181,626808.0,625463.8765
002313.SZ,20190514,19.64,1.6171,1.07,85.4663,3.0078,1.3863,612768.0,611453.9838
002313.SZ,20190513,19.69,1.2645,0.81,85.6839,3.0154,1.3899,614328.0,613010.6386
002313.SZ,20190510,20.0,1.7135,1.19,87.0329,3.0629,1.4117,624000.0,622661.898
002313.SZ,20190509,19.21,1.1793,0.8,83.5951,2.9419,1.356,599352.0,598066.753
002313.SZ,20190508,19.77,1.6142,1.19,86.032,3.0277,1.3955,616824.0,615501.2862
002313.SZ,20190507,19.47,1.7595,1.3,84.7265,2.9818,1.3743,607464.0,606161.3577
002313.SZ,20190506,20.33,1.5675,1.09,88.4689,3.1135,1.435,634296.0,632935.8193
002313.SZ,20190430,22.59,1.0805,0.6,98.3036,3.4596,1.5946,704808.0,703296.6138
002313.SZ,20190429,22.96,1.3111,0.58,99.9137,3.5162,1.6207,716352.0,714815.8589
002313.SZ,20190426,23.04,1.0856,0.46,100.2619,3.541,1.6263,718848.0,717306.5065
002313.SZ,20190425,22.99,1.7097,0.72,100.0443,3.5333,1.6228,717288.0,715749.8518
002313.SZ,20190424,23.72,1.9995,0.69,103.221,3.6455,1.6743,740064.0,738477.011
002313.SZ,20190423,24.03,2.9287,0.94,73.4885,3.6932,2.5077,749736.0,749736.0
002313.SZ,20190422,25.15,3.5929,1.3,76.9137,3.8653,2.6245,784680.0,784680.0
002313.SZ,20190419,26.74,1.6021,0.57,81.7763,3.7435,2.7905,834288.0,834288.0
002313.SZ,20190418,26.89,1.7875,0.65,82.235,3.7645,2.8061,838968.0,838968.0
002313.SZ,20190417,27.24,4.4461,2.03,83.3054,3.8135,2.8426,849888.0,849888.0
002313.SZ,20190416,27.52,4.1746,2.44,84.1617,3.8527,2.8719,858624.0,858624.0
002313.SZ,20190415,25.92,1.7921,0.98,79.2685,3.6287,2.7049,808704.0,808704.0
002313.SZ,20190412,26.11,1.8116,1.0,79.8496,3.6553,2.7247,814632.0,814632.0
002313.SZ,20190411,25.13,1.512,0.69,76.8526,3.5181,2.6224,784056.0,784056.0
002313.SZ,20190410,25.94,1.6496,0.69,79.3297,3.6315,2.707,809328.0,809328.0
002313.SZ,20190409,25.86,1.7961,0.62,79.085,3.6203,2.6986,806832.0,806832.0
002313.SZ,20190408,25.9,2.3866,0.82,79.2074,3.6259,2.7028,808080.0,808080.0
002313.SZ,20190404,26.96,1.7496,0.61,82.4491,3.7743,2.8134,841152.0,841152.0
002313.SZ,20190403,27.51,3.3089,1.29,84.1311,3.8513,2.8708,858312.0,858312.0
002313.SZ,20190402,26.99,2.6979,1.13,82.5408,3.7785,2.8165,842088.0,842088.0
002313.SZ,20190401,27.41,4.2664,2.33,83.8253,3.8373,2.8604,855192.0,855192.0
002313.SZ,20190329,26.86,2.4734,1.47,82.1432,3.7603,2.803,838032.0,838032.0
002313.SZ,20190328,25.96,1.6938,0.97,79.3909,3.6343,2.7091,809952.0,809952.0
002313.SZ,20190327,25.81,1.6943,0.96,78.9321,3.6133,2.6934,805272.0,805272.0
002313.SZ,20190326,24.88,1.8038,1.05,76.088,3.4831,2.5964,776256.0,776256.0
002313.SZ,20190325,25.89,1.4706,0.79,79.1768,3.6245,2.7018,807768.0,807768.0
002313.SZ,20190322,25.89,1.7356,0.95,79.1768,3.6245,2.7018,807768.0,807768.0
002313.SZ,20190321,25.9,2.0566,1.11,79.2074,3.6259,2.7028,808080.0,808080.0
002313.SZ,20190320,26.32,1.7841,0.83,80.4918,3.6847,2.7466,821184.0,821184.0
002313.SZ,20190319,26.75,1.5824,0.58,81.8068,3.7449,2.7915,834600.0,834600.0
002313.SZ,20190318,27.03,2.1501,0.69,82.6631,3.7841,2.8207,843336.0,843336.0
002313.SZ,20190315,26.06,1.5294,0.42,79.6967,3.6483,2.7195,813072.0,813072.0
002313.SZ,20190314,25.85,2.215,0.55,79.0545,3.6189,2.6976,806520.0,806520.0
002313.SZ,20190313,26.71,3.2635,0.71,81.6845,3.7393,2.7873,833352.0,833352.0
002313.SZ,20190312,27.57,4.4504,0.94,84.3146,3.8597,2.8771,860184.0,860184.0
002313.SZ,20190311,27.55,4.1061,0.9,84.2534,3.8569,2.875,859560.0,859560.0
002313.SZ,20190308,25.97,4.1775,1.04,79.4215,3.6357,2.7101,810264.0,810264.0
002313.SZ,20190307,26.77,4.2758,1.25,81.868,3.7477,2.7936,835224.0,835224.0
002313.SZ,20190306,27.25,6.0144,2.24,83.3359,3.8149,2.8437,850200.0,850200.0
002313.SZ,20190305,27.0,5.1018,2.26,82.5714,3.7799,2.8176,842400.0,842400.0
002313.SZ,20190304,25.25,3.1858,1.28,77.2195,3.5349,2.635,787800.0,787800.0
002313.SZ,20190301,25.02,1.4401,0.5,76.5162,3.5027,2.611,780624.0,780624.0
002313.SZ,20190228,24.86,1.3303,0.36,76.0268,3.4803,2.5943,775632.0,775632.0
002313.SZ,20190227,24.95,2.3943,0.69,76.3021,3.747,2.6037,778440.0,778440.0
002313.SZ,20190226,25.36,2.946,0.91,77.5559,3.8086,2.6465,791232.0,791232.0
002313.SZ,20190225,25.93,4.3756,1.55,79.2991,3.8942,2.7059,809016.0,809016.0
002313.SZ,20190222,25.1,3.4384,1.48,76.7608,3.7695,2.6193,783120.0,783120.0
002313.SZ,20190221,24.59,5.0958,3.4,75.2011,3.6929,2.5661,767208.0,767208.0
002313.SZ,20190220,22.95,1.5386,1.06,70.1857,3.4466,2.395,716040.0,716040.0
002313.SZ,20190219,23.31,1.6568,1.24,71.2866,3.5007,2.4325,727272.0,727272.0
002313.SZ,20190218,23.85,2.4217,2.2,72.9381,3.5818,2.4889,744120.0,744120.0
002313.SZ,20190215,23.15,0.8765,0.81,70.7973,3.4767,2.4158,722280.0,722280.0
002313.SZ,20190214,23.37,0.9912,0.96,71.4701,3.5097,2.4388,729144.0,729144.0
002313.SZ,20190213,23.3,1.3298,1.53,71.2561,3.4992,2.4315,726960.0,726960.0
002313.SZ,20190212,23.04,1.0407,1.17,70.4609,3.4601,2.4043,718848.0,718848.0
002313.SZ,20190211,23.03,1.2731,1.42,70.4303,3.4586,2.4033,718536.0,718536.0
002313.SZ,20190201,22.19,0.8039,0.83,67.8615,3.3325,2.3156,692328.0,692328.0
002313.SZ,20190131,21.79,0.6898,0.69,66.6382,3.2724,2.2739,679848.0,679848.0
002313.SZ,20190130,21.61,0.5425,0.53,66.0877,3.2454,2.2551,674232.0,674232.0
002313.SZ,20190129,21.95,1.1547,1.16,67.1275,3.2964,2.2906,684840.0,684840.0
002313.SZ,20190128,22.0,1.303,1.24,67.2804,3.304,2.2958,686400.0,686400.0
002313.SZ,20190125,22.65,1.1718,1.11,69.2682,3.4016,2.3636,706680.0,706680.0
002313.SZ,20190124,23.29,0.8544,0.8,71.2255,3.4977,2.4304,726648.0,726648.0
002313.SZ,20190123,23.34,0.6357,0.55,71.3784,3.5052,2.4357,728208.0,728208.0
002313.SZ,20190122,23.11,1.0117,0.86,70.675,3.4707,2.4117,721032.0,721032.0
002313.SZ,20190121,23.68,1.599,1.41,72.4182,3.5563,2.4711,738816.0,738816.0
002313.SZ,20190118,23.2,1.1816,0.9,70.9502,3.4842,2.421,723840.0,723840.0
002313.SZ,20190117,22.83,0.9367,0.65,69.8187,3.4286,2.3824,712296.0,712296.0
002313.SZ,20190116,23.09,1.0747,0.62,70.6138,3.4676,2.4096,720408.0,720408.0
002313.SZ,20190115,23.56,1.0713,0.58,72.0512,3.5382,2.4586,735072.0,735072.0
002313.SZ,20190114,23.7,1.4107,0.7,72.4793,3.5593,2.4732,739440.0,739440.0
002313.SZ,20190111,23.22,2.0432,1.06,71.0114,3.4872,2.4231,724464.0,724464.0
002313.SZ,20190110,23.51,1.5878,0.79,71.8983,3.5307,2.4534,733512.0,733512.0
002313.SZ,20190109,23.43,2.5403,1.36,71.6536,3.5187,2.445,731016.0,731016.0
002313.SZ,20190108,22.63,1.5981,0.83,69.2071,3.3986,2.3616,706056.0,706056.0
002313.SZ,20190107,22.98,2.3395,1.31,70.2774,3.4511,2.3981,716976.0,716976.0
002313.SZ,20190104,21.83,1.6043,0.87,66.7605,3.2784,2.2781,681096.0,681096.0
002313.SZ,20190103,21.69,1.9157,0.95,66.3324,3.2574,2.2635,676728.0,676728.0
002313.SZ,20190102,22.89,1.8494,0.9,70.0022,3.4376,2.3887,714168.0,714168.0
002313.SZ,20181228,22.58,1.9742,1.08,69.0542,3.3911,2.3563,704496.0,704496.0
002313.SZ,20181227,22.0,1.6106,0.94,67.2804,3.304,2.2958,686400.0,686400.0
002313.SZ,20181226,21.95,1.8345,1.22,67.1275,3.2964,2.2906,684840.0,684840.0
002313.SZ,20181225,22.88,2.7886,2.42,69.9716,3.4361,2.3876,713856.0,713856.0
002313.SZ,20181224,22.15,2.0667,2.24,67.7391,3.3265,2.3115,691080.0,691080.0
002313.SZ,20181221,20.91,0.8346,0.81,63.947,3.1403,2.1821,652392.0,652392.0
002313.SZ,20181220,20.99,1.0313,0.88,64.1916,3.1523,2.1904,654888.0,654888.0
002313.SZ,20181219,20.93,0.7889,0.61,64.0081,3.1433,2.1842,653016.0,653016.0
002313.SZ,20181218,21.17,1.0352,0.64,64.7421,3.1793,2.2092,660504.0,660504.0
002313.SZ,20181217,21.3,0.9135,0.41,65.1397,3.1988,2.2228,664560.0,664560.0
002313.SZ,20181214,21.56,1.4005,0.59,65.9348,3.2379,2.2499,672672.0,672672.0
002313.SZ,20181213,21.88,1.7395,0.72,66.9134,3.2859,2.2833,682656.0,682656.0
002313.SZ,20181212,21.55,1.363,0.56,65.9042,3.2364,2.2489,672360.0,672360.0
002313.SZ,20181211,21.9,2.6846,1.18,66.9746,3.2889,2.2854,683280.0,683280.0
002313.SZ,20181210,21.9,3.8955,2.15,66.9746,3.2889,2.2854,683280.0,683280.0
002313.SZ,20181207,20.63,2.2504,1.54,63.0907,3.0982,2.1528,643656.0,643656.0
002313.SZ,20181206,19.4,1.8408,1.45,59.3291,2.9135,2.0245,605280.0,605280.0
002313.SZ,20181205,20.81,1.5318,1.36,63.6411,3.1252,2.1716,649272.0,649272.0
002313.SZ,20181204,20.7,1.8961,2.12,63.3047,3.1087,2.1602,645840.0,645840.0
002313.SZ,20181203,19.95,1.5205,2.08,61.0111,2.9961,2.0819,622440.0,622440.0
002313.SZ,20181130,18.85,0.5097,0.62,57.6471,2.8309,1.9671,588120.0,588120.0
002313.SZ,20181129,18.72,0.895,1.16,57.2495,2.8114,1.9535,584064.0,584064.0
002313.SZ,20181128,19.44,0.8179,1.01,59.4514,2.9195,2.0287,606528.0,606528.0
002313.SZ,20181127,19.14,0.734,0.84,58.5339,2.8744,1.9974,597168.0,597168.0
002313.SZ,20181126,18.69,0.6921,0.78,57.1578,2.8069,1.9504,583128.0,583128.0
002313.SZ,20181123,18.54,0.9489,1.05,56.699,2.7843,1.9347,578448.0,578448.0
002313.SZ,20181122,19.35,0.6516,0.68,59.1762,2.906,2.0193,603720.0,603720.0
002313.SZ,20181121,19.5,1.0126,1.07,59.6349,2.9285,2.0349,608400.0,608400.0
002313.SZ,20181120,18.97,1.0504,0.98,58.0141,2.8489,1.9796,591864.0,591864.0
002313.SZ,20181119,19.59,0.773,0.63,59.9101,2.942,2.0443,611208.0,611208.0
002313.SZ,20181116,19.8,1.0226,0.86,60.5524,2.9736,2.0662,617760.0,617760.0
002313.SZ,20181115,19.75,0.9529,0.83,60.3994,2.966,2.061,616200.0,616200.0
002313.SZ,20181114,19.38,0.9165,0.76,59.2679,2.9105,2.0224,604656.0,604656.0
002313.SZ,20181113,19.33,1.6806,1.61,59.115,2.903,2.0172,603096.0,603096.0
002313.SZ,20181112,19.08,1.5401,1.48,58.3505,2.8654,1.9911,595296.0,595296.0
002313.SZ,20181109,18.12,0.8606,0.63,55.4146,2.7213,1.8909,565344.0,565344.0
002313.SZ,20181108,18.06,0.7174,0.47,55.2311,2.7122,1.8847,563472.0,563472.0
002313.SZ,20181107,18.36,1.2589,0.85,56.1486,2.7573,1.916,572832.0,572832.0
002313.SZ,20181106,18.1,0.8522,0.55,55.3534,2.7183,1.8888,564720.0,564720.0
002313.SZ,20181105,18.38,1.4976,1.09,56.2097,2.7603,1.9181,573456.0,573456.0
002313.SZ,20181102,18.6,2.5511,2.65,56.8825,2.7933,1.941,580320.0,580320.0
002313.SZ,20181101,17.12,1.3966,1.67,52.3564,2.5711,1.7866,534144.0,534144.0
002313.SZ,20181031,17.14,1.0721,1.48,52.4175,2.5741,1.7886,534768.0,534768.0
002313.SZ,20181030,16.64,1.2579,1.97,50.8884,2.499,1.7365,519168.0,519168.0
002313.SZ,20181029,17.0,0.5869,0.64,51.9894,2.6212,1.774,530400.0,530400.0
002313.SZ,20181026,17.27,0.5059,0.48,52.8151,2.6628,1.8022,538824.0,538824.0
002313.SZ,20181025,17.3,0.7682,0.74,52.9069,2.6674,1.8053,539760.0,539760.0
002313.SZ,20181024,17.31,0.5061,0.45,52.9374,2.669,1.8064,540072.0,540072.0
002313.SZ,20181023,17.3,0.8178,0.67,52.9069,2.6674,1.8053,539760.0,539760.0
002313.SZ,20181022,17.9,1.9784,1.91,54.7418,2.7599,1.868,558480.0,558480.0
002313.SZ,20181019,16.81,1.1781,0.93,51.4083,2.5919,1.7542,524472.0,524472.0
002313.SZ,20181018,15.99,0.7418,0.52,48.9006,2.4654,1.6686,498888.0,498888.0
002313.SZ,20181017,16.72,0.9342,0.71,51.1331,2.578,1.7448,521664.0,521664.0
002313.SZ,20181016,16.75,1.3082,1.17,51.2248,2.5826,1.748,522600.0,522600.0
002313.SZ,20181015,17.5,1.0266,0.98,53.5185,2.6983,1.8262,546000.0,546000.0
002313.SZ,20181012,17.94,2.3372,3.51,54.8641,2.7661,1.8721,559728.0,559728.0
002313.SZ,20181011,18.22,1.5103,3.16,55.7204,2.8093,1.9014,568464.0,568464.0
002313.SZ,20181010,20.24,0.4178,0.64,61.898,3.1207,2.1122,631488.0,631488.0
002313.SZ,20181009,20.11,0.306,0.43,61.5004,3.1007,2.0986,627432.0,627432.0
002313.SZ,20181008,20.03,0.6669,0.97,61.2557,3.0884,2.0902,624936.0,624936.0
002313.SZ,20180928,21.06,0.4301,0.58,64.4057,3.2472,2.1977,657072.0,657072.0
002313.SZ,20180927,20.88,0.5679,0.66,63.8552,3.2194,2.1789,651456.0,651456.0
002313.SZ,20180926,21.16,1.2704,1.63,64.7115,3.2626,2.2082,660192.0,660192.0
002313.SZ,20180925,20.57,0.5979,0.78,62.9072,3.1716,2.1466,641784.0,641784.0
002313.SZ,20180921,20.38,0.583,0.76,62.3261,3.1423,2.1268,635856.0,635856.0
002313.SZ,20180920,20.19,0.6957,0.93,61.7451,3.113,2.1069,629928.0,629928.0
002313.SZ,20180919,20.35,1.1281,1.8,62.2344,3.1377,2.1236,634920.0,634920.0
002313.SZ,20180918,20.08,0.8902,1.62,61.4087,3.0961,2.0955,626496.0,626496.0
002313.SZ,20180917,19.64,0.5599,0.99,60.063,3.0282,2.0495,612768.0,612768.0
002313.SZ,20180914,19.99,0.5857,0.94,61.1334,3.0822,2.0861,623688.0,623688.0
002313.SZ,20180913,20.28,0.5702,0.79,62.0203,3.1269,2.1163,632736.0,632736.0
002313.SZ,20180912,20.02,0.5341,0.58,61.2252,3.0868,2.0892,624624.0,624624.0
002313.SZ,20180911,20.32,0.5033,0.51,62.1426,3.1331,2.1205,633984.0,633984.0
002313.SZ,20180910,20.24,0.638,0.61,61.898,3.1207,2.1122,631488.0,631488.0
002313.SZ,20180907,20.66,0.8641,0.83,63.1824,3.1855,2.156,644592.0,644592.0
002313.SZ,20180906,20.9,1.073,1.01,63.9164,3.2225,2.181,652080.0,652080.0
002313.SZ,20180905,21.1,1.5212,1.54,64.528,3.2533,2.2019,658320.0,658320.0
002313.SZ,20180904,20.78,0.7994,0.66,63.5494,3.204,2.1685,648336.0,648336.0
002313.SZ,20180903,20.6,0.952,0.66,62.9989,3.1763,2.1497,642720.0,642720.0
002313.SZ,20180831,21.03,0.8666,0.63,64.3139,3.2426,2.1946,656136.0,656136.0
002313.SZ,20180830,21.68,1.1737,0.93,66.3018,3.3428,2.2624,676416.0,676416.0
002313.SZ,20180829,22.3,1.1344,0.99,68.1979,3.4384,2.3271,695760.0,695760.0
002313.SZ,20180828,22.7,1.9191,2.04,69.4211,3.5,2.3689,708240.0,708240.0
002313.SZ,20180827,22.93,2.1573,3.36,70.1245,3.627,2.3929,715416.0,715415.8854
002313.SZ,20180824,21.15,0.4799,0.7,64.6809,3.3455,2.2071,659880.0,659879.8943
002313.SZ,20180823,21.15,0.6272,0.88,64.6809,3.3455,2.2071,659880.0,659879.8943
002313.SZ,20180822,21.0,0.5556,0.7,64.2222,3.3217,2.1915,655200.0,655199.895
002313.SZ,20180821,21.23,0.8884,1.13,64.9256,3.3581,2.2155,662376.0,662375.8939
002313.SZ,20180820,21.06,0.66,0.8,64.4057,3.3312,2.1977,657072.0,657071.8947
002313.SZ,20180817,20.84,0.6979,0.89,63.7329,3.2964,2.1748,650208.0,650207.8958
002313.SZ,20180816,20.57,0.7771,0.92,62.9072,3.2537,2.1466,641784.0,641783.8972
002313.SZ,20180815,20.8,0.9442,1.13,63.6106,3.2901,2.1706,648960.0,648959.896
002313.SZ,20180814,21.57,0.8685,1.01,65.9654,3.4119,2.2509,672984.0,672983.8922
002313.SZ,20180813,21.4,0.8617,1.02,65.4455,3.385,2.2332,667680.0,667679.893
002313.SZ,20180810,21.12,0.4826,0.53,64.5892,3.3407,2.204,658944.0,658943.8944
002313.SZ,20180809,21.0,1.0599,0.89,64.2222,3.3217,2.1915,655200.0,655199.895
002313.SZ,20180808,20.48,0.9092,0.8,62.6319,3.2395,2.1372,638976.0,638975.8976
002313.SZ,20180807,21.03,0.9946,0.88,64.3139,3.3265,2.1946,656136.0,656135.8949
002313.SZ,20180806,20.5,0.7957,0.69,62.6931,3.2426,2.1393,639600.0,639599.8975
002313.SZ,20180803,21.48,0.7884,0.71,65.6901,3.3977,2.2416,670176.0,670175.8926
002313.SZ,20180802,21.46,2.4447,3.05,65.629,3.3945,2.2395,669552.0,669551.8927
002313.SZ,20180801,21.7,0.6661,0.74,66.3629,3.4325,2.2645,677040.0,677039.8915
002313.SZ,20180731,21.98,0.9846,1.05,67.2192,3.4768,2.2937,685776.0,685775.8901
002313.SZ,20180730,21.78,0.8918,0.88,66.6076,3.4451,2.2729,679536.0,679535.8911
002313.SZ,20180727,22.45,0.5325,0.47,68.6566,3.5511,2.3428,700440.0,700439.8878
002313.SZ,20180726,22.67,0.9391,0.85,69.3294,3.5859,2.3657,707304.0,707303.8867
002313.SZ,20180725,23.39,1.1768,1.03,71.5313,3.6998,2.4409,729768.0,729767.8831
002313.SZ,20180724,23.5,1.1404,0.99,71.8677,3.7172,2.4523,733200.0,733199.8825
002313.SZ,20180723,23.2,1.2995,1.14,70.9502,3.6697,2.421,723840.0,723839.884
002313.SZ,20180720,22.95,1.0591,0.94,70.1857,3.6302,2.395,716040.0,716039.8853
002313.SZ,20180719,22.99,0.8501,0.64,70.308,3.6365,2.3991,717288.0,717287.8851
002313.SZ,20180718,22.59,1.3832,1.02,69.0847,3.5732,2.3574,704808.0,704807.8871
002313.SZ,20180717,23.53,1.1614,0.88,71.9594,3.7219,2.4555,734136.0,734135.8824
002313.SZ,20180716,23.27,1.2584,0.96,71.1643,3.6808,2.4283,726024.0,726023.8837
002313.SZ,20180713,23.07,0.9702,0.67,70.5527,3.6492,2.4075,719784.0,719783.8847
002313.SZ,20180712,23.02,1.8492,1.35,70.3998,3.6413,2.4023,718224.0,718223.8849
002313.SZ,20180711,21.92,1.5688,1.06,67.0357,3.4673,2.2875,683904.0,683903.8904
002313.SZ,20180710,23.16,0.9552,0.56,70.8279,3.6634,2.4169,722592.0,722591.8842
002313.SZ,20180709,23.43,1.2221,0.65,71.6536,3.7061,2.445,731016.0,731015.8829
002313.SZ,20180706,22.6,1.6787,0.94,69.1153,3.5748,2.3584,705120.0,705119.887
002313.SZ,20180705,23.32,1.4196,0.82,71.3172,3.6887,2.4336,727584.0,727583.8834
002313.SZ,20180704,23.56,2.1209,1.44,72.0512,3.7267,2.4586,735072.0,735071.8822
002313.SZ,20180703,23.96,2.1507,1.75,73.2745,3.7899,2.5004,747552.0,747551.8802
002313.SZ,20180702,21.78,2.0789,1.99,66.6076,3.4451,2.2729,679536.0,679535.8911
002313.SZ,20180629,23.93,1.1685,1.24,73.1827,3.7852,2.4972,746616.0,746615.8804
002313.SZ,20180628,23.49,1.0933,1.12,71.8371,3.7156,2.4513,732888.0,732887.8826
002313.SZ,20180627,23.96,0.8899,0.89,73.2745,3.7899,2.5004,747552.0,747551.8802
002313.SZ,20180626,24.37,0.9014,0.75,74.5283,3.8548,2.5431,760344.0,760343.8782
002313.SZ,20180625,24.37,1.1602,0.98,74.5283,3.8548,2.5431,760344.0,760343.8782
002313.SZ,20180622,25.19,0.6766,0.53,77.0361,3.9845,2.6287,785928.0,785927.8741
002313.SZ,20180621,25.15,1.2383,0.99,76.9137,3.9782,2.6245,784680.0,784679.8743
002313.SZ,20180620,25.97,1.0435,0.79,79.4215,4.1079,2.7101,810264.0,810263.8702
002313.SZ,20180619,25.4,1.9296,1.83,77.6783,4.0177,2.6506,792480.0,792479.873
002313.SZ,20180615,28.25,1.0432,1.0,86.3941,4.4439,2.948,881400.0,881399.8588
002313.SZ,20180614,28.8,1.1011,1.05,88.0762,4.5304,3.0054,898560.0,898559.856
002313.SZ,20180613,28.95,1.136,1.04,88.5349,4.554,3.0211,903240.0,903239.8553
002313.SZ,20180612,28.95,1.3548,1.37,88.5349,4.554,3.0211,903240.0,903239.8553
002313.SZ,20180611,28.2,0.638,0.55,86.2412,4.4361,2.9428,879840.0,879839.859
002313.SZ,20180608,28.2,1.0031,0.88,86.2412,4.4361,2.9428,879840.0,879839.859
002313.SZ,20180607,28.39,1.1055,1.02,86.8223,4.4659,2.9626,885768.0,885767.8581
002313.SZ,20180606,28.87,1.3631,1.28,88.2902,4.5415,3.0127,900744.0,900743.8557
002313.SZ,20180605,28.65,0.8444,0.86,87.6174,4.5068,2.9898,893880.0,893879.8568
002313.SZ,20180604,28.52,1.51,1.91,87.2199,4.4864,2.9762,889824.0,889823.8574
002313.SZ,20180601,27.97,0.8827,1.16,85.5379,4.3999,2.9188,872664.0,872663.8602
002313.SZ,20180531,27.56,0.8419,1.19,84.284,4.3354,2.876,859872.0,859871.8622
002313.SZ,20180530,27.14,1.2446,2.09,82.9995,4.2693,2.8322,846768.0,846767.8643
002313.SZ,20180529,27.14,0.4522,0.62,82.9995,4.2693,2.8322,846768.0,846767.8643
002313.SZ,20180528,27.4,0.5245,0.64,83.7947,4.3102,2.8593,854880.0,854879.863
002313.SZ,20180525,27.72,0.7353,0.9,84.7733,4.3606,2.8927,864864.0,864863.8614
002313.SZ,20180524,28.0,0.5808,0.65,85.6296,4.4046,2.9219,873600.0,873599.86
002313.SZ,20180523,27.88,0.6809,0.62,85.2626,4.3857,2.9094,869856.0,869855.8606
002313.SZ,20180522,28.5,1.1117,1.06,87.1587,4.4833,2.9741,889200.0,889199.8575
002313.SZ,20180521,28.68,0.9933,0.94,87.7092,4.5116,2.9929,894816.0,894815.8566
002313.SZ,20180518,28.1,0.7317,0.71,85.9354,4.4203,2.9324,876720.0,876719.8595
002313.SZ,20180517,28.57,0.9537,1.0,87.3728,4.4943,2.9814,891384.0,891383.8572
002313.SZ,20180516,28.41,1.6751,2.16,86.8835,4.4691,2.9647,886392.0,886391.858
002313.SZ,20180515,27.4,0.8728,1.26,83.7947,4.3102,2.8593,854880.0,854879.863
002313.SZ,20180514,27.09,1.0612,1.76,82.8466,4.2614,2.827,845208.0,845207.8646
002313.SZ,20180511,27.11,0.5607,0.93,82.9078,4.2646,2.8291,845832.0,845831.8645
002313.SZ,20180510,27.03,0.6138,0.99,82.6631,4.252,2.8207,843336.0,843335.8649
002313.SZ,20180509,26.88,0.7764,1.23,82.2044,4.2284,2.8051,838656.0,838655.8656
002313.SZ,20180508,27.15,0.4576,0.65,83.0301,4.2709,2.8332,847080.0,847079.8643
002313.SZ,20180507,27.3,0.5983,0.72,83.4889,4.2945,2.8489,851760.0,851759.8635
002313.SZ,20180504,26.88,0.5704,0.64,82.2044,4.2284,2.8051,838656.0,838655.8656
002313.SZ,20180503,27.19,0.7025,0.76,83.1525,4.2772,2.8374,848328.0,848327.8641
002313.SZ,20180502,26.92,0.8295,0.87,82.3267,4.2347,2.8092,839904.0,839903.8654
002313.SZ,20180427,27.28,0.8076,0.82,83.4277,4.2913,2.8468,851136.0,851135.8636
002313.SZ,20180426,26.88,1.238,1.24,82.2044,4.2284,2.8051,838656.0,838655.8656
002313.SZ,20180425,27.96,0.8664,0.77,85.5073,4.3983,2.9178,872352.0,872351.8602
002313.SZ,20180424,27.69,0.8589,0.64,84.6816,4.3558,2.8896,863928.0,863927.8616
002313.SZ,20180423,27.06,0.9706,0.71,82.7549,4.2567,2.8239,844272.0,844271.8647
002313.SZ,20180420,26.8,1.0094,0.75,81.9598,4.2158,2.7967,836160.0,836159.866
002313.SZ,20180419,27.9,1.2812,1.04,85.3238,4.3889,2.9115,870480.0,870479.8605
002313.SZ,20180418,28.22,1.5025,1.26,86.3024,4.4392,2.9449,880464.0,880463.8589
002313.SZ,20180417,27.32,1.9508,1.75,83.55,4.2976,2.851,852384.0,852383.8634
002313.SZ,20180416,28.62,1.1176,0.97,87.5257,4.5021,2.9866,892944.0,892943.8569
002313.SZ,20180413,28.14,0.833,0.68,86.0577,4.4266,2.9366,877968.0,877967.8593
002313.SZ,20180412,28.49,0.7444,0.51,87.1281,4.4817,2.9731,888888.0,888887.8576
002313.SZ,20180411,28.54,1.3139,0.73,87.281,4.4895,2.9783,890448.0,890447.8573
002313.SZ,20180410,28.55,1.5492,0.79,87.3116,4.4911,2.9793,890760.0,890759.8573
002313.SZ,20180409,28.82,1.2975,0.6,88.1373,4.5292,3.0075,899184.0,899183.8559
002313.SZ,20180404,28.78,1.2194,0.5,88.015,4.5229,3.0033,897936.0,897935.8561
002313.SZ,20180403,29.25,1.9345,0.77,135.2685,4.5912,3.3715,912600.0,912599.8538
002313.SZ,20180402,29.9,3.0106,1.34,138.2745,4.6933,3.4464,932880.0,932879.8505
002313.SZ,20180330,29.51,2.3038,1.01,136.4709,4.6321,3.4015,920712.0,920711.8525
002313.SZ,20180329,28.72,2.26,1.13,132.8175,4.5081,3.3104,896064.0,896063.8564
002313.SZ,20180328,29.21,2.6063,1.53,135.0836,4.585,3.3669,911352.0,911351.854
002313.SZ,20180327,29.0,2.3308,1.54,134.1124,4.552,3.3427,904800.0,904799.855
002313.SZ,20180326,27.1,1.6991,1.18,125.3257,4.2538,3.1237,845520.0,845519.8645
002313.SZ,20180323,26.25,2.5009,1.87,121.3948,4.1203,3.0257,819000.0,818999.8688
002313.SZ,20180322,28.4,0.899,0.63,131.3377,4.4578,3.2735,886080.0,886079.858
002313.SZ,20180321,28.4,1.0903,0.77,131.3377,4.4578,3.2735,886080.0,886079.858
002313.SZ,20180320,28.78,1.3552,0.98,133.095,4.5175,3.3173,897936.0,897935.8561
002313.SZ,20180319,29.41,1.3715,1.01,136.0085,4.6164,3.39,917592.0,917591.853
002313.SZ,20180316,29.5,1.9867,1.46,136.4247,4.6305,3.4003,920400.0,920399.8525
002313.SZ,20180315,28.35,1.3551,1.11,131.1064,4.45,3.2678,884520.0,884519.8583
002313.SZ,20180314,28.4,1.0347,0.84,131.3377,4.4578,3.2735,886080.0,886079.858
002313.SZ,20180313,29.04,1.1626,0.93,134.2974,4.5583,3.3473,906048.0,906047.8548
002313.SZ,20180312,29.49,1.2682,1.09,136.3784,4.6289,3.3992,920088.0,920087.8526
002313.SZ,20180309,29.29,1.9698,1.76,135.4535,4.5975,3.3761,913848.0,913847.8536
002313.SZ,20180308,28.05,0.6873,0.58,129.7191,4.4029,3.2332,875160.0,875159.8598
002313.SZ,20180307,28.1,1.0902,0.92,129.9503,4.4107,3.239,876720.0,876719.8595
002313.SZ,20180306,28.1,1.2066,1.01,129.9503,4.4107,3.239,876720.0,876719.8595
002313.SZ,20180305,27.71,0.8859,0.68,128.1467,4.3495,3.194,864552.0,864551.8615
002313.SZ,20180302,27.55,1.717,1.51,127.4068,4.3244,3.1756,859560.0,859559.8623
002313.SZ,20180301,26.86,1.0695,0.98,124.2158,4.2161,3.096,838032.0,838031.8657
002313.SZ,20180228,26.7,1.05,0.88,123.4759,4.191,3.0776,833040.0,833039.8665
002313.SZ,20180227,26.57,1.2377,1.0,122.8747,4.25,3.0626,828984.0,828983.8672
002313.SZ,20180226,26.57,1.4476,1.13,122.8747,4.25,3.0626,828984.0,828983.8672
002313.SZ,20180223,25.6,0.8738,0.51,118.3889,4.0949,2.9508,798720.0,798719.872
002313.SZ,20180222,25.77,0.8714,0.33,119.1751,4.122,2.9704,804024.0,804023.8712
002313.SZ,20180214,25.57,1.5419,0.49,118.2501,4.0901,2.9473,797784.0,797783.8722
002313.SZ,20180213,24.9,1.4772,0.45,115.1517,3.9829,2.8701,776880.0,776879.8755
002313.SZ,20180212,24.3,1.6265,0.5,112.3769,3.8869,2.801,758160.0,758159.8785
002313.SZ,20180209,23.51,2.9842,1.04,108.7235,3.7605,2.7099,733512.0,733511.8825
002313.SZ,20180208,24.5,5.4434,2.79,113.3019,3.9189,2.824,764400.0,764399.8775
002313.SZ,20180207,23.18,4.1675,3.19,107.1974,3.7078,2.6719,723216.0,723215.8841
002313.SZ,20180206,25.74,2.299,2.4,119.0363,4.1172,2.9669,803088.0,803087.8713
002313.SZ,20180205,28.6,1.24,1.37,132.2626,4.5747,3.2966,892320.0,892319.857
002313.SZ,20180202,29.3,1.2354,1.51,135.4998,4.6867,3.3773,914160.0,914159.8535
002313.SZ,20180201,29.39,0.8033,0.91,135.916,4.7011,3.3877,916968.0,916967.8531
002313.SZ,20180131,29.91,0.9562,1.04,138.3208,4.7843,3.4476,933192.0,933191.8505
002313.SZ,20180130,30.5,0.5492,0.46,141.0493,4.8786,3.5156,951600.0,951599.8475
002313.SZ,20180129,30.69,0.9798,0.75,141.9279,4.909,3.5375,957528.0,957527.8466
002313.SZ,20180126,31.0,0.7963,0.6,143.3615,4.9586,3.5732,967200.0,967199.845
002313.SZ,20180125,31.34,1.1194,0.87,144.9339,5.013,3.6124,977808.0,977807.8433
002313.SZ,20180124,31.82,1.1601,0.85,147.1537,5.0898,3.6677,992784.0,992783.8409
002313.SZ,20180123,31.89,1.9113,1.58,147.4774,5.101,3.6758,994968.0,994967.8406
002313.SZ,20180122,30.25,1.5623,1.34,139.8931,4.8386,3.4868,943800.0,943799.8488
002313.SZ,20180119,30.27,0.9288,0.63,139.9856,4.8418,3.4891,944424.0,944423.8487
002313.SZ,20180118,30.5,0.8806,0.59,141.0493,4.8786,3.5156,951600.0,951599.8475
002313.SZ,20180117,30.6,1.5122,0.97,141.5117,4.8946,3.5271,954720.0,954719.847
002313.SZ,20180116,30.93,1.1834,0.64,143.0378,4.9474,3.5652,965016.0,965015.8454
002313.SZ,20180115,30.65,1.3259,0.71,141.7429,4.9026,3.5329,956280.0,956279.8468
002313.SZ,20180112,30.55,2.4554,1.44,141.2805,4.8866,3.5214,953160.0,953159.8473
002313.SZ,20180111,31.84,1.0455,0.5,147.2462,5.093,3.6701,993408.0,993407.8408
002313.SZ,20180110,31.83,1.7689,0.8,147.1999,5.0914,3.6689,993096.0,993095.8409
002313.SZ,20180109,32.75,2.5991,1.17,151.4545,5.2385,3.7749,1021800.0,1021799.8363
002313.SZ,20180108,32.01,1.5253,0.59,148.0323,5.1202,3.6896,998712.0,998711.84
002313.SZ,20180105,31.62,1.563,0.6,146.2288,5.0578,3.6447,986544.0,986543.8419
002313.SZ,20180104,31.57,3.061,1.19,145.9975,5.0498,3.6389,984984.0,984983.8422
002313.SZ,20180103,32.27,2.2828,0.83,149.2347,5.1618,3.7196,1006824.0,1006823.8387
002313.SZ,20180102,32.0,2.6789,0.95,147.9861,5.1186,3.6885,998400.0,998399.84
002313.SZ,20171229,32.4,3.3423,1.11,149.8359,5.1825,3.7346,1010880.0,1010879.838
002313.SZ,20171228,30.01,1.7057,0.6,138.7832,4.8003,3.4591,936312.0,936311.85
002313.SZ,20171227,29.5,2.8288,1.1,136.4247,4.7187,3.4003,920400.0,920399.8525
002313.SZ,20171226,29.84,3.2564,1.4,137.997,4.7731,3.4395,931008.0,931007.8508
002313.SZ,20171225,28.9,2.979,1.36,133.6499,4.6227,3.3312,901680.0,901679.8555
002313.SZ,20171222,28.0,4.2928,2.65,129.4878,4.4787,3.2274,873600.0,873599.86
002313.SZ,20171207,26.9,0.8858,0.56,124.4008,4.3028,3.1006,839280.0,839279.8655
002313.SZ,20171206,26.85,1.4925,0.88,124.1696,4.2948,3.0949,837720.0,837719.8658
002313.SZ,20171205,27.04,2.0049,1.34,125.0483,4.3252,3.1168,843648.0,843647.8648
002313.SZ,20171204,27.7,2.2576,1.47,128.1005,4.4308,3.1929,864240.0,864239.8615
002313.SZ,20171201,27.18,1.4559,0.96,125.6957,4.3476,3.1329,848016.0,848015.8641
002313.SZ,20171130,26.72,0.7182,0.42,123.5684,4.274,3.0799,833664.0,833663.8664
002313.SZ,20171129,26.69,2.0898,1.25,123.4297,4.2692,3.0764,832728.0,832727.8666
002313.SZ,20171128,26.66,0.934,0.5,123.2909,4.2644,3.073,831792.0,831791.8667
002313.SZ,20171127,26.94,2.4891,1.47,124.5858,4.3092,3.1053,840528.0,840527.8653
002313.SZ,20171124,27.3,1.3828,0.77,126.2506,4.3668,3.1467,851760.0,851759.8635
002313.SZ,20171123,27.26,1.6114,0.84,126.0657,4.3604,3.1421,850512.0,850511.8637
002313.SZ,20171122,27.5,1.935,1.08,127.1756,4.3988,3.1698,858000.0,857999.8625
002313.SZ,20171121,27.39,1.9491,1.21,126.6669,4.3812,3.1571,854568.0,854567.8631
002313.SZ,20171120,26.27,1.5674,1.05,121.4873,4.202,3.028,819624.0,819623.8687
002313.SZ,20171117,26.4,1.8904,1.34,122.0885,4.2228,3.043,823680.0,823679.868
002313.SZ,20171116,27.0,2.2891,1.86,124.8633,4.3188,3.1122,842400.0,842399.865
002313.SZ,20171115,27.39,1.2265,0.92,126.6669,4.3812,3.1571,854568.0,854567.8631
002313.SZ,20171114,27.3,1.0887,0.83,126.2506,4.3668,3.1467,851760.0,851759.8635
002313.SZ,20171113,27.67,0.9844,0.74,127.9617,4.426,3.1894,863304.0,863303.8617
002313.SZ,20171110,27.92,1.464,1.11,129.1179,4.4659,3.2182,871104.0,871103.8604
002313.SZ,20171109,27.57,1.3983,1.12,127.4993,4.41,3.1779,860184.0,860183.8622
002313.SZ,20171108,26.98,1.7626,1.72,124.7708,4.3156,3.1099,841776.0,841775.8651
002313.SZ,20171107,26.11,0.9154,0.93,120.7474,4.1764,3.0096,814632.0,814631.8695
002313.SZ,20171106,26.28,1.1379,1.09,121.5336,4.2036,3.0292,819936.0,819935.8686
002313.SZ,20171103,26.25,1.4004,1.56,121.3948,4.1988,3.0257,819000.0,818999.8688
002313.SZ,20171102,26.25,1.0233,1.06,121.3948,4.1988,3.0257,819000.0,818999.8688
002313.SZ,20171101,26.68,0.6432,0.58,123.3834,4.2676,3.0753,832416.0,832415.8666
002313.SZ,20171031,26.7,0.6907,0.61,123.4759,4.2708,3.0776,833040.0,833039.8665
002313.SZ,20171030,26.38,1.4705,1.52,121.996,4.2196,3.0407,823056.0,823055.8681
002313.SZ,20171027,27.12,0.6674,0.7,125.4182,4.4383,3.126,846144.0,846143.8644
002313.SZ,20171026,27.21,1.3709,1.45,125.8344,4.453,3.1364,848952.0,848951.864
002313.SZ,20171025,27.15,1.3248,1.49,125.557,4.4432,3.1295,847080.0,847079.8643
002313.SZ,20171024,27.48,0.7923,0.83,127.0831,4.4972,3.1675,857376.0,857375.8626
002313.SZ,20171023,27.4,0.6688,0.59,126.7131,4.4841,3.1583,854880.0,854879.863
002313.SZ,20171020,27.35,0.621,0.47,126.4819,4.4759,3.1525,853320.0,853319.8633
002313.SZ,20171019,26.93,1.311,1.06,124.5396,4.4072,3.1041,840216.0,840215.8654
002313.SZ,20171018,27.12,1.0445,0.78,125.4182,4.4383,3.126,846144.0,846143.8644
002313.SZ,20171017,27.6,1.1419,0.83,127.638,4.5168,3.1813,861120.0,861119.862
002313.SZ,20171016,27.92,1.5829,1.11,129.1179,4.5692,3.2182,871104.0,871103.8604
002313.SZ,20171013,28.2,1.459,0.94,130.4128,4.615,3.2505,879840.0,879839.859
002313.SZ,20171012,27.41,0.9468,0.55,126.7593,4.4857,3.1594,855192.0,855191.863
002313.SZ,20171011,27.28,1.5608,0.76,126.1582,4.4645,3.1444,851136.0,851135.8636
002313.SZ,20171010,27.7,1.3006,0.64,128.1005,4.5332,3.1929,864240.0,864239.8615
002313.SZ,20171009,28.03,1.8323,0.9,129.6266,4.5872,3.2309,874536.0,874535.8599
002313.SZ,20170929,27.36,2.1072,1.07,126.5281,4.4776,3.1537,853632.0,853631.8632
002313.SZ,20170928,26.97,1.8385,0.92,124.7245,4.4137,3.1087,841464.0,841463.8652
002313.SZ,20170927,27.43,3.1629,2.02,126.8518,4.489,3.1617,855816.0,855815.8629
002313.SZ,20170926,26.04,1.1964,0.79,120.4237,4.2615,3.0015,812448.0,812447.8698
002313.SZ,20170925,25.7,1.9169,1.42,118.8513,4.2059,2.9623,801840.0,801839.8715
002313.SZ,20170922,26.0,1.7095,1.36,120.2387,4.255,2.9969,811200.0,811199.87
002313.SZ,20170921,25.5,2.0395,1.61,117.9264,4.1732,2.9393,795600.0,795599.8725
002313.SZ,20170920,25.19,0.9646,0.76,116.4928,4.1224,2.9035,785928.0,785927.8741
002313.SZ,20170919,25.1,0.9446,0.65,116.0766,4.1077,2.8932,783120.0,783119.8745
002313.SZ,20170918,25.39,1.0814,0.66,117.4177,4.1552,2.9266,792168.0,792167.8731
002313.SZ,20170915,25.6,1.2348,0.62,118.3889,4.1895,2.9508,798720.0,798719.872
002313.SZ,20170914,25.66,2.1246,1.03,118.6664,4.1993,2.9577,800592.0,800591.8717
002313.SZ,20170913,25.57,0.9618,0.38,118.2501,4.1846,2.9473,797784.0,797783.8722
002313.SZ,20170912,25.46,1.8417,0.71,117.7414,4.1666,2.9347,794352.0,794351.8727
002313.SZ,20170911,25.49,1.9802,0.83,117.8802,4.1715,2.9381,795288.0,795287.8726
002313.SZ,20170908,25.64,2.9957,1.57,118.5739,4.1961,2.9554,799968.0,799967.8718
002313.SZ,20170907,26.05,2.5007,1.57,120.4699,4.2632,3.0027,812760.0,812759.8698
002313.SZ,20170906,25.58,3.2122,3.01,118.2964,4.1863,2.9485,798096.0,798095.8721
002313.SZ,20170905,24.48,2.3062,2.48,113.2094,4.0062,2.8217,763776.0,763775.8776
002313.SZ,20170904,23.94,0.901,1.0,110.7121,3.9179,2.7595,746928.0,746927.8803
002313.SZ,20170901,23.56,0.6098,0.66,108.9548,3.8557,2.7157,735072.0,735071.8822
002313.SZ,20170831,23.53,0.9457,1.03,108.816,3.8508,2.7122,734136.0,734135.8824
002313.SZ,20170830,23.15,0.5709,0.5,107.0587,3.7886,2.6684,722280.0,722279.8843
002313.SZ,20170829,23.05,1.6285,1.41,106.5962,3.7722,2.6569,719160.0,719159.8848
002313.SZ,20170828,23.6,0.7583,0.62,109.1397,3.8622,2.7203,736320.0,736319.882
002313.SZ,20170825,23.45,0.7503,0.56,108.4461,3.8377,2.703,731640.0,731639.8828
002313.SZ,20170824,23.38,0.8772,0.6,108.1223,3.8262,2.6949,729456.0,729455.8831
002313.SZ,20170823,23.69,1.6925,1.08,109.556,3.8769,2.7306,739128.0,739127.8816
002313.SZ,20170822,23.92,1.7022,1.22,110.6196,3.9146,2.7572,746304.0,746303.8804
002313.SZ,20170821,23.9,1.0907,0.82,110.5271,3.9113,2.7548,745680.0,745679.8805
002313.SZ,20170818,23.5,1.3542,1.05,108.6773,3.8459,2.7087,733200.0,733199.8825
002313.SZ,20170817,23.5,1.5258,1.11,108.6773,3.8459,2.7087,733200.0,733199.8825
002313.SZ,20170816,23.0,2.1401,1.76,106.365,3.764,2.6511,717600.0,717599.885
002313.SZ,20170815,22.74,0.8445,0.7,105.1626,3.7215,2.6211,709488.0,709487.8863
002313.SZ,20170814,22.62,0.7992,0.57,104.6077,3.7018,2.6073,705744.0,705743.8869
002313.SZ,20170811,22.49,1.1318,0.85,104.0065,3.6806,2.5923,701688.0,701687.8876
002313.SZ,20170810,22.69,1.9313,1.51,104.9314,3.7133,2.6154,707928.0,707927.8866
002313.SZ,20170809,22.6,1.3587,1.15,104.5152,3.6986,2.605,705120.0,705119.887
002313.SZ,20170808,22.95,0.8029,0.59,106.1338,3.7558,2.6453,716040.0,716039.8853
002313.SZ,20170807,23.0,1.799,1.48,106.365,3.764,2.6511,717600.0,717599.885
002313.SZ,20170804,22.42,0.77,0.62,103.6828,3.5123,2.5843,699504.0,699503.8879
002313.SZ,20170803,22.35,1.6556,1.44,103.359,3.5014,2.5762,697320.0,697319.8883
002313.SZ,20170802,21.86,0.8607,0.81,101.093,3.4246,2.5197,682032.0,682031.8907
002313.SZ,20170801,22.01,1.701,2.09,101.7867,3.4481,2.537,686712.0,686711.89
002313.SZ,20170731,21.5,1.0886,1.47,99.4282,3.3682,2.4782,670800.0,670799.8925
002313.SZ,20170728,21.48,0.9033,1.17,99.3357,3.3651,2.4759,670176.0,670175.8926
002313.SZ,20170727,21.48,1.1976,1.96,99.3357,3.3651,2.4759,670176.0,670175.8926
002313.SZ,20170726,20.83,0.4465,0.58,96.3297,3.2633,2.401,649896.0,649895.8959
002313.SZ,20170725,20.95,0.4272,0.46,96.8847,3.2821,2.4148,653640.0,653639.8953
002313.SZ,20170724,20.96,0.7333,0.63,96.9309,3.2836,2.416,653952.0,653951.8952
002313.SZ,20170721,20.76,1.3951,0.92,96.006,3.2523,2.3929,647712.0,489306.7125
002313.SZ,20170720,20.46,0.5313,0.34,94.6186,3.2053,2.3583,638352.0,482235.8063
002313.SZ,20170719,20.47,1.6259,1.09,94.6649,3.2069,2.3595,638664.0,482471.5031
002313.SZ,20170718,20.05,1.5939,1.19,92.7225,3.1411,2.3111,625560.0,472572.3346
002313.SZ,20170717,19.13,2.5908,2.56,88.4679,2.9969,2.205,596856.0,450888.2175
002313.SZ,20170714,20.49,1.2141,1.31,94.7574,3.21,2.3618,639288.0,482942.9993
002313.SZ,20170713,20.79,0.8334,0.84,96.1447,3.257,2.3964,648648.0,490013.9071
002313.SZ,20170712,20.78,1.2068,1.22,96.0985,3.2554,2.3952,648336.0,489778.2102
002313.SZ,20170711,21.04,0.8299,0.7,97.3009,3.2962,2.4252,656448.0,495906.3302
002313.SZ,20170710,21.07,0.9827,0.78,97.4396,3.3009,2.4286,657384.0,496613.421
002313.SZ,20170707,21.28,0.7945,0.58,98.4108,3.3338,2.4529,663936.0,501563.0564
002313.SZ,20170706,21.42,1.1283,0.66,99.0582,3.3557,2.469,668304.0,504862.8134
002313.SZ,20170705,21.38,1.1938,0.69,98.8732,3.3494,2.4644,667056.0,503920.0257
002313.SZ,20170704,21.1,1.8268,1.1,97.5783,3.3056,2.4321,658320.0,497320.5118
002313.SZ,20170703,20.9,1.341,0.82,96.6534,3.2742,2.409,652080.0,492606.5733
002313.SZ,20170630,20.51,1.3082,0.67,94.8498,3.2131,2.3641,639912.0,483414.3932
002313.SZ,20170629,20.5,2.9233,1.83,94.8036,3.2116,2.3629,639600.0,483178.6963
002313.SZ,20170628,20.39,1.259,0.82,94.2949,3.1943,2.3503,636168.0,480586.0301
002313.SZ,20170627,20.21,1.4845,1.08,93.4625,3.1661,2.3295,630552.0,476343.4854
002313.SZ,20170626,20.3,1.233,0.93,93.8787,3.1802,2.3399,633360.0,478464.7578
002313.SZ,20170623,20.39,2.8023,2.91,94.2949,3.1943,2.3503,636168.0,480586.0301
002313.SZ,20170622,19.68,1.206,1.17,91.0115,3.0831,2.2684,614016.0,463851.5484
002313.SZ,20170621,19.98,0.9139,0.87,92.3988,3.1301,2.303,623376.0,470922.4562
002313.SZ,20170620,20.01,0.7236,0.66,92.5376,3.1348,2.3065,624312.0,471629.5469
002313.SZ,20170619,20.26,0.9654,0.8,93.6937,3.174,2.3353,632112.0,477521.9701
002313.SZ,20170616,20.25,1.0067,0.72,93.6475,3.1724,2.3341,631800.0,477286.2731
002313.SZ,20170615,19.97,1.5257,0.89,92.3526,3.1285,2.3019,623064.0,470686.7592
002313.SZ,20170614,20.13,1.0584,0.58,93.0925,3.1536,2.3203,628056.0,474457.91
002313.SZ,20170613,20.15,0.9464,0.55,93.185,3.142,2.3226,628680.0,474929.3039
002313.SZ,20170612,19.95,1.4964,1.01,92.2601,3.1108,2.2995,622440.0,470215.3654
002313.SZ,20170609,20.2,1.9942,1.65,93.4162,3.1498,2.3284,630240.0,476107.7885
002313.SZ,20170608,20.06,3.1195,4.26,92.7688,3.1279,2.3122,625872.0,472808.0316
002313.SZ,20170607,19.49,1.5297,2.59,90.1328,3.039,2.2465,608088.0,459373.3068
002313.SZ,20170606,19.2,0.3984,0.61,88.7917,2.9938,2.2131,599040.0,452538.096
002313.SZ,20170605,19.0,0.3958,0.37,87.8667,2.9626,2.19,592800.0,447824.1575
002313.SZ,20170602,19.0,0.6104,0.53,87.8667,2.9626,2.19,592800.0,447824.1575
002313.SZ,20170601,18.75,0.731,0.59,86.7106,2.9237,2.1612,585000.0,441931.7344
002313.SZ,20170531,19.07,0.8225,0.62,88.1905,2.9736,2.1981,594984.0,449474.036
002313.SZ,20170526,18.94,0.7319,0.53,87.5893,2.9533,2.1831,590928.0,446409.976
002313.SZ,20170525,18.89,2.406,2.17,87.358,2.9455,2.1774,589368.0,445231.4913
002313.SZ,20170524,18.92,1.0716,0.87,87.4968,2.9502,2.1808,590304.0,445938.5821
002313.SZ,20170523,18.4,1.2133,0.98,85.092,2.8691,2.1209,574080.0,433682.342
002313.SZ,20170522,19.0,1.2312,1.12,87.8667,2.9626,2.19,592800.0,447824.1575
002313.SZ,20170519,19.63,0.9401,0.86,90.7802,3.0609,2.2627,612456.0,462673.0638
002313.SZ,20170518,19.38,1.0986,0.76,89.6241,3.0219,2.2338,604656.0,456780.6407
002313.SZ,20170517,19.6,1.6565,1.21,90.6415,3.0562,2.2592,611520.0,461965.973
002313.SZ,20170516,19.1,1.2768,0.93,88.3292,2.9782,2.2016,595920.0,450181.1268
002313.SZ,20170515,18.4,0.5485,0.38,85.092,2.8691,2.1209,574080.0,433682.342
002313.SZ,20170512,18.4,0.8689,0.6,85.092,2.8691,2.1209,574080.0,433682.342
002313.SZ,20170511,18.71,2.86,2.73,86.5256,2.9174,2.1566,583752.0,440988.9467
002313.SZ,20170510,19.22,1.2713,1.27,88.8842,2.9969,2.2154,599664.0,453009.4899
002313.SZ,20170509,20.12,1.3089,1.45,93.0463,3.1373,2.3191,627744.0,474222.2131
002313.SZ,20170508,20.25,0.9306,0.97,93.6475,3.1576,2.3341,631800.0,477286.2731
002313.SZ,20170505,20.59,0.9054,0.83,95.2198,3.2106,2.3733,642408.0,485299.9686
002313.SZ,20170504,20.63,0.8205,0.73,95.4048,3.2168,2.3779,643656.0,486242.7563
002313.SZ,20170503,20.54,1.0237,0.82,94.9886,3.2028,2.3676,640848.0,484121.484
002313.SZ,20170502,20.81,0.8268,0.65,96.2372,3.2449,2.3987,649272.0,490485.3009
002313.SZ,20170428,21.09,1.2254,0.99,97.5321,3.2885,2.431,658008.0,497084.8148
002313.SZ,20170427,21.18,1.5321,1.4,97.9483,3.3026,2.4413,660816.0,499206.0872
002313.SZ,20170426,21.22,0.7935,0.84,,3.2939,2.3074,662064.0,662064.0
002313.SZ,20170425,20.69,1.2104,1.16,,3.2117,2.2498,645528.0,645528.0
002313.SZ,20170424,20.12,0.7424,0.7,,3.1232,2.1878,627744.0,627744.0
002313.SZ,20170421,21.15,0.7577,0.67,,3.2831,2.2998,659880.0,659880.0
002313.SZ,20170420,21.48,0.6229,0.51,,3.3343,2.3357,670176.0,670176.0
002313.SZ,20170419,21.5,1.4118,1.25,,3.3374,2.3379,670800.0,670800.0
002313.SZ,20170418,21.5,1.6816,1.69,,3.3374,2.3379,670800.0,670800.0
002313.SZ,20170417,21.79,0.8256,0.73,,3.3824,2.3694,679848.0,679848.0
002313.SZ,20170414,22.21,1.144,0.97,,3.4476,2.4151,692952.0,692952.0
002313.SZ,20170413,22.45,1.0971,0.91,,3.4849,2.4412,700440.0,700440.0
002313.SZ,20170412,21.95,0.881,0.63,,3.4072,2.3868,684840.0,684840.0
002313.SZ,20170411,22.46,1.0312,0.71,,3.4864,2.4423,700752.0,700752.0
002313.SZ,20170410,22.5,1.5275,1.06,,3.4926,2.4466,702000.0,702000.0
002313.SZ,20170407,22.52,1.3784,0.96,,3.4957,2.4488,702624.0,702624.0
002313.SZ,20170406,22.15,1.2049,0.91,,3.4383,2.4086,691080.0,691080.0
002313.SZ,20170405,22.0,1.8244,1.59,,3.415,2.3923,686400.0,686400.0
002313.SZ,20170331,21.58,1.3366,1.15,,3.3498,2.3466,673296.0,673296.0
002313.SZ,20170330,21.89,1.4864,1.33,,3.3979,2.3803,682968.0,682968.0
002313.SZ,20170329,22.63,1.3042,0.97,,3.5128,2.4608,706056.0,706056.0
002313.SZ,20170328,23.03,0.6762,0.35,,3.5749,2.5043,718536.0,718536.0
002313.SZ,20170327,23.33,0.9367,0.46,,3.6215,2.5369,727896.0,727896.0
002313.SZ,20170324,23.29,1.4255,0.7,,3.6152,2.5325,726648.0,726648.0
002313.SZ,20170323,23.52,1.2328,0.6,,3.6509,2.5575,733824.0,733824.0
002313.SZ,20170322,23.54,2.4313,1.32,,3.6541,2.5597,734448.0,734448.0
002313.SZ,20170321,23.86,3.756,2.73,,3.7037,2.5945,744432.0,744432.0
002313.SZ,20170320,22.67,1.2792,0.83,,3.519,2.4651,707304.0,707304.0
002313.SZ,20170317,22.35,1.4139,0.91,,3.4693,2.4303,697320.0,697320.0
002313.SZ,20170316,22.72,1.3145,0.84,,3.5268,2.4706,708864.0,708864.0
002313.SZ,20170315,22.43,1.441,0.93,,3.4817,2.439,699816.0,699816.0
002313.SZ,20170314,22.4,1.4397,0.82,,3.4771,2.4358,698880.0,698880.0
002313.SZ,20170313,22.41,2.0624,1.11,,3.4786,2.4368,699192.0,699192.0
002313.SZ,20170310,21.93,1.5376,0.88,,3.4041,2.3847,684216.0,684216.0
002313.SZ,20170309,21.59,1.3867,0.84,,3.3514,2.3477,673608.0,673608.0
002313.SZ,20170308,21.66,1.3532,0.89,,3.3622,2.3553,675792.0,675792.0
002313.SZ,20170307,21.83,2.4058,1.99,,3.3886,2.3738,681096.0,681096.0
002313.SZ,20170306,21.31,2.6163,2.64,,3.3079,2.3172,664872.0,664872.0
002313.SZ,20170303,20.91,0.9946,0.93,,3.2458,2.2737,652392.0,652392.0
002313.SZ,20170302,20.88,0.913,0.84,,3.2411,2.2705,651456.0,651456.0
002313.SZ,20170301,20.78,0.6519,0.54,,3.2256,2.2596,648336.0,648336.0
002313.SZ,20170228,20.59,0.8554,0.64,,3.1961,2.2389,642408.0,642408.0
002313.SZ,20170227,20.73,1.5362,0.96,,3.2179,2.2542,646776.0,646776.0
002313.SZ,20170224,20.96,1.3866,0.96,,3.3666,2.2792,653952.0,653952.0
002313.SZ,20170223,20.54,0.9738,0.62,,3.2992,2.2335,640848.0,640848.0
002313.SZ,20170222,20.5,1.3102,0.82,,3.2927,2.2292,639600.0,639600.0
002313.SZ,20170221,20.65,1.5167,1.0,,3.3168,2.2455,644280.0,644280.0
002313.SZ,20170220,20.65,2.8535,2.42,,3.3168,2.2455,644280.0,644280.0
002313.SZ,20170217,21.12,0.5921,0.43,,3.3923,2.2966,658944.0,658944.0
002313.SZ,20170216,21.15,1.5388,1.18,,3.3971,2.2998,659880.0,659880.0
002313.SZ,20170215,20.79,1.4946,1.27,,3.3393,2.2607,648648.0,648648.0
002313.SZ,20170214,21.28,1.0952,1.03,,3.418,2.314,663936.0,663936.0
002313.SZ,20170213,21.53,1.1735,1.22,,3.4582,2.3412,671736.0,671736.0
002313.SZ,20170210,21.71,1.6361,2.17,,3.4871,2.3607,677352.0,677352.0
002313.SZ,20170209,21.66,1.1134,1.45,,3.479,2.3553,675792.0,675792.0
002313.SZ,20170208,21.54,0.8823,1.2,,3.4598,2.3422,672048.0,672048.0
002313.SZ,20170207,21.72,0.525,0.69,,3.4887,2.3618,677664.0,677664.0
002313.SZ,20170206,21.8,0.6635,0.85,,3.5015,2.3705,680160.0,680160.0
002313.SZ,20170203,21.62,0.5873,0.68,,3.4726,2.3509,674544.0,674544.0
002313.SZ,20170126,21.8,1.1751,1.55,,3.5015,2.3705,680160.0,680160.0
002313.SZ,20170125,21.24,0.7312,1.03,,3.4116,2.3096,662688.0,662688.0
002313.SZ,20170124,20.81,0.6445,0.79,,3.3425,2.2629,649272.0,649272.0
002313.SZ,20170123,20.97,0.7793,0.64,,3.3682,2.2803,654264.0,654264.0
002313.SZ,20170120,20.88,0.9577,0.67,,3.3538,2.2705,651456.0,651456.0
002313.SZ,20170119,20.45,0.6757,0.44,,3.2847,2.2237,638040.0,638040.0
002313.SZ,20170118,20.8,0.4834,0.28,,3.3409,2.2618,648960.0,648960.0
002313.SZ,20170117,20.97,1.1873,0.56,,3.3682,2.2803,654264.0,654264.0
002313.SZ,20170116,20.91,2.7442,1.5,,3.3586,2.2737,652392.0,652392.0
002313.SZ,20170113,22.67,2.0911,1.22,,3.6413,2.4651,707304.0,707304.0
002313.SZ,20170112,23.53,1.2267,0.75,,3.7794,2.5586,734136.0,734136.0
002313.SZ,20170111,23.9,1.527,1.0,,3.8388,2.5989,745680.0,745680.0
002313.SZ,20170110,24.3,3.0866,3.04,,3.9031,2.6424,758160.0,758160.0
002313.SZ,20170109,23.13,1.2195,1.23,,3.7152,2.5151,721656.0,721656.0
002313.SZ,20170106,22.9,1.4776,1.66,,3.6782,2.4901,714480.0,714480.0
002313.SZ,20170105,23.46,0.864,0.88,,3.7682,2.551,731952.0,731952.0
002313.SZ,20170104,23.34,1.0025,0.96,,3.7489,2.538,728208.0,728208.0
002313.SZ,20170103,23.43,0.5198,0.38,,3.7633,2.5478,731016.0,731016.0
002313.SZ,20161230,23.3,1.0948,0.73,,3.7425,2.5336,726960.0,726960.0
002313.SZ,20161229,23.15,0.982,0.67,,3.7184,2.5173,722280.0,722280.0
002313.SZ,20161228,23.59,1.3374,0.88,,3.789,2.5652,736008.0,736008.0
002313.SZ,20161227,24.11,1.2777,0.93,,3.8726,2.6217,752232.0,752232.0
002313.SZ,20161226,24.46,2.2385,2.0,,3.9288,2.6598,763152.0,763152.0
002313.SZ,20161223,23.64,1.6639,1.66,,3.7971,2.5706,737568.0,737568.0
002313.SZ,20161222,23.36,0.8369,0.7,,3.7521,2.5402,728832.0,728832.0
002313.SZ,20161221,23.2,1.5638,1.28,,3.7264,2.5228,723840.0,723840.0
002313.SZ,20161220,22.73,0.5354,0.4,,3.6509,2.4716,709176.0,709176.0
002313.SZ,20161219,22.74,0.9934,0.56,,3.6525,2.4727,709488.0,709488.0
002313.SZ,20161216,23.03,1.0769,0.55,,3.6991,2.5043,718536.0,718536.0
002313.SZ,20161215,23.13,1.768,0.96,,3.7152,2.5151,721656.0,721656.0
002313.SZ,20161214,22.8,1.7476,1.03,,3.6622,2.4793,711360.0,711360.0
002313.SZ,20161213,22.41,1.1837,0.7,,3.5995,2.4368,699192.0,699192.0
002313.SZ,20161212,22.22,3.1455,2.12,,3.569,2.4162,693264.0,693264.0
002313.SZ,20161209,22.5,1.9222,1.4,,3.614,2.4466,702000.0,702000.0
002313.SZ,20161208,21.92,1.2278,0.92,,3.5208,2.3836,683904.0,683904.0
002313.SZ,20161207,22.35,1.0428,0.61,,3.5899,2.4303,697320.0,697320.0
002313.SZ,20161206,22.39,1.0645,0.56,,3.5963,2.4347,698568.0,698568.0
002313.SZ,20161205,22.39,2.1617,1.19,,3.5963,2.4347,698568.0,698568.0
002313.SZ,20161202,22.0,1.3626,0.67,,3.5337,2.3923,686400.0,686400.0
002313.SZ,20161201,22.52,1.016,0.49,,3.6172,2.4488,702624.0,702624.0
002313.SZ,20161130,22.3,2.9169,1.64,,3.5818,2.4249,695760.0,695760.0
002313.SZ,20161129,23.06,1.9775,1.11,,3.7039,2.5075,719472.0,719472.0
002313.SZ,20161128,24.0,1.8347,1.04,,3.8549,2.6097,748800.0,748800.0
002313.SZ,20161125,24.52,2.4555,1.27,,3.9384,2.6663,765024.0,765024.0
002313.SZ,20161124,23.56,1.2387,0.63,,3.7842,2.5619,735072.0,735072.0
002313.SZ,20161123,23.83,1.3697,0.69,,3.8276,2.5913,743496.0,743496.0
002313.SZ,20161122,24.21,2.0441,0.94,,3.8886,2.6326,755352.0,755352.0
002313.SZ,20161121,24.08,1.707,0.75,,3.8677,2.6184,751296.0,751296.0
002313.SZ,20161118,24.66,3.3459,1.44,,3.9609,2.6815,769392.0,769392.0
002313.SZ,20161117,24.84,1.4249,0.55,,3.9898,2.7011,775008.0,775008.0
002313.SZ,20161116,24.64,1.4459,0.5,,3.9577,2.6793,768768.0,768768.0
002313.SZ,20161115,24.82,2.9162,1.02,,3.9866,2.6989,774384.0,774384.0
002313.SZ,20161114,24.89,2.2337,0.77,,3.9979,2.7065,776568.0,776568.0
002313.SZ,20161111,24.69,3.6167,1.28,,3.9657,2.6848,770328.0,770328.0
002313.SZ,20161110,24.89,2.6302,0.85,,3.9979,2.7065,776568.0,776568.0
002313.SZ,20161109,24.5,3.153,0.93,,3.9352,2.6641,764400.0,764400.0
002313.SZ,20161108,25.11,2.6153,0.68,,4.0332,2.7304,783432.0,783432.0
002313.SZ,20161107,25.69,2.4326,0.67,,4.1263,2.7935,801528.0,801528.0
002313.SZ,20161104,25.77,3.3033,0.88,,4.1392,2.8022,804024.0,804024.0
002313.SZ,20161103,25.45,3.9528,1.13,,4.0878,2.7674,794040.0,794040.0
002313.SZ,20161102,25.56,4.5596,1.46,,4.1055,2.7794,797472.0,797472.0
002313.SZ,20161101,25.75,4.9093,1.95,,4.136,2.8,803400.0,803400.0
002313.SZ,20161031,24.7,1.4962,0.53,,3.9673,2.6859,770640.0,770640.0
002313.SZ,20161028,24.77,3.8978,1.63,,3.9786,2.6935,772824.0,772824.0
002313.SZ,20161027,24.82,2.5994,1.1,,4.0887,2.6989,774384.0,774384.0
002313.SZ,20161026,24.29,2.7302,1.21,,4.0014,2.6413,757848.0,757848.0
002313.SZ,20161025,24.57,1.8598,0.72,,4.0475,2.6717,766584.0,766584.0
002313.SZ,20161024,24.75,3.0911,1.16,,4.0771,2.6913,772200.0,772200.0
002313.SZ,20161021,24.03,1.6723,0.46,,3.9585,2.613,749736.0,749736.0
002313.SZ,20161020,24.04,2.4638,0.66,,3.9602,2.6141,750048.0,750048.0
002313.SZ,20161019,24.11,2.2042,0.51,,3.9717,2.6217,752232.0,752232.0
002313.SZ,20161018,24.48,3.4175,0.7,,4.0327,2.6619,763776.0,763776.0
002313.SZ,20161017,24.43,3.5979,0.76,,4.0244,2.6565,762216.0,762216.0
002313.SZ,20161014,25.27,6.3639,1.65,,4.1628,2.7478,788424.0,788424.0
002313.SZ,20161013,24.44,2.9752,0.79,,4.0261,2.6576,762528.0,762528.0
002313.SZ,20161012,24.45,5.2531,1.75,,4.0277,2.6587,762840.0,762840.0
002313.SZ,20161011,24.46,6.0585,2.68,,4.0294,2.6598,763152.0,763152.0
002313.SZ,20161010,23.3,3.0161,1.31,,3.8383,2.5336,726960.0,726960.0
002313.SZ,20160930,22.96,2.0276,0.73,,3.7823,2.4967,716352.0,716352.0
002313.SZ,20160929,22.77,2.4065,0.89,,3.751,2.476,710424.0,710424.0
002313.SZ,20160928,22.6,1.4903,0.5,,3.723,2.4575,705120.0,705120.0
002313.SZ,20160927,22.43,2.3484,0.84,,3.695,2.439,699816.0,699816.0
002313.SZ,20160926,22.5,3.2313,1.17,,3.7065,2.4466,702000.0,702000.0
002313.SZ,20160923,23.27,4.372,1.83,,3.8333,2.5304,726024.0,726024.0
002313.SZ,20160922,22.59,2.1186,0.87,,3.7213,2.4564,704808.0,704808.0
002313.SZ,20160921,22.78,2.8564,1.0,,3.7526,2.4771,710736.0,710736.0
002313.SZ,20160920,22.39,1.3617,0.39,,3.6884,2.4347,698568.0,698568.0
002313.SZ,20160919,22.39,3.1258,0.95,,3.6884,2.4347,698568.0,698568.0
002313.SZ,20160914,21.68,2.4854,0.79,,3.5714,2.3575,676416.0,676416.0
002313.SZ,20160913,21.33,2.4162,0.76,,3.5138,2.3194,665496.0,665496.0
002313.SZ,20160912,21.28,4.8529,1.77,,3.5055,2.314,663936.0,663936.0
002313.SZ,20160909,22.95,4.7235,2.12,,3.7806,2.4956,716040.0,716040.0
002313.SZ,20160908,22.5,1.8994,0.79,,3.7065,2.4466,702000.0,702000.0
002313.SZ,20160907,21.94,1.8628,0.71,,3.6142,2.3857,684528.0,684528.0
002313.SZ,20160906,22.03,2.4628,0.96,,3.6291,2.3955,687336.0,687336.0
002313.SZ,20160905,21.6,2.778,1.11,,3.5582,2.3488,673920.0,673920.0
002313.SZ,20160902,22.29,2.1291,0.81,,3.6719,2.4238,695448.0,695448.0
002313.SZ,20160901,22.76,2.7216,0.96,,3.7493,2.4749,710112.0,710112.0
002313.SZ,20160831,23.0,2.9924,1.08,,3.7889,2.501,717600.0,717600.0
002313.SZ,20160830,22.25,2.2209,0.76,,3.6653,2.4195,694200.0,694200.0
002313.SZ,20160829,22.7,2.4774,0.75,,3.7394,2.4684,708240.0,708240.0
002313.SZ,20160826,22.3,2.6977,0.73,,3.6535,2.4249,695760.0,695760.0
002313.SZ,20160825,22.13,3.7224,0.9,,3.6257,2.4064,690456.0,690456.0
002313.SZ,20160824,22.62,2.679,0.48,,3.706,2.4597,705744.0,705744.0
002313.SZ,20160823,23.2,3.1039,0.49,,3.801,2.5228,723840.0,723840.0
002313.SZ,20160822,23.0,4.327,0.64,,3.7682,2.501,717600.0,717600.0
002313.SZ,20160819,23.62,4.5633,0.69,,3.8698,2.5684,736944.0,736944.0
002313.SZ,20160818,24.15,5.9512,0.98,,3.9566,2.6261,753480.0,753480.0
002313.SZ,20160817,24.4,10.2008,2.01,,3.9976,2.6532,761280.0,761280.0
002313.SZ,20160816,23.32,6.9332,1.46,,3.8207,2.5358,727584.0,727584.0
002313.SZ,20160815,21.2,6.3747,1.64,,3.4733,2.3053,661440.0,661440.0
002313.SZ,20160812,21.18,3.7306,1.0,,3.4701,2.3031,660816.0,660816.0
002313.SZ,20160811,20.5,3.1744,0.86,,3.3586,2.2292,639600.0,639600.0
002313.SZ,20160810,21.18,5.1608,1.52,,3.4701,2.3031,660816.0,660816.0
002313.SZ,20160809,21.03,5.2757,1.92,,3.4455,2.2868,656136.0,656136.0
002313.SZ,20160808,20.01,2.089,0.57,,3.2784,2.1759,624312.0,624312.0
002313.SZ,20160805,20.0,2.886,0.73,,3.2767,2.1748,624000.0,624000.0
002313.SZ,20160804,19.56,3.0802,0.64,,3.2046,2.1269,610272.0,610272.0
002313.SZ,20160803,19.38,3.6805,0.64,,3.1751,2.1074,604656.0,604656.0
002313.SZ,20160802,18.95,1.9952,0.32,,3.1047,2.0606,591240.0,591240.0
002313.SZ,20160801,18.69,6.7299,1.17,,3.0621,2.0323,583128.0,583128.0
002313.SZ,20160729,20.0,4.4128,0.73,,3.2767,2.1748,624000.0,624000.0
002313.SZ,20160728,20.66,7.2013,1.21,,3.3849,2.2466,644592.0,644592.0
002313.SZ,20160727,19.99,8.3678,1.55,,3.2751,2.1737,623688.0,623688.0
002313.SZ,20160726,20.39,4.5457,0.74,,3.3406,2.2172,636168.0,636168.0
002313.SZ,20160725,19.73,4.3136,0.63,,3.2325,2.1454,615576.0,615576.0
002313.SZ,20160722,19.14,5.6385,0.77,,3.1358,2.0813,597168.0,597168.0
002313.SZ,20160721,19.93,6.8399,0.95,,3.2653,2.1672,621816.0,621816.0
002313.SZ,20160720,20.8,5.66,0.69,,3.4078,2.2618,648960.0,648960.0
002313.SZ,20160719,20.85,8.1363,0.88,,3.416,2.2672,650520.0,650520.0
002313.SZ,20160718,20.49,7.8875,0.68,,3.357,2.2281,639288.0,639288.0
002313.SZ,20160715,19.99,8.0653,0.49,,3.2751,2.1737,623688.0,623688.0
002313.SZ,20160714,20.75,6.4262,0.42,,3.3996,2.2563,647400.0,647400.0
002313.SZ,20160713,20.6,10.7937,0.81,,3.375,2.24,642720.0,642720.0
002313.SZ,20160712,20.38,13.2471,1.25,,3.339,2.2161,635856.0,635856.0
002313.SZ,20160711,20.86,19.0651,2.78,,3.4176,2.2683,650832.0,650832.0
002313.SZ,20160708,21.9,32.3448,35.17,,3.588,2.3814,683280.0,683280.0
002313.SZ,20160707,19.91,1.1288,0.9,,3.262,2.165,621192.0,621192.0
002313.SZ,20160706,18.1,0.4336,0.24,,2.9654,1.9682,564720.0,564720.0
002313.SZ,20160705,16.45,0.2213,0.1,,2.6951,1.7888,513240.0,513240.0
002313.SZ,20160704,14.95,0.2033,0.07,,2.4494,1.6257,466440.0,466440.0
002313.SZ,20160617,13.59,2.611,0.9,,2.2265,1.4778,424008.0,424008.0
002313.SZ,20160616,13.43,2.7846,0.94,,2.2003,1.4604,419016.0,419016.0
002313.SZ,20160615,13.65,3.2363,1.06,,2.2364,1.4843,425880.0,425880.0
002313.SZ,20160614,13.21,2.1525,0.63,,2.1643,1.4364,412152.0,412152.0
002313.SZ,20160613,13.2,3.7659,1.08,,2.1626,1.4354,411840.0,411840.0
002313.SZ,20160608,14.45,2.5209,0.63,,2.3674,1.5713,450840.0,450840.0
002313.SZ,20160607,14.6,3.129,0.72,,2.392,1.5876,455520.0,455520.0
002313.SZ,20160606,14.41,3.7164,0.92,,2.3609,1.5669,449592.0,449592.0
002313.SZ,20160603,14.53,4.0107,1.02,,2.3805,1.58,453336.0,453336.0
002313.SZ,20160602,14.66,4.0286,1.06,,2.4018,1.5941,457392.0,457392.0
002313.SZ,20160601,14.36,5.1908,1.55,,2.3527,1.5615,448032.0,448032.0
002313.SZ,20160531,14.24,4.7597,1.57,,2.333,1.5484,444288.0,444288.0
002313.SZ,20160530,13.49,2.2341,0.68,,2.2102,1.4669,420888.0,420888.0
002313.SZ,20160527,13.71,3.3652,0.98,,2.2462,1.4908,427752.0,427752.0
002313.SZ,20160526,13.8,3.5261,0.96,,2.2609,1.5006,430560.0,430560.0
002313.SZ,20160525,13.53,2.854,0.7,,2.2167,1.4712,422136.0,422136.0
002313.SZ,20160524,13.44,3.2175,0.68,,2.202,1.4615,419328.0,419328.0
002313.SZ,20160523,13.72,3.5213,0.72,,2.2478,1.4919,428064.0,428064.0
002313.SZ,20160520,13.71,4.0149,0.85,,2.2462,1.4908,427752.0,427752.0
002313.SZ,20160519,13.15,4.786,1.03,,2.1544,1.4299,410280.0,410280.0
002313.SZ,20160518,12.73,4.9096,1.08,,2.0856,1.3843,397176.0,397176.0
002313.SZ,20160517,13.48,6.4099,1.64,,2.2085,1.4658,420576.0,420576.0
002313.SZ,20160516,13.42,4.4986,1.08,,2.1987,1.4593,418704.0,418704.0
002313.SZ,20160513,13.0,3.147,0.65,,2.1299,1.4136,405600.0,405600.0
002313.SZ,20160512,13.18,4.375,0.89,,2.1594,1.4332,411216.0,411216.0
002313.SZ,20160511,13.4,4.3473,0.77,,2.1954,1.4571,418080.0,418080.0
002313.SZ,20160510,13.92,3.1676,0.53,,2.2806,1.5137,434304.0,434304.0
002313.SZ,20160509,13.77,5.7544,1.05,,2.256,1.4973,429624.0,429624.0
002313.SZ,20160506,15.02,6.6258,1.33,,2.4608,1.6333,468624.0,468624.0
002313.SZ,20160505,16.11,4.7404,0.94,,2.6394,1.7518,502632.0,502632.0
002313.SZ,20160504,16.24,7.8556,1.77,,2.6607,1.7659,506688.0,506688.0
002313.SZ,20160503,15.76,5.1442,1.18,,2.5821,1.7137,491712.0,491712.0
002313.SZ,20160429,14.95,3.0707,0.62,,2.4494,1.6257,466440.0,466440.0
002313.SZ,20160428,15.21,4.0602,0.7,,2.4919,1.6539,474552.0,474552.0
002313.SZ,20160427,15.04,5.0536,0.72,,2.4641,1.6354,469248.0,469248.0
002313.SZ,20160426,15.54,4.8736,0.66,,2.546,1.6898,484848.0,484848.0
002313.SZ,20160425,15.19,4.7594,0.61,,2.4887,1.6518,473928.0,473928.0
002313.SZ,20160422,15.14,5.9933,0.71,,2.4805,1.6463,472368.0,472368.0
002313.SZ,20160421,14.86,8.2788,0.88,,2.4346,1.6159,463632.0,463632.0
002313.SZ,20160420,15.62,11.0899,1.11,,2.5403,1.6985,487344.0,487344.0
002313.SZ,20160419,17.31,6.9974,0.62,,2.8152,1.8823,540072.0,540072.0
002313.SZ,20160418,17.08,6.7262,0.6,,2.7778,1.8573,532896.0,532896.0
002313.SZ,20160415,17.72,8.9233,0.84,,2.8819,1.9269,552864.0,552864.0
002313.SZ,20160414,18.13,13.3009,1.44,,2.9485,1.9714,565656.0,565656.0
002313.SZ,20160413,17.19,13.914,1.7,,2.7957,1.8692,536328.0,536328.0
002313.SZ,20160412,16.97,13.591,1.91,,2.7599,1.8453,529464.0,529464.0
002313.SZ,20160411,15.95,6.6385,0.93,,2.594,1.7344,497640.0,497640.0
002313.SZ,20160408,15.35,5.4133,0.71,,2.4964,1.6691,478920.0,478920.0
002313.SZ,20160407,15.57,6.7336,0.86,,2.5322,1.6931,485784.0,485784.0
002313.SZ,20160406,16.25,8.4726,1.15,,2.6428,1.767,507000.0,507000.0
002313.SZ,20160405,16.01,8.2353,1.04,,2.6038,1.7409,499512.0,499512.0
002313.SZ,20160401,15.27,6.6901,0.83,,2.4834,1.6604,476424.0,476424.0
002313.SZ,20160331,15.78,7.9534,0.98,,2.5664,1.7159,492336.0,492336.0
002313.SZ,20160330,16.2,7.6872,0.95,,2.6347,1.7616,505440.0,505440.0
002313.SZ,20160329,15.44,6.2255,0.72,,2.5111,1.6789,481728.0,481728.0
002313.SZ,20160328,15.58,10.852,1.13,,2.5338,1.6942,486096.0,486096.0
002313.SZ,20160325,16.36,7.7508,0.69,,2.6607,1.779,510432.0,510432.0
002313.SZ,20160324,15.61,7.8747,0.67,,2.5387,1.6974,487032.0,487032.0
002313.SZ,20160323,16.36,7.9087,0.66,,2.6607,1.779,510432.0,510432.0
002313.SZ,20160322,16.13,8.8528,0.77,,2.6233,1.754,503256.0,503256.0
002313.SZ,20160321,16.9,15.6749,1.62,435.5087,2.715,2.171,527280.0,527280.0
002313.SZ,20160318,16.04,15.4578,2.09,413.3467,2.5769,2.0605,500448.0,500448.0
002313.SZ,20160317,14.58,10.7378,1.65,375.7229,2.3423,1.873,454896.0,454896.0
002313.SZ,20160316,13.74,9.1648,1.7,354.0763,2.2074,1.7651,428688.0,428688.0
002313.SZ,20160315,13.26,6.1325,1.13,341.7068,2.1303,1.7034,413712.0,413712.0
002313.SZ,20160314,13.31,6.9118,1.37,342.9953,2.1383,1.7098,415272.0,415272.0
002313.SZ,20160311,12.7,4.0978,0.71,327.2758,2.0403,1.6315,396240.0,396240.0
002313.SZ,20160310,12.56,6.2694,1.02,323.668,2.0178,1.6135,391872.0,391872.0
002313.SZ,20160309,12.45,3.591,0.47,320.8333,2.0001,1.5994,388440.0,388440.0
002313.SZ,20160308,12.96,6.1797,0.83,333.9759,2.0821,1.6649,404352.0,404352.0
002313.SZ,20160307,12.78,5.0808,0.68,329.3374,2.0531,1.6417,398736.0,398736.0
002313.SZ,20160304,12.46,7.6357,1.14,321.091,2.0017,1.6006,388752.0,388752.0
002313.SZ,20160303,13.82,8.2325,1.34,356.1379,2.2202,1.7753,431184.0,431184.0
002313.SZ,20160302,13.36,11.1166,2.27,344.2838,2.1463,1.7163,416832.0,416832.0
002313.SZ,20160301,12.56,5.04,1.05,323.668,2.0178,1.6135,391872.0,391872.0
002313.SZ,20160229,11.42,5.2217,1.09,294.2905,1.8347,1.467,356304.0,356304.0
002313.SZ,20160226,12.69,3.8848,0.76,327.0181,2.0681,1.6302,395928.0,395928.0
002313.SZ,20160225,13.05,5.4598,1.01,336.2952,2.1267,1.6764,407160.0,407160.0
002313.SZ,20160224,14.5,4.8297,0.83,373.6613,2.363,1.8627,452400.0,452400.0
002313.SZ,20160223,14.8,4.5882,0.69,381.3923,2.4119,1.9012,461760.0,461760.0
002313.SZ,20160222,15.1,5.252,0.74,389.1232,2.4608,1.9398,471120.0,471120.0
002313.SZ,20160219,14.9,5.5672,0.69,383.9692,2.4282,1.9141,464880.0,464880.0
002313.SZ,20160218,14.92,6.6705,0.84,384.4846,2.4315,1.9167,465504.0,465504.0
002313.SZ,20160217,15.64,6.8759,0.84,403.0388,2.5488,2.0091,487968.0,487968.0
002313.SZ,20160216,15.21,8.8948,1.19,391.9578,2.4788,1.9539,474552.0,474552.0
002313.SZ,20160215,14.26,7.618,1.07,367.4766,2.3239,1.8319,444912.0,444912.0
002313.SZ,20160205,13.62,10.5498,1.65,350.9839,2.2196,1.7497,424944.0,424944.0
002313.SZ,20160204,13.09,5.7323,0.89,337.326,2.1333,1.6816,408408.0,408408.0
002313.SZ,20160203,11.9,8.1546,1.19,306.66,1.9393,1.5287,371280.0,371280.0
002313.SZ,20160202,11.69,5.3141,0.62,301.2483,1.9051,1.5017,364728.0,364728.0
002313.SZ,20160201,10.63,5.834,0.65,273.9324,1.7324,1.3655,331656.0,331656.0
002313.SZ,20160129,11.81,6.8715,0.7,304.3407,1.9247,1.5171,368472.0,368472.0
002313.SZ,20160128,11.8,6.1961,0.63,304.083,1.923,1.5159,368160.0,368160.0
002313.SZ,20160127,13.11,9.9547,1.13,337.8414,2.1365,1.6841,409032.0,409032.0
002313.SZ,20160126,14.15,14.3288,1.96,364.6419,2.306,1.8177,441480.0,441480.0
002313.SZ,20160125,14.65,7.5949,1.08,377.5268,2.3875,1.882,457080.0,457080.0
002313.SZ,20160122,13.32,10.7077,1.87,343.253,2.1707,1.7111,415584.0,415584.0
002313.SZ,20150807,14.8,6.4115,1.18,381.3923,2.4322,1.9012,461760.0,461760.0
002313.SZ,20150806,14.04,4.8837,0.86,361.8072,2.3073,1.8036,438048.0,438048.0
002313.SZ,20150805,14.0,7.0449,1.24,360.7765,2.3007,1.7985,436800.0,436800.0
002313.SZ,20150804,13.82,5.9878,0.97,356.1379,2.2711,1.7753,431184.0,431184.0
002313.SZ,20150803,12.56,4.3351,0.65,323.668,2.064,1.6135,391872.0,391872.0
002313.SZ,20150731,13.27,5.0051,0.7,341.9645,2.1807,1.7047,414024.0,414024.0
002313.SZ,20150730,13.13,6.1181,0.81,338.3568,2.1577,1.6867,409656.0,409656.0
002313.SZ,20150729,13.89,6.8599,0.91,357.9418,2.2826,1.7843,433368.0,433368.0
002313.SZ,20150728,12.96,8.6848,1.17,333.9759,2.1298,1.6649,404352.0,404352.0
002313.SZ,20150727,14.4,6.9002,0.83,371.0844,2.3482,1.8499,449280.0,449280.0
002313.SZ,20150724,16.0,7.3946,0.85,412.3159,2.6091,2.0554,499200.0,499200.0
002313.SZ,20150723,16.54,7.7479,0.89,426.2316,2.6972,2.1248,516048.0,516048.0
002313.SZ,20150722,15.78,6.8528,0.75,406.6466,2.5733,2.0271,492336.0,492336.0
002313.SZ,20150721,15.77,8.1168,0.82,406.3889,2.5716,2.0258,492024.0,492024.0
002313.SZ,20150720,15.04,15.1682,1.37,387.577,2.4526,1.9321,469248.0,353402.4
002313.SZ,20150717,15.13,12.4925,1.36,389.8963,2.4673,1.9436,472056.0,355517.175
002313.SZ,20150716,13.85,10.5099,1.17,356.911,2.2585,1.7792,432120.0,325440.375
002313.SZ,20150715,13.42,11.547,1.06,345.83,2.1884,1.724,418704.0,315336.45
002313.SZ,20150714,14.91,15.8026,1.96,384.2269,2.4314,1.9154,465192.0,350347.725
002313.SZ,20150713,13.55,4.9495,0.55,349.1801,2.2096,1.7407,422760.0,318391.125
002313.SZ,20150710,12.32,3.0478,0.3,317.4833,2.009,1.5827,384384.0,289489.2
002313.SZ,20150709,11.2,9.5633,0.94,288.6212,1.8264,1.4388,349440.0,263172.0
002313.SZ,20150708,10.18,21.0951,2.65,262.336,1.6601,1.3077,317616.0,239204.55
002313.SZ,20150707,11.31,1.6066,0.16,291.4558,1.8443,1.4529,352872.0,265756.725
002313.SZ,20150706,12.57,9.9846,1.03,323.9257,2.0498,1.6148,392184.0,295363.575
002313.SZ,20150703,13.97,8.6868,0.94,360.0034,2.2781,1.7946,435864.0,328260.075
002313.SZ,20150702,15.52,9.5557,1.12,399.9465,2.5309,1.9937,484224.0,364681.2
002313.SZ,20150701,17.24,9.9423,1.26,444.2704,2.8114,2.2147,537888.0,405096.9
002313.SZ,20150630,19.16,10.8905,1.55,493.7483,3.1244,2.4613,597792.0,450212.1
002313.SZ,20150629,18.49,9.2441,1.35,476.4826,3.0152,2.3753,576888.0,434468.775
002313.SZ,20150626,20.54,6.624,0.94,529.3106,3.3495,2.6386,640848.0,482638.65
002313.SZ,20150625,22.82,5.7745,0.78,588.0656,3.7213,2.9315,711984.0,536212.95
002313.SZ,20150624,24.22,6.8513,0.86,624.1433,3.9496,3.1113,755664.0,569109.45
002313.SZ,20150623,24.22,6.6816,0.8,624.1433,3.9496,3.1113,755664.0,569109.45
002313.SZ,20150619,25.31,8.3154,0.96,652.2323,4.1273,3.2514,789672.0,594721.725
002313.SZ,20150618,28.12,7.4671,0.8,724.6453,4.5856,3.6123,877344.0,660749.7
002313.SZ,20150617,28.83,7.7688,0.84,742.9418,4.7014,3.7036,899496.0,677432.925
002313.SZ,20150616,27.5,9.743,1.11,708.668,4.4845,3.5327,858000.0,646181.25
002313.SZ,20150615,29.95,8.3332,0.94,771.8039,4.884,3.8474,934440.0,703750.125
002313.SZ,20150612,30.03,9.9486,1.13,773.8655,4.897,3.8577,936936.0,705629.925
002313.SZ,20150611,29.14,11.0755,1.34,750.9304,4.7519,3.7434,909168.0,684717.15
002313.SZ,20150610,26.49,7.131,0.79,682.6406,4.3198,3.403,826488.0,622448.775
002313.SZ,20150609,26.27,7.363,0.81,676.9712,4.2839,3.3747,819624.0,617279.325
002313.SZ,20150608,25.51,9.0283,1.04,657.3862,4.16,3.2771,795912.0,599421.225
002313.SZ,20150605,26.42,9.5451,1.12,680.8367,4.3083,3.394,824304.0,620803.95
002313.SZ,20150604,26.49,8.3063,0.9,682.6406,4.3198,3.403,826488.0,622448.775
002313.SZ,20150603,27.66,10.6749,1.16,712.7912,4.5106,3.5533,862992.0,649940.85
002313.SZ,20150602,27.07,8.0826,0.78,697.587,4.4143,3.4775,844584.0,636077.325
002313.SZ,20150601,26.0,6.877,0.63,670.0134,4.2399,3.34,811200.0,610935.0
002313.SZ,20150529,24.22,8.7202,0.76,624.1433,3.9496,3.1113,755664.0,569109.45
002313.SZ,20150528,24.51,11.6317,1.04,631.6165,3.9969,3.1486,764712.0,575923.725
002313.SZ,20150527,27.23,10.8591,0.98,701.7102,4.4404,3.498,849576.0,639836.925
002313.SZ,20150526,27.5,13.5167,1.28,708.668,4.4845,3.5327,858000.0,646181.25
002313.SZ,20150525,25.0,10.0248,0.95,644.2437,4.0768,3.2115,780000.0,587437.5
002313.SZ,20150522,24.92,11.4022,1.1,642.1821,4.0637,3.2013,777504.0,585557.7
002313.SZ,20150521,24.23,10.0971,0.87,624.401,3.9512,3.1126,755976.0,569344.425
002313.SZ,20150520,23.15,10.3535,0.8,596.5696,3.7751,2.9739,722280.0,543967.125
002313.SZ,20150519,23.26,11.0099,0.85,599.4043,3.793,2.988,725712.0,546551.85
002313.SZ,20150518,21.95,9.7349,0.76,565.6459,3.5794,2.8197,684840.0,515770.125
002313.SZ,20150515,21.8,10.6555,0.92,561.7805,3.555,2.8005,680160.0,512245.5
002313.SZ,20150514,22.45,16.4579,1.81,578.5308,3.661,2.884,700440.0,527518.875
002313.SZ,20150513,20.98,16.8131,2.53,540.6493,3.4212,2.6951,654576.0,492977.55
002313.SZ,20150512,19.07,10.732,1.93,491.4291,3.1098,2.4498,594984.0,448097.325
002313.SZ,20150511,18.66,9.3544,2.08,480.8635,3.0429,2.3971,582192.0,438463.35
002313.SZ,20150508,17.45,4.6476,0.91,449.6821,2.8456,2.2417,544440.0,410031.375
002313.SZ,20150507,16.57,3.8074,0.68,427.0047,2.7021,2.1286,516984.0,389353.575
002313.SZ,20150506,17.03,4.6227,0.73,438.8588,2.7771,2.1877,531336.0,400162.425
002313.SZ,20150505,17.6,5.3648,0.78,453.5475,2.8701,2.2609,549120.0,413556.0
002313.SZ,20150504,18.32,4.0861,0.5,472.1018,2.9875,2.3534,571584.0,430474.2
002313.SZ,20150430,18.42,7.7367,0.89,474.6787,3.0038,2.3663,574704.0,432823.95
002313.SZ,20150429,18.18,6.2977,0.71,468.494,2.9646,2.3354,567216.0,427184.55
002313.SZ,20150428,17.52,8.2887,1.0,451.486,2.8339,2.2507,546624.0,411676.2
002313.SZ,20150427,18.63,7.8033,0.9,480.0904,3.0134,2.3932,581256.0,437758.425
002313.SZ,20150424,18.94,10.4302,1.25,488.079,3.0636,2.4331,590928.0,445042.65
002313.SZ,20150423,18.85,10.7249,1.44,485.7597,3.049,2.4215,588120.0,442927.875
002313.SZ,20150422,18.18,6.8632,0.89,468.494,2.9406,2.3354,567216.0,427184.55
002313.SZ,20150421,17.76,5.6038,0.64,457.6707,2.8727,2.2815,554112.0,417315.6
002313.SZ,20150420,17.02,9.8774,1.12,438.6011,2.753,2.1864,531024.0,399927.45
002313.SZ,20150417,18.04,8.8143,1.01,464.8862,2.918,2.3175,562848.0,423894.9
002313.SZ,20150416,18.54,6.0761,0.65,477.7711,2.9989,2.3817,578448.0,435643.65
002313.SZ,20150415,18.28,8.0356,0.81,471.071,2.9568,2.3483,570336.0,429534.3
002313.SZ,20150414,19.09,10.7666,1.09,491.9445,3.0878,2.4523,595608.0,448567.275
002313.SZ,20150413,20.04,10.351,0.99,516.4257,3.2415,2.5744,625248.0,470889.9
002313.SZ,20150410,18.98,8.6211,0.74,489.1098,3.07,2.4382,592176.0,445982.55
002313.SZ,20150409,17.77,8.8897,0.77,457.9284,2.8743,2.2828,554424.0,417550.575
002313.SZ,20150408,18.31,10.6831,0.97,471.8441,2.9617,2.3521,571272.0,430239.225
002313.SZ,20150407,19.09,11.0182,1.05,491.9445,3.0878,2.4523,595608.0,448567.275
002313.SZ,20150403,19.04,12.8991,1.33,490.656,3.0797,2.4459,594048.0,447392.4
002313.SZ,20150402,18.3,14.3818,1.38,471.5864,2.96,2.3509,570960.0,430004.25
002313.SZ,20150401,17.22,8.414,0.69,443.755,2.7853,2.2121,537264.0,404626.95
002313.SZ,20150331,17.11,8.3247,0.51,440.9204,2.7676,2.198,533832.0,402042.225
002313.SZ,20150330,16.9,8.4902,0.48,435.5087,2.7336,2.171,527280.0,397107.75
002313.SZ,20150327,16.68,8.9104,0.44,429.8394,2.698,2.1427,520416.0,391938.3
002313.SZ,20150326,16.42,18.0517,0.99,423.1392,2.6559,2.1093,512304.0,385828.95
002313.SZ,20150325,17.65,16.7928,0.97,454.836,2.8549,2.2674,550680.0,414730.875
002313.SZ,20150324,18.05,28.8588,2.22,465.1439,2.9196,2.3187,563160.0,424129.875
002313.SZ,20150323,17.67,15.1214,1.28,105.9643,2.8859,2.6515,551304.0,415193.757
002313.SZ,20150320,16.06,22.5983,2.79,96.3093,2.6229,2.4099,501072.0,377363.426
002313.SZ,20150319,14.6,7.9781,1.08,87.5539,2.3845,2.1908,455520.0,343057.66
002313.SZ,20150318,14.71,11.6498,1.91,88.2136,2.4025,2.2073,458952.0,345642.341
002313.SZ,20150317,14.14,7.7129,1.32,84.7954,2.3094,2.1218,441168.0,332248.994
002313.SZ,20150316,14.14,9.2314,2.01,84.7954,2.3094,2.1218,441168.0,332248.994
002313.SZ,20150313,13.59,3.8697,0.8,81.4971,2.2195,2.0393,424008.0,319325.589
002313.SZ,20150312,13.43,4.5662,0.96,80.5376,2.1934,2.0153,419016.0,315566.053
002313.SZ,20150311,13.53,5.1806,1.16,81.1373,2.2097,2.0303,422136.0,317915.763
002313.SZ,20150310,13.45,6.4352,1.51,80.6576,2.1967,2.0183,419640.0,316035.995
002313.SZ,20150309,13.08,2.8961,0.56,78.4387,2.1362,1.9627,408096.0,307342.068
002313.SZ,20150306,12.84,5.1922,0.94,76.9995,2.0971,1.9267,400608.0,301702.764
002313.SZ,20150305,13.22,3.9878,0.73,79.2783,2.1591,1.9837,412464.0,310631.662
002313.SZ,20150304,13.15,3.8525,0.7,78.8585,2.1477,1.9732,410280.0,308986.865
002313.SZ,20150303,12.95,5.4448,1.06,77.6592,2.115,1.9432,404040.0,304287.445
002313.SZ,20150302,13.14,7.4429,1.71,78.7986,2.146,1.9717,409968.0,308751.894
002313.SZ,20150227,12.89,6.9235,1.86,77.2993,2.1052,1.9342,402168.0,302877.619
002313.SZ,20150226,12.51,3.5469,0.97,75.0205,2.0432,1.8772,390312.0,293948.721
002313.SZ,20150225,12.39,4.1207,1.22,74.3009,2.0236,1.8592,386568.0,291129.069
002313.SZ,20150217,12.4,3.6432,1.19,74.3609,2.0252,1.8607,386880.0,291364.04
002313.SZ,20150216,12.36,3.5805,1.31,74.121,2.0187,1.8547,385632.0,290424.156
002313.SZ,20150213,12.16,3.6998,1.44,72.9216,1.9767,1.8247,379392.0,285724.736
002313.SZ,20150212,12.1,3.2406,1.19,72.5618,1.967,1.8157,377520.0,284314.91
002313.SZ,20150211,11.92,2.7483,1.07,71.4824,1.9377,1.7887,371904.0,280085.432
002313.SZ,20150210,11.76,2.0098,0.73,70.5229,1.9117,1.7647,366912.0,276325.896
002313.SZ,20150209,11.62,1.9316,0.71,69.6833,1.889,1.7437,362544.0,273036.302
002313.SZ,20150206,11.77,2.8833,1.04,70.5829,1.9133,1.7662,367224.0,276560.867
002313.SZ,20150205,12.11,4.0375,1.41,72.6218,1.9686,1.8172,377832.0,284549.881
002313.SZ,20150204,12.01,1.931,0.52,72.0221,1.9523,1.8022,374712.0,282200.171
002313.SZ,20150203,12.16,3.0336,0.77,72.9216,1.9767,1.8247,379392.0,285724.736
002313.SZ,20150202,11.94,1.7801,0.4,71.6023,1.941,1.7917,372528.0,280555.374
002313.SZ,20150130,12.11,3.0778,0.66,72.6218,1.9686,1.8172,377832.0,284549.881
002313.SZ,20150129,12.16,4.5117,0.94,72.9216,1.9767,1.8247,379392.0,285724.736
002313.SZ,20150128,12.39,5.9874,1.26,74.3009,2.0141,1.8592,386568.0,291129.069
002313.SZ,20150127,12.2,4.2585,0.89,73.1615,1.9832,1.8307,380640.0,286664.62
002313.SZ,20150126,12.16,4.5634,0.96,72.9216,1.9767,1.8247,379392.0,285724.736
002313.SZ,20150123,11.88,3.8647,0.82,71.2425,1.9312,1.7827,370656.0,279145.548
002313.SZ,20150122,12.03,5.4434,1.35,72.1421,1.9556,1.8052,375336.0,282670.113
002313.SZ,20150121,11.83,5.6514,1.63,70.9427,1.9231,1.7752,369096.0,277970.693
002313.SZ,20150120,11.6,4.4557,1.27,69.5634,1.8857,1.7406,361920.0,272566.36
002313.SZ,20150119,11.26,4.3565,1.35,67.5245,1.8304,1.6896,351312.0,264577.346
002313.SZ,20150116,11.58,3.7835,1.14,69.4435,1.8824,1.7376,361296.0,272096.418
002313.SZ,20150115,11.44,1.9504,0.5,68.6039,1.8597,1.7166,356928.0,268806.824
002313.SZ,20150114,11.45,2.8274,0.7,68.6639,1.8613,1.7181,357240.0,269041.795
002313.SZ,20150113,11.5,4.6836,1.1,68.9637,1.8694,1.7256,358800.0,270216.65
002313.SZ,20150112,11.33,2.8435,0.62,67.9443,1.8418,1.7001,353496.0,266222.143
002313.SZ,20150109,11.28,4.228,0.76,67.6444,1.8337,1.6926,351936.0,265047.288
002313.SZ,20150108,11.28,5.0006,0.69,67.6444,1.8337,1.6926,351936.0,265047.288
002313.SZ,20150107,11.28,3.5584,0.51,67.6444,1.8337,1.6926,351936.0,265047.288
002313.SZ,20150106,11.38,5.6002,0.91,68.2441,1.8499,1.7076,355056.0,267396.998
002313.SZ,20150105,11.23,4.4937,0.81,67.3446,1.8256,1.6851,350376.0,263872.433
002313.SZ,20141231,11.1,9.326,2.4,66.565,1.8044,1.6656,346320.0,260817.81
002313.SZ,20141230,11.75,13.0606,8.34,70.4629,1.9101,1.7632,366600.0,276090.925
002313.SZ,20141229,13.06,2.1484,1.32,78.3188,2.123,1.9597,407472.0,306872.126
002313.SZ,20141226,13.49,1.643,0.75,80.8974,2.1929,2.0243,420888.0,316975.879
002313.SZ,20141225,13.47,1.4667,0.64,80.7775,2.1897,2.0213,420264.0,316505.937
002313.SZ,20141224,13.43,1.1329,0.44,80.5376,2.1832,2.0153,419016.0,315566.053
002313.SZ,20141223,13.24,1.4423,0.52,79.3982,2.1523,1.9867,413088.0,311101.604
002313.SZ,20141222,13.5,2.4609,0.91,80.9574,2.1946,2.0258,421200.0,317210.85
002313.SZ,20141219,13.8,4.4415,1.96,82.7565,2.2433,2.0708,430560.0,324259.98
002313.SZ,20141218,13.38,1.9282,0.83,80.2378,2.1751,2.0077,417456.0,314391.198
002313.SZ,20141217,13.4,2.5644,1.04,80.3577,2.1783,2.0108,418080.0,314861.14
002313.SZ,20141216,13.55,2.481,0.79,81.2573,2.2027,2.0333,422760.0,318385.705
002313.SZ,20141215,13.72,2.1171,0.6,82.2767,2.2303,2.0588,428064.0,322380.212
002313.SZ,20141212,13.57,2.2418,0.55,81.3772,2.2059,2.0363,423384.0,318855.647
002313.SZ,20141211,13.49,2.2052,0.44,80.8974,2.1929,2.0243,420888.0,316975.879
002313.SZ,20141210,13.4,3.2678,0.58,80.3577,2.1783,2.0108,418080.0,314861.14
002313.SZ,20141209,12.97,5.7848,1.06,77.7791,2.1084,1.9462,404664.0,304757.387
002313.SZ,20141208,13.86,4.2662,0.8,83.1163,2.2531,2.0798,432432.0,325669.806
002313.SZ,20141205,13.88,4.9367,0.96,83.2362,2.2563,2.0828,433056.0,326139.748
002313.SZ,20141204,14.44,6.9366,1.62,86.5945,2.3474,2.1668,450528.0,339298.124
002313.SZ,20141203,14.36,6.3491,1.78,86.1147,2.3344,2.1548,448032.0,337418.356
002313.SZ,20141202,14.35,4.7944,1.45,86.0547,2.3327,2.1533,447720.0,337183.385
002313.SZ,20141201,14.08,3.6534,1.16,84.4356,2.2888,2.1128,439296.0,330839.168
002313.SZ,20141128,14.13,3.908,1.29,84.7354,2.297,2.1203,440856.0,332014.023
002313.SZ,20141127,14.12,2.7649,0.94,84.6755,2.2954,2.1188,440544.0,331779.052
002313.SZ,20141126,14.26,2.7484,0.97,85.515,2.3181,2.1398,444912.0,335068.646
002313.SZ,20141125,14.29,3.431,1.4,85.6949,2.323,2.1443,445848.0,335773.559
002313.SZ,20141124,14.05,2.9238,1.25,84.2557,2.284,2.1083,438360.0,330134.255
002313.SZ,20141121,14.0,3.3171,1.5,83.9558,2.2758,2.1008,436800.0,328959.4
002313.SZ,20141120,13.78,2.3271,1.08,82.6365,2.2401,2.0678,429936.0,323790.038
002313.SZ,20141119,13.73,2.2349,1.07,82.3367,2.232,2.0603,428376.0,322615.183
002313.SZ,20141118,13.61,1.4809,0.59,81.6171,2.2124,2.0423,424632.0,319795.531
002313.SZ,20141117,13.65,2.2927,0.92,81.8569,2.2189,2.0483,425880.0,320735.415
002313.SZ,20141114,13.63,2.7071,0.98,81.737,2.2157,2.0453,425256.0,320265.473
002313.SZ,20141113,13.44,2.0117,0.6,80.5976,2.1848,2.0168,419328.0,315801.024
002313.SZ,20141112,13.72,1.9963,0.6,82.2767,2.2303,2.0588,428064.0,322380.212
002313.SZ,20141111,13.54,3.5719,1.08,81.1973,2.2011,2.0318,422448.0,318150.734
002313.SZ,20141110,13.81,2.2213,0.59,82.8164,2.245,2.0723,430872.0,324494.951
002313.SZ,20141107,13.69,4.0363,1.11,82.0968,2.2255,2.0543,427128.0,321675.299
002313.SZ,20141106,14.04,4.842,1.48,84.1957,2.2823,2.1068,438048.0,329899.284
002313.SZ,20141105,14.23,1.9457,0.48,85.3351,2.3132,2.1353,443976.0,334363.733
002313.SZ,20141104,14.48,3.4205,0.86,86.8343,2.3539,2.1728,451776.0,340238.008
002313.SZ,20141103,14.45,4.4771,1.22,86.6544,2.349,2.1683,450840.0,339533.095
002313.SZ,20141031,14.04,3.5781,1.1,84.1957,2.2823,2.1068,438048.0,329899.284
002313.SZ,20141030,14.26,2.9891,0.96,85.515,2.3181,2.1398,444912.0,335068.646
002313.SZ,20141029,14.4,5.8474,2.31,86.3546,2.3409,2.1608,449280.0,338358.24
002313.SZ,20141028,14.33,3.0297,1.29,85.9348,2.3044,2.1503,447096.0,336713.443
002313.SZ,20141027,14.04,2.8362,1.28,84.1957,2.2578,2.1068,438048.0,329899.284
002313.SZ,20141024,13.77,1.5123,0.56,82.5766,2.2143,2.0663,429624.0,323555.067
002313.SZ,20141023,13.85,2.3946,0.7,83.0563,2.2272,2.0783,432120.0,325434.835
002313.SZ,20141022,14.0,2.9054,0.7,83.9558,2.2513,2.1008,436800.0,328959.4
002313.SZ,20141021,13.85,2.0497,0.38,83.0563,2.2272,2.0783,432120.0,325434.835
002313.SZ,20141020,13.97,2.2204,0.37,83.7759,2.2465,2.0963,435864.0,328254.487
002313.SZ,20141017,13.81,4.0326,0.6,82.8164,2.2208,2.0723,430872.0,324494.951
002313.SZ,20141016,14.25,5.837,0.9,85.4551,2.2915,2.1383,444600.0,334833.675
002313.SZ,20141015,14.83,6.6952,1.09,88.9332,2.3848,2.2253,462696.0,348461.993
002313.SZ,20141014,14.87,8.123,1.57,89.1731,2.3912,2.2313,463944.0,349401.877
002313.SZ,20141013,14.69,5.1354,1.01,88.0937,2.3623,2.2043,458328.0,345172.399
002313.SZ,20141010,14.76,7.6431,1.7,88.5134,2.3735,2.2148,460512.0,346817.196
002313.SZ,20141009,14.46,4.7296,1.13,86.7144,2.3253,2.1698,451152.0,339768.066
002313.SZ,20141008,14.57,5.0302,1.34,87.374,2.343,2.1863,454584.0,342352.747
002313.SZ,20140930,14.19,3.3719,0.97,85.0952,2.2819,2.1293,442728.0,333423.849
002313.SZ,20140929,14.18,4.6071,1.46,85.0353,2.2803,2.1278,442416.0,333188.878
002313.SZ,20140926,14.08,4.786,1.78,84.4356,2.2642,2.1128,439296.0,330839.168
002313.SZ,20140925,13.75,3.207,1.28,82.4566,2.2111,2.0633,429000.0,323085.125
002313.SZ,20140924,13.81,2.7627,1.07,82.8164,2.2208,2.0723,430872.0,324494.951
002313.SZ,20140923,13.61,2.028,0.59,81.6171,2.1886,2.0423,424632.0,319795.531
002313.SZ,20140922,13.4,3.0208,0.8,80.3577,2.1548,2.0108,418080.0,314861.14
002313.SZ,20140919,13.87,2.4539,0.63,83.1762,2.2304,2.0813,432744.0,325904.777
002313.SZ,20140918,13.71,2.2134,0.47,82.2168,2.2047,2.0573,427752.0,322145.241
002313.SZ,20140917,13.73,3.2479,0.56,82.3367,2.2079,2.0603,428376.0,322615.183
002313.SZ,20140916,13.64,6.2688,1.15,81.797,2.1934,2.0468,425568.0,320500.444
002313.SZ,20140915,14.4,4.6023,0.86,86.3546,2.3157,2.1608,449280.0,338358.24
002313.SZ,20140912,14.32,3.243,0.59,85.8748,2.3028,2.1488,446784.0,336478.472
002313.SZ,20140911,14.25,6.3119,1.12,85.4551,2.2915,2.1383,444600.0,334833.675
002313.SZ,20140910,14.54,8.5907,1.74,87.1941,2.3382,2.1818,453648.0,341647.834
002313.SZ,20140909,14.08,4.5064,0.93,84.4356,2.2642,2.1128,439296.0,330839.168
002313.SZ,20140905,14.0,4.0583,0.91,83.9558,2.2513,2.1008,436800.0,328959.4
002313.SZ,20140904,14.07,4.1449,1.0,84.3756,2.2626,2.1113,438984.0,330604.197
002313.SZ,20140903,14.11,6.9618,2.06,84.6155,2.269,2.1173,440232.0,331544.081
002313.SZ,20140902,13.92,5.0009,1.37,83.4761,2.2385,2.0888,434304.0,327079.632
002313.SZ,20140901,13.77,4.0075,1.09,82.5766,2.2143,2.0663,429624.0,323555.067
002313.SZ,20140829,13.5,2.2163,0.58,80.9574,2.1709,2.0258,421200.0,317210.85
002313.SZ,20140828,13.48,2.5969,0.64,80.8375,2.1677,2.0228,420576.0,316740.908
002313.SZ,20140827,13.48,3.072,0.66,80.8375,2.1677,2.0228,420576.0,316740.908
002313.SZ,20140826,13.65,6.374,1.41,81.8569,2.195,2.0483,425880.0,320735.415
002313.SZ,20140825,13.44,4.1984,0.81,80.5976,2.1613,2.0168,419328.0,315801.024
002313.SZ,20140822,13.65,2.8685,0.53,81.8569,2.195,2.0483,425880.0,320735.415
002313.SZ,20140821,13.55,3.7148,0.69,81.2573,2.179,2.0333,422760.0,318385.705
002313.SZ,20140820,13.62,6.1996,1.28,81.677,2.1902,2.0438,424944.0,320030.502
002313.SZ,20140819,13.78,5.6062,1.24,82.6365,2.216,2.0678,429936.0,323790.038
002313.SZ,20140818,13.76,7.5842,1.81,82.5166,2.2127,2.0648,429312.0,323320.096
002313.SZ,20140815,13.23,3.9391,0.84,79.3383,2.1275,1.9852,412776.0,310866.633
002313.SZ,20140814,13.25,3.7647,0.8,79.4582,2.1467,1.9882,413400.0,311341.875
002313.SZ,20140813,13.24,3.4093,0.69,79.3982,2.1451,1.9867,413088.0,311106.9
002313.SZ,20140812,13.39,3.8505,0.72,80.2978,2.1694,2.0092,417768.0,314631.525
002313.SZ,20140811,13.51,5.939,1.0,81.0174,2.1888,2.0273,421512.0,317451.225
002313.SZ,20140808,13.39,6.3508,0.89,80.2978,2.1694,2.0092,417768.0,314631.525
002313.SZ,20140807,12.9,3.8581,0.56,77.3593,2.09,1.9357,402480.0,303117.75
002313.SZ,20140806,13.14,4.6336,0.68,78.7986,2.1289,1.9717,409968.0,308757.15
002313.SZ,20140805,13.42,6.083,0.92,80.4777,2.1742,2.0138,418704.0,315336.45
002313.SZ,20140804,13.29,8.6949,1.6,79.6981,2.1532,1.9942,414648.0,312281.775
002313.SZ,20140801,13.12,12.5642,3.85,78.6786,2.1256,1.9687,409344.0,308287.2
002313.SZ,20140731,12.68,2.6124,0.8,76.04,2.0543,1.9027,395616.0,297948.3
002313.SZ,20140730,12.68,4.3604,1.34,76.04,2.0543,1.9027,395616.0,297948.3
002313.SZ,20140729,12.65,4.8872,1.73,75.8601,2.0495,1.8982,394680.0,297243.375
002313.SZ,20140728,12.36,2.7796,1.05,74.121,2.0025,1.8547,385632.0,290429.1
002313.SZ,20140725,12.08,1.6831,0.58,72.4419,1.9571,1.8127,376896.0,283849.8
002313.SZ,20140724,11.98,2.5943,0.91,71.8422,1.9409,1.7977,373776.0,281500.05
002313.SZ,20140723,12.11,4.3562,1.55,72.6218,1.962,1.8172,377832.0,284554.725
002313.SZ,20140722,12.7,2.7467,0.93,76.1599,2.0576,1.9057,396240.0,298418.25
002313.SZ,20140721,12.58,1.9188,0.61,75.4403,2.0381,1.8877,392496.0,295598.55
002313.SZ,20140718,12.75,2.8179,0.93,76.4598,2.0657,1.9132,397800.0,299593.125
002313.SZ,20140717,12.68,2.423,0.77,76.04,2.0543,1.9027,395616.0,297948.3
002313.SZ,20140716,12.82,4.1428,1.33,76.8796,2.077,1.9237,399984.0,301237.95
002313.SZ,20140715,12.75,3.4373,1.08,76.4598,2.0657,1.9132,397800.0,299593.125
002313.SZ,20140714,12.71,3.0361,0.92,76.2199,2.0592,1.9072,396552.0,298653.225
002313.SZ,20140711,12.35,2.1002,0.57,74.061,2.0009,1.8532,385320.0,290194.125
002313.SZ,20140710,12.17,2.9601,0.77,72.9816,1.9717,1.8262,379704.0,285964.575
002313.SZ,20140709,12.26,4.0913,0.96,73.5213,1.9863,1.8397,382512.0,288079.35
002313.SZ,20140708,12.77,3.7853,0.74,76.5797,2.0689,1.9162,398424.0,300063.075
002313.SZ,20140707,12.55,3.4934,0.6,75.2604,2.0333,1.8832,391560.0,294893.625
002313.SZ,20140704,12.64,4.0318,0.66,75.8001,2.0479,1.8967,394368.0,297008.4
002313.SZ,20140703,12.91,3.9071,0.58,77.4193,2.0916,1.9372,402792.0,303352.725
002313.SZ,20140702,12.97,5.9943,0.94,77.7791,2.1013,1.9462,404664.0,304762.575
002313.SZ,20140701,13.15,8.0249,1.46,78.8585,2.1305,1.9732,410280.0,308992.125
002313.SZ,20140630,12.39,7.2745,1.31,74.3009,2.0074,1.8592,386568.0,291134.025
002313.SZ,20140627,12.84,5.1708,0.94,76.9995,2.0803,1.9267,400608.0,301707.9
002313.SZ,20140626,12.84,7.4303,1.45,76.9995,2.0803,1.9267,400608.0,301707.9
002313.SZ,20140625,12.47,3.8668,0.69,74.7807,2.0203,1.8712,389064.0,293013.825
002313.SZ,20140624,12.35,3.8005,0.54,74.061,2.0009,1.8532,385320.0,290194.125
002313.SZ,20140623,12.49,7.4025,1.01,74.9006,2.0236,1.8742,389688.0,293483.775
002313.SZ,20140620,12.29,4.8831,0.61,73.7012,1.9912,1.8442,383448.0,288784.275
002313.SZ,20140619,11.99,5.677,0.61,71.9022,1.9426,1.7992,374088.0,281735.025
002313.SZ,20140618,12.4,6.3391,0.69,74.3609,2.009,1.8607,386880.0,291369.0
002313.SZ,20140617,12.36,10.8885,1.44,74.121,2.0025,1.8547,385632.0,290429.1
002313.SZ,20140616,11.96,8.7816,1.39,71.7223,1.9377,1.7947,373152.0,281030.1
002313.SZ,20140613,11.88,8.3671,1.61,71.2425,1.9247,1.7827,370656.0,279150.3
002313.SZ,20140612,11.55,12.4322,3.71,69.2636,1.8713,1.7331,360360.0,271396.125
002313.SZ,20140611,11.08,5.2973,1.82,66.4451,1.7951,1.6626,345696.0,260352.3
002313.SZ,20140610,10.85,3.0274,1.12,65.0658,1.7579,1.6281,338520.0,254947.875
002313.SZ,20140609,10.64,2.4785,0.89,63.8064,1.7238,1.5966,331968.0,250013.4
002313.SZ,20140606,10.79,2.765,0.94,64.706,1.7481,1.6191,336648.0,253538.025
002313.SZ,20140605,10.89,3.1699,0.97,65.3056,1.7643,1.6341,339768.0,255887.775
002313.SZ,20140604,10.5,3.1332,1.0,62.9669,1.7012,1.5756,327600.0,246723.75
002313.SZ,20140603,10.75,1.939,0.57,64.4661,1.7417,1.6131,335400.0,252598.125
002313.SZ,20140530,10.83,2.8534,0.82,64.9458,1.7546,1.6251,337896.0,254477.925
002313.SZ,20140529,10.81,3.5714,0.97,64.8259,1.7514,1.6221,337272.0,254007.975
002313.SZ,20140528,11.06,4.8506,1.41,66.3251,1.7919,1.6596,345072.0,259882.35
002313.SZ,20140527,10.72,2.414,0.7,64.2862,1.7368,1.6086,334464.0,251893.2
002313.SZ,20140526,10.92,3.3259,1.1,65.4856,1.7692,1.6386,340704.0,256592.7
002313.SZ,20140523,10.77,3.2045,1.18,64.586,1.7449,1.6161,336024.0,253068.075
002313.SZ,20140522,10.63,4.6871,2.08,63.7465,1.7222,1.5951,331656.0,249778.425
002313.SZ,20140521,10.57,3.6241,1.95,63.3867,1.707,1.5861,329784.0,248368.575
002313.SZ,20140520,10.48,2.3038,1.12,62.8469,1.6924,1.5726,326976.0,246253.8
002313.SZ,20140519,10.46,1.325,0.58,62.727,1.6892,1.5696,326352.0,245783.85
002313.SZ,20140516,10.49,1.6718,0.73,62.9069,1.694,1.5741,327288.0,246488.775
002313.SZ,20140515,10.27,2.3568,1.03,61.5876,1.6585,1.5411,320424.0,241319.325
002313.SZ,20140514,10.66,1.6197,0.67,63.9264,1.7215,1.5996,332592.0,250483.35
002313.SZ,20140513,10.72,3.3093,1.4,64.2862,1.7312,1.6086,334464.0,251893.2
002313.SZ,20140512,10.61,2.402,1.05,63.6265,1.7134,1.5921,331032.0,249308.475
002313.SZ,20140509,10.28,1.7748,0.71,61.6476,1.6601,1.5426,320736.0,241554.3
002313.SZ,20140508,10.42,2.3541,0.83,62.4871,1.6827,1.5636,325104.0,244843.95
002313.SZ,20140507,10.6,2.1673,0.67,63.5666,1.7118,1.5906,330720.0,249073.5
002313.SZ,20140506,10.71,3.1167,0.93,64.2262,1.7296,1.6071,334152.0,251658.225
002313.SZ,20140505,10.53,2.0454,0.58,63.1468,1.7005,1.5801,328536.0,247428.675
002313.SZ,20140430,10.44,2.7483,0.69,62.6071,1.686,1.5666,325728.0,245313.9
002313.SZ,20140429,10.3,4.1841,0.84,61.7675,1.6634,1.5456,321360.0,242024.25
002313.SZ,20140428,10.25,4.0865,0.86,61.4677,1.6553,1.5381,319800.0,240849.375
002313.SZ,20140425,11.09,3.6576,0.83,66.505,1.7909,1.6641,346008.0,260587.275
002313.SZ,20140424,11.73,2.8891,0.71,70.343,1.8995,1.7602,365976.0,275625.675
002313.SZ,20140423,11.95,5.1571,1.55,71.6623,1.9351,1.7932,372840.0,280795.125
002313.SZ,20140422,12.41,9.1202,4.62,74.4209,2.0096,1.8622,387192.0,291603.975
002313.SZ,20140421,11.64,3.0123,1.86,69.8033,1.8849,1.7467,363168.0,273510.9
002313.SZ,20140418,12.04,1.8181,1.06,72.202,1.9497,1.8067,375648.0,282909.9
002313.SZ,20140417,12.26,1.2135,0.67,73.5213,1.9853,1.8397,382512.0,288079.35
002313.SZ,20140416,12.28,1.5018,0.75,73.6413,1.9886,1.8427,383136.0,288549.3
002313.SZ,20140415,12.3,2.3326,1.19,22.386,1.8694,1.9935,383760.0,289019.25
002313.SZ,20140414,12.26,1.226,0.61,22.3132,1.8634,1.987,382512.0,288079.35
002313.SZ,20140411,12.25,2.3215,1.27,22.295,1.8618,1.9854,382200.0,287844.375
002313.SZ,20140410,12.13,1.7278,0.98,22.0766,1.8436,1.9659,378456.0,285024.675
002313.SZ,20140409,12.11,2.3426,1.47,22.0402,1.8406,1.9627,377832.0,284554.725
002313.SZ,20140408,11.98,2.1593,1.0,21.8036,1.8208,1.9416,373776.0,281500.05
002313.SZ,20140404,11.77,1.5314,0.7,21.4214,1.7889,1.9076,367224.0,276565.575
002313.SZ,20140403,11.69,1.3554,0.57,21.2758,1.7767,1.8946,364728.0,274685.775
002313.SZ,20140402,11.61,1.46,0.61,21.1302,1.7646,1.8816,362232.0,272805.975
002313.SZ,20140401,11.69,1.4722,0.59,21.2758,1.7767,1.8946,364728.0,274685.775
002313.SZ,20140331,11.49,4.9813,2.76,20.9118,1.7463,1.8622,358488.0,269986.275
002313.SZ,20140328,12.69,1.6657,0.89,23.0958,1.9287,2.0567,395928.0,298183.275
002313.SZ,20140327,12.88,2.3452,1.19,23.4416,1.9576,2.0875,401856.0,302647.8
002313.SZ,20140326,13.3,1.4673,0.64,24.206,2.0214,2.1555,414960.0,312516.75
002313.SZ,20140325,13.44,1.9472,0.81,24.9495,2.1726,2.2217,427705.824,315806.4
002313.SZ,20140324,13.32,1.5838,0.63,24.7267,2.1532,2.2019,423887.022,312986.7
002313.SZ,20140321,13.22,2.0206,0.84,24.5411,2.1371,2.1854,420704.687,310636.95
002313.SZ,20140320,12.85,2.8442,1.26,23.8542,2.0773,2.1242,408930.0475,301942.875
002313.SZ,20140319,13.49,3.1286,1.27,25.0423,2.1807,2.23,429296.9915,316981.275
002313.SZ,20140318,13.27,2.4988,1.1,24.6339,2.1452,2.1936,422295.8545,311811.825
002313.SZ,20140317,13.24,2.145,0.91,24.5782,2.1403,2.1887,421341.154,311106.9
002313.SZ,20140314,12.9,1.3458,0.52,23.947,2.0853,2.1325,410521.215,303117.75
002313.SZ,20140313,13.03,2.2042,0.79,24.1884,2.1064,2.154,414658.2505,306172.425
002313.SZ,20140312,12.92,4.0867,1.47,23.9842,2.0886,2.1358,411157.682,303587.7
002313.SZ,20140311,12.85,1.6117,0.54,23.8542,2.0773,2.1242,408930.0475,301942.875
002313.SZ,20140310,12.84,2.528,0.83,23.8357,2.0756,2.1226,408611.814,301707.9
002313.SZ,20140307,13.52,2.4463,0.79,25.098,2.1856,2.235,430251.692,317686.2
002313.SZ,20140306,13.66,3.2474,1.06,25.3579,2.2082,2.2581,434706.961,320975.85
002313.SZ,20140305,13.33,4.0477,1.46,24.7453,2.1549,2.2036,424205.2555,313221.675
002313.SZ,20140304,13.46,2.5291,0.86,24.9866,2.1759,2.225,428342.291,316276.35
002313.SZ,20140303,13.43,2.8675,1.0,24.9309,2.171,2.2201,427387.5905,315571.425
002313.SZ,20140228,13.21,2.794,0.98,24.5225,2.1355,2.1837,420386.4535,310401.975
002313.SZ,20140227,13.12,3.1271,1.08,24.3554,2.0007,2.1688,417522.352,308287.2
002313.SZ,20140226,13.53,2.525,0.81,25.1165,2.0632,2.2366,430569.9255,317921.175
002313.SZ,20140225,13.59,3.3331,0.96,25.2279,2.0723,2.2465,432479.3265,319331.025
002313.SZ,20140224,14.33,2.5827,0.64,26.6016,2.1852,2.3689,456028.6055,336719.175
002313.SZ,20140221,14.49,2.6578,0.61,26.8987,2.2096,2.3953,461120.3415,340478.775
002313.SZ,20140220,14.46,3.3155,0.75,26.843,2.205,2.3904,460165.641,339773.85
002313.SZ,20140219,14.83,3.6819,0.83,27.5298,2.2614,2.4515,471940.2805,348467.925
002313.SZ,20140218,14.99,5.0669,1.15,27.8268,2.2858,2.478,477032.0165,352227.525
002313.SZ,20140217,15.01,5.6129,1.34,27.864,2.2889,2.4813,477668.4835,352697.475
002313.SZ,20140214,14.38,4.1751,1.02,26.6945,2.1928,2.3771,457619.773,337894.05
002313.SZ,20140213,14.24,3.4371,0.85,26.4346,2.1715,2.354,453164.504,334604.4
002313.SZ,20140212,14.74,3.8858,0.99,27.3627,2.2477,2.4366,469076.179,346353.15
002313.SZ,20140211,14.35,4.9658,1.47,26.6388,2.1882,2.3722,456665.0725,337189.125
002313.SZ,20140210,14.39,4.5037,1.44,26.713,2.1943,2.3788,457938.0065,338129.025
002313.SZ,20140207,13.8,3.6586,1.11,25.6178,2.1044,2.2812,439162.23,324265.5
002313.SZ,20140130,13.27,3.2078,0.89,24.6339,2.0235,2.1936,422295.8545,311811.825
002313.SZ,20140129,13.59,3.3877,0.9,25.2279,2.0723,2.2465,432479.3265,319331.025
002313.SZ,20140128,13.58,2.1835,0.54,25.2094,2.0708,2.2449,432161.093,319096.05
002313.SZ,20140127,13.48,3.1656,0.67,25.0237,2.0556,2.2283,428978.758,316746.3
002313.SZ,20140124,13.66,4.5151,0.94,25.3579,2.083,2.2581,434706.961,320975.85
002313.SZ,20140123,13.54,4.6946,1.07,25.1351,2.0647,2.2383,430888.159,318156.15
002313.SZ,20140122,13.21,4.2751,0.93,24.5225,2.0144,2.1837,420386.4535,310401.975
002313.SZ,20140121,12.88,3.6426,0.87,23.9099,1.9641,2.1292,409884.748,302647.8
002313.SZ,20140120,12.84,6.5021,2.04,23.8357,1.958,2.1226,408611.814,301707.9
002313.SZ,20140117,13.75,5.0143,1.73,25.5249,2.0967,2.273,437571.0625,323090.625
002313.SZ,20140116,15.28,2.5741,0.78,28.3652,2.3301,2.5259,486260.788,359041.8
002313.SZ,20140115,15.21,5.1936,1.76,28.2352,2.3194,2.5143,484033.1535,357396.975
002313.SZ,20140114,15.72,1.6453,0.55,29.182,2.3972,2.5986,500263.062,369380.7
002313.SZ,20140113,15.35,1.5476,0.47,28.4951,2.3407,2.5375,488488.4225,360686.625
002313.SZ,20140110,15.49,3.5278,0.97,28.755,2.3621,2.5606,492943.6915,363976.275
002313.SZ,20140109,16.33,4.5197,1.43,30.3144,2.4902,2.6995,519675.3055,383714.175
002313.SZ,20140108,16.6,3.5507,1.28,30.8156,2.5313,2.7441,528267.61,390058.5
002313.SZ,20140107,16.13,1.8213,0.64,29.9431,2.4597,2.6664,513310.6355,379014.675
002313.SZ,20140106,16.07,3.1308,1.12,29.8317,2.4505,2.6565,511401.2345,377604.825
002313.SZ,20140103,16.72,5.1653,2.16,31.0383,2.5496,2.7639,532086.412,392878.2
002313.SZ,20140102,16.31,2.1827,0.92,30.2772,2.4871,2.6962,519038.8385,383244.225
002313.SZ,20131231,16.03,1.5629,0.66,29.7574,2.4444,2.6499,510128.3005,376664.925
002313.SZ,20131230,16.27,2.108,0.96,30.203,2.481,2.6896,517765.9045,382304.325
002313.SZ,20131227,16.36,2.9127,1.5,30.37,2.4947,2.7044,520630.006,384419.1
002313.SZ,20131226,16.15,3.2116,1.99,29.9802,2.4627,2.6697,513947.1025,379484.625
002313.SZ,20131225,16.18,2.0841,1.44,30.0359,2.4673,2.6747,514901.803,380189.55
002313.SZ,20131224,15.74,1.4892,1.03,29.2191,2.4002,2.6019,500899.529,369850.65
002313.SZ,20131223,15.52,1.3367,0.89,28.8107,2.3667,2.5656,493898.392,364681.2
002313.SZ,20131220,15.72,1.597,1.06,29.182,2.3972,2.5986,500263.062,369380.7
002313.SZ,20131219,15.9,1.5758,0.93,29.5161,2.4246,2.6284,505991.265,373610.25
002313.SZ,20131218,15.9,1.2319,0.62,29.5161,2.4246,2.6284,505991.265,373610.25
002313.SZ,20131217,15.9,1.4941,0.63,29.5161,2.4246,2.6284,505991.265,373610.25
002313.SZ,20131216,16.09,1.5945,0.65,29.8688,2.4536,2.6598,512037.7015,378074.775
002313.SZ,20131213,16.19,1.6075,0.52,30.0545,2.4688,2.6763,515220.0365,380424.525
002313.SZ,20131212,16.28,2.5346,0.53,30.2215,2.4825,2.6912,518084.138,382539.3
002313.SZ,20131211,16.06,2.6817,0.43,29.8131,2.449,2.6548,511083.001,377369.85
002313.SZ,20131210,16.33,3.3471,0.49,30.3144,2.4902,2.6995,519675.3055,383714.175
002313.SZ,20131209,16.65,2.1836,0.3,30.9084,2.539,2.7524,529858.7775,391233.375
002313.SZ,20131206,16.62,4.7914,0.65,30.8527,2.5344,2.7474,528904.077,390528.45
002313.SZ,20131205,17.12,10.9616,1.67,31.7809,2.6106,2.8301,544815.752,402277.2
002313.SZ,20131204,17.65,9.9837,1.81,32.7648,2.6915,2.9177,561682.1275,414730.875
002313.SZ,20131203,17.01,6.1146,1.28,31.5767,2.5939,2.8119,541315.1835,399692.475
002313.SZ,20131202,15.94,4.7646,1.07,29.5904,2.4307,2.635,507264.199,374550.15
002313.SZ,20131129,17.38,5.2161,1.25,32.2635,2.6503,2.873,553089.823,408386.55
002313.SZ,20131128,17.16,6.8262,1.47,31.8551,2.6167,2.8367,546088.686,403217.1
002313.SZ,20131127,17.45,4.6722,1.0,32.3935,2.661,2.8846,555317.4575,410031.375
002313.SZ,20131126,16.85,2.4373,0.5,31.2797,2.5695,2.7854,536223.4475,395932.875
002313.SZ,20131125,16.66,3.1328,0.58,30.927,2.5405,2.754,530177.011,391468.35
002313.SZ,20131122,17.04,3.822,0.71,31.6324,2.5984,2.8168,542269.884,400397.4
002313.SZ,20131121,17.41,9.2072,2.31,32.3192,2.6549,2.878,554044.5235,409091.475
002313.SZ,20131120,16.85,4.8239,1.39,31.2797,2.5695,2.7854,536223.4475,395932.875
002313.SZ,20131119,16.38,3.3588,1.04,30.4072,2.4978,2.7077,521266.473,384889.05
002313.SZ,20131118,16.43,5.6398,2.34,30.5,2.5054,2.716,522857.6405,386063.925
002313.SZ,20131115,15.94,3.9621,2.02,29.5904,2.4307,2.635,507264.199,374550.15
002313.SZ,20131114,15.55,2.156,1.21,28.8664,2.3712,2.5705,494853.0925,365386.125
002313.SZ,20131113,15.29,2.1948,1.22,28.3837,2.3316,2.5276,486579.0215,359276.775
002313.SZ,20131112,15.9,2.1489,1.15,29.5161,2.4246,2.6284,505991.265,373610.25
002313.SZ,20131111,15.69,1.5842,0.75,29.1263,2.3926,2.5937,499308.3615,368675.775
002313.SZ,20131108,15.44,1.7307,0.82,28.6622,2.3545,2.5524,491352.524,362801.4
002313.SZ,20131107,15.36,1.2525,0.56,28.5137,2.3423,2.5391,488806.656,360921.6
002313.SZ,20131106,15.66,2.3027,1.05,29.0706,2.388,2.5887,498353.661,367970.85
002313.SZ,20131105,15.89,2.4944,0.9,29.4976,2.4231,2.6267,505673.0315,373375.275
002313.SZ,20131104,15.6,2.801,1.13,28.9592,2.3789,2.5788,496444.26,366561.0
002313.SZ,20131101,15.23,1.6833,0.64,28.2724,2.3224,2.5176,484669.6205,357866.925
002313.SZ,20131031,15.3,1.8075,0.66,28.4023,2.3331,2.5292,486897.255,359511.75
002313.SZ,20131030,15.69,2.1503,0.65,29.1263,2.3926,2.5937,499308.3615,368675.775
002313.SZ,20131029,15.49,5.3645,1.74,28.755,2.3621,2.5606,492943.6915,363976.275
002313.SZ,20131028,16.6,1.4017,0.37,30.8156,2.5887,2.7441,528267.61,390058.5
002313.SZ,20131025,16.65,2.484,0.61,30.9084,2.5965,2.7524,529858.7775,391233.375
002313.SZ,20131024,16.83,2.2775,0.51,31.2425,2.6246,2.7821,535586.9805,395462.925
002313.SZ,20131023,16.89,5.0777,1.09,31.3539,2.6339,2.792,537496.3815,396872.775
002313.SZ,20131022,17.7,4.2038,0.8,32.8576,2.7603,2.9259,563273.295,415905.75
002313.SZ,20131021,18.03,4.7401,0.72,33.4702,2.8117,2.9805,573775.0005,423659.925
002313.SZ,20131018,17.6,3.9384,0.57,32.6719,2.7447,2.9094,560090.96,413556.0
002313.SZ,20131017,17.29,4.5059,0.64,32.0965,2.6963,2.8582,550225.7215,406271.775
002313.SZ,20131016,17.6,5.9673,0.8,32.6719,2.7447,2.9094,560090.96,413556.0
002313.SZ,20131015,18.44,7.2794,0.94,34.2977,2.8765,3.0542,587961.244,433293.9
002313.SZ,20131014,18.32,11.0157,1.78,34.0745,2.8578,3.0343,584135.032,430474.2
002313.SZ,20131011,19.96,5.7469,0.97,37.1248,3.1136,3.3059,636426.596,469010.1
002313.SZ,20131010,19.99,5.2057,0.84,37.1806,3.1183,3.3109,637383.149,469715.025
002313.SZ,20131009,20.33,8.1636,1.33,37.813,3.1713,3.3672,648224.083,477704.175
002313.SZ,20131008,20.12,8.5146,1.46,37.4224,3.1385,3.3324,641528.212,472769.7
002313.SZ,20130930,19.04,3.3946,0.52,35.4137,2.9701,3.1536,607092.304,447392.4
002313.SZ,20130927,18.63,4.3632,0.68,34.6511,2.9061,3.0857,594019.413,437758.425
002313.SZ,20130926,19.1,6.6075,0.98,35.5253,2.9794,3.1635,609005.41,448802.25
002313.SZ,20130925,19.05,7.8939,1.27,35.4323,2.9716,3.1552,607411.155,447627.375
002313.SZ,20130924,18.78,6.8413,1.19,34.9301,2.9295,3.1105,598802.178,441283.05
002313.SZ,20130923,18.69,7.0457,1.31,34.7627,2.9155,3.0956,595932.519,439168.275
002313.SZ,20130918,17.94,3.8308,0.58,33.3677,2.7985,2.9714,572018.694,421545.15
002313.SZ,20130917,17.66,8.2412,1.42,32.8469,2.7548,2.925,563090.866,414965.85
002313.SZ,20130916,18.75,5.0837,0.91,34.8743,2.9248,3.1055,597845.625,440578.125
002313.SZ,20130913,18.02,4.4395,0.8,33.5165,2.811,2.9846,574569.502,423424.95
002313.SZ,20130912,17.65,5.2195,0.98,32.8283,2.7532,2.9233,562772.015,414730.875
002313.SZ,20130911,17.4,10.1931,2.33,32.3633,2.7142,2.8819,554800.74,408856.5
002313.SZ,20130910,19.04,4.0827,0.88,35.4137,2.9701,3.1536,607092.304,447392.4
002313.SZ,20130909,19.43,3.921,0.81,36.1391,3.0309,3.2182,619527.493,456556.425
002313.SZ,20130906,19.27,4.4071,0.65,35.8415,3.0059,3.1917,614425.877,452796.825
002313.SZ,20130905,19.18,4.1318,0.62,35.6741,2.9919,3.1768,611556.218,450682.05
002313.SZ,20130904,19.0,5.3112,0.79,35.3393,2.9638,3.1469,605816.9,446452.5
002313.SZ,20130903,19.55,5.341,0.77,36.3623,3.0496,3.238,623353.705,459376.125
002313.SZ,20130902,19.3,4.867,0.65,35.8973,3.0106,3.1966,615382.43,453501.75
002313.SZ,20130830,19.24,14.0137,2.27,35.7857,3.0013,3.1867,613469.324,452091.9
002313.SZ,20130829,20.91,3.9411,0.6,38.8918,3.2618,3.4633,666717.441,491332.725
002313.SZ,20130828,20.92,5.5927,0.91,38.9104,3.2633,3.4649,667036.292,491567.7
002313.SZ,20130827,21.8,6.3907,0.96,40.5472,3.4006,3.6107,695095.18,512245.5
002313.SZ,20130826,22.23,7.6211,1.17,41.347,3.4677,3.6819,708805.773,522349.425
002313.SZ,20130823,22.51,7.2889,1.28,41.8677,3.5114,3.7283,717733.601,528928.725
002313.SZ,20130822,21.55,5.687,1.03,40.0822,3.3616,3.5693,687123.905,506371.125
002313.SZ,20130821,21.47,3.8221,0.67,39.9334,3.3491,3.556,684573.097,504491.325
002313.SZ,20130820,21.65,8.7163,1.87,40.2682,3.3772,3.5859,690312.415,508720.875
002313.SZ,20130819,21.04,7.013,1.63,39.1336,3.4406,3.4848,670862.504,494387.4
002313.SZ,20130816,19.31,3.2926,0.75,35.9159,3.1577,3.1983,615701.281,453736.725
002313.SZ,20130815,19.91,4.7242,1.1,37.0318,3.2559,3.2977,634832.341,467835.225
002313.SZ,20130814,20.36,4.6659,1.02,37.8688,3.3294,3.3722,649180.636,478409.1
002313.SZ,20130813,19.99,3.6723,0.72,37.1806,3.2689,3.3109,637383.149,469715.025
002313.SZ,20130812,20.26,5.123,1.05,37.6828,3.3131,3.3556,645992.126,476059.35
002313.SZ,20130809,21.15,3.9071,0.76,39.3382,3.4586,3.503,674369.865,496972.125
002313.SZ,20130808,20.89,4.0859,0.79,38.8546,3.4161,3.46,666079.739,490862.775
002313.SZ,20130807,20.78,6.1304,1.24,38.65,3.3981,3.4418,662572.378,488278.05
002313.SZ,20130806,21.92,6.3224,1.39,40.7704,3.5845,3.6306,698921.392,515065.2
002313.SZ,20130805,21.09,3.9787,0.85,39.2266,3.4488,3.4931,672456.759,495562.275
002313.SZ,20130802,20.68,5.0478,1.04,38.464,3.3818,3.4252,659383.868,485928.3
002313.SZ,20130801,20.66,4.5275,0.85,38.4268,3.3785,3.4219,658746.166,485458.35
002313.SZ,20130731,19.77,4.8944,0.83,36.7714,3.233,3.2745,630368.427,464545.575
002313.SZ,20130730,19.2,4.3721,0.63,35.7113,3.1397,3.1801,612193.92,451152.0
002313.SZ,20130729,19.8,4.6073,0.62,36.8272,3.2379,3.2794,631324.98,465250.5
002313.SZ,20130726,20.07,5.7717,0.6,37.3294,3.282,3.3242,639933.957,471594.825
002313.SZ,20130725,20.14,7.1381,0.59,37.4596,3.2935,3.3358,642165.914,473239.65
002313.SZ,20130724,21.69,7.7469,0.59,40.3426,3.5469,3.5925,691587.819,509660.775
002313.SZ,20130723,21.6,9.462,0.67,40.1752,3.5322,3.5776,688718.16,507546.0
002313.SZ,20130722,21.4,7.2818,0.51,39.8032,3.4995,3.5445,682341.14,502846.5
002313.SZ,20130719,20.7,16.7465,1.45,38.5012,3.385,3.4285,660021.57,486398.25
002313.SZ,20130718,20.53,19.2758,2.24,38.185,3.3572,3.4004,654601.103,482403.675
002313.SZ,20130717,18.66,17.0631,1.86,34.7069,3.0514,3.0906,594975.966,341431.35
002313.SZ,20130716,18.32,17.398,2.3,34.0745,2.9958,3.0343,584135.032,335210.2
002313.SZ,20130715,18.17,10.429,1.68,33.7955,2.9713,3.0095,579352.267,332465.575
002313.SZ,20130712,16.52,4.3227,0.68,30.7266,2.7015,2.7362,526741.852,302274.7
002313.SZ,20130711,16.42,5.9375,0.82,30.5406,2.6851,2.7196,523553.342,300444.95
002313.SZ,20130710,16.55,7.6669,1.11,30.7824,2.7064,2.7412,527698.405,302823.625
002313.SZ,20130709,15.44,9.4023,1.57,28.7178,2.5249,2.5573,492305.944,282513.4
002313.SZ,20130708,17.16,3.6295,0.61,31.9169,2.8061,2.8422,547148.316,313985.1
002313.SZ,20130705,17.79,5.11,0.93,33.0887,2.9092,2.9465,567235.929,325512.525
002313.SZ,20130704,18.22,10.3859,2.47,33.8885,2.9795,3.0178,580946.522,333380.45
002313.SZ,20130703,18.78,5.861,1.43,34.9301,3.0711,3.1105,598802.178,343627.05
002313.SZ,20130702,17.8,5.004,1.25,33.1073,2.9108,2.9482,567554.78,325695.5
002313.SZ,20130701,17.11,3.4517,0.9,31.824,2.798,2.8339,545554.061,313070.225
002313.SZ,20130628,16.49,2.724,0.68,30.6708,2.6966,2.7312,525785.299,301725.775
002313.SZ,20130627,16.47,4.0144,1.14,30.6336,2.6933,2.7279,525147.597,301359.825
002313.SZ,20130626,17.25,5.3263,1.82,32.0843,2.8209,2.8571,550017.975,315631.875
002313.SZ,20130625,16.24,4.4773,1.79,30.2058,2.6557,2.6898,517814.024,297151.4
002313.SZ,20130624,14.86,2.7096,1.13,27.639,2.43,2.4612,473812.586,271900.85
002313.SZ,20130621,15.33,3.4637,1.68,28.5132,2.5069,2.5391,488798.583,280500.675
002313.SZ,20130620,16.21,1.5922,0.77,30.15,2.6508,2.6848,516857.471,296602.475
002313.SZ,20130619,16.76,2.3691,1.26,31.173,2.7407,2.7759,534394.276,306666.1
002313.SZ,20130618,17.51,2.3683,1.49,32.5679,2.8634,2.9002,558308.101,320389.225
002313.SZ,20130617,18.01,2.16,1.47,33.4979,2.9451,2.983,574250.651,329537.975
002313.SZ,20130614,17.86,1.7995,1.07,33.2189,2.9206,2.9581,569467.886,326793.35
002313.SZ,20130613,17.09,1.5818,0.96,31.7868,2.7947,2.8306,544916.359,312704.275
002313.SZ,20130607,17.5,1.492,0.74,32.5493,2.8617,2.8985,557989.25,320206.25
002313.SZ,20130606,17.23,0.9242,0.42,32.0471,2.8176,2.8538,549380.273,315265.925
002313.SZ,20130605,17.4,1.5354,0.7,32.3633,2.8454,2.8819,554800.74,318376.5
002313.SZ,20130604,17.0,2.8753,1.23,31.6194,2.78,2.8157,542046.7,311057.5
002313.SZ,20130603,18.36,1.4051,0.49,34.1489,3.0024,3.0409,585410.436,335942.1
002313.SZ,20130531,18.5,3.3366,1.27,34.4093,3.0253,3.0641,589874.35,338503.75
002313.SZ,20130530,19.0,1.8057,0.67,35.3393,3.107,3.1469,605816.9,347652.5
002313.SZ,20130529,18.98,1.5183,0.52,35.3021,3.1038,3.1436,605179.198,347286.55
002313.SZ,20130528,18.93,3.6522,1.25,35.2091,3.0956,3.1353,603584.943,346371.675
002313.SZ,20130527,19.75,3.9479,1.36,36.7342,3.2297,3.2712,629730.725,361375.625
002313.SZ,20130524,20.1,2.2448,0.66,37.3852,3.2869,3.3291,640890.51,367779.75
002313.SZ,20130523,20.14,2.1763,0.61,37.4596,3.2935,3.3358,642165.914,368511.65
002313.SZ,20130522,20.48,2.4473,0.69,38.092,3.3491,3.3921,653006.848,374732.8
002313.SZ,20130521,21.04,3.8437,1.07,39.1336,3.4406,3.4848,670862.504,384979.4
002313.SZ,20130520,19.96,3.8497,1.2,37.1248,3.264,3.3059,636426.596,365218.1
002313.SZ,20130517,19.99,4.6663,1.69,37.1806,3.2689,3.3109,637383.149,365767.025
002313.SZ,20130516,19.41,3.144,1.24,36.1019,3.1741,3.2148,618889.791,355154.475
002313.SZ,20130515,18.65,2.2325,0.95,34.6883,3.0498,3.089,594657.115,341248.375
002313.SZ,20130514,18.42,4.0547,2.16,34.2605,3.0122,3.0509,587323.542,337039.95
002313.SZ,20130513,19.67,1.9739,0.97,36.5855,3.2166,3.2579,627179.917,359911.825
002313.SZ,20130510,19.36,2.4213,1.26,36.0089,3.1659,3.2066,617295.536,354239.6
002313.SZ,20130509,25.88,2.6103,1.11,37.0276,3.1371,3.2973,634758.76,364261.0
002313.SZ,20130508,25.89,1.7583,0.68,37.0419,3.1383,3.2986,635004.03,364401.75
002313.SZ,20130507,25.75,2.0982,0.72,36.8416,3.1213,3.2807,631570.25,362431.25
002313.SZ,20130506,26.3,3.6602,1.2,37.6285,3.188,3.3508,645060.1,370172.5
002313.SZ,20130503,24.41,2.3787,0.7,34.9244,2.9589,3.11,598704.07,343570.75
002313.SZ,20130502,23.95,1.8913,0.57,34.2662,2.9031,3.0514,587421.65,337096.25
002313.SZ,20130426,23.59,2.9372,1.0,33.7512,2.8595,3.0055,578591.93,332029.25
002313.SZ,20130425,22.93,3.669,1.49,32.8069,2.7795,2.9214,562404.11,322739.75
002313.SZ,20130424,23.7,4.3871,2.56,33.9085,2.8728,3.0195,581289.9,333577.5
002313.SZ,20130423,22.18,4.1537,3.96,31.7338,2.6886,2.8259,544008.86,312183.5
002313.SZ,20130422,21.42,1.451,1.47,30.6465,2.5576,2.729,525368.34,301486.5
002313.SZ,20130419,21.15,1.0313,1.04,30.2602,2.5254,2.6946,518746.05,297686.25
002313.SZ,20130418,20.91,1.2563,1.48,29.9168,2.4967,2.6641,512859.57,294308.25
002313.SZ,20130417,20.5,0.6682,0.74,29.3302,2.4478,2.6118,502803.5,288537.5
002313.SZ,20130416,20.13,0.8376,0.93,28.8008,2.4036,2.5647,493728.51,283329.75
002313.SZ,20130415,19.87,1.1272,1.37,28.4288,2.3725,2.5316,487351.49,279670.25
002313.SZ,20130412,20.7,1.0641,1.28,29.6163,2.4716,2.6373,507708.9,291352.5
002313.SZ,20130411,21.69,0.5406,0.55,31.0328,2.5899,2.7634,531990.63,305286.75
002313.SZ,20130410,21.72,0.9693,1.03,31.0757,2.5934,2.7673,532726.44,305709.0
002313.SZ,20130409,21.68,0.79,0.79,31.0184,2.5887,2.7622,531745.36,305146.0
002313.SZ,20130408,21.61,0.761,0.7,36.4364,2.6954,3.9759,530028.47,304160.75
002313.SZ,20130403,21.08,1.0863,0.99,35.5428,2.6293,3.8784,517029.16,296701.0
002313.SZ,20130402,21.05,1.3185,1.1,35.4922,2.6255,3.8728,516293.35,296278.75
002313.SZ,20130401,21.91,0.7622,0.51,36.9423,2.7328,4.0311,537386.57,308383.25
002313.SZ,20130329,21.58,1.0813,0.62,36.3859,2.6916,3.9704,529292.66,303738.5
002313.SZ,20130328,21.83,1.1751,0.6,36.8074,2.7228,4.0163,535424.41,307257.25
002313.SZ,20130327,22.7,1.1452,0.54,38.2743,2.8313,4.1764,556762.9,319502.5
002313.SZ,20130326,23.21,1.8148,0.85,39.1342,2.8949,4.2702,569271.67,326680.75
002313.SZ,20130325,22.52,2.3264,1.11,37.9708,2.8089,4.1433,552348.04,316969.0
002313.SZ,20130322,23.26,2.2871,1.03,39.2185,2.9012,4.2794,570498.02,327384.5
002313.SZ,20130321,23.81,2.2507,1.06,40.1458,2.9698,4.3806,583987.87,335125.75
002313.SZ,20130320,23.25,1.958,0.91,39.2016,2.8999,4.2776,570252.75,327243.75
002313.SZ,20130319,23.16,1.8182,0.71,39.0499,2.8887,4.261,568045.32,325977.0
002313.SZ,20130318,22.75,2.1594,0.88,38.3586,2.8375,4.1856,557989.25,320206.25
002313.SZ,20130315,22.62,2.8641,1.13,38.1394,2.8213,4.1617,554800.74,318376.5
002313.SZ,20130314,21.93,1.7969,0.56,36.976,2.7353,4.0347,537877.11,308664.75
002313.SZ,20130313,21.27,2.0807,0.54,35.8632,2.653,3.9133,521689.29,299375.25
002313.SZ,20130312,21.15,3.8231,1.1,35.6608,2.638,3.8912,518746.05,297686.25
002313.SZ,20130311,23.03,1.718,0.44,38.8307,2.8725,4.2371,564856.81,324147.25
002313.SZ,20130308,22.82,3.2532,0.83,38.4766,2.8463,4.1985,559706.14,321191.5
002313.SZ,20130307,22.78,5.2035,1.45,37.5839,2.7946,4.1011,546720.0,320628.5
002313.SZ,20130306,22.43,5.144,1.61,37.0064,2.7517,4.0381,538320.0,315702.25
002313.SZ,20130305,20.93,2.1227,0.55,34.5316,2.5677,3.768,502320.0,294589.75
002313.SZ,20130304,20.49,3.5919,0.79,33.8057,2.5137,3.6888,491760.0,288396.75
002313.SZ,20130301,21.58,3.5602,0.73,35.6041,2.6474,3.885,517920.0,303738.5
002313.SZ,20130228,20.8,3.4789,0.71,34.3172,2.5517,3.7446,499200.0,292760.0
002313.SZ,20130227,20.66,3.2229,0.72,34.0862,2.5346,3.7194,495840.0,290789.5
002313.SZ,20130226,20.19,5.2837,1.44,33.3107,2.4769,3.6348,484560.0,284174.25
002313.SZ,20130225,20.69,7.0471,2.77,34.1357,2.5382,3.7248,496560.0,291211.75
002313.SZ,20130222,18.96,5.2891,2.86,31.2814,2.326,3.4134,455040.0,266862.0
002313.SZ,20130221,18.51,3.7558,2.75,30.539,2.2708,3.3324,444240.0,260528.25
002313.SZ,20130220,18.03,1.1211,0.71,29.747,2.2451,3.2459,432720.0,253772.25
002313.SZ,20130219,17.51,1.132,0.66,28.8891,2.1803,3.1523,420240.0,246453.25
002313.SZ,20130218,18.07,1.4091,0.79,29.813,2.2501,3.2531,433680.0,254335.25
002313.SZ,20130208,18.0,1.8298,1.13,29.6975,2.2414,3.2405,432000.0,253350.0
002313.SZ,20130207,17.65,1.3432,0.84,29.1201,2.1978,3.1775,423600.0,248423.75
002313.SZ,20130206,17.48,2.1479,1.57,28.8396,2.1766,3.1469,419520.0,246031.0
002313.SZ,20130205,16.78,1.8814,1.55,27.6847,2.0894,3.0209,402720.0,236178.5
002313.SZ,20130204,16.68,1.7505,1.64,27.5197,2.077,3.0029,400320.0,234771.0
002313.SZ,20130201,17.29,0.9383,0.94,28.5261,2.153,3.1127,414960.0,243356.75
002313.SZ,20130131,17.39,1.2451,1.22,28.6911,2.1654,3.1307,417360.0,244764.25
002313.SZ,20130130,17.84,1.0153,1.01,29.4336,2.2214,3.2117,428160.0,251098.0
002313.SZ,20130129,18.18,1.1353,1.11,29.9945,2.2638,3.2729,436320.0,255883.5
002313.SZ,20130128,17.95,1.0006,0.91,29.615,2.2351,3.2315,430800.0,252646.25
002313.SZ,20130125,17.3,0.59,0.48,28.5426,2.1542,3.1145,415200.0,243497.5
002313.SZ,20130124,17.22,1.3716,1.11,28.4106,2.1442,3.1001,413280.0,242371.5
002313.SZ,20130123,17.63,0.9274,0.7,29.0871,2.1953,3.1739,423120.0,248142.25
002313.SZ,20130122,17.89,1.2063,0.81,29.5161,2.2277,3.2207,429360.0,251801.75
002313.SZ,20130121,18.54,1.3871,0.89,30.5885,2.3086,3.3378,444960.0,260950.5
002313.SZ,20130118,17.99,1.231,0.69,29.681,2.2401,3.2387,431760.0,253209.25
002313.SZ,20130117,17.93,1.4088,0.7,29.582,2.2326,3.2279,430320.0,252364.75
002313.SZ,20130116,18.51,1.4337,0.69,30.539,2.3049,3.3324,444240.0,260528.25
002313.SZ,20130115,18.85,1.954,0.97,31.0999,2.3472,3.3936,452400.0,265313.75
002313.SZ,20130114,18.52,1.7798,0.95,30.5555,2.3061,3.3342,444480.0,260669.0
002313.SZ,20130111,17.99,2.3227,1.36,29.681,2.2401,3.2387,431760.0,253209.25
002313.SZ,20130110,18.94,2.5043,1.45,31.2484,2.3584,3.4098,454560.0,266580.5
002313.SZ,20130109,18.01,1.7621,0.91,29.714,2.2426,3.2423,432240.0,253490.75
002313.SZ,20130108,17.71,1.7358,0.83,29.2191,2.2053,3.1883,425040.0,249268.25
002313.SZ,20130107,17.69,1.0022,0.41,29.1861,2.2028,3.1847,424560.0,248986.75
002313.SZ,20130104,17.91,1.5225,0.62,29.5491,2.2302,3.2243,429840.0,252083.25
002313.SZ,20121231,18.12,2.6215,1.22,29.8955,2.2563,3.2621,434880.0,255039.0
002313.SZ,20121228,17.61,2.7967,1.48,29.0541,2.1928,3.1703,422640.0,247860.75
002313.SZ,20121227,16.62,2.489,1.48,27.4207,2.0695,2.9921,398880.0,233926.5
002313.SZ,20121226,17.16,2.6752,1.88,28.3117,2.1368,3.0893,411840.0,241527.0
002313.SZ,20121225,16.06,1.6856,1.26,26.4968,1.9998,2.8913,385440.0,226044.5
002313.SZ,20121224,15.63,1.1298,0.81,25.7874,1.9463,2.8139,375120.0,219992.25
002313.SZ,20121221,15.67,1.4748,1.07,25.8534,1.9512,2.8211,376080.0,220555.25
002313.SZ,20121220,15.95,1.4526,1.26,26.3153,1.9861,2.8715,382800.0,224496.25
002313.SZ,20121219,15.65,1.3814,1.36,25.8204,1.9487,2.8175,375600.0,220273.75
002313.SZ,20121218,15.23,1.2471,1.33,25.1274,1.8964,2.7419,365520.0,214362.25
002313.SZ,20121217,15.16,1.3925,1.62,25.0119,1.8877,2.7293,363840.0,213377.0
002313.SZ,20121214,15.06,1.3945,1.72,24.8469,1.8753,2.7112,361440.0,211969.5
002313.SZ,20121213,14.23,0.3607,0.44,23.4776,1.7719,2.5618,341520.0,200287.25
002313.SZ,20121212,14.37,0.6994,0.81,23.7085,1.7894,2.587,344880.0,202257.75
002313.SZ,20121211,14.61,0.848,1.06,24.1045,1.8192,2.6302,350640.0,205635.75
002313.SZ,20121210,14.9,0.9945,1.37,24.583,1.8554,2.6824,357600.0,209717.5
002313.SZ,20121207,14.72,1.1437,1.89,24.286,1.8329,2.65,353280.0,207184.0
002313.SZ,20121206,14.33,0.4462,0.69,23.6425,1.7844,2.5798,343920.0,201694.75
002313.SZ,20121205,14.39,0.8881,1.39,23.7415,1.7918,2.5906,345360.0,202539.25
002313.SZ,20121204,13.8,0.5341,0.78,22.7681,1.7184,2.4844,331200.0,194235.0
002313.SZ,20121203,13.31,0.6196,0.94,21.9597,1.6574,2.3962,319440.0,187338.25
002313.SZ,20121130,13.9,1.5148,0.8,22.9331,1.7308,2.5024,333600.0,69500.0
002313.SZ,20121129,13.74,1.8403,1.03,22.6691,1.7109,2.4736,329760.0,68700.0
002313.SZ,20121128,13.73,2.4148,1.43,22.6526,1.7097,2.4718,329520.0,68650.0
002313.SZ,20121127,14.02,2.1242,1.27,23.1311,1.7458,2.524,336480.0,70100.0
002313.SZ,20121126,14.79,1.4067,0.86,24.4015,1.8417,2.6626,354960.0,73950.0
002313.SZ,20121123,15.04,1.7292,1.03,24.8139,1.8728,2.7076,360960.0,75200.0
002313.SZ,20121122,15.02,1.2547,0.73,24.7809,1.8703,2.704,360480.0,75100.0
002313.SZ,20121121,15.44,1.95,1.23,25.4739,1.9226,2.7797,370560.0,77200.0
002313.SZ,20121120,15.39,2.0196,1.36,25.3914,1.9164,2.7707,369360.0,76950.0
002313.SZ,20121119,15.61,1.2143,0.84,25.7544,1.9438,2.8103,374640.0,78050.0
002313.SZ,20121116,15.76,1.955,1.28,26.0018,1.9624,2.8373,378240.0,78800.0
002313.SZ,20121115,16.4,1.4282,0.78,27.0578,2.0421,2.9525,393600.0,82000.0
002313.SZ,20121114,16.89,1.3336,0.75,27.8662,2.1031,3.0407,405360.0,84450.0
002313.SZ,20121113,16.67,1.4869,0.89,27.5032,2.0758,3.0011,400080.0,83350.0
002313.SZ,20121112,16.64,1.0409,0.6,27.4537,2.072,2.9957,399360.0,83200.0
002313.SZ,20121109,16.5,2.3321,1.29,27.2227,2.0546,2.9705,396000.0,82500.0
002313.SZ,20121108,16.98,3.0167,1.78,28.0147,2.1144,3.0569,407520.0,84900.0
002313.SZ,20121107,18.32,0.9782,0.51,30.2255,2.2812,3.2981,439680.0,91600.0
002313.SZ,20121106,18.3,1.0252,0.52,30.1925,2.2787,3.2945,439200.0,91500.0
002313.SZ,20121105,18.4,1.2631,0.64,30.3575,2.2912,3.3125,441600.0,92000.0
002313.SZ,20121102,18.45,2.7618,1.54,30.44,2.2974,3.3216,442800.0,92250.0
002313.SZ,20121101,18.71,2.4428,1.23,30.8689,2.3298,3.3684,449040.0,93550.0
002313.SZ,20121031,18.24,2.0077,0.76,30.0935,2.2712,3.2837,437760.0,91200.0
002313.SZ,20121030,18.55,1.3293,0.5,30.605,2.3099,3.3396,445200.0,92750.0
002313.SZ,20121029,18.66,1.3547,0.52,30.7865,2.3235,3.3594,447840.0,93300.0
002313.SZ,20121026,18.72,1.8465,0.73,30.8854,2.331,3.3702,449280.0,93600.0
002313.SZ,20121025,19.24,3.3906,1.57,31.7434,2.3958,3.4638,461760.0,96200.0
002313.SZ,20121024,19.6,5.2865,3.63,32.3373,2.4406,3.5286,470400.0,98000.0
002313.SZ,20121023,20.7,1.383,0.91,34.1522,2.6503,3.7266,496800.0,103500.0
002313.SZ,20121022,21.04,1.2221,0.64,34.7131,2.6938,3.7878,504960.0,105200.0
002313.SZ,20121019,20.98,1.2984,0.69,34.6141,2.6862,3.777,503520.0,104900.0
002313.SZ,20121018,21.19,1.6313,0.92,34.9606,2.7131,3.8148,508560.0,105950.0
002313.SZ,20121017,20.8,1.7455,1.02,34.3172,2.6631,3.7446,499200.0,104000.0
002313.SZ,20121016,20.85,1.7343,1.02,34.3997,2.6695,3.7536,500400.0,104250.0
002313.SZ,20121015,20.97,3.0714,2.35,34.5976,2.6849,3.7752,503280.0,104850.0
002313.SZ,20121012,22.29,1.2126,0.96,36.7755,2.8539,4.0129,534960.0,111450.0
002313.SZ,20121011,22.09,1.0616,0.75,36.4455,2.8283,3.9769,530160.0,110450.0
002313.SZ,20121010,22.34,1.5148,1.09,36.8579,2.8603,4.0219,536160.0,111700.0
002313.SZ,20121009,22.26,1.6742,1.17,36.726,2.8501,4.0075,534240.0,111300.0
002313.SZ,20121008,21.46,1.0712,0.68,35.4061,2.7476,3.8634,515040.0,107300.0
002313.SZ,20120928,21.65,0.9682,0.45,35.7195,2.772,3.8976,519600.0,108250.0
002313.SZ,20120927,21.37,1.8123,0.74,35.2576,2.7361,3.8472,512880.0,106850.0
002313.SZ,20120926,20.63,1.4205,0.44,34.0367,2.6414,3.714,495120.0,103150.0
002313.SZ,20120925,21.21,1.8968,0.44,34.9936,2.7156,3.8184,509040.0,106050.0
002313.SZ,20120924,22.13,1.7497,0.36,36.5115,2.8334,3.9841,531120.0,110650.0
002313.SZ,20120921,22.26,3.8653,0.89,36.726,2.8501,4.0075,534240.0,111300.0
002313.SZ,20120920,23.39,3.2859,0.83,38.5903,2.9947,4.2109,561360.0,116950.0
002313.SZ,20120919,23.41,5.2477,1.56,38.6233,2.9973,4.2145,561840.0,117050.0
002313.SZ,20120918,23.6,7.4846,3.22,38.9368,3.0216,4.2487,566400.0,118000.0
002313.SZ,20120917,22.92,4.5091,1.9,37.8149,2.9346,4.1263,550080.0,114600.0
002313.SZ,20120914,22.51,1.2962,0.46,37.1384,2.8821,4.0525,540240.0,112550.0
002313.SZ,20120913,22.43,1.2285,0.43,37.0064,2.8718,4.0381,538320.0,112150.0
002313.SZ,20120912,22.7,2.255,0.82,37.4519,2.9064,4.0867,544800.0,113500.0
002313.SZ,20120911,22.86,2.3224,0.93,37.7159,2.9269,4.1155,548640.0,114300.0
002313.SZ,20120910,23.33,4.7778,2.66,38.4913,2.987,4.2001,559920.0,116650.0
002313.SZ,20120907,22.31,3.4103,2.55,36.8085,2.8565,4.0165,535440.0,111550.0
002313.SZ,20120906,21.7,1.6131,1.14,35.802,2.7784,3.9066,520800.0,108500.0
002313.SZ,20120905,21.16,1.6332,1.29,34.9111,2.7092,3.8094,507840.0,105800.0
002313.SZ,20120904,20.62,1.0485,0.8,34.0202,2.6401,3.7122,494880.0,103100.0
002313.SZ,20120903,20.86,1.2663,0.8,34.4161,2.6708,3.7554,500640.0,104300.0
002313.SZ,20120831,20.43,1.1323,0.68,33.7067,2.6157,3.678,490320.0,102150.0
002313.SZ,20120830,20.6,1.9673,1.21,33.9872,2.6375,3.7086,494400.0,103000.0
002313.SZ,20120829,21.3,0.8952,0.46,35.1421,2.7271,3.8346,511200.0,106500.0
002313.SZ,20120828,21.4,1.3279,0.62,35.3071,2.7399,3.8526,513600.0,107000.0
002313.SZ,20120827,21.19,2.56,1.34,34.9606,2.7131,3.8148,508560.0,105950.0
002313.SZ,20120824,22.3,1.6203,0.88,36.792,2.8552,4.0147,535200.0,111500.0
002313.SZ,20120823,22.88,1.7076,0.9,37.7489,2.9294,4.1191,549120.0,114400.0
002313.SZ,20120822,22.55,2.569,1.42,37.2044,2.8872,4.0597,541200.0,112750.0
002313.SZ,20120821,23.02,2.3331,0.99,37.9799,2.9474,4.1443,552480.0,115100.0
002313.SZ,20120820,22.62,1.29,0.47,37.3199,2.8961,4.0723,542880.0,113100.0
002313.SZ,20120817,22.47,1.2628,0.39,37.0724,2.8769,4.0453,539280.0,112350.0
002313.SZ,20120816,22.42,2.0093,0.63,36.9899,2.8705,4.0363,538080.0,112100.0
002313.SZ,20120815,22.24,2.1415,0.73,36.693,2.8475,4.0039,533760.0,111200.0
002313.SZ,20120814,22.61,5.0394,2.29,37.3034,2.8949,4.0705,542640.0,113050.0
002313.SZ,20120813,23.0,3.1861,1.7,37.9469,2.9448,4.1407,552000.0,115000.0
002313.SZ,20120810,23.82,3.6873,2.88,39.2997,3.0498,4.2883,571680.0,119100.0
002313.SZ,20120809,24.5,1.7956,1.72,40.4217,3.2616,4.4107,588000.0,122500.0
002313.SZ,20120808,24.05,0.9813,1.0,39.6792,3.2017,4.3297,577200.0,120250.0
002313.SZ,20120807,24.15,1.3397,1.61,39.8442,3.215,4.3477,579600.0,120750.0
002313.SZ,20120806,24.0,1.5431,2.07,39.5967,3.195,4.3207,576000.0,120000.0
002313.SZ,20120803,23.38,0.7308,0.8,38.5738,3.1125,4.2091,561120.0,116900.0
002313.SZ,20120802,22.86,0.626,0.67,37.7159,3.0433,4.1155,548640.0,114300.0
002313.SZ,20120801,22.98,0.6651,0.73,37.9139,3.0592,4.1371,551520.0,114900.0
002313.SZ,20120731,22.56,0.5912,0.6,37.2209,3.0033,4.0615,541440.0,112800.0
002313.SZ,20120730,22.52,1.1138,1.15,37.1549,2.998,4.0543,540480.0,112600.0
002313.SZ,20120727,22.78,1.5747,1.77,37.5839,3.0326,4.1011,546720.0,113900.0
002313.SZ,20120726,23.45,0.7511,0.69,38.6893,3.1218,4.2217,562800.0,117250.0
002313.SZ,20120725,23.53,0.5196,0.37,38.8213,3.1324,4.2361,564720.0,117650.0
002313.SZ,20120724,23.64,0.9786,0.53,39.0028,3.1471,4.2559,567360.0,118200.0
002313.SZ,20120723,23.64,1.0253,0.45,39.0028,3.1471,4.2559,567360.0,118200.0
002313.SZ,20120720,23.8,1.1845,0.46,39.2667,3.1684,4.2847,571200.0,119000.0
002313.SZ,20120719,24.25,1.7337,0.56,40.0092,3.2283,4.3657,582000.0,121250.0
002313.SZ,20120718,23.9,2.0489,0.69,39.4317,3.1817,4.3027,573600.0,119500.0
002313.SZ,20120717,22.9,3.1999,1.18,31.4849,4.4408,3.4356,458000.0,114500.0
002313.SZ,20120716,23.55,3.1298,1.15,32.3786,4.5668,3.5331,471000.0,117750.0
002313.SZ,20120713,24.98,2.7417,0.99,34.3447,4.8441,3.7476,499600.0,124900.0
002313.SZ,20120712,25.25,4.4135,2.05,34.7159,4.8965,3.7881,505000.0,126250.0
002313.SZ,20120711,23.76,1.3066,0.53,32.6673,4.6076,3.5646,475200.0,118800.0
002313.SZ,20120710,23.67,2.0165,0.79,32.5436,4.5901,3.5511,473400.0,118350.0
002313.SZ,20120709,24.55,3.0709,1.36,33.7535,4.7608,3.6831,491000.0,122750.0
002313.SZ,20120706,24.75,2.9952,1.54,34.0284,4.7995,3.7131,495000.0,123750.0
002313.SZ,20120705,23.82,1.3765,0.73,32.7498,4.6192,3.5736,476400.0,119100.0
002313.SZ,20120704,24.18,2.9535,1.73,33.2447,4.689,3.6276,483600.0,120900.0
002313.SZ,20120703,23.78,2.3701,1.5,32.6948,4.6114,3.5676,475600.0,118900.0
002313.SZ,20120702,23.3,1.5895,1.01,32.0348,4.5184,3.4956,466000.0,116500.0
002313.SZ,20120629,22.8,1.4654,0.86,31.3474,4.4214,3.4206,456000.0,114000.0
002313.SZ,20120628,22.24,1.0465,0.54,30.5775,4.3128,3.3366,444800.0,111200.0
002313.SZ,20120627,22.56,2.0854,0.97,31.0174,4.3749,3.3846,451200.0,112800.0
002313.SZ,20120626,22.57,1.7084,0.78,31.0312,4.3768,3.3861,451400.0,112850.0
002313.SZ,20120625,22.71,1.5934,0.7,31.2237,4.4039,3.4071,454200.0,113550.0
002313.SZ,20120621,23.72,2.1251,0.97,32.6123,4.5998,3.5586,474400.0,118600.0
002313.SZ,20120620,24.55,2.2591,1.04,33.7535,4.7608,3.6831,491000.0,122750.0
002313.SZ,20120619,24.45,3.0894,1.73,33.616,4.7414,3.6681,489000.0,122250.0
002313.SZ,20120618,24.04,1.8623,1.08,33.0523,4.6619,3.6066,480800.0,120200.0
002313.SZ,20120615,23.78,2.1259,1.25,32.6948,4.6114,3.5676,475600.0,118900.0
002313.SZ,20120614,24.2,1.5682,0.89,33.2722,4.6929,3.6306,484000.0,121000.0
002313.SZ,20120613,24.32,2.2584,1.19,33.4372,4.7162,3.6486,486400.0,121600.0
002313.SZ,20120612,23.93,1.1074,0.51,32.901,4.6405,3.5901,478600.0,119650.0
002313.SZ,20120611,24.41,1.5245,0.61,33.561,4.7336,3.6621,488200.0,122050.0
002313.SZ,20120608,24.1,2.0603,0.69,33.1348,4.6735,3.6156,482000.0,120500.0
002313.SZ,20120607,24.46,1.9032,0.6,33.6297,4.7433,3.6696,489200.0,122300.0
002313.SZ,20120606,24.55,2.8868,0.99,33.7535,4.7608,3.6831,491000.0,122750.0
002313.SZ,20120605,24.19,2.3902,0.89,33.2585,4.6909,3.6291,483800.0,120950.0
002313.SZ,20120604,24.75,3.3186,1.51,34.0284,4.7995,3.7131,495000.0,123750.0
002313.SZ,20120601,24.95,4.4342,2.98,34.3034,4.8383,3.7431,499000.0,124750.0
002313.SZ,20120531,24.09,2.8411,2.65,33.121,4.6716,3.6141,481800.0,120450.0
002313.SZ,20120530,23.46,1.5704,1.61,32.2548,4.5494,3.5196,469200.0,117300.0
002313.SZ,20120529,23.16,1.2609,1.21,31.8424,4.4912,3.4746,463200.0,115800.0
002313.SZ,20120528,22.97,0.8746,0.86,31.5811,4.4544,3.4461,459400.0,114850.0
002313.SZ,20120525,22.21,0.8875,0.86,30.5362,4.307,3.3321,444200.0,111050.0
002313.SZ,20120524,22.78,0.7671,0.76,31.3199,4.4175,3.4176,455600.0,113900.0
002313.SZ,20120523,22.78,1.0757,1.1,31.3199,4.4175,3.4176,455600.0,113900.0
002313.SZ,20120522,23.3,1.6126,1.97,32.0348,4.5184,3.4956,466000.0,116500.0
002313.SZ,20120521,22.73,0.7219,0.76,31.2512,4.4078,3.4101,454600.0,113650.0
002313.SZ,20120518,22.42,0.9781,0.75,30.8249,4.3477,3.3636,448400.0,112100.0
002313.SZ,20120517,22.89,0.682,0.47,31.4711,4.4388,3.4341,457800.0,114450.0
002313.SZ,20120516,22.61,0.8825,0.56,31.0862,4.3846,3.3921,452200.0,113050.0
002313.SZ,20120515,23.04,0.8287,0.43,31.6774,4.4679,3.4566,460800.0,115200.0
002313.SZ,20120514,22.86,1.3748,0.66,31.4299,4.433,3.4296,457200.0,114300.0
002313.SZ,20120511,22.9,2.7149,1.32,31.4849,4.4408,3.4356,458000.0,114500.0
002313.SZ,20120510,23.88,1.4961,0.7,32.8323,4.6308,3.5826,477600.0,119400.0
002313.SZ,20120509,23.76,1.5321,0.68,32.6673,4.6076,3.5646,475200.0,118800.0
002313.SZ,20120508,24.44,2.4425,1.12,33.6022,4.7394,3.6666,488800.0,122200.0
002313.SZ,20120507,24.18,2.2185,1.06,33.2447,4.689,3.6276,483600.0,120900.0
002313.SZ,20120504,23.65,2.5901,1.38,32.5161,4.5862,3.5481,473000.0,118250.0
002313.SZ,20120503,24.04,1.852,0.9,33.0523,4.6619,3.6066,480800.0,120200.0
002313.SZ,20120502,23.75,2.1309,0.89,32.6535,4.6056,3.5631,475000.0,118750.0
002313.SZ,20120427,23.78,2.1554,0.79,32.6948,4.6114,3.5676,475600.0,118900.0
002313.SZ,20120426,23.25,1.7034,0.53,31.9661,4.5087,3.4881,465000.0,116250.0
002313.SZ,20120425,23.3,1.5334,0.47,32.0348,4.5184,3.4956,466000.0,116500.0
002313.SZ,20120424,23.4,2.7389,0.87,32.1723,4.5377,3.5106,468000.0,117000.0
002313.SZ,20120423,22.82,3.8492,1.48,31.3749,4.4253,3.4236,456400.0,114100.0
002313.SZ,20120420,24.16,3.798,1.8,33.2172,4.7767,3.6246,483200.0,120800.0
002313.SZ,20120419,23.58,4.2516,2.93,32.4198,4.662,3.5376,471600.0,117900.0
002313.SZ,20120418,22.92,1.7638,1.42,31.5124,4.5315,3.4386,458400.0,114600.0
002313.SZ,20120417,22.45,1.9954,1.9,30.8662,4.4386,3.3681,449000.0,112250.0
002313.SZ,20120416,46.54,2.449,1.28,31.9936,4.4682,3.4911,465400.0,116350.0
002313.SZ,20120413,46.5,2.6717,1.37,31.9661,4.4644,3.4881,465000.0,116250.0
002313.SZ,20120412,46.01,1.8494,1.04,31.6293,4.4173,3.4513,460100.0,115025.0
002313.SZ,20120411,45.81,1.4592,0.79,31.4918,4.3981,3.4363,458100.0,114525.0
002313.SZ,20120410,46.06,2.0814,1.08,31.6636,4.4221,3.4551,460600.0,115150.0
002313.SZ,20120409,45.29,1.5335,0.79,31.1343,4.3482,3.3973,452900.0,113221.2636
002313.SZ,20120405,44.69,2.8367,1.67,30.7218,4.2906,3.3523,446900.0,111721.3131
002313.SZ,20120330,42.73,1.0146,0.51,29.3744,4.1024,3.2053,427300.0,106821.4748
002313.SZ,20120329,42.52,1.718,0.86,29.2301,4.0823,3.1895,425200.0,106296.4921
002313.SZ,20120328,42.56,2.532,1.21,29.2576,4.0861,3.1925,425600.0,106396.4888
002313.SZ,20120327,44.7,1.6619,0.65,30.7287,4.2916,3.3531,447000.0,111746.3123
002313.SZ,20120326,44.91,1.5777,0.45,30.8731,4.3117,3.3688,449100.0,112271.2949
002313.SZ,20120323,44.91,2.4117,0.6,30.8731,4.3117,3.3688,449100.0,112271.2949
002313.SZ,20120322,45.05,1.8469,0.34,30.9693,4.3252,3.3793,450500.0,112621.2834
002313.SZ,20120321,45.13,2.9625,0.45,31.0243,4.3328,3.3853,451300.0,112821.2768
002313.SZ,20120320,45.66,4.0025,0.58,31.3887,4.3837,3.4251,456600.0,114146.2331
002313.SZ,20120319,47.35,6.2568,1.04,32.5504,4.546,3.5518,473500.0,118371.0936
002313.SZ,20120316,46.2,5.1611,0.97,31.7599,4.4356,3.4656,462000.0,115496.1885
002313.SZ,20120315,45.52,8.588,2.2,31.2924,4.3703,3.4146,455200.0,113800.0
002313.SZ,20120314,47.3,8.6942,3.6,46.9357,4.5412,5.2467,473000.0,118250.0
002313.SZ,20120313,46.0,5.6531,3.09,45.6457,4.4164,5.1025,460000.0,115000.0
002313.SZ,20120309,43.4,2.1005,1.15,43.0657,4.1667,4.8141,434000.0,108500.0
002313.SZ,20120308,42.59,1.6461,0.93,42.262,4.089,4.7243,425900.0,106475.0
002313.SZ,20120307,41.93,1.3974,0.81,41.607,4.0256,4.6511,419300.0,104825.0
002313.SZ,20120306,41.48,1.2836,0.64,41.1605,3.9824,4.6011,414800.0,103700.0
002313.SZ,20120305,42.1,2.7209,1.16,41.7757,4.0419,4.6699,421000.0,105250.0
002313.SZ,20120302,42.82,2.0994,0.97,42.4902,4.1111,4.7498,428200.0,107050.0
002313.SZ,20120301,42.25,1.3373,0.61,41.9246,4.0563,4.6866,422500.0,105625.0
002313.SZ,20120229,41.75,1.1654,0.47,41.4284,4.0083,4.6311,417500.0,104375.0
002313.SZ,20120228,41.53,2.6942,1.17,41.2101,3.9872,4.6067,415300.0,103825.0
002313.SZ,20120227,42.3,4.3823,2.06,41.9742,4.2127,4.6921,423000.0,105750.0
002313.SZ,20120224,43.11,1.2926,0.65,42.7779,4.2934,4.7819,431100.0,107775.0
002313.SZ,20120223,43.15,1.3882,0.75,42.8176,4.2974,4.7864,431500.0,107875.0
002313.SZ,20120222,43.7,2.7717,1.94,43.3634,4.3521,4.8474,437000.0,109250.0
002313.SZ,20120221,42.3,1.6332,1.38,41.9742,4.2127,4.6921,423000.0,105750.0
002313.SZ,20120220,41.67,3.5266,5.92,41.349,4.15,4.6222,416700.0,104175.0
002313.SZ,20120217,40.58,0.6007,1.09,40.2674,4.0414,4.5013,405800.0,101450.0
002313.SZ,20120216,40.49,0.7165,1.27,40.1781,4.0325,4.4913,404900.0,101225.0
002313.SZ,20120215,40.95,0.6651,1.13,40.6346,4.0783,4.5424,409500.0,102375.0
002313.SZ,20120214,40.31,0.4098,0.67,39.9995,4.0145,4.4714,403100.0,100775.0
002313.SZ,20120213,40.6,0.5884,0.86,40.2873,4.0434,4.5035,406000.0,101500.0
002313.SZ,20120210,40.0,0.3679,0.51,39.6919,3.9837,4.437,400000.0,100000.0
002313.SZ,20120209,40.35,0.7942,1.24,40.0392,4.0185,4.4758,403500.0,100875.0
002313.SZ,20120208,40.27,0.7798,1.32,39.9598,4.0105,4.4669,402700.0,100675.0
002313.SZ,20120207,38.98,0.5082,0.94,38.6798,3.8821,4.3238,389800.0,97450.0
002313.SZ,20120206,39.56,0.9624,1.97,39.2553,3.9398,4.3882,395600.0,98900.0
002313.SZ,20120203,39.27,0.5294,1.04,38.9675,3.911,4.356,392700.0,98175.0
002313.SZ,20120202,38.85,0.431,0.7,38.5508,3.8691,4.3094,388500.0,97125.0
002313.SZ,20120201,38.37,0.5157,0.76,38.0745,3.8213,4.2562,383700.0,95925.0
002313.SZ,20120131,37.92,0.2634,0.35,37.6279,3.7765,4.2063,379200.0,94800.0
002313.SZ,20120130,38.18,0.7039,1.01,37.8859,3.8024,4.2351,381800.0,95450.0
002313.SZ,20120120,37.8,0.6394,0.88,37.5088,3.7646,4.1929,378000.0,94500.0
002313.SZ,20120119,36.81,0.9567,1.6,36.5265,3.666,4.0831,368100.0,92025.0
002313.SZ,20120118,36.79,0.8166,1.51,36.5066,3.664,4.0809,367900.0,91975.0
002313.SZ,20120117,38.83,0.6549,1.09,38.5309,3.8671,4.3072,388300.0,97075.0
002313.SZ,20120116,37.0,0.4066,0.59,36.715,3.6849,4.1042,370000.0,92500.0
002313.SZ,20120113,38.8,0.7994,1.26,38.5011,3.8641,4.3039,388000.0,97000.0
002313.SZ,20120112,41.06,0.3136,0.47,40.7437,4.0892,4.5546,410600.0,102650.0
002313.SZ,20120111,41.7,0.5218,0.83,41.3788,4.153,4.6255,417000.0,104250.0
002313.SZ,20120110,41.6,0.9692,1.93,41.2796,4.143,4.6145,416000.0,104000.0
002313.SZ,20120109,39.84,0.8483,2.0,39.5331,3.9677,4.4192,398400.0,99600.0
002313.SZ,20120106,37.99,0.5092,1.27,37.6974,3.7835,4.214,379900.0,94975.0
002313.SZ,20120105,37.7,0.4928,1.26,37.4096,3.7546,4.1818,377000.0,94250.0
002313.SZ,20120104,39.65,0.3129,0.8,39.3446,3.9488,4.3981,396500.0,99125.0
002313.SZ,20111230,40.5,0.3426,0.97,40.188,4.0335,4.4924,405000.0,101250.0
002313.SZ,20111229,40.13,0.4683,1.31,39.8209,3.9966,4.4514,401300.0,100325.0
002313.SZ,20111228,39.5,0.3809,0.91,39.1958,3.9339,4.3815,395000.0,98750.0
002313.SZ,20111227,40.0,0.4551,1.08,39.6919,3.9837,4.437,400000.0,100000.0
002313.SZ,20111226,41.39,0.3138,0.69,41.0712,4.1221,4.5912,413900.0,103475.0
002313.SZ,20111223,41.7,0.1529,0.23,41.3788,4.153,4.6255,417000.0,104250.0
002313.SZ,20111222,41.58,0.4896,0.54,41.2597,4.141,4.6122,415800.0,103950.0
002313.SZ,20111221,42.5,0.6859,0.82,42.1726,4.2326,4.7143,425000.0,106250.0
002313.SZ,20111220,42.3,0.4578,0.55,41.9742,4.2127,4.6921,423000.0,105750.0
002313.SZ,20111219,42.9,0.4741,0.58,42.5696,4.2725,4.7587,429000.0,107250.0
002313.SZ,20111216,42.83,1.269,2.17,42.5001,4.2655,4.7509,428300.0,107075.0
002313.SZ,20111215,41.95,1.6653,5.4,41.6269,4.1779,4.6533,419500.0,104875.0
002313.SZ,20111214,42.05,0.3204,1.11,41.7261,4.1878,4.6644,420500.0,105125.0
002313.SZ,20111213,43.1,0.4015,1.35,42.768,4.2924,4.7808,431000.0,107750.0
002313.SZ,20111212,44.0,0.4022,1.11,43.6611,4.382,4.8807,440000.0,110000.0
002313.SZ,20111209,44.35,0.1347,0.32,44.0084,4.4169,4.9195,443500.0,110875.0
002313.SZ,20111208,44.42,0.2828,0.45,44.0779,4.4238,4.9273,444200.0,111050.0
002313.SZ,20111207,43.85,0.2159,0.24,43.5122,4.3671,4.864,438500.0,109625.0
002313.SZ,20111206,43.7,0.4478,0.43,43.3634,4.3521,4.8474,437000.0,109250.0
002313.SZ,20111205,43.01,0.7231,0.64,42.6787,4.2834,4.7709,430100.0,107525.0
002313.SZ,20111202,43.35,0.457,0.4,43.0161,4.3173,4.8086,433500.0,108375.0
002313.SZ,20111201,44.55,1.2945,1.26,44.2069,4.4368,4.9417,445500.0,111375.0
002313.SZ,20111130,43.88,1.5718,1.83,43.542,4.3701,4.8674,438800.0,109700.0
002313.SZ,20111129,46.0,1.124,1.43,45.6457,4.5812,5.1025,460000.0,115000.0
002313.SZ,20111128,45.86,1.2355,1.74,45.5068,4.5673,5.087,458600.0,114650.0
002313.SZ,20111125,46.58,0.518,0.63,46.2212,4.639,5.1669,465800.0,116450.0
002313.SZ,20111124,46.73,0.697,0.69,46.3701,4.6539,5.1835,467300.0,116825.0
002313.SZ,20111123,47.02,0.7287,0.64,46.6578,4.6828,5.2157,470200.0,117550.0
002313.SZ,20111122,46.55,0.7602,0.68,46.1914,4.636,5.1635,465500.0,116375.0
002313.SZ,20111121,47.0,0.854,0.74,46.638,4.6808,5.2134,470000.0,117500.0
002313.SZ,20111118,47.33,1.0585,0.98,46.9654,4.7137,5.25,473300.0,118325.0
002313.SZ,20111117,48.11,1.6295,1.64,47.7394,4.7913,5.3366,481100.0,120275.0
002313.SZ,20111116,47.0,1.3477,1.49,46.638,4.6808,5.2134,470000.0,117500.0
002313.SZ,20111115,48.53,0.6918,0.78,48.1562,4.8332,5.3832,485300.0,121325.0
002313.SZ,20111114,48.35,1.0642,1.4,47.9776,4.8152,5.3632,483500.0,120875.0
002313.SZ,20111111,46.87,0.654,0.69,46.509,4.6678,5.199,468700.0,117175.0
002313.SZ,20111110,48.07,1.2177,0.74,47.6997,4.7874,5.3321,480700.0,120175.0
002313.SZ,20111109,47.71,0.8877,0.51,47.3425,4.7515,5.2922,477100.0,119275.0
002313.SZ,20111108,47.11,0.5998,0.32,46.7471,4.6918,5.2256,471100.0,117775.0
002313.SZ,20111107,47.89,0.4325,0.22,47.5211,4.7694,5.3122,478900.0,119725.0
002313.SZ,20111104,48.01,1.5801,0.91,47.6402,4.7814,5.3255,480100.0,120025.0
002313.SZ,20111103,48.2,4.7495,5.11,47.8287,4.8003,5.3466,482000.0,120500.0
002313.SZ,20111102,47.0,1.2878,1.49,46.638,4.6808,5.2134,470000.0,117500.0
002313.SZ,20111101,46.0,1.2699,1.64,45.6457,4.5812,5.1025,460000.0,115000.0
002313.SZ,20111031,45.1,0.7686,0.77,44.7526,4.4916,5.0027,451000.0,112750.0
002313.SZ,20111028,44.49,0.6438,0.66,44.1473,4.4308,4.935,444900.0,111225.0
002313.SZ,20111027,43.85,0.6741,0.65,43.5122,4.3671,4.864,438500.0,109625.0
002313.SZ,20111026,44.1,0.9524,1.03,43.7603,4.5989,4.8918,441000.0,110250.0
002313.SZ,20111025,42.6,0.8427,0.94,42.2719,4.4425,4.7254,426000.0,106500.0
002313.SZ,20111024,41.41,1.8931,2.99,41.091,4.3184,4.5934,414100.0,103525.0
002313.SZ,20111021,42.59,0.5501,0.86,42.262,4.4414,4.7243,425900.0,106475.0
002313.SZ,20111020,42.6,0.9315,1.51,42.2719,4.4425,4.7254,426000.0,106500.0
002313.SZ,20111019,43.8,0.3898,0.52,43.4626,4.5676,4.8585,438000.0,109500.0
002313.SZ,20111018,43.78,0.6977,1.01,43.4428,4.5655,4.8563,437800.0,109450.0
002313.SZ,20111017,45.02,0.5934,1.0,44.6732,4.6949,4.9938,450200.0,112550.0
002313.SZ,20111014,44.59,0.5703,1.07,44.2465,4.65,4.9461,445900.0,111475.0
002313.SZ,20111013,44.51,0.8432,1.81,44.1672,4.6417,4.9372,445100.0,111275.0
002313.SZ,20111012,43.95,1.0212,2.93,43.6115,4.5833,4.8751,439500.0,109875.0
002313.SZ,20111011,42.63,0.4152,1.1,42.3016,4.4456,4.7287,426300.0,106575.0
002313.SZ,20111010,42.36,0.1276,0.27,42.0337,4.4175,4.6988,423600.0,105900.0
002313.SZ,20110930,42.37,0.2504,0.44,42.0436,4.4185,4.6999,423700.0,105925.0
002313.SZ,20110929,42.56,0.5121,0.73,42.2322,4.4383,4.7209,425600.0,106400.0
002313.SZ,20110928,43.51,0.4397,0.46,43.1749,4.5374,4.8263,435100.0,108775.0
002313.SZ,20110927,44.16,0.5575,0.62,43.8199,4.6052,4.8984,441600.0,110400.0
002313.SZ,20110926,43.15,0.6355,0.76,42.8176,4.4998,4.7864,431500.0,107875.0
002313.SZ,20110923,43.72,0.6902,0.74,43.3832,4.5593,4.8496,437200.0,109300.0
002313.SZ,20110922,43.9,1.1759,1.21,43.5619,4.5781,4.8696,439000.0,109750.0
002313.SZ,20110921,44.2,1.6933,2.26,43.8595,4.6093,4.9029,442000.0,110500.0
002313.SZ,20110920,43.08,0.2763,0.36,42.7482,4.4925,4.7786,430800.0,107700.0
002313.SZ,20110919,43.03,0.345,0.45,42.6986,4.4873,4.7731,430300.0,107575.0
002313.SZ,20110916,43.89,1.2023,1.86,43.5519,4.577,4.8685,438900.0,109725.0
002313.SZ,20110915,44.18,1.341,2.97,43.8397,4.6073,4.9006,441800.0,110450.0
002313.SZ,20110914,44.18,0.5739,1.43,43.8397,4.6073,4.9006,441800.0,110450.0
002313.SZ,20110913,44.33,0.4009,0.76,43.9885,4.6229,4.9173,443300.0,110825.0
002313.SZ,20110909,45.16,0.3209,0.42,44.8122,4.7095,5.0093,451600.0,112900.0
002313.SZ,20110907,46.31,0.6024,0.72,45.9533,4.8294,5.1369,463100.0,115775.0
002313.SZ,20110906,45.2,0.3565,0.4,44.8518,4.7136,5.0138,452000.0,113000.0
002313.SZ,20110905,45.0,0.3275,0.36,44.6534,4.6928,4.9916,450000.0,112500.0
002313.SZ,20110902,45.8,1.0199,1.14,45.4472,4.7762,5.0803,458000.0,114500.0
002313.SZ,20110901,46.99,1.5166,1.68,46.6281,4.9003,5.2123,469900.0,117475.0
002313.SZ,20110831,46.8,0.9702,1.04,46.4395,4.8805,5.1913,468000.0,117000.0
002313.SZ,20110830,48.01,0.6396,0.67,47.6402,5.0067,5.3255,480100.0,120025.0
002313.SZ,20110829,48.88,0.4328,0.39,48.5035,5.0974,5.422,488800.0,122200.0
002313.SZ,20110826,48.94,0.9283,0.85,48.563,5.1037,5.4286,489400.0,122350.0
002313.SZ,20110825,49.2,1.5485,1.67,48.821,5.1308,5.4575,492000.0,123000.0
002313.SZ,20110824,48.8,1.1293,1.29,48.4241,5.0891,5.4131,488000.0,122000.0
002313.SZ,20110823,48.01,0.7367,0.69,47.6402,5.0067,5.3255,480100.0,120025.0
002313.SZ,20110822,47.49,1.2175,1.15,47.1242,4.9524,5.2678,474900.0,118725.0
002313.SZ,20110819,46.99,0.8493,0.66,46.6281,4.9003,5.2123,469900.0,117475.0
002313.SZ,20110818,47.32,0.6979,0.47,46.9555,4.9347,5.2489,473200.0,118300.0
002313.SZ,20110817,47.9,0.8899,0.51,47.5311,4.9952,5.3133,479000.0,119750.0
002313.SZ,20110816,47.89,1.7026,0.91,47.5211,4.9942,5.3122,478900.0,119725.0
002313.SZ,20110815,49.2,1.1647,0.57,48.821,5.1308,5.4575,492000.0,123000.0
002313.SZ,20110812,48.94,2.0067,1.06,48.563,5.1037,5.4286,489400.0,122350.0
002313.SZ,20110811,48.25,1.7302,0.96,47.8784,5.0317,5.3521,482500.0,120625.0
002313.SZ,20110810,48.06,2.1032,1.2,47.6898,5.0119,5.331,480600.0,120150.0
002313.SZ,20110809,47.49,2.3275,1.27,47.1242,4.9524,5.2678,474900.0,118725.0
002313.SZ,20110808,46.96,2.0318,0.78,46.5983,4.8972,5.209,469600.0,117400.0
002313.SZ,20110805,46.77,1.2446,0.37,46.4098,4.8774,5.1879,467700.0,116925.0
002313.SZ,20110804,48.13,1.2754,0.36,47.7593,5.0192,5.3388,481300.0,120325.0
002313.SZ,20110803,48.8,1.913,0.55,48.4241,5.0891,5.4131,488000.0,122000.0
002313.SZ,20110801,48.6,2.6965,0.83,48.2257,5.0682,5.3909,486000.0,121500.0
002313.SZ,20110729,49.47,5.8765,2.5,49.089,5.1589,5.4874,494700.0,123675.0
002313.SZ,20110728,52.8,4.9493,3.19,52.3933,5.8146,5.8568,528000.0,132000.0
002313.SZ,20110727,49.6,2.0567,1.43,49.218,5.4622,5.5018,496000.0,124000.0
002313.SZ,20110726,48.62,1.7454,0.96,48.2455,5.3543,5.3931,486200.0,121550.0
002313.SZ,20110725,46.87,1.6295,0.7,46.509,5.1616,5.199,468700.0,117175.0
002313.SZ,20110722,48.88,1.3636,0.54,48.5035,5.383,5.422,488800.0,122200.0
002313.SZ,20110721,47.3,0.953,0.35,46.9357,5.209,5.2467,473000.0,118250.0
002313.SZ,20110720,48.42,1.5116,0.54,48.047,5.3323,5.371,484200.0,121050.0
002313.SZ,20110719,48.77,3.6516,1.56,48.3943,5.3708,5.4098,487700.0,121925.0
002313.SZ,20110718,49.0,4.1942,2.5,48.6226,5.3962,5.4353,490000.0,122500.0
002313.SZ,20110715,47.9,2.2246,1.6,47.5311,5.275,5.3133,479000.0,119750.0
002313.SZ,20110714,46.49,2.2098,1.79,46.1319,5.1198,5.1569,464900.0,116225.0
002313.SZ,20110713,45.28,1.688,1.57,44.9312,4.9865,5.0227,452800.0,113200.0
002313.SZ,20110712,44.88,1.3741,1.46,44.5343,4.9425,4.9783,448800.0,112200.0
002313.SZ,20110711,45.0,0.8773,0.9,44.6534,4.9557,4.9916,450000.0,112500.0
002313.SZ,20110708,45.5,0.8118,0.89,45.1495,5.0107,5.0471,455000.0,113750.0
002313.SZ,20110707,45.61,1.4176,1.76,45.2587,5.0228,5.0593,456100.0,114025.0
002313.SZ,20110706,44.67,0.8886,0.89,44.3259,4.9193,4.955,446700.0,111675.0
002313.SZ,20110705,44.29,0.7168,0.69,43.9489,4.8775,4.9128,442900.0,110725.0
002313.SZ,20110704,44.29,1.0462,0.93,43.9489,4.8775,4.9128,442900.0,110725.0
002313.SZ,20110701,43.12,0.4704,0.39,42.7879,4.7486,4.7831,431200.0,107800.0
002313.SZ,20110630,43.48,0.9088,0.76,43.1451,4.7883,4.823,434800.0,108700.0
002313.SZ,20110629,43.6,1.8278,2.03,43.2642,4.8015,4.8363,436000.0,109000.0
002313.SZ,20110628,42.5,0.9485,0.89,42.1726,4.6804,4.7143,425000.0,106250.0
002313.SZ,20110627,42.6,1.4659,1.64,42.2719,4.6914,4.7254,426000.0,106500.0
002313.SZ,20110624,41.0,0.927,1.19,40.6842,4.5152,4.5479,410000.0,102500.0
002313.SZ,20110623,39.65,0.774,1.08,39.3446,4.3665,4.3981,396500.0,99125.0
002313.SZ,20110622,38.15,0.3884,0.51,37.8562,4.2013,4.2318,381500.0,95375.0
002313.SZ,20110621,38.4,1.7467,3.34,38.1042,4.2288,4.2595,384000.0,96000.0
002313.SZ,20110620,38.7,0.6451,1.15,38.4019,4.2619,4.2928,387000.0,96750.0
002313.SZ,20110617,40.0,0.3396,0.62,39.6919,4.405,4.437,400000.0,100000.0
002313.SZ,20110616,40.21,0.4595,0.78,39.9003,4.4282,4.4603,402100.0,100525.0
002313.SZ,20110615,40.9,0.5942,1.11,40.585,4.5042,4.5368,409000.0,102250.0
002313.SZ,20110614,41.24,0.5763,1.04,40.9223,4.5416,4.5745,412400.0,103100.0
002313.SZ,20110613,40.72,0.8349,1.37,40.4064,4.4843,4.5168,407200.0,101800.0
002313.SZ,20110610,41.26,0.284,0.37,40.9422,4.5438,4.5767,412600.0,103150.0
002313.SZ,20110609,41.0,0.6563,0.89,40.6842,4.5152,4.5479,410000.0,102500.0
002313.SZ,20110608,42.23,0.3226,0.42,41.9047,4.6506,4.6843,422300.0,105575.0
002313.SZ,20110607,42.11,0.6799,0.97,41.7856,4.6374,4.671,421100.0,105275.0
002313.SZ,20110603,41.95,1.1061,2.01,41.6269,4.6198,4.6533,419500.0,104875.0
002313.SZ,20110602,40.2,1.0433,2.55,39.8904,4.4271,4.4592,402000.0,100500.0
002313.SZ,20110601,41.46,0.5316,1.33,41.1407,4.5658,4.5989,414600.0,103650.0
002313.SZ,20110531,41.46,0.4447,1.01,41.1407,4.5658,4.5989,414600.0,103650.0
002313.SZ,20110530,40.7,0.3821,0.64,40.3865,4.4821,4.5146,407000.0,101750.0
002313.SZ,20110527,40.93,0.3532,0.55,40.6147,4.5075,4.5401,409300.0,102325.0
002313.SZ,20110526,41.53,0.3354,0.42,41.2101,4.5735,4.6067,415300.0,103825.0
002313.SZ,20110525,42.0,0.4862,0.59,41.6765,4.6253,4.6588,420000.0,105000.0
002313.SZ,20110524,42.5,0.6345,0.76,42.1726,4.6804,4.7143,425000.0,106250.0
002313.SZ,20110523,42.3,1.1717,1.74,41.9742,4.6583,4.6921,423000.0,105750.0
002313.SZ,20110520,43.98,0.5657,0.82,43.6412,4.8433,4.8785,439800.0,109950.0
002313.SZ,20110519,44.05,1.1612,2.11,43.7107,4.851,4.8862,440500.0,110125.0
002313.SZ,20110518,43.79,0.5963,1.2,43.4527,4.8224,4.8574,437900.0,109475.0
002313.SZ,20110517,44.29,0.6678,1.36,43.9489,4.8775,4.9128,442900.0,110725.0
002313.SZ,20110516,43.66,0.3783,0.63,43.3237,4.8081,4.843,436600.0,109150.0
002313.SZ,20110513,43.69,0.646,0.88,43.3535,4.8114,4.8463,436900.0,109225.0
002313.SZ,20110512,43.68,0.4577,0.58,43.3436,4.8103,4.8452,436800.0,109200.0
002313.SZ,20110511,45.11,0.3287,0.37,44.7625,4.8089,5.0038,451100.0,112775.0
002313.SZ,20110510,44.8,0.6438,0.63,44.4549,4.7759,4.9694,448000.0,112000.0
002313.SZ,20110509,45.22,0.9336,0.89,44.8717,4.8206,5.016,452200.0,113050.0
002313.SZ,20110506,45.9,1.3062,1.16,45.5465,4.8931,5.0914,459000.0,114750.0
002313.SZ,20110505,44.39,0.7606,0.65,44.0481,4.7322,4.9239,443900.0,110975.0
002313.SZ,20110504,43.49,0.7613,0.65,43.155,4.6362,4.8241,434900.0,108725.0
002313.SZ,20110503,43.89,1.3558,1.22,43.5519,4.6788,4.8685,438900.0,109725.0
002313.SZ,20110429,41.8,1.0436,0.86,41.478,4.456,4.6366,418000.0,104500.0
002313.SZ,20110428,40.55,1.7105,1.49,40.2377,4.3785,4.498,405500.0,101375.0
002313.SZ,20110427,43.75,0.9628,0.88,43.413,4.724,4.8529,437500.0,109375.0
002313.SZ,20110426,45.38,0.8231,0.65,45.0305,4.9,5.0337,453800.0,113450.0
002313.SZ,20110425,46.4,1.0196,0.74,46.0426,5.0102,5.1469,464000.0,116000.0
002313.SZ,20110422,47.85,1.5301,1.24,47.4814,5.1667,5.3077,478500.0,119625.0
002313.SZ,20110421,47.18,1.3928,1.21,46.8166,5.0944,5.2334,471800.0,117950.0
002313.SZ,20110419,45.86,0.7005,0.56,45.5068,4.9519,5.087,458600.0,114650.0
002313.SZ,20110418,45.69,1.7278,1.32,45.3381,4.9335,5.0681,456900.0,114225.0
002313.SZ,20110415,46.97,1.5678,1.2,46.6082,5.0717,5.2101,469700.0,117425.0
002313.SZ,20110414,47.7,0.7682,0.54,47.3326,5.1506,5.2911,477000.0,119250.0
002313.SZ,20110413,47.58,0.9917,0.69,47.2135,5.1376,5.2778,475800.0,118950.0
002313.SZ,20110412,46.96,1.2092,0.89,46.5983,5.0706,5.209,469600.0,117400.0
002313.SZ,20110411,47.1,2.0141,1.62,46.7372,5.0858,5.2245,471000.0,117750.0
002313.SZ,20110408,48.37,1.526,1.11,47.9974,5.2229,5.3654,483700.0,120925.0
002313.SZ,20110407,47.0,1.4364,1.04,46.638,5.075,5.2134,470000.0,117500.0
002313.SZ,20110406,47.1,1.0381,0.74,46.7372,5.0858,5.2245,471000.0,117750.0
002313.SZ,20110401,48.03,0.7926,0.51,47.66,5.1862,5.3277,480300.0,120075.0
002313.SZ,20110331,48.32,1.4259,0.89,47.9478,5.2175,5.3599,483200.0,120800.0
002313.SZ,20110330,48.0,2.1842,1.48,47.6303,5.1829,5.3244,480000.0,120000.0
002313.SZ,20110329,49.5,1.4622,1.0,68.2363,5.3438,7.2266,495000.0,123750.0
002313.SZ,20110328,51.24,1.1133,0.71,70.6349,5.5317,7.4806,512400.0,128100.0
002313.SZ,20110325,52.2,1.6517,1.1,71.9582,5.6353,7.6208,522000.0,130500.0
002313.SZ,20110324,52.04,1.6085,1.08,71.7377,5.6181,7.5974,520400.0,130100.0
002313.SZ,20110323,52.7,1.5246,0.95,72.6475,5.6893,7.6938,527000.0,131750.0
002313.SZ,20110322,50.68,1.381,0.75,69.8629,5.4712,7.3989,506800.0,126700.0
002313.SZ,20110321,50.7,1.7038,0.95,69.8905,5.4734,7.4018,507000.0,126750.0
002313.SZ,20110318,51.95,1.2662,0.68,71.6136,5.6083,7.5843,519500.0,129875.0
002313.SZ,20110317,52.0,1.5486,0.83,71.6825,5.6137,7.5916,520000.0,130000.0
002313.SZ,20110316,54.31,2.1255,1.24,74.8669,5.8631,7.9288,543100.0,135775.0
002313.SZ,20110315,53.96,2.5183,1.68,74.3844,5.8253,7.8777,539600.0,134900.0
002313.SZ,20110314,55.28,1.5336,0.88,76.2041,5.9678,8.0704,552800.0,138200.0
002313.SZ,20110311,54.64,1.6065,0.9,75.3218,5.8987,7.977,546400.0,136600.0
002313.SZ,20110310,54.36,1.5686,0.86,74.9358,5.8685,7.9361,543600.0,135900.0
002313.SZ,20110309,53.76,1.3121,0.69,74.1087,5.8037,7.8485,537600.0,134400.0
002313.SZ,20110308,53.68,1.4553,0.74,73.9984,5.7951,7.8368,536800.0,134200.0
002313.SZ,20110307,53.07,2.7628,1.55,73.1575,5.7292,7.7478,530700.0,132675.0
002313.SZ,20110304,52.88,1.8517,0.65,72.8956,5.7087,7.72,528800.0,132200.0
002313.SZ,20110303,53.5,1.733,0.61,73.7503,5.7757,7.8105,535000.0,133750.0
002313.SZ,20110302,55.69,1.73,0.58,76.7692,6.0121,8.1303,556900.0,139225.0
002313.SZ,20110301,55.85,1.7959,0.47,76.9898,6.0294,8.1536,558500.0,139625.0
002313.SZ,20110228,55.78,1.7965,0.43,76.8933,6.0218,8.1434,557800.0,139450.0
002313.SZ,20110225,55.75,7.1567,2.03,76.852,6.0186,8.139,557500.0,139375.0
002313.SZ,20110224,57.73,1.717,0.38,79.5814,6.2323,8.4281,577300.0,144325.0
002313.SZ,20110223,59.23,2.3921,0.55,81.6492,6.3943,8.6471,592300.0,148075.0
002313.SZ,20110222,59.2,5.9734,1.73,81.6078,6.6248,8.6427,592000.0,148000.0
002313.SZ,20110221,59.8,3.8839,1.21,82.4349,6.6919,8.7303,598000.0,149500.0
002313.SZ,20110218,56.2,3.6689,1.19,77.4723,6.2891,8.2047,562000.0,140500.0
002313.SZ,20110217,57.3,6.8683,3.43,78.9886,6.4122,8.3653,573000.0,143250.0
002313.SZ,20110216,55.98,1.3914,0.62,77.169,6.2645,8.1726,559800.0,139950.0
002313.SZ,20110215,54.8,1.4828,0.71,75.5424,6.1324,8.0003,548000.0,137000.0
002313.SZ,20110214,55.69,2.5776,1.42,76.7692,6.232,8.1303,556900.0,139225.0
002313.SZ,20110211,53.66,3.0378,1.63,73.9709,6.0048,7.8339,536600.0,134150.0
002313.SZ,20110210,51.6,1.5306,0.68,71.1311,5.7743,7.5332,516000.0,129000.0
002313.SZ,20110209,50.98,2.5643,1.17,70.2765,5.7049,7.4426,509800.0,127450.0
002313.SZ,20110201,49.3,0.7223,0.28,67.9606,5.5169,7.1974,493000.0,123250.0
002313.SZ,20110131,49.49,1.2099,0.42,68.2225,5.5382,7.2251,494900.0,123725.0
002313.SZ,20110128,49.2,3.2812,1.12,67.8227,5.5057,7.1828,492000.0,123000.0
002313.SZ,20110127,48.0,3.5074,1.39,66.1685,5.3715,7.0076,480000.0,120000.0
002313.SZ,20110126,46.6,2.2339,0.87,64.2386,5.2148,6.8032,466000.0,116500.0
002313.SZ,20110125,45.48,2.7104,1.26,62.6947,5.0895,6.6397,454800.0,113700.0
002313.SZ,20110124,45.95,2.5107,1.18,63.3426,5.142,6.7083,459500.0,114875.0
002313.SZ,20110121,47.95,3.7156,2.07,66.0996,5.3659,7.0003,479500.0,119875.0
002313.SZ,20110120,49.35,1.443,0.84,68.0295,5.5225,7.2047,493500.0,123375.0
002313.SZ,20110119,52.34,2.4463,1.6,72.1512,5.8571,7.6412,523400.0,130850.0
002313.SZ,20110118,51.5,0.6213,0.34,70.9933,5.7631,7.5186,515000.0,128750.0
002313.SZ,20110117,51.71,2.4297,1.4,71.2828,5.7866,7.5492,517100.0,129275.0
002313.SZ,20110114,54.74,2.0288,1.12,75.4597,6.1257,7.9916,547400.0,136850.0
002313.SZ,20110113,56.12,1.0804,0.55,77.362,6.2801,8.193,561200.0,140300.0
002313.SZ,20110112,55.44,1.467,0.68,76.4246,6.204,8.0938,554400.0,138600.0
002313.SZ,20110111,55.3,2.1373,0.89,76.2316,6.1884,8.0733,553000.0,138250.0
002313.SZ,20110110,55.75,1.9592,0.88,76.852,6.2387,8.139,557500.0,139375.0
002313.SZ,20110107,56.45,2.4068,1.06,77.8169,6.3171,8.2412,564500.0,141125.0
002313.SZ,20110106,58.1,1.9307,0.69,80.0915,6.5017,8.4821,581000.0,145250.0
002313.SZ,20110105,58.0,2.3482,0.62,79.9536,6.4905,8.4675,580000.0,145000.0
002313.SZ,20110104,57.79,3.3929,0.87,79.6641,6.467,8.4369,577900.0,144475.0
002313.SZ,20101231,57.7,1.114,0.28,79.5401,6.4569,8.4237,577000.0,144250.0
002313.SZ,20101230,56.88,2.5709,0.67,78.4097,6.3652,8.304,568800.0,142200.0
002313.SZ,20101229,56.39,4.6034,1.25,77.7342,6.3103,8.2325,563900.0,140975.0
002313.SZ,20101228,53.3,7.1487,2.59,73.4746,5.9646,7.7813,533000.0,133250.0
002313.SZ,20101227,56.2,4.005,1.5,77.4723,6.2891,8.2047,562000.0,140500.0
002313.SZ,20101224,59.5,1.8232,0.71,82.0214,6.6584,8.6865,595000.0,148750.0
002313.SZ,20101223,60.0,1.7439,0.64,82.7106,6.7143,8.7595,600000.0,150000.0
002313.SZ,20101222,60.9,3.6435,1.35,83.9513,6.815,8.8909,609000.0,152250.0
002313.SZ,20101221,61.99,2.5889,0.85,85.4539,6.937,9.05,619900.0,154975.0
002313.SZ,20101220,63.56,3.5363,0.96,87.6181,7.1127,9.2792,635600.0,158900.0
002313.SZ,20101217,62.95,1.4154,0.31,86.7772,7.0444,9.1902,629500.0,157375.0
002313.SZ,20101216,62.67,2.4368,0.45,86.3912,7.0131,9.1493,626700.0,156675.0
002313.SZ,20101215,61.22,3.5175,0.62,84.3924,6.8508,8.9376,612200.0,153050.0
002313.SZ,20101214,63.12,4.3334,0.7,87.0116,7.0635,9.215,631200.0,157800.0
002313.SZ,20101213,62.69,6.7221,1.13,86.4188,7.0153,9.1522,626900.0,156725.0
002313.SZ,20101210,57.4,5.951,1.12,79.1265,6.4234,8.3799,574000.0,143500.0
002313.SZ,20101209,56.2,6.602,1.38,77.4723,6.2891,8.2047,562000.0,140500.0
002313.SZ,20101208,59.06,4.7845,1.08,81.4148,6.6091,8.6223,590600.0,147650.0
002313.SZ,20101207,60.0,7.0066,1.63,82.7106,6.7143,8.7595,600000.0,150000.0
002313.SZ,20101206,56.25,5.5291,1.48,77.5412,6.2947,8.212,562500.0,140625.0
002313.SZ,20101203,57.0,2.6785,0.7,78.5751,6.3786,8.3215,570000.0,142500.0
002313.SZ,20101202,56.68,3.9815,0.89,78.134,6.3428,8.2748,566800.0,141700.0
002313.SZ,20101201,56.33,2.8795,0.58,77.6515,6.3036,8.2237,563300.0,140825.0
002313.SZ,20101130,55.5,6.4263,1.25,76.5073,6.2107,8.1025,555000.0,138750.0
002313.SZ,20101129,57.75,2.745,0.4,79.609,6.4625,8.431,577500.0,144375.0
002313.SZ,20101126,56.31,3.0534,0.4,77.6239,6.3014,8.2208,563100.0,140775.0
002313.SZ,20101125,55.65,7.1549,1.07,76.7141,6.2275,8.1244,556500.0,139125.0
002313.SZ,20101124,57.68,5.6373,0.92,79.5125,6.4547,8.4208,576800.0,144200.0
002313.SZ,20101123,58.39,7.2028,1.24,80.4912,6.5342,8.5244,583900.0,145975.0
002313.SZ,20101122,58.2,11.036,2.28,80.2293,6.5129,8.4967,582000.0,145500.0
002313.SZ,20101119,52.91,7.5658,1.2,72.937,5.9209,7.7244,529100.0,132275.0
002313.SZ,20101118,48.1,1.9846,0.3,66.3064,5.3826,7.0222,481000.0,120250.0
002313.SZ,20101117,47.73,2.8656,0.4,65.7963,5.3412,6.9682,477300.0,119325.0
002313.SZ,20101116,49.4,5.4881,0.78,68.0984,5.5281,7.212,494000.0,123500.0
002313.SZ,20101115,50.79,6.3229,0.96,70.0145,5.6837,7.4149,507900.0,126975.0
002313.SZ,20101112,48.7,14.9104,3.13,67.1335,5.4498,7.1098,487000.0,121750.0
002313.SZ,20101111,48.4,3.7834,0.73,66.7199,5.4162,7.066,484000.0,121000.0
002313.SZ,20101110,50.32,5.6088,0.9,69.3666,5.6311,7.3463,503200.0,125800.0
002313.SZ,20101109,48.05,4.456,0.6,66.2374,5.3771,7.0149,480500.0,120125.0
002313.SZ,20101108,48.64,4.0322,0.49,67.0507,5.4431,7.101,486400.0,121600.0
002313.SZ,20101105,49.25,5.9038,0.71,67.8916,5.5113,7.1901,492500.0,123125.0
002313.SZ,20101104,49.2,6.0163,0.69,67.8227,5.5057,7.1828,492000.0,123000.0
002313.SZ,20101103,48.8,10.917,1.37,67.2713,5.461,7.1244,488000.0,122000.0
002313.SZ,20101102,47.4,9.9875,1.25,65.3414,5.3043,6.92,474000.0,118500.0
002313.SZ,20101101,45.84,8.4575,1.15,63.1909,5.1297,6.6923,458400.0,114600.0
002313.SZ,20101029,45.35,6.3799,0.95,62.5154,5.0749,6.6207,453500.0,113375.0
002313.SZ,20101028,44.53,7.6804,1.41,61.3851,4.9831,6.501,445300.0,111325.0
002313.SZ,20101027,43.6,7.3452,1.61,60.1031,4.8791,6.3652,436000.0,109000.0
002313.SZ,20101026,43.55,10.1119,3.03,60.0341,4.8735,6.3579,435500.0,108875.0
002313.SZ,20101025,41.98,5.1282,1.68,57.8699,4.8764,6.1287,419800.0,104950.0
002313.SZ,20101022,40.66,3.2157,0.99,56.0502,4.7231,5.936,406600.0,101650.0
002313.SZ,20101021,39.8,1.3434,0.34,54.8647,4.6232,5.8105,398000.0,99500.0
002313.SZ,20101020,39.43,3.0622,0.75,54.3547,4.5802,5.7564,394300.0,98575.0
002313.SZ,20101019,40.0,3.9379,1.05,55.1404,4.6464,5.8397,400000.0,100000.0
002313.SZ,20101018,38.35,3.6631,0.97,52.8659,4.4547,5.5988,383500.0,95875.0
002313.SZ,20101015,37.95,4.2936,1.17,52.3145,4.4083,5.5404,379500.0,94875.0
002313.SZ,20101014,38.97,4.914,1.64,53.7206,4.5268,5.6893,389700.0,97425.0
002313.SZ,20101013,40.37,3.5074,1.14,55.6505,4.6894,5.8937,403700.0,100925.0
002313.SZ,20101012,40.79,2.3494,0.78,56.2294,4.7382,5.955,407900.0,101975.0
002313.SZ,20101011,40.49,3.881,1.39,55.8159,4.7033,5.9112,404900.0,101225.0
002313.SZ,20101008,40.9,3.6319,1.24,56.3811,4.7509,5.9711,409000.0,102250.0
002313.SZ,20100930,40.49,1.5782,0.5,55.8159,4.7033,5.9112,404900.0,101225.0
002313.SZ,20100929,39.91,3.9542,1.32,55.0164,4.6359,5.8265,399100.0,99775.0
002313.SZ,20100928,41.74,1.9898,0.54,57.539,4.8485,6.0937,417400.0,104350.0
002313.SZ,20100927,41.8,2.8565,0.57,57.6217,4.8555,6.1024,418000.0,104500.0
002313.SZ,20100921,41.37,4.2101,0.73,57.029,4.8055,6.0397,413700.0,103425.0
002313.SZ,20100920,41.81,2.8556,0.5,57.6355,4.8567,6.1039,418100.0,104525.0
002313.SZ,20100917,43.35,3.0103,0.51,59.7584,5.0355,6.3287,433500.0,108375.0
002313.SZ,20100916,43.88,5.4097,0.98,60.489,5.0971,6.4061,438800.0,109700.0
002313.SZ,20100915,43.01,9.415,2.27,59.2897,4.996,6.2791,430100.0,107525.0
002313.SZ,20100914,43.11,8.0751,2.68,59.4276,5.0077,6.2937,431100.0,107775.0
002313.SZ,20100913,41.7,2.9306,0.86,57.4839,4.8439,6.0878,417000.0,104250.0
002313.SZ,20100910,41.08,3.3983,0.87,56.6292,4.7719,5.9973,410800.0,102700.0
002313.SZ,20100909,40.5,3.7543,0.79,55.8297,4.7045,5.9127,405000.0,101250.0
002313.SZ,20100908,41.8,2.6059,0.45,57.6217,4.8555,6.1024,418000.0,104500.0
002313.SZ,20100907,41.59,2.3851,0.33,57.3322,4.8311,6.0718,415900.0,103975.0
002313.SZ,20100906,41.28,4.9112,0.71,56.9049,4.7951,6.0265,412800.0,103200.0
002313.SZ,20100903,42.96,5.8457,0.92,59.2208,4.9902,6.2718,429600.0,107400.0
002313.SZ,20100902,43.52,8.1293,1.57,59.9928,5.0553,6.3536,435200.0,108800.0
002313.SZ,20100901,41.07,7.5462,1.72,56.6154,4.7707,5.9959,410700.0,102675.0
002313.SZ,20100831,42.18,9.5397,3.23,58.1456,4.8996,6.1579,421800.0,105450.0
002313.SZ,20100830,40.38,3.6876,1.33,55.6643,4.6905,5.8951,403800.0,100950.0
002313.SZ,20100827,39.3,2.956,0.99,54.1755,4.5651,5.7375,393000.0,98250.0
002313.SZ,20100826,38.15,2.1554,0.62,52.5902,4.4315,5.5696,381500.0,95375.0
002313.SZ,20100825,37.93,3.555,1.03,52.2869,4.406,5.5375,379300.0,94825.0
002313.SZ,20100824,39.16,2.4287,0.68,53.9825,4.5488,5.717,391600.0,97900.0
002313.SZ,20100823,38.9,2.8083,0.73,53.6241,4.5186,5.6791,389000.0,97250.0
002313.SZ,20100820,39.34,3.9175,1.07,54.2306,4.5697,5.7433,393400.0,98350.0
002313.SZ,20100819,40.75,4.6398,1.25,56.1743,4.7335,5.9492,407500.0,101875.0
002313.SZ,20100818,40.35,3.5393,0.94,55.6229,4.6871,5.8908,403500.0,100875.0
002313.SZ,20100817,40.3,2.9042,0.63,55.554,4.6813,5.8835,403000.0,100750.0
002313.SZ,20100816,40.43,4.1803,0.8,55.7332,4.6964,5.9024,404300.0,101075.0
002313.SZ,20100813,39.38,3.0315,0.52,54.2857,4.5744,5.7491,393800.0,98450.0
002313.SZ,20100812,38.65,4.8391,0.8,53.2794,4.4896,5.6426,386500.0,96625.0
002313.SZ,20100811,39.75,3.9023,0.65,54.7958,4.6174,5.8032,397500.0,99375.0
002313.SZ,20100810,39.29,7.0234,1.08,54.1617,4.5639,5.736,392900.0,98225.0
002313.SZ,20100809,41.13,7.4395,1.2,56.6981,4.7777,6.0046,411300.0,102825.0
002313.SZ,20100806,40.1,6.1511,1.03,55.2783,4.658,5.8543,401000.0,100250.0
002313.SZ,20100805,39.56,5.567,1.0,54.5339,4.5953,5.7754,395600.0,98900.0
002313.SZ,20100804,39.4,4.0172,0.7,54.3133,4.5767,5.7521,394000.0,98500.0
002313.SZ,20100803,39.17,9.458,2.02,53.9963,4.55,5.7185,391700.0,97925.0
002313.SZ,20100802,38.52,5.7363,1.37,53.1002,4.4745,5.6236,385200.0,96300.0
002313.SZ,20100730,37.28,4.9397,1.28,51.3909,4.3304,5.4426,372800.0,93200.0
002313.SZ,20100729,37.8,3.7729,1.07,52.1077,4.5522,5.5185,378000.0,94500.0
002313.SZ,20100728,38.11,4.9651,1.62,52.535,4.5895,5.5637,381100.0,95275.0
002313.SZ,20100727,36.47,4.0534,1.42,50.2743,4.392,5.3243,364700.0,91175.0
002313.SZ,20100726,37.22,3.2684,1.3,51.3082,4.4823,5.4338,372200.0,93050.0
002313.SZ,20100723,37.06,3.1714,1.39,51.0876,4.4631,5.4104,370600.0,92650.0
002313.SZ,20100722,36.47,2.1556,0.98,50.2743,4.392,5.3243,364700.0,91175.0
002313.SZ,20100721,36.1,2.6869,1.22,49.7642,4.3475,5.2703,361000.0,90250.0
002313.SZ,20100720,35.96,2.9445,1.32,49.5712,4.3306,5.2499,359600.0,89900.0
002313.SZ,20100719,34.88,1.6292,0.7,48.0824,4.2005,5.0922,348800.0,87200.0
002313.SZ,20100716,34.1,2.0248,0.84,47.0072,4.1066,4.9783,341000.0,85250.0
002313.SZ,20100715,34.41,1.7058,0.69,47.4345,4.1439,5.0236,344100.0,86025.0
002313.SZ,20100714,35.33,2.6673,1.17,48.7028,4.2547,5.1579,353300.0,88325.0
002313.SZ,20100713,34.96,3.0842,1.45,48.1927,4.2102,5.1039,349600.0,87400.0
002313.SZ,20100712,35.89,2.1313,1.01,49.4747,4.3222,5.2396,358900.0,89725.0
002313.SZ,20100709,35.8,2.4667,1.05,49.3507,4.3113,5.2265,358000.0,89500.0
002313.SZ,20100708,34.9,2.0263,0.88,48.11,4.203,5.0951,349000.0,87250.0
002313.SZ,20100707,35.6,1.7049,0.72,49.075,4.2873,5.1973,356000.0,89000.0
002313.SZ,20100706,35.48,2.3343,0.87,48.9096,4.2728,5.1798,354800.0,88700.0
002313.SZ,20100705,34.9,2.0367,0.77,48.11,4.203,5.0951,349000.0,87250.0
002313.SZ,20100702,34.22,3.6628,1.42,47.1726,4.1211,4.9958,342200.0,85550.0
002313.SZ,20100701,34.5,1.7633,0.63,47.5586,4.1548,5.0367,345000.0,86250.0
002313.SZ,20100630,34.36,2.0829,0.75,47.3656,4.1379,5.0163,343600.0,85900.0
002313.SZ,20100629,34.75,3.8781,1.6,47.9032,4.1849,5.0732,347500.0,86875.0
002313.SZ,20100628,36.8,1.8192,0.65,50.7292,4.4318,5.3725,368000.0,92000.0
002313.SZ,20100625,37.71,3.3169,1.15,51.9836,4.5414,5.5053,377100.0,94275.0
002313.SZ,20100624,38.35,2.8966,0.99,52.8659,4.6184,5.5988,383500.0,95875.0
002313.SZ,20100623,38.09,1.9403,0.55,52.5075,4.5871,5.5608,380900.0,95225.0
002313.SZ,20100622,37.38,2.1817,0.57,51.5287,4.5016,5.4572,373800.0,93450.0
002313.SZ,20100621,37.1,3.5705,0.83,51.1427,4.4679,5.4163,371000.0,92750.0
002313.SZ,20100618,35.65,3.8426,0.79,49.1439,4.2933,5.2046,356500.0,89125.0
002313.SZ,20100617,37.2,3.0726,0.59,51.2806,4.4799,5.4309,372000.0,93000.0
002313.SZ,20100611,38.71,4.9004,1.02,53.3621,4.6618,5.6513,387100.0,96775.0
002313.SZ,20100610,39.09,3.8945,0.85,53.886,4.7075,5.7068,390900.0,97725.0
002313.SZ,20100609,39.08,5.8081,1.51,53.8722,4.7063,5.7053,390800.0,97700.0
002313.SZ,20100608,38.4,6.5519,2.03,52.9348,4.6244,5.6061,384000.0,96000.0
002313.SZ,20100607,37.99,4.8087,1.67,52.3696,4.5751,5.5462,379900.0,94975.0
002313.SZ,20100604,37.01,3.0223,1.02,51.0187,4.4571,5.4031,370100.0,92525.0
002313.SZ,20100603,35.75,2.6108,0.85,49.2817,4.3053,5.2192,357500.0,89375.0
002313.SZ,20100602,36.06,2.2122,0.69,49.7091,4.3426,5.2645,360600.0,90150.0
002313.SZ,20100601,35.0,3.4583,0.95,48.2479,4.215,5.1097,350000.0,87500.0
002313.SZ,20100531,36.36,3.0878,0.72,50.1226,4.3788,5.3083,363600.0,90900.0
002313.SZ,20100528,37.9,3.4746,0.79,52.2455,4.5642,5.5331,379000.0,94750.0
002313.SZ,20100527,37.86,3.0772,0.69,52.1904,4.5594,5.5272,378600.0,94650.0
002313.SZ,20100526,37.4,2.9716,0.61,51.5563,4.504,5.4601,374000.0,93500.0
002313.SZ,20100525,37.51,5.5003,1.09,51.7079,4.5173,5.4761,375100.0,93775.0
002313.SZ,20100524,37.21,6.4878,1.38,51.2944,4.4811,5.4323,372100.0,93025.0
002313.SZ,20100521,35.48,3.8969,0.87,48.9096,4.2728,5.1798,354800.0,88700.0
002313.SZ,20100520,34.72,3.5731,0.82,47.8619,4.1813,5.0688,347200.0,86800.0
002313.SZ,20100519,35.72,4.8563,1.11,49.2404,4.3017,5.2148,357200.0,89300.0
002313.SZ,20100518,35.22,6.3829,1.56,48.5511,4.2415,5.1418,352200.0,88050.0
002313.SZ,20100517,35.6,4.8337,1.2,49.075,4.2873,5.1973,356000.0,89000.0
002313.SZ,20100514,36.19,2.6287,0.59,49.8883,4.3583,5.2834,361900.0,90475.0
002313.SZ,20100513,36.15,3.1509,0.69,49.8332,4.3535,5.2776,361500.0,90375.0
002313.SZ,20100512,35.2,4.9416,1.19,48.5236,4.2391,5.1389,352000.0,88000.0
002313.SZ,20100510,36.9,4.876,1.2,50.867,4.4438,5.3871,369000.0,92250.0
002313.SZ,20100507,38.88,4.6007,1.17,53.5965,4.6823,5.6762,388800.0,97200.0
002313.SZ,20100506,39.25,4.6283,1.11,54.1065,4.7268,5.7302,392500.0,98125.0
002313.SZ,20100505,40.49,3.9179,0.76,55.8159,4.8761,5.9112,404900.0,101225.0
002313.SZ,20100504,39.16,2.6558,0.47,53.9825,4.716,5.717,391600.0,97900.0
002313.SZ,20100430,39.9,4.5837,0.73,55.0026,4.8051,5.8251,399000.0,99750.0
002313.SZ,20100429,40.75,3.8952,0.5,56.1743,4.8491,5.9492,407500.0,101875.0
002313.SZ,20100428,40.81,5.788,0.73,56.257,4.8562,5.9579,408100.0,102025.0
002313.SZ,20100427,41.3,8.7853,1.17,56.9325,4.9145,6.0295,413000.0,103250.0
002313.SZ,20100426,44.56,5.1573,0.69,61.4264,5.3024,6.5054,445600.0,111400.0
002313.SZ,20100423,45.9,7.7988,1.0,63.2736,5.4619,6.701,459000.0,114750.0
002313.SZ,20100422,47.54,11.4752,1.57,65.5344,5.657,6.9404,475400.0,118850.0
002313.SZ,20100421,46.35,6.6983,0.74,63.894,5.5687,6.7667,463500.0,115875.0
002313.SZ,20100419,43.89,6.4745,0.6,60.5028,5.2731,6.4076,438900.0,109725.0
002313.SZ,20100416,46.44,5.1174,0.42,64.018,5.5795,6.7798,464400.0,116100.0
002313.SZ,20100415,46.36,9.1287,0.65,63.9077,5.5699,6.7682,463600.0,115900.0
002313.SZ,20100414,46.04,9.0673,0.63,63.4666,5.5314,6.7215,460400.0,115100.0
002313.SZ,20100413,46.76,15.7758,1.21,64.4591,5.6179,6.8266,467600.0,116900.0
002313.SZ,20100412,49.84,15.289,1.31,68.705,5.988,7.2762,498400.0,124600.0
002313.SZ,20100409,47.55,12.2739,1.07,65.5482,5.7128,6.9419,475500.0,118875.0
002313.SZ,20100408,46.83,17.907,1.77,64.5556,5.6263,6.8368,468300.0,117075.0
002313.SZ,20100407,46.8,11.2413,1.13,64.5143,5.6227,6.8324,468000.0,117000.0
002313.SZ,20100406,45.81,8.4708,0.72,63.1496,5.5038,6.6879,458100.0,114525.0
002313.SZ,20100402,44.75,8.2564,0.71,61.6883,5.3764,6.5331,447500.0,111875.0
002313.SZ,20100401,44.88,11.5014,0.97,61.8675,5.392,6.5521,448800.0,112200.0
002313.SZ,20100331,44.36,10.9995,0.93,61.1507,5.3296,6.4762,443600.0,110900.0
002313.SZ,20100330,43.8,10.4535,0.95,60.3788,5.2623,6.3944,438000.0,109500.0
002313.SZ,20100329,43.16,17.7719,2.04,59.4965,5.1854,6.301,431600.0,107900.0
002313.SZ,20100326,44.19,7.1411,0.88,124.4331,5.3091,10.6332,441900.0,110475.0
002313.SZ,20100325,44.91,12.7368,1.84,126.4605,5.3956,10.8065,449100.0,112275.0
002313.SZ,20100324,44.9,10.9013,1.65,126.4323,5.3944,10.8041,449000.0,112250.0
002313.SZ,20100323,43.55,6.2389,0.96,122.6309,5.2322,10.4792,435500.0,108875.0
002313.SZ,20100322,44.44,6.4897,0.95,125.137,5.3392,10.6934,444400.0,111100.0
002313.SZ,20100319,43.54,4.381,0.53,122.6028,5.231,10.4768,435400.0,108850.0
002313.SZ,20100318,43.5,6.5897,0.8,122.4901,5.2262,10.4672,435000.0,108750.0
002313.SZ,20100317,43.9,9.2766,1.18,123.6165,5.2743,10.5634,439000.0,109750.0
002313.SZ,20100316,42.97,5.6868,0.73,120.9977,5.1626,10.3397,429700.0,107425.0
002313.SZ,20100315,42.99,8.2186,1.12,121.054,5.165,10.3445,429900.0,107475.0
002313.SZ,20100312,42.2,11.3172,1.69,118.8295,5.0701,10.1544,422000.0,105500.0
002313.SZ,20100311,41.55,6.8393,0.88,116.9992,4.992,9.998,415500.0,103875.0
002313.SZ,20100310,41.59,7.3282,0.68,117.1118,4.9968,10.0076,415900.0,103975.0
002313.SZ,20100309,42.1,5.2826,0.49,118.5479,5.058,10.1303,421000.0,105250.0
002313.SZ,20100308,42.48,5.7796,0.53,119.6179,5.1037,10.2218,424800.0,106200.0
002313.SZ,20100305,42.36,8.2906,0.77,119.28,5.0893,10.1929,423600.0,105900.0
002313.SZ,20100304,41.85,12.3041,1.14,117.8439,5.028,10.0702,418500.0,104625.0
002313.SZ,20100303,43.63,21.8623,2.67,122.8562,5.2419,10.4985,436300.0,109075.0
002313.SZ,20100302,42.53,7.4357,0.79,119.7587,5.1097,10.2338,425300.0,85060.0
002313.SZ,20100301,41.88,8.042,0.95,117.9284,5.0316,10.0774,418800.0,83760.0
002313.SZ,20100226,41.4,9.0016,1.22,116.5768,4.9739,9.9619,414000.0,82800.0
002313.SZ,20100225,42.29,15.4199,3.04,119.0829,5.0809,10.176,422900.0,84580.0
002313.SZ,20100224,42.13,11.2968,3.18,118.6324,5.0616,10.1375,421300.0,84260.0
002313.SZ,20100223,38.3,3.0648,0.93,107.8476,4.7324,9.2159,383000.0,76600.0
002313.SZ,20100222,38.5,3.4178,1.1,108.4108,4.7571,9.2641,385000.0,77000.0
002313.SZ,20100212,39.59,3.6482,1.06,111.4801,4.8918,9.5263,395900.0,79180.0
002313.SZ,20100211,39.01,3.9064,1.1,109.8469,4.8201,9.3868,390100.0,78020.0
002313.SZ,20100210,38.88,3.7403,0.98,109.4808,4.804,9.3555,388800.0,77760.0
002313.SZ,20100209,37.67,1.722,0.4,106.0736,4.6545,9.0643,376700.0,75340.0
002313.SZ,20100208,37.47,2.5057,0.49,105.5105,4.6298,9.0162,374700.0,74940.0
002313.SZ,20100205,37.23,5.3227,0.94,104.8346,4.6002,8.9585,372300.0,74460.0
002313.SZ,20100204,38.46,4.4756,0.65,108.2982,4.7521,9.2544,384600.0,76920.0
002313.SZ,20100203,38.7,5.0961,0.76,108.974,4.7818,9.3122,387000.0,77400.0
002313.SZ,20100202,37.79,4.1802,0.63,106.4115,4.6694,9.0932,377900.0,75580.0
002313.SZ,20100201,38.05,6.6917,1.0,107.1437,4.7015,9.1558,380500.0,76100.0
002313.SZ,20100129,40.2,7.8835,1.21,113.1978,4.9671,9.6731,402000.0,80400.0
002313.SZ,20100127,40.42,10.3703,1.4,113.8173,4.9943,9.7261,404200.0,80840.0
002313.SZ,20100126,38.8,4.5813,0.55,109.2556,4.7942,9.3363,388000.0,77600.0
002313.SZ,20100125,39.16,3.5702,0.39,110.2693,4.8386,9.4229,391600.0,78320.0
002313.SZ,20100122,39.64,6.9032,0.67,111.6209,4.8979,9.5384,396400.0,79280.0
002313.SZ,20100121,41.27,7.1906,0.55,116.2107,5.0993,9.9306,412700.0,82540.0
002313.SZ,20100120,40.56,14.7905,0.89,114.2115,5.0116,9.7598,405600.0,81120.0
002313.SZ,20100119,44.37,8.9878,0.52,124.9399,5.4824,10.6765,443700.0,88740.0
002313.SZ,20100118,45.83,8.0643,0.49,129.0511,5.6628,11.0278,458300.0,91660.0
002313.SZ,20100115,45.9,12.4136,0.81,129.2482,5.6714,11.0447,459000.0,91800.0
002313.SZ,20100114,46.35,21.2962,1.72,130.5153,5.727,11.153,463500.0,92700.0
002313.SZ,20100113,45.3,32.3708,4.44,127.5587,5.5973,10.9003,453000.0,90600.0
002313.SZ,20100112,43.81,11.5618,1.85,123.363,5.4132,10.5418,438100.0,87620.0
002313.SZ,20100108,39.83,4.7687,0.74,112.1559,4.9214,9.5841,398300.0,79660.0
002313.SZ,20100107,39.74,6.9355,0.93,111.9025,4.9103,9.5624,397400.0,79480.0
002313.SZ,20100106,40.72,6.2361,0.76,114.662,5.0314,9.7983,407200.0,81440.0
002313.SZ,20100105,40.75,6.9267,0.78,114.7465,5.0351,9.8055,407500.0,81500.0
002313.SZ,20100104,41.21,6.461,0.63,116.0418,5.0919,9.9162,412100.0,82420.0
002313.SZ,20091231,40.82,5.4946,0.41,114.9436,5.0437,9.8223,408200.0,81640.0
002313.SZ,20091230,40.48,12.0227,0.86,113.9862,5.0017,9.7405,404800.0,80960.0
002313.SZ,20091229,42.44,10.1272,0.76,119.5053,5.2439,10.2121,424400.0,84880.0
002313.SZ,20091228,43.05,10.1821,0.81,121.223,5.3193,10.3589,430500.0,86100.0
002313.SZ,20091225,42.89,13.0657,1.1,120.7724,5.2995,10.3204,428900.0,85780.0
002313.SZ,20091224,42.5,21.688,2.29,119.6743,5.2513,10.2266,425000.0,85000.0
002313.SZ,20091223,40.7,14.4373,1.54,114.6057,5.0289,9.7934,407000.0,81400.0
002313.SZ,20091222,37.0,7.563,0.76,104.187,4.5717,8.9031,370000.0,74000.0
002313.SZ,20091221,39.39,6.141,0.55,110.9169,4.8671,9.4782,393900.0,78780.0
002313.SZ,20091218,39.03,9.6259,0.76,109.9032,4.8226,9.3916,390300.0,78060.0
002313.SZ,20091217,42.37,9.5381,0.68,119.3082,5.2353,10.1953,423700.0,84740.0
002313.SZ,20091216,41.94,14.0131,0.99,118.0974,5.1821,10.0918,419400.0,83880.0
002313.SZ,20091215,44.87,10.6423,0.66,126.3479,5.5442,10.7968,448700.0,89740.0
002313.SZ,20091214,45.29,12.3504,0.63,127.5305,5.5961,10.8979,452900.0,90580.0
002313.SZ,20091211,47.17,16.8013,0.63,132.8243,5.8284,11.3503,471700.0,94340.0
002313.SZ,20091210,48.68,16.001,0.4,137.0763,6.0149,11.7136,486800.0,97360.0
002313.SZ,20091209,47.87,15.0355,,134.7954,5.9148,11.5187,478700.0,95740.0
002313.SZ,20091208,48.41,20.4988,,136.316,5.9816,11.6487,484100.0,96820.0
002313.SZ,20091207,49.88,30.2224,,140.4553,6.1632,12.0024,498800.0,99760.0
002313.SZ,20091204,47.97,50.8221,,135.077,5.9272,11.5428,479700.0,95940.0
002313.SZ,20091203,53.3,83.0191,,150.0856,6.5858,12.8253,533000.0,106600.0
