ts_code,trade_date,close,turnover_rate,volume_ratio,pe,pb,ps,total_mv,circ_mv
002383.SZ,20260615,7.4,1.1976,0.78,,3.6495,4.0008,547866.6257,547866.6257
002383.SZ,20260612,7.32,1.8781,1.21,,3.61,3.9575,541943.7433,541943.7433
002383.SZ,20260611,7.2,1.2224,0.76,,3.5508,3.8926,533059.4196,533059.4196
002383.SZ,20260610,7.31,1.3886,0.86,,3.6051,3.9521,541203.383,541203.383
002383.SZ,20260609,7.53,1.1667,0.69,,3.7136,4.071,557491.3097,557491.3097
002383.SZ,20260608,7.46,2.0571,1.32,,3.679,4.0332,552308.7875,552308.7875
002383.SZ,20260605,7.84,1.9188,1.24,,3.8664,4.2386,580442.4791,580442.4791
002383.SZ,20260604,7.68,1.5112,0.95,,3.7875,4.1521,568596.7142,568596.7142
002383.SZ,20260603,7.77,1.384,0.82,,3.8319,4.2008,575259.957,575259.957
002383.SZ,20260602,7.72,1.5819,0.9,,3.8073,4.1738,571558.1555,571558.1555
002383.SZ,20260601,7.86,1.3984,0.8,,3.8763,4.2495,581923.1997,581923.1997
002383.SZ,20260529,7.77,1.8609,1.14,,3.8319,4.2008,575259.957,575259.957
002383.SZ,20260528,8.14,1.7656,1.08,,4.0144,4.4008,602653.2883,602653.2883
002383.SZ,20260527,7.92,1.784,1.13,,3.9059,4.2819,586365.3616,586365.3616
002383.SZ,20260526,8.22,2.0244,1.41,,4.0538,4.4441,608576.1707,608576.1707
002383.SZ,20260525,8.52,1.3161,0.88,,4.2018,4.6063,630786.9799,630786.9799
002383.SZ,20260522,8.62,1.256,0.74,,4.2511,4.6603,638190.5829,638190.5829
002383.SZ,20260521,8.5,1.7566,0.97,,4.1919,4.5955,629306.2593,629306.2593
002383.SZ,20260520,8.8,1.5318,0.82,,4.3399,4.7577,651517.0684,651517.0684
002383.SZ,20260519,9.02,1.3035,0.66,,4.4484,4.8766,667804.9951,667804.9951
002383.SZ,20260518,9.05,1.596,0.74,,4.4632,4.8928,670026.076,670026.076
002383.SZ,20260515,8.88,2.2872,0.99,,4.3793,4.8009,657439.9508,657439.9508
002383.SZ,20260514,9.16,2.307,1.02,,4.5174,4.9523,678170.0394,678170.0394
002383.SZ,20260513,9.59,1.8432,0.8,,4.7295,5.1848,710005.5325,710005.5325
002383.SZ,20260512,9.57,1.8975,0.85,,4.7196,5.174,708524.8119,708524.8119
002383.SZ,20260511,9.78,2.5079,1.27,,4.8232,5.2875,724072.3783,724072.3783
002383.SZ,20260508,9.73,2.9859,1.64,,4.7985,5.2605,720370.5768,720370.5768
002383.SZ,20260507,9.46,2.0456,1.15,,4.6654,5.1145,700380.8485,700380.8485
002383.SZ,20260506,9.5,2.0584,1.09,,4.6851,5.1361,703342.2898,703342.2898
002383.SZ,20260430,9.31,1.517,0.65,,4.5914,5.0334,689275.444,689275.444
002383.SZ,20260429,9.19,1.2684,0.43,,4.5322,4.9685,680391.1203,680391.1203
002383.SZ,20260428,9.1,2.2251,0.77,,4.4878,4.9199,673727.8776,673727.8776
002383.SZ,20260427,9.46,1.8065,0.59,,4.6654,5.1145,700380.8485,700380.8485
002383.SZ,20260424,9.31,2.605,0.92,,4.5914,5.0334,689275.444,689275.444
002383.SZ,20260423,9.58,3.6904,1.56,,4.7246,5.1794,709265.1722,709265.1722
002383.SZ,20260422,9.96,4.3323,2.39,,4.3563,6.1532,737398.8638,737398.8638
002383.SZ,20260421,9.75,2.0101,1.17,,4.2644,6.0234,721851.2974,721851.2974
002383.SZ,20260420,9.89,2.5588,1.83,,4.3257,6.1099,732216.3416,732216.3416
002383.SZ,20260417,9.63,1.5155,1.12,,4.2119,5.9493,712966.9737,712966.9737
002383.SZ,20260416,9.69,1.4443,1.1,,4.2382,5.9864,717409.1355,717409.1355
002383.SZ,20260415,9.6,1.5345,1.11,,4.1988,5.9308,710745.8928,710745.8928
002383.SZ,20260414,9.76,1.5517,1.19,,4.2688,6.0296,722591.6577,722591.6577
002383.SZ,20260413,9.64,0.9601,0.7,,4.2163,5.9555,713707.334,713707.334
002383.SZ,20260410,9.6,1.286,0.92,,4.1988,5.9308,710745.8928,710745.8928
002383.SZ,20260409,9.6,1.2617,0.9,,4.1988,5.9308,710745.8928,710745.8928
002383.SZ,20260408,9.76,1.8309,1.27,,4.2688,6.0296,722591.6577,722591.6577
002383.SZ,20260407,9.39,1.1601,0.76,,4.107,5.801,695198.3264,695198.3264
002383.SZ,20260403,9.24,1.3226,0.88,,4.0414,5.7084,684092.9218,684092.9218
002383.SZ,20260402,9.51,1.4083,0.91,,4.1595,5.8752,704082.6501,704082.6501
002383.SZ,20260401,9.7,1.3243,0.78,,4.2426,5.9926,718149.4959,718149.4959
002383.SZ,20260331,9.67,2.003,1.13,,4.2294,5.974,715928.4149,715928.4149
002383.SZ,20260330,9.71,1.6101,0.78,,4.2469,5.9987,718889.8562,718889.8562
002383.SZ,20260327,9.55,1.21,0.52,,4.177,5.8999,707044.0913,707044.0913
002383.SZ,20260326,9.43,1.6308,0.68,,4.1245,5.8258,698159.7676,698159.7676
002383.SZ,20260325,9.65,1.9878,0.8,,4.2207,5.9617,714447.6943,714447.6943
002383.SZ,20260324,9.52,2.3905,0.92,,4.1638,5.8814,704823.0104,704823.0104
002383.SZ,20260323,9.21,3.1135,1.18,,4.0282,5.6898,681871.8409,681871.8409
002383.SZ,20260320,9.77,2.4516,0.76,,4.2732,6.0358,723332.018,723332.018
002383.SZ,20260319,10.06,2.0963,0.43,,4.4,6.215,744802.4668,744802.4668
002383.SZ,20260318,10.36,2.3795,0.42,,4.5312,6.4003,767013.276,767013.276
002383.SZ,20260317,10.11,2.9956,0.47,,4.4219,6.2459,748504.2684,748504.2684
002383.SZ,20260316,10.42,3.2307,0.43,,4.5575,6.4374,771455.4378,771455.4378
002383.SZ,20260313,10.62,5.4014,0.63,,4.645,6.5609,786262.6439,786262.6439
002383.SZ,20260312,10.82,10.1581,1.2,,4.7324,6.6845,801069.85,801069.85
002383.SZ,20260311,12.0,6.3575,0.65,,5.2485,7.4135,888432.366,888432.366
002383.SZ,20260310,12.52,6.4187,0.58,,5.476,7.7347,926931.1019,926931.1019
002383.SZ,20260309,12.86,8.9832,0.78,,5.6247,7.9448,952103.3522,952103.3522
002383.SZ,20260306,12.52,10.9719,1.13,,5.476,7.7347,926931.1019,926931.1019
002383.SZ,20260305,12.79,9.5513,1.17,,5.5941,7.9015,946920.8301,946920.8301
002383.SZ,20260304,12.9,13.0596,2.16,,5.6422,7.9695,955064.7935,955064.7935
002383.SZ,20260303,12.37,12.86,3.36,,5.4104,7.6421,915825.6973,915825.6973
002383.SZ,20260302,12.13,11.0044,5.63,,5.3054,7.4938,898057.05,898057.05
002383.SZ,20260227,11.38,2.1963,1.15,,4.9774,7.0304,842530.0271,842530.0271
002383.SZ,20260226,11.3,1.7921,0.93,,4.9424,6.981,836607.1447,836607.1447
002383.SZ,20260225,11.34,2.4115,1.31,,4.9599,7.0057,839568.5859,839568.5859
002383.SZ,20260224,11.13,1.7573,0.88,,4.868,6.876,824021.0195,824021.0195
002383.SZ,20260213,11.03,1.6092,0.76,,4.8243,6.8142,816617.4164,816617.4164
002383.SZ,20260212,11.07,1.9668,0.93,,4.8418,6.8389,819578.8576,819578.8576
002383.SZ,20260211,11.21,1.8395,0.77,,4.903,6.9254,829943.9019,829943.9019
002383.SZ,20260210,11.35,2.0371,0.78,,4.9642,7.0119,840308.9462,840308.9462
002383.SZ,20260209,11.47,2.5343,0.99,,5.0167,7.086,849193.2698,849193.2698
002383.SZ,20260206,11.24,2.1974,0.81,,4.9161,6.944,832164.9828,832164.9828
002383.SZ,20260205,11.21,1.952,0.67,,4.903,6.9254,829943.9019,829943.9019
002383.SZ,20260204,11.36,3.1502,1.12,,4.9686,7.0181,841049.3065,841049.3065
002383.SZ,20260203,11.32,3.155,1.08,,4.9511,6.9934,838087.8653,838087.8653
002383.SZ,20260202,10.94,2.3871,0.65,,4.7849,6.7586,809954.1737,809954.1737
002383.SZ,20260130,11.14,2.9012,0.67,,4.8724,6.8822,824761.3798,824761.3798
002383.SZ,20260129,11.29,2.9554,0.64,,4.938,6.9748,835866.7843,835866.7843
002383.SZ,20260128,11.39,2.6887,0.56,,4.9817,7.0366,843270.3874,843270.3874
002383.SZ,20260127,11.55,3.6865,0.66,,5.0517,7.1355,855116.1523,855116.1523
002383.SZ,20260126,11.58,6.0054,1.12,,5.0648,7.154,857337.2332,857337.2332
002383.SZ,20260123,12.2,6.2824,1.2,,5.336,7.537,903239.5721,903239.5721
002383.SZ,20260122,11.74,4.2986,0.71,,5.1348,7.2529,869182.9981,869182.9981
002383.SZ,20260121,11.47,3.9143,0.51,,5.0167,7.086,849193.2698,849193.2698
002383.SZ,20260120,11.53,7.5123,0.91,,5.043,7.1231,853635.4317,853635.4317
002383.SZ,20260119,12.23,4.7218,0.45,,5.3491,7.5556,905460.653,905460.653
002383.SZ,20260116,12.08,5.7015,0.45,,5.2835,7.4629,894355.2484,894355.2484
002383.SZ,20260115,12.38,8.347,0.56,,5.4147,7.6482,916566.0576,916566.0576
002383.SZ,20260114,12.94,12.4303,0.71,,5.6597,7.9942,958026.2347,958026.2347
002383.SZ,20260113,13.65,10.2442,0.61,,5.9702,8.4328,1010591.8163,1010591.8163
002383.SZ,20260112,15.17,15.3473,0.94,,6.635,9.3719,1123126.5827,1123126.5827
002383.SZ,20260109,14.5,16.4556,1.0,,6.342,8.9579,1073522.4423,1073522.4423
002383.SZ,20260108,14.47,19.4642,1.23,,6.3289,8.9394,1071301.3613,1071301.3613
002383.SZ,20260107,14.12,26.0344,1.9,,6.1758,8.7232,1045388.7507,1045388.7507
002383.SZ,20260106,13.42,6.516,0.41,,5.8696,8.2907,993563.5293,993563.5293
002383.SZ,20260105,12.2,13.2634,0.73,,5.336,7.537,903239.5721,903239.5721
002383.SZ,20251231,12.59,17.1525,1.07,,5.5066,7.778,932113.624,932113.624
002383.SZ,20251230,13.27,16.2625,1.12,,5.804,8.1981,982458.1247,982458.1247
002383.SZ,20251229,12.06,15.3949,1.13,,5.2748,7.4505,892874.5278,892874.5278
002383.SZ,20251226,11.84,18.3005,1.62,,5.1786,7.3146,876586.6011,876586.6011
002383.SZ,20251225,11.74,24.0013,2.94,,5.1348,7.2529,869182.9981,869182.9981
002383.SZ,20251224,11.37,5.9436,0.63,,4.973,7.0243,841789.6668,841789.6668
002383.SZ,20251223,10.34,8.7824,0.8,,4.5225,6.3879,765532.5554,765532.5554
002383.SZ,20251222,10.91,11.1758,1.19,,4.7718,6.7401,807733.0928,807733.0928
002383.SZ,20251219,10.52,6.6608,0.75,,4.6012,6.4991,778859.0409,778859.0409
002383.SZ,20251218,10.49,8.2409,1.04,,4.5881,6.4806,776637.9599,776637.9599
002383.SZ,20251217,10.5,12.2733,1.95,,4.5925,6.4868,777378.3203,777378.3203
002383.SZ,20251216,10.62,16.4417,4.43,,4.645,6.5609,786262.6439,786262.6439
002383.SZ,20251215,9.91,3.4439,0.84,,4.3344,6.1223,733697.0623,733697.0623
002383.SZ,20251212,9.86,3.7784,0.85,,4.3125,6.0914,729995.2607,729995.2607
002383.SZ,20251211,9.97,3.5113,0.69,,4.3607,6.1594,738139.2241,738139.2241
002383.SZ,20251210,10.06,4.3172,0.91,,4.4,6.215,744802.4668,744802.4668
002383.SZ,20251209,9.98,3.5268,0.77,,4.365,6.1655,738879.5844,738879.5844
002383.SZ,20251208,9.98,5.3543,1.27,,4.365,6.1655,738879.5844,738879.5844
002383.SZ,20251205,10.0,5.6427,1.55,,4.3738,6.1779,740360.305,740360.305
002383.SZ,20251204,9.87,6.4636,2.39,,4.3169,6.0976,730735.621,730735.621
002383.SZ,20251203,9.52,2.7523,1.07,,4.1638,5.8814,704823.0104,704823.0104
002383.SZ,20251202,9.78,2.7829,1.07,,4.2776,6.042,724072.3783,724072.3783
002383.SZ,20251201,9.76,3.3841,1.27,,4.2688,6.0296,722591.6577,722591.6577
002383.SZ,20251128,9.6,2.8685,1.12,,4.1988,5.9308,710745.8928,710745.8928
002383.SZ,20251127,9.44,1.7106,0.68,,4.1288,5.8319,698900.1279,698900.1279
002383.SZ,20251126,9.41,2.0998,0.88,,4.1157,5.8134,696679.047,696679.047
002383.SZ,20251125,9.53,2.9926,1.36,,4.1682,5.8875,705563.3707,705563.3707
002383.SZ,20251124,9.49,3.6598,1.87,,4.1507,5.8628,702601.9294,702601.9294
002383.SZ,20251121,8.99,2.3716,1.28,,3.932,5.5539,665583.9142,665583.9142
002383.SZ,20251120,9.3,1.386,0.74,,4.0676,5.7454,688535.0837,688535.0837
002383.SZ,20251119,9.26,1.4906,0.76,,4.0501,5.7207,685573.6424,685573.6424
002383.SZ,20251118,9.31,2.1272,1.13,,4.072,5.7516,689275.444,689275.444
002383.SZ,20251117,9.43,2.4152,1.27,,4.1245,5.8258,698159.7676,698159.7676
002383.SZ,20251114,9.45,1.8197,0.82,,4.1332,5.8381,699640.4882,699640.4882
002383.SZ,20251113,9.45,1.5409,0.71,,4.1332,5.8381,699640.4882,699640.4882
002383.SZ,20251112,9.39,1.9278,0.94,,4.107,5.801,695198.3264,695198.3264
002383.SZ,20251111,9.44,1.7505,0.85,,4.1288,5.8319,698900.1279,698900.1279
002383.SZ,20251110,9.5,2.5027,1.24,,4.1551,5.869,703342.2898,703342.2898
002383.SZ,20251107,9.46,3.3242,1.99,,4.1376,5.8443,700380.8485,700380.8485
002383.SZ,20251106,9.29,1.2949,0.71,,4.0632,5.7393,687794.7233,687794.7233
002383.SZ,20251105,9.37,1.4192,0.75,,4.0982,5.7887,693717.6058,693717.6058
002383.SZ,20251104,9.39,1.7558,0.85,,4.107,5.801,695198.3264,695198.3264
002383.SZ,20251103,9.4,2.2864,1.08,,4.1114,5.8072,695938.6867,695938.6867
002383.SZ,20251031,9.2,1.6114,0.69,,4.0239,5.6837,681131.4806,681131.4806
002383.SZ,20251030,9.27,1.9876,0.93,,4.0545,5.7269,686314.0027,686314.0027
002383.SZ,20251029,9.3,1.8462,0.91,,4.0676,5.7454,688535.0837,688535.0837
002383.SZ,20251028,9.26,2.6093,1.49,,4.0501,5.7207,685573.6424,685573.6424
002383.SZ,20251027,9.22,2.5485,1.75,,4.0666,5.696,682612.2012,682612.2012
002383.SZ,20251024,9.09,2.6438,2.25,,4.0092,5.6157,672987.5172,672987.5172
002383.SZ,20251023,8.93,1.0379,0.82,,3.9387,5.5169,661141.7524,661141.7524
002383.SZ,20251022,8.92,1.3519,1.04,,3.9342,5.5107,660401.3921,660401.3921
002383.SZ,20251021,8.88,1.1478,0.81,,3.9166,5.486,657439.9508,657439.9508
002383.SZ,20251020,8.77,1.1013,0.7,,3.8681,5.418,649295.9875,649295.9875
002383.SZ,20251017,8.58,1.2455,0.74,,3.7843,5.3006,635229.1417,635229.1417
002383.SZ,20251016,8.83,1.4712,0.83,,3.8946,5.4551,653738.1493,653738.1493
002383.SZ,20251015,8.93,1.5471,0.92,,3.9387,5.5169,661141.7524,661141.7524
002383.SZ,20251014,8.81,1.7452,1.09,,3.8857,5.4427,652257.4287,652257.4287
002383.SZ,20251013,8.86,1.84,1.24,,3.9078,5.4736,655959.2302,655959.2302
002383.SZ,20251010,8.9,1.7616,1.24,,3.9254,5.4983,658920.6715,658920.6715
002383.SZ,20251009,8.95,1.9601,1.4,,3.9475,5.5292,662622.473,662622.473
002383.SZ,20250930,8.83,1.0586,0.58,,3.8946,5.4551,653738.1493,653738.1493
002383.SZ,20250929,8.77,1.3639,0.72,,3.8681,5.418,649295.9875,649295.9875
002383.SZ,20250926,8.75,1.273,0.64,,3.8593,5.4057,647815.2669,647815.2669
002383.SZ,20250925,8.83,1.4356,0.64,,3.8946,5.4551,653738.1493,653738.1493
002383.SZ,20250924,8.93,1.848,0.85,,3.9387,5.5169,661141.7524,661141.7524
002383.SZ,20250923,8.76,3.1476,1.61,,3.8637,5.4118,648555.6272,648555.6272
002383.SZ,20250922,8.99,1.7754,0.91,,3.9651,5.5539,665583.9142,665583.9142
002383.SZ,20250919,9.08,1.6871,0.83,,4.0048,5.6095,672247.1569,672247.1569
002383.SZ,20250918,9.06,2.829,1.52,,3.996,5.5972,670766.4363,670766.4363
002383.SZ,20250917,9.28,1.4311,0.76,,4.093,5.7331,687054.363,687054.363
002383.SZ,20250916,9.31,2.0644,1.07,,4.1063,5.7516,689275.444,689275.444
002383.SZ,20250915,9.27,1.7448,0.82,,4.0886,5.7269,686314.0027,686314.0027
002383.SZ,20250912,9.39,2.0494,0.94,,4.1415,5.801,695198.3264,695198.3264
002383.SZ,20250911,9.44,2.0436,0.81,,4.1636,5.8319,698900.1279,698900.1279
002383.SZ,20250910,9.34,1.5239,0.47,,4.1195,5.7702,691496.5249,691496.5249
002383.SZ,20250909,9.29,2.2494,0.54,,4.0974,5.7393,687794.7233,687794.7233
002383.SZ,20250908,9.52,2.7681,0.59,,4.1989,5.8814,704823.0104,704823.0104
002383.SZ,20250905,9.33,2.3644,0.42,,4.1151,5.764,690756.1646,690756.1646
002383.SZ,20250904,9.23,3.7294,0.54,,4.071,5.7022,683352.5615,683352.5615
002383.SZ,20250903,9.51,5.0263,0.7,,4.1945,5.8752,704082.6501,704082.6501
002383.SZ,20250902,10.22,6.7981,0.92,,4.5076,6.3138,756648.2317,756648.2317
002383.SZ,20250901,10.8,5.558,0.69,,4.7634,6.6721,799589.1294,799589.1294
002383.SZ,20250829,10.91,7.284,1.0,,4.812,6.7401,807733.0928,807733.0928
002383.SZ,20250828,10.9,10.1858,1.68,,4.8075,6.7339,806992.7325,806992.7325
002383.SZ,20250827,10.4,6.3008,1.14,,4.587,6.425,769974.7172,769974.7172
002383.SZ,20250826,10.86,7.7112,1.57,,4.7899,6.7092,804031.2912,804031.2912
002383.SZ,20250825,10.79,8.7649,2.01,,4.759,6.6659,798848.7691,798848.7691
002383.SZ,20250822,10.45,3.6302,0.76,,4.6091,6.4559,773676.5187,773676.5187
002383.SZ,20250821,10.29,3.8437,0.69,,4.5385,6.3571,761830.7538,761830.7538
002383.SZ,20250820,10.46,3.7923,0.55,,4.6135,6.4621,774416.879,774416.879
002383.SZ,20250819,10.46,4.5193,0.61,,4.6254,6.4621,774416.879,774416.879
002383.SZ,20250818,10.56,6.0096,0.78,,4.6696,6.5239,781820.4821,781820.4821
002383.SZ,20250815,10.44,5.7534,0.7,,4.6166,6.4497,772936.1584,772936.1584
002383.SZ,20250814,10.5,7.6769,1.02,,4.6431,6.4868,777378.3203,777378.3203
002383.SZ,20250813,11.1,10.7456,1.72,,4.9084,6.8575,821799.9386,821799.9386
002383.SZ,20250812,10.7,6.9382,1.21,,4.7316,6.6103,792185.5264,792185.5264
002383.SZ,20250811,10.51,7.3594,1.54,,4.6475,6.493,778118.6806,778118.6806
002383.SZ,20250808,10.48,8.4253,2.2,,4.6343,6.4744,775897.5996,775897.5996
002383.SZ,20250807,10.17,4.2883,1.15,,4.4972,6.2829,752946.4302,752946.4302
002383.SZ,20250806,10.1,4.1735,1.03,,4.4662,6.2397,747763.9081,747763.9081
002383.SZ,20250805,10.0,4.4582,1.22,,4.422,6.1779,740360.305,740360.305
002383.SZ,20250804,9.75,2.4851,0.7,,4.3115,6.0234,721851.2974,721851.2974
002383.SZ,20250801,9.6,3.7139,1.13,,4.2451,5.9308,710745.8928,710745.8928
002383.SZ,20250731,9.91,3.7985,1.2,,4.3822,6.1223,733697.0623,733697.0623
002383.SZ,20250730,10.13,5.7258,2.18,,4.4795,6.2582,749984.989,749984.989
002383.SZ,20250729,10.0,2.5087,0.88,,4.422,6.1779,740360.305,740360.305
002383.SZ,20250728,9.97,2.1137,0.67,,4.4087,6.1594,738139.2241,738139.2241
002383.SZ,20250725,9.91,2.2553,0.7,,4.3822,6.1223,733697.0623,733697.0623
002383.SZ,20250724,10.03,3.224,1.01,,4.4353,6.1964,742581.3859,742581.3859
002383.SZ,20250723,9.81,3.0148,1.02,,4.338,6.0605,726293.4592,726293.4592
002383.SZ,20250722,10.1,3.6016,1.15,,4.4662,6.2397,747763.9081,747763.9081
002383.SZ,20250721,10.06,3.7849,1.32,,4.4485,6.215,744802.4668,744802.4668
002383.SZ,20250718,9.84,2.4141,0.77,,4.3513,6.079,728514.5401,728514.5401
002383.SZ,20250717,9.87,3.0679,0.83,,4.3645,6.0976,730735.621,730735.621
002383.SZ,20250716,9.7,1.927,0.45,,4.2894,5.9926,718149.4959,718149.4959
002383.SZ,20250715,9.66,4.4404,1.08,,4.2717,5.9678,715188.0546,715188.0546
002383.SZ,20250714,9.92,2.5353,0.57,,4.3866,6.1285,734437.4226,734437.4226
002383.SZ,20250711,9.88,3.6047,0.72,,4.3689,6.1038,731475.9813,731475.9813
002383.SZ,20250710,9.89,6.0234,1.22,,4.3734,6.1099,732216.3416,732216.3416
002383.SZ,20250709,10.22,4.8821,0.87,,4.5193,6.3138,756648.2317,756648.2317
002383.SZ,20250708,10.45,3.5362,0.48,,4.621,6.4559,773676.5187,773676.5187
002383.SZ,20250707,10.35,4.0985,0.47,,4.5768,6.3941,766272.9157,766272.9157
002383.SZ,20250704,10.41,6.4535,0.62,,4.6033,6.4312,770715.0775,770715.0775
002383.SZ,20250703,10.85,5.6529,0.43,,4.7979,6.703,803290.9309,803290.9309
002383.SZ,20250702,10.76,8.1999,0.6,,4.7581,6.6474,796627.6882,796627.6882
002383.SZ,20250701,11.21,12.3279,0.95,,4.9571,6.9254,829943.9019,829943.9019
002383.SZ,20250630,10.94,10.7435,0.83,,4.8377,6.7586,809954.1737,809954.1737
002383.SZ,20250627,10.57,14.7212,1.24,,4.6741,6.53,782560.8424,782560.8424
002383.SZ,20250626,10.81,20.4748,2.16,,4.7802,6.6783,800329.4897,800329.4897
002383.SZ,20250625,10.31,9.6452,0.96,,4.5591,6.3694,763311.4745,763311.4745
002383.SZ,20250624,10.23,9.4093,0.86,,4.5237,6.32,757388.592,757388.592
002383.SZ,20250623,10.59,10.1226,0.89,,4.6829,6.5424,784041.563,784041.563
002383.SZ,20250620,10.37,9.9369,0.8,,4.5856,6.4065,767753.6363,767753.6363
002383.SZ,20250619,9.99,8.3418,0.71,,4.4176,6.1717,739619.9447,739619.9447
002383.SZ,20250618,10.38,12.3864,1.21,,4.59,6.4127,768493.9966,768493.9966
002383.SZ,20250617,10.54,13.7233,1.47,,4.6608,6.5115,780339.7615,780339.7615
002383.SZ,20250616,10.03,12.3075,1.59,,4.4353,6.1964,742581.3859,742581.3859
002383.SZ,20250613,10.08,15.5724,2.69,,4.4574,6.2273,746283.1874,746283.1874
002383.SZ,20250612,9.46,4.8879,0.77,,4.1832,5.8443,700380.8485,700380.8485
002383.SZ,20250611,9.69,4.768,0.67,,4.2849,5.9864,717409.1355,717409.1355
002383.SZ,20250610,9.8,9.2833,1.3,,4.3336,6.0543,725553.0989,725553.0989
002383.SZ,20250609,9.58,4.1901,0.42,,4.2363,5.9184,709265.1722,709265.1722
002383.SZ,20250606,9.52,5.8144,0.5,,4.2098,5.8814,704823.0104,704823.0104
002383.SZ,20250605,9.71,7.5971,0.69,,4.2938,5.9987,718889.8562,718889.8562
002383.SZ,20250604,9.71,8.7166,0.82,,4.2938,5.9987,718889.8562,718889.8562
002383.SZ,20250603,9.85,9.3033,0.96,,4.3557,6.0852,729254.9004,729254.9004
002383.SZ,20250530,9.8,18.6132,2.41,,4.3336,6.0543,725553.0989,725553.0989
002383.SZ,20250529,9.97,13.7704,2.21,,4.4087,6.1594,738139.2241,738139.2241
002383.SZ,20250528,9.06,4.6113,0.71,,4.0063,5.5972,670766.4363,670766.4363
002383.SZ,20250527,9.21,6.8972,1.12,,4.0727,5.6898,681871.8409,681871.8409
002383.SZ,20250526,8.92,4.5974,0.7,,3.9444,5.5107,660401.3921,660401.3921
002383.SZ,20250523,8.88,8.7876,1.3,,3.9267,5.486,657439.9508,657439.9508
002383.SZ,20250522,8.61,6.2734,0.69,,3.8074,5.3192,637450.2226,637450.2226
002383.SZ,20250521,9.04,5.7826,0.59,,3.9975,5.5848,669285.7157,669285.7157
002383.SZ,20250520,9.07,5.2427,0.5,,4.0108,5.6034,671506.7966,671506.7966
002383.SZ,20250519,9.11,6.6175,0.59,,4.0285,5.6281,674468.2379,674468.2379
002383.SZ,20250516,9.1,9.8276,0.83,,4.024,5.6219,673727.8776,673727.8776
002383.SZ,20250515,9.21,18.0198,1.7,,4.0727,5.6898,681871.8409,681871.8409
002383.SZ,20250514,9.63,9.4519,0.84,,4.2584,5.9493,712966.9737,712966.9737
002383.SZ,20250513,8.75,8.9685,0.85,,3.8693,5.4057,647815.2669,647815.2669
002383.SZ,20250512,9.18,10.1214,1.03,,4.0594,5.6713,679650.76,679650.76
002383.SZ,20250509,9.25,12.7078,1.48,,4.0904,5.7146,684833.2821,684833.2821
002383.SZ,20250508,9.35,11.8877,1.63,,4.1346,5.7763,692236.8852,692236.8852
002383.SZ,20250507,9.25,12.2568,1.81,,4.0904,5.7146,684833.2821,684833.2821
002383.SZ,20250506,8.77,5.7213,0.7,,3.8781,5.418,649295.9875,649295.9875
002383.SZ,20250430,8.55,6.5712,0.76,,3.7808,5.2821,633008.0608,633008.0608
002383.SZ,20250429,8.81,6.4,0.79,,3.8958,5.4427,652257.4287,652257.4287
002383.SZ,20250428,8.69,5.4098,0.69,,3.8427,5.3686,643373.105,643373.105
002383.SZ,20250425,8.9,9.7715,1.37,,3.9356,5.4983,658920.6715,658920.6715
002383.SZ,20250424,8.6,12.4809,2.5,,3.8029,5.313,636709.8623,636709.8623
002383.SZ,20250423,8.65,9.0119,2.51,,3.825,5.3439,640411.6638,640411.6638
002383.SZ,20250422,7.86,3.8058,1.11,,3.4757,4.8558,581923.1997,581923.1997
002383.SZ,20250421,7.8,4.2662,1.13,,3.4492,4.8188,577481.0379,577481.0379
002383.SZ,20250418,7.79,6.1695,2.01,,3.4447,4.8126,576740.6776,576740.6776
002383.SZ,20250417,7.4,2.0899,0.54,11.4623,2.9934,3.0399,547866.6257,456058.5109
002383.SZ,20250416,7.39,2.3996,0.58,11.4468,2.9893,3.0357,547126.2654,455442.2156
002383.SZ,20250415,7.58,3.5667,0.86,11.7411,3.0662,3.1138,561193.1112,467151.826
002383.SZ,20250414,7.88,7.2489,2.19,12.2058,3.1876,3.237,583403.9203,485640.6846
002383.SZ,20250411,7.77,3.1507,1.07,12.0354,3.1431,3.1918,575259.957,478861.4364
002383.SZ,20250410,7.06,2.9525,1.13,10.9356,2.8559,2.9002,522694.3753,435104.4712
002383.SZ,20250409,6.94,3.8658,1.76,10.7498,2.8073,2.8509,513810.0517,427708.9278
002383.SZ,20250408,6.63,3.6303,1.86,10.2696,2.6819,2.7235,490858.8822,408603.774
002383.SZ,20250407,6.87,2.9882,1.53,10.6413,2.779,2.8221,508627.5295,423394.8608
002383.SZ,20250403,7.63,1.2575,0.55,11.8185,3.0864,3.1343,564894.9127,470233.3025
002383.SZ,20250402,7.65,1.325,0.52,11.8495,3.0945,3.1425,566375.6333,471465.893
002383.SZ,20250401,7.7,1.784,0.58,11.927,3.1147,3.1631,570077.4349,474547.3695
002383.SZ,20250331,7.59,2.3908,0.59,11.7566,3.0703,3.1179,561933.4715,467768.1213
002383.SZ,20250328,7.66,2.9882,0.63,11.865,3.0986,3.1467,567115.9936,472082.1883
002383.SZ,20250327,7.87,2.9236,0.61,12.1903,3.1835,3.2329,582663.56,485024.3893
002383.SZ,20250326,8.07,2.5748,0.53,12.5001,3.2644,3.3151,597470.7661,497350.295
002383.SZ,20250325,8.04,4.5384,0.97,12.4536,3.2523,3.3028,595249.6852,495501.4091
002383.SZ,20250324,8.43,7.3891,1.79,13.0577,3.41,3.463,624123.7371,519536.9253
002383.SZ,20250321,8.82,6.2184,1.78,13.6618,3.5678,3.6232,652997.789,543572.4414
002383.SZ,20250320,8.61,3.2002,0.9,13.3365,3.4829,3.5369,637450.2226,530630.2404
002383.SZ,20250319,8.55,2.9562,0.8,13.2436,3.4586,3.5123,633008.0608,526932.4687
002383.SZ,20250318,8.65,3.5551,0.94,13.3985,3.499,3.5533,640411.6638,533095.4215
002383.SZ,20250317,8.71,4.7459,1.21,13.4914,3.5233,3.578,644853.8257,536793.1932
002383.SZ,20250314,8.74,3.0197,0.59,13.5379,3.5354,3.5903,647074.9066,538642.0791
002383.SZ,20250313,8.7,3.4233,0.48,13.4759,3.5193,3.5739,644113.4654,536176.898
002383.SZ,20250312,8.87,3.6814,0.36,13.7393,3.588,3.6437,656699.5905,546653.9178
002383.SZ,20250311,8.92,4.1346,0.36,13.8167,3.6083,3.6643,660401.3921,549735.3942
002383.SZ,20250310,8.85,5.3217,0.43,13.7083,3.5799,3.6355,655218.8699,545421.3272
002383.SZ,20250307,9.03,8.9581,0.8,13.9871,3.6528,3.7094,668545.3554,556514.6424
002383.SZ,20250306,9.0,13.5924,1.48,13.9406,3.6406,3.6971,666324.2745,554665.7565
002383.SZ,20250305,9.15,19.0573,3.09,14.173,3.7013,3.7587,677429.6791,563910.1858
002383.SZ,20250304,8.58,9.8472,1.96,13.2901,3.4707,3.5246,635229.1417,528781.3545
002383.SZ,20250303,8.31,9.7303,2.39,12.8718,3.3615,3.4137,615239.4135,512141.3818
002383.SZ,20250228,7.98,3.5668,0.86,12.3607,3.228,3.2781,590807.5234,491803.6374
002383.SZ,20250227,8.39,3.7095,0.85,12.9958,3.3939,3.4465,621162.2959,517071.7441
002383.SZ,20250226,8.44,3.9422,0.95,13.0732,3.4141,3.4671,624864.0974,520153.2205
002383.SZ,20250225,8.36,4.2349,1.08,12.9493,3.3817,3.4342,618941.215,515222.8583
002383.SZ,20250224,8.3,4.9009,1.36,12.8564,3.3575,3.4096,614499.0532,511525.0866
002383.SZ,20250221,8.25,3.9535,1.17,12.7789,3.3372,3.389,610797.2516,508443.6101
002383.SZ,20250220,8.26,4.8255,1.48,12.7944,3.3413,3.3931,611537.6119,509059.9054
002383.SZ,20250219,8.02,2.8784,0.85,12.4226,3.2442,3.2945,593768.9646,494268.8186
002383.SZ,20250218,7.85,3.1258,0.93,12.1593,3.1754,3.2247,581182.8394,483791.7987
002383.SZ,20250217,8.16,3.2642,0.92,12.6395,3.3008,3.3521,604134.0089,502896.9526
002383.SZ,20250214,8.05,2.8456,0.73,12.4691,3.2563,3.3069,595990.0455,496117.7044
002383.SZ,20250213,8.09,4.1745,1.1,12.5311,3.2725,3.3233,598951.4867,498582.8856
002383.SZ,20250212,8.22,3.5658,0.95,12.7324,3.3251,3.3767,608576.1707,506594.7243
002383.SZ,20250211,8.06,3.0171,0.84,12.4846,3.2604,3.311,596730.4058,496733.9997
002383.SZ,20250210,8.17,4.054,1.26,12.655,3.3049,3.3562,604874.3692,503513.2478
002383.SZ,20250207,7.97,4.7573,1.66,12.3452,3.224,3.274,590067.1631,491187.3421
002383.SZ,20250206,7.81,3.624,1.43,12.0974,3.1592,3.2083,578221.3982,481326.6176
002383.SZ,20250205,7.47,3.2729,1.35,11.5707,3.0217,3.0686,553049.1478,460372.5779
002383.SZ,20250127,7.15,2.3573,0.84,11.075,2.8923,2.9372,529357.6181,440651.1288
002383.SZ,20250124,7.42,2.1166,0.75,11.4933,3.0015,3.0481,549347.3463,457291.1015
002383.SZ,20250123,7.3,2.9204,1.04,11.3074,2.9529,2.9988,540463.0227,449895.5581
002383.SZ,20250122,7.41,1.972,0.67,11.4778,2.9974,3.044,548606.986,456674.8062
002383.SZ,20250121,7.54,2.7167,0.86,11.6791,3.05,3.0974,558231.67,464686.6449
002383.SZ,20250120,7.64,4.3483,1.55,11.834,3.0905,3.1384,565635.273,470849.5977
002383.SZ,20250117,7.82,2.146,0.68,12.1129,3.1633,3.2124,578961.7585,481942.9129
002383.SZ,20250116,7.87,2.8461,0.74,12.1903,3.1835,3.2329,582663.56,485024.3893
002383.SZ,20250115,7.82,2.7647,0.66,12.1129,3.1633,3.2124,578961.7585,481942.9129
002383.SZ,20250114,7.88,3.6999,0.93,12.2058,3.1876,3.237,583403.9203,485640.6846
002383.SZ,20250113,7.48,2.5987,0.62,11.5862,3.0258,3.0727,553789.5081,460988.8732
002383.SZ,20250110,7.45,3.8822,0.92,11.5397,3.0136,3.0604,551568.4272,459139.9873
002383.SZ,20250109,7.85,6.1776,1.61,12.1593,3.1754,3.2247,581182.8394,483791.7987
002383.SZ,20250108,7.56,4.4569,1.2,11.7101,3.0581,3.1056,559712.3906,465919.2355
002383.SZ,20250107,7.47,2.8774,0.75,11.5707,3.0217,3.0686,553049.1478,460372.5779
002383.SZ,20250106,7.27,3.516,0.89,11.2609,2.9408,2.9864,538241.9417,448046.6722
002383.SZ,20250103,7.25,4.1245,1.08,11.2299,2.9327,2.9782,536761.2211,446814.0816
002383.SZ,20250102,7.65,4.1896,1.07,11.8495,3.0945,3.1425,566375.6333,471465.893
002383.SZ,20241231,7.88,3.9109,0.94,12.2058,3.1876,3.237,583403.9203,485640.6846
002383.SZ,20241230,8.26,3.4596,0.68,12.7944,3.3413,3.3931,611537.6119,509059.9054
002383.SZ,20241227,8.46,4.1128,0.76,13.1042,3.4222,3.4753,626344.818,521385.8111
002383.SZ,20241226,8.5,3.3354,0.56,13.1661,3.4384,3.4917,629306.2593,523850.9923
002383.SZ,20241225,8.37,4.8173,0.72,12.9648,3.3858,3.4383,619681.5753,515839.1535
002383.SZ,20241224,8.72,4.9779,0.61,13.5069,3.5274,3.5821,645594.186,537409.4885
002383.SZ,20241223,8.75,8.3811,0.82,13.5534,3.5395,3.5944,647815.2669,539258.3744
002383.SZ,20241220,9.67,5.6182,0.4,14.9784,3.9116,3.9723,715928.4149,595957.5406
002383.SZ,20241219,9.61,5.9924,0.39,14.8855,3.8874,3.9477,711486.2531,592259.7689
002383.SZ,20241218,9.78,8.2759,0.52,15.1488,3.9561,4.0175,724072.3783,602736.7887
002383.SZ,20241217,9.77,12.8222,0.83,15.1333,3.9521,4.0134,723332.018,602120.4934
002383.SZ,20241216,10.71,18.4866,1.44,16.5893,4.3323,4.3996,792925.8867,660052.2502
002383.SZ,20241213,11.34,25.1062,2.71,17.5652,4.5872,4.6584,839568.5859,698878.8532
002383.SZ,20241212,10.83,12.2241,1.37,16.7752,4.3809,4.4489,801810.2103,667447.7937
002383.SZ,20241211,10.57,10.8154,1.19,16.3725,4.2757,4.3421,782560.8424,651424.1162
002383.SZ,20241210,10.29,10.5061,1.16,15.9388,4.1624,4.227,761830.7538,634167.8483
002383.SZ,20241209,9.79,5.4636,0.46,15.1643,3.9602,4.0216,724812.7386,603353.084
002383.SZ,20241206,10.05,7.3398,0.55,15.567,4.0654,4.1284,744062.1065,619376.7614
002383.SZ,20241205,10.38,10.4954,0.81,16.0782,4.1988,4.264,768493.9966,639714.5058
002383.SZ,20241204,10.06,11.5609,0.96,15.5825,4.0694,4.1326,744802.4668,619993.0567
002383.SZ,20241203,9.76,10.3927,0.94,15.1178,3.948,4.0093,722591.6577,601504.1982
002383.SZ,20241202,10.28,19.2153,2.27,15.9233,4.1584,4.2229,761090.3935,633551.553
002383.SZ,20241129,10.11,14.9867,2.21,15.66,4.0896,4.1531,748504.2684,623074.5331
002383.SZ,20241128,9.19,8.4335,1.27,14.2349,3.7175,3.7752,680391.1203,566375.3669
002383.SZ,20241127,9.1,7.2995,1.02,14.0955,3.6811,3.7382,673727.8776,560828.7094
002383.SZ,20241126,8.73,5.5891,0.72,13.5224,3.5314,3.5862,646334.5463,538025.7838
002383.SZ,20241125,8.81,5.987,0.66,13.6463,3.5638,3.6191,652257.4287,542956.1461
002383.SZ,20241122,8.57,6.6435,0.67,13.2746,3.4667,3.5205,634488.7814,528165.0592
002383.SZ,20241121,9.09,7.7584,0.71,14.08,3.677,3.7341,672987.5172,560212.4141
002383.SZ,20241120,9.27,9.7064,0.72,14.3588,3.7498,3.808,686314.0027,571305.7292
002383.SZ,20241119,9.09,8.8177,0.55,14.08,3.677,3.7341,672987.5172,560212.4141
002383.SZ,20241118,8.91,12.1215,0.79,13.8012,3.6042,3.6601,659661.0318,549119.0989
002383.SZ,20241115,8.62,11.1926,0.79,13.352,3.4869,3.541,638190.5829,531246.5357
002383.SZ,20241114,9.23,13.1142,0.98,14.2969,3.7337,3.7916,683352.5615,568840.5481
002383.SZ,20241113,10.25,22.055,1.86,15.8768,4.1463,4.2106,758869.3126,631702.6671
002383.SZ,20241112,9.78,21.7407,2.4,15.1488,3.9561,4.0175,724072.3783,602736.7887
002383.SZ,20241111,10.18,8.3713,1.06,15.7684,4.1179,4.1818,753686.7905,627388.6001
002383.SZ,20241108,9.25,5.2989,0.65,14.3279,3.7417,3.7998,684833.2821,570073.1386
002383.SZ,20241107,8.41,9.3414,1.25,13.0267,3.402,3.4547,622643.0165,518304.3347
002383.SZ,20241106,8.34,14.6226,2.7,12.9183,3.3736,3.426,617460.4944,513990.2677
002383.SZ,20241105,8.18,7.689,1.52,12.6705,3.3089,3.3603,605614.7295,504129.5431
002383.SZ,20241104,7.44,2.5943,0.48,11.5242,3.0096,3.0563,550828.0669,458523.692
002383.SZ,20241101,7.3,6.5476,1.37,11.3074,2.9529,2.9988,540463.0227,449895.5581
002383.SZ,20241031,7.93,5.9006,1.39,12.2832,3.2078,3.2576,587105.7219,488722.161
002383.SZ,20241030,7.79,4.3635,1.0,12.0664,3.1512,3.2001,576740.6776,480094.027
002383.SZ,20241029,7.78,5.8264,1.33,12.0509,3.1471,3.196,576000.3173,479477.7317
002383.SZ,20241028,7.92,4.1614,0.83,12.2677,3.1911,3.2535,586365.3616,488105.8657
002383.SZ,20241025,7.69,3.711,0.7,11.9115,3.0984,3.159,569337.0745,473931.0742
002383.SZ,20241024,7.69,3.1284,0.57,11.9115,3.0984,3.159,569337.0745,473931.0742
002383.SZ,20241023,7.88,4.9743,0.96,12.2058,3.175,3.237,583403.9203,485640.6846
002383.SZ,20241022,7.87,5.9933,1.18,12.1903,3.1709,3.2329,582663.56,485024.3893
002383.SZ,20241021,7.94,7.2834,1.56,12.2987,3.1991,3.2617,587846.0822,489338.4563
002383.SZ,20241018,7.61,5.2407,1.17,11.7876,3.0662,3.1261,563414.1921,469000.7119
002383.SZ,20241017,7.44,3.887,0.79,11.5242,2.9977,3.0563,550828.0669,458523.692
002383.SZ,20241016,7.39,3.3826,0.57,11.4468,2.9775,3.0357,547126.2654,455442.2156
002383.SZ,20241015,7.47,5.5127,0.75,11.5707,3.0098,3.0686,553049.1478,460372.5779
002383.SZ,20241014,7.54,5.2584,0.59,11.6791,3.038,3.0974,558231.67,464686.6449
002383.SZ,20241011,7.23,4.3422,0.42,11.199,2.9131,2.97,535280.5005,445581.4911
002383.SZ,20241010,7.5,6.2236,0.54,11.6172,3.0218,3.0809,555270.2288,462221.4638
002383.SZ,20241009,7.59,8.3069,0.68,11.7566,3.0581,3.1179,561933.4715,467768.1213
002383.SZ,20241008,8.32,12.5588,1.18,12.8873,3.3522,3.4178,615979.7738,512757.6771
002383.SZ,20240930,7.79,13.3069,1.49,12.0664,3.1387,3.2001,576740.6776,480094.027
002383.SZ,20240927,7.14,11.6914,1.49,11.0596,2.8768,2.933,528617.2578,440034.8335
002383.SZ,20240926,6.81,11.2798,1.79,10.5484,2.7438,2.7975,504185.3677,419697.0891
002383.SZ,20240925,6.82,11.9515,2.76,10.5639,2.7479,2.8016,504925.728,420313.3844
002383.SZ,20240924,6.2,4.9348,1.22,9.6035,2.4981,2.5469,459023.3891,382103.0767
002383.SZ,20240923,6.14,4.664,1.18,9.5106,2.4739,2.5223,454581.2273,378405.305
002383.SZ,20240920,6.06,6.2914,1.85,9.3867,2.4416,2.4894,448658.3448,373474.9427
002383.SZ,20240919,5.9,3.6781,0.96,9.1389,2.3772,2.4237,436812.58,363614.2182
002383.SZ,20240918,5.66,2.0661,0.36,8.7671,2.2805,2.3251,419043.9326,348823.1313
002383.SZ,20240913,5.7,3.5604,0.42,8.8291,2.2966,2.3415,422005.3739,351288.3125
002383.SZ,20240912,5.94,4.1319,0.45,9.2008,2.3933,2.4401,439774.0212,366079.3993
002383.SZ,20240911,5.88,3.5232,0.33,9.1079,2.3691,2.4154,435331.8593,362381.6276
002383.SZ,20240910,6.02,5.8816,0.58,9.3247,2.4255,2.473,445696.9036,371009.7616
002383.SZ,20240909,6.06,11.6894,1.46,9.3867,2.4416,2.4894,448658.3448,373474.9427
002383.SZ,20240906,6.68,17.6051,3.74,10.347,2.6915,2.7441,494560.6837,411685.2504
002383.SZ,20240905,6.55,7.1502,2.02,10.1457,2.6391,2.6907,484935.9998,403673.4117
002383.SZ,20240904,5.95,10.5126,6.57,9.2163,2.3973,2.4442,440514.3815,366695.6946
002383.SZ,20240903,6.05,3.7248,3.55,9.3712,2.4376,2.4853,447917.9845,372858.6474
002383.SZ,20240902,5.5,0.9748,0.96,8.5193,2.216,2.2593,407198.1678,338962.4068
002383.SZ,20240830,5.64,1.1739,1.22,8.7361,2.2724,2.3169,417563.212,347590.5407
002383.SZ,20240829,5.59,1.3432,1.49,8.6587,2.2523,2.2963,413861.4105,344509.0643
002383.SZ,20240828,5.52,0.783,0.85,8.5502,2.1982,2.2676,408678.8884,340167.6733
002383.SZ,20240827,5.48,0.9784,1.03,8.4883,2.1823,2.2511,405717.4471,337702.6902
002383.SZ,20240826,5.58,0.78,0.73,8.6432,2.2221,2.2922,413121.0502,343865.148
002383.SZ,20240823,5.54,0.9256,0.74,8.5812,2.2062,2.2758,410159.609,341400.1649
002383.SZ,20240822,5.53,1.0458,0.79,8.5657,2.2022,2.2717,409419.2487,340783.9191
002383.SZ,20240821,5.63,0.8758,0.62,8.7206,2.242,2.3128,416822.8517,346946.377
002383.SZ,20240820,5.65,1.1184,0.78,8.7516,2.25,2.321,418303.5723,348178.8685
002383.SZ,20240819,5.75,1.3933,0.89,8.9065,2.2898,2.362,425707.1754,354341.3264
002383.SZ,20240816,5.8,1.7887,1.14,8.984,2.3097,2.3826,429408.9769,357422.5553
002383.SZ,20240815,5.9,1.467,0.7,9.1389,2.3496,2.4237,436812.58,363585.0132
002383.SZ,20240814,5.87,1.2942,0.44,9.0924,2.3376,2.4113,434591.499,361736.2758
002383.SZ,20240813,5.89,1.2425,0.38,9.1234,2.3456,2.4196,436072.2196,362968.7674
002383.SZ,20240812,5.83,2.0071,0.54,9.0304,2.3217,2.3949,431630.0578,359271.2927
002383.SZ,20240809,5.99,1.8617,0.44,9.2783,2.3854,2.4606,443475.8227,369131.2252
002383.SZ,20240808,6.05,4.1198,0.87,9.3712,2.4093,2.4853,447917.9845,372828.6999
002383.SZ,20240807,6.35,5.3709,1.06,9.8359,2.5288,2.6085,470128.7937,391316.0735
002383.SZ,20240806,6.11,2.9212,0.51,9.4641,2.4332,2.5099,452360.1464,376526.1746
002383.SZ,20240805,6.01,4.1433,0.73,9.3092,2.3934,2.4689,444956.5433,370363.7168
002383.SZ,20240802,6.16,4.7398,0.91,9.5416,2.4531,2.5305,456061.9479,379607.4036
002383.SZ,20240801,6.42,6.3676,1.5,9.9443,2.5566,2.6373,475311.3158,395629.794
002383.SZ,20240731,6.3,7.2248,2.15,9.7584,2.5089,2.588,466426.9922,388234.8446
002383.SZ,20240730,6.2,6.3564,2.43,9.6035,2.469,2.5469,459023.3891,382072.3867
002383.SZ,20240729,6.0,3.7408,1.52,9.2937,2.3894,2.4647,444216.183,369747.471
002383.SZ,20240726,5.76,2.2547,0.86,8.922,2.2938,2.3662,426447.5357,354957.5722
002383.SZ,20240725,5.54,1.695,0.6,8.5812,2.2062,2.2758,410159.609,341400.1649
002383.SZ,20240724,5.55,2.7474,0.87,8.5967,2.2102,2.2799,410899.9693,342016.4107
002383.SZ,20240723,5.77,2.66,0.62,8.9375,2.2978,2.3703,427187.896,355573.8179
002383.SZ,20240722,5.87,2.9618,0.69,9.0924,2.3376,2.4113,434591.499,361736.2758
002383.SZ,20240719,5.8,3.0713,0.79,8.984,2.3097,2.3826,429408.9769,357422.5553
002383.SZ,20240718,5.81,2.7839,0.75,8.9994,2.3137,2.3867,430149.3372,358038.8011
002383.SZ,20240717,5.85,4.2486,1.32,9.0614,2.3297,2.4031,433110.7784,360503.7842
002383.SZ,20240716,6.1,8.3534,4.67,9.4486,2.4292,2.5058,451619.7861,375909.9289
002383.SZ,20240715,5.93,2.8856,1.96,9.1853,2.3615,2.436,439033.6609,365433.7505
002383.SZ,20240712,5.39,1.1143,0.78,8.3489,2.1465,2.2142,399054.2044,332156.4781
002383.SZ,20240711,5.45,1.9744,1.6,8.4418,2.1704,2.2388,403496.3662,335853.9528
002383.SZ,20240710,5.38,1.7419,1.65,8.3334,2.1425,2.2101,398313.8441,331540.2323
002383.SZ,20240709,5.32,1.2268,1.21,8.2405,2.1186,2.1854,393871.6823,327842.7576
002383.SZ,20240708,5.22,1.2903,1.34,8.0856,2.0788,2.1443,386468.0792,321680.2998
002383.SZ,20240705,5.5,0.8794,0.84,8.5193,2.1903,2.2593,407198.1678,338935.1818
002383.SZ,20240704,5.44,1.0209,0.96,8.4263,2.1664,2.2347,402756.0059,335237.707
002383.SZ,20240703,5.58,0.8764,0.77,8.6432,2.2221,2.2922,413121.0502,343865.148
002383.SZ,20240702,5.68,1.0144,0.87,8.7981,2.262,2.3333,420524.6532,350027.6059
002383.SZ,20240701,5.73,1.0392,0.77,8.8755,2.2819,2.3538,424226.4548,353108.8348
002383.SZ,20240628,5.71,1.2966,0.98,8.8445,2.2739,2.3456,422745.7342,351876.3432
002383.SZ,20240627,5.62,1.0975,0.73,8.7051,2.2381,2.3086,416082.4914,346330.1312
002383.SZ,20240626,5.78,1.2475,0.68,8.953,2.3018,2.3744,427928.2563,356190.0637
002383.SZ,20240625,5.58,1.1468,0.49,8.6432,2.2221,2.2922,413121.0502,343865.148
002383.SZ,20240624,5.61,1.9559,0.9,8.6897,2.2341,2.3045,415342.1311,345713.8854
002383.SZ,20240621,5.93,1.1556,0.54,9.1853,2.3615,2.436,439033.6609,365433.7505
002383.SZ,20240620,5.9,2.0488,1.05,9.1389,2.3496,2.4237,436812.58,363585.0132
002383.SZ,20240619,6.17,2.8435,1.73,9.5571,2.4571,2.5346,456802.3082,380223.6493
002383.SZ,20240618,6.21,3.7945,3.25,9.619,2.473,2.551,459763.7494,382688.6325
002383.SZ,20240617,5.86,0.9962,0.75,9.0769,2.3336,2.4072,433851.1387,361120.03
002383.SZ,20240614,5.85,0.9556,0.48,9.0614,2.3297,2.4031,433110.7784,360503.7842
002383.SZ,20240613,5.85,1.2018,0.5,9.0614,2.3297,2.4031,433110.7784,360503.7842
002383.SZ,20240612,5.95,1.2848,0.49,9.2163,2.3695,2.4442,440514.3815,366666.2421
002383.SZ,20240611,5.9,1.3912,0.47,9.1389,2.3496,2.4237,436812.58,363585.0132
002383.SZ,20240607,5.8,1.8493,0.56,8.984,2.3097,2.3826,429408.9769,357422.5553
002383.SZ,20240606,5.79,4.264,1.38,8.9685,2.3058,2.3785,428668.6166,356806.3095
002383.SZ,20240605,6.22,3.2123,1.07,9.6345,2.477,2.5551,460504.1097,383304.8783
002383.SZ,20240604,6.1,2.4561,0.85,9.4486,2.4292,2.5058,451619.7861,375909.9289
002383.SZ,20240603,6.22,3.0065,1.11,9.6345,2.477,2.5551,460504.1097,383304.8783
002383.SZ,20240531,6.44,3.4285,1.35,9.9753,2.5646,2.6455,476792.0364,396862.2855
002383.SZ,20240530,6.27,3.3277,1.31,9.712,2.4969,2.5757,464205.9112,386386.1072
002383.SZ,20240529,6.2,2.7869,1.01,9.6035,2.469,2.5469,459023.3891,382072.3867
002383.SZ,20240528,6.25,1.9228,0.63,9.681,2.4889,2.5674,462725.1906,385153.6156
002383.SZ,20240527,6.25,2.0602,0.46,9.681,2.4889,2.5674,462725.1906,385153.6156
002383.SZ,20240524,6.25,2.5955,0.55,9.681,2.4889,2.5674,462725.1906,385153.6156
002383.SZ,20240523,6.5,3.3727,0.79,10.0682,2.5885,2.6701,481234.1983,400559.7603
002383.SZ,20240522,6.71,3.8782,1.02,10.3935,2.6721,2.7564,496781.7647,413500.9217
002383.SZ,20240521,6.63,3.3757,1.0,10.2696,2.6403,2.7235,490858.8822,408570.9555
002383.SZ,20240520,6.72,9.1411,4.43,10.409,2.6761,2.7605,497522.125,414117.1675
002383.SZ,20240517,6.69,3.6858,2.12,10.3625,2.6642,2.7482,495301.044,412268.4302
002383.SZ,20240516,6.08,1.2582,0.67,9.4177,2.4212,2.4976,450139.0654,374677.4373
002383.SZ,20240515,6.0,1.4601,0.71,9.2937,2.3894,2.4647,444216.183,369747.471
002383.SZ,20240514,6.07,1.3806,0.58,9.4022,2.4173,2.4935,449398.7051,374061.1915
002383.SZ,20240513,6.05,2.5371,1.08,9.3712,2.4093,2.4853,447917.9845,372828.6999
002383.SZ,20240510,6.37,2.0452,0.86,9.8669,2.5367,2.6167,471609.5143,392548.565
002383.SZ,20240509,6.55,1.9346,0.75,10.1457,2.6084,2.6907,484935.9998,403640.9892
002383.SZ,20240508,6.53,2.4319,0.94,10.1147,2.6004,2.6825,483455.2792,402408.4976
002383.SZ,20240507,6.7,3.019,1.22,10.378,2.6681,2.7523,496041.4044,412884.676
002383.SZ,20240506,6.55,2.2687,0.89,10.1457,2.6084,2.6907,484935.9998,403640.9892
002383.SZ,20240430,6.55,2.2961,0.92,10.1457,2.6084,2.6907,484935.9998,403640.9892
002383.SZ,20240429,6.58,2.9151,1.24,10.1921,2.6204,2.703,487157.0807,405489.7265
002383.SZ,20240426,6.43,2.4659,1.02,9.9598,2.5606,2.6414,476051.6761,396246.0398
002383.SZ,20240425,6.27,2.4686,0.97,9.712,2.4969,2.5757,464205.9112,386386.1072
002383.SZ,20240424,6.47,2.6424,1.0,10.0218,2.5766,2.6578,479013.1173,398711.0229
002383.SZ,20240423,6.16,2.0348,0.67,9.5416,2.4531,2.5305,456061.9479,379607.4036
002383.SZ,20240422,6.1,2.1304,0.58,9.4486,2.4292,2.5058,451619.7861,375909.9289
002383.SZ,20240419,6.19,2.7545,0.65,9.588,2.465,2.5428,458283.0288,381456.1409
002383.SZ,20240418,6.13,3.1022,0.71,9.4951,2.4412,2.5181,453840.867,377758.6662
002383.SZ,20240417,5.95,3.1702,0.68,9.2163,2.3695,2.4442,440514.3815,366666.2421
002383.SZ,20240416,5.59,4.0116,0.9,8.6587,2.2261,2.2963,413861.4105,344481.3938
002383.SZ,20240415,6.21,5.1956,1.18,9.619,2.473,2.551,459763.7494,382688.6325
002383.SZ,20240412,6.82,5.8408,1.56,10.5639,2.7159,2.8016,504925.728,420279.6254
002383.SZ,20240411,7.27,3.6866,0.98,,3.9101,2.798,538241.9417,447959.4322
002383.SZ,20240410,7.49,4.657,1.18,,4.0284,2.8827,554529.8684,461515.2885
002383.SZ,20240409,7.42,2.82,0.58,,3.9907,2.8558,549347.3463,457202.0615
002383.SZ,20240408,7.35,5.0189,0.93,,3.9531,2.8288,544164.8242,452888.8345
002383.SZ,20240403,7.28,2.5381,0.41,,3.9154,2.8019,538982.302,448575.6075
002383.SZ,20240402,7.38,3.7791,0.55,,3.9692,2.8404,546385.9051,454737.3603
002383.SZ,20240401,7.51,5.5667,0.88,,4.0391,2.8904,556010.5891,462747.639
002383.SZ,20240329,7.52,7.3834,1.38,,4.0445,2.8943,556750.9494,463363.8143
002383.SZ,20240328,7.32,7.5782,1.63,,3.937,2.8173,541943.7433,451040.3086
002383.SZ,20240327,6.92,6.3659,1.63,,3.7218,2.6633,512329.3311,426393.2972
002383.SZ,20240326,7.32,7.6455,2.72,,3.937,2.8173,541943.7433,451040.3086
002383.SZ,20240325,6.94,2.5474,0.92,,3.7326,2.671,513810.0517,427625.6478
002383.SZ,20240322,7.18,2.666,1.01,,3.8617,2.7634,531578.699,442413.8546
002383.SZ,20240321,7.31,3.9589,1.59,,3.9316,2.8134,541203.383,450424.1333
002383.SZ,20240320,7.16,2.7483,0.91,,3.8509,2.7557,530097.9784,441181.5041
002383.SZ,20240319,7.06,2.1516,0.66,,3.7971,2.7172,522694.3753,435019.7512
002383.SZ,20240318,7.05,2.2924,0.69,,3.7917,2.7134,521954.015,434403.5759
002383.SZ,20240315,6.9,2.0775,0.64,,3.7111,2.6556,510848.6105,425160.9467
002383.SZ,20240314,6.83,3.1917,1.09,,3.6734,2.6287,505666.0883,420847.7197
002383.SZ,20240313,6.99,5.3735,2.39,,3.7595,2.6903,517511.8532,430706.5242
002383.SZ,20240312,6.92,3.3421,1.64,,3.7218,2.6633,512329.3311,426393.2972
002383.SZ,20240311,6.72,2.5229,1.28,,3.6143,2.5864,497522.125,414069.7915
002383.SZ,20240308,6.56,1.8882,0.87,,3.5282,2.5248,485676.3601,404210.987
002383.SZ,20240307,6.4,1.5666,0.67,,3.4421,2.4632,473830.5952,394352.1824
002383.SZ,20240306,6.52,1.9285,0.69,,3.5067,2.5094,482714.9189,401746.2858
002383.SZ,20240305,6.44,2.2765,0.77,,3.4637,2.4786,476792.0364,396816.8835
002383.SZ,20240304,6.48,2.2279,0.73,,3.4852,2.494,479753.4776,399281.5847
002383.SZ,20240301,6.54,2.8598,0.94,,3.5174,2.5171,484195.6395,402978.6364
002383.SZ,20240229,6.42,2.3716,0.81,,3.4529,2.4709,475311.3158,395584.533
002383.SZ,20240228,6.09,4.1578,1.63,,3.2754,2.3439,450879.4257,375250.7486
002383.SZ,20240227,6.65,3.1333,1.34,,3.5766,2.5594,492339.6028,409756.5645
002383.SZ,20240226,6.32,2.7313,1.16,,3.3991,2.4324,467907.7128,389422.7801
002383.SZ,20240223,6.28,2.7932,1.23,,3.3776,2.417,464946.2715,386958.079
002383.SZ,20240222,6.04,1.8835,0.79,,3.2485,2.3246,447177.6242,372169.8721
002383.SZ,20240221,5.9,2.1877,0.88,,3.1732,2.2708,436812.58,363543.4182
002383.SZ,20240220,5.91,2.0643,0.8,,3.1786,2.2746,437552.9403,364159.5934
002383.SZ,20240219,5.83,2.8155,1.13,,3.1356,2.2438,431630.0578,359230.1912
002383.SZ,20240208,5.53,2.3848,0.99,,2.9742,2.1284,409419.2487,340744.9326
002383.SZ,20240207,5.14,2.51,1.03,,2.7645,1.9783,380545.1968,316714.0965
002383.SZ,20240206,5.34,2.6019,1.04,,2.872,2.0552,395352.4029,329037.6022
002383.SZ,20240205,5.1,2.6266,1.18,,2.743,1.9629,377583.7556,314249.3954
002383.SZ,20240202,5.65,2.3766,1.12,,3.0388,2.1745,418303.5723,348139.036
002383.SZ,20240201,5.85,1.9009,0.93,,3.1463,2.2515,433110.7784,360462.5417
002383.SZ,20240131,5.93,2.7122,1.49,,3.1894,2.2823,439033.6609,365391.944
002383.SZ,20240130,6.44,2.9034,1.92,,3.4637,2.4786,476792.0364,396816.8835
002383.SZ,20240129,6.81,1.2375,0.76,,3.6627,2.621,504185.3677,419615.3691
002383.SZ,20240126,6.94,1.8109,1.14,,3.7326,2.671,513810.0517,427625.6478
002383.SZ,20240125,6.9,1.5899,0.97,,3.7111,2.6556,510848.6105,425160.9467
002383.SZ,20240124,6.68,1.5863,0.99,,3.5927,2.571,494560.6837,411605.0904
002383.SZ,20240123,6.62,1.3518,0.77,,3.5605,2.5479,490118.5219,407908.0387
002383.SZ,20240122,6.62,1.8081,0.94,,3.5605,2.5479,490118.5219,407908.0387
002383.SZ,20240119,7.06,1.6332,0.7,,3.7971,2.7172,522694.3753,435019.7512
002383.SZ,20240118,7.01,1.8434,0.7,,3.7702,2.698,518992.5738,431938.8748
002383.SZ,20240117,6.9,1.3939,0.54,,3.7111,2.6556,510848.6105,425160.9467
002383.SZ,20240116,7.11,2.1531,0.9,,3.824,2.7365,526396.1769,438100.6276
002383.SZ,20240115,7.28,2.557,1.22,,3.9154,2.8019,538982.302,448575.6075
002383.SZ,20240112,7.47,3.7238,2.24,,4.0176,2.875,553049.1478,460282.9379
002383.SZ,20240111,7.37,3.3484,2.77,,3.9638,2.8365,545645.5448,454121.185
002383.SZ,20240110,7.08,1.2014,0.89,,3.8079,2.7249,524175.0959,436252.1018
002383.SZ,20240109,7.22,1.1523,0.69,,3.8832,2.7788,534540.1402,444878.5558
002383.SZ,20240108,7.18,1.03,0.54,,3.8617,2.7634,531578.699,442413.8546
002383.SZ,20240105,7.3,1.5749,0.82,,3.9262,2.8096,540463.0227,449807.9581
002383.SZ,20240104,7.46,1.0802,0.55,,4.0123,2.8712,552308.7875,459666.7626
002383.SZ,20240103,7.47,1.8887,1.04,,4.0176,2.875,553049.1478,460282.9379
002383.SZ,20240102,7.53,2.7204,1.82,,4.0499,2.8981,557491.3097,463979.9896
002383.SZ,20231229,7.49,2.2135,1.69,,4.0284,2.8827,554529.8684,461515.2885
002383.SZ,20231228,7.4,1.7236,1.36,,3.98,2.8481,547866.6257,455969.7109
002383.SZ,20231227,7.35,1.3595,0.98,,3.9531,2.8288,544164.8242,452888.8345
002383.SZ,20231226,7.16,1.0233,0.74,,3.8509,2.7557,530097.9784,441181.5041
002383.SZ,20231225,7.35,1.1348,0.77,,3.9531,2.8288,544164.8242,452888.8345
002383.SZ,20231222,7.3,1.3234,0.87,,3.9262,2.8096,540463.0227,449807.9581
002383.SZ,20231221,7.34,1.5173,0.96,,3.9477,2.825,543424.4639,452272.6592
002383.SZ,20231220,7.25,1.9207,1.25,,3.8993,2.7903,536761.2211,446727.0816
002383.SZ,20231219,7.48,1.063,0.66,,4.023,2.8789,553789.5081,460899.1132
002383.SZ,20231218,7.44,1.5397,0.93,,4.0015,2.8635,550828.0669,458434.412
002383.SZ,20231215,7.57,1.5398,0.83,,4.0714,2.9135,560452.7509,466444.6907
002383.SZ,20231214,7.61,1.8764,1.0,,4.0929,2.9289,563414.1921,468909.3919
002383.SZ,20231213,7.56,1.6738,0.81,,4.066,2.9097,559712.3906,465828.5155
002383.SZ,20231212,7.62,1.3846,0.59,,4.0983,2.9328,564154.5524,469525.5672
002383.SZ,20231211,7.58,1.7726,0.71,,4.0768,2.9174,561193.1112,467060.866
002383.SZ,20231208,7.51,2.6009,1.06,,4.0391,2.8904,556010.5891,462747.639
002383.SZ,20231207,7.61,1.9957,0.66,,4.0929,2.9289,563414.1921,468909.3919
002383.SZ,20231206,7.58,2.5399,0.77,,4.0768,2.9174,561193.1112,467060.866
002383.SZ,20231205,7.7,2.8874,0.73,,4.1413,2.9635,570077.4349,474454.9695
002383.SZ,20231204,7.93,2.4255,0.56,,4.265,3.0521,587105.7219,488627.001
002383.SZ,20231201,8.03,2.411,0.53,,4.3188,3.0905,594509.3249,494788.7539
002383.SZ,20231130,7.97,4.8054,1.13,,4.2866,3.0675,590067.1631,491091.7021
002383.SZ,20231129,8.17,3.9353,0.93,,4.3941,3.1444,604874.3692,503415.2078
002383.SZ,20231128,8.32,6.0686,1.49,,4.4748,3.2022,615979.7738,512657.8371
002383.SZ,20231127,8.19,4.4989,1.08,,4.4049,3.1521,606355.0898,504647.5584
002383.SZ,20231124,8.05,3.4336,0.78,,4.3296,3.0982,595990.0455,496021.1044
002383.SZ,20231123,8.15,3.3753,0.63,,4.3834,3.1367,603393.6486,502182.8573
002383.SZ,20231122,8.03,3.6884,0.6,,4.3188,3.0905,594509.3249,494788.7539
002383.SZ,20231121,8.14,5.3868,0.86,,4.378,3.1329,602653.2883,501566.682
002383.SZ,20231120,8.35,4.8935,0.71,,4.4909,3.2137,618200.8547,514506.363
002383.SZ,20231117,8.24,4.5963,0.65,,4.4318,3.1714,610056.8913,507728.4348
002383.SZ,20231116,8.22,8.1711,1.26,,4.421,3.1637,608576.1707,506496.0843
002383.SZ,20231115,8.31,7.6711,1.27,,4.4694,3.1983,615239.4135,512041.6618
002383.SZ,20231114,8.19,6.0616,1.04,,4.4049,3.1521,606355.0898,504647.5584
002383.SZ,20231113,8.18,8.1593,1.55,,4.3995,3.1483,605614.7295,504031.3831
002383.SZ,20231110,7.86,5.2223,0.98,,4.2274,3.0251,581923.1997,484313.774
002383.SZ,20231109,7.74,5.2421,0.88,,4.1628,2.9789,573038.8761,476919.6706
002383.SZ,20231108,7.93,5.5838,0.89,,4.265,3.0521,587105.7219,488627.001
002383.SZ,20231107,7.91,4.9462,0.67,,4.2543,3.0444,585625.0013,487394.6504
002383.SZ,20231106,7.88,5.2971,0.64,,4.2381,3.0328,583403.9203,485546.1246
002383.SZ,20231103,7.78,5.5372,0.55,,4.1844,2.9943,576000.3173,479384.3717
002383.SZ,20231102,7.71,8.4712,0.64,,4.1467,2.9674,570817.7952,475071.1447
002383.SZ,20231101,8.07,7.2928,0.54,,4.3403,3.1059,597470.7661,497253.455
002383.SZ,20231031,8.32,10.3877,0.75,,4.4748,3.2022,615979.7738,512657.8371
002383.SZ,20231030,8.27,9.468,0.62,,4.4479,3.1829,612277.9722,509576.9607
002383.SZ,20231027,8.26,14.2773,0.83,,4.3645,3.1791,611537.6119,508960.7854
002383.SZ,20231026,8.74,25.173,1.96,,4.6181,3.3638,647074.9066,538537.1991
002383.SZ,20231025,8.44,8.4718,0.73,,4.4596,3.2483,624864.0974,520051.9405
002383.SZ,20231024,7.67,12.1285,1.22,,4.0527,2.952,567856.3539,472606.4436
002383.SZ,20231023,7.88,16.3936,2.33,,4.1637,3.0328,583403.9203,485546.1246
002383.SZ,20231020,8.22,24.1964,8.75,,4.3434,3.1637,608576.1707,506496.0843
002383.SZ,20231019,8.04,3.1493,1.26,,4.2483,3.0944,595249.6852,495404.9291
002383.SZ,20231018,7.31,2.505,0.98,,3.8625,2.8134,541203.383,450424.1333
002383.SZ,20231017,7.48,3.2859,1.3,,3.9524,2.8789,553789.5081,460899.1132
002383.SZ,20231016,7.37,2.031,0.78,,3.8942,2.8365,545645.5448,454121.185
002383.SZ,20231013,7.48,2.862,1.18,,3.9524,2.8789,553789.5081,460899.1132
002383.SZ,20231012,7.4,1.8324,0.79,,3.9101,2.8481,547866.6257,455969.7109
002383.SZ,20231011,7.38,2.7123,1.37,,3.8995,2.8404,546385.9051,454737.3603
002383.SZ,20231010,7.4,3.1891,1.92,,3.9101,2.8481,547866.6257,455969.7109
002383.SZ,20231009,7.25,2.4473,1.62,,3.8308,2.7903,536761.2211,446727.0816
002383.SZ,20230928,7.13,1.8962,1.31,,3.7674,2.7442,527876.8975,439332.9782
002383.SZ,20230927,6.86,1.308,0.92,,3.6248,2.6402,507887.1692,422696.2455
002383.SZ,20230926,6.89,1.0478,0.68,,3.6406,2.6518,510108.2501,424544.7714
002383.SZ,20230925,6.96,1.6254,1.11,,3.6776,2.6787,515290.7723,428857.9984
002383.SZ,20230922,7.1,1.6645,1.14,,3.7516,2.7326,525655.8166,437484.4524
002383.SZ,20230921,6.98,1.6001,1.05,,3.6882,2.6864,516771.4929,430090.3489
002383.SZ,20230920,6.86,1.1738,0.62,,3.6248,2.6402,507887.1692,422696.2455
002383.SZ,20230919,6.99,1.5876,0.78,,3.6934,2.6903,517511.8532,430706.5242
002383.SZ,20230918,7.1,1.3055,0.54,,3.7516,2.7326,525655.8166,437484.4524
002383.SZ,20230915,7.1,1.6073,0.54,,3.7516,2.7326,525655.8166,437484.4524
002383.SZ,20230914,7.16,1.942,0.53,,3.7833,2.7557,530097.9784,441181.5041
002383.SZ,20230913,7.24,3.0717,0.7,,3.8255,2.7865,536020.8608,446110.9063
002383.SZ,20230912,7.34,2.3007,0.49,,3.8784,2.825,543424.4639,452272.6592
002383.SZ,20230911,7.39,3.1296,0.66,,3.9048,2.8442,547126.2654,455353.5356
002383.SZ,20230908,7.45,4.4568,1.07,,3.9365,2.8673,551568.4272,459050.5873
002383.SZ,20230907,7.27,5.2292,1.57,,3.8414,2.798,538241.9417,447959.4322
002383.SZ,20230906,7.54,6.84,2.86,,3.9841,2.902,558231.67,464596.1649
002383.SZ,20230905,7.18,4.0408,2.11,,3.7938,2.7634,531578.699,442413.8546
002383.SZ,20230904,7.07,3.1608,2.0,,3.7357,2.7211,523434.7356,435635.9265
002383.SZ,20230901,6.96,1.5061,1.0,,3.6776,2.6787,515290.7723,428857.9984
002383.SZ,20230831,6.81,1.1471,0.78,,3.5983,2.621,504185.3677,419615.3691
002383.SZ,20230830,6.87,2.1223,1.71,,3.7651,2.6441,508627.5295,421181.9713
002383.SZ,20230829,6.7,1.6575,1.48,,3.6719,2.5787,496041.4044,410759.71
002383.SZ,20230828,6.43,1.4824,1.44,,3.5239,2.4747,476051.6761,394206.7067
002383.SZ,20230825,6.35,1.1741,1.06,,3.4801,2.444,470128.7937,389302.1132
002383.SZ,20230824,6.52,0.9676,0.82,,3.5733,2.5094,482714.9189,399724.3745
002383.SZ,20230823,6.57,0.931,0.75,,3.6007,2.5286,486416.7204,402789.7455
002383.SZ,20230822,6.73,1.0356,0.84,,3.6884,2.5902,498262.4853,412598.9326
002383.SZ,20230821,6.62,1.0273,0.83,,3.6281,2.5479,490118.5219,405855.1164
002383.SZ,20230818,6.69,1.5647,1.37,,3.6664,2.5748,495301.044,410146.6358
002383.SZ,20230817,6.81,1.3444,1.29,,3.7322,2.621,504185.3677,417503.5261
002383.SZ,20230816,6.66,1.2267,1.17,,3.65,2.5633,493079.9631,408307.4132
002383.SZ,20230815,6.82,0.9686,0.84,,3.7377,2.6249,504925.728,418116.6003
002383.SZ,20230814,6.9,1.0973,0.83,,3.7815,2.6556,510848.6105,423021.1939
002383.SZ,20230811,6.8,1.0899,0.74,,3.7267,2.6172,503445.0074,416890.4519
002383.SZ,20230810,6.93,0.8473,0.48,,3.798,2.6672,513069.6914,424860.4164
002383.SZ,20230809,6.89,1.2554,0.54,,3.776,2.6518,510108.2501,422408.1197
002383.SZ,20230808,6.97,1.4847,0.61,,3.8199,2.6826,516031.1326,427312.7132
002383.SZ,20230807,7.08,1.9119,0.77,,3.8802,2.7249,524175.0959,434056.5294
002383.SZ,20230804,7.05,1.8489,0.73,,3.8637,2.7134,521954.015,432217.3068
002383.SZ,20230803,7.04,2.3918,0.96,,3.8582,2.7095,521213.6547,431604.2326
002383.SZ,20230802,7.13,4.0146,1.84,,3.9076,2.7442,527876.8975,437121.9003
002383.SZ,20230801,6.89,1.9324,0.9,,3.776,2.6518,510108.2501,422408.1197
002383.SZ,20230731,7.02,2.2333,1.1,,3.8473,2.7018,519732.9341,430378.0842
002383.SZ,20230728,6.9,2.0158,0.95,,3.7815,2.6556,510848.6105,423021.1939
002383.SZ,20230727,6.86,2.3004,0.96,,3.7596,2.6402,507887.1692,420568.8971
002383.SZ,20230726,6.81,2.4035,0.97,,3.7322,2.621,504185.3677,417503.5261
002383.SZ,20230725,6.98,1.7784,0.62,,3.8254,2.6864,516771.4929,427925.7874
002383.SZ,20230724,6.87,1.6522,0.46,,3.7651,2.6441,508627.5295,421181.9713
002383.SZ,20230721,6.94,2.5093,0.53,,3.8034,2.671,513810.0517,425473.4906
002383.SZ,20230720,7.01,3.6059,0.58,,3.8418,2.698,518992.5738,429765.01
002383.SZ,20230719,7.18,2.8553,0.31,,3.935,2.7634,531578.699,440187.2713
002383.SZ,20230718,7.16,3.8256,0.38,,3.924,2.7557,530097.9784,438961.1229
002383.SZ,20230717,7.22,5.0273,0.45,,3.9569,2.7788,534540.1402,442639.5681
002383.SZ,20230714,7.38,8.5184,0.73,,4.0446,2.8404,546385.9051,452448.7552
002383.SZ,20230713,7.82,10.6917,1.09,,4.2857,3.0097,578961.7585,479424.0197
002383.SZ,20230712,7.98,18.3219,2.8,,4.3734,3.0713,590807.5234,489233.2068
002383.SZ,20230711,7.81,7.5527,1.38,,4.2802,3.0059,578221.3982,478810.9455
002383.SZ,20230710,7.1,11.3752,3.37,,3.8911,2.7326,525655.8166,435282.6777
002383.SZ,20230707,7.06,10.4691,6.87,,3.8692,2.7172,522694.3753,432830.381
002383.SZ,20230706,6.61,1.4689,0.95,,3.6226,2.544,489378.1616,405242.0422
002383.SZ,20230705,6.64,1.7952,1.24,,3.639,2.5556,491599.2425,407081.2648
002383.SZ,20230704,6.76,2.1583,1.78,,3.7048,2.6018,500483.5662,414438.1551
002383.SZ,20230703,6.56,0.9846,0.73,,3.5952,2.5248,485676.3601,402176.6713
002383.SZ,20230630,6.56,1.2127,0.92,,3.5952,2.5248,485676.3601,402176.6713
002383.SZ,20230629,6.48,1.6183,1.2,,3.5513,2.494,479753.4776,397272.0777
002383.SZ,20230628,6.29,1.2589,0.88,,3.4472,2.4209,465686.6318,385623.668
002383.SZ,20230627,6.42,0.9954,0.67,,3.5185,2.4709,475311.3158,393593.6325
002383.SZ,20230626,6.36,1.6135,1.19,,3.4856,2.4478,470869.154,389915.1874
002383.SZ,20230621,6.47,1.0973,0.85,,3.5459,2.4901,479013.1173,396659.0035
002383.SZ,20230620,6.59,1.7742,1.52,,3.6116,2.5363,487897.441,404015.8938
002383.SZ,20230619,6.56,1.664,1.71,,3.5952,2.5248,485676.3601,402176.6713
002383.SZ,20230616,6.46,1.2878,1.47,,3.5404,2.4863,478272.757,396045.9293
002383.SZ,20230615,6.35,0.959,1.13,,3.4801,2.444,470128.7937,389302.1132
002383.SZ,20230614,6.42,0.7667,0.86,,3.5185,2.4709,475311.3158,393593.6325
002383.SZ,20230613,6.48,1.1422,1.35,,3.5513,2.494,479753.4776,397272.0777
002383.SZ,20230612,6.35,0.7138,0.8,,3.4801,2.444,470128.7937,389302.1132
002383.SZ,20230609,6.32,0.7862,0.83,,3.4637,2.4324,467907.7128,387462.8906
002383.SZ,20230608,6.26,0.8293,0.81,,3.4308,2.4093,463465.5509,383784.4454
002383.SZ,20230607,6.37,0.9773,0.9,,3.4911,2.4517,471609.5143,390528.2616
002383.SZ,20230606,6.31,0.9209,0.81,,3.4582,2.4286,467167.3525,386849.8164
002383.SZ,20230605,6.5,0.9616,0.87,,3.5623,2.5017,481234.1983,398498.2261
002383.SZ,20230602,6.42,1.0386,0.95,,3.5185,2.4709,475311.3158,393593.6325
002383.SZ,20230601,6.45,1.2137,1.12,,3.5349,2.4824,477532.3967,395432.8551
002383.SZ,20230531,6.4,1.2651,1.13,,3.5075,2.4632,473830.5952,392367.4842
002383.SZ,20230530,6.32,1.1936,0.87,,3.4637,2.4324,467907.7128,387462.8906
002383.SZ,20230529,6.26,0.8387,0.39,,3.4308,2.4093,463465.5509,383784.4454
002383.SZ,20230526,6.31,0.9541,0.44,,3.4582,2.4286,467167.3525,386849.8164
002383.SZ,20230525,6.23,1.1581,0.53,,3.4143,2.3978,461244.47,381945.2229
002383.SZ,20230524,6.23,1.433,0.68,,3.4143,2.3978,461244.47,381945.2229
002383.SZ,20230523,6.2,2.4614,1.36,,3.3979,2.3862,459023.3891,380106.0003
002383.SZ,20230522,6.45,4.7618,4.29,,3.5349,2.4824,477532.3967,395432.8551
002383.SZ,20230519,6.78,0.9585,0.86,,3.7158,2.6095,501964.2868,415664.3035
002383.SZ,20230518,6.76,1.2398,1.19,,3.7048,2.6018,500483.5662,414438.1551
002383.SZ,20230517,6.68,1.1552,1.16,,3.6609,2.571,494560.6837,409533.5616
002383.SZ,20230516,6.53,0.9021,0.84,,3.5787,2.5132,483455.2792,400337.4487
002383.SZ,20230515,6.67,1.2981,1.21,,3.6555,2.5671,493820.3234,408920.4874
002383.SZ,20230512,6.61,0.9532,0.83,,3.6226,2.544,489378.1616,405242.0422
002383.SZ,20230511,6.76,0.9072,0.76,,3.7048,2.6018,500483.5662,414438.1551
002383.SZ,20230510,6.71,0.9032,0.66,,3.6774,2.5825,496781.7647,411372.7842
002383.SZ,20230509,6.73,1.3021,0.93,,3.6884,2.5902,498262.4853,412598.9326
002383.SZ,20230508,6.88,1.2973,0.95,,3.7706,2.6479,509367.8898,421795.0455
002383.SZ,20230505,6.76,1.3117,0.9,,3.7048,2.6018,500483.5662,414438.1551
002383.SZ,20230504,6.88,1.1289,0.71,,3.7706,2.6479,509367.8898,421795.0455
002383.SZ,20230428,6.81,1.8263,1.04,,3.7322,2.621,504185.3677,417503.5261
002383.SZ,20230427,6.64,1.5802,0.85,,3.0449,2.3326,491599.2425,379099.1601
002383.SZ,20230426,6.7,1.2067,0.62,,3.0724,2.3536,496041.4044,382524.7549
002383.SZ,20230425,6.67,1.9021,0.95,,3.0586,2.3431,493820.3234,380811.9575
002383.SZ,20230424,6.86,1.8662,0.93,,3.1457,2.4099,507887.1692,391659.6744
002383.SZ,20230421,6.79,2.8472,1.53,,3.1136,2.3853,502704.6471,387663.1471
002383.SZ,20230420,7.05,1.4374,0.7,,3.2329,2.4766,521954.015,402507.3914
002383.SZ,20230419,7.11,1.6699,0.75,,3.2604,2.4977,526396.1769,405932.9862
002383.SZ,20230418,7.08,2.204,0.99,,3.2466,2.4871,524175.0959,404220.1888
002383.SZ,20230417,7.1,1.9232,0.79,,3.2558,2.4942,525655.8166,405362.0537
002383.SZ,20230414,7.2,2.0765,0.78,,3.3017,2.5293,533059.4196,411071.3784
002383.SZ,20230413,7.23,2.3335,0.86,,3.3154,2.5398,535280.5005,412784.1758
002383.SZ,20230412,7.32,2.5824,0.85,,3.3567,2.5714,541943.7433,417922.568
002383.SZ,20230411,7.21,2.2554,0.59,,3.3062,2.5328,533799.7799,411642.3109
002383.SZ,20230410,7.17,2.9869,0.69,,3.2879,2.5188,530838.3387,409358.581
002383.SZ,20230407,7.34,3.0697,0.63,,3.3659,2.5785,543424.4639,419064.433
002383.SZ,20230406,7.26,2.6942,0.45,,3.3292,2.5504,537501.5814,414496.9732
002383.SZ,20230404,7.23,4.1803,0.73,,3.3154,2.5398,535280.5005,412784.1758
002383.SZ,20230403,7.39,6.261,1.25,,3.3888,2.596,547126.2654,421919.0953
002383.SZ,20230331,7.41,5.4294,1.22,,3.398,2.6031,548606.986,423060.9603
002383.SZ,20230330,7.05,5.6871,1.39,,3.2329,2.4766,521954.015,402507.3914
002383.SZ,20230329,7.32,8.5187,2.77,,3.3567,2.5714,541943.7433,417922.568
002383.SZ,20230328,8.13,2.7558,0.9,,3.7281,2.856,601912.928,464168.0981
002383.SZ,20230327,8.4,2.5588,0.85,,3.8519,2.9508,621902.6562,479583.2748
002383.SZ,20230324,8.49,2.7042,0.86,,3.8932,2.9825,628565.8989,484721.667
002383.SZ,20230323,8.55,3.9604,1.33,,3.9207,3.0035,633008.0608,488147.2619
002383.SZ,20230322,8.35,3.4146,1.18,,3.829,2.9333,618200.8547,476728.6125
002383.SZ,20230321,8.3,2.7445,0.79,,3.8061,2.9157,614499.0532,473873.9501
002383.SZ,20230320,8.1,2.3027,0.63,,3.7144,2.8455,599691.8471,462455.3007
002383.SZ,20230317,8.12,3.3677,0.97,,3.7235,2.8525,601172.5677,463597.1656
002383.SZ,20230316,8.1,3.1059,0.93,,3.7144,2.8455,599691.8471,462455.3007
002383.SZ,20230315,8.47,2.9846,0.91,,3.884,2.9754,627085.1783,483579.8021
002383.SZ,20230314,8.62,5.6812,1.74,,3.9528,3.0281,638190.5829,492143.7891
002383.SZ,20230313,8.42,3.0475,0.85,,3.8611,2.9579,623383.3768,480725.1397
002383.SZ,20230310,8.38,2.5132,0.63,,3.8428,2.9438,620421.9356,478441.4099
002383.SZ,20230309,8.48,2.4417,0.49,,3.8886,2.9789,627825.5386,484150.7346
002383.SZ,20230308,8.49,2.7436,0.4,,3.8932,2.9825,628565.8989,484721.667
002383.SZ,20230307,8.32,5.6134,0.67,,3.8153,2.9227,615979.7738,475015.815
002383.SZ,20230306,8.67,4.6036,0.53,,3.9757,3.0457,641892.3844,494998.4515
002383.SZ,20230303,8.62,4.4463,0.51,,3.9528,3.0281,638190.5829,492143.7891
002383.SZ,20230302,8.73,7.6549,0.95,,4.0033,3.0668,646334.5463,498424.0463
002383.SZ,20230301,8.99,12.2147,1.7,,4.1225,3.1581,665583.9142,513268.2905
002383.SZ,20230228,8.84,13.0035,2.3,,4.0537,3.1054,654478.5096,504704.3035
002383.SZ,20230227,8.29,6.1018,1.18,,3.8015,2.9122,613758.6928,473303.0176
002383.SZ,20230224,8.19,4.2041,0.8,,3.7556,2.8771,606355.0898,467593.6929
002383.SZ,20230223,8.18,4.778,0.79,,3.7511,2.8736,605614.7295,467022.7605
002383.SZ,20230222,8.32,7.8373,1.17,,3.8153,2.9227,615979.7738,475015.815
002383.SZ,20230221,8.02,5.3988,0.83,,3.6777,2.8173,593768.9646,457887.8409
002383.SZ,20230220,7.81,3.7293,0.59,,3.5814,2.7436,578221.3982,445898.2591
002383.SZ,20230217,7.71,4.6107,0.79,,3.5355,2.7084,570817.7952,440188.9344
002383.SZ,20230216,7.98,8.5146,1.75,,3.6593,2.8033,590807.5234,455604.1111
002383.SZ,20230215,8.34,11.1645,3.44,,3.8244,2.9298,617460.4944,476157.68
002383.SZ,20230214,7.88,4.6949,1.6,,3.6135,2.7682,583403.9203,449894.7864
002383.SZ,20230213,7.92,2.4135,0.7,,3.6318,2.7822,586365.3616,452178.5162
002383.SZ,20230210,7.88,2.4727,0.65,,3.6135,2.7682,583403.9203,449894.7864
002383.SZ,20230209,7.93,3.5543,0.87,,3.6364,2.7857,587105.7219,452749.4487
002383.SZ,20230208,7.75,3.0713,0.75,,3.5539,2.7225,573779.2364,442472.6643
002383.SZ,20230207,7.86,3.1815,0.71,,3.6043,2.7611,581923.1997,448752.9214
002383.SZ,20230206,7.9,4.8972,1.08,,3.6227,2.7752,584884.641,451036.6513
002383.SZ,20230203,7.82,4.1983,0.94,,3.586,2.7471,578961.7585,446469.1915
002383.SZ,20230202,7.73,5.123,1.1,,3.5447,2.7155,572298.5158,441330.7993
002383.SZ,20230201,7.67,3.2121,0.56,,3.5172,2.6944,567856.3539,437905.2045
002383.SZ,20230131,7.49,5.0631,0.94,,3.4346,2.6312,554529.8684,427628.42
002383.SZ,20230130,7.8,5.1435,1.02,,3.5768,2.7401,577481.0379,445327.3266
002383.SZ,20230120,7.58,3.6886,0.74,,3.4759,2.6628,561193.1112,432766.8123
002383.SZ,20230119,7.55,6.2218,1.48,,3.4622,2.6522,558972.0303,431054.0149
002383.SZ,20230118,7.62,8.8089,3.01,,3.4943,2.6768,564154.5524,435050.5421
002383.SZ,20230117,7.28,3.1114,1.2,,3.3383,2.5574,538982.302,415638.8382
002383.SZ,20230116,7.25,3.451,1.43,,3.3246,2.5469,536761.2211,413926.0408
002383.SZ,20230113,7.17,3.3968,1.44,,3.2879,2.5188,530838.3387,409358.581
002383.SZ,20230112,7.03,2.3015,0.92,,3.2237,2.4696,520473.2944,401365.5264
002383.SZ,20230111,6.97,2.352,0.75,,3.1962,2.4485,516031.1326,397939.9316
002383.SZ,20230110,7.03,1.5089,0.43,,3.2237,2.4696,520473.2944,401365.5264
002383.SZ,20230109,7.09,2.4989,0.77,,3.2512,2.4906,524915.4562,404791.1212
002383.SZ,20230106,7.16,3.0995,1.08,,3.2833,2.5152,530097.9784,408787.6485
002383.SZ,20230105,7.15,3.0913,1.18,,3.2787,2.5117,529357.6181,408216.7161
002383.SZ,20230104,7.22,5.3801,2.92,,3.3108,2.5363,534540.1402,412213.2433
002383.SZ,20230103,6.9,3.6404,2.1,,3.1641,2.4239,510848.6105,393943.4043
002383.SZ,20221230,6.52,1.046,0.46,,2.9898,2.2904,482714.9189,372247.9704
002383.SZ,20221229,6.46,1.202,0.46,,2.9623,2.2693,478272.757,368822.3756
002383.SZ,20221228,6.46,1.8302,0.64,,2.9623,2.2693,478272.757,368822.3756
002383.SZ,20221227,6.63,1.5002,0.4,,3.0403,2.3291,490858.8822,378528.2276
002383.SZ,20221226,6.7,3.0802,0.8,,3.0724,2.3536,496041.4044,382524.7549
002383.SZ,20221223,6.35,3.8667,1.09,,2.9119,2.2307,470128.7937,362542.1185
002383.SZ,20221222,6.78,2.8728,0.83,,3.1091,2.3817,501964.2868,387092.2147
002383.SZ,20221221,7.11,3.0844,0.99,,3.2604,2.4977,526396.1769,405932.9862
002383.SZ,20221220,7.17,5.7196,2.38,,3.2879,2.5188,530838.3387,409358.581
002383.SZ,20221219,6.82,3.5885,1.75,,3.1274,2.3958,504925.728,389375.9445
002383.SZ,20221216,6.88,2.4676,1.28,,3.1549,2.4169,509367.8898,392801.5394
002383.SZ,20221215,6.84,2.4658,1.38,,3.1366,2.4028,506406.4486,390517.8095
002383.SZ,20221214,6.66,1.358,0.72,,3.054,2.3396,493079.9631,380241.025
002383.SZ,20221213,6.67,2.1125,1.12,,3.0586,2.3431,493820.3234,380811.9575
002383.SZ,20221212,6.86,1.8592,0.88,,3.1457,2.4099,507887.1692,391659.6744
002383.SZ,20221209,6.85,1.8805,0.86,,3.1412,2.4063,507146.8089,391088.742
002383.SZ,20221208,6.85,1.7058,0.64,,3.1412,2.4063,507146.8089,391088.742
002383.SZ,20221207,6.95,1.8833,0.54,,3.187,2.4415,514550.412,396798.0667
002383.SZ,20221206,6.96,2.0846,0.55,,3.1916,2.445,515290.7723,397368.9991
002383.SZ,20221205,7.0,2.9924,0.81,,3.2099,2.459,518252.2135,399652.729
002383.SZ,20221202,6.93,2.2653,0.57,,3.1778,2.4344,513069.6914,395656.2017
002383.SZ,20221201,6.93,4.1716,1.05,,3.1778,2.4344,513069.6914,395656.2017
002383.SZ,20221130,7.05,6.0347,1.44,,3.2329,2.4766,521954.015,402507.3914
002383.SZ,20221129,6.77,3.3661,0.57,,3.1045,2.3782,501223.9265,386521.2822
002383.SZ,20221128,6.61,2.6081,0.43,,3.0311,2.322,489378.1616,377386.3627
002383.SZ,20221125,6.57,3.8462,0.62,,3.0128,2.308,486416.7204,375102.6328
002383.SZ,20221124,6.65,4.0516,0.64,,3.0495,2.3361,492339.6028,379670.0926
002383.SZ,20221123,6.79,7.1213,1.17,,3.1136,2.3853,502704.6471,387663.1471
002383.SZ,20221122,7.09,11.8434,2.5,,3.2512,2.4906,524915.4562,404791.1212
002383.SZ,20221121,7.74,3.2782,0.63,,3.5493,2.719,573038.8761,441901.7318
002383.SZ,20221118,7.62,4.5809,0.75,,3.4943,2.6768,564154.5524,435050.5421
002383.SZ,20221117,7.86,5.0246,0.8,,3.6043,2.7611,581923.1997,448752.9214
002383.SZ,20221116,7.8,5.6889,0.86,,3.5768,2.7401,577481.0379,445327.3266
002383.SZ,20221115,7.75,5.1317,0.66,,3.5539,2.7225,573779.2364,442472.6643
002383.SZ,20221114,7.55,5.392,0.51,,3.4622,2.6522,558972.0303,431054.0149
002383.SZ,20221111,7.76,9.3758,0.7,,3.5585,2.726,574519.5967,443043.5967
002383.SZ,20221110,7.89,5.7959,0.42,,3.6181,2.7717,584144.2806,450465.7188
002383.SZ,20221109,7.86,7.3567,0.56,,3.6043,2.7611,581923.1997,448752.9214
002383.SZ,20221108,8.0,11.133,0.96,,3.6685,2.8103,592288.244,456745.976
002383.SZ,20221107,8.27,19.4675,2.33,,3.7923,2.9052,612277.9722,472161.1527
002383.SZ,20221104,8.03,23.2295,5.34,,3.6823,2.8209,594509.3249,458458.7734
002383.SZ,20221103,7.74,8.0927,2.46,,3.5493,2.719,573038.8761,441901.7318
002383.SZ,20221102,7.04,3.3082,1.01,,3.2283,2.4731,521213.6547,401936.4589
002383.SZ,20221101,6.99,4.1125,1.38,,3.2054,2.4555,517511.8532,399081.7965
002383.SZ,20221031,6.88,2.9723,0.97,,3.1549,2.4169,509367.8898,392801.5394
002383.SZ,20221028,6.64,3.2815,1.09,,3.0449,2.3326,491599.2425,379099.1601
002383.SZ,20221027,6.95,2.7711,0.84,,3.187,2.4415,514550.412,396798.0667
002383.SZ,20221026,7.06,3.1739,0.91,,3.2077,2.4801,522694.3753,403078.3238
002383.SZ,20221025,6.87,2.7373,0.71,,3.1214,2.4134,508627.5295,392230.6069
002383.SZ,20221024,6.93,3.4334,0.83,,3.1486,2.4344,513069.6914,395656.2017
002383.SZ,20221021,6.97,2.9922,0.69,,3.1668,2.4485,516031.1326,397939.9316
002383.SZ,20221020,6.98,4.2006,0.98,,3.1713,2.452,516771.4929,398510.8641
002383.SZ,20221019,6.95,4.0489,0.95,,3.1577,2.4415,514550.412,396798.0667
002383.SZ,20221018,6.88,4.5069,1.16,,3.1259,2.4169,509367.8898,392801.5394
002383.SZ,20221017,6.86,4.9548,1.44,,3.1168,2.4099,507887.1692,391659.6744
002383.SZ,20221014,6.57,3.9473,1.16,,2.9851,2.308,486416.7204,375102.6328
002383.SZ,20221013,6.47,4.0293,1.06,,2.9396,2.2728,479013.1173,369393.3081
002383.SZ,20221012,6.45,3.7953,0.84,,2.9305,2.2658,477532.3967,368251.4432
002383.SZ,20221011,6.27,2.6227,0.5,,2.8487,2.2026,464205.9112,357974.6587
002383.SZ,20221010,6.17,2.7861,0.42,,2.8033,2.1675,456802.3082,352265.334
002383.SZ,20220930,6.26,3.7906,0.49,,2.8442,2.1991,463465.5509,357403.7262
002383.SZ,20220929,6.33,5.9853,0.63,,2.876,2.2237,468648.0731,361400.2535
002383.SZ,20220928,6.59,7.3414,0.76,,2.9941,2.315,487897.441,376244.4977
002383.SZ,20220927,7.16,6.1063,0.61,,3.2531,2.5152,530097.9784,408787.6485
002383.SZ,20220926,7.07,9.9897,1.07,,3.2122,2.4836,523434.7356,403649.2563
002383.SZ,20220923,7.86,9.2614,1.03,,3.5712,2.7611,581923.1997,448752.9214
002383.SZ,20220922,8.32,14.5906,1.9,,3.7802,2.9227,615979.7738,475015.815
002383.SZ,20220921,8.12,8.3657,1.01,,3.6893,2.8525,601172.5677,463597.1656
002383.SZ,20220920,8.03,7.7139,0.94,,3.6484,2.8209,594509.3249,458458.7734
002383.SZ,20220919,7.72,6.9243,0.74,,3.5075,2.712,571558.1555,440759.8668
002383.SZ,20220916,7.64,7.2815,0.66,,3.4712,2.6839,565635.273,436192.4071
002383.SZ,20220915,8.04,8.0578,0.61,,3.6529,2.8244,595249.6852,459029.7059
002383.SZ,20220914,8.15,11.5052,0.68,,3.7029,2.863,603393.6486,465309.9631
002383.SZ,20220913,7.84,7.2149,0.33,,3.5621,2.7541,580442.4791,447611.0565
002383.SZ,20220909,7.99,12.4736,0.59,,3.6302,2.8068,591547.8837,456175.0435
002383.SZ,20220908,8.44,15.7402,0.75,,3.8347,2.9649,624864.0974,481867.0047
002383.SZ,20220907,8.23,18.9888,0.88,,3.7393,2.8911,609316.531,469877.4228
002383.SZ,20220906,9.14,29.8767,1.74,,4.1527,3.2108,676689.3188,521832.2776
002383.SZ,20220905,9.04,30.7711,2.69,,4.1073,3.1757,669285.7157,516122.9529
002383.SZ,20220902,8.22,9.6493,0.95,,3.7347,2.8876,608576.1707,469306.4903
002383.SZ,20220901,7.47,15.7777,2.13,,3.394,2.6241,553049.1478,426486.5551
002383.SZ,20220831,7.85,22.1202,6.04,,3.5666,2.7576,581182.8394,448181.989
002383.SZ,20220830,7.55,7.3182,2.76,,3.4303,2.6522,558972.0303,431054.0149
002383.SZ,20220829,6.86,2.3315,0.82,,3.1168,2.4099,507887.1692,391659.6744
002383.SZ,20220826,6.93,3.3376,1.09,,3.1486,2.4344,513069.6914,395656.2017
002383.SZ,20220825,6.76,1.999,0.64,,3.0714,2.3747,500483.5662,385950.3497
002383.SZ,20220824,6.81,3.3251,1.08,,3.0941,2.3923,504185.3677,388805.0121
002383.SZ,20220823,7.12,2.2731,0.69,,3.2349,2.5012,527136.5372,406503.9186
002383.SZ,20220822,7.09,3.2964,0.99,,3.2213,2.4906,524915.4562,404791.1212
002383.SZ,20220819,7.34,4.4758,1.28,,3.3349,2.5785,543424.4639,419064.433
002383.SZ,20220818,7.54,2.1549,0.51,,3.4803,2.6487,558231.67,457272.4717
002383.SZ,20220817,7.53,2.8801,0.61,,3.4757,2.6452,557491.3097,456666.0095
002383.SZ,20220816,7.65,3.2154,0.59,,3.5311,2.6874,566375.6333,463943.5555
002383.SZ,20220815,7.58,3.1649,0.48,,3.4988,2.6628,561193.1112,459698.3203
002383.SZ,20220812,7.54,5.0046,0.67,,3.4803,2.6487,558231.67,457272.4717
002383.SZ,20220811,7.75,6.9082,0.99,,3.5773,2.7225,573779.2364,470008.1771
002383.SZ,20220810,7.62,5.1774,0.69,,3.5173,2.6768,564154.5524,462124.169
002383.SZ,20220809,7.83,6.7699,0.93,,3.6142,2.7506,579702.1188,474859.8744
002383.SZ,20220808,7.89,9.3542,1.48,,3.6419,2.7717,584144.2806,478498.6474
002383.SZ,20220805,7.5,9.139,1.74,,3.4619,2.6347,555270.2288,454846.623
002383.SZ,20220804,7.05,4.5087,0.88,,3.2542,2.4766,521954.015,427555.8256
002383.SZ,20220803,7.17,7.764,1.76,,3.3096,2.5188,530838.3387,434833.3716
002383.SZ,20220802,6.76,5.6366,1.4,,3.1203,2.3747,500483.5662,409968.4229
002383.SZ,20220801,7.16,4.4494,1.12,,3.3049,2.5152,530097.9784,434226.9094
002383.SZ,20220729,7.13,3.8905,0.88,,3.2911,2.5047,527876.8975,432407.5229
002383.SZ,20220728,7.16,3.9206,0.74,,3.3049,2.5152,530097.9784,434226.9094
002383.SZ,20220727,7.1,4.2113,0.64,,3.2772,2.4942,525655.8166,430588.1364
002383.SZ,20220726,7.05,3.6207,0.46,,3.2542,2.4766,521954.015,427555.8256
002383.SZ,20220725,6.97,4.2036,0.49,,3.2172,2.4485,516031.1326,422704.1283
002383.SZ,20220722,7.16,6.1763,0.63,,3.3049,2.5152,530097.9784,434226.9094
002383.SZ,20220721,7.32,8.2607,0.76,,3.3788,2.5714,541943.7433,443930.304
002383.SZ,20220720,7.55,10.868,0.9,,3.485,2.6522,558972.0303,457878.9338
002383.SZ,20220719,7.43,9.7717,0.9,,3.4296,2.6101,550087.7066,450601.3879
002383.SZ,20220718,7.07,8.1549,0.82,,3.2634,2.4836,523434.7356,428768.7499
002383.SZ,20220715,7.11,11.744,1.32,,3.2819,2.4977,526396.1769,431194.5986
002383.SZ,20220714,6.89,13.7652,1.89,,3.1803,2.4204,510108.2501,417852.431
002383.SZ,20220713,7.65,16.9206,4.09,,3.5311,2.6874,566375.6333,463943.5555
002383.SZ,20220712,6.95,3.8472,1.04,,3.208,2.4415,514550.412,421491.204
002383.SZ,20220711,6.32,3.3862,1.02,,2.9172,2.2202,467907.7128,383284.0876
002383.SZ,20220708,6.41,6.4744,2.78,,2.9588,2.2518,474570.9555,388742.2471
002383.SZ,20220707,6.21,5.7813,3.71,,2.8664,2.1815,459763.7494,376613.0038
002383.SZ,20220706,5.81,1.1944,0.68,,2.6818,2.041,430149.3372,352354.5173
002383.SZ,20220705,5.93,1.7218,0.91,,2.7372,2.0832,439033.6609,359632.0633
002383.SZ,20220704,6.06,1.4733,0.77,,2.7972,2.1288,448658.3448,367516.0714
002383.SZ,20220701,5.99,1.4919,0.72,,2.7649,2.1042,443475.8227,363270.8362
002383.SZ,20220630,5.97,1.9074,0.88,,2.7557,2.0972,441995.1021,362057.9119
002383.SZ,20220629,6.02,2.2096,1.08,,2.7787,2.1148,445696.9036,365090.2227
002383.SZ,20220628,6.17,2.3568,1.12,,2.848,2.1675,456802.3082,374187.1552
002383.SZ,20220627,6.05,1.6235,0.65,,2.7926,2.1253,447917.9845,366909.6092
002383.SZ,20220624,6.07,2.1944,0.91,,2.8018,2.1323,449398.7051,368122.5335
002383.SZ,20220623,6.11,2.5043,1.09,,2.8203,2.1464,452360.1464,370548.3822
002383.SZ,20220622,5.91,1.5298,0.58,,2.728,2.0761,437552.9403,358419.1389
002383.SZ,20220621,6.05,2.6357,0.98,,2.7926,2.1253,447917.9845,366909.6092
002383.SZ,20220620,6.2,3.5477,1.37,,2.8618,2.178,459023.3891,376006.5417
002383.SZ,20220617,6.01,1.8532,0.63,,2.7741,2.1113,444956.5433,364483.7606
002383.SZ,20220616,5.98,1.9176,0.47,,2.7603,2.1007,442735.4624,362664.3741
002383.SZ,20220615,5.99,3.184,0.55,,2.7649,2.1042,443475.8227,363270.8362
002383.SZ,20220614,6.0,2.9978,0.46,,2.7695,2.1077,444216.183,363877.2984
002383.SZ,20220613,6.07,2.9704,0.43,,2.8018,2.1323,449398.7051,368122.5335
002383.SZ,20220610,5.99,3.7456,0.58,,2.7649,2.1042,443475.8227,363270.8362
002383.SZ,20220609,5.98,7.4839,1.41,,2.7603,2.1007,442735.4624,362664.3741
002383.SZ,20220608,6.46,11.7264,3.54,,2.9818,2.2693,478272.757,391774.5579
002383.SZ,20220607,6.44,6.6727,2.95,,2.9726,2.2623,476792.0364,390561.6336
002383.SZ,20220606,5.85,5.22,3.49,,2.7003,2.055,433110.7784,354780.3659
002383.SZ,20220602,5.62,1.4472,0.93,,2.5941,1.9743,416082.4914,340831.7362
002383.SZ,20220601,5.54,1.5563,1.03,,2.5572,1.9461,410159.609,335980.0389
002383.SZ,20220531,5.5,1.647,1.04,,2.5387,1.9321,407198.1678,333554.1902
002383.SZ,20220530,5.43,1.4242,0.83,,2.5064,1.9075,402015.6456,329308.9551
002383.SZ,20220527,5.45,1.4089,0.71,,2.5156,1.9145,403496.3662,330521.8794
002383.SZ,20220526,5.52,1.72,0.78,,2.5479,1.9391,408678.8884,334767.1145
002383.SZ,20220525,5.52,1.323,0.51,,2.5479,1.9391,408678.8884,334767.1145
002383.SZ,20220524,5.33,2.0398,0.77,,2.4602,1.8724,394612.0426,323244.3334
002383.SZ,20220523,5.58,2.1332,0.74,,2.5756,1.9602,413121.0502,338405.8875
002383.SZ,20220520,5.54,2.7468,0.79,,2.5572,1.9461,410159.609,335980.0389
002383.SZ,20220519,5.36,2.8372,0.6,,2.4741,1.8829,396833.1235,325063.7199
002383.SZ,20220518,5.23,3.3393,0.78,,2.4141,1.8372,387208.4395,317179.7118
002383.SZ,20220517,5.06,2.1097,0.52,,2.3356,1.7775,374622.3143,306869.855
002383.SZ,20220516,5.07,3.4344,0.96,,2.3402,1.781,375362.6746,307476.3171
002383.SZ,20220513,5.14,5.5787,2.11,,2.3725,1.8056,380545.1968,311721.5523
002383.SZ,20220512,5.03,9.1582,8.22,,2.3218,1.767,372401.2334,305050.4685
002383.SZ,20220511,5.4,1.043,0.84,,2.4926,1.897,399794.5647,327489.5686
002383.SZ,20220510,6.0,1.2368,0.97,,2.7695,2.1077,444216.183,363877.2984
002383.SZ,20220509,5.94,0.8809,0.6,,2.7418,2.0867,439774.0212,360238.5254
002383.SZ,20220506,5.89,0.9265,0.55,,2.7187,2.0691,436072.2196,357206.2146
002383.SZ,20220505,5.92,1.4832,0.81,,2.7326,2.0796,438293.3006,359025.6011
002383.SZ,20220429,5.79,1.6754,0.89,,2.6726,2.034,428668.6166,351141.593
002383.SZ,20220428,5.5,1.3861,0.69,,2.5387,1.9321,407198.1678,333554.1902
002383.SZ,20220427,5.58,1.8564,0.94,,2.5756,1.9602,413121.0502,338405.8875
002383.SZ,20220426,5.41,1.988,1.02,,2.4972,1.9005,400534.925,328096.0307
002383.SZ,20220425,5.88,2.2885,1.22,,2.7141,2.0656,435331.8593,356599.7524
002383.SZ,20220422,6.25,1.9015,0.9,,2.8849,2.1956,462725.1906,379038.8525
002383.SZ,20220421,6.15,2.0184,0.98,,2.8387,2.1604,455321.5876,372974.2309
002383.SZ,20220420,6.5,1.6854,0.78,,3.0003,2.2834,481234.1983,394200.4066
002383.SZ,20220419,6.6,1.8106,0.8,,3.0465,2.3185,488637.8013,400265.0282
002383.SZ,20220418,6.59,1.9302,0.77,,3.0418,2.315,487897.441,399658.5661
002383.SZ,20220415,6.48,3.1548,1.07,,2.9911,2.2764,479753.4776,392987.4823
002383.SZ,20220414,6.42,1.7355,0.54,,3.1533,2.8121,475311.3158,389348.7093
002383.SZ,20220413,6.41,2.1725,0.6,,3.1484,2.8077,474570.9555,388742.2471
002383.SZ,20220412,6.73,2.3458,0.6,,3.3056,2.9479,498262.4853,408149.0364
002383.SZ,20220411,6.72,3.065,0.69,,3.3007,2.9435,497522.125,407542.5742
002383.SZ,20220408,7.11,5.3734,1.23,,3.4922,3.1143,526396.1769,431194.5986
002383.SZ,20220407,7.68,3.1989,0.77,,3.7722,3.364,568596.7142,465762.942
002383.SZ,20220406,8.04,3.9954,1.08,,3.949,3.5217,595249.6852,487595.5799
002383.SZ,20220401,8.21,4.0505,1.19,,4.0325,3.5962,607835.8104,497905.4366
002383.SZ,20220331,8.13,5.4981,1.77,,3.9932,3.5611,601912.928,493053.7393
002383.SZ,20220330,8.09,5.1552,1.81,,3.9736,3.5436,598951.4867,490627.8907
002383.SZ,20220329,7.56,1.9724,0.5,,3.7132,3.3114,559712.3906,458485.396
002383.SZ,20220328,7.62,1.8148,0.31,,3.7427,3.3377,564154.5524,462124.169
002383.SZ,20220325,7.59,2.5631,0.41,,3.728,3.3246,561933.4715,460304.7825
002383.SZ,20220324,7.9,3.9915,0.63,,3.8802,3.4604,584884.641,479105.1096
002383.SZ,20220323,8.15,3.8706,0.63,,4.003,3.5699,603393.6486,494266.6637
002383.SZ,20220322,8.19,7.3089,1.39,,4.0227,3.5874,606355.0898,496692.5123
002383.SZ,20220321,8.38,11.9808,3.56,,4.116,3.6706,620421.9356,508215.2934
002383.SZ,20220318,7.94,4.1433,1.47,,3.8999,3.4779,587846.0822,481530.9582
002383.SZ,20220317,7.64,4.3104,1.87,,3.7525,3.3465,565635.273,463337.0933
002383.SZ,20220316,7.3,2.8541,1.3,,3.5855,3.1976,540463.0227,442717.3797
002383.SZ,20220315,7.05,3.0807,1.56,,3.4627,3.088,521954.015,427555.8256
002383.SZ,20220314,7.26,2.4495,1.28,,3.5659,3.18,537501.5814,440291.5311
002383.SZ,20220311,7.29,1.3731,0.62,,3.5806,3.1932,539722.6623,442110.9176
002383.SZ,20220310,7.25,1.789,0.74,,3.561,3.1757,536761.2211,439685.0689
002383.SZ,20220309,7.1,2.2828,0.84,,3.4873,3.1099,525655.8166,430588.1364
002383.SZ,20220308,7.15,1.9761,0.6,,3.5119,3.1319,529357.6181,433620.4473
002383.SZ,20220307,7.36,2.1677,0.63,,3.615,3.2238,544905.1845,446356.1527
002383.SZ,20220304,7.55,2.7887,0.76,,3.7083,3.3071,558972.0303,457878.9338
002383.SZ,20220303,7.78,2.8046,0.63,,3.8213,3.4078,576000.3173,471827.5636
002383.SZ,20220302,7.94,3.8258,0.87,,3.8999,3.4779,587846.0822,481530.9582
002383.SZ,20220301,7.94,5.0041,1.25,,3.8999,3.4779,587846.0822,481530.9582
002383.SZ,20220228,7.59,2.7566,0.64,,3.728,3.3246,561933.4715,460304.7825
002383.SZ,20220225,7.66,3.8872,0.85,,3.7624,3.3552,567115.9936,464550.0176
002383.SZ,20220224,7.79,6.8742,1.61,,3.8262,3.4122,576740.6776,472434.0258
002383.SZ,20220223,7.79,3.3682,0.76,,3.8262,3.4122,576740.6776,472434.0258
002383.SZ,20220222,7.71,3.1528,0.56,,3.7869,3.3771,570817.7952,467582.3284
002383.SZ,20220221,7.8,4.2219,0.79,,3.8311,3.4166,577481.0379,473040.4879
002383.SZ,20220218,7.78,5.2003,1.13,,3.8213,3.4078,576000.3173,471827.5636
002383.SZ,20220217,7.63,5.344,1.34,,3.7476,3.3421,564894.9127,462730.6311
002383.SZ,20220216,7.48,4.3015,1.14,,3.674,3.2764,553789.5081,453633.6987
002383.SZ,20220215,7.52,8.9723,3.29,,3.6936,3.2939,556750.9494,456059.5473
002383.SZ,20220214,7.82,2.9555,1.18,,3.8409,3.4253,578961.7585,474253.4122
002383.SZ,20220211,7.11,1.4602,0.61,,3.4922,3.1143,526396.1769,431194.5986
002383.SZ,20220210,7.28,2.2832,1.08,,3.5757,3.1888,538982.302,441504.4554
002383.SZ,20220209,7.3,3.1434,1.86,,3.5855,3.1976,540463.0227,442717.3797
002383.SZ,20220208,7.22,3.7877,2.91,,3.5462,3.1625,534540.1402,437865.6824
002383.SZ,20220207,7.05,1.8768,1.55,,3.4627,3.088,521954.015,427555.8256
002383.SZ,20220128,6.41,0.8092,0.6,,3.1484,2.8077,474570.9555,388742.2471
002383.SZ,20220127,6.24,0.9793,0.63,,3.0649,2.7333,461984.8303,378432.3903
002383.SZ,20220126,6.52,1.0049,0.59,,3.2024,2.8559,482714.9189,395413.3309
002383.SZ,20220125,6.48,1.8329,0.98,,3.1828,2.8384,479753.4776,392987.4823
002383.SZ,20220124,6.89,1.4217,0.63,,3.3842,3.018,510108.2501,417852.431
002383.SZ,20220121,7.15,1.4816,0.67,,3.5119,3.1319,529357.6181,433620.4473
002383.SZ,20220120,7.06,2.0268,0.98,,3.4677,3.0924,522694.3753,428162.2878
002383.SZ,20220119,7.36,1.6821,0.84,,3.615,3.2238,544905.1845,446356.1527
002383.SZ,20220118,7.4,2.6948,1.34,,3.6347,3.2414,547866.6257,448782.0014
002383.SZ,20220117,7.37,3.4527,2.18,,3.6199,3.2282,545645.5448,446962.6149
002383.SZ,20220114,7.0,1.2501,0.77,,3.4382,3.0661,518252.2135,424523.5148
002383.SZ,20220113,7.16,1.2291,0.74,,3.5168,3.1362,530097.9784,434226.9094
002383.SZ,20220112,7.19,1.3456,0.75,,3.5315,3.1494,532319.0593,436046.2959
002383.SZ,20220111,7.24,2.7931,1.76,,3.5561,3.1713,536020.8608,439078.6067
002383.SZ,20220110,7.07,1.2987,0.75,,3.4726,3.0968,523434.7356,428768.7499
002383.SZ,20220107,7.06,1.4281,0.82,,3.4677,3.0924,522694.3753,428162.2878
002383.SZ,20220106,7.24,1.492,0.82,,3.5561,3.1713,536020.8608,439078.6067
002383.SZ,20220105,7.1,1.9058,1.19,,3.4873,3.1099,525655.8166,430588.1364
002383.SZ,20220104,7.28,1.8228,1.21,,3.5757,3.1888,538982.302,441504.4554
002383.SZ,20211231,7.24,1.9966,1.39,,3.5561,3.1713,536020.8608,439078.6067
002383.SZ,20211230,7.2,1.5137,0.91,,3.5364,3.1538,533059.4196,436652.7581
002383.SZ,20211229,7.22,1.8728,1.11,,3.5462,3.1625,534540.1402,437865.6824
002383.SZ,20211228,7.03,0.8304,0.48,,3.4529,3.0793,520473.2944,426342.9013
002383.SZ,20211227,7.09,1.2927,0.7,,3.4824,3.1056,524915.4562,429981.6743
002383.SZ,20211224,6.95,1.6983,0.83,,3.4136,3.0442,514550.412,421491.204
002383.SZ,20211223,7.11,2.6395,1.48,,3.4922,3.1143,526396.1769,431194.5986
002383.SZ,20211222,7.07,1.9418,1.14,,3.4726,3.0968,523434.7356,428768.7499
002383.SZ,20211221,6.99,0.9681,0.6,,3.3794,3.0782,520289.8393,486197.9526
002383.SZ,20211220,6.94,1.604,0.96,,3.3552,3.0562,516568.1666,482720.1418
002383.SZ,20211217,7.11,2.3427,1.31,,3.4374,3.131,529221.8537,494544.6986
002383.SZ,20211216,6.98,1.1562,0.52,,3.3745,3.0738,519545.5047,485502.3905
002383.SZ,20211215,6.91,1.371,0.52,,3.3407,3.043,514335.163,480633.4553
002383.SZ,20211214,7.06,1.6067,0.46,,3.4132,3.109,525500.181,491066.8878
002383.SZ,20211213,7.06,1.9192,0.43,,3.4132,3.109,525500.181,491066.8878
002383.SZ,20211210,7.06,2.8695,0.66,,3.4132,3.109,525500.181,491066.8878
002383.SZ,20211209,7.19,3.2984,0.85,,3.4761,3.1663,535176.5299,500109.1959
002383.SZ,20211208,7.11,3.5732,1.08,,3.4374,3.131,529221.8537,494544.6986
002383.SZ,20211207,7.27,5.6861,2.36,,3.5147,3.2015,541131.2062,505673.6932
002383.SZ,20211206,7.09,6.9762,6.23,,3.4277,3.1222,527733.1846,493153.5743
002383.SZ,20211203,6.79,2.2842,2.82,,3.2827,2.9901,505403.1486,472286.7094
002383.SZ,20211202,6.17,0.8365,1.1,,2.9829,2.7171,459254.4075,429161.8552
002383.SZ,20211201,6.36,0.7005,0.94,,3.0748,2.8008,473396.7636,442377.5363
002383.SZ,20211130,6.3,1.2367,2.09,,3.0458,2.7743,468930.7564,438204.1633
002383.SZ,20211129,6.07,0.544,0.94,,2.9346,2.6731,451811.0621,422206.2335
002383.SZ,20211126,6.14,0.7271,1.35,,2.9684,2.7039,457021.4039,427075.1687
002383.SZ,20211125,6.3,0.5858,1.06,,3.0458,2.7743,468930.7564,438204.1633
002383.SZ,20211124,6.4,0.6355,1.19,,3.0941,2.8184,476374.1018,445159.785
002383.SZ,20211123,6.37,0.4726,0.77,,3.0796,2.8052,474141.0982,443073.0985
002383.SZ,20211122,6.4,0.4868,0.65,,3.0941,2.8184,476374.1018,445159.785
002383.SZ,20211119,6.41,0.5177,0.61,,3.099,2.8228,477118.4363,445855.3471
002383.SZ,20211118,6.39,0.6487,0.77,,3.0893,2.814,475629.7672,444464.2228
002383.SZ,20211117,6.47,0.5355,0.62,,3.128,2.8492,481584.4435,450028.7201
002383.SZ,20211116,6.41,0.8721,1.05,,3.099,2.8228,477118.4363,445855.3471
002383.SZ,20211115,6.57,1.1899,1.68,,3.1763,2.8932,489027.7888,456984.3417
002383.SZ,20211112,6.56,1.1883,1.47,,3.1715,2.8888,488283.4543,393189.8504
002383.SZ,20211111,6.35,0.688,0.88,,3.07,2.7964,472652.4291,380602.9802
002383.SZ,20211110,6.36,0.7751,1.06,,3.0748,2.8008,473396.7636,381202.355
002383.SZ,20211109,6.35,0.7993,1.11,,3.07,2.7964,472652.4291,380602.9802
002383.SZ,20211108,6.24,0.6696,0.83,,3.0168,2.7479,464464.7492,374009.8577
002383.SZ,20211105,6.36,1.1078,1.55,,3.0748,2.8008,473396.7636,381202.355
002383.SZ,20211104,6.17,0.5524,0.77,,2.9829,2.7171,459254.4075,369814.2343
002383.SZ,20211103,6.11,0.5165,0.73,,2.9539,2.6907,454788.4003,366217.9857
002383.SZ,20211102,6.09,0.7424,1.16,,2.9443,2.6819,453299.7312,365019.2361
002383.SZ,20211101,6.21,1.1211,2.19,,3.0023,2.7347,462231.7456,372211.7334
002383.SZ,20211029,6.0,0.6314,1.34,,2.9008,2.6422,446600.7204,359624.8632
002383.SZ,20211028,5.81,0.5593,1.08,,2.7595,2.5586,432458.3643,348236.7425
002383.SZ,20211027,5.98,0.502,0.87,,2.8402,2.6334,445112.0513,358426.1137
002383.SZ,20211026,6.11,0.3931,0.58,,2.902,2.6907,454788.4003,366217.9857
002383.SZ,20211025,6.11,0.4719,0.68,,2.902,2.6907,454788.4003,366217.9857
002383.SZ,20211022,6.21,0.4276,0.56,,2.9495,2.7347,462231.7456,372211.7334
002383.SZ,20211021,6.19,0.7858,1.15,,2.94,2.7259,460743.0765,371012.9839
002383.SZ,20211020,6.36,0.8048,1.36,,3.0207,2.8008,473396.7636,381202.355
002383.SZ,20211019,6.48,0.8987,1.72,,3.0777,2.8536,482328.778,388394.8523
002383.SZ,20211018,6.66,0.5779,1.03,,3.1632,2.9329,495726.7996,399183.5982
002383.SZ,20211015,6.58,0.7484,1.27,,3.1252,2.8976,489772.1234,394388.6
002383.SZ,20211014,6.84,0.3769,0.56,,3.2487,3.0121,509124.8213,409972.344
002383.SZ,20211013,6.8,0.3575,0.48,,3.2297,2.9945,506147.4831,407574.845
002383.SZ,20211012,6.87,0.5562,0.75,,3.2629,3.0254,511357.8249,411770.4684
002383.SZ,20211011,6.93,0.7761,0.95,,3.2914,3.0518,515823.8321,415366.717
002383.SZ,20211008,6.9,0.8723,1.01,,3.2772,3.0386,513590.8285,413568.5927
002383.SZ,20210930,6.74,0.787,0.82,,3.2012,2.9681,501681.4759,403978.5963
002383.SZ,20210929,6.45,0.7523,0.76,,3.0635,2.8404,480095.7744,386596.7279
002383.SZ,20210928,6.7,0.5208,0.47,,3.1822,2.9505,498704.1378,401581.0972
002383.SZ,20210927,6.68,1.153,1.04,,3.1727,2.9417,497215.4687,400382.3477
002383.SZ,20210924,6.89,1.1214,1.08,,3.2724,3.0342,512846.4939,412969.2179
002383.SZ,20210923,7.1,1.2779,1.15,,3.3722,3.1266,528477.5191,425556.0881
002383.SZ,20210922,6.94,0.888,0.69,,3.2962,3.0562,516568.1666,415966.0918
002383.SZ,20210917,7.04,1.0449,0.75,,3.3437,3.1002,524011.5119,421959.8395
002383.SZ,20210916,7.01,1.1856,0.75,,3.3294,3.087,521778.5083,420161.7152
002383.SZ,20210915,7.08,0.7916,0.42,,3.3627,3.1178,526988.8501,424357.3386
002383.SZ,20210914,7.04,1.6673,0.77,,3.3437,3.1002,524011.5119,421959.8395
002383.SZ,20210913,7.17,1.7175,0.61,,3.4054,3.1575,533687.8609,429751.7115
002383.SZ,20210910,7.31,1.6493,0.51,,3.4719,3.2191,544108.5444,438142.9583
002383.SZ,20210909,7.38,2.0285,0.64,,3.5052,3.2499,549318.8861,442338.5817
002383.SZ,20210908,7.35,2.2698,0.69,,3.4909,3.2367,547085.8825,440540.4574
002383.SZ,20210907,7.53,3.1297,1.0,,3.5764,3.316,560483.9041,451329.2033
002383.SZ,20210906,7.66,4.9564,1.94,,3.6382,3.3733,570160.253,459121.0754
002383.SZ,20210903,7.32,3.7845,1.92,,3.4767,3.2235,544852.8789,438742.3331
002383.SZ,20210902,6.9,1.6875,0.95,,3.2772,3.0386,513590.8285,413568.5927
002383.SZ,20210901,7.04,2.877,2.12,,3.3437,3.1002,524011.5119,421959.8395
002383.SZ,20210831,6.73,2.3116,2.21,,3.1964,2.9637,500937.1414,403379.2216
002383.SZ,20210830,6.63,2.1117,2.39,,3.1489,2.9197,493493.796,397385.4738
002383.SZ,20210827,6.45,0.9095,0.99,,2.9693,2.8404,480095.7744,372350.4033
002383.SZ,20210826,6.51,0.7289,0.76,,2.997,2.8668,484561.7816,375814.128
002383.SZ,20210825,6.58,0.7977,0.86,,3.0292,2.8976,489772.1234,379855.1401
002383.SZ,20210824,6.65,0.7965,0.77,,3.0614,2.9285,494982.4651,383896.1523
002383.SZ,20210823,6.68,1.3509,1.38,,3.0752,2.9417,497215.4687,385628.0146
002383.SZ,20210820,6.45,0.9279,0.9,,2.9693,2.8404,480095.7744,372350.4033
002383.SZ,20210819,6.55,0.9066,0.78,,3.0154,2.8844,487539.1198,378123.2778
002383.SZ,20210818,6.68,0.6412,0.51,,3.0752,2.9417,497215.4687,385628.0146
002383.SZ,20210817,6.64,1.3427,1.12,,3.0568,2.9241,494238.1306,383318.8648
002383.SZ,20210816,6.85,1.0676,0.9,,3.1535,3.0166,509869.1558,395441.9012
002383.SZ,20210813,6.88,1.223,0.93,,3.1673,3.0298,512102.1594,397173.7635
002383.SZ,20210812,6.96,1.5376,1.01,,3.2041,3.065,518056.8357,401792.0631
002383.SZ,20210811,6.88,1.1747,0.78,,3.1673,3.0298,512102.1594,397173.7635
002383.SZ,20210810,6.96,0.9682,0.59,,3.2041,3.065,518056.8357,401792.0631
002383.SZ,20210809,6.9,1.0156,0.59,,3.1765,3.0386,513590.8285,398328.3384
002383.SZ,20210806,6.96,1.8952,1.16,,3.2041,3.065,518056.8357,401792.0631
002383.SZ,20210805,7.18,2.5313,1.86,,3.3054,3.1619,534432.1954,414492.3869
002383.SZ,20210804,6.98,1.0814,0.68,,3.2133,3.0738,519545.5047,402946.638
002383.SZ,20210803,6.98,1.6605,0.94,,3.2133,3.0738,519545.5047,402946.638
002383.SZ,20210802,6.99,1.4063,0.74,,3.2179,3.0782,520289.8393,403523.9255
002383.SZ,20210730,6.85,1.524,0.81,,3.1535,3.0166,509869.1558,395441.9012
002383.SZ,20210729,6.96,1.146,0.63,,3.2041,3.065,518056.8357,401792.0631
002383.SZ,20210728,6.9,2.1948,1.41,,3.1765,3.0386,513590.8285,398328.3384
002383.SZ,20210727,7.45,2.5386,2.04,,3.4297,3.2808,554529.2278,430079.148
002383.SZ,20210726,7.33,2.1156,1.96,,3.3745,3.2279,545597.2134,423151.6987
002383.SZ,20210723,7.36,1.4513,1.39,,3.3883,3.2411,547830.217,424883.561
002383.SZ,20210722,7.27,0.8657,0.76,,3.3468,3.2015,541131.2062,419687.974
002383.SZ,20210721,7.24,0.8012,0.61,,3.333,3.1883,538898.2026,417956.1116
002383.SZ,20210720,7.24,0.9771,0.62,,3.333,3.1883,538898.2026,417956.1116
002383.SZ,20210719,7.18,1.2937,0.79,,3.3054,3.1619,534432.1954,414492.3869
002383.SZ,20210716,7.36,1.2736,0.75,,3.3883,3.2411,547830.217,424883.561
002383.SZ,20210715,7.31,1.3503,0.76,,3.3653,3.2191,544108.5444,421997.1238
002383.SZ,20210714,7.4,1.6797,0.9,,3.4067,3.2588,550807.5552,427192.7108
002383.SZ,20210713,7.6,2.3272,1.08,,3.4988,3.3468,565694.2458,438738.4597
002383.SZ,20210712,7.48,1.5493,0.56,,3.4435,3.294,556762.2314,431811.0104
002383.SZ,20210709,7.46,1.5499,0.52,,3.4343,3.2852,555273.5624,430656.4355
002383.SZ,20210708,7.41,1.8061,0.58,,3.4113,3.2632,551551.8897,427769.9982
002383.SZ,20210707,7.62,2.0522,0.66,,3.508,3.3556,567182.9149,439893.0346
002383.SZ,20210706,7.79,3.8535,1.44,,3.5862,3.4305,579836.602,449706.9212
002383.SZ,20210705,7.77,4.6354,2.21,,3.577,3.4217,578347.9329,448552.3463
002383.SZ,20210702,7.18,2.4412,1.05,,3.3054,3.1619,534432.1954,414492.3869
002383.SZ,20210701,7.42,2.5651,0.98,,3.4159,3.2676,552296.2242,428347.2857
002383.SZ,20210630,7.89,2.128,0.74,,3.6323,3.4745,587279.9473,455479.7957
002383.SZ,20210629,7.71,1.5692,0.44,,3.5494,3.3953,573881.9257,445088.6216
002383.SZ,20210628,7.82,1.7848,0.37,,3.6,3.4437,582069.6056,451438.7836
002383.SZ,20210625,7.78,3.6109,0.64,,3.5816,3.4261,579092.2675,449129.6338
002383.SZ,20210624,8.07,3.9683,0.53,,3.7151,3.5538,600677.9689,465870.9697
002383.SZ,20210623,8.0,3.4113,0.41,,3.6829,3.523,595467.6272,461829.9576
002383.SZ,20210622,8.1,5.2201,0.63,,3.7289,3.567,602910.9725,467602.8321
002383.SZ,20210621,8.26,7.7741,1.04,,3.8026,3.6375,614820.3251,476839.4312
002383.SZ,20210618,7.79,7.8265,1.21,,3.5862,3.4305,579836.602,449706.9212
002383.SZ,20210617,8.2,13.5544,3.21,,3.775,3.6111,610354.3179,473375.7065
002383.SZ,20210616,8.4,7.4087,2.36,,3.8671,3.6991,625241.0086,484921.4555
002383.SZ,20210615,7.64,4.9846,1.99,,3.5172,3.3644,568671.584,441047.6095
002383.SZ,20210611,7.37,3.4674,1.51,,3.3929,3.2455,548574.5516,425460.8484
002383.SZ,20210610,7.32,3.0189,1.3,,3.3699,3.2235,544852.8789,422574.4112
002383.SZ,20210609,7.2,2.2046,0.73,,3.3146,3.1707,535920.8645,415646.9618
002383.SZ,20210608,7.18,2.048,0.62,,3.3054,3.1619,534432.1954,414492.3869
002383.SZ,20210607,7.23,1.7568,0.51,,3.3284,3.1839,538153.8681,417378.8242
002383.SZ,20210604,7.1,2.4804,0.73,,3.2686,3.1266,528477.5191,409874.0874
002383.SZ,20210603,7.29,3.1418,0.98,,3.3561,3.2103,542619.8753,420842.5489
002383.SZ,20210602,7.52,5.7207,2.09,,3.4619,3.3116,559739.5696,434120.1601
002383.SZ,20210601,7.29,3.4765,1.21,,3.3561,3.2103,542619.8753,420842.5489
002383.SZ,20210531,7.13,2.2952,0.74,,3.2824,3.1399,530710.5227,411605.9497
002383.SZ,20210528,7.02,2.2542,0.62,,3.2318,3.0914,522522.8429,405255.7878
002383.SZ,20210527,7.09,2.2626,0.6,,3.264,3.1222,527733.1846,409296.7999
002383.SZ,20210526,7.13,3.4132,0.91,,3.2824,3.1399,530710.5227,411605.9497
002383.SZ,20210525,7.26,4.1893,1.15,,3.3422,3.1971,540386.8717,419110.6865
002383.SZ,20210524,7.12,3.3962,0.94,,3.2778,3.1355,529966.1882,411028.6623
002383.SZ,20210521,7.22,4.8247,1.36,,3.3238,3.1795,537409.5335,416801.5367
002383.SZ,20210520,6.88,2.947,0.76,,3.1673,3.0298,512102.1594,397173.7635
002383.SZ,20210519,7.08,3.3934,0.69,,3.2594,3.1178,526988.8501,408719.5125
002383.SZ,20210518,7.17,3.5844,0.69,,3.3008,3.1575,533687.8609,413915.0995
002383.SZ,20210517,7.08,3.3547,0.66,,3.2594,3.1178,526988.8501,408719.5125
002383.SZ,20210514,7.19,4.4313,0.93,,3.31,3.1663,535176.5299,415069.6744
002383.SZ,20210513,7.14,4.6251,1.01,,3.287,3.1443,531454.8573,412183.2372
002383.SZ,20210512,7.31,8.5495,2.37,,3.3653,3.2191,544108.5444,421997.1238
002383.SZ,20210511,7.08,5.0678,1.49,,3.2594,3.1178,526988.8501,408719.5125
002383.SZ,20210510,6.44,2.7545,0.72,,2.9647,2.836,479351.4399,371773.1159
002383.SZ,20210507,6.3,2.9182,0.61,,2.9003,2.7743,468930.7564,363691.0916
002383.SZ,20210506,6.45,3.714,0.6,,2.9693,2.8404,480095.7744,372350.4033
002383.SZ,20210430,6.22,3.5809,0.44,,2.8635,2.7391,462976.0801,359072.792
002383.SZ,20210429,6.17,3.9992,0.37,,2.6769,2.965,459254.4075,356186.3548
002383.SZ,20210428,6.44,4.8603,0.39,,2.794,3.0948,479351.4399,371773.1159
002383.SZ,20210427,6.39,7.6917,0.62,,2.7723,3.0707,475629.7672,368886.6786
002383.SZ,20210426,7.1,10.7188,0.94,,3.0804,3.4119,528477.5191,409874.0874
002383.SZ,20210423,7.88,13.5163,1.45,,3.4188,3.7868,586535.6128,454902.5082
002383.SZ,20210422,8.14,17.5389,2.61,,3.5316,3.9117,605888.3107,469911.9819
002383.SZ,20210421,7.4,13.6447,2.98,,3.2105,3.5561,550807.5552,427192.7108
002383.SZ,20210420,7.46,6.7316,1.65,,3.2366,3.5849,555273.5624,430656.4355
002383.SZ,20210419,6.78,5.5314,1.41,,2.9415,3.2581,504658.8141,391400.8891
002383.SZ,20210416,6.16,3.2669,0.66,,2.6725,2.9602,458510.0729,355609.0674
002383.SZ,20210415,5.6,4.4868,0.89,,2.4296,2.6911,416827.339,323280.9703
002383.SZ,20210414,6.17,2.8449,0.56,,1.7428,2.965,459254.4075,356186.3548
002383.SZ,20210413,6.2,4.2695,0.87,,1.7513,2.9794,461487.4111,357918.2171
002383.SZ,20210412,6.57,4.7891,0.99,,1.8558,3.1572,489027.7888,379277.8527
002383.SZ,20210409,6.48,8.278,1.91,,1.8304,3.114,482328.778,374082.2657
002383.SZ,20210408,6.42,4.8939,0.9,,1.8135,3.0851,477862.7708,370618.541
002383.SZ,20210407,5.84,3.3461,0.58,,1.6496,2.8064,434691.3679,337135.869
002383.SZ,20210406,5.78,3.1179,0.55,,1.6327,2.7776,430225.3607,333672.1444
002383.SZ,20210402,5.88,4.4807,0.91,,1.6609,2.8256,437668.706,339445.0188
002383.SZ,20210401,6.05,5.8569,1.49,,1.709,2.9073,450322.3931,349258.9054
002383.SZ,20210331,6.27,10.4632,5.12,,1.7711,3.0131,466697.7528,361959.2293
002383.SZ,20210330,6.31,5.1549,4.25,,1.7824,3.0323,469675.091,364268.3791
002383.SZ,20210329,5.74,2.268,2.57,,1.6214,2.7584,427248.0225,331362.9946
002383.SZ,20210326,5.22,0.8716,0.97,,1.4745,2.5085,388542.6267,301344.0473
002383.SZ,20210325,5.15,0.9298,1.0,,1.4547,2.4748,383332.285,297303.0352
002383.SZ,20210324,5.24,0.9879,1.01,,1.4801,2.5181,390031.2958,302498.6222
002383.SZ,20210323,5.19,1.0091,1.06,,1.466,2.4941,386309.6231,299612.185
002383.SZ,20210322,5.35,0.6072,0.64,,1.5112,2.571,398218.9757,308848.7841
002383.SZ,20210319,5.3,0.9567,1.09,,1.4971,2.5469,394497.303,305962.3469
002383.SZ,20210318,5.36,1.0992,1.36,,1.514,2.5758,398963.3102,309426.0716
002383.SZ,20210317,5.51,1.2362,1.62,,1.5564,2.6478,410128.3282,318085.3833
002383.SZ,20210316,5.48,0.8453,0.99,,1.5479,2.6334,407895.3246,316353.521
002383.SZ,20210315,5.4,0.5785,0.63,,1.5253,2.595,401940.6484,311735.2214
002383.SZ,20210312,5.48,0.6143,0.63,,1.5479,2.6334,407895.3246,316353.521
002383.SZ,20210311,5.57,0.7564,0.73,,1.5734,2.6767,414594.3354,321549.108
002383.SZ,20210310,5.52,1.0327,1.02,,1.5592,2.6527,410872.6628,318662.6707
002383.SZ,20210309,5.73,1.2826,1.36,,1.6186,2.7536,426503.688,330785.7071
002383.SZ,20210308,5.84,0.9023,0.94,,1.6496,2.8064,434691.3679,337135.869
002383.SZ,20210305,5.89,0.8889,0.91,,1.6638,2.8305,438413.0405,340022.3063
002383.SZ,20210304,5.84,1.0849,1.1,,1.6496,2.8064,434691.3679,337135.869
002383.SZ,20210303,5.91,0.8849,0.86,,1.6694,2.8401,439901.7096,341176.8812
002383.SZ,20210302,5.89,0.9599,0.86,,1.6638,2.8305,438413.0405,340022.3063
002383.SZ,20210301,5.96,0.96,0.69,,1.6835,2.8641,443623.3823,344063.3184
002383.SZ,20210226,5.83,1.0204,0.69,,1.6468,2.8016,433947.0333,336558.5816
002383.SZ,20210225,5.8,1.1094,0.66,,1.6383,2.7872,431714.0297,334826.7193
002383.SZ,20210224,5.85,1.0992,0.61,,1.6525,2.8112,435435.7024,337713.1565
002383.SZ,20210223,5.8,1.4151,0.75,,1.6383,2.7872,431714.0297,334826.7193
002383.SZ,20210222,6.02,2.2939,1.1,,1.7005,2.8929,448089.3895,347527.0431
002383.SZ,20210219,5.71,1.5267,0.59,,1.6129,2.744,425015.0189,329631.1322
002383.SZ,20210218,5.57,2.0461,0.77,,1.5734,2.6767,414594.3354,321549.108
002383.SZ,20210210,5.32,1.6754,0.58,,1.5027,2.5565,395985.9721,307116.9218
002383.SZ,20210209,5.14,1.8306,0.64,,1.4519,2.47,382587.9505,296725.7478
002383.SZ,20210208,5.12,3.362,1.16,,1.4463,2.4604,381099.2814,295571.1729
002383.SZ,20210205,5.31,4.1163,1.74,,1.4999,2.5517,395241.6376,306539.6344
002383.SZ,20210204,5.03,2.2498,1.06,,1.4208,2.4172,374400.2706,290375.5858
002383.SZ,20210203,5.14,2.9864,1.75,,1.4519,2.47,382587.9505,296725.7478
002383.SZ,20210202,5.5,1.6866,1.11,,1.5536,2.643,409383.9937,317508.0959
002383.SZ,20210201,5.0,3.4676,3.33,,1.4124,2.4028,372167.267,288643.7235
002383.SZ,20210129,5.56,1.4087,1.49,,1.5705,2.6719,413850.0009,320971.8205
002383.SZ,20210128,5.83,1.0919,1.2,,1.6468,2.8016,433947.0333,336558.5816
002383.SZ,20210127,5.97,0.8958,1.01,,1.6864,2.8689,444367.7168,344640.6059
002383.SZ,20210126,6.09,0.7386,0.76,,1.7202,2.9266,453299.7312,351568.0552
002383.SZ,20210125,6.2,1.0722,1.07,,1.7513,2.9794,461487.4111,357918.2171
002383.SZ,20210122,6.51,0.9381,0.78,,1.8389,3.1284,484561.7816,375814.128
002383.SZ,20210121,6.56,0.9101,0.7,,1.853,3.1524,488283.4543,378700.5652
002383.SZ,20210120,6.58,0.7676,0.52,,1.8587,3.162,489772.1234,379855.1401
002383.SZ,20210119,6.63,1.1712,0.81,,1.8728,3.1861,493493.796,382741.5774
002383.SZ,20210118,6.53,1.2299,0.86,,1.8445,3.138,486050.4507,376968.7029
002383.SZ,20210115,6.52,1.9711,1.59,,1.8417,3.1332,485306.1162,376391.4154
002383.SZ,20210114,6.13,1.3494,1.08,,1.7315,2.9458,456277.0693,353877.205
002383.SZ,20210113,6.1,1.7189,1.45,,1.7231,2.9314,454044.0657,352145.3427
002383.SZ,20210112,6.38,0.949,0.74,,1.8022,3.0659,474885.4327,367921.9804
002383.SZ,20210111,6.42,1.1596,0.91,,1.8135,3.0851,477862.7708,370228.7012
002383.SZ,20210108,6.69,1.0192,0.81,,1.8897,3.2149,497959.8032,385799.0672
002383.SZ,20210107,6.6,1.4019,1.27,,1.8643,3.1716,491260.7924,380608.9452
002383.SZ,20210106,6.9,1.4142,1.41,,1.9491,3.3158,513590.8285,397909.3518
002383.SZ,20210105,7.21,1.4198,1.47,,2.0366,3.4648,536665.199,415786.4386
002383.SZ,20210104,7.09,1.1494,1.31,,2.0027,3.4071,527733.1846,408866.276
002383.SZ,20201231,7.0,0.9354,1.03,,1.9773,3.3639,521034.1738,403676.154
002383.SZ,20201230,6.79,0.5919,0.6,,1.918,3.263,505403.1486,391565.8694
002383.SZ,20201229,6.84,0.9176,0.88,,1.9321,3.287,509124.8213,394449.2705
002383.SZ,20201228,6.71,1.2269,1.26,,1.8954,3.2245,499448.4723,386952.4276
002383.SZ,20201225,7.03,0.7271,0.72,,1.9858,3.3783,523267.1774,405406.1947
002383.SZ,20201224,7.03,1.0799,1.07,,1.9858,3.3783,523267.1774,405406.1947
002383.SZ,20201223,7.0,1.0225,1.06,,1.9773,3.3639,521034.1738,403676.154
002383.SZ,20201222,7.06,1.186,1.15,,1.9942,3.3927,525500.181,407136.2353
002383.SZ,20201221,7.27,0.8421,0.79,,2.0536,3.4936,541131.2062,419246.5199
002383.SZ,20201218,7.21,0.895,0.77,,2.0366,3.4648,536665.199,415786.4386
002383.SZ,20201217,7.36,1.0973,1.0,,2.079,3.5369,547830.217,424436.6419
002383.SZ,20201216,7.43,0.8181,0.75,,2.0988,3.5705,553040.5588,428473.4035
002383.SZ,20201215,7.7,1.5118,1.56,,2.175,3.7003,573137.5912,444043.7694
002383.SZ,20201214,7.42,0.983,1.03,,2.0959,3.5657,552296.2242,427896.7232
002383.SZ,20201211,7.55,1.3672,1.5,,2.1327,3.6282,561972.5732,435393.5661
002383.SZ,20201210,7.86,0.8158,0.88,,2.2202,3.7771,585046.9437,453270.6529
002383.SZ,20201209,7.96,0.7523,0.77,,2.2485,3.8252,592490.2891,459037.4551
002383.SZ,20201208,8.16,0.9406,0.94,,2.305,3.9213,607376.9797,470571.0595
002383.SZ,20201207,8.07,0.9089,0.84,,2.2795,3.8781,600677.9689,465380.9375
002383.SZ,20201204,8.25,1.1387,1.05,,2.3304,3.9646,614075.9906,475761.1815
002383.SZ,20201203,8.43,0.9179,0.78,,2.3812,4.0511,627474.0122,486141.4255
002383.SZ,20201202,8.39,0.9763,0.71,,2.3699,4.0318,624496.674,483834.7046
002383.SZ,20201201,8.47,1.0719,0.61,,2.3925,4.0703,630451.3503,488448.1463
002383.SZ,20201130,8.36,1.2748,0.64,,2.3615,4.0174,622263.6704,482104.6639
002383.SZ,20201127,8.61,1.1747,0.47,,2.4321,4.1376,640872.0338,496521.6694
002383.SZ,20201126,8.66,1.3559,0.47,,2.4462,4.1616,644593.7064,499405.0705
002383.SZ,20201125,8.55,1.9773,0.76,,2.4151,4.1087,636406.0266,493061.5881
002383.SZ,20201124,8.84,3.0022,1.34,,2.497,4.2481,657991.7281,509785.3145
002383.SZ,20201123,8.52,2.3821,1.24,,2.4067,4.0943,634173.023,491331.5474
002383.SZ,20201120,8.53,3.8375,2.74,,2.4095,4.0991,634917.3575,491876.2402
002383.SZ,20201119,8.62,3.1154,3.28,,2.4349,4.1424,641616.3683,497066.0246
002383.SZ,20201118,7.84,0.6584,0.68,,2.2146,3.7675,583558.2747,452087.8925
002383.SZ,20201117,7.8,1.2168,1.27,,2.2033,3.7483,580580.9365,449781.3216
002383.SZ,20201116,7.98,0.7423,0.67,,2.2541,3.8348,593978.9581,460160.8906
002383.SZ,20201113,8.06,1.2622,1.19,,2.2767,3.8733,599933.6344,464774.0323
002383.SZ,20201112,7.92,0.8714,0.78,,2.2372,3.806,589512.9509,456701.0342
002383.SZ,20201111,8.05,0.7614,0.67,,2.2739,3.8684,599189.2999,464197.3896
002383.SZ,20201110,8.17,1.1422,1.02,,2.3078,3.9261,608121.3143,471117.1022
002383.SZ,20201109,8.29,1.5385,1.31,,2.3417,3.9838,617053.3287,478036.8149
002383.SZ,20201106,8.05,0.9764,0.73,,2.2739,3.8684,599189.2999,464197.3896
002383.SZ,20201105,8.18,1.1754,0.91,,2.3106,3.9309,608865.6488,471693.745
002383.SZ,20201104,8.09,0.8106,0.61,,2.2852,3.8877,602166.638,466503.9605
002383.SZ,20201103,8.19,1.0747,0.83,,2.3134,3.9357,609609.9833,472270.3877
002383.SZ,20201102,8.03,1.826,1.68,,2.2682,3.8588,597700.6308,463044.1042
002383.SZ,20201030,8.12,1.8157,1.89,,2.2937,3.9021,604399.6416,468233.8886
002383.SZ,20201029,8.57,0.9634,1.04,,2.4208,4.1183,637894.6956,494182.811
002383.SZ,20201028,8.74,1.0102,1.11,,2.4688,4.2,650548.3827,503985.7373
002383.SZ,20201027,8.98,0.8379,0.94,,2.5366,4.3154,668412.4115,517825.1626
002383.SZ,20201026,8.88,0.7985,0.94,,2.4787,4.2673,660969.0662,512058.7354
002383.SZ,20201023,8.98,1.1972,1.46,,2.5066,4.3154,668412.4115,517825.1626
002383.SZ,20201022,9.17,0.7994,0.88,,2.5597,4.4067,682554.7677,528781.3742
002383.SZ,20201021,9.3,0.9055,1.01,,2.596,4.4691,692231.1166,536277.7296
002383.SZ,20201020,9.49,0.7542,0.81,,2.649,4.5604,706373.4728,547233.9413
002383.SZ,20201019,9.59,0.6099,0.59,,2.6769,4.6085,713816.8181,553000.3685
002383.SZ,20201016,9.55,1.0226,1.04,,2.6657,4.5893,710839.48,550693.7976
002383.SZ,20201015,9.76,1.2277,1.32,,2.7244,4.6902,726470.5052,562803.2947
002383.SZ,20201014,9.68,0.8809,0.97,,2.702,4.6517,720515.8289,558190.153
002383.SZ,20201013,9.8,0.9416,1.12,,2.7355,4.7094,729447.8433,565109.8656
002383.SZ,20201012,9.9,1.064,1.3,,2.7634,4.7575,736891.1887,570876.2928
002383.SZ,20201009,9.68,0.798,0.95,,2.702,4.6517,720515.8289,558190.153
002383.SZ,20200930,9.64,0.9763,1.31,,2.6909,4.6325,717538.4908,555883.5821
002383.SZ,20200929,9.57,0.757,1.02,,2.6713,4.5989,712328.149,551847.083
002383.SZ,20200928,9.37,0.6215,0.72,,2.6155,4.5028,697441.4584,540314.2286
002383.SZ,20200925,9.38,0.9319,1.06,,2.6183,4.5076,698185.7929,540890.8714
002383.SZ,20200924,9.57,0.9069,1.09,,2.6713,4.5989,712328.149,551847.083
002383.SZ,20200923,9.81,0.5118,0.55,,2.7383,4.7142,730192.1779,565686.5083
002383.SZ,20200922,9.81,0.7569,0.78,,2.7383,4.7142,730192.1779,565686.5083
002383.SZ,20200921,10.0,1.22,1.32,,2.7913,4.8055,744334.534,576642.72
002383.SZ,20200918,9.9,0.9865,1.02,,2.7634,4.7575,736891.1887,570876.2928
002383.SZ,20200917,9.78,0.702,0.53,,2.7299,4.6998,727959.1743,563956.5802
002383.SZ,20200916,9.76,0.9479,0.63,,2.7244,4.6902,726470.5052,562803.2947
002383.SZ,20200915,9.92,1.0044,0.62,,2.7652,4.7724,739196.9185,572029.5782
002383.SZ,20200914,9.75,0.9772,0.57,,2.7178,4.6906,726529.2294,562226.652
002383.SZ,20200911,9.78,1.0861,0.64,,2.7262,4.705,728764.704,563956.5802
002383.SZ,20200910,9.7,2.6531,1.77,,2.7039,4.6665,722803.4385,559343.4384
002383.SZ,20200909,10.11,1.7725,1.17,,2.8181,4.8638,753354.924,582985.7899
002383.SZ,20200908,10.38,1.6638,1.12,,2.8934,4.9937,773474.195,598555.1434
002383.SZ,20200907,10.52,1.3398,0.86,,2.9324,5.061,783906.4096,606628.1414
002383.SZ,20200904,10.64,1.1139,0.55,,2.9659,5.1187,792848.3078,613547.8541
002383.SZ,20200903,10.44,1.6215,0.82,,2.9101,5.0225,777945.1441,602014.9997
002383.SZ,20200902,10.73,1.8053,0.9,,2.991,5.162,799554.7314,618737.6386
002383.SZ,20200901,10.85,1.563,0.78,,3.0244,5.2198,808496.6296,625657.3512
002383.SZ,20200831,10.66,1.6501,0.83,,2.9715,5.1284,794338.6241,614701.1395
002383.SZ,20200828,10.59,3.4462,2.1,,2.9519,5.0947,789122.5169,610664.6405
002383.SZ,20200827,10.94,1.612,0.85,,2.991,5.2631,815203.0533,571687.3593
002383.SZ,20200826,10.95,2.112,1.02,,2.9937,5.2679,815948.2115,572209.9255
002383.SZ,20200825,11.03,1.701,0.71,,3.0156,5.3064,821909.477,576390.4546
002383.SZ,20200824,11.03,1.7599,0.64,,3.0156,5.3064,821909.477,576390.4546
002383.SZ,20200821,11.08,1.8656,0.64,,3.0293,5.3304,825635.2679,579003.2853
002383.SZ,20200820,11.18,2.0059,0.65,,3.0566,5.3785,833086.8497,584228.9468
002383.SZ,20200819,11.28,2.9804,0.85,,3.084,5.4266,840538.4316,589454.6082
002383.SZ,20200818,11.6,3.3429,0.8,,3.1714,5.5806,864383.4934,606176.7247
002383.SZ,20200817,11.8,3.5043,0.66,,3.2261,5.6768,879286.6571,616628.0476
002383.SZ,20200814,11.64,2.8139,0.42,,3.1824,5.5998,867364.1262,608266.9893
002383.SZ,20200813,11.47,2.7421,0.31,,3.1359,5.518,854696.437,599383.3649
002383.SZ,20200812,11.57,5.0439,0.43,,3.1632,5.5661,862148.0189,604609.0263
002383.SZ,20200811,12.0,6.677,0.63,,3.2808,5.773,894189.8208,627079.3704
002383.SZ,20200810,12.62,9.1898,0.97,,3.4503,6.0713,940389.6282,659478.4712
002383.SZ,20200807,13.03,10.1422,1.15,,3.5624,6.2685,970941.1138,680903.683
002383.SZ,20200806,12.9,12.5822,1.56,,3.5269,6.206,961254.0574,674110.3232
002383.SZ,20200805,13.0,19.8913,3.86,,3.5542,6.2541,968705.6392,679335.9846
002383.SZ,20200804,12.53,1.1902,0.23,,3.4257,6.028,933683.2046,654775.3759
002383.SZ,20200803,11.39,3.6155,0.72,,3.114,5.4796,848735.1716,595202.8357
002383.SZ,20200731,10.35,6.6357,1.44,,2.8297,4.9792,771238.7204,540855.957
002383.SZ,20200730,10.8,8.9416,2.62,,2.9527,5.1957,804770.8387,564371.4334
002383.SZ,20200729,10.71,5.3579,1.97,,2.9281,5.1524,798064.4151,559668.3381
002383.SZ,20200728,9.76,1.6501,0.59,,2.6684,4.6954,727274.3876,510024.5546
002383.SZ,20200727,9.74,2.6723,0.96,,2.6629,4.6858,725784.0712,508979.4223
002383.SZ,20200724,10.01,4.4045,1.8,,2.7367,4.8157,745903.3422,523088.7081
002383.SZ,20200723,10.28,2.9992,1.18,,2.8106,4.9455,766022.6132,537197.994
002383.SZ,20200722,10.21,1.9019,0.68,,2.7914,4.9119,760806.5059,533540.031
002383.SZ,20200721,10.26,2.1209,0.67,,2.8051,4.9359,764532.2968,536152.8617
002383.SZ,20200720,10.22,2.493,0.74,,2.7941,4.9167,761551.664,534062.5971
002383.SZ,20200717,9.84,2.6992,0.76,,2.6903,4.7339,733235.6531,514205.0837
002383.SZ,20200716,10.06,3.4536,0.89,,2.7504,4.8397,749629.1331,525701.5389
002383.SZ,20200715,10.58,3.2285,0.79,,2.8926,5.0899,788377.3587,552874.9782
002383.SZ,20200714,11.05,3.8769,0.9,,3.0211,5.316,823399.7933,577435.5869
002383.SZ,20200713,11.25,3.5521,0.8,,3.0757,5.4122,838302.957,587886.9098
002383.SZ,20200710,10.98,3.7584,0.93,,3.0019,5.2823,818183.686,573777.6239
002383.SZ,20200709,11.08,4.9227,1.47,,3.0293,5.3304,825635.2679,579003.2853
002383.SZ,20200708,11.07,4.2164,1.49,,3.0265,5.3256,824890.1097,578480.7192
002383.SZ,20200707,10.65,5.0639,2.49,,2.9117,5.1235,793593.466,556532.9412
002383.SZ,20200706,10.35,4.3009,2.77,,2.8297,4.9792,771238.7204,540855.957
002383.SZ,20200703,9.89,1.783,1.13,,2.7039,4.7579,736961.444,516817.9144
002383.SZ,20200702,9.72,1.4193,0.75,,2.6574,4.6761,724293.7548,507934.29
002383.SZ,20200701,9.61,1.5414,0.75,,2.6274,4.6232,716097.0148,502186.0625
002383.SZ,20200630,9.69,1.1223,0.52,,2.6492,4.6617,722058.2803,506366.5916
002383.SZ,20200629,9.63,1.909,0.89,,2.6328,4.6328,717587.3312,503231.1947
002383.SZ,20200624,9.95,1.9142,0.87,,2.7203,4.7868,741432.3931,519953.3113
002383.SZ,20200623,10.1,2.9245,1.16,,2.7613,4.859,752609.7658,527791.8034
002383.SZ,20200622,10.23,2.3452,0.84,,2.7969,4.9215,762296.8222,534585.1633
002383.SZ,20200619,10.18,1.6971,0.6,,2.7832,4.8974,758571.0313,531972.3326
002383.SZ,20200618,10.03,1.8583,0.61,,2.7422,4.8253,747393.6586,524133.8404
002383.SZ,20200617,10.24,2.2162,0.73,,2.7996,4.9263,763041.9804,535107.7294
002383.SZ,20200616,10.37,4.4943,1.79,,2.8352,4.9888,772729.0368,541901.0893
002383.SZ,20200615,10.26,3.7608,1.77,,2.8051,4.9359,764532.2968,536152.8617
002383.SZ,20200612,10.1,1.8254,0.92,,2.7613,4.859,752609.7658,527791.8034
002383.SZ,20200611,10.12,2.8446,1.78,,2.7668,4.8686,754100.0822,528836.9357
002383.SZ,20200610,10.12,2.251,1.51,,2.7668,4.8686,754100.0822,528836.9357
002383.SZ,20200609,9.85,1.8418,1.15,,2.693,4.7387,733980.8112,514727.6499
002383.SZ,20200608,10.11,1.8836,1.18,,2.7641,4.8638,753354.924,528314.3696
002383.SZ,20200605,9.96,1.0491,0.62,,2.7231,4.7916,742177.5513,520475.8774
002383.SZ,20200604,9.83,0.9729,0.53,,2.6875,4.7291,732490.4949,513682.5176
002383.SZ,20200603,9.87,1.7016,0.83,,2.6985,4.7483,735471.1276,515772.7822
002383.SZ,20200602,9.96,2.4048,1.38,,2.7231,4.7916,742177.5513,520475.8774
002383.SZ,20200601,9.86,1.8821,1.14,,2.6957,4.7435,734725.9694,515250.216
002383.SZ,20200529,9.74,1.5117,0.82,,2.6629,4.6858,725784.0712,508979.4223
002383.SZ,20200528,9.63,1.5968,0.93,,2.5648,4.7002,717587.3312,503231.1947
002383.SZ,20200527,9.74,2.813,1.94,,2.5941,4.7539,725784.0712,508979.4223
002383.SZ,20200526,9.35,0.9129,0.62,,2.4903,4.5636,696722.902,488599.3428
002383.SZ,20200525,9.29,1.4118,0.95,,2.4743,4.5343,692251.9529,485463.9459
002383.SZ,20200522,9.55,2.5354,2.07,,2.5435,4.6612,711626.0657,499050.6656
002383.SZ,20200521,9.28,0.9047,0.68,,2.4716,4.5294,691506.7948,484941.3798
002383.SZ,20200520,9.39,1.4889,1.25,,2.5009,4.5831,699703.5348,490689.6073
002383.SZ,20200519,9.65,1.0759,0.83,,2.5702,4.71,719077.6476,504276.327
002383.SZ,20200518,9.54,1.4345,1.04,,2.5409,4.6563,710880.9075,498528.0995
002383.SZ,20200515,9.56,1.2318,0.82,,2.5462,4.6661,712371.2239,499573.2318
002383.SZ,20200514,9.73,1.4424,0.99,,2.5915,4.749,725038.913,508456.8562
002383.SZ,20200513,9.59,0.7685,0.49,,2.5542,4.6807,714606.6985,501140.9302
002383.SZ,20200512,9.57,1.582,0.99,,2.5489,4.6709,713116.3821,500095.7979
002383.SZ,20200511,9.75,1.8547,1.21,,2.5968,4.7588,726529.2294,509501.9885
002383.SZ,20200508,9.96,1.8959,1.3,,2.6527,4.8613,742177.5513,520475.8774
002383.SZ,20200507,9.8,1.1569,0.81,,2.6101,4.7832,730255.0203,512114.8192
002383.SZ,20200506,9.96,1.3066,0.82,,2.6527,4.8613,742177.5513,520475.8774
002383.SZ,20200430,9.83,1.7397,1.17,,2.6181,4.7978,732490.4949,513682.5176
002383.SZ,20200429,9.81,1.5564,1.13,38.1807,2.4817,3.1783,731000.1785,512637.3853
002383.SZ,20200428,9.38,1.5129,1.13,36.5071,2.3729,3.039,698958.3766,490167.0412
002383.SZ,20200427,9.52,1.0695,0.74,37.052,2.4083,3.0843,709390.5912,497482.9672
002383.SZ,20200424,9.66,2.056,1.54,37.5969,2.4437,3.1297,719822.8057,504798.8932
002383.SZ,20200423,10.03,1.2377,0.93,39.0369,2.5373,3.2495,747393.6586,524133.8404
002383.SZ,20200422,10.06,0.9976,0.64,39.1537,2.5449,3.2593,749629.1331,525701.5389
002383.SZ,20200421,10.11,1.3632,0.91,39.3483,2.5576,3.2755,753354.924,528314.3696
002383.SZ,20200420,10.18,1.6,1.17,39.6207,2.5753,3.2981,758571.0313,531972.3326
002383.SZ,20200417,9.99,1.4573,1.04,38.8812,2.5272,3.2366,744413.0258,522043.5759
002383.SZ,20200416,10.05,1.2099,0.81,39.1148,2.5424,3.256,748883.9749,525178.9727
002383.SZ,20200415,10.02,2.1972,1.61,38.998,2.5348,3.2463,746648.5004,523611.2743
002383.SZ,20200414,10.24,1.0055,0.62,39.8543,2.5905,3.3176,763041.9804,535107.7294
002383.SZ,20200413,10.14,0.9958,0.59,39.465,2.5652,3.2852,755590.3986,529882.068
002383.SZ,20200410,10.19,1.5904,0.97,39.6597,2.5778,3.3014,759316.1895,532494.8987
002383.SZ,20200409,10.46,1.6772,1.1,40.7105,2.6461,3.3889,779435.4605,546604.1845
002383.SZ,20200408,10.52,1.5495,1.06,40.944,2.6613,3.4083,783906.4096,549739.5814
002383.SZ,20200407,10.5,2.2858,1.64,40.8662,2.6562,3.4018,782416.0932,548694.4491
002383.SZ,20200403,9.95,1.3292,0.88,38.7256,2.5171,3.2236,741432.3931,519953.3113
002383.SZ,20200402,10.2,1.3638,0.82,39.6986,2.5803,3.3046,760061.3477,533017.4648
002383.SZ,20200401,9.99,1.0871,0.52,38.8812,2.5272,3.2366,744413.0258,522043.5759
002383.SZ,20200331,9.94,1.2486,0.42,38.6866,2.5146,3.2204,740687.2349,519430.7451
002383.SZ,20200330,10.0,1.9579,0.54,38.9202,2.5298,3.2398,745158.184,522566.142
002383.SZ,20200327,10.48,1.868,0.42,40.7883,2.6512,3.3953,780925.7768,547649.3168
002383.SZ,20200326,10.67,2.1064,0.42,41.5278,2.6992,3.4569,795083.7823,557578.0735
002383.SZ,20200325,10.96,3.2294,0.6,42.6565,2.7726,3.5509,816693.3697,572732.4916
002383.SZ,20200324,11.0,5.6775,1.06,42.8122,2.7827,3.5638,819674.0024,574822.7562
002383.SZ,20200323,11.51,5.3373,1.02,44.7971,2.9117,3.729,857677.0698,601473.6294
002383.SZ,20200320,12.22,6.0859,1.16,47.5604,3.0914,3.9591,910583.3008,638575.8255
002383.SZ,20200319,11.83,4.651,0.87,46.0426,2.9927,3.8327,881522.1317,618195.746
002383.SZ,20200318,11.41,5.2973,1.03,44.4079,2.8864,3.6966,850225.4879,596247.968
002383.SZ,20200317,11.78,5.4152,1.16,45.848,2.98,3.8165,877796.3408,615582.9153
002383.SZ,20200316,11.16,4.6979,1.1,43.4349,2.8232,3.6157,831596.5333,583183.8145
002383.SZ,20200313,11.83,6.1199,1.78,46.0426,2.9927,3.8327,881522.1317,618195.746
002383.SZ,20200312,11.5,5.1549,1.81,44.7582,2.9092,3.7258,856931.9116,600951.0633
002383.SZ,20200311,11.18,4.3084,1.78,43.5127,2.8283,3.6221,833086.8497,584228.9468
002383.SZ,20200310,11.18,3.069,1.24,43.5127,2.8283,3.6221,833086.8497,584228.9468
002383.SZ,20200309,10.54,2.6447,1.01,41.0219,2.6664,3.4148,785396.7259,550784.7137
002383.SZ,20200306,11.08,2.0492,0.65,43.1235,2.803,3.5897,825635.2679,579003.2853
002383.SZ,20200305,11.04,2.1558,0.63,42.9679,2.7928,3.5768,822654.6351,576913.0208
002383.SZ,20200304,11.02,2.214,0.52,42.89,2.7878,3.5703,821164.3188,575867.8885
002383.SZ,20200303,10.86,3.3138,0.59,42.2673,2.7473,3.5185,809241.7878,567506.8302
002383.SZ,20200302,10.97,3.4109,0.56,42.6954,2.7751,3.5541,817438.5278,573255.0578
002383.SZ,20200228,10.73,4.5816,0.71,41.7613,2.0832,3.4763,799554.7314,560713.4704
002383.SZ,20200227,11.75,3.6902,0.52,45.7312,2.2812,3.8068,875560.8662,614015.2169
002383.SZ,20200226,11.74,6.2668,0.92,45.6923,2.2793,3.8036,874815.708,613492.6507
002383.SZ,20200225,12.35,10.3551,1.77,48.0664,2.3977,4.0012,920270.3572,645369.1854
002383.SZ,20200224,11.67,5.7153,0.96,45.4198,2.2657,3.7809,869599.6007,609834.6877
002383.SZ,20200221,11.52,6.0516,1.02,44.836,2.2366,3.7323,858422.228,601996.1956
002383.SZ,20200220,11.59,7.3076,1.14,45.1085,2.2501,3.755,863638.3353,605654.1586
002383.SZ,20200219,10.93,4.6102,0.68,42.5397,2.122,3.5411,814457.8951,571164.7932
002383.SZ,20200218,11.37,5.6027,0.89,44.2522,2.2074,3.6837,847244.8552,594157.7035
002383.SZ,20200217,11.47,6.2564,1.08,44.6414,2.2268,3.7161,854696.437,599383.3649
002383.SZ,20200214,11.1,5.9207,1.05,43.2014,2.155,3.5962,827125.5842,580048.4176
002383.SZ,20200213,11.16,9.6642,2.05,43.4349,2.1667,3.6157,831596.5333,583183.8145
002383.SZ,20200212,11.0,6.4831,1.5,42.8122,2.1356,3.5638,819674.0024,574822.7562
002383.SZ,20200211,10.0,3.2747,0.69,38.9202,1.9415,3.2398,745158.184,522566.142
002383.SZ,20200210,10.37,3.6014,0.89,40.3602,2.0133,3.3597,772729.0368,541901.0893
002383.SZ,20200207,10.46,5.0445,1.19,40.7105,2.0308,3.3889,779435.4605,546604.1845
002383.SZ,20200206,10.38,5.2066,1.32,40.3991,2.0152,3.3629,773474.195,542423.6554
002383.SZ,20200205,9.63,4.4278,1.08,37.4801,1.8696,3.12,717587.3312,503231.1947
002383.SZ,20200204,9.08,5.432,1.54,35.3395,1.7628,2.9418,676603.6311,474490.0569
002383.SZ,20200203,9.61,0.2237,0.06,37.4023,1.8657,3.1135,716097.0148,502186.0625
002383.SZ,20200123,10.68,5.8867,1.99,41.5667,2.0735,3.4601,795828.9405,558100.6397
002383.SZ,20200122,10.55,3.7129,1.52,41.0608,2.0482,3.418,786141.8841,551307.2798
002383.SZ,20200121,10.43,5.2194,2.81,40.5937,2.0249,3.3791,777199.9859,545036.4861
002383.SZ,20200120,9.96,2.5983,1.48,38.7645,1.9337,3.2269,742177.5513,520475.8774
002383.SZ,20200117,9.59,1.2464,0.7,37.3244,1.8619,3.107,714606.6985,501140.9302
002383.SZ,20200116,9.71,1.9862,1.14,37.7915,1.8852,3.1459,723548.5967,507411.7239
002383.SZ,20200115,9.58,1.1375,0.56,37.2855,1.8599,3.1038,713861.5403,500618.364
002383.SZ,20200114,9.68,2.3207,1.14,37.6747,1.8793,3.1362,721313.1221,505844.0255
002383.SZ,20200113,9.88,2.0646,0.91,38.4531,1.9182,3.201,736216.2858,516295.3483
002383.SZ,20200110,9.89,1.4419,0.6,38.492,1.9201,3.2042,736961.444,516817.9144
002383.SZ,20200109,9.94,1.7802,0.73,38.6866,1.9298,3.2204,740687.2349,519430.7451
002383.SZ,20200108,9.97,2.5879,1.19,38.8034,1.9356,3.2301,742922.7094,520998.4436
002383.SZ,20200107,10.01,2.3284,1.1,38.9591,1.9434,3.2431,745903.3422,523088.7081
002383.SZ,20200106,9.93,3.18,1.59,38.6477,1.9279,3.2172,739942.0767,518908.179
002383.SZ,20200103,9.81,2.1427,1.16,38.1807,1.9046,3.1783,731000.1785,512637.3853
002383.SZ,20200102,9.61,1.9747,1.22,37.4023,1.8657,3.1135,716097.0148,502186.0625
002383.SZ,20191231,9.32,1.2451,0.83,36.2736,1.8094,3.0195,694487.4275,487031.6443
002383.SZ,20191230,9.39,2.063,1.57,36.546,1.823,3.0422,699703.5348,490689.6073
002383.SZ,20191227,9.58,2.5628,2.49,37.2855,1.8599,3.1038,713861.5403,500618.364
002383.SZ,20191226,9.54,1.385,1.35,37.1298,1.8521,3.0908,710880.9075,498528.0995
002383.SZ,20191225,9.62,0.8515,0.62,37.4412,1.8677,3.1167,716842.173,502708.6286
002383.SZ,20191224,9.62,0.6718,0.42,37.4412,1.8677,3.1167,716842.173,502708.6286
002383.SZ,20191223,9.51,1.0857,0.66,37.0131,1.8463,3.0811,708645.433,496960.401
002383.SZ,20191220,9.65,1.1515,0.71,37.558,1.8735,3.1264,719077.6476,504276.327
002383.SZ,20191219,9.84,1.386,0.93,38.2974,1.9104,3.188,733235.6531,514205.0837
002383.SZ,20191218,9.99,2.5597,2.26,38.8812,1.9395,3.2366,744413.0258,522043.5759
002383.SZ,20191217,9.72,1.7498,1.86,37.8304,1.8871,3.1491,724293.7548,507934.29
002383.SZ,20191216,9.6,1.4142,1.64,37.3634,1.8638,3.1102,715351.8566,501663.4963
002383.SZ,20191213,9.31,0.9855,1.16,36.2347,1.8075,3.0163,693742.2693,486509.0782
002383.SZ,20191212,9.3,0.7616,0.87,36.1958,1.8056,3.013,692997.1111,485986.5121
002383.SZ,20191211,9.24,0.7465,0.76,35.9622,1.7939,2.9936,688526.162,482851.1152
002383.SZ,20191210,9.35,0.8012,0.7,36.3904,1.8153,3.0292,696722.902,488599.3428
002383.SZ,20191209,9.41,1.0259,0.92,36.6239,1.8269,3.0487,701193.8511,491734.7396
002383.SZ,20191206,9.28,0.8957,0.86,36.1179,1.8017,3.0066,691506.7948,484941.3798
002383.SZ,20191205,9.28,0.9283,0.94,36.1179,1.8017,3.0066,691506.7948,484941.3798
002383.SZ,20191204,9.19,1.2877,1.29,35.7676,1.7842,2.9774,684800.3711,480238.2845
002383.SZ,20191203,9.0,1.5624,1.97,35.0282,1.7473,2.9158,670642.3656,470309.5278
002383.SZ,20191202,9.07,0.9305,1.13,35.3006,1.7609,2.9385,675858.4729,473350.8868
002383.SZ,20191129,9.25,0.5097,0.57,36.0012,1.7958,2.9968,689271.3202,482922.496
002383.SZ,20191128,9.24,0.6551,0.68,35.9622,1.7939,2.9936,688526.162,482400.4176
002383.SZ,20191127,9.28,1.3472,1.67,36.1179,1.8017,3.0066,691506.7948,484488.7311
002383.SZ,20191126,9.5,0.5224,0.66,36.9742,1.8444,3.0778,707900.2748,495974.4553
002383.SZ,20191125,9.59,1.0745,1.58,37.3244,1.8619,3.107,714606.6985,500673.1607
002383.SZ,20191122,9.88,0.844,1.39,38.4531,1.9182,3.201,736216.2858,515813.4335
002383.SZ,20191121,10.0,1.0252,1.95,38.9202,1.9415,3.2398,745158.184,522078.374
002383.SZ,20191120,10.15,0.5676,1.0,39.504,1.9706,3.2884,756335.5568,529909.5496
002383.SZ,20191119,10.26,0.4612,0.77,39.9321,1.9919,3.3241,764532.2968,535652.4117
002383.SZ,20191118,10.2,0.4945,0.69,39.6986,1.9803,3.3046,760061.3477,529687.4525
002383.SZ,20191115,10.35,0.5025,0.66,40.2824,2.0094,3.3532,771238.7204,537476.9738
002383.SZ,20191114,10.48,0.6117,0.75,40.7883,2.0346,3.3953,780925.7768,544227.8924
002383.SZ,20191113,10.31,0.8269,0.79,40.1267,2.0016,3.3403,768258.0877,505492.4346
002383.SZ,20191112,10.14,0.6473,0.6,39.465,1.9686,3.2852,755590.3986,497157.4478
002383.SZ,20191111,10.3,1.153,1.12,40.0878,1.9997,3.337,767512.9295,505002.1412
002383.SZ,20191108,10.79,0.7411,0.63,41.9949,2.0948,3.4958,804025.6805,529026.5149
002383.SZ,20191107,10.78,0.93,0.76,41.9559,2.0929,3.4925,803280.5224,528536.2216
002383.SZ,20191106,10.87,1.7363,1.52,42.3062,2.1104,3.5217,809986.946,532948.8617
002383.SZ,20191105,10.71,0.8735,0.64,41.6835,2.0793,3.4699,798064.4151,525104.1682
002383.SZ,20191104,10.63,0.846,0.58,41.3721,2.0638,3.4439,792103.1496,521181.8215
002383.SZ,20191101,10.71,1.513,1.15,41.6835,2.0793,3.4699,798064.4151,525104.1682
002383.SZ,20191031,10.71,1.1618,0.93,41.6835,2.0793,3.4699,798064.4151,525104.1682
002383.SZ,20191030,10.48,1.3041,1.07,40.7883,2.0346,3.3953,780925.7768,513827.4214
002383.SZ,20191029,10.7,1.9773,1.96,41.6446,2.0774,3.4666,797319.2569,524613.8749
002383.SZ,20191028,10.84,1.3273,1.36,42.1895,2.0965,3.512,807751.4715,531477.9816
002383.SZ,20191025,10.63,0.7888,0.79,41.3721,2.0559,3.4439,792103.1496,521181.8215
002383.SZ,20191024,10.69,0.8205,0.83,41.6057,2.0675,3.4634,796574.0987,524123.5815
002383.SZ,20191023,10.81,1.1649,1.21,42.0727,2.0907,3.5023,805515.9969,530007.1016
002383.SZ,20191022,10.77,0.9498,1.01,41.917,2.083,3.4893,802535.3642,528045.9283
002383.SZ,20191021,10.68,1.2218,1.22,41.5667,2.0656,3.4601,795828.9405,488192.7805
002383.SZ,20191018,10.39,1.018,1.05,40.4381,2.0095,3.3662,774219.3532,474936.6095
002383.SZ,20191017,10.54,0.7991,0.79,41.0219,2.0385,3.4148,785396.7259,481793.2496
002383.SZ,20191016,10.57,1.0879,1.18,41.1386,2.0443,3.4245,787632.2005,483164.5777
002383.SZ,20191015,10.56,0.9315,1.09,41.0997,2.0424,3.4213,786887.0423,482707.4683
002383.SZ,20191014,10.67,1.1524,1.41,41.5278,2.0637,3.4569,795083.7823,487735.6711
002383.SZ,20191011,10.39,0.8917,1.06,40.4381,2.0095,3.3662,774219.3532,474936.6095
002383.SZ,20191010,10.48,1.0091,1.0,40.7883,2.0269,3.3953,780925.7768,479050.5936
002383.SZ,20191009,10.28,0.615,0.46,40.0099,1.9882,3.3305,766022.6132,469908.4067
002383.SZ,20191008,10.2,0.618,0.37,39.6986,1.9728,3.3046,760061.3477,466251.5319
002383.SZ,20190930,10.2,0.9599,0.45,39.6986,1.9728,3.3046,760061.3477,466251.5319
002383.SZ,20190927,10.4,1.0123,0.43,40.477,2.0114,3.3694,774964.5114,475393.7188
002383.SZ,20190926,10.43,1.8207,0.76,40.5937,2.0172,3.3791,777199.9859,476765.0468
002383.SZ,20190925,10.78,2.2384,0.92,41.9559,2.0849,3.4925,803280.5224,492763.8739
002383.SZ,20190924,11.28,2.319,0.81,43.9019,2.1816,3.6545,840538.4316,515619.3412
002383.SZ,20190923,11.45,3.2362,0.95,44.5636,2.2145,3.7096,853206.1207,523390.2
002383.SZ,20190920,11.18,2.1541,0.52,43.5127,2.1623,3.6221,833086.8497,511048.2477
002383.SZ,20190919,11.46,2.1042,0.46,44.6025,2.2165,3.7128,853951.2789,523847.3094
002383.SZ,20190918,11.26,2.3955,0.53,43.8241,2.1778,3.648,839048.1152,514705.1225
002383.SZ,20190917,11.41,4.4405,1.06,44.4079,2.2068,3.6966,850225.4879,521561.7626
002383.SZ,20190916,11.99,5.8887,1.73,46.6653,2.319,3.8846,893444.6626,548074.1047
002383.SZ,20190912,11.55,6.0572,2.31,44.9528,2.2339,3.742,860657.7025,527961.2935
002383.SZ,20190911,11.02,3.8542,1.72,42.89,2.1314,3.5703,821164.3188,503734.4982
002383.SZ,20190910,11.07,2.2179,0.98,43.0846,2.141,3.5865,824890.1097,506020.0449
002383.SZ,20190909,11.13,2.9378,1.4,43.3181,2.1526,3.6059,829361.0588,508762.701
002383.SZ,20190906,10.74,1.9571,0.97,41.8003,2.0772,3.4796,800299.8896,490935.4365
002383.SZ,20190905,10.57,2.1436,1.16,41.1386,2.0443,3.4245,787632.2005,483164.5777
002383.SZ,20190904,10.59,1.9381,1.03,41.2165,2.0482,3.431,789122.5169,484078.7964
002383.SZ,20190903,10.59,2.2916,1.25,41.2165,2.0482,3.431,789122.5169,484078.7964
002383.SZ,20190902,10.37,2.1374,1.26,40.3602,2.0056,3.3597,772729.0368,474022.3908
002383.SZ,20190830,9.98,1.5376,0.93,38.8423,1.9302,3.2334,743667.8676,456195.1263
002383.SZ,20190829,10.21,1.3264,0.84,39.7375,1.9747,3.3079,760806.5059,466708.6412
002383.SZ,20190828,10.3,2.1405,1.53,40.0878,1.9921,3.337,767512.9295,470822.6254
002383.SZ,20190827,10.24,1.9003,1.55,39.8543,1.9846,3.3176,763041.9804,497784.2463
002383.SZ,20190826,9.94,1.3391,0.95,38.6866,1.9264,3.2204,740687.2349,483200.7234
002383.SZ,20190823,9.93,1.2432,0.88,38.6477,1.9245,3.2172,739942.0767,482714.606
002383.SZ,20190822,10.06,0.9316,0.62,39.1537,1.9497,3.2593,749629.1331,489034.1326
002383.SZ,20190821,10.1,1.152,0.68,39.3094,1.9574,3.2722,752609.7658,490978.6023
002383.SZ,20190820,10.12,1.4718,0.73,39.3872,1.9613,3.2787,754100.0822,491950.8371
002383.SZ,20190819,10.19,2.2188,1.28,39.6597,1.9749,3.3014,759316.1895,495353.6591
002383.SZ,20190816,9.86,1.2693,0.77,38.3753,1.9109,3.1945,734725.9694,479311.784
002383.SZ,20190815,9.96,1.3863,0.8,38.7645,1.9303,3.2269,742177.5513,484172.9583
002383.SZ,20190814,9.96,2.1146,1.44,38.7645,1.9303,3.2269,742177.5513,484172.9583
002383.SZ,20190813,10.05,3.1072,2.51,39.1148,1.9478,3.256,748883.9749,488548.0151
002383.SZ,20190812,9.43,0.7565,0.59,36.7017,1.8276,3.0552,702684.1675,458408.7346
002383.SZ,20190809,9.24,0.8368,0.61,35.9622,1.7908,2.9936,688526.162,449172.5035
002383.SZ,20190808,9.38,1.8442,1.46,36.5071,1.8179,3.039,698958.3766,455978.1475
002383.SZ,20190807,9.16,0.7747,0.53,35.6509,1.7753,2.9677,682564.8965,445283.564
002383.SZ,20190806,9.22,1.9661,1.46,35.8844,1.7869,2.9871,687035.8456,448200.2686
002383.SZ,20190805,9.85,0.9884,0.77,38.3364,1.909,3.1912,733980.8112,478825.6666
002383.SZ,20190802,9.89,1.3035,1.06,38.492,1.9167,3.2042,736961.444,480770.1363
002383.SZ,20190801,10.09,1.2973,1.09,39.2704,1.9555,3.269,751864.6077,490492.4849
002383.SZ,20190731,10.25,1.8201,1.62,39.8932,1.9865,3.3208,763787.1386,498270.3637
002383.SZ,20190730,10.51,1.3467,1.31,40.9051,2.0369,3.4051,783161.2514,510909.4168
002383.SZ,20190729,10.59,0.6111,0.47,41.2165,2.0524,3.431,789122.5169,514798.3563
002383.SZ,20190726,10.57,1.0919,0.67,41.1386,2.0485,3.4245,787632.2005,513826.1214
002383.SZ,20190725,10.74,1.0561,0.64,41.8003,2.0815,3.4796,800299.8896,522090.1177
002383.SZ,20190724,10.79,1.5027,0.83,41.9949,2.0912,3.4958,804025.6805,524520.7048
002383.SZ,20190723,10.72,0.8744,0.46,41.7224,2.0776,3.4731,798809.5732,521117.8828
002383.SZ,20190722,10.62,1.9333,1.06,41.3332,2.0582,3.4407,791357.9914,516256.7085
002383.SZ,20190719,10.99,2.7967,1.89,42.7733,2.1299,3.5606,818928.8442,534243.0534
002383.SZ,20190718,10.51,1.1814,0.8,40.9051,2.0369,3.4051,783161.2514,510909.4168
002383.SZ,20190717,10.75,2.3008,1.62,41.8392,2.0834,3.4828,801045.0478,522576.2351
002383.SZ,20190716,10.55,1.2414,0.87,41.0608,2.0447,3.418,786141.8841,512853.8865
002383.SZ,20190715,10.65,1.6217,1.13,41.45,2.064,3.4504,793593.466,517715.0608
002383.SZ,20190712,10.58,1.0474,0.69,41.1775,2.0505,3.4277,788377.3587,514312.2388
002383.SZ,20190711,10.66,1.2117,0.77,41.4889,2.066,3.4537,794338.6241,518201.1782
002383.SZ,20190710,10.77,1.9829,1.24,41.917,2.0873,3.4893,802535.3642,523548.47
002383.SZ,20190709,10.62,1.298,0.63,41.3332,2.0582,3.4407,791357.9914,516256.7085
002383.SZ,20190708,10.62,1.6467,0.67,41.3332,2.0582,3.4407,791357.9914,516256.7085
002383.SZ,20190705,11.08,1.4399,0.45,43.1235,2.1474,3.5897,825635.2679,538618.1102
002383.SZ,20190704,10.93,1.4705,0.42,42.5397,2.1183,3.5411,814457.8951,531326.3488
002383.SZ,20190703,10.86,2.1533,0.63,42.2673,2.1047,3.5185,809241.7878,527923.5268
002383.SZ,20190702,11.09,3.6571,1.08,43.1625,2.1493,3.593,826380.4261,539104.2277
002383.SZ,20190701,11.44,3.5844,1.17,44.5247,2.2171,3.7064,852460.9625,556118.3376
002383.SZ,20190628,11.36,5.1498,1.97,44.2133,2.2016,3.6804,846499.697,552229.3982
002383.SZ,20190627,11.88,2.869,1.19,46.2372,2.3024,3.8489,885247.9226,577507.5045
002383.SZ,20190626,11.53,1.8594,0.77,44.875,2.2346,3.7355,859167.3862,560493.3945
002383.SZ,20190625,11.55,3.4815,1.77,44.9528,2.2385,3.742,860657.7025,561465.6293
002383.SZ,20190624,11.22,1.996,1.07,43.6684,2.1745,3.6351,836067.4824,545423.7542
002383.SZ,20190621,11.15,2.8749,1.7,43.396,2.1609,3.6124,830851.3752,542020.9322
002383.SZ,20190620,10.73,1.8403,1.16,41.7613,2.0795,3.4763,799554.7314,521604.0002
002383.SZ,20190619,10.6,1.9449,1.22,41.2554,2.0543,3.4342,789867.675,515284.4737
002383.SZ,20190618,10.45,1.2026,0.68,40.6716,2.0253,3.3856,778690.3023,507992.7123
002383.SZ,20190617,10.44,1.4589,0.85,40.6327,2.0233,3.3824,777945.1441,507506.5948
002383.SZ,20190614,10.61,2.0037,1.14,41.2943,2.0563,3.4375,790612.8332,515770.5911
002383.SZ,20190613,11.03,1.3206,0.72,42.9289,2.1377,3.5735,821909.477,536187.5231
002383.SZ,20190612,11.07,1.9914,1.06,43.0846,2.1454,3.5865,824890.1097,538131.9928
002383.SZ,20190611,11.34,2.0574,1.08,44.1355,2.1978,3.674,845009.3807,551257.1634
002383.SZ,20190610,11.11,1.2163,0.57,43.2403,2.1532,3.5995,827870.7424,540076.4625
002383.SZ,20190606,10.98,2.2265,0.9,42.7343,2.128,3.5573,818183.686,533756.9359
002383.SZ,20190605,11.49,1.7009,0.64,44.7193,2.2268,3.7226,856186.7534,558548.9248
002383.SZ,20190604,11.48,2.1896,0.77,44.6804,2.2249,3.7193,855441.5952,558062.8073
002383.SZ,20190603,11.74,2.2088,0.69,45.6923,2.2753,3.8036,874815.708,570701.8605
002383.SZ,20190531,12.06,2.3764,0.65,46.9377,2.3373,3.9072,898660.7699,586257.6182
002383.SZ,20190530,12.05,3.9395,0.91,46.8988,2.3354,3.904,897915.6117,585771.5007
002383.SZ,20190529,12.5,2.6674,0.48,48.6502,2.4226,4.0498,931447.73,607646.785
002383.SZ,20190528,12.36,3.031,0.53,48.1053,2.3954,4.0044,921015.5154,600841.141
002383.SZ,20190527,12.59,4.0581,0.74,49.0005,2.44,4.0789,938154.1537,612021.8419
002383.SZ,20190524,11.99,4.6181,0.93,46.6653,2.3237,3.8846,893444.6626,582854.7962
002383.SZ,20190523,12.96,7.1976,1.79,50.4405,2.5117,4.1988,965725.0065,630008.1867
002383.SZ,20190522,12.65,8.8783,3.51,49.234,2.4517,4.0984,942625.1028,614938.5464
002383.SZ,20190521,12.71,4.0759,2.03,49.4675,2.4633,4.1178,947096.0519,617855.251
002383.SZ,20190520,11.55,2.7608,1.53,44.9528,2.2385,3.742,860657.7025,561465.6293
002383.SZ,20190517,11.02,1.9695,1.0,42.89,2.1357,3.5703,821164.3188,535701.4057
002383.SZ,20190516,11.28,2.4544,1.31,43.9019,2.1861,3.6545,840538.4316,548340.4588
002383.SZ,20190515,11.05,1.3869,0.69,43.0068,2.1416,3.58,823399.7933,537159.7579
002383.SZ,20190514,10.95,1.451,0.64,42.6176,2.1222,3.5476,815948.2115,532298.5837
002383.SZ,20190513,11.01,1.7784,0.75,42.8511,2.1338,3.5671,820419.1606,535215.2882
002383.SZ,20190510,11.12,2.7687,1.33,43.2792,2.1551,3.6027,828615.9006,540562.5799
002383.SZ,20190509,10.5,1.9788,0.91,40.8662,2.035,3.4018,782416.0932,510423.2994
002383.SZ,20190508,10.48,2.0467,0.95,40.7883,2.0311,3.3953,780925.7768,509451.0645
002383.SZ,20190507,10.35,2.6782,1.29,40.2824,2.0059,3.3532,771238.7204,503131.538
002383.SZ,20190506,10.5,2.3601,1.15,40.8662,2.035,3.4018,782416.0932,510423.2994
002383.SZ,20190430,11.65,1.3809,0.63,45.342,2.2578,3.7744,868109.2844,566326.8036
002383.SZ,20190429,11.61,2.465,1.1,45.1863,2.2375,3.7614,865128.6516,564382.3339
002383.SZ,20190426,12.37,1.915,0.87,48.1442,2.384,4.0077,921760.6736,601327.2584
002383.SZ,20190425,12.77,2.2318,1.06,49.7011,2.4611,4.1373,951567.001,620771.9556
002383.SZ,20190424,13.28,2.2261,1.02,51.686,2.5594,4.3025,989570.0684,645563.9444
002383.SZ,20190423,13.42,2.1076,0.9,52.2309,2.5863,4.3479,1000002.2829,652369.5884
002383.SZ,20190422,13.87,2.7028,1.14,53.9823,2.6731,4.4936,1033534.4012,674244.8726
002383.SZ,20190419,13.87,1.6976,0.72,42.721,2.6698,4.5178,1033534.4012,674244.8726
002383.SZ,20190418,13.85,1.7931,0.73,42.6594,2.6659,4.5113,1032044.0848,673272.6378
002383.SZ,20190417,13.98,2.6538,1.1,43.0598,2.6909,4.5536,1041731.1412,679592.1643
002383.SZ,20190416,13.92,2.8576,1.18,42.875,2.6794,4.5341,1037260.1921,676675.4598
002383.SZ,20190415,13.61,2.8453,0.98,41.9201,2.6197,4.4331,1014160.2884,661605.8195
002383.SZ,20190412,13.51,1.5724,0.43,41.6121,2.6005,4.4005,1006708.7066,656744.6452
002383.SZ,20190411,13.61,2.3074,0.53,41.9201,2.6197,4.4331,1014160.2884,661605.8195
002383.SZ,20190410,13.52,2.5212,0.43,41.6429,2.6024,4.4038,1007453.8648,657230.7627
002383.SZ,20190409,13.61,2.8129,0.38,41.9201,2.6197,4.4331,1014160.2884,661605.8195
002383.SZ,20190408,13.7,5.2996,0.76,42.1974,2.6371,4.4624,1020866.7121,665980.8764
002383.SZ,20190404,14.25,5.5567,0.88,43.8914,2.7429,4.6416,1061850.4122,692717.3349
002383.SZ,20190403,14.21,5.72,1.01,43.7682,2.7352,4.6285,1058869.7795,690772.8652
002383.SZ,20190402,14.4,9.926,2.23,44.3534,2.7718,4.6904,1073027.785,700009.0963
002383.SZ,20190401,13.9,10.6528,3.26,42.8134,2.6755,4.5276,1035769.8758,675703.2249
002383.SZ,20190329,13.81,3.0964,1.02,42.5362,2.622,4.4982,1029063.4521,671328.1681
002383.SZ,20190328,13.51,2.2055,0.73,41.6121,2.5651,4.4005,1006708.7066,656744.6452
002383.SZ,20190327,13.59,2.3439,0.78,41.8585,2.5802,4.4266,1012669.9721,660633.5847
002383.SZ,20190326,13.57,3.9825,1.48,41.7969,2.5765,4.4201,1011179.6557,659661.3498
002383.SZ,20190325,14.18,4.6968,2.18,43.6758,2.6923,4.6188,1056634.3049,689314.5129
002383.SZ,20190322,14.57,1.9436,0.83,44.877,2.7663,4.7458,1085695.4741,708273.0926
002383.SZ,20190321,14.59,2.0939,0.76,44.9386,2.7701,4.7523,1087185.7905,709245.3275
002383.SZ,20190320,14.48,2.2499,0.68,44.5998,2.7492,4.7165,1078989.0504,703898.0357
002383.SZ,20190319,14.73,2.4678,0.62,45.3699,2.7967,4.7979,1097618.005,716050.9714
002383.SZ,20190318,14.65,2.0064,0.43,45.1234,2.7815,4.7718,1091656.7396,712162.032
002383.SZ,20190315,14.43,2.833,0.5,44.4458,2.7397,4.7002,1075263.2595,701467.4486
002383.SZ,20190314,14.26,4.2608,0.71,43.9222,2.7075,4.6448,1062595.5704,693203.4523
002383.SZ,20190313,15.01,4.8815,0.82,46.2323,2.8499,4.8891,1118482.4342,729662.2594
002383.SZ,20190312,15.6,5.8813,1.02,48.0495,2.9619,5.0813,1162446.767,758343.1877
002383.SZ,20190311,15.35,5.4069,0.96,47.2795,2.9144,4.9999,1143817.8124,746190.252
002383.SZ,20190308,14.83,8.1132,1.69,45.6779,2.8157,4.8305,1105069.5869,720912.1457
002383.SZ,20190307,14.77,5.8195,1.24,45.4931,2.8043,4.8109,1100598.6378,717995.4412
002383.SZ,20190306,14.43,4.4704,0.95,44.4458,2.7397,4.7002,1075263.2595,701467.4486
002383.SZ,20190305,14.41,4.9581,1.04,44.3842,2.7359,4.6937,1073772.9431,700495.2137
002383.SZ,20190304,13.89,4.7456,0.98,42.7826,2.6372,4.5243,1035024.7176,675217.1075
002383.SZ,20190301,13.79,4.0758,0.86,42.4746,2.6182,4.4917,1027573.1357,670355.9332
002383.SZ,20190228,14.04,5.1503,1.14,43.2446,2.6657,4.5732,1046202.0903,682508.8689
002383.SZ,20190227,13.6,4.6734,1.08,41.8893,2.5538,4.4298,1013415.1302,661119.7021
002383.SZ,20190226,13.52,5.1663,1.18,41.6429,2.5388,4.4038,1007453.8648,657230.7627
002383.SZ,20190225,13.7,5.2668,1.31,42.1974,2.5726,4.4624,1020866.7121,665980.8764
002383.SZ,20190222,13.0,3.4334,0.91,40.0413,2.4411,4.2344,968705.6392,631952.6564
002383.SZ,20190221,12.67,4.027,1.09,39.0249,2.3792,4.1269,944115.4191,615910.7813
002383.SZ,20190220,13.07,3.7158,1.01,40.2569,2.4543,4.2572,973921.7465,635355.4784
002383.SZ,20190219,13.18,5.4784,1.83,40.5957,2.4749,4.293,982118.4865,640702.7701
002383.SZ,20190218,12.56,3.4233,1.24,38.686,2.3585,4.0911,935918.6791,610563.4896
002383.SZ,20190215,12.08,2.3241,0.88,37.2076,2.2684,3.9347,900151.0863,587229.853
002383.SZ,20190214,12.06,3.6154,1.54,37.146,2.2646,3.9282,898660.7699,586257.6182
002383.SZ,20190213,12.11,3.6108,1.85,37.3,2.274,3.9445,902386.5608,588688.2053
002383.SZ,20190212,11.79,1.9878,0.93,36.3144,2.2139,3.8403,878541.4989,573132.4476
002383.SZ,20190211,11.79,2.2248,1.09,36.3144,2.2139,3.8403,878541.4989,573132.4476
002383.SZ,20190201,11.43,1.7231,0.87,35.2055,2.1463,3.723,851715.8043,555632.2202
002383.SZ,20190131,10.87,2.208,1.11,33.4807,2.0412,3.5406,809986.946,528409.6442
002383.SZ,20190130,11.14,1.6413,0.86,34.3123,2.0919,3.6286,830106.217,541534.8148
002383.SZ,20190129,11.19,2.9194,1.43,34.4663,2.1012,3.6448,833832.0079,543965.4019
002383.SZ,20190128,11.7,1.7387,0.83,36.0372,2.197,3.811,871835.0753,568757.3908
002383.SZ,20190125,11.99,1.4276,0.64,36.9304,2.2515,3.9054,893444.6626,582854.7962
002383.SZ,20190124,12.08,2.1745,0.98,37.2076,2.2684,3.9347,900151.0863,587229.853
002383.SZ,20190123,12.0,1.3147,0.56,36.9612,2.2533,3.9087,894189.8208,583340.9136
002383.SZ,20190122,12.04,3.554,1.61,37.0844,2.2609,3.9217,897170.4535,585285.3833
002383.SZ,20190121,12.64,2.0171,0.76,38.9324,2.3735,4.1171,941879.9446,614452.429
002383.SZ,20190118,12.75,2.0863,0.65,39.2713,2.3942,4.153,950076.6846,619799.7207
002383.SZ,20190117,12.45,2.0738,0.58,38.3472,2.3378,4.0553,927721.9391,605216.1979
002383.SZ,20190116,12.69,2.0255,0.5,39.0865,2.3829,4.1334,945605.7355,616883.0161
002383.SZ,20190115,12.87,2.8093,0.64,39.6409,2.4167,4.1921,959018.5828,625633.1298
002383.SZ,20190114,12.68,4.2297,0.83,39.0557,2.381,4.1302,944860.5773,616396.8987
002383.SZ,20190111,13.38,4.8388,0.9,41.2117,2.5125,4.3582,997021.6502,650425.1187
002383.SZ,20190110,12.79,4.0566,0.77,39.3945,2.4017,4.166,953057.3173,621744.1904
002383.SZ,20190109,12.62,4.3922,0.8,38.8708,2.3698,4.1106,940389.6282,613480.1941
002383.SZ,20190108,12.63,4.3921,0.82,38.9016,2.3716,4.1139,941134.7864,613966.3116
002383.SZ,20190107,12.69,7.7625,1.93,39.0865,2.3829,4.1334,945605.7355,616883.0161
002383.SZ,20190104,11.95,6.2892,2.08,36.8072,2.244,3.8924,890464.0299,580910.3265
002383.SZ,20190103,10.86,3.4161,1.3,33.4499,2.0393,3.5374,809241.7878,527923.5268
002383.SZ,20190102,10.9,5.4687,2.95,33.5731,2.0468,3.5504,812222.4206,529867.9965
002383.SZ,20181228,11.83,3.8173,2.54,36.4376,2.2214,3.8533,881522.1317,575076.9173
002383.SZ,20181227,11.27,1.1382,0.72,34.7127,2.1163,3.6709,839793.2734,547854.3414
002383.SZ,20181226,11.39,1.2735,0.79,35.0823,2.1388,3.71,848735.1716,553687.7505
002383.SZ,20181225,11.5,1.4825,0.96,35.4211,2.1595,3.7458,856931.9116,559035.0422
002383.SZ,20181224,11.68,1.5688,1.12,35.9756,2.1933,3.8044,870344.7589,567785.1559
002383.SZ,20181221,11.44,2.0483,1.67,35.2363,2.1482,3.7263,852460.9625,556118.3376
002383.SZ,20181220,11.94,1.5439,1.31,36.7764,2.2421,3.8891,889718.8717,580424.209
002383.SZ,20181219,11.99,1.4381,1.22,36.9304,2.2515,3.9054,893444.6626,582854.7962
002383.SZ,20181218,12.39,1.1064,0.91,38.1624,2.3266,4.0357,923250.99,602299.4933
002383.SZ,20181217,12.56,0.8648,0.56,38.686,2.3585,4.0911,935918.6791,610563.4896
002383.SZ,20181214,12.69,1.1626,0.79,39.0865,2.3829,4.1334,945605.7355,616883.0161
002383.SZ,20181213,12.96,1.332,0.93,39.9181,2.4336,4.2214,965725.0065,630008.1867
002383.SZ,20181212,12.92,1.4097,1.03,39.7949,2.4261,4.2083,962744.3737,628063.717
002383.SZ,20181211,12.56,1.3157,1.0,38.686,2.3585,4.0911,935918.6791,610563.4896
002383.SZ,20181210,12.29,2.541,2.08,37.8544,2.3078,4.0031,915799.4081,597438.319
002383.SZ,20181207,12.94,0.737,0.55,39.8565,2.4299,4.2149,964234.6901,629035.9518
002383.SZ,20181206,12.95,1.1529,0.86,39.8873,2.4317,4.2181,964979.8483,629522.0693
002383.SZ,20181205,13.35,1.1292,0.87,41.1193,2.5068,4.3484,994786.1756,648966.7664
002383.SZ,20181204,13.68,1.043,0.82,42.1358,2.5688,4.4559,1019376.3957,665008.6415
002383.SZ,20181203,13.68,2.0581,2.03,42.1358,2.5688,4.4559,1019376.3957,665008.6415
002383.SZ,20181130,13.29,1.3065,1.32,40.9345,2.4956,4.3289,990315.2265,646050.0618
002383.SZ,20181129,13.57,1.1725,1.3,41.7969,2.5482,4.4201,1011179.6557,659661.3498
002383.SZ,20181128,14.02,0.878,0.81,43.183,2.6327,4.5666,1044711.774,681536.6341
002383.SZ,20181127,13.89,0.9305,0.6,42.7826,2.6082,4.5243,1035024.7176,675217.1075
002383.SZ,20181126,13.67,0.7907,0.46,42.1049,2.5669,4.4526,1018631.2375,664522.5241
002383.SZ,20181123,13.57,1.1742,0.6,41.7969,2.5482,4.4201,1011179.6557,659661.3498
002383.SZ,20181122,14.04,0.7513,0.36,43.2446,2.6364,4.5732,1046202.0903,682508.8689
002383.SZ,20181121,14.17,1.758,0.86,43.645,2.6608,4.6155,1055889.1467,688828.3955
002383.SZ,20181120,14.31,3.3206,1.84,44.0762,2.6871,4.6611,1066321.3613,695634.0395
002383.SZ,20181119,14.19,1.5796,0.89,43.7066,2.6646,4.622,1057379.4631,689800.6303
002383.SZ,20181116,14.36,2.3584,1.55,44.0854,2.7014,4.6621,1066543.1916,698064.6266
002383.SZ,20181115,14.2,1.2966,0.85,43.5942,2.6713,4.6101,1054659.702,690352.863
002383.SZ,20181114,13.96,1.7183,1.06,42.8574,2.6262,4.5322,1036834.4676,678684.9272
002383.SZ,20181113,13.89,2.0732,1.2,42.6425,2.613,4.5095,1031635.4409,670908.9295
002383.SZ,20181112,13.78,1.406,0.75,42.3048,2.5923,4.4738,1023465.5418,665595.7559
002383.SZ,20181109,13.51,1.1764,0.52,41.4759,2.5415,4.3861,1003412.1531,644589.7388
002383.SZ,20181108,13.45,1.3597,0.55,41.2917,2.5302,4.3666,998955.8445,641727.016
002383.SZ,20181107,13.63,2.1973,0.96,41.8443,2.5641,4.4251,1012324.7703,650315.1843
002383.SZ,20181106,13.75,2.5611,1.23,42.2127,2.5867,4.464,1021237.3875,656040.6298
002383.SZ,20181105,13.26,2.1413,1.14,40.7084,2.4945,4.3049,984844.2006,632661.7273
002383.SZ,20181102,13.13,3.0243,1.8,40.3093,2.47,4.2627,975188.8653,626459.1614
002383.SZ,20181101,12.61,2.3879,1.35,38.7191,2.372,4.0946,936718.8441,609082.9087
002383.SZ,20181031,12.26,1.234,0.72,37.6444,2.3062,3.9809,910719.5106,592177.3561
002383.SZ,20181030,12.14,1.5216,0.86,37.276,2.2836,3.942,901805.4534,586381.1666
002383.SZ,20181029,12.22,1.1796,0.6,37.5216,2.2986,3.9679,907748.1582,590245.2929
002383.SZ,20181026,12.38,1.9846,1.06,38.0129,2.3287,4.0199,919633.5678,597973.5455
002383.SZ,20181025,12.3,2.937,1.79,37.7673,2.3755,3.9939,913690.863,594109.4192
002383.SZ,20181024,12.86,0.9996,0.5,39.4867,2.4836,4.1758,955289.7966,621158.3034
002383.SZ,20181023,12.86,1.7125,0.9,39.4867,2.4836,4.1758,955289.7966,621158.3034
002383.SZ,20181022,13.22,2.2703,1.31,40.5921,2.5532,4.2927,982031.9682,638546.8717
002383.SZ,20181019,12.38,1.4727,0.83,38.0129,2.3909,4.0199,919633.5678,597973.5455
002383.SZ,20181018,11.96,1.7521,0.98,36.7233,2.3098,3.8835,888434.3676,577686.8824
002383.SZ,20181017,12.01,2.8575,2.0,36.8768,2.3195,3.8998,892148.5581,580101.9614
002383.SZ,20181016,12.39,1.2135,0.86,38.0436,2.3929,4.0231,920376.4059,598456.5613
002383.SZ,20181015,12.92,1.3799,0.85,39.671,2.4952,4.1952,959746.8252,616439.6317
002383.SZ,20181012,12.79,1.7165,1.16,39.2718,2.4701,4.153,950089.9299,610237.0658
002383.SZ,20181011,13.0,1.8376,1.34,39.9166,2.5107,4.2212,965689.53,620256.5954
002383.SZ,20181010,13.88,1.0551,0.74,42.6187,2.6806,4.507,1031059.2828,662243.1957
002383.SZ,20181009,13.86,1.1869,0.74,42.5573,2.6768,4.5005,1029573.6066,661288.9548
002383.SZ,20181008,13.65,2.2861,1.53,41.9124,2.6362,4.4323,1013974.0065,651269.4252
002383.SZ,20180928,14.55,1.0483,0.58,44.6759,2.81,4.7245,1080829.4355,694210.2664
002383.SZ,20180927,14.35,1.2618,0.57,44.0618,2.7714,4.6596,1065972.6735,684667.8572
002383.SZ,20180926,14.65,1.3312,0.47,44.983,2.8294,4.757,1088257.8165,698981.471
002383.SZ,20180925,14.61,2.117,0.8,44.8601,2.8216,4.744,1085286.4641,697072.9891
002383.SZ,20180921,14.25,1.708,0.7,43.7547,2.7521,4.6271,1058544.2925,679896.6527
002383.SZ,20180920,14.05,2.5433,1.21,43.1406,2.7135,4.5622,1043687.5305,670354.2435
002383.SZ,20180919,14.51,3.3634,2.05,44.5531,2.8023,4.7115,1077858.0831,692301.7846
002383.SZ,20180918,14.59,4.5775,5.19,44.7987,2.8178,4.7375,1083800.7879,696118.7482
002383.SZ,20180917,15.94,1.0354,1.18,48.9439,3.0785,5.1759,1184083.9314,760530.0101
002383.SZ,20180914,16.25,0.7407,0.75,49.8958,3.1384,5.2765,1207111.9125,775320.7443
002383.SZ,20180913,16.6,0.8216,0.76,50.9704,3.206,5.3902,1233111.246,792019.9603
002383.SZ,20180912,16.44,1.0447,0.93,50.4792,3.1751,5.3382,1221225.8364,784386.033
002383.SZ,20180911,16.24,0.7635,0.58,49.8651,3.1364,5.2733,1206369.0744,774843.6238
002383.SZ,20180910,16.09,1.0166,0.74,49.4045,3.1075,5.2246,1195226.5029,767686.8169
002383.SZ,20180907,16.67,1.314,1.01,51.1854,3.2195,5.4129,1238311.1127,795359.8035
002383.SZ,20180906,16.76,1.2965,1.04,51.4617,3.2369,5.4421,1244996.6556,799653.8876
002383.SZ,20180905,16.63,1.2129,1.03,51.0626,3.2117,5.3999,1235339.7603,793451.3217
002383.SZ,20180904,16.81,1.7106,1.65,51.6153,3.2465,5.4584,1248710.8461,802039.4899
002383.SZ,20180903,16.29,1.378,1.19,50.0186,3.1461,5.2895,1210083.2649,777229.2261
002383.SZ,20180831,16.47,0.8798,0.78,50.5713,3.1808,5.348,1223454.3507,785817.3943
002383.SZ,20180830,16.39,1.0318,0.9,50.3256,3.1654,5.322,1217511.6459,782000.4307
002383.SZ,20180829,16.78,0.9118,0.77,51.5231,3.2407,5.4486,1246482.3318,800608.1285
002383.SZ,20180828,16.94,0.9755,0.77,52.0144,3.2716,5.5006,1258367.7414,808242.0559
002383.SZ,20180827,16.93,1.9956,1.72,51.9837,3.2697,5.4973,1257624.9033,807764.9354
002383.SZ,20180824,16.21,0.7127,0.48,49.7729,3.1306,5.2635,1204140.5601,773412.2624
002383.SZ,20180823,16.2,1.1229,0.73,49.7422,3.1287,5.2603,1203397.722,772935.142
002383.SZ,20180822,16.11,1.1531,0.78,49.4659,3.1113,5.2311,1196712.1791,768641.0578
002383.SZ,20180821,16.4,1.3393,0.93,50.3563,3.1673,5.3252,1218254.484,782477.5511
002383.SZ,20180820,16.48,1.482,1.01,50.602,3.1828,5.3512,1224197.1888,786294.5148
002383.SZ,20180817,16.22,2.2759,1.83,49.8037,3.1326,5.2668,1204883.3982,773889.3829
002383.SZ,20180816,17.12,1.4397,1.03,52.5671,3.3062,5.559,1271738.8272,816830.2241
002383.SZ,20180815,16.74,0.8982,0.58,51.4003,3.2328,5.4356,1243510.9794,798699.6467
002383.SZ,20180814,16.99,1.1037,0.66,52.1679,3.2811,5.5168,1262081.9319,810627.6581
002383.SZ,20180813,17.34,1.6109,1.03,53.2426,3.3487,5.6305,1288081.2654,827326.8742
002383.SZ,20180810,16.83,1.1541,0.73,51.6767,3.2502,5.4649,1250196.5223,802993.7308
002383.SZ,20180809,16.88,2.2491,1.48,51.8302,3.2598,5.4811,1253910.7128,805379.3331
002383.SZ,20180808,16.28,1.5639,1.01,49.9879,3.144,5.2863,1209340.4268,776752.1056
002383.SZ,20180807,16.96,1.7596,1.17,52.0758,3.2753,5.5071,1259853.4176,809196.2968
002383.SZ,20180806,16.5,1.0938,0.69,50.6634,3.1864,5.3577,1225682.865,787248.7557
002383.SZ,20180803,16.78,1.209,0.71,51.5231,3.2405,5.4486,1246482.3318,800608.1285
002383.SZ,20180802,16.99,1.9541,1.07,52.1679,3.2811,5.5168,1262081.9319,810627.6581
002383.SZ,20180801,17.54,1.7617,0.78,53.8567,3.3873,5.6954,1302938.0274,836869.2833
002383.SZ,20180731,18.12,1.5047,0.62,55.6376,3.4993,5.8837,1346022.6372,864542.2699
002383.SZ,20180730,18.16,1.5158,0.53,55.7604,3.507,5.8967,1348993.9896,866450.7517
002383.SZ,20180727,18.16,1.7815,0.62,55.7604,3.507,5.8967,1348993.9896,866450.7517
002383.SZ,20180726,18.35,2.6029,0.97,56.3438,3.5437,5.9584,1363107.9135,875516.0404
002383.SZ,20180725,18.7,3.8424,1.62,57.4185,3.6113,6.0721,1389107.247,892215.2565
002383.SZ,20180724,18.41,2.4296,1.04,56.5281,3.6824,5.9779,1367564.9421,878378.7632
002383.SZ,20180723,18.36,3.74,1.66,56.3745,3.6724,5.9617,1363850.7516,875993.1609
002383.SZ,20180720,17.65,1.6995,0.68,54.1945,3.5304,5.7311,1311109.2465,842117.6084
002383.SZ,20180719,17.71,1.7426,0.66,54.3787,3.5424,5.7506,1315566.2751,844980.3311
002383.SZ,20180718,17.6,2.2127,0.86,54.041,3.5204,5.7149,1307395.056,839732.0061
002383.SZ,20180717,17.66,2.2736,0.91,54.2252,3.5324,5.7344,1311852.0846,842594.7288
002383.SZ,20180716,17.78,3.3353,1.54,54.5936,3.5564,5.7733,1320766.1418,848320.1743
002383.SZ,20180713,17.38,2.8613,1.47,53.3654,3.4764,5.6434,1291052.6178,829235.356
002383.SZ,20180712,16.9,2.5703,1.45,51.8916,3.3804,5.4876,1255396.389,806333.574
002383.SZ,20180711,16.23,1.7886,1.03,49.8344,3.2464,5.27,1205626.2363,774366.5033
002383.SZ,20180710,16.66,1.8921,1.04,51.1547,3.3324,5.4097,1237568.2746,794882.683
002383.SZ,20180709,16.52,1.6887,0.89,50.7248,3.3044,5.3642,1227168.5412,788202.9966
002383.SZ,20180706,16.29,1.8123,0.92,50.0186,3.2584,5.2895,1210083.2649,777229.2261
002383.SZ,20180705,16.26,1.6941,0.9,49.9265,3.2524,5.2798,1207854.7506,775797.8647
002383.SZ,20180704,16.73,1.5942,0.87,51.3696,3.3464,5.4324,1242768.1413,798222.5262
002383.SZ,20180703,17.2,2.3021,1.36,52.8127,3.4404,5.585,1277681.532,820647.1878
002383.SZ,20180702,16.56,2.0996,1.38,50.8476,3.3124,5.3772,1230139.8936,790111.4784
002383.SZ,20180629,16.55,2.1435,1.49,50.8169,3.3104,5.3739,1229397.0555,789634.358
002383.SZ,20180628,16.0,1.2278,0.78,49.1281,3.2004,5.1953,1188540.96,763392.7328
002383.SZ,20180627,16.21,1.3516,0.82,49.7729,3.2424,5.2635,1204140.5601,773412.2624
002383.SZ,20180626,16.5,1.6127,0.86,50.6634,3.3004,5.3577,1225682.865,787248.7557
002383.SZ,20180625,16.41,1.2574,0.63,50.387,3.2824,5.3285,1218997.3221,782954.6716
002383.SZ,20180622,16.46,1.7487,0.97,50.5406,3.2924,5.3447,1222711.5126,785340.2739
002383.SZ,20180621,16.14,1.9468,1.17,49.558,3.2284,5.2408,1198940.6934,770072.4192
002383.SZ,20180620,16.74,1.6402,1.03,51.4003,3.3484,5.4356,1243510.9794,798699.6467
002383.SZ,20180619,16.52,2.7892,2.25,50.7248,3.2717,5.3642,1227168.5412,788202.9966
002383.SZ,20180615,16.66,1.786,1.71,51.1547,3.2994,5.4097,1237568.2746,794882.683
002383.SZ,20180614,17.65,0.8279,0.76,54.1945,3.4955,5.7311,1311109.2465,842117.6084
002383.SZ,20180613,17.75,1.2776,1.3,54.5015,3.5153,5.7636,1318537.6275,846888.813
002383.SZ,20180612,18.12,1.314,1.31,55.6376,3.5885,5.8837,1346022.6372,864542.2699
002383.SZ,20180611,17.99,0.9897,0.91,55.2385,3.5628,5.8415,1336365.7419,858339.7039
002383.SZ,20180608,17.83,0.8151,0.74,54.7472,3.5311,5.7896,1324480.3323,850705.7766
002383.SZ,20180607,17.67,1.0284,0.86,54.2559,3.4994,5.7376,1312594.9227,834855.3947
002383.SZ,20180606,18.01,0.7908,0.59,55.2999,3.5668,5.848,1337851.4181,850919.3939
002383.SZ,20180605,18.03,1.4313,1.13,55.3613,3.5707,5.8545,1339337.0943,851864.3349
002383.SZ,20180604,17.39,1.4406,1.25,53.3961,3.444,5.6467,1291795.4559,821626.2221
002383.SZ,20180601,17.55,0.9036,0.75,53.8874,3.4757,5.6986,1303680.8655,829185.7503
002383.SZ,20180531,17.88,1.3953,1.15,54.9007,3.541,5.8058,1328194.5228,844777.2772
002383.SZ,20180530,17.87,1.5546,1.26,54.87,3.539,5.8026,1327451.6847,844304.8067
002383.SZ,20180529,18.54,1.0203,0.79,56.9272,3.6717,6.0201,1377221.8374,875960.3311
002383.SZ,20180528,18.5,0.8717,0.59,56.8044,3.6638,6.0071,1374250.485,874070.4491
002383.SZ,20180525,18.71,1.1588,0.74,57.4492,3.7054,6.0753,1389850.0851,883992.3298
002383.SZ,20180524,18.89,1.4658,0.98,58.0019,3.741,6.1338,1403221.1709,892496.7991
002383.SZ,20180523,19.05,1.6325,1.08,58.4932,3.7727,6.1857,1415106.5805,900056.3273
002383.SZ,20180522,19.26,1.3207,0.8,59.138,3.8143,6.2539,1430706.1806,909978.208
002383.SZ,20180521,19.2,1.792,0.75,58.9538,3.8024,6.2344,1426249.152,907143.385
002383.SZ,20180518,18.97,1.5704,0.68,58.2475,3.7569,6.1597,1409163.8757,896276.5632
002383.SZ,20180517,19.04,1.1347,0.47,58.4625,3.7707,6.1825,1414363.7424,899583.8568
002383.SZ,20180516,19.46,1.7662,0.71,59.7521,3.8539,6.3188,1445562.9426,919427.6183
002383.SZ,20180515,19.09,2.0367,0.84,58.616,3.7806,6.1987,1418077.9329,901946.2093
002383.SZ,20180514,18.65,5.3884,3.21,57.265,3.6935,6.0558,1385393.0565,881157.5067
002383.SZ,20180511,20.11,1.1369,0.66,61.7479,3.9826,6.5299,1493847.4191,950138.2016
002383.SZ,20180510,20.28,1.8461,1.05,62.2699,4.0163,6.5851,1506475.6668,958170.2004
002383.SZ,20180509,20.6,2.0217,1.12,63.2525,4.0797,6.689,1530246.486,973289.2568
002383.SZ,20180508,20.93,1.7834,0.97,64.2657,4.145,6.7962,1554760.1433,988880.7837
002383.SZ,20180507,21.03,1.6062,0.87,64.5728,4.1648,6.8286,1562188.5243,993605.4888
002383.SZ,20180504,20.8,1.2928,0.62,63.8666,4.1193,6.7539,1545103.248,982738.667
002383.SZ,20180503,20.96,2.0741,0.96,64.3579,4.151,6.8059,1556988.6576,990298.1952
002383.SZ,20180502,20.72,2.3011,0.98,63.6209,4.1034,6.728,1539160.5432,978958.9029
002383.SZ,20180427,21.72,1.8868,0.72,66.6914,4.3015,7.0527,1613444.3532,1026205.9542
002383.SZ,20180426,21.8,1.718,0.51,66.9371,4.3173,7.0787,1619387.058,1029985.7183
002383.SZ,20180425,22.04,2.4091,0.64,67.674,4.3649,7.1566,1637215.1724,1041325.0107
002383.SZ,20180424,21.96,2.445,0.62,67.4284,4.349,7.1306,1631272.4676,1037545.2465
002383.SZ,20180423,21.6,3.2226,0.84,66.323,4.2777,7.0137,1604530.296,1020536.3081
002383.SZ,20180420,22.0,3.2208,0.89,67.5512,4.3569,7.1436,1634243.82,1039435.1286
002383.SZ,20180419,22.66,5.5393,1.81,69.5777,4.4877,7.3579,1683271.1346,1070618.1825
002383.SZ,20180418,21.73,4.2505,1.56,66.7222,4.3035,7.0559,1614187.1913,1026678.4247
002383.SZ,20180417,21.17,3.3536,1.07,65.0027,4.254,6.8741,1572588.2577,1000220.076
002383.SZ,20180416,21.09,2.8588,0.77,64.757,4.2379,6.8481,1566645.5529,996440.3119
002383.SZ,20180413,21.06,2.111,0.58,64.6649,4.2319,6.8384,1564417.0386,995022.9004
002383.SZ,20180412,20.71,2.6925,0.75,63.5902,4.1615,6.7247,1538417.7051,978486.4324
002383.SZ,20180411,20.6,2.6123,0.71,63.2525,4.1394,6.689,1530246.486,973289.2568
002383.SZ,20180410,20.95,5.346,1.69,64.3272,4.2098,6.8027,1556245.8195,989825.7247
002383.SZ,20180409,21.64,5.9221,2.49,66.4458,4.3484,7.0267,1607501.6484,1022426.1901
002383.SZ,20180404,19.7,1.7303,0.72,60.489,3.9586,6.3968,1463391.057,930766.9106
002383.SZ,20180403,20.36,2.2604,0.86,62.5156,4.0912,6.6111,1512418.3716,961949.9645
002383.SZ,20180402,20.58,3.2279,1.35,63.1911,4.1354,6.6825,1528760.8098,972344.3158
002383.SZ,20180330,20.0,2.63,1.17,61.4102,4.0189,6.4942,1485676.2,944941.026
002383.SZ,20180329,19.61,2.0461,0.96,60.2127,3.9405,6.3675,1456705.5141,926514.676
002383.SZ,20180328,19.46,1.8442,0.94,59.7521,3.9104,6.3188,1445562.9426,919427.6183
002383.SZ,20180327,19.5,3.3318,2.24,150.1854,3.9094,12.3776,1448534.295,921317.5004
002383.SZ,20180326,18.69,2.0745,1.63,143.9469,3.747,11.8635,1388364.4089,883047.3888
002383.SZ,20180323,17.72,1.9278,1.69,136.4762,3.5525,11.2478,1316309.1132,837217.749
002383.SZ,20180322,18.6,1.4657,1.08,143.2538,3.7289,11.8064,1381678.866,878795.1542
002383.SZ,20180321,18.83,0.9844,0.55,145.0252,3.775,11.9524,1398764.1423,889661.976
002383.SZ,20180320,19.45,0.9939,0.56,149.8003,3.8993,12.3459,1444820.1045,918955.1478
002383.SZ,20180319,19.42,0.9912,0.51,149.5693,3.8933,12.3269,1442591.5902,917537.7362
002383.SZ,20180316,19.47,1.2758,0.67,149.9544,3.9034,12.3586,1446305.7807,919900.0888
002383.SZ,20180315,19.83,2.535,1.62,152.727,3.9755,12.5871,1473047.9523,936909.0273
002383.SZ,20180314,19.41,3.0889,2.87,149.4922,3.8913,12.3205,1441848.7521,917065.2657
002383.SZ,20180313,19.27,1.0066,0.93,148.414,3.8633,12.2316,1431449.0187,910450.6786
002383.SZ,20180312,19.47,1.7887,2.08,149.9544,3.9034,12.3586,1446305.7807,919900.0888
002383.SZ,20180309,18.95,1.1109,1.35,145.9494,3.7991,12.0285,1407678.1995,895331.6221
002383.SZ,20180308,18.7,0.8492,1.01,144.024,3.749,11.8698,1389107.247,883519.8593
002383.SZ,20180307,18.36,0.622,0.57,141.4053,3.6808,11.654,1363850.7516,867455.8619
002383.SZ,20180306,18.54,1.0462,1.02,142.7917,3.7169,11.7683,1377221.8374,875960.3311
002383.SZ,20180305,18.6,0.674,0.62,143.2538,3.7289,11.8064,1381678.866,878795.1542
002383.SZ,20180302,18.72,0.9333,0.93,144.178,3.753,11.8825,1390592.9232,884464.8003
002383.SZ,20180301,18.56,0.9276,1.0,142.9457,3.7209,11.781,1378707.5136,876905.2721
002383.SZ,20180228,18.35,1.8612,2.95,141.3283,3.6788,11.6477,1363107.9135,866983.3914
002383.SZ,20180227,17.92,0.7174,1.21,138.0165,3.6927,11.3747,1331165.8752,846667.1593
002383.SZ,20180226,17.91,1.0039,1.81,137.9395,3.6906,11.3684,1330423.0371,846194.6888
002383.SZ,20180223,17.7,0.4848,0.78,136.3221,3.6473,11.2351,1314823.437,836272.808
002383.SZ,20180222,17.72,0.5793,0.83,136.4762,3.6515,11.2478,1316309.1132,837217.749
002383.SZ,20180214,17.05,0.3681,0.44,131.316,3.5134,10.8225,1266538.9605,805562.2247
002383.SZ,20180213,16.93,0.5389,0.54,130.3917,3.4887,10.7463,1257624.9033,799892.5785
002383.SZ,20180212,16.96,0.7947,0.76,130.6228,3.4949,10.7654,1259853.4176,801309.99
002383.SZ,20180209,16.45,0.8364,0.78,126.6949,3.3898,10.4416,1221968.6745,777213.9939
002383.SZ,20180208,16.81,0.949,0.76,129.4675,3.4639,10.6702,1248710.8461,794222.9324
002383.SZ,20180207,16.58,1.0371,0.87,127.6961,3.4166,10.5242,1231625.5698,783356.1106
002383.SZ,20180206,16.33,1.4064,1.37,125.7707,3.365,10.3655,1213054.6173,771544.3477
002383.SZ,20180205,16.95,1.0082,0.99,130.5458,3.4928,10.759,1259110.5795,800837.5195
002383.SZ,20180202,17.06,0.9566,1.01,131.393,3.5155,10.8288,1267281.7986,806034.6952
002383.SZ,20180201,16.87,1.843,2.55,129.9296,3.4763,10.7082,1253167.8747,797057.7554
002383.SZ,20180131,17.99,0.7415,0.96,138.5557,3.7071,11.4192,1336365.7419,849974.4529
002383.SZ,20180130,18.01,0.5682,0.66,138.7097,3.7112,11.4319,1337851.4181,850919.3939
002383.SZ,20180129,17.8,0.9881,1.08,137.0923,3.668,11.2986,1322251.818,840997.5131
002383.SZ,20180126,18.33,0.6068,0.64,141.1743,3.7772,11.635,1361622.2373,866038.4503
002383.SZ,20180125,18.28,0.7124,0.73,140.7892,3.7669,11.6032,1357908.0468,863676.0978
002383.SZ,20180124,18.36,0.9698,0.89,141.4053,3.7833,11.654,1363850.7516,867455.8619
002383.SZ,20180123,18.14,1.046,0.77,139.7109,3.738,11.5144,1347508.3134,857061.5106
002383.SZ,20180122,18.58,1.2323,0.58,143.0997,3.8287,11.7937,1380193.1898,877850.2132
002383.SZ,20180119,18.53,0.7803,0.36,142.7146,3.8184,11.7619,1376478.9993,875487.8606
002383.SZ,20180118,18.52,0.8402,0.39,142.6376,3.8163,11.7556,1375736.1612,875015.3901
002383.SZ,20180117,18.69,1.5411,0.72,143.9469,3.8514,11.8635,1388364.4089,883047.3888
002383.SZ,20180116,18.45,2.3887,1.17,142.0985,3.8019,11.7111,1370536.2945,871708.0965
002383.SZ,20180115,18.5,5.0859,3.82,142.4836,3.8122,11.7429,1374250.485,874070.4491
002383.SZ,20180112,20.4,1.0039,0.74,157.117,4.2037,12.9489,1515389.724,963839.8465
002383.SZ,20180111,20.23,0.8065,0.54,155.8077,4.1687,12.841,1502761.4763,955807.8478
002383.SZ,20180110,20.23,1.4107,0.91,155.8077,4.1687,12.841,1502761.4763,955807.8478
002383.SZ,20180109,20.16,1.8598,1.21,155.2686,4.1543,12.7966,1497561.6096,952500.5542
002383.SZ,20180108,20.47,1.5797,1.13,157.6562,4.2181,12.9933,1520589.5907,967147.1401
002383.SZ,20180105,20.76,1.1186,0.82,159.8897,4.2779,13.1774,1542131.8956,980848.785
002383.SZ,20180104,20.85,1.5479,1.21,160.5829,4.2965,13.2345,1548817.4385,985101.0196
002383.SZ,20180103,20.92,1.6451,1.34,161.122,4.3109,13.279,1554017.3052,988408.3132
002383.SZ,20180102,20.78,1.7993,1.35,160.0437,4.282,13.1901,1543617.5718,981793.726
002383.SZ,20171229,20.03,0.8791,0.61,154.2674,4.1275,12.7141,1487904.7143,946358.4375
002383.SZ,20171228,20.08,0.9796,0.57,154.6525,4.1378,12.7458,1491618.9048,948720.7901
002383.SZ,20171227,20.01,1.1016,0.57,154.1133,4.1234,12.7014,1486419.0381,945413.4965
002383.SZ,20171226,20.13,1.3708,0.64,155.0376,4.1481,12.7775,1495333.0953,951083.1427
002383.SZ,20171225,20.03,2.341,1.07,154.2674,4.1275,12.7141,1487904.7143,946358.4375
002383.SZ,20171222,20.81,1.4337,0.53,160.2748,4.2882,13.2092,1545846.0861,983211.1376
002383.SZ,20171221,21.12,2.3406,0.93,162.6624,4.3521,13.4059,1568874.0672,997857.7235
002383.SZ,20171220,20.82,2.177,0.89,160.3518,4.2903,13.2155,1546588.9242,983683.6081
002383.SZ,20171219,21.04,2.4985,1.1,162.0462,4.3356,13.3552,1562931.3624,994077.9594
002383.SZ,20171218,20.45,2.4429,1.1,157.5021,4.214,12.9806,1519103.9145,966202.1991
002383.SZ,20171215,20.6,4.1334,2.01,158.6574,4.2449,13.0759,1530246.486,973289.2568
002383.SZ,20171214,19.77,1.3413,0.56,152.2649,4.0739,12.549,1468590.9237,934074.2042
002383.SZ,20171213,20.0,1.7539,0.72,154.0363,4.1213,12.695,1485676.2,944941.026
002383.SZ,20171212,19.75,1.6878,0.62,152.1109,4.0698,12.5363,1467105.2475,933129.2632
002383.SZ,20171211,20.08,2.2325,0.79,154.6525,4.1378,12.7458,1491618.9048,948720.7901
002383.SZ,20171208,19.99,3.2839,1.21,153.9593,4.1192,12.6887,1484933.3619,944468.5555
002383.SZ,20171207,19.71,2.9923,1.24,151.8028,4.0615,12.5109,1464133.8951,931239.3811
002383.SZ,20171206,19.54,2.064,0.86,150.4935,4.0265,12.403,1451505.6474,923207.3824
002383.SZ,20171205,18.93,2.9407,1.25,145.7954,3.9008,12.0158,1406192.5233,894386.6811
002383.SZ,20171204,19.42,2.7757,1.2,149.5693,4.0018,12.3269,1442591.5902,917537.7362
002383.SZ,20171201,19.72,2.8131,1.07,151.8798,4.0636,12.5173,1464876.7332,931711.8516
002383.SZ,20171130,18.77,1.4568,0.46,144.5631,3.8678,11.9143,1394307.1137,886827.1529
002383.SZ,20171129,19.12,1.9783,0.59,147.2587,3.94,12.1364,1420306.4472,903363.6209
002383.SZ,20171128,18.91,2.7308,0.77,145.6413,3.8967,12.0031,1404706.8471,893441.7401
002383.SZ,20171127,17.99,2.5487,0.65,138.5557,3.7071,11.4192,1336365.7419,849974.4529
002383.SZ,20171124,18.31,4.4472,1.13,141.0202,3.773,11.6223,1360136.5611,865093.5093
002383.SZ,20171123,19.56,4.1126,0.93,150.6475,4.0306,12.4157,1452991.3236,924152.3234
002383.SZ,20171122,19.59,2.8013,0.54,150.8786,4.0368,12.4348,1455219.8379,925569.735
002383.SZ,20171121,19.95,3.7812,0.61,153.6512,4.111,12.6633,1481962.0095,942578.6734
002383.SZ,20171120,20.04,4.4354,0.68,154.3444,4.1295,12.7204,1488647.5524,946830.9081
002383.SZ,20171117,19.69,4.602,0.73,151.6488,4.0574,12.4982,1462648.2189,930294.4401
002383.SZ,20171116,19.88,6.4391,1.11,153.1121,4.0966,12.6188,1476762.1428,939271.3798
002383.SZ,20171115,18.98,6.7224,1.32,146.1805,3.9111,12.0476,1409906.7138,896749.0337
002383.SZ,20171114,19.07,8.9803,2.31,146.8736,3.9297,12.1047,1416592.2567,901001.2683
002383.SZ,20171113,17.61,6.0769,1.96,135.629,3.6288,11.178,1308137.8941,832020.5734
002383.SZ,20171110,17.18,3.3704,1.21,132.3172,3.5402,10.905,1276195.8558,811704.3413
002383.SZ,20171109,17.37,3.7592,1.42,133.7805,3.5793,11.0256,1290309.7797,820681.2811
002383.SZ,20171108,17.08,3.2301,1.37,131.547,3.5196,10.8415,1268767.4748,806979.6362
002383.SZ,20171107,16.99,2.976,1.29,130.8539,3.501,10.7844,1262081.9319,802727.4016
002383.SZ,20171106,16.58,2.1831,0.82,127.6961,3.4166,10.5242,1231625.5698,783356.1106
002383.SZ,20171103,16.13,1.7548,0.63,124.2303,3.3238,10.2385,1198197.8553,762094.9375
002383.SZ,20171102,15.88,3.1068,1.16,120.7094,3.3016,9.9484,1164239.1828,750283.1746
002383.SZ,20171101,16.33,1.4405,0.68,124.13,3.3952,10.2303,1197230.8473,968746.935
002383.SZ,20171031,16.57,2.1321,1.06,125.9544,3.4451,10.3806,1214826.4017,982984.4895
002383.SZ,20171030,16.42,3.1455,1.89,124.8142,3.4139,10.2866,1203829.1802,974086.0179
002383.SZ,20171027,16.74,1.8926,1.0,127.2466,3.4804,10.4871,1227289.9194,993069.4239
002383.SZ,20171026,17.04,2.0367,0.94,129.527,3.5428,10.6751,1249284.3624,1010866.3669
002383.SZ,20171025,16.75,1.3898,0.56,127.3226,3.503,10.4934,1228023.0675,993662.6553
002383.SZ,20171024,16.42,1.57,0.52,124.8142,3.434,10.2866,1203829.1802,974086.0179
002383.SZ,20171023,16.8,1.4541,0.38,127.7027,3.5135,10.5247,1231688.808,996628.8125
002383.SZ,20171020,16.57,4.5901,0.87,125.9544,3.4654,10.3806,1214826.4017,653287.3088
002383.SZ,20171019,17.44,5.1211,1.11,132.5675,3.6474,10.9256,1278610.2864,687587.8495
002383.SZ,20171018,17.19,4.5153,1.05,130.6672,3.5951,10.769,1260281.5839,677731.3723
002383.SZ,20171017,17.4,6.1737,1.71,132.2635,3.639,10.9006,1275677.694,686010.8131
002383.SZ,20171016,17.07,8.679,3.29,129.755,3.57,10.6939,1251483.8067,673000.2632
002383.SZ,20171013,16.31,1.7438,0.6,123.978,3.411,10.2177,1195764.5511,643036.5725
002383.SZ,20171012,16.16,2.0172,0.69,122.8378,3.3797,10.1238,1184767.3296,637122.6862
002383.SZ,20171011,16.33,2.9618,1.12,124.13,3.4152,10.2303,1197230.8473,643825.0907
002383.SZ,20171010,16.36,2.6945,1.1,124.3581,3.4215,10.2491,1199430.2916,645007.868
002383.SZ,20171009,16.21,3.7763,1.69,123.2179,3.3901,10.1551,1188433.0701,639093.9816
002383.SZ,20170929,16.35,3.0992,1.44,124.2821,3.4194,10.2428,1198697.1435,644613.6089
002383.SZ,20170928,15.88,2.1302,0.84,120.7094,3.3211,9.9484,1164239.1828,626083.4317
002383.SZ,20170927,15.64,1.5145,0.41,118.8851,3.2709,9.798,1146643.6284,616621.2136
002383.SZ,20170926,15.42,1.7229,0.39,117.2128,3.2249,9.6602,1130514.3702,607947.5137
002383.SZ,20170925,15.55,2.7319,0.5,118.201,3.2521,9.7416,1140045.2955,613072.8818
002383.SZ,20170922,16.3,2.6888,0.52,123.902,3.4089,10.2115,1195031.403,642642.3134
002383.SZ,20170921,16.27,4.0257,0.87,123.6739,3.4027,10.1927,1192831.9587,641459.5362
002383.SZ,20170920,16.77,7.4026,2.15,127.4746,3.5072,10.5059,1229489.3637,661172.4906
002383.SZ,20170919,16.39,5.3319,1.93,124.5861,3.4278,10.2679,1201629.7359,646190.6452
002383.SZ,20170918,16.45,7.8015,4.98,125.0422,3.4403,10.3054,1206028.6245,648556.1998
002383.SZ,20170915,15.12,1.0478,0.55,114.9324,3.1622,9.4722,1108519.9272,596119.7411
002383.SZ,20170914,15.1,1.4213,0.58,114.7804,3.158,9.4597,1107053.631,595331.2229
002383.SZ,20170913,15.34,1.6133,0.63,116.6047,3.2082,9.6101,1124649.1854,604793.441
002383.SZ,20170912,15.23,1.9114,0.72,115.7685,3.1852,9.5411,1116584.5563,600456.591
002383.SZ,20170911,15.37,1.8417,0.62,116.8327,3.2144,9.6289,1126848.6297,605976.2183
002383.SZ,20170908,15.46,2.7776,0.99,117.5169,3.2333,9.6852,1133446.9626,609524.55
002383.SZ,20170907,15.8,4.0151,1.78,120.1013,3.3044,9.8982,1158373.998,622929.359
002383.SZ,20170906,15.7,2.2627,1.08,119.3412,3.2835,9.8356,1151042.517,618986.7682
002383.SZ,20170905,15.82,2.2993,1.16,120.2533,3.3086,9.9108,1159840.2942,623717.8772
002383.SZ,20170904,16.03,3.4821,1.93,121.8496,3.3525,10.0423,1175236.4043,631997.3181
002383.SZ,20170901,15.48,1.9532,1.08,117.6689,3.2374,9.6978,1134913.2588,610313.0682
002383.SZ,20170831,15.42,1.308,0.66,117.2128,3.2249,9.6602,1130514.3702,607947.5137
002383.SZ,20170830,15.49,1.4168,0.63,117.7449,3.2395,9.704,1135646.4069,610707.3273
002383.SZ,20170829,15.44,1.7507,0.7,117.3648,3.2291,9.6727,1131980.6664,608736.0319
002383.SZ,20170828,15.72,2.6122,0.84,119.4932,3.2876,9.8481,1152508.8132,619775.2863
002383.SZ,20170825,15.76,1.9562,0.59,119.7973,3.296,9.8732,1155441.4056,621352.3227
002383.SZ,20170824,15.46,2.1346,0.53,117.5169,3.2333,9.6852,1133446.9626,609524.55
002383.SZ,20170823,15.6,2.8431,0.66,118.581,3.2625,9.7729,1143711.036,615044.1773
002383.SZ,20170822,16.07,2.9925,0.72,122.1537,3.3608,10.0674,1178168.9967,633574.3544
002383.SZ,20170821,16.43,5.6486,1.47,124.8902,3.4361,10.2929,1204562.3283,647767.6816
002383.SZ,20170818,15.99,2.951,0.81,121.5456,3.3441,10.0173,1172303.8119,630420.2817
002383.SZ,20170817,15.74,5.8394,2.05,119.6452,3.2918,9.8606,1153975.1094,620563.8045
002383.SZ,20170816,15.57,4.2344,1.83,118.353,3.2563,9.7541,1141511.5917,613861.4
002383.SZ,20170815,14.99,2.0604,0.82,113.9442,3.135,9.3908,1098989.0019,590994.3729
002383.SZ,20170814,15.14,4.0865,1.73,115.0844,3.1663,9.4848,1109986.2234,596908.2592
002383.SZ,20170811,14.46,2.0406,0.73,109.9155,3.0241,9.0588,1060132.1526,570098.6412
002383.SZ,20170810,14.3,1.8022,0.63,108.6993,2.9907,8.9585,1048401.783,563790.4958
002383.SZ,20170809,14.62,1.5851,0.55,111.1317,3.0576,9.159,1071862.5222,576406.7867
002383.SZ,20170808,14.62,3.018,1.16,111.1317,3.0576,9.159,1071862.5222,576406.7867
002383.SZ,20170807,14.76,3.3901,1.51,112.1959,3.0886,9.2467,1082126.5956,581926.4139
002383.SZ,20170804,14.69,4.2757,2.42,111.6638,3.0739,9.2029,1076994.5589,579166.6003
002383.SZ,20170803,14.03,1.9269,0.88,106.6469,2.9358,8.7894,1028606.7843,553145.5005
002383.SZ,20170802,13.62,1.8265,0.89,103.5304,2.85,8.5325,998547.7122,536980.8779
002383.SZ,20170801,14.12,1.6091,0.78,107.331,2.9547,8.8458,1035205.1172,556693.8323
002383.SZ,20170731,14.17,1.6037,0.78,107.7111,2.9651,8.8771,1038870.8577,558665.1277
002383.SZ,20170728,14.24,1.8573,0.95,108.2432,2.9798,8.9209,1044002.8944,561424.9413
002383.SZ,20170727,14.37,4.0156,2.88,109.2314,3.007,9.0024,1053533.8197,566550.3095
002383.SZ,20170726,13.36,1.2171,0.84,101.554,2.8083,8.3696,979485.8616,526730.1416
002383.SZ,20170725,13.41,1.6495,1.17,101.9341,2.8188,8.401,983151.6021,528701.437
002383.SZ,20170724,13.14,1.5329,0.79,99.8817,2.762,8.2318,963356.6034,518056.4416
002383.SZ,20170721,13.3,1.34,0.71,101.0979,2.7957,8.3321,975086.973,524364.587
002383.SZ,20170720,13.44,1.2256,0.65,102.1621,2.8251,8.4198,985351.0464,529884.2143
002383.SZ,20170719,13.35,1.5183,0.75,101.478,2.8062,8.3634,978752.7135,526335.8825
002383.SZ,20170718,13.22,1.4566,0.65,100.4898,2.7788,8.2819,969221.7882,521210.5143
002383.SZ,20170717,13.16,4.1742,2.27,100.0338,2.7662,8.2444,964822.8996,518844.9598
002383.SZ,20170714,14.53,1.1062,0.54,110.4476,3.0542,9.1026,1065264.1893,572858.4549
002383.SZ,20170713,14.75,1.1729,0.54,112.1199,3.1004,9.2404,1081393.4475,581532.1548
002383.SZ,20170712,14.78,2.2075,1.07,112.3479,3.1068,9.2592,1083592.8918,582714.9321
002383.SZ,20170711,15.18,2.4887,1.27,115.3885,3.1908,9.5098,1112918.8158,598485.2956
002383.SZ,20170710,14.96,2.2031,1.18,113.7162,3.1446,9.372,1096789.5576,589811.5956
002383.SZ,20170707,15.15,2.1391,1.23,115.1604,3.1845,9.491,1110719.3715,597302.5183
002383.SZ,20170706,15.06,1.8068,1.07,114.4763,3.1656,9.4346,1104121.0386,593754.1865
002383.SZ,20170705,15.19,1.708,0.79,115.4645,3.1929,9.5161,1113651.9639,598879.5547
002383.SZ,20170704,15.1,1.9338,0.83,114.7804,3.174,9.4597,1107053.631,595331.2229
002383.SZ,20170703,15.44,1.7096,0.68,117.3648,3.2455,9.6727,1131980.6664,608736.0319
002383.SZ,20170630,15.67,1.5097,0.6,119.1131,3.2938,9.8168,1148843.0727,617803.9909
002383.SZ,20170629,15.65,1.6164,0.62,118.9611,3.2896,9.8043,1147376.7765,617015.4727
002383.SZ,20170628,15.74,4.0733,1.84,119.6452,3.3085,9.8606,1153975.1094,620563.8045
002383.SZ,20170627,15.72,2.6928,1.05,119.4932,3.3043,9.8481,1152508.8132,619775.2863
002383.SZ,20170626,15.47,2.6158,1.06,117.5929,3.2518,9.6915,1134180.1107,609918.8091
002383.SZ,20170623,15.03,1.6067,0.65,114.2483,3.1593,9.4159,1101921.5943,592571.4093
002383.SZ,20170622,14.84,1.9757,0.8,112.804,3.1194,9.2968,1087991.7804,585080.4866
002383.SZ,20170621,14.91,2.1916,0.96,113.3361,3.1341,9.3407,1093123.8171,587840.3002
002383.SZ,20170620,14.9,4.4815,2.57,113.2601,3.132,9.3344,1092390.669,587446.0411
002383.SZ,20170619,14.98,2.086,1.3,113.8682,3.1488,9.3845,1098255.8538,590600.1138
002383.SZ,20170616,14.41,1.5371,0.86,109.5354,3.029,9.0274,1056466.4121,568127.3458
002383.SZ,20170615,14.29,2.0333,1.15,108.6233,3.0038,8.9523,1047668.6349,563396.2368
002383.SZ,20170614,13.83,1.2388,0.61,105.1267,2.9071,8.6641,1013943.8223,545260.3187
002383.SZ,20170613,13.88,1.8368,0.94,105.5067,2.9176,8.6954,1017609.5628,547231.6141
002383.SZ,20170612,13.55,1.3767,0.69,102.9983,2.8482,8.4887,993415.6755,534221.0642
002383.SZ,20170609,13.76,2.4466,1.25,104.5946,2.8924,8.6202,1008811.7856,542500.5051
002383.SZ,20170608,13.46,2.0164,1.01,102.3142,2.8293,8.4323,986817.3426,519994.193
002383.SZ,20170607,13.78,2.5581,1.37,104.7466,2.8966,8.6328,1010278.0818,532356.6107
002383.SZ,20170606,13.4,1.494,0.71,101.8581,2.8167,8.3947,982418.454,517676.2397
002383.SZ,20170605,13.27,1.6305,0.69,100.8699,2.7894,8.3133,972887.5287,512654.0075
002383.SZ,20170602,12.94,2.2981,0.99,98.3615,2.72,8.1065,948693.6414,499905.2643
002383.SZ,20170601,12.8,2.0483,0.81,97.2973,2.6906,8.0188,938429.568,494496.7066
002383.SZ,20170531,13.68,1.8523,0.82,103.9865,2.8755,8.5701,1002946.6008,528493.3551
002383.SZ,20170526,13.59,2.7391,1.46,103.3023,2.8566,8.5137,996348.2679,525016.4252
002383.SZ,20170525,13.64,2.8859,1.95,103.6824,2.8671,8.5451,1000014.0084,526948.0529
002383.SZ,20170524,12.4,2.0373,1.48,94.2567,2.6065,7.7682,909103.644,479043.6845
002383.SZ,20170523,12.9,3.0641,3.13,98.0574,2.7116,8.0815,945761.049,498359.9621
002383.SZ,20170522,42.22,1.6241,0.59,106.9763,2.9376,8.8165,1031783.7594,543688.8268
002383.SZ,20170519,43.4,2.5842,1.04,109.9662,3.0197,9.0629,1060620.918,558884.2986
002383.SZ,20170518,44.47,2.7399,1.04,112.6773,3.0942,9.2864,1086769.8669,572663.2432
002383.SZ,20170517,44.81,4.5448,2.17,113.5388,3.1178,9.3574,1095078.8787,577041.5995
002383.SZ,20170516,42.4,3.1801,1.43,107.4324,2.9502,8.8541,1036182.648,546006.7802
002383.SZ,20170515,40.42,0.8139,0.32,102.4155,2.8124,8.4406,987794.8734,520509.2937
002383.SZ,20170512,40.2,1.128,0.43,101.8581,2.7971,8.3947,982418.454,517676.2397
002383.SZ,20170511,40.21,3.5014,1.62,101.8834,2.7978,8.3968,982662.8367,517805.0149
002383.SZ,20170510,41.89,1.869,0.87,106.1402,2.9147,8.7476,1023719.1303,539439.2458
002383.SZ,20170509,43.5,3.8295,2.47,110.2196,3.0267,9.0838,1063064.745,560172.0504
002383.SZ,20170508,45.8,2.2864,1.66,116.0473,3.1867,9.5641,1119272.766,589790.3427
002383.SZ,20170505,45.52,1.6376,1.15,115.3378,3.1672,9.5056,1112430.0504,586184.6376
002383.SZ,20170504,44.6,1.1665,0.78,113.0067,3.1032,9.3135,1089946.842,574337.3206
002383.SZ,20170503,44.68,1.7758,1.31,113.2094,3.1088,9.3302,1091901.9036,575367.5221
002383.SZ,20170502,45.28,0.8847,0.6,114.7297,3.1505,9.4555,1106564.8656,583094.0332
002383.SZ,20170428,44.25,1.4265,0.94,112.1199,3.0789,9.2404,1081393.4475,569830.1892
002383.SZ,20170427,43.8,1.8709,1.35,110.9797,3.0476,9.1465,1070396.226,564035.3059
002383.SZ,20170426,44.41,1.5203,1.08,112.5253,3.09,9.2739,1085303.5707,571890.5921
002383.SZ,20170425,45.27,1.0632,0.66,114.7044,3.1498,9.4534,1106320.4829,582965.258
002383.SZ,20170424,45.26,1.5088,0.91,114.679,3.1492,9.4514,1106076.1002,582836.4828
002383.SZ,20170421,45.55,1.6067,0.93,115.4138,3.1693,9.5119,1113163.1985,586570.9631
002383.SZ,20170420,44.57,1.2425,0.67,112.9307,3.1055,9.3073,1089213.6939,573950.9951
002383.SZ,20170419,44.32,1.5863,0.62,112.2973,3.088,9.2551,1083104.1264,570731.6155
002383.SZ,20170418,45.07,2.0809,0.52,114.1976,3.1403,9.4117,1101432.8289,580389.7543
002383.SZ,20170417,45.54,1.7955,0.39,115.3885,3.173,9.5098,1112918.8158,586442.1879
002383.SZ,20170414,46.6,1.9134,0.38,118.0743,3.2469,9.7312,1138823.382,600092.3574
002383.SZ,20170413,46.3,1.8893,0.35,117.3142,3.226,9.6685,1131491.901,596229.1019
002383.SZ,20170412,46.6,5.2029,0.94,118.0743,3.2469,9.7312,1138823.382,600092.3574
002383.SZ,20170410,48.14,9.1198,1.92,121.9763,3.3542,10.0528,1176458.3178,619923.7358
002383.SZ,20170407,53.49,4.9418,0.93,135.5321,3.727,11.17,1307203.0623,688818.4592
002383.SZ,20170406,54.26,4.0205,0.72,137.4831,3.7806,11.3308,1326020.5302,698734.1484
002383.SZ,20170405,55.43,4.0501,0.6,140.4476,3.8621,11.5751,1354613.3061,713800.8449
002383.SZ,20170331,54.74,5.6405,0.73,138.6993,3.8141,11.431,1337750.8998,704915.3572
002383.SZ,20170330,53.67,5.0809,0.48,135.9881,3.7395,11.2076,1311601.9509,691136.4125
002383.SZ,20170329,54.5,7.9124,0.8,138.0912,3.7973,11.3809,1331885.715,701824.7528
002383.SZ,20170328,52.25,5.3014,0.58,132.3902,3.6406,10.911,1276899.6075,672850.3364
002383.SZ,20170327,53.54,9.5382,1.26,135.6587,3.7304,11.1804,1308424.9758,689462.3351
002383.SZ,20170324,56.35,11.0287,1.95,142.7787,3.9262,11.7672,1377096.5145,725648.1618
002383.SZ,20170323,58.5,19.0969,9.19,148.2263,4.076,12.2162,1429638.795,753334.8264
002383.SZ,20170322,54.56,4.2111,2.96,220.1082,3.8081,17.612,1333352.0112,702597.4039
002383.SZ,20170104,49.6,2.0872,1.68,200.0984,3.5225,16.0109,1212138.192,638724.9126
002383.SZ,20170103,49.21,1.4122,1.03,198.525,3.4948,15.885,1202607.2667,633702.6805
002383.SZ,20161230,49.5,1.5102,0.91,199.6949,3.5154,15.9786,1209694.365,637437.1608
002383.SZ,20161229,49.85,1.1663,0.64,201.1069,3.5402,16.0916,1218247.7595,641944.2922
002383.SZ,20161228,50.19,0.9394,0.48,202.4786,3.5644,16.2014,1226556.7713,646322.6485
002383.SZ,20161227,51.19,1.1972,0.56,206.5128,3.6354,16.5242,1250995.0413,659200.1669
002383.SZ,20161226,51.0,2.0609,0.9,205.7463,3.6219,16.4629,1246351.77,656753.4384
002383.SZ,20161223,51.17,2.9189,1.39,206.4321,3.634,16.5177,1250506.2759,658942.6165
002383.SZ,20161222,50.37,1.9952,0.95,203.2047,3.5771,16.2595,1230955.6599,648640.6018
002383.SZ,20161221,50.91,1.5165,0.61,205.3832,3.6155,16.4338,1244152.3257,655594.4617
002383.SZ,20161220,50.77,2.1582,0.7,204.8184,3.6056,16.3886,1240730.9679,653791.6092
002383.SZ,20161219,49.89,2.8501,0.83,201.2683,3.5431,16.1045,1219225.2903,642459.393
002383.SZ,20161216,48.49,2.0,0.52,195.6203,3.4436,15.6526,1185011.7123,624430.8672
002383.SZ,20161215,48.5,2.0124,0.52,195.6607,3.4443,15.6558,1185256.095,624559.6424
002383.SZ,20161214,47.52,3.4658,0.97,191.7071,3.3747,15.3395,1161306.5904,611939.6744
002383.SZ,20161213,46.4,5.0073,1.49,187.1888,3.2952,14.978,1133935.728,597516.8538
002383.SZ,20161212,47.52,4.6877,1.34,191.7071,3.3747,15.3395,1161306.5904,611939.6744
002383.SZ,20161209,50.4,4.0776,1.01,203.3257,3.5793,16.2692,1231688.808,649026.9274
002383.SZ,20161208,49.2,2.0765,0.36,198.4847,3.4941,15.8818,1202362.884,633573.9053
002383.SZ,20161207,49.97,2.1039,0.26,201.591,3.5487,16.1304,1221180.3519,643489.5944
002383.SZ,20161206,49.43,3.8033,0.43,199.4125,3.5104,15.9561,1207983.6861,636535.7345
002383.SZ,20161205,49.4,5.3815,0.61,199.2915,3.5083,15.9464,1207250.538,636149.409
002383.SZ,20161202,51.6,6.9033,0.79,208.1668,3.6645,16.6565,1261014.732,664479.9494
002383.SZ,20161201,53.87,10.4532,1.39,217.3246,3.8257,17.3893,1316489.6049,693711.9162
002383.SZ,20161130,50.0,13.3102,2.48,201.712,3.5509,16.1401,1221913.5,643875.92
002383.SZ,20161124,54.6,8.4757,1.98,220.2696,3.8776,17.6249,1334329.542,703112.5046
002383.SZ,20161123,50.15,4.9968,1.26,202.3172,3.5615,16.1885,1225579.2405,645807.5478
002383.SZ,20161122,50.01,6.3172,2.03,201.7524,3.5516,16.1433,1222157.8827,644004.6952
002383.SZ,20161121,50.01,4.5689,1.7,201.7524,3.5516,16.1433,1222157.8827,644004.6952
002383.SZ,20161118,48.12,2.4949,0.82,194.1277,3.4174,15.5332,1175969.5524,619666.1854
002383.SZ,20161117,47.36,3.0346,1.01,191.0617,3.3634,15.2879,1157396.4672,609879.2714
002383.SZ,20161116,48.23,3.3694,1.23,194.5714,3.4252,15.5687,1178657.7621,621082.7124
002383.SZ,20161115,47.35,2.1069,0.82,191.0213,3.3627,15.2846,1157152.0845,609750.4962
002383.SZ,20161114,46.6,2.4511,1.01,187.9956,3.3094,15.0425,1138823.382,600092.3574
002383.SZ,20161111,46.75,4.3052,2.3,188.6008,3.3201,15.0909,1142489.1225,602023.9852
002383.SZ,20161110,44.9,2.7737,1.55,181.1374,3.1887,14.4938,1097278.323,578200.5762
002383.SZ,20161109,43.43,2.0585,1.15,175.2071,3.0843,14.0192,1061354.0661,559270.6241
002383.SZ,20161108,44.02,1.3221,0.69,177.5873,3.1262,14.2097,1075772.6454,566868.36
002383.SZ,20161107,44.31,1.6604,0.87,178.7572,3.1468,14.3033,1082859.7437,570602.8403
002383.SZ,20161104,44.58,1.5605,0.7,179.8465,3.166,14.3905,1089458.0766,574079.7703
002383.SZ,20161103,44.8,2.3316,0.86,180.734,3.1816,14.4615,1094834.496,576912.8243
002383.SZ,20161102,44.2,2.0476,0.67,178.3135,3.139,14.2678,1080171.534,569186.3133
002383.SZ,20161101,44.2,2.0322,0.69,178.3135,3.139,14.2678,1080171.534,569186.3133
002383.SZ,20161031,44.05,1.6104,0.55,177.7083,3.1283,14.2194,1076505.7935,567254.6855
002383.SZ,20161028,43.7,3.065,1.21,176.2963,3.1035,14.1064,1067952.399,562747.5541
002383.SZ,20161027,44.7,4.806,2.64,180.3306,3.1712,14.4292,1092390.669,575625.0725
002383.SZ,20161026,43.16,3.6543,2.72,174.1178,3.062,13.9321,1054755.7332,555793.6941
002383.SZ,20161025,41.55,1.5205,1.03,167.6227,2.9477,13.4124,1015410.1185,535060.8895
002383.SZ,20161024,40.98,1.6179,0.87,165.3232,2.9073,13.2284,1001480.3046,527720.704
002383.SZ,20161021,41.37,1.0736,0.57,166.8966,2.935,13.3543,1011011.2299,532742.9362
002383.SZ,20161020,41.49,1.234,0.63,167.3807,2.9435,13.393,1013943.8223,534288.2384
002383.SZ,20161019,41.75,1.2731,0.67,168.4296,2.9619,13.4769,1020297.7725,537636.3932
002383.SZ,20161018,42.0,2.1925,1.21,169.4381,2.9797,13.5576,1026407.34,540855.7728
002383.SZ,20161017,40.6,3.5383,2.14,163.7902,2.8803,13.1057,992193.762,522827.247
002383.SZ,20161014,42.0,1.249,0.78,169.4381,2.9797,13.5576,1026407.34,540855.7728
002383.SZ,20161013,42.39,1.4768,0.93,171.0115,3.0073,13.6835,1035938.2653,545878.005
002383.SZ,20161012,41.66,1.0895,0.62,168.0665,2.9555,13.4479,1018098.3282,536477.4165
002383.SZ,20161011,42.21,1.6754,0.84,170.2853,2.9946,13.6254,1031539.3767,543560.0517
002383.SZ,20161010,42.2,2.7588,1.57,170.245,2.9939,13.6222,1031294.994,543431.2765
002383.SZ,20160930,40.8,0.9749,0.48,164.597,2.8945,13.1703,997081.416,525402.7507
002383.SZ,20160929,40.79,1.4123,0.6,164.5567,2.8938,13.1671,996837.0333,525273.9755
002383.SZ,20160928,40.61,1.9578,0.87,163.8305,2.8811,13.1089,992438.1447,522956.0222
002383.SZ,20160927,40.32,2.5756,1.43,162.6606,2.8605,13.0153,985351.0464,584095.426
002383.SZ,20160926,39.35,1.3664,0.72,128.1818,4.2563,10.2565,776488.3873,570043.5271
002383.SZ,20160923,40.1,2.073,1.0,130.6249,4.3374,10.452,791288.0389,580908.3974
002383.SZ,20160922,40.4,2.6773,1.3,131.6021,4.3699,10.5302,797207.8995,585254.3455
002383.SZ,20160921,40.42,1.3591,0.56,131.6673,4.372,10.5354,797602.5569,585544.0754
002383.SZ,20160920,40.89,1.5525,0.56,133.1983,4.4229,10.6579,806877.0052,592352.7274
002383.SZ,20160919,40.88,1.7918,0.52,133.1657,4.4218,10.6553,806679.6765,592207.8625
002383.SZ,20160914,40.75,2.984,0.75,132.7423,4.4077,10.6214,804114.4036,590324.6183
002383.SZ,20160913,39.75,2.6146,0.67,129.4848,4.2996,10.3608,784381.5348,575838.1246
002383.SZ,20160912,38.53,3.2349,0.9,125.5107,4.1676,10.0428,760307.4349,558164.6023
002383.SZ,20160909,40.91,3.2508,0.95,133.2635,4.425,10.6631,807271.6626,592642.4573
002383.SZ,20160908,41.4,5.2262,1.9,134.8596,4.478,10.7908,816940.7683,599740.8392
002383.SZ,20160907,39.99,5.6212,2.63,130.2666,4.3255,10.4233,789117.4233,579314.8831
002383.SZ,20160906,38.3,2.1447,0.97,124.7614,4.1427,9.9828,755768.875,554832.7087
002383.SZ,20160905,37.0,1.689,0.71,120.5267,4.0021,9.644,730116.1456,536000.2669
002383.SZ,20160902,37.42,2.3466,0.91,121.8949,4.0475,9.7535,738403.9505,542084.5943
002383.SZ,20160901,38.0,1.9718,0.64,123.7842,4.1103,9.9046,749849.0144,550486.7606
002383.SZ,20160831,38.26,2.5291,0.87,124.6311,4.1384,9.9724,754979.5603,554253.249
002383.SZ,20160830,37.9,2.5328,0.9,123.4584,4.0995,9.8786,747875.7275,549038.1112
002383.SZ,20160829,37.96,2.4317,0.87,123.6539,4.106,9.8942,749059.6996,549907.3009
002383.SZ,20160826,37.59,3.4595,1.37,122.4486,4.0659,9.7978,741758.5382,544547.2982
002383.SZ,20160825,37.8,4.3808,2.09,123.1327,4.0887,9.8525,745902.4406,547589.4619
002383.SZ,20160824,36.81,1.7839,0.76,119.9078,3.9816,9.5945,726366.9005,533247.8331
002383.SZ,20160823,36.28,1.9857,0.86,118.1813,3.9242,9.4563,715908.4801,525569.9914
002383.SZ,20160822,35.71,2.3837,1.01,116.3246,3.8626,9.3077,704660.7448,517312.69
002383.SZ,20160819,36.82,2.122,1.0,119.9404,3.9826,9.5971,726564.2292,533392.698
002383.SZ,20160818,36.55,2.2148,1.07,119.0609,3.9534,9.5267,721236.3546,529481.3447
002383.SZ,20160817,36.47,2.9865,1.6,118.8003,3.9448,9.5058,719657.7251,528322.4252
002383.SZ,20160816,35.69,1.7989,1.0,116.2594,3.8604,9.3025,704266.0875,517022.9602
002383.SZ,20160815,35.57,2.6285,1.46,115.8685,3.8474,9.2713,701898.1432,515284.5809
002383.SZ,20160812,34.77,1.0119,0.5,113.2625,3.8648,9.0627,686111.8482,503695.3859
002383.SZ,20160811,34.24,1.9675,1.0,111.5361,3.8059,8.9246,675653.4277,496017.5443
002383.SZ,20160810,35.02,1.9205,1.04,114.0769,3.8926,9.1279,691045.0654,507317.0094
002383.SZ,20160809,35.17,1.5085,0.87,114.5655,3.9093,9.167,694004.9957,509489.9834
002383.SZ,20160808,35.26,2.5696,1.63,114.8587,3.9193,9.1905,695780.9539,510793.7679
002383.SZ,20160805,34.2,2.0977,1.35,111.4058,3.8015,8.9142,674864.113,495438.0845
002383.SZ,20160804,33.86,1.7093,0.93,110.2982,3.7637,8.8255,668154.9376,490512.6767
002383.SZ,20160803,33.87,1.3834,0.56,110.3308,3.7648,8.8282,668352.2663,490657.5416
002383.SZ,20160802,34.1,0.9144,0.3,111.08,3.7903,8.8881,672890.8261,493989.4352
002383.SZ,20160801,33.82,1.7583,0.48,110.1679,3.7592,8.8151,667365.6228,489933.2169
002383.SZ,20160729,34.26,2.0167,0.53,111.6012,3.8081,8.9298,676048.0851,496307.2742
002383.SZ,20160728,35.01,3.1249,0.82,114.0443,3.8915,9.1253,690847.7367,507172.1444
002383.SZ,20160727,35.21,4.6167,1.35,114.6958,3.9137,9.1774,694794.3104,510069.4432
002383.SZ,20160726,36.83,3.6366,1.13,119.9729,4.0938,9.5997,726761.5579,533537.563
002383.SZ,20160725,36.7,4.8912,1.64,119.5495,4.0793,9.5658,724196.285,531654.3188
002383.SZ,20160722,35.56,2.7753,0.8,115.8359,3.9526,9.2686,701700.8145,515139.716
002383.SZ,20160721,35.25,3.1975,0.94,114.8261,3.9182,9.1878,695583.6252,510648.9029
002383.SZ,20160720,35.61,2.5956,0.69,115.9988,3.9582,9.2817,702687.458,515864.0407
002383.SZ,20160719,35.16,2.6576,0.64,114.533,3.9082,9.1644,693807.667,509345.1185
002383.SZ,20160718,34.55,3.6699,0.84,112.5459,3.8404,9.0054,681770.617,500508.3573
002383.SZ,20160715,35.42,5.2723,1.31,115.3799,3.9371,9.2322,698938.2129,513111.6069
002383.SZ,20160714,36.84,2.9035,0.67,120.0055,4.0949,9.6023,726958.8866,533682.4279
002383.SZ,20160713,36.84,4.2119,1.0,120.0055,4.0949,9.6023,726958.8866,533682.4279
002383.SZ,20160712,35.89,4.6668,1.06,116.9109,3.9893,9.3547,708212.6612,519920.2589
002383.SZ,20160711,35.65,4.9188,1.03,116.1291,3.9626,9.2921,703476.7727,516443.5004
002383.SZ,20160708,36.78,3.3563,0.63,119.8101,4.0882,9.5866,725774.9145,532813.2383
002383.SZ,20160707,36.65,4.5826,0.79,119.3866,4.0738,9.5528,723209.6415,530929.9941
002383.SZ,20160706,37.7,3.472,0.59,122.807,4.1905,9.8264,743929.1538,546140.8125
002383.SZ,20160705,37.95,5.7723,0.97,123.6213,4.2183,9.8916,748862.371,549762.4359
002383.SZ,20160704,37.89,6.709,1.22,123.4259,4.2116,9.876,747678.3988,548893.2463
002383.SZ,20160701,36.73,6.0316,1.09,119.6472,4.0827,9.5736,724788.271,532088.9136
002383.SZ,20160630,35.83,6.8516,1.19,116.7155,3.9826,9.339,707028.6891,519051.0693
002383.SZ,20160622,35.3,4.1747,0.69,114.989,3.9237,9.2009,696570.2686,511373.2276
002383.SZ,20160621,34.9,6.0619,1.04,113.686,3.8793,9.0966,688677.1211,505578.6301
002383.SZ,20160620,34.62,4.2917,0.6,112.7739,3.8481,9.0236,683151.9179,501522.4119
002383.SZ,20160617,34.4,6.2637,0.81,112.0573,3.8237,8.9663,678810.6867,498335.3833
002383.SZ,20160616,34.1,7.9322,1.19,111.08,3.7903,8.8881,672890.8261,493989.4352
002383.SZ,20160615,34.1,5.7797,0.97,111.08,3.7903,8.8881,672890.8261,493989.4352
002383.SZ,20160614,32.3,4.9981,0.9,105.2166,3.5903,8.4189,637371.6622,467913.7465
002383.SZ,20160613,32.29,10.6438,2.61,105.184,3.5892,8.4163,637174.3336,467768.8816
002383.SZ,20160608,33.27,9.5256,3.26,108.3763,3.6981,8.6718,656512.545,481965.6454
002383.SZ,20160607,31.06,2.2883,0.69,101.1773,3.4524,8.0957,612902.9049,449950.4943
002383.SZ,20160606,30.83,2.3063,0.69,100.4281,3.4269,8.0358,608364.3451,446618.6008
002383.SZ,20160603,30.71,2.9842,0.92,100.0372,3.4135,8.0045,605996.4008,444880.2215
002383.SZ,20160602,30.91,3.2641,1.03,100.6887,3.4358,8.0566,609942.9746,447777.5203
002383.SZ,20160601,30.75,3.7618,1.15,100.1675,3.418,8.0149,606785.7156,445459.6813
002383.SZ,20160531,31.01,4.1826,1.38,101.0144,3.4469,8.0827,611916.2615,449226.1696
002383.SZ,20160530,29.29,2.4436,0.74,95.4116,3.2557,7.6344,577975.7272,424309.4005
002383.SZ,20160527,29.8,2.5767,0.71,97.0729,3.3124,7.7673,588039.4902,431697.5123
002383.SZ,20160526,29.78,2.8411,0.79,97.0077,3.3102,7.7621,587644.8329,431407.7824
002383.SZ,20160525,29.2,4.3786,1.27,95.1184,3.2457,7.6109,576199.769,423005.616
002383.SZ,20160524,28.7,2.8965,0.76,93.4896,3.1901,7.4806,566333.3346,415762.3692
002383.SZ,20160523,29.41,3.8465,1.05,95.8025,3.269,7.6657,580343.6714,426047.7797
002383.SZ,20160520,28.77,4.3779,1.15,93.7177,3.1979,7.4988,567714.6354,408911.917
002383.SZ,20160519,27.68,2.5566,0.62,90.167,3.0767,7.2147,546205.8084,393419.5989
002383.SZ,20160518,27.31,3.7384,0.91,88.9617,3.0356,7.1183,538904.6469,388160.7387
002383.SZ,20160517,28.48,4.9024,1.33,92.773,3.1657,7.4233,561992.1034,404790.1076
002383.SZ,20160516,27.68,3.0706,0.79,90.167,3.0767,7.2147,546205.8084,393419.5989
002383.SZ,20160513,27.19,4.7414,1.15,88.5709,3.0223,7.087,536536.7027,386455.1624
002383.SZ,20160512,27.74,4.1445,0.93,90.3625,3.0834,7.2304,547389.7805,394272.3871
002383.SZ,20160511,28.4,3.5941,0.7,92.5124,3.1568,7.4024,560413.4739,403653.0567
002383.SZ,20160510,29.42,2.8797,0.51,95.835,3.2701,7.6683,580541.0001,418150.4552
002383.SZ,20160509,29.04,4.0016,0.71,94.5972,3.2279,7.5692,573042.51,412749.4636
002383.SZ,20160506,30.78,6.0493,1.07,100.2652,3.4213,8.0228,607377.7017,427628.827
002383.SZ,20160505,33.8,5.9363,1.18,110.1028,3.757,8.8099,666970.9654,469585.9113
002383.SZ,20160504,32.89,7.2308,1.72,107.1385,3.6558,8.5727,649014.0548,456943.2137
002383.SZ,20160503,31.85,5.4783,1.47,103.7507,3.5402,8.3016,628491.8713,442494.4165
002383.SZ,20160429,30.4,3.9539,1.06,99.0274,3.3791,7.9237,599879.2115,422349.4587
002383.SZ,20160428,29.92,5.7665,1.56,97.4638,3.3257,7.7986,590407.4345,415680.7831
002383.SZ,20160427,30.97,2.7189,0.55,100.8841,3.4424,8.0723,611126.9467,430268.5111
002383.SZ,20160426,31.49,3.0868,0.51,102.578,3.5002,8.2078,621388.0385,437492.9097
002383.SZ,20160425,31.4,3.1144,0.48,102.2848,3.4902,8.1844,619612.0803,436242.533
002383.SZ,20160422,31.44,3.9018,0.51,102.4151,3.4947,8.1948,620401.3951,436798.256
002383.SZ,20160421,31.65,5.6449,0.77,103.0992,3.518,8.2495,624545.2975,439715.8016
002383.SZ,20160420,33.49,9.0155,1.39,109.093,3.7225,8.7291,660853.7761,465279.0583
002383.SZ,20160419,36.3,8.3476,1.54,118.2465,4.0001,9.4615,716303.1374,504318.5971
002383.SZ,20160418,34.76,5.2904,1.03,113.23,3.8304,9.0601,685914.5195,482923.2627
002383.SZ,20160415,35.67,10.178,2.62,116.1943,3.9307,9.2973,703871.4301,495565.9603
002383.SZ,20160414,34.08,3.7676,0.91,111.0149,3.7554,8.8829,672496.1687,473475.9721
002383.SZ,20160413,33.7,4.8917,1.07,109.777,3.7136,8.7838,664997.6786,468196.6039
002383.SZ,20160412,33.3,3.0519,0.6,108.474,3.6695,8.6796,657104.531,462639.3742
002383.SZ,20160411,33.92,3.7482,0.72,110.4937,3.7378,8.8412,669338.9097,471253.0803
002383.SZ,20160408,33.12,3.9379,0.7,107.8877,3.6497,8.6327,653552.6147,460138.6208
002383.SZ,20160407,33.8,5.1295,0.87,110.1028,3.7246,8.8099,666970.9654,469585.9113
002383.SZ,20160406,34.64,6.9961,1.23,112.8391,3.8172,9.0289,683546.5752,481256.0938
002383.SZ,20160405,34.18,5.4813,0.95,111.3406,3.7665,8.909,674469.4556,474865.2796
002383.SZ,20160401,32.75,4.559,0.71,106.6824,3.6089,8.5362,646251.4532,454998.1833
002383.SZ,20160331,33.67,5.8781,0.77,109.6793,3.7103,8.776,664405.6925,467779.8117
002383.SZ,20160330,33.72,6.4052,0.82,109.8422,3.7158,8.7891,665392.3359,468474.4654
002383.SZ,20160329,32.51,6.0659,0.69,105.9006,3.5824,8.4737,641515.5647,451663.8455
002383.SZ,20160328,33.95,6.0463,0.55,110.5914,3.7411,8.849,669930.8958,471669.8725
002383.SZ,20160325,34.4,7.5655,0.53,112.0573,3.7907,8.9663,678810.6867,477921.7559
002383.SZ,20160324,35.21,12.0724,1.02,114.6958,3.88,9.1774,694794.3104,489175.1461
002383.SZ,20160323,34.22,7.1581,0.62,111.4709,3.7709,8.9194,675258.7703,475421.0025
002383.SZ,20160322,33.92,11.4129,1.11,110.4937,3.7378,8.8412,669338.9097,471253.0803
002383.SZ,20160321,35.1,16.77,2.16,172.9049,3.8679,14.1388,692623.6949,487646.9079
002383.SZ,20160318,35.03,23.7406,5.94,172.5601,3.8601,14.1106,691242.3941,486674.3927
002383.SZ,20160317,36.32,0.2689,0.05,178.9147,4.0023,14.6302,716697.7948,504596.4586
002383.SZ,20151214,40.35,5.0936,0.99,198.7667,4.5835,16.2536,796221.2561,560585.548
002383.SZ,20151211,39.41,5.4907,1.05,194.1362,4.4768,15.8749,777672.3594,547526.0582
002383.SZ,20151210,38.08,4.1435,0.78,187.5846,4.3257,15.3392,751427.6439,529048.2693
002383.SZ,20151209,38.1,4.992,0.95,187.6831,4.328,15.3473,751822.3013,529326.1308
002383.SZ,20151208,39.5,5.7224,1.13,194.5796,4.487,15.9112,779448.3176,548776.4349
002383.SZ,20151207,38.85,5.4435,1.02,191.3776,4.4132,15.6494,766621.9529,539745.9366
002383.SZ,20151204,38.6,5.9571,1.06,190.1461,4.3848,15.5487,761688.7357,536272.668
002383.SZ,20151203,40.24,4.4096,0.75,198.2249,4.571,16.2093,794050.6405,559057.3098
002383.SZ,20151202,38.87,4.8467,0.78,191.4762,4.4154,15.6574,767016.6103,540023.798
002383.SZ,20151201,39.9,4.5524,0.64,196.55,4.5324,16.0723,787341.4651,554333.6646
002383.SZ,20151130,40.6,6.8791,0.94,199.9983,4.6119,16.3543,801154.4733,564058.8166
002383.SZ,20151127,39.0,7.3141,1.01,192.1166,4.4302,15.7098,769581.8832,541829.8977
002383.SZ,20151126,41.95,5.8152,0.82,206.6484,4.7653,16.8981,827793.8462,582814.4669
002383.SZ,20151125,42.16,6.7011,1.01,207.6829,4.7891,16.9827,831937.7486,585732.0125
002383.SZ,20151124,42.4,8.9138,1.39,208.8652,4.8164,17.0794,836673.6371,589066.3503
002383.SZ,20151123,39.73,7.7989,1.31,195.7126,4.5131,16.0038,783986.8774,551971.8419
002383.SZ,20151120,39.1,7.0389,1.01,192.6092,4.4415,15.7501,771555.1701,543219.2051
002383.SZ,20151119,37.41,4.8702,0.66,184.2841,4.2496,15.0693,738206.6218,519739.9096
002383.SZ,20151118,35.93,4.4793,0.57,176.9935,4.0815,14.4731,709001.976,499178.1596
002383.SZ,20151117,36.48,7.9753,1.08,179.7029,4.1439,14.6947,719855.0538,506819.3505
002383.SZ,20151116,36.71,5.3484,0.67,180.8359,4.1701,14.7873,724393.6136,510014.7576
002383.SZ,20151113,35.84,12.2626,1.79,176.5502,4.0712,14.4369,707226.0178,497927.7829
002383.SZ,20151112,39.06,6.9955,0.97,192.4121,4.437,15.734,770765.8553,542663.4822
002383.SZ,20151111,38.4,6.5492,0.85,189.1609,4.362,15.4681,757742.1619,533494.0531
002383.SZ,20151110,37.54,5.7519,0.76,184.9245,4.2643,15.1217,740771.8948,521546.0092
002383.SZ,20151109,38.18,8.316,1.19,188.0772,4.337,15.3795,753400.9308,530437.5768
002383.SZ,20151106,36.9,6.7037,0.99,181.7718,4.1916,14.8639,728142.8587,512654.4417
002383.SZ,20151105,36.0,8.8856,1.48,177.3384,4.0894,14.5013,710383.2768,500150.6748
002383.SZ,20151104,35.0,8.6966,1.5,172.4123,3.9758,14.0985,690650.408,486257.6005
002383.SZ,20151103,33.0,5.0294,0.71,162.5602,3.7486,13.2929,651184.6704,458471.4519
002383.SZ,20151102,33.28,5.6948,0.74,163.9395,3.7804,13.4057,656709.8737,462361.5127
002383.SZ,20151030,34.9,5.5226,0.67,171.9197,3.9645,14.0582,688677.1211,484868.2931
002383.SZ,20151029,35.47,5.1758,0.58,174.7275,4.0473,14.2879,699924.8563,492787.3454
002383.SZ,20151028,35.35,7.5318,0.77,174.1364,4.0336,14.2395,697556.9121,491120.1765
002383.SZ,20151027,37.57,11.7101,1.2,185.0723,4.2869,15.1338,741363.8808,521962.8015
002383.SZ,20151026,34.68,8.5783,0.88,170.836,3.9571,13.9696,684335.89,481811.8167
002383.SZ,20151023,33.26,8.4867,0.93,163.8409,3.7951,13.3976,656315.2163,462083.6512
002383.SZ,20151022,32.67,8.2072,0.95,160.9346,3.7278,13.16,644672.8237,453886.7374
002383.SZ,20151021,31.76,11.6236,1.62,156.4518,3.6239,12.7934,626715.9131,441244.0398
002383.SZ,20151020,35.29,12.0064,2.11,173.8409,4.0267,14.2153,696372.94,490286.592
002383.SZ,20151019,32.08,8.221,1.57,158.0282,3.6604,12.9223,633030.4311,445689.8235
002383.SZ,20151016,32.98,5.4198,1.04,162.4616,3.7631,13.2848,650790.013,458193.5904
002383.SZ,20151015,33.15,6.0871,1.19,163.2991,3.7825,13.3533,654144.6007,460555.413
002383.SZ,20151014,31.8,4.2179,0.85,156.6489,3.6285,12.8095,627505.2278,441799.7627
002383.SZ,20151013,32.87,4.5366,0.94,161.9198,3.7506,13.2405,648619.3975,456665.3522
002383.SZ,20151012,32.1,5.9491,1.26,158.1267,3.6627,12.9304,633425.0885,445967.685
002383.SZ,20151009,30.36,5.3,1.02,149.5553,3.4642,12.2295,599089.8968,421793.7357
002383.SZ,20151008,30.4,5.4917,1.02,149.7524,3.4687,12.2456,599879.2115,422349.4587
002383.SZ,20150930,28.38,3.6237,0.64,139.8017,3.2383,11.4319,560018.8165,394285.4486
002383.SZ,20150929,28.07,3.6925,0.56,138.2747,3.2029,11.307,553901.6272,389978.5956
002383.SZ,20150928,29.3,5.4943,0.78,144.3337,3.3432,11.8025,578173.0558,407067.077
002383.SZ,20150925,28.57,7.7076,1.17,140.7377,3.2599,11.5084,563768.0616,396925.1328
002383.SZ,20150924,28.76,6.3408,0.88,141.6736,3.2816,11.585,567517.3067,399564.8169
002383.SZ,20150923,28.09,5.063,0.65,138.3732,3.2052,11.3151,554296.2846,390256.4571
002383.SZ,20150922,28.8,8.6595,1.28,141.8707,3.2862,11.6011,568306.6214,400120.5398
002383.SZ,20150921,27.4,7.2891,1.2,134.9742,3.1264,11.0371,540680.6051,380670.2358
002383.SZ,20150918,25.8,5.4713,0.92,127.0925,2.9439,10.3926,509108.015,358441.3169
002383.SZ,20150917,25.88,9.3915,1.91,127.4866,2.953,10.4249,510686.6445,359552.7629
002383.SZ,20150916,27.05,8.0027,1.88,133.2501,3.0865,10.8961,533774.101,375807.6598
002383.SZ,20150915,24.59,3.7165,0.86,121.132,2.8058,9.9052,485231.2438,341630.697
002383.SZ,20150914,27.32,3.79,0.88,134.5801,3.1173,11.0049,539101.9756,379558.7899
002383.SZ,20150911,30.36,4.8342,1.12,149.5553,3.4642,12.2295,599089.8968,421793.7357
002383.SZ,20150910,28.82,4.1787,0.94,141.9692,3.2885,11.6091,568701.2788,400398.4013
002383.SZ,20150909,29.7,4.729,0.96,146.3041,3.3889,11.9636,586066.2034,412624.3067
002383.SZ,20150908,28.08,3.9582,0.7,138.3239,3.204,11.311,554098.9559,390117.5263
002383.SZ,20150907,26.59,3.7604,0.59,130.9841,3.034,10.7109,524696.9814,369416.8456
002383.SZ,20150902,26.14,4.917,0.7,128.7674,2.9827,10.5296,515817.1904,363164.9622
002383.SZ,20150901,29.03,4.9111,0.72,143.0037,3.3124,11.6937,572845.1813,403315.9469
002383.SZ,20150831,32.25,7.1014,1.2,158.8656,3.6798,12.9908,636385.0188,448051.6462
002383.SZ,20150828,32.26,7.7826,1.45,158.9149,3.681,12.9948,636582.3475,448190.5769
002383.SZ,20150827,29.33,6.8998,1.27,144.4815,3.3467,11.8146,578765.0419,407483.8692
002383.SZ,20150826,29.15,8.2084,1.54,143.5948,3.3261,11.7421,575213.1255,404983.1158
002383.SZ,20150825,32.39,4.229,0.65,159.5553,3.6958,13.0472,639147.6204,449996.6766
002383.SZ,20150824,35.99,2.4446,0.32,177.2891,4.1066,14.4973,710185.9481,500011.7441
002383.SZ,20150821,39.99,5.1121,0.59,196.9934,4.563,16.1086,789117.4233,555584.0413
002383.SZ,20150820,43.11,7.1715,0.66,212.3627,4.919,17.3654,850683.974,598930.4331
002383.SZ,20150819,43.66,7.6281,0.8,215.072,4.9818,17.5869,861537.0518,606571.6239
002383.SZ,20150818,41.25,10.292,1.37,203.2002,4.7068,16.6161,813980.838,573089.3149
002383.SZ,20150817,44.51,7.4175,1.22,219.2592,5.0787,17.9293,878309.9903,618380.7371
002383.SZ,20150814,46.0,10.6006,2.56,226.599,5.2488,18.5295,907711.9648,639081.4178
002383.SZ,20150813,45.06,18.6699,10.75,221.9685,5.1415,18.1508,889163.0681,626021.928
002383.SZ,20150812,40.96,0.9079,0.3,201.7716,4.6737,16.4993,808258.306,569060.3233
002383.SZ,20150811,37.24,0.0147,0.0,183.4467,4.2492,15.0008,734852.0341,517378.0869
002383.SZ,20150810,33.85,0.3034,0.05,166.7473,3.8624,13.6353,667957.6089,470280.5651
002383.SZ,20150707,30.77,0.8675,0.1,151.575,3.5578,12.3946,607180.373,402566.1962
002383.SZ,20150706,34.19,7.0559,0.88,168.4222,3.9533,13.7722,674666.7843,447310.3103
002383.SZ,20150703,37.99,8.0717,1.15,187.1412,4.3927,15.3029,749651.6857,497025.9927
002383.SZ,20150702,42.21,9.0016,1.4,207.9292,4.8806,17.0028,832924.392,552236.5662
002383.SZ,20150701,46.9,9.8617,1.81,231.0325,5.4229,18.892,925471.5467,613596.1847
002383.SZ,20150630,45.23,8.7023,1.89,222.8059,5.2298,18.2193,892517.6558,591747.4506
002383.SZ,20150629,42.25,4.2365,0.86,208.1263,4.8852,17.0189,833713.7068,552759.8892
002383.SZ,20150626,46.94,3.1855,0.62,231.2295,5.4275,18.9081,926260.8615,614119.5076
002383.SZ,20150625,52.16,6.1513,1.24,256.9436,6.0311,21.0108,1029266.4366,682413.1555
002383.SZ,20150624,53.68,4.9097,0.99,264.4312,6.2069,21.6231,1059260.3972,702299.4284
002383.SZ,20150623,53.3,4.4875,0.87,262.5593,6.1629,21.47,1051761.907,697327.8602
002383.SZ,20150619,52.33,6.0111,1.18,257.781,6.0508,21.0793,1032621.0243,684637.2781
002383.SZ,20150618,58.1,4.113,0.77,286.2044,6.7179,23.4036,1146479.6773,760126.6168
002383.SZ,20150617,62.48,5.2541,0.92,307.7806,7.2244,25.1679,1232909.6426,817430.4823
002383.SZ,20150616,59.31,4.9692,0.85,292.1649,6.8578,23.891,1170356.4485,775957.1367
002383.SZ,20150615,60.5,5.3938,0.8,298.027,6.9954,24.3703,1193838.5624,791525.9952
002383.SZ,20150612,64.08,5.7599,0.67,315.6623,7.4094,25.8124,1264482.2327,838363.4011
002383.SZ,20150611,62.1,5.3775,0.68,305.9087,7.1804,25.0148,1225411.1525,812458.914
002383.SZ,20150610,63.5,6.9257,1.07,312.8052,7.3423,25.5788,1253037.1688,830775.2181
002383.SZ,20150609,62.72,5.6096,0.77,308.9628,7.2521,25.2646,1237645.5311,820570.4201
002383.SZ,20150608,60.72,9.8402,1.67,299.1107,7.0209,24.4589,1198179.7935,794404.2715
002383.SZ,20150605,60.7,14.9391,4.17,299.0122,7.0186,24.4509,1197785.1362,794142.61
002383.SZ,20150604,55.25,2.0779,0.55,272.1651,6.3884,22.2555,1090241.0012,722839.8551
002383.SZ,20150603,50.23,0.042,0.01,247.4363,5.808,20.2334,991181.9998,657162.8221
002383.SZ,20150506,45.66,9.3389,2.3,213.379,6.0486,17.4485,854755.2,597373.1725
002383.SZ,20150505,42.8,3.1347,0.67,200.0136,5.6698,16.3555,801216.0,559955.58
002383.SZ,20150504,44.53,3.2995,0.62,208.0983,5.8989,17.0166,833601.6,582589.2986
002383.SZ,20150430,45.37,3.1468,0.55,212.0238,6.0102,17.3376,849326.4,593579.081
002383.SZ,20150429,45.47,4.1306,0.56,212.4911,6.0235,17.3759,851198.4,594887.3884
002383.SZ,20150428,44.0,6.6293,0.85,205.6215,5.8287,16.8141,823680.0,575655.2692
002383.SZ,20150427,44.62,7.3189,0.78,852.2187,5.8695,13.4777,835286.4,489105.4453
002383.SZ,20150424,44.85,7.7375,0.84,856.6116,5.8998,13.5471,839592.0,491626.6074
002383.SZ,20150423,43.15,6.5268,0.72,824.1425,5.6762,13.0336,807768.0,472991.931
002383.SZ,20150422,43.26,14.3108,1.87,826.2434,5.6906,13.0669,809827.2,474197.7042
002383.SZ,20150421,40.25,10.6664,1.61,768.754,5.2947,12.1577,753480.0,441203.3656
002383.SZ,20150420,36.6,7.5287,1.12,699.0409,4.8145,11.0552,685152.0,401193.6194
002383.SZ,20150417,37.92,7.0092,1.05,724.2522,4.9882,11.4539,709862.4,415662.8975
002383.SZ,20150416,37.65,5.9238,0.81,719.0953,4.9527,11.3723,704808.0,412703.2724
002383.SZ,20150415,37.56,7.1207,0.95,717.3764,4.9408,11.3452,703123.2,411716.7307
002383.SZ,20150414,39.56,5.6363,0.71,755.5753,5.2039,11.9493,740563.2,433639.8793
002383.SZ,20150413,40.02,8.0232,0.99,764.3611,5.2644,12.0882,749174.4,438682.2035
002383.SZ,20150410,39.8,6.6827,0.67,760.1592,5.2355,12.0218,745056.0,436270.6571
002383.SZ,20150409,38.55,9.0397,0.82,736.2849,5.071,11.6442,721656.0,422568.6893
002383.SZ,20150408,40.3,7.9108,0.65,769.709,5.3012,12.1728,754416.0,441751.4443
002383.SZ,20150407,40.97,7.9603,0.59,782.5056,5.3894,12.3752,766958.4,449095.6991
002383.SZ,20150403,40.99,9.066,0.67,782.8876,5.392,12.3812,767332.8,449314.9306
002383.SZ,20150402,40.73,15.6674,1.19,777.9217,5.3578,12.3027,762465.6,446464.9212
002383.SZ,20150401,38.84,14.4312,1.25,741.8237,5.1092,11.7318,727084.8,425747.5458
002383.SZ,20150331,37.45,13.5073,1.24,715.2754,4.9263,11.3119,701064.0,410510.9575
002383.SZ,20150330,38.64,14.668,1.5,738.0038,5.0829,11.6714,723340.8,423555.231
002383.SZ,20150327,35.13,9.5528,1.09,670.9647,4.6212,10.6112,657633.6,385080.1052
002383.SZ,20150326,34.2,13.4237,1.89,653.2021,4.4988,10.3303,640224.0,374885.8411
002383.SZ,20150325,37.55,6.7673,1.0,717.1854,4.9395,11.3421,702936.0,411607.115
002383.SZ,20150324,38.0,10.1893,1.62,725.7802,4.9987,11.4781,711360.0,416539.8234
002383.SZ,20150323,37.21,8.9327,1.41,710.6916,4.8948,11.2394,696571.2,407880.1797
002383.SZ,20150320,37.95,4.6583,0.68,724.8252,4.9921,11.463,710424.0,415991.7447
002383.SZ,20150319,37.3,4.9945,0.74,712.4105,4.9066,11.2666,698256.0,408866.7214
002383.SZ,20150318,37.13,4.9771,0.73,709.1636,4.8843,11.2153,695073.6,407003.2538
002383.SZ,20150317,35.75,7.9249,1.13,682.8063,4.7027,10.7984,669240.0,391876.2812
002383.SZ,20150316,35.7,9.1973,1.6,681.8514,4.6961,10.7833,668304.0,391328.2025
002383.SZ,20150313,33.19,7.2352,1.28,633.9117,4.366,10.0252,621316.8,363814.651
002383.SZ,20150312,30.79,4.4512,0.7,588.0729,4.0503,9.3003,576388.8,337506.8727
002383.SZ,20150311,32.39,5.0626,0.83,618.6321,4.2607,9.7835,606340.8,355045.3916
002383.SZ,20150310,31.7,9.1594,1.61,605.4534,4.17,9.5751,593424.0,347481.9053
002383.SZ,20150309,30.3,2.8494,0.47,578.7142,3.9858,9.1522,567216.0,332135.7013
002383.SZ,20150306,29.9,6.7969,1.22,571.0744,3.9332,9.0314,559728.0,327751.0716
002383.SZ,20150305,30.54,7.8019,1.66,583.2981,4.0174,9.2247,571708.8,334766.4791
002383.SZ,20150304,29.28,3.9192,0.8,559.2327,3.8516,8.8442,548121.6,320954.8955
002383.SZ,20150303,28.99,6.996,1.73,553.6939,3.8135,8.7566,542692.8,317776.039
002383.SZ,20150302,28.76,5.1113,1.29,549.301,3.7832,8.6871,538387.2,315254.8769
002383.SZ,20150227,28.52,4.0717,1.07,544.7171,3.9544,8.6146,533894.4,312624.099
002383.SZ,20150226,27.82,3.4019,0.93,531.3475,3.8574,8.4032,520790.4,304950.997
002383.SZ,20150225,28.19,4.7806,1.52,538.4143,3.9087,8.5149,527716.8,309006.7795
002383.SZ,20150217,27.91,2.8835,0.85,533.0664,3.8698,8.4303,522475.2,305937.5387
002383.SZ,20150216,28.17,4.6198,1.28,538.0323,3.9059,8.5089,527342.4,308787.548
002383.SZ,20150213,26.37,3.3867,0.92,503.6532,3.6563,7.9652,493646.4,289056.7143
002383.SZ,20150212,26.13,2.7028,0.59,499.0694,3.623,7.8927,489153.6,286425.9365
002383.SZ,20150211,26.26,2.1209,0.44,501.5523,3.6411,7.9319,491587.2,287850.9411
002383.SZ,20150210,25.89,4.167,0.85,494.4855,3.5898,7.8202,484660.8,283795.1586
002383.SZ,20150209,26.34,5.7343,1.21,503.0802,3.6521,7.9561,493084.8,288727.8671
002383.SZ,20150128,27.69,3.5846,0.71,528.8645,3.8393,8.3639,518356.8,303525.9924
002383.SZ,20150127,27.69,7.2123,1.55,528.8645,3.8393,8.3639,518356.8,303525.9924
002383.SZ,20150126,26.62,3.5135,0.72,508.4281,3.691,8.0407,498326.4,291797.1079
002383.SZ,20150123,26.41,4.4318,0.92,504.4172,3.6619,7.9773,494395.2,289495.1773
002383.SZ,20150122,27.07,4.9957,1.16,517.0229,3.7534,8.1766,506750.4,296729.8163
002383.SZ,20150121,26.28,5.1351,1.29,501.9343,3.6438,7.938,491961.6,288070.1726
002383.SZ,20150120,25.94,5.2601,1.48,495.4405,3.5967,7.8353,485596.8,284343.2373
002383.SZ,20150119,24.82,4.6146,1.55,474.049,3.4414,7.497,464630.4,272066.2741
002383.SZ,20150116,24.84,4.1006,1.54,474.431,3.4442,7.503,465004.8,272285.5056
002383.SZ,20150115,24.86,2.4167,0.91,474.813,3.4469,7.5091,465379.2,272504.7371
002383.SZ,20150114,25.21,3.4794,1.33,481.4978,3.4955,7.6148,471931.2,276341.2881
002383.SZ,20150113,25.19,3.1432,1.13,481.1158,3.4927,7.6088,471556.8,276122.0566
002383.SZ,20150112,23.94,1.7151,0.55,457.2415,3.3194,7.2312,448156.8,262420.0887
002383.SZ,20150109,24.68,2.5378,0.83,471.3751,3.422,7.4547,462009.6,270531.6537
002383.SZ,20150108,24.88,2.3651,0.78,475.195,3.4497,7.5151,465753.6,272723.9686
002383.SZ,20150107,24.7,3.3162,1.18,471.7571,3.4248,7.4607,462384.0,270750.8852
002383.SZ,20150106,24.8,3.9159,1.62,473.667,3.4386,7.4909,464256.0,271847.0426
002383.SZ,20150105,23.47,3.5162,1.65,448.2647,3.2542,7.0892,439358.4,257268.1488
002383.SZ,20141231,23.76,2.1358,1.0,453.8036,3.2944,7.1768,444787.2,260447.0054
002383.SZ,20141230,23.0,2.2942,1.06,439.288,3.189,6.9473,430560.0,252116.2089
002383.SZ,20141229,23.98,2.1664,0.92,458.0055,3.3249,7.2433,448905.6,262858.5517
002383.SZ,20141226,24.83,1.9601,0.72,474.24,3.4428,7.5,464817.6,272175.8899
002383.SZ,20141225,25.02,2.096,0.74,477.8689,3.4691,7.5574,468374.4,274258.589
002383.SZ,20141224,24.32,2.1989,0.74,464.4993,3.3721,7.346,455270.4,266585.487
002383.SZ,20141223,23.46,2.4181,0.84,448.0737,3.2528,7.0862,439171.2,257158.5331
002383.SZ,20141222,23.8,3.0702,1.14,454.5676,3.3,7.1889,445536.0,260885.4683
002383.SZ,20141219,26.01,3.8137,1.63,496.7774,3.6064,7.8564,486907.2,285110.5475
002383.SZ,20141218,27.19,2.5904,1.04,519.3148,3.77,8.2129,508996.8,298045.2052
002383.SZ,20141217,27.7,3.0431,1.04,529.0555,3.8407,8.3669,518544.0,303635.6081
002383.SZ,20141216,28.19,1.8141,0.46,538.4143,3.9087,8.5149,527716.8,309006.7795
002383.SZ,20141215,28.63,2.245,0.47,546.818,3.9697,8.6478,535953.6,313829.8722
002383.SZ,20141212,28.32,1.9962,0.36,540.8972,3.9267,8.5542,530150.4,310431.7842
002383.SZ,20141211,27.94,3.3425,0.62,533.6394,3.874,8.4394,523036.8,306266.3859
002383.SZ,20141210,28.43,5.1948,1.07,542.9982,3.9419,8.5874,532209.6,311637.5573
002383.SZ,20141209,27.71,6.7666,1.71,529.2465,3.8421,8.3699,518731.2,303745.2239
002383.SZ,20141208,30.79,6.5555,1.99,588.0729,4.2692,9.3003,576388.8,337506.8727
002383.SZ,20141205,30.25,5.8275,2.11,577.7592,4.1943,9.1371,566280.0,331587.6226
002383.SZ,20141204,29.84,2.7129,1.04,569.9284,4.1374,9.0133,558604.8,327093.3771
002383.SZ,20141203,29.67,2.3606,0.86,566.6815,4.1139,8.962,555422.4,325229.9095
002383.SZ,20141202,29.11,2.3758,0.87,555.9858,4.0362,8.7928,544939.2,319091.4279
002383.SZ,20141201,28.7,3.2074,1.32,548.155,3.9794,8.669,537264.0,314597.1824
002383.SZ,20141128,29.3,3.1314,1.52,559.6147,4.0626,8.8502,548496.0,321174.127
002383.SZ,20141127,29.95,2.01,1.13,572.0294,4.1527,9.0465,560664.0,328299.1503
002383.SZ,20141126,30.36,3.0195,2.01,579.8601,4.2095,9.1704,568339.2,332793.3957
002383.SZ,20141125,29.73,2.2731,1.76,567.8275,4.1222,8.9801,556545.6,325887.6039
002383.SZ,20141124,28.77,1.7176,1.32,549.492,3.9891,8.6901,538574.4,315364.4926
002383.SZ,20141121,28.83,1.2469,0.93,550.6379,3.9974,8.7082,539697.6,316022.1871
002383.SZ,20141120,28.65,0.6493,0.37,547.2,3.9724,8.6539,536328.0,314049.1037
002383.SZ,20141119,29.06,1.6217,0.94,555.0308,4.0293,8.7777,544003.2,318543.3492
002383.SZ,20141118,28.39,1.2157,0.66,542.2342,3.9364,8.5753,531460.8,311199.0944
002383.SZ,20141117,28.4,1.7872,0.95,542.4252,3.9378,8.5783,531648.0,311308.7101
002383.SZ,20141114,27.3,1.4105,0.74,521.4157,3.7853,8.2461,511056.0,299250.9784
002383.SZ,20141113,27.09,2.793,1.41,517.4049,3.7561,8.1827,507124.8,296949.0478
002383.SZ,20141112,28.67,1.3968,0.67,547.582,3.9752,8.6599,536702.4,314268.3352
002383.SZ,20141111,28.73,1.8454,0.9,548.728,3.9835,8.678,537825.6,314926.0296
002383.SZ,20141110,29.57,2.0088,1.03,564.7716,4.1,8.9317,553550.4,324133.7521
002383.SZ,20141107,30.39,1.5042,0.73,580.4331,4.2137,9.1794,568900.8,333122.243
002383.SZ,20141106,31.1,3.1543,1.72,593.9938,4.3121,9.3939,582192.0,340904.9607
002383.SZ,20141105,30.7,1.9835,0.96,586.354,4.2567,9.2731,574704.0,336520.331
002383.SZ,20141104,29.68,1.6295,0.68,566.8725,4.1153,8.965,555609.6,325339.5252
002383.SZ,20141103,30.41,1.4377,0.57,580.8151,4.2165,9.1855,569275.2,333341.4745
002383.SZ,20141031,30.25,2.0942,0.86,577.7592,4.1943,9.1371,566280.0,331587.6226
002383.SZ,20141030,30.72,2.0147,0.8,586.736,4.2595,9.2791,575078.4,336739.5625
002383.SZ,20141029,31.01,3.2059,1.47,592.2748,4.2997,9.3667,580507.2,339918.419
002383.SZ,20141028,31.29,3.1778,1.66,597.6227,4.3385,9.4513,585748.8,342987.6598
002383.SZ,20141027,29.61,2.1484,1.15,565.5355,4.047,8.9438,554299.2,324572.215
002383.SZ,20141024,28.61,1.6351,0.72,546.4361,3.9103,8.6418,535579.2,313610.6407
002383.SZ,20141023,29.32,2.3736,0.91,559.9967,4.0074,8.8562,548870.4,321393.3585
002383.SZ,20141022,30.71,1.5723,0.56,586.545,4.1973,9.2761,574891.2,336629.9468
002383.SZ,20141021,30.92,1.8573,0.59,590.5559,4.226,9.3395,578822.4,338931.8774
002383.SZ,20141020,30.8,1.8752,0.51,588.2639,4.2096,9.3033,576576.0,337616.4884
002383.SZ,20141017,30.7,3.6291,0.97,586.354,4.196,9.2731,574704.0,336520.331
002383.SZ,20141016,31.99,4.0814,1.02,610.9923,4.3723,9.6627,598852.8,350660.7619
002383.SZ,20141015,31.53,2.5432,0.6,602.2065,4.3094,9.5238,590241.6,345618.4377
002383.SZ,20141014,31.88,3.7046,0.83,608.8914,4.3572,9.6295,596793.6,349454.9887
002383.SZ,20141013,33.2,4.6048,0.99,634.1027,4.5377,10.0282,621504.0,363924.2668
002383.SZ,20141010,33.88,3.7651,0.8,647.0903,4.6306,10.2336,634233.6,371378.1373
002383.SZ,20141009,34.7,5.4632,1.06,662.7519,4.7427,10.4813,649584.0,380366.6282
002383.SZ,20141008,34.46,3.6784,0.62,658.168,4.7099,10.4088,645091.2,377735.8504
002383.SZ,20140930,34.32,4.7415,0.74,655.4941,4.6907,10.3665,642470.4,376201.23
002383.SZ,20140929,33.53,5.7123,0.89,640.4055,4.5828,10.1279,627681.6,367541.5863
002383.SZ,20140926,31.9,4.0599,0.58,609.2733,4.36,9.6355,597168.0,349674.2202
002383.SZ,20140925,32.75,7.544,1.09,625.5079,4.4762,9.8923,613080.0,358991.5583
002383.SZ,20140924,32.6,7.58,0.8,622.643,4.4557,9.847,610272.0,357347.3222
002383.SZ,20140923,32.6,7.3535,0.92,622.643,4.4557,9.847,610272.0,357347.3222
002383.SZ,20140922,30.05,5.4246,0.74,573.9393,4.1071,9.0767,562536.0,329395.3077
002383.SZ,20140919,31.97,7.0575,1.15,610.6103,4.3695,9.6567,598478.4,350441.5304
002383.SZ,20140918,30.97,7.2702,1.45,591.5108,4.2329,9.3546,579758.4,339479.9561
002383.SZ,20140917,32.24,20.1453,12.48,615.7672,4.4064,9.7382,603532.8,353401.1554
002383.SZ,20140916,29.43,0.0692,0.03,562.0976,4.0224,8.8895,550929.6,322599.1316
002383.SZ,20140721,26.75,2.4479,0.95,510.911,3.6458,8.08,500760.0,274524.5233
002383.SZ,20140718,26.43,1.1126,0.38,504.7992,3.6021,7.9833,494769.6,271240.4916
002383.SZ,20140717,26.45,1.5938,0.45,505.1812,3.6049,7.9893,495144.0,271445.7436
002383.SZ,20140716,26.07,3.3937,0.83,497.9234,3.5531,7.8746,488030.4,267545.9559
002383.SZ,20140715,26.36,4.2029,0.99,503.4622,3.5926,7.9622,493459.2,270522.1096
002383.SZ,20140714,27.47,2.5417,0.54,524.6627,3.7439,8.2974,514238.4,281913.5945
002383.SZ,20140711,27.4,2.9084,0.59,523.3257,3.7343,8.2763,512928.0,281195.2126
002383.SZ,20140710,27.0,4.4853,0.78,515.6859,3.6798,8.1555,505440.0,277090.173
002383.SZ,20140709,27.0,6.3981,1.03,515.6859,3.6798,8.1555,505440.0,277090.173
002383.SZ,20140708,27.3,4.8203,0.78,521.4157,3.7207,8.2461,511056.0,280168.9527
002383.SZ,20140707,27.2,4.7621,0.75,519.5058,3.7071,8.2159,509184.0,279142.6928
002383.SZ,20140704,27.12,4.3923,0.65,517.9778,3.6962,8.1917,507686.4,278321.6849
002383.SZ,20140703,27.46,8.1976,1.38,524.4717,3.7425,8.2944,514051.2,281810.9685
002383.SZ,20140702,26.95,8.9084,1.86,514.7309,3.673,8.1404,504504.0,276577.0431
002383.SZ,20140701,25.18,4.4523,1.02,480.9249,3.4318,7.6057,471369.6,258412.2428
002383.SZ,20140630,24.71,5.6859,1.55,471.9481,3.3677,7.4638,462571.2,253588.8213
002383.SZ,20140627,24.51,6.5013,2.11,468.1282,3.3405,7.4034,458827.2,251536.3015
002383.SZ,20140626,23.29,4.0513,1.32,444.8268,3.1742,7.0348,435988.8,239015.9307
002383.SZ,20140625,22.7,3.2131,1.11,433.5581,3.0938,6.8566,424944.0,232960.9973
002383.SZ,20140624,23.59,2.3634,0.7,450.5567,3.2151,7.1255,441604.8,242094.7104
002383.SZ,20140623,23.36,2.2513,0.6,446.1638,3.1837,7.056,437299.2,239734.3126
002383.SZ,20140620,23.32,3.5342,0.76,445.3998,3.1783,7.0439,436550.4,239323.8087
002383.SZ,20140619,22.46,4.0024,0.87,428.9743,3.0611,6.7841,420451.2,230497.9735
002383.SZ,20140618,23.65,2.3473,0.46,451.7026,3.2233,7.1436,442728.0,242710.4664
002383.SZ,20140617,24.24,4.666,0.89,462.9713,3.3037,7.3218,453772.8,248765.3998
002383.SZ,20140616,24.95,4.2842,0.73,476.532,3.4004,7.5363,467064.0,256051.8451
002383.SZ,20140613,25.35,7.9524,1.32,484.1718,3.455,7.6571,474552.0,260156.8847
002383.SZ,20140612,24.85,3.7163,0.56,474.622,3.3868,7.5061,465192.0,255025.5852
002383.SZ,20140611,25.25,5.1433,0.8,482.2618,3.4413,7.6269,472680.0,259130.6248
002383.SZ,20140610,24.93,5.0912,0.89,476.15,3.3977,7.5302,466689.6,255846.5931
002383.SZ,20140609,25.14,7.6013,1.56,480.1609,3.4263,7.5936,470620.8,258001.7389
002383.SZ,20140606,24.63,8.6511,2.47,470.4201,3.3568,7.4396,461073.6,252767.8134
002383.SZ,20140605,24.72,6.4983,2.6,472.1391,3.3691,7.4668,462758.4,253691.4473
002383.SZ,20140604,22.47,4.1112,1.96,429.1653,3.0624,6.7872,420638.4,230600.5995
002383.SZ,20140603,21.41,1.8473,0.84,408.9198,2.918,6.467,400795.2,219722.2446
002383.SZ,20140530,21.93,3.2366,1.5,418.8515,2.9888,6.6241,410529.6,225058.7961
002383.SZ,20140529,21.5,1.7855,0.79,410.6388,2.9302,6.4942,402480.0,220645.8785
002383.SZ,20140528,21.18,1.5267,0.68,404.5269,2.8866,6.3975,396489.6,217361.8468
002383.SZ,20140527,20.91,2.098,0.92,399.3701,2.8498,6.316,391435.2,214590.9451
002383.SZ,20140526,21.29,2.3138,1.09,406.6279,2.9016,6.4307,398548.8,218490.7327
002383.SZ,20140523,20.9,3.05,1.45,399.1791,2.8485,6.3129,391248.0,214488.3191
002383.SZ,20140522,21.16,2.3319,1.17,404.1449,2.8839,6.3915,396115.2,217156.5948
002383.SZ,20140521,20.86,1.3571,0.66,398.4151,2.843,6.3009,390499.2,214077.8151
002383.SZ,20140520,20.8,2.3211,1.27,397.2691,2.8348,6.2827,389376.0,213462.0592
002383.SZ,20140519,20.2,1.558,0.79,385.8095,2.7531,6.1015,378144.0,207304.4998
002383.SZ,20140516,20.53,2.9211,1.94,392.1123,2.798,6.2012,384321.6,210691.1575
002383.SZ,20140515,19.83,1.7696,1.39,378.7426,2.7026,5.9897,371217.6,203507.3382
002383.SZ,20140514,19.69,1.6399,1.46,376.0687,2.6836,5.9475,368596.8,202070.5743
002383.SZ,20140513,19.59,1.2697,1.23,374.1588,2.6699,5.9172,366724.8,201044.3144
002383.SZ,20140512,19.38,2.2649,3.4,370.1479,2.6413,5.8538,362793.6,198889.1686
002383.SZ,20140509,18.17,0.575,0.9,347.0375,2.4764,5.4883,340142.4,186471.4238
002383.SZ,20140508,18.5,0.6134,0.84,353.3403,2.5214,5.588,346320.0,189858.0815
002383.SZ,20140507,18.54,0.9091,0.94,354.1043,2.5268,5.6001,347068.8,190268.5855
002383.SZ,20140506,19.01,0.7861,0.84,363.0811,2.5909,5.7421,355867.2,195092.007
002383.SZ,20140505,18.61,0.4467,0.44,355.4413,2.5364,5.6212,348379.2,190986.9674
002383.SZ,20140430,18.48,0.4502,0.41,352.9583,2.5186,5.582,345945.6,189652.8295
002383.SZ,20140429,18.17,1.0501,0.93,347.0375,2.4764,5.4883,340142.4,186471.4238
002383.SZ,20140428,17.82,2.126,2.3,340.3527,2.4287,5.3826,333590.4,182879.5142
002383.SZ,20140425,19.0,0.5863,0.58,362.8901,2.5386,5.739,355680.0,194989.381
002383.SZ,20140424,19.21,0.9041,0.88,366.901,2.5667,5.8025,359611.2,197144.5268
002383.SZ,20140423,19.7,0.7611,0.76,376.2597,2.6321,5.9505,368784.0,202173.2003
002383.SZ,20140422,19.54,1.286,1.34,373.2038,2.6108,5.9021,365788.8,200531.1845
002383.SZ,20140421,19.54,1.0797,1.06,373.2038,2.6108,5.9021,365788.8,200531.1845
002383.SZ,20140418,19.67,1.2652,1.01,,2.6337,8.8733,368222.4,160135.4173
002383.SZ,20140417,19.58,1.3014,0.89,,2.6217,8.8327,366537.6,159402.7184
002383.SZ,20140416,19.17,0.7863,0.47,,2.5668,8.6477,358862.4,156064.8678
002383.SZ,20140415,19.23,1.34,0.83,,2.5748,8.6748,359985.6,156553.3338
002383.SZ,20140414,19.55,1.7451,1.2,,2.6177,8.8191,365976.0,159158.4855
002383.SZ,20140411,19.07,1.0854,0.72,,2.5534,8.6026,356990.4,155250.7579
002383.SZ,20140410,18.92,2.3409,1.79,,2.5333,8.5349,354182.4,154029.5931
002383.SZ,20140409,18.68,1.8842,1.19,,2.5012,8.4267,349689.6,152075.7293
002383.SZ,20140408,18.49,1.0166,0.58,,2.4757,8.341,346132.8,150528.9205
002383.SZ,20140404,18.34,0.9211,0.44,,2.4557,8.2733,343324.8,149307.7557
002383.SZ,20140403,18.06,1.3329,0.64,,2.4182,8.147,338083.2,147028.2479
002383.SZ,20140402,17.9,1.3839,0.67,,2.3967,8.0748,335088.0,145725.6721
002383.SZ,20140401,18.17,3.2947,1.9,,2.4329,8.1966,340142.4,147923.7688
002383.SZ,20140331,18.34,1.8025,1.02,,2.4557,8.2733,343324.8,149307.7557
002383.SZ,20140328,18.44,2.7072,1.65,,2.469,8.3184,345196.8,150121.8656
002383.SZ,20140327,19.64,1.295,0.71,,2.6297,8.8597,367660.8,159891.1844
002383.SZ,20140326,20.08,1.1998,0.65,,2.6886,9.0582,375897.6,163473.2679
002383.SZ,20140325,19.87,1.6747,0.81,,2.6605,8.9635,371966.4,161763.6371
002383.SZ,20140324,20.12,1.9831,0.98,,2.694,9.0763,376646.4,163798.9119
002383.SZ,20140321,19.79,2.0439,1.02,,2.6498,8.9274,370468.8,161112.3492
002383.SZ,20140320,19.5,2.2006,1.19,,2.611,8.7966,365040.0,158751.4305
002383.SZ,20140319,19.82,1.3141,0.64,,2.6538,8.9409,371030.4,161356.5822
002383.SZ,20140318,19.8,2.797,1.51,,2.6511,8.9319,370656.0,161193.7602
002383.SZ,20140317,19.68,1.7347,0.86,,2.6351,8.8778,368409.6,160216.8283
002383.SZ,20140314,19.43,1.9473,0.94,,2.6016,8.765,363729.6,158181.5536
002383.SZ,20140313,19.32,1.4199,0.64,,2.5869,8.7154,361670.4,157286.0327
002383.SZ,20140312,19.15,2.4094,1.12,,2.5641,8.6387,358488.0,155902.0459
002383.SZ,20140311,19.55,1.7703,0.72,,2.6177,8.8191,365976.0,159158.4855
002383.SZ,20140310,19.23,2.57,0.92,,2.5748,8.6748,359985.6,156553.3338
002383.SZ,20140307,20.2,2.1807,0.72,,2.7047,9.1124,378144.0,164450.1998
002383.SZ,20140306,20.47,2.2073,0.71,,2.7409,9.2341,383198.4,166648.2965
002383.SZ,20140305,20.34,2.0514,0.62,,2.7234,9.1755,380764.8,165589.9537
002383.SZ,20140304,20.46,3.3332,0.87,,2.7395,9.2296,383011.2,166566.8855
002383.SZ,20140303,20.96,4.2579,1.21,,2.8065,9.4552,392371.2,170637.435
002383.SZ,20140228,20.45,3.1987,0.96,,2.7382,9.2251,382824.0,166485.4746
002383.SZ,20140227,20.1,2.606,0.73,,2.7476,9.0672,376272.0,163636.0899
002383.SZ,20140226,20.45,3.1318,0.87,,2.7954,9.2251,382824.0,166485.4746
002383.SZ,20140225,20.27,5.8807,1.71,,2.7708,9.1439,379454.4,165020.0767
002383.SZ,20140224,21.49,2.7953,0.75,,2.9376,9.6943,402292.8,174952.2175
002383.SZ,20140221,20.9,2.2954,0.58,,2.8569,9.4281,391248.0,170148.9691
002383.SZ,20140220,20.8,3.6734,0.87,,2.8433,9.383,389376.0,169334.8592
002383.SZ,20140219,21.42,3.3361,0.7,,2.928,9.6627,400982.4,174382.3406
002383.SZ,20140218,21.81,5.047,0.98,,2.9813,9.8386,408283.2,177557.3692
002383.SZ,20140217,21.67,4.1707,0.75,,2.9622,9.7755,405662.4,176417.6153
002383.SZ,20140214,21.03,3.5699,0.61,,2.8747,9.4868,393681.6,171207.312
002383.SZ,20140213,20.9,4.9564,0.92,,2.8569,9.4281,391248.0,170148.9691
002383.SZ,20140212,22.2,6.0978,1.15,,3.0346,10.0146,415584.0,180732.3978
002383.SZ,20140211,21.43,6.8596,1.57,,2.9294,9.6672,401169.6,174463.7516
002383.SZ,20140210,21.7,6.3619,1.66,,2.9663,9.789,406224.0,176661.8483
002383.SZ,20140207,21.39,4.8592,1.31,,2.9239,9.6492,400420.8,174138.1076
002383.SZ,20140130,20.65,2.6335,0.68,,2.8228,9.3153,386568.0,168113.6944
002383.SZ,20140129,20.89,5.6953,1.73,,2.8556,9.4236,391060.8,170067.5581
002383.SZ,20140128,20.0,2.269,0.66,,2.7339,9.0221,374400.0,162821.98
002383.SZ,20140127,20.32,3.7269,1.08,,2.7777,9.1665,380390.4,165427.1317
002383.SZ,20140124,20.31,4.2734,1.25,,2.7763,9.162,380203.2,165345.7207
002383.SZ,20140123,20.02,3.2891,1.04,,2.7366,9.0312,374774.4,162984.802
002383.SZ,20140122,20.01,2.9431,0.97,,2.7353,9.0266,374587.2,162903.391
002383.SZ,20140121,19.81,3.0253,1.03,,2.7079,8.9364,370843.2,161275.1712
002383.SZ,20140120,19.36,3.6976,1.38,,2.6464,8.7334,362419.2,157611.6766
002383.SZ,20140117,19.54,4.1021,1.69,,2.671,8.8146,365788.8,159077.0745
002383.SZ,20140116,18.9,2.0629,0.81,,2.5836,8.5259,353808.0,153866.7711
002383.SZ,20140115,18.96,2.3511,0.86,,2.5918,8.553,354931.2,154355.237
002383.SZ,20140114,18.73,2.48,0.95,,2.5603,8.4492,350625.6,152482.7843
002383.SZ,20140113,18.5,2.3725,0.9,,2.5289,8.3455,346320.0,150610.3315
002383.SZ,20140110,18.17,2.8389,0.96,,2.4838,8.1966,340142.4,147923.7688
002383.SZ,20140109,18.55,2.6136,0.89,,2.5357,8.368,347256.0,151017.3865
002383.SZ,20140108,18.9,3.4049,1.23,,2.5836,8.5259,353808.0,153866.7711
002383.SZ,20140107,18.7,1.8844,0.69,,2.5562,8.4357,350064.0,152238.5513
002383.SZ,20140106,18.61,2.4481,0.91,,2.5439,8.3951,348379.2,151505.8524
002383.SZ,20140103,18.77,4.3614,1.92,,2.5658,8.4673,351374.4,152808.4282
002383.SZ,20140102,18.2,2.5045,1.02,,2.4879,8.2101,340704.0,148168.0018
002383.SZ,20131231,17.88,2.6048,1.08,,2.4441,8.0658,334713.6,145562.8501
002383.SZ,20131230,18.48,1.8254,0.74,,2.5261,8.3364,345945.6,150447.5095
002383.SZ,20131227,18.39,2.176,0.93,,2.5138,8.2958,344260.8,149714.8106
002383.SZ,20131226,18.0,2.261,1.05,,2.4605,8.1199,336960.0,146539.782
002383.SZ,20131225,18.21,3.4355,1.9,,2.4892,8.2146,340891.2,148249.4128
002383.SZ,20131224,17.07,2.3481,1.17,,2.3334,7.7004,319550.4,138968.5599
002383.SZ,20131223,17.2,2.0415,1.02,,2.3512,7.759,321984.0,140026.9028
002383.SZ,20131220,17.72,1.6352,0.78,,2.4222,7.9936,331718.4,144260.2743
002383.SZ,20131219,18.17,1.3385,0.58,,2.4838,8.1966,340142.4,147923.7688
002383.SZ,20131218,18.39,1.6886,0.68,,2.5138,8.2958,344260.8,149714.8106
002383.SZ,20131217,18.15,3.2953,1.29,,2.481,8.1876,339768.0,147760.9469
002383.SZ,20131216,18.82,2.0552,0.75,,2.5726,8.4898,352310.4,153215.4832
002383.SZ,20131213,19.34,2.1505,0.77,,2.6437,8.7244,362044.8,157448.8547
002383.SZ,20131212,19.21,2.2725,0.86,,2.6259,8.6658,359611.2,156390.5118
002383.SZ,20131211,18.95,2.6126,1.01,,2.5904,8.5485,354744.0,154273.8261
002383.SZ,20131210,18.82,3.7098,1.59,,2.5726,8.4898,352310.4,153215.4832
002383.SZ,20131209,19.35,2.8866,0.94,,2.6451,8.7289,362232.0,157530.2657
002383.SZ,20131206,19.65,2.4132,0.67,,2.6861,8.8642,367848.0,159972.5954
002383.SZ,20131205,19.2,1.6057,0.37,,2.6246,8.6612,359424.0,156309.1008
002383.SZ,20131204,19.4,2.301,0.42,,2.6519,8.7515,363168.0,157937.3206
002383.SZ,20131203,19.31,2.4862,0.43,,2.6396,8.7109,361483.2,157204.6217
002383.SZ,20131202,18.86,6.5831,1.08,,2.5781,8.5079,353059.2,153541.1271
002383.SZ,20131129,20.95,4.9088,0.83,,2.8638,9.4507,392184.0,170556.0241
002383.SZ,20131128,21.09,5.1569,0.88,,2.8829,9.5138,394804.8,171695.7779
002383.SZ,20131127,21.55,8.0848,1.46,,2.9458,9.7213,403416.0,175440.6835
002383.SZ,20131126,20.7,4.2345,0.71,,2.8296,9.3379,387504.0,168520.7493
002383.SZ,20131125,20.95,8.1225,1.45,,2.8638,9.4507,392184.0,170556.0241
002383.SZ,20131122,20.35,3.9048,0.64,,2.7818,9.18,380952.0,165671.3647
002383.SZ,20131121,20.3,5.0585,0.84,,2.7749,9.1575,380016.0,165264.3097
002383.SZ,20131120,20.6,6.3942,1.23,,2.8159,9.2928,385632.0,167706.6394
002383.SZ,20131119,20.0,6.2929,1.44,,2.7339,9.0221,374400.0,162821.98
002383.SZ,20131118,19.95,6.4549,1.88,,2.7271,8.9996,373464.0,162414.9251
002383.SZ,20131115,19.14,6.1688,2.01,,2.6164,8.6342,358300.8,155820.6349
002383.SZ,20131114,18.87,4.8013,1.64,,2.5794,8.5124,353246.4,153622.5381
002383.SZ,20131113,18.0,2.3514,0.63,,2.4605,8.1199,336960.0,146539.782
002383.SZ,20131112,18.23,2.0347,0.49,,2.492,8.2237,341265.6,148412.2348
002383.SZ,20131111,18.38,1.8567,0.36,,2.5125,8.2913,344073.6,149633.3996
002383.SZ,20131108,17.95,4.3186,0.71,,2.4537,8.0974,336024.0,146132.7271
002383.SZ,20131107,18.88,4.1001,0.6,,2.5808,8.5169,353433.6,153703.9491
002383.SZ,20131106,19.73,6.2453,0.76,,2.697,8.9003,369345.6,160623.8833
002383.SZ,20131105,19.57,4.4105,0.46,,2.6751,8.8282,366350.4,159321.3074
002383.SZ,20131104,19.44,7.0083,0.77,,2.6574,8.7695,363916.8,158262.9646
002383.SZ,20131101,19.98,8.8344,1.07,,2.7312,9.0131,374025.6,162659.158
002383.SZ,20131031,20.28,7.5588,0.93,,2.7722,9.1484,379641.6,165101.4877
002383.SZ,20131030,20.81,13.0614,2.17,,2.8446,9.3875,389563.2,169416.2702
002383.SZ,20131029,19.58,11.5153,2.49,,2.6765,8.8327,366537.6,159402.7184
002383.SZ,20131028,18.36,4.2884,0.92,,2.5097,8.2823,343699.2,149470.5776
002383.SZ,20131025,18.55,4.7363,1.12,,2.5484,8.368,347256.0,151017.3865
002383.SZ,20131024,18.77,7.1666,2.31,,2.5786,8.4673,351374.4,152808.4282
002383.SZ,20131023,17.82,2.443,0.8,,2.4481,8.0387,333590.4,145074.3842
002383.SZ,20131022,18.33,4.5045,1.58,,2.5182,8.2688,343137.6,149226.3447
002383.SZ,20131021,18.3,4.4743,1.72,,2.514,8.2552,342576.0,148982.1117
002383.SZ,20131018,17.84,2.5059,0.85,,2.4508,8.0477,333964.8,145237.2062
002383.SZ,20131017,17.5,1.6131,0.43,,2.4041,7.8944,327600.0,142469.2325
002383.SZ,20131016,17.36,2.1671,0.49,,2.3849,7.8312,324979.2,141329.4786
002383.SZ,20131015,17.86,3.4723,0.8,,2.4536,8.0568,334339.2,145400.0281
002383.SZ,20131014,18.37,3.2809,0.83,,2.5237,8.2868,343886.4,149551.9886
002383.SZ,20131011,18.42,4.2565,1.24,,2.5305,8.3094,344822.4,149959.0436
002383.SZ,20131010,18.0,5.7264,1.94,,2.4728,8.1199,336960.0,146539.782
002383.SZ,20131009,18.42,5.2357,1.61,,2.5305,8.3094,344822.4,149959.0436
002383.SZ,20131008,17.84,3.0841,0.89,,2.4508,8.0477,333964.8,145237.2062
002383.SZ,20130930,17.32,1.5231,0.38,,2.3794,7.8132,324230.4,141003.8347
002383.SZ,20130927,17.06,1.5354,0.34,,2.3437,7.6959,319363.2,138887.1489
002383.SZ,20130926,17.11,3.3642,0.81,,2.3506,7.7184,320299.2,139294.2039
002383.SZ,20130925,17.61,6.7902,2.05,,2.4192,7.944,329659.2,143364.7534
002383.SZ,20130924,18.08,4.1516,1.49,,2.4838,8.156,338457.6,147191.0699
002383.SZ,20130923,17.81,4.0357,1.75,,2.4467,8.0342,333403.2,144992.9732
002383.SZ,20130918,17.6,3.9395,1.85,,2.4179,7.9395,329472.0,143283.3424
002383.SZ,20130917,17.05,1.8798,0.84,,2.3423,7.6914,319176.0,138805.738
002383.SZ,20130916,17.15,2.5266,0.95,,2.3561,7.7365,321048.0,139619.8479
002383.SZ,20130913,17.0,1.5686,0.56,,2.3354,7.6688,318240.0,138398.683
002383.SZ,20130912,16.7,1.5914,0.53,,2.2942,7.5335,312624.0,135956.3533
002383.SZ,20130911,16.76,3.0702,1.08,,2.3025,7.5605,313747.2,136444.8192
002383.SZ,20130910,17.24,2.4237,0.88,,2.3684,7.7771,322732.8,140352.5468
002383.SZ,20130909,17.28,4.605,2.1,,2.3739,7.7951,323481.6,140678.1907
002383.SZ,20130906,16.6,2.413,0.81,,2.2805,7.4884,310752.0,135142.2434
002383.SZ,20130905,16.5,2.5048,0.73,,2.2668,7.4433,308880.0,134328.1335
002383.SZ,20130904,16.71,2.2229,0.49,,2.2956,7.538,312811.2,136037.7643
002383.SZ,20130903,16.48,1.9723,0.42,,2.264,7.4342,308505.6,134165.3115
002383.SZ,20130902,16.24,1.8484,0.38,,2.231,7.326,304012.8,132211.4478
002383.SZ,20130830,16.05,6.3989,1.48,,2.2049,7.2403,300456.0,130664.639
002383.SZ,20130829,17.22,4.6036,1.13,,2.3657,7.7681,322358.4,140189.7248
002383.SZ,20130828,18.1,7.6311,2.41,,2.4866,8.165,338832.0,147353.8919
002383.SZ,20130827,17.72,3.2393,1.08,,2.4344,7.9936,331718.4,144260.2743
002383.SZ,20130826,17.37,2.4913,0.83,,2.3863,7.8357,325166.4,141410.8896
002383.SZ,20130823,17.23,1.6147,1.21,,2.3454,7.7726,322545.6,322545.6
002383.SZ,20130822,17.65,1.4225,0.9,,2.4025,7.962,330408.0,330408.0
002383.SZ,20130821,17.85,1.3537,0.83,,2.4298,8.0523,334152.0,334152.0
002383.SZ,20130820,17.52,1.0673,0.58,,2.3849,7.9034,327974.4,327974.4
002383.SZ,20130819,17.44,1.0455,0.49,,2.374,7.8673,326476.8,326476.8
002383.SZ,20130816,17.05,1.8072,0.76,,2.3209,7.6914,319176.0,319176.0
002383.SZ,20130815,17.71,2.5993,1.01,,2.4107,7.9891,331531.2,331531.2
002383.SZ,20130814,17.51,1.6652,0.45,,2.3835,7.8989,327787.2,327787.2
002383.SZ,20130813,17.95,2.1392,0.57,,2.4434,8.0974,336024.0,336024.0
002383.SZ,20130812,17.7,2.4253,0.67,,2.4094,7.9846,331344.0,331344.0
002383.SZ,20130809,17.25,3.0999,0.94,,2.3481,7.7816,322920.0,322920.0
002383.SZ,20130808,17.76,3.4963,1.26,,2.4175,8.0117,332467.2,332467.2
002383.SZ,20130807,18.13,7.4219,5.13,,2.4679,8.1786,339393.6,339393.6
002383.SZ,20130806,18.33,2.4772,2.21,,2.4951,8.2688,343137.6,343137.6
002383.SZ,20130805,16.66,1.6296,1.69,,2.2678,7.5154,311875.2,311875.2
002383.SZ,20130802,16.09,1.4767,1.68,,2.1902,7.2583,301204.8,301204.8
002383.SZ,20130801,15.8,0.848,0.74,,2.1507,7.1275,295776.0,295776.0
002383.SZ,20130731,15.33,0.8055,0.51,,2.0867,6.9155,286977.6,286977.6
002383.SZ,20130730,15.21,0.8377,0.46,,2.0704,6.8613,284731.2,284731.2
002383.SZ,20130729,15.61,0.848,0.41,,2.1249,7.0418,292219.2,292219.2
002383.SZ,20130726,16.07,1.0658,0.46,,2.1875,7.2493,300830.4,300830.4
002383.SZ,20130725,16.15,2.2042,0.94,,2.1984,7.2854,302328.0,302328.0
002383.SZ,20130724,17.18,2.963,1.32,,2.3386,7.75,321609.6,321609.6
002383.SZ,20130723,16.64,2.0602,0.79,,2.2651,7.5064,311500.8,311500.8
002383.SZ,20130722,16.44,2.0583,0.71,,2.2378,7.4162,307756.8,307756.8
002383.SZ,20130719,15.7,2.4168,0.82,,2.1371,7.0824,293904.0,293904.0
002383.SZ,20130718,16.3,2.2527,0.75,,2.2188,7.353,305136.0,305136.0
002383.SZ,20130717,16.08,2.4374,0.77,,2.1888,7.2538,301017.6,301017.6
002383.SZ,20130716,16.64,3.8674,1.48,,2.2651,7.5064,311500.8,311500.8
002383.SZ,20130715,16.18,3.454,1.67,,2.2024,7.2989,302889.6,302889.6
002383.SZ,20130712,15.69,2.703,1.61,,2.1357,7.0779,293716.8,293716.8
002383.SZ,20130711,15.58,2.5677,1.79,,2.1208,7.0282,291657.6,291657.6
002383.SZ,20130710,15.45,3.1898,3.35,,2.1031,6.9696,289224.0,289224.0
002383.SZ,20130709,14.76,1.1896,1.28,,2.0092,6.6583,276307.2,276307.2
002383.SZ,20130708,13.42,0.7032,0.79,,1.8268,6.0538,251222.4,251222.4
002383.SZ,20130705,14.28,0.7658,0.89,,1.9438,6.4418,267321.6,267321.6
002383.SZ,20130704,14.35,1.3084,1.57,,1.9533,6.4734,268632.0,268632.0
002383.SZ,20130703,14.1,0.7918,0.84,,1.9193,6.3606,263952.0,263952.0
002383.SZ,20130702,14.29,1.0697,1.03,,1.9452,6.4463,267508.8,267508.8
002383.SZ,20130701,13.86,0.5161,0.44,,1.8866,6.2523,259459.2,259459.2
002383.SZ,20130628,13.61,0.6078,0.48,,1.8526,6.1396,254779.2,254779.2
002383.SZ,20130627,14.0,1.1851,0.99,,1.9057,6.3155,262080.0,262080.0
002383.SZ,20130626,14.73,1.3292,1.25,,2.0051,6.6448,275745.6,275745.6
002383.SZ,20130625,14.51,1.5296,1.71,,1.9751,6.5456,271627.2,271627.2
002383.SZ,20130624,14.24,1.1796,1.35,,1.9384,6.4238,266572.8,266572.8
002383.SZ,20130621,15.4,1.0559,1.23,,2.0963,6.947,288288.0,288288.0
002383.SZ,20130620,16.13,0.897,0.94,,2.1956,7.2763,301953.6,301953.6
002383.SZ,20130619,16.55,0.6757,0.59,,2.2528,7.4658,309816.0,309816.0
002383.SZ,20130618,16.84,0.6521,0.53,,2.2923,7.5966,315244.8,315244.8
002383.SZ,20130617,16.81,1.1002,0.89,,2.2882,7.5831,314683.2,314683.2
002383.SZ,20130614,17.0,0.9757,0.68,,2.3141,7.6688,318240.0,318240.0
002383.SZ,20130613,16.67,1.3851,0.8,,2.2691,7.5199,312062.4,312062.4
002383.SZ,20130607,16.54,1.6018,0.84,,2.2515,7.4613,309628.8,309628.8
002383.SZ,20130606,17.33,1.1114,0.56,,2.359,7.8177,324417.6,324417.6
002383.SZ,20130605,17.65,1.1369,0.56,,2.4025,7.962,330408.0,330408.0
002383.SZ,20130604,17.86,1.905,0.87,,2.4311,8.0568,334339.2,334339.2
002383.SZ,20130603,18.78,2.9238,1.36,,2.5564,8.4718,351561.6,351561.6
002383.SZ,20130531,18.41,2.4864,0.94,,2.506,8.3049,344635.2,344635.2
002383.SZ,20130530,18.07,1.4244,0.4,,2.4597,8.1515,338270.4,338270.4
002383.SZ,20130529,18.37,1.4839,0.37,,2.5006,8.2868,343886.4,343886.4
002383.SZ,20130528,18.35,2.579,0.58,,2.4978,8.2778,343512.0,343512.0
002383.SZ,20130527,19.13,2.8069,0.61,,2.604,8.6297,358113.6,358113.6
002383.SZ,20130524,19.6,4.8864,1.19,,2.668,8.8417,366912.0,366912.0
002383.SZ,20130523,19.29,6.2281,1.88,,2.6258,8.7018,361108.8,361108.8
002383.SZ,20130522,18.23,3.6087,1.24,,2.4815,8.2237,341265.6,341265.6
002383.SZ,20130521,19.02,4.8884,1.9,,2.589,8.58,356054.4,356054.4
002383.SZ,20130520,17.95,3.249,1.09,,2.4434,8.0974,336024.0,336024.0
002383.SZ,20130517,17.65,2.5662,0.92,,2.4025,7.962,330408.0,330408.0
002383.SZ,20130516,17.22,2.2836,0.89,,2.344,7.7681,322358.4,322358.4
002383.SZ,20130515,17.43,1.5849,0.64,,2.3726,7.8628,326289.6,326289.6
002383.SZ,20130514,17.36,3.1906,1.68,,2.3631,7.8312,324979.2,324979.2
002383.SZ,20130513,18.5,5.2546,5.48,,2.5183,8.3455,346320.0,346320.0
002383.SZ,20130510,17.39,1.708,2.49,,2.3672,7.8447,325540.8,325540.8
002383.SZ,20130509,17.0,1.1494,2.26,,2.3141,7.6688,318240.0,318240.0
002383.SZ,20130508,16.5,0.9858,2.07,,2.246,7.4433,308880.0,308880.0
002383.SZ,20130507,15.94,0.4154,0.83,,2.1698,7.1906,298396.8,298396.8
002383.SZ,20130506,16.07,0.5359,1.1,,2.1875,7.2493,300830.4,300830.4
002383.SZ,20130503,15.52,0.3459,0.66,,2.1126,7.0012,290534.4,290534.4
002383.SZ,20130502,15.18,0.261,0.43,,2.0663,6.8478,284169.6,284169.6
002383.SZ,20130426,15.34,0.8278,1.54,,2.0881,6.92,287164.8,287164.8
002383.SZ,20130425,16.42,0.5255,1.04,,2.2351,7.4072,307382.4,307382.4
002383.SZ,20130424,16.75,0.4787,0.96,,2.28,7.556,313560.0,313560.0
002383.SZ,20130423,16.43,0.542,1.16,,2.2032,7.4117,307569.6,307569.6
002383.SZ,20130422,17.07,0.6322,1.45,,2.289,7.7004,319550.4,319550.4
002383.SZ,20130419,16.67,0.5137,1.22,,2.2354,7.5199,312062.4,312062.4
002383.SZ,20130418,16.43,0.3664,0.78,69.1025,2.2038,6.9693,307569.6,307569.6
002383.SZ,20130417,16.55,0.4334,0.7,69.6072,2.2199,7.0202,309816.0,309816.0
002383.SZ,20130416,16.4,0.3883,0.54,68.9763,2.1997,6.9566,307008.0,307008.0
002383.SZ,20130415,16.32,0.4744,0.49,68.6398,2.189,6.9227,305510.4,305510.4
002383.SZ,20130412,16.93,0.4356,0.42,71.2054,2.2708,7.1814,316929.6,316929.6
002383.SZ,20130411,17.26,0.626,0.62,72.5933,2.3151,7.3214,323107.2,323107.2
002383.SZ,20130410,17.83,1.1859,1.4,74.9907,2.3916,7.5632,333777.6,333777.6
002383.SZ,20130409,17.58,0.8571,1.15,73.9392,2.358,7.4571,329097.6,329097.6
002383.SZ,20130408,17.73,1.711,3.53,74.5701,2.3781,7.5208,331905.6,331905.6
002383.SZ,20130403,16.77,0.8265,1.86,70.5325,2.2494,7.1136,313934.4,313934.4
002383.SZ,20130402,16.26,0.4636,1.05,68.3875,2.181,6.8972,304387.2,304387.2
002383.SZ,20130401,16.46,1.5667,0.9,69.2287,2.2078,6.9821,308131.2,77032.8
002383.SZ,20130329,16.4,1.2786,0.65,68.9763,2.1997,6.9566,307008.0,76752.0
002383.SZ,20130328,16.59,1.6933,0.68,69.7754,2.2252,7.0372,310564.8,77641.2
002383.SZ,20130327,17.19,2.4954,0.85,72.2989,2.3057,7.2917,321796.8,80449.2
002383.SZ,20130326,16.86,1.7639,0.6,70.911,2.2614,7.1517,315619.2,78904.8
002383.SZ,20130325,17.38,1.5032,0.48,73.0981,2.3312,7.3723,325353.6,81338.4
002383.SZ,20130322,17.49,2.4236,0.8,73.5607,2.3459,7.419,327412.8,81853.2
002383.SZ,20130321,17.59,4.2037,1.67,73.9813,2.3594,7.4614,329284.8,82321.2
002383.SZ,20130320,17.6,4.8613,2.33,74.0233,2.3607,7.4656,329472.0,82368.0
002383.SZ,20130319,16.58,1.688,0.71,69.7334,2.2239,7.033,310377.6,77594.4
002383.SZ,20130318,16.36,2.5202,1.11,68.8081,2.1944,6.9396,306259.2,76564.8
002383.SZ,20130315,17.14,1.8928,0.81,72.0886,2.299,7.2705,320860.8,80215.2
002383.SZ,20130314,17.04,1.609,0.6,71.6681,2.2856,7.2281,318988.8,79747.2
002383.SZ,20130313,17.16,2.7122,0.81,72.1728,2.3017,7.279,321235.2,80308.8
002383.SZ,20130312,17.67,3.1281,0.9,74.3178,2.3701,7.4953,330782.4,82695.6
002383.SZ,20130311,18.5,1.9843,0.44,77.8086,2.4814,7.8474,346320.0,86580.0
002383.SZ,20130308,18.49,2.1944,0.39,77.7666,2.4801,7.8432,346132.8,86533.2
002383.SZ,20130307,18.51,3.4406,0.6,77.8507,2.4828,7.8516,346507.2,86626.8
002383.SZ,20130306,19.0,6.0222,1.16,79.9116,2.5485,8.0595,355680.0,88920.0
002383.SZ,20130305,18.88,3.7276,0.72,79.4069,2.5324,8.0086,353433.6,88358.4
002383.SZ,20130304,18.78,7.3084,1.76,78.9863,2.519,7.9662,351561.6,87890.4
002383.SZ,20130301,19.55,7.6251,2.28,82.2248,2.6223,8.2928,365976.0,91494.0
002383.SZ,20130228,18.95,4.1719,1.16,79.7013,2.5418,8.0383,354744.0,88686.0
002383.SZ,20130227,18.98,3.2101,0.89,79.8274,2.4925,8.051,355305.6,88826.4
002383.SZ,20130226,18.99,3.5141,0.93,79.8695,2.4938,8.0552,355492.8,88873.2
002383.SZ,20130225,18.97,2.2837,0.47,79.7854,2.4912,8.0468,355118.4,88779.6
002383.SZ,20130222,19.0,3.5497,0.67,79.9116,2.4951,8.0595,355680.0,88920.0
002383.SZ,20130221,19.0,5.3649,0.98,79.9116,2.4951,8.0595,355680.0,88920.0
002383.SZ,20130220,19.78,3.3214,0.49,83.1921,2.5976,8.3904,370281.6,92570.4
002383.SZ,20130219,19.59,4.382,0.48,82.393,2.5726,8.3098,366724.8,91681.2
002383.SZ,20130218,20.17,7.8345,0.66,84.8324,2.6488,8.5558,377582.4,94395.6
002383.SZ,20130208,19.75,5.5116,0.47,83.066,2.5936,8.3776,369720.0,92430.0
002383.SZ,20130207,19.81,6.3205,0.51,83.3183,2.6015,8.4031,370843.2,92710.8
002383.SZ,20130206,20.16,9.5741,0.86,84.7904,2.6475,8.5515,377395.2,94348.8
002383.SZ,20130205,20.7,16.6392,1.87,87.0615,2.7184,8.7806,387504.0,96876.0
002383.SZ,20130204,22.38,21.2398,3.26,94.1274,2.939,9.4932,418953.6,104738.4
002383.SZ,20130123,21.13,5.1715,0.67,88.8701,2.7748,8.963,395553.6,98888.4
002383.SZ,20130122,19.21,8.7541,0.93,80.7948,2.5227,8.1486,359611.2,89902.8
002383.SZ,20130121,17.46,3.7754,0.34,73.4345,2.2929,7.4062,326851.2,81712.8
002383.SZ,20130118,17.7,5.5692,0.43,74.4439,2.3244,7.5081,331344.0,82836.0
002383.SZ,20130117,17.29,9.3438,0.7,72.7195,2.2706,7.3341,323668.8,80917.2
002383.SZ,20130116,18.73,10.9681,0.77,78.776,2.4597,7.945,350625.6,87656.4
002383.SZ,20130115,19.07,17.2062,1.24,80.206,2.5043,8.0892,356990.4,89247.6
002383.SZ,20130114,18.87,12.9086,0.93,79.3648,2.4781,8.0043,353246.4,88311.6
002383.SZ,20130111,18.35,14.9625,1.09,77.1777,2.4098,7.7838,343512.0,85878.0
002383.SZ,20130110,18.15,10.9577,0.74,76.3366,2.3835,7.6989,339768.0,84942.0
002383.SZ,20130109,18.18,15.3157,1.12,76.4628,2.3874,7.7117,340329.6,85082.4
002383.SZ,20130108,18.77,15.0179,1.21,78.9442,2.4649,7.9619,351374.4,87843.6
002383.SZ,20130107,17.61,13.4168,1.28,74.0654,2.3126,7.4699,329659.2,82414.8
002383.SZ,20130104,16.5,13.9596,1.72,69.3969,2.1668,6.999,308880.0,77220.0
002383.SZ,20121231,17.56,16.101,3.06,73.8551,2.306,7.4487,328723.2,82180.8
002383.SZ,20121228,16.13,9.8714,2.72,67.8407,2.1182,6.8421,301953.6,75488.4
002383.SZ,20121227,14.66,8.5961,4.1,61.6581,1.9252,6.2185,274435.2,68608.8
002383.SZ,20121226,14.96,3.7683,2.37,62.9198,1.9646,6.3458,280051.2,70012.8
002383.SZ,20121225,14.05,2.3616,1.61,59.0925,1.8451,5.9598,263016.0,65754.0
002383.SZ,20121224,13.85,1.7294,1.19,58.2513,1.8188,5.8749,259272.0,64818.0
002383.SZ,20121221,13.54,1.6903,1.1,56.9475,1.7781,5.7434,253468.8,63367.2
002383.SZ,20121220,13.37,0.9285,0.61,56.2325,1.7558,5.6713,250286.4,62571.6
002383.SZ,20121219,13.44,1.2402,0.8,56.5269,1.765,5.701,251596.8,62899.2
002383.SZ,20121218,13.39,1.7594,1.02,56.3166,1.7584,5.6798,250660.8,62665.2
002383.SZ,20121217,13.61,1.6705,0.93,57.2419,1.7873,5.7731,254779.2,63694.8
002383.SZ,20121214,13.42,2.0724,1.2,56.4428,1.7624,5.6925,251222.4,62805.6
002383.SZ,20121213,13.03,0.8798,0.51,54.8025,1.7111,5.5271,243921.6,60980.4
002383.SZ,20121212,13.32,1.3688,0.79,56.0222,1.7492,5.6501,249350.4,62337.6
002383.SZ,20121211,13.63,2.6682,1.9,57.326,1.7899,5.7816,255153.6,63788.4
002383.SZ,20121210,13.28,1.9572,1.6,55.854,1.744,5.6332,248601.6,62150.4
002383.SZ,20121207,13.15,1.7967,1.69,55.3072,1.7269,5.578,246168.0,61542.0
002383.SZ,20121206,12.8,0.8904,0.85,53.8352,1.6809,5.4296,239616.0,59904.0
002383.SZ,20121205,12.9,1.34,1.27,54.2557,1.6941,5.472,241488.0,60372.0
002383.SZ,20121204,12.4,1.0398,0.81,52.1528,1.6284,5.2599,232128.0,58032.0
002383.SZ,20121203,12.1,1.0374,0.76,50.8911,1.589,5.1326,226512.0,56628.0
002383.SZ,20121130,12.8,1.0179,0.73,53.8352,1.6809,5.4296,239616.0,59904.0
002383.SZ,20121129,12.63,0.7841,0.54,53.1202,1.6586,5.3574,236433.6,59108.4
002383.SZ,20121128,12.76,1.3791,0.88,53.6669,1.6757,5.4126,238867.2,59716.8
002383.SZ,20121127,13.41,2.2053,1.56,56.4007,1.761,5.6883,251035.2,62758.8
002383.SZ,20121126,14.48,1.4755,0.93,60.901,1.9016,6.1422,271065.6,67766.4
002383.SZ,20121123,14.42,1.1286,0.68,60.6487,1.8937,6.1167,269942.4,67485.6
002383.SZ,20121122,14.35,1.0176,0.53,60.3543,1.8845,6.087,268632.0,67158.0
002383.SZ,20121121,14.5,1.9944,0.97,60.9851,1.9042,6.1507,271440.0,67860.0
002383.SZ,20121120,14.6,1.473,0.62,61.4057,1.9173,6.1931,273312.0,68328.0
002383.SZ,20121119,14.78,2.2777,0.75,62.1628,1.9409,6.2694,276681.6,69170.4
002383.SZ,20121116,14.19,1.5265,0.37,59.6813,1.8635,6.0192,265636.8,66409.2
002383.SZ,20121115,14.48,2.3142,0.5,60.901,1.9016,6.1422,271065.6,67766.4
002383.SZ,20121114,15.22,2.6498,0.49,64.0134,1.9987,6.4561,284918.4,71229.6
002383.SZ,20121113,15.4,3.1639,0.44,64.7704,2.0224,6.5324,288288.0,72072.0
002383.SZ,20121112,15.8,5.4305,0.83,66.4528,2.0749,6.7021,295776.0,73944.0
002383.SZ,20121109,16.09,7.084,1.36,67.6725,2.113,6.8251,301204.8,75301.2
002383.SZ,20121108,15.26,4.6881,1.06,64.1816,2.004,6.473,285667.2,71416.8
002383.SZ,20121107,15.47,6.5312,2.04,65.0648,2.0316,6.5621,289598.4,72399.6
002383.SZ,20121106,16.31,12.5248,15.61,68.5978,2.1419,6.9184,305323.2,76330.8
002383.SZ,20121105,15.57,1.9083,3.32,65.4854,2.0447,6.6045,291470.4,72867.6
002383.SZ,20121102,14.15,0.3453,0.35,59.5131,1.8582,6.0022,264888.0,66222.0
002383.SZ,20121101,14.2,0.8439,0.61,59.7234,1.8648,6.0234,265824.0,66456.0
002383.SZ,20121031,14.1,0.3754,0.26,59.3028,1.8517,5.981,263952.0,65988.0
002383.SZ,20121030,13.89,0.5394,0.35,58.4196,1.8241,5.8919,260020.8,65005.2
002383.SZ,20121029,13.8,0.766,0.51,58.041,1.8123,5.8537,258336.0,64584.0
002383.SZ,20121026,14.08,2.3392,1.95,59.2187,1.849,5.9725,263577.6,65894.4
002383.SZ,20121025,15.05,2.8599,3.53,63.2984,1.9764,6.384,281736.0,70434.0
002383.SZ,20121024,14.45,0.8226,1.04,60.7748,1.8976,6.1295,270504.0,67626.0
002383.SZ,20121023,14.5,0.8306,1.01,60.9851,1.901,6.1507,271440.0,67860.0
002383.SZ,20121022,14.82,0.6425,0.76,62.331,1.943,6.2864,277430.4,69357.6
002383.SZ,20121019,14.87,0.8413,0.93,62.5413,1.9495,6.3076,278366.4,69591.6
002383.SZ,20121018,14.85,0.9157,0.89,62.4572,1.9469,6.2991,277992.0,69498.0
002383.SZ,20121017,14.64,0.7307,0.57,61.574,1.9194,6.21,274060.8,68515.2
002383.SZ,20121016,14.62,0.9972,0.67,61.4898,1.9167,6.2016,273686.4,68421.6
002383.SZ,20121015,14.43,0.7597,0.48,60.6907,1.8918,6.121,270129.6,67532.4
002383.SZ,20121012,14.66,1.1366,0.69,61.6581,1.922,6.2185,274435.2,68608.8
002383.SZ,20121011,14.81,1.5001,0.82,62.289,1.9417,6.2822,277243.2,69310.8
002383.SZ,20121010,15.33,2.0184,0.99,64.476,2.0098,6.5027,286977.6,71744.4
002383.SZ,20121009,15.08,2.0164,0.93,63.4245,1.9771,6.3967,282297.6,70574.4
002383.SZ,20121008,14.65,1.1617,0.45,61.616,1.9207,6.2143,274248.0,68562.0
002383.SZ,20120928,14.72,1.4928,0.4,61.9104,1.9299,6.244,275558.4,68889.6
002383.SZ,20120927,14.62,2.5082,0.44,61.4898,1.9167,6.2016,273686.4,68421.6
002383.SZ,20120926,14.51,3.0315,0.51,61.0272,1.9023,6.1549,271627.2,67906.8
002383.SZ,20120925,14.55,2.6673,0.47,61.1954,1.9076,6.1719,272376.0,68094.0
002383.SZ,20120924,14.88,3.3506,0.63,62.5834,1.9508,6.3119,278553.6,69638.4
002383.SZ,20120921,15.37,7.0675,1.63,64.6443,2.0151,6.5197,287726.4,71931.6
002383.SZ,20120920,16.4,12.2956,4.26,68.9763,2.1501,6.9566,307008.0,76752.0
002383.SZ,20120919,16.76,4.5298,1.87,70.4904,2.1973,7.1093,313747.2,78436.8
002383.SZ,20120918,15.24,1.005,0.32,64.0975,1.998,6.4646,285292.8,71323.2
002383.SZ,20120917,14.96,1.587,0.49,62.9198,1.9613,6.3458,280051.2,70012.8
002383.SZ,20120914,15.7,2.3167,0.7,66.0322,2.0583,6.6597,293904.0,73476.0
002383.SZ,20120913,16.05,4.9866,2.02,67.5042,2.1042,6.8081,300456.0,75114.0
002383.SZ,20120912,15.53,2.2196,1.01,65.3172,2.0361,6.5876,290721.6,72680.4
002383.SZ,20120911,15.73,4.8276,3.32,66.1584,2.0623,6.6724,294465.6,73616.4
002383.SZ,20120910,15.29,1.9774,1.71,64.3078,2.0046,6.4858,286228.8,71557.2
002383.SZ,20120907,15.14,2.5109,3.47,63.6769,1.9849,6.4221,283420.8,70855.2
002383.SZ,20120906,14.61,0.8178,1.15,61.4478,1.9154,6.1973,273499.2,68374.8
002383.SZ,20120905,14.35,0.8256,1.27,60.3543,1.8813,6.087,268632.0,67158.0
002383.SZ,20120904,14.23,1.1494,2.38,59.8496,1.8656,6.0361,266385.6,66596.4
002383.SZ,20120903,14.2,0.4714,0.98,59.7234,1.8617,6.0234,265824.0,66456.0
002383.SZ,20120831,14.0,0.3515,0.67,58.8822,1.8355,5.9386,262080.0,65520.0
002383.SZ,20120830,13.99,0.7535,1.5,58.8401,1.8342,5.9343,261892.8,65473.2
002383.SZ,20120829,14.01,0.5294,1.13,58.9243,1.8368,5.9428,262267.2,65566.8
002383.SZ,20120828,14.02,0.3124,0.53,58.9663,1.8331,5.9471,262454.4,65613.6
002383.SZ,20120827,13.9,0.4626,0.8,58.4616,1.8174,5.8962,260208.0,65052.0
002383.SZ,20120824,14.37,0.5513,0.93,60.4384,1.8789,6.0955,269006.4,67251.6
002383.SZ,20120823,14.77,0.658,1.18,62.1207,1.9312,6.2652,276494.4,69123.6
002383.SZ,20120822,14.6,0.3587,0.6,61.4057,1.9089,6.1931,273312.0,68328.0
002383.SZ,20120821,14.65,0.8975,1.54,61.616,1.9155,6.2143,274248.0,68562.0
002383.SZ,20120820,14.36,0.4308,0.7,60.3963,1.8775,6.0913,268819.2,67204.8
002383.SZ,20120817,14.31,0.6263,0.93,60.186,1.871,6.0701,267883.2,66970.8
002383.SZ,20120816,14.71,0.4682,0.54,61.8684,1.9233,6.2397,275371.2,68842.8
002383.SZ,20120815,14.82,0.5841,0.41,62.331,1.9377,6.2864,277430.4,69357.6
002383.SZ,20120814,15.1,0.8071,0.57,63.5087,1.9743,6.4052,282672.0,70668.0
002383.SZ,20120813,14.82,0.5826,0.41,62.331,1.9377,6.2864,277430.4,69357.6
002383.SZ,20120810,15.21,0.9386,0.73,63.9713,1.9887,6.4518,284731.2,71182.8
002383.SZ,20120809,15.15,1.3984,1.32,63.719,1.9808,6.4264,283608.0,70902.0
002383.SZ,20120808,15.25,3.4541,7.93,64.1395,1.9939,6.4688,285480.0,71370.0
002383.SZ,20120807,14.51,0.7257,1.84,61.0272,1.8972,6.1549,271627.2,67906.8
002383.SZ,20120806,14.28,0.532,1.43,60.0599,1.8671,6.0573,267321.6,66830.4
002383.SZ,20120803,14.02,0.3421,0.82,58.9663,1.8331,5.9471,262454.4,65613.6
002383.SZ,20120802,13.78,0.2437,0.43,57.9569,1.8017,5.8453,257961.6,64490.4
002383.SZ,20120801,13.92,0.3345,0.58,58.5457,1.82,5.9046,260582.4,65145.6
002383.SZ,20120731,13.75,0.5192,0.79,57.8307,1.7978,5.8325,257400.0,64350.0
002383.SZ,20120730,14.31,0.4199,0.63,60.186,1.871,6.0701,267883.2,66970.8
002383.SZ,20120727,14.94,0.562,0.87,62.8357,1.9534,6.3373,279676.8,69919.2
002383.SZ,20120726,15.15,0.9876,1.65,63.719,1.9808,6.4264,283608.0,70902.0
002383.SZ,20120725,15.03,0.4173,0.67,63.2143,1.9652,6.3755,281361.6,70340.4
002383.SZ,20120724,15.15,0.8966,1.68,63.719,1.9808,6.4264,283608.0,70902.0
002383.SZ,20120723,14.79,0.4751,0.77,62.2048,1.9338,6.2737,276868.8,69217.2
002383.SZ,20120720,14.77,0.4427,0.7,62.1207,1.9312,6.2652,276494.4,69123.6
002383.SZ,20120719,14.87,0.7577,1.24,62.5413,1.9442,6.3076,278366.4,69591.6
002383.SZ,20120718,14.58,0.5247,0.84,61.3216,1.9063,6.1846,272937.6,68234.4
002383.SZ,20120717,14.48,0.4617,0.6,60.901,1.8932,6.1422,271065.6,67766.4
002383.SZ,20120716,14.58,0.9158,1.18,61.3216,1.9063,6.1846,272937.6,68234.4
002383.SZ,20120713,15.42,0.5039,0.53,64.8545,2.0161,6.5409,288662.4,72165.6
002383.SZ,20120712,15.6,0.6494,0.55,65.6116,2.0397,6.6173,292032.0,73008.0
002383.SZ,20120711,15.55,0.6086,0.42,65.4013,2.0331,6.5961,291096.0,72774.0
002383.SZ,20120710,15.51,1.1691,0.6,65.2331,2.0279,6.5791,290347.2,72586.8
002383.SZ,20120709,16.0,0.9415,0.44,67.294,2.092,6.7869,299520.0,74880.0
002383.SZ,20120706,16.39,1.4219,0.68,68.9342,2.143,6.9524,306820.8,76705.2
002383.SZ,20120705,16.45,1.8055,0.96,69.1866,2.1508,6.9778,307944.0,76986.0
002383.SZ,20120704,17.45,1.9479,1.23,73.3925,2.2816,7.402,326664.0,81666.0
002383.SZ,20120703,17.68,3.6052,3.66,74.3598,2.3116,7.4996,330969.6,82742.4
002383.SZ,20120702,17.15,1.8305,2.43,72.1307,2.2423,7.2747,321048.0,80262.0
002383.SZ,20120629,17.05,1.329,2.1,71.7101,2.2293,7.2323,319176.0,79794.0
002383.SZ,20120628,16.85,0.6771,0.92,70.8689,2.2031,7.1475,315432.0,78858.0
002383.SZ,20120627,16.72,0.4457,0.52,70.3222,2.1861,7.0924,312998.4,78249.6
002383.SZ,20120626,16.88,0.6365,0.76,70.9951,2.207,7.1602,315993.6,78998.4
002383.SZ,20120625,16.62,0.6798,0.81,69.9016,2.173,7.0499,311126.4,77781.6
002383.SZ,20120621,17.0,0.7263,0.88,71.4998,2.2227,7.2111,318240.0,79560.0
002383.SZ,20120620,17.37,1.1747,1.7,73.056,2.2711,7.3681,325166.4,81291.6
002383.SZ,20120619,17.12,1.0612,1.79,72.0045,2.2384,7.262,320486.4,80121.6
002383.SZ,20120618,17.15,0.5618,0.88,72.1307,2.2423,7.2747,321048.0,80262.0
002383.SZ,20120615,17.15,0.6647,1.08,72.1307,2.2423,7.2747,321048.0,80262.0
002383.SZ,20120614,17.07,0.6592,1.07,71.7942,2.2319,7.2408,319550.4,79887.6
002383.SZ,20120613,17.15,0.515,0.76,72.1307,2.2423,7.2747,321048.0,80262.0
002383.SZ,20120612,17.11,0.5694,0.81,71.9625,2.2371,7.2578,320299.2,80074.8
002383.SZ,20120611,17.3,0.7689,0.98,72.7616,2.262,7.3384,323856.0,80964.0
002383.SZ,20120608,16.99,0.5569,0.65,71.4578,2.2214,7.2069,318052.8,79513.2
002383.SZ,20120607,16.82,0.659,0.65,70.7428,2.1992,7.1348,314870.4,78717.6
002383.SZ,20120606,16.91,0.8219,0.77,71.1213,2.211,7.1729,316555.2,79138.8
002383.SZ,20120605,16.81,0.6882,0.58,70.7007,2.1979,7.1305,314683.2,78670.8
002383.SZ,20120604,16.74,1.177,0.94,70.4063,2.1887,7.1008,313372.8,78343.2
002383.SZ,20120601,17.43,0.9506,0.83,73.3083,2.2789,7.3935,326289.6,81572.4
002383.SZ,20120531,17.61,1.4641,1.52,74.0654,2.3025,7.4699,329659.2,82414.8
002383.SZ,20120530,17.77,1.0328,1.23,74.7383,2.3234,7.5377,332654.4,83163.6
002383.SZ,20120529,17.77,1.3288,1.93,74.7383,2.3234,7.5377,332654.4,83163.6
002383.SZ,20120528,17.68,1.4558,2.99,74.3598,2.3116,7.4996,330969.6,82742.4
002383.SZ,20120525,24.19,0.5934,0.93,78.2616,2.385,7.8931,348336.0,87084.0
002383.SZ,20120524,24.2,0.7168,1.13,78.2939,2.3859,7.8963,348480.0,87120.0
002383.SZ,20120523,24.48,0.5393,0.72,79.1998,2.4135,7.9877,352512.0,88128.0
002383.SZ,20120522,24.7,0.7239,0.92,79.9116,2.4352,8.0595,355680.0,88920.0
002383.SZ,20120521,24.48,0.5924,0.74,79.1998,2.4135,7.9877,352512.0,88128.0
002383.SZ,20120518,24.51,0.627,0.75,79.2969,2.4165,7.9975,352944.0,88236.0
002383.SZ,20120517,24.72,0.6944,0.76,79.9763,2.4372,8.066,355968.0,88992.0
002383.SZ,20120516,24.56,1.1249,1.05,79.4586,2.4214,8.0138,353664.0,88416.0
002383.SZ,20120515,24.42,0.8763,0.78,79.0057,2.4076,7.9681,351648.0,87912.0
002383.SZ,20120511,24.68,0.6796,0.54,79.8469,2.4333,8.053,355392.0,88848.0
002383.SZ,20120510,25.07,0.788,0.63,81.1086,2.4717,8.1802,361008.0,90252.0
002383.SZ,20120509,24.88,1.0763,0.86,80.4939,2.453,8.1182,358272.0,89568.0
002383.SZ,20120508,25.52,1.9372,1.9,82.5645,2.5161,8.3271,367488.0,91872.0
002383.SZ,20120507,25.2,1.1432,1.1,81.5292,2.4845,8.2226,362880.0,90720.0
002383.SZ,20120504,25.05,1.3215,1.36,81.0439,2.4697,8.1737,360720.0,90180.0
002383.SZ,20120503,24.93,0.812,0.62,80.6557,2.4579,8.1345,358992.0,89748.0
002383.SZ,20120502,24.91,1.0703,0.78,80.591,2.4559,8.128,358704.0,89676.0
002383.SZ,20120427,24.5,0.7394,0.53,79.2645,2.4155,7.9942,352800.0,88200.0
002383.SZ,20120426,24.76,1.2464,0.92,80.1057,2.4412,8.0791,356544.0,89136.0
002383.SZ,20120425,24.72,0.9904,0.63,79.9763,2.4372,8.066,355968.0,88992.0
002383.SZ,20120424,24.6,2.523,2.08,79.588,2.4254,8.0269,354240.0,88560.0
002383.SZ,20120423,25.62,1.325,1.16,82.888,2.4981,8.3597,368928.0,92232.0
002383.SZ,20120420,25.97,0.8504,0.72,70.195,2.5328,9.2887,373968.0,93492.0
002383.SZ,20120419,25.89,1.0945,0.9,69.9788,2.525,9.2601,372816.0,93204.0
002383.SZ,20120418,26.06,2.0247,2.13,70.4383,2.5415,9.3209,375264.0,93816.0
002383.SZ,20120417,25.23,0.7689,0.8,68.1949,2.4606,9.024,363312.0,90828.0
002383.SZ,20120416,25.54,0.9628,1.05,69.0328,2.4908,9.1349,367776.0,91944.0
002383.SZ,20120413,25.66,1.0641,1.15,69.3571,2.5025,9.1778,369504.0,92376.0
002383.SZ,20120412,25.55,1.2699,1.31,69.0598,2.4918,9.1385,367920.0,91980.0
002383.SZ,20120411,25.06,0.6857,0.68,67.7354,2.444,8.9632,360864.0,90216.0
002383.SZ,20120410,25.06,0.8315,0.76,67.7354,2.444,8.9632,360864.0,90216.0
002383.SZ,20120409,24.78,0.7195,0.56,66.9786,2.4167,8.8631,356832.0,89208.0
002383.SZ,20120406,25.28,1.1076,0.88,68.33,2.4655,9.0419,364032.0,91008.0
002383.SZ,20120405,25.37,1.5103,1.32,68.5733,2.4742,9.0741,365328.0,91332.0
002383.SZ,20120330,24.9,0.8405,0.65,67.3029,2.4284,8.906,358560.0,89640.0
002383.SZ,20120329,24.71,1.3186,1.01,66.7894,2.4099,8.8381,355824.0,88956.0
002383.SZ,20120328,25.0,1.6704,1.31,67.5732,2.4382,8.9418,360000.0,90000.0
002383.SZ,20120327,26.01,0.9455,0.64,70.3032,2.5367,9.303,374544.0,93636.0
002383.SZ,20120326,26.19,0.9447,0.54,70.7897,2.5542,9.3674,377136.0,94284.0
002383.SZ,20120323,26.46,1.5894,0.87,71.5195,2.5806,9.464,381024.0,95256.0
002383.SZ,20120322,27.06,1.3986,0.67,73.1412,2.6391,9.6786,389664.0,97416.0
002383.SZ,20120321,26.99,1.4979,0.55,72.952,2.6322,9.6536,388656.0,97164.0
002383.SZ,20120320,26.95,1.981,0.71,72.8439,2.6283,9.6392,388080.0,97020.0
002383.SZ,20120319,27.74,2.2788,0.81,74.9792,2.7054,9.9218,399456.0,99864.0
002383.SZ,20120316,27.2,1.9812,0.67,73.5197,2.6527,9.7287,391680.0,97920.0
002383.SZ,20120315,26.7,2.6856,0.97,72.1682,2.604,9.5498,384480.0,96120.0
002383.SZ,20120314,27.25,4.6503,2.14,73.6548,2.6576,9.7465,392400.0,98100.0
002383.SZ,20120313,28.67,2.3722,1.04,77.493,2.7961,10.2544,412848.0,103212.0
002383.SZ,20120312,28.46,2.3144,0.84,76.9253,2.7756,10.1793,409824.0,102456.0
002383.SZ,20120309,28.3,2.7165,1.01,76.4929,2.76,10.1221,407520.0,101880.0
002383.SZ,20120308,27.71,1.7767,0.64,74.8981,2.7025,9.9111,399024.0,99756.0
002383.SZ,20120307,27.52,1.6889,0.57,74.3846,2.6839,9.8431,396288.0,99072.0
002383.SZ,20120306,27.69,2.8737,0.91,74.8441,2.7005,9.9039,398736.0,99684.0
002383.SZ,20120305,28.34,4.6496,1.45,76.601,2.7639,10.1364,408096.0,102024.0
002383.SZ,20120302,28.35,2.4469,0.7,76.628,2.7649,10.14,408240.0,102060.0
002383.SZ,20120229,27.58,2.2119,0.55,74.5468,2.6898,9.8646,397152.0,99288.0
002383.SZ,20120228,28.03,2.5808,0.66,75.7631,2.7524,10.0255,403632.0,100908.0
002383.SZ,20120227,28.58,3.8143,1.05,77.2497,2.8064,10.2222,411552.0,102888.0
002383.SZ,20120224,28.91,4.925,1.56,78.1417,2.8388,10.3403,416304.0,104076.0
002383.SZ,20120223,28.2,3.9871,1.42,76.2226,2.7691,10.0863,406080.0,101520.0
002383.SZ,20120222,28.48,4.8532,2.18,76.9794,2.7966,10.1865,410112.0,102528.0
002383.SZ,20120221,27.57,2.0843,1.0,74.5197,2.7072,9.861,397008.0,99252.0
002383.SZ,20120220,27.29,2.273,1.11,73.7629,2.6797,9.7609,392976.0,98244.0
002383.SZ,20120217,27.51,2.616,1.39,74.3576,2.7013,9.8395,396144.0,99036.0
002383.SZ,20120216,27.0,2.255,1.14,72.9791,2.6512,9.6571,388800.0,97200.0
002383.SZ,20120215,27.25,1.879,1.01,73.6548,2.6758,9.7465,392400.0,98100.0
002383.SZ,20120214,26.98,1.3528,0.73,72.925,2.6493,9.65,388512.0,97128.0
002383.SZ,20120213,26.94,2.1058,1.27,72.8169,2.6453,9.6357,387936.0,96984.0
002383.SZ,20120210,26.55,1.8474,1.19,71.7627,2.607,9.4962,382320.0,95580.0
002383.SZ,20120209,26.65,2.6805,2.29,72.033,2.6169,9.5319,383760.0,95940.0
002383.SZ,20120208,26.19,1.3379,1.26,70.7897,2.5717,9.3674,377136.0,94284.0
002383.SZ,20120207,25.56,1.3042,1.39,69.0868,2.5098,9.1421,368064.0,92016.0
002383.SZ,20120206,26.34,1.151,1.06,71.1951,2.5864,9.4211,379296.0,94824.0
002383.SZ,20120203,26.31,1.2686,1.27,71.114,2.5835,9.4103,378864.0,94716.0
002383.SZ,20120202,26.09,0.792,0.72,70.5194,2.5619,9.3316,375696.0,93924.0
002383.SZ,20120201,25.65,0.7784,0.55,69.3301,2.5187,9.1743,369360.0,92340.0
002383.SZ,20120131,25.72,0.6987,0.41,69.5193,2.5255,9.1993,370368.0,92592.0
002383.SZ,20120130,26.0,1.8842,1.11,70.2761,2.553,9.2995,374400.0,93600.0
002383.SZ,20120120,25.27,0.8438,0.38,68.303,2.4814,9.0384,363888.0,90972.0
002383.SZ,20120119,25.04,1.2718,0.48,67.6813,2.4588,8.9561,360576.0,90144.0
002383.SZ,20120118,24.69,2.3554,0.83,66.7353,2.4244,8.8309,355536.0,88884.0
002383.SZ,20120117,26.22,2.2196,0.72,70.8708,2.5746,9.3781,377568.0,94392.0
002383.SZ,20120116,25.0,1.8267,0.6,67.5732,2.4548,8.9418,360000.0,90000.0
002383.SZ,20120113,26.54,3.3773,1.21,71.7357,2.6061,9.4926,382176.0,95544.0
002383.SZ,20120112,28.03,3.5507,1.28,75.7631,2.7524,10.0255,403632.0,100908.0
002383.SZ,20120111,27.53,3.1673,1.02,74.4116,2.7033,9.8467,396432.0,99108.0
002383.SZ,20120110,27.49,3.3927,1.18,74.3035,2.6993,9.8324,395856.0,98964.0
002383.SZ,20120109,26.33,1.7558,0.57,71.1681,2.5854,9.4175,379152.0,94788.0
002383.SZ,20120106,25.28,2.0932,0.61,68.33,2.4823,9.0419,364032.0,91008.0
002383.SZ,20120105,25.68,3.4568,1.01,69.4112,2.5216,9.185,369792.0,92448.0
002383.SZ,20120104,27.98,4.7547,1.57,75.6279,2.7475,10.0076,402912.0,100728.0
002383.SZ,20111230,26.9,2.296,0.65,72.7088,2.6414,9.6214,387360.0,96840.0
002383.SZ,20111229,26.71,2.7151,0.76,72.1952,2.6227,9.5534,384624.0,96156.0
002383.SZ,20111228,28.08,4.0425,1.22,75.8982,2.7573,10.0434,404352.0,101088.0
002383.SZ,20111227,28.25,3.3291,0.94,76.3577,2.774,10.1042,406800.0,101700.0
002383.SZ,20111226,28.65,2.7602,0.76,77.4389,2.8132,10.2473,412560.0,103140.0
002383.SZ,20111223,28.77,4.847,1.73,77.7632,2.825,10.2902,414288.0,103572.0
002383.SZ,20111222,27.35,2.9921,1.28,73.9251,2.6856,9.7823,393840.0,98460.0
002383.SZ,20111221,26.83,2.6929,1.31,72.5196,2.6345,9.5963,386352.0,96588.0
002383.SZ,20111220,27.26,4.4092,3.61,73.6818,2.6768,9.7501,392544.0,98136.0
002383.SZ,20111219,27.18,3.3114,5.1,73.4656,2.6689,9.7215,391392.0,97848.0
002383.SZ,20111215,24.71,0.5673,0.82,66.7894,2.4264,8.8381,355824.0,88956.0
002383.SZ,20111214,25.0,0.7212,1.12,67.5732,2.4548,8.9418,360000.0,90000.0
002383.SZ,20111213,24.65,1.2371,2.09,66.6272,2.4205,8.8166,354960.0,88740.0
002383.SZ,20111212,26.23,0.2629,0.33,70.8978,2.5756,9.3817,377712.0,94428.0
002383.SZ,20111209,26.75,0.4549,0.5,72.3033,2.6267,9.5677,385200.0,96300.0
002383.SZ,20111208,27.13,0.7628,0.67,73.3304,2.664,9.7036,390672.0,97668.0
002383.SZ,20111207,26.7,0.5111,0.34,72.1682,2.6218,9.5498,384480.0,96120.0
002383.SZ,20111206,26.63,0.9655,0.6,71.979,2.6149,9.5248,383472.0,95868.0
002383.SZ,20111205,27.33,1.2734,0.74,73.871,2.6836,9.7752,393552.0,98388.0
002383.SZ,20111202,28.6,0.9938,0.44,77.3038,2.8083,10.2294,411840.0,102960.0
002383.SZ,20111201,28.65,1.9297,0.95,77.4389,2.8132,10.2473,412560.0,103140.0
002383.SZ,20111130,27.42,2.4193,1.33,74.1143,2.6925,9.8073,394848.0,98712.0
002383.SZ,20111129,29.8,1.4949,0.8,80.5473,2.9262,10.6586,429120.0,107280.0
002383.SZ,20111128,29.76,1.7894,0.98,80.4391,2.9222,10.6443,428544.0,107136.0
002383.SZ,20111125,29.58,3.5845,2.03,79.9526,2.9046,10.5799,425952.0,106488.0
002383.SZ,20111124,28.62,0.8743,0.31,77.3578,2.8103,10.2366,412128.0,103032.0
002383.SZ,20111123,28.8,1.3228,0.42,77.8443,2.828,10.3009,414720.0,103680.0
002383.SZ,20111122,28.84,1.7623,0.52,77.9525,2.8319,10.3152,415296.0,103824.0
002383.SZ,20111121,29.18,1.6014,0.43,78.8714,2.8653,10.4369,420192.0,105048.0
002383.SZ,20111118,29.67,3.2828,0.96,80.1959,2.9134,10.6121,427248.0,106812.0
002383.SZ,20111117,29.98,6.1753,2.14,81.0338,2.9438,10.723,431712.0,107928.0
002383.SZ,20111116,28.62,2.9994,1.02,77.3578,2.8103,10.2366,412128.0,103032.0
002383.SZ,20111115,29.86,2.806,1.04,80.7094,2.9321,10.6801,429984.0,107496.0
002383.SZ,20111114,29.56,3.368,1.41,79.8986,2.9026,10.5728,425664.0,106416.0
002383.SZ,20111111,28.0,1.8012,0.76,75.682,2.7494,10.0148,403200.0,100800.0
002383.SZ,20111110,28.3,3.4813,1.43,76.4929,2.7789,10.1221,407520.0,101880.0
002383.SZ,20111109,28.71,3.2703,1.3,77.6011,2.8191,10.2687,413424.0,103356.0
002383.SZ,20111108,27.48,1.516,0.56,74.2765,2.6984,9.8288,395712.0,98928.0
002383.SZ,20111107,28.33,1.8366,0.66,76.574,2.7818,10.1328,407952.0,101988.0
002383.SZ,20111104,28.06,1.6694,0.53,75.8442,2.7553,10.0363,404064.0,101016.0
002383.SZ,20111103,27.98,3.9216,1.21,75.6279,2.7475,10.0076,402912.0,100728.0
002383.SZ,20111102,27.7,3.6479,1.16,74.8711,2.72,9.9075,398880.0,99720.0
002383.SZ,20111101,26.87,2.485,0.87,72.6277,2.6385,9.6106,386928.0,96732.0
002383.SZ,20111031,27.45,2.1264,0.84,74.1954,2.6954,9.8181,395280.0,98820.0
002383.SZ,20111028,27.34,3.6981,1.89,73.8981,2.6846,9.7787,393696.0,98424.0
002383.SZ,20111026,27.36,4.2985,3.34,73.9521,2.7031,9.7859,393984.0,98496.0
002383.SZ,20111025,26.55,3.1702,3.77,71.7627,2.6231,9.4962,382320.0,95580.0
002383.SZ,20111024,24.64,0.9115,1.02,66.6002,2.4344,8.813,354816.0,88704.0
002383.SZ,20111021,24.21,0.5347,0.56,65.4379,2.3919,8.6592,348624.0,87156.0
002383.SZ,20111020,24.28,0.8891,0.89,65.6271,2.3988,8.6843,349632.0,87408.0
002383.SZ,20111019,25.44,0.9332,0.94,68.7625,2.5134,9.0992,366336.0,91584.0
002383.SZ,20111018,25.91,0.9375,0.96,70.0329,2.5599,9.2673,373104.0,93276.0
002383.SZ,20111017,26.94,1.156,1.4,72.8169,2.6616,9.6357,387936.0,96984.0
002383.SZ,20111014,27.08,0.884,1.08,73.1953,2.6755,9.6857,389952.0,97488.0
002383.SZ,20111013,27.03,1.0885,1.33,73.0602,2.6705,9.6679,389232.0,97308.0
002383.SZ,20111012,26.85,0.8984,1.15,72.5736,2.6527,9.6035,386640.0,96660.0
002383.SZ,20111011,26.06,0.8684,1.17,70.4383,2.5747,9.3209,375264.0,93816.0
002383.SZ,20111010,25.95,0.386,0.46,70.141,2.5638,9.2816,373680.0,93420.0
002383.SZ,20110930,25.86,0.8445,0.95,69.8977,2.5549,9.2494,372384.0,93096.0
002383.SZ,20110929,26.29,1.0896,1.32,71.06,2.5974,9.4032,378576.0,94644.0
002383.SZ,20110928,27.7,0.7324,0.84,74.8711,2.7367,9.9075,398880.0,99720.0
002383.SZ,20110927,28.51,0.6453,0.74,77.0605,2.8167,10.1972,410544.0,102636.0
002383.SZ,20110926,28.37,0.8526,1.04,76.6821,2.8029,10.1471,408528.0,102132.0
002383.SZ,20110923,28.38,1.1405,1.6,76.7091,2.8039,10.1507,408672.0,102168.0
002383.SZ,20110922,29.08,0.7516,1.1,78.6012,2.8731,10.4011,418752.0,104688.0
002383.SZ,20110921,30.03,0.9785,1.59,81.1689,2.9669,10.7409,432432.0,108108.0
002383.SZ,20110920,29.4,0.6297,0.93,79.4661,2.9047,10.5155,423360.0,105840.0
002383.SZ,20110919,29.1,0.5935,0.85,78.6552,2.875,10.4082,419040.0,104760.0
002383.SZ,20110916,30.1,0.6059,0.83,81.3581,2.9738,10.7659,433440.0,108360.0
002383.SZ,20110915,30.34,0.6161,0.78,82.0068,2.9976,10.8518,436896.0,109224.0
002383.SZ,20110914,30.45,0.6311,0.71,82.3042,3.0084,10.8911,438480.0,109620.0
002383.SZ,20110913,30.47,0.9572,0.93,82.3582,3.0104,10.8982,438768.0,109692.0
002383.SZ,20110909,30.93,0.6681,0.65,83.6016,3.0558,11.0628,445392.0,111348.0
002383.SZ,20110908,31.25,0.777,0.72,84.4665,3.0875,11.1772,450000.0,112500.0
002383.SZ,20110907,31.69,0.8959,0.77,85.6558,3.1309,11.3346,456336.0,114084.0
002383.SZ,20110906,31.35,1.1237,0.91,84.7368,3.0973,11.213,451440.0,112860.0
002383.SZ,20110905,31.88,1.6722,1.31,86.1694,3.1497,11.4026,459072.0,114768.0
002383.SZ,20110902,32.48,0.6402,0.39,87.7911,3.209,11.6172,467712.0,116928.0
002383.SZ,20110901,32.8,1.0396,0.52,88.656,3.2406,11.7316,472320.0,118080.0
002383.SZ,20110831,32.95,1.3364,0.52,89.0615,3.2554,11.7853,474480.0,118620.0
002383.SZ,20110830,33.12,1.4531,0.56,89.521,3.2722,11.8461,476928.0,119232.0
002383.SZ,20110829,33.65,1.9,0.73,90.9535,3.3246,12.0356,484560.0,121140.0
002383.SZ,20110826,33.93,2.55,0.95,91.7104,3.4014,12.1358,488592.0,122148.0
002383.SZ,20110825,33.79,2.8476,0.82,91.3319,3.3873,12.0857,486576.0,121644.0
002383.SZ,20110824,33.7,4.0493,1.38,91.0887,3.3783,12.0535,485280.0,121320.0
002383.SZ,20110823,32.75,1.7227,0.58,88.5209,3.2831,11.7137,471600.0,117900.0
002383.SZ,20110822,32.69,1.7575,0.6,88.3587,3.2771,11.6923,470736.0,117684.0
002383.SZ,20110819,32.78,2.9945,1.1,88.602,3.2861,11.7245,472032.0,118008.0
002383.SZ,20110818,33.0,6.8451,3.42,89.1966,3.3081,11.8032,475200.0,118800.0
002383.SZ,20110817,31.45,1.3084,0.58,85.0071,3.1528,11.2488,452880.0,113220.0
002383.SZ,20110816,31.2,1.8423,0.78,84.3314,3.1277,11.1593,449280.0,112320.0
002383.SZ,20110812,31.05,1.7549,0.69,83.9259,3.1127,11.1057,447120.0,111780.0
002383.SZ,20110811,30.43,1.8018,0.71,82.2501,3.0505,10.8839,438192.0,109548.0
002383.SZ,20110810,30.56,3.313,1.38,82.6015,3.0635,10.9304,440064.0,110016.0
002383.SZ,20110809,30.27,2.5067,1.15,81.8176,3.0345,10.8267,435888.0,108972.0
002383.SZ,20110808,31.5,2.4962,1.22,85.1422,3.1578,11.2666,453600.0,113400.0
002383.SZ,20110805,33.5,2.5561,1.43,90.5481,3.3583,11.982,482400.0,120600.0
002383.SZ,20110804,33.99,1.7581,1.06,91.8725,3.4074,12.1573,489456.0,122364.0
002383.SZ,20110803,33.86,2.6446,1.74,91.5212,3.3944,12.1108,487584.0,121896.0
002383.SZ,20110802,33.28,1.4382,0.83,89.9535,3.3362,11.9033,479232.0,119808.0
002383.SZ,20110801,33.39,1.8343,0.77,90.2508,3.3472,11.9426,480816.0,120204.0
002383.SZ,20110729,32.7,1.2525,0.48,88.3858,3.2781,11.6959,470880.0,117720.0
002383.SZ,20110728,32.39,1.1178,0.43,87.5478,3.247,11.585,466416.0,116604.0
002383.SZ,20110727,32.69,1.9372,0.77,88.3587,3.2771,11.6923,470736.0,117684.0
002383.SZ,20110726,32.1,2.504,1.08,86.764,3.2179,11.4813,462240.0,115560.0
002383.SZ,20110725,33.45,5.0236,2.99,90.413,3.3533,11.9641,481680.0,120420.0
002383.SZ,20110721,33.3,2.5211,1.64,90.0075,3.3382,11.9105,479520.0,119880.0
002383.SZ,20110720,33.08,1.0712,0.68,89.4129,3.3162,11.8318,476352.0,119088.0
002383.SZ,20110719,33.16,1.4049,0.83,89.6291,3.3242,11.8604,477504.0,119376.0
002383.SZ,20110718,33.7,1.622,0.92,91.0887,3.3783,12.0535,485280.0,121320.0
002383.SZ,20110715,33.48,1.7756,0.9,90.494,3.3563,11.9748,482112.0,120528.0
002383.SZ,20110714,33.48,1.7941,0.59,90.494,3.3563,11.9748,482112.0,120528.0
002383.SZ,20110713,33.49,1.2982,0.41,90.5211,3.3573,11.9784,482256.0,120564.0
002383.SZ,20110712,33.06,1.9251,0.59,89.3588,3.3142,11.8246,476064.0,119016.0
002383.SZ,20110711,33.66,1.9773,0.57,90.9806,3.3743,12.0392,484704.0,121176.0
002383.SZ,20110708,33.89,2.8413,0.85,91.6022,3.3974,12.1215,488016.0,122004.0
002383.SZ,20110707,33.76,7.1232,3.03,91.2509,3.3843,12.075,486144.0,121536.0
002383.SZ,20110706,32.58,1.9469,0.66,88.0614,3.266,11.6529,469152.0,117288.0
002383.SZ,20110705,32.58,2.5517,0.93,88.0614,3.266,11.6529,469152.0,117288.0
002383.SZ,20110704,32.22,3.0295,1.16,87.0884,3.2299,11.5242,463968.0,115992.0
002383.SZ,20110701,31.8,1.9656,0.68,85.9531,3.1878,11.374,457920.0,114480.0
002383.SZ,20110630,31.68,2.2504,0.81,85.6288,3.1758,11.331,456192.0,114048.0
002383.SZ,20110629,31.87,4.8719,2.53,86.1423,3.1949,11.399,458928.0,114732.0
002383.SZ,20110628,30.97,1.5297,0.83,83.7097,3.1046,11.0771,445968.0,111492.0
002383.SZ,20110627,31.36,2.4313,1.49,84.7638,3.1437,11.2166,451584.0,112896.0
002383.SZ,20110624,31.15,3.2724,2.62,84.1962,3.1227,11.1415,448560.0,112140.0
002383.SZ,20110623,30.4,1.7139,1.41,82.169,3.0475,10.8732,437760.0,109440.0
002383.SZ,20110622,29.44,0.6997,0.48,79.5742,2.9513,10.5298,423936.0,105984.0
002383.SZ,20110621,29.55,1.05,0.6,79.8715,2.9623,10.5692,425520.0,106380.0
002383.SZ,20110620,29.4,1.4311,0.66,79.4661,2.9473,10.5155,423360.0,105840.0
002383.SZ,20110617,30.4,1.3509,0.55,82.169,3.0475,10.8732,437760.0,109440.0
002383.SZ,20110616,30.39,1.5517,0.6,82.142,3.0465,10.8696,437616.0,109404.0
002383.SZ,20110615,31.01,1.9022,0.72,83.8178,3.1086,11.0914,446544.0,111636.0
002383.SZ,20110614,31.68,2.4955,1.0,85.6288,3.1758,11.331,456192.0,114048.0
002383.SZ,20110613,31.59,3.5764,1.58,85.3855,3.1668,11.2988,454896.0,113724.0
002383.SZ,20110610,30.69,2.6521,1.23,82.9529,3.0766,10.9769,441936.0,110484.0
002383.SZ,20110609,29.82,2.2543,1.05,80.6013,2.9894,10.6658,429408.0,107352.0
002383.SZ,20110608,31.05,2.1412,1.09,83.9259,3.1127,11.1057,447120.0,111780.0
002383.SZ,20110607,30.66,1.8825,0.95,82.8718,3.0736,10.9662,441504.0,110376.0
002383.SZ,20110603,30.6,2.3776,1.3,82.7096,3.0675,10.9447,440640.0,110160.0
002383.SZ,20110602,30.09,2.1341,1.1,81.3311,3.0164,10.7623,433296.0,108324.0
002383.SZ,20110601,29.73,2.1502,1.09,80.3581,2.9803,10.6336,428112.0,107028.0
002383.SZ,20110531,29.3,1.2519,0.54,79.1958,2.9372,10.4798,421920.0,105480.0
002383.SZ,20110530,28.77,2.025,0.71,77.7632,2.8841,10.2902,414288.0,103572.0
002383.SZ,20110527,28.45,1.5851,0.54,76.8983,2.852,10.1758,409680.0,102420.0
002383.SZ,20110526,29.01,2.6711,0.99,78.412,2.9082,10.376,417744.0,104436.0
002383.SZ,20110525,36.58,2.7956,0.98,82.3943,2.957,10.903,438960.0,109740.0
002383.SZ,20110524,36.67,3.5638,1.43,82.597,2.9643,10.9298,440040.0,110010.0
002383.SZ,20110523,37.25,5.6218,3.22,83.9034,3.0112,11.1027,447000.0,111750.0
002383.SZ,20110520,34.43,2.4653,1.53,77.5515,2.7832,10.2622,413160.0,103290.0
002383.SZ,20110519,35.28,1.74,1.17,79.4661,2.852,10.5155,423360.0,105840.0
002383.SZ,20110518,35.4,0.9412,0.62,79.7364,2.8617,10.5513,424800.0,106200.0
002383.SZ,20110517,35.23,1.6536,1.05,79.3535,2.8479,10.5006,422760.0,105690.0
002383.SZ,20110513,35.41,1.928,1.3,79.7589,2.8625,10.5543,424920.0,106230.0
002383.SZ,20110512,35.6,1.77,1.18,80.1869,2.8778,10.6109,427200.0,106800.0
002383.SZ,20110511,36.82,1.1528,0.65,82.9349,2.9764,10.9746,441840.0,110460.0
002383.SZ,20110510,36.78,1.106,0.44,82.8448,2.9732,10.9626,441360.0,110340.0
002383.SZ,20110509,36.63,1.8894,0.56,82.5069,2.9611,10.9179,439560.0,109890.0
002383.SZ,20110506,36.43,1.5016,0.45,82.0564,2.9449,10.8583,437160.0,109290.0
002383.SZ,20110505,36.48,1.848,0.57,82.169,2.949,10.8732,437760.0,109440.0
002383.SZ,20110504,36.32,2.4815,0.85,81.8086,2.936,10.8255,435840.0,108960.0
002383.SZ,20110503,37.08,4.7568,2.15,83.5205,2.9975,11.052,444960.0,111240.0
002383.SZ,20110429,38.2,6.3577,4.73,86.0432,3.088,11.3859,458400.0,114600.0
002383.SZ,20110428,42.42,1.3477,0.82,95.5485,3.4342,12.6437,509040.0,127260.0
002383.SZ,20110427,43.22,1.1853,0.62,97.3505,3.499,12.8821,518640.0,129660.0
002383.SZ,20110426,43.97,0.8806,0.43,99.0398,3.5597,13.1057,527640.0,131910.0
002383.SZ,20110425,44.64,1.2933,0.64,100.5489,3.6139,13.3054,535680.0,133920.0
002383.SZ,20110422,46.1,2.0163,1.01,65.8997,3.7354,12.9817,553200.0,138300.0
002383.SZ,20110421,46.02,2.8487,1.7,65.7854,3.7289,12.9592,552240.0,138060.0
002383.SZ,20110420,45.8,2.5541,1.74,65.4709,3.7111,12.8973,549600.0,137400.0
002383.SZ,20110419,43.37,1.4247,0.81,61.9972,3.5142,12.213,520440.0,130110.0
002383.SZ,20110418,44.12,1.2917,0.48,63.0693,3.5749,12.4242,529440.0,132360.0
002383.SZ,20110415,44.87,1.8296,0.51,64.1415,3.6357,12.6354,538440.0,134610.0
002383.SZ,20110414,44.53,1.286,0.33,63.6554,3.6081,12.5396,534360.0,133590.0
002383.SZ,20110413,45.11,1.5101,0.39,64.4845,3.6551,12.703,541320.0,135330.0
002383.SZ,20110412,45.15,2.9107,0.81,64.5417,3.6584,12.7142,541800.0,135450.0
002383.SZ,20110411,46.4,5.9112,2.15,66.3286,3.7597,13.0662,556800.0,139200.0
002383.SZ,20110408,46.07,6.1935,2.88,65.8568,3.7329,12.9733,552840.0,138210.0
002383.SZ,20110407,44.18,2.7727,1.28,63.1551,3.5798,12.4411,530160.0,132540.0
002383.SZ,20110406,43.0,1.7705,0.81,61.4683,3.4842,12.1088,516000.0,129000.0
002383.SZ,20110401,43.63,1.3181,0.6,62.3689,3.5352,12.2862,523560.0,130890.0
002383.SZ,20110331,43.1,1.6708,0.75,61.6112,3.4923,12.1369,517200.0,129300.0
002383.SZ,20110330,42.9,3.2027,1.66,61.3253,3.4761,12.0806,514800.0,128700.0
002383.SZ,20110329,44.25,2.8273,1.53,63.2552,3.5855,12.4608,531000.0,132750.0
002383.SZ,20110328,46.3,1.9242,0.96,66.1856,3.7516,13.0381,555600.0,138900.0
002383.SZ,20110325,46.75,1.4404,0.73,66.8289,3.788,13.1648,561000.0,140250.0
002383.SZ,20110324,46.7,1.6991,0.85,66.7574,3.784,13.1507,560400.0,140100.0
002383.SZ,20110323,46.49,1.7453,0.86,66.4572,3.767,13.0916,557880.0,139470.0
002383.SZ,20110322,46.65,2.4319,1.09,66.686,3.7799,13.1366,559800.0,139950.0
002383.SZ,20110321,46.28,2.6974,1.18,66.157,3.7499,13.0324,555360.0,138840.0
002383.SZ,20110318,45.61,1.2928,0.53,65.1993,3.6957,12.8438,547320.0,136830.0
002383.SZ,20110317,45.16,1.8719,0.71,64.556,3.6592,12.717,541920.0,135480.0
002383.SZ,20110316,45.94,1.8033,0.64,65.671,3.7224,12.9367,551280.0,137820.0
002383.SZ,20110315,45.46,3.4967,1.42,64.9849,3.6835,12.8015,545520.0,136380.0
002383.SZ,20110314,46.73,2.9927,1.27,66.8003,3.7864,13.1592,560760.0,140190.0
002383.SZ,20110311,47.57,2.0357,0.9,68.0011,3.8545,13.3957,570840.0,142710.0
002383.SZ,20110310,48.07,2.9472,1.45,68.7158,3.895,13.5365,576840.0,144210.0
002383.SZ,20110309,47.61,2.6024,1.26,68.0583,3.8577,13.407,571320.0,142830.0
002383.SZ,20110308,48.11,1.7292,0.76,68.773,3.8982,13.5478,577320.0,144330.0
002383.SZ,20110307,48.17,2.4458,1.12,68.8588,3.9031,13.5647,578040.0,144510.0
002383.SZ,20110304,47.5,1.5368,0.68,67.901,3.8488,13.376,570000.0,142500.0
002383.SZ,20110303,47.57,1.866,0.65,68.0011,3.8545,13.3957,570840.0,142710.0
002383.SZ,20110302,47.56,2.7891,0.88,67.9868,3.8537,13.3929,570720.0,142680.0
002383.SZ,20110301,48.3,2.7758,0.88,69.0446,3.9136,13.6013,579600.0,144900.0
002383.SZ,20110228,49.0,1.9807,0.62,70.0453,3.9703,13.7984,588000.0,147000.0
002383.SZ,20110225,49.02,1.943,0.61,70.0739,4.0347,13.804,588240.0,147060.0
002383.SZ,20110224,49.44,4.9746,1.83,70.6742,4.0693,13.9223,593280.0,148320.0
002383.SZ,20110223,49.63,4.2062,1.85,70.9459,4.0849,13.9758,595560.0,148890.0
002383.SZ,20110222,46.71,2.7308,1.19,66.7717,3.8446,13.1535,560520.0,140130.0
002383.SZ,20110221,48.5,2.0338,0.86,69.3305,3.9919,13.6576,582000.0,145500.0
002383.SZ,20110218,47.78,1.8607,0.81,68.3013,3.9327,13.4548,573360.0,143340.0
002383.SZ,20110217,48.75,2.7678,1.31,69.6879,4.0125,13.728,585000.0,146250.0
002383.SZ,20110216,48.3,1.9997,1.03,69.0446,3.9755,13.6013,579600.0,144900.0
002383.SZ,20110215,47.63,2.8423,1.76,68.0869,3.9203,13.4126,571560.0,142890.0
002383.SZ,20110214,47.93,2.3567,1.54,68.5157,3.945,13.4971,575160.0,143790.0
002383.SZ,20110211,46.92,1.5853,1.06,67.0719,3.8619,13.2127,563040.0,140760.0
002383.SZ,20110210,46.65,1.7797,1.22,66.686,3.8397,13.1366,559800.0,139950.0
002383.SZ,20110209,45.58,1.1047,0.75,65.1564,3.7516,12.8353,546960.0,136740.0
002383.SZ,20110201,46.02,1.2396,0.87,65.7854,3.7878,12.9592,552240.0,138060.0
002383.SZ,20110131,46.01,1.9627,1.62,65.7711,3.787,12.9564,552120.0,138030.0
002383.SZ,20110128,46.59,1.4197,1.21,66.6002,3.8347,13.1197,559080.0,139770.0
002383.SZ,20110127,46.3,1.5927,1.4,66.1856,3.8109,13.0381,555600.0,138900.0
002383.SZ,20110126,45.6,1.1744,0.96,65.185,3.7532,12.8409,547200.0,136800.0
002383.SZ,20110125,44.69,0.9407,0.76,63.8841,3.6783,12.5847,536280.0,134070.0
002383.SZ,20110124,44.55,0.9356,0.62,63.684,3.6668,12.5453,534600.0,133650.0
002383.SZ,20110121,45.04,1.217,0.73,64.3845,3.7072,12.6833,540480.0,135120.0
002383.SZ,20110120,44.65,1.4248,0.88,63.827,3.6751,12.5734,535800.0,133950.0
002383.SZ,20110119,46.4,1.5832,1.01,66.3286,3.8191,13.0662,556800.0,139200.0
002383.SZ,20110118,45.22,1.053,0.58,64.6418,3.722,12.7339,542640.0,135660.0
002383.SZ,20110117,45.03,2.2923,1.22,64.3702,3.7063,12.6804,540360.0,135090.0
002383.SZ,20110114,47.62,1.9658,1.02,68.0726,3.9195,13.4098,571440.0,142860.0
002383.SZ,20110113,49.54,1.1824,0.51,70.8172,4.0775,13.9505,594480.0,148620.0
002383.SZ,20110112,49.63,1.3788,0.55,70.9459,4.0849,13.9758,595560.0,148890.0
002383.SZ,20110111,49.13,2.185,0.82,70.2311,4.0438,13.835,589560.0,147390.0
002383.SZ,20110110,49.84,2.6472,1.01,71.246,4.1022,14.0349,598080.0,149520.0
002383.SZ,20110107,51.64,2.2898,0.9,73.8191,4.2504,14.5418,619680.0,154920.0
002383.SZ,20110106,51.38,3.2037,1.37,73.4475,4.229,14.4686,616560.0,154140.0
002383.SZ,20110105,53.18,2.2351,0.89,76.0206,4.3771,14.9755,638160.0,159540.0
002383.SZ,20110104,53.27,2.9233,1.16,76.1492,4.3845,15.0008,639240.0,159810.0
002383.SZ,20101231,52.45,2.4852,0.96,74.977,4.3171,14.7699,629400.0,157350.0
002383.SZ,20101230,51.38,1.8634,0.71,73.4475,4.229,14.4686,616560.0,154140.0
002383.SZ,20101229,51.98,2.1597,0.8,74.3052,4.2784,14.6376,623760.0,155940.0
002383.SZ,20101228,50.95,3.0921,1.12,72.8328,4.1936,14.3475,611400.0,152850.0
002383.SZ,20101227,54.1,2.9705,0.9,77.3357,4.4529,15.2345,649200.0,162300.0
002383.SZ,20101224,56.0,2.8302,0.7,80.0517,4.6093,15.7696,672000.0,168000.0
002383.SZ,20101223,56.37,2.1217,0.5,80.5806,4.6397,15.8738,676440.0,169110.0
002383.SZ,20101222,57.14,2.5434,0.59,81.6814,4.7031,16.0906,685680.0,171420.0
002383.SZ,20101221,58.21,3.3666,0.77,83.2109,4.7912,16.3919,698520.0,174630.0
002383.SZ,20101220,58.15,5.5566,1.39,83.1252,4.7862,16.375,697800.0,174450.0
002383.SZ,20101217,59.83,6.5775,2.07,85.5267,4.9245,16.8481,717960.0,179490.0
002383.SZ,20101216,58.03,2.9981,0.91,82.9536,4.7763,16.3412,696360.0,174090.0
002383.SZ,20101215,57.52,3.1181,0.97,82.2246,4.7344,16.1976,690240.0,172560.0
002383.SZ,20101214,57.9,3.7006,1.19,82.7678,4.7656,16.3046,694800.0,173700.0
002383.SZ,20101213,57.62,3.588,1.13,82.3675,4.7426,16.2258,691440.0,172860.0
002383.SZ,20101210,56.06,2.4479,0.69,80.1375,4.6142,15.7865,672720.0,168180.0
002383.SZ,20101209,55.21,3.6695,0.91,78.9224,4.5442,15.5471,662520.0,165630.0
002383.SZ,20101208,57.13,2.6537,0.62,81.6671,4.7023,16.0878,685560.0,171390.0
002383.SZ,20101207,57.9,3.1702,0.56,82.7678,4.7656,16.3046,694800.0,173700.0
002383.SZ,20101206,57.3,3.9331,0.64,81.9101,4.7163,16.1357,687600.0,171900.0
002383.SZ,20101203,57.61,4.3188,0.66,82.3532,4.7418,16.223,691320.0,172830.0
002383.SZ,20101202,58.06,6.1788,0.77,82.9965,4.7788,16.3497,696720.0,174180.0
002383.SZ,20101201,57.18,3.7906,0.4,81.7385,4.7064,16.1019,686160.0,171540.0
002383.SZ,20101130,57.14,10.1286,0.98,81.6814,4.7031,16.0906,685680.0,171420.0
002383.SZ,20101129,60.11,6.1803,0.46,85.927,4.9475,16.927,721320.0,180330.0
002383.SZ,20101126,61.1,6.5764,0.41,87.3422,5.029,17.2057,733200.0,183300.0
002383.SZ,20101125,61.18,13.4588,0.89,87.4565,5.0356,17.2283,734160.0,183540.0
002383.SZ,20101124,63.96,10.7124,0.69,91.4305,5.2644,18.0111,767520.0,191880.0
002383.SZ,20101123,64.19,14.4915,0.97,91.7593,5.2834,18.0759,770280.0,192570.0
002383.SZ,20101122,61.31,21.6055,1.86,87.6424,5.0463,17.2649,735720.0,183930.0
002383.SZ,20101119,62.21,20.7616,2.26,88.9289,5.1204,17.5183,746520.0,186630.0
002383.SZ,20101118,56.55,7.7047,0.81,80.838,4.6545,15.9245,678600.0,169650.0
002383.SZ,20101117,57.06,12.9198,1.36,81.567,4.6965,16.0681,684720.0,171180.0
002383.SZ,20101116,56.78,11.6618,1.41,81.1667,4.6735,15.9892,681360.0,170340.0
002383.SZ,20101115,55.34,5.1237,0.58,79.1083,4.5549,15.5837,664080.0,166020.0
002383.SZ,20101112,53.07,8.4715,1.0,75.8633,4.3681,14.9445,636840.0,159210.0
002383.SZ,20101111,57.02,9.3888,1.29,81.5098,4.6932,16.0568,684240.0,171060.0
002383.SZ,20101110,58.8,12.9185,2.2,84.0543,4.8397,16.5581,705600.0,176400.0
002383.SZ,20101109,55.64,5.3782,0.83,79.5371,4.5796,15.6682,667680.0,166920.0
002383.SZ,20101108,55.97,7.8432,1.21,80.0089,4.6068,15.7611,671640.0,167910.0
002383.SZ,20101105,55.07,6.9556,1.16,78.7223,4.5327,15.5077,660840.0,165210.0
002383.SZ,20101104,53.5,3.3473,0.52,76.478,4.4035,15.0656,642000.0,160500.0
002383.SZ,20101103,52.74,5.8271,0.93,75.3916,4.3409,14.8516,632880.0,158220.0
002383.SZ,20101102,54.89,8.2527,1.37,78.465,4.5179,15.457,658680.0,164670.0
002383.SZ,20101101,55.62,8.1419,1.41,79.5085,4.578,15.6626,667440.0,166860.0
002383.SZ,20101029,54.05,4.2983,0.69,77.2642,4.4487,15.2205,648600.0,162150.0
002383.SZ,20101028,53.22,5.6713,0.98,76.0777,4.3804,14.9867,638640.0,159660.0
002383.SZ,20101027,54.65,5.0087,0.86,78.1219,4.5235,15.3894,655800.0,163950.0
002383.SZ,20101026,55.16,7.0851,1.27,78.851,4.5657,15.533,661920.0,165480.0
002383.SZ,20101025,56.71,6.7623,1.25,81.0667,4.694,15.9695,680520.0,170130.0
002383.SZ,20101022,54.76,6.5169,1.24,78.2792,4.5326,15.4204,657120.0,164280.0
002383.SZ,20101021,53.27,3.6366,0.65,76.1492,4.4093,15.0008,639240.0,159810.0
002383.SZ,20101020,53.09,5.2182,0.94,75.8919,4.3944,14.9501,637080.0,159270.0
002383.SZ,20101019,53.23,5.8448,1.06,76.092,4.406,14.9896,638760.0,159690.0
002383.SZ,20101018,50.42,5.919,1.12,72.0752,4.1734,14.1983,605040.0,151260.0
002383.SZ,20101015,52.84,5.6214,1.12,75.5345,4.3737,14.8797,634080.0,158520.0
002383.SZ,20101014,52.65,5.5746,1.25,75.2629,4.358,14.8262,631800.0,157950.0
002383.SZ,20101013,54.86,4.7416,1.04,78.4221,4.5409,15.4486,658320.0,164580.0
002383.SZ,20101012,55.49,5.6232,1.36,79.3227,4.593,15.626,665880.0,166470.0
002383.SZ,20101011,54.3,4.8906,1.24,77.6216,4.4945,15.2909,651600.0,162900.0
002383.SZ,20101008,54.01,4.1981,1.17,77.207,4.4705,15.2092,648120.0,162030.0
002383.SZ,20100930,52.54,2.8432,0.77,75.1057,4.3489,14.7952,630480.0,157620.0
002383.SZ,20100929,52.0,5.2908,1.57,74.3338,4.3042,14.6432,624000.0,156000.0
002383.SZ,20100928,54.5,3.4467,0.84,77.9075,4.5111,15.3472,654000.0,163500.0
002383.SZ,20100927,54.9,3.9981,0.81,78.4793,4.5442,15.4598,658800.0,164700.0
002383.SZ,20100921,53.31,2.3064,0.39,76.2064,4.4126,15.0121,639720.0,159930.0
002383.SZ,20100920,53.05,3.4664,0.52,75.8347,4.3911,14.9389,636600.0,159150.0
002383.SZ,20100917,53.78,3.6429,0.44,76.8783,4.4515,15.1444,645360.0,161340.0
002383.SZ,20100916,54.06,6.9861,0.77,77.2785,4.4747,15.2233,648720.0,162180.0
002383.SZ,20100915,56.0,8.2341,0.82,80.0517,4.6352,15.7696,672000.0,168000.0
002383.SZ,20100914,58.87,7.5928,0.64,84.1544,4.8728,16.5778,706440.0,176610.0
002383.SZ,20100913,58.72,7.0547,0.39,83.94,4.8604,16.5355,704640.0,176160.0
002383.SZ,20100910,59.31,11.5138,0.68,84.7834,4.9092,16.7017,711720.0,177930.0
002383.SZ,20100909,58.6,10.8485,0.64,83.7684,4.8504,16.5017,703200.0,175800.0
002383.SZ,20100908,58.16,13.3837,0.84,83.1394,4.814,16.3778,697920.0,174480.0
002383.SZ,20100907,59.57,16.0721,1.16,85.155,4.9307,16.7749,714840.0,178710.0
002383.SZ,20100906,62.88,37.5756,5.2,89.8867,5.2047,17.707,754560.0,188640.0
002383.SZ,20100903,59.92,6.7927,1.03,85.6554,4.9597,16.8735,719040.0,179760.0
002383.SZ,20100902,54.47,10.8607,2.03,77.8646,4.5086,15.3387,653640.0,163410.0
002383.SZ,20100901,52.6,8.0181,1.6,75.1915,4.3538,14.8121,631200.0,157800.0
002383.SZ,20100831,51.41,5.9308,1.24,73.4904,4.2553,14.477,616920.0,154230.0
002383.SZ,20100830,50.84,4.5125,0.88,72.6755,4.2081,14.3165,610080.0,152520.0
002383.SZ,20100827,49.51,3.7833,0.57,70.7743,4.0981,13.942,594120.0,148530.0
002383.SZ,20100826,48.87,4.4992,0.62,69.8594,4.0451,13.7618,586440.0,146610.0
002383.SZ,20100825,48.01,6.4057,0.83,68.6301,3.9739,13.5196,576120.0,144030.0
002383.SZ,20100824,50.74,4.751,0.57,72.5326,4.1999,14.2884,608880.0,152220.0
002383.SZ,20100823,50.37,6.0995,0.71,72.0037,4.1692,14.1842,604440.0,151110.0
002383.SZ,20100820,50.59,11.3203,1.5,72.3182,4.1874,14.2461,607080.0,151770.0
002383.SZ,20100819,54.02,7.7083,0.93,77.2213,2.6205,15.212,648240.0,162060.0
002383.SZ,20100818,55.11,8.8765,1.1,78.7795,2.6734,15.519,661320.0,165330.0
002383.SZ,20100817,54.26,7.4251,0.8,77.5644,2.6322,15.2796,651120.0,162780.0
002383.SZ,20100816,54.65,7.3804,0.69,78.1219,2.6511,15.3894,655800.0,163950.0
002383.SZ,20100813,54.15,6.4067,0.57,77.4072,2.6268,15.2486,649800.0,162450.0
002383.SZ,20100812,54.08,11.387,0.93,77.3071,2.6234,15.2289,648960.0,162240.0
002383.SZ,20100811,53.25,7.7589,0.64,76.1206,2.5832,14.9952,639000.0,159750.0
002383.SZ,20100810,52.81,13.1973,1.17,75.4916,2.5618,14.8713,633720.0,158430.0
002383.SZ,20100809,54.65,14.6801,1.47,78.1219,2.6511,15.3894,655800.0,163950.0
002383.SZ,20100806,51.12,9.1735,0.95,73.0758,2.4798,14.3954,613440.0,153360.0
002383.SZ,20100805,50.7,16.3274,2.04,72.4754,2.4595,14.2771,608400.0,152100.0
002383.SZ,20100804,49.69,7.5429,0.94,71.0316,2.4105,13.9927,596280.0,149070.0
002383.SZ,20100803,49.0,8.5641,1.13,70.0453,2.377,13.7984,588000.0,147000.0
002383.SZ,20100802,50.74,8.1886,1.09,72.5326,2.4614,14.2884,608880.0,152220.0
002383.SZ,20100730,49.54,7.6936,1.02,70.8172,2.4032,13.9505,594480.0,148620.0
002383.SZ,20100729,49.0,8.1082,1.14,70.0453,2.377,13.7984,588000.0,147000.0
002383.SZ,20100728,49.38,7.753,1.07,70.5885,2.3954,13.9054,592560.0,148140.0
002383.SZ,20100727,48.6,6.0078,0.79,69.4735,2.3576,13.6857,583200.0,145800.0
002383.SZ,20100726,49.61,7.947,1.08,70.9173,2.4066,13.9702,595320.0,148830.0
002383.SZ,20100723,48.74,7.8092,1.11,69.6736,2.3644,13.7252,584880.0,146220.0
002383.SZ,20100722,48.44,5.9666,0.87,69.2448,2.3498,13.6407,581280.0,145320.0
002383.SZ,20100721,47.61,8.4372,1.32,68.0583,2.3096,13.407,571320.0,142830.0
002383.SZ,20100720,48.1,7.8184,1.24,68.7587,2.3333,13.5449,577200.0,144300.0
002383.SZ,20100719,46.98,6.7981,1.04,67.1577,2.279,13.2296,563760.0,140940.0
002383.SZ,20100716,46.19,6.0981,0.88,66.0284,2.2407,13.0071,554280.0,138570.0
002383.SZ,20100715,44.51,5.2729,0.71,63.6268,2.1592,12.534,534120.0,133530.0
002383.SZ,20100714,45.74,5.97,0.72,65.3851,2.2189,12.8804,548880.0,137220.0
002383.SZ,20100713,45.75,7.4587,0.9,65.3994,2.2193,12.8832,549000.0,137250.0
002383.SZ,20100712,47.5,7.8818,0.97,67.901,2.3042,13.376,570000.0,142500.0
002383.SZ,20100709,47.72,8.1911,0.85,68.2155,2.3149,13.4379,572640.0,143160.0
002383.SZ,20100708,46.33,7.4129,0.83,66.2285,2.2475,13.0465,555960.0,138990.0
002383.SZ,20100707,47.33,10.3315,1.3,67.658,2.296,13.3281,567960.0,141990.0
002383.SZ,20100706,44.81,7.8044,1.03,64.0557,2.1737,12.6185,537720.0,134430.0
002383.SZ,20100705,43.29,7.0025,1.03,61.8829,2.1,12.1905,519480.0,129870.0
002383.SZ,20100702,44.63,15.7605,3.52,63.7984,2.165,12.5678,535560.0,133890.0
002383.SZ,20100701,47.0,4.8179,0.9,67.1863,2.28,13.2352,564000.0,112800.0
002383.SZ,20100630,48.45,6.4653,1.27,69.259,2.3503,13.6435,581400.0,116280.0
002383.SZ,20100629,49.56,7.6095,1.67,70.8458,2.4042,13.9561,594720.0,118944.0
002383.SZ,20100628,53.95,4.0985,0.79,77.1213,2.6171,15.1923,647400.0,129480.0
002383.SZ,20100625,55.35,5.006,0.77,79.1226,2.685,15.5865,664200.0,132840.0
002383.SZ,20100624,56.85,3.5488,0.37,81.2668,2.7578,16.0089,682200.0,136440.0
002383.SZ,20100623,57.18,5.1785,0.44,81.7385,2.7738,16.1019,686160.0,137232.0
002383.SZ,20100622,56.16,4.913,0.38,80.2805,2.7243,15.8146,673920.0,134784.0
002383.SZ,20100621,56.78,7.3038,0.54,81.1667,2.7544,15.9892,681360.0,136272.0
002383.SZ,20100618,55.11,11.389,0.82,78.7795,2.6734,15.519,661320.0,132264.0
002383.SZ,20100617,61.0,18.9974,1.58,87.1992,2.9591,17.1776,732000.0,146400.0
002383.SZ,20100611,61.51,16.0872,1.61,87.9283,2.9839,17.3212,738120.0,147624.0
002383.SZ,20100610,59.35,11.1558,1.15,84.8405,2.8791,16.7129,712200.0,142440.0
002383.SZ,20100609,58.32,10.2589,1.18,83.3682,2.8291,16.4229,699840.0,139968.0
002383.SZ,20100608,57.52,12.9994,1.73,82.2246,2.7903,16.1976,690240.0,138048.0
002383.SZ,20100607,56.32,9.8045,1.29,80.5092,2.7321,15.8597,675840.0,135168.0
002383.SZ,20100604,55.0,5.7962,0.7,78.6222,2.6681,15.488,660000.0,132000.0
002383.SZ,20100603,55.4,9.5661,1.12,79.194,2.6875,15.6006,664800.0,132960.0
002383.SZ,20100602,54.99,5.3435,0.59,78.6079,2.6676,15.4852,659880.0,131976.0
002383.SZ,20100601,53.5,7.0723,0.72,76.478,2.5953,15.0656,642000.0,128400.0
002383.SZ,20100531,54.71,10.2364,0.94,78.2077,2.654,15.4063,656520.0,131304.0
002383.SZ,20100528,59.01,9.2959,0.81,84.3545,2.8626,16.6172,708120.0,141624.0
002383.SZ,20100527,60.1,10.6876,0.92,85.9127,2.9155,16.9241,721200.0,144240.0
002383.SZ,20100526,58.78,8.3249,0.63,84.0257,2.8514,16.5524,705360.0,141072.0
002383.SZ,20100525,58.28,10.2704,0.71,83.311,2.8272,16.4116,699360.0,139872.0
002383.SZ,20100524,59.93,15.8736,1.18,85.6697,2.9072,16.8763,719160.0,143832.0
002383.SZ,20100521,57.83,12.189,0.95,82.6677,2.8053,16.2849,693960.0,138792.0
002383.SZ,20100520,55.01,11.239,0.88,78.6365,2.6685,15.4908,660120.0,132024.0
002383.SZ,20100519,58.05,16.855,1.51,82.9822,2.816,16.3469,696600.0,139320.0
002383.SZ,20100518,57.2,16.5641,1.74,81.7671,2.7748,16.1075,686400.0,137280.0
002383.SZ,20100517,53.06,10.4957,1.15,75.849,2.5739,14.9417,636720.0,127344.0
002383.SZ,20100514,54.96,8.882,0.94,78.5651,2.6661,15.4767,659520.0,131904.0
002383.SZ,20100513,55.49,11.2142,1.23,79.3227,2.6918,15.626,665880.0,133176.0
002383.SZ,20100511,54.88,8.7368,0.97,78.4507,2.6622,15.4542,658560.0,131712.0
002383.SZ,20100510,57.9,8.1664,0.78,82.7678,2.8087,16.3046,694800.0,138960.0
002383.SZ,20100507,56.53,8.5697,0.72,80.8094,2.7423,15.9188,678360.0,135672.0
002383.SZ,20100506,58.94,10.6279,0.79,84.2545,2.8592,16.5975,707280.0,141456.0
002383.SZ,20100505,64.29,9.4751,0.77,91.9023,3.1187,18.104,771480.0,154296.0
002383.SZ,20100504,62.42,8.2408,0.67,89.2291,3.028,17.5775,749040.0,149808.0
002383.SZ,20100430,64.24,15.6208,1.38,91.8308,3.1163,18.09,770880.0,154176.0
002383.SZ,20100429,61.22,15.1546,1.35,87.5137,2.9698,17.2395,734640.0,146928.0
002383.SZ,20100428,64.94,18.3715,1.86,92.8314,3.1502,18.2871,779280.0,155856.0
002383.SZ,20100427,72.14,4.4825,0.39,103.1238,3.4995,20.3146,865680.0,173136.0
002383.SZ,20100426,80.15,7.5138,0.59,114.574,3.8881,22.5702,961800.0,192360.0
002383.SZ,20100423,81.79,11.0243,0.86,116.9184,3.9676,23.032,981480.0,196296.0
002383.SZ,20100422,84.2,14.8089,1.13,120.3635,4.0846,23.7107,1010400.0,202080.0
002383.SZ,20100421,83.0,11.5883,0.84,118.6481,4.0263,23.3728,996000.0,199200.0
002383.SZ,20100420,81.3,12.9642,0.76,116.218,3.9439,22.8941,975600.0,195120.0
002383.SZ,20100419,86.38,13.5595,0.69,123.4798,4.1903,24.3246,1036560.0,207312.0
002383.SZ,20100416,86.85,10.908,0.49,124.1517,4.2131,24.4569,1042200.0,208440.0
002383.SZ,20100415,86.4,16.6489,0.63,123.5084,4.1913,24.3302,1036800.0,207360.0
002383.SZ,20100414,88.45,15.2783,0.48,126.4389,4.2907,24.9075,1061400.0,212280.0
002383.SZ,20100413,91.6,28.901,0.81,130.9418,4.4435,25.7945,1099200.0,219840.0
002383.SZ,20100412,100.52,27.2246,0.59,143.6929,4.8762,28.3064,1206240.0,241248.0
002383.SZ,20100409,106.2,22.292,,151.8124,5.1518,29.9059,1274400.0,254880.0
002383.SZ,20100408,106.0,39.3566,,151.5265,5.1421,29.8496,1272000.0,254400.0
002383.SZ,20100407,108.13,40.1743,,154.5713,5.2454,30.4494,1297560.0,259512.0
002383.SZ,20100406,98.3,48.4088,,140.5194,4.7685,27.6813,1179600.0,235920.0
002383.SZ,20100402,91.5,79.6757,,130.7988,4.4387,25.7664,1098000.0,219600.0
