ts_code,trade_date,close,turnover_rate,volume_ratio,pe,pb,ps,total_mv,circ_mv
002881.SZ,20260615,40.73,4.5543,0.65,86.1885,4.5121,3.2827,1230085.5081,740994.2103
002881.SZ,20260612,40.36,6.1944,0.86,85.4055,4.4711,3.2529,1218911.1492,734262.861
002881.SZ,20260611,41.03,6.8556,0.99,86.8233,4.5453,3.3069,1239145.7991,746452.0611
002881.SZ,20260610,43.66,6.8119,0.9,92.3886,4.8367,3.5189,1318574.3502,794299.2198
002881.SZ,20260609,44.3,6.3691,0.85,93.7429,4.9076,3.5705,1337902.971,805942.6348
002881.SZ,20260608,44.71,8.9772,1.23,94.6105,4.953,3.6035,1350285.3687,813401.6976
002881.SZ,20260605,44.05,6.8064,0.86,93.2139,4.8799,3.5503,1330352.7285,801394.4258
002881.SZ,20260604,42.63,5.7321,0.6,90.2085,4.7226,3.4359,1287458.8251,775552.0727
002881.SZ,20260603,42.88,9.9325,0.88,90.7375,4.7503,3.456,1295009.0176,780100.2317
002881.SZ,20260602,45.58,6.2046,0.55,96.4509,5.0494,3.6736,1376551.0966,829220.3489
002881.SZ,20260601,46.0,7.6798,0.67,97.3396,5.096,3.7075,1389235.42,836861.256
002881.SZ,20260529,45.44,10.0269,0.87,96.1546,5.0339,3.6623,1372322.9888,826673.3798
002881.SZ,20260528,49.54,14.032,1.31,104.8306,5.4881,3.9928,1496146.1458,901263.1874
002881.SZ,20260527,49.79,18.3532,2.16,105.3596,5.5158,4.0129,1503696.3383,905811.3464
002881.SZ,20260526,45.26,6.6558,0.7,95.7737,5.014,3.6478,1366886.8502,823398.7054
002881.SZ,20260525,46.95,8.2809,0.89,99.3499,5.2012,3.784,1417926.1515,854144.2602
002881.SZ,20260522,47.48,9.9895,1.27,100.4714,5.2599,3.8267,1433932.5596,863786.3573
002881.SZ,20260521,45.85,10.2235,1.61,97.0222,5.0794,3.6954,1384705.3045,834132.3606
002881.SZ,20260520,44.74,7.2698,1.34,94.6734,4.9564,3.6059,1351182.4498,813938.5346
002881.SZ,20260519,45.65,11.5008,3.14,96.599,5.0572,3.6793,1378665.1505,830493.8334
002881.SZ,20260518,44.64,7.558,2.73,94.4618,4.9453,3.5979,1348162.3728,812119.271
002881.SZ,20260515,40.58,2.816,1.01,85.8705,4.4955,3.2706,1225547.2466,738257.1689
002881.SZ,20260514,40.57,2.6253,0.93,85.8493,4.4944,3.2698,1225245.2389,738075.2425
002881.SZ,20260513,41.56,2.6155,0.91,87.9443,4.6041,3.3496,1255144.0012,756085.9522
002881.SZ,20260512,41.05,2.6859,1.01,86.8651,4.5476,3.3085,1239741.6085,746807.7078
002881.SZ,20260511,41.86,3.1092,1.33,88.5791,4.6373,3.3738,1264204.2322,761543.743
002881.SZ,20260508,41.31,2.9706,1.37,87.4152,4.5764,3.3295,1247593.8087,751537.7932
002881.SZ,20260507,40.72,2.8052,1.41,86.1667,4.511,3.2819,1229775.3544,740804.1379
002881.SZ,20260506,39.81,2.7952,1.46,84.2408,4.4102,3.2086,1202288.6727,724244.8582
002881.SZ,20260430,39.07,1.5957,0.82,82.6749,4.3282,3.1489,1179940.1769,710782.3815
002881.SZ,20260429,38.82,1.5237,0.77,82.1459,4.3996,3.1288,1172390.0094,706234.2475
002881.SZ,20260428,38.2,2.1505,1.09,80.834,4.3294,3.0788,1153665.594,694954.8752
002881.SZ,20260427,39.39,1.8528,0.89,83.3521,4.4642,3.1747,1189604.3913,716603.993
002881.SZ,20260424,39.5,2.4725,1.22,83.5849,4.4767,3.1836,1192926.465,718605.172
002881.SZ,20260423,39.18,1.7657,0.77,82.9077,4.4404,3.1578,1183262.2506,712783.5605
002881.SZ,20260422,39.74,1.7066,0.74,84.0927,4.5039,3.2029,1200174.6258,722971.3806
002881.SZ,20260421,39.43,2.1048,0.94,83.4367,4.4688,3.1779,1190812.4181,717331.6945
002881.SZ,20260420,40.15,2.341,1.14,84.9603,4.5504,3.236,1212556.9005,730430.3204
002881.SZ,20260417,40.0,2.1904,1.04,84.6429,4.5334,3.2239,1208026.8,727701.44
002881.SZ,20260416,40.15,3.1975,1.74,84.9603,4.5504,3.236,1212556.9005,730430.3204
002881.SZ,20260415,38.66,1.6765,0.77,81.8074,4.3815,3.1159,1167557.9022,703323.4418
002881.SZ,20260414,38.93,1.7402,0.83,82.3787,4.4121,3.1376,1175712.0831,708235.4265
002881.SZ,20260413,38.5,1.4664,0.69,81.4688,4.3634,3.103,1162725.795,700412.636
002881.SZ,20260410,38.54,2.4824,1.17,81.5534,4.3679,3.1062,1163933.8218,701140.3374
002881.SZ,20260409,37.79,1.8139,0.85,79.9664,4.2829,3.0458,1141283.3193,687495.9354
002881.SZ,20260408,38.4,3.3196,1.75,81.2572,4.352,3.0949,1159705.728,698593.3824
002881.SZ,20260407,35.9,1.4102,0.71,75.967,4.0687,2.8934,1084204.053,653112.0424
002881.SZ,20260403,36.02,1.5886,0.78,76.2209,4.0823,2.9031,1087828.1334,655295.1467
002881.SZ,20260402,36.78,2.4673,1.27,77.8291,4.1684,2.9643,1110780.6426,669121.4741
002881.SZ,20260401,38.58,1.9172,0.96,81.6381,4.3724,3.1094,1165141.8486,701868.0389
002881.SZ,20260331,38.24,2.1047,1.03,80.9186,4.3339,3.082,1154873.6208,695682.5766
002881.SZ,20260330,38.09,1.8592,0.78,84.8514,4.4028,3.9109,1150343.5203,692952.2107
002881.SZ,20260327,38.31,1.7776,0.71,85.3415,4.4282,3.9335,1156987.6677,696954.5601
002881.SZ,20260326,37.93,2.0223,0.77,84.495,4.3843,3.8945,1145511.4131,690041.4112
002881.SZ,20260325,39.26,2.1872,0.82,87.4578,4.538,4.031,1185678.3042,714237.4322
002881.SZ,20260324,38.78,2.3759,0.85,86.3885,4.4826,3.9818,1171181.9826,705505.0337
002881.SZ,20260323,38.03,3.6149,1.37,84.7177,4.3959,3.9047,1148531.4801,691860.6609
002881.SZ,20260320,41.24,2.386,0.82,91.8685,4.7669,4.2343,1245475.6308,750258.5763
002881.SZ,20260319,42.39,2.5741,0.73,94.4303,4.8998,4.3524,1280206.4013,771179.9478
002881.SZ,20260318,43.99,2.4651,0.57,97.9946,5.0848,4.5167,1328527.4733,800287.943
002881.SZ,20260317,43.4,2.8767,0.48,96.6803,5.0166,4.4561,1310709.078,789554.3698
002881.SZ,20260316,45.23,2.8603,0.37,100.7569,5.2281,4.644,1365976.3041,822846.6393
002881.SZ,20260313,44.78,3.8496,0.51,99.7544,5.1761,4.5978,1352386.0026,814660.0157
002881.SZ,20260312,46.26,5.6473,0.77,103.0513,5.3472,4.7498,1397082.9942,841584.9112
002881.SZ,20260311,48.26,6.5557,0.93,107.5067,5.5783,4.9551,1457484.3342,877969.9052
002881.SZ,20260310,49.14,11.008,1.83,94.8778,7.7931,4.373,1286272.4238,893979.3026
002881.SZ,20260309,49.0,11.3798,2.41,94.6075,7.7709,4.3606,1282607.83,891432.353
002881.SZ,20260306,46.27,3.4431,0.59,89.3365,7.3379,4.1176,1211148.2509,841766.8362
002881.SZ,20260305,45.1,4.2241,0.78,87.0775,7.1524,4.0135,1180522.717,820481.6147
002881.SZ,20260304,45.86,5.1725,1.04,88.5449,7.2729,4.0811,1200416.2262,834307.9124
002881.SZ,20260303,44.46,5.8134,1.31,85.8418,7.0509,3.9566,1163770.2882,808838.4166
002881.SZ,20260302,48.23,4.96,1.22,93.1208,7.6487,4.2921,1262452.5641,877424.1303
002881.SZ,20260227,49.18,8.7995,2.97,94.9546,7.7995,4.3766,1287314.5326,894702.0845
002881.SZ,20260226,46.76,2.3561,0.7,90.2822,7.4157,4.1612,1223969.6532,850676.4837
002881.SZ,20260225,46.35,2.9099,0.74,89.4906,7.3507,4.1247,1213237.6695,843217.601
002881.SZ,20260224,46.99,3.1218,0.83,90.7263,7.4522,4.1817,1229990.0343,854860.735
002881.SZ,20260213,47.96,3.095,0.86,92.5991,7.606,4.268,1255380.3372,872507.3601
002881.SZ,20260212,48.07,3.3471,0.97,92.8115,7.6234,4.2778,1258259.6499,874508.5238
002881.SZ,20260211,47.56,4.459,1.35,91.8268,7.5426,4.2324,1244910.1092,865230.4013
002881.SZ,20260210,48.18,5.7532,2.1,93.0239,7.6409,4.2876,1261138.9626,876509.6875
002881.SZ,20260209,46.39,2.1837,0.78,89.5678,7.357,4.1283,1214284.6923,843945.2968
002881.SZ,20260206,45.53,2.3258,0.81,87.9074,7.2206,4.0518,1191773.7021,828299.8354
002881.SZ,20260205,46.01,2.594,0.88,88.8341,7.2967,4.0945,1204337.9757,837032.186
002881.SZ,20260204,46.4,3.6751,1.33,89.5871,7.3586,4.1292,1214546.448,844127.2208
002881.SZ,20260203,45.65,2.9087,1.01,88.1391,7.2396,4.0624,1194914.7705,830482.9231
002881.SZ,20260202,44.39,2.5359,0.77,85.7063,7.0398,3.9503,1161933.5523,807560.5028
002881.SZ,20260130,44.73,2.6143,0.69,86.3628,7.0937,3.9806,1170833.2461,813745.9178
002881.SZ,20260129,45.1,3.0751,0.78,87.0771,7.1524,4.0135,1180518.207,820477.1047
002881.SZ,20260128,45.82,2.6633,0.65,88.4673,7.2666,4.0776,1199364.6174,833575.6305
002881.SZ,20260127,46.8,3.5048,0.83,90.3594,7.422,4.1648,1225016.676,851404.1796
002881.SZ,20260126,46.27,4.6221,1.09,89.3361,7.338,4.1176,1211143.6239,841762.2092
002881.SZ,20260123,48.45,5.059,1.12,93.5452,7.6837,4.3116,1268206.3665,881421.6347
002881.SZ,20260122,47.5,3.8396,0.67,91.711,7.533,4.2271,1243339.575,864138.8575
002881.SZ,20260121,46.84,3.368,0.4,90.4367,7.4284,4.1683,1226063.6988,852131.8755
002881.SZ,20260120,46.62,4.1786,0.38,90.0119,7.3935,4.1488,1220305.0734,848129.5481
002881.SZ,20260119,47.74,4.8537,0.38,92.1743,7.5711,4.2484,1249621.7118,868505.0328
002881.SZ,20260116,48.03,6.366,0.5,92.7343,7.6171,4.2742,1257212.6271,873780.8279
002881.SZ,20260115,48.67,9.8288,0.84,93.9699,7.7186,4.3312,1273964.9919,885423.962
002881.SZ,20260114,51.65,16.7562,1.86,99.7236,8.1912,4.5964,1351968.1905,939637.3051
002881.SZ,20260113,51.36,17.1522,2.68,99.1637,8.1452,4.5706,1344377.2752,934361.5099
002881.SZ,20260112,51.37,13.7702,3.0,99.183,8.1468,4.5715,1344639.0309,934543.4339
002881.SZ,20260109,46.7,6.1137,1.38,90.1664,7.4062,4.1559,1222399.119,849584.9399
002881.SZ,20260108,45.6,4.4994,1.1,88.0425,7.2317,4.058,1193605.992,829573.3032
002881.SZ,20260107,45.1,3.5397,0.95,87.0771,7.1524,4.0135,1180518.207,820477.1047
002881.SZ,20260106,45.35,4.0311,1.17,87.5598,7.1921,4.0357,1187062.0995,825025.204
002881.SZ,20260105,45.33,4.7532,1.54,87.5212,7.1889,4.034,1186538.5881,824661.356
002881.SZ,20251231,44.56,5.3173,2.05,86.0345,7.0668,3.9654,1166383.3992,810653.2103
002881.SZ,20251230,43.34,2.7581,1.12,83.679,6.8733,3.8569,1134449.2038,788458.486
002881.SZ,20251229,42.79,1.8424,0.71,82.6171,6.7861,3.8079,1120052.6403,778452.6676
002881.SZ,20251226,43.02,2.5664,1.03,83.0612,6.8226,3.8284,1126073.0214,782636.9189
002881.SZ,20251225,43.62,2.9549,1.28,84.2196,6.9177,3.8818,1141778.3634,793552.3571
002881.SZ,20251224,42.85,2.8379,1.26,82.7329,6.7956,3.8133,1121623.1745,779544.2115
002881.SZ,20251223,42.06,2.0602,0.87,81.2076,6.6703,3.743,1100944.4742,765172.2178
002881.SZ,20251222,42.53,2.5088,1.01,82.1151,6.7448,3.7848,1113246.9921,773722.6444
002881.SZ,20251219,41.91,2.0948,0.76,80.918,6.6465,3.7296,1097018.1387,762443.3583
002881.SZ,20251218,41.81,2.0626,0.67,80.725,6.6307,3.7207,1094400.5817,760624.1186
002881.SZ,20251217,42.36,2.5551,0.69,81.7869,6.7179,3.7697,1108797.1452,770629.9369
002881.SZ,20251216,41.88,2.5749,0.55,80.8601,6.6418,3.7269,1096232.8716,761897.5864
002881.SZ,20251215,42.7,3.1344,0.58,82.4433,6.7718,3.7999,1117696.839,776815.3519
002881.SZ,20251212,44.19,3.3904,0.56,85.3202,7.0081,3.9325,1156698.4383,803922.0234
002881.SZ,20251211,43.95,3.7727,0.53,84.8568,6.97,3.9112,1150416.3015,799555.8482
002881.SZ,20251210,45.22,5.6318,0.63,87.3088,7.1715,4.0242,1183659.2754,822660.1923
002881.SZ,20251209,46.39,7.2962,0.71,89.5678,7.357,4.1283,1214284.6923,843945.2968
002881.SZ,20251208,47.75,6.9622,0.68,92.1936,7.5727,4.2493,1249883.4675,868686.9568
002881.SZ,20251205,47.4,6.7314,0.72,91.5179,7.5172,4.2182,1240722.018,862319.6178
002881.SZ,20251204,47.8,9.2215,1.11,92.2902,7.5806,4.2538,1251192.246,869596.5766
002881.SZ,20251203,48.63,14.2436,2.43,93.8927,7.7122,4.3276,1272917.9691,884696.2661
002881.SZ,20251202,47.22,13.9225,4.04,91.1703,7.4886,4.2022,1236010.4154,859044.9863
002881.SZ,20251201,45.87,6.9189,2.93,88.574,7.274,4.0825,1200811.0059,834485.2504
002881.SZ,20251128,41.7,2.373,1.04,80.5218,6.6127,3.7113,1091646.369,758622.9549
002881.SZ,20251127,41.96,4.1149,2.31,81.0238,6.6539,3.7345,1098452.7972,763352.9781
002881.SZ,20251126,41.2,2.0318,1.2,79.5563,6.5334,3.6668,1078557.084,749526.7564
002881.SZ,20251125,40.89,1.8096,1.05,78.9577,6.4843,3.6393,1070441.7273,743887.1133
002881.SZ,20251124,40.5,1.4806,0.89,78.2046,6.4224,3.6045,1060232.085,736792.0785
002881.SZ,20251121,39.84,1.931,1.24,77.1783,6.2232,3.5572,1046318.3184,728149.1861
002881.SZ,20251120,41.15,1.6531,1.07,79.7161,6.4278,3.6742,1080722.8615,752091.8426
002881.SZ,20251119,41.74,1.5463,0.93,80.859,6.52,3.7269,1096218.0374,762875.1764
002881.SZ,20251118,42.68,1.9628,1.24,82.68,6.6668,3.8108,1120905.2668,780055.4032
002881.SZ,20251117,42.24,1.1521,0.68,81.8276,6.5981,3.7715,1109349.5424,772013.5949
002881.SZ,20251114,41.95,1.4589,0.86,81.2653,6.5527,3.7456,1101726.138,766706.1807
002881.SZ,20251113,42.62,1.5915,0.96,82.5632,6.6574,3.8054,1119322.2408,778951.5475
002881.SZ,20251112,42.23,2.1847,1.43,81.8077,6.5965,3.7706,1109079.7332,771823.6474
002881.SZ,20251111,43.31,1.5577,0.98,83.8999,6.7652,3.867,1137443.6004,791562.4478
002881.SZ,20251110,43.63,1.6563,1.04,84.5198,6.8151,3.8956,1145847.7092,797410.9812
002881.SZ,20251107,43.79,1.5342,0.93,84.8297,6.8401,3.9099,1150049.7636,800335.2479
002881.SZ,20251106,44.54,1.351,0.71,86.2826,6.9573,3.9769,1169746.8936,814042.7482
002881.SZ,20251105,44.24,1.5647,0.71,85.7015,6.9104,3.9501,1161868.0416,808559.7481
002881.SZ,20251104,44.54,1.8495,0.69,86.2826,6.9573,3.9769,1169746.8936,814042.7482
002881.SZ,20251103,45.62,1.6291,0.56,88.3748,7.126,4.0733,1198110.7608,833781.5485
002881.SZ,20251031,45.45,1.8646,0.61,88.0455,7.0994,4.0581,1193646.078,830674.5152
002881.SZ,20251030,45.18,2.6303,0.89,87.5224,7.0573,4.034,1186555.1112,825739.8151
002881.SZ,20251029,46.17,3.0542,1.15,89.4403,7.2119,4.1224,1212555.3228,843833.7154
002881.SZ,20251028,46.45,4.257,1.91,89.9827,7.2556,4.1474,1219908.918,848951.1822
002881.SZ,20251027,47.03,2.7365,1.35,91.1055,7.5923,4.1992,1235131.9592,859542.243
002881.SZ,20251024,46.43,2.7047,1.38,89.9432,7.4955,4.1456,1219374.3752,848576.3628
002881.SZ,20251023,45.56,1.9817,0.95,88.2579,7.355,4.0679,1196525.8784,832675.8365
002881.SZ,20251022,45.77,1.6409,0.75,88.6647,7.3889,4.0867,1202041.0328,836513.8946
002881.SZ,20251021,45.97,2.1056,0.89,89.0521,7.4212,4.1045,1207293.5608,840169.188
002881.SZ,20251020,45.28,1.725,0.64,87.7155,7.3098,4.0429,1189172.3392,827558.4258
002881.SZ,20251017,45.06,2.3155,0.74,87.2893,7.2743,4.0233,1183394.5584,823537.603
002881.SZ,20251016,45.58,2.6334,0.68,88.2966,7.3582,4.0697,1197051.1312,833041.3659
002881.SZ,20251015,46.83,2.1725,0.53,90.7181,7.56,4.1813,1229879.4312,855886.9496
002881.SZ,20251014,46.41,3.0189,0.74,89.9045,7.4922,4.1438,1218849.1224,848210.8335
002881.SZ,20251013,46.79,3.2455,0.76,90.6406,7.5536,4.1777,1228828.9256,855155.8909
002881.SZ,20251010,48.26,4.6283,1.14,93.4883,7.7909,4.309,1267435.0064,882022.2974
002881.SZ,20251009,50.51,6.2699,1.74,97.8469,8.1541,4.5099,1326525.9464,923144.3482
002881.SZ,20250930,48.99,3.521,0.91,94.9024,7.9087,4.3742,1286606.7336,895364.1183
002881.SZ,20250929,48.27,2.8702,0.71,93.5077,7.7925,4.3099,1267697.6328,882205.0621
002881.SZ,20250926,48.43,3.9496,0.95,93.8176,7.8183,4.3242,1271899.6552,885129.2968
002881.SZ,20250925,49.94,3.6926,0.77,96.7427,8.0621,4.459,1311556.2416,912726.762
002881.SZ,20250924,49.82,4.0337,0.84,96.5103,8.0427,4.4483,1308404.7248,910533.5859
002881.SZ,20250923,48.7,4.8928,1.03,94.3406,7.8619,4.3483,1278990.568,890063.9429
002881.SZ,20250922,50.21,3.6283,0.72,97.2658,8.1057,4.4831,1318647.1544,917661.4081
002881.SZ,20250919,49.3,4.6336,0.85,95.5029,7.9588,4.4018,1294748.152,901029.8231
002881.SZ,20250918,50.57,6.73,1.27,97.9632,8.1638,4.5152,1328101.7048,924240.9362
002881.SZ,20250917,50.92,4.2051,0.8,98.6412,8.2203,4.5465,1337293.6288,930637.6996
002881.SZ,20250916,51.37,4.525,0.86,99.5129,8.2929,4.5867,1349111.8168,938862.1098
002881.SZ,20250915,51.3,5.0404,0.93,99.3773,8.2816,4.5804,1347273.432,937582.7571
002881.SZ,20250912,51.42,6.7752,1.33,99.6098,8.301,4.5911,1350424.9488,939775.9331
002881.SZ,20250911,50.5,5.9282,1.16,97.8276,8.1525,4.509,1326263.32,922961.5835
002881.SZ,20250910,49.23,4.0223,0.72,95.3673,7.9475,4.3956,1292909.7672,899750.4704
002881.SZ,20250909,48.86,4.5172,0.67,94.448,7.8709,4.3532,1280446.6584,890242.2456
002881.SZ,20250908,50.85,5.8602,0.83,98.2948,8.1914,4.5305,1332597.474,926500.577
002881.SZ,20250905,49.77,5.1367,0.62,96.2071,8.0175,4.4343,1304294.5188,906822.6886
002881.SZ,20250904,48.25,6.1788,0.56,93.2689,7.7726,4.2989,1264460.73,879127.8828
002881.SZ,20250903,50.1,6.2776,0.45,96.845,8.0706,4.4637,1312942.644,912835.3767
002881.SZ,20250902,52.05,10.2876,0.76,100.6144,8.3847,4.6374,1364045.202,948364.8974
002881.SZ,20250901,56.32,7.5239,0.54,108.8685,9.0726,5.0179,1475946.7008,1026165.4374
002881.SZ,20250829,56.7,10.9666,0.79,109.603,9.1338,5.0517,1485905.148,1033089.1389
002881.SZ,20250828,58.97,20.3008,1.85,113.991,9.4995,5.254,1545393.7668,1074449.145
002881.SZ,20250827,56.39,20.4917,2.47,109.0038,9.2926,5.0241,1477781.1516,1027440.8561
002881.SZ,20250826,53.49,8.1174,0.93,103.398,8.8147,4.7657,1401782.4756,974602.0818
002881.SZ,20250825,53.28,9.8129,1.1,102.9921,8.7801,4.747,1396279.1232,970775.8258
002881.SZ,20250822,53.53,10.3812,1.27,103.4753,8.8213,4.7693,1402830.7332,975330.8925
002881.SZ,20250821,51.26,6.0885,0.71,99.0873,8.4472,4.5671,1343342.1144,933970.8864
002881.SZ,20250820,52.39,7.0766,0.76,101.2717,8.6334,4.6677,1372955.3916,954559.7881
002881.SZ,20250819,52.94,10.1986,1.17,102.3348,8.7241,4.7167,1387368.9336,964580.935
002881.SZ,20250818,52.27,11.0187,1.33,101.0397,8.6137,4.657,1369810.6188,952373.3561
002881.SZ,20250815,50.15,6.5022,0.75,96.9417,8.2643,4.4682,1314252.966,913746.3901
002881.SZ,20250814,49.88,8.1125,0.82,96.4197,8.2198,4.4441,1307177.2272,908826.918
002881.SZ,20250813,50.45,10.9148,0.94,97.5216,8.3137,4.4949,1322114.898,919212.4702
002881.SZ,20250812,49.3,7.0901,0.52,95.2986,8.1242,4.3924,1291977.492,898259.1631
002881.SZ,20250811,49.51,8.751,0.66,95.7045,8.1588,4.4111,1297480.8444,902085.4192
002881.SZ,20250808,49.2,8.4547,0.65,95.1053,8.1077,4.3835,1289356.848,897605.3609
002881.SZ,20250807,50.06,14.0963,1.23,96.6707,8.2724,4.4557,1310580.0311,913295.2107
002881.SZ,20250806,50.64,19.5739,2.33,97.7908,8.3682,4.5073,1325764.538,923876.7373
002881.SZ,20250805,49.3,16.9802,3.05,95.2031,8.1468,4.388,1290683.0909,899429.762
002881.SZ,20250804,46.38,6.7334,1.31,89.5643,7.6643,4.1281,1214236.9525,846157.2487
002881.SZ,20250801,45.67,7.635,1.66,88.1932,7.5469,4.0649,1195649.0215,833204.0006
002881.SZ,20250731,44.38,6.3695,1.65,85.7021,7.3338,3.9501,1161876.5837,809669.2259
002881.SZ,20250730,44.1,4.3295,1.19,85.1614,7.2875,3.9252,1154546.132,804560.9027
002881.SZ,20250729,45.49,2.8213,0.72,87.8456,7.5172,4.0489,1190936.5884,823587.8706
002881.SZ,20250728,45.72,4.6086,1.27,88.2898,7.5552,4.0694,1196958.0308,827751.9772
002881.SZ,20250725,45.6,5.0077,1.42,88.058,7.5354,4.0587,1193816.4086,825579.3998
002881.SZ,20250724,44.44,2.6949,0.63,85.818,7.3437,3.9555,1163447.3947,804577.8186
002881.SZ,20250723,44.18,3.1838,0.71,85.3159,7.3007,3.9323,1156640.5468,799870.5677
002881.SZ,20250722,44.6,4.125,0.84,86.1269,7.3701,3.9697,1167636.2242,807474.5884
002881.SZ,20250721,45.58,3.1833,0.67,88.0194,7.5321,4.0569,1193292.805,825270.3587
002881.SZ,20250718,45.73,4.4305,0.98,88.3091,7.5569,4.0703,1197219.8326,827986.255
002881.SZ,20250717,45.81,6.5522,1.76,88.4636,7.5701,4.0774,1199314.2474,829434.7331
002881.SZ,20250716,44.58,4.1375,1.18,86.0883,7.3668,3.9679,1167112.6206,807164.3833
002881.SZ,20250715,44.31,6.2418,2.25,85.5669,7.3222,3.9439,1160043.9708,802275.77
002881.SZ,20250714,44.58,2.3673,0.85,86.0883,7.3668,3.9679,1167112.6206,807164.3833
002881.SZ,20250711,44.55,3.3584,1.25,86.0304,7.3619,3.9652,1166327.215,806621.2041
002881.SZ,20250710,44.42,2.5155,0.92,85.7793,7.3404,3.9537,1162923.791,804267.4273
002881.SZ,20250709,44.98,3.0536,1.11,86.8608,7.4329,4.0035,1177584.6943,814406.7735
002881.SZ,20250708,44.94,2.5607,0.86,86.7835,7.4263,4.0,1176537.4869,813682.5345
002881.SZ,20250707,44.27,2.3678,0.67,85.4897,7.3156,3.9403,1158996.7634,801551.531
002881.SZ,20250704,44.66,2.9864,0.83,86.2428,7.38,3.975,1169207.0353,808612.8614
002881.SZ,20250703,45.3,2.7372,0.71,87.4787,7.4858,4.032,1185962.3533,820200.6856
002881.SZ,20250702,44.58,3.0871,0.73,86.0883,7.3668,3.9679,1167112.6206,807164.3833
002881.SZ,20250701,46.15,3.6869,0.83,89.1201,7.6263,4.1077,1208215.5101,835590.7647
002881.SZ,20250630,46.4,5.0785,1.31,89.6029,7.6676,4.1299,1214760.5562,840117.2586
002881.SZ,20250627,45.24,3.3316,0.86,87.3628,7.4759,4.0267,1184391.5423,819114.3271
002881.SZ,20250626,44.91,4.066,1.05,86.7256,7.4214,3.9973,1175752.0814,813139.3552
002881.SZ,20250625,45.35,4.8791,1.45,87.5753,7.4941,4.0365,1187271.3625,821105.9844
002881.SZ,20250624,44.39,4.766,1.65,85.7214,7.3354,3.951,1162138.3855,803724.248
002881.SZ,20250623,42.41,2.299,0.76,81.8978,7.0082,3.7748,1110301.6204,767874.4167
002881.SZ,20250620,42.1,3.4607,1.05,81.2992,6.957,3.7472,1102185.7632,762261.5643
002881.SZ,20250619,43.56,3.8776,1.22,84.1186,7.1983,3.8771,1140408.8325,788696.2884
002881.SZ,20250618,43.75,2.4433,0.73,84.4855,7.2297,3.894,1145383.0675,792136.4238
002881.SZ,20250617,43.48,2.3341,0.55,83.9641,7.1851,3.87,1138314.4177,787247.8104
002881.SZ,20250616,43.75,2.9289,0.53,84.4855,7.2297,3.894,1145383.0675,792136.4238
002881.SZ,20250613,43.36,4.9523,0.92,83.7324,7.1652,3.8593,1135172.7956,785075.0933
002881.SZ,20250612,44.7,3.2153,0.57,86.3201,7.3867,3.9786,1170254.2427,809337.1004
002881.SZ,20250611,44.67,3.2542,0.59,86.2621,7.3817,3.9759,1169468.8371,808793.9211
002881.SZ,20250610,44.9,6.7401,1.45,86.7063,7.4197,3.9964,1175490.2796,812958.2955
002881.SZ,20250609,46.82,9.3281,2.84,90.414,7.737,4.1673,1225756.2336,847721.7682
002881.SZ,20250606,44.83,4.2777,1.41,86.5711,7.4081,3.9902,1173657.6667,811690.8772
002881.SZ,20250605,44.71,4.679,1.85,86.3394,7.3883,3.9795,1170516.0445,809518.1601
002881.SZ,20250604,43.5,2.6515,1.01,84.0027,7.1884,3.8718,1138838.0214,787609.9299
002881.SZ,20250603,43.02,2.342,0.82,83.0758,7.109,3.8291,1126271.5329,778919.0617
002881.SZ,20250530,43.15,2.4819,0.81,83.3269,7.1305,3.8406,1129674.9569,781272.8385
002881.SZ,20250529,44.23,3.037,0.99,85.4124,7.1557,3.9368,1157949.556,800827.2919
002881.SZ,20250528,43.43,2.1201,0.58,83.8676,7.0263,3.8656,1137005.4085,786342.5116
002881.SZ,20250527,43.8,3.0818,0.79,84.5821,7.0862,3.8985,1146692.0767,793041.7225
002881.SZ,20250526,45.01,3.6181,0.92,86.9187,7.2819,4.0062,1178370.0998,814949.9528
002881.SZ,20250523,44.18,3.5194,0.88,85.3159,7.1476,3.9323,1156640.5468,799921.9932
002881.SZ,20250522,45.18,2.9767,0.71,87.247,7.3094,4.0213,1182820.7312,818027.9686
002881.SZ,20250521,45.49,4.964,1.2,87.8456,7.3596,4.0489,1190936.5884,823640.8209
002881.SZ,20250520,46.85,4.4235,1.03,90.4719,7.5796,4.17,1226541.6391,848264.9475
002881.SZ,20250519,46.2,3.7857,0.83,89.2167,7.4745,4.1121,1209524.5193,836496.0635
002881.SZ,20250516,47.0,3.8874,0.75,90.7616,7.6039,4.1833,1230468.6668,850980.8438
002881.SZ,20250515,46.82,3.9842,0.66,90.414,7.5748,4.1673,1225756.2336,847721.7682
002881.SZ,20250514,47.88,4.635,0.63,92.4609,7.7463,4.2616,1253507.2291,866914.1022
002881.SZ,20250513,48.09,5.2647,0.58,92.8665,7.7802,4.2803,1259005.0678,870716.357
002881.SZ,20250512,48.68,5.1451,0.49,94.0058,7.8757,4.3328,1274451.3766,881398.8825
002881.SZ,20250509,48.17,7.0407,0.63,93.021,7.7932,4.2875,1261099.4825,872164.835
002881.SZ,20250508,49.8,7.9135,0.66,96.1686,8.0569,4.4325,1303773.1831,901677.5749
002881.SZ,20250507,50.25,11.6698,1.06,97.0376,8.1297,4.4726,1315554.2661,909825.2639
002881.SZ,20250506,51.59,13.5818,1.42,99.6253,8.3465,4.5919,1350635.7132,934087.2709
002881.SZ,20250430,49.15,11.9877,1.33,94.9134,7.9517,4.3747,1286756.0633,889908.6909
002881.SZ,20250429,47.5,10.764,1.36,91.7271,7.6848,4.2278,1243558.759,860033.8315
002881.SZ,20250428,46.69,11.6187,1.7,90.1629,7.5537,4.1557,1222352.8096,845367.9914
002881.SZ,20250425,45.4,7.2148,1.15,184.2502,7.5834,5.5351,1188580.3718,822011.2832
002881.SZ,20250424,44.42,6.1503,0.97,180.273,7.4197,5.4157,1162923.791,804267.4273
002881.SZ,20250423,45.56,9.4012,1.55,184.8996,7.6102,5.5546,1192769.2013,824908.2392
002881.SZ,20250422,43.94,5.1243,0.69,178.325,7.3396,5.3571,1150357.3025,795576.5591
002881.SZ,20250421,45.06,6.1965,0.93,182.8704,7.5266,5.4937,1179679.1091,815855.2515
002881.SZ,20250418,43.51,4.6285,0.67,176.5799,7.2677,5.3047,1139099.8232,787790.9897
002881.SZ,20250417,43.1,6.3314,0.9,174.916,7.1993,5.2547,1128365.9476,780367.5397
002881.SZ,20250416,43.62,7.9707,1.09,177.0263,7.2861,5.3181,1141979.6435,789782.6469
002881.SZ,20250415,44.25,12.04,1.75,179.5831,7.3913,5.3949,1158473.1597,801189.4115
002881.SZ,20250414,44.99,2.1799,0.31,182.5863,7.515,5.4852,1177846.4962,814587.8332
002881.SZ,20250411,40.9,5.8089,0.86,165.9876,7.0114,4.9865,1070769.542,740534.3939
002881.SZ,20250410,39.68,7.0743,1.18,161.0363,6.8022,4.8378,1038829.717,718445.1039
002881.SZ,20250409,38.91,9.3949,1.9,157.9114,6.6702,4.7439,1018670.975,704503.5028
002881.SZ,20250408,37.2,9.9739,2.4,150.9716,6.3771,4.5354,973902.8597,673542.2849
002881.SZ,20250407,40.64,2.3738,0.51,164.9324,6.9668,4.9548,1063962.694,735826.8403
002881.SZ,20250403,45.15,4.9156,1.08,183.2357,7.7399,5.5047,1182035.3257,817484.7893
002881.SZ,20250402,47.0,3.2045,0.66,190.7436,8.0571,5.7302,1230468.6668,850980.8438
002881.SZ,20250401,46.86,4.2136,0.77,190.1755,8.0331,5.7131,1226803.441,848446.0072
002881.SZ,20250331,47.7,6.0544,0.92,193.5845,8.1771,5.8156,1248794.7959,863655.0266
002881.SZ,20250328,46.9,4.7943,0.56,190.3378,8.0399,5.718,1227850.6484,849170.2463
002881.SZ,20250327,46.83,4.4992,0.36,190.0537,8.0279,5.7095,1226018.0355,847902.828
002881.SZ,20250326,47.0,4.7803,0.37,190.7436,8.0571,5.7302,1230468.6668,850980.8438
002881.SZ,20250325,46.97,7.3398,0.57,190.6219,8.0519,5.7266,1229683.2613,850437.6645
002881.SZ,20250324,49.29,11.4818,1.0,200.0373,8.4496,6.0094,1290421.2891,892443.5275
002881.SZ,20250321,51.1,15.0891,1.58,207.383,8.7599,6.2301,1337807.4228,925215.3429
002881.SZ,20250320,54.6,24.0747,3.55,221.5873,9.3599,6.6568,1429438.0682,988586.2568
002881.SZ,20250319,51.47,7.1479,1.03,208.8846,8.8233,6.2752,1347494.0911,931914.5538
002881.SZ,20250318,51.5,6.0597,0.85,209.0063,8.8285,6.2788,1348279.4966,932457.7331
002881.SZ,20250317,51.12,4.9716,0.65,207.4642,8.7633,6.2325,1338331.0265,925577.4624
002881.SZ,20250314,50.96,5.6481,0.66,206.8148,8.7359,6.213,1334142.197,922680.5064
002881.SZ,20250313,50.2,10.0472,1.09,203.7305,8.6056,6.1204,1314245.2569,908919.9651
002881.SZ,20250312,53.31,7.9025,0.76,216.352,9.1388,6.4995,1395665.6304,965229.5486
002881.SZ,20250311,52.83,7.2418,0.61,214.404,9.0565,6.441,1383099.1419,956538.6804
002881.SZ,20250310,53.76,7.1868,0.53,218.1783,9.2159,6.5544,1407446.7133,973377.2375
002881.SZ,20250307,53.75,10.1904,0.68,218.1377,9.2142,6.5532,1407184.9115,973196.1778
002881.SZ,20250306,54.41,13.4647,0.86,220.8162,9.3273,6.6336,1424463.8332,985146.1215
002881.SZ,20250305,53.86,13.5783,0.76,218.5841,9.2331,6.5666,1410064.7318,975187.835
002881.SZ,20250304,53.18,14.4729,0.79,215.8244,9.1165,6.4837,1392262.2064,962875.7718
002881.SZ,20250303,51.03,16.0066,0.88,207.0989,8.7479,6.2215,1335974.8099,923947.9247
002881.SZ,20250228,56.7,17.8067,0.97,230.1099,9.7199,6.9128,1484416.4555,1026608.8052
002881.SZ,20250227,56.55,16.7277,0.88,229.5011,9.6942,6.8945,1480489.4278,1023892.9089
002881.SZ,20250226,59.37,24.3951,1.36,240.9458,10.1776,7.2384,1554317.5478,1074951.7595
002881.SZ,20250225,56.14,16.2215,0.84,227.8372,9.6239,6.8446,1469755.5522,1016469.459
002881.SZ,20250224,54.26,15.9724,0.78,220.2075,9.3016,6.6153,1420536.8055,982430.2252
002881.SZ,20250221,57.93,18.5901,0.83,235.1017,9.9308,7.0628,1516618.0823,1048879.1549
002881.SZ,20250220,57.4,19.9802,0.74,232.9508,9.8399,6.9982,1502742.5846,1039282.988
002881.SZ,20250219,56.34,18.647,0.62,228.6489,9.6582,6.8689,1474991.5891,1020090.654
002881.SZ,20250218,54.23,22.9611,0.88,220.0857,9.2965,6.6117,1419751.4,981887.0459
002881.SZ,20250217,60.26,22.5794,1.04,244.5577,10.3302,7.3469,1577617.9119,1091066.0776
002881.SZ,20250214,58.06,28.3709,1.75,235.6293,9.953,7.0786,1520021.5063,1051232.9317
002881.SZ,20250213,64.49,42.8504,5.61,261.7246,11.0553,7.8626,1688360.092,1167654.3535
002881.SZ,20250212,71.29,34.4166,41.74,289.3216,12.221,8.6916,1866385.3459,1290774.9863
002881.SZ,20250211,64.81,2.0317,2.53,263.0233,11.1102,7.9016,1696737.751,1173448.2657
002881.SZ,20250210,58.92,1.2745,0.41,239.1195,10.1005,7.1835,1542536.4648,1066804.0706
002881.SZ,20250207,53.56,0.29,0.06,217.3666,9.1816,6.53,1402210.6765,969756.0424
002881.SZ,20250206,48.69,0.1794,0.03,197.6023,8.3468,5.9363,1274713.1784,881579.9422
002881.SZ,20250205,44.26,0.3472,0.03,179.6237,7.5874,5.3962,1158734.9615,801370.4712
002881.SZ,20250127,40.24,1.9274,0.16,163.309,6.8982,4.906,1053490.6203,728584.4501
002881.SZ,20250124,36.58,12.9536,1.17,148.4554,6.2708,4.4598,957671.1454,662316.5801
002881.SZ,20250123,33.25,8.9643,0.79,134.941,5.6999,4.0538,870491.1313,602023.6821
002881.SZ,20250122,33.44,9.6218,0.79,135.7121,5.7325,4.077,875465.3663,605463.8174
002881.SZ,20250121,34.98,16.8536,1.6,141.962,5.9965,4.2647,915782.8503,633347.0195
002881.SZ,20250120,32.62,11.0876,1.11,132.3842,5.5919,3.977,853997.6151,590616.9175
002881.SZ,20250117,30.86,9.0167,0.9,125.2415,5.2902,3.7624,807920.4906,558750.4008
002881.SZ,20250116,31.65,9.9833,0.94,128.4476,5.4257,3.8587,828602.8363,573054.1214
002881.SZ,20250115,32.5,13.9871,1.27,131.8972,5.5714,3.9624,850855.993,588444.2005
002881.SZ,20250114,31.26,8.6969,0.73,126.8648,5.3588,3.8112,818392.5643,565992.791
002881.SZ,20250113,30.16,8.2664,0.77,122.4006,5.1702,3.6771,789594.3615,546076.2181
002881.SZ,20250110,30.02,9.3318,0.75,121.8324,5.1462,3.66,785929.1357,543541.3815
002881.SZ,20250109,31.03,12.7822,1.06,125.9314,5.3194,3.7832,812371.1219,561828.4167
002881.SZ,20250108,30.4,15.9546,1.55,123.3746,5.2114,3.7063,795877.6058,550421.6522
002881.SZ,20250107,28.31,13.5838,1.4,114.8926,4.8531,3.4515,741161.0204,512580.1636
002881.SZ,20250106,28.35,2.1558,0.2,115.0549,4.86,3.4564,742208.2277,513304.4026
002881.SZ,20250103,31.5,17.8235,2.1,127.8388,5.3999,3.8405,824675.8086,570338.2251
002881.SZ,20250102,30.6,10.5268,1.44,124.1863,5.2457,3.7307,801113.6426,554042.8472
002881.SZ,20241231,29.96,7.3845,1.12,121.5889,5.1359,3.6527,784358.3246,542455.023
002881.SZ,20241230,30.5,10.5226,1.88,123.7805,5.2285,3.7185,798495.6242,552232.2497
002881.SZ,20241227,29.22,7.7227,1.47,118.5857,5.0091,3.5625,764984.9882,529056.6012
002881.SZ,20241226,29.25,6.2426,1.08,118.7075,5.0142,3.5661,765770.3937,529599.7805
002881.SZ,20241225,28.35,4.6815,0.83,115.0549,4.86,3.4564,742208.2277,513304.4026
002881.SZ,20241224,28.13,3.6833,0.67,114.1621,4.8222,3.4296,736448.5872,509321.088
002881.SZ,20241223,27.84,5.619,1.13,112.9852,4.7725,3.3942,728856.3337,504070.3551
002881.SZ,20241220,28.98,6.014,1.3,117.6117,4.968,3.5332,758701.7439,524711.1671
002881.SZ,20241219,29.36,8.8973,2.14,119.1539,5.0331,3.5796,768650.214,531591.4377
002881.SZ,20241218,27.83,4.05,0.81,112.9446,4.7708,3.393,728594.5319,503889.2954
002881.SZ,20241217,26.97,2.7117,0.37,109.4544,4.6234,3.2882,706079.5733,488318.1565
002881.SZ,20241216,27.78,3.2832,0.42,112.7417,4.7622,3.3869,727285.5226,502983.9966
002881.SZ,20241213,28.51,4.2649,0.53,115.7043,4.8874,3.4759,746397.0572,516201.3587
002881.SZ,20241212,29.03,6.5142,0.84,117.8146,4.9765,3.5393,760010.7531,525616.4659
002881.SZ,20241211,29.68,8.1076,1.26,120.4526,5.0879,3.6186,777027.873,537385.3499
002881.SZ,20241210,29.65,14.8958,3.98,120.3308,5.0828,3.6149,776242.4675,536842.1706
002881.SZ,20241209,29.03,5.5502,1.77,117.8146,4.9765,3.5393,760010.7531,525616.4659
002881.SZ,20241206,26.39,4.8472,1.92,107.1005,4.524,3.2175,690895.0663,477816.6908
002881.SZ,20241205,25.89,5.2877,2.79,105.0713,4.4382,3.1565,677804.9741,468763.7031
002881.SZ,20241204,24.1,1.5103,0.75,97.8068,4.1314,2.9383,630942.444,436354.0071
002881.SZ,20241203,24.52,1.5127,0.74,99.5114,4.2034,2.9895,641938.1215,443958.5168
002881.SZ,20241202,24.67,2.5059,1.32,100.1201,4.2291,3.0078,645865.1491,446674.4131
002881.SZ,20241129,24.39,1.8027,0.95,98.9838,4.1811,2.9736,638534.6975,441604.74
002881.SZ,20241128,24.02,2.1596,1.19,97.4822,4.1177,2.9285,628848.0293,434905.5291
002881.SZ,20241127,24.27,2.1165,1.15,98.4968,4.1605,2.959,635393.0754,439432.023
002881.SZ,20241126,24.0,1.5709,0.82,97.401,4.1142,2.9261,628324.4256,434543.4096
002881.SZ,20241125,24.17,1.8467,0.9,98.0909,4.1434,2.9468,632775.0569,437621.4254
002881.SZ,20241122,23.88,1.757,0.81,96.914,4.0937,2.9114,625182.8035,432370.6926
002881.SZ,20241121,25.0,1.7619,0.8,101.4594,4.2857,3.048,654504.61,452649.385
002881.SZ,20241120,25.39,2.3039,1.0,103.0422,4.3525,3.0955,664714.8819,459710.7154
002881.SZ,20241119,25.05,1.8597,0.73,101.6623,4.2942,3.0541,655813.6192,453554.6838
002881.SZ,20241118,24.3,2.6069,0.91,98.6185,4.1657,2.9626,636178.4809,439975.2022
002881.SZ,20241115,25.24,2.3764,0.76,102.4334,4.3268,3.0772,660787.8543,456994.8191
002881.SZ,20241114,25.6,1.8522,0.56,103.8944,4.3885,3.1211,670212.7206,463512.9702
002881.SZ,20241113,26.49,2.8346,0.82,107.5064,4.5411,3.2296,693513.0848,479627.2883
002881.SZ,20241112,26.69,3.1503,0.82,108.318,4.5754,3.254,698749.1216,483248.4834
002881.SZ,20241111,27.1,4.1001,1.1,109.982,4.6457,3.304,709482.9972,490671.9333
002881.SZ,20241108,26.16,3.6013,0.97,106.1671,4.4845,3.1894,684873.6239,473652.3165
002881.SZ,20241107,26.13,2.9086,0.69,106.0454,4.4794,3.1858,684088.2184,473109.1372
002881.SZ,20241106,26.15,3.5313,0.78,106.1265,4.4828,3.1882,684611.8221,473471.2567
002881.SZ,20241105,26.41,5.0588,1.01,107.1817,4.5274,3.2199,691418.67,478178.8103
002881.SZ,20241104,25.88,3.5122,0.66,105.0308,4.4365,3.1553,677543.1723,468582.6434
002881.SZ,20241101,24.7,3.5832,0.68,100.2419,4.2342,3.0114,646650.5547,447217.5924
002881.SZ,20241031,25.94,5.467,1.18,105.2743,4.4468,3.1626,679113.9833,469669.0019
002881.SZ,20241030,25.79,5.1501,1.2,104.6655,4.4211,3.1443,675186.9557,466953.1056
002881.SZ,20241029,25.25,7.4035,2.14,102.474,4.3285,3.0785,661049.6561,457175.8789
002881.SZ,20241028,24.92,5.1215,1.49,101.1347,4.5387,3.0382,652410.1952,451200.907
002881.SZ,20241025,24.2,3.0458,0.8,98.2127,4.4076,2.9504,633560.4625,438164.6047
002881.SZ,20241024,23.88,2.3502,0.58,96.914,4.3493,2.9114,625182.8035,432370.6926
002881.SZ,20241023,23.72,3.4691,0.93,96.2647,4.3201,2.8919,620993.974,429473.7365
002881.SZ,20241022,24.06,3.3448,0.91,97.6445,4.3821,2.9334,629895.2367,435629.7681
002881.SZ,20241021,24.14,4.9378,1.47,97.9692,4.3966,2.9431,631989.6514,437078.2462
002881.SZ,20241018,23.93,4.8797,1.62,97.1169,4.3584,2.9175,626491.8127,433275.9913
002881.SZ,20241017,23.44,3.7861,1.24,95.1283,4.2691,2.8578,613663.5223,424404.0634
002881.SZ,20241016,22.91,1.7933,0.47,92.9774,4.1726,2.7932,599788.0246,414807.8964
002881.SZ,20241015,23.07,3.0817,0.61,93.6267,4.2017,2.8127,603976.8541,417704.8525
002881.SZ,20241014,23.56,3.3104,0.55,95.6153,4.291,2.8724,616805.1445,426576.7804
002881.SZ,20241011,22.63,3.0606,0.47,91.841,4.1216,2.759,592457.573,409738.2233
002881.SZ,20241010,23.76,4.0225,0.65,96.427,4.3274,2.8968,622041.1813,430197.9755
002881.SZ,20241009,23.76,5.6513,0.98,96.427,4.3274,2.8968,622041.1813,430197.9755
002881.SZ,20241008,25.71,9.1495,2.04,104.3408,4.6826,3.1345,673092.5409,465504.6275
002881.SZ,20240930,23.89,8.4695,2.68,96.9546,4.3511,2.9127,625444.6053,432551.7523
002881.SZ,20240927,21.92,5.1902,2.02,88.9596,3.9923,2.6725,573869.642,396882.9808
002881.SZ,20240926,20.91,2.6949,1.15,84.8606,3.8083,2.5493,547427.6558,378595.9456
002881.SZ,20240925,20.54,3.3141,1.69,83.359,3.741,2.5042,537740.9876,371896.7347
002881.SZ,20240924,20.53,2.7574,1.48,83.3184,3.7391,2.503,537479.1857,371715.675
002881.SZ,20240923,20.33,1.8488,0.96,82.5068,3.7027,2.4786,532243.1489,368094.4799
002881.SZ,20240920,20.38,2.2248,1.22,82.7097,3.7118,2.4847,533552.1581,368999.7787
002881.SZ,20240919,19.9,1.527,0.76,80.7617,3.6244,2.4262,520985.6696,360308.9105
002881.SZ,20240918,19.66,1.4719,0.67,79.7877,3.5807,2.3969,514702.4253,355963.4764
002881.SZ,20240913,19.88,2.2569,0.92,80.6805,3.6207,2.4238,520462.0659,359946.791
002881.SZ,20240912,20.53,2.1673,0.79,83.3184,3.7391,2.503,537479.1857,371715.675
002881.SZ,20240911,20.49,1.6673,0.5,83.1561,3.7318,2.4981,536431.9784,370991.4359
002881.SZ,20240910,20.84,2.4924,0.64,84.5765,3.7956,2.5408,545595.0429,377328.5273
002881.SZ,20240909,20.36,2.3245,0.47,82.6285,3.7082,2.4823,533028.5544,368637.6591
002881.SZ,20240906,20.73,3.6566,0.53,84.1301,3.7756,2.5274,542715.2226,375336.87
002881.SZ,20240905,21.7,3.5283,0.39,88.0667,3.9522,2.6457,568110.0015,392899.6662
002881.SZ,20240904,21.38,4.5096,0.49,86.7681,3.8939,2.6066,559732.3425,387105.7541
002881.SZ,20240903,22.34,5.4895,0.62,90.6641,4.0688,2.7237,584865.3195,404487.4904
002881.SZ,20240902,22.0,7.3773,0.83,89.2843,4.0069,2.6822,575964.0568,398331.4588
002881.SZ,20240830,22.97,13.4369,1.76,93.2209,4.1835,2.8005,601358.8357,415894.2549
002881.SZ,20240829,22.57,14.1885,2.35,91.5975,4.1107,2.7517,590886.7619,408651.8648
002881.SZ,20240828,22.04,5.6713,0.89,89.4466,4.0142,2.6871,577011.2642,399055.6978
002881.SZ,20240827,20.04,3.7744,0.59,81.3298,3.6499,2.4433,524650.8954,362843.747
002881.SZ,20240826,20.88,7.1174,1.1,84.7389,3.8029,2.5457,546642.2503,378052.7664
002881.SZ,20240823,20.99,7.3304,1.14,85.1853,3.8229,2.5591,549522.0706,380044.4236
002881.SZ,20240822,19.95,6.288,1.15,80.9646,3.6335,2.4323,522294.6788,361214.2092
002881.SZ,20240821,20.68,7.2662,1.68,83.9272,3.7665,2.5213,541406.2134,374431.5713
002881.SZ,20240820,19.87,3.9763,1.09,80.6399,3.6189,2.4225,520200.264,359765.7312
002881.SZ,20240819,20.41,7.4856,3.29,82.8314,3.7173,2.4884,534337.5636,369542.9579
002881.SZ,20240816,20.19,7.0696,7.05,81.9386,3.6772,2.4616,528577.923,365559.6433
002881.SZ,20240815,18.99,1.6388,1.82,77.0686,3.4587,2.3152,497161.7018,343832.4728
002881.SZ,20240814,18.72,1.4852,1.56,75.9728,3.4095,2.2823,490093.052,338943.8595
002881.SZ,20240813,18.36,0.5626,0.53,74.5118,3.3439,2.2384,480668.1856,332425.7083
002881.SZ,20240812,18.22,0.6335,0.48,73.9436,3.3184,2.2214,477002.9598,329890.8718
002881.SZ,20240809,18.47,0.6924,0.45,74.9582,3.3639,2.2519,483548.0059,334417.3656
002881.SZ,20240808,18.51,1.1385,0.68,75.1205,3.3712,2.2567,484595.2132,335141.6047
002881.SZ,20240807,18.7,1.7206,0.98,75.8916,3.4058,2.2799,489569.4483,338581.74
002881.SZ,20240806,18.45,1.1144,0.58,74.877,3.3603,2.2494,483024.4022,334055.2461
002881.SZ,20240805,18.25,1.9665,1.04,74.0654,3.3239,2.225,477788.3653,330434.0511
002881.SZ,20240802,19.16,1.6798,0.85,77.7585,3.4896,2.336,501612.3331,346910.4887
002881.SZ,20240801,19.85,1.8995,0.96,80.5588,3.6153,2.4201,519676.6603,359403.6117
002881.SZ,20240731,19.73,2.0766,0.9,80.0717,3.5934,2.4055,516535.0382,357230.8946
002881.SZ,20240730,19.36,1.9121,0.62,78.5701,3.526,2.3604,506848.37,350531.6837
002881.SZ,20240729,19.27,1.8799,0.63,78.2049,3.5096,2.3494,504492.1534,348902.146
002881.SZ,20240726,19.22,2.1381,0.76,78.002,3.5005,2.3433,503183.1442,347996.8472
002881.SZ,20240725,18.7,1.8748,0.68,75.8916,3.4058,2.2799,489569.4483,338581.74
002881.SZ,20240724,18.95,3.6992,1.53,76.8769,3.4526,2.3095,495925.5629,349570.7523
002881.SZ,20240723,19.88,5.6146,3.81,80.6498,3.622,2.4228,520263.8623,366726.4674
002881.SZ,20240722,19.24,1.4643,1.11,78.0534,3.5054,2.3448,503514.9251,354920.3839
002881.SZ,20240719,18.98,1.216,0.99,76.9986,3.458,2.3131,496710.6693,350124.1625
002881.SZ,20240718,18.76,1.4923,1.22,76.1061,3.418,2.2863,490953.2221,346065.8213
002881.SZ,20240717,18.92,2.3034,2.17,76.7552,3.4471,2.3058,495140.4564,349017.3422
002881.SZ,20240716,19.42,0.8828,0.73,78.7836,3.5382,2.3668,508225.5636,358240.8449
002881.SZ,20240715,19.16,0.6808,0.54,77.7289,3.4908,2.3351,501421.3079,353444.6235
002881.SZ,20240712,19.36,0.7793,0.6,78.5402,3.5273,2.3595,506655.3508,357134.0245
002881.SZ,20240711,19.61,1.4503,1.17,79.5544,3.5728,2.3899,513197.9044,361745.7759
002881.SZ,20240710,19.0,1.5189,1.36,77.0798,3.4617,2.3156,497234.0736,350493.1026
002881.SZ,20240709,18.93,1.655,1.71,76.7958,3.4489,2.3071,495402.1586,349201.8122
002881.SZ,20240708,17.92,0.9249,0.88,72.6984,3.2649,2.184,468970.242,330570.3368
002881.SZ,20240705,18.52,0.9508,0.79,75.1325,3.3742,2.2571,484672.3707,341638.54
002881.SZ,20240704,18.51,1.1697,0.95,75.0919,3.3724,2.2559,484410.6685,341454.07
002881.SZ,20240703,19.09,0.8895,0.62,77.4449,3.4781,2.3266,499589.3929,352153.3331
002881.SZ,20240702,19.27,0.9009,0.55,78.1751,3.5109,2.3485,504300.0315,355473.7941
002881.SZ,20240701,19.48,1.3566,0.75,79.027,3.5491,2.3741,509795.7765,359347.6652
002881.SZ,20240628,19.84,1.7099,0.97,80.4875,3.6147,2.418,519217.0537,365988.5871
002881.SZ,20240627,19.43,1.2805,0.67,78.8242,3.54,2.368,508487.2658,358425.3149
002881.SZ,20240626,19.94,1.8936,0.98,80.8932,3.633,2.4301,521834.0751,367833.2877
002881.SZ,20240625,18.79,1.9663,0.98,76.2278,3.4234,2.29,491738.3286,346619.2315
002881.SZ,20240624,19.4,2.1376,1.1,78.7025,3.5346,2.3643,507702.1594,357871.9048
002881.SZ,20240621,20.76,1.5659,0.8,84.2198,3.7824,2.5301,543293.6509,382959.8321
002881.SZ,20240620,20.71,2.0077,1.07,84.0169,3.7732,2.524,541985.1402,382037.4818
002881.SZ,20240619,21.44,1.9595,1.08,86.9784,3.9062,2.613,561089.3967,395503.7958
002881.SZ,20240618,21.49,2.3558,1.41,87.1813,3.9154,2.619,562397.9075,396426.146
002881.SZ,20240617,21.02,1.8521,1.15,85.2746,3.8297,2.5618,550097.9067,387756.0535
002881.SZ,20240614,20.83,1.6554,0.85,84.5038,3.7951,2.5386,545125.566,384251.1225
002881.SZ,20240613,20.6,1.5635,0.71,83.5707,3.7532,2.5106,539106.4166,380008.3112
002881.SZ,20240612,20.43,1.6713,0.64,82.881,3.7222,2.4899,534657.4802,376872.3203
002881.SZ,20240611,20.08,1.6325,0.51,81.4611,3.6585,2.4472,525497.9052,370415.8684
002881.SZ,20240607,19.49,1.5597,0.38,79.0676,3.551,2.3753,510057.4787,359532.1352
002881.SZ,20240606,19.59,3.3614,0.9,79.4733,3.5692,2.3875,512674.5001,361376.8358
002881.SZ,20240605,20.61,2.8629,0.82,83.6113,3.755,2.5118,539368.1188,380192.7813
002881.SZ,20240604,21.05,3.637,1.21,85.3963,3.8352,2.5654,550883.0131,388309.4637
002881.SZ,20240603,21.23,4.549,1.96,86.1265,3.868,2.5874,555593.6517,391629.9246
002881.SZ,20240531,21.64,6.0843,4.23,87.7898,3.9427,2.6373,566323.4396,399193.1969
002881.SZ,20240530,20.4,1.5199,0.99,82.7593,3.7168,2.4862,533872.3738,376318.9102
002881.SZ,20240529,20.3,1.6777,1.18,82.3536,3.6985,2.474,531255.3523,374474.2096
002881.SZ,20240528,20.08,1.1464,0.84,81.4611,3.6585,2.4472,525497.9052,370415.8684
002881.SZ,20240527,20.38,1.1806,0.87,82.6782,3.7131,2.4838,533348.9695,375949.9701
002881.SZ,20240524,20.47,1.6732,1.22,83.0433,3.6637,2.4947,535704.2888,377610.2005
002881.SZ,20240523,21.1,1.9769,1.62,85.5991,3.7765,2.5715,552191.5238,389231.8139
002881.SZ,20240522,21.35,1.1563,0.94,86.6133,3.8212,2.602,558734.0774,393843.5653
002881.SZ,20240521,21.21,0.8542,0.63,86.0454,3.7962,2.5849,555070.2474,391260.9845
002881.SZ,20240520,21.29,1.1577,0.78,86.3671,3.8103,2.5946,557145.5552,392718.4356
002881.SZ,20240517,21.25,1.7286,1.23,86.2048,3.8032,2.5897,556098.781,391980.5898
002881.SZ,20240516,20.71,1.215,0.85,84.0142,3.7065,2.5239,541967.3296,382019.6712
002881.SZ,20240515,20.43,1.1659,0.81,82.8783,3.6564,2.4898,534639.9104,376854.7505
002881.SZ,20240514,20.8,1.4776,1.11,84.3793,3.7226,2.5349,544322.5715,383679.8243
002881.SZ,20240513,20.6,1.8238,1.48,83.568,3.6869,2.5105,539088.7006,379990.5952
002881.SZ,20240510,21.16,1.3283,1.08,85.8387,3.787,2.5787,553736.9372,390313.8347
002881.SZ,20240509,21.7,1.3108,1.06,88.0293,3.8837,2.6445,567868.2201,400274.5848
002881.SZ,20240508,21.55,1.2717,1.0,87.4208,3.8568,2.6262,563942.8637,397507.7098
002881.SZ,20240507,22.15,0.9325,0.68,89.8548,3.9642,2.6994,579644.2892,408575.2098
002881.SZ,20240506,22.23,1.3307,0.96,90.1793,3.9785,2.7091,581737.8126,410050.8765
002881.SZ,20240430,22.17,1.3247,0.99,89.9359,3.9678,2.7018,580167.67,408944.1265
002881.SZ,20240429,22.24,1.3436,1.06,90.2199,3.9803,2.7103,581999.503,410235.3348
002881.SZ,20240426,21.63,1.4306,1.16,87.7453,3.8711,2.636,566036.3871,398983.3764
002881.SZ,20240425,20.97,1.3773,1.1,85.0679,3.753,2.5556,548764.8191,386809.1264
002881.SZ,20240424,21.44,1.433,1.02,43.8831,3.7829,2.4328,560982.9257,395397.3247
002881.SZ,20240423,20.67,1.094,0.64,42.3071,3.647,2.3454,540835.6844,381196.9544
002881.SZ,20240422,20.35,1.0307,0.55,41.6521,3.5905,2.3091,532462.8049,375295.5018
002881.SZ,20240419,20.44,1.2479,0.66,41.8363,3.6064,2.3193,534817.6773,376955.2853
002881.SZ,20240418,20.78,1.4816,0.81,42.5322,3.6664,2.3579,543713.8618,383225.5787
002881.SZ,20240417,21.1,2.1783,1.29,43.1872,3.7229,2.3942,552086.7412,389127.0313
002881.SZ,20240416,19.47,2.5642,1.83,39.8509,3.4353,2.2092,509437.3863,359066.5071
002881.SZ,20240415,21.26,1.9032,1.42,43.5147,3.7511,2.4124,556273.181,392077.7576
002881.SZ,20240412,22.21,1.2926,0.89,45.4591,3.9187,2.5202,581130.167,409597.6951
002881.SZ,20240411,22.33,1.1631,0.73,45.7047,3.9399,2.5338,584269.9968,411810.7398
002881.SZ,20240410,22.29,1.4913,0.81,45.6229,3.9328,2.5292,583223.3868,411073.0582
002881.SZ,20240409,23.13,1.153,0.48,47.3422,4.081,2.6245,605202.1955,426564.3713
002881.SZ,20240408,22.8,1.6008,0.62,46.6667,4.0228,2.5871,596567.6635,420478.4983
002881.SZ,20240403,23.33,1.8292,0.69,47.7515,4.1163,2.6472,610435.2452,430252.7792
002881.SZ,20240402,24.02,1.9119,0.7,49.1638,4.2381,2.7255,628489.2666,442977.7864
002881.SZ,20240401,24.64,2.7611,1.04,50.4328,4.3475,2.7959,644711.7206,454411.8508
002881.SZ,20240329,24.68,3.923,1.58,50.5147,4.3545,2.8004,645758.3305,455149.5324
002881.SZ,20240328,23.43,2.5765,1.07,47.9562,4.134,2.6586,613051.77,432096.9831
002881.SZ,20240327,22.57,2.1254,0.82,46.196,3.9822,2.561,590549.6564,416236.8293
002881.SZ,20240326,23.72,2.1973,0.72,48.5498,4.1851,2.6915,620639.692,437445.1746
002881.SZ,20240325,24.22,2.5051,0.7,49.5732,4.2734,2.7482,633722.3162,446666.1943
002881.SZ,20240322,25.43,3.0367,0.83,52.0498,4.4868,2.8855,665382.2668,468981.0619
002881.SZ,20240321,25.86,2.2002,0.56,52.9299,4.5627,2.9343,676633.3236,476911.1389
002881.SZ,20240320,26.34,3.05,0.7,53.9124,4.6474,2.9888,689192.6429,485763.3178
002881.SZ,20240319,26.49,4.5172,1.0,54.2194,4.6739,3.0058,693117.4301,488529.6237
002881.SZ,20240318,26.72,5.1339,1.18,54.6901,4.7145,3.0319,699135.4372,492771.2928
002881.SZ,20240315,26.1,3.4009,0.71,53.4211,4.6051,2.9615,682912.9832,481337.2283
002881.SZ,20240314,25.3,3.5116,0.64,51.7837,4.4639,2.8708,661980.7845,466583.5968
002881.SZ,20240313,25.8,5.3783,0.88,52.8071,4.5521,2.9275,675063.4087,475804.6165
002881.SZ,20240312,25.95,5.1065,0.63,53.1141,4.5786,2.9445,678988.196,478570.9224
002881.SZ,20240311,25.54,4.2998,0.58,52.2749,4.5063,2.898,668260.4441,471009.6863
002881.SZ,20240308,25.41,5.6574,0.83,52.0089,4.4833,2.8833,664858.9618,468612.2212
002881.SZ,20240307,24.43,6.8897,1.13,50.003,4.3104,2.7721,639217.0184,450539.0225
002881.SZ,20240306,25.52,8.5069,1.62,52.234,4.5027,2.8957,667737.1392,470640.8455
002881.SZ,20240305,26.35,15.1992,5.23,53.9328,4.6492,2.9899,689454.2953,485947.7382
002881.SZ,20240304,26.93,1.0252,0.3,55.12,4.7515,3.0557,704630.1394,496644.121
002881.SZ,20240301,24.48,2.5698,0.68,50.1053,4.3192,2.7777,640525.2808,451461.1245
002881.SZ,20240229,22.25,3.1689,0.87,45.541,3.9258,2.5247,582176.7769,410335.3767
002881.SZ,20240228,20.92,4.2984,1.34,42.8188,3.6911,2.3738,547376.9965,385807.4642
002881.SZ,20240227,22.84,3.4758,1.25,46.7486,4.0299,2.5916,597614.2735,421216.1799
002881.SZ,20240226,22.12,3.3106,1.34,45.2749,3.9028,2.5099,578775.2946,407937.9115
002881.SZ,20240223,21.99,4.5423,2.25,45.0088,3.8799,2.4952,575373.8123,405540.4464
002881.SZ,20240222,21.13,2.6671,1.47,43.2486,3.7282,2.3976,552871.6987,389680.2925
002881.SZ,20240221,20.22,1.9958,1.11,41.386,3.5676,2.2943,529061.3226,372898.0367
002881.SZ,20240220,20.16,1.4086,0.69,41.2632,3.557,2.2875,527491.4077,371791.5143
002881.SZ,20240219,20.19,1.7684,0.83,41.3246,3.5623,2.2909,528276.3652,372344.7755
002881.SZ,20240208,19.44,2.238,1.11,39.7895,3.43,2.2058,508652.4289,358513.2459
002881.SZ,20240207,17.8,1.6394,0.78,36.4328,3.1406,2.0198,465741.4215,328268.3013
002881.SZ,20240206,17.95,1.9392,1.0,36.7398,3.1671,2.0368,469666.2088,331034.6072
002881.SZ,20240205,17.46,2.6839,1.6,35.7369,3.0806,1.9812,456845.2371,321998.0079
002881.SZ,20240202,18.97,2.1367,1.47,38.8275,3.347,2.1525,496354.7621,349845.4874
002881.SZ,20240201,18.94,1.7211,1.21,38.7661,3.3418,2.1491,495569.8047,349292.2262
002881.SZ,20240131,18.8,2.0628,1.62,38.4528,3.3147,2.1317,491563.9459,346367.6167
002881.SZ,20240130,20.01,1.072,0.76,40.9277,3.5281,2.2689,523201.8382,368660.4261
002881.SZ,20240129,20.81,1.3743,0.83,42.564,3.6691,2.3597,544119.4529,383399.4736
002881.SZ,20240126,21.78,1.0567,0.63,44.548,3.8402,2.4696,569482.0608,401270.5687
002881.SZ,20240125,22.33,1.5678,0.95,45.6729,3.9371,2.532,583862.9209,411403.6639
002881.SZ,20240124,21.51,1.3024,0.79,43.9957,3.7926,2.439,562422.3658,396296.1402
002881.SZ,20240123,21.32,1.7332,1.06,43.6071,3.7591,2.4175,557454.4323,392795.6164
002881.SZ,20240122,21.52,2.572,1.74,44.0162,3.7943,2.4402,562683.836,396480.3783
002881.SZ,20240119,23.91,1.2016,0.79,48.9046,4.2157,2.7112,625175.2099,440513.2828
002881.SZ,20240118,23.62,1.4556,0.94,48.3114,4.1646,2.6783,617592.5746,435170.378
002881.SZ,20240117,23.65,1.3227,0.84,48.3728,4.1699,2.6817,618376.9852,435723.0923
002881.SZ,20240116,23.72,1.6523,1.07,48.516,4.1822,2.6896,620207.2764,437012.759
002881.SZ,20240115,24.28,1.7512,1.07,49.6614,4.281,2.7531,634849.6068,447330.0922
002881.SZ,20240112,25.1,1.3891,0.66,51.3386,4.4255,2.8461,656290.1618,462437.6159
002881.SZ,20240111,26.03,1.5974,0.71,53.2407,4.5895,2.9515,680606.889,479571.7587
002881.SZ,20240110,25.22,1.4647,0.67,51.584,4.4467,2.8597,659427.804,464648.4731
002881.SZ,20240109,25.98,1.5399,0.72,53.1385,4.5807,2.9459,679299.538,478650.5682
002881.SZ,20240108,26.2,2.188,1.05,53.5885,4.6195,2.9708,685051.8821,482703.8063
002881.SZ,20240105,27.69,3.7372,2.24,56.636,4.8822,3.1398,724010.9395,510155.2823
002881.SZ,20240104,27.46,2.3648,1.65,56.1656,4.8416,3.1137,717997.1253,505917.8061
002881.SZ,20240103,26.58,1.1187,0.74,54.3657,4.6865,3.0139,694987.7491,489704.8539
002881.SZ,20240102,26.55,1.355,0.91,54.3043,4.6812,3.0105,694203.3385,489152.1396
002881.SZ,20231229,27.06,1.8025,1.32,55.3475,4.7711,3.0683,707538.3179,498548.2824
002881.SZ,20231228,26.55,1.685,1.31,54.3043,4.6812,3.0105,694203.3385,489152.1396
002881.SZ,20231227,26.43,1.201,0.88,54.0589,4.66,2.9969,691065.6963,486941.2824
002881.SZ,20231226,26.24,1.5305,1.19,53.6703,4.6265,2.9754,686097.7628,483440.7587
002881.SZ,20231225,26.25,1.2305,1.0,53.6907,4.6283,2.9765,686359.233,483624.9968
002881.SZ,20231222,25.71,1.1654,0.85,52.5862,4.5331,2.9153,672239.8431,473676.1397
002881.SZ,20231221,26.3,1.3066,0.87,53.793,4.6371,2.9822,687666.5839,484546.1872
002881.SZ,20231220,25.95,1.6099,1.05,53.0771,4.5754,2.9425,678515.1275,478097.8539
002881.SZ,20231219,26.81,1.0971,0.63,54.8361,4.727,3.04,701001.5633,493942.33
002881.SZ,20231218,26.44,0.9684,0.48,54.0793,4.6618,2.998,691327.1665,487125.5205
002881.SZ,20231215,26.6,1.8788,0.81,54.4066,4.69,3.0162,695510.6894,490073.33
002881.SZ,20231214,27.28,1.9137,0.85,55.7974,4.8099,3.0933,713290.662,502601.5204
002881.SZ,20231213,27.86,1.8095,0.78,56.9838,4.9122,3.1591,728455.9326,513287.3299
002881.SZ,20231212,28.65,2.1294,0.91,58.5996,5.0515,3.2486,749112.0772,527842.1393
002881.SZ,20231211,28.63,2.3302,0.97,58.5587,5.0479,3.2464,748589.1368,527473.6631
002881.SZ,20231208,28.68,3.4224,1.57,58.6609,5.0567,3.252,749896.4877,528394.8536
002881.SZ,20231207,27.64,1.5415,0.6,56.5338,4.8734,3.1341,722703.5886,509234.0918
002881.SZ,20231206,27.56,2.2441,0.79,56.3701,4.8593,3.125,720611.8271,507760.1871
002881.SZ,20231205,28.2,2.1114,0.59,57.6792,4.9721,3.1976,737345.9189,519551.4251
002881.SZ,20231204,29.12,2.6683,0.69,59.5609,5.1343,3.3019,761401.1758,536501.3297
002881.SZ,20231201,28.91,2.3534,0.51,59.1314,5.0973,3.2781,755910.3019,532632.3298
002881.SZ,20231130,28.34,3.4576,0.75,57.9655,4.9968,3.2135,741006.5015,522130.7584
002881.SZ,20231129,28.86,3.6326,0.76,59.0291,5.0885,3.2724,754602.951,531711.1393
002881.SZ,20231128,29.59,5.6353,1.14,60.5222,5.2172,3.3552,773690.2745,545160.5201
002881.SZ,20231127,28.96,4.3609,0.78,59.2336,5.1061,3.2838,757217.6529,533553.5202
002881.SZ,20231124,29.19,5.9254,0.97,59.7041,5.1467,3.3099,763231.4671,537790.9964
002881.SZ,20231123,29.18,3.4553,0.42,59.6836,5.1449,3.3087,762969.9969,537606.7583
002881.SZ,20231122,28.54,4.4979,0.54,58.3746,5.0321,3.2362,746235.9051,525815.5203
002881.SZ,20231121,29.5,6.4294,0.75,60.3381,5.2013,3.345,771337.0428,543502.3773
002881.SZ,20231120,30.61,7.6611,1.03,62.6085,5.397,3.4709,800360.2332,563952.8057
002881.SZ,20231117,30.45,8.382,1.39,62.2812,5.3688,3.4527,796176.7103,561004.9962
002881.SZ,20231116,30.33,13.8778,3.72,62.0358,5.3477,3.4391,793039.0681,558794.1391
002881.SZ,20231115,32.81,4.9706,1.51,67.1083,5.7849,3.7203,857883.6737,604485.1864
002881.SZ,20231114,29.83,7.8334,3.16,61.0131,5.2595,3.3824,779965.5589,549582.2344
002881.SZ,20231113,27.12,2.0304,0.81,55.4702,4.7817,3.0751,709107.139,499653.7109
002881.SZ,20231110,26.34,1.4185,0.49,53.8748,4.6442,2.9867,688712.4647,485283.1396
002881.SZ,20231109,26.52,2.3866,0.87,54.243,4.6759,3.0071,693418.928,488599.4253
002881.SZ,20231108,27.19,2.8331,1.13,55.6134,4.794,3.0831,710937.4303,500943.3776
002881.SZ,20231107,27.6,3.732,1.62,56.452,4.8663,3.1296,721657.7078,508497.1394
002881.SZ,20231106,26.93,2.0987,0.77,55.0816,4.7482,3.0536,704139.2055,496153.1871
002881.SZ,20231103,26.7,3.461,1.39,54.6111,4.7076,3.0275,698125.3913,491915.711
002881.SZ,20231102,25.65,1.6187,0.62,52.4635,4.5225,2.9085,670671.022,472570.7111
002881.SZ,20231101,26.3,1.5967,0.56,53.793,4.6371,2.9822,687666.5839,484546.1872
002881.SZ,20231031,26.27,2.7194,0.93,53.7316,4.6318,2.9788,686882.1734,483993.4729
002881.SZ,20231030,27.48,4.3013,1.48,56.2065,4.9798,3.116,718520.0656,506286.2823
002881.SZ,20231027,25.73,2.191,0.75,52.6271,4.6626,2.9175,672762.7834,474044.6159
002881.SZ,20231026,26.3,2.2554,0.8,53.793,4.7659,2.9822,687666.5839,484546.1872
002881.SZ,20231025,25.69,2.6699,1.03,52.5453,4.6554,2.913,671716.9027,473307.6635
002881.SZ,20231024,25.09,3.2181,1.4,51.3181,4.5467,2.845,656028.6917,462253.3778
002881.SZ,20231023,26.06,4.2311,2.17,53.3021,4.7224,2.9549,681391.2995,480124.473
002881.SZ,20231020,25.34,2.2571,1.1,51.8294,4.592,2.8733,662565.4463,466859.3302
002881.SZ,20231019,26.55,1.6521,0.8,54.3043,4.8112,3.0105,694203.3385,489152.1396
002881.SZ,20231018,27.09,1.5971,0.72,55.4088,4.9091,3.0717,708322.7285,499100.9966
002881.SZ,20231017,27.74,1.7503,0.78,56.7383,5.0269,3.1454,725318.2904,511076.4728
002881.SZ,20231016,27.93,2.4775,1.17,57.1269,5.0613,3.167,730286.2239,514576.9965
002881.SZ,20231013,28.3,2.7794,1.38,57.8823,5.1273,3.2089,739942.9049,521298.0954
002881.SZ,20231012,28.01,1.7857,0.89,57.2892,5.0747,3.176,732360.4511,515956.1715
002881.SZ,20231011,27.92,2.3349,1.22,57.1051,5.0584,3.1658,730007.2758,514298.333
002881.SZ,20231010,27.36,1.8667,0.9,55.9597,4.957,3.1023,715365.2961,503982.8937
002881.SZ,20231009,26.93,1.8535,0.78,55.0802,4.8791,3.0535,704122.3473,496062.1099
002881.SZ,20230928,26.55,2.2145,0.97,54.303,4.8102,3.0104,694186.7182,489062.3475
002881.SZ,20230927,25.65,1.7705,0.72,52.4622,4.6472,2.9084,670654.9651,472483.9628
002881.SZ,20230926,25.8,1.8729,0.8,52.769,4.6743,2.9254,674576.9239,475247.0269
002881.SZ,20230925,26.65,2.6927,1.26,54.5076,4.8283,3.0218,696801.3575,490904.3902
002881.SZ,20230922,26.46,3.2645,1.65,54.119,4.7939,3.0002,691833.5429,487404.509
002881.SZ,20230921,25.33,1.8196,0.86,51.8077,4.5892,2.8721,662288.1195,466589.426
002881.SZ,20230920,26.03,2.666,1.39,53.2395,4.716,2.9515,680590.5942,479483.7252
002881.SZ,20230919,27.07,1.473,0.67,55.3666,4.9044,3.0694,707782.8423,441229.5521
002881.SZ,20230918,27.97,1.8443,0.78,57.1894,5.0659,3.1705,731084.5701,455669.1462
002881.SZ,20230915,28.82,2.8032,1.14,58.9273,5.2199,3.2668,753302.0133,469516.7963
002881.SZ,20230914,28.68,2.7622,1.19,58.6411,5.1945,3.2509,749642.6697,467236.0069
002881.SZ,20230913,28.3,1.9376,0.78,57.8641,5.1257,3.2079,739710.1657,461045.2927
002881.SZ,20230912,28.88,1.7209,0.66,59.05,5.2307,3.2736,754870.3034,470494.2775
002881.SZ,20230911,29.6,2.631,1.02,60.5222,5.3611,3.3552,773689.7846,482224.0518
002881.SZ,20230908,29.8,3.2176,1.55,60.9311,5.3974,3.3779,778917.4183,485482.3224
002881.SZ,20230907,28.61,2.0918,1.11,58.498,5.1818,3.243,747812.9979,466095.6122
002881.SZ,20230906,29.42,2.8101,1.64,60.1541,5.3285,3.3348,768984.9143,475324.7331
002881.SZ,20230905,29.1,2.3399,1.6,59.4999,5.2706,3.2985,760620.6713,470154.6185
002881.SZ,20230904,29.28,2.4388,2.13,59.8679,5.3032,3.3189,765325.5415,473062.7914
002881.SZ,20230901,28.09,0.7452,0.62,57.4347,5.0876,3.1841,734221.1223,453836.5372
002881.SZ,20230831,28.38,1.2058,1.06,58.0277,5.1402,3.2169,741801.1908,458521.9269
002881.SZ,20230830,28.22,1.8263,1.7,57.6531,5.2268,3.1962,737013.2288,455331.0292
002881.SZ,20230829,27.39,1.1042,1.02,55.9575,5.0731,3.1022,715336.3692,441938.9401
002881.SZ,20230828,26.55,0.84,0.82,54.2414,4.9175,3.007,693398.3425,428385.5005
002881.SZ,20230825,26.45,1.0439,1.05,54.0371,4.899,2.9957,690786.6727,426771.9958
002881.SZ,20230824,26.99,0.902,0.93,55.1403,4.999,3.0569,704889.6898,435484.9212
002881.SZ,20230823,27.25,1.4836,1.75,55.6714,5.0471,3.0863,711680.0314,439680.0335
002881.SZ,20230822,27.75,1.1359,1.32,56.6929,5.1398,3.1429,724738.3806,447747.557
002881.SZ,20230821,27.09,0.5482,0.56,55.3446,5.0175,3.0682,707501.3597,437098.4259
002881.SZ,20230818,27.11,0.8777,0.92,55.3854,5.0212,3.0704,708023.6936,437421.1269
002881.SZ,20230817,27.93,0.8043,0.85,57.0607,5.1731,3.1633,729439.3863,450651.8655
002881.SZ,20230816,27.4,0.8799,0.8,55.9779,5.0749,3.1033,715597.5362,442100.2905
002881.SZ,20230815,28.18,1.2014,1.15,57.5714,5.2194,3.1916,735968.5609,454685.6273
002881.SZ,20230814,28.8,1.1705,1.08,58.8381,5.3342,3.2619,752160.9139,464689.3565
002881.SZ,20230811,27.88,0.6897,0.55,56.9585,5.1638,3.1577,728133.5514,449845.1131
002881.SZ,20230810,28.19,0.8124,0.56,57.5919,5.2212,3.1928,736229.7279,454846.9777
002881.SZ,20230809,28.01,1.6403,1.19,57.2241,5.1879,3.1724,731528.7222,451942.6693
002881.SZ,20230808,28.99,0.9114,0.52,59.2263,5.3694,3.2834,757123.0866,467755.0154
002881.SZ,20230807,28.97,1.3669,0.62,59.1854,5.3657,3.2811,756600.7526,467432.3145
002881.SZ,20230804,28.82,1.5396,0.67,58.8789,5.3379,3.2641,752683.2479,465012.0574
002881.SZ,20230803,28.25,1.8303,0.75,57.7144,5.2324,3.1996,737796.7298,455815.0806
002881.SZ,20230802,28.89,1.2546,0.39,59.022,5.3509,3.272,754511.4168,466141.5107
002881.SZ,20230801,28.7,2.8267,0.77,58.6338,5.3157,3.2505,749549.2441,463075.8518
002881.SZ,20230731,29.93,3.6306,0.82,61.1467,5.5435,3.3898,781672.7831,482921.9597
002881.SZ,20230728,29.23,1.9203,0.4,59.7166,5.4139,3.3106,763391.0942,471627.4267
002881.SZ,20230727,29.5,2.5923,0.58,60.2682,5.4639,3.3411,770442.6028,475983.8895
002881.SZ,20230726,30.38,5.0522,1.37,62.066,5.6269,3.4408,793425.2974,490182.7309
002881.SZ,20230725,32.23,5.2741,1.84,65.8455,5.9695,3.6503,841741.1894,520032.568
002881.SZ,20230724,32.7,7.3878,4.46,66.8057,6.0566,3.7036,854016.0377,527616.0402
002881.SZ,20230721,31.06,3.4376,2.8,63.4552,5.7528,3.5178,811184.6523,501154.5629
002881.SZ,20230720,29.72,1.1949,0.93,60.7176,5.5046,3.366,776188.2764,479533.5998
002881.SZ,20230719,30.18,1.1685,0.76,61.6574,5.5898,3.4181,788201.9577,486955.7215
002881.SZ,20230718,30.07,1.1685,0.66,61.4327,5.5695,3.4057,785329.1209,485180.8663
002881.SZ,20230717,30.58,1.3149,0.7,62.4746,5.6639,3.4635,798648.6371,493409.7403
002881.SZ,20230714,31.01,1.2892,0.61,63.3531,5.7436,3.5122,809878.8174,500347.8106
002881.SZ,20230713,30.82,1.4631,0.7,62.9649,5.7084,3.4906,804916.6447,497282.1516
002881.SZ,20230712,30.63,2.4882,1.18,62.5768,5.6732,3.4691,799954.472,494216.4927
002881.SZ,20230711,32.66,2.312,0.98,66.724,6.0492,3.699,852971.3697,526970.6383
002881.SZ,20230710,31.3,1.886,0.78,63.9456,5.7973,3.545,817452.6599,505026.9742
002881.SZ,20230707,32.01,2.4171,1.06,65.3961,5.9288,3.6254,835995.5158,516482.8577
002881.SZ,20230706,33.4,1.353,0.56,68.2358,6.1862,3.7828,872297.7266,538910.5731
002881.SZ,20230705,33.88,2.6074,1.11,69.2165,6.2751,3.8372,884833.7418,546655.3957
002881.SZ,20230704,34.97,3.5192,1.79,71.4433,6.477,3.9607,913300.943,564242.5971
002881.SZ,20230703,33.2,2.1592,0.95,67.8272,6.1492,3.7602,867074.3869,535683.5637
002881.SZ,20230630,34.15,1.7191,0.62,69.7681,6.3251,3.8678,891885.2504,551011.8585
002881.SZ,20230629,34.34,1.9772,0.66,70.1562,6.3603,3.8893,896847.4231,554077.5174
002881.SZ,20230628,33.52,2.3656,0.7,68.481,6.2085,3.7964,875431.7304,540846.7788
002881.SZ,20230627,34.83,1.5943,0.44,71.1573,6.4511,3.9448,909644.6053,561983.6905
002881.SZ,20230626,34.37,3.683,1.01,70.2175,6.3659,3.8927,897630.924,554561.5688
002881.SZ,20230621,36.3,4.2221,1.13,74.1605,6.7234,4.1113,948036.1519,585702.2097
002881.SZ,20230620,35.72,3.1377,0.78,72.9756,6.6159,4.0456,932888.4668,576343.8824
002881.SZ,20230619,36.23,4.2645,1.1,74.0175,6.7104,4.1034,946207.983,584572.7564
002881.SZ,20230616,35.45,3.0133,0.73,72.424,6.5659,4.015,925836.9583,571987.4197
002881.SZ,20230615,34.89,3.6598,0.76,71.2799,6.4622,3.9516,911211.6072,562951.7933
002881.SZ,20230614,35.49,4.5567,0.97,72.5057,6.5733,4.0196,926881.6262,572632.8216
002881.SZ,20230613,36.68,4.6009,0.89,74.9368,6.7937,4.1543,957960.4973,591833.5276
002881.SZ,20230612,36.26,3.4748,0.51,74.0788,6.7159,4.1068,946991.484,585056.8078
002881.SZ,20230609,36.38,4.265,0.59,74.3239,6.7382,4.1204,950125.4878,586993.0135
002881.SZ,20230608,35.97,7.092,1.14,73.4863,6.6622,4.0739,939417.6414,580377.6442
002881.SZ,20230607,35.3,4.1708,0.68,72.1175,6.5381,3.998,921919.4535,569567.1626
002881.SZ,20230606,35.93,6.9439,1.34,73.4046,6.6548,4.0694,938372.9735,579732.2423
002881.SZ,20230605,37.19,11.5561,3.35,75.9788,6.8882,4.2121,971280.0135,600062.4016
002881.SZ,20230602,35.61,6.1271,2.39,72.7508,6.5956,4.0331,930015.63,574569.0272
002881.SZ,20230601,32.47,2.3675,0.92,66.3359,5.9055,3.6775,848009.197,523904.9793
002881.SZ,20230531,32.22,3.5611,1.51,65.8251,5.8601,3.6492,841480.0224,519871.2176
002881.SZ,20230530,31.5,2.214,0.73,64.3542,5.7291,3.5677,822675.9996,508253.9837
002881.SZ,20230529,31.61,2.965,0.73,64.5789,5.7491,3.5801,825548.8364,510028.8388
002881.SZ,20230526,31.01,1.7319,0.36,63.3531,5.64,3.5122,809878.8174,500347.8106
002881.SZ,20230525,30.79,2.337,0.49,62.8998,5.6008,3.487,804083.9413,496748.8978
002881.SZ,20230524,31.3,2.5591,0.54,63.9416,5.6936,3.5448,817402.6425,504976.9568
002881.SZ,20230523,31.24,5.6653,1.45,63.8191,5.6827,3.538,815835.7365,504008.9499
002881.SZ,20230522,33.39,8.0399,3.22,68.2112,6.0737,3.7815,871983.2024,538695.8654
002881.SZ,20230519,32.12,5.6922,3.79,65.6168,5.8427,3.6376,838817.0248,518206.3851
002881.SZ,20230518,29.2,1.9177,1.49,59.6516,5.3116,3.307,762560.9317,471096.7137
002881.SZ,20230517,29.05,2.4816,2.48,59.3452,5.2843,3.29,758643.6666,468676.6964
002881.SZ,20230516,27.46,1.3525,1.31,56.097,4.9951,3.1099,717120.657,443024.5123
002881.SZ,20230515,27.17,1.044,0.97,55.5046,4.9423,3.0771,709547.2779,438345.812
002881.SZ,20230512,26.91,0.7162,0.56,54.9735,4.895,3.0476,702757.3518,434151.1153
002881.SZ,20230511,27.26,0.8362,0.56,55.6885,4.9587,3.0872,711897.6369,439797.8225
002881.SZ,20230510,27.4,1.0615,0.61,55.9745,4.9841,3.1031,715553.751,442056.5053
002881.SZ,20230509,27.23,1.4883,0.71,55.6272,4.9532,3.0838,711114.1839,439313.819
002881.SZ,20230508,28.2,1.3016,0.46,57.6088,5.1297,3.1937,736445.8313,454963.2646
002881.SZ,20230505,27.71,1.7563,0.5,56.6078,5.0405,3.1382,723649.4321,447057.8746
002881.SZ,20230504,28.89,1.8408,0.46,59.0183,5.2552,3.2718,754465.2506,466095.3445
002881.SZ,20230428,29.24,2.3116,0.5,59.7333,5.3188,3.3115,763605.5357,471742.0517
002881.SZ,20230427,28.5,3.3446,0.57,58.2216,5.1842,3.2277,744280.3614,459803.2994
002881.SZ,20230426,29.66,5.038,0.75,60.5913,5.3952,3.359,774573.8779,478518.1003
002881.SZ,20230425,32.95,5.1003,0.71,72.7618,6.115,4.3655,859608.4108,530713.0005
002881.SZ,20230424,36.61,4.2089,0.57,80.844,6.7942,4.8505,955091.4695,589663.2154
002881.SZ,20230421,38.12,5.518,0.7,84.1785,7.0745,5.0505,994484.7533,613984.2057
002881.SZ,20230420,39.17,9.4198,1.27,86.4971,7.2693,5.1896,1021877.4341,630896.1526
002881.SZ,20230419,36.87,9.2678,1.5,81.4182,6.8425,4.8849,961874.419,593850.9356
002881.SZ,20230418,38.06,7.2748,1.35,84.046,7.0633,5.0426,992919.4572,613017.8088
002881.SZ,20230417,34.6,5.1826,0.99,76.4054,6.4212,4.5842,902654.052,557288.9171
002881.SZ,20230414,36.58,8.496,1.87,80.7778,6.7887,4.8465,954308.8215,589180.0169
002881.SZ,20230413,35.22,6.7945,1.46,77.7745,6.5363,4.6663,918828.7778,567275.019
002881.SZ,20230412,34.5,3.2361,0.68,76.1846,6.4026,4.5709,900045.2253,555678.2555
002881.SZ,20230411,33.35,3.1374,0.68,73.6451,6.1892,4.4185,870043.7178,537155.6469
002881.SZ,20230410,34.37,4.573,1.11,75.8975,6.3785,4.5537,896653.7505,553584.3954
002881.SZ,20230407,35.49,4.9155,1.37,78.3708,6.5864,4.7021,925872.61,571623.8054
002881.SZ,20230406,36.0,7.408,2.92,79.497,6.681,4.7696,939177.6264,579838.1796
002881.SZ,20230404,33.81,3.6352,1.47,74.6609,6.2746,4.4795,882044.3208,544564.6903
002881.SZ,20230403,33.85,2.6012,0.84,74.7492,6.282,4.4848,883087.8515,545208.955
002881.SZ,20230331,33.47,2.0297,0.49,73.9101,6.2115,4.4344,873174.3099,539088.4409
002881.SZ,20230330,32.97,2.2853,0.49,72.806,6.1187,4.3682,860130.1762,531035.1328
002881.SZ,20230329,33.5,2.1232,0.46,73.9764,6.2171,4.4384,873956.9579,539571.6394
002881.SZ,20230328,33.43,3.3272,0.81,73.8218,6.2041,4.4291,872130.7792,538444.1762
002881.SZ,20230327,34.73,5.7856,1.76,76.6925,6.4453,4.6014,906045.5268,559382.7772
002881.SZ,20230324,34.43,7.2423,3.41,76.03,6.3896,4.5616,898219.0466,554550.7923
002881.SZ,20230323,32.56,4.718,3.1,71.9006,6.0426,4.3139,849433.9865,524431.4202
002881.SZ,20230322,30.51,1.9076,1.4,67.3737,5.6622,4.0423,795953.0384,491412.8572
002881.SZ,20230321,29.78,0.8773,0.6,65.7617,5.5267,3.9456,776908.6032,479655.0275
002881.SZ,20230320,29.57,1.6624,1.09,65.2979,5.4877,3.9177,771430.067,476272.6381
002881.SZ,20230317,29.3,1.442,0.7,59.4418,8.6397,3.5664,702245.321,471923.8517
002881.SZ,20230316,28.6,1.7283,0.71,58.0217,8.4333,3.4812,685468.1291,460649.2205
002881.SZ,20230315,29.56,1.1134,0.39,59.9692,8.7164,3.598,708476.8495,476111.5719
002881.SZ,20230314,29.9,1.3166,0.37,60.659,8.8166,3.6394,716625.7713,481587.8214
002881.SZ,20230313,30.32,2.0311,0.44,61.5111,8.9405,3.6905,726692.0865,488352.6002
002881.SZ,20230310,30.51,4.1725,0.79,61.8965,8.9965,3.7137,731245.8957,491412.8572
002881.SZ,20230309,32.95,3.5461,0.68,66.8466,9.716,4.0106,789726.3934,530713.0005
002881.SZ,20230308,33.47,3.0858,0.63,67.9016,9.8693,4.0739,802189.4503,539088.4409
002881.SZ,20230307,33.1,4.777,1.17,67.143,9.7591,4.0284,793227.2703,533034.7572
002881.SZ,20230306,35.17,7.655,2.78,71.3419,10.3694,4.2804,842833.9304,566369.5592
002881.SZ,20230303,36.43,7.2971,5.09,73.8978,10.7409,4.4337,873029.2887,586660.3083
002881.SZ,20230302,33.12,3.3478,3.47,67.1835,9.765,4.0309,793706.5617,533356.8326
002881.SZ,20230301,32.9,1.276,1.21,66.7373,9.7001,4.0041,788434.3563,529814.0034
002881.SZ,20230228,32.31,0.839,0.71,65.5405,9.5261,3.9323,774295.2599,520312.7796
002881.SZ,20230227,32.26,1.0181,0.77,65.439,9.5114,3.9262,773097.0314,519507.5912
002881.SZ,20230224,32.5,0.684,0.43,65.9259,9.5822,3.9554,778848.5283,523372.4958
002881.SZ,20230223,32.93,1.0041,0.53,66.7981,9.7089,4.0077,789153.2934,530297.1165
002881.SZ,20230222,33.13,1.7082,0.92,67.2038,9.7679,4.0321,793946.2074,533517.8703
002881.SZ,20230221,33.78,1.4611,0.71,68.5223,9.9596,4.1112,809523.178,543985.3202
002881.SZ,20230220,32.78,1.7442,0.81,66.4939,9.6647,3.9895,785558.6079,527881.5511
002881.SZ,20230217,32.7,1.959,1.0,66.3316,9.6411,3.9797,783641.4423,526593.2496
002881.SZ,20230216,33.88,2.5442,1.51,68.7252,9.989,4.1234,811919.635,545595.6971
002881.SZ,20230215,35.28,1.5743,0.98,71.5651,10.4018,4.2937,845470.0331,568140.9738
002881.SZ,20230214,35.1,2.4414,1.68,71.1999,10.3487,4.2718,841156.4105,565242.2954
002881.SZ,20230213,35.34,2.207,1.49,71.6868,10.4195,4.301,846907.9073,569107.2
002881.SZ,20230210,33.81,1.0415,0.6,68.5832,9.9684,4.1148,810242.1151,544468.4333
002881.SZ,20230209,34.23,1.1846,0.61,69.4352,10.0922,4.166,820307.2345,551232.0163
002881.SZ,20230208,33.27,1.1564,0.5,67.4878,9.8092,4.0491,797301.2472,535772.398
002881.SZ,20230207,33.53,1.692,0.69,68.0152,9.8858,4.0808,803532.0355,539959.3779
002881.SZ,20230206,33.32,2.3524,1.03,67.5892,9.8239,4.0552,798499.4757,536577.5864
002881.SZ,20230203,34.75,2.247,1.09,70.49,10.2455,4.2292,832768.811,559605.9762
002881.SZ,20230202,34.1,2.2138,1.18,69.1715,10.0539,4.1501,817191.8404,549138.5263
002881.SZ,20230201,33.6,3.0481,1.94,68.1572,9.9065,4.0893,805209.5554,541086.6418
002881.SZ,20230131,32.62,2.3892,1.86,66.1693,9.6175,3.97,781724.2767,525304.948
002881.SZ,20230130,31.98,1.5533,1.21,64.8711,9.4289,3.8921,766386.9518,514998.5358
002881.SZ,20230120,31.45,1.0941,0.77,63.796,9.2726,3.8276,753685.7296,506463.5382
002881.SZ,20230119,31.7,1.2696,0.89,64.3031,9.3463,3.858,759676.8722,510489.4805
002881.SZ,20230118,31.85,1.5623,0.92,64.6074,9.3905,3.8763,763271.5577,512905.0458
002881.SZ,20230117,30.85,0.9313,0.51,62.5789,9.0957,3.7546,739306.9876,496801.2767
002881.SZ,20230116,30.94,1.5858,0.92,62.7614,9.1222,3.7655,741463.7989,498250.616
002881.SZ,20230113,31.59,1.7484,1.13,64.0799,9.3139,3.8447,757040.7695,508718.0659
002881.SZ,20230112,30.83,1.3082,0.91,62.5383,9.0898,3.7522,738827.6962,496479.2014
002881.SZ,20230111,31.27,2.8718,2.69,63.4308,9.2195,3.8057,749372.107,503564.8598
002881.SZ,20230110,30.0,1.6822,1.76,60.8547,8.8451,3.6511,718937.103,483113.073
002881.SZ,20230109,29.07,1.0303,1.25,58.9682,8.5709,3.538,696650.0528,468136.5677
002881.SZ,20230106,28.66,0.8573,1.15,58.1365,8.45,3.4881,686824.5791,461534.0224
002881.SZ,20230105,28.3,0.7852,1.06,57.4062,8.3439,3.4442,678197.3338,455736.6655
002881.SZ,20230104,28.48,0.9906,1.31,57.7714,8.3969,3.4662,682510.9564,458635.344
002881.SZ,20230103,28.08,1.1069,1.76,56.96,8.279,3.4175,672925.1284,452193.8363
002881.SZ,20221230,26.73,0.3821,0.49,54.2215,7.881,3.2532,640572.9588,430453.748
002881.SZ,20221229,26.63,0.467,0.58,54.0186,7.8515,3.241,638176.5018,428843.3711
002881.SZ,20221228,26.65,0.7681,1.02,54.0592,7.8574,3.2434,638655.7932,429165.4465
002881.SZ,20221227,27.38,1.0656,1.58,55.54,8.0726,3.3323,656149.9293,440921.198
002881.SZ,20221226,28.1,0.4622,0.68,57.0005,8.2849,3.4199,673404.4198,452515.9117
002881.SZ,20221223,28.24,1.1305,1.73,57.2845,8.3262,3.4369,676759.4596,454770.4394
002881.SZ,20221222,27.48,0.6248,0.81,55.7429,8.1021,3.3444,658546.3863,442531.5749
002881.SZ,20221221,28.61,0.491,0.6,58.0351,8.4353,3.482,685626.3506,460728.834
002881.SZ,20221220,29.14,0.6705,0.76,59.1102,8.5915,3.5465,698327.5727,469263.8316
002881.SZ,20221219,28.78,0.4677,0.5,58.3799,8.4854,3.5027,689700.3275,463466.4747
002881.SZ,20221216,29.09,1.0069,1.16,59.0087,8.5768,3.5404,697129.3442,468458.6431
002881.SZ,20221215,29.98,1.2196,1.55,60.8141,8.8392,3.6487,718457.8116,482790.9976
002881.SZ,20221214,29.21,0.7379,0.89,59.2521,8.6122,3.555,700005.0926,470391.0954
002881.SZ,20221213,29.58,0.9553,1.14,60.0027,8.7212,3.6,708871.9836,476349.49
002881.SZ,20221212,29.53,0.7637,0.7,59.9013,8.7065,3.5939,707673.7551,475544.3015
002881.SZ,20221209,29.2,0.66,0.58,59.2319,8.6092,3.5538,699765.4469,470230.0577
002881.SZ,20221208,29.5,0.8279,0.69,59.8404,8.6977,3.5903,706954.818,475061.1885
002881.SZ,20221207,29.89,0.9379,0.76,60.6315,8.8126,3.6378,716301.0003,481341.6584
002881.SZ,20221206,30.31,0.9858,0.79,61.4835,8.9365,3.6889,726366.1197,488105.2414
002881.SZ,20221205,30.49,2.0098,1.99,61.8486,8.9895,3.7108,730679.7423,491003.9199
002881.SZ,20221202,29.8,0.8883,0.9,60.449,8.7861,3.6268,714144.189,479892.3192
002881.SZ,20221201,29.68,1.2046,1.31,60.2055,8.7507,3.6122,711268.4406,477959.8669
002881.SZ,20221130,29.09,1.0808,1.2,59.0087,8.5768,3.5404,697129.3442,468458.6431
002881.SZ,20221129,29.52,1.017,1.09,59.881,8.7036,3.5927,707434.1094,475383.2638
002881.SZ,20221128,28.63,0.8637,0.85,58.0756,8.4412,3.4844,686105.642,461050.9093
002881.SZ,20221125,29.18,0.7833,0.65,59.1913,8.6033,3.5513,699286.1555,469907.9823
002881.SZ,20221124,29.74,0.8364,0.54,60.3272,8.7684,3.6195,712706.3148,478926.093
002881.SZ,20221123,29.52,1.0168,0.61,59.881,8.7036,3.5927,707434.1094,475383.2638
002881.SZ,20221122,29.8,1.1501,0.63,60.449,8.7861,3.6268,714144.189,479892.3192
002881.SZ,20221121,30.4,1.266,0.7,61.666,8.963,3.6998,728522.931,489554.5806
002881.SZ,20221118,30.0,1.7114,0.99,60.8547,8.8451,3.6511,718937.103,483113.073
002881.SZ,20221117,30.5,2.5452,1.75,61.8689,8.9925,3.712,730919.3881,491164.9576
002881.SZ,20221116,30.49,1.6527,1.26,61.8486,8.9895,3.7108,730679.7423,491003.9199
002881.SZ,20221115,30.59,1.8975,1.56,62.0515,9.019,3.7229,733076.1994,492614.2968
002881.SZ,20221114,28.81,1.2523,1.0,58.4408,8.4942,3.5063,690419.2646,463949.5878
002881.SZ,20221111,29.55,1.293,1.03,59.9418,8.7124,3.5964,708153.0465,475866.3769
002881.SZ,20221110,29.51,1.187,0.91,59.8607,8.7006,3.5915,707194.4637,475222.2261
002881.SZ,20221109,30.18,0.9179,0.63,61.2198,8.8981,3.673,723250.7256,486011.7514
002881.SZ,20221108,30.59,1.4242,0.93,62.0515,9.019,3.7229,733076.1994,492614.2968
002881.SZ,20221107,31.46,1.4425,0.98,63.8162,9.2755,3.8288,753925.3753,506624.5759
002881.SZ,20221104,31.14,1.3269,0.82,63.1671,9.1812,3.7899,746256.7129,501471.3698
002881.SZ,20221103,30.61,1.3781,0.78,62.092,9.0249,3.7254,733555.4908,492936.3722
002881.SZ,20221102,30.23,1.7637,0.94,61.3212,8.9129,3.6791,724448.9541,486816.9399
002881.SZ,20221101,30.0,1.769,0.87,60.8547,8.8451,3.6511,718937.103,483113.073
002881.SZ,20221031,28.79,1.1426,0.54,58.4002,8.4883,3.5039,689939.9732,463627.5124
002881.SZ,20221028,28.71,2.0196,0.98,58.2379,8.4647,3.4941,688022.8076,462339.2109
002881.SZ,20221027,29.44,2.0936,1.01,59.6648,9.2969,3.5798,704880.3037,473458.3223
002881.SZ,20221026,30.66,2.3372,0.9,62.1373,9.6822,3.7281,734090.6968,493078.5381
002881.SZ,20221025,29.34,2.5309,0.82,59.4621,9.2653,3.5676,702486.0092,471850.1079
002881.SZ,20221024,30.9,1.5436,0.53,62.6237,9.758,3.7573,739837.0036,496938.2527
002881.SZ,20221021,31.32,1.7936,0.67,63.4749,9.8906,3.8084,749893.0405,503692.7532
002881.SZ,20221020,31.05,2.1304,0.88,62.9277,9.8053,3.7755,743428.4454,499350.5743
002881.SZ,20221019,31.69,4.9625,3.17,64.2248,10.0074,3.8533,758751.9302,509643.1465
002881.SZ,20221018,33.84,4.9332,6.88,68.5821,10.6864,4.1148,810229.2622,544219.7563
002881.SZ,20221017,36.41,0.6175,0.84,73.7906,11.498,4.4273,871762.6311,585550.8667
002881.SZ,20221014,36.15,0.6693,0.92,73.2637,11.4159,4.3957,865537.4654,581369.5092
002881.SZ,20221013,35.93,0.8902,1.26,72.8178,11.3464,4.3689,860270.0174,577831.4375
002881.SZ,20221012,35.0,0.7196,0.97,70.933,11.0527,4.2558,838003.0785,562875.0435
002881.SZ,20221011,33.63,0.6885,0.96,68.1565,10.6201,4.0892,805201.2437,540842.5061
002881.SZ,20221010,33.97,0.6895,0.93,68.8456,10.7274,4.1306,813341.845,546310.4351
002881.SZ,20220930,34.2,0.6553,0.72,69.3117,10.8001,4.1585,818848.7224,550009.3282
002881.SZ,20220929,35.6,0.7879,0.85,72.149,11.2422,4.3288,852368.8456,572524.33
002881.SZ,20220928,34.89,0.8782,0.96,70.7101,11.018,4.2424,835369.3545,561106.0076
002881.SZ,20220927,36.45,0.5623,0.57,73.8717,11.5106,4.4321,872720.3489,586194.1524
002881.SZ,20220926,36.45,0.8235,0.75,73.8717,11.5106,4.4321,872720.3489,586194.1524
002881.SZ,20220923,36.25,1.4773,1.25,73.4664,11.4474,4.4078,867931.7599,582977.7236
002881.SZ,20220922,39.67,0.8784,0.66,80.3975,12.5274,4.8237,949816.6321,637978.6564
002881.SZ,20220921,39.1,0.8416,0.63,79.2423,12.3474,4.7544,936169.1534,628811.8343
002881.SZ,20220920,39.13,0.909,0.65,79.3031,12.3569,4.758,936887.4418,629294.2986
002881.SZ,20220919,38.85,1.3549,0.92,78.7357,12.2685,4.724,930183.4171,624791.2983
002881.SZ,20220916,39.96,1.9327,1.34,80.9853,12.619,4.8589,956760.0862,642642.4782
002881.SZ,20220915,38.84,1.5975,1.13,78.7154,12.2653,4.7227,929943.9877,624630.4768
002881.SZ,20220914,40.35,0.8862,0.57,81.7756,12.7422,4.9064,966097.8348,648914.5144
002881.SZ,20220913,40.84,1.2204,0.79,82.7687,12.8969,4.9659,977829.8779,656794.765
002881.SZ,20220909,41.71,1.7487,1.21,84.5319,13.1717,5.0717,998660.2401,670786.2304
002881.SZ,20220908,39.76,1.7715,1.25,80.5799,12.5559,4.8346,951971.4972,639426.0494
002881.SZ,20220907,39.33,1.4472,0.99,79.7085,12.4201,4.7823,941676.0308,632510.7275
002881.SZ,20220906,39.7,1.6645,1.21,80.4583,12.5369,4.8273,950534.9205,634364.319
002881.SZ,20220905,37.94,1.1409,0.73,76.8914,11.9811,4.6133,908395.3371,606241.3668
002881.SZ,20220902,38.57,1.2563,0.72,78.1682,12.1801,4.6899,923479.3925,616308.1054
002881.SZ,20220901,36.85,1.6285,0.9,74.6823,11.6369,4.4808,882297.5269,588824.3112
002881.SZ,20220831,37.25,1.6547,0.81,75.493,11.7632,4.5294,891874.705,595215.8912
002881.SZ,20220830,38.36,1.2169,0.57,77.7426,12.1138,4.6644,918451.374,612952.5258
002881.SZ,20220829,38.65,2.0505,0.98,78.3303,12.2053,4.6996,925394.8281,617586.4214
002881.SZ,20220826,36.97,2.1738,1.04,74.9255,11.6748,4.4954,885170.6803,590741.7852
002881.SZ,20220825,38.22,1.9332,0.94,77.4589,12.0695,4.6474,915099.3617,610715.4728
002881.SZ,20220824,37.66,2.8191,1.49,76.3239,11.8927,4.5793,901691.3125,601767.2608
002881.SZ,20220823,41.06,1.6443,0.79,83.2146,12.9664,4.9927,983097.3258,656095.6911
002881.SZ,20220822,40.57,1.906,0.91,82.2215,12.8117,4.9331,971365.2827,648266.0056
002881.SZ,20220819,41.38,2.1851,1.02,83.8631,13.0674,5.0316,990759.0682,661208.9551
002881.SZ,20220818,44.11,1.7132,0.77,89.3959,13.9296,5.3636,1056123.3084,704831.4889
002881.SZ,20220817,43.1,2.0076,0.87,87.349,13.6106,5.2407,1031940.9338,688692.7493
002881.SZ,20220816,43.6,2.6567,1.19,88.3623,13.7685,5.3015,1043912.4064,696682.2244
002881.SZ,20220815,41.9,1.9056,0.81,84.917,14.5102,5.0948,1003209.3997,669518.0092
002881.SZ,20220812,42.28,2.464,0.99,85.6871,14.6418,5.141,1012307.7188,675590.0102
002881.SZ,20220811,43.98,2.1038,0.71,89.1324,15.2305,5.3477,1053010.7255,702754.2254
002881.SZ,20220810,44.25,2.381,0.62,89.6796,15.3241,5.3806,1059475.3207,707068.5419
002881.SZ,20220809,47.0,2.2693,0.49,95.2529,16.2764,5.715,1125318.4197,751010.6547
002881.SZ,20220808,44.69,2.4898,0.53,90.5713,15.4764,5.4341,1070010.2165,714099.28
002881.SZ,20220805,43.47,3.1984,0.71,88.0988,15.0539,5.2857,1040799.8235,694604.9608
002881.SZ,20220804,41.95,4.3854,1.12,85.0183,14.5275,5.1009,1004406.5469,670316.9567
002881.SZ,20220803,43.92,6.9908,2.34,89.0108,15.2098,5.3404,1051574.1488,701795.4884
002881.SZ,20220802,40.67,6.298,3.3,82.4242,14.0843,4.9453,973759.5772,649863.9006
002881.SZ,20220801,37.81,2.4532,1.46,76.6279,13.0938,4.5975,905282.7542,604164.1033
002881.SZ,20220729,34.37,2.5011,1.57,69.6562,11.9025,4.1792,822919.0231,549196.5149
002881.SZ,20220728,33.35,1.3276,0.78,67.589,11.5493,4.0552,798497.2191,532897.9858
002881.SZ,20220727,33.6,2.3733,1.32,68.0957,11.6359,4.0856,804482.9554,536892.7234
002881.SZ,20220726,32.22,0.8957,0.4,65.2989,11.158,3.9178,771441.6911,514841.7722
002881.SZ,20220725,31.88,1.3145,0.52,64.6099,11.0402,3.8764,763301.0898,509408.9292
002881.SZ,20220722,32.28,2.0337,0.74,65.4205,11.1788,3.9251,772878.2678,515800.5092
002881.SZ,20220721,33.12,1.8477,0.61,67.1229,11.4697,4.0272,792990.3417,529222.8273
002881.SZ,20220720,33.7,2.9144,1.01,68.2984,11.6705,4.0977,806877.2499,538490.6184
002881.SZ,20220719,34.89,3.0841,1.08,70.7101,12.0826,4.2424,835369.3545,557505.569
002881.SZ,20220718,33.14,2.8179,1.05,67.1634,11.4766,4.0297,793469.2006,529542.4063
002881.SZ,20220715,33.3,2.9881,1.24,67.4877,11.532,4.0491,797300.0718,532099.0383
002881.SZ,20220714,33.18,3.3803,1.57,67.2445,11.4904,4.0345,794426.9184,530181.5643
002881.SZ,20220713,31.48,2.1109,1.01,63.7992,10.9017,3.8278,753723.9117,503017.3491
002881.SZ,20220712,31.04,3.0215,1.61,62.9075,10.7493,3.7743,743189.0159,495986.6111
002881.SZ,20220711,31.87,1.8722,0.97,64.5896,11.0368,3.8752,763061.6603,509249.1397
002881.SZ,20220708,31.53,1.6883,0.84,63.9005,10.919,3.8339,754921.059,503816.2967
002881.SZ,20220707,32.62,2.0421,0.91,66.1096,11.2965,3.9664,781018.8692,521233.3523
002881.SZ,20220706,31.55,1.8198,0.67,63.9411,10.926,3.8363,755399.9179,504135.8757
002881.SZ,20220705,30.77,1.9651,0.63,62.3603,10.6558,3.7415,736724.4207,491672.2946
002881.SZ,20220704,31.34,2.1329,0.64,63.5155,10.8532,3.8108,750371.8994,500780.2961
002881.SZ,20220701,32.49,2.0822,0.62,65.8461,11.2515,3.9506,777906.2863,519156.0887
002881.SZ,20220630,32.06,3.1819,1.03,64.9747,11.1026,3.8983,767610.8199,512285.1402
002881.SZ,20220629,30.6,4.3005,1.78,62.0157,10.597,3.7208,732654.1201,488955.8731
002881.SZ,20220628,33.48,3.9765,2.06,67.8525,11.5943,4.071,801609.8019,534975.2493
002881.SZ,20220627,34.05,3.2016,1.94,69.0077,11.7917,4.1403,815257.2807,544083.2509
002881.SZ,20220624,36.81,2.0318,1.29,74.6013,12.7475,4.4759,881339.8091,588185.1532
002881.SZ,20220623,35.45,2.004,1.34,71.845,12.2766,4.3105,848777.4038,566453.781
002881.SZ,20220622,34.78,0.8714,0.53,70.4872,12.0445,4.2291,832735.6306,555747.8845
002881.SZ,20220621,35.2,1.5315,0.91,71.3384,12.19,4.2801,842791.6675,562459.0435
002881.SZ,20220620,36.78,1.8105,0.99,74.5405,12.7371,4.4723,880621.5208,587705.7847
002881.SZ,20220617,35.42,1.6704,0.83,71.7842,12.2662,4.3069,848059.1154,565974.4125
002881.SZ,20220616,34.61,1.5693,0.78,70.1426,11.9857,4.2084,828665.3299,553031.463
002881.SZ,20220615,33.72,1.6887,0.81,68.3389,11.6774,4.1002,807356.1088,538810.1974
002881.SZ,20220614,34.52,1.6986,0.76,69.9602,11.9545,4.1975,826510.4649,551593.3575
002881.SZ,20220613,35.19,2.5031,1.03,71.3181,12.1865,4.2789,842552.2381,562299.254
002881.SZ,20220610,33.89,2.6531,1.14,68.6834,11.7363,4.1209,811426.4094,541526.6189
002881.SZ,20220609,41.8,2.0196,0.63,65.3496,10.7797,3.9208,772040.984,515967.914
002881.SZ,20220608,44.59,2.5429,0.82,69.7115,11.4992,4.1825,823571.9492,550406.9207
002881.SZ,20220607,44.1,3.2849,1.1,68.9454,11.3728,4.1366,814521.708,544358.493
002881.SZ,20220606,45.0,4.4536,1.84,70.3525,11.6049,4.221,831144.6,555467.85
002881.SZ,20220602,40.91,2.7077,1.08,63.9582,10.5502,3.8373,755602.7908,504981.9943
002881.SZ,20220601,39.41,3.0138,1.11,61.6131,10.1634,3.6966,727897.9708,486466.3993
002881.SZ,20220531,37.75,2.034,0.65,59.0339,9.7282,3.5419,697426.72,466098.495
002881.SZ,20220530,37.61,2.6976,0.73,58.815,9.6921,3.5288,694840.2368,464369.9178
002881.SZ,20220527,38.82,1.6727,0.39,60.7072,10.004,3.6423,717194.8416,479309.7636
002881.SZ,20220526,39.0,3.1011,0.7,60.9887,10.0504,3.6592,720520.32,481532.22
002881.SZ,20220525,38.35,4.1102,1.01,59.9722,9.8828,3.5982,708511.648,473506.683
002881.SZ,20220524,40.55,4.1808,1.22,63.4126,10.4498,3.8046,749156.384,500670.039
002881.SZ,20220523,39.21,5.3257,2.14,61.3171,10.1045,3.6789,724400.0448,484125.0858
002881.SZ,20220520,39.2,4.7711,2.79,61.3014,10.1019,3.6779,724215.296,484001.616
002881.SZ,20220519,36.88,3.7879,3.24,57.6734,9.504,3.4603,681353.5744,455356.6224
002881.SZ,20220518,35.08,2.3381,2.3,54.8585,9.0402,3.2914,648098.7904,433132.0584
002881.SZ,20220517,31.89,0.8662,0.85,49.87,8.2181,2.9921,589163.9232,393745.1922
002881.SZ,20220516,31.37,0.6954,0.66,49.0568,8.0841,2.9433,579556.9856,387324.7626
002881.SZ,20220513,31.56,0.8674,0.77,49.3539,8.1331,2.9611,583067.2128,389670.6888
002881.SZ,20220512,31.21,1.0722,0.88,48.8066,8.0429,2.9283,576601.0048,385349.2458
002881.SZ,20220511,31.17,1.5717,1.26,48.744,8.0325,2.9245,575862.0096,384855.3666
002881.SZ,20220510,30.45,0.897,0.69,47.6181,7.847,2.857,562560.096,375965.541
002881.SZ,20220509,29.29,0.8681,0.62,45.8041,7.5481,2.7481,541129.2352,361643.0442
002881.SZ,20220506,29.89,1.2076,0.87,46.7423,7.7027,2.8044,552214.1632,369051.2322
002881.SZ,20220505,29.82,1.5695,1.25,46.6329,7.6847,2.7979,550920.9216,368186.9436
002881.SZ,20220429,28.6,1.6944,1.51,44.725,7.3703,2.6834,528381.568,353123.628
002881.SZ,20220428,27.15,1.1916,1.04,42.4575,6.9966,2.5474,501592.992,335220.507
002881.SZ,20220427,27.75,1.3388,1.27,186.779,7.4349,4.5726,512521.1325,342471.9075
002881.SZ,20220426,26.06,1.165,1.21,175.404,6.9821,4.2942,481308.1338,321615.0598
002881.SZ,20220425,26.89,0.9062,0.84,180.9905,7.2045,4.4309,496637.5947,331858.3637
002881.SZ,20220422,29.27,1.0031,0.82,197.0098,7.8421,4.8231,540594.3621,361230.7291
002881.SZ,20220421,29.75,1.2934,1.11,200.2405,7.9707,4.9022,549459.5925,367154.5675
002881.SZ,20220420,30.38,0.8932,0.79,204.4809,8.1395,5.006,561095.2074,374929.6054
002881.SZ,20220419,30.66,0.7153,0.6,206.3655,8.2145,5.0521,566266.5918,378385.1778
002881.SZ,20220418,30.77,1.5214,1.31,207.1059,8.244,5.0703,568298.2071,379742.7241
002881.SZ,20220415,29.55,1.706,1.45,198.8944,7.9171,4.8692,545765.7465,364686.3015
002881.SZ,20220414,30.0,0.995,0.8,201.9232,8.0377,4.9434,554076.9,370239.9
002881.SZ,20220413,29.44,0.6807,0.5,198.154,7.8877,4.8511,543734.1312,363328.7552
002881.SZ,20220412,30.78,1.0412,0.71,207.1732,8.2467,5.0719,568482.8994,379866.1374
002881.SZ,20220411,30.62,1.3908,0.97,206.0963,8.2038,5.0455,565527.8226,377891.5246
002881.SZ,20220408,32.48,1.7951,1.41,218.6155,8.7022,5.352,599880.5904,400846.3984
002881.SZ,20220407,33.67,1.3323,1.17,226.6252,9.6613,5.5481,621858.9741,415532.5811
002881.SZ,20220406,34.3,1.2911,1.21,230.8656,9.8421,5.6519,633494.589,423307.619
002881.SZ,20220401,34.88,1.5421,1.48,234.7694,10.0085,5.7475,644206.7424,430465.5904
002881.SZ,20220331,36.17,1.2027,1.1,243.4521,10.3786,5.9601,668032.0491,446385.9061
002881.SZ,20220330,37.9,0.9911,0.93,255.0963,10.8751,6.2451,699983.817,467736.407
002881.SZ,20220329,37.0,0.6517,0.6,249.0386,10.6168,6.0968,683361.51,456629.21
002881.SZ,20220328,36.84,0.9615,0.91,247.9617,10.5709,6.0705,680406.4332,454654.5972
002881.SZ,20220325,38.29,1.4162,1.4,257.7213,10.987,6.3094,707186.8167,472549.5257
002881.SZ,20220324,37.28,1.7289,1.38,250.7479,10.6897,6.1387,688051.6096,386035.7048
002881.SZ,20220323,38.76,0.9883,0.65,260.7024,11.114,6.3824,715366.9632,401361.1566
002881.SZ,20220322,38.7,0.9281,0.56,260.2989,11.0968,6.3725,714259.584,400739.8545
002881.SZ,20220321,39.32,0.9691,0.51,264.469,11.2746,6.4746,725702.5024,407159.9762
002881.SZ,20220318,39.75,1.3978,0.68,267.3613,11.3979,6.5454,733638.72,411612.6413
002881.SZ,20220317,39.31,2.0004,0.93,264.4018,11.2718,6.473,725517.9392,407056.4259
002881.SZ,20220316,37.5,2.3503,1.07,252.2276,10.7528,6.1749,692112.0,388313.8125
002881.SZ,20220315,36.51,1.5165,0.62,245.5688,10.4689,6.0119,673840.2432,378062.3279
002881.SZ,20220314,38.22,2.1986,0.97,257.0704,10.9592,6.2935,705400.5504,395769.4377
002881.SZ,20220311,41.37,2.2784,1.07,278.2575,11.8624,6.8122,763537.9584,428387.798
002881.SZ,20220310,43.48,2.3913,1.14,292.4495,12.4675,7.1596,802480.7936,450236.9218
002881.SZ,20220309,44.5,2.5556,1.38,299.3101,12.7599,7.3276,821306.24,460799.0575
002881.SZ,20220308,44.09,2.8245,1.62,296.5524,12.6424,7.26,813739.1488,456553.4932
002881.SZ,20220307,41.48,1.2494,0.7,278.9974,11.894,6.8303,765568.1536,429526.8518
002881.SZ,20220304,42.57,1.6086,0.85,286.3288,12.2065,7.0098,785685.5424,440813.84
002881.SZ,20220303,43.0,2.2114,1.08,289.221,12.3298,7.0806,793621.76,445266.505
002881.SZ,20220302,44.63,1.3719,0.63,300.1845,12.7972,7.349,823705.5616,462145.2121
002881.SZ,20220301,46.1,2.2515,1.0,310.0718,13.2187,7.591,850836.352,477367.1135
002881.SZ,20220228,45.5,1.5041,0.61,306.0362,13.0467,7.4922,839762.56,471154.0925
002881.SZ,20220225,45.87,2.125,0.79,308.5248,13.1528,7.5531,846591.3984,474985.4555
002881.SZ,20220224,45.0,2.9589,1.04,302.6731,12.9033,7.4099,830534.4,465976.575
002881.SZ,20220223,47.9,2.0721,0.71,322.1787,13.7349,7.8874,884057.728,496006.1765
002881.SZ,20220222,46.25,2.6123,0.85,311.0807,13.2617,7.6157,853604.8,478920.3688
002881.SZ,20220221,46.21,2.501,0.78,310.8117,13.2503,7.6091,852866.5472,478506.1674
002881.SZ,20220218,45.7,3.2881,0.99,307.3814,13.104,7.5252,843453.824,473225.0995
002881.SZ,20220217,45.86,3.7851,1.02,308.4575,13.1499,7.5515,846406.8352,474881.9051
002881.SZ,20220216,43.53,2.4272,0.66,292.7858,12.4818,7.1678,803403.6096,450754.6736
002881.SZ,20220215,43.24,3.305,0.98,290.8352,12.3986,7.1201,798051.2768,447751.7134
002881.SZ,20220214,41.79,3.1666,1.0,281.0824,11.9829,6.8813,771289.6128,432736.9127
002881.SZ,20220211,41.54,3.8437,1.32,279.4009,11.9112,6.8402,766675.5328,430148.1539
002881.SZ,20220210,43.3,5.8029,2.65,291.2388,12.4158,7.13,799158.656,448373.0155
002881.SZ,20220209,41.14,2.2295,0.88,276.7105,11.7965,6.7743,759293.0048,426006.1399
002881.SZ,20220208,37.4,1.8474,0.63,251.555,10.7241,6.1584,690266.368,387278.309
002881.SZ,20220207,38.35,2.0543,0.66,257.9448,10.9965,6.3149,707799.872,397115.5923
002881.SZ,20220128,38.25,2.6066,0.9,257.2722,10.9678,6.2984,705954.24,396080.0888
002881.SZ,20220127,37.07,2.198,0.79,249.3354,10.6295,6.1041,684175.7824,383861.1475
002881.SZ,20220126,38.78,4.0271,1.67,260.837,11.1198,6.3857,715736.0896,401568.2573
002881.SZ,20220125,40.43,3.7352,1.5,271.935,11.5929,6.6574,746189.0176,418654.0651
002881.SZ,20220124,39.88,3.0807,1.2,268.2356,11.4352,6.5668,736038.0416,412958.7958
002881.SZ,20220121,38.07,1.3841,0.52,256.0615,10.9162,6.2688,702632.1024,394216.1825
002881.SZ,20220120,38.63,1.7192,0.66,259.8281,11.0768,6.361,712967.6416,400015.0021
002881.SZ,20220119,40.2,2.1307,0.86,270.388,11.527,6.6195,741944.064,416272.407
002881.SZ,20220118,41.16,4.1295,2.01,276.845,11.8022,6.7776,759662.1312,426213.2406
002881.SZ,20220117,40.8,3.4703,1.99,274.4236,11.699,6.7183,753017.856,422485.428
002881.SZ,20220114,38.21,1.8985,1.09,257.0031,10.9563,6.2918,705215.9872,395665.8874
002881.SZ,20220113,37.85,1.3411,0.72,254.5817,10.8531,6.2325,698571.712,391938.0748
002881.SZ,20220112,38.76,1.6167,0.8,260.7024,11.114,6.3824,715366.9632,401361.1566
002881.SZ,20220111,38.05,1.9299,0.84,255.9269,10.9105,6.2655,702262.976,394009.0818
002881.SZ,20220110,39.72,1.914,0.74,267.1595,11.3893,6.5405,733085.0304,411301.9902
002881.SZ,20220107,38.17,1.8829,0.68,256.7341,10.9449,6.2852,704477.7344,395251.686
002881.SZ,20220106,39.85,1.9856,0.67,268.0339,11.4266,6.5619,735484.352,412648.1448
002881.SZ,20220105,39.69,2.4458,0.85,266.9577,11.3807,6.5355,732531.3408,410991.3392
002881.SZ,20220104,41.06,3.2944,1.33,276.1724,11.7736,6.7611,757816.4992,425177.7371
002881.SZ,20211231,42.88,3.3691,1.47,288.4139,12.2954,7.0608,791407.0016,444023.9008
002881.SZ,20211230,45.55,2.7868,1.23,306.3725,13.061,7.5005,840685.376,471671.8443
002881.SZ,20211229,43.67,2.9533,1.43,293.7274,12.5219,7.1909,805987.4944,452204.3785
002881.SZ,20211228,43.44,1.9246,0.95,292.1805,12.456,7.153,801742.5408,449822.7204
002881.SZ,20211227,43.2,1.3829,0.69,290.5662,12.3872,7.1135,797313.024,447337.512
002881.SZ,20211224,43.08,2.3877,1.23,289.7591,12.3528,7.0937,795098.2656,446094.9078
002881.SZ,20211223,45.11,2.7131,1.57,303.413,12.9348,7.428,832564.5952,467115.6289
002881.SZ,20211222,45.42,1.9067,1.09,305.4981,13.0237,7.4791,838286.0544,470325.6897
002881.SZ,20211221,44.92,1.6894,0.96,302.135,12.8804,7.3967,829057.8944,465148.1722
002881.SZ,20211220,43.8,1.3475,0.68,294.6018,12.5592,7.2123,808386.816,453550.533
002881.SZ,20211217,44.92,2.0373,0.97,302.135,12.8804,7.3967,829057.8944,465148.1722
002881.SZ,20211216,45.9,1.6775,0.77,308.7266,13.1614,7.5581,847145.088,475296.1065
002881.SZ,20211215,46.99,1.9682,0.86,316.058,13.4739,7.7376,867262.4768,486583.0947
002881.SZ,20211214,46.82,1.7308,0.6,314.9146,13.4252,7.7096,864124.9024,484822.7387
002881.SZ,20211213,47.49,2.4618,0.82,319.421,13.6173,7.8199,876490.6368,491760.6122
002881.SZ,20211210,46.21,2.7006,0.91,310.8117,13.2503,7.6091,852866.5472,478506.1674
002881.SZ,20211209,47.4,1.976,0.63,318.8157,13.5915,7.8051,874829.568,490828.659
002881.SZ,20211208,47.34,2.5986,0.83,318.4121,13.5743,7.7952,873722.1888,490207.3569
002881.SZ,20211207,46.59,4.7138,1.74,313.3676,13.3592,7.6717,859879.9488,482441.0807
002881.SZ,20211206,49.9,2.9526,1.08,335.6309,14.3083,8.2167,920970.368,516716.2465
002881.SZ,20211203,50.42,2.5701,0.89,339.1284,14.4574,8.3024,930567.6544,522100.8647
002881.SZ,20211202,50.39,2.8681,0.9,338.9266,14.4488,8.2974,930013.9648,521790.2137
002881.SZ,20211201,51.5,2.5868,0.8,346.3926,14.7671,8.4802,950500.48,533284.3025
002881.SZ,20211130,51.66,2.5989,0.78,347.4687,14.813,8.5066,953453.4912,534941.1081
002881.SZ,20211129,52.63,3.1079,0.94,353.993,15.0911,8.6663,971356.1216,544985.4921
002881.SZ,20211126,51.61,3.2701,0.95,347.1324,14.7987,8.4983,952530.6752,534423.3564
002881.SZ,20211125,53.1,4.4435,1.34,357.1543,15.2259,8.7437,980030.592,549852.3585
002881.SZ,20211124,49.75,2.7589,0.8,334.6219,14.2653,8.192,918201.92,515162.9913
002881.SZ,20211123,51.3,3.0603,0.79,345.0474,14.7098,8.4473,946809.216,531213.2955
002881.SZ,20211122,50.81,2.9899,0.76,341.7516,14.5693,8.3666,937765.6192,526139.3284
002881.SZ,20211119,49.21,3.9537,0.93,330.9899,14.1105,8.1031,908235.5072,509571.2724
002881.SZ,20211118,47.38,3.7704,0.86,318.6812,13.5857,7.8018,874460.4416,490621.5583
002881.SZ,20211117,49.99,3.5517,0.85,336.2362,14.3341,8.2316,922631.4368,517648.1997
002881.SZ,20211116,50.81,5.0009,1.34,341.7516,14.5693,8.3666,937765.6192,526139.3284
002881.SZ,20211115,47.43,3.4838,0.91,319.0175,13.6001,7.81,875383.2576,491139.3101
002881.SZ,20211112,48.61,5.5495,1.57,326.9542,13.9384,8.0043,897161.7152,503358.2514
002881.SZ,20211111,48.28,4.2452,1.05,324.7346,13.8438,7.95,891071.1296,499941.0898
002881.SZ,20211110,43.89,2.7291,0.57,295.2072,12.585,7.2271,810047.8848,454482.4862
002881.SZ,20211109,42.78,2.6771,0.49,287.7412,12.2667,7.0443,789561.3696,442988.3973
002881.SZ,20211108,43.44,3.973,0.72,292.1805,12.456,7.153,801742.5408,449822.7204
002881.SZ,20211105,41.42,4.0889,0.74,278.5938,11.8768,6.8204,764460.7744,428905.5497
002881.SZ,20211104,42.1,6.7165,1.33,283.1675,12.0718,6.9324,777011.072,435946.9735
002881.SZ,20211103,42.08,6.4462,1.49,283.033,12.066,6.9291,776641.9456,435739.8728
002881.SZ,20211102,38.91,6.2191,1.66,261.7114,11.1571,6.4071,718135.4112,402914.4119
002881.SZ,20211101,37.42,4.2207,1.08,251.6895,10.7298,6.1617,690635.4944,387485.4097
002881.SZ,20211029,36.42,4.0848,0.99,244.9634,10.4431,5.9971,672179.1744,377130.3747
002881.SZ,20211028,36.1,4.2154,0.99,242.7148,11.2077,5.942,666008.9,373552.5115
002881.SZ,20211027,36.2,2.9285,0.55,243.3871,11.2388,5.9585,667853.8,374587.283
002881.SZ,20211026,36.22,3.3173,0.56,243.5216,11.245,5.9618,668222.78,374794.2373
002881.SZ,20211025,36.45,4.9442,0.84,245.068,11.3164,5.9996,672466.05,377174.2118
002881.SZ,20211022,36.99,5.1758,0.85,248.6986,11.4841,6.0885,682428.51,382761.9779
002881.SZ,20211021,36.33,4.9092,0.83,244.2612,11.2792,5.9799,670252.17,375932.486
002881.SZ,20211020,35.96,8.2575,1.47,241.7735,11.1643,5.919,663426.04,372103.8314
002881.SZ,20211019,36.08,6.4806,1.06,242.5803,11.2015,5.9387,665639.92,373345.5572
002881.SZ,20211018,32.8,4.5211,0.72,220.5276,10.1832,5.3988,605127.2,339405.052
002881.SZ,20211015,32.28,6.1344,1.09,217.0314,10.0218,5.3133,595533.72,334024.2402
002881.SZ,20211014,31.0,4.3187,0.83,208.4255,9.6244,5.1026,571919.0,320779.165
002881.SZ,20211013,31.2,6.6342,1.52,209.7701,9.6865,5.1355,575608.8,322848.708
002881.SZ,20211012,31.93,8.8714,3.15,214.6782,9.9131,5.2556,589076.57,330402.54
002881.SZ,20211011,30.53,5.6261,2.72,205.2655,9.4785,5.0252,563247.97,315915.739
002881.SZ,20211008,27.75,2.7075,1.43,186.5744,8.6154,4.5676,511959.75,287149.0913
002881.SZ,20210930,27.3,2.1113,1.14,183.5489,8.4757,4.4936,503657.7,282492.6195
002881.SZ,20210929,26.98,2.5243,1.38,181.3974,8.3763,4.4409,497754.02,279181.3507
002881.SZ,20210928,26.27,1.0919,0.51,176.6238,8.1559,4.324,484655.23,271834.4731
002881.SZ,20210927,26.54,1.9239,0.88,178.4391,8.2397,4.3685,489636.46,274628.3561
002881.SZ,20210924,26.42,1.8072,0.67,177.6323,8.2025,4.3487,487422.58,273386.6303
002881.SZ,20210923,26.48,1.9223,0.6,178.0357,8.2211,4.3586,488529.52,274007.4932
002881.SZ,20210922,26.07,2.4187,0.81,175.2791,8.0938,4.2911,480965.43,269764.9301
002881.SZ,20210917,26.92,2.629,0.93,180.994,8.3577,4.431,496647.08,278560.4878
002881.SZ,20210916,28.23,2.2071,0.84,189.8016,8.7644,4.6466,520815.27,292115.9945
002881.SZ,20210915,29.08,4.2947,2.13,195.5165,9.0283,4.7865,536496.92,300911.5522
002881.SZ,20210914,30.92,4.4914,2.85,207.8876,9.5995,5.0894,570443.08,319951.3478
002881.SZ,20210913,28.11,1.2195,0.74,188.9948,8.7271,4.6269,518601.39,290874.2687
002881.SZ,20210910,28.53,1.9496,1.08,191.8187,8.8575,4.696,526349.97,295220.309
002881.SZ,20210909,29.06,1.1886,0.55,195.3821,9.0221,4.7832,536127.94,300704.5979
002881.SZ,20210908,29.66,1.2251,0.49,199.4161,9.2084,4.882,547197.34,306913.2269
002881.SZ,20210907,29.9,2.2952,0.88,201.0297,9.2829,4.9215,551625.1,309396.6785
002881.SZ,20210906,29.3,1.5622,0.52,196.9957,9.0966,4.8227,540555.7,303188.0495
002881.SZ,20210903,29.07,2.7521,0.9,195.4493,9.0252,4.7849,536312.43,300808.0751
002881.SZ,20210902,28.84,2.9565,1.02,193.9029,8.9538,4.747,532069.16,298428.1006
002881.SZ,20210901,29.98,3.0057,1.08,201.5676,9.3077,4.9347,553101.02,310224.4957
002881.SZ,20210831,31.33,2.7341,0.94,210.6442,9.7268,5.1569,578007.17,324193.911
002881.SZ,20210830,32.21,3.6246,1.28,216.5608,10.0,5.3017,594242.29,333299.9002
002881.SZ,20210827,31.77,3.0359,1.06,213.6025,9.8634,5.2293,586124.73,325851.7055
002881.SZ,20210826,31.23,2.1277,0.74,209.9718,9.6958,5.1404,576162.27,320313.1496
002881.SZ,20210825,31.52,2.4395,0.8,211.9216,10.3177,5.1882,581512.48,323287.5592
002881.SZ,20210824,31.5,3.3984,1.12,211.7872,10.3112,5.1849,581143.5,323082.4275
002881.SZ,20210823,32.6,3.3276,1.02,219.1829,10.6712,5.3659,601437.4,334364.671
002881.SZ,20210820,32.04,3.0147,0.83,215.4178,10.4879,5.2738,591105.96,328620.9834
002881.SZ,20210819,31.48,2.1064,0.5,211.6527,10.3046,5.1816,580774.52,322877.2958
002881.SZ,20210818,31.5,3.4183,0.68,211.7872,10.3112,5.1849,581143.5,323082.4275
002881.SZ,20210817,31.09,3.2962,0.58,209.0306,10.1769,5.1174,573579.41,318877.2277
002881.SZ,20210816,31.33,4.5116,0.64,210.6442,10.2555,5.1569,578007.17,321338.8081
002881.SZ,20210813,33.5,4.8417,0.63,225.234,10.9658,5.5141,618041.5,343595.5975
002881.SZ,20210812,33.41,4.9121,0.65,224.6289,10.9364,5.4993,616381.09,342672.5049
002881.SZ,20210811,33.72,7.568,1.09,226.7131,11.0378,5.5503,622100.28,345852.0462
002881.SZ,20210810,32.25,6.7383,0.98,216.8297,10.5567,5.3083,594980.25,330774.8663
002881.SZ,20210809,32.68,11.0036,1.78,219.7208,10.6974,5.3791,602913.32,335185.1978
002881.SZ,20210806,31.34,8.4852,1.46,210.7114,10.2588,5.1585,578191.66,321441.3739
002881.SZ,20210805,28.49,3.9258,0.55,191.5497,9.3259,4.6894,525612.01,292210.1067
002881.SZ,20210804,29.67,4.3163,0.53,199.5363,9.7044,4.8849,547527.213,318922.6817
002881.SZ,20210803,29.13,6.2161,0.71,195.9047,9.5277,4.796,537562.107,313118.2244
002881.SZ,20210802,31.28,7.0661,0.85,210.3639,10.231,5.15,577237.992,336228.5636
002881.SZ,20210730,29.08,6.3898,0.74,195.5684,9.5114,4.7878,536639.412,312580.7746
002881.SZ,20210729,30.08,9.8075,1.24,202.2936,9.8385,4.9525,555093.312,323329.7696
002881.SZ,20210728,30.59,11.138,1.75,205.7235,10.0053,5.0364,564504.801,328811.7571
002881.SZ,20210727,31.2,9.2844,1.8,209.8258,10.2048,5.1369,575761.68,335368.644
002881.SZ,20210726,28.95,4.9829,0.97,194.6942,9.4689,4.7664,534240.405,311183.4053
002881.SZ,20210723,30.28,8.2465,1.94,203.6387,9.9039,4.9854,558784.092,325479.5686
002881.SZ,20210722,29.1,5.7996,1.27,195.703,9.5179,4.7911,537008.49,312795.7545
002881.SZ,20210721,27.93,3.5335,0.62,187.8345,9.1353,4.5985,515417.427,300219.4304
002881.SZ,20210720,27.57,3.2277,0.47,185.4134,9.0175,4.5392,508774.023,296349.7922
002881.SZ,20210719,27.89,4.8399,0.68,187.5655,9.1222,4.5919,514679.271,299789.4706
002881.SZ,20210716,27.03,3.9041,0.56,181.7818,8.8409,4.4503,498808.917,290545.3349
002881.SZ,20210715,27.77,7.2901,1.11,186.7585,9.0829,4.5721,512464.803,298499.5912
002881.SZ,20210714,29.38,9.1311,1.55,197.586,9.6095,4.8372,542175.582,315805.4731
002881.SZ,20210713,30.37,9.371,1.68,204.2439,9.9333,5.0002,560444.943,326446.9782
002881.SZ,20210712,28.81,6.0315,1.15,193.7526,9.4231,4.7434,531656.859,309678.546
002881.SZ,20210709,28.03,3.2754,0.56,188.507,9.168,4.6149,517262.817,301294.3299
002881.SZ,20210708,28.22,5.1397,0.84,189.7848,9.2301,4.6462,520769.058,303336.6389
002881.SZ,20210707,28.75,5.6937,0.96,193.3491,9.4035,4.7335,530549.625,309033.6063
002881.SZ,20210706,28.51,7.7237,1.38,191.7351,9.325,4.694,526120.689,306453.8475
002881.SZ,20210705,27.58,4.4124,0.7,185.4807,9.0208,4.5408,508958.562,296457.2821
002881.SZ,20210702,27.03,6.0999,0.95,181.7818,8.8409,4.4503,498808.917,290545.3349
002881.SZ,20210701,28.5,6.8345,1.0,191.6678,9.3217,4.6923,525936.15,306346.3575
002881.SZ,20210630,27.6,4.6433,0.58,185.6152,9.0273,4.5441,509327.64,296672.262
002881.SZ,20210629,27.06,6.0492,0.62,181.9836,8.8507,4.4552,499362.534,290867.8047
002881.SZ,20210628,28.78,7.9319,0.74,193.5509,9.4133,4.7384,531103.242,309356.0761
002881.SZ,20210625,27.41,6.742,0.58,184.3374,8.9652,4.5129,505821.399,294629.953
002881.SZ,20210624,28.46,8.8221,0.68,191.3988,9.3086,4.6857,525197.994,305916.3977
002881.SZ,20210623,30.7,10.795,0.76,206.4633,10.0413,5.0545,566534.73,329994.1465
002881.SZ,20210622,31.68,14.6756,1.05,213.0539,10.3618,5.2159,584619.552,340528.1616
002881.SZ,20210621,30.0,12.8334,1.03,201.7556,9.8123,4.9393,553617.0,322469.85
002881.SZ,20210618,29.02,11.4124,1.02,195.1649,9.4918,4.7779,535532.178,311935.8349
002881.SZ,20210617,30.23,14.9277,1.56,203.3024,9.8875,4.9771,557861.397,324942.1189
002881.SZ,20210616,29.85,16.9294,2.51,200.7468,9.7632,4.9146,550848.915,320857.5008
002881.SZ,20210615,31.44,13.9635,2.64,211.4399,10.2833,5.1764,580190.616,337948.4028
002881.SZ,20210611,34.93,5.3663,1.08,234.9108,11.4248,5.751,644594.727,375462.3954
002881.SZ,20210610,31.77,4.5508,0.95,213.6592,10.3245,5.2307,586280.403,341495.5712
002881.SZ,20210609,28.88,7.0756,1.95,194.2234,9.3853,4.7549,532948.632,310430.9756
002881.SZ,20210608,26.25,2.8245,0.83,176.5362,8.5306,4.3219,484414.875,282161.1188
002881.SZ,20210607,23.86,6.5917,2.54,160.463,7.7539,3.9284,440310.054,256471.0207
002881.SZ,20210604,21.69,3.7527,1.58,145.8693,7.0487,3.5711,400265.091,233145.7016
002881.SZ,20210603,21.79,3.6145,1.67,146.5418,7.0812,3.5876,402110.481,234220.6011
002881.SZ,20210602,20.57,1.3963,0.67,138.3371,6.6848,3.3867,379596.723,221106.8272
002881.SZ,20210601,20.97,1.7163,0.88,141.0272,6.8148,3.4526,386978.283,225406.4252
002881.SZ,20210531,21.2,2.5143,1.43,142.574,6.8895,3.4904,391222.68,227878.694
002881.SZ,20210528,20.89,2.6716,1.92,140.4892,6.7888,3.4394,385501.971,224546.5056
002881.SZ,20210527,20.56,2.539,2.35,138.2699,6.6815,3.3851,379412.184,220999.3372
002881.SZ,20210526,19.59,0.9204,0.84,131.7464,6.3663,3.2253,361511.901,210572.8121
002881.SZ,20210525,19.61,1.0581,0.98,131.8809,6.3728,3.2286,361880.979,210787.792
002881.SZ,20210524,19.77,1.5898,1.6,132.957,6.4248,3.255,364833.603,212507.6312
002881.SZ,20210521,19.08,0.8334,0.76,128.3166,6.2006,3.1414,352100.412,205090.8246
002881.SZ,20210520,19.43,0.998,0.83,130.6704,6.3143,3.199,358559.277,208852.9729
002881.SZ,20210519,18.99,1.0289,0.82,127.7113,6.1713,3.1266,350439.561,204123.4151
002881.SZ,20210518,19.3,0.9265,0.67,129.7961,6.2721,3.1776,356160.27,207455.6035
002881.SZ,20210517,19.6,1.1757,0.86,131.8137,6.3695,3.227,361696.44,210680.302
002881.SZ,20210514,19.72,1.3428,1.08,132.6207,6.4085,3.2468,363910.908,211970.1814
002881.SZ,20210513,19.29,1.5075,1.31,129.7289,6.2688,3.176,355975.731,207348.1136
002881.SZ,20210512,20.09,1.3405,1.24,135.109,6.5288,3.3077,370738.851,215947.3096
002881.SZ,20210511,20.39,1.5333,1.55,137.1266,6.6263,3.3571,376275.021,219172.0081
002881.SZ,20210510,19.52,1.1045,1.01,131.2757,6.3435,3.2138,360220.128,209820.3824
002881.SZ,20210507,19.25,0.7039,0.62,129.4599,6.2558,3.1694,355237.575,206918.1538
002881.SZ,20210506,19.57,1.0667,0.98,131.6119,6.3598,3.2221,361142.823,210357.8322
002881.SZ,20210430,20.08,1.0025,0.85,135.0418,6.5255,3.306,370554.312,215839.8196
002881.SZ,20210429,20.15,1.0716,0.78,135.5125,6.5483,3.3175,371846.085,216592.2493
002881.SZ,20210428,20.0,1.6149,1.04,134.5037,6.4995,3.2929,369078.0,214979.9
002881.SZ,20210427,20.34,0.8924,0.48,153.4979,6.4574,4.0238,375352.326,218634.5583
002881.SZ,20210426,20.22,0.8666,0.34,152.5923,6.4193,4.0,373137.858,217344.6789
002881.SZ,20210423,20.47,1.48,0.55,154.479,6.4987,4.0495,377751.333,220031.9277
002881.SZ,20210422,20.91,2.0208,0.72,157.7995,6.6384,4.1365,385871.049,224761.4855
002881.SZ,20210421,21.1,2.5327,0.78,159.2333,6.6987,4.1741,389377.29,226803.7945
002881.SZ,20210420,21.9,2.3378,0.73,165.2706,6.9526,4.3324,404140.41,235402.9905
002881.SZ,20210419,22.47,4.2473,1.5,169.5722,7.1336,4.4451,414659.133,241529.9177
002881.SZ,20210416,21.32,2.2345,0.83,160.8936,6.7685,4.2176,393437.148,229168.5734
002881.SZ,20210415,20.7,2.7249,1.14,156.2147,6.5717,4.095,381995.73,222504.1965
002881.SZ,20210414,21.15,4.694,2.59,159.6107,6.7145,4.184,390299.985,227341.2443
002881.SZ,20210413,19.8,2.0287,1.11,149.4227,6.286,3.917,365387.22,212830.101
002881.SZ,20210412,19.75,2.5043,1.22,149.0454,6.2701,3.9071,364464.525,212292.6513
002881.SZ,20210409,19.35,1.4655,0.63,146.0268,6.1431,3.8279,357082.965,207993.0533
002881.SZ,20210408,19.17,1.2424,0.57,144.6684,6.3014,3.7923,353761.263,206058.2342
002881.SZ,20210407,19.3,1.8206,0.95,145.6494,6.3442,3.818,356160.27,207455.6035
002881.SZ,20210406,19.36,2.0731,1.29,146.1022,6.3639,3.8299,357267.504,208100.5432
002881.SZ,20210402,19.21,3.6207,3.6,144.9702,6.3146,3.8002,354499.419,206488.194
002881.SZ,20210401,19.23,2.9458,5.08,145.1212,6.3211,3.8042,354868.497,206703.1739
002881.SZ,20210331,17.48,0.4335,0.6,131.9146,5.7459,3.458,322574.172,187892.4326
002881.SZ,20210330,17.51,0.5194,0.64,132.141,5.7558,3.4639,323127.789,188214.9025
002881.SZ,20210329,17.7,0.502,0.47,133.5749,5.8182,3.5015,326634.03,190257.2115
002881.SZ,20210326,17.91,0.6253,0.55,135.1597,5.8872,3.5431,330509.349,192514.5005
002881.SZ,20210325,17.82,0.817,0.66,134.4805,5.8577,3.5253,328848.498,191547.0909
002881.SZ,20210324,17.85,1.1748,0.96,134.7069,5.8675,3.5312,329402.115,191869.5608
002881.SZ,20210323,18.68,0.9228,0.62,140.9705,6.1404,3.6954,344718.852,200791.2266
002881.SZ,20210322,19.21,1.7575,1.3,144.9702,6.3146,3.8002,354499.419,206488.194
002881.SZ,20210319,18.53,1.0327,0.76,139.8386,6.091,3.6657,341950.767,199178.8774
002881.SZ,20210318,19.09,1.2624,0.96,144.0647,6.2751,3.7765,352284.951,205198.3146
002881.SZ,20210317,19.36,1.1138,0.86,146.1022,6.3639,3.8299,357267.504,208100.5432
002881.SZ,20210316,19.5,2.2219,1.96,147.1588,6.4099,3.8576,359851.05,209605.4025
002881.SZ,20210315,18.9,1.1094,0.9,142.6308,6.2127,3.7389,348778.71,203156.0055
002881.SZ,20210312,18.81,1.1097,0.96,141.9516,6.1831,3.7211,347117.859,202188.596
002881.SZ,20210311,18.63,1.0078,0.86,140.5932,6.1239,3.6855,343796.157,200253.7769
002881.SZ,20210310,18.5,1.0473,0.92,139.6122,6.0812,3.6598,341397.15,198856.4075
002881.SZ,20210309,18.54,1.3871,1.22,139.914,6.0943,3.6677,342135.306,199286.3673
002881.SZ,20210308,18.55,1.6369,1.37,139.9895,6.0976,3.6697,342319.845,199393.8573
002881.SZ,20210305,18.3,0.7215,0.46,138.1028,6.0154,3.6202,337706.37,196706.6085
002881.SZ,20210304,18.22,1.0366,0.64,137.4991,5.9891,3.6044,336230.058,195846.6889
002881.SZ,20210303,18.62,0.9319,0.55,140.5178,6.1206,3.6835,343611.618,200146.2869
002881.SZ,20210302,18.7,1.3656,0.74,141.1215,6.1469,3.6993,345087.93,201006.2065
002881.SZ,20210301,19.13,1.9197,0.92,144.3665,6.2883,3.7844,353023.107,205628.2744
002881.SZ,20210226,19.18,2.5126,1.07,144.7439,6.3047,3.7943,353945.802,206165.7241
002881.SZ,20210225,18.45,1.3168,0.5,139.2348,6.0648,3.6499,340474.455,198318.9578
002881.SZ,20210224,18.27,1.3909,0.54,137.8764,6.0056,3.6143,337152.753,196384.1387
002881.SZ,20210223,18.56,2.0493,0.85,140.065,6.1009,3.6717,342504.384,199501.3472
002881.SZ,20210222,18.98,3.1943,1.52,143.2345,6.239,3.7547,350255.022,204015.9251
002881.SZ,20210219,18.6,3.783,2.0,140.3668,6.1141,3.6796,343242.54,199931.307
002881.SZ,20210218,18.23,2.7355,1.2,137.5746,5.9924,3.6064,336414.597,195954.1789
002881.SZ,20210210,16.57,1.0185,0.43,125.0472,5.4468,3.278,305781.123,178110.8472
002881.SZ,20210209,16.25,1.3403,0.59,122.6323,5.3416,3.2147,299875.875,174671.1688
002881.SZ,20210208,16.17,1.6625,0.79,122.0286,5.3153,3.1988,298399.563,173811.2492
002881.SZ,20210205,16.55,2.7096,1.55,124.8963,5.4402,3.274,305412.045,177895.8673
002881.SZ,20210204,17.76,4.6783,4.78,134.0277,5.8379,3.5134,327741.264,190902.1512
002881.SZ,20210203,17.3,1.5284,1.87,130.5562,5.6867,3.4224,319252.47,185957.6135
002881.SZ,20210202,15.73,0.7039,0.89,118.7081,5.1707,3.1118,290279.847,169083.343
002881.SZ,20210201,15.66,0.8372,1.03,118.1798,5.1476,3.098,288988.074,168330.906
002881.SZ,20210129,15.54,1.0204,1.36,117.2742,5.1082,3.0742,286773.606,167041.014
002881.SZ,20210128,16.12,0.8085,1.11,121.6512,5.2989,3.189,297476.868,173275.492
002881.SZ,20210127,16.56,0.7128,1.02,124.9718,5.4435,3.276,305596.584,178005.096
002881.SZ,20210126,16.66,0.5965,0.79,125.7264,5.4764,3.2958,307441.974,179080.006
002881.SZ,20210125,16.8,0.921,1.24,126.7829,5.5224,3.3235,310025.52,180584.88
002881.SZ,20210122,17.29,0.704,0.9,130.4808,5.6834,3.4204,319067.931,185851.939
002881.SZ,20210121,17.71,0.695,0.78,133.6503,5.8215,3.5035,326818.569,190366.561
002881.SZ,20210120,17.78,0.5799,0.53,134.1786,5.8445,3.5173,328110.342,191118.998
002881.SZ,20210119,17.87,0.8814,0.8,134.8578,5.8741,3.5352,329771.193,192086.417
002881.SZ,20210118,17.78,0.8504,0.75,134.1786,5.8445,3.5173,328110.342,191118.998
002881.SZ,20210115,17.38,0.9223,0.82,131.16,5.713,3.4382,320728.782,186819.358
002881.SZ,20210114,17.08,1.1992,1.01,128.896,5.6144,3.3789,315192.612,183594.628
002881.SZ,20210113,16.9,1.5982,1.43,127.5376,5.5552,3.3433,311870.91,181659.79
002881.SZ,20210112,17.6,0.9676,0.82,132.8202,5.7853,3.4817,324788.64,189184.16
002881.SZ,20210111,17.81,0.9697,0.78,134.405,5.8544,3.5233,328663.959,191441.471
002881.SZ,20210108,18.33,0.8722,0.71,138.3292,6.0253,3.6262,338259.987,197031.003
002881.SZ,20210107,18.32,1.5577,1.46,138.2538,6.022,3.6242,338075.448,196923.512
002881.SZ,20210106,19.1,1.2022,1.12,144.1401,6.2784,3.7785,352469.49,205307.81
002881.SZ,20210105,19.46,1.3069,1.17,146.8569,6.3968,3.8497,359112.894,209177.486
002881.SZ,20210104,19.75,1.2743,1.19,149.0454,6.4921,3.9071,364464.525,212294.725
002881.SZ,20201231,19.82,0.8314,0.71,149.5737,6.5151,3.9209,365756.298,213047.162
002881.SZ,20201230,19.6,0.7105,0.54,147.9134,6.4428,3.8774,361696.44,210682.36
002881.SZ,20201229,19.85,1.2232,0.83,149.8001,6.5249,3.9268,366309.915,213369.635
002881.SZ,20201228,19.41,1.5621,0.95,146.4796,6.3803,3.8398,358190.199,208640.031
002881.SZ,20201225,20.09,1.0189,0.49,151.6113,6.6038,3.9743,370738.851,215949.419
002881.SZ,20201224,20.15,1.3481,0.63,152.0641,6.6236,3.9862,371846.085,216594.365
002881.SZ,20201223,20.36,1.3663,0.68,153.6488,6.6926,4.0277,375721.404,218851.676
002881.SZ,20201222,20.3,2.0511,1.17,153.196,6.6729,4.0159,374614.17,218206.73
002881.SZ,20201221,21.47,2.4082,1.59,162.0256,7.0575,4.2473,396205.233,230783.177
002881.SZ,20201218,22.0,3.1538,2.58,166.0253,7.2317,4.3522,405985.8,236480.2
002881.SZ,20201217,21.36,1.7751,1.69,161.1954,7.0213,4.2256,394175.304,229600.776
002881.SZ,20201216,20.7,0.6474,0.56,156.2147,6.8044,4.095,381995.73,222506.37
002881.SZ,20201215,21.1,0.803,0.69,159.2333,6.9358,4.1741,389377.29,226806.01
002881.SZ,20201214,21.06,1.1942,1.01,158.9315,6.9227,4.1662,388639.134,226376.046
002881.SZ,20201211,20.83,1.6908,1.36,157.1957,6.8471,4.1207,384394.737,223903.753
002881.SZ,20201210,20.84,0.9283,0.7,157.2712,6.8504,4.1227,384579.276,224011.244
002881.SZ,20201209,21.1,1.1737,0.81,159.2333,6.9358,4.1741,389377.29,226806.01
002881.SZ,20201208,21.55,0.8626,0.54,162.6293,7.0838,4.2631,397681.545,231643.105
002881.SZ,20201207,21.56,1.2369,0.68,162.7048,7.087,4.2651,397866.084,231750.596
002881.SZ,20201204,21.98,2.0093,1.01,165.8743,7.2251,4.3482,405616.722,236265.218
002881.SZ,20201203,22.48,1.3936,0.52,169.6476,7.3895,4.4471,414843.672,241639.768
002881.SZ,20201202,22.5,1.723,0.45,169.7986,7.396,4.4511,415212.75,241854.75
002881.SZ,20201201,22.77,1.6743,0.43,171.8362,7.4848,4.5045,420195.303,244757.007
002881.SZ,20201130,22.7,2.2475,0.58,171.3079,7.4618,4.4906,418903.53,244004.57
002881.SZ,20201127,23.09,2.9177,0.72,174.2511,7.59,4.5678,426100.551,248196.719
002881.SZ,20201126,23.61,4.9023,1.18,178.1753,7.7609,4.6707,435696.579,253786.251
002881.SZ,20201125,24.16,7.5934,2.35,182.3259,7.9417,4.7795,445846.224,259698.256
002881.SZ,20201124,22.61,1.6764,0.41,170.6287,7.4322,4.4728,417242.679,243037.151
002881.SZ,20201123,22.93,2.3557,0.47,173.0436,7.5374,4.5361,423147.927,246476.863
002881.SZ,20201120,23.14,3.6013,0.8,174.6284,7.6064,4.5777,427023.246,248734.174
002881.SZ,20201119,23.49,5.5645,1.51,177.2697,7.7215,4.6469,433482.111,252496.359
002881.SZ,20201118,22.61,2.9671,0.89,170.6287,7.4322,4.4728,417242.679,243037.151
002881.SZ,20201117,23.01,6.1395,2.58,173.6473,7.5637,4.552,424624.239,247336.791
002881.SZ,20201116,22.88,6.9891,5.03,172.6663,7.5209,4.5263,422225.232,245939.408
002881.SZ,20201113,21.43,0.858,0.58,161.7237,7.0443,4.2394,395467.077,230353.213
002881.SZ,20201112,21.65,1.4841,1.03,163.384,7.1166,4.2829,399526.935,232718.015
002881.SZ,20201111,21.14,1.1272,0.83,159.5352,6.949,4.182,390115.446,227235.974
002881.SZ,20201110,21.71,1.4422,1.2,163.8368,7.1364,4.2948,400634.169,233362.961
002881.SZ,20201109,21.9,2.0335,2.08,165.2706,7.1988,4.3324,404140.41,235405.29
002881.SZ,20201106,21.09,1.3123,1.17,159.1579,6.9326,4.1721,389192.751,226698.519
002881.SZ,20201105,20.95,1.27,1.13,158.1013,6.8865,4.1445,386609.205,225193.645
002881.SZ,20201104,20.25,0.6953,0.6,152.8187,6.6564,4.006,373691.475,217669.275
002881.SZ,20201103,20.51,0.7084,0.59,154.7808,6.7419,4.0574,378489.489,220464.041
002881.SZ,20201102,20.13,0.9019,0.69,151.9131,6.617,3.9822,371477.007,216379.383
002881.SZ,20201030,20.3,2.0331,1.65,153.196,6.6729,4.0159,374614.17,218206.73
002881.SZ,20201029,21.57,1.2561,0.72,162.7802,6.6494,4.2671,398050.623,231858.087
002881.SZ,20201028,21.38,0.9072,0.31,161.3464,6.5908,4.2295,394544.382,229815.758
002881.SZ,20201027,21.67,0.8563,0.26,163.5349,6.6802,4.2869,399896.013,232932.997
002881.SZ,20201026,21.7,1.453,0.47,163.7613,6.6895,4.2928,400449.63,233255.47
002881.SZ,20201023,22.14,1.7015,0.59,167.0818,6.8251,4.3799,408569.346,237985.074
002881.SZ,20201022,22.86,3.8063,1.7,172.5154,7.0471,4.5223,421856.154,245724.426
002881.SZ,20201021,23.29,6.8243,6.77,175.7604,7.1796,4.6074,429791.331,250346.539
002881.SZ,20201020,23.24,2.573,4.06,175.3831,7.1642,4.5975,428868.636,249809.084
002881.SZ,20201019,21.13,0.6746,0.9,159.4597,6.5138,4.1801,389930.907,227128.483
002881.SZ,20201016,21.11,0.5758,0.65,159.3088,6.5076,4.1761,389561.829,226913.501
002881.SZ,20201015,21.28,0.5592,0.6,160.5917,6.56,4.2097,392698.992,228740.848
002881.SZ,20201014,21.42,0.6569,0.72,161.6482,6.6032,4.2374,395282.538,230245.722
002881.SZ,20201013,21.7,0.7024,0.79,163.7613,6.6895,4.2928,400449.63,233255.47
002881.SZ,20201012,21.85,1.2664,1.7,164.8933,6.7357,4.3225,403217.715,234867.835
002881.SZ,20201009,20.98,1.2152,1.64,158.3277,6.4675,4.1504,387162.822,225516.118
002881.SZ,20200930,19.98,0.8359,1.21,150.7811,6.1592,3.9526,368708.922,214767.018
002881.SZ,20200929,20.46,0.5232,0.71,154.4035,6.3072,4.0475,377566.794,219926.586
002881.SZ,20200928,20.52,0.607,0.8,154.8563,6.3257,4.0594,378674.028,220571.532
002881.SZ,20200925,20.95,0.5476,0.68,158.1013,6.4583,4.1445,386609.205,225193.645
002881.SZ,20200924,20.95,1.1936,1.58,158.1013,6.4583,4.1445,386609.205,225193.645
002881.SZ,20200923,21.71,0.5696,0.71,163.8368,6.6926,4.2948,400634.169,233362.961
002881.SZ,20200922,21.6,0.7771,0.99,163.0066,6.6586,4.273,398604.24,232180.56
002881.SZ,20200921,22.08,0.7099,0.89,166.629,6.8066,4.368,407462.112,237340.128
002881.SZ,20200918,22.27,0.7512,0.84,168.0629,6.8652,4.4056,410968.353,239382.457
002881.SZ,20200917,22.15,0.9727,0.99,167.1573,6.8282,4.3818,408753.885,238092.565
002881.SZ,20200916,21.8,0.818,0.72,164.516,6.7203,4.3126,402295.02,234330.38
002881.SZ,20200915,22.11,0.6828,0.54,166.8554,6.8159,4.3739,408015.729,237662.601
002881.SZ,20200914,22.35,0.7578,0.53,168.6666,6.8899,4.4214,412444.665,240242.385
002881.SZ,20200911,22.25,0.9619,0.63,167.9119,6.859,4.4016,410599.275,239167.475
002881.SZ,20200910,21.65,1.6792,1.12,163.384,6.6741,4.2829,399526.935,232718.015
002881.SZ,20200909,22.53,1.6143,1.08,170.025,6.9453,4.457,415766.367,242177.223
002881.SZ,20200908,22.86,1.3186,0.83,172.5154,7.0471,4.5223,421856.154,245724.426
002881.SZ,20200907,23.03,1.6271,0.83,173.7983,7.0995,4.5559,424993.317,247551.773
002881.SZ,20200904,23.23,1.3376,0.62,175.3076,7.1611,4.5955,428684.097,249701.593
002881.SZ,20200903,22.98,1.5945,0.78,173.4209,7.0841,4.546,424070.622,247014.318
002881.SZ,20200902,23.48,1.6105,0.82,177.1942,7.2382,4.645,433297.572,252388.868
002881.SZ,20200901,23.39,1.8021,0.99,176.5151,7.2105,4.6271,431636.721,251421.449
002881.SZ,20200831,23.64,3.4297,2.55,178.4017,7.2875,4.6766,436250.196,254108.724
002881.SZ,20200828,23.1,2.3383,2.15,174.3265,7.2427,4.5698,426285.09,248304.21
002881.SZ,20200827,22.38,1.0811,0.97,165.9643,7.3804,4.3506,405836.682,240564.858
002881.SZ,20200826,22.32,0.6888,1.03,165.5193,7.3606,4.3389,404748.648,404748.648
002881.SZ,20200825,22.81,0.6682,0.95,169.1531,7.5222,4.4342,413634.259,413634.259
002881.SZ,20200824,22.8,0.5953,0.76,169.0789,7.5189,4.4322,413452.92,413452.92
002881.SZ,20200821,22.64,0.629,0.78,167.8924,7.4661,4.4011,410551.496,410551.496
002881.SZ,20200820,22.7,0.7268,0.92,168.3373,7.4859,4.4128,411639.53,411639.53
002881.SZ,20200819,22.67,0.7305,0.8,168.1149,7.476,4.4069,411095.513,411095.513
002881.SZ,20200818,23.07,0.8488,0.87,171.0812,7.6079,4.4847,418349.073,418349.073
002881.SZ,20200817,23.18,0.9917,1.01,171.8969,7.6442,4.5061,420343.802,420343.802
002881.SZ,20200814,22.8,0.7125,0.64,169.0789,7.5189,4.4322,413452.92,413452.92
002881.SZ,20200813,22.59,0.6743,0.51,167.5216,7.4496,4.3914,409644.801,409644.801
002881.SZ,20200812,22.47,1.3469,0.85,166.6317,7.41,4.3681,407468.733,407468.733
002881.SZ,20200811,23.0,1.1578,0.65,170.5621,7.5848,4.4711,417079.7,417079.7
002881.SZ,20200810,23.33,1.0186,0.49,173.0092,7.6936,4.5352,423063.887,423063.887
002881.SZ,20200807,23.14,1.3991,0.66,171.6003,7.631,4.4983,419618.446,419618.446
002881.SZ,20200806,23.53,1.716,0.79,174.4924,7.7596,4.5741,426690.667,426690.667
002881.SZ,20200805,23.82,2.6519,1.08,176.643,7.8552,4.6305,431949.498,431949.498
002881.SZ,20200804,23.23,2.1438,0.94,172.2677,7.6607,4.5158,421250.497,421250.497
002881.SZ,20200803,23.57,2.4459,1.18,174.789,7.7728,4.5819,427416.023,427416.023
002881.SZ,20200731,23.08,1.5848,0.7,171.1553,7.6112,4.4866,418530.412,418530.412
002881.SZ,20200730,23.01,2.0889,0.85,170.6362,7.5881,4.473,417261.039,417261.039
002881.SZ,20200729,23.5,4.0587,1.86,174.2699,7.7497,4.5683,426146.65,426146.65
002881.SZ,20200728,23.65,1.2813,0.48,175.3823,7.7992,4.5975,428866.735,428866.735
002881.SZ,20200727,23.07,1.3942,0.45,171.0812,7.6079,4.4847,418349.073,418349.073
002881.SZ,20200724,23.26,2.5524,0.68,172.4901,7.6706,4.5216,421794.514,421794.514
002881.SZ,20200723,23.65,2.9373,0.84,175.3823,7.7992,4.5975,428866.735,428866.735
002881.SZ,20200722,24.24,2.7682,0.82,179.7576,7.9937,4.7121,439565.736,439565.736
002881.SZ,20200721,24.51,3.6925,1.18,181.7598,8.0828,4.7646,444461.889,444461.889
002881.SZ,20200720,23.52,3.5818,1.1,174.4182,7.7563,4.5722,426509.328,426509.328
002881.SZ,20200717,23.26,5.7316,1.89,172.4901,7.6706,4.5216,421794.514,421794.514
002881.SZ,20200716,25.84,1.6658,0.48,191.6228,8.5214,5.0232,468579.976,468579.976
002881.SZ,20200715,28.71,2.1262,0.55,212.9059,9.4678,5.5811,520624.269,520624.269
002881.SZ,20200714,30.3,2.4779,0.6,224.697,9.9922,5.8902,549457.17,549457.17
002881.SZ,20200713,30.92,4.2169,1.03,229.2947,10.1966,6.0107,560700.188,560700.188
002881.SZ,20200710,28.82,4.6945,1.28,213.7217,9.5041,5.6025,522618.998,522618.998
002881.SZ,20200709,31.09,3.7254,1.06,230.5554,10.2527,6.0438,563782.951,563782.951
002881.SZ,20200708,30.75,4.3878,1.27,228.034,10.1406,5.9777,557617.425,557617.425
002881.SZ,20200707,30.69,3.5006,0.94,227.5891,10.1208,5.966,556529.391,556529.391
002881.SZ,20200706,31.3,4.2309,1.01,232.1127,10.3219,6.0846,567591.07,567591.07
002881.SZ,20200703,28.79,2.4889,0.51,213.4992,9.4942,5.5966,522074.981,522074.981
002881.SZ,20200702,29.13,2.9827,0.65,216.0205,9.6063,5.6627,528240.507,528240.507
002881.SZ,20200701,28.49,4.028,0.97,211.2745,9.3953,5.5383,516634.811,516634.811
002881.SZ,20200630,27.44,4.9652,1.39,203.4879,9.049,5.3342,497594.216,497594.216
002881.SZ,20200629,27.0,6.5435,2.53,200.225,8.9039,5.2487,489615.3,489615.3
002881.SZ,20200624,25.34,5.6655,2.83,187.9149,8.3565,4.926,459513.026,459513.026
002881.SZ,20200623,23.04,1.7797,0.73,170.8587,7.598,4.4789,417805.056,417805.056
002881.SZ,20200622,23.52,1.8693,0.79,174.4182,7.7563,4.5722,426509.328,426509.328
002881.SZ,20200619,23.75,7.9546,0.87,176.1239,7.8321,4.6169,430680.125,107680.125
002881.SZ,20200618,24.36,6.5037,0.71,180.6475,8.0333,4.7355,441741.804,110445.804
002881.SZ,20200617,24.54,11.0218,1.23,181.9823,8.0927,4.7705,445005.906,111261.906
002881.SZ,20200616,24.65,15.8212,1.64,182.798,8.1289,4.7919,447000.635,111760.635
002881.SZ,20200615,23.31,6.072,0.46,172.8609,7.687,4.5314,422701.209,105685.209
002881.SZ,20200612,23.06,6.0633,0.36,171.007,7.6046,4.4828,418167.734,104551.734
002881.SZ,20200611,23.02,6.648,0.39,170.7104,7.5914,4.475,417442.378,104370.378
002881.SZ,20200610,22.98,10.2326,0.64,170.4137,7.5782,4.4672,416717.022,104189.022
002881.SZ,20200609,24.14,19.1022,1.4,179.016,7.9608,4.6927,437752.346,109448.346
002881.SZ,20200608,25.45,24.4875,2.25,188.7306,8.3928,4.9474,461507.755,115387.755
002881.SZ,20200605,23.88,23.7842,3.01,177.0879,7.875,4.6422,433037.532,108269.532
002881.SZ,20200604,23.0,6.9294,0.87,170.5621,7.5848,4.4711,417079.7,104279.7
002881.SZ,20200603,22.81,6.1057,0.68,169.1531,7.5222,4.4342,413634.259,103418.259
002881.SZ,20200602,23.38,6.7231,0.72,173.38,7.7101,4.545,423970.582,106002.582
002881.SZ,20200601,23.6,10.7987,1.23,175.0115,7.7827,4.5877,427960.04,107000.04
002881.SZ,20200529,22.75,8.919,0.83,168.7081,7.5024,4.4225,412546.225,103146.225
002881.SZ,20200528,22.72,7.4046,0.63,168.4856,7.4434,4.4167,412002.208,103010.208
002881.SZ,20200527,22.46,11.3753,1.14,166.5576,7.3582,4.3661,407287.394,101831.394
002881.SZ,20200526,22.16,8.1794,0.92,164.3328,7.2599,4.3078,401847.224,100471.224
002881.SZ,20200525,22.15,7.9261,0.99,164.2587,7.2566,4.3059,401665.885,100425.885
002881.SZ,20200522,22.42,19.1425,3.92,166.2609,7.3451,4.3583,406562.038,101650.038
002881.SZ,20200521,22.56,11.9929,3.89,167.2991,7.391,4.3856,409100.784,102284.784
002881.SZ,20200520,20.51,2.7073,0.88,152.0969,6.7194,3.9871,371926.289,92990.289
002881.SZ,20200519,20.81,2.4624,0.75,154.3216,6.8176,4.0454,377366.459,94350.459
002881.SZ,20200518,20.62,3.8023,1.05,152.9126,6.7554,4.0084,373921.018,93489.018
002881.SZ,20200515,21.16,3.469,0.8,156.9171,6.9323,4.1134,383713.324,95937.324
002881.SZ,20200514,20.96,2.9799,0.62,155.4339,6.8668,4.0745,380086.544,95030.544
002881.SZ,20200513,21.11,2.6931,0.54,156.5463,6.9159,4.1037,382806.629,95710.629
002881.SZ,20200512,21.13,3.4717,0.69,156.6946,6.9225,4.1076,383169.307,95801.307
002881.SZ,20200511,21.49,5.5031,1.27,159.3643,7.0404,4.1776,389697.511,97433.511
002881.SZ,20200508,21.9,6.9324,1.89,162.4047,7.1747,4.2573,397132.41,99292.41
002881.SZ,20200507,21.06,5.3671,1.78,156.1755,6.8995,4.094,381899.934,95483.934
002881.SZ,20200506,20.86,3.6081,1.25,154.6924,6.834,4.0551,378273.154,94577.154
002881.SZ,20200430,20.35,3.6516,1.32,150.9103,6.6669,3.9559,369024.865,92264.865
002881.SZ,20200429,19.52,2.032,0.69,144.7553,6.395,3.7946,353973.728,88501.728
002881.SZ,20200428,19.51,3.7216,1.36,144.6811,6.3917,3.7927,353792.389,88456.389
002881.SZ,20200427,20.3,2.0781,0.76,78.9012,6.6344,3.719,368118.17,92038.17
002881.SZ,20200424,20.62,2.894,1.04,80.145,6.739,3.7776,373921.018,93489.018
002881.SZ,20200423,20.97,3.1565,1.16,81.5054,6.8534,3.8418,380267.883,95075.883
002881.SZ,20200422,21.37,2.8233,1.02,83.0601,6.9841,3.915,387521.443,96889.443
002881.SZ,20200421,21.55,2.7619,1.0,83.7597,7.043,3.948,390785.545,97705.545
002881.SZ,20200420,21.85,2.1261,0.74,84.9257,7.141,4.003,396225.715,99065.715
002881.SZ,20200417,21.63,3.0329,1.04,84.0706,7.0691,3.9627,392236.257,98068.257
002881.SZ,20200416,21.79,2.8201,0.94,84.6925,7.1214,3.992,395137.681,98793.681
002881.SZ,20200415,21.82,3.0831,0.94,84.8091,7.1312,3.9975,395681.698,98929.698
002881.SZ,20200414,22.2,2.7193,0.78,86.2861,7.2554,4.0671,402572.58,100652.58
002881.SZ,20200413,21.6,2.6781,0.76,83.954,7.0593,3.9572,391692.24,97932.24
002881.SZ,20200410,22.25,3.2393,0.89,86.4804,7.2717,4.0763,403479.275,100879.275
002881.SZ,20200409,22.89,3.3024,0.92,88.9679,7.4809,4.1935,415084.971,103780.971
002881.SZ,20200408,22.71,4.5149,1.38,88.2683,7.4221,4.1605,411820.869,102964.869
002881.SZ,20200407,22.28,3.5953,0.98,86.597,7.2816,4.0818,404023.292,101015.292
002881.SZ,20200403,21.77,3.0747,0.71,84.6148,7.1149,3.9883,394775.003,98703.003
002881.SZ,20200402,22.0,3.8016,0.9,85.5087,7.19,4.0305,398945.8,99745.8
002881.SZ,20200401,21.3,2.95,0.65,82.788,6.9613,3.9022,386252.07,96572.07
002881.SZ,20200331,21.2,2.9431,0.59,82.3993,6.9286,3.8839,384438.68,96118.68
002881.SZ,20200330,21.33,5.5138,1.14,82.9046,6.9711,3.9077,386796.087,96708.087
002881.SZ,20200327,22.75,6.3351,1.43,88.4238,7.4352,4.1679,412546.225,103146.225
002881.SZ,20200326,22.3,3.321,0.68,86.6747,7.2881,4.0854,404385.97,101105.97
002881.SZ,20200325,22.66,4.6224,0.92,88.074,7.4057,4.1514,410914.174,102738.174
002881.SZ,20200324,22.2,5.2729,1.0,86.2861,7.2554,4.0671,402572.58,100652.58
002881.SZ,20200323,21.84,4.6216,0.77,84.8868,7.1377,4.0011,396044.376,99020.376
002881.SZ,20200320,22.96,4.2423,0.61,89.24,7.5038,4.2063,416354.344,104098.344
002881.SZ,20200319,22.9,5.4984,0.7,89.0068,7.4842,4.1953,415266.31,103826.31
002881.SZ,20200318,22.32,5.3888,0.52,86.7525,7.2946,4.0891,404748.648,101196.648
002881.SZ,20200317,22.59,6.7147,0.49,87.8019,7.3829,4.1385,409644.801,102420.801
002881.SZ,20200316,23.24,8.2294,0.56,90.3283,7.5953,4.2576,421431.836,105367.836
002881.SZ,20200313,25.24,9.1073,0.61,98.1018,8.2489,4.624,457699.636,114435.636
002881.SZ,20200312,26.09,9.9719,0.68,101.4056,8.5267,4.7798,473113.451,118289.451
002881.SZ,20200311,27.3,17.8872,1.46,106.1085,8.9222,5.0014,495055.47,123775.47
002881.SZ,20200310,28.99,22.9994,2.4,112.6772,9.4745,5.311,525701.761,131437.761
002881.SZ,20200309,26.94,14.0047,1.7,104.7093,8.8045,4.9355,488527.266,122143.266
002881.SZ,20200306,26.67,10.3888,1.24,103.6599,8.7163,4.886,483631.113,120919.113
002881.SZ,20200305,26.48,8.0674,0.95,102.9214,8.6542,4.8512,480185.672,120057.672
002881.SZ,20200304,26.03,5.9397,0.64,101.1724,8.5071,4.7688,472025.417,118017.417
002881.SZ,20200303,26.01,9.5145,0.87,101.0946,8.5006,4.7651,471662.739,117926.739
002881.SZ,20200302,25.59,7.2801,0.57,99.4622,8.3633,4.6882,464046.501,116022.501
002881.SZ,20200228,23.98,11.0377,0.77,93.2045,7.8371,4.3932,434850.922,108722.922
002881.SZ,20200227,26.29,8.578,0.55,102.1829,8.5921,4.8164,476740.231,119196.231
002881.SZ,20200226,26.5,10.2636,0.63,102.9991,8.8981,4.8549,480548.35,120148.35
002881.SZ,20200225,27.8,17.332,1.15,108.0519,9.3347,5.093,504122.42,126042.42
002881.SZ,20200224,28.63,17.0936,1.21,111.2779,9.6134,5.2451,519173.557,129805.557
002881.SZ,20200221,27.48,18.8014,1.6,106.8082,9.2272,5.0344,498319.572,124591.572
002881.SZ,20200220,27.5,14.9102,1.47,106.8859,9.2339,5.0381,498682.25,124682.25
002881.SZ,20200219,25.85,12.6944,1.39,100.4727,8.6799,4.7358,468761.315,117201.315
002881.SZ,20200218,25.59,12.183,1.38,99.4622,8.5926,4.6882,464046.501,116022.501
002881.SZ,20200217,24.52,11.9979,1.5,95.3033,8.2333,4.4921,444643.228,111171.228
002881.SZ,20200214,23.12,6.9651,0.86,89.8619,7.7632,4.2356,419255.768,104823.768
002881.SZ,20200213,23.08,6.8141,0.85,89.7064,7.7498,4.2283,418530.412,104642.412
002881.SZ,20200212,23.54,7.6406,0.95,91.4943,7.9042,4.3126,426872.006,106728.006
002881.SZ,20200211,23.51,10.5822,1.38,91.3777,7.8942,4.3071,426327.989,106591.989
002881.SZ,20200210,22.85,8.0554,1.3,88.8125,7.6726,4.1862,414359.615,103599.615
002881.SZ,20200207,22.49,7.2863,1.22,87.4132,7.5517,4.1202,407831.411,101967.411
002881.SZ,20200206,22.32,6.6135,1.12,86.7525,7.4946,4.0891,404748.648,101196.648
002881.SZ,20200205,22.15,7.6147,1.44,86.0917,7.4375,4.0579,401665.885,100425.885
002881.SZ,20200204,21.35,8.737,1.97,82.9823,7.1689,3.9114,387158.765,96798.765
002881.SZ,20200203,22.95,0.6582,0.13,89.2011,7.7061,4.2045,416173.005,104053.005
002881.SZ,20200123,25.5,6.3392,1.28,99.1124,8.5624,4.6717,462414.45,115614.45
002881.SZ,20200122,26.85,6.2895,1.31,104.3595,9.0157,4.919,486895.215,121735.215
002881.SZ,20200121,27.5,4.3364,0.81,106.8859,9.2339,5.0381,498682.25,124682.25
002881.SZ,20200120,28.11,4.5459,0.72,109.2568,9.4388,5.1498,509743.929,127447.929
002881.SZ,20200117,27.74,4.2701,0.61,107.8187,9.3145,5.082,503034.386,125770.386
002881.SZ,20200116,27.96,5.2651,0.68,108.6738,9.3884,5.1223,507023.844,126767.844
002881.SZ,20200115,28.25,5.642,0.62,109.801,9.4858,5.1755,512282.675,128082.675
002881.SZ,20200114,28.52,6.8954,0.69,110.8504,9.5764,5.2249,517178.828,129306.828
002881.SZ,20200113,29.0,9.4508,0.9,112.716,9.7376,5.3129,525883.1,131483.1
002881.SZ,20200110,28.55,7.7309,0.64,110.967,9.5865,5.2304,517722.845,129442.845
002881.SZ,20200109,28.95,9.104,0.72,112.5217,9.7208,5.3037,524976.405,131256.405
002881.SZ,20200108,28.39,12.3407,1.09,110.3451,9.5328,5.2011,514821.421,128717.421
002881.SZ,20200107,28.88,11.4709,0.95,112.2496,9.6973,5.2909,523707.032,130939.032
002881.SZ,20200106,28.38,12.0468,0.84,110.3062,9.5294,5.1993,514640.082,128672.082
002881.SZ,20200103,28.63,15.7377,1.27,111.2779,9.6134,5.2451,519173.557,129805.557
002881.SZ,20200102,27.57,11.3663,1.01,107.158,9.2574,5.0509,499951.623,124999.623
002881.SZ,20191231,26.66,6.2312,0.57,103.621,8.9519,4.8842,483449.774,120873.774
002881.SZ,20191230,27.07,14.8766,1.59,105.2146,9.0895,4.9593,490884.673,122732.673
002881.SZ,20191227,28.38,23.4868,3.68,110.3062,9.5294,5.1993,514640.082,128672.082
002881.SZ,20191226,27.02,6.0769,0.84,105.0202,9.0728,4.9501,489977.978,122505.978
002881.SZ,20191225,26.79,5.8166,0.71,104.1263,8.9955,4.908,485807.181,121463.181
002881.SZ,20191224,26.62,4.8341,0.49,103.4655,8.9384,4.8769,482724.418,120692.418
002881.SZ,20191223,26.0,6.5307,0.6,101.0558,8.7303,4.7633,471481.4,117881.4
002881.SZ,20191220,27.13,8.6935,0.77,105.4478,9.1097,4.9703,491972.707,123004.707
002881.SZ,20191219,28.09,10.4765,0.96,109.1791,9.432,5.1462,509381.251,127357.251
002881.SZ,20191218,27.74,10.4482,0.94,107.8187,9.3145,5.082,503034.386,125770.386
002881.SZ,20191217,28.0,13.0847,1.31,108.8293,9.4018,5.1297,507749.2,126949.2
002881.SZ,20191216,27.85,12.0384,1.39,108.2463,9.3515,5.1022,505029.115,126269.115
002881.SZ,20191213,27.3,10.6538,1.36,106.1085,9.1668,5.0014,495055.47,123775.47
002881.SZ,20191212,27.16,8.5919,1.05,105.5644,9.1198,4.9758,492516.724,123140.724
002881.SZ,20191211,27.1,11.2717,1.68,105.3312,9.0996,4.9648,491428.69,122868.69
002881.SZ,20191210,26.53,7.3633,1.18,103.1157,8.9082,4.8604,481092.367,120284.367
002881.SZ,20191209,26.28,5.3741,0.92,102.144,8.8243,4.8146,476558.892,119150.892
002881.SZ,20191206,26.35,6.4603,1.17,102.4161,8.8478,4.8274,477828.265,119468.265
002881.SZ,20191205,26.38,10.343,2.34,102.5327,8.8579,4.8329,478372.282,119604.282
002881.SZ,20191204,25.48,4.0697,0.83,99.0346,8.5557,4.668,462051.772,115523.772
002881.SZ,20191203,25.76,4.9594,0.91,100.1229,8.6497,4.7193,467129.264,116793.264
002881.SZ,20191202,25.59,3.5089,0.52,99.4622,8.5926,4.6882,464046.501,116022.501
002881.SZ,20191129,25.53,4.6807,0.63,99.229,8.5724,4.6772,462958.467,115750.467
002881.SZ,20191128,25.52,4.8923,0.66,99.1901,8.5691,4.6753,462777.128,115705.128
002881.SZ,20191127,25.81,6.377,0.85,100.3173,8.6665,4.7285,468035.959,117019.959
002881.SZ,20191126,25.9,7.9268,1.01,100.6671,8.6967,4.7449,469668.01,117428.01
002881.SZ,20191125,25.45,9.7096,1.37,98.918,8.5456,4.6625,461507.755,115387.755
002881.SZ,20191122,27.5,8.2291,1.14,106.8859,9.2339,5.0381,498682.25,124682.25
002881.SZ,20191121,28.29,4.8849,0.54,109.9564,9.4992,5.1828,513008.031,128264.031
002881.SZ,20191120,28.35,6.8626,0.8,110.1896,9.5193,5.1938,514096.065,128536.065
002881.SZ,20191119,28.76,9.5403,1.2,111.7832,9.657,5.2689,521530.964,130394.964
002881.SZ,20191118,28.0,5.8074,0.69,108.8293,9.4018,5.1297,507749.2,126949.2
002881.SZ,20191115,27.63,8.8496,1.06,107.3912,9.2776,5.0619,501039.657,125271.657
002881.SZ,20191114,28.54,13.78,2.0,110.9281,9.5831,5.2286,517541.506,129397.506
002881.SZ,20191113,27.09,4.782,0.63,105.2923,9.0963,4.963,491247.351,122823.351
002881.SZ,20191112,27.28,6.4545,0.86,106.0308,9.1601,4.9978,494692.792,123684.792
002881.SZ,20191111,27.03,8.3441,1.17,105.0591,9.0761,4.952,490159.317,122551.317
002881.SZ,20191108,28.36,8.5172,1.29,110.2285,9.5227,5.1956,514277.404,128581.404
002881.SZ,20191107,28.28,6.4205,0.87,109.9176,9.4958,5.181,512826.692,128218.692
002881.SZ,20191106,28.4,7.9582,0.98,110.384,9.5361,5.203,515002.76,128762.76
002881.SZ,20191105,28.45,6.1442,0.67,110.5783,9.5529,5.2121,515909.455,128989.455
002881.SZ,20191104,28.57,6.5864,0.67,111.0447,9.5932,5.2341,518085.523,129533.523
002881.SZ,20191101,28.43,5.8616,0.53,110.5006,9.5462,5.2084,515546.777,128898.777
002881.SZ,20191031,28.24,10.1876,0.92,109.7621,9.4824,5.1736,512101.336,128037.336
002881.SZ,20191030,29.5,11.814,1.08,114.6594,9.9055,5.4045,534950.05,133750.05
002881.SZ,20191029,30.48,11.3671,1.05,118.4684,10.2346,5.584,552721.272,138193.272
002881.SZ,20191028,31.78,9.7178,0.87,123.5212,10.6711,5.8222,576295.342,144087.342
002881.SZ,20191025,31.49,11.6969,1.07,122.3941,10.5737,5.769,571036.511,142772.511
002881.SZ,20191024,32.43,10.5489,0.94,126.0476,10.9541,5.9413,588082.377,147034.377
002881.SZ,20191023,33.05,11.5687,0.87,128.4574,11.1636,6.0548,599325.395,149845.395
002881.SZ,20191022,33.0,10.6938,0.71,128.2631,11.1467,6.0457,598418.7,149618.7
002881.SZ,20191021,31.5,11.661,0.78,122.4329,10.64,5.7709,571217.85,142817.85
002881.SZ,20191018,33.78,10.4106,0.72,131.2947,11.4101,6.1886,612563.142,153155.142
002881.SZ,20191017,34.92,11.8695,0.79,135.7257,11.7952,6.3974,633235.788,158323.788
002881.SZ,20191016,35.72,22.1821,1.7,138.8351,12.0654,6.544,647742.908,161950.908
002881.SZ,20191015,34.75,18.9402,1.84,135.0649,11.7378,6.3663,630153.025,157553.025
002881.SZ,20191014,33.5,11.3461,1.23,130.2065,11.3156,6.1373,607485.65,151885.65
002881.SZ,20191011,32.82,8.2422,0.91,127.5635,11.0859,6.0127,595154.598,148802.598
002881.SZ,20191010,33.6,13.9658,1.59,130.5951,11.3493,6.1556,609299.04,152339.04
002881.SZ,20191009,32.94,12.6503,1.55,128.0299,11.1264,6.0347,597330.666,149346.666
002881.SZ,20191008,33.34,5.25,0.54,129.5846,11.2615,6.108,604584.226,151160.226
002881.SZ,20190930,30.31,5.97,0.52,117.8077,10.2381,5.5529,549638.509,137422.509
002881.SZ,20190927,31.53,7.5613,0.63,122.5495,10.6501,5.7764,571761.867,142953.867
002881.SZ,20190926,31.15,12.4384,1.08,121.0726,10.5218,5.7068,564870.985,141230.985
002881.SZ,20190925,32.51,9.6574,0.85,126.3586,10.9812,5.9559,589533.089,147397.089
002881.SZ,20190924,33.99,13.3399,1.13,132.111,11.4811,6.2271,616371.261,154107.261
002881.SZ,20190923,35.07,14.0531,1.17,136.3087,11.8459,6.4249,635955.873,159003.873
002881.SZ,20190920,34.49,10.1044,0.7,134.0543,11.65,6.3187,625438.211,156374.211
002881.SZ,20190919,35.13,10.2201,0.66,136.5419,11.8661,6.4359,637043.907,159275.907
002881.SZ,20190918,35.06,9.1499,0.51,136.2698,11.8425,6.4231,635774.534,158958.534
002881.SZ,20190917,35.0,15.4876,0.76,136.0366,11.8222,6.4121,634686.5,158686.5
002881.SZ,20190916,36.82,15.3424,0.66,143.1105,12.437,6.7455,667690.198,166938.198
002881.SZ,20190912,36.99,21.6621,0.77,143.7712,12.4944,6.7767,670772.961,167708.961
002881.SZ,20190911,35.52,15.8848,0.47,138.0577,11.9979,6.5074,644116.128,161044.128
002881.SZ,20190910,36.78,21.2138,0.63,142.955,12.4235,6.7382,666964.842,166756.842
002881.SZ,20190909,37.5,27.7913,0.89,145.7535,12.6667,6.8701,680021.25,170021.25
002881.SZ,20190906,36.48,29.9171,0.98,141.789,12.3221,6.6832,661524.672,165396.672
002881.SZ,20190905,36.35,45.594,1.71,141.2837,12.2782,6.6594,659167.265,164807.265
002881.SZ,20190904,36.67,43.5509,1.69,142.5275,12.3863,6.718,664970.113,166258.113
002881.SZ,20190903,33.34,20.7071,0.67,129.5846,11.2615,6.108,604584.226,151160.226
002881.SZ,20190902,33.02,16.7569,0.52,128.3408,11.1534,6.0493,598781.378,149709.378
002881.SZ,20190830,32.2,25.7539,0.79,125.1537,10.8765,5.8991,583911.58,145991.58
002881.SZ,20190829,34.17,26.2435,0.81,132.8106,11.5419,6.26,619635.363,154923.363
002881.SZ,20190828,33.95,39.3612,1.22,131.9555,11.4676,6.2197,615645.905,153925.905
002881.SZ,20190827,36.64,47.5681,1.44,142.4109,12.3762,6.7125,664426.096,166122.096
002881.SZ,20190826,38.17,22.8325,0.6,148.3576,12.893,6.9928,692170.963,173058.963
002881.SZ,20190823,40.3,26.5276,0.7,156.6364,13.6125,7.3831,730796.17,182716.17
002881.SZ,20190822,40.79,24.9848,0.64,158.5409,13.778,7.4728,739681.781,184937.781
002881.SZ,20190821,42.1,39.4377,1.06,163.6326,14.3891,7.7128,763437.19,190877.19
002881.SZ,20190820,40.54,51.8746,1.63,157.5692,13.8559,7.427,735148.306,183804.306
002881.SZ,20190819,43.81,48.0925,1.72,170.2789,14.9735,8.0261,794446.159,198630.159
002881.SZ,20190816,39.83,24.5106,0.84,154.8096,13.6132,7.297,722273.237,180585.237
002881.SZ,20190815,36.21,30.4599,1.04,140.7396,12.376,6.6338,656628.519,164172.519
002881.SZ,20190814,32.92,30.8408,0.94,127.9521,11.2515,6.031,596967.988,149255.988
002881.SZ,20190813,31.46,24.7716,0.62,122.2775,10.7525,5.7636,570492.494,142636.494
002881.SZ,20190812,32.24,29.0172,0.74,125.3091,11.0191,5.9065,584636.936,146172.936
002881.SZ,20190809,30.1,31.1849,0.81,116.9915,10.2877,5.5144,545830.39,136470.39
002881.SZ,20190808,29.02,30.1831,0.81,112.7938,9.9185,5.3165,526245.778,131573.778
002881.SZ,20190807,29.98,48.4637,1.5,116.5251,10.2466,5.4924,543654.322,135926.322
002881.SZ,20190806,32.0,60.6506,2.7,124.3763,10.937,5.8625,580284.8,145084.8
002881.SZ,20190805,31.81,26.0497,1.23,123.6378,10.8721,5.8277,576839.359,144223.359
002881.SZ,20190802,28.92,28.3425,1.63,112.4051,9.8844,5.2982,524432.388,131120.388
002881.SZ,20190801,26.29,23.7011,1.47,102.1829,8.9855,4.8164,476740.231,119196.231
002881.SZ,20190731,23.9,22.7037,1.55,92.8936,8.1686,4.3785,433400.21,108360.21
002881.SZ,20190730,23.14,11.4312,0.77,89.9396,7.9089,4.2393,419618.446,104914.446
002881.SZ,20190729,23.3,19.6868,1.52,90.5615,7.9635,4.2686,422519.87,105639.87
002881.SZ,20190726,22.56,9.6615,0.78,87.6853,7.7106,4.133,409100.784,102284.784
002881.SZ,20190725,22.95,17.3301,1.64,89.2011,7.8439,4.2045,416173.005,104053.005
002881.SZ,20190724,22.46,15.1331,1.57,87.2966,7.6764,4.1147,407287.394,101831.394
002881.SZ,20190723,22.61,12.5351,1.25,87.8796,7.7277,4.1422,410007.479,102511.479
002881.SZ,20190722,21.91,9.9389,1.01,85.1589,7.4885,4.014,397313.749,99337.749
002881.SZ,20190719,21.89,7.1103,0.72,85.0812,7.4816,4.0103,396951.071,99247.071
002881.SZ,20190718,21.84,8.1016,0.85,84.8868,7.4645,4.0011,396044.376,99020.376
002881.SZ,20190717,21.92,10.4729,1.16,85.1978,7.4919,4.0158,397495.088,99383.088
002881.SZ,20190716,21.94,14.4665,1.95,85.2755,7.4987,4.0195,397857.766,99473.766
002881.SZ,20190715,21.2,9.1989,1.18,82.3993,7.2458,3.8839,384438.68,96118.68
002881.SZ,20190712,21.0,6.9779,0.85,81.622,7.1774,3.8473,380811.9,95211.9
002881.SZ,20190711,20.74,6.8096,0.72,80.6114,7.0886,3.7996,376097.086,94033.086
002881.SZ,20190710,21.15,7.631,0.6,82.205,7.2287,3.8747,383531.985,95891.985
002881.SZ,20190709,20.83,6.3847,0.35,80.9612,7.1193,3.8161,377729.137,94441.137
002881.SZ,20190708,20.78,11.2293,0.54,80.7669,7.1022,3.8069,376822.442,94214.442
002881.SZ,20190705,22.3,8.9673,0.42,86.6747,7.6218,4.0854,404385.97,101105.97
002881.SZ,20190704,22.59,13.1814,0.59,87.8019,7.7209,4.1385,409644.801,102420.801
002881.SZ,20190703,23.12,24.1921,1.18,89.8619,7.902,4.2356,419255.768,104823.768
002881.SZ,20190702,23.54,34.8927,2.25,91.4943,8.0456,4.3126,426872.006,106728.006
002881.SZ,20190701,22.39,22.5459,1.71,87.0246,7.6525,4.1019,406018.021,101514.021
002881.SZ,20190628,20.98,11.0083,0.73,81.5442,7.1706,3.8436,380449.222,95121.222
002881.SZ,20190627,21.79,18.3618,1.35,84.6925,7.4474,3.992,395137.681,98793.681
002881.SZ,20190626,21.33,15.8453,1.25,82.9046,7.2902,3.9077,386796.087,96708.087
002881.SZ,20190625,21.16,9.6176,0.79,82.2438,7.2321,3.8766,383713.324,95937.324
002881.SZ,20190624,20.88,11.2672,0.95,81.1555,7.1364,3.8253,378635.832,94667.832
002881.SZ,20190621,21.57,19.9601,1.88,83.8374,7.3723,3.9517,391148.223,97796.223
002881.SZ,20190620,20.07,11.5209,0.98,78.0073,6.8596,3.6769,363947.373,90995.373
002881.SZ,20190619,20.17,10.9578,0.76,78.3959,6.8938,3.6952,365760.763,91448.763
002881.SZ,20190618,20.05,7.4033,0.39,77.9295,6.8527,3.6732,363584.695,90904.695
002881.SZ,20190617,20.21,9.2791,0.5,78.5514,6.9074,3.7025,366486.119,91630.119
002881.SZ,20190614,20.22,13.9328,0.75,78.5903,6.9108,3.7044,366667.458,91675.458
002881.SZ,20190613,21.15,16.9466,0.86,82.205,7.2287,3.8747,383531.985,95891.985
002881.SZ,20190612,21.75,24.7696,1.19,84.537,7.4338,3.9847,394412.325,98612.325
002881.SZ,20190611,21.46,28.9465,1.45,83.4099,7.3347,3.9315,389153.494,97297.494
002881.SZ,20190610,20.89,7.7962,0.36,81.1944,7.1398,3.8271,378817.171,94713.171
002881.SZ,20190606,18.99,14.6587,0.72,73.8096,6.4905,3.479,344362.761,86098.761
002881.SZ,20190605,20.7,22.2128,1.27,80.4559,7.0102,3.7923,375371.73,93851.73
002881.SZ,20190604,19.85,30.3293,2.3,77.1522,6.7224,3.6366,359957.915,89997.915
002881.SZ,20190603,20.71,24.8599,2.59,80.4948,7.0136,3.7941,375553.069,93897.069
002881.SZ,20190531,18.83,15.0792,1.75,73.1877,6.3769,3.4497,341461.337,85373.337
002881.SZ,20190530,18.23,9.0846,0.94,70.8556,6.1737,3.3398,330580.997,82652.997
002881.SZ,20190529,17.89,8.3,0.73,69.5341,6.0586,3.2775,324415.471,81111.471
002881.SZ,20190528,17.8,8.4791,0.79,69.1843,6.0281,3.261,322783.42,80703.42
002881.SZ,20190527,17.7,7.0871,0.65,68.7956,5.9942,3.2427,320970.03,80250.03
002881.SZ,20190524,17.03,10.0168,0.92,66.1915,5.7673,3.1199,308820.317,77212.317
002881.SZ,20190523,18.29,14.2502,1.56,71.0888,6.194,3.3508,331669.031,82925.031
002881.SZ,20190522,18.08,16.7352,2.41,70.2726,6.1229,3.3123,327860.912,81972.912
002881.SZ,20190521,17.33,5.5092,0.82,67.3575,5.8689,3.1749,314260.487,78572.487
002881.SZ,20190520,17.29,7.6366,1.27,67.2021,5.8554,3.1676,313535.131,78391.131
002881.SZ,20190517,17.51,10.5204,1.94,68.0572,5.9299,3.2079,317524.589,79388.589
002881.SZ,20190516,17.37,5.2724,1.02,67.513,5.8825,3.1822,314985.843,78753.843
002881.SZ,20190515,17.44,5.7395,1.17,67.7851,5.9062,3.1951,316255.216,79071.216
002881.SZ,20190514,17.01,4.4847,0.92,66.1138,5.7606,3.1163,308457.639,77121.639
002881.SZ,20190513,17.08,4.1347,0.72,66.3859,5.7843,3.1291,309727.012,77439.012
002881.SZ,20190510,17.35,7.4658,1.5,67.4353,5.8757,3.1786,314623.165,78663.165
002881.SZ,20190509,16.63,3.9861,0.71,64.6368,5.6319,3.0467,301566.757,75398.757
002881.SZ,20190508,16.46,4.3888,0.63,63.9761,5.5743,3.0155,298483.994,74627.994
002881.SZ,20190507,16.61,4.3419,0.6,64.5591,5.6251,3.043,301204.079,75308.079
002881.SZ,20190506,16.29,8.4233,1.3,63.3153,5.5167,2.9844,295401.231,73857.231
002881.SZ,20190430,18.05,3.7418,0.51,70.156,6.1128,3.3068,327316.895,81836.895
002881.SZ,20190429,17.95,7.0239,0.86,69.7673,6.0789,3.2885,325503.505,81383.505
002881.SZ,20190426,18.89,11.2643,1.56,73.4209,6.3972,3.4607,342549.371,85645.371
002881.SZ,20190425,20.68,5.6757,0.77,66.6266,6.9755,5.837,375009.052,93761.052
002881.SZ,20190424,21.76,4.5765,0.5,70.1061,7.3398,6.1418,394593.664,98657.664
002881.SZ,20190423,21.37,7.8047,0.79,68.8496,7.2082,6.0318,387521.443,96889.443
002881.SZ,20190422,22.34,11.5638,1.26,71.9748,7.5354,6.3055,405111.326,101287.326
002881.SZ,20190419,21.93,6.4234,0.75,70.6538,7.3971,6.1898,397676.427,99428.427
002881.SZ,20190418,21.8,6.7208,0.78,70.235,7.3533,6.1531,395319.02,98839.02
002881.SZ,20190417,22.35,13.5554,1.84,72.007,7.5388,6.3084,405292.665,101332.665
002881.SZ,20190416,22.32,11.301,1.75,71.9103,7.5287,6.2999,404748.648,101196.648
002881.SZ,20190415,21.28,7.9694,1.09,68.5597,7.1779,6.0064,385889.392,96481.392
002881.SZ,20190412,20.85,3.1098,0.37,67.1743,7.0328,5.885,378091.815,94531.815
002881.SZ,20190411,20.7,7.2521,0.81,66.691,6.9822,5.8426,375371.73,93851.73
002881.SZ,20190410,21.38,7.2639,0.7,68.8819,7.2116,6.0346,387702.782,96934.782
002881.SZ,20190409,21.88,6.6762,0.54,70.4927,7.3803,6.1757,396769.732,99201.732
002881.SZ,20190408,21.74,12.3157,0.99,70.0417,7.333,6.1362,394230.986,98566.986
002881.SZ,20190404,22.69,8.2369,0.68,73.1024,7.6535,6.4043,411458.191,102874.191
002881.SZ,20190403,23.14,10.1775,0.9,74.5522,7.8053,6.5313,419618.446,104914.446
002881.SZ,20190402,23.05,14.7664,1.44,74.2622,7.7749,6.5059,417986.395,104506.395
002881.SZ,20190401,23.03,16.7043,1.86,74.1978,7.7682,6.5003,417623.717,104415.717
002881.SZ,20190329,22.4,12.1969,1.49,72.1681,7.5557,6.3225,406199.36,101559.36
002881.SZ,20190328,21.15,6.8581,0.75,68.1408,7.134,5.9697,383531.985,95891.985
002881.SZ,20190327,21.66,5.968,0.61,69.784,7.306,6.1136,392780.274,98204.274
002881.SZ,20190326,21.74,9.5143,0.99,70.0417,7.333,6.1362,394230.986,98566.986
002881.SZ,20190325,22.58,10.3286,1.1,72.748,7.6164,6.3733,409463.462,102375.462
002881.SZ,20190322,22.32,8.2818,0.84,71.9103,7.5287,6.2999,404748.648,101196.648
002881.SZ,20190321,22.19,11.851,1.14,71.4915,7.4848,6.2632,402391.241,100607.241
002881.SZ,20190320,21.6,8.7101,0.64,69.5906,7.2858,6.0967,391692.24,97932.24
002881.SZ,20190319,22.32,8.9176,0.49,71.9103,7.5287,6.2999,404748.648,101196.648
002881.SZ,20190318,22.18,9.2328,0.44,71.4593,7.4814,6.2604,402209.902,100561.902
002881.SZ,20190315,21.68,10.3833,0.46,69.8484,7.3128,6.1193,393142.952,98294.952
002881.SZ,20190314,22.26,14.6977,0.59,71.717,7.5084,6.283,403660.614,100924.614
002881.SZ,20190313,23.48,24.7432,1.0,75.6476,7.9199,6.6273,425783.972,106455.972
002881.SZ,20190312,23.31,32.3004,1.5,75.0999,7.8626,6.5793,422701.209,105685.209
002881.SZ,20190311,21.94,23.3209,1.18,70.6861,7.4005,6.1926,397857.766,99473.766
002881.SZ,20190308,20.4,17.6291,1.0,65.7245,6.881,5.758,369931.56,92491.56
002881.SZ,20190307,21.8,27.5498,2.0,70.235,7.3533,6.1531,395319.02,98839.02
002881.SZ,20190306,20.6,23.267,2.09,66.3689,6.9485,5.8144,373558.34,93398.34
002881.SZ,20190305,20.14,16.1319,1.48,64.8868,6.7933,5.6846,365216.746,91312.746
002881.SZ,20190304,19.6,14.2637,1.16,63.1471,6.6112,5.5322,355424.44,88864.44
002881.SZ,20190301,19.2,6.8054,0.51,61.8584,6.4763,5.4193,348170.88,87050.88
002881.SZ,20190228,19.39,8.4448,0.56,62.4705,6.5404,5.4729,351616.321,87912.321
002881.SZ,20190227,18.95,10.0172,0.65,61.0529,6.7228,5.3487,343637.405,85917.405
002881.SZ,20190226,19.27,14.9203,1.05,62.0839,6.8363,5.439,349440.253,87368.253
002881.SZ,20190225,19.74,21.527,1.8,63.5981,7.0031,5.5717,357963.186,89499.186
002881.SZ,20190222,18.77,12.3735,1.11,60.473,6.659,5.2979,340373.303,85101.303
002881.SZ,20190221,18.5,16.3665,1.83,59.6031,6.5632,5.2217,335477.15,83877.15
002881.SZ,20190220,18.7,11.546,1.4,60.2475,6.6341,5.2781,339103.93,84783.93
002881.SZ,20190219,18.26,9.3596,1.23,58.8299,6.478,5.154,331125.014,82789.014
002881.SZ,20190218,18.44,10.1767,1.54,59.4098,6.5419,5.2048,334389.116,83605.116
002881.SZ,20190215,17.77,8.4722,1.54,57.2512,6.3042,5.0156,322239.403,80567.403
002881.SZ,20190214,17.53,5.2132,0.95,56.478,6.2191,4.9479,317887.267,79479.267
002881.SZ,20190213,17.61,8.0154,1.68,56.7357,6.2474,4.9705,319337.979,79841.979
002881.SZ,20190212,17.3,6.2629,1.12,55.737,6.1375,4.883,313716.47,78436.47
002881.SZ,20190211,17.19,4.976,0.86,55.3826,6.0984,4.8519,311721.741,77937.741
002881.SZ,20190201,16.7,3.0478,0.41,53.8039,5.9246,4.7136,302836.13,75716.13
002881.SZ,20190131,16.2,5.2385,0.59,52.193,5.7472,4.5725,293769.18,73449.18
002881.SZ,20190130,16.57,4.3559,0.4,53.385,5.8785,4.6769,300478.723,75126.723
002881.SZ,20190129,17.03,10.2616,0.84,54.8671,6.0417,4.8068,308820.317,77212.317
002881.SZ,20190128,18.0,6.0174,0.41,57.9922,6.3858,5.0806,326410.2,81610.2
002881.SZ,20190125,18.23,11.1479,0.77,58.7332,6.4674,5.1455,330580.997,82652.997
002881.SZ,20190124,19.06,12.5722,0.84,61.4073,6.7618,5.3798,345632.134,86416.134
002881.SZ,20190123,19.36,14.5987,1.03,62.3738,6.8683,5.4644,351072.304,87776.304
002881.SZ,20190122,19.46,16.3924,1.14,62.696,6.9038,5.4927,352885.694,88229.694
002881.SZ,20190121,19.2,18.4806,1.45,61.8584,6.8115,5.4193,348170.88,87050.88
002881.SZ,20190118,18.55,10.5799,0.77,59.7642,6.5809,5.2358,336383.845,84103.845
002881.SZ,20190117,18.94,14.775,1.0,61.0207,6.7193,5.3459,343456.066,85872.066
002881.SZ,20190116,18.28,10.4302,0.68,58.8943,6.4851,5.1596,331487.692,82879.692
002881.SZ,20190115,18.8,17.6507,1.27,60.5696,6.6696,5.3064,340917.32,85237.32
002881.SZ,20190114,18.07,10.31,0.76,58.2177,6.4106,5.1003,327679.573,81927.573
002881.SZ,20190111,18.5,15.8658,1.35,59.6031,6.5632,5.2217,335477.15,83877.15
002881.SZ,20190110,18.59,19.2551,1.89,59.8931,6.5951,5.2471,337109.201,84285.201
002881.SZ,20190109,18.08,13.5529,1.42,58.25,6.4142,5.1031,327860.912,81972.912
002881.SZ,20190108,18.15,10.581,1.16,58.4755,6.439,5.1229,329130.285,82290.285
002881.SZ,20190107,17.94,8.4566,0.87,57.7989,6.3645,5.0636,325322.166,81338.166
002881.SZ,20190104,17.55,6.8904,0.63,56.5424,6.2261,4.9535,318249.945,79569.945
002881.SZ,20190103,17.3,11.3543,0.87,55.737,6.1375,4.883,313716.47,78436.47
002881.SZ,20190102,18.4,10.3602,0.77,59.2809,6.5277,5.1935,333663.76,83423.76
002881.SZ,20181228,17.81,8.4333,0.67,57.3801,6.3184,5.0269,322964.759,80748.759
002881.SZ,20181227,18.05,11.4718,1.01,58.1533,6.4035,5.0947,327316.895,81836.895
002881.SZ,20181226,18.01,13.4227,1.41,58.0244,6.3893,5.0834,326591.539,81655.539
002881.SZ,20181225,18.65,21.3828,3.65,60.0864,6.6164,5.264,338197.235,84557.235
002881.SZ,20181224,17.93,12.9484,,57.7667,6.361,5.0608,325140.827,81292.827
002881.SZ,20181221,17.09,3.9057,0.87,55.0604,6.063,4.8237,309908.351,77484.351
002881.SZ,20181220,17.12,4.9644,1.05,55.157,6.0736,4.8322,310452.368,77620.368
002881.SZ,20181219,16.8,4.4291,0.83,54.1261,5.9601,4.7419,304649.52,76169.52
002881.SZ,20181218,16.73,3.0375,0.47,53.9005,5.9352,4.7221,303380.147,75852.147
002881.SZ,20181217,16.93,3.187,0.43,54.5449,6.0062,4.7786,307006.927,76758.927
002881.SZ,20181214,16.84,6.7037,0.89,54.2549,5.9743,4.7531,305374.876,76350.876
002881.SZ,20181213,17.59,6.3404,0.81,56.6713,6.2403,4.9648,318975.301,79751.301
002881.SZ,20181212,17.33,7.3067,0.99,55.8336,6.1481,4.8915,314260.487,78572.487
002881.SZ,20181211,17.85,8.9517,1.3,57.5089,6.3326,5.0382,323690.115,80930.115
002881.SZ,20181210,17.5,8.1448,1.12,56.3813,6.2084,4.9394,317343.25,79343.25
002881.SZ,20181207,17.18,6.8424,0.93,55.3503,6.0949,4.8491,311540.402,77892.402
002881.SZ,20181206,16.87,7.8461,0.99,54.3516,5.9849,4.7616,305918.893,76486.893
002881.SZ,20181205,17.67,5.0784,0.54,56.929,6.2687,4.9874,320426.013,80114.013
002881.SZ,20181204,17.97,6.6014,0.57,57.8956,6.3751,5.0721,325866.183,81474.183
002881.SZ,20181203,17.96,9.8319,0.91,57.8633,6.3716,5.0693,325684.844,81428.844
002881.SZ,20181130,17.43,7.5181,0.69,56.1558,6.1836,4.9197,316073.877,79025.877
002881.SZ,20181129,17.1,10.4363,1.04,55.0926,6.0665,4.8265,310089.69,77529.69
002881.SZ,20181128,18.15,12.2421,1.34,58.4755,6.439,5.1229,329130.285,82290.285
002881.SZ,20181127,18.28,17.7164,2.24,58.8943,6.4851,5.1596,331487.692,82879.692
002881.SZ,20181126,17.32,5.8165,0.6,55.8014,6.1446,4.8886,314079.148,78527.148
002881.SZ,20181123,17.12,8.5509,0.73,55.157,6.0736,4.8322,310452.368,77620.368
002881.SZ,20181122,17.92,5.7309,0.37,57.7345,6.3574,5.058,324959.488,81247.488
002881.SZ,20181121,17.91,7.9958,0.43,57.7022,6.3539,5.0552,324778.149,81202.149
002881.SZ,20181120,18.0,11.4414,0.52,57.9922,6.3858,5.0806,326410.2,81610.2
002881.SZ,20181119,18.53,15.1015,0.62,59.6998,6.5738,5.2302,336021.167,84013.167
002881.SZ,20181116,19.02,18.4388,0.65,61.2784,6.7477,5.3685,344906.778,86234.778
002881.SZ,20181115,19.27,24.7667,0.78,62.0839,6.8363,5.439,349440.253,87368.253
002881.SZ,20181114,18.87,23.7555,0.7,60.7952,6.6944,5.3261,342186.693,85554.693
002881.SZ,20181113,19.17,27.8967,0.83,61.7617,6.8009,5.4108,347626.863,86914.863
002881.SZ,20181112,19.25,26.1037,0.86,62.0194,6.8292,5.4334,349077.575,87277.575
002881.SZ,20181109,19.2,38.7086,1.57,61.8584,6.8115,5.4193,348170.88,87050.88
002881.SZ,20181108,19.66,42.1126,2.25,63.3404,6.9747,5.5491,356512.474,89136.474
002881.SZ,20181107,17.87,35.6133,2.75,57.5734,6.3397,5.0439,324052.793,81020.793
002881.SZ,20181106,17.71,25.5101,2.76,57.0579,6.2829,4.9987,321151.369,80295.369
002881.SZ,20181105,16.1,9.6095,1.06,51.8708,5.7117,4.5443,291955.79,72995.79
002881.SZ,20181102,16.05,10.6473,1.09,51.7097,5.694,4.5302,291049.095,72769.095
002881.SZ,20181101,15.61,12.3437,1.49,50.2921,5.5379,4.406,283070.179,70774.179
002881.SZ,20181031,15.47,6.6522,0.84,49.8411,5.4882,4.3665,280531.433,70139.433
002881.SZ,20181030,15.24,6.9498,0.88,49.1001,5.4066,4.3015,276360.636,69096.636
002881.SZ,20181029,15.27,8.8394,1.1,49.1967,5.4173,4.31,276904.653,69232.653
002881.SZ,20181026,15.8,14.2618,2.03,50.9043,5.6053,4.4596,286515.62,71635.62
002881.SZ,20181025,15.17,4.7026,0.57,48.8745,5.4941,4.2818,275091.263,68779.263
002881.SZ,20181024,15.5,4.8025,0.48,49.9377,5.6136,4.3749,281075.45,70275.45
002881.SZ,20181023,15.69,6.7739,0.66,50.5499,5.6824,4.4286,284520.891,71136.891
002881.SZ,20181022,16.08,9.721,0.93,51.8064,5.8237,4.5386,291593.112,72905.112
002881.SZ,20181019,15.44,9.1913,0.93,49.7444,5.5919,4.358,279987.416,70003.416
002881.SZ,20181018,14.99,10.826,1.2,48.2946,5.4289,4.231,271827.161,67963.161
002881.SZ,20181017,16.33,13.9814,1.93,52.6118,5.9142,4.6092,296126.587,74038.587
002881.SZ,20181016,15.75,7.9198,1.25,50.7432,5.7041,4.4455,285608.925,71408.925
002881.SZ,20181015,16.01,10.0657,1.81,51.5808,5.7983,4.5189,290323.739,72587.739
002881.SZ,20181012,15.43,6.8216,1.46,49.7122,5.5882,4.3552,279806.077,69958.077
002881.SZ,20181011,15.15,6.4116,1.5,48.8101,5.4868,4.2761,274728.585,68688.585
002881.SZ,20181010,16.77,5.0935,1.3,54.0294,6.0736,4.7334,304105.503,76033.503
002881.SZ,20181009,16.24,3.2345,0.86,52.3219,5.8816,4.5838,294494.536,73630.536
002881.SZ,20181008,16.16,6.2093,1.9,52.0641,5.8526,4.5612,293043.824,73267.824
002881.SZ,20180928,17.96,2.4722,0.67,57.8633,6.5045,5.0693,325684.844,81428.844
002881.SZ,20180927,17.85,4.3657,1.13,57.5089,6.4647,5.0382,323690.115,80930.115
002881.SZ,20180926,18.35,3.318,0.8,59.1198,6.6458,5.1794,332757.065,83197.065
002881.SZ,20180925,18.22,2.474,0.57,58.701,6.5987,5.1427,330399.658,82607.658
002881.SZ,20180921,18.4,3.734,0.82,59.2809,6.6639,5.1935,333663.76,83423.76
002881.SZ,20180920,18.24,4.5405,0.88,58.7654,6.6059,5.1483,330762.336,82698.336
002881.SZ,20180919,18.63,5.3048,1.1,60.0219,6.7472,5.2584,337834.557,84466.557
002881.SZ,20180918,18.54,4.6057,0.97,59.732,6.7146,5.233,336202.506,84058.506
002881.SZ,20180917,18.17,3.5513,0.74,58.5399,6.5806,5.1285,329492.963,82380.963
002881.SZ,20180914,18.26,4.8662,0.91,58.8299,6.6132,5.154,331125.014,82789.014
002881.SZ,20180913,18.9,7.3696,1.4,60.8918,6.845,5.3346,342730.71,85690.71
002881.SZ,20180912,18.53,3.795,0.61,59.6998,6.711,5.2302,336021.167,84013.167
002881.SZ,20180911,18.49,4.2339,0.67,59.5709,6.6965,5.2189,335295.811,83831.811
002881.SZ,20180910,18.22,3.8935,0.54,58.701,6.5987,5.1427,330399.658,82607.658
002881.SZ,20180907,18.52,7.3076,1.04,59.6675,6.7073,5.2273,335839.828,83967.828
002881.SZ,20180906,19.19,7.0463,0.97,61.8261,6.95,5.4164,347989.541,87005.541
002881.SZ,20180905,19.31,8.3794,1.2,62.2128,6.9935,5.4503,350165.609,87549.609
002881.SZ,20180904,19.04,5.128,0.59,61.3429,6.8957,5.3741,345269.456,86325.456
002881.SZ,20180903,18.87,8.4849,0.88,60.7952,6.8341,5.3261,342186.693,85554.693
002881.SZ,20180831,19.47,6.1825,0.61,62.7282,7.0514,5.4955,353067.033,88275.033
002881.SZ,20180830,19.7,8.2857,0.73,63.4692,7.1347,5.5604,357237.83,89317.83
002881.SZ,20180829,20.5,6.9619,0.6,66.0467,7.4244,5.7862,371744.95,92944.95
002881.SZ,20180828,20.85,13.7461,1.14,67.1743,7.5512,5.885,378091.815,94531.815
002881.SZ,20180827,20.92,12.8715,1.02,67.3998,7.6958,5.9047,379361.188,94849.188
002881.SZ,20180824,20.1,8.713,0.62,64.758,7.3942,5.6733,364491.39,91131.39
002881.SZ,20180823,20.68,14.4232,0.87,66.6266,7.6075,5.837,375009.052,93761.052
002881.SZ,20180822,20.39,8.4843,0.49,65.6923,7.5009,5.7552,369750.221,92446.221
002881.SZ,20180821,20.82,15.7372,0.93,67.0777,7.659,5.8765,377547.798,94395.798
002881.SZ,20180820,20.92,15.9238,0.83,67.3998,7.6958,5.9047,379361.188,94849.188
002881.SZ,20180817,20.18,15.4492,0.77,65.0157,7.4236,5.6959,365942.102,91494.102
002881.SZ,20180816,20.91,27.4551,1.66,67.3676,7.6922,5.9019,379179.849,94803.849
002881.SZ,20180815,19.76,11.5506,0.75,63.6626,7.2691,5.5773,358325.864,89589.864
002881.SZ,20180814,20.31,14.6827,1.07,65.4345,7.4714,5.7326,368299.509,92083.509
002881.SZ,20180813,21.05,26.7804,2.85,67.8187,7.7437,5.9414,381718.595,95438.595
002881.SZ,20180810,20.66,20.4046,3.25,66.5622,7.6002,5.8314,374646.374,93670.374
002881.SZ,20180809,18.78,9.4068,1.59,60.5052,6.9086,5.3007,340554.642,85146.642
002881.SZ,20180808,18.0,5.9756,0.94,57.9922,6.6217,5.0806,326410.2,81610.2
002881.SZ,20180807,18.66,6.3081,1.04,60.1186,6.8644,5.2669,338378.574,84602.574
002881.SZ,20180806,18.0,4.85,0.71,57.9922,6.6217,5.0806,326410.2,81610.2
002881.SZ,20180803,18.37,4.8464,0.63,59.1843,6.7578,5.185,333119.743,83287.743
002881.SZ,20180802,18.61,7.6749,0.8,59.9575,6.8461,5.2527,337471.879,84375.879
002881.SZ,20180801,19.32,8.1202,0.65,62.245,7.1072,5.4531,350346.948,87594.948
002881.SZ,20180731,20.21,4.836,0.36,65.1124,7.4346,5.7043,366486.119,91630.119
002881.SZ,20180730,20.13,8.4739,0.6,64.8546,7.4052,5.6818,365035.407,91267.407
002881.SZ,20180727,20.9,9.5373,0.64,67.3354,7.6885,5.8991,378998.51,94758.51
002881.SZ,20180726,21.56,16.9656,1.16,69.4618,7.9313,6.0854,390966.884,97750.884
002881.SZ,20180725,22.83,22.6503,1.5,73.5534,8.3985,6.4438,413996.937,103508.937
002881.SZ,20180724,21.99,10.3724,0.46,70.8471,8.0895,6.2068,398764.461,99700.461
002881.SZ,20180723,22.21,10.6453,0.44,71.5559,8.1704,6.2689,402753.919,100697.919
002881.SZ,20180720,22.26,13.4791,0.55,71.717,8.1888,6.283,403660.614,100924.614
002881.SZ,20180719,21.85,15.7404,0.64,70.3961,8.038,6.1672,396225.715,99065.715
002881.SZ,20180718,22.5,25.5093,1.15,72.4903,8.2771,6.3507,408012.75,102012.75
002881.SZ,20180717,23.57,46.2201,2.94,75.9376,8.6707,6.6527,427416.023,106864.023
002881.SZ,20180716,22.75,19.4258,1.4,73.2957,8.369,6.4213,412546.225,103146.225
002881.SZ,20180713,20.68,15.6736,1.21,66.6266,7.6075,5.837,375009.052,93761.052
002881.SZ,20180712,20.51,15.912,1.27,66.0789,7.545,5.789,371926.289,92990.289
002881.SZ,20180711,19.85,13.5333,0.97,63.9525,7.3022,5.6027,359957.915,89997.915
002881.SZ,20180710,20.85,14.1942,1.02,67.1743,7.6701,5.885,378091.815,94531.815
002881.SZ,20180709,20.18,10.3055,0.71,65.0157,7.4236,5.6959,365942.102,91494.102
002881.SZ,20180706,19.35,10.7419,0.71,62.3416,7.1183,5.4616,350890.965,87730.965
002881.SZ,20180705,19.09,13.8041,0.88,61.504,7.0226,5.3882,346176.151,86552.151
002881.SZ,20180704,20.54,20.9233,1.54,66.1756,7.556,5.7975,372470.306,93126.306
002881.SZ,20180703,20.8,13.4756,1.02,67.0132,7.6517,5.8709,377185.12,94305.12
002881.SZ,20180702,19.81,13.6018,1.07,63.8236,7.2875,5.5914,359232.559,89816.559
002881.SZ,20180629,20.85,13.9955,1.16,67.1743,7.6701,5.885,378091.815,94531.815
002881.SZ,20180628,20.49,16.2651,1.46,66.0145,7.5376,5.7834,371563.611,92899.611
002881.SZ,20180627,19.93,10.6061,0.94,64.2103,7.3316,5.6253,361408.627,90360.627
002881.SZ,20180626,19.71,11.7722,1.04,63.5015,7.2507,5.5632,357419.169,89363.169
002881.SZ,20180625,19.2,11.0543,0.94,61.8584,7.0631,5.4193,348170.88,87050.88
002881.SZ,20180622,19.12,10.7721,0.82,61.6006,7.0337,5.3967,346720.168,86688.168
002881.SZ,20180621,18.12,11.5353,0.8,58.3788,6.6658,5.1144,328586.268,82154.268
002881.SZ,20180620,19.14,11.458,0.71,61.665,7.041,5.4023,347082.846,86778.846
002881.SZ,20180619,18.97,11.5545,0.62,61.1173,6.9785,5.3544,344000.083,86008.083
002881.SZ,20180615,21.08,13.4913,0.62,67.9153,7.7547,5.9499,382262.612,95574.612
002881.SZ,20180614,22.0,17.8151,0.62,70.8794,8.0931,6.2096,398945.8,99745.8
002881.SZ,20180613,21.17,18.0569,0.66,68.2053,7.7878,5.9753,383894.663,95982.663
002881.SZ,20180612,22.5,19.6092,0.7,72.4903,8.2771,6.3507,408012.75,102012.75
002881.SZ,20180611,23.3,23.7192,0.94,75.0677,8.5714,6.5765,422519.87,105639.87
002881.SZ,20180608,23.0,29.5433,1.45,74.1012,8.461,6.4918,417079.7,104279.7
002881.SZ,20180607,23.45,51.6364,4.65,75.551,8.6265,6.6188,425239.955,106319.955
002881.SZ,20180606,25.1,13.2894,1.28,80.8669,9.2335,7.0846,455160.89,113800.89
002881.SZ,20180605,22.82,22.6186,2.95,73.5212,8.3948,6.441,413815.598,103463.598
002881.SZ,20180604,37.94,14.701,1.21,71.9028,8.0361,6.2992,404705.98,101185.98
002881.SZ,20180601,36.53,9.786,0.72,69.2306,7.7374,6.0651,389665.51,97425.51
002881.SZ,20180531,35.92,8.9313,0.63,68.0745,7.6082,5.9639,383158.64,95798.64
002881.SZ,20180530,35.09,16.1537,1.04,66.5015,7.4324,5.826,374305.03,93585.03
002881.SZ,20180529,38.99,15.6656,0.9,73.8927,8.2585,6.4736,415906.33,103986.33
002881.SZ,20180528,38.5,10.2786,0.54,72.9641,8.1547,6.3922,410679.5,102679.5
002881.SZ,20180525,38.84,17.1034,0.95,73.6084,8.2267,6.4487,414306.28,103586.28
002881.SZ,20180524,40.58,12.2403,0.68,76.906,8.5953,6.7376,432866.86,108226.86
002881.SZ,20180523,40.7,22.5543,1.29,77.1334,8.6207,6.7575,434146.9,108546.9
002881.SZ,20180522,40.93,24.9307,1.69,77.5693,8.6694,6.7957,436600.31,109160.31
002881.SZ,20180521,39.63,19.1846,1.45,75.1056,8.394,6.5798,422733.21,105693.21
002881.SZ,20180518,37.85,11.1048,0.79,71.7322,8.017,6.2843,403745.95,100945.95
002881.SZ,20180517,38.52,11.9798,0.8,73.002,8.1589,6.3955,410892.84,102732.84
002881.SZ,20180516,38.95,20.3803,1.32,73.8169,8.25,6.4669,415479.65,103879.65
002881.SZ,20180515,37.88,10.8958,0.54,71.789,8.0234,6.2893,404065.96,101025.96
002881.SZ,20180514,37.73,12.0042,0.44,71.5048,7.9916,6.2644,402465.91,100625.91
002881.SZ,20180511,37.22,14.9888,0.49,70.5382,7.8836,6.1797,397025.74,99265.74
002881.SZ,20180510,38.8,16.9546,0.56,73.5326,8.2182,6.442,413879.6,103479.6
002881.SZ,20180509,38.96,22.2825,0.77,73.8358,8.2521,6.4686,415586.32,103906.32
002881.SZ,20180508,39.3,34.7339,1.3,74.4802,8.3242,6.525,419213.1,104813.1
002881.SZ,20180507,40.48,47.3279,2.4,76.7165,8.5741,6.721,431800.16,107960.16
002881.SZ,20180504,36.8,31.7024,1.85,69.7423,7.7946,6.11,392545.6,98145.6
002881.SZ,20180503,35.3,16.0562,0.88,66.8995,7.4769,5.8609,376545.1,94145.1
002881.SZ,20180502,32.75,14.0814,0.73,62.0668,6.9368,5.4375,349344.25,87344.25
002881.SZ,20180427,34.15,24.0295,1.43,64.7201,7.2333,5.67,364278.05,91078.05
002881.SZ,20180426,33.36,12.7819,0.78,76.1776,7.1819,7.4188,355851.12,88971.12
002881.SZ,20180425,34.79,18.5696,1.23,79.443,7.4897,7.7369,371104.93,92784.93
002881.SZ,20180424,34.99,21.8988,1.65,79.8997,7.5328,7.7813,373238.33,93318.33
002881.SZ,20180423,33.8,19.3127,1.71,77.1823,7.2766,7.5167,360544.6,90144.6
002881.SZ,20180420,31.7,11.3232,0.98,72.3869,6.8245,7.0497,338143.9,84543.9
002881.SZ,20180419,31.71,10.6042,0.76,72.4098,6.8267,7.0519,338250.57,84570.57
002881.SZ,20180418,32.16,12.1327,0.68,73.4374,6.9235,7.152,343050.72,85770.72
002881.SZ,20180417,31.32,13.0477,0.66,71.5192,6.7427,6.9652,334090.44,83530.44
002881.SZ,20180416,33.75,9.2761,0.42,77.0681,7.2658,7.5056,360011.25,90011.25
002881.SZ,20180413,33.11,12.8801,0.5,75.6067,7.1281,7.3633,353184.37,88304.37
002881.SZ,20180412,34.17,22.2296,0.76,78.0272,7.3563,7.599,364491.39,91131.39
002881.SZ,20180411,36.62,31.4699,1.01,83.6218,7.8837,8.1438,390625.54,97665.54
002881.SZ,20180410,34.68,22.9709,0.73,79.1918,7.4661,7.7124,369931.56,92491.56
002881.SZ,20180409,33.75,20.6211,0.59,77.0681,7.2658,7.5056,360011.25,90011.25
002881.SZ,20180404,33.45,31.0551,0.95,76.3831,7.2013,7.4389,356811.15,89211.15
002881.SZ,20180403,36.61,39.5794,1.47,83.5989,7.8816,8.1416,390518.87,97638.87
002881.SZ,20180402,35.04,41.6576,2.1,80.0138,7.5436,7.7925,373771.68,93451.68
002881.SZ,20180330,31.85,24.1517,1.42,72.7295,6.8568,7.083,339743.95,84943.95
002881.SZ,20180329,31.8,38.0435,3.46,72.6153,6.846,7.0719,339210.6,84810.6
002881.SZ,20180328,32.78,19.3456,2.11,74.8531,7.057,7.2899,349664.26,87424.26
002881.SZ,20180327,29.8,11.0,1.35,68.0483,6.4155,6.6271,317876.6,79476.6
002881.SZ,20180326,27.09,6.7759,0.87,61.86,5.8321,6.0245,288969.03,72249.03
002881.SZ,20180323,26.14,9.9687,1.46,59.6907,5.6275,5.8132,278835.38,69715.38
002881.SZ,20180322,29.04,7.8476,1.05,66.3128,6.2519,6.4581,309769.68,77449.68
002881.SZ,20180321,28.65,10.3259,1.49,65.4223,6.1679,6.3714,305609.55,76409.55
002881.SZ,20180320,28.2,5.8698,0.74,64.3947,6.071,6.2713,300809.4,75209.4
002881.SZ,20180319,27.89,4.8375,0.48,63.6868,6.0043,6.2024,297502.63,74382.63
002881.SZ,20180316,27.49,5.2214,0.43,62.7734,5.9182,6.1134,293235.83,73315.83
002881.SZ,20180315,27.75,11.0873,0.9,63.3671,5.9741,6.1713,296009.25,74009.25
002881.SZ,20180314,29.39,7.7388,0.59,67.1121,6.3272,6.536,313503.13,78383.13
002881.SZ,20180313,29.36,10.893,0.72,67.0436,6.3207,6.5293,313183.12,78303.12
002881.SZ,20180312,30.35,15.8203,1.12,69.3042,6.5339,6.7495,323743.45,80943.45
002881.SZ,20180309,30.2,15.8247,1.17,68.9617,6.5016,6.7161,322143.4,80543.4
002881.SZ,20180308,28.92,11.04,0.86,66.0388,6.226,6.4314,308489.64,77129.64
002881.SZ,20180307,28.65,12.2534,1.01,65.4223,6.1679,6.3714,305609.55,76409.55
002881.SZ,20180306,29.4,20.7733,2.04,67.1349,6.3294,6.5382,313609.8,78409.8
002881.SZ,20180305,28.04,10.591,1.02,64.0293,6.0366,6.2357,299102.68,74782.68
002881.SZ,20180302,27.4,12.7326,1.3,62.5679,5.8988,6.0934,292275.8,73075.8
002881.SZ,20180301,27.5,8.21,0.82,62.7962,5.9203,6.1157,293342.5,73342.5
002881.SZ,20180228,27.02,8.2374,0.75,61.7002,5.817,6.0089,288222.34,72062.34
002881.SZ,20180227,27.04,11.1298,0.94,61.7458,5.8213,6.0134,288435.68,72115.68
002881.SZ,20180226,27.23,11.7796,0.93,62.1797,6.2855,6.0556,290462.41,72622.41
002881.SZ,20180223,25.74,9.738,0.78,58.7773,5.9416,5.7243,274568.58,68648.58
002881.SZ,20180222,26.55,9.1343,0.76,60.6269,6.1286,5.9044,283208.85,70808.85
002881.SZ,20180214,26.6,13.4123,1.26,60.7411,6.1401,5.9155,283742.2,70942.2
002881.SZ,20180213,28.2,15.4103,1.66,64.3947,6.5094,6.2713,300809.4,75209.4
002881.SZ,20180212,26.73,15.8581,2.14,61.038,6.1701,5.9444,285128.91,71288.91
002881.SZ,20180209,24.3,8.8217,1.23,55.489,5.6092,5.404,259208.1,64808.1
002881.SZ,20180208,23.6,6.3799,0.81,53.8906,5.4476,5.2483,251741.2,62941.2
002881.SZ,20180207,22.76,6.853,0.84,51.9725,5.2537,5.0615,242780.92,60700.92
002881.SZ,20180206,22.51,8.5161,1.1,51.4016,5.196,5.0059,240114.17,60034.17
002881.SZ,20180205,25.0,6.5317,0.8,57.0875,5.7708,5.5597,266675.0,66675.0
002881.SZ,20180202,25.7,7.6021,0.81,58.6859,5.9324,5.7154,274141.9,68541.9
002881.SZ,20180201,28.55,9.7361,0.77,65.1939,6.5902,6.3492,304542.85,76142.85
002881.SZ,20180131,28.81,8.5797,0.58,65.7876,6.6503,6.407,307316.27,76836.27
002881.SZ,20180130,29.68,6.3476,0.44,67.7743,6.8511,6.6005,316596.56,79156.56
002881.SZ,20180129,29.2,8.5917,0.63,66.6782,6.7403,6.4937,311476.4,77876.4
002881.SZ,20180126,30.01,13.4634,1.13,68.5278,6.9272,6.6739,320116.67,80036.67
002881.SZ,20180125,30.82,25.8346,3.45,70.3775,7.1142,6.854,328756.94,82196.94
002881.SZ,20180124,30.55,20.0574,4.43,69.7609,7.0519,6.7939,325876.85,81476.85
002881.SZ,20180123,27.77,3.7171,0.85,63.4128,6.4102,6.1757,296222.59,74062.59
002881.SZ,20180122,27.71,4.7668,1.07,63.2758,6.3963,6.1624,295582.57,73902.57
002881.SZ,20180119,27.71,5.4346,1.34,63.2758,6.3963,6.1624,295582.57,73902.57
002881.SZ,20180118,27.48,3.4571,0.78,62.7506,6.3432,6.1112,293129.16,73289.16
002881.SZ,20180117,27.85,5.2689,1.23,63.5955,6.4287,6.1935,297075.95,74275.95
002881.SZ,20180116,27.13,3.0578,0.66,61.9514,6.2625,6.0334,289395.71,72355.71
002881.SZ,20180115,26.7,5.0448,1.13,60.9694,6.1632,5.9377,284808.9,71208.9
002881.SZ,20180112,28.16,3.4572,0.68,64.3034,6.5002,6.2624,300382.72,75102.72
002881.SZ,20180111,28.83,5.2453,0.97,65.8333,6.6549,6.4114,307529.61,76889.61
002881.SZ,20180110,28.03,4.6202,0.79,64.0065,6.4702,6.2335,298996.01,74756.01
002881.SZ,20180109,28.88,4.9259,0.86,65.9475,6.6664,6.4226,308062.96,77022.96
002881.SZ,20180108,28.47,4.1527,0.74,65.0112,6.5718,6.3314,303689.49,75929.49
002881.SZ,20180105,28.53,6.5631,1.25,65.1483,6.5856,6.3447,304329.51,76089.51
002881.SZ,20180104,29.32,6.6572,1.31,66.9522,6.768,6.5204,312756.44,78196.44
002881.SZ,20180103,30.24,7.0677,1.36,69.053,6.9803,6.725,322570.08,80650.08
002881.SZ,20180102,30.31,4.0505,0.72,69.2129,6.9965,6.7406,323316.77,80836.77
002881.SZ,20171229,30.39,3.7063,0.61,69.3956,7.015,6.7584,324170.13,81050.13
002881.SZ,20171228,30.29,4.7724,0.67,69.1672,6.9919,6.7361,323103.43,80783.43
002881.SZ,20171227,30.42,5.7786,0.76,69.4641,7.0219,6.765,324490.14,81130.14
002881.SZ,20171226,30.98,7.7559,0.92,70.7428,7.1512,6.8896,330463.66,82623.66
002881.SZ,20171225,30.6,6.1287,0.73,69.8751,7.0634,6.8051,326410.2,81610.2
002881.SZ,20171222,31.0,5.8906,0.67,70.7885,7.1558,6.894,330677.0,82677.0
002881.SZ,20171221,31.17,10.1407,1.14,71.1767,7.195,6.9318,332490.39,83130.39
002881.SZ,20171220,30.72,8.2316,0.88,70.1491,7.0911,6.8317,327690.24,81930.24
002881.SZ,20171219,31.52,11.8361,1.33,71.9759,7.2758,7.0097,336223.84,84063.84
002881.SZ,20171218,29.65,5.6294,0.55,67.7058,6.8441,6.5938,316276.55,79076.55
002881.SZ,20171215,30.11,8.3613,0.64,68.7562,6.9503,6.6961,321183.37,80303.37
002881.SZ,20171214,30.75,10.3054,0.71,70.2176,7.0981,6.8384,328010.25,82010.25
002881.SZ,20171213,30.58,10.6367,0.78,69.8294,7.0588,6.8006,326196.86,81556.86
002881.SZ,20171212,30.26,9.7209,0.75,69.0987,6.985,6.7294,322783.42,80703.42
002881.SZ,20171211,30.2,12.0998,0.99,68.9617,6.9711,6.7161,322143.4,80543.4
002881.SZ,20171208,29.84,22.585,2.48,68.1396,6.888,6.636,318303.28,79583.28
002881.SZ,20171207,29.49,17.0788,2.5,67.3404,6.8072,6.5582,314569.83,78649.83
002881.SZ,20171206,26.81,6.3742,0.82,61.2206,6.1886,5.9622,285982.27,71502.27
002881.SZ,20171205,25.85,7.0853,0.94,59.0285,5.967,5.7487,275741.95,68941.95
002881.SZ,20171204,26.07,8.0202,0.98,59.5308,6.0178,5.7976,278088.69,69528.69
002881.SZ,20171201,27.82,6.8901,0.81,63.527,6.4217,6.1868,296755.94,74195.94
002881.SZ,20171130,27.19,5.8402,0.65,62.0884,6.2763,6.0467,290035.73,72515.73
002881.SZ,20171129,27.46,11.2157,1.34,62.7049,6.3386,6.1068,292915.82,73235.82
002881.SZ,20171128,28.72,5.8354,0.63,65.5821,6.6295,6.387,306356.24,76596.24
002881.SZ,20171127,28.05,11.0154,1.27,64.0522,6.4748,6.238,299209.35,74809.35
002881.SZ,20171124,31.17,8.8243,0.87,71.1767,7.195,6.9318,332490.39,83130.39
002881.SZ,20171123,30.87,7.8802,0.62,70.4916,7.1258,6.8651,329290.29,82330.29
002881.SZ,20171122,31.17,8.4483,0.56,71.1767,7.195,6.9318,332490.39,83130.39
002881.SZ,20171121,31.7,10.4073,0.65,72.3869,7.3174,7.0497,338143.9,84543.9
002881.SZ,20171120,31.5,7.7725,0.43,71.9302,7.2712,7.0052,336010.5,84010.5
002881.SZ,20171117,30.49,16.339,0.81,69.6239,7.038,6.7806,325236.83,81316.83
002881.SZ,20171116,33.41,20.1702,1.08,76.2917,7.7121,7.43,356384.47,89104.47
002881.SZ,20171115,36.63,21.0608,1.06,83.6446,8.4554,8.1461,390732.21,97692.21
002881.SZ,20171114,35.4,14.9782,0.75,80.8359,8.1714,7.8725,377611.8,94411.8
002881.SZ,20171113,37.13,18.4738,0.94,84.7863,8.5708,8.2573,396065.71,99025.71
002881.SZ,20171110,36.9,25.7032,1.54,84.2611,8.5177,8.2061,393612.3,98412.3
002881.SZ,20171109,35.69,12.8621,0.8,81.4981,8.2384,7.937,380705.23,95185.23
002881.SZ,20171108,35.48,27.1542,2.16,81.0186,8.1899,7.8903,378465.16,94625.16
002881.SZ,20171107,34.68,15.8085,1.44,79.1918,8.0052,7.7124,369931.56,92491.56
002881.SZ,20171106,34.05,17.0545,1.6,77.7532,7.8598,7.5723,363211.35,90811.35
002881.SZ,20171103,32.07,10.7842,0.97,73.2318,7.4028,7.132,342090.69,85530.69
002881.SZ,20171102,32.65,9.0987,0.71,74.5563,7.5366,7.261,348277.55,87077.55
002881.SZ,20171101,32.99,9.9738,0.79,75.3327,7.6151,7.3366,351904.33,87984.33
002881.SZ,20171031,32.53,7.8184,0.57,74.2822,7.5089,7.2343,346997.51,86757.51
002881.SZ,20171030,32.11,15.6358,1.2,73.3232,7.412,7.1409,342517.37,85637.37
002881.SZ,20171027,35.07,13.0479,1.02,80.0823,8.0953,7.7991,374091.69,93531.69
002881.SZ,20171026,35.65,17.6244,1.41,81.4068,8.2291,7.9281,380278.55,95078.55
002881.SZ,20171025,34.35,9.1625,0.63,78.4382,7.9291,7.639,366411.45,91611.45
002881.SZ,20171024,34.0,12.7791,0.86,77.639,7.8483,7.5612,362678.0,90678.0
002881.SZ,20171023,35.26,12.3962,0.78,80.5162,8.2903,7.8414,376118.42,94038.42
002881.SZ,20171020,33.88,11.9091,0.67,77.365,7.9659,7.5345,361397.96,90357.96
002881.SZ,20171019,34.0,16.425,0.81,77.639,7.9941,7.5612,362678.0,90678.0
002881.SZ,20171018,35.4,19.778,0.79,80.8359,8.3233,7.8725,377611.8,94411.8
002881.SZ,20171017,36.2,13.6772,0.4,82.6627,8.5114,8.0504,386145.4,96545.4
002881.SZ,20171016,35.12,17.2525,0.46,80.1965,8.2574,7.8103,374625.04,93665.04
002881.SZ,20171013,36.77,21.763,0.53,83.9643,8.6454,8.1772,392225.59,98065.59
002881.SZ,20171012,37.66,28.3911,0.66,85.9966,8.8546,8.3751,401719.22,100439.22
002881.SZ,20171011,37.25,44.6097,1.01,85.0604,8.7582,8.2839,397345.75,99345.75
002881.SZ,20171010,41.39,57.1149,1.5,94.5141,9.7316,9.2046,441507.13,110387.13
002881.SZ,20171009,38.0,37.1447,0.83,86.773,8.9346,8.4507,405346.0,101346.0
002881.SZ,20170929,36.0,36.6179,0.84,82.206,8.4643,8.006,384012.0,96012.0
002881.SZ,20170928,35.44,39.9687,0.97,80.9272,8.3327,7.8814,378038.48,94518.48
002881.SZ,20170927,37.35,49.4114,1.41,85.2887,8.7817,8.3062,398412.45,99612.45
002881.SZ,20170926,35.28,27.7378,0.83,80.5619,8.295,7.8458,376331.76,94091.76
002881.SZ,20170925,39.2,69.7408,3.12,89.5132,9.2167,8.7176,418146.4,104546.4
002881.SZ,20170922,35.64,29.9219,1.57,81.3839,8.3797,7.9259,380171.88,95051.88
002881.SZ,20170921,32.4,29.5453,1.87,73.9854,7.6179,7.2054,345610.8,86410.8
002881.SZ,20170920,31.59,18.4924,1.22,72.1358,7.4275,7.0252,336970.53,84250.53
002881.SZ,20170919,30.8,19.6013,1.13,70.3318,7.2417,6.8495,328543.6,82143.6
002881.SZ,20170918,30.46,14.2425,0.7,69.5554,7.1618,6.7739,324916.82,81236.82
002881.SZ,20170915,30.77,13.2421,0.49,70.2633,7.2347,6.8429,328223.59,82063.59
002881.SZ,20170914,30.88,13.6259,0.38,70.5145,7.2605,6.8673,329396.96,82356.96
002881.SZ,20170913,31.1,14.9186,0.38,71.0168,7.3122,6.9163,331743.7,82943.7
002881.SZ,20170912,30.86,30.6745,0.76,70.4688,7.2558,6.8629,329183.62,82303.62
002881.SZ,20170911,33.17,28.8913,0.65,75.7437,7.7989,7.3766,353824.39,88464.39
002881.SZ,20170908,32.97,47.6352,1.02,75.287,7.7519,7.3321,351690.99,87930.99
002881.SZ,20170907,35.42,56.5599,1.48,80.8816,8.328,7.877,377825.14,94465.14
002881.SZ,20170906,32.2,31.9049,0.86,73.5287,7.5709,7.1609,343477.4,85877.4
002881.SZ,20170905,30.99,37.752,1.0,70.7657,7.2864,6.8918,330570.33,82650.33
002881.SZ,20170904,31.38,49.1168,1.36,71.6562,7.3781,6.9785,334730.46,83690.46
002881.SZ,20170901,34.87,59.1475,1.89,79.6256,8.1987,7.7547,371958.29,92998.29
002881.SZ,20170831,31.7,13.4964,0.39,72.3869,7.4533,7.0497,338143.9,84543.9
002881.SZ,20170830,28.82,25.3495,0.7,65.8105,6.7762,6.4092,307422.94,76862.94
002881.SZ,20170829,29.09,41.7283,1.32,66.427,6.8397,6.4693,310303.03,77583.03
002881.SZ,20170828,29.85,40.3876,1.44,68.1625,7.0183,6.6383,318409.95,79609.95
002881.SZ,20170825,28.35,35.3518,1.57,64.7372,6.6657,6.3047,302409.45,75609.45
002881.SZ,20170824,25.9,32.2021,1.73,59.1426,6.2211,5.7598,276275.3,69075.3
002881.SZ,20170823,26.88,32.0719,2.14,61.3805,6.4565,5.9778,286728.96,71688.96
002881.SZ,20170822,25.08,17.5794,1.32,57.2702,6.0242,5.5775,267528.36,66888.36
002881.SZ,20170821,25.44,22.6794,2.28,58.0922,6.1107,5.6575,271368.48,67848.48
002881.SZ,20170818,23.6,7.8076,0.82,53.8906,5.6687,5.2483,251741.2,62941.2
002881.SZ,20170817,24.03,13.176,1.5,54.8725,5.772,5.344,256328.01,64088.01
002881.SZ,20170816,23.8,13.8582,1.96,54.3473,5.7167,5.2928,253874.6,63474.6
002881.SZ,20170815,22.99,9.1091,1.44,52.4977,5.5222,5.1127,245234.33,61314.33
002881.SZ,20170814,22.42,5.8574,0.98,51.1961,5.3853,4.9859,239154.14,59794.14
002881.SZ,20170811,22.12,5.3836,0.88,50.511,5.3132,4.9192,235954.04,58994.04
002881.SZ,20170810,22.12,9.5955,1.69,50.511,5.3132,4.9192,235954.04,58994.04
002881.SZ,20170809,22.74,5.3395,0.83,51.9268,5.4621,5.0571,242567.58,60647.58
002881.SZ,20170808,23.09,5.3699,0.74,52.726,5.5462,5.1349,246301.03,61581.03
002881.SZ,20170807,23.37,4.1109,0.52,53.3654,5.6134,5.1972,249287.79,62327.79
002881.SZ,20170804,23.18,6.3073,0.74,52.9315,5.5678,5.1549,247261.06,61821.06
002881.SZ,20170803,23.76,7.251,0.74,54.256,5.7071,5.2839,253447.92,63367.92
002881.SZ,20170802,23.74,9.1019,0.93,54.2103,5.7023,5.2795,253234.58,63314.58
002881.SZ,20170801,24.72,9.2857,0.99,56.4481,5.9377,5.4974,263688.24,65928.24
002881.SZ,20170731,25.0,7.7087,0.76,57.0875,6.005,5.5597,266675.0,66675.0
002881.SZ,20170728,25.27,9.4924,0.92,57.704,6.0698,5.6197,269555.09,67395.09
002881.SZ,20170727,25.55,13.6883,1.37,58.3434,6.1371,5.682,272541.85,68141.85
002881.SZ,20170726,24.85,8.5592,0.79,56.745,5.9689,5.5263,265074.95,66274.95
002881.SZ,20170725,25.3,7.6108,0.65,57.7725,6.077,5.6264,269875.1,67475.1
002881.SZ,20170724,25.86,11.3218,0.87,59.0513,6.2115,5.7509,275848.62,68968.62
002881.SZ,20170721,25.48,10.2679,0.74,58.1836,6.1203,5.6664,271795.16,67955.16
002881.SZ,20170720,25.65,12.0584,0.78,58.5718,6.1611,5.7042,273608.55,68408.55
002881.SZ,20170719,26.15,12.5894,0.68,59.7135,6.2812,5.8154,278942.05,69742.05
002881.SZ,20170718,25.65,12.1514,0.55,58.5718,6.1611,5.7042,273608.55,68408.55
002881.SZ,20170717,26.06,17.6589,0.69,59.508,6.2596,5.7954,277982.02,69502.02
002881.SZ,20170714,28.95,15.1557,0.43,66.1073,6.9537,6.4381,308809.65,77209.65
002881.SZ,20170713,29.04,20.0452,0.63,66.3128,6.9754,6.4581,309769.68,77449.68
002881.SZ,20170712,30.87,26.9418,1.01,70.4916,7.4149,6.8651,329290.29,82330.29
002881.SZ,20170711,30.33,31.5822,1.55,69.2586,7.2852,6.745,323530.11,80890.11
002881.SZ,20170710,32.14,34.135,2.51,73.3917,7.72,7.1475,342837.38,85717.38
002881.SZ,20170707,35.71,65.4392,116.25,81.5438,8.5775,7.9415,380918.57,95238.57
002881.SZ,20170706,33.48,1.2191,3.68,76.4516,8.0418,7.4455,357131.16,89291.16
002881.SZ,20170705,30.44,0.9187,5.85,69.5097,7.3116,6.7695,324703.48,81183.48
002881.SZ,20170704,27.67,0.3176,3.26,63.1844,6.6463,6.1535,295155.89,73795.89
002881.SZ,20170703,25.15,0.2354,4.44,57.43,6.041,5.593,268275.05,67075.05
002881.SZ,20170630,22.86,0.1239,3.89,52.2008,5.4909,5.0838,243847.62,60967.62
002881.SZ,20170629,20.78,0.0593,1.99,47.4511,4.9913,4.6212,221660.26,55420.26
002881.SZ,20170628,18.89,0.0485,,43.1353,4.5374,4.2009,201499.63,50379.63
002881.SZ,20170627,17.17,0.0194,,39.2077,4.1242,3.8184,183152.39,45792.39
002881.SZ,20170626,15.61,0.0137,,35.6454,3.7495,3.4715,166511.87,41631.87
002881.SZ,20170623,14.19,0.0182,,32.4029,3.4084,3.1557,151364.73,37844.73
002881.SZ,20170622,12.9,0.0495,,29.4571,3.0986,2.8688,137604.3,34404.3
