ts_code,trade_date,close,turnover_rate,volume_ratio,pe,pb,ps,total_mv,circ_mv
002869.SZ,20260615,18.56,1.6062,0.57,,1.6287,7.072,328354.2233,292351.9306
002869.SZ,20260612,18.24,1.86,0.63,,1.6006,6.95,322692.9436,287311.3801
002869.SZ,20260611,18.03,3.5644,1.1,,1.5822,6.87,318977.7288,284003.5188
002869.SZ,20260610,19.4,5.2037,1.78,,1.7024,7.392,343215.0825,305583.3758
002869.SZ,20260609,18.3,1.5785,0.54,,1.6059,6.9729,323754.4335,288256.4833
002869.SZ,20260608,18.18,1.9986,0.69,,1.5954,6.9272,321631.4536,286366.2769
002869.SZ,20260605,18.74,2.4845,0.87,,1.6445,7.1405,331538.6931,295187.2403
002869.SZ,20260604,19.36,4.9596,2.19,,1.6989,7.3768,342507.4226,304953.3069
002869.SZ,20260603,18.44,3.6291,1.92,,1.6182,7.0262,326231.2434,290461.7242
002869.SZ,20260602,17.88,1.6678,0.73,,1.569,6.8129,316324.0039,281640.7608
002869.SZ,20260601,18.06,1.7575,0.79,,1.5848,6.8814,319508.4737,284476.0704
002869.SZ,20260529,18.07,2.1947,1.07,,1.5857,6.8852,319685.3887,284633.5876
002869.SZ,20260528,18.53,2.0639,1.01,,1.6261,7.0605,327823.4783,291879.379
002869.SZ,20260527,18.13,1.7687,0.85,,1.591,6.9081,320746.8787,285578.6909
002869.SZ,20260526,18.44,3.5776,1.57,,1.6182,7.0262,326231.2434,290461.7242
002869.SZ,20260525,19.31,1.5015,0.6,,1.6945,7.3577,341622.8476,304165.7209
002869.SZ,20260522,19.71,1.3328,0.51,,1.7296,7.5101,348699.4473,310466.4091
002869.SZ,20260521,19.56,2.056,0.78,,1.7165,7.453,346045.7224,308103.651
002869.SZ,20260520,19.81,1.9729,0.71,,1.7384,7.5482,350468.5972,312041.5811
002869.SZ,20260519,20.42,4.5016,1.91,,1.7919,7.7807,361260.4116,321650.1306
002869.SZ,20260518,19.53,2.5539,1.03,,1.7138,7.4416,345514.9774,307631.0994
002869.SZ,20260515,19.48,2.0597,0.88,,1.7094,7.4225,344630.4025,306843.5134
002869.SZ,20260514,19.83,2.0623,0.85,,1.7401,7.5559,350822.4272,312356.6155
002869.SZ,20260513,20.47,2.7702,1.29,,1.7963,7.7997,362144.9866,322437.7166
002869.SZ,20260512,20.23,2.3632,1.23,,1.7752,7.7083,357899.0268,318657.3037
002869.SZ,20260511,20.83,3.1067,1.91,,1.8279,7.9369,368513.9263,328108.3359
002869.SZ,20260508,21.16,1.4605,0.8,,1.8569,8.0626,374352.121,333306.4037
002869.SZ,20260507,20.99,2.4723,1.42,,1.8419,7.9979,371344.5661,330628.6112
002869.SZ,20260506,21.19,1.3272,0.73,,1.8595,8.0741,374882.8659,333778.9553
002869.SZ,20260430,21.09,1.2397,0.64,,1.8507,8.036,373113.716,332203.7832
002869.SZ,20260429,21.29,1.6471,0.85,,1.8683,8.1122,376652.0158,335354.1273
002869.SZ,20260428,21.47,2.4295,1.36,,1.8841,8.1808,379836.4857,338189.437
002869.SZ,20260427,21.31,2.0359,1.13,47.8708,1.7616,6.3212,377005.8458,335671.3993
002869.SZ,20260424,21.22,1.7304,0.75,47.6686,1.7541,6.2945,375413.6109,334253.735
002869.SZ,20260423,20.98,1.8417,0.78,47.1295,1.7343,6.2233,371167.6511,330473.2969
002869.SZ,20260422,21.21,1.6046,0.65,47.6462,1.7533,6.2915,375236.6959,334096.2167
002869.SZ,20260421,21.4,1.7401,0.68,48.073,1.769,6.3479,378598.0807,337089.0636
002869.SZ,20260420,21.67,2.1146,0.79,48.6795,1.7913,6.428,383374.7855,341342.0564
002869.SZ,20260417,21.56,4.2965,1.68,48.4324,1.7822,6.3954,381428.7206,339609.3556
002869.SZ,20260416,22.26,2.1174,0.66,50.0049,1.8401,6.603,393812.77,350635.6334
002869.SZ,20260415,22.1,1.9973,0.47,49.6455,1.8269,6.5555,390982.1301,348115.3413
002869.SZ,20260414,22.3,2.3234,0.36,50.0948,1.8434,6.6149,394520.4299,351265.7064
002869.SZ,20260413,22.2,2.6769,0.3,49.8701,1.8351,6.5852,392751.28,349690.5239
002869.SZ,20260410,22.44,3.6994,0.39,50.4093,1.855,6.6564,396997.2398,353470.962
002869.SZ,20260409,22.53,5.3301,0.54,50.6114,1.8624,6.6831,398589.4747,354888.6263
002869.SZ,20260408,23.6,7.4242,0.8,53.0151,1.9508,7.0005,417519.3788,371743.0794
002869.SZ,20260407,23.38,13.4866,1.73,52.5209,1.9327,6.9352,413627.249,368277.6779
002869.SZ,20260403,25.95,14.0661,2.31,58.2941,2.1451,7.6976,459094.4016,408759.8691
002869.SZ,20260402,24.35,7.1495,1.19,54.6999,2.0128,7.223,430788.0031,383556.9485
002869.SZ,20260401,25.29,7.3453,1.07,56.8115,2.0905,7.5018,447418.0122,398363.6644
002869.SZ,20260331,25.25,4.2503,0.6,56.7216,2.0872,7.4899,446710.3523,397733.5914
002869.SZ,20260330,25.39,6.1116,0.87,57.0361,2.0988,7.5315,449187.1621,399938.8469
002869.SZ,20260327,24.5,5.6374,0.82,55.0368,2.0252,7.2675,433441.728,385919.7223
002869.SZ,20260326,24.9,6.5781,1.04,55.9354,2.0583,7.3861,440518.3276,392220.4525
002869.SZ,20260325,24.9,11.8503,2.22,55.9354,2.0583,7.3861,440518.3276,392220.4525
002869.SZ,20260324,23.21,4.9712,0.94,52.139,1.9186,6.8848,410619.6941,365599.8675
002869.SZ,20260323,23.21,6.2867,1.35,52.139,1.9186,6.8848,410619.6941,365599.8675
002869.SZ,20260320,23.03,4.5327,0.89,51.7346,1.9037,6.8314,407435.2243,362764.539
002869.SZ,20260319,23.68,3.8727,0.66,53.1948,1.9575,7.0242,418934.6987,373003.2255
002869.SZ,20260318,23.79,7.067,1.5,53.4419,1.9666,7.0568,420880.7636,374735.9263
002869.SZ,20260317,23.17,4.5484,1.06,52.0491,1.9153,6.8729,409912.0341,364969.7945
002869.SZ,20260316,22.85,3.2553,0.81,51.3303,1.8889,6.778,404250.7544,359929.2104
002869.SZ,20260313,23.0,6.7649,2.36,51.6672,1.9013,6.8225,406904.4793,362291.9842
002869.SZ,20260312,24.15,7.6298,4.65,54.2506,1.9963,7.1636,427249.7033,380406.5834
002869.SZ,20260311,21.95,1.2881,0.76,49.3085,1.8145,6.511,388328.4052,345752.5675
002869.SZ,20260310,22.15,2.5907,1.52,49.7578,1.831,6.5704,391866.7051,348902.9326
002869.SZ,20260309,21.34,1.8103,0.9,47.9382,1.764,6.3301,377536.5908,336143.954
002869.SZ,20260306,21.72,1.0033,0.48,48.7918,1.7954,6.4428,384259.3605,342129.6477
002869.SZ,20260305,21.41,1.5186,0.75,48.0955,1.7698,6.3509,378774.9957,337246.5818
002869.SZ,20260304,20.95,1.5592,0.78,47.0621,1.7318,6.2144,370636.9061,330000.7421
002869.SZ,20260303,20.97,2.6154,1.48,47.107,1.7334,6.2203,370990.7361,330315.7786
002869.SZ,20260302,21.9,3.4007,2.33,49.1962,1.8103,6.4962,387443.8303,344964.9763
002869.SZ,20260227,23.06,1.3739,0.9,51.802,1.9062,6.8403,407965.9692,363237.0937
002869.SZ,20260226,23.07,1.1754,0.73,51.8245,1.907,6.8433,408142.8842,363394.612
002869.SZ,20260225,23.13,1.3727,0.84,51.9593,1.912,6.8611,409204.3742,364339.7215
002869.SZ,20260224,23.28,1.5365,0.96,52.2962,1.9244,6.9056,411858.099,366702.4953
002869.SZ,20260213,23.03,1.8485,1.25,51.7346,1.9037,6.8314,407435.2243,362764.539
002869.SZ,20260212,22.83,1.7212,1.28,51.2854,1.8872,6.7721,403896.9245,359614.1739
002869.SZ,20260211,22.8,1.5549,1.06,51.218,1.8847,6.7632,403366.1795,359141.6191
002869.SZ,20260210,22.95,1.5421,1.06,51.5549,1.8971,6.8077,406019.9043,361504.3929
002869.SZ,20260209,22.75,1.3611,0.82,51.1056,1.8806,6.7483,402481.6045,358354.0279
002869.SZ,20260206,22.42,1.2345,0.58,50.3643,1.8533,6.6505,396643.4098,353155.9255
002869.SZ,20260205,22.51,1.0191,0.41,50.5665,1.8607,6.6772,398235.6447,354573.5898
002869.SZ,20260204,22.5,2.156,0.7,50.544,1.8599,6.6742,398058.7298,354416.0715
002869.SZ,20260203,22.94,1.5024,0.34,51.5325,1.8963,6.8047,405842.9894,361346.8747
002869.SZ,20260202,22.89,2.3867,0.44,51.4201,1.8922,6.7899,404958.4144,360559.2834
002869.SZ,20260130,23.21,3.5102,0.64,52.139,1.9186,6.8848,410619.6941,365599.8675
002869.SZ,20260129,22.76,2.927,0.53,51.1281,1.8814,6.7513,402658.5195,358511.5461
002869.SZ,20260128,23.13,5.0819,0.96,51.9593,1.912,6.8611,409204.3742,364339.7215
002869.SZ,20260127,24.12,8.4286,1.95,54.1832,1.9938,7.1547,426718.9583,379934.0286
002869.SZ,20260126,26.07,7.2803,2.1,58.5637,2.155,7.7332,461217.3815,410650.0882
002869.SZ,20260123,25.35,3.5844,1.03,56.9463,2.0955,7.5196,448479.5022,399308.7739
002869.SZ,20260122,25.14,3.3277,0.94,56.4745,2.0781,7.4573,444764.2874,396000.8906
002869.SZ,20260121,24.82,3.7672,0.95,55.7557,2.0517,7.3624,439103.0077,390960.3064
002869.SZ,20260120,24.2,3.6692,0.8,54.3629,2.0004,7.1785,428134.2782,381194.1747
002869.SZ,20260119,24.73,2.9622,0.59,55.5535,2.0443,7.3357,437510.7727,389542.6421
002869.SZ,20260116,25.13,3.616,0.71,56.4521,2.0773,7.4543,444587.3724,395843.3723
002869.SZ,20260115,24.98,3.7094,0.75,56.1151,2.0649,7.4098,441933.6475,393480.5985
002869.SZ,20260114,25.1,5.7886,1.24,56.3847,2.0748,7.4454,444056.6274,395370.8175
002869.SZ,20260113,25.02,6.874,1.39,56.205,2.0682,7.4217,442641.3075,394110.6715
002869.SZ,20260112,25.25,4.938,1.13,56.7216,2.0872,7.4899,446710.3523,397733.5914
002869.SZ,20260109,24.76,4.1852,1.04,55.6209,2.0467,7.3446,438041.5177,390015.1969
002869.SZ,20260108,25.0,3.0044,0.77,56.16,2.0666,7.4158,442287.4775,393795.635
002869.SZ,20260107,25.09,4.3747,1.24,56.3622,2.074,7.4425,443879.7124,395213.2993
002869.SZ,20260106,25.35,8.2931,3.36,56.9463,2.0955,7.5196,448479.5022,399308.7739
002869.SZ,20260105,23.64,2.0623,0.73,53.1049,1.9542,7.0124,418227.0387,372373.1525
002869.SZ,20251231,23.26,2.3396,0.78,52.2513,1.9227,6.8996,411504.2691,366387.4588
002869.SZ,20251230,23.04,2.3645,0.71,51.7571,1.9046,6.8344,407612.1393,362922.0572
002869.SZ,20251229,23.33,2.551,0.65,52.4086,1.9285,6.9204,412742.674,367490.0866
002869.SZ,20251226,23.77,3.0418,0.65,53.397,1.9649,7.0509,420526.9336,374420.8898
002869.SZ,20251225,24.15,3.8476,0.83,54.2506,1.9963,7.1636,427249.7033,380406.5834
002869.SZ,20251224,23.7,3.243,0.63,53.2397,1.9591,7.0301,419288.5287,373318.262
002869.SZ,20251223,23.72,4.0072,0.66,53.2846,1.9608,7.0361,419642.3587,373633.2985
002869.SZ,20251222,24.65,5.4578,1.05,55.3738,2.0376,7.3119,436095.4528,388282.4961
002869.SZ,20251219,24.08,6.9816,1.69,54.0934,1.9905,7.1429,426011.2983,379303.9556
002869.SZ,20251218,22.99,3.5087,0.92,51.6448,1.9004,6.8195,406727.5643,362134.4659
002869.SZ,20251217,22.87,5.7201,1.98,51.3752,1.8905,6.7839,404604.5844,360244.2469
002869.SZ,20251216,23.29,8.5139,5.5,52.3187,1.9252,6.9085,412035.014,366860.0136
002869.SZ,20251215,22.21,1.2721,0.72,49.8926,1.8359,6.5882,392928.195,349848.0421
002869.SZ,20251212,22.34,1.6433,0.94,50.1846,1.8467,6.6267,395228.0899,351895.7794
002869.SZ,20251211,22.39,1.8302,1.1,50.2969,1.8508,6.6416,396112.6648,352683.3707
002869.SZ,20251210,22.77,1.2156,0.67,51.1506,1.8822,6.7543,402835.4345,358669.0644
002869.SZ,20251209,22.72,1.7735,0.98,51.0382,1.8781,6.7395,401950.8596,357881.4731
002869.SZ,20251208,22.97,2.339,1.45,51.5998,1.8988,6.8136,406373.7343,361819.4294
002869.SZ,20251205,23.0,1.561,1.05,51.6672,1.9013,6.8225,406904.4793,362291.9842
002869.SZ,20251204,22.97,1.4272,1.01,51.5998,1.8988,6.8136,406373.7343,361819.4294
002869.SZ,20251203,23.25,2.0034,1.55,52.2288,1.9219,6.8967,411327.3541,366229.9406
002869.SZ,20251202,23.88,1.7242,1.37,53.6441,1.974,7.0835,422472.9985,376153.5906
002869.SZ,20251201,24.35,1.348,1.03,54.6999,2.0128,7.223,430788.0031,383556.9485
002869.SZ,20251128,24.52,0.943,0.62,55.0818,2.0269,7.2734,433795.5579,386234.7588
002869.SZ,20251127,24.31,1.0738,0.67,54.61,2.0095,7.2111,430080.3431,382926.8755
002869.SZ,20251126,24.17,1.3533,0.77,54.2955,1.998,7.1696,427603.5332,380721.6199
002869.SZ,20251125,24.32,1.5728,0.91,55.4482,2.0367,7.3218,436681.0213,387932.2209
002869.SZ,20251124,23.94,1.5316,0.9,54.5818,2.0049,7.2074,429857.8804,381870.78
002869.SZ,20251121,23.38,2.0363,1.13,53.305,1.958,7.0388,419802.7253,372938.1302
002869.SZ,20251120,24.53,1.3982,0.7,55.9269,2.0543,7.385,440451.7045,391281.9646
002869.SZ,20251119,24.52,2.1918,0.88,55.9041,2.0534,7.382,440272.1481,391122.453
002869.SZ,20251118,25.38,1.4738,0.35,57.8649,2.1255,7.6409,455713.9935,404840.451
002869.SZ,20251117,25.32,1.3984,0.33,57.7281,2.1204,7.6228,454636.6554,403883.3813
002869.SZ,20251114,25.43,2.5447,0.6,57.9789,2.1296,7.6559,456611.7752,405638.009
002869.SZ,20251113,26.24,2.3287,0.49,59.8256,2.1975,7.8998,471155.8388,418558.4489
002869.SZ,20251112,26.33,4.6659,1.13,60.0308,2.205,7.9269,472771.8459,419994.0533
002869.SZ,20251111,26.28,10.0596,4.03,59.9168,2.2008,7.9118,471874.0641,419196.4953
002869.SZ,20251110,28.7,1.8264,0.64,65.4343,2.4035,8.6404,515326.6987,457798.3035
002869.SZ,20251107,28.55,2.4518,0.77,65.0923,2.3909,8.5952,512633.3536,455405.6294
002869.SZ,20251106,28.74,4.7828,1.61,65.5255,2.4068,8.6524,516044.924,458436.3499
002869.SZ,20251105,26.98,1.4545,0.46,61.5128,2.2594,8.1226,484443.008,430362.3076
002869.SZ,20251104,27.01,1.9527,0.62,61.5812,2.262,8.1316,484981.677,430840.8424
002869.SZ,20251103,27.55,3.5353,1.13,62.8124,2.3072,8.2942,494677.7195,439454.469
002869.SZ,20251031,28.34,4.1457,1.4,64.6135,2.3733,8.532,508862.6704,452055.8857
002869.SZ,20251030,27.66,3.7314,1.46,63.0632,2.3075,8.3273,496652.8392,441209.0967
002869.SZ,20251029,27.25,2.3765,1.0,62.1284,2.2733,8.2039,489291.0292,434669.1209
002869.SZ,20251028,27.85,1.9805,0.87,63.4963,2.3233,8.3845,500064.4097,444239.8171
002869.SZ,20251027,27.88,3.3747,1.65,63.5647,2.3258,8.3935,500603.0787,444718.352
002869.SZ,20251024,27.63,3.3757,1.71,62.9948,2.305,8.3183,496114.1702,440730.5619
002869.SZ,20251023,27.19,1.6716,0.78,61.9916,2.2683,8.1858,488213.6912,433712.0513
002869.SZ,20251022,27.24,1.4809,0.58,62.1056,2.2724,8.2009,489111.4729,434509.6093
002869.SZ,20251021,27.66,1.482,0.52,63.0632,2.3075,8.3273,496652.8392,441209.0967
002869.SZ,20251020,27.34,2.2304,0.67,62.3336,2.2808,8.231,490907.0363,436104.7253
002869.SZ,20251017,27.14,3.0181,0.95,61.8776,2.2641,8.1708,487315.9095,432914.4933
002869.SZ,20251016,28.98,2.4875,0.72,66.0727,2.4176,8.7247,520354.2762,462264.6284
002869.SZ,20251015,29.6,3.4467,0.9,67.4862,2.4693,8.9114,531486.7694,472154.3478
002869.SZ,20251014,30.13,3.0751,0.71,68.6946,2.5135,9.0709,541003.2554,480608.4629
002869.SZ,20251013,31.3,4.6595,1.14,71.3621,2.6111,9.4232,562011.3473,499271.3205
002869.SZ,20251010,30.68,2.2866,0.51,69.9486,2.5594,9.2365,550878.8542,489381.6011
002869.SZ,20251009,30.95,3.7979,0.78,70.5642,2.5819,9.3178,555726.8754,493688.4144
002869.SZ,20250930,32.0,5.4081,1.11,72.9581,2.6695,9.6339,574580.2912,510437.1328
002869.SZ,20250929,31.25,5.4214,1.19,71.2481,2.607,9.4081,561113.5656,498473.7625
002869.SZ,20250926,29.47,3.5359,0.8,67.1898,2.4585,8.8722,529152.5369,470080.697
002869.SZ,20250925,30.72,4.082,0.87,70.0398,2.5627,9.2485,551597.0796,490019.6475
002869.SZ,20250924,31.25,5.9769,1.24,71.2481,2.607,9.4081,561113.5656,498473.7625
002869.SZ,20250923,29.83,5.4033,1.19,68.0106,2.4885,8.9806,535616.5652,475823.1147
002869.SZ,20250922,30.86,3.7095,0.76,70.359,2.5744,9.2907,554110.8683,492252.8099
002869.SZ,20250919,31.36,2.9831,0.59,71.4989,2.6161,9.4412,563088.6854,500228.3901
002869.SZ,20250918,31.88,5.417,0.99,72.6845,2.6595,9.5978,572425.6151,508522.9936
002869.SZ,20250917,32.8,6.6849,1.41,74.7821,2.7363,9.8748,588944.7985,523198.0611
002869.SZ,20250916,31.56,3.9809,0.86,71.9549,2.6328,9.5014,566679.8122,503418.6222
002869.SZ,20250915,31.2,5.2982,1.22,71.1341,2.6028,9.3931,560215.7839,497676.2045
002869.SZ,20250912,32.34,4.0359,0.89,73.7333,2.6979,9.7363,580685.2068,515860.5273
002869.SZ,20250911,32.77,7.4591,1.91,74.7137,2.7338,9.8657,588406.1295,522719.5263
002869.SZ,20250910,30.52,2.911,0.69,69.5838,2.5461,9.1883,548005.9527,486829.4154
002869.SZ,20250909,31.15,3.4898,0.71,71.0201,2.5986,9.378,559318.0022,496878.6465
002869.SZ,20250908,31.87,3.8308,0.66,72.6617,2.6587,9.5948,572246.0588,508363.4819
002869.SZ,20250905,31.3,4.8626,0.79,71.3621,2.6111,9.4232,562011.3473,499271.3205
002869.SZ,20250904,29.7,4.4226,0.65,67.7142,2.4776,8.9415,533282.3328,473749.4639
002869.SZ,20250903,30.65,4.4997,0.57,69.8802,2.5569,9.2275,550340.1852,488903.0663
002869.SZ,20250902,30.56,6.9919,0.92,69.675,2.5494,9.2004,548724.1781,487467.4618
002869.SZ,20250901,32.0,8.1369,1.14,72.9581,2.6695,9.6339,574580.2912,510437.1328
002869.SZ,20250829,30.81,6.6734,1.05,70.245,2.5702,9.2756,553213.0866,491455.2519
002869.SZ,20250828,30.8,7.4802,1.34,70.2222,2.5694,9.2726,553033.5303,491295.7403
002869.SZ,20250827,29.89,10.4349,2.49,68.1474,2.4935,8.9987,536693.9032,476780.1844
002869.SZ,20250826,29.08,5.2233,1.4,66.3007,2.4259,8.7548,522149.8396,463859.7444
002869.SZ,20250825,28.57,5.7999,1.63,65.1379,2.3785,8.6013,512992.4662,455724.6526
002869.SZ,20250822,28.6,2.8018,0.77,65.2063,2.381,8.6103,513531.1353,456203.1874
002869.SZ,20250821,28.4,3.6636,0.99,64.7503,2.3644,8.5501,509940.0084,453012.9554
002869.SZ,20250820,28.16,3.4646,0.85,64.2031,2.3444,8.4778,505630.6563,449184.6769
002869.SZ,20250819,28.07,2.8734,0.63,63.9979,2.3369,8.4507,504014.6492,447749.0724
002869.SZ,20250818,28.49,5.0075,1.12,64.9555,2.3719,8.5772,511556.0155,454448.5598
002869.SZ,20250815,27.97,3.2764,0.71,63.7699,2.3286,8.4206,502219.0858,446153.9564
002869.SZ,20250814,27.53,3.9547,0.84,62.7668,2.2919,8.2882,494318.6068,439135.4458
002869.SZ,20250813,27.76,5.27,1.16,63.2912,2.3111,8.3574,498448.4026,442804.2127
002869.SZ,20250812,28.06,5.445,1.37,63.9751,2.3361,8.4477,503835.0928,447589.5608
002869.SZ,20250811,27.16,4.339,1.07,61.9232,2.2611,8.1768,487675.0222,433233.5165
002869.SZ,20250808,26.75,4.052,0.83,60.9884,2.227,8.0533,480313.2122,426693.5407
002869.SZ,20250807,26.66,4.4134,0.96,60.7832,2.2195,8.0262,478697.2051,424587.8372
002869.SZ,20250806,26.36,4.4176,0.94,60.0992,2.1945,7.9359,473310.5149,419810.0295
002869.SZ,20250805,26.01,2.6773,0.45,59.3013,2.1654,7.8306,467026.0429,414235.9207
002869.SZ,20250804,26.22,4.7583,0.87,59.78,2.1829,7.8938,470796.7261,417580.386
002869.SZ,20250801,26.16,8.1786,1.92,59.6432,2.1779,7.8757,469719.3881,416624.8245
002869.SZ,20250731,24.96,3.0558,0.74,56.9073,2.078,7.5144,448172.6271,397513.594
002869.SZ,20250730,25.01,4.833,1.34,57.0213,2.0821,7.5295,449070.4088,398309.8953
002869.SZ,20250729,25.79,8.6472,3.73,58.7997,2.1471,7.7643,463075.8034,410732.1951
002869.SZ,20250728,24.42,2.7782,1.19,55.6761,2.033,7.3519,438476.5847,388913.5403
002869.SZ,20250725,24.1,1.9985,0.78,54.9466,2.0064,7.2555,432730.7818,383817.2121
002869.SZ,20250724,23.96,2.3124,0.78,54.6274,1.9947,7.2134,430216.993,381587.5686
002869.SZ,20250723,23.65,2.2584,0.71,53.9206,1.9689,7.1201,424650.7465,376650.5007
002869.SZ,20250722,23.7,2.2489,0.64,54.0346,1.9731,7.1351,425548.5282,377446.802
002869.SZ,20250721,23.98,2.8161,0.84,54.673,1.9964,7.2194,430576.1057,381906.0891
002869.SZ,20250718,24.35,3.1467,0.95,55.5166,2.0272,7.3308,437219.6903,387798.7185
002869.SZ,20250717,24.25,4.3842,1.42,55.2886,2.0189,7.3007,435424.1269,386206.116
002869.SZ,20250716,23.62,3.4002,1.25,53.8522,1.9664,7.111,424112.0774,376172.7199
002869.SZ,20250715,23.29,3.7734,1.68,53.0998,1.9389,7.0117,418186.7182,370917.1316
002869.SZ,20250714,23.8,1.9957,0.93,54.2626,1.9814,7.1652,427344.0916,379039.4045
002869.SZ,20250711,23.84,2.9456,1.43,54.3538,1.9847,7.1773,428062.3169,379676.4455
002869.SZ,20250710,23.5,3.2824,2.01,53.5786,1.9564,7.0749,421957.4014,374261.5969
002869.SZ,20250709,23.11,1.6178,0.98,52.6894,1.924,6.9575,414954.7041,368050.447
002869.SZ,20250708,23.12,1.3814,0.83,52.7122,1.9248,6.9605,415134.2604,368209.7072
002869.SZ,20250707,22.86,1.4752,0.88,52.1194,1.9031,6.8822,410465.7955,364068.9406
002869.SZ,20250704,23.01,2.5537,1.64,52.4614,1.9156,6.9274,413159.1406,366457.8445
002869.SZ,20250703,23.48,1.137,0.66,53.533,1.9548,7.0689,421598.2887,373943.0764
002869.SZ,20250702,23.33,1.6779,0.88,53.191,1.9423,7.0237,418904.9436,371554.1726
002869.SZ,20250701,23.77,1.4493,0.66,54.1942,1.9789,7.1562,426805.4226,378561.6238
002869.SZ,20250630,23.93,1.5384,0.7,54.559,1.9922,7.2044,429678.324,381109.7878
002869.SZ,20250627,23.68,1.9606,0.95,53.989,1.9714,7.1291,425189.4155,377128.2815
002869.SZ,20250626,23.54,2.0183,1.0,53.6698,1.9598,7.0869,422675.6267,374898.6379
002869.SZ,20250625,23.91,2.6135,1.48,54.5134,1.959,7.1983,429319.2113,380791.2673
002869.SZ,20250624,23.8,2.8533,1.72,54.2626,1.95,7.1652,427344.0916,379039.4045
002869.SZ,20250623,23.08,1.5965,0.95,52.621,1.891,6.9485,414416.035,367572.6662
002869.SZ,20250620,22.69,1.2396,0.56,51.7319,1.8591,6.831,407413.3377,361361.5163
002869.SZ,20250619,22.9,1.8192,0.79,52.2106,1.8763,6.8943,411184.0209,364705.9817
002869.SZ,20250618,23.43,1.3188,0.51,53.419,1.9197,7.0538,420700.507,373146.7751
002869.SZ,20250617,23.51,2.3053,0.85,53.6014,1.9263,7.0779,422136.9577,374420.8572
002869.SZ,20250616,23.19,1.7517,0.61,52.8718,1.9,6.9816,416391.1548,369324.529
002869.SZ,20250613,23.08,3.8969,1.47,52.621,1.891,6.9485,414416.035,367572.6662
002869.SZ,20250612,24.22,2.1986,0.75,55.2202,1.9844,7.2917,434885.4579,385728.3352
002869.SZ,20250611,24.19,2.7246,0.88,55.1518,1.982,7.2826,434346.7889,385250.5544
002869.SZ,20250610,24.36,2.9612,0.87,55.5394,1.9959,7.3338,437399.2467,387957.9787
002869.SZ,20250609,24.95,2.6348,0.6,56.8845,2.0442,7.5114,447993.0708,397354.3337
002869.SZ,20250606,24.88,2.7454,0.5,56.7249,2.0385,7.4904,446736.1764,396239.512
002869.SZ,20250605,24.97,3.5866,0.63,56.9301,2.0459,7.5175,448352.1835,397672.8542
002869.SZ,20250604,24.77,3.4712,0.65,56.4741,2.0295,7.4572,444761.0567,394487.6492
002869.SZ,20250603,24.81,4.5426,0.89,56.5653,2.0328,7.4693,445479.282,395124.6902
002869.SZ,20250530,24.85,7.6794,1.95,56.6565,2.0361,7.4813,446197.5074,395761.7312
002869.SZ,20250529,25.86,8.0101,2.95,58.9593,2.1188,7.7854,464332.6978,411847.0168
002869.SZ,20250528,23.51,4.7861,2.11,53.6014,1.9263,7.0779,422136.9577,374420.8572
002869.SZ,20250527,22.99,1.7034,0.77,52.4158,1.8837,6.9214,412800.028,366139.3239
002869.SZ,20250526,23.34,3.4575,1.91,53.2138,1.9123,7.0267,419084.4999,371713.4328
002869.SZ,20250523,22.68,1.735,0.91,51.7091,1.8583,6.828,407233.7814,361202.2561
002869.SZ,20250522,23.15,1.8921,1.03,52.7806,1.8968,6.9695,415672.9294,368687.488
002869.SZ,20250521,23.58,2.5526,1.54,53.761,1.932,7.099,423393.8521,375535.6789
002869.SZ,20250520,23.81,1.4423,0.83,54.2854,1.9508,7.1682,427523.6479,379198.6648
002869.SZ,20250519,23.84,1.412,0.79,54.3538,1.9533,7.1773,428062.3169,379676.4455
002869.SZ,20250516,23.67,2.2088,1.36,53.9662,1.9394,7.1261,425009.8591,376969.0212
002869.SZ,20250515,23.56,1.5548,0.93,53.7154,1.9304,7.093,423034.7394,375217.1584
002869.SZ,20250514,24.05,1.6796,0.95,54.8326,1.9705,7.2405,431833.0001,383020.9109
002869.SZ,20250513,24.17,1.8443,1.06,55.1062,1.9803,7.2766,433987.6762,384932.0339
002869.SZ,20250512,24.6,1.596,0.78,56.0865,2.0156,7.4061,441708.5989,391780.2248
002869.SZ,20250509,24.17,1.4692,0.57,55.1062,1.9803,7.2766,433987.6762,384932.0339
002869.SZ,20250508,24.65,1.7668,0.7,56.2005,2.0197,7.4211,442606.3806,392576.5261
002869.SZ,20250507,24.2,2.1553,0.93,55.1746,1.9828,7.2856,434526.3452,385409.8147
002869.SZ,20250506,24.36,1.7259,0.74,55.5394,1.9959,7.3338,437399.2467,387957.9787
002869.SZ,20250430,23.64,3.0593,1.37,53.8978,1.9369,7.117,424471.1901,376491.2405
002869.SZ,20250429,22.96,4.1284,2.08,52.3474,1.8812,6.9123,412261.3589,365661.5432
002869.SZ,20250428,24.57,1.5959,0.79,56.0181,2.0074,7.397,441169.9298,391302.4441
002869.SZ,20250425,24.59,1.1104,0.55,56.0637,2.009,7.4031,441529.0425,391620.9646
002869.SZ,20250424,24.57,1.7771,0.9,56.0181,2.0074,7.397,441169.9298,391302.4441
002869.SZ,20250423,24.96,2.549,1.36,56.9073,2.0392,7.5144,448172.6271,397513.594
002869.SZ,20250422,24.26,2.8944,1.81,55.3114,1.9821,7.3037,435603.6833,386365.3762
002869.SZ,20250421,23.94,1.8241,1.16,87.1611,1.9998,8.389,429857.8804,381269.0481
002869.SZ,20250418,23.17,1.1072,0.63,84.3577,1.9355,8.1191,416032.0421,369006.0085
002869.SZ,20250417,22.92,1.4523,0.7,83.4475,1.9146,8.0315,411543.1336,365024.5022
002869.SZ,20250416,22.96,2.065,0.83,83.5931,1.918,8.0455,412261.3589,365661.5432
002869.SZ,20250415,23.73,1.5691,0.51,86.3966,1.9823,8.3154,426087.1972,377924.5827
002869.SZ,20250414,23.63,1.6754,0.53,86.0325,1.9739,8.2803,424291.6338,376331.9802
002869.SZ,20250411,23.39,1.9646,0.63,85.1587,1.9539,8.1962,419982.2816,372509.7341
002869.SZ,20250410,23.07,3.0504,1.05,83.9936,1.9272,8.0841,414236.4787,367413.406
002869.SZ,20250409,22.57,4.2231,1.77,82.1732,1.8854,7.9089,405258.6616,359450.3933
002869.SZ,20250408,21.92,4.6079,2.55,79.8067,1.8311,7.6811,393587.4995,349098.4768
002869.SZ,20250407,23.91,1.8324,1.06,87.0519,1.9973,8.3784,429319.2113,380791.2673
002869.SZ,20250403,26.57,1.8135,1.12,96.7365,2.2195,9.3105,477081.198,423154.4949
002869.SZ,20250402,26.73,2.0635,1.29,97.319,2.2329,9.3666,479954.0995,425702.6589
002869.SZ,20250401,26.56,1.6416,1.02,96.7001,2.2187,9.307,476901.6417,422995.2346
002869.SZ,20250331,26.11,1.6708,0.92,95.0617,2.1811,9.1494,468821.6064,415828.5232
002869.SZ,20250328,26.15,1.4185,0.67,95.2073,2.1844,9.1634,469539.8317,416465.5642
002869.SZ,20250327,26.53,1.2814,0.57,96.5908,2.2162,9.2965,476362.9727,422517.4539
002869.SZ,20250326,26.76,1.9645,0.85,97.4282,2.2354,9.3771,480492.7685,426180.4397
002869.SZ,20250325,26.6,1.6936,0.7,96.8457,2.222,9.3211,477619.8671,423632.2756
002869.SZ,20250324,26.75,2.7537,1.2,97.3918,2.2346,9.3736,480313.2122,426021.1795
002869.SZ,20250321,27.2,2.8728,1.25,99.0302,2.2722,9.5313,488393.2475,433187.8909
002869.SZ,20250320,28.11,1.8986,0.65,102.3433,2.3482,9.8502,504732.8746,447680.574
002869.SZ,20250319,28.25,2.3736,0.76,102.853,2.3599,9.8992,507246.6633,449910.2176
002869.SZ,20250318,28.78,2.128,0.61,104.7827,2.4041,10.085,516763.1494,458351.011
002869.SZ,20250317,28.62,2.2015,0.57,104.2001,2.3908,10.0289,513890.2479,455802.8469
002869.SZ,20250314,28.75,2.8782,0.6,104.6734,2.4016,10.0745,516224.4804,457873.2303
002869.SZ,20250313,28.75,5.0397,0.93,104.6734,2.4016,10.0745,516224.4804,457873.2303
002869.SZ,20250312,29.51,3.378,0.58,107.4405,2.4651,10.3408,529870.7623,469977.0096
002869.SZ,20250311,29.24,3.8775,0.58,106.4574,2.4426,10.2462,525022.7411,465676.9827
002869.SZ,20250310,29.3,4.0776,0.49,106.6759,2.4476,10.2672,526100.0791,466632.5442
002869.SZ,20250307,29.61,7.4849,0.98,107.8045,2.4735,10.3758,531666.3257,471569.6121
002869.SZ,20250306,30.11,8.3808,1.21,109.625,2.5152,10.551,540644.1428,479532.6248
002869.SZ,20250305,29.53,5.539,0.81,107.5133,2.4668,10.3478,530229.875,470295.5301
002869.SZ,20250304,29.35,8.206,1.28,106.8579,2.4518,10.2847,526997.8608,467428.8455
002869.SZ,20250303,28.77,11.9969,2.49,104.7463,2.4033,10.0815,516583.5931,458191.7508
002869.SZ,20250228,27.51,4.1513,0.87,100.1588,2.298,9.6399,493959.4941,438124.9588
002869.SZ,20250227,28.71,4.7683,1.1,104.5278,2.3983,10.0604,515506.255,457236.1892
002869.SZ,20250226,29.44,5.0103,1.26,107.1856,2.4593,10.3162,528613.8679,468862.1878
002869.SZ,20250225,29.22,6.0345,1.66,106.3846,2.4409,10.2392,524663.6284,465358.4622
002869.SZ,20250224,28.45,4.1494,0.98,103.5812,2.3766,9.9693,510837.7901,453095.4226
002869.SZ,20250221,28.68,3.92,0.79,104.4186,2.3958,10.0499,514967.586,456758.4085
002869.SZ,20250220,28.38,2.6141,0.4,103.3263,2.3707,9.9448,509580.8958,451980.6009
002869.SZ,20250219,28.46,3.1693,0.48,103.6176,2.3774,9.9728,511017.3465,453254.6829
002869.SZ,20250218,27.9,4.3278,0.65,101.5788,2.3306,9.7766,500962.1914,444336.1087
002869.SZ,20250217,29.02,7.0588,1.11,105.6565,2.4242,10.1691,521072.5016,462173.2571
002869.SZ,20250214,29.67,7.624,1.19,108.023,2.4785,10.3968,532743.6637,472525.1736
002869.SZ,20250213,30.04,10.302,1.96,109.3701,2.5094,10.5265,539387.2484,478417.803
002869.SZ,20250212,29.13,3.6914,0.69,106.057,2.4334,10.2076,523047.6213,463925.1199
002869.SZ,20250211,28.83,4.4624,0.91,104.9647,2.4083,10.1025,517660.9311,459147.3123
002869.SZ,20250210,29.26,5.668,1.33,106.5303,2.4442,10.2532,525381.8538,465995.5032
002869.SZ,20250207,28.9,7.9187,2.46,105.2196,2.4142,10.127,518917.8255,460262.1341
002869.SZ,20250206,28.08,4.6028,1.7,102.2341,2.3457,9.8397,504194.2055,447202.7932
002869.SZ,20250205,26.89,4.202,1.75,97.9015,2.2463,9.4227,482827.0009,428250.823
002869.SZ,20250127,25.79,2.0077,0.73,93.8966,2.1544,9.0372,463075.8034,410732.1951
002869.SZ,20250124,26.24,2.5874,0.8,95.535,2.192,9.1949,471155.8388,417898.9065
002869.SZ,20250123,25.8,2.6679,0.84,93.933,2.1552,9.0407,463255.3598,410891.4553
002869.SZ,20250122,25.94,2.1122,0.64,94.4428,2.1669,9.0898,465769.1486,413121.0989
002869.SZ,20250121,26.21,2.6261,0.76,95.4258,2.1895,9.1844,470617.1698,417421.1257
002869.SZ,20250120,26.35,3.71,1.17,95.9355,2.2011,9.2335,473130.9585,419650.7693
002869.SZ,20250117,25.68,4.9791,1.67,93.4961,2.1452,8.9987,461100.6837,408980.3323
002869.SZ,20250116,25.66,2.5296,0.84,93.4233,2.1435,8.9917,460741.571,408661.8118
002869.SZ,20250115,25.44,2.6245,0.84,92.6223,2.1251,8.9146,456791.3315,405158.0862
002869.SZ,20250114,25.42,3.3506,1.11,92.5495,2.1235,8.9076,456432.2188,404839.5657
002869.SZ,20250113,24.27,2.3241,0.75,88.3626,2.0274,8.5046,435783.2396,386524.6365
002869.SZ,20250110,24.41,4.1169,1.37,88.8723,2.0391,8.5537,438297.0284,388754.28
002869.SZ,20250109,24.85,2.5819,0.85,90.4743,2.0758,8.7078,446197.5074,395761.7312
002869.SZ,20250108,24.58,3.1735,1.04,89.4912,2.0533,8.6132,441349.4862,391461.7043
002869.SZ,20250107,24.48,2.937,1.02,89.1272,2.0449,8.5782,439553.9228,389869.1018
002869.SZ,20250106,23.55,2.7378,0.97,85.7412,1.9673,8.2523,422855.1831,375057.8982
002869.SZ,20250103,24.03,3.6032,1.37,87.4888,2.0073,8.4205,431473.8874,382702.3904
002869.SZ,20250102,25.95,2.7068,0.99,94.4792,2.1677,9.0933,465948.7049,413280.3591
002869.SZ,20241231,26.6,3.2319,1.22,96.8457,2.222,9.3211,477619.8671,423632.2756
002869.SZ,20241230,27.55,2.0623,0.68,100.3045,2.3014,9.654,494677.7195,438761.9998
002869.SZ,20241227,27.86,2.5728,0.82,101.4331,2.3273,9.7626,500243.966,443699.0676
002869.SZ,20241226,27.82,2.6117,0.79,101.2875,2.3239,9.7486,499525.7407,443062.0266
002869.SZ,20241225,27.82,3.2593,0.94,101.2875,2.3239,9.7486,499525.7407,443062.0266
002869.SZ,20241224,28.0,2.7342,0.75,101.9428,2.339,9.8116,502757.7548,445928.7112
002869.SZ,20241223,27.88,3.9045,1.03,101.5059,2.329,9.7696,500603.0787,444017.5882
002869.SZ,20241220,29.53,3.1241,0.73,107.5133,2.4668,10.3478,530229.875,470295.5301
002869.SZ,20241219,29.44,3.4804,0.76,107.1856,2.4593,10.3162,528613.8679,468862.1878
002869.SZ,20241218,29.19,4.021,0.83,106.2754,2.4384,10.2286,524124.9594,464880.6814
002869.SZ,20241217,28.34,3.7522,0.65,103.1807,2.3674,9.9308,508862.6704,451343.5598
002869.SZ,20241216,29.22,4.5805,0.68,106.3846,2.4409,10.2392,524663.6284,465358.4622
002869.SZ,20241213,30.45,5.6422,0.76,110.8628,2.5436,10.6702,546749.0583,484947.4734
002869.SZ,20241212,30.43,4.8512,0.58,110.79,2.542,10.6632,546389.9457,484628.9529
002869.SZ,20241211,30.84,5.3128,0.66,112.2828,2.5762,10.8068,553751.7556,491158.6233
002869.SZ,20241210,31.18,8.3475,1.13,113.5206,2.6046,10.926,559856.6712,496573.472
002869.SZ,20241209,31.75,9.7084,1.35,115.5959,2.6522,11.1257,570091.3827,505651.3065
002869.SZ,20241206,31.21,9.0413,1.44,113.6299,2.6071,10.9365,560395.3403,497051.2527
002869.SZ,20241205,30.99,9.1342,1.68,112.8289,2.5888,10.8594,556445.1008,493547.5271
002869.SZ,20241204,29.59,4.0904,0.73,107.7317,2.4718,10.3688,531307.213,471251.0916
002869.SZ,20241203,30.33,5.05,0.89,110.4259,2.5336,10.6281,544594.3823,483036.3504
002869.SZ,20241202,30.52,8.5842,1.79,111.1177,2.5495,10.6947,548005.9527,486062.2952
002869.SZ,20241129,29.05,4.5541,0.96,105.7657,2.4267,10.1796,521611.1706,462651.0379
002869.SZ,20241128,28.54,4.916,1.07,103.9089,2.3841,10.0009,512453.7972,454528.7649
002869.SZ,20241127,28.39,4.9782,1.09,103.3628,2.3716,9.9483,509760.4521,452139.8611
002869.SZ,20241126,28.2,5.3986,1.23,102.671,2.3557,9.8817,506348.8816,449113.9163
002869.SZ,20241125,27.92,4.1752,0.88,101.6516,2.3323,9.7836,501321.3041,444654.6292
002869.SZ,20241122,28.19,4.2119,0.76,102.6346,2.3549,9.8782,506169.3253,448954.656
002869.SZ,20241121,29.79,4.2535,0.75,108.4599,2.4885,10.4389,534898.3398,474436.2967
002869.SZ,20241120,29.79,4.7005,0.76,108.4599,2.4885,10.4389,534898.3398,474436.2967
002869.SZ,20241119,29.5,4.6627,0.65,107.4041,2.4643,10.3373,529691.206,469817.7493
002869.SZ,20241118,28.32,5.9487,0.73,103.1079,2.3657,9.9238,508503.5577,451025.0393
002869.SZ,20241115,28.86,8.2895,0.9,105.0739,2.4108,10.113,518199.6001,459625.093
002869.SZ,20241114,31.5,4.9208,0.5,114.6857,2.6314,11.0381,565602.4742,501669.8001
002869.SZ,20241113,32.95,7.2134,0.7,119.9649,2.7525,11.5462,591638.1436,524762.5369
002869.SZ,20241112,32.86,9.2635,0.88,119.6372,2.745,11.5147,590022.1365,523329.1946
002869.SZ,20241111,33.57,11.0861,1.12,122.2222,2.8043,11.7635,602770.6367,534636.6727
002869.SZ,20241108,32.95,13.7721,1.37,119.9649,2.7525,11.5462,591638.1436,524762.5369
002869.SZ,20241107,31.73,7.9204,0.6,115.5231,2.6506,11.1187,569732.27,505332.7859
002869.SZ,20241106,31.32,9.6772,0.55,114.0303,2.6163,10.975,562370.46,498803.1155
002869.SZ,20241105,32.01,10.152,0.53,116.5425,2.674,11.2168,574759.8475,509792.0731
002869.SZ,20241104,31.16,8.1499,0.42,113.4478,2.603,10.919,559497.5586,496254.9515
002869.SZ,20241101,31.37,14.3885,0.79,114.2124,2.6205,10.9925,563268.2417,499599.4168
002869.SZ,20241031,34.86,23.7649,1.52,126.9188,2.912,12.2155,625933.4047,555181.2454
002869.SZ,20241030,34.43,32.1815,2.61,125.3533,2.8761,12.0648,618212.4821,548333.0545
002869.SZ,20241029,32.23,17.1776,1.47,117.3435,2.6923,11.2939,578710.087,513295.7986
002869.SZ,20241028,29.3,8.4202,0.6,106.6759,2.4787,10.2672,526100.0791,466632.5442
002869.SZ,20241025,29.56,9.1311,0.56,107.6225,2.5007,10.3583,530768.544,470773.3108
002869.SZ,20241024,29.6,11.4002,0.68,107.7681,2.5041,10.3723,531486.7694,471410.3518
002869.SZ,20241023,31.06,15.5374,1.0,113.0837,2.6276,10.8839,557701.9951,494662.3489
002869.SZ,20241022,30.5,13.91,0.87,111.0449,2.5802,10.6877,547646.8401,485743.7747
002869.SZ,20241021,31.59,19.9032,1.38,115.0134,2.6724,11.0696,567218.4812,503103.1424
002869.SZ,20241018,30.58,21.4767,1.73,111.3361,2.587,10.7157,549083.2908,487017.8567
002869.SZ,20241017,28.75,12.4454,0.96,104.6734,2.4322,10.0745,516224.4804,457873.2303
002869.SZ,20241016,28.87,10.1101,0.65,105.1103,2.4423,10.1165,518379.1565,459784.3533
002869.SZ,20241015,28.38,15.844,0.95,103.3263,2.4009,9.9448,509580.8958,451980.6009
002869.SZ,20241014,28.7,12.4048,0.71,104.4914,2.428,10.0569,515326.6987,457076.929
002869.SZ,20241011,26.69,11.2923,0.63,97.1734,2.2579,9.3526,479235.8741,425065.6179
002869.SZ,20241010,29.51,15.0667,0.91,107.4405,2.4965,10.3408,529870.7623,469977.0096
002869.SZ,20241009,31.18,23.7263,1.71,113.5206,2.6378,10.926,559856.6712,496573.472
002869.SZ,20241008,30.8,20.8886,1.7,112.1371,2.6056,10.7928,553033.5303,490521.5823
002869.SZ,20240930,28.0,16.6478,1.55,101.9428,2.3687,9.8116,502757.7548,445928.7112
002869.SZ,20240927,25.45,13.1452,1.48,92.6588,2.153,8.9181,456970.8878,405317.3464
002869.SZ,20240926,23.8,8.0894,1.0,86.6514,2.0134,8.3399,427344.0916,379039.4045
002869.SZ,20240925,23.39,10.7731,1.65,85.1587,1.9787,8.1962,419982.2816,372509.7341
002869.SZ,20240924,23.49,12.8424,2.73,85.5228,1.9872,8.2313,421777.845,374102.3366
002869.SZ,20240923,22.8,8.769,2.38,83.0106,1.9288,7.9895,409388.4575,363113.3791
002869.SZ,20240920,22.18,3.8651,1.02,80.7533,1.8764,7.7722,398255.9643,353239.2434
002869.SZ,20240919,22.08,4.0885,0.97,80.3892,1.8679,7.7372,396460.4009,351646.6408
002869.SZ,20240918,21.59,2.9864,0.66,78.6052,1.8265,7.5655,387662.1402,343842.8884
002869.SZ,20240913,21.64,3.8311,0.73,78.7872,1.8307,7.583,388559.9219,344639.1897
002869.SZ,20240912,22.08,3.6886,0.65,80.3892,1.8679,7.7372,396460.4009,351646.6408
002869.SZ,20240911,22.54,4.3233,0.79,82.064,1.9068,7.8984,404719.9926,358972.6125
002869.SZ,20240910,22.89,6.2904,1.22,83.3383,1.9364,8.021,411004.4645,364546.7214
002869.SZ,20240909,22.63,4.4642,0.82,82.3917,1.9144,7.9299,406335.9997,360405.9548
002869.SZ,20240906,22.85,7.3622,1.28,83.1926,1.9331,8.007,410286.2392,363909.6804
002869.SZ,20240905,23.28,5.7886,1.01,84.7582,1.9694,8.1577,418007.1618,370757.8713
002869.SZ,20240904,22.73,3.629,0.62,82.7557,1.9229,7.965,408131.5631,361998.5573
002869.SZ,20240903,23.14,4.5068,0.75,84.2485,1.9576,8.1086,415493.3731,368528.2278
002869.SZ,20240902,23.07,5.8364,0.97,83.9936,1.9517,8.0841,414236.4787,367413.406
002869.SZ,20240830,23.81,9.04,1.62,86.6878,2.0143,8.3434,427523.6479,379198.6648
002869.SZ,20240829,22.98,5.5881,0.95,83.6659,1.9441,8.0526,412620.4716,365980.0637
002869.SZ,20240828,22.7,4.4065,0.57,82.6465,1.9204,7.9544,407592.8941,361520.7766
002869.SZ,20240827,23.03,5.0114,0.61,83.848,1.9483,8.0701,413518.2533,366776.365
002869.SZ,20240826,23.54,6.2117,0.63,85.7048,2.0086,8.2488,422675.6267,372304.2357
002869.SZ,20240823,23.67,6.7344,0.56,86.1781,2.0197,8.2943,425009.8591,374360.2913
002869.SZ,20240822,24.03,7.3257,0.57,87.4888,2.0504,8.4205,431473.8874,380053.984
002869.SZ,20240821,24.63,13.5535,1.07,89.6733,2.1016,8.6307,442247.2679,389543.4717
002869.SZ,20240820,24.07,7.4934,0.58,87.6344,2.0538,8.4345,432192.1128,380686.6165
002869.SZ,20240819,24.46,14.2227,1.18,89.0543,2.0871,8.5712,439194.8101,386854.7835
002869.SZ,20240816,25.92,17.4273,1.67,94.3699,2.2117,9.0828,465410.0359,409945.8704
002869.SZ,20240815,28.8,11.0393,1.01,104.8555,2.4574,10.092,517122.2621,455495.4115
002869.SZ,20240814,29.02,13.0549,1.12,105.6565,2.4762,10.1691,521072.5016,458974.8904
002869.SZ,20240813,28.37,9.3192,0.74,103.2899,2.4207,9.9413,509401.3394,448694.612
002869.SZ,20240812,28.85,9.321,0.67,105.0375,2.4617,10.1095,518020.0438,456286.2022
002869.SZ,20240809,28.67,9.4809,0.55,104.3822,2.4463,10.0464,514788.0296,453439.3558
002869.SZ,20240808,28.27,13.5037,0.67,102.9259,2.4122,9.9063,507605.776,447113.0307
002869.SZ,20240807,30.58,16.5737,0.68,111.3361,2.6093,10.7157,549083.2908,483647.5585
002869.SZ,20240806,29.36,13.7985,0.56,106.8943,2.5052,10.2882,527177.4172,464352.2667
002869.SZ,20240805,28.88,16.6841,0.63,105.1468,2.4642,10.12,518558.7128,456760.6766
002869.SZ,20240802,31.12,25.1484,1.05,113.3022,2.6553,10.9049,558779.3332,492188.0974
002869.SZ,20240801,34.2,29.2111,1.37,124.5159,2.9182,11.9842,614082.6862,540900.8012
002869.SZ,20240731,32.48,37.1882,2.15,118.2537,2.7714,11.3815,583198.9956,513697.603
002869.SZ,20240730,33.47,14.7526,0.7,121.8581,2.8559,11.7284,600975.0733,529355.2578
002869.SZ,20240729,30.43,26.2047,1.35,110.79,2.5965,10.6632,546389.9457,481275.1865
002869.SZ,20240726,27.66,12.7717,0.65,100.705,2.3601,9.6925,496652.8392,437465.3848
002869.SZ,20240725,27.93,15.6054,0.82,101.688,2.3832,9.7871,501500.8604,441735.6543
002869.SZ,20240724,28.82,17.0439,0.89,104.9283,2.4591,10.099,517481.3748,455811.7278
002869.SZ,20240723,32.02,33.1023,1.85,116.5789,2.7321,11.2203,574939.4039,506422.3291
002869.SZ,20240722,29.59,18.7572,0.95,107.7317,2.5248,10.3688,531307.213,467989.9037
002869.SZ,20240719,27.7,13.2771,0.64,100.8506,2.3635,9.7065,497371.0646,438098.0173
002869.SZ,20240718,28.11,12.7612,0.57,102.3433,2.3985,9.8502,504732.8746,444582.5006
002869.SZ,20240717,28.69,18.347,0.77,104.455,2.448,10.0534,515147.1423,453755.6721
002869.SZ,20240716,31.34,26.3803,1.16,114.1032,2.6741,10.982,562729.5727,495667.5763
002869.SZ,20240715,30.64,28.3442,1.37,111.5546,2.6144,10.7367,550160.6288,484596.5073
002869.SZ,20240712,28.4,17.359,0.78,103.3992,2.4233,9.9518,509940.0084,449169.0864
002869.SZ,20240711,29.71,21.1867,0.88,108.1686,2.535,10.4109,533461.8891,469887.8013
002869.SZ,20240710,29.74,25.2635,0.99,108.2779,2.5376,10.4214,534000.5581,470362.2756
002869.SZ,20240709,28.66,21.697,0.87,104.3458,2.4454,10.0429,514608.4733,453281.1977
002869.SZ,20240708,27.79,17.7332,0.68,101.1783,2.3712,9.7381,498987.0716,439521.4405
002869.SZ,20240705,28.0,24.9547,0.95,101.9428,2.3891,9.8116,502757.7548,442842.7612
002869.SZ,20240704,29.7,31.0533,1.14,108.1322,2.5135,10.4074,533282.3328,469729.6431
002869.SZ,20240703,33.0,31.862,1.19,120.1469,2.7927,11.5637,592535.9253,521921.8257
002869.SZ,20240702,32.33,19.5185,0.67,117.7076,2.736,11.3289,580505.6505,511325.2311
002869.SZ,20240701,32.22,22.2715,0.73,117.3071,2.7267,11.2904,578530.5307,509585.4916
002869.SZ,20240628,32.21,27.1935,0.86,117.2707,2.7259,11.2869,578350.9744,509427.3335
002869.SZ,20240627,34.01,35.8076,1.12,123.8241,2.8782,11.9176,610671.1157,537895.7967
002869.SZ,20240626,33.93,29.3972,0.95,123.5329,2.8714,11.8896,609234.665,536630.5317
002869.SZ,20240625,34.02,31.7533,1.06,123.8605,2.879,11.9211,610850.6721,538053.9549
002869.SZ,20240624,36.52,28.9753,1.03,132.9626,3.0906,12.7972,655739.7573,577593.4871
002869.SZ,20240621,37.74,32.4817,1.22,137.4044,3.1939,13.2247,677645.6309,596888.7788
002869.SZ,20240620,36.5,36.8206,1.52,132.8898,3.0889,12.7902,655380.6447,577277.1709
002869.SZ,20240619,34.21,23.9375,0.97,124.5523,2.8951,11.9877,614262.2426,541058.9593
002869.SZ,20240618,31.1,26.9523,1.14,113.2294,2.6319,10.8979,558420.2205,491871.7812
002869.SZ,20240617,28.27,20.0625,0.81,102.9259,2.3924,9.9063,507605.776,447113.0307
002869.SZ,20240614,25.7,25.3296,0.99,93.569,2.1749,9.0057,461459.7964,406466.3915
002869.SZ,20240613,24.91,24.502,1.01,90.6927,2.1081,8.7289,447274.8454,393971.8993
002869.SZ,20240612,24.08,25.9799,1.17,87.6708,2.0378,8.438,432371.6691,380844.7746
002869.SZ,20240611,23.57,22.3611,1.1,85.814,1.9947,8.2593,423214.2957,372778.7101
002869.SZ,20240607,22.55,25.4326,1.57,82.1004,1.9084,7.9019,404899.549,356646.5809
002869.SZ,20240606,25.05,29.571,2.68,91.2024,2.1199,8.7779,449788.6342,396186.1131
002869.SZ,20240605,23.82,18.035,2.11,86.7242,2.0158,8.3469,427703.2043,376732.6633
002869.SZ,20240604,21.65,15.3056,2.38,78.8237,1.8322,7.5865,388739.4783,342412.3493
002869.SZ,20240603,19.68,13.5865,2.64,71.6512,1.6655,6.8962,353366.8791,311255.1979
002869.SZ,20240531,18.81,4.6987,0.93,68.4837,1.5919,6.5913,337745.4774,297495.4406
002869.SZ,20240530,18.44,3.5266,0.72,67.1366,1.5605,6.4617,331101.8928,291643.5899
002869.SZ,20240529,19.05,5.6296,1.2,69.3575,1.6122,6.6754,342054.8296,301291.2357
002869.SZ,20240528,18.9,4.7124,1.02,68.8114,1.5995,6.6229,339361.4845,298918.8638
002869.SZ,20240527,19.23,7.1766,1.87,70.0129,1.6274,6.7385,345286.8437,304138.0821
002869.SZ,20240524,18.61,4.0888,1.2,67.7556,1.5749,6.5212,334154.3506,294332.2781
002869.SZ,20240523,18.28,2.998,0.96,66.5541,1.547,6.4056,328228.9913,289113.0598
002869.SZ,20240522,18.96,4.4547,1.71,69.0299,1.6045,6.6439,340438.8225,299867.8126
002869.SZ,20240521,18.52,4.2811,1.93,67.4279,1.5673,6.4897,332538.3435,292908.8549
002869.SZ,20240520,18.12,3.376,1.67,65.9716,1.5335,6.3495,325356.0899,286582.5297
002869.SZ,20240517,17.7,1.8579,0.81,64.4424,1.4979,6.2024,317814.7236,279939.8883
002869.SZ,20240516,17.4,1.6436,0.66,63.3502,1.4725,6.0972,312428.0333,275195.1445
002869.SZ,20240515,17.34,1.8493,0.64,63.1317,1.4675,6.0762,311350.6953,274246.1957
002869.SZ,20240514,17.72,2.3779,0.62,64.5153,1.4996,6.2094,318173.8363,280256.2046
002869.SZ,20240513,17.3,2.3758,0.47,62.9861,1.4641,6.0622,310632.4699,273613.5632
002869.SZ,20240510,17.86,3.1754,0.59,65.025,1.5115,6.2584,320687.625,282470.4184
002869.SZ,20240509,18.49,2.7672,0.46,67.3187,1.5648,6.4792,331999.6745,292434.3805
002869.SZ,20240508,18.56,3.6618,0.56,67.5735,1.5707,6.5037,333256.5689,293541.4874
002869.SZ,20240507,18.9,7.3487,1.29,68.8114,1.5995,6.6229,339361.4845,298918.8638
002869.SZ,20240506,19.94,8.4872,1.59,72.5979,1.6875,6.9873,358035.344,315367.3092
002869.SZ,20240430,19.26,4.7185,0.84,70.1221,1.6299,6.749,345825.5128,304612.5565
002869.SZ,20240429,19.45,6.0201,1.18,70.8139,1.646,6.8156,349237.0832,307617.5609
002869.SZ,20240426,18.79,5.9609,1.27,68.4109,1.5902,6.5843,337386.3647,297179.1244
002869.SZ,20240425,17.89,3.2739,0.69,65.1342,1.514,6.2689,321226.294,282944.8928
002869.SZ,20240424,18.05,6.7891,1.6,65.7167,1.5275,6.325,324099.1955,285475.4228
002869.SZ,20240423,16.8,6.1995,1.53,61.1657,1.4218,5.887,301654.6529,265705.6567
002869.SZ,20240422,16.01,3.254,0.72,58.2895,1.3549,5.6102,287469.7019,253211.1645
002869.SZ,20240419,16.61,4.019,0.84,60.4739,1.4057,5.8204,298243.0824,262700.6523
002869.SZ,20240418,17.61,3.417,0.68,164.2945,1.5056,6.4371,316198.7165,278516.4652
002869.SZ,20240417,17.47,4.2974,0.77,162.9883,1.4936,6.3859,313684.9277,276302.2514
002869.SZ,20240416,16.17,5.3061,0.92,150.8598,1.3824,5.9107,290342.6034,255741.6946
002869.SZ,20240415,17.97,5.5194,0.81,167.6531,1.5363,6.5687,322662.7448,284210.1578
002869.SZ,20240412,19.14,5.4907,0.73,178.5688,1.6364,6.9964,343670.8367,302714.6589
002869.SZ,20240411,18.6,4.667,0.55,173.5308,1.5902,6.799,333974.7943,294174.1199
002869.SZ,20240410,19.25,6.8172,0.7,179.595,1.6458,7.0366,345645.9564,304454.3983
002869.SZ,20240409,20.97,6.3652,0.59,195.642,1.7928,7.6653,376529.6471,331657.5965
002869.SZ,20240408,21.57,10.8028,0.83,201.2397,1.8441,7.8847,387303.0275,341147.0843
002869.SZ,20240403,20.62,8.959,0.63,192.3766,1.7629,7.5374,370245.1751,326122.062
002869.SZ,20240402,20.9,9.8644,0.68,194.9889,1.7868,7.6397,375272.7527,330550.4896
002869.SZ,20240401,22.08,12.3826,0.92,205.9978,1.8877,8.0711,396460.4009,349213.1488
002869.SZ,20240329,21.04,12.1127,0.94,196.295,1.7988,7.6909,377786.5415,332764.7034
002869.SZ,20240328,21.78,21.4595,1.93,203.1989,1.8621,7.9614,391073.7107,344468.405
002869.SZ,20240327,20.78,15.7366,1.43,193.8693,1.7766,7.5959,373118.0766,328652.5921
002869.SZ,20240326,18.89,10.8723,1.11,176.2364,1.615,6.905,339181.9281,298760.7057
002869.SZ,20240325,17.96,7.0124,0.77,167.5598,1.5355,6.5651,322483.1884,284051.9997
002869.SZ,20240322,19.2,9.1362,1.17,179.1286,1.6415,7.0183,344748.1747,303663.6077
002869.SZ,20240321,19.7,12.7699,2.18,183.7934,1.6842,7.2011,353725.9918,311571.5141
002869.SZ,20240320,19.28,15.4145,4.48,179.8749,1.6483,7.0476,346184.6254,304928.8727
002869.SZ,20240319,18.92,4.5594,1.41,176.5163,1.6176,6.916,339720.5972,299235.1801
002869.SZ,20240318,17.2,3.6763,1.18,160.4693,1.4705,6.2873,308836.9065,272031.9819
002869.SZ,20240315,16.53,2.6988,0.85,154.2185,1.4132,6.0423,296806.6317,261435.3872
002869.SZ,20240314,16.28,2.9281,0.84,151.8861,1.3919,5.951,292317.7231,257481.434
002869.SZ,20240313,16.6,3.3409,0.97,154.8716,1.4192,6.0679,298063.5261,262542.4941
002869.SZ,20240312,16.52,3.5288,1.01,154.1252,1.4124,6.0387,296627.0753,261277.2291
002869.SZ,20240311,16.2,3.0583,0.78,151.1397,1.385,5.9217,290881.2724,256216.169
002869.SZ,20240308,16.0,3.0811,0.68,149.2738,1.3679,5.8486,287290.1456,253053.0064
002869.SZ,20240307,15.96,4.3739,0.95,148.9006,1.3645,5.834,286571.9202,252420.3739
002869.SZ,20240306,16.02,3.243,0.6,149.4604,1.3696,5.8559,287649.2583,253369.3227
002869.SZ,20240305,15.81,3.735,0.69,147.5012,1.3517,5.7792,283878.5751,250048.0019
002869.SZ,20240304,16.35,5.183,0.94,152.5392,1.3978,5.9765,293574.6175,258588.5409
002869.SZ,20240301,16.68,6.1685,1.14,155.6179,1.426,6.0972,299499.9768,263807.7592
002869.SZ,20240229,15.68,4.8021,0.89,146.2883,1.3406,5.7316,281544.3427,247991.9463
002869.SZ,20240228,14.82,7.0693,1.43,138.2648,1.267,5.4173,266102.4974,234390.3472
002869.SZ,20240227,16.46,3.9786,0.75,153.5654,1.4072,6.0168,295549.7373,260328.2803
002869.SZ,20240226,15.92,5.5825,1.0,148.5274,1.3611,5.8194,285853.6949,251787.7414
002869.SZ,20240223,15.86,5.5534,0.95,147.9676,1.3559,5.7974,284776.3568,250838.7926
002869.SZ,20240222,14.62,4.8371,0.74,136.3989,1.2499,5.3442,262511.3705,231227.1846
002869.SZ,20240221,13.98,4.8363,0.69,130.428,1.1952,5.1102,251019.7647,221105.0643
002869.SZ,20240220,13.66,5.5687,0.85,127.4425,1.1679,4.9932,245273.9618,216044.0042
002869.SZ,20240219,13.15,7.0694,1.18,122.6844,1.1243,4.8068,236116.5884,207977.9396
002869.SZ,20240208,12.31,6.8295,1.26,114.8475,1.0524,4.4998,221033.8558,194692.6568
002869.SZ,20240207,11.19,8.4044,1.86,104.3984,0.9567,4.0904,200923.5456,176978.9464
002869.SZ,20240206,11.57,7.2807,2.1,107.9436,0.9892,4.2293,207746.6865,182988.9553
002869.SZ,20240205,12.42,3.0477,0.94,115.8738,1.0618,4.54,223008.9755,196432.3962
002869.SZ,20240202,13.8,4.4396,1.58,128.7486,1.1798,5.0444,247787.7506,218258.218
002869.SZ,20240201,14.86,3.9342,1.46,138.638,1.2704,5.4319,266820.7227,235022.9797
002869.SZ,20240131,15.15,3.8942,1.64,141.3436,1.2952,5.5379,272027.8566,239609.5654
002869.SZ,20240130,16.72,2.0264,0.82,155.9911,1.4295,6.1118,300218.2022,264440.3917
002869.SZ,20240129,17.21,1.9359,0.72,160.5626,1.4714,6.2909,309016.4629,272190.14
002869.SZ,20240126,18.1,2.2284,0.84,168.866,1.5475,6.6162,324996.9772,286266.2135
002869.SZ,20240125,18.31,3.3906,1.32,170.8252,1.5654,6.693,328767.6604,289587.5342
002869.SZ,20240124,17.28,2.2642,0.89,161.2157,1.4773,6.3165,310273.3572,273297.2469
002869.SZ,20240123,17.17,2.4684,0.98,160.1894,1.4679,6.2763,308298.2375,271557.5075
002869.SZ,20240122,17.2,3.0691,1.36,160.4693,1.4705,6.2873,308836.9065,272031.9819
002869.SZ,20240119,18.39,2.0563,0.9,171.5716,1.5722,6.7222,330204.1111,290852.7992
002869.SZ,20240118,18.88,2.9658,1.25,176.1431,1.6141,6.9014,339002.3718,298602.5476
002869.SZ,20240117,18.73,2.2195,0.9,174.7436,1.6013,6.8465,336309.0267,296230.1756
002869.SZ,20240116,19.33,2.2281,0.9,180.3414,1.6526,7.0658,347082.4072,305719.6634
002869.SZ,20240115,19.41,1.8254,0.69,181.0878,1.6594,7.0951,348518.8579,306984.9284
002869.SZ,20240112,19.62,2.1796,0.78,183.047,1.6774,7.1719,352289.541,310306.2491
002869.SZ,20240111,20.11,3.368,1.15,187.6185,1.7193,7.351,361087.8018,318055.9974
002869.SZ,20240110,19.39,2.7709,0.98,180.9012,1.6577,7.0878,348159.7452,306668.6121
002869.SZ,20240109,19.65,2.2387,0.78,183.3269,1.68,7.1828,352828.2101,310780.7235
002869.SZ,20240108,19.5,2.6963,0.95,181.9274,1.6671,7.128,350134.865,308408.3516
002869.SZ,20240105,19.78,2.9556,1.07,184.5397,1.6911,7.2303,355162.4425,312836.7792
002869.SZ,20240104,20.38,4.023,1.66,190.1375,1.7424,7.4497,365935.823,322326.2669
002869.SZ,20240103,20.07,2.2894,0.89,187.2453,1.7159,7.3363,360369.5764,317423.3649
002869.SZ,20240102,20.25,2.3658,0.86,188.9246,1.7313,7.4021,363601.5905,320270.2112
002869.SZ,20231229,20.24,2.5076,0.81,188.8313,1.7304,7.3985,363422.0342,320112.0531
002869.SZ,20231228,19.8,2.6117,0.82,184.7263,1.6928,7.2376,355521.5552,313153.0954
002869.SZ,20231227,19.64,2.3641,0.7,183.2336,1.6791,7.1792,352648.6537,310622.5654
002869.SZ,20231226,19.28,2.9977,0.87,179.8749,1.6483,7.0476,346184.6254,304928.8727
002869.SZ,20231225,19.68,3.3303,0.99,183.6068,1.6825,7.1938,353366.8791,311255.1979
002869.SZ,20231222,19.95,4.0943,1.25,186.1258,1.7056,7.2925,358214.9003,315525.4674
002869.SZ,20231221,20.31,3.09,0.88,189.4844,1.7364,7.4241,364678.9286,321219.16
002869.SZ,20231220,20.22,3.386,0.87,188.6448,1.7287,7.3912,363062.9215,319795.7368
002869.SZ,20231219,20.41,3.4037,0.76,190.4174,1.7449,7.4606,366474.492,322800.7413
002869.SZ,20231218,20.66,2.8041,0.57,192.7498,1.7663,7.552,370963.4005,326754.6945
002869.SZ,20231215,20.87,3.7509,0.72,194.709,1.7843,7.6288,374734.0837,330076.0152
002869.SZ,20231214,20.96,4.2776,0.8,195.5487,1.792,7.6617,376350.0907,331499.4384
002869.SZ,20231213,21.08,5.3316,0.94,196.6682,1.8022,7.7055,378504.7668,333397.3359
002869.SZ,20231212,22.06,6.1263,0.97,205.8112,1.886,8.0638,396101.2882,348896.8326
002869.SZ,20231211,21.56,5.0692,0.72,201.1464,1.8433,7.881,387123.4712,340988.9261
002869.SZ,20231208,21.35,5.0902,0.63,199.1872,1.8253,7.8042,383352.788,337667.6054
002869.SZ,20231207,21.46,4.9676,0.51,200.2135,1.8347,7.8444,385327.9078,339407.3448
002869.SZ,20231206,21.74,7.1794,0.64,202.8258,1.8587,7.9468,390355.4853,343835.7724
002869.SZ,20231205,22.36,9.2072,0.72,208.6101,1.9117,8.1734,401487.9785,353641.5764
002869.SZ,20231204,23.4,9.0008,0.62,218.3129,2.0006,8.5536,420161.8379,370090.0219
002869.SZ,20231201,24.12,9.9044,0.6,225.0302,2.0621,8.8168,433089.8945,381477.4071
002869.SZ,20231130,23.49,13.7628,0.74,219.1526,2.0083,8.5865,421777.845,371513.445
002869.SZ,20231129,25.97,14.5694,0.72,242.29,2.2203,9.493,466307.8176,410736.661
002869.SZ,20231128,26.51,16.96,0.86,247.328,2.2665,9.6904,476003.86,419277.2
002869.SZ,20231127,25.43,17.3319,0.84,237.252,2.1741,9.2956,456611.7752,402196.122
002869.SZ,20231124,24.65,19.6903,1.03,229.9749,2.1074,9.0105,442606.3806,389859.788
002869.SZ,20231123,26.24,24.2776,1.51,244.809,2.2434,9.5917,471155.8388,415006.9305
002869.SZ,20231122,24.42,22.5399,1.75,227.8291,2.0878,8.9264,438476.5847,386222.151
002869.SZ,20231121,23.0,15.1386,1.29,214.5811,1.9664,8.4074,412979.5843,363763.6967
002869.SZ,20231120,23.85,21.745,2.65,222.5112,2.039,8.7181,428241.8733,377207.1377
002869.SZ,20231117,22.71,11.6468,1.68,211.8755,1.9416,8.3014,407772.4504,359177.111
002869.SZ,20231116,22.07,9.3644,1.32,205.9045,1.8869,8.0674,396280.8446,349054.9907
002869.SZ,20231115,21.78,6.6719,0.81,203.1989,1.8621,7.9614,391073.7107,335451.1866
002869.SZ,20231114,21.81,9.8042,1.21,203.4788,1.8646,7.9724,391612.3797,335913.2406
002869.SZ,20231113,21.08,4.0663,0.44,196.6682,1.8022,7.7055,378504.7668,324669.9271
002869.SZ,20231110,20.75,5.4324,0.51,193.5894,1.774,7.5849,372579.4076,319587.3334
002869.SZ,20231109,20.79,10.5873,0.86,193.9626,1.7774,7.5995,373297.6329,320203.4054
002869.SZ,20231108,22.0,11.1407,0.91,205.2515,1.8809,8.0418,395023.9502,338839.5824
002869.SZ,20231107,21.72,9.2921,0.72,202.6392,1.8569,7.9395,389996.3727,334527.0786
002869.SZ,20231106,21.64,9.6335,0.66,201.8928,1.8501,7.9102,388559.9219,333294.9347
002869.SZ,20231103,21.37,12.8523,0.8,199.3738,1.827,7.8115,383711.9007,329136.4489
002869.SZ,20231102,21.91,18.2893,1.07,204.4118,1.8732,8.0089,393407.9431,337453.4205
002869.SZ,20231101,20.94,10.9342,0.63,195.3621,1.7903,7.6544,375990.9781,322513.6752
002869.SZ,20231031,20.55,12.8176,0.74,191.7235,1.7569,7.5118,368988.2808,316506.9736
002869.SZ,20231030,21.61,18.3983,1.13,201.6129,1.8475,7.8993,388021.2529,332832.8807
002869.SZ,20231027,20.71,20.0273,1.43,193.2163,1.7706,7.5703,371861.1822,318971.2614
002869.SZ,20231026,20.49,23.466,2.27,191.1637,1.7781,7.4899,367910.9427,315582.8656
002869.SZ,20231025,19.3,11.7773,1.35,180.0615,1.6748,7.0549,346543.7381,297254.7246
002869.SZ,20231024,19.16,13.3631,1.97,178.7554,1.6627,7.0037,344029.9494,295098.4727
002869.SZ,20231023,18.64,12.681,2.35,173.904,1.6175,6.8136,334693.0196,287089.5371
002869.SZ,20231020,17.8,8.8382,1.7,166.0671,1.5446,6.5066,319610.287,274152.0258
002869.SZ,20231019,17.83,4.9749,0.73,166.347,1.5473,6.5175,320148.956,274614.0797
002869.SZ,20231018,17.73,3.6339,0.39,165.414,1.5386,6.481,318353.3926,273073.8998
002869.SZ,20231017,18.08,3.8435,0.39,168.6794,1.5689,6.6089,324637.8645,278464.5295
002869.SZ,20231016,18.25,5.6364,0.61,170.2654,1.5837,6.6711,327690.3223,281082.8354
002869.SZ,20231013,18.73,7.8779,0.96,174.7436,1.6254,6.8465,336309.0267,288475.699
002869.SZ,20231012,19.1,13.006,2.2,178.1956,1.6575,6.9818,342952.6113,294174.3647
002869.SZ,20231011,18.55,16.5515,5.63,173.0643,1.6097,6.7807,333077.0126,285703.3752
002869.SZ,20231010,19.03,6.089,2.81,177.5425,1.6514,6.9562,341695.7169,293096.2388
002869.SZ,20231009,17.3,2.3424,1.08,161.4023,1.5013,6.3238,310632.4699,266451.1262
002869.SZ,20230928,17.26,2.9008,1.52,161.0291,1.4978,6.3092,309914.2446,265835.0542
002869.SZ,20230927,16.61,1.7408,0.89,154.9649,1.4414,6.0716,298243.0824,255823.8847
002869.SZ,20230926,16.68,1.6362,0.8,155.6179,1.4475,6.0972,299499.9768,256902.0107
002869.SZ,20230925,16.66,2.2152,1.04,155.4313,1.4457,6.0899,299140.8641,256593.9747
002869.SZ,20230922,16.95,2.3346,1.16,158.1369,1.4709,6.1959,304347.998,261060.4964
002869.SZ,20230921,16.47,1.6295,0.72,153.6587,1.4292,6.0204,295729.2936,253667.6328
002869.SZ,20230920,16.31,1.9158,0.78,152.166,1.4153,5.9619,292856.3922,251203.345
002869.SZ,20230919,16.47,2.1881,0.77,153.6587,1.4292,6.0204,295729.2936,253667.6328
002869.SZ,20230918,17.06,2.5325,0.86,159.1632,1.4804,6.2361,306323.1177,262754.6944
002869.SZ,20230915,16.88,1.831,0.61,157.4839,1.4648,6.1703,303091.1036,259982.3705
002869.SZ,20230914,17.06,2.9146,0.98,159.1632,1.4804,6.2361,306323.1177,262754.6944
002869.SZ,20230913,17.48,2.8856,1.01,163.0816,1.5169,6.3896,313864.4841,269223.45
002869.SZ,20230912,18.11,3.9923,1.58,168.9593,1.5715,6.6199,325176.5336,278926.5835
002869.SZ,20230911,17.95,3.1427,1.25,167.4665,1.5577,6.5614,322303.6321,276462.2956
002869.SZ,20230908,17.71,2.0424,0.77,165.2274,1.5368,6.4737,317994.2799,272765.8638
002869.SZ,20230907,17.47,2.8034,1.11,162.9883,1.516,6.3859,313684.9277,269069.432
002869.SZ,20230906,17.85,2.2801,0.86,166.5336,1.549,6.5249,320508.0687,274922.1157
002869.SZ,20230905,17.66,2.3599,0.86,164.7609,1.5325,6.4554,317096.4982,271995.7739
002869.SZ,20230904,17.72,3.0946,1.06,165.3207,1.5377,6.4773,318173.8363,272919.8818
002869.SZ,20230901,17.68,2.7744,0.97,164.9475,1.5342,6.4627,317455.6109,272303.8099
002869.SZ,20230831,17.52,2.1124,0.72,163.4548,1.5204,6.4042,314582.7094,269839.522
002869.SZ,20230830,17.52,2.8583,0.98,163.4548,1.5204,6.4042,314582.7094,269839.522
002869.SZ,20230829,17.07,2.9243,1.0,159.2565,1.4813,6.2397,306502.6741,262908.7123
002869.SZ,20230828,16.48,3.9405,1.53,153.752,1.4301,6.0241,295908.85,253821.6508
002869.SZ,20230825,16.18,2.421,1.0,150.9531,1.4041,5.9144,290522.1597,249201.1111
002869.SZ,20230824,16.94,2.6184,1.14,158.0436,1.47,6.1922,304168.4417,260906.4784
002869.SZ,20230823,16.74,2.6658,1.25,156.1777,1.4527,6.1191,300577.3148,257826.1186
002869.SZ,20230822,16.89,2.9335,1.57,157.5771,1.4839,6.1739,303270.6599,260136.3885
002869.SZ,20230821,16.48,2.2352,1.17,153.752,1.4479,6.0241,295908.85,253821.6508
002869.SZ,20230818,16.72,1.7098,0.81,155.9911,1.469,6.1118,300218.2022,257518.0826
002869.SZ,20230817,17.24,1.9581,0.91,160.8425,1.5147,6.3019,309555.1319,265527.0182
002869.SZ,20230816,16.93,1.8041,0.85,157.9503,1.4875,6.1886,303988.8853,260752.4605
002869.SZ,20230815,17.31,1.622,0.77,161.4956,1.5208,6.3275,310812.0263,266605.1442
002869.SZ,20230814,17.51,2.4403,1.26,163.3615,1.5384,6.4006,314403.1531,269685.504
002869.SZ,20230811,17.39,2.7905,1.53,162.242,1.5279,6.3567,312248.477,267837.2881
002869.SZ,20230810,18.05,2.1094,1.14,168.3995,1.5859,6.598,324099.1955,278002.4756
002869.SZ,20230809,17.72,1.6408,0.89,165.3207,1.5569,6.4773,318173.8363,272202.2218
002869.SZ,20230808,17.94,1.5255,0.8,167.3732,1.5762,6.5577,322124.0758,275581.7076
002869.SZ,20230807,18.07,1.6522,0.81,168.5861,1.5876,6.6053,324458.3082,273166.8626
002869.SZ,20230804,18.14,2.2765,1.11,169.2392,1.5938,6.6309,325715.2026,274225.0629
002869.SZ,20230803,18.08,2.2835,1.09,168.6794,1.5885,6.6089,324637.8645,273318.034
002869.SZ,20230802,18.41,1.5977,0.61,171.7582,1.6175,6.7296,330563.2238,278306.6928
002869.SZ,20230801,18.31,1.8701,0.69,170.8252,1.6087,6.693,328767.6604,276794.978
002869.SZ,20230731,18.58,2.1416,0.81,173.3442,1.6324,6.7917,333615.6816,280876.608
002869.SZ,20230728,18.33,2.347,0.84,171.0118,1.6105,6.7003,329126.7731,277097.321
002869.SZ,20230727,18.49,2.491,0.86,172.5045,1.6245,6.7588,331999.6745,279516.0647
002869.SZ,20230726,18.71,4.1677,1.76,174.557,1.6438,6.8392,335949.914,282841.8372
002869.SZ,20230725,19.71,2.4807,1.09,183.8867,1.7317,7.2048,353905.5481,297958.9851
002869.SZ,20230724,19.69,1.6713,0.69,183.7001,1.7299,7.1974,353546.4354,297656.6422
002869.SZ,20230721,19.54,3.214,1.19,182.3006,1.7168,7.1426,350853.0903,295389.07
002869.SZ,20230720,20.16,2.992,0.97,188.085,1.7712,7.3692,361985.5835,304761.7017
002869.SZ,20230719,21.36,1.5008,0.31,199.2805,1.8767,7.8079,383532.3444,322902.2791
002869.SZ,20230718,21.78,2.0469,0.4,203.1989,1.9136,7.9614,391073.7107,329251.4813
002869.SZ,20230717,22.12,2.3725,0.48,206.371,1.9434,8.0857,397178.6263,334391.3115
002869.SZ,20230714,22.53,4.6147,1.08,210.1962,1.9795,8.2356,404540.4363,340589.3422
002869.SZ,20230713,23.41,4.8849,1.39,218.4062,2.0568,8.5572,420341.3943,353892.4323
002869.SZ,20230712,23.37,10.0484,5.21,218.033,2.0533,8.5426,419623.1689,353287.7464
002869.SZ,20230711,22.82,3.4253,1.89,212.9017,2.0049,8.3416,409747.5702,344973.3151
002869.SZ,20230710,21.97,1.7632,0.9,204.9716,1.9303,8.0309,394485.2812,332123.7394
002869.SZ,20230707,21.86,1.1604,0.56,203.9453,1.9206,7.9907,392510.1614,330460.8531
002869.SZ,20230706,22.32,1.2236,0.57,208.2369,1.9511,8.1588,400769.7531,337414.7411
002869.SZ,20230705,22.41,2.0669,0.99,209.0766,1.9589,8.1917,402385.7602,338775.2844
002869.SZ,20230704,22.82,2.8577,1.51,212.9017,1.9948,8.3416,409747.5702,344973.3151
002869.SZ,20230703,21.93,2.5049,1.38,204.5984,1.917,8.0162,393767.0558,331519.0534
002869.SZ,20230630,21.98,1.6743,0.89,205.0649,1.9213,8.0345,394664.8375,332274.9108
002869.SZ,20230629,21.4,1.5444,0.72,199.6537,1.8706,7.8225,384250.5697,323506.9651
002869.SZ,20230628,21.23,1.848,0.86,198.0677,1.8558,7.7604,381198.1119,320937.0499
002869.SZ,20230627,21.75,1.9083,0.92,202.9191,1.9012,7.9504,390535.0417,328797.9668
002869.SZ,20230626,21.5,2.0975,1.02,200.5867,1.8794,7.8591,386046.1332,325018.6799
002869.SZ,20230621,22.78,1.9736,0.94,212.5286,1.9913,8.327,409029.3448,344368.6292
002869.SZ,20230620,23.43,2.9576,1.47,218.5928,2.0481,8.5646,420700.507,354194.7753
002869.SZ,20230619,23.77,1.7803,0.81,221.7649,2.0778,8.6888,426805.4226,359334.6056
002869.SZ,20230616,23.89,1.5982,0.74,222.8844,2.0883,8.7327,428960.0986,361148.6633
002869.SZ,20230615,23.6,1.9942,0.99,220.1788,2.0629,8.6267,423752.9648,356764.6904
002869.SZ,20230614,24.06,2.2177,1.13,224.4705,2.1032,8.7948,432012.5564,363718.5785
002869.SZ,20230613,24.28,2.4435,1.33,226.523,2.1224,8.8753,435962.7959,367044.351
002869.SZ,20230612,24.24,2.7438,1.57,226.1498,2.1189,8.8606,435244.5706,366439.6651
002869.SZ,20230609,23.41,1.4374,0.82,218.4062,2.0463,8.5572,420341.3943,353892.4323
002869.SZ,20230608,23.38,1.182,0.59,218.1263,2.0437,8.5463,419802.7253,353438.9179
002869.SZ,20230607,23.6,2.0,1.07,220.1788,2.0629,8.6267,423752.9648,356764.6904
002869.SZ,20230606,23.05,1.8168,1.05,215.0476,2.0149,8.4256,413877.366,348450.2591
002869.SZ,20230605,23.54,2.3043,1.48,219.6191,2.0577,8.6048,422675.6267,355857.6616
002869.SZ,20230602,23.15,1.4729,0.93,215.9805,2.0236,8.4622,415672.9294,349961.9739
002869.SZ,20230601,22.85,2.4477,1.66,213.1816,1.9974,8.3525,410286.2392,345426.8295
002869.SZ,20230531,23.39,1.2881,0.75,218.2196,2.0446,8.5499,419982.2816,353590.0894
002869.SZ,20230530,23.25,1.1734,0.56,216.9135,2.0324,8.4988,417468.4928,351473.6887
002869.SZ,20230529,23.15,1.415,0.66,215.9805,2.0236,8.4622,415672.9294,349961.9739
002869.SZ,20230526,23.21,1.5685,0.69,216.5403,2.0289,8.4841,416750.2675,350869.0028
002869.SZ,20230525,22.66,1.944,0.83,211.409,1.9808,8.2831,406874.6687,342554.5714
002869.SZ,20230524,23.28,2.4831,1.06,217.1934,2.035,8.5097,418007.1618,351927.2031
002869.SZ,20230523,22.83,2.9777,1.38,212.995,1.9956,8.3452,409927.1265,345124.4866
002869.SZ,20230522,22.35,1.744,0.74,208.5168,1.9537,8.1698,401308.4221,337868.2556
002869.SZ,20230519,22.69,2.2199,0.94,211.6889,1.9834,8.2941,407413.3377,343008.0859
002869.SZ,20230518,22.66,2.3358,0.98,211.409,1.9808,8.2831,406874.6687,342554.5714
002869.SZ,20230517,22.48,2.4193,1.04,209.7297,1.965,8.2173,403642.6546,339833.4848
002869.SZ,20230516,21.72,2.0546,0.79,202.6392,1.8986,7.9395,389996.3727,328344.4524
002869.SZ,20230515,22.21,2.7745,1.0,207.2107,1.9414,8.1186,398794.6334,335751.8549
002869.SZ,20230512,22.43,2.2175,0.7,209.2632,1.9607,8.199,402744.8729,339077.6274
002869.SZ,20230511,23.03,2.4083,0.74,214.861,2.0131,8.4183,413518.2533,348147.9161
002869.SZ,20230510,23.7,2.1632,0.59,221.1118,2.0717,8.6632,425548.5282,358276.4052
002869.SZ,20230509,23.71,3.3624,0.75,221.2051,2.0726,8.6669,425728.0845,358427.5767
002869.SZ,20230508,24.84,3.6615,0.81,231.7476,2.1713,9.08,446017.951,375509.9538
002869.SZ,20230505,24.88,4.2977,0.84,232.1207,2.1748,9.0946,446736.1764,376114.6398
002869.SZ,20230504,25.96,2.7246,0.51,242.1967,2.2692,9.4894,466128.2612,392441.1595
002869.SZ,20230428,26.3,4.2431,0.81,245.3688,2.299,9.6136,472233.1768,397580.9898
002869.SZ,20230427,26.02,7.5588,1.72,242.7565,2.2745,9.5113,467205.5993,393348.1884
002869.SZ,20230426,25.98,3.6763,0.83,242.3833,2.271,9.4967,466487.3739,392743.5024
002869.SZ,20230425,23.62,7.3781,1.99,220.3654,2.0647,8.634,424112.0774,357067.0334
002869.SZ,20230424,24.41,3.6833,0.95,,2.009,14.5346,438297.0284,369009.5802
002869.SZ,20230421,24.83,3.8269,0.99,,2.0435,14.7846,445838.3947,375358.7824
002869.SZ,20230420,26.25,3.3662,0.77,,2.1604,15.6302,471335.3951,396825.1324
002869.SZ,20230419,26.52,3.7962,0.76,,2.1826,15.7909,476183.4163,400906.7623
002869.SZ,20230418,26.18,3.8589,0.63,,2.1546,15.5885,470078.5007,395766.932
002869.SZ,20230417,26.99,4.5346,0.55,,2.2213,16.0708,484622.5644,408011.8218
002869.SZ,20230414,28.06,3.6945,0.42,,2.3094,16.7079,503835.0928,424187.1701
002869.SZ,20230413,28.24,5.8788,0.72,,2.3242,16.8151,507067.107,426908.2567
002869.SZ,20230412,29.0,7.1591,0.96,,2.3867,17.2676,520713.3889,438397.2891
002869.SZ,20230411,28.14,9.1567,1.41,,2.3159,16.7555,505271.5436,425396.5419
002869.SZ,20230410,28.05,15.6728,4.27,,2.3085,16.7019,503655.5365,424035.9986
002869.SZ,20230407,25.92,6.3864,2.32,,2.1332,15.4337,465410.0359,391836.4736
002869.SZ,20230406,23.56,2.4435,0.92,,1.939,14.0284,423034.7394,356160.0045
002869.SZ,20230404,23.93,3.5173,1.36,,1.9695,14.2488,429678.324,361753.3492
002869.SZ,20230403,24.51,4.3372,1.8,,2.0172,14.5941,440092.5918,370521.295
002869.SZ,20230331,25.46,1.673,0.55,,2.0954,15.1598,457150.4442,384882.5855
002869.SZ,20230330,25.47,1.7949,0.46,,2.0962,15.1657,457330.0005,385033.757
002869.SZ,20230329,25.52,2.0283,0.48,,2.1003,15.1955,458227.7822,385789.6144
002869.SZ,20230328,25.37,3.0686,0.76,,2.088,15.1062,455534.4371,383522.0422
002869.SZ,20230327,26.01,3.5079,0.91,,2.1406,15.4873,467026.0429,393197.0169
002869.SZ,20230324,26.55,4.9045,1.48,,2.1851,15.8088,476722.0854,401360.2767
002869.SZ,20230323,26.8,5.9593,2.27,,2.2057,15.9576,481210.9939,405139.5637
002869.SZ,20230322,25.39,3.6703,1.56,,2.0896,15.1181,455893.5498,383824.3852
002869.SZ,20230321,23.97,2.0567,0.82,,1.9728,14.2726,430396.5494,362358.0352
002869.SZ,20230320,23.81,2.7481,1.08,,1.9596,14.1773,427523.6479,359939.2915
002869.SZ,20230317,23.38,2.1175,0.86,,1.9242,13.9213,419802.7253,353438.9179
002869.SZ,20230316,23.07,2.5401,1.14,,1.8987,13.7367,414236.4787,348752.6021
002869.SZ,20230315,23.87,2.2883,1.1,,1.9645,14.213,428600.986,360846.3204
002869.SZ,20230314,23.28,2.9154,1.58,,1.916,13.8617,418007.1618,351927.2031
002869.SZ,20230313,24.1,2.8253,1.69,,1.9835,14.35,432730.7818,364323.2644
002869.SZ,20230310,24.23,1.7512,1.08,,1.9942,14.4274,435065.0142,366288.4936
002869.SZ,20230309,24.9,1.3199,0.75,,2.0493,14.8263,447095.2891,376416.9827
002869.SZ,20230308,25.07,1.59,0.77,,2.0633,14.9275,450147.7469,378986.8979
002869.SZ,20230307,24.8,1.7398,0.9,,2.0411,14.7668,445299.7257,374905.2679
002869.SZ,20230306,25.6,1.9547,1.04,,2.1069,15.2431,459664.233,386998.9862
002869.SZ,20230303,25.5,1.4911,0.8,,2.0987,15.1836,457868.6696,385487.2715
002869.SZ,20230302,25.55,1.9906,1.14,,2.1028,15.2134,458766.4513,386243.1288
002869.SZ,20230301,25.62,3.0998,2.19,,2.1085,15.255,460023.3456,387301.3292
002869.SZ,20230228,24.48,1.1211,0.7,,2.0147,14.5762,439553.9228,370067.7806
002869.SZ,20230227,24.35,1.7172,0.87,,2.004,14.4988,437219.6903,368102.5514
002869.SZ,20230224,25.0,1.4323,0.64,,2.0575,14.8859,448890.8525,377928.6975
002869.SZ,20230223,24.48,1.3636,0.5,,2.0147,14.5762,439553.9228,370067.7806
002869.SZ,20230222,24.6,1.4306,0.43,,2.0246,14.6477,441708.5989,371881.8383
002869.SZ,20230221,25.0,2.0435,0.6,,2.0575,14.8859,448890.8525,377928.6975
002869.SZ,20230220,24.85,3.5694,0.98,,2.0452,14.7966,446197.5074,375661.1253
002869.SZ,20230217,25.45,2.7379,0.75,,2.0946,15.1538,456970.8878,384731.4141
002869.SZ,20230216,25.59,3.9897,1.09,,2.1061,15.2372,459484.6766,386847.8148
002869.SZ,20230215,26.92,4.1262,1.16,,2.2155,16.0291,483365.67,406953.6215
002869.SZ,20230214,26.1,2.6338,0.67,,2.1481,15.5408,468642.05,394557.5602
002869.SZ,20230213,26.0,4.7685,1.09,,2.1398,15.4813,466846.4866,393045.8454
002869.SZ,20230210,25.27,2.8359,0.67,,2.0797,15.0466,453738.8737,382010.3274
002869.SZ,20230209,26.01,3.958,1.02,,2.1406,15.4873,467026.0429,393197.0169
002869.SZ,20230208,24.9,3.646,1.0,,2.0493,14.8263,447095.2891,376416.9827
002869.SZ,20230207,25.86,4.4815,1.38,,2.1283,15.3979,464332.6978,390929.4447
002869.SZ,20230206,26.08,6.9933,3.01,,2.1464,15.5289,468282.9373,394255.2172
002869.SZ,20230203,25.17,1.9292,0.83,,2.0715,14.9871,451943.3103,380498.6126
002869.SZ,20230202,25.07,2.3711,1.06,,2.0633,14.9275,450147.7469,378986.8979
002869.SZ,20230201,25.26,2.4101,0.97,,2.0789,15.0407,453559.3174,381859.156
002869.SZ,20230131,24.82,2.5453,1.05,,2.0427,14.7787,445658.8384,375207.6109
002869.SZ,20230130,25.38,2.3771,0.91,,2.0888,15.1121,455713.9935,383673.2137
002869.SZ,20230120,25.07,1.8825,0.69,,2.0633,14.9275,450147.7469,378986.8979
002869.SZ,20230119,25.63,1.9371,0.6,,2.1094,15.261,460202.902,387452.5007
002869.SZ,20230118,25.62,3.7142,1.2,,2.1085,15.255,460023.3456,387301.3292
002869.SZ,20230117,24.82,2.1999,0.65,,2.0427,14.7787,445658.8384,375207.6109
002869.SZ,20230116,25.08,3.3615,0.88,,2.0641,14.9335,450327.3032,379138.0693
002869.SZ,20230113,25.95,2.5231,0.51,,2.1357,15.4515,465948.7049,392289.988
002869.SZ,20230112,26.13,4.2941,0.84,,2.1505,15.5587,469180.719,395011.0746
002869.SZ,20230111,26.59,3.1364,0.64,,2.1884,15.8326,477440.3107,401964.9627
002869.SZ,20230110,26.73,3.5309,0.79,,2.1999,15.916,479954.0995,404081.3634
002869.SZ,20230109,26.85,5.6609,1.57,,2.2098,15.9874,482108.7756,405895.4211
002869.SZ,20230106,26.35,7.9939,3.44,,2.1686,15.6897,473130.9585,398336.8472
002869.SZ,20230105,24.96,5.1421,3.29,,2.0542,14.862,448172.6271,377324.0116
002869.SZ,20230104,22.69,2.2153,1.66,,1.8674,13.5104,407413.3377,343008.0859
002869.SZ,20230103,22.03,1.294,1.03,,1.8131,13.1174,395562.6192,333030.7682
002869.SZ,20221230,21.52,1.3677,1.11,,1.7711,12.8138,386405.2458,325321.0228
002869.SZ,20221229,21.08,1.6079,1.41,,1.7349,12.5518,378504.7668,318669.4777
002869.SZ,20221228,21.35,1.327,1.26,,1.7571,12.7125,383352.788,322751.1077
002869.SZ,20221227,22.07,1.0801,0.85,,1.8164,13.1412,396280.8446,333635.4542
002869.SZ,20221226,21.92,0.9043,0.65,,1.804,13.0519,393587.4995,331367.882
002869.SZ,20221223,21.52,1.2262,0.73,,1.7711,12.8138,386405.2458,325321.0228
002869.SZ,20221222,22.29,1.1573,0.64,,1.8345,13.2722,400231.0841,336961.2267
002869.SZ,20221221,22.91,0.9008,0.44,,1.8855,13.6414,411363.5772,346333.8584
002869.SZ,20221220,22.8,2.1769,1.02,,1.8765,13.5759,409388.4575,344670.9721
002869.SZ,20221219,22.55,1.5276,0.66,,1.8559,13.4271,404899.549,340891.6851
002869.SZ,20221216,23.26,2.6922,1.08,,1.9143,13.8498,417648.0492,351624.8602
002869.SZ,20221215,24.42,1.8097,0.66,,2.0098,14.5405,438476.5847,369160.7517
002869.SZ,20221214,24.1,2.044,0.54,,1.9835,14.35,432730.7818,364323.2644
002869.SZ,20221213,23.88,2.5569,0.54,,1.9653,14.219,428780.5423,360997.4919
002869.SZ,20221212,24.76,2.4325,0.52,,2.0378,14.743,444581.5003,374300.582
002869.SZ,20221209,24.65,3.626,0.85,,2.0287,14.6775,442606.3806,372637.6957
002869.SZ,20221208,24.65,3.1492,0.78,,2.0287,14.6775,442606.3806,372637.6957
002869.SZ,20221207,25.16,7.1126,2.35,,2.0707,14.9811,451763.754,380347.4412
002869.SZ,20221206,24.95,7.2555,3.48,,2.0534,14.8561,447993.0708,377172.8401
002869.SZ,20221205,22.68,2.204,0.99,,1.8666,13.5045,407233.7814,342856.9144
002869.SZ,20221202,22.93,1.5711,0.7,,1.8872,13.6533,411722.6899,346636.2013
002869.SZ,20221201,23.25,2.0018,0.87,,1.9135,13.8439,417468.4928,351473.6887
002869.SZ,20221130,23.02,2.0912,0.83,,1.8946,13.7069,413338.697,347996.7447
002869.SZ,20221129,23.19,2.5561,0.83,,1.9086,13.8081,416391.1548,350566.6598
002869.SZ,20221128,22.96,2.8895,0.86,,1.8896,13.6712,412261.3589,347089.7158
002869.SZ,20221125,23.63,1.6845,0.49,,1.9448,14.0701,424291.6338,357218.2049
002869.SZ,20221124,24.13,2.2875,0.67,,1.9859,14.3678,433269.4508,364776.7788
002869.SZ,20221123,23.77,3.1948,0.83,,1.9563,14.1535,426805.4226,359334.6056
002869.SZ,20221122,24.36,5.3288,1.45,,2.0048,14.5048,437399.2467,368253.7228
002869.SZ,20221121,23.99,4.2787,1.27,,1.9744,14.2845,430755.6621,362660.3781
002869.SZ,20221118,22.86,2.101,0.6,,1.8814,13.6116,410465.7955,345578.001
002869.SZ,20221117,23.4,2.1606,0.63,,1.9258,13.9332,420161.8379,353741.2609
002869.SZ,20221116,23.24,5.2728,1.95,,1.9127,13.8379,417288.9365,351322.5172
002869.SZ,20221115,23.79,4.5028,1.99,,1.9579,14.1654,427164.5352,359636.9485
002869.SZ,20221114,22.6,2.8541,1.4,,1.86,13.4568,405797.3307,341647.5425
002869.SZ,20221111,22.7,2.7566,1.39,,1.8682,13.5164,407592.8941,343159.2573
002869.SZ,20221110,22.63,1.8533,0.84,,1.8625,13.4747,406335.9997,342101.057
002869.SZ,20221109,22.63,1.5391,0.57,,1.8625,13.4747,406335.9997,342101.057
002869.SZ,20221108,22.9,2.2823,0.77,,1.8847,13.6355,411184.0209,346182.6869
002869.SZ,20221107,22.69,1.7762,0.58,,1.8674,13.5104,407413.3377,343008.0859
002869.SZ,20221104,22.61,2.4452,0.81,,1.8608,13.4628,405976.887,341798.714
002869.SZ,20221103,22.71,2.9743,0.95,,1.8691,13.5223,407772.4504,343310.4288
002869.SZ,20221102,22.43,4.1299,1.35,,1.846,13.3556,402744.8729,339077.6274
002869.SZ,20221101,21.64,3.4162,1.24,,1.781,12.8852,388559.9219,327135.0806
002869.SZ,20221031,20.76,2.3077,0.83,,1.7086,12.3612,372758.9639,313831.9904
002869.SZ,20221028,20.72,2.2867,0.82,,1.7053,12.3374,372040.7386,313227.3045
002869.SZ,20221027,21.48,3.4692,1.37,,1.7678,12.7899,385687.0205,324716.3369
002869.SZ,20221026,21.96,3.8242,1.67,,1.8019,13.0757,394305.7248,331972.5679
002869.SZ,20221025,20.79,1.8458,0.79,,1.7059,12.3791,373297.6329,314285.5048
002869.SZ,20221024,20.81,2.4691,1.08,,1.7075,12.391,373656.7456,314587.8478
002869.SZ,20221021,20.65,2.3686,1.03,,1.6944,12.2957,370783.8442,312169.1041
002869.SZ,20221020,20.3,2.1216,0.97,,1.6657,12.0873,364499.3722,306878.1024
002869.SZ,20221019,20.12,2.6635,1.29,,1.6509,11.9801,361267.3581,304157.0157
002869.SZ,20221018,20.48,2.0172,1.04,,1.6804,12.1945,367731.3864,309599.189
002869.SZ,20221017,20.99,2.3099,1.27,,1.7223,12.4982,376888.7598,317308.9344
002869.SZ,20221014,20.63,2.3372,1.4,,1.6927,12.2838,370424.7315,311866.7612
002869.SZ,20221013,19.64,1.5555,0.9,,1.6105,11.7329,353811.7659,296900.7848
002869.SZ,20221012,19.31,2.1341,1.27,,1.5835,11.5358,347866.8636,291912.1259
002869.SZ,20221011,17.98,1.3336,0.76,,1.4744,10.7412,323907.1055,271806.3192
002869.SZ,20221010,18.07,1.7205,0.95,,1.4818,10.795,325528.4425,273166.8626
002869.SZ,20220930,18.83,1.6265,0.82,,1.5441,11.249,339219.7328,284655.895
002869.SZ,20220929,18.96,1.8004,0.92,,1.5548,11.3267,341561.6641,286621.1242
002869.SZ,20220928,18.85,1.9232,1.03,,1.5458,11.261,339580.0299,284958.2379
002869.SZ,20220927,19.84,1.7152,0.92,,1.6269,11.8524,357414.7371,299924.2143
002869.SZ,20220926,19.58,1.9542,0.99,,1.6056,11.6971,352730.8746,295993.7559
002869.SZ,20220923,19.8,2.5476,1.36,,1.6237,11.8285,356694.1429,299319.5284
002869.SZ,20220922,20.85,1.602,0.67,,1.7098,12.4558,375609.7413,315192.5337
002869.SZ,20220921,21.07,1.5157,0.6,,1.7278,12.5872,379573.0096,318518.3063
002869.SZ,20220920,21.05,1.6872,0.63,,1.7262,12.5752,379212.7125,318215.9633
002869.SZ,20220919,20.92,2.5319,0.94,,1.7155,12.4976,376870.7812,316250.7341
002869.SZ,20220916,21.41,2.0261,0.6,,1.7557,12.7903,385698.0605,323658.1365
002869.SZ,20220915,21.39,4.1752,1.03,,1.754,12.7784,385337.7634,323355.7936
002869.SZ,20220914,22.5,2.2081,0.5,,1.8451,13.4415,405334.2533,340135.8278
002869.SZ,20220913,22.36,2.5091,0.55,,1.8336,13.3578,402812.1735,338019.427
002869.SZ,20220909,22.86,2.5957,0.52,,1.8746,13.6565,411819.6013,345578.001
002869.SZ,20220908,22.86,5.4202,1.13,,1.8746,13.6565,411819.6013,345578.001
002869.SZ,20220907,23.63,7.608,1.72,,1.9377,14.1165,425691.0402,357218.2049
002869.SZ,20220906,21.85,3.7468,0.87,,1.7918,13.0532,393624.597,330309.6816
002869.SZ,20220905,21.69,3.4698,0.75,,1.7786,12.9576,390742.2201,327890.938
002869.SZ,20220902,21.77,4.7669,0.97,,1.7852,13.0054,392183.4086,329100.3098
002869.SZ,20220901,20.11,4.4456,0.95,,1.6491,12.0137,362278.7481,304005.8443
002869.SZ,20220831,21.23,5.7167,1.29,,1.7409,12.6828,382455.3865,320937.0499
002869.SZ,20220830,22.82,3.0262,0.65,,1.8713,13.6326,411099.0071,344973.3151
002869.SZ,20220829,23.0,5.1474,1.22,,1.8861,13.7402,414341.6811,347694.4017
002869.SZ,20220826,22.79,6.1816,1.65,,1.8688,13.6147,410558.5614,344519.8006
002869.SZ,20220825,21.75,3.2782,0.76,,1.7378,12.9934,391823.1115,328797.9668
002869.SZ,20220824,21.6,4.4612,0.87,,1.7258,12.9038,389120.8831,326530.3946
002869.SZ,20220823,21.9,4.1627,0.73,,1.7497,13.083,394525.3398,331065.539
002869.SZ,20220822,22.77,3.0806,0.52,,1.8192,13.6028,410198.2643,344217.4577
002869.SZ,20220819,22.35,3.8052,0.57,,1.7857,13.3519,402632.0249,337868.2556
002869.SZ,20220818,23.41,5.9583,0.78,,1.8704,13.9851,421727.7719,353892.4323
002869.SZ,20220817,22.42,8.527,1.2,,1.7913,13.3937,403893.0648,338926.4559
002869.SZ,20220816,24.18,6.9487,0.83,,1.9319,14.4451,435599.2108,365532.6362
002869.SZ,20220815,23.03,4.1391,0.41,,1.84,13.7581,414882.1268,348147.9161
002869.SZ,20220812,22.84,8.0145,0.81,,1.8248,13.6446,411459.3042,345275.658
002869.SZ,20220811,23.88,10.5227,1.24,,1.9079,14.2659,430194.7541,360997.4919
002869.SZ,20220810,22.48,6.0229,0.73,,1.7961,13.4295,404973.9561,339833.4848
002869.SZ,20220809,22.22,13.1933,2.0,,1.7753,13.2742,400290.0937,335903.0263
002869.SZ,20220808,21.95,12.8831,2.44,,1.7537,13.1129,395426.0826,331821.3964
002869.SZ,20220805,19.95,6.7321,1.34,,1.5939,11.9181,359396.3712,301587.1006
002869.SZ,20220804,18.86,3.6526,0.73,,1.5068,11.2669,339760.1785,285109.4094
002869.SZ,20220803,18.37,4.5555,0.89,,1.4677,10.9742,330932.8992,277702.0069
002869.SZ,20220802,18.85,5.2085,1.0,,1.5061,11.261,339580.0299,284958.2379
002869.SZ,20220801,20.33,6.2024,1.29,,1.6243,12.1451,366242.0164,307331.6168
002869.SZ,20220729,19.59,5.4247,1.1,,1.5652,11.703,352911.0232,296144.9274
002869.SZ,20220728,18.88,3.5048,0.56,,1.5084,11.2789,340120.4756,285411.7524
002869.SZ,20220727,19.38,5.1861,0.64,,1.5484,11.5776,349127.9035,292970.3263
002869.SZ,20220726,19.12,5.7242,0.65,,1.5276,11.4223,344444.041,289039.8678
002869.SZ,20220725,18.19,4.2699,0.48,,1.4533,10.8667,327690.2252,274980.9203
002869.SZ,20220722,19.01,5.7355,0.65,,1.5188,11.3565,342462.4069,297644.9479
002869.SZ,20220721,19.46,10.0103,1.21,,1.5548,11.6254,350569.0919,304690.7252
002869.SZ,20220720,19.1,14.0249,1.9,,1.526,11.4103,344083.7439,299054.1034
002869.SZ,20220719,19.1,8.8407,1.03,,1.526,11.4103,344083.7439,299054.1034
002869.SZ,20220718,17.36,4.3948,0.39,,1.387,10.3708,312737.895,271810.4311
002869.SZ,20220715,17.46,6.825,0.56,,1.395,10.4306,314539.3805,273376.1594
002869.SZ,20220714,16.74,7.388,0.59,,1.3375,10.0005,301568.6844,262102.9157
002869.SZ,20220713,18.1,9.4251,0.88,,1.4461,10.8129,326068.8882,283396.8205
002869.SZ,20220712,17.98,14.6982,1.82,,1.4365,10.7412,323907.1055,281517.9465
002869.SZ,20220711,17.48,17.587,3.67,,1.3966,10.4425,314899.6776,273689.3051
002869.SZ,20220708,16.64,11.9894,4.62,,1.3295,9.9407,299767.1988,260537.1875
002869.SZ,20220707,15.13,8.6147,6.32,,1.2088,9.0386,272564.7667,236894.6903
002869.SZ,20220706,14.51,0.8237,0.56,,1.1593,8.6683,261395.5562,227187.1749
002869.SZ,20220705,14.5,1.2829,0.77,,1.1585,8.6623,261215.4077,227030.6021
002869.SZ,20220704,14.83,1.2482,0.74,,1.1849,8.8594,267160.31,232197.5054
002869.SZ,20220701,14.9,1.0088,0.56,,1.1905,8.9012,268421.3499,233293.5152
002869.SZ,20220630,15.08,2.4545,1.43,,1.2048,9.0088,271664.024,236111.8261
002869.SZ,20220629,15.28,1.4135,0.77,,1.2208,9.1282,275266.9951,239243.2827
002869.SZ,20220628,15.64,2.2435,1.2,,1.2496,9.3433,281752.3431,244879.9046
002869.SZ,20220627,15.41,1.3516,0.52,,1.2312,9.2059,277608.9263,241278.7295
002869.SZ,20220624,15.18,1.6045,0.64,,1.2128,9.0685,273465.5095,237677.5544
002869.SZ,20220623,15.39,1.9932,0.81,,1.2296,9.194,277248.6292,240965.5838
002869.SZ,20220622,14.89,2.0249,0.87,,1.1897,8.8953,268241.2014,233136.9424
002869.SZ,20220621,15.3,2.3545,1.03,,1.2224,9.1402,275627.2922,239556.4284
002869.SZ,20220620,15.82,5.0231,2.98,,1.264,9.4508,284995.0172,247698.2155
002869.SZ,20220617,14.68,1.2274,0.59,,1.1729,8.7698,264458.0817,229848.913
002869.SZ,20220616,14.7,1.6671,0.8,,1.1745,8.7818,264818.3788,230162.0586
002869.SZ,20220615,14.36,1.3904,0.55,,1.1473,8.5786,258693.3279,224838.5824
002869.SZ,20220614,14.67,2.0982,0.63,,1.1721,8.7638,264277.9331,229692.3401
002869.SZ,20220613,14.44,2.0345,0.61,,1.1537,8.6264,260134.5163,226091.1651
002869.SZ,20220610,14.57,3.1446,1.06,,1.1641,8.7041,262476.4475,228126.6119
002869.SZ,20220609,14.01,1.7544,0.63,,1.1194,8.3696,252388.1284,219358.5334
002869.SZ,20220608,14.46,3.5042,1.57,,1.1553,8.6384,260494.8134,226404.3107
002869.SZ,20220607,14.53,6.1427,5.23,,1.1609,8.6802,261755.8533,227500.3205
002869.SZ,20220606,14.61,2.0035,1.82,,1.1673,8.728,263197.0418,228752.9032
002869.SZ,20220602,13.28,1.4139,1.56,,1.061,7.9335,239237.2837,207928.7169
002869.SZ,20220601,12.87,0.889,1.09,,1.0283,7.6885,231851.1929,201509.2309
002869.SZ,20220531,12.82,0.7453,0.83,,1.0243,7.6586,230950.4501,200726.3668
002869.SZ,20220530,12.68,0.8215,0.96,,1.0131,7.575,228428.3703,198534.3472
002869.SZ,20220527,12.88,1.6467,2.54,,1.0291,7.6945,232031.3414,201665.8038
002869.SZ,20220526,12.37,0.4377,0.64,,0.9883,7.3898,222843.765,193680.5895
002869.SZ,20220525,12.4,0.4183,0.48,,0.9907,7.4077,223384.2107,194150.308
002869.SZ,20220524,12.2,1.148,1.53,,0.9747,7.2883,219781.2395,191018.8514
002869.SZ,20220523,12.73,0.6381,0.81,,1.0171,7.6049,229329.1131,199317.2113
002869.SZ,20220520,12.73,0.6018,0.73,,1.0171,7.6049,229329.1131,199317.2113
002869.SZ,20220519,12.7,0.5958,0.61,,1.0147,7.587,228788.6674,198847.4928
002869.SZ,20220518,12.77,1.3375,1.19,,1.0203,7.6288,230049.7073,199943.5026
002869.SZ,20220517,12.46,0.586,0.34,,0.9955,7.4436,224465.102,195089.7449
002869.SZ,20220516,12.64,0.8329,0.49,,1.0099,7.5511,227707.776,197908.0559
002869.SZ,20220513,12.7,0.7959,0.47,,1.0147,7.587,228788.6674,198847.4928
002869.SZ,20220512,12.85,1.3398,0.84,,1.0267,7.6766,231490.8957,201196.0853
002869.SZ,20220511,12.72,2.0842,1.58,,1.0163,7.5989,229148.9645,199160.6385
002869.SZ,20220510,13.18,3.4536,4.42,,1.053,7.8737,237435.7981,206362.9886
002869.SZ,20220509,12.53,0.8398,0.88,,1.0011,7.4854,225726.1419,196185.7547
002869.SZ,20220506,11.39,0.7753,0.73,,0.91,6.8044,205189.2064,176794.7736
002869.SZ,20220505,11.35,0.8309,0.65,,0.9068,6.7805,204468.6122,176173.8964
002869.SZ,20220429,11.34,0.7245,0.56,,0.906,6.7745,204288.4636,176018.6771
002869.SZ,20220428,11.0,0.76,0.58,,0.8789,6.5714,198163.4127,170741.2212
002869.SZ,20220427,11.42,1.7021,1.52,,0.9124,6.8223,205729.6521,177260.4315
002869.SZ,20220426,11.15,1.2659,1.24,,0.8908,6.661,200865.6411,173069.5106
002869.SZ,20220425,11.85,1.9452,2.39,3.3851,0.9081,1.3652,213476.04,183934.861
002869.SZ,20220422,12.05,0.7577,0.8,3.4423,0.9234,1.3883,217079.0112,187039.2469
002869.SZ,20220421,12.37,0.8362,0.87,3.5337,0.9479,1.4252,222843.765,192006.2642
002869.SZ,20220420,12.83,0.7763,0.78,3.6651,0.9832,1.4782,231130.5986,199146.3516
002869.SZ,20220419,12.97,0.8017,0.74,3.7051,0.9939,1.4943,233652.6784,201319.4217
002869.SZ,20220418,13.12,0.8916,0.82,3.7479,1.0054,1.5116,236354.9068,203647.7111
002869.SZ,20220415,13.16,1.4434,1.36,3.7593,1.0084,1.5162,237075.501,204268.5883
002869.SZ,20220414,13.7,0.8748,0.73,3.9136,1.0498,1.5784,246803.5231,212650.43
002869.SZ,20220413,13.39,0.9847,0.62,3.825,1.0261,1.5427,241218.9178,207838.632
002869.SZ,20220412,14.04,1.2276,0.61,4.0107,1.0759,1.6176,252928.574,217927.886
002869.SZ,20220411,13.19,0.9286,0.46,3.7679,1.0107,1.5196,237615.9467,204734.2461
002869.SZ,20220408,13.46,1.3058,0.67,3.845,1.0314,1.5507,242479.9577,208925.167
002869.SZ,20220407,13.8,1.5659,0.86,3.9422,1.0575,1.5899,248605.0087,214202.623
002869.SZ,20220406,14.19,2.8723,1.98,4.0536,1.0874,1.6348,255630.8024,220256.1753
002869.SZ,20220401,13.85,3.4068,3.65,3.9564,1.0613,1.5957,249505.7514,214978.7194
002869.SZ,20220331,13.08,1.0411,0.98,3.7365,1.0023,1.507,235634.3126,203026.8339
002869.SZ,20220330,12.83,0.8765,0.67,3.6651,0.9832,1.4782,231130.5986,199146.3516
002869.SZ,20220329,12.69,0.902,0.7,3.6251,0.9724,1.462,228608.5188,196973.2815
002869.SZ,20220328,12.95,1.0442,0.85,3.6993,0.9924,1.492,233292.3813,201008.9831
002869.SZ,20220325,12.88,0.8093,0.66,3.6794,0.987,1.4839,232031.3414,199922.4481
002869.SZ,20220324,12.96,1.6816,1.46,3.7022,0.9931,1.4931,233472.5299,201164.2024
002869.SZ,20220323,13.54,2.1477,2.2,3.8679,1.0376,1.56,243921.1462,210166.9214
002869.SZ,20220322,13.3,0.7245,0.66,3.7993,1.0192,1.5323,239597.5808,206441.6584
002869.SZ,20220321,13.26,0.8156,0.7,3.7879,1.0161,1.5277,238876.9866,205820.7812
002869.SZ,20220318,13.28,0.7316,0.59,3.7936,1.0176,1.53,239237.2837,206131.2198
002869.SZ,20220317,13.2,1.3545,1.11,3.7708,1.0115,1.5208,237796.0952,204889.4654
002869.SZ,20220316,12.9,1.2586,0.91,3.6851,0.9885,1.4862,232391.6385,200232.8867
002869.SZ,20220315,12.43,1.356,0.97,3.5508,0.9525,1.4321,223924.6564,192937.58
002869.SZ,20220314,13.34,1.0871,0.77,3.8108,1.0222,1.5369,240318.175,207062.5355
002869.SZ,20220311,13.73,1.1378,0.81,3.9222,1.0521,1.5818,247343.9688,213116.0879
002869.SZ,20220310,13.62,1.2382,0.89,3.8907,1.0437,1.5692,245362.3346,211408.6757
002869.SZ,20220309,13.73,2.0854,1.86,3.9222,1.0521,1.5818,247343.9688,213116.0879
002869.SZ,20220308,13.6,1.4654,1.46,3.885,1.0422,1.5669,245002.0375,211098.2371
002869.SZ,20220307,14.07,1.1769,1.19,4.0193,1.0782,1.621,253469.0197,218393.5438
002869.SZ,20220304,14.0,1.0966,1.09,3.9993,1.0728,1.6129,252207.9798,217307.0088
002869.SZ,20220303,14.27,1.1454,0.94,4.0764,1.0935,1.6441,257071.9908,221497.9297
002869.SZ,20220302,14.4,0.7086,0.53,4.1136,1.1035,1.659,259413.9221,223515.7805
002869.SZ,20220301,14.44,0.9078,0.63,4.125,1.1065,1.6636,260134.5163,224136.6576
002869.SZ,20220228,14.44,1.0746,0.63,4.125,1.1065,1.6636,260134.5163,224136.6576
002869.SZ,20220225,14.66,1.1963,0.74,4.1878,1.1234,1.689,264097.7846,227551.4821
002869.SZ,20220224,14.42,2.2224,1.59,4.1193,1.105,1.6613,259774.2192,223826.2191
002869.SZ,20220223,15.07,1.2575,0.89,4.305,1.1548,1.7362,271483.8754,233915.473
002869.SZ,20220222,14.95,1.4485,1.09,4.2707,1.1456,1.7224,269322.0927,232052.8415
002869.SZ,20220221,15.2,2.3771,2.26,4.3421,1.1648,1.7512,273825.8066,235933.3238
002869.SZ,20220218,14.63,0.7582,0.61,4.1793,1.1211,1.6855,263557.3389,227085.8242
002869.SZ,20220217,14.62,1.1352,0.89,4.1764,1.1203,1.6844,263377.1903,226930.6049
002869.SZ,20220216,14.82,1.3643,1.02,4.2335,1.1356,1.7074,266980.1615,230034.9907
002869.SZ,20220215,14.6,1.0378,0.79,4.1707,1.1188,1.6821,263016.8932,226620.1663
002869.SZ,20220214,14.76,0.9701,0.69,4.2164,1.1311,1.7005,265899.2701,229103.675
002869.SZ,20220211,14.68,1.7523,1.23,4.1935,1.1249,1.6913,264458.0817,227861.9207
002869.SZ,20220210,15.2,1.2709,0.79,4.3421,1.1648,1.7512,273825.8066,235933.3238
002869.SZ,20220209,15.43,1.6405,1.01,4.4078,1.1824,1.7777,277969.2235,239503.3676
002869.SZ,20220208,14.81,0.9738,0.49,4.2307,1.1349,1.7063,266800.0129,229879.7715
002869.SZ,20220207,14.45,1.4207,0.71,4.1278,1.1073,1.6648,260314.6649,224291.8769
002869.SZ,20220128,14.79,1.8235,0.89,4.225,1.1334,1.704,266439.7158,229569.3329
002869.SZ,20220127,14.33,2.2199,1.08,4.0936,1.0981,1.651,258152.8822,222429.2454
002869.SZ,20220126,15.12,1.6828,0.78,4.3192,1.1586,1.742,272384.6182,234691.5695
002869.SZ,20220125,15.19,2.8216,1.37,4.3392,1.164,1.75,273645.6581,235778.1045
002869.SZ,20220124,16.32,1.49,0.63,4.662,1.2506,1.8802,294002.445,253317.8845
002869.SZ,20220121,16.51,2.045,0.89,4.7163,1.2652,1.9021,297425.2676,256267.0511
002869.SZ,20220120,16.41,2.2704,1.04,4.6877,1.2575,1.8906,295623.782,254714.8582
002869.SZ,20220119,17.09,2.1402,0.94,4.882,1.3096,1.9689,307873.8839,265269.77
002869.SZ,20220118,16.68,2.3183,0.89,4.7649,1.2782,1.9217,300487.7931,258905.7791
002869.SZ,20220117,17.23,3.0343,1.11,4.922,1.3203,1.9851,310395.9637,267442.8401
002869.SZ,20220114,16.58,1.7178,0.47,4.7363,1.2705,1.9102,298686.3075,257353.5861
002869.SZ,20220113,16.72,1.7477,0.4,4.7763,1.2812,1.9263,301208.3873,259526.6562
002869.SZ,20220112,16.7,2.6018,0.57,4.7706,1.2797,1.924,300848.0902,259216.2176
002869.SZ,20220111,16.55,3.9091,0.85,4.7277,1.2682,1.9067,298145.8618,256887.9283
002869.SZ,20220110,17.25,3.7408,0.91,4.9277,1.3219,1.9874,310756.2608,267753.2787
002869.SZ,20220107,17.35,6.1241,1.99,4.9563,1.3295,1.9989,312557.7464,269305.4716
002869.SZ,20220106,16.92,5.4219,2.51,4.8334,1.2966,1.9494,304811.3584,262631.0421
002869.SZ,20220105,16.64,3.7752,2.31,4.7534,1.2751,1.9171,299767.1988,258284.9019
002869.SZ,20220104,16.41,3.8856,3.56,4.6877,1.2575,1.8906,295623.782,254714.8582
002869.SZ,20211231,15.54,1.4298,1.29,4.4392,1.1908,1.7904,279950.8576,241210.7798
002869.SZ,20211230,15.35,0.8669,0.65,4.3849,1.1763,1.7685,276528.035,238261.6132
002869.SZ,20211229,15.28,0.8508,0.55,4.3649,1.1709,1.7604,275266.9951,237175.0782
002869.SZ,20211228,15.45,1.1362,0.72,4.4135,1.1839,1.78,278329.5206,239813.8061
002869.SZ,20211227,15.19,1.1701,0.73,4.3392,1.164,1.75,273645.6581,235778.1045
002869.SZ,20211224,15.06,1.5008,0.95,4.3021,1.154,1.7351,271303.7268,233760.2538
002869.SZ,20211223,15.31,1.9941,1.27,4.3735,1.1732,1.7639,275807.4408,237640.7361
002869.SZ,20211222,15.75,1.9227,1.04,4.4992,1.2069,1.8146,283733.9773,244470.3849
002869.SZ,20211221,16.03,1.3195,0.45,4.5792,1.2284,1.8468,288778.1369,248816.5251
002869.SZ,20211220,15.68,1.2456,0.42,4.4792,1.2016,1.8065,282472.9374,243383.8499
002869.SZ,20211217,15.91,1.4432,0.47,4.5449,1.2192,1.833,286616.3542,246953.8936
002869.SZ,20211216,16.26,1.9351,0.63,4.6449,1.246,1.8733,292921.5537,252386.5688
002869.SZ,20211215,16.08,3.3035,1.17,4.5935,1.2322,1.8526,289678.8797,249592.6215
002869.SZ,20211214,16.37,6.6428,3.64,4.6763,1.2544,1.886,294903.1878,254093.981
002869.SZ,20211213,15.52,1.4384,0.69,4.4335,1.1893,1.7881,279590.5605,240900.3412
002869.SZ,20211210,15.48,1.8863,0.75,4.4221,1.1862,1.7835,278869.9662,240279.464
002869.SZ,20211209,15.69,2.1592,0.9,4.4821,1.2023,1.8077,282653.0859,243539.0691
002869.SZ,20211208,15.61,1.9899,0.8,4.4592,1.1962,1.7984,281211.8975,242297.3148
002869.SZ,20211207,15.52,1.6502,0.64,4.4335,1.1893,1.7881,279590.5605,240900.3412
002869.SZ,20211206,15.51,2.7888,1.17,4.4306,1.1885,1.7869,279410.4119,240745.1219
002869.SZ,20211203,15.85,3.9069,2.03,4.5278,1.2146,1.8261,285535.4628,246022.5778
002869.SZ,20211202,15.27,1.6033,0.84,4.3621,1.1701,1.7593,275086.8465,237019.8589
002869.SZ,20211201,15.63,2.431,1.34,4.4649,1.1977,1.8007,281572.1946,242607.7534
002869.SZ,20211130,15.34,2.1096,1.15,4.3821,1.1755,1.7673,276347.8864,238106.3939
002869.SZ,20211129,15.05,1.8232,0.82,4.2992,1.1533,1.7339,271123.5783,233605.0345
002869.SZ,20211126,15.53,1.6552,0.77,4.4364,1.1901,1.7892,279770.709,241055.5605
002869.SZ,20211125,15.47,1.5129,0.66,4.4192,1.1855,1.7823,278689.8177,240124.2447
002869.SZ,20211124,15.73,1.9679,0.89,4.4935,1.2054,1.8123,283373.6802,244159.9463
002869.SZ,20211123,15.7,2.1943,0.98,4.4849,1.2031,1.8088,282833.2345,243694.2884
002869.SZ,20211122,15.67,3.7619,1.76,4.4764,1.2008,1.8053,282292.7888,243228.6306
002869.SZ,20211119,15.16,1.2719,0.52,4.3307,1.1617,1.7466,273105.2124,235312.4467
002869.SZ,20211118,14.97,2.3126,0.98,4.2764,1.1471,1.7247,269682.3898,232363.2801
002869.SZ,20211117,15.38,1.4899,0.61,4.3935,1.1786,1.7719,277068.4807,238727.2711
002869.SZ,20211116,15.47,2.3635,1.0,4.4192,1.1855,1.7823,278689.8177,240124.2447
002869.SZ,20211115,15.7,3.2391,1.36,4.4849,1.2031,1.8088,282833.2345,243694.2884
002869.SZ,20211112,15.21,2.7694,1.12,4.3449,1.1655,1.7524,274005.9552,236088.5431
002869.SZ,20211111,14.78,1.9775,0.64,4.2221,1.1326,1.7028,266259.5672,229414.1136
002869.SZ,20211110,14.83,1.9016,0.48,4.2364,1.1364,1.7086,267160.31,230190.21
002869.SZ,20211109,14.65,1.9553,0.52,4.185,1.1226,1.6878,263917.636,227396.2628
002869.SZ,20211108,14.71,3.3297,1.04,4.2021,1.1272,1.6947,264998.5273,228327.5785
002869.SZ,20211105,14.59,3.2061,1.18,4.1678,1.118,1.6809,262836.7447,226464.947
002869.SZ,20211104,14.46,5.0498,2.69,4.1307,1.1081,1.6659,260494.8134,224447.0962
002869.SZ,20211103,14.65,6.3139,6.77,4.185,1.1226,1.6878,263917.636,227396.2628
002869.SZ,20211102,13.32,0.7484,0.72,3.805,1.0207,1.5346,239957.8779,206752.0969
002869.SZ,20211101,13.65,0.7004,0.68,3.8993,1.046,1.5726,245902.7803,211874.3336
002869.SZ,20211029,13.54,0.7187,0.63,3.8679,1.0376,1.56,243921.1462,210166.9214
002869.SZ,20211028,13.27,0.8899,0.76,3.7908,1.0169,1.5288,239057.1351,205976.0005
002869.SZ,20211027,13.53,1.603,1.63,3.865,1.0368,1.5588,243740.9976,210011.7021
002869.SZ,20211026,14.07,1.2705,1.44,4.0193,1.0782,1.621,253469.0197,218393.5438
002869.SZ,20211025,14.36,0.666,0.68,4.1021,1.1004,1.6544,258693.3279,222894.9033
002869.SZ,20211022,14.66,1.3073,1.11,4.1878,1.2275,1.689,264097.7846,227551.4821
002869.SZ,20211021,14.38,1.0059,0.89,4.1078,1.204,1.6567,259053.625,223205.3419
002869.SZ,20211020,14.2,0.668,0.58,4.0564,1.1889,1.636,255810.9509,220411.3946
002869.SZ,20211019,14.17,0.7627,0.63,4.0479,1.1864,1.6325,255270.5053,219945.7368
002869.SZ,20211018,14.16,1.1425,0.89,4.045,1.1856,1.6314,255090.3567,219790.5175
002869.SZ,20211015,14.37,2.2906,1.98,4.105,1.2032,1.6556,258873.4764,223050.1226
002869.SZ,20211014,15.02,0.8028,0.67,4.2907,1.2576,1.7305,270583.1326,233139.3766
002869.SZ,20211013,15.18,0.7911,0.64,4.3364,1.271,1.7489,273465.5095,235622.8853
002869.SZ,20211012,15.13,1.0483,0.86,4.3221,1.2668,1.7431,272564.7667,234846.7888
002869.SZ,20211011,15.49,1.4617,1.23,4.4249,1.297,1.7846,279050.1148,240434.6833
002869.SZ,20211008,15.32,1.68,1.6,4.3764,1.2827,1.765,275987.5893,237795.9553
002869.SZ,20210930,14.96,0.9973,0.89,4.2735,1.2526,1.7236,269502.2413,232208.0608
002869.SZ,20210929,15.02,1.0338,0.98,4.2907,1.2576,1.7305,270583.1326,231805.156
002869.SZ,20210928,14.99,0.9435,0.85,4.2821,1.2551,1.727,270042.6869,231342.163
002869.SZ,20210927,14.9,1.302,1.13,4.2564,1.2476,1.7166,268421.3499,229953.184
002869.SZ,20210924,15.29,0.9856,0.68,4.3678,1.2802,1.7616,275447.1437,235972.0929
002869.SZ,20210923,15.4,1.3651,0.9,4.3992,1.2894,1.7742,277428.7778,237669.7338
002869.SZ,20210922,15.04,0.7012,0.43,4.308,1.2593,1.7375,271676.6899,232113.818
002869.SZ,20210917,15.19,1.204,0.69,4.351,1.2718,1.7548,274386.2313,234428.7829
002869.SZ,20210916,15.3,1.487,0.78,4.3825,1.2811,1.7675,276373.2284,236126.4239
002869.SZ,20210915,15.81,2.5011,1.1,4.5286,1.3238,1.8264,285585.6694,243997.3047
002869.SZ,20210914,15.3,1.6839,0.72,4.3825,1.2811,1.7675,276373.2284,236126.4239
002869.SZ,20210913,15.61,1.3221,0.54,4.4713,1.307,1.8033,281972.9474,240910.6848
002869.SZ,20210910,15.51,1.719,0.73,4.4426,1.2986,1.7918,280166.5864,239367.3748
002869.SZ,20210909,15.69,2.3582,1.09,4.4942,1.3137,1.8125,283418.0362,242145.3327
002869.SZ,20210908,15.99,4.2861,2.48,4.5801,1.3388,1.8472,288837.1191,246775.2626
002869.SZ,20210907,15.4,2.0824,1.19,4.4111,1.2894,1.779,278179.5894,237669.7338
002869.SZ,20210906,15.2,1.7111,1.02,4.3538,1.2727,1.7559,274566.8674,234583.1139
002869.SZ,20210903,14.93,1.3881,0.8,4.2765,1.2501,1.7247,269689.6928,230416.177
002869.SZ,20210902,14.82,1.3098,0.72,4.245,1.2409,1.712,267702.6958,228718.5361
002869.SZ,20210901,15.04,2.1555,1.29,4.308,1.2593,1.7375,271676.6899,232113.818
002869.SZ,20210831,14.6,2.1621,1.36,4.182,1.2224,1.6866,263728.7016,225323.2542
002869.SZ,20210830,14.85,1.3325,0.79,4.2536,1.2305,1.7155,268244.604,229181.5291
002869.SZ,20210827,14.92,1.7321,1.07,4.2736,1.2363,1.7236,269509.0567,230261.846
002869.SZ,20210826,15.25,1.6994,1.1,4.3682,1.1617,1.7617,275470.0479,235354.7689
002869.SZ,20210825,15.55,1.4031,0.91,4.4541,1.2886,1.7964,280889.1308,239984.6988
002869.SZ,20210824,15.57,1.7866,1.08,4.4598,1.2902,1.7987,281250.403,240293.3608
002869.SZ,20210823,15.76,1.8586,1.14,4.5142,1.306,1.8206,284682.4889,243225.6497
002869.SZ,20210820,15.59,1.3615,0.73,4.4656,1.2919,1.801,281611.6752,240602.0228
002869.SZ,20210819,15.73,1.3306,0.68,4.5057,1.3035,1.8172,284140.5806,242762.6567
002869.SZ,20210818,15.7,1.3771,0.7,4.4971,1.301,1.8137,283598.6723,242299.6637
002869.SZ,20210817,15.68,2.3116,1.24,4.4913,1.2993,1.8114,283237.4001,241991.0017
002869.SZ,20210816,16.28,1.7856,0.91,4.6632,1.349,1.8807,294075.5659,251250.8615
002869.SZ,20210813,16.06,2.5996,1.42,4.6002,1.3308,1.8553,290101.5718,239565.2052
002869.SZ,20210812,16.55,1.7899,0.98,4.7405,1.3714,1.9119,298952.7405,246874.4799
002869.SZ,20210811,16.38,1.5318,0.79,4.6918,1.3573,1.8923,295881.9269,244338.6091
002869.SZ,20210810,16.56,1.8968,0.94,4.7434,1.3722,1.9131,299133.3766,247023.6487
002869.SZ,20210809,16.42,2.3334,1.16,4.7033,1.3606,1.8969,296604.4713,244935.2845
002869.SZ,20210806,15.84,1.6159,0.74,4.5372,1.3126,1.8299,286127.5776,236283.4901
002869.SZ,20210805,16.0,1.7135,0.71,4.583,1.3258,1.8484,289017.7552,238670.192
002869.SZ,20210804,16.36,2.1482,0.86,4.6861,1.3557,1.8899,295520.6547,244040.2713
002869.SZ,20210803,16.36,2.322,0.89,4.6861,1.3557,1.8899,295520.6547,244040.2713
002869.SZ,20210802,16.68,2.215,0.82,4.7778,1.3822,1.9269,301301.0098,248813.6752
002869.SZ,20210730,16.52,2.5824,0.89,4.7319,1.3689,1.9084,298410.8322,246426.9732
002869.SZ,20210729,16.11,2.7669,0.97,4.6145,1.335,1.8611,291004.7523,240311.0496
002869.SZ,20210728,15.41,2.6402,0.9,4.414,1.277,1.7802,278360.2255,229869.2287
002869.SZ,20210727,16.2,2.8395,0.89,4.6403,1.3424,1.8715,292630.4771,241653.5694
002869.SZ,20210726,16.78,2.6522,0.73,4.8064,1.3905,1.9385,303107.3708,250305.3639
002869.SZ,20210723,16.84,3.6164,0.87,4.8236,1.3955,1.9454,304191.1873,251200.3771
002869.SZ,20210722,17.4,2.4836,0.57,4.984,1.4419,2.0101,314306.8088,259553.8338
002869.SZ,20210721,17.64,3.0073,0.66,5.0528,1.4617,2.0378,318642.0751,263133.8867
002869.SZ,20210720,17.46,4.1113,0.83,5.0012,1.4468,2.017,315390.6254,260448.847
002869.SZ,20210719,17.1,4.9292,1.03,4.8981,1.417,1.9754,308887.7259,255078.7677
002869.SZ,20210716,17.56,6.2401,1.46,5.0298,1.4551,2.0286,317196.9863,261940.5357
002869.SZ,20210715,17.93,3.6747,0.82,5.1358,1.4858,2.0713,323880.5219,267459.7839
002869.SZ,20210714,19.92,3.7335,0.84,5.7058,1.6507,2.3012,359827.1052,297144.389
002869.SZ,20210713,22.13,6.0782,1.47,6.3389,1.8338,2.5565,399747.6827,330110.7093
002869.SZ,20210712,21.61,4.2281,0.94,6.1899,1.7907,2.4964,390354.6056,322353.9281
002869.SZ,20210709,21.0,3.6938,0.7,6.0152,1.7402,2.426,379335.8037,313254.627
002869.SZ,20210708,21.55,4.6061,0.82,6.1727,1.7857,2.4895,389270.789,321458.9149
002869.SZ,20210707,21.11,3.7215,0.56,6.0467,1.7493,2.4387,381322.8008,314895.4846
002869.SZ,20210706,20.91,4.4265,0.47,5.9894,1.7327,2.4156,377710.0788,311912.1072
002869.SZ,20210705,21.5,6.0632,0.61,6.1584,1.7816,2.4837,388367.6086,320713.0705
002869.SZ,20210702,23.7,7.5957,0.8,6.7886,1.8053,2.7379,428107.5499,353530.2219
002869.SZ,20210701,22.82,6.3529,0.72,6.5365,1.7383,2.6362,412211.5734,340403.3613
002869.SZ,20210630,23.68,9.0507,1.16,6.7828,1.8038,2.7356,427746.2777,353231.8842
002869.SZ,20210629,24.4,17.7084,3.56,6.9891,1.8587,2.8187,440752.0767,363972.0428
002869.SZ,20210628,24.44,8.8539,2.1,7.0005,1.8617,2.8234,441474.6211,364568.7183
002869.SZ,20210625,22.22,5.5574,1.19,6.3646,1.6926,2.5669,401373.4075,331453.2291
002869.SZ,20210624,20.2,3.0921,0.48,5.786,1.5387,2.3336,364884.9159,301321.1174
002869.SZ,20210623,20.36,3.804,0.61,5.8319,1.5509,2.352,367775.0935,303707.8193
002869.SZ,20210622,20.21,3.596,0.6,5.7889,1.5395,2.3347,365065.552,301470.2863
002869.SZ,20210621,20.69,4.994,0.89,5.9264,1.576,2.3902,373736.0847,308630.392
002869.SZ,20210618,20.88,7.8361,1.79,5.9808,1.5905,2.4121,377168.1705,311464.6006
002869.SZ,20210617,20.73,12.1965,5.41,5.9378,1.5791,2.3948,374458.6291,309227.0675
002869.SZ,20210616,20.23,2.5774,1.24,5.7946,1.541,2.337,365426.8242,301768.624
002869.SZ,20210615,18.39,2.2943,1.12,5.2676,1.4008,2.1245,332189.7824,274321.5519
002869.SZ,20210611,18.94,3.085,1.8,5.4251,1.4427,2.188,342124.7677,282525.8398
002869.SZ,20210610,19.71,1.7307,0.98,5.6457,1.5014,2.2769,356033.7472,294011.8428
002869.SZ,20210609,19.49,1.5872,0.81,5.5827,1.4846,2.2515,352059.7531,290730.1276
002869.SZ,20210608,19.76,1.7019,0.76,5.66,1.5052,2.2827,356936.9277,294757.6871
002869.SZ,20210607,20.13,2.1021,0.8,5.766,1.5334,2.3255,363620.4633,300276.9353
002869.SZ,20210604,19.48,1.4573,0.51,5.5798,1.4839,2.2504,351879.117,290580.9588
002869.SZ,20210603,19.57,1.9668,0.63,5.6056,1.4907,2.2608,353504.8418,291923.4786
002869.SZ,20210602,19.96,2.579,0.83,5.7173,1.5204,2.3058,360549.6496,297741.0645
002869.SZ,20210601,20.48,3.0558,0.97,5.8662,1.56,2.3659,369942.7267,305497.8458
002869.SZ,20210531,20.09,4.1029,1.44,5.7545,1.5303,2.3208,362897.9189,299680.2598
002869.SZ,20210528,20.08,2.4457,0.83,5.7517,1.5296,2.3197,362717.2828,299531.091
002869.SZ,20210527,20.44,3.3223,1.09,5.8548,1.557,2.3613,369220.1823,304901.1703
002869.SZ,20210526,20.17,2.6712,0.78,5.7774,1.5364,2.3301,364343.0076,300873.6108
002869.SZ,20210525,20.3,3.2724,0.67,5.8147,1.5463,2.3451,366691.2769,302812.8061
002869.SZ,20210524,20.44,2.5441,0.47,5.8548,1.557,2.3613,369220.1823,304901.1703
002869.SZ,20210521,20.99,2.953,0.53,6.0123,1.5989,2.4248,379155.1676,313105.4581
002869.SZ,20210520,20.86,3.753,0.72,5.9751,1.589,2.4098,376806.8983,311166.2628
002869.SZ,20210519,21.08,4.6918,0.99,6.0381,1.6058,2.4352,380780.8925,314447.978
002869.SZ,20210518,21.5,10.5221,3.4,6.1584,1.6377,2.4837,388367.6086,320713.0705
002869.SZ,20210517,22.47,5.4297,1.86,6.4362,1.7116,2.5958,405889.31,335182.4509
002869.SZ,20210514,20.43,3.6148,1.43,5.8519,1.5562,2.3601,369039.5462,304752.0014
002869.SZ,20210513,18.57,1.8734,0.74,5.3191,1.4146,2.1453,335441.2321,277006.5916
002869.SZ,20210512,18.66,2.1439,0.82,5.3449,1.4214,2.1556,337066.957,278349.1114
002869.SZ,20210511,18.27,2.4181,0.87,5.2332,1.3917,2.1106,330022.1492,272531.5255
002869.SZ,20210510,19.04,4.5778,2.15,5.4538,1.4504,2.1995,343931.1287,284017.5285
002869.SZ,20210507,18.36,1.6165,0.69,5.259,1.3986,2.121,331647.8741,273874.0453
002869.SZ,20210506,18.73,1.8782,0.8,5.365,1.4267,2.1637,338331.4097,279393.2935
002869.SZ,20210430,19.2,2.5595,1.13,5.4996,1.4625,2.218,346821.3062,286404.2304
002869.SZ,20210429,20.03,3.2089,1.55,5.7373,1.5258,2.3139,361814.1023,298785.2466
002869.SZ,20210428,19.48,1.3831,0.6,4.0203,1.4954,1.2303,351879.117,290580.9588
002869.SZ,20210427,19.39,2.6363,0.98,4.0017,1.4885,1.2246,350253.3921,289238.4389
002869.SZ,20210426,19.97,1.9657,0.68,4.1214,1.533,1.2612,360730.2857,297890.2334
002869.SZ,20210423,20.35,2.1325,0.66,4.1998,1.5622,1.2852,367594.4574,303558.6505
002869.SZ,20210422,20.73,2.2272,0.58,4.2782,1.5914,1.3092,374458.6291,309227.0675
002869.SZ,20210421,20.94,2.6371,0.53,4.3216,1.6075,1.3225,378251.9871,312359.6138
002869.SZ,20210420,21.31,4.4634,1.06,4.3979,1.6359,1.3459,384935.5227,317878.862
002869.SZ,20210419,20.78,2.9787,0.79,4.2886,1.5952,1.3124,375361.8096,309972.9119
002869.SZ,20210416,20.52,3.8058,1.12,4.2349,1.5753,1.296,370665.271,306094.5212
002869.SZ,20210415,19.96,5.4441,1.77,4.1193,1.5323,1.2606,360549.6496,297741.0645
002869.SZ,20210414,20.83,8.313,3.5,4.2989,1.599,1.3155,376264.9901,310718.7562
002869.SZ,20210413,22.97,0.4773,0.15,4.7405,1.7633,1.4507,414921.1148,342640.8944
002869.SZ,20210412,25.52,0.7758,0.25,5.2668,1.9591,1.6117,460983.3195,380678.9562
002869.SZ,20210409,28.36,1.9947,0.68,5.8529,2.1771,1.7911,512283.9711,423042.9153
002869.SZ,20210408,28.93,3.8456,1.64,5.9705,2.2209,1.8271,522580.2286,431545.5409
002869.SZ,20210407,29.42,4.7915,2.97,6.0717,2.2585,1.8581,531431.3974,438854.8155
002869.SZ,20210406,28.78,4.2735,4.2,5.9396,2.2093,1.8176,519870.6872,429308.0079
002869.SZ,20210402,26.54,0.8625,0.85,5.4773,2.0374,1.6762,479408.2014,395894.181
002869.SZ,20210401,26.62,0.8791,0.88,5.4938,2.0435,1.6812,480853.2902,397087.5319
002869.SZ,20210331,26.55,0.938,0.91,5.4794,2.0382,1.6768,479588.8375,396043.3499
002869.SZ,20210330,26.14,1.1206,1.08,5.3947,2.0067,1.6509,472182.7576,389927.4262
002869.SZ,20210329,26.51,1.2874,1.27,5.4711,2.0351,1.6743,478866.2931,395446.6744
002869.SZ,20210326,26.95,0.8759,0.81,5.5619,2.0689,1.7021,486814.2814,402010.1047
002869.SZ,20210325,26.88,0.7858,0.69,5.5475,2.0635,1.6976,485549.8287,400965.9226
002869.SZ,20210324,26.83,1.0908,0.97,5.5371,2.0596,1.6945,484646.6483,400220.0782
002869.SZ,20210323,27.45,1.171,0.93,5.6651,2.1072,1.7336,495846.0863,409468.5482
002869.SZ,20210322,27.54,1.1399,0.9,5.6837,2.1142,1.7393,497471.8111,410811.068
002869.SZ,20210319,27.49,1.2086,1.0,5.6734,2.1103,1.7362,496568.6307,410065.2236
002869.SZ,20210318,27.31,1.0586,0.88,5.6362,2.0965,1.7248,493317.1809,407380.184
002869.SZ,20210317,27.61,1.0338,0.85,5.6981,2.1195,1.7437,498736.2638,411855.2501
002869.SZ,20210316,27.56,1.8526,1.51,5.6878,2.1157,1.7406,497833.0833,411109.4057
002869.SZ,20210315,26.4,1.1592,0.82,5.4484,2.0266,1.6673,476879.2961,393805.8168
002869.SZ,20210312,26.91,0.9106,0.55,5.5537,2.0658,1.6995,486091.737,401413.4292
002869.SZ,20210311,27.39,1.0474,0.61,5.6527,2.1026,1.7298,494762.2697,408573.5349
002869.SZ,20210310,27.07,1.1188,0.66,5.5867,2.0781,1.7096,488981.9146,403800.1311
002869.SZ,20210309,27.67,1.912,1.17,5.7105,2.1241,1.7475,499820.0804,412750.2633
002869.SZ,20210308,29.21,2.0755,1.39,6.0283,2.2424,1.8448,527638.0393,435722.2693
002869.SZ,20210305,29.88,2.0631,1.58,6.1666,2.2938,1.8871,539740.6578,445716.5836
002869.SZ,20210304,29.08,1.3972,1.09,6.0015,2.2324,1.8366,525289.7701,433783.074
002869.SZ,20210303,29.6,1.008,0.75,6.1088,2.2723,1.8694,534682.8471,441539.8552
002869.SZ,20210302,29.74,1.6152,1.12,6.1377,2.283,1.8783,537211.7525,443628.2194
002869.SZ,20210301,29.48,1.4047,0.77,6.084,2.2631,1.8618,532515.214,439749.8288
002869.SZ,20210226,28.83,1.1099,0.53,5.9499,2.2132,1.8208,520773.8677,430053.8522
002869.SZ,20210225,29.04,1.2435,0.49,5.9932,2.2293,1.8341,524567.2257,433186.3985
002869.SZ,20210224,29.49,1.3256,0.46,6.0861,2.2638,1.8625,532695.8501,439898.9976
002869.SZ,20210223,29.42,2.1339,0.76,6.0717,2.2585,1.8581,531431.3974,438854.8155
002869.SZ,20210222,29.53,3.278,1.38,6.0944,2.2669,1.865,533418.3944,440495.6731
002869.SZ,20210219,30.61,2.5323,1.16,6.3173,2.4559,1.9332,552927.0929,456605.9111
002869.SZ,20210218,30.35,3.3019,1.59,6.2636,2.4351,1.9168,548230.5544,452727.5205
002869.SZ,20210210,28.89,3.0397,1.69,5.9623,2.3179,1.8246,521857.6842,430948.8654
002869.SZ,20210209,27.02,1.9416,1.19,5.5764,2.1679,1.7065,488078.7341,403054.2867
002869.SZ,20210208,25.51,1.1017,0.61,5.2647,2.0468,1.6111,460802.6834,380529.7874
002869.SZ,20210205,25.58,1.5484,0.81,5.2792,2.0524,1.6155,462067.1361,381573.9695
002869.SZ,20210204,25.82,2.7341,1.64,5.3287,2.0716,1.6307,466402.4025,385154.0223
002869.SZ,20210203,27.35,1.6421,0.92,5.6445,2.1944,1.7273,494039.7253,407976.8595
002869.SZ,20210202,28.35,1.1316,0.58,5.8508,2.2746,1.7905,512103.335,422893.7465
002869.SZ,20210201,28.15,1.9225,0.93,5.8096,2.2586,1.7778,508490.6131,419910.3691
002869.SZ,20210129,29.03,2.0783,0.98,5.9912,2.3292,1.8334,524386.5896,433037.2296
002869.SZ,20210128,30.46,1.5417,0.67,6.2863,2.4439,1.9237,550217.5515,454368.378
002869.SZ,20210127,31.35,2.2672,1.04,6.47,2.5153,1.9799,566294.1641,467644.4075
002869.SZ,20210126,32.02,1.9843,0.9,6.6082,2.5691,2.0223,578396.7826,477638.7217
002869.SZ,20210125,32.14,2.4884,1.14,6.633,2.5787,2.0298,580564.4158,479428.7482
002869.SZ,20210122,33.76,2.3037,1.12,6.9673,2.7087,2.1321,609827.4635,503594.1051
002869.SZ,20210121,34.73,2.4162,1.17,7.1675,2.7865,2.1934,627349.1649,518063.4855
002869.SZ,20210120,34.36,1.6869,0.78,7.0912,2.7568,2.17,620665.6293,512544.2373
002869.SZ,20210119,33.78,2.1128,0.99,6.9715,2.7103,2.1334,610188.7357,503892.4429
002869.SZ,20210118,34.29,2.3628,1.03,7.0767,2.7512,2.1656,619401.1766,511500.0552
002869.SZ,20210115,33.3,1.672,0.69,6.8724,2.6718,2.1031,601518.203,496732.3371
002869.SZ,20210114,33.52,2.5329,1.05,6.9178,2.6894,2.117,605492.1971,500014.0522
002869.SZ,20210113,33.04,2.1125,0.89,6.8188,2.6509,2.0867,596821.6645,492853.9465
002869.SZ,20210112,33.36,2.0396,0.75,6.8848,2.6766,2.1069,602602.0196,497627.3503
002869.SZ,20210111,33.62,3.1253,1.25,6.9385,2.6974,2.1233,607298.5581,501505.7409
002869.SZ,20210108,32.85,2.2356,0.89,6.7795,2.6357,2.0747,593389.5786,490019.738
002869.SZ,20210107,32.21,2.5819,1.1,6.6475,2.5843,2.0343,581828.8684,480472.9303
002869.SZ,20210106,33.89,1.9386,0.79,6.9942,2.7191,2.1404,612175.7327,505533.3004
002869.SZ,20210105,34.68,3.7964,1.87,7.1572,2.7825,2.1903,626445.9844,517317.6412
002869.SZ,20210104,33.41,1.9681,1.04,6.8951,2.6806,2.11,603505.2001,498373.1947
002869.SZ,20201231,33.56,2.3117,1.31,6.9261,2.6926,2.1195,606214.7415,500610.7277
002869.SZ,20201230,32.3,1.6943,1.02,6.666,2.5915,2.0399,583454.5933,481815.4501
002869.SZ,20201229,31.73,2.4417,1.6,6.5484,2.5458,2.0039,573158.3358,473312.8245
002869.SZ,20201228,30.62,1.7492,1.2,6.3193,2.4567,1.9338,553107.729,456755.0799
002869.SZ,20201225,32.05,1.304,0.87,6.6144,2.5715,2.0242,578938.6909,478086.2284
002869.SZ,20201224,32.01,1.6045,1.09,6.6062,2.5683,2.0216,578216.1465,477489.5529
002869.SZ,20201223,33.2,1.1721,0.67,6.8518,2.6637,2.0968,599711.842,495240.6484
002869.SZ,20201222,32.87,1.8152,1.08,6.7837,2.6373,2.0759,593750.8508,490318.0757
002869.SZ,20201221,33.12,1.421,0.79,6.8353,2.6573,2.0917,598266.7533,494047.2974
002869.SZ,20201218,33.51,1.447,0.6,6.9158,2.6886,2.1164,605311.561,499864.8834
002869.SZ,20201217,33.38,1.4818,0.58,6.8889,2.6782,2.1081,602963.2918,497925.6881
002869.SZ,20201216,33.21,2.5392,0.84,6.8538,2.6645,2.0974,599892.4781,495389.8173
002869.SZ,20201215,34.93,1.5434,0.53,7.2088,2.8025,2.206,630961.8868,521046.8629
002869.SZ,20201214,34.26,1.9539,0.69,7.0705,2.7488,2.1637,618859.2683,511052.5486
002869.SZ,20201211,35.08,4.4514,1.91,7.2398,2.8146,2.2155,633671.4283,523284.396
002869.SZ,20201210,38.1,2.2255,1.05,7.863,3.0569,2.4062,688223.5296,568333.3947
002869.SZ,20201209,38.79,4.8925,3.19,8.0054,3.1122,2.4498,700687.4203,578626.0467
002869.SZ,20201208,38.06,1.0571,0.59,7.8548,3.0537,2.4037,687500.9852,567736.7192
002869.SZ,20201207,38.19,1.4849,0.84,7.8816,3.0641,2.4119,689849.2544,569675.9145
002869.SZ,20201204,38.91,2.014,1.3,8.0302,3.1219,2.4574,702855.0534,580416.0732
002869.SZ,20201203,38.48,1.1602,0.79,7.9415,3.0874,2.4302,695087.7013,574001.8118
002869.SZ,20201202,38.5,1.9453,1.5,7.9456,3.089,2.4315,695448.9735,574300.1495
002869.SZ,20201201,37.8,2.3748,2.3,7.8011,3.0328,2.3873,682804.4467,563858.3286
002869.SZ,20201130,37.89,1.3711,1.11,7.8197,3.04,2.393,684430.1715,565200.8484
002869.SZ,20201127,38.13,0.884,0.61,7.8692,3.0593,2.4081,688765.4379,568780.9013
002869.SZ,20201126,38.18,0.7407,0.46,7.8795,3.0633,2.4113,689668.6183,569526.7457
002869.SZ,20201125,38.55,1.1331,0.67,7.9559,3.093,2.4347,696352.1539,575045.9939
002869.SZ,20201124,39.2,1.0427,0.57,8.09,3.1451,2.4757,708093.5002,584741.9704
002869.SZ,20201123,39.21,2.3793,1.52,8.0921,3.1459,2.4763,708274.1363,584891.1393
002869.SZ,20201120,40.38,1.9131,1.36,8.3336,3.2398,2.5502,729408.5597,602343.8971
002869.SZ,20201119,39.35,1.5846,1.18,8.121,3.1572,2.4852,710803.0417,586979.5035
002869.SZ,20201118,38.72,1.5312,1.15,7.991,3.1066,2.4454,699422.9676,577581.8646
002869.SZ,20201117,39.61,1.6851,1.27,8.1747,3.178,2.5016,715499.5802,590857.8941
002869.SZ,20201116,40.08,1.1142,0.71,8.2717,3.2157,2.5313,723989.4768,597868.831
002869.SZ,20201113,39.8,1.126,0.68,8.2139,3.1933,2.5136,718931.6661,593692.1026
002869.SZ,20201112,39.2,1.2399,0.67,8.09,3.1451,2.4757,708093.5002,584741.9704
002869.SZ,20201111,39.09,1.5104,0.8,8.0673,3.1363,2.4688,706106.5032,583101.1128
002869.SZ,20201110,40.43,1.6553,0.83,8.3439,3.2438,2.5534,730311.7402,603089.7414
002869.SZ,20201109,40.38,2.308,1.03,8.3336,3.2398,2.5502,729408.5597,602343.8971
002869.SZ,20201106,38.91,1.524,0.56,8.0302,3.1219,2.4574,702855.0534,580416.0732
002869.SZ,20201105,39.41,2.3205,0.92,8.1334,3.162,2.489,711886.8583,587874.5167
002869.SZ,20201104,38.05,1.64,0.68,7.8527,3.0529,2.4031,687320.3491,567587.5504
002869.SZ,20201103,38.46,2.2342,1.03,7.9373,3.0858,2.429,694726.4291,573703.474
002869.SZ,20201102,37.82,3.4638,2.06,7.8052,3.0344,2.3886,683165.7189,564156.6663
002869.SZ,20201030,40.41,3.8363,3.36,8.3398,3.2422,2.5521,729950.468,602791.4037
002869.SZ,20201029,42.97,1.381,1.38,8.8681,3.7974,2.7138,776193.3088,640978.6344
002869.SZ,20201028,43.43,1.111,1.02,8.963,3.838,2.7429,784502.5693,647840.4024
002869.SZ,20201027,42.96,1.1015,0.97,8.866,3.7965,2.7132,776012.6727,640829.4655
002869.SZ,20201026,42.16,0.9918,0.86,8.7009,3.7258,2.6627,761561.785,628895.9559
002869.SZ,20201023,42.55,1.1175,0.91,8.7814,3.7603,2.6873,768606.5927,634713.5419
002869.SZ,20201022,43.84,0.6853,0.5,9.0476,3.8743,2.7688,791908.6492,653956.3261
002869.SZ,20201021,43.86,1.5655,0.94,9.0518,3.876,2.77,792269.9214,654254.6638
002869.SZ,20201020,45.03,1.3049,0.75,9.2932,3.9794,2.8439,813404.3448,671707.4216
002869.SZ,20201019,44.91,1.086,0.57,9.2685,3.9688,2.8363,811236.7116,669917.3952
002869.SZ,20201016,45.17,1.4923,0.79,9.3221,3.9918,2.8528,815933.2501,673795.7858
002869.SZ,20201015,45.0,1.4344,0.79,9.287,3.9768,2.842,812862.4365,671259.915
002869.SZ,20201014,45.17,3.0186,2.07,9.3221,3.9918,2.8528,815933.2501,673795.7858
002869.SZ,20201013,46.93,1.7117,1.1,9.6854,4.1473,2.9639,847725.2032,700049.5069
002869.SZ,20201012,47.27,1.8314,1.27,9.7555,4.1774,2.9854,853866.8305,705121.2485
002869.SZ,20201009,46.03,1.4705,0.95,9.4996,4.0678,2.9071,831467.9545,686624.3086
002869.SZ,20200930,45.25,1.0458,0.59,9.3386,3.9989,2.8578,817378.3389,674989.1368
002869.SZ,20200929,45.3,1.2231,0.65,9.349,4.0033,2.861,818281.5194,675734.9811
002869.SZ,20200928,45.27,2.1796,1.2,9.3428,4.0006,2.8591,817739.6111,675287.4745
002869.SZ,20200925,45.42,1.2893,0.64,9.3737,4.0139,2.8685,820449.1526,668756.4722
002869.SZ,20200924,45.69,2.0494,1.08,9.4294,4.0378,2.8856,825326.3272,672731.9069
002869.SZ,20200923,46.43,2.1703,1.15,9.5822,4.1032,2.9323,838693.3984,683627.543
002869.SZ,20200922,46.53,1.806,0.85,9.6028,4.112,2.9387,840499.7593,685099.9262
002869.SZ,20200921,46.47,1.9041,0.81,9.5904,4.1067,2.9349,839415.9428,684216.4963
002869.SZ,20200918,47.0,2.341,0.86,9.7074,4.1531,2.9707,849653.0327,636390.2319
002869.SZ,20200917,46.99,1.6096,0.52,9.7053,4.1522,2.97,849472.2555,636254.8297
002869.SZ,20200916,46.26,2.286,0.75,9.5545,4.0877,2.9239,836275.5169,626370.4708
002869.SZ,20200915,47.48,3.3009,1.19,9.8065,4.1955,3.001,858330.3403,642889.5364
002869.SZ,20200914,45.81,3.2973,1.24,9.4616,4.0479,2.8954,828140.541,620277.3728
002869.SZ,20200911,47.14,2.7503,1.13,9.7363,4.1654,2.9795,852183.9141,638285.8624
002869.SZ,20200910,47.83,3.8728,1.98,9.8788,4.2264,3.0231,864657.5437,647628.6126
002869.SZ,20200909,46.44,2.1178,1.09,9.5917,4.1036,2.9353,839529.5072,628807.71
002869.SZ,20200908,48.39,1.8779,0.92,9.9945,4.2759,3.0585,874781.0692,655211.1345
002869.SZ,20200907,48.54,2.6285,1.16,10.0255,4.2891,3.068,877492.7278,657242.1672
002869.SZ,20200904,50.86,1.6353,0.61,10.5046,4.4941,3.2146,919433.0477,688655.4722
002869.SZ,20200903,51.66,1.5232,0.54,10.6699,4.5648,3.2652,933895.227,699487.6464
002869.SZ,20200902,52.1,2.0684,0.7,10.7607,4.6037,3.293,941849.4256,705445.3422
002869.SZ,20200901,52.22,2.3295,0.82,10.7855,4.6143,3.3006,944018.7525,707070.1683
002869.SZ,20200831,53.55,3.7708,1.48,11.0602,4.7318,3.3846,968062.1256,725078.6578
002869.SZ,20200828,53.13,3.7036,1.68,10.9735,5.4236,3.3581,960469.4814,719391.7664
002869.SZ,20200827,53.9,2.1861,1.03,11.1325,5.5022,3.4068,974389.329,729817.734
002869.SZ,20200826,54.46,2.8842,1.49,11.2482,5.5594,3.4422,984512.8545,737400.2559
002869.SZ,20200825,53.75,1.6863,0.88,11.1015,5.4869,3.3973,971677.6704,727786.7014
002869.SZ,20200824,53.37,2.316,1.23,11.023,5.4481,3.3733,964808.1352,722641.4186
002869.SZ,20200821,52.56,1.9249,1.07,10.8557,5.3654,3.3221,950165.1787,711673.8423
002869.SZ,20200820,52.03,1.7524,1.0,10.7463,5.3113,3.2886,940583.9849,704497.5269
002869.SZ,20200819,51.51,1.9805,1.02,10.6389,5.2582,3.2557,931183.5684,697456.6137
002869.SZ,20200818,53.26,1.647,0.74,11.0003,5.4369,3.3663,962819.5856,721151.9947
002869.SZ,20200817,53.12,2.0949,0.97,10.9714,5.4226,3.3575,960288.7042,719256.3642
002869.SZ,20200814,51.92,1.5251,0.65,10.7236,5.3001,3.2816,938595.4353,704596.5954
002869.SZ,20200813,51.1,1.4754,0.54,10.5542,5.2164,3.2298,923771.7015,693468.529
002869.SZ,20200812,51.2,2.973,1.12,10.5748,5.2266,3.2361,925579.4739,694825.6102
002869.SZ,20200811,52.39,3.0826,1.08,10.8206,5.3481,3.3113,947091.9656,710974.8774
002869.SZ,20200810,54.58,1.7705,0.5,11.273,5.5716,3.4497,986682.1814,740694.9572
002869.SZ,20200807,54.52,2.4325,0.66,11.2606,5.5655,3.446,985597.5179,739880.7084
002869.SZ,20200806,55.26,3.3913,0.93,11.4134,5.641,3.4927,998975.0338,749923.1098
002869.SZ,20200805,56.64,2.5404,0.66,11.6984,5.7819,3.58,1023922.293,768650.8313
002869.SZ,20200804,57.21,4.1783,1.16,11.8162,5.8401,3.616,1034226.5958,776386.1946
002869.SZ,20200803,58.79,5.1928,1.53,12.1425,6.0014,3.7158,1062789.3998,797828.0786
002869.SZ,20200731,56.73,3.2137,0.88,11.717,5.7911,3.5856,1025549.2882,769872.2045
002869.SZ,20200730,56.12,3.1145,0.8,11.591,5.7288,3.5471,1014521.8765,761594.0087
002869.SZ,20200729,56.61,3.4625,0.82,11.6922,5.7788,3.5781,1023379.9613,768243.7069
002869.SZ,20200728,54.98,3.0209,0.67,11.3556,5.6125,3.475,993913.271,746123.2822
002869.SZ,20200727,55.57,4.1068,0.83,11.4774,5.6727,3.5123,1004579.1282,754130.0617
002869.SZ,20200724,54.1,4.5463,0.83,11.1738,5.5226,3.4194,978004.8738,734180.9671
002869.SZ,20200723,57.4,4.4361,0.74,11.8554,5.8595,3.628,1037661.3633,778964.649
002869.SZ,20200722,58.54,4.9975,0.81,12.0909,5.9759,3.7,1058269.9688,794435.3755
002869.SZ,20200721,58.74,4.4909,0.65,12.1322,5.9963,3.7127,1061885.5136,797149.538
002869.SZ,20200720,59.7,6.3731,0.84,12.3304,6.0943,3.7734,1079240.1288,810177.5182
002869.SZ,20200717,55.55,7.2198,0.85,11.4733,5.6706,3.5111,1004217.5738,753858.6455
002869.SZ,20200716,52.03,6.7547,0.79,10.7463,5.3113,3.2886,940583.9849,706089.3848
002869.SZ,20200715,56.74,6.025,0.64,11.7191,5.7921,3.5863,1025730.0654,770007.9126
002869.SZ,20200714,59.2,8.2634,0.91,12.2272,6.0432,3.7418,1070201.2667,803392.1118
002869.SZ,20200713,61.48,9.8322,1.16,12.6981,6.276,3.8859,1111418.4777,834333.5648
002869.SZ,20200710,61.1,11.7672,1.63,12.6196,6.2372,3.8618,1104548.9425,829176.656
002869.SZ,20200709,56.83,6.8534,1.02,11.7377,5.8013,3.592,1027357.0606,771229.2857
002869.SZ,20200708,51.66,10.396,1.93,10.6699,5.2735,3.2652,933895.227,701068.1841
002869.SZ,20200707,46.96,6.6666,1.45,9.6991,4.7938,2.9681,848929.9237,637285.3644
002869.SZ,20200706,45.62,6.6926,1.65,9.4224,4.657,2.8834,824705.7734,619100.4754
002869.SZ,20200703,44.49,5.4919,1.37,9.189,4.5416,2.812,804277.9452,603765.457
002869.SZ,20200702,71.32,6.7402,1.32,9.8203,4.2266,3.0052,859535.5243,645246.9102
002869.SZ,20200701,68.27,5.3161,1.17,9.4003,4.0458,2.8767,822777.4851,617652.9243
002869.SZ,20200630,66.08,4.0701,0.97,9.0988,3.9161,2.7844,796384.0079,597839.5377
002869.SZ,20200629,65.0,6.0433,1.83,8.9501,3.8521,2.7389,783368.0465,588068.5525
002869.SZ,20200624,66.97,7.8375,3.42,9.2213,3.9688,2.8219,807110.1242,605891.5532
002869.SZ,20200623,61.8,2.1326,0.9,8.5094,3.6624,2.6041,744802.235,595555.235
002869.SZ,20200622,62.25,2.4341,1.04,8.5714,3.6891,2.623,750225.5522,599891.8022
002869.SZ,20200619,62.21,2.0001,0.84,8.5659,3.6867,2.6213,749743.4796,599506.3296
002869.SZ,20200618,61.87,1.5871,0.66,8.5191,3.6666,2.607,745645.8621,596229.8121
002869.SZ,20200617,62.35,2.6021,1.18,8.5852,3.695,2.6272,751430.7338,600855.4838
002869.SZ,20200616,61.7,3.1837,1.65,8.4957,3.6565,2.5998,743597.0534,594591.5534
002869.SZ,20200615,60.21,2.349,1.25,8.2905,3.5682,2.5371,725639.8474,580232.6974
002869.SZ,20200612,60.7,2.1651,1.18,8.358,3.5972,2.5577,731545.2373,584954.7373
002869.SZ,20200611,61.2,1.7853,0.97,8.4268,3.6269,2.5788,737571.1453,589773.1453
002869.SZ,20200610,61.65,1.5637,0.8,8.4888,3.6535,2.5977,742994.4626,594109.7126
002869.SZ,20200609,61.77,1.7728,0.85,8.5053,3.6606,2.6028,744440.6805,595266.1305
002869.SZ,20200608,61.26,2.1004,0.98,8.4351,3.6304,2.5813,738294.2543,590351.3543
002869.SZ,20200605,62.16,1.99,0.96,8.559,3.6838,2.6192,749140.8888,599024.4888
002869.SZ,20200604,61.51,1.7449,0.78,8.4695,3.6452,2.5918,741307.2083,592760.5583
002869.SZ,20200603,60.78,2.1291,0.96,8.369,3.602,2.5611,732509.3826,585725.6826
002869.SZ,20200602,60.98,2.5127,1.2,8.3965,3.6138,2.5695,734919.7458,587653.0458
002869.SZ,20200601,60.8,2.341,1.1,8.3718,3.6032,2.5619,732750.4189,585918.4189
002869.SZ,20200529,59.42,1.5955,0.72,8.1817,3.5214,2.5038,716118.9127,572619.6127
002869.SZ,20200528,60.35,2.5957,1.07,8.3098,3.5765,2.543,727327.1016,581581.8516
002869.SZ,20200527,59.04,2.0435,0.77,8.1294,3.4989,2.4878,711539.2225,568957.6225
002869.SZ,20200526,58.34,1.9218,0.56,8.033,3.4574,2.4583,703102.9513,562211.8513
002869.SZ,20200525,57.2,2.5209,0.71,7.8761,3.3898,2.4102,689363.8809,551225.8809
002869.SZ,20200522,59.69,1.9435,0.5,8.2189,3.5374,2.5152,719372.903,575221.553
002869.SZ,20200521,60.5,3.7242,1.05,8.3304,3.5854,2.5493,729134.8741,583027.3741
002869.SZ,20200520,62.5,3.1117,0.93,8.6058,3.7039,2.6336,753238.5063,602301.0063
002869.SZ,20200519,63.3,5.9981,2.2,8.716,3.7513,2.6673,762879.9591,610010.4591
002869.SZ,20200518,68.57,3.0294,1.12,9.4416,4.0636,2.8893,826393.03,660796.48
002869.SZ,20200515,70.85,3.5964,1.41,9.7556,4.1987,2.9854,853871.1707,682768.4207
002869.SZ,20200514,69.13,3.6177,0.71,9.5187,4.0968,2.9129,833142.047,371353.647
002869.SZ,20200513,70.01,3.8697,0.65,9.6399,4.149,2.95,843747.6452,376080.8452
002869.SZ,20200512,70.23,5.0839,0.73,9.6702,4.162,2.9593,846399.0447,377262.6447
002869.SZ,20200511,70.48,5.9972,0.64,9.7046,4.1768,2.9698,849411.9987,324144.427
002869.SZ,20200508,71.39,6.0966,0.67,9.8299,4.2307,3.0082,860379.1514,328329.6062
002869.SZ,20200507,70.64,7.0006,0.82,9.7267,4.1863,2.9766,851340.2893,324880.2827
002869.SZ,20200506,71.32,9.7084,1.33,9.8203,4.2266,3.0052,859535.5243,328007.6694
002869.SZ,20200430,71.9,11.7786,2.02,9.9002,4.261,3.0296,866525.5776,330675.1462
002869.SZ,20200429,70.82,12.3336,2.95,9.7514,4.197,2.9841,853509.6162,325708.1204
002869.SZ,20200428,67.25,5.0837,1.13,374.373,4.2459,13.4173,810484.6327,304980.8011
002869.SZ,20200427,67.98,4.0412,0.88,378.4368,4.292,13.563,819282.4585,308291.3734
002869.SZ,20200424,66.72,3.5056,0.7,371.4226,4.2124,13.3116,804097.1702,302577.235
002869.SZ,20200423,67.83,4.4271,0.86,377.6018,4.2825,13.533,817474.6861,307611.1188
002869.SZ,20200422,68.99,4.1538,0.7,384.0594,4.3558,13.7645,831454.7927,312871.7542
002869.SZ,20200421,69.07,6.3427,0.93,384.5047,4.3608,13.7804,832418.938,313234.5566
002869.SZ,20200420,68.06,4.4874,0.67,378.8822,4.297,13.5789,820246.6038,308654.1758
002869.SZ,20200417,66.78,5.538,0.85,371.7566,4.2162,13.3236,804820.2792,302849.3368
002869.SZ,20200416,67.12,5.2789,0.8,373.6493,4.2377,13.3914,808917.8966,304391.2472
002869.SZ,20200415,67.75,8.1183,1.43,377.1564,4.2775,13.5171,816510.5408,307248.3164
002869.SZ,20200414,68.73,10.7226,2.45,382.612,4.3393,13.7126,828321.3206,311692.6463
002869.SZ,20200413,63.92,3.9697,0.9,355.8353,4.0357,12.7529,770352.0851,289879.1496
002869.SZ,20200410,66.57,4.5627,1.01,370.5875,4.203,13.2817,802289.3978,301896.9804
002869.SZ,20200409,69.0,5.4859,1.32,384.1151,4.3564,13.7665,831575.3109,312917.1045
002869.SZ,20200408,67.94,3.5681,0.82,378.2142,4.2895,13.555,818800.3858,308109.9722
002869.SZ,20200407,67.07,4.2765,0.92,373.371,4.2345,13.3814,808315.3058,304164.4956
002869.SZ,20200403,64.58,4.2709,0.95,359.5094,4.0773,12.8846,778306.2837,292872.2697
002869.SZ,20200402,64.9,4.9036,1.18,361.2908,4.0975,12.9485,782162.8649,294323.4795
002869.SZ,20200401,62.09,3.7768,0.9,345.6479,3.9201,12.3878,748297.2616,281580.0437
002869.SZ,20200331,62.93,4.5734,1.1,350.3241,3.9731,12.5554,758420.7872,285389.4694
002869.SZ,20200330,63.84,5.6813,1.44,355.3899,4.0306,12.737,769387.9398,289516.3471
002869.SZ,20200327,67.6,3.4976,0.81,376.3214,4.268,13.4872,814702.7684,306568.0618
002869.SZ,20200326,67.3,3.2575,0.67,374.6513,4.2491,13.4273,811087.2235,305207.5527
002869.SZ,20200325,68.29,4.0228,0.71,380.1626,4.3116,13.6248,823018.5215,309697.2328
002869.SZ,20200324,67.0,4.2831,0.72,372.9813,4.2301,13.3675,807471.6787,303847.0435
002869.SZ,20200323,65.69,4.7199,0.71,365.6887,4.1474,13.1061,791683.7996,297906.1535
002869.SZ,20200320,69.72,5.3281,0.76,388.1232,4.4018,13.9101,840252.6185,316182.3265
002869.SZ,20200319,70.82,6.0995,0.85,394.2468,4.4713,14.1296,853509.6162,321170.86
002869.SZ,20200318,69.94,8.0465,1.17,389.3479,4.4157,13.954,842904.018,317180.0332
002869.SZ,20200317,67.62,5.7307,0.77,376.4328,4.2693,13.4912,814943.8047,306658.7624
002869.SZ,20200316,68.65,7.9754,1.07,382.1666,4.3343,13.6966,827357.1753,311329.8438
002869.SZ,20200313,75.0,7.095,0.95,417.5164,4.7352,14.9636,903886.2075,340127.2875
002869.SZ,20200312,75.85,6.8363,0.89,422.2482,4.7889,15.1332,914130.2512,343982.0634
002869.SZ,20200311,78.0,6.8783,0.84,434.217,4.9246,15.5621,940041.6558,353732.379
002869.SZ,20200310,80.3,8.4524,0.86,447.0209,5.0698,16.021,967760.8328,364162.9492
002869.SZ,20200309,77.8,8.063,0.74,433.1036,4.912,15.5222,937631.2926,352825.3729
002869.SZ,20200306,82.05,7.2398,0.6,456.7629,5.1803,16.3701,988851.511,372099.2525
002869.SZ,20200305,84.27,7.9772,0.62,469.1214,5.3205,16.8131,1015606.5427,382167.0202
002869.SZ,20200304,85.5,9.4443,0.66,475.9687,5.3981,17.0585,1030430.2766,387745.1078
002869.SZ,20200303,84.02,16.2348,1.1,467.7297,5.3047,16.7632,1012593.5887,381033.2626
002869.SZ,20200302,83.01,13.4402,0.9,462.1071,5.2409,16.5617,1000421.2545,376452.8818
002869.SZ,20200228,75.51,13.1155,0.94,420.3555,6.532,15.0653,910032.6337,342440.1531
002869.SZ,20200227,82.56,12.5105,0.96,459.602,7.1418,16.4719,994997.9372,374412.1181
002869.SZ,20200226,83.98,16.2596,1.38,467.507,7.2647,16.7552,1012111.5161,380851.8614
002869.SZ,20200225,84.8,18.8024,1.8,472.0718,7.3356,16.9188,1021994.0053,384570.5864
002869.SZ,20200224,79.0,13.7373,1.43,439.7839,6.8339,15.7616,952093.4719,358267.4095
002869.SZ,20200221,73.75,8.7554,0.88,410.5578,6.3797,14.7142,888821.4374,334458.4994
002869.SZ,20200220,72.42,7.721,0.72,403.1538,6.2647,14.4488,872792.522,328426.9088
002869.SZ,20200219,71.78,9.7238,0.96,399.591,6.2093,14.3211,865079.3597,325524.4893
002869.SZ,20200218,73.72,12.1937,1.32,410.3907,6.3771,14.7082,888459.8829,334322.4485
002869.SZ,20200217,70.92,9.7999,1.04,394.8035,6.1349,14.1495,854714.7978,321624.3631
002869.SZ,20200214,68.33,10.5637,1.15,380.3852,5.9109,13.6328,823500.5941,309878.6341
002869.SZ,20200213,67.35,11.2764,1.27,374.9297,5.8261,13.4373,811689.8143,305434.3042
002869.SZ,20200212,64.79,6.7246,0.69,360.6785,5.6046,12.9265,780837.1651,293824.6261
002869.SZ,20200211,64.0,7.763,0.72,356.2806,5.5363,12.7689,771316.2304,290241.952
002869.SZ,20200210,63.88,10.839,1.23,355.6126,5.5259,12.745,769870.0125,289697.7483
002869.SZ,20200207,61.35,9.5263,1.05,341.5284,5.3071,12.2402,739378.9177,278224.1212
002869.SZ,20200206,62.22,9.5623,1.07,346.3716,5.3823,12.4138,749863.9977,282169.5977
002869.SZ,20200205,62.09,11.1888,1.15,345.6479,5.3711,12.3878,748297.2616,281580.0437
002869.SZ,20200204,59.74,12.9912,1.31,332.5657,5.1678,11.919,719975.4938,270922.7221
002869.SZ,20200203,61.2,0.6421,0.05,340.6934,5.2941,12.2103,737571.1453,277543.8666
002869.SZ,20200123,68.0,11.0833,0.93,378.5482,5.8823,13.567,819523.4948,308382.074
002869.SZ,20200122,71.54,8.654,0.7,398.2549,6.1886,14.2732,862186.9238,324436.082
002869.SZ,20200121,70.69,15.1697,1.1,393.5231,6.115,14.1037,851942.8801,320581.306
002869.SZ,20200120,75.79,13.8709,1.0,421.9142,6.5562,15.1212,913407.1422,343709.9616
002869.SZ,20200117,73.44,11.0689,0.79,408.832,6.3529,14.6523,885085.3744,333052.6399
002869.SZ,20200116,71.25,10.6638,0.82,396.6405,6.1635,14.2154,858691.8971,323120.9231
002869.SZ,20200115,69.11,11.3099,0.94,384.7274,5.9783,13.7884,832901.0107,313415.9579
002869.SZ,20200114,70.7,22.3451,2.67,393.5788,6.1159,14.1057,852063.3983,320626.6564
002869.SZ,20200113,75.83,14.2073,2.09,422.1369,6.5597,15.1292,913889.2149,343891.3628
002869.SZ,20200110,68.94,11.3376,1.92,383.781,5.9636,13.7545,830852.2019,312645.0027
002869.SZ,20200109,66.68,5.7448,0.88,371.1999,5.7681,13.3036,803615.0975,302395.8337
002869.SZ,20200108,65.3,6.2257,1.01,363.5176,5.6488,13.0283,786983.5913,296137.4917
002869.SZ,20200107,66.15,4.3618,0.68,368.2494,5.7223,13.1979,797227.635,299992.2676
002869.SZ,20200106,66.06,6.3842,1.05,367.7484,5.7145,13.1799,796142.9716,299584.1148
002869.SZ,20200103,67.52,6.8413,1.22,375.8761,5.8408,13.4712,813738.6231,306205.2594
002869.SZ,20200102,67.57,8.8605,1.74,376.1544,5.8451,13.4812,814341.2139,306432.0109
002869.SZ,20191231,65.33,4.3958,0.79,363.6846,5.6514,13.0343,787345.1458,296273.5426
002869.SZ,20191230,64.5,5.3867,0.81,359.0641,5.5796,12.8687,777342.1385,292509.4673
002869.SZ,20191227,64.53,4.8406,0.61,359.2311,5.5822,12.8747,777703.6929,292645.5182
002869.SZ,20191226,65.27,4.5671,0.57,363.3506,5.6462,13.0223,786622.0368,296001.4407
002869.SZ,20191225,65.96,6.3166,0.8,367.1917,5.7059,13.16,794937.79,299130.6118
002869.SZ,20191224,65.63,6.7345,0.84,365.3547,5.6773,13.0941,790960.6906,297634.0517
002869.SZ,20191223,66.0,10.9575,1.52,367.4144,5.7093,13.1679,795419.8626,299312.013
002869.SZ,20191220,64.96,10.8257,1.75,361.6248,5.6194,12.9604,782885.9739,294595.5813
002869.SZ,20191219,63.2,5.0757,0.78,351.8271,5.4671,12.6093,761674.7775,286613.9276
002869.SZ,20191218,62.54,5.8958,0.87,348.153,5.41,12.4776,753720.5789,283620.8075
002869.SZ,20191217,63.07,7.5703,1.17,351.1034,5.4559,12.5834,760108.0414,286024.3736
002869.SZ,20191216,62.38,6.605,1.03,347.2623,5.3962,12.4457,751792.2883,282895.2026
002869.SZ,20191213,60.8,5.8323,0.89,338.4666,5.2595,12.1305,732750.4189,275729.8544
002869.SZ,20191212,60.09,6.6206,0.89,334.5141,5.1981,11.9888,724193.6294,272509.9827
002869.SZ,20191211,61.63,7.2632,1.05,343.0871,5.3313,12.2961,742753.4262,279493.9297
002869.SZ,20191210,61.18,5.9415,0.84,340.582,5.2924,12.2063,737330.109,277453.166
002869.SZ,20191209,61.15,6.5284,0.89,340.415,5.2898,12.2003,736968.5545,277317.1151
002869.SZ,20191206,62.56,6.4198,0.95,348.2643,5.4117,12.4816,753961.6152,283711.5081
002869.SZ,20191205,62.46,11.0185,2.04,347.7076,5.4031,12.4617,752756.4336,283258.005
002869.SZ,20191204,59.06,4.7907,0.86,328.7802,5.109,11.7833,711780.2589,267838.9013
002869.SZ,20191203,58.88,6.528,1.15,327.7782,5.0934,11.7474,709610.932,267022.5958
002869.SZ,20191202,57.92,7.8321,1.26,322.434,5.0104,11.5559,698041.1885,262668.9666
002869.SZ,20191129,58.88,3.6369,0.48,327.7782,5.0934,11.7474,709610.932,267022.5958
002869.SZ,20191128,59.12,4.1574,0.46,329.1142,5.1142,11.7953,712503.3678,268111.0032
002869.SZ,20191127,58.95,5.6814,0.63,328.1679,5.0995,11.7614,710454.5591,267340.048
002869.SZ,20191126,58.37,7.107,0.77,324.9391,5.0493,11.6456,703464.5058,264709.7303
002869.SZ,20191125,57.85,10.3838,1.28,322.0443,5.0043,11.5419,697197.5614,262351.5144
002869.SZ,20191122,62.83,10.4024,1.41,349.7674,5.4351,12.5355,757215.6056,284935.9663
002869.SZ,20191121,66.2,11.8431,1.78,368.5278,5.7266,13.2078,797830.2258,300219.0191
002869.SZ,20191120,64.09,5.5992,0.84,356.7816,5.5441,12.7869,772400.8938,290650.1047
002869.SZ,20191119,65.3,7.7308,1.16,363.5176,5.6488,13.0283,786983.5913,296137.4917
002869.SZ,20191118,64.19,5.1077,0.68,357.3383,5.5527,12.8068,773606.0755,291103.6078
002869.SZ,20191115,64.22,6.558,0.88,357.5053,5.5553,12.8128,773967.6299,291239.6587
002869.SZ,20191114,65.87,8.2019,1.13,366.6907,5.6981,13.142,793853.1265,298722.459
002869.SZ,20191113,64.86,5.8986,0.75,361.0682,5.6107,12.9405,781680.7922,294142.0782
002869.SZ,20191112,64.84,7.4716,0.92,360.9568,5.609,12.9365,781439.7559,294051.3776
002869.SZ,20191111,64.66,9.3862,1.11,359.9548,5.5934,12.9006,779270.429,293235.0721
002869.SZ,20191108,68.1,6.1402,0.6,379.1049,5.891,13.5869,820728.6764,308835.5771
002869.SZ,20191107,68.14,7.2407,0.64,379.3275,5.8944,13.5949,821210.7491,309016.9783
002869.SZ,20191106,68.92,8.8367,0.76,383.6697,5.9619,13.7505,830611.1656,312554.3021
002869.SZ,20191105,70.18,8.997,0.66,390.684,6.0709,14.0019,845796.4539,318268.4405
002869.SZ,20191104,70.7,11.1275,0.72,393.5788,6.1159,14.1057,852063.3983,320626.6564
002869.SZ,20191101,71.55,14.6153,0.94,398.3106,6.1894,14.2752,862307.442,324481.4323
002869.SZ,20191031,68.39,13.1391,0.84,380.7193,5.9161,13.6448,824223.7031,310150.7359
002869.SZ,20191030,69.68,10.4971,0.6,387.9005,7.5947,13.9021,839770.5458,316000.9252
002869.SZ,20191029,69.07,18.6218,1.09,384.5047,7.5282,13.7804,832418.938,313234.5566
002869.SZ,20191028,73.95,20.4304,1.37,411.6711,8.0601,14.7541,891231.8006,335365.5055
002869.SZ,20191025,71.83,15.0698,1.07,399.8693,7.829,14.3311,865681.9505,325751.2408
002869.SZ,20191024,71.0,13.6566,0.92,395.2488,7.7386,14.1655,855678.9431,321987.1655
002869.SZ,20191023,71.9,19.4375,1.29,400.259,7.8366,14.3451,866525.5776,326068.693
002869.SZ,20191022,71.65,16.6753,0.95,398.8673,7.8094,14.2952,863512.6236,324934.9353
002869.SZ,20191021,68.44,9.5043,0.58,380.9976,7.4595,13.6548,824826.2939,310377.4874
002869.SZ,20191018,68.8,11.2094,0.69,383.0017,7.4988,13.7266,829164.9477,312010.0984
002869.SZ,20191017,68.82,17.7303,1.14,383.113,7.5009,13.7306,829405.984,312100.799
002869.SZ,20191016,72.91,20.163,1.54,405.8816,7.9467,14.5466,878697.9119,330649.0738
002869.SZ,20191015,70.05,28.9005,3.29,389.9603,7.635,13.976,844229.7178,317678.8865
002869.SZ,20191014,69.92,3.2422,0.34,389.2366,7.6208,13.95,842662.9817,317089.3326
002869.SZ,20191011,63.56,11.7459,1.34,353.8312,6.9276,12.6811,766013.4313,288246.5386
002869.SZ,20191010,63.91,13.8821,1.51,355.7796,6.9658,12.751,770231.567,289833.7993
002869.SZ,20191009,58.75,7.6136,0.69,327.0545,6.4034,11.7215,708044.1959,266433.0419
002869.SZ,20191008,56.81,7.4478,0.57,316.2547,6.1919,11.3344,684663.6726,257635.0827
002869.SZ,20190930,57.85,7.1528,0.52,322.0443,6.3053,11.5419,697197.5614,262351.5144
002869.SZ,20190927,58.44,7.5813,0.52,325.3287,6.3696,11.6596,704308.1329,265027.1824
002869.SZ,20190926,57.8,16.1268,1.11,314.5088,6.5037,11.2718,680884.0,262124.7629
002869.SZ,20190925,60.87,17.0424,1.38,331.2137,6.8492,11.8705,717048.6,276047.3065
002869.SZ,20190924,67.63,17.8899,1.71,367.9971,7.6098,13.1888,796681.4,306704.1127
002869.SZ,20190923,72.13,10.2984,1.02,392.4831,8.1161,14.0664,849691.4,327111.75
002869.SZ,20190920,71.85,11.9007,1.24,390.9595,8.0846,14.0118,846393.0,325841.9414
002869.SZ,20190919,70.3,15.446,1.67,382.5255,7.9102,13.7095,828134.0,318812.6442
002869.SZ,20190918,67.15,6.0027,0.6,365.3853,7.5558,13.0952,791027.0,304527.2981
002869.SZ,20190917,67.0,8.534,0.75,364.5691,7.5389,13.066,789260.0,303847.0435
002869.SZ,20190916,67.01,8.6259,0.74,364.6235,7.54,13.0679,789377.8,303892.3938
002869.SZ,20190912,66.3,9.4124,0.78,360.7602,7.4602,12.9295,781014.0,300672.5222
002869.SZ,20190911,67.64,13.6753,1.16,368.0515,7.6109,13.1908,796799.2,306749.463
002869.SZ,20190910,66.21,9.745,0.75,360.2704,7.45,12.9119,779953.8,300264.3694
002869.SZ,20190909,67.63,15.7039,1.28,367.9971,7.6098,13.1888,796681.4,306704.1127
002869.SZ,20190906,64.49,9.8883,0.71,350.9113,7.2565,12.5765,759692.2,292464.1169
002869.SZ,20190905,65.88,11.5834,0.79,358.4748,7.4129,12.8475,776066.4,298767.8093
002869.SZ,20190904,66.19,12.1474,0.76,360.1616,7.4478,12.908,779718.2,300173.6688
002869.SZ,20190903,66.76,15.2667,1.01,363.2632,7.5119,13.0192,786432.8,302758.6362
002869.SZ,20190902,66.65,12.6192,0.84,362.6646,7.4995,12.9977,785137.0,302259.7828
002869.SZ,20190830,64.0,17.7342,1.25,348.2451,7.2014,12.4809,753920.0,290241.952
002869.SZ,20190829,68.48,15.8317,1.23,372.6222,7.977,13.3546,806694.4,308170.6418
002869.SZ,20190828,67.19,18.8217,1.71,365.6029,7.8267,13.103,791498.2,302365.4413
002869.SZ,20190827,61.08,11.1721,0.96,332.3564,7.115,11.9115,719522.4,274869.4918
002869.SZ,20190826,59.99,12.2235,1.02,326.4254,6.988,11.6989,706682.2,269964.3224
002869.SZ,20190823,58.91,13.4792,1.13,320.5487,6.8622,11.4883,693959.8,265104.1546
002869.SZ,20190822,61.0,8.7405,0.63,331.9211,7.1057,11.8959,718580.0,274509.4794
002869.SZ,20190821,61.22,9.3228,0.58,333.1182,7.1313,11.9388,721171.6,275499.5136
002869.SZ,20190820,61.1,14.6293,0.89,332.4652,7.1173,11.9154,719758.0,274959.4949
002869.SZ,20190819,63.49,13.6909,0.81,345.47,7.3957,12.3815,747912.2,285714.8663
002869.SZ,20190816,61.64,13.4879,0.8,335.4036,7.1802,12.0207,726119.2,277389.5789
002869.SZ,20190815,63.02,18.0846,1.05,342.9126,7.341,12.2898,742375.6,283599.7933
002869.SZ,20190814,58.9,20.5762,1.29,320.4943,6.861,11.4863,693842.0,265059.1531
002869.SZ,20190813,57.42,16.3494,1.07,312.4411,6.6886,11.1977,676407.6,258398.9231
002869.SZ,20190812,55.59,16.1335,1.01,302.4835,6.4755,10.8408,654850.2,250163.6387
002869.SZ,20190809,52.14,12.6567,0.86,283.7109,6.0736,10.168,614209.2,234638.1026
002869.SZ,20190808,52.83,20.7986,1.63,287.4654,6.154,10.3026,622337.4,237743.2098
002869.SZ,20190807,50.02,13.6186,1.18,272.1753,5.8266,9.7546,589235.6,225097.7731
002869.SZ,20190806,49.16,12.9089,1.23,267.4958,5.7265,9.5869,579104.8,221227.6395
002869.SZ,20190805,50.18,19.5809,2.28,273.0459,5.8453,9.7858,591120.4,225817.798
002869.SZ,20190802,47.05,6.337,0.69,256.0146,5.4807,9.1754,554249.0,211732.3116
002869.SZ,20190801,47.58,11.4905,1.25,258.8985,5.5424,9.2788,560492.4,214117.3939
002869.SZ,20190731,49.1,7.4568,0.73,267.1693,5.7195,9.5752,578398.0,220957.6301
002869.SZ,20190730,48.85,7.5176,0.67,265.8089,5.6904,9.5265,575453.0,219832.5913
002869.SZ,20190729,49.7,10.1478,0.91,270.4341,5.7894,9.6922,585466.0,223657.7234
002869.SZ,20190726,48.2,9.456,0.78,262.2721,5.6146,9.3997,567796.0,216907.4903
002869.SZ,20190725,49.64,11.2901,0.93,270.1076,5.7824,9.6805,584759.2,223387.7141
002869.SZ,20190724,49.63,12.6931,1.01,270.0532,5.7812,9.6786,584641.4,223342.7125
002869.SZ,20190723,48.93,12.2088,0.94,266.2443,5.6997,9.5421,576395.4,220192.6037
002869.SZ,20190722,47.03,10.3685,0.7,255.9057,5.4783,9.1715,554013.4,211642.3085
002869.SZ,20190719,47.83,13.9834,0.92,260.2588,5.5715,9.3275,563437.4,215242.4328
002869.SZ,20190718,50.15,11.3523,0.72,272.8827,5.8418,9.78,590767.0,225682.7933
002869.SZ,20190717,50.62,15.0715,0.9,275.4401,5.8965,9.8716,596303.6,227797.8663
002869.SZ,20190716,49.9,14.2376,0.71,271.5223,5.8127,9.7312,587822.0,224557.7545
002869.SZ,20190715,49.91,19.2738,0.85,271.5768,5.8138,9.7332,587939.8,224602.756
002869.SZ,20190712,45.73,16.453,0.7,248.832,5.3269,8.918,538699.4,205792.1064
002869.SZ,20190711,45.4,13.9291,0.57,247.0364,5.2885,8.8537,534812.0,204307.0552
002869.SZ,20190710,46.77,19.5328,0.8,254.491,5.4481,9.1208,550950.6,210472.2681
002869.SZ,20190709,46.8,31.5288,1.31,254.6542,5.4137,9.1267,551304.0,210607.2727
002869.SZ,20190708,49.8,32.5561,1.61,270.9782,5.7608,9.7117,586644.0,224107.7389
002869.SZ,20190705,48.84,20.7412,1.05,265.7545,5.6497,9.5245,575335.2,219787.5897
002869.SZ,20190704,44.4,18.2486,0.94,241.595,5.1361,8.6586,523032.0,199806.8998
002869.SZ,20190703,43.5,18.3304,1.0,236.6978,5.032,8.4831,512430.0,195756.7599
002869.SZ,20190702,43.5,30.5548,1.8,236.6978,5.032,8.4831,512430.0,195756.7599
002869.SZ,20190701,42.67,13.4568,0.77,232.1815,4.936,8.3213,502652.6,192021.6309
002869.SZ,20190628,38.79,18.4809,1.18,211.0692,4.4871,7.5646,456946.2,174561.028
002869.SZ,20190627,36.88,16.303,1.15,200.6762,4.2662,7.1921,434446.4,165965.7312
002869.SZ,20190626,35.68,12.6007,0.95,194.1466,4.1274,6.9581,420310.4,160565.5447
002869.SZ,20190625,36.8,23.9221,2.42,200.2409,4.2569,7.1765,433504.0,165605.7187
002869.SZ,20190624,35.89,16.4803,2.01,195.2893,4.1517,6.9991,422784.2,161510.5773
002869.SZ,20190621,32.63,9.1193,1.05,177.5506,3.7746,6.3633,384381.4,146840.0707
002869.SZ,20190620,31.97,8.5713,0.9,173.9593,3.6982,6.2346,376606.6,143869.9681
002869.SZ,20190619,31.5,8.0087,0.76,171.4019,3.6438,6.143,371070.0,141754.8951
002869.SZ,20190618,31.56,7.2981,0.68,171.7284,3.6508,6.1547,371776.8,142024.9044
002869.SZ,20190617,31.85,7.9531,0.8,173.3063,3.6843,6.2112,375193.0,143329.9495
002869.SZ,20190614,31.6,11.3895,1.31,171.946,3.6554,6.1625,372248.0,142204.9106
002869.SZ,20190613,32.12,13.0563,1.75,174.7755,3.7156,6.2639,378373.6,144544.9914
002869.SZ,20190612,30.5,13.2471,2.21,165.9606,3.5282,5.9479,359290.0,137254.7397
002869.SZ,20190611,28.88,7.9728,1.38,157.1456,3.3408,5.632,340206.4,129964.488
002869.SZ,20190610,27.7,4.1576,0.64,150.7248,3.2043,5.4019,326306.0,124654.3046
002869.SZ,20190606,27.19,4.9717,0.68,147.9498,3.1453,5.3024,320298.2,122359.2253
002869.SZ,20190605,28.19,6.8566,0.84,153.3911,3.261,5.4975,332078.2,126859.3807
002869.SZ,20190604,27.71,5.969,0.66,150.7792,3.2054,5.4038,326423.8,124699.3061
002869.SZ,20190603,28.27,6.8354,0.69,153.8264,3.2702,5.5131,333020.6,127219.3932
002869.SZ,20190531,29.12,8.0884,0.67,158.4515,3.3685,5.6788,343033.6,131044.5252
002869.SZ,20190530,28.59,8.5829,0.62,155.5676,3.3072,5.5755,336790.2,128659.4429
002869.SZ,20190529,29.9,11.3926,0.83,162.6958,3.4588,5.8309,352222.0,134554.6465
002869.SZ,20190528,29.2,10.1154,0.78,158.8868,3.3778,5.6944,343976.0,131404.5377
002869.SZ,20190527,29.76,11.116,0.95,161.934,3.4426,5.8036,350572.8,133924.6247
002869.SZ,20190524,28.73,19.1755,2.0,156.3294,3.3234,5.6028,338439.4,129289.4646
002869.SZ,20190523,29.39,17.8578,2.43,159.9207,3.3998,5.7315,346214.2,132259.5672
002869.SZ,20190522,26.72,10.6978,1.68,145.3923,3.0909,5.2108,314761.6,120244.1523
002869.SZ,20190521,26.15,5.8109,0.85,142.2908,3.025,5.0996,308047.0,117679.0637
002869.SZ,20190520,25.93,5.2072,0.65,141.0937,2.9995,5.0567,305455.4,116689.0295
002869.SZ,20190517,25.46,8.3687,0.98,138.5363,2.9452,4.9651,299918.8,114573.9565
002869.SZ,20190516,25.51,6.6022,0.8,138.8083,2.9509,4.9748,300507.8,114798.9643
002869.SZ,20190515,26.44,5.832,0.68,143.8688,3.0585,5.1562,311463.2,118984.1088
002869.SZ,20190514,26.07,8.1122,0.86,141.8555,3.0157,5.084,307104.6,117319.0513
002869.SZ,20190513,25.91,11.3562,1.22,140.9848,2.9972,5.0528,305219.8,116599.0264
002869.SZ,20190510,25.0,10.7058,1.04,136.0332,2.8919,4.8754,294500.0,112503.885
002869.SZ,20190509,23.22,5.0492,0.41,126.3477,2.686,4.5282,273531.6,104493.6084
002869.SZ,20190508,23.61,7.5011,0.6,128.4698,2.7312,4.6043,278125.8,106248.669
002869.SZ,20190507,23.52,12.6734,1.09,127.9801,2.7207,4.5867,277065.6,105843.655
002869.SZ,20190506,24.75,10.534,0.95,134.6729,2.863,4.8266,291555.0,111378.8462
002869.SZ,20190430,27.5,15.6446,1.51,149.6366,3.1811,5.3629,323950.0,123754.2735
002869.SZ,20190429,30.55,15.2476,1.71,166.2326,3.534,5.9577,359879.0,137479.7475
002869.SZ,20190426,27.9,8.4166,0.89,151.8131,3.2274,5.4409,328662.0,125554.3357
002869.SZ,20190425,27.3,7.9706,0.77,35.9653,3.1874,5.1649,321594.0,124090.1789
002869.SZ,20190424,28.24,8.0829,0.66,37.2037,3.2972,5.3428,332667.2,128362.8811
002869.SZ,20190423,27.77,11.8685,0.87,36.5845,3.2423,5.2538,327130.6,126226.53
002869.SZ,20190422,29.83,7.9819,0.53,39.2984,3.4828,5.6436,351397.4,135590.1113
002869.SZ,20190419,29.94,11.1679,0.7,39.4433,3.4956,5.6644,352693.2,136090.1083
002869.SZ,20190418,29.39,12.559,0.81,38.7187,3.4314,5.5603,346214.2,133590.123
002869.SZ,20190417,31.0,17.555,1.29,40.8397,3.6194,5.8649,365180.0,140908.2618
002869.SZ,20190416,31.6,18.6964,1.6,41.6302,3.6895,5.9784,372248.0,143635.5185
002869.SZ,20190415,31.88,15.9314,1.28,41.999,3.7222,6.0314,375546.4,144908.2383
002869.SZ,20190412,29.85,14.7778,0.89,39.3247,3.4851,5.6474,351633.0,135681.0198
002869.SZ,20190411,28.22,10.8925,0.67,37.1773,3.2948,5.339,332431.6,128271.9725
002869.SZ,20190410,27.49,7.9163,0.46,36.2156,3.2096,5.2009,323832.2,124953.8102
002869.SZ,20190409,27.06,9.0887,0.54,35.6491,3.1594,5.1195,318766.8,122999.2763
002869.SZ,20190408,28.14,19.5221,1.41,37.0719,3.2855,5.3238,331489.2,127908.3383
002869.SZ,20190404,28.68,35.6115,4.6,37.7833,3.3485,5.426,337850.4,130362.8693
002869.SZ,20190403,27.83,9.134,1.37,36.6635,3.2493,5.2652,327837.4,126499.2557
002869.SZ,20190402,25.3,12.112,2.15,33.3305,2.9539,4.7865,298034.0,114999.3233
002869.SZ,20190401,23.0,7.9031,1.63,30.3004,2.6854,4.3514,270940.0,104544.8394
002869.SZ,20190329,20.91,4.3305,0.89,27.5471,2.4413,3.956,246319.8,95044.8953
002869.SZ,20190328,20.62,5.2404,1.08,27.165,2.4075,3.9011,242903.6,93726.7212
002869.SZ,20190327,20.19,3.7365,0.77,26.5985,2.3573,3.8198,237838.2,91772.1873
002869.SZ,20190326,19.85,6.9114,1.62,26.1506,2.3176,3.7554,233833.0,90226.7418
002869.SZ,20190325,20.9,4.0205,0.94,27.5339,2.4402,3.9541,246202.0,94999.441
002869.SZ,20190322,21.4,4.4121,0.97,28.1926,2.4986,4.0487,252092.0,97272.1549
002869.SZ,20190321,21.22,5.1983,1.0,27.9554,2.4775,4.0146,249971.6,96453.9779
002869.SZ,20190320,21.03,3.8413,0.53,27.7051,2.4554,3.9787,247733.4,95590.3466
002869.SZ,20190319,21.48,3.8278,0.41,28.298,2.5079,4.0638,253034.4,97635.7891
002869.SZ,20190318,21.35,4.1526,0.39,28.1267,2.4927,4.0392,251503.0,97044.8835
002869.SZ,20190315,21.09,5.7792,0.5,27.7842,2.4624,3.99,248440.2,95863.0723
002869.SZ,20190314,20.96,8.328,0.66,27.6129,2.4472,3.9655,246908.8,95272.1667
002869.SZ,20190313,22.85,13.9915,0.93,30.1028,2.6679,4.323,269173.0,103863.0252
002869.SZ,20190312,22.64,14.7529,1.06,29.8262,2.6433,4.2833,266699.2,102908.4854
002869.SZ,20190311,22.42,10.6375,0.76,29.5363,2.6176,4.2417,264107.6,101908.4913
002869.SZ,20190308,21.0,10.2147,0.8,27.6656,2.4519,3.973,247380.0,95453.9838
002869.SZ,20190307,21.73,13.559,1.24,28.6273,2.5371,4.1111,255979.4,98772.1461
002869.SZ,20190306,22.18,26.1273,4.0,29.2202,2.5896,4.1963,261280.4,100817.5886
002869.SZ,20190305,20.78,9.1857,1.49,27.3758,2.4262,3.9314,244788.4,94453.9897
002869.SZ,20190304,18.89,10.8061,2.07,24.8859,2.2055,3.5738,222524.2,85863.1311
002869.SZ,20190301,18.09,4.1362,0.8,23.832,2.1121,3.4225,213100.2,82226.7889
002869.SZ,20190228,18.03,4.3031,0.82,23.7529,2.1051,3.4111,212393.4,81954.0632
002869.SZ,20190227,17.76,4.2086,0.75,23.3972,2.0736,3.36,209212.8,80726.7977
002869.SZ,20190226,17.93,7.3033,1.07,23.6212,2.0934,3.3922,211215.4,81499.5205
002869.SZ,20190225,18.2,6.0932,0.85,23.9769,2.177,3.4433,214396.0,82726.786
002869.SZ,20190222,17.49,3.8185,0.5,23.0415,2.092,3.309,206032.2,79499.5322
002869.SZ,20190221,17.31,4.9607,0.7,22.8044,2.0705,3.2749,203911.8,78681.3552
002869.SZ,20190220,17.48,6.0141,0.95,23.0283,2.0908,3.3071,205914.4,79454.0779
002869.SZ,20190219,18.05,13.1918,3.21,23.7793,2.159,3.4149,212629.0,82044.9718
002869.SZ,20190218,18.0,7.7011,2.71,23.7134,2.153,3.4054,212040.0,81817.7004
002869.SZ,20190215,17.0,6.199,3.3,22.396,2.0334,3.2163,200260.0,77272.2726
002869.SZ,20190214,16.24,2.0778,1.03,21.3947,1.9425,3.0725,191307.2,73817.7475
002869.SZ,20190213,16.38,2.5917,1.52,21.5792,1.9593,3.099,192956.4,74454.1074
002869.SZ,20190212,16.09,1.9507,1.1,21.1971,1.9246,3.0441,189540.2,73135.9333
002869.SZ,20190211,15.72,1.3897,0.68,20.7097,1.8803,2.9741,185181.6,71454.125
002869.SZ,20190201,15.25,1.3936,0.62,20.0905,1.8241,2.8852,179645.0,69317.774
002869.SZ,20190131,14.8,2.775,1.16,19.4977,1.7703,2.8,174344.0,67272.3314
002869.SZ,20190130,15.42,1.0362,0.42,20.3145,1.8444,2.9173,181647.6,70090.4967
002869.SZ,20190129,15.61,2.2391,0.94,20.5648,1.8672,2.9533,183885.8,70954.128
002869.SZ,20190128,16.18,2.7188,1.11,21.3157,1.9353,3.0611,190600.4,73545.0218
002869.SZ,20190125,16.71,2.4603,1.0,22.0139,1.9987,3.1614,196843.8,75954.0985
002869.SZ,20190124,17.18,3.4786,1.57,22.6331,2.055,3.2503,202380.4,78090.4496
002869.SZ,20190123,16.75,1.4704,0.6,22.0666,2.0035,3.169,197315.0,76135.9157
002869.SZ,20190122,16.83,1.8309,0.73,22.172,2.0131,3.1841,198257.4,76499.5499
002869.SZ,20190121,17.19,3.0551,1.24,22.6463,2.0562,3.2522,202498.2,78135.9039
002869.SZ,20190118,16.84,2.5071,0.85,22.1852,2.0143,3.186,198375.2,76545.0042
002869.SZ,20190117,16.75,2.1957,0.65,22.0666,2.0035,3.169,197315.0,76135.9157
002869.SZ,20190116,17.0,2.5742,0.71,22.396,2.0334,3.2163,200260.0,77272.2726
002869.SZ,20190115,17.05,2.2224,0.55,22.4618,2.0394,3.2257,200849.0,77499.544
002869.SZ,20190114,16.86,2.8513,0.59,22.2115,2.0167,3.1898,198610.8,76635.9127
002869.SZ,20190111,17.24,4.8858,0.88,22.7122,2.0621,3.2617,203087.2,78363.1753
002869.SZ,20190110,17.33,4.4619,0.65,22.8307,2.0729,3.2787,204147.4,78772.2638
002869.SZ,20190109,16.94,3.7226,0.54,22.3169,2.0263,3.2049,199553.2,76999.5469
002869.SZ,20190108,16.99,4.4637,0.71,22.3828,2.0322,3.2144,200142.2,77226.8183
002869.SZ,20190107,17.4,6.5927,1.19,22.9229,2.0813,3.2919,204972.0,79090.4437
002869.SZ,20190104,17.32,8.6026,1.88,22.8175,2.0717,3.2768,204029.6,78726.8095
002869.SZ,20190103,16.86,11.1161,3.78,22.2115,2.0167,3.1898,198610.8,76635.9127
002869.SZ,20190102,17.39,3.7965,1.42,22.9098,2.0801,3.29,204854.2,79044.9894
002869.SZ,20181228,15.81,1.4036,0.5,20.8283,1.8911,2.9911,186241.8,71863.2135
002869.SZ,20181227,15.82,2.806,1.08,20.8414,1.8923,2.993,186359.6,71908.6678
002869.SZ,20181226,16.35,3.7201,1.65,21.5397,1.9557,3.0933,192603.0,74317.7445
002869.SZ,20181225,16.01,2.9732,1.34,21.0917,1.915,3.029,188597.8,72772.2991
002869.SZ,20181224,16.09,2.4527,,21.1971,1.9246,3.0441,189540.2,73135.9333
002869.SZ,20181221,15.66,1.9957,0.77,20.6306,1.8731,2.9627,184474.8,71181.3993
002869.SZ,20181220,15.9,1.831,0.58,20.9468,1.9019,3.0081,187302.0,72272.302
002869.SZ,20181219,15.89,2.0378,0.53,20.9337,1.9007,3.0063,187184.2,72226.8477
002869.SZ,20181218,16.28,2.7567,0.64,21.4474,1.9473,3.08,191778.4,73999.5646
002869.SZ,20181217,16.05,2.0631,0.38,21.1444,1.9198,3.0365,189069.0,72954.1162
002869.SZ,20181214,16.0,4.3489,0.58,21.0786,1.9138,3.0271,188480.0,72726.8448
002869.SZ,20181213,16.91,4.6367,0.6,22.2774,2.0227,3.1992,199199.8,76863.1841
002869.SZ,20181212,17.1,5.2475,0.73,22.5277,2.0454,3.2352,201438.0,77726.8154
002869.SZ,20181211,16.86,5.1722,0.77,22.2115,2.0167,3.1898,198610.8,76635.9127
002869.SZ,20181210,16.87,8.0417,1.35,22.2247,2.0179,3.1917,198728.6,76681.367
002869.SZ,20181207,17.7,14.7005,3.92,23.3182,2.1172,3.3487,208506.0,80454.0721
002869.SZ,20181206,18.29,5.4054,1.47,24.0954,2.1877,3.4603,215456.2,83135.8745
002869.SZ,20181205,16.63,2.5113,0.68,21.9085,1.9892,3.1463,195901.4,75590.4643
002869.SZ,20181204,16.8,3.1068,0.9,22.1325,2.0095,3.1784,197904.0,76363.187
002869.SZ,20181203,16.55,3.9809,1.35,21.8031,1.9796,3.1311,194959.0,75226.8301
002869.SZ,20181130,15.97,3.7266,1.32,21.039,1.9102,3.0214,188126.6,72590.482
002869.SZ,20181129,16.27,5.0488,2.23,21.4343,1.9461,3.0781,191660.6,73954.1103
002869.SZ,20181128,16.41,2.6592,1.22,21.6187,1.9629,3.1046,193309.8,74590.4702
002869.SZ,20181127,16.35,1.9387,0.77,21.5397,1.9557,3.0933,192603.0,74317.7445
002869.SZ,20181126,16.11,1.3812,0.42,21.2235,1.927,3.0479,189775.8,73226.8419
002869.SZ,20181123,16.29,3.0611,0.84,21.4606,1.9485,3.0819,191896.2,74045.0189
002869.SZ,20181122,17.51,2.2946,0.54,23.0679,2.0944,3.3127,206267.8,79590.4408
002869.SZ,20181121,17.39,2.2378,0.47,22.9098,2.0801,3.29,204854.2,79044.9894
002869.SZ,20181120,17.34,3.5662,0.69,22.8439,2.0741,3.2806,204265.2,78817.7181
002869.SZ,20181119,17.8,5.2668,1.03,23.4499,2.1291,3.3676,209684.0,80908.6148
002869.SZ,20181116,17.7,4.9302,1.06,23.3182,2.1172,3.3487,208506.0,80454.0721
002869.SZ,20181115,17.77,5.1185,1.22,23.4104,2.1255,3.3619,209330.6,80772.252
002869.SZ,20181114,17.29,5.0444,1.23,22.778,2.0681,3.2711,203676.2,78590.4467
002869.SZ,20181113,17.1,5.5774,1.49,22.5277,2.0454,3.2352,201438.0,77726.8154
002869.SZ,20181112,16.91,4.8214,1.23,22.2774,2.0227,3.1992,199199.8,76863.1841
002869.SZ,20181109,16.37,2.6291,0.59,21.566,1.9581,3.0971,192838.6,74408.6531
002869.SZ,20181108,16.3,2.9611,0.59,21.4738,1.9497,3.0838,192014.0,74090.4731
002869.SZ,20181107,16.68,4.4622,0.74,21.9744,1.9952,3.1557,196490.4,75817.7357
002869.SZ,20181106,16.5,3.8258,0.63,21.7373,1.9736,3.1217,194370.0,74999.5587
002869.SZ,20181105,16.86,5.678,1.04,22.2115,2.0167,3.1898,198610.8,76635.9127
002869.SZ,20181102,16.58,5.3874,1.07,21.8427,1.9832,3.1368,195312.4,75363.1929
002869.SZ,20181101,16.25,5.5856,1.15,21.4079,1.9437,3.0744,191425.0,73863.2018
002869.SZ,20181031,16.3,9.526,2.17,21.4738,1.9497,3.0838,192014.0,74090.4731
002869.SZ,20181030,16.68,4.3942,0.77,21.9744,1.9952,3.1557,196490.4,75817.7357
002869.SZ,20181029,15.16,2.3226,0.32,19.9719,1.8133,2.8681,178584.8,68908.6854
002869.SZ,20181026,15.6,3.4038,0.45,20.5516,1.866,2.9514,183768.0,70908.6737
002869.SZ,20181025,16.03,4.7187,0.66,21.1181,1.9174,3.0327,188833.4,72863.2076
002869.SZ,20181024,16.57,7.1571,1.16,21.8295,1.982,3.1349,195194.6,75317.7386
002869.SZ,20181023,16.8,11.0893,2.54,22.1325,2.0095,3.1784,197904.0,76363.187
002869.SZ,20181022,17.31,10.2955,3.74,22.8044,2.0705,3.2749,203911.8,78681.3552
002869.SZ,20181019,15.74,4.2809,1.75,20.736,1.8854,2.9779,185417.2,71545.0336
002869.SZ,20181018,14.31,2.7441,1.05,18.8521,1.7141,2.7073,168571.8,65045.0718
002869.SZ,20181017,14.65,2.5221,1.01,19.3001,1.7548,2.7717,172577.0,66590.5173
002869.SZ,20181016,14.33,1.9919,0.84,18.8785,1.7165,2.7111,168807.4,65135.9804
002869.SZ,20181015,14.42,2.2169,0.96,18.9971,1.7273,2.7281,169867.6,65545.0689
002869.SZ,20181012,14.55,2.759,1.35,19.1683,1.7429,2.7527,171399.0,66135.9745
002869.SZ,20181011,14.79,3.6162,1.95,19.4845,1.7716,2.7981,174226.2,67226.8772
002869.SZ,20181010,16.43,1.87,0.99,21.6451,1.9681,3.1084,193545.4,74681.3788
002869.SZ,20181009,16.31,1.4154,0.74,21.487,1.9537,3.0857,192131.8,74135.9274
002869.SZ,20181008,16.27,1.938,1.08,21.4343,1.9489,3.0781,191660.6,73954.1103
002869.SZ,20180928,17.3,1.366,0.77,22.7912,2.0723,3.273,203794.0,78635.9009
002869.SZ,20180927,17.31,2.6944,1.67,22.8044,2.0735,3.2749,203911.8,78681.3552
002869.SZ,20180926,18.45,2.0546,1.27,24.3062,2.21,3.4906,217341.0,83863.1429
002869.SZ,20180925,18.4,1.4494,0.97,24.2404,2.204,3.4811,216752.0,83635.8715
002869.SZ,20180921,18.55,1.4109,0.93,24.438,2.222,3.5095,218519.0,84317.6857
002869.SZ,20180920,18.49,1.2911,0.85,24.3589,2.2148,3.4981,217812.2,84044.96
002869.SZ,20180919,18.8,1.8412,1.37,24.7673,2.252,3.5568,221464.0,85454.0426
002869.SZ,20180918,18.8,2.0656,1.75,24.7673,2.252,3.5568,221464.0,85454.0426
002869.SZ,20180917,18.32,0.8706,0.63,24.135,2.1945,3.466,215809.6,83272.2373
002869.SZ,20180914,18.6,1.4917,0.98,24.5038,2.228,3.519,219108.0,84544.9571
002869.SZ,20180913,18.61,1.2884,0.8,24.517,2.2292,3.5209,219225.8,84590.4114
002869.SZ,20180912,18.6,1.0043,0.55,24.5038,2.228,3.519,219108.0,84544.9571
002869.SZ,20180911,18.67,1.2511,0.58,24.5961,2.2364,3.5322,219932.6,84863.137
002869.SZ,20180910,18.66,1.8749,0.65,24.5829,2.2352,3.5303,219814.8,84817.6827
002869.SZ,20180907,19.6,2.2174,0.63,25.8212,2.3478,3.7082,230888.0,89090.3849
002869.SZ,20180906,19.94,1.6873,0.48,26.2692,2.3885,3.7725,234893.2,90635.8303
002869.SZ,20180905,20.31,2.0476,0.6,26.7566,2.4328,3.8425,239251.8,92317.6386
002869.SZ,20180904,21.01,3.0272,0.97,27.6788,2.5167,3.9749,247497.8,95499.4381
002869.SZ,20180903,21.29,5.3555,2.31,28.0477,2.5502,4.0279,250796.2,96772.1579
002869.SZ,20180831,21.18,5.3632,3.08,27.9028,2.537,4.0071,249500.4,96272.1608
002869.SZ,20180830,20.82,1.8805,1.1,27.4285,2.4939,3.939,245259.6,94635.8068
002869.SZ,20180829,20.82,1.3303,0.65,27.4285,2.4939,3.939,245259.6,94635.8068
002869.SZ,20180828,21.16,1.6095,0.65,27.8764,2.5346,4.0033,249264.8,96181.2522
002869.SZ,20180827,20.83,1.4045,0.5,27.4417,2.4951,3.9409,245377.4,94681.2611
002869.SZ,20180824,20.47,2.4684,0.83,26.9674,2.452,3.8727,241136.6,93044.9071
002869.SZ,20180823,21.15,1.6969,0.54,27.8632,2.5334,4.0014,249147.0,96135.798
002869.SZ,20180822,21.62,3.0093,1.01,28.4824,2.5897,4.0903,254683.6,98272.149
002869.SZ,20180821,21.83,3.8468,1.28,28.7591,2.6149,4.13,257157.4,99226.6889
002869.SZ,20180820,21.83,2.9463,0.84,28.7591,2.6149,4.13,257157.4,99226.6889
002869.SZ,20180817,21.68,3.416,1.08,28.5615,2.5969,4.1017,255390.4,98544.8747
002869.SZ,20180816,21.16,2.5071,0.82,27.8764,2.5346,4.0033,249264.8,96181.2522
002869.SZ,20180815,21.13,2.1597,0.75,27.8369,2.5311,3.9976,248911.4,96044.8894
002869.SZ,20180814,21.36,4.048,1.74,28.1399,2.5586,4.0411,251620.8,97090.3378
002869.SZ,20180813,22.18,5.4725,3.84,29.2202,2.6568,4.1963,261280.4,100817.5886
002869.SZ,20180810,20.48,1.56,1.13,26.9806,2.4532,3.8746,241254.4,93090.3613
002869.SZ,20180809,20.28,2.0262,1.3,26.7171,2.4292,3.8368,238898.4,92181.2758
002869.SZ,20180808,19.88,1.3048,0.83,26.1901,2.3813,3.7611,234186.4,90363.1047
002869.SZ,20180807,20.6,1.2782,0.82,27.1387,2.4676,3.8973,242668.0,93635.8127
002869.SZ,20180806,20.09,0.9495,0.5,26.4668,2.4065,3.8009,236660.2,91317.6445
002869.SZ,20180803,20.81,1.3367,0.5,27.4153,2.4927,3.9371,245141.8,94590.3525
002869.SZ,20180802,21.36,2.9318,1.07,28.1399,2.5586,4.0411,251620.8,97090.3378
002869.SZ,20180801,22.2,1.3532,0.4,29.2465,2.6592,4.2,261516.0,100908.4972
002869.SZ,20180731,22.41,1.2443,0.32,29.5232,2.6844,4.2398,263989.8,101863.037
002869.SZ,20180730,22.4,2.7103,0.74,29.51,2.6832,4.2379,263872.0,101817.5827
002869.SZ,20180727,22.99,4.9979,1.71,30.2873,2.7539,4.3495,270822.2,104499.3851
002869.SZ,20180726,24.62,3.0138,1.27,32.4346,2.9171,4.6579,290023.6,125562.0
002869.SZ,20180725,25.29,4.0586,2.09,33.3173,2.9965,4.7847,297916.2,128979.0
002869.SZ,20180724,25.18,3.5031,1.83,33.1724,2.9835,4.7638,296620.4,128418.0
002869.SZ,20180723,24.25,1.3845,0.64,31.9472,2.8733,4.5879,285665.0,123675.0
002869.SZ,20180720,24.26,1.0686,0.45,31.9604,2.8744,4.5898,285782.8,123726.0
002869.SZ,20180719,23.92,1.8582,0.75,31.5125,2.8342,4.5255,281777.6,121992.0
002869.SZ,20180718,24.69,1.9134,0.76,32.5269,2.9254,4.6711,290848.2,125919.0
002869.SZ,20180717,25.2,3.3249,1.46,33.1987,2.9858,4.7676,296856.0,128520.0
002869.SZ,20180716,24.71,2.7351,1.33,32.5532,2.9278,4.6749,291083.8,126021.0
002869.SZ,20180713,24.45,2.0218,0.93,32.2107,2.897,4.6257,288021.0,124695.0
002869.SZ,20180712,25.0,2.4296,1.21,32.9353,2.8605,4.7298,294500.0,127500.0
002869.SZ,20180711,24.25,2.0151,0.96,31.9472,2.7746,4.5879,285665.0,123675.0
002869.SZ,20180710,24.94,2.1796,0.96,32.8562,2.8536,4.7184,293793.2,127194.0
002869.SZ,20180709,24.37,1.639,0.62,32.1053,2.7884,4.6106,287078.6,124287.0
002869.SZ,20180706,23.88,2.598,0.91,31.4598,2.7323,4.5179,281306.4,121788.0
002869.SZ,20180705,23.33,1.5739,0.48,30.7352,2.6694,4.4138,274827.4,118983.0
002869.SZ,20180704,24.08,2.5471,0.69,31.7232,2.7552,4.5557,283662.4,122808.0
002869.SZ,20180703,25.26,2.9865,0.81,33.2778,2.8902,4.779,297562.8,128826.0
002869.SZ,20180702,24.44,3.5725,1.03,32.1975,2.7964,4.6238,287903.2,124644.0
002869.SZ,20180629,25.53,3.5317,1.02,33.6335,2.9211,4.8301,300743.4,130203.0
002869.SZ,20180628,24.47,3.5933,0.94,32.237,2.7998,4.6295,288256.6,124797.0
002869.SZ,20180627,25.3,4.8903,1.34,33.3305,2.8948,4.7865,298034.0,129030.0
002869.SZ,20180626,24.07,2.8999,0.72,31.7101,2.754,4.5538,283544.6,122757.0
002869.SZ,20180625,23.18,2.3668,0.45,30.5376,2.6522,4.3855,273060.4,118218.0
002869.SZ,20180622,23.55,3.5067,0.57,31.025,2.6945,4.4555,277419.0,120105.0
002869.SZ,20180621,24.13,5.5129,0.88,31.7891,2.7609,4.5652,284251.4,123063.0
002869.SZ,20180620,26.81,3.9813,0.56,35.3198,3.0675,5.0722,315821.8,136731.0
002869.SZ,20180619,26.63,4.7196,0.65,35.0826,3.047,5.0382,313701.4,135813.0
002869.SZ,20180615,29.59,8.3384,1.26,38.9822,3.3856,5.5982,348570.2,150909.0
002869.SZ,20180614,32.12,8.4682,1.37,42.3152,3.6751,6.0768,378373.6,163812.0
002869.SZ,20180613,31.3,5.86,0.89,41.2349,3.5813,5.9217,368714.0,159630.0
002869.SZ,20180612,32.04,8.3233,1.39,42.2098,3.666,6.0617,377431.2,163404.0
002869.SZ,20180611,31.5,5.2232,0.95,41.4984,3.6042,5.9595,371070.0,160650.0
002869.SZ,20180608,31.38,5.1939,0.98,41.3403,3.5904,5.9368,369656.4,160038.0
002869.SZ,20180607,31.5,6.2215,1.24,41.4984,3.6042,5.9595,371070.0,160650.0
002869.SZ,20180606,31.32,7.8451,1.53,41.2613,3.5836,5.9255,368949.6,159732.0
002869.SZ,20180605,30.42,5.5462,0.88,40.0756,3.4806,5.7552,358347.6,155142.0
002869.SZ,20180604,28.93,2.5757,0.35,38.1127,3.3101,5.4733,340795.4,147543.0
002869.SZ,20180601,28.91,4.2231,0.46,38.0863,3.3078,5.4695,340559.8,147441.0
002869.SZ,20180531,29.52,4.851,0.53,38.89,3.3776,5.5849,347745.6,150552.0
002869.SZ,20180530,29.07,8.4534,0.98,38.2971,3.3261,5.4998,342444.6,148257.0
002869.SZ,20180529,32.3,11.2749,1.45,42.5524,3.6957,6.1109,380494.0,164730.0
002869.SZ,20180528,31.29,7.9532,1.0,41.2218,3.5801,5.9198,368596.2,159579.0
002869.SZ,20180525,32.2,13.7328,2.11,42.4206,3.6843,6.092,379316.0,164220.0
002869.SZ,20180524,31.0,4.1615,0.65,40.8397,3.547,5.8649,365180.0,158100.0
002869.SZ,20180523,31.12,5.9623,1.01,40.9978,3.5607,5.8876,366593.6,158712.0
002869.SZ,20180522,32.23,7.0728,1.27,42.4601,3.6877,6.0976,379669.4,164373.0
002869.SZ,20180521,31.79,8.9347,2.08,41.8805,3.6374,6.0144,374486.2,162129.0
002869.SZ,20180518,30.97,6.4394,1.6,40.8002,3.5435,5.8593,364826.6,157947.0
002869.SZ,20180517,30.55,3.7813,0.78,40.2469,3.4955,5.7798,359879.0,155805.0
002869.SZ,20180516,29.94,3.2331,0.59,39.4433,3.4257,5.6644,352693.2,152694.0
002869.SZ,20180515,30.6,5.514,1.13,40.3128,3.5012,5.7893,360468.0,156060.0
002869.SZ,20180514,29.2,4.3522,0.54,38.4684,3.341,5.5244,343976.0,86198.4
002869.SZ,20180511,29.78,8.8513,1.26,39.2325,3.4074,5.6341,350808.4,87910.56
002869.SZ,20180510,30.99,13.4779,2.58,40.8265,3.5458,5.863,365062.2,91482.48
002869.SZ,20180509,29.67,10.8109,2.71,39.0876,3.3948,5.6133,349512.6,87585.84
002869.SZ,20180508,28.28,4.4985,1.09,37.2564,3.2357,5.3503,333138.4,83482.56
002869.SZ,20180507,28.05,2.9607,0.63,36.9534,3.2094,5.3068,330429.0,82803.6
002869.SZ,20180504,27.33,3.3526,0.52,36.0048,3.127,5.1706,321947.4,80678.16
002869.SZ,20180503,27.77,4.5394,0.67,36.5845,3.1774,5.2538,327130.6,81977.04
002869.SZ,20180502,27.27,4.5857,0.66,35.9258,3.1202,5.1592,321240.6,80501.04
002869.SZ,20180427,27.9,5.1973,0.73,36.7557,3.1923,5.2784,328662.0,82360.8
002869.SZ,20180426,29.02,5.7895,0.76,38.2312,3.3204,5.4903,341855.6,85667.04
002869.SZ,20180425,30.56,12.1942,1.58,40.2601,3.4966,5.7817,359996.8,90213.12
002869.SZ,20180424,29.8,6.356,0.72,28.8586,3.4327,5.2495,351044.0,87969.6
002869.SZ,20180423,28.85,5.0612,0.53,27.9386,3.3233,5.0821,339853.0,85165.2
002869.SZ,20180420,28.44,6.3194,0.56,27.5416,3.2761,5.0099,335023.2,83954.88
002869.SZ,20180419,29.16,8.2298,0.58,28.2388,3.359,5.1367,343504.8,86080.32
002869.SZ,20180418,30.2,12.5897,0.83,29.246,3.4788,5.3199,355756.0,89150.4
002869.SZ,20180417,31.85,12.2046,0.87,30.8438,3.6689,5.6106,375193.0,94021.2
002869.SZ,20180416,31.74,8.2111,0.59,30.7373,3.6562,5.5912,373897.2,93696.48
002869.SZ,20180413,32.08,15.267,1.22,31.0666,3.6954,5.6511,377902.4,94700.16
002869.SZ,20180412,32.9,22.4144,2.19,31.8607,3.7898,5.7956,387562.0,97120.8
002869.SZ,20180411,31.55,17.3922,1.58,30.5533,3.6343,5.5578,371659.0,93135.6
002869.SZ,20180410,30.0,6.5794,0.56,29.0523,3.4558,5.2847,353400.0,88560.0
002869.SZ,20180409,30.81,7.5665,0.62,29.8367,3.5491,5.4274,362941.8,90951.12
002869.SZ,20180404,30.41,8.4916,0.63,29.4493,3.503,5.3569,358229.8,89770.32
002869.SZ,20180403,31.52,11.0444,0.76,30.5243,3.6309,5.5525,371305.6,93047.04
002869.SZ,20180402,32.11,21.3303,1.72,31.0956,3.6988,5.6564,378255.8,94788.72
002869.SZ,20180330,30.62,10.2369,0.77,29.6527,3.5272,5.3939,360703.6,90390.24
002869.SZ,20180329,30.25,9.882,0.64,29.2944,3.4846,5.3288,356345.0,89298.0
002869.SZ,20180328,30.44,15.2271,1.01,29.4784,3.5064,5.3622,358583.2,89858.88
002869.SZ,20180327,30.42,16.0742,1.19,29.459,3.5041,5.3587,358347.6,89799.84
002869.SZ,20180326,28.83,10.5824,0.77,27.9192,3.321,5.0786,339617.4,85106.16
002869.SZ,20180323,28.21,14.7346,1.27,27.3188,3.2496,4.9694,332313.8,83275.92
002869.SZ,20180322,30.37,20.4852,2.26,29.4106,3.4984,5.3499,357758.6,89652.24
002869.SZ,20180321,29.92,13.7067,1.75,28.9748,3.4465,5.2706,352457.6,88323.84
002869.SZ,20180320,27.2,7.9303,0.97,26.3407,3.1332,4.7915,320416.0,80294.4
002869.SZ,20180319,27.42,11.9115,1.41,26.5538,3.1586,4.8302,323007.6,80943.84
002869.SZ,20180316,29.38,4.1832,0.39,28.4519,3.3843,5.1755,346096.4,86729.76
002869.SZ,20180315,29.39,7.5733,0.55,28.4615,3.3855,5.1773,346214.2,86759.28
002869.SZ,20180314,30.4,7.6726,0.53,29.4396,3.5018,5.3552,358112.0,89740.8
002869.SZ,20180313,31.66,9.5602,0.71,30.6598,3.647,5.5771,372954.8,93460.32
002869.SZ,20180312,32.22,13.1815,1.18,31.2021,3.7115,5.6758,379551.6,95113.44
002869.SZ,20180309,31.88,16.0681,1.9,30.8729,3.6723,5.6159,375546.4,94109.76
002869.SZ,20180308,32.21,22.6416,4.7,31.1925,3.7103,5.674,379433.8,95083.92
002869.SZ,20180307,31.06,11.3782,3.73,30.0788,3.5779,5.4714,365886.8,91689.12
002869.SZ,20180306,28.24,3.5868,1.18,27.3479,3.253,4.9747,332667.2,83364.48
002869.SZ,20180305,27.97,2.3133,0.65,27.0864,3.2219,4.9271,329486.6,82567.44
002869.SZ,20180302,27.71,2.4657,0.71,26.8346,3.192,4.8813,326423.8,81799.92
002869.SZ,20180301,28.04,4.3538,1.52,27.1542,3.23,4.9394,330311.2,82774.08
002869.SZ,20180228,27.12,2.5509,1.01,26.2633,3.124,4.7774,319473.6,80058.24
002869.SZ,20180227,27.49,3.5644,1.7,26.6216,3.1666,4.8426,323832.2,81150.48
002869.SZ,20180226,27.49,4.7656,3.07,26.6216,3.1666,4.8426,323832.2,81150.48
002869.SZ,20180223,26.61,2.0333,1.28,25.7694,3.1716,4.6875,313465.8,78552.72
002869.SZ,20180222,26.16,1.4092,0.79,25.3336,3.118,4.6083,308164.8,77224.32
002869.SZ,20180214,25.77,0.8449,0.4,24.9559,3.0715,4.5396,303570.6,76073.04
002869.SZ,20180213,25.9,1.4401,0.61,25.0818,3.087,4.5625,305102.0,76456.8
002869.SZ,20180212,26.09,2.0349,0.93,25.2658,3.1097,4.5959,307340.2,77017.68
002869.SZ,20180209,25.23,2.238,1.04,24.433,3.0071,4.4444,297209.4,74478.96
002869.SZ,20180208,26.16,2.3178,0.99,25.3336,3.118,4.6083,308164.8,77224.32
002869.SZ,20180207,25.5,2.4818,0.94,24.6944,3.0393,4.492,300390.0,75276.0
002869.SZ,20180206,25.04,2.7866,1.05,24.249,2.9845,4.411,294971.2,73918.08
002869.SZ,20180205,27.6,1.1389,0.35,26.7281,3.2896,4.8619,325128.0,81475.2
002869.SZ,20180202,27.87,1.9966,0.51,26.9896,3.3218,4.9095,328308.6,82272.24
002869.SZ,20180201,27.81,3.3426,0.65,26.9315,3.3147,4.8989,327601.8,82095.12
002869.SZ,20180131,28.91,3.998,0.73,27.9967,3.4458,5.0927,340559.8,85342.32
002869.SZ,20180130,29.9,2.7652,0.48,28.9554,3.5638,5.2671,352222.0,88264.8
002869.SZ,20180129,30.43,4.3849,0.73,29.4687,3.6269,5.3605,358465.4,89829.36
002869.SZ,20180126,31.58,5.1715,0.76,30.5824,3.764,5.563,372012.4,93224.16
002869.SZ,20180125,32.5,9.5078,1.41,31.4733,3.8737,5.7251,382850.0,95940.0
002869.SZ,20180124,32.02,5.3885,0.59,31.0085,3.8164,5.6406,377195.6,94523.04
002869.SZ,20180123,31.7,4.3357,0.44,30.6986,3.7783,5.5842,373426.0,93578.4
002869.SZ,20180122,31.57,5.834,0.63,30.5727,3.7628,5.5613,371894.6,93194.64
002869.SZ,20180119,32.27,9.1163,1.16,31.2506,3.8462,5.6846,380140.6,95261.04
002869.SZ,20180118,31.92,8.9663,1.36,30.9116,3.8045,5.6229,376017.6,94227.84
002869.SZ,20180117,32.4,17.5123,4.74,31.3765,3.8617,5.7075,381672.0,95644.8
002869.SZ,20180116,31.64,7.9575,2.61,30.6405,3.7712,5.5736,372719.2,93401.28
002869.SZ,20180115,28.76,2.8638,0.93,27.8514,3.4279,5.0663,338792.8,84899.52
002869.SZ,20180112,30.22,1.9129,0.62,29.2653,3.6019,5.3235,355991.6,89209.44
002869.SZ,20180111,30.58,2.8247,0.96,29.6139,3.6448,5.3869,360232.4,90272.16
002869.SZ,20180110,30.12,2.9289,1.01,29.1685,3.59,5.3059,354813.6,88914.24
002869.SZ,20180109,30.73,4.7059,1.86,29.7592,3.6627,5.4133,361999.4,90714.96
002869.SZ,20180108,31.65,3.0614,1.02,30.6501,3.7723,5.5754,372837.0,93430.8
002869.SZ,20180105,31.49,2.0014,0.65,30.4952,3.7533,5.5472,370952.2,92958.48
002869.SZ,20180104,31.41,1.9966,0.62,30.4177,3.7437,5.5331,370009.8,92722.32
002869.SZ,20180103,31.4,2.6752,0.82,30.408,3.7425,5.5313,369892.0,92692.8
002869.SZ,20180102,31.5,2.9178,0.87,30.5049,3.7545,5.5489,371070.0,92988.0
002869.SZ,20171229,31.72,5.3693,2.13,30.7179,3.7807,5.5877,373661.6,93637.44
002869.SZ,20171228,30.55,2.5224,1.09,29.5849,3.6412,5.3816,359879.0,90183.6
002869.SZ,20171227,30.45,2.509,1.21,29.4881,3.6293,5.364,358701.0,89888.4
002869.SZ,20171226,30.33,3.0767,1.68,29.3718,3.615,5.3428,357287.4,89534.16
002869.SZ,20171225,29.55,3.2861,2.35,28.6165,3.522,5.2054,348099.0,87231.6
002869.SZ,20171222,30.62,1.2313,0.82,29.6527,3.6496,5.3939,360703.6,90390.24
002869.SZ,20171221,30.62,1.4305,0.94,29.6527,3.6496,5.3939,360703.6,90390.24
002869.SZ,20171220,30.6,1.3747,0.87,29.6333,3.6472,5.3904,360468.0,90331.2
002869.SZ,20171219,31.04,1.8124,1.11,30.0594,3.6996,5.4679,365651.2,91630.08
002869.SZ,20171218,30.52,1.1382,0.64,29.5558,3.6377,5.3763,359525.6,90095.04
002869.SZ,20171215,30.68,1.7733,0.92,29.7108,3.6567,5.4045,361410.4,90567.36
002869.SZ,20171214,30.94,1.5365,0.78,29.9626,3.6877,5.4503,364473.2,91334.88
002869.SZ,20171213,31.02,1.6028,0.76,30.04,3.6973,5.4644,365415.6,91571.04
002869.SZ,20171212,30.36,2.1188,0.9,29.4009,3.6186,5.3481,357640.8,89622.72
002869.SZ,20171211,31.43,1.9211,0.74,30.4371,3.7461,5.5366,370245.4,92781.36
002869.SZ,20171208,31.02,2.49,0.89,30.04,3.6973,5.4644,365415.6,91571.04
002869.SZ,20171207,30.4,1.7157,0.45,29.4396,3.6234,5.3552,358112.0,89740.8
002869.SZ,20171206,30.52,2.35,0.62,29.5558,3.6377,5.3763,359525.6,90095.04
002869.SZ,20171205,29.95,3.3431,0.94,29.0039,3.5697,5.2759,352811.0,88412.4
002869.SZ,20171204,31.51,3.0812,0.93,30.5146,3.7557,5.5507,371187.8,93017.52
002869.SZ,20171201,32.93,3.5466,1.16,31.8897,3.9249,5.8009,387915.4,97209.36
002869.SZ,20171130,33.18,6.8461,2.85,32.1318,3.9547,5.8449,390860.4,97947.36
002869.SZ,20171129,31.84,2.276,0.87,30.8341,3.795,5.6088,375075.2,93991.68
002869.SZ,20171128,32.16,1.9704,0.67,31.144,3.8331,5.6652,378844.8,94936.32
002869.SZ,20171127,31.36,1.9979,0.59,30.3693,3.7378,5.5243,369420.8,92574.72
002869.SZ,20171124,31.59,2.1982,0.51,30.592,3.7652,5.5648,372130.2,93253.68
002869.SZ,20171123,31.55,3.5575,0.85,30.5533,3.7604,5.5578,371659.0,93135.6
002869.SZ,20171122,32.62,3.3128,0.79,31.5895,3.888,5.7462,384263.6,96294.24
002869.SZ,20171121,33.16,3.6825,0.82,32.1124,3.9523,5.8414,390624.8,97888.32
002869.SZ,20171120,33.82,4.0545,0.87,32.7516,4.031,5.9576,398399.6,99836.64
002869.SZ,20171117,34.36,6.92,1.52,33.2745,4.0953,6.0528,404760.8,101430.72
002869.SZ,20171116,36.99,2.935,0.62,35.8214,4.4088,6.5161,435742.2,109194.48
002869.SZ,20171115,37.75,3.2734,0.63,36.5574,4.4994,6.6499,444695.0,111438.0
002869.SZ,20171114,37.74,5.3327,1.1,36.5478,4.4982,6.6482,444577.2,111408.48
002869.SZ,20171113,38.95,4.7339,1.03,37.7195,4.6424,6.8613,458831.0,114980.4
002869.SZ,20171110,38.83,6.4909,1.55,37.6033,4.6281,6.8402,457417.4,114626.16
002869.SZ,20171109,38.47,3.7996,0.87,37.2547,4.5852,6.7768,453176.6,113563.44
002869.SZ,20171108,38.18,5.639,1.2,36.9739,4.5507,6.7257,449760.4,112707.36
002869.SZ,20171107,37.7,3.4832,0.74,36.509,4.4934,6.6411,444106.0,111290.4
002869.SZ,20171106,37.89,3.6572,0.69,36.693,4.5161,6.6746,446344.2,111851.28
002869.SZ,20171103,37.17,4.3219,0.75,35.9958,4.4303,6.5478,437862.6,109725.84
002869.SZ,20171102,38.19,4.8337,0.83,36.9835,4.5518,6.7274,449878.2,112736.88
002869.SZ,20171101,38.68,7.2308,1.34,37.4581,4.6102,6.8138,455650.4,114183.36
002869.SZ,20171031,37.4,3.4918,0.63,36.2185,4.4577,6.5883,440572.0,110404.8
002869.SZ,20171030,36.9,6.7439,1.28,35.7343,4.3981,6.5002,434682.0,108928.8
002869.SZ,20171027,38.6,6.5024,1.35,37.3806,4.6007,6.7997,454708.0,113947.2
002869.SZ,20171026,39.88,5.1683,1.08,38.6202,4.6426,7.0251,469786.4,117725.76
002869.SZ,20171025,40.23,5.0189,0.97,38.9591,4.6833,7.0868,473909.4,118758.96
002869.SZ,20171024,39.9,4.4973,0.85,38.6395,4.6491,7.0287,470022.0,117784.8
002869.SZ,20171023,40.49,5.1059,0.71,39.2109,4.7178,7.1326,476972.2,119526.48
002869.SZ,20171020,40.09,4.2392,0.53,38.8235,4.6712,7.0621,472260.2,118345.68
002869.SZ,20171019,39.56,5.0196,0.57,38.3103,4.6094,6.9688,466016.8,116781.12
002869.SZ,20171018,39.27,6.9029,0.68,38.0294,4.5757,6.9177,462600.6,115925.04
002869.SZ,20171017,40.1,5.3382,0.42,38.8332,4.6724,7.0639,472378.0,118375.2
002869.SZ,20171016,40.06,14.4404,1.0,38.7945,4.6677,7.0569,471906.8,118257.12
002869.SZ,20171013,43.1,7.9497,0.44,41.7384,5.0219,7.5924,507718.0,127231.2
002869.SZ,20171012,43.5,9.0424,0.37,42.1258,5.0685,7.6628,512430.0,128412.0
002869.SZ,20171011,43.15,14.2606,0.6,41.7868,5.0277,7.6012,508307.0,127378.8
002869.SZ,20171010,44.9,17.9263,0.77,43.4816,5.2316,7.9095,528922.0,132544.8
002869.SZ,20171009,44.5,22.8254,1.06,43.0942,5.185,7.839,524210.0,131364.0
002869.SZ,20170929,43.54,25.6589,1.19,42.1645,5.0732,7.6699,512901.2,128530.08
002869.SZ,20170928,43.86,39.9574,2.58,42.4744,5.1105,7.7263,516670.8,129474.72
002869.SZ,20170927,42.19,11.7633,0.83,40.8572,4.9159,7.4321,496998.2,124544.88
002869.SZ,20170926,38.35,16.5316,1.42,37.1385,4.4685,6.7556,451763.0,113209.2
002869.SZ,20170925,41.05,13.7574,1.41,39.7532,4.7831,7.2312,483569.0,121179.6
002869.SZ,20170922,42.3,25.73,4.55,40.9637,4.9287,7.4514,498294.0,124869.6
002869.SZ,20170921,39.4,9.6959,2.08,38.1553,4.5908,6.9406,464132.0,116308.8
002869.SZ,20170920,38.98,4.7295,1.01,37.7486,4.5419,6.8666,459184.4,115068.96
002869.SZ,20170919,38.54,4.4202,0.75,37.3225,4.4906,6.7891,454001.2,113770.08
002869.SZ,20170918,38.32,4.3482,0.59,37.1094,4.465,6.7503,451409.6,113120.64
002869.SZ,20170915,38.52,5.0687,0.63,37.3031,4.4883,6.7856,453765.6,113711.04
002869.SZ,20170914,39.2,4.7945,0.49,37.9616,4.5675,6.9054,461776.0,115718.4
002869.SZ,20170913,39.49,4.7041,0.45,38.2425,4.6013,6.9564,465192.2,116574.48
002869.SZ,20170912,39.31,10.6808,1.1,38.0682,4.5803,6.9247,463071.8,116043.12
002869.SZ,20170911,40.73,11.6638,1.23,39.4433,4.7458,7.1749,479799.4,120234.96
002869.SZ,20170908,39.0,8.188,0.83,37.768,4.5442,6.8701,459420.0,115128.0
002869.SZ,20170907,39.5,13.6188,1.32,38.2522,4.6025,6.9582,465310.0,116604.0
002869.SZ,20170906,38.72,8.5213,0.79,37.4968,4.5116,6.8208,456121.6,114301.44
002869.SZ,20170905,39.39,6.7038,0.5,38.1456,4.5896,6.9388,464014.2,116279.28
002869.SZ,20170904,39.39,10.271,0.68,38.1456,4.5896,6.9388,464014.2,116279.28
002869.SZ,20170901,39.96,10.1499,0.68,38.6976,4.6561,7.0392,470728.8,117961.92
002869.SZ,20170831,40.35,15.7727,1.08,39.0753,4.7015,7.1079,475323.0,119113.2
002869.SZ,20170830,38.85,11.3146,0.82,37.6227,4.5267,6.8437,457653.0,114685.2
002869.SZ,20170829,39.4,19.2432,1.66,38.1553,4.5908,6.9406,464132.0,116308.8
002869.SZ,20170828,39.59,18.746,1.98,38.3393,4.6129,6.9741,466370.2,116869.68
002869.SZ,20170825,37.42,9.8551,1.15,36.2379,4.3601,6.5918,440807.6,110463.84
002869.SZ,20170824,36.43,13.8461,1.89,35.2791,4.2447,6.4174,429145.4,107541.36
002869.SZ,20170823,38.19,7.3129,0.96,36.9835,4.511,6.7274,449878.2,112736.88
002869.SZ,20170822,38.04,8.185,1.18,36.8383,4.4933,6.701,448111.2,112294.08
002869.SZ,20170821,38.5,8.0784,1.31,37.2837,4.5476,6.782,453530.0,113652.0
002869.SZ,20170818,37.57,5.4828,0.93,36.3831,4.4378,6.6182,442574.6,110906.64
002869.SZ,20170817,37.7,7.6176,1.4,36.509,4.4531,6.6411,444106.0,111290.4
002869.SZ,20170816,37.59,8.6197,1.89,36.4025,4.4401,6.6217,442810.2,110965.68
002869.SZ,20170815,36.64,4.9465,1.07,35.4825,4.3279,6.4544,431619.2,108161.28
002869.SZ,20170814,36.07,4.0858,0.86,34.9305,4.2606,6.354,424904.6,106478.64
002869.SZ,20170811,35.45,4.1204,0.82,34.3301,4.1874,6.2448,417601.0,104648.4
002869.SZ,20170810,36.01,5.4477,1.0,34.8724,4.2535,6.3434,424197.8,106301.52
002869.SZ,20170809,36.75,4.2625,0.71,35.589,4.3409,6.4738,432915.0,108486.0
002869.SZ,20170808,37.3,5.2599,0.85,36.1217,4.4059,6.5707,439394.0,110109.6
002869.SZ,20170807,37.88,4.743,0.77,36.6833,4.4744,6.6728,446226.4,111821.76
002869.SZ,20170804,37.5,5.3302,0.83,36.3153,4.4295,6.6059,441750.0,110700.0
002869.SZ,20170803,38.14,7.5306,1.07,36.9351,4.5051,6.7186,449289.2,112589.28
002869.SZ,20170802,37.76,7.2075,1.03,36.5671,4.4602,6.6517,444812.8,111467.52
002869.SZ,20170801,37.79,6.1504,0.93,36.5962,4.4638,6.657,445166.2,111556.08
002869.SZ,20170731,37.22,4.4349,0.6,36.0442,4.3964,6.5566,438451.6,109873.44
002869.SZ,20170728,37.19,6.645,0.93,36.0151,4.3929,6.5513,438098.2,109784.88
002869.SZ,20170727,38.02,10.8787,1.67,36.8189,4.4909,6.6975,447875.6,112235.04
002869.SZ,20170726,36.45,6.7198,0.99,35.2985,4.3055,6.4209,429381.0,107600.4
002869.SZ,20170725,37.3,4.4964,0.58,36.1217,4.4059,6.5707,439394.0,110109.6
002869.SZ,20170724,37.78,8.5007,0.97,36.5865,4.4626,6.6552,445048.4,111526.56
002869.SZ,20170721,37.65,5.1657,0.57,36.4606,4.4472,6.6323,443517.0,111142.8
002869.SZ,20170720,37.65,7.6614,0.85,36.4606,4.4472,6.6323,443517.0,111142.8
002869.SZ,20170719,38.19,8.0552,0.83,36.9835,4.511,6.7274,449878.2,112736.88
002869.SZ,20170718,38.27,9.562,0.96,37.061,4.5205,6.7415,450820.6,112973.04
002869.SZ,20170717,38.52,13.2069,1.23,37.3031,4.55,6.7856,453765.6,113711.04
002869.SZ,20170714,42.8,6.8914,0.51,41.4479,5.0556,7.5395,504184.0,126345.6
002869.SZ,20170713,43.15,7.4768,0.41,41.7868,5.0969,7.6012,508307.0,127378.8
002869.SZ,20170712,44.28,11.6438,0.55,42.8812,5.2304,7.8002,521618.4,130714.56
002869.SZ,20170711,43.64,10.7852,0.53,42.2614,5.1548,7.6875,514079.2,128825.28
002869.SZ,20170710,44.44,16.869,0.92,43.0361,5.2493,7.8284,523503.2,131186.88
002869.SZ,20170707,47.0,21.2967,1.34,45.5152,5.5517,8.2794,553660.0,138744.0
002869.SZ,20170706,47.47,30.6283,2.78,45.9704,5.6072,8.3622,559196.6,140131.44
002869.SZ,20170705,45.87,26.1091,3.17,44.4209,5.4182,8.0803,540348.6,135408.24
002869.SZ,20170704,43.18,7.1753,0.77,41.8159,5.1004,7.6065,508660.4,127467.36
002869.SZ,20170703,43.6,6.896,0.63,42.2226,5.1501,7.6804,513608.0,128707.2
002869.SZ,20170630,43.5,8.9395,0.62,42.1258,5.1382,7.6628,512430.0,128412.0
002869.SZ,20170629,42.99,5.917,0.38,41.6319,5.078,7.573,506422.2,126906.48
002869.SZ,20170628,42.95,12.2524,0.85,41.5932,5.0733,7.5659,505951.0,126788.4
002869.SZ,20170627,44.64,12.6684,0.89,43.2298,5.2729,7.8637,525859.2,131777.28
002869.SZ,20170626,45.15,15.2002,1.13,43.7237,5.3331,7.9535,531867.0,133282.8
002869.SZ,20170623,45.38,25.8032,2.57,43.9464,5.3603,7.994,534576.4,133961.76
002869.SZ,20170622,43.57,11.1121,1.09,42.1936,5.1465,7.6752,513254.6,128618.64
002869.SZ,20170621,43.27,7.2395,0.69,41.9031,5.1111,7.6223,509720.6,127733.04
002869.SZ,20170620,43.54,11.4325,1.1,42.1645,5.143,7.6699,512901.2,128530.08
002869.SZ,20170619,44.25,11.8553,1.04,42.8521,5.2268,7.795,521265.0,130626.0
002869.SZ,20170616,43.66,8.6362,0.72,42.2807,5.1571,7.691,514314.8,128884.32
002869.SZ,20170615,44.09,11.6586,0.8,42.6972,5.2079,7.7668,519380.2,130153.68
002869.SZ,20170614,42.83,9.1161,0.51,41.477,5.0591,7.5448,504537.4,126434.16
002869.SZ,20170613,43.39,10.4785,0.5,42.0193,5.1252,7.6435,511134.2,128087.28
002869.SZ,20170612,42.7,17.1304,0.71,41.3511,5.0437,7.5219,503006.0,126050.4
002869.SZ,20170609,46.28,11.6388,0.4,44.818,5.4666,8.1526,545178.4,136618.56
002869.SZ,20170608,45.8,24.3307,0.75,44.3531,5.4099,8.068,539524.0,135201.6
002869.SZ,20170607,48.28,25.1972,0.67,46.7548,5.7029,8.5049,568738.4,142522.56
002869.SZ,20170606,46.67,25.4966,0.62,45.1956,5.5127,8.2213,549772.6,137769.84
002869.SZ,20170605,48.49,33.1704,0.77,46.9582,5.7277,8.5419,571212.2,143142.48
002869.SZ,20170602,50.28,37.272,0.81,48.6916,5.9391,8.8572,592298.4,148426.56
002869.SZ,20170601,52.76,41.8251,0.89,51.0933,6.232,9.294,621512.8,155747.52
002869.SZ,20170531,51.9,50.6784,1.25,50.2604,6.1305,9.1426,611382.0,153208.8
002869.SZ,20170526,50.0,42.147,1.32,48.4205,5.906,8.8079,589000.0,147600.0
002869.SZ,20170525,48.77,42.6128,1.82,47.2293,5.7607,8.5912,574510.6,143969.04
002869.SZ,20170524,52.02,51.942,3.97,50.3766,6.1446,9.1637,612795.6,153563.04
002869.SZ,20170523,47.29,46.8897,12.67,45.7961,5.5859,8.3305,557076.2,139600.08
002869.SZ,20170522,50.56,18.3503,489.82,48.9628,5.9722,8.9065,595596.8,149253.12
002869.SZ,20170519,45.96,0.1023,,44.5081,5.4288,8.0962,541408.8,135673.92
002869.SZ,20170518,41.78,0.023,,40.4601,4.9351,7.3598,492168.4,123334.56
002869.SZ,20170517,37.98,0.0154,,36.7802,4.4862,6.6904,447404.4,112116.96
002869.SZ,20170516,34.53,0.0074,,33.4392,4.0787,6.0827,406763.4,101932.56
002869.SZ,20170515,31.39,0.0393,,30.3984,3.7078,5.5296,369774.2,92663.28
