ts_code,trade_date,close,turnover_rate,volume_ratio,pe,pb,ps,total_mv,circ_mv
300590.SZ,20260615,14.78,4.5276,0.93,91.6311,3.6972,7.6668,683185.6032,528849.9685
300590.SZ,20260612,14.24,4.1211,0.83,88.2833,3.5621,7.3866,658224.8301,509527.9804
300590.SZ,20260611,14.36,3.7989,0.71,89.0272,3.5921,7.4489,663771.6686,513821.7555
300590.SZ,20260610,14.51,4.862,0.86,89.9572,3.6296,7.5267,670705.2166,519188.9744
300590.SZ,20260609,15.1,6.336,1.23,93.615,3.7772,7.8327,697977.1724,540300.0354
300590.SZ,20260608,14.49,5.2034,0.99,89.8332,3.6246,7.5163,669780.7436,518473.3453
300590.SZ,20260605,14.48,4.5691,0.8,89.7712,3.6221,7.5111,669318.507,518115.5307
300590.SZ,20260604,14.35,5.7874,0.97,88.9652,3.5896,7.4437,663309.432,513463.941
300590.SZ,20260603,14.08,6.4594,1.07,87.2913,3.5221,7.3036,650829.0455,503802.9469
300590.SZ,20260602,14.65,3.8376,0.54,90.8251,3.6646,7.5993,677176.5282,524198.3787
300590.SZ,20260601,14.83,5.7112,0.73,91.9411,3.7097,7.6927,685496.7859,530639.0414
300590.SZ,20260529,14.58,6.6189,0.84,90.3911,3.6471,7.563,673940.8724,521693.6766
300590.SZ,20260528,15.34,7.3558,0.87,95.1029,3.8372,7.9572,709070.8493,548887.5857
300590.SZ,20260527,15.26,6.7743,0.84,94.6069,3.8172,7.9157,705372.957,546025.0689
300590.SZ,20260526,15.26,9.1306,1.24,94.6069,3.8172,7.9157,705372.957,546025.0689
300590.SZ,20260525,16.1,9.0054,1.36,99.8146,4.0274,8.3515,744200.8262,576081.4947
300590.SZ,20260522,15.25,7.3141,1.15,94.5449,3.7036,7.9106,704910.7205,545667.2543
300590.SZ,20260521,15.11,9.9238,1.75,93.677,3.6696,7.8379,698439.4089,540657.85
300590.SZ,20260520,15.18,4.8633,0.78,94.1109,3.6866,7.8742,701675.0647,543162.5522
300590.SZ,20260519,15.23,5.6114,0.8,94.4209,3.6987,7.9002,703986.2474,544951.6251
300590.SZ,20260518,15.0,5.4814,0.72,92.995,3.6428,7.7809,693354.807,536721.8895
300590.SZ,20260515,14.92,5.7833,0.72,92.499,3.6234,7.7394,689656.9147,533859.3728
300590.SZ,20260514,15.03,6.6129,0.71,93.181,3.6501,7.7964,694741.5166,537795.3333
300590.SZ,20260513,15.3,7.7339,0.73,94.8549,3.7157,7.9365,707221.9031,547456.3273
300590.SZ,20260512,15.22,9.6131,0.88,94.3589,3.6963,7.895,703524.0108,544593.8105
300590.SZ,20260511,15.38,8.2757,0.69,95.3509,3.7351,7.978,710919.7954,550318.844
300590.SZ,20260508,15.29,8.0952,0.6,94.7929,3.7133,7.9313,706759.6666,547098.5127
300590.SZ,20260507,15.49,12.7637,0.89,95.551,3.7725,7.9947,712412.2664,554254.8046
300590.SZ,20260506,15.2,14.3867,0.85,93.7622,3.7019,7.8451,699074.6578,538671.5278
300590.SZ,20260430,14.67,11.0349,0.62,90.4928,3.5728,7.5715,674699.0282,519888.9021
300590.SZ,20260429,15.06,14.2423,0.93,92.8986,3.6678,7.7728,692635.8122,533710.0795
300590.SZ,20260428,14.73,15.0345,1.2,90.8629,3.5874,7.6025,677458.5335,522015.2371
300590.SZ,20260427,14.57,18.0578,1.98,89.876,3.5484,7.5199,670099.8529,516345.0105
300590.SZ,20260424,14.05,26.5773,6.57,86.6683,3.4218,7.2515,646184.1409,497916.774
300590.SZ,20260423,14.56,15.2382,12.83,89.8143,3.546,7.5147,669639.9353,515990.6213
300590.SZ,20260422,12.13,1.8049,1.66,35.1731,3.0367,5.7699,557879.9736,429841.6191
300590.SZ,20260421,11.89,1.0293,0.95,34.4771,2.9767,5.6557,546841.9527,421336.9209
300590.SZ,20260420,11.99,1.0321,0.99,34.7671,3.0017,5.7033,551441.1281,424880.5452
300590.SZ,20260417,11.93,1.108,1.07,34.5931,2.9867,5.6748,548681.6228,422754.3706
300590.SZ,20260416,11.88,0.9625,0.9,34.4481,2.9742,5.651,546382.0351,420982.5585
300590.SZ,20260415,11.68,1.2912,1.23,33.8682,2.9241,5.5558,537183.6844,413895.3101
300590.SZ,20260414,11.71,1.0059,0.98,33.9552,2.9316,5.5701,538563.437,414958.3973
300590.SZ,20260413,11.7,0.8582,0.8,33.9262,2.9291,5.5654,538103.5195,414604.0349
300590.SZ,20260410,11.74,1.0371,1.0,34.0422,2.9391,5.5844,539943.1896,416021.4846
300590.SZ,20260409,11.64,1.1709,1.05,33.7522,2.9141,5.5368,535344.0142,412477.8604
300590.SZ,20260408,11.72,1.1747,1.0,33.9842,2.9341,5.5749,539023.3545,415312.7598
300590.SZ,20260407,11.26,0.9017,0.72,32.6503,2.8189,5.3561,517867.1478,399012.0883
300590.SZ,20260403,11.11,1.0917,0.86,32.2154,2.7814,5.2847,510968.3847,393696.652
300590.SZ,20260402,11.27,0.8233,0.6,32.6793,2.8214,5.3608,518327.0653,399366.4507
300590.SZ,20260401,11.44,1.5877,1.17,33.1723,2.864,5.4417,526145.6635,405390.6119
300590.SZ,20260331,11.42,1.4768,1.06,33.1143,2.859,5.4322,525225.8284,404681.8871
300590.SZ,20260330,11.4,1.2954,0.8,33.0563,2.854,5.4227,524305.9933,403973.1622
300590.SZ,20260327,11.23,1.1466,0.66,32.5633,2.8114,5.3418,516487.3952,397949.001
300590.SZ,20260326,11.12,1.3459,0.79,32.2444,2.7839,5.2895,511428.3023,394051.0144
300590.SZ,20260325,11.33,1.5287,0.96,32.8533,2.8365,5.3894,521086.5706,401492.6253
300590.SZ,20260324,11.01,1.62,1.04,31.9254,2.7563,5.2371,506369.2093,390153.0277
300590.SZ,20260323,10.57,2.4565,1.9,30.6496,2.6462,5.0279,486132.8377,374561.0811
300590.SZ,20260320,11.36,1.6878,1.36,32.9403,2.844,5.4036,522466.3232,402555.7125
300590.SZ,20260319,11.75,1.2323,0.89,34.0712,2.9416,5.5891,540403.1072,416375.847
300590.SZ,20260318,11.98,0.9549,0.59,34.7381,2.9992,5.6985,550981.2105,424526.1828
300590.SZ,20260317,11.81,1.4426,0.9,34.2452,2.9566,5.6177,543162.6124,418502.0216
300590.SZ,20260316,12.05,1.1353,0.65,34.9411,3.0167,5.7318,554200.6333,427006.7197
300590.SZ,20260313,11.95,1.4482,0.84,34.6511,2.9917,5.6843,549601.4579,423463.0955
300590.SZ,20260312,12.13,1.9592,1.14,35.1731,3.0367,5.7699,557879.9736,429841.6191
300590.SZ,20260311,12.31,2.0393,1.2,35.695,3.1046,5.8555,566158.4893,436220.1427
300590.SZ,20260310,12.33,1.4247,0.7,35.753,3.1097,5.865,567078.3244,436928.8676
300590.SZ,20260309,12.12,1.8591,0.8,35.1441,3.0567,5.7651,557420.0561,429487.2567
300590.SZ,20260306,12.13,1.3883,0.53,35.1731,3.0593,5.7699,557879.9736,429841.6191
300590.SZ,20260305,12.07,1.8653,0.7,34.9991,3.0441,5.7414,555120.4684,427715.4446
300590.SZ,20260304,11.76,1.9466,0.73,34.1002,2.9659,5.5939,540863.0247,416730.2094
300590.SZ,20260303,11.76,3.1718,1.35,34.1002,2.9659,5.5939,540863.0247,416730.2094
300590.SZ,20260302,12.47,3.2069,1.53,36.1589,3.145,5.9316,573517.1699,441889.9415
300590.SZ,20260227,13.0,2.8814,1.63,37.6958,3.2787,6.1837,597892.7994,460671.1499
300590.SZ,20260226,12.87,2.184,1.37,37.3188,3.2459,6.1219,591913.8714,456064.4384
300590.SZ,20260225,12.74,1.8039,1.19,36.9419,3.2131,6.0601,585934.9434,451457.7269
300590.SZ,20260224,12.76,1.6293,1.02,36.9998,3.2181,6.0696,586854.7785,452166.4517
300590.SZ,20260213,12.78,1.9732,1.34,37.0578,3.2232,6.0791,587774.6136,452875.1766
300590.SZ,20260212,12.77,1.2479,0.84,37.0288,3.2207,6.0743,587314.696,452520.8142
300590.SZ,20260211,12.68,1.2884,0.79,36.7679,3.198,6.0315,583175.4382,449331.5524
300590.SZ,20260210,12.71,1.4319,0.82,36.8549,3.2055,6.0458,584555.1908,450394.6396
300590.SZ,20260209,12.74,2.0071,1.08,36.9419,3.2131,6.0601,585934.9434,451457.7269
300590.SZ,20260206,12.34,1.3928,0.68,35.782,3.1122,5.8698,567538.2419,437283.23
300590.SZ,20260205,12.38,1.3491,0.58,35.898,3.1223,5.8888,569377.912,438700.6797
300590.SZ,20260204,12.53,2.0217,0.84,36.3329,3.1601,5.9602,576276.6751,444016.116
300590.SZ,20260203,12.54,1.9493,0.73,36.3619,3.1627,5.9649,576736.5927,444370.4784
300590.SZ,20260202,12.21,2.5772,0.91,35.405,3.0794,5.808,561559.3139,432676.5185
300590.SZ,20260130,12.59,2.3265,0.77,36.5069,3.1753,5.9887,579036.1803,446142.2906
300590.SZ,20260129,12.61,2.7617,0.95,36.5649,3.1803,5.9982,579956.0154,446851.0154
300590.SZ,20260128,12.73,2.4133,0.82,36.9129,3.2106,6.0553,585475.0259,451103.3645
300590.SZ,20260127,12.9,3.2353,1.06,37.4058,3.2534,6.1362,593293.624,457127.5257
300590.SZ,20260126,12.79,3.4799,1.14,37.0868,3.2257,6.0838,588234.5311,453229.539
300590.SZ,20260123,13.12,3.2307,0.91,38.0437,3.3089,6.2408,603411.8099,464923.499
300590.SZ,20260122,12.87,2.2503,0.5,37.3188,3.2459,6.1219,591913.8714,456064.4384
300590.SZ,20260121,12.76,2.4445,0.37,36.9998,3.2181,6.0696,586854.7785,452166.4517
300590.SZ,20260120,12.68,3.8095,0.53,36.7679,3.198,6.0315,583175.4382,449331.5524
300590.SZ,20260119,12.94,3.4926,0.42,37.5218,3.2635,6.1552,595133.2942,458544.9754
300590.SZ,20260116,13.13,5.7099,0.74,38.0727,3.3115,6.2456,603871.7274,465277.8614
300590.SZ,20260115,13.45,6.9776,1.01,39.0006,3.3922,6.3978,618589.0886,476617.4589
300590.SZ,20260114,13.98,12.8814,2.62,40.5375,3.5258,6.6499,642964.7181,495398.6674
300590.SZ,20260113,13.24,6.8415,1.58,38.3917,3.3392,6.2979,608930.8203,469175.8481
300590.SZ,20260112,13.8,8.8133,2.69,40.0155,3.4804,6.5643,634686.2024,489020.1437
300590.SZ,20260109,13.03,3.2504,1.06,37.7828,3.2862,6.198,599272.552,461734.2372
300590.SZ,20260108,12.91,2.7281,0.92,37.4348,3.256,6.1409,593753.5416,457481.8881
300590.SZ,20260107,12.85,2.9187,1.09,37.2608,3.2408,6.1124,590994.0363,455355.7136
300590.SZ,20260106,13.0,3.892,1.71,37.6958,3.2787,6.1837,597892.7994,460671.1499
300590.SZ,20260105,12.89,3.6154,1.84,37.3768,3.2509,6.1314,592833.7065,456773.1632
300590.SZ,20251231,12.68,2.2501,1.11,36.7679,3.198,6.0315,583175.4382,449331.5524
300590.SZ,20251230,12.55,2.1148,1.03,36.3909,3.1652,5.9697,577196.5102,444724.8409
300590.SZ,20251229,12.51,1.51,0.7,36.2749,3.1551,5.9507,575356.84,443307.3912
300590.SZ,20251226,12.61,1.8616,0.82,36.5649,3.1803,5.9982,579956.0154,446851.0154
300590.SZ,20251225,12.64,2.1091,0.83,36.6519,3.1879,6.0125,581335.768,447914.1027
300590.SZ,20251224,12.56,2.5063,0.99,36.4199,3.1677,5.9744,577656.4277,445079.2033
300590.SZ,20251223,12.32,2.3034,0.89,35.724,3.1072,5.8603,566618.4068,436574.5051
300590.SZ,20251222,12.51,2.0447,0.82,36.2749,3.1551,5.9507,575356.84,443307.3912
300590.SZ,20251219,12.51,2.3771,0.98,36.2749,3.1551,5.9507,575356.84,443307.3912
300590.SZ,20251218,12.39,3.4345,1.63,35.927,3.1248,5.8936,569837.8296,439055.0421
300590.SZ,20251217,12.11,2.5222,1.32,35.1151,3.0542,5.7604,556960.1385,429132.8943
300590.SZ,20251216,12.21,2.5738,1.43,35.405,3.0794,5.808,561559.3139,432676.5185
300590.SZ,20251215,12.06,1.5257,0.76,34.9701,3.0416,5.7366,554660.5508,427361.0821
300590.SZ,20251212,12.1,2.069,1.03,35.0861,3.0517,5.7556,556500.221,428778.5318
300590.SZ,20251211,12.25,1.8657,0.93,35.521,3.0895,5.827,563398.9841,434093.9682
300590.SZ,20251210,12.43,1.5403,0.7,36.043,3.1349,5.9126,571677.4997,440472.4918
300590.SZ,20251209,12.46,1.9703,0.86,36.1299,3.1425,5.9269,573057.2523,441535.5791
300590.SZ,20251208,12.63,2.6504,1.01,36.6229,3.1854,6.0077,580875.8505,447559.7402
300590.SZ,20251205,12.56,1.9975,0.77,36.4199,3.1677,5.9744,577656.4277,445079.2033
300590.SZ,20251204,12.33,1.8789,0.74,35.753,3.1097,5.865,567078.3244,436928.8676
300590.SZ,20251203,12.44,2.5781,1.08,36.072,3.1374,5.9174,572137.4173,440826.8542
300590.SZ,20251202,12.66,2.3678,0.97,36.7099,3.1929,6.022,582255.6031,448622.8275
300590.SZ,20251201,12.73,4.2785,2.16,36.9129,3.2106,6.0553,585475.0259,451103.3645
300590.SZ,20251128,12.37,1.8731,0.91,35.869,3.1198,5.8841,568917.9945,438346.3173
300590.SZ,20251127,12.23,1.5535,0.76,35.463,3.0845,5.8175,562479.149,433385.2433
300590.SZ,20251126,12.21,1.8498,0.9,35.405,3.0794,5.808,561559.3139,432676.5185
300590.SZ,20251125,12.36,2.6239,1.41,35.84,3.1173,5.8793,568458.077,437991.9548
300590.SZ,20251124,12.1,1.9953,1.11,35.0861,3.0517,5.7556,556500.221,428778.5318
300590.SZ,20251121,11.7,2.2228,1.31,33.9262,2.9508,5.5654,538103.5195,414604.0349
300590.SZ,20251120,12.1,1.4705,0.88,35.0861,3.0517,5.7556,556500.221,428778.5318
300590.SZ,20251119,11.96,1.9645,1.22,34.6801,3.0164,5.689,550061.3754,423817.4579
300590.SZ,20251118,12.28,1.6226,1.04,35.608,3.0971,5.8413,564778.7367,435157.0554
300590.SZ,20251117,12.3,1.7118,1.11,35.666,3.1021,5.8508,565698.5717,435865.7803
300590.SZ,20251114,12.15,1.7038,1.11,35.231,3.0643,5.7794,558799.8087,430550.3439
300590.SZ,20251113,12.19,1.34,0.86,35.347,3.0744,5.7984,560639.4788,431967.7936
300590.SZ,20251112,12.21,1.7022,1.1,35.405,3.0794,5.808,561559.3139,432676.5185
300590.SZ,20251111,12.2,1.3335,0.83,35.376,3.0769,5.8032,561099.3964,432322.1561
300590.SZ,20251110,12.24,1.6551,1.01,35.492,3.087,5.8222,562939.0665,433739.6058
300590.SZ,20251107,12.14,1.6613,0.97,35.2021,3.0618,5.7747,558339.8911,430195.9815
300590.SZ,20251106,12.1,1.4664,0.71,35.0861,3.0517,5.7556,556500.221,428778.5318
300590.SZ,20251105,12.06,1.6375,0.75,34.9701,3.0416,5.7366,554660.5508,427361.0821
300590.SZ,20251104,11.97,1.659,0.8,34.7091,3.0189,5.6938,550521.293,424171.8203
300590.SZ,20251103,12.14,1.7887,0.86,35.2021,3.0618,5.7747,558339.8911,430195.9815
300590.SZ,20251031,12.12,1.9883,0.89,35.1441,3.0567,5.7651,557420.0561,429487.2567
300590.SZ,20251030,11.99,3.3126,1.81,34.7671,3.0239,5.7033,551441.1281,424880.5452
300590.SZ,20251029,11.97,2.1422,1.31,34.7091,3.0189,5.6938,550521.293,424171.8203
300590.SZ,20251028,11.92,1.1384,0.65,34.5641,3.0575,5.67,548221.7053,422400.0082
300590.SZ,20251027,11.93,1.8116,1.1,34.5931,3.06,5.6748,548681.6228,422754.3706
300590.SZ,20251024,11.94,2.7039,1.78,34.6221,3.0626,5.6795,549141.5404,423108.7331
300590.SZ,20251023,11.63,1.3307,0.81,33.7232,2.9831,5.5321,534884.0967,412123.4979
300590.SZ,20251022,11.56,1.2118,0.71,33.5202,2.9651,5.4988,531664.6739,409642.961
300590.SZ,20251021,11.56,1.7306,0.95,33.5202,2.9651,5.4988,531664.6739,409642.961
300590.SZ,20251020,11.43,1.2847,0.63,33.1433,2.9318,5.4369,525685.7459,405036.2495
300590.SZ,20251017,11.27,2.0499,1.01,32.6793,2.8907,5.3608,518327.0653,399366.4507
300590.SZ,20251016,11.63,1.8971,0.89,33.7232,2.9831,5.5321,534884.0967,412123.4979
300590.SZ,20251015,11.86,1.5671,0.71,34.3901,3.0421,5.6415,545462.2001,420273.8337
300590.SZ,20251014,11.67,2.3444,1.1,33.8392,2.9933,5.5511,536723.7668,413540.9476
300590.SZ,20251013,11.92,2.2936,1.09,34.5641,3.0575,5.67,548221.7053,422400.0082
300590.SZ,20251010,12.16,2.0328,0.94,35.26,3.119,5.7842,559259.7262,430904.7064
300590.SZ,20251009,12.37,2.4682,1.15,35.869,3.1729,5.8841,568917.9945,438346.3173
300590.SZ,20250930,12.11,1.8599,0.73,35.1151,3.1062,5.7604,556960.1385,429132.8943
300590.SZ,20250929,12.19,2.0469,0.78,35.347,3.1267,5.7984,560639.4788,431967.7936
300590.SZ,20250926,11.97,2.08,0.68,34.7091,3.0703,5.6938,550521.293,424171.8203
300590.SZ,20250925,12.24,2.3103,0.65,35.492,3.1395,5.8222,562939.0665,433739.6058
300590.SZ,20250924,12.19,2.4554,0.68,35.347,3.1267,5.7984,560639.4788,431967.7936
300590.SZ,20250923,12.05,3.7625,1.1,34.9411,3.0908,5.7318,554200.6333,427006.7197
300590.SZ,20250922,12.34,2.4905,0.72,35.782,3.1652,5.8698,567538.2419,437283.23
300590.SZ,20250919,12.36,4.1814,1.28,35.84,3.1703,5.8793,568458.077,437991.9548
300590.SZ,20250918,12.61,4.8957,1.57,36.5649,3.2344,5.9982,579956.0154,446851.0154
300590.SZ,20250917,12.99,2.8054,0.88,37.6668,3.3319,6.179,597432.8819,460316.7875
300590.SZ,20250916,13.09,2.6555,0.83,37.9567,3.3576,6.2265,602032.0572,463860.4117
300590.SZ,20250915,12.99,2.724,0.8,37.6668,3.3319,6.179,597432.8819,460316.7875
300590.SZ,20250912,13.21,3.2006,0.9,38.3022,3.389,6.2832,607511.6676,468073.3606
300590.SZ,20250911,13.3,4.2237,1.16,38.5632,3.4121,6.326,611650.657,471262.354
300590.SZ,20250910,13.1,3.1275,0.78,37.9833,3.3608,6.2309,602452.9027,464175.7021
300590.SZ,20250909,12.87,2.6621,0.53,37.3164,3.3018,6.1215,591875.4853,456026.0523
300590.SZ,20250908,13.27,3.8446,0.62,38.4762,3.4044,6.3118,610270.9938,470199.3562
300590.SZ,20250905,13.17,3.8259,0.47,38.1862,3.3787,6.2642,605672.1167,466656.0302
300590.SZ,20250904,12.93,4.7539,0.51,37.4904,3.3171,6.15,594634.8116,458152.0479
300590.SZ,20250903,13.21,4.9909,0.48,38.3022,3.389,6.2832,607511.6676,468073.3606
300590.SZ,20250902,13.77,7.9328,0.81,39.9259,3.5326,6.5496,633265.3794,487915.9861
300590.SZ,20250901,14.51,9.3609,1.04,42.0716,3.7225,6.9016,667297.0701,514136.5982
300590.SZ,20250829,14.78,13.7863,1.98,42.8544,3.7918,7.03,679714.0383,523703.5784
300590.SZ,20250828,14.25,10.7328,1.91,41.3177,3.6558,6.7779,655339.9896,504923.9507
300590.SZ,20250827,13.93,10.6184,2.42,40.3898,3.5737,6.6257,640623.5828,493585.3076
300590.SZ,20250826,13.87,4.3544,1.0,40.2159,3.5583,6.5971,637864.2565,491459.312
300590.SZ,20250825,13.81,5.6485,1.37,40.0419,3.5429,6.5686,635104.9303,489333.3165
300590.SZ,20250822,13.68,3.5281,0.89,39.665,3.5096,6.5068,629126.39,484726.9927
300590.SZ,20250821,13.58,3.9653,0.98,39.375,3.4839,6.4592,624527.5129,481183.6667
300590.SZ,20250820,13.79,4.4816,1.14,39.9839,3.5378,6.5591,634185.1548,488624.6513
300590.SZ,20250819,13.59,4.0539,0.98,39.404,3.4865,6.464,624987.4006,481537.9993
300590.SZ,20250818,13.45,4.6574,1.13,38.9981,3.4505,6.3974,618548.9726,476577.343
300590.SZ,20250815,13.12,2.62,0.63,38.0413,3.3659,6.2404,603372.6781,464884.3673
300590.SZ,20250814,12.98,4.4948,1.17,37.6353,3.33,6.1738,596934.2502,459923.7109
300590.SZ,20250813,13.38,3.8617,0.98,38.7951,3.4326,6.3641,615329.7587,474097.0148
300590.SZ,20250812,13.27,5.1132,1.3,38.4762,3.4044,6.3118,610270.9938,470199.3562
300590.SZ,20250811,13.62,4.5105,1.33,39.491,3.4942,6.4782,626367.0637,482600.9971
300590.SZ,20250808,13.28,2.7352,0.83,38.5052,3.4069,6.3165,610730.8815,470553.6888
300590.SZ,20250807,13.38,3.0549,0.91,38.7951,3.4326,6.3641,615329.7587,474097.0148
300590.SZ,20250806,13.47,4.3698,1.48,39.0561,3.4557,6.4069,619468.7481,477286.0082
300590.SZ,20250805,13.36,5.0662,2.04,38.7371,3.4275,6.3546,614409.9832,473388.3496
300590.SZ,20250804,12.96,1.7172,0.66,37.5773,3.3248,6.1643,596014.4748,459215.0457
300590.SZ,20250801,12.87,2.2638,0.86,37.3164,3.3018,6.1215,591875.4853,456026.0523
300590.SZ,20250731,12.79,3.4214,1.44,37.0844,3.2812,6.0834,588196.3836,453191.3916
300590.SZ,20250730,12.94,2.2803,0.97,37.5188,3.3596,6.1547,595085.6413,458496.0337
300590.SZ,20250729,13.17,2.7077,1.1,38.1857,3.4193,6.2641,605662.8977,466645.4995
300590.SZ,20250728,13.09,2.2396,0.8,37.9537,3.3986,6.226,601983.852,463810.9027
300590.SZ,20250725,13.09,2.5269,0.87,37.9537,3.3986,6.226,601983.852,463810.9027
300590.SZ,20250724,12.93,2.1236,0.62,37.4898,3.357,6.1499,594625.7606,458141.7091
300590.SZ,20250723,12.89,2.2109,0.59,37.3738,3.3466,6.1309,592786.2378,456724.4107
300590.SZ,20250722,13.06,3.1648,0.8,37.8667,3.3908,6.2118,600604.2099,462747.9289
300590.SZ,20250721,13.15,3.9563,1.12,38.1277,3.4141,6.2546,604743.1363,465936.8503
300590.SZ,20250718,12.97,3.0116,0.89,37.6058,3.3674,6.169,596465.2835,459559.0075
300590.SZ,20250717,13.08,4.7714,1.72,37.9247,3.396,6.2213,601523.9713,463456.5781
300590.SZ,20250716,12.73,3.9242,1.7,36.9099,3.3051,6.0548,585428.1464,451055.2171
300590.SZ,20250715,12.96,4.2177,2.26,37.5768,3.3648,6.1642,596005.4028,459204.6829
300590.SZ,20250714,12.76,1.7217,0.93,36.9969,3.3129,6.0691,586807.7885,452118.1909
300590.SZ,20250711,12.73,2.3707,1.34,36.9099,3.3051,6.0548,585428.1464,451055.2171
300590.SZ,20250710,12.71,1.6228,0.86,36.8519,3.2999,6.0453,584508.385,450346.5679
300590.SZ,20250709,12.7,1.6428,0.82,36.8229,3.2973,6.0405,584048.5042,449992.2433
300590.SZ,20250708,12.76,1.9718,0.95,36.9969,3.3129,6.0691,586807.7885,452118.1909
300590.SZ,20250707,12.51,1.6969,0.71,36.272,3.248,5.9502,575310.7707,443260.0759
300590.SZ,20250704,12.6,1.9435,0.72,36.533,3.2713,5.993,579449.6971,446448.9973
300590.SZ,20250703,12.85,2.1743,0.78,37.2578,3.3362,6.1119,590946.7149,455307.1123
300590.SZ,20250702,12.72,2.2066,0.78,36.8809,3.3025,6.0501,584968.2657,450700.8925
300590.SZ,20250701,12.89,2.3559,0.81,37.3738,3.3466,6.1309,592786.2378,456724.4107
300590.SZ,20250630,13.01,3.2734,1.25,37.7217,3.3778,6.188,598304.8063,460976.3059
300590.SZ,20250627,12.78,3.5272,1.54,37.0549,3.3181,6.0786,587727.5499,452826.8401
300590.SZ,20250626,12.64,2.5363,1.16,36.649,3.2817,6.012,581289.22,447866.2957
300590.SZ,20250625,12.68,2.5214,1.2,36.7649,3.2921,6.031,583128.7428,449283.5941
300590.SZ,20250624,12.56,2.7521,1.47,36.417,3.261,5.974,577610.1743,445031.6989
300590.SZ,20250623,12.25,1.7318,0.88,35.5182,3.1805,5.8265,563353.8722,434047.6362
300590.SZ,20250620,11.96,1.9351,0.94,34.6773,3.1052,5.6886,550017.3316,423772.2228
300590.SZ,20250619,12.19,1.97,0.83,35.3442,3.1649,5.798,560594.5879,431921.6886
300590.SZ,20250618,12.46,2.1275,0.94,36.1271,3.235,5.9264,573011.3672,441488.4528
300590.SZ,20250617,12.28,1.588,0.67,35.6052,3.1883,5.8408,564733.5143,435110.61
300590.SZ,20250616,12.28,2.1899,0.96,35.6052,3.1883,5.8408,564733.5143,435110.61
300590.SZ,20250613,12.22,2.3684,1.06,35.4312,3.1727,5.8122,561974.2301,432984.6624
300590.SZ,20250612,12.56,3.5919,1.69,36.417,3.261,5.974,577610.1743,445031.6989
300590.SZ,20250611,12.38,1.578,0.74,35.8951,3.2142,5.8883,569332.3215,438653.856
300590.SZ,20250610,12.35,2.1205,1.02,35.8081,3.2064,5.8741,567952.6793,437590.8822
300590.SZ,20250609,12.51,1.7479,0.81,36.272,3.248,5.9502,575310.7707,443260.0759
300590.SZ,20250606,12.47,2.1556,0.99,36.156,3.2376,5.9312,573471.2479,441842.7774
300590.SZ,20250605,12.44,3.0407,1.66,36.0691,3.2298,5.9169,572091.6057,440779.8036
300590.SZ,20250604,12.16,1.5617,0.86,35.2572,3.1571,5.7837,559214.9458,430858.7148
300590.SZ,20250603,12.0,1.8771,1.05,34.7933,3.1156,5.7076,551856.8544,425189.5212
300590.SZ,20250530,12.08,2.1091,1.21,35.0253,3.1363,5.7457,555535.9001,428024.118
300590.SZ,20250529,12.27,2.2534,1.36,35.5762,3.1857,5.836,564273.6336,434756.2854
300590.SZ,20250528,12.06,1.3452,0.78,34.9673,2.9629,5.7361,554616.1387,427315.4688
300590.SZ,20250527,12.02,1.5025,0.85,34.8513,2.9531,5.7171,552776.6158,425898.1704
300590.SZ,20250526,12.18,1.7179,0.95,35.3152,2.9924,5.7932,560134.7072,431567.364
300590.SZ,20250523,11.9,1.8823,1.07,34.5034,2.9236,5.66,547258.0473,421646.2752
300590.SZ,20250522,12.13,1.8432,1.03,35.1702,2.9801,5.7694,557835.3037,429795.741
300590.SZ,20250521,12.34,1.7064,0.91,35.7791,3.0317,5.8693,567492.7986,437236.5576
300590.SZ,20250520,12.58,1.6503,0.81,36.475,3.0907,5.9835,578529.9357,445740.3481
300590.SZ,20250519,12.53,2.0007,0.92,36.33,3.0784,5.9597,576230.5321,443968.7251
300590.SZ,20250516,12.32,1.6004,0.61,35.7211,3.0268,5.8598,566573.0372,436527.9084
300590.SZ,20250515,12.22,1.9849,0.67,35.4312,3.0022,5.8122,561974.2301,432984.6624
300590.SZ,20250514,12.56,2.0944,0.68,36.417,3.0858,5.974,577610.1743,445031.6989
300590.SZ,20250513,12.57,2.475,0.81,36.446,3.0882,5.9787,578070.055,445386.0235
300590.SZ,20250512,12.74,2.6835,0.9,36.9389,3.13,6.0596,585888.0271,451409.5417
300590.SZ,20250509,12.5,3.9522,1.58,36.243,3.071,5.9454,574850.89,442905.7513
300590.SZ,20250508,12.7,3.5748,1.66,36.8229,3.1201,6.0405,584048.5042,449992.2433
300590.SZ,20250507,12.31,2.7073,1.35,35.6921,3.0243,5.8551,566113.1565,436173.5838
300590.SZ,20250506,12.3,2.4385,1.23,35.6631,3.0219,5.8503,565653.2758,435819.2592
300590.SZ,20250430,11.96,2.2166,1.06,34.6773,2.9383,5.6886,550017.3316,423772.2228
300590.SZ,20250429,11.69,1.5657,0.72,33.8945,2.872,5.5602,537600.5523,414205.4586
300590.SZ,20250428,11.63,1.8436,0.81,33.7205,2.8573,5.5316,534841.2681,412079.511
300590.SZ,20250425,11.78,1.9789,0.82,34.1554,2.8941,5.603,541739.4787,417394.38
300590.SZ,20250424,11.8,2.3233,0.93,36.9789,2.9533,5.3424,542659.2402,418103.0292
300590.SZ,20250423,12.07,2.6981,0.91,37.8251,3.0209,5.4646,555076.0194,427669.7934
300590.SZ,20250422,11.85,2.012,0.68,37.1356,2.9658,5.365,544958.6437,419874.6522
300590.SZ,20250421,12.0,2.3529,0.77,37.6057,3.0034,5.4329,551856.8544,425189.5212
300590.SZ,20250418,11.75,2.6794,0.82,36.8223,2.9408,5.3198,540359.8366,416331.4062
300590.SZ,20250417,11.54,2.7127,0.75,36.1642,2.8882,5.2247,530702.3416,408890.5896
300590.SZ,20250416,11.54,5.1153,1.46,36.1642,2.8882,5.2247,530702.3416,408890.5896
300590.SZ,20250415,12.21,1.9035,0.48,38.2638,3.0559,5.528,561514.3494,432630.3378
300590.SZ,20250414,12.31,2.9442,0.67,38.5772,3.081,5.5733,566113.1565,436173.5838
300590.SZ,20250411,12.16,3.6833,0.9,38.1071,3.0434,5.5054,559214.9458,430858.7148
300590.SZ,20250410,12.0,4.5458,1.29,37.6057,3.0034,5.4329,551856.8544,425189.5212
300590.SZ,20250409,11.52,4.393,1.43,36.1015,2.8832,5.2156,529782.5802,408181.9404
300590.SZ,20250408,11.17,4.1336,1.49,35.0043,2.7957,5.0571,513681.6484,395775.4724
300590.SZ,20250407,10.91,5.2195,2.5,34.1895,2.7306,4.9394,501724.8687,386563.1516
300590.SZ,20250403,13.63,2.0611,1.0,42.7134,3.4114,6.1709,626811.1788,482938.1995
300590.SZ,20250402,13.96,1.7484,0.85,43.7475,3.494,6.3203,641987.0914,494630.7605
300590.SZ,20250401,13.91,2.2164,1.05,43.5908,3.4815,6.2976,639687.7107,492859.1603
300590.SZ,20250331,14.08,2.6112,1.01,44.1236,3.524,6.3746,647505.6051,498882.6008
300590.SZ,20250328,14.1,1.7827,0.6,44.1863,3.529,6.3836,648425.3574,499591.2409
300590.SZ,20250327,14.34,1.9709,0.63,44.9384,3.5891,6.4923,659462.3848,508094.9216
300590.SZ,20250326,14.37,1.7503,0.5,45.0324,3.5966,6.5059,660842.0132,509157.8817
300590.SZ,20250325,14.23,2.4594,0.63,44.5937,3.5616,6.4425,654403.7472,504197.4013
300590.SZ,20250324,14.56,4.9281,1.27,45.6278,3.6442,6.5919,669579.6598,515889.9622
300590.SZ,20250321,15.11,3.7437,0.95,47.3471,3.7827,6.8403,694810.4312,535315.1474
300590.SZ,20250320,15.71,2.8052,0.66,49.2272,3.9329,7.1119,722400.5211,556571.8707
300590.SZ,20250319,15.97,3.6299,0.74,50.0419,3.998,7.2296,734356.2267,565783.1174
300590.SZ,20250318,16.35,4.4233,0.93,51.2327,4.0931,7.4016,751829.9503,579245.7088
300590.SZ,20250317,16.29,4.7392,1.08,51.0447,4.0781,7.3745,749070.9413,577120.0365
300590.SZ,20250314,16.07,4.2032,0.96,50.3553,4.023,7.2749,738954.575,569325.9046
300590.SZ,20250313,15.8,4.2939,0.94,49.5092,3.9554,7.1527,726539.0346,559760.3792
300590.SZ,20250312,16.18,6.8323,1.73,50.7,4.0506,7.3247,744012.7582,573222.9706
300590.SZ,20250311,15.55,3.6118,0.92,48.7259,3.8928,7.0395,715043.1638,550903.4112
300590.SZ,20250310,15.67,3.0055,0.68,49.1019,3.9229,7.0938,720561.1817,555154.7558
300590.SZ,20250307,15.69,4.2606,0.82,49.1646,3.9279,7.1029,721480.8514,555863.3132
300590.SZ,20250306,16.1,5.121,0.86,50.4493,4.0305,7.2885,740334.0795,570388.7408
300590.SZ,20250305,15.96,3.721,0.51,50.0106,3.9955,7.2251,733896.3919,565428.8387
300590.SZ,20250304,15.65,3.595,0.38,49.0392,3.9179,7.0848,719641.5121,554446.1984
300590.SZ,20250303,15.26,5.2948,0.54,47.8172,3.8202,6.9082,701707.9536,540629.3282
300590.SZ,20250228,15.39,8.3376,0.83,48.2245,3.8528,6.9671,707685.8064,545234.9516
300590.SZ,20250227,17.08,8.6956,0.93,53.5201,4.2759,7.7321,785397.8931,605108.0555
300590.SZ,20250226,17.4,10.5897,1.26,54.5228,4.356,7.877,800112.6077,616444.9745
300590.SZ,20250225,17.61,15.0024,2.11,55.1809,4.4086,7.972,809769.1392,623884.8277
300590.SZ,20250224,16.66,6.1726,0.82,52.204,4.1707,7.542,766084.8301,590228.3492
300590.SZ,20250221,16.95,10.0654,1.44,53.1128,4.2433,7.6733,779420.0402,600502.4321
300590.SZ,20250220,16.16,5.046,0.65,50.6373,4.0456,7.3156,743093.0885,572514.4131
300590.SZ,20250219,16.04,5.6335,0.6,50.2613,4.0155,7.2613,737575.0705,568263.0685
300590.SZ,20250218,15.57,8.6768,0.82,48.7885,3.8979,7.0485,715962.8334,551611.9686
300590.SZ,20250217,16.75,8.2428,0.73,52.4861,4.1933,7.5827,770223.3436,593416.8577
300590.SZ,20250214,16.61,7.3812,0.6,52.0474,4.1582,7.5193,763785.656,588456.9556
300590.SZ,20250213,16.31,8.7975,0.64,51.1073,4.0831,7.3835,749990.611,577828.594
300590.SZ,20250212,17.2,13.5369,1.16,53.8961,4.3059,7.7864,790915.911,609359.4001
300590.SZ,20250211,16.52,14.8227,1.53,51.7654,4.1357,7.4786,759647.1425,585268.4471
300590.SZ,20250210,17.05,12.0894,1.48,53.4253,4.2685,7.7184,784006.5559,604033.3866
300590.SZ,20250207,16.47,11.973,1.73,51.6079,4.1233,7.4559,757336.5381,583485.6233
300590.SZ,20250206,16.46,15.7906,3.32,51.5766,4.1208,7.4513,756876.7102,583131.3515
300590.SZ,20250205,14.85,3.8908,0.7,46.5317,3.7177,6.7225,682844.4196,526093.5948
300590.SZ,20250127,14.64,4.5452,0.74,45.8737,3.6651,6.6274,673188.0339,518653.8874
300590.SZ,20250124,15.13,4.7769,0.82,47.4091,3.7878,6.8492,695719.6006,536013.2047
300590.SZ,20250123,14.61,5.5825,0.98,45.7797,3.6576,6.6138,671808.5502,517591.072
300590.SZ,20250122,14.68,4.957,0.93,45.999,3.6752,6.6455,675027.3455,520070.9745
300590.SZ,20250121,15.13,7.869,1.72,47.4091,3.7878,6.8492,695719.6006,536013.2047
300590.SZ,20250120,14.74,7.424,2.05,46.187,3.6902,6.6727,677786.3128,522196.6052
300590.SZ,20250117,14.14,3.4595,0.93,44.307,3.54,6.4011,650196.6393,500940.2983
300590.SZ,20250116,14.26,4.6545,1.24,44.683,3.57,6.4554,655714.574,505191.5597
300590.SZ,20250115,14.01,3.3097,0.83,43.8996,3.5074,6.3422,644218.8767,496334.7652
300590.SZ,20250114,14.09,4.0437,1.02,44.1503,3.5275,6.3784,647897.4998,499168.9394
300590.SZ,20250113,13.29,2.6239,0.63,41.6435,3.3272,6.0163,611111.2685,470827.1969
300590.SZ,20250110,13.3,3.875,0.85,41.6749,3.3297,6.0208,611571.0964,471181.4687
300590.SZ,20250109,13.95,4.927,0.99,43.7116,3.4924,6.3151,641459.9093,494209.1345
300590.SZ,20250108,13.75,4.4419,0.79,43.0849,3.4423,6.2245,632263.3515,487123.6989
300590.SZ,20250107,13.96,4.0482,0.66,43.7429,3.4949,6.3196,641919.7372,494563.4063
300590.SZ,20250106,13.54,3.5368,0.48,42.4269,3.3898,6.1295,622606.9658,479683.9915
300590.SZ,20250103,13.53,5.8093,0.59,42.3956,3.3873,6.1249,622147.1379,479329.7197
300590.SZ,20250102,14.54,6.9609,0.63,45.5603,3.6401,6.5822,668589.755,515111.1696
300590.SZ,20241231,15.46,7.6033,0.64,48.4431,3.8704,6.9986,710893.921,547704.1734
300590.SZ,20241230,15.85,6.8183,0.58,49.6652,3.9681,7.1752,728827.2088,561520.7729
300590.SZ,20241227,16.31,9.9804,0.86,51.1066,4.0832,7.3834,749979.2919,577817.2748
300590.SZ,20241226,16.9,17.6426,1.77,52.9553,4.2309,7.6505,777109.1375,598719.3099
300590.SZ,20241225,16.54,13.3908,1.61,51.8272,4.1408,7.4875,760555.3334,585965.5258
300590.SZ,20241224,16.13,11.1709,1.62,50.5425,4.0382,7.3019,741702.3898,571440.3828
300590.SZ,20241223,15.04,6.4293,1.01,47.1271,3.7653,6.8085,691581.1496,532824.7586
300590.SZ,20241220,15.84,9.4538,1.72,49.6338,3.9656,7.1707,728367.3809,561166.5011
300590.SZ,20241219,15.78,9.5175,1.98,49.4458,3.9505,7.1435,725608.4136,559040.8704
300590.SZ,20241218,14.92,4.9695,0.91,46.7511,3.7352,6.7542,686063.2149,528573.4973
300590.SZ,20241217,14.65,4.0646,0.63,45.905,3.6677,6.632,673647.8618,519008.1592
300590.SZ,20241216,15.02,3.7449,0.51,47.0644,3.7603,6.7995,690661.4938,532116.2151
300590.SZ,20241213,15.25,5.2109,0.69,47.7851,3.8179,6.9036,701237.5353,540264.466
300590.SZ,20241212,15.63,5.9983,0.86,48.9758,3.913,7.0756,718710.9952,553726.7937
300590.SZ,20241211,15.8,8.3096,1.39,49.5085,3.9556,7.1526,726528.0694,559749.414
300590.SZ,20241210,15.31,9.2046,1.9,47.9731,3.8329,6.9307,703996.5027,542390.0967
300590.SZ,20241209,15.57,8.3529,1.99,48.7697,3.9012,7.0458,715686.8676,551288.4256
300590.SZ,20241206,15.12,5.9621,1.55,47.3602,3.7885,6.8422,695002.2761,535355.2341
300590.SZ,20241205,14.61,2.9178,0.74,45.7627,3.6607,6.6114,671559.739,517297.617
300590.SZ,20241204,14.37,3.4496,0.84,45.011,3.6005,6.5028,660527.9568,508799.9149
300590.SZ,20241203,14.74,3.5165,0.83,46.1699,3.6932,6.6702,677535.2877,521900.539
300590.SZ,20241202,14.85,5.1391,1.37,46.5145,3.7208,6.72,682591.5212,525795.3192
300590.SZ,20241129,14.58,4.1989,1.12,45.6688,3.6532,6.5978,670180.7662,516235.4043
300590.SZ,20241128,14.28,3.4396,0.91,44.7215,3.5783,6.461,656279.5117,505501.7498
300590.SZ,20241127,14.57,4.2171,1.06,45.6297,3.6509,6.5922,669607.3169,515767.5417
300590.SZ,20241126,14.07,4.1375,1.08,44.0638,3.5257,6.366,646628.3424,498067.9006
300590.SZ,20241125,13.96,2.826,0.67,43.7193,3.4981,6.3162,641572.968,494173.9795
300590.SZ,20241122,13.81,4.0576,0.92,43.2496,3.4605,6.2483,634679.2757,488864.0872
300590.SZ,20241121,14.69,3.7119,0.81,46.0055,3.681,6.6465,675122.2708,520015.4555
300590.SZ,20241120,14.84,5.1796,1.1,46.4753,3.7186,6.7143,682015.9632,525325.3478
300590.SZ,20241119,14.25,3.3508,0.59,44.6275,3.5708,6.4474,654900.7733,504439.7714
300590.SZ,20241118,13.7,4.6928,0.7,42.9051,3.4329,6.1985,629623.9013,484970.1661
300590.SZ,20241115,14.43,5.0409,0.65,45.1713,3.6192,6.526,662880.3891,510518.8271
300590.SZ,20241114,15.03,4.6963,0.59,47.0495,3.7697,6.7973,690442.9832,531746.2212
300590.SZ,20241113,15.75,5.7955,0.72,49.3034,3.9503,7.1229,723518.0962,557219.0941
300590.SZ,20241112,15.47,7.995,1.03,48.4269,3.8801,6.9963,710655.5522,547312.9768
300590.SZ,20241111,16.02,10.0616,1.57,50.1486,4.018,7.245,735921.2635,566771.4214
300590.SZ,20241108,15.5,10.2903,1.85,48.5208,3.8876,7.0099,712033.682,548374.3466
300590.SZ,20241107,14.98,5.6735,1.03,46.893,3.7572,6.7747,688146.1004,529977.2717
300590.SZ,20241106,14.55,6.2448,1.19,45.5469,3.6493,6.5802,668392.9079,514764.306
300590.SZ,20241105,14.76,6.4266,1.24,46.2043,3.702,6.6752,678039.8158,522193.8939
300590.SZ,20241104,13.93,3.329,0.61,43.6061,3.4938,6.2998,639911.5606,492829.3321
300590.SZ,20241101,13.38,6.1195,1.15,41.8844,3.3559,6.0511,614645.8493,473370.8875
300590.SZ,20241031,14.37,5.4102,1.02,44.9835,3.6042,6.4988,660124.1297,508396.0877
300590.SZ,20241030,14.4,4.9479,0.89,45.0774,3.6117,6.5124,661502.2594,509457.4574
300590.SZ,20241029,14.5,6.2111,1.07,45.3904,3.6368,6.5576,666096.0251,512995.3565
300590.SZ,20241028,15.07,4.7721,0.7,47.1747,3.8547,6.8154,692280.4895,533161.3808
300590.SZ,20241025,14.82,5.2118,0.69,46.3921,3.7907,6.7023,680796.0753,524316.6333
300590.SZ,20241024,14.84,5.3408,0.7,46.4547,3.7959,6.7114,681714.8284,525024.2131
300590.SZ,20241023,14.69,6.1237,0.83,45.9852,3.7575,6.6435,674824.1799,519717.3646
300590.SZ,20241022,14.91,7.5783,1.03,46.6739,3.8138,6.743,684930.4644,527500.7424
300590.SZ,20241021,15.33,9.9298,1.44,47.9886,3.9212,6.933,704224.2803,542359.9182
300590.SZ,20241018,14.7,9.0625,1.41,46.0165,3.7601,6.6481,675283.5564,520071.1545
300590.SZ,20241017,13.93,5.4833,0.73,43.6061,3.5631,6.2998,639911.5606,492829.3321
300590.SZ,20241016,13.81,4.9518,0.52,43.2305,3.5324,6.2456,634399.0418,488583.8533
300590.SZ,20241015,13.84,7.4416,0.6,43.3244,3.5401,6.2591,635777.1715,489645.223
300590.SZ,20241014,14.41,7.428,0.48,45.1087,3.6859,6.5169,661961.6359,509811.2473
300590.SZ,20241011,13.61,6.9412,0.41,42.6044,3.4812,6.1551,625211.5104,481508.0553
300590.SZ,20241010,14.04,11.0124,0.71,43.9504,3.5912,6.3496,644964.7029,496721.021
300590.SZ,20241009,14.98,14.7077,1.08,46.893,3.8317,6.7747,688146.1004,529977.2717
300590.SZ,20241008,18.0,21.7267,2.1,56.3467,4.6041,8.1405,826877.8242,636821.8218
300590.SZ,20240930,15.0,22.7391,3.35,46.9556,3.8368,6.7837,689064.8535,530684.8515
300590.SZ,20240927,12.84,14.526,2.77,40.194,3.2843,5.8069,589839.5146,454249.112
300590.SZ,20240926,10.7,3.7212,0.76,33.495,2.7369,4.8391,491532.9288,378540.9267
300590.SZ,20240925,10.44,5.1687,1.24,32.6811,2.6704,4.7215,479589.138,369342.7359
300590.SZ,20240924,10.41,5.4552,1.63,32.5872,2.6627,4.7079,478211.0083,368281.4062
300590.SZ,20240923,10.22,5.0203,1.96,31.9924,2.6141,4.622,469482.8535,361559.6515
300590.SZ,20240920,10.23,6.8616,4.74,32.0237,2.6167,4.6265,469942.2301,361913.428
300590.SZ,20240919,9.96,1.8294,1.29,31.1785,2.5476,4.5044,457539.0627,352371.4207
300590.SZ,20240918,9.74,1.6661,1.24,30.4898,2.4914,4.4049,447432.7782,344588.1163
300590.SZ,20240913,9.93,1.404,1.08,31.0846,2.54,4.4908,456160.933,351310.061
300590.SZ,20240912,10.13,1.0679,0.8,31.7107,2.5911,4.5813,465348.4644,358385.7924
300590.SZ,20240911,10.25,1.2755,0.97,32.0863,2.6218,4.6356,470860.9832,362631.2312
300590.SZ,20240910,10.39,1.6975,1.31,32.5246,2.6576,4.6989,477292.2552,367584.2431
300590.SZ,20240909,10.07,1.2684,0.89,31.5229,2.5758,4.5541,462592.205,356263.073
300590.SZ,20240906,10.18,1.1641,0.65,31.8672,2.6039,4.6039,467645.3472,360154.7252
300590.SZ,20240905,10.42,1.2632,0.67,32.6185,2.6653,4.7124,478670.3849,368645.6028
300590.SZ,20240904,10.28,1.2073,0.64,32.1802,2.6295,4.6491,472239.1129,363692.5909
300590.SZ,20240903,10.37,1.5782,0.83,32.462,2.6525,4.6898,476373.5021,366876.67
300590.SZ,20240902,10.23,1.8818,1.05,32.0237,2.6167,4.6265,469942.2301,361923.658
300590.SZ,20240830,10.54,2.9938,1.95,32.9941,2.696,4.7667,484182.9037,372891.0416
300590.SZ,20240829,10.23,1.8269,1.23,32.0237,2.6167,4.6265,469942.2301,361923.658
300590.SZ,20240828,10.03,1.1407,0.72,31.3976,2.5655,4.5361,460754.6987,354847.9267
300590.SZ,20240827,9.99,1.6409,0.96,31.2724,2.5553,4.518,458917.1924,353432.7804
300590.SZ,20240826,10.25,1.3503,0.71,32.0863,2.6218,4.6356,470860.9832,362631.2312
300590.SZ,20240823,10.33,1.7126,0.82,32.3368,2.6423,4.6717,474535.9958,365461.5237
300590.SZ,20240822,10.29,1.6023,0.67,32.2115,2.632,4.6536,472698.4895,364046.3774
300590.SZ,20240821,10.41,1.6265,0.64,32.5872,2.6627,4.7079,478211.0083,368291.8162
300590.SZ,20240820,10.53,2.2556,0.9,32.9628,2.6934,4.7622,483723.5272,372537.2551
300590.SZ,20240819,10.75,2.2688,0.91,33.6515,2.7497,4.8617,493829.8117,380320.5595
300590.SZ,20240816,10.87,2.728,1.11,34.0272,2.7804,4.9159,499342.3305,384565.9983
300590.SZ,20240815,10.8,3.1135,1.16,33.7664,2.7644,4.8783,495516.1068,381478.9046
300590.SZ,20240814,10.79,2.3191,0.68,33.7352,2.7618,4.8738,495057.2956,381125.6834
300590.SZ,20240813,10.74,2.1019,0.57,33.5788,2.749,4.8512,492763.2395,379359.5774
300590.SZ,20240812,10.54,2.1509,0.48,32.9535,2.6978,4.7608,483587.0153,372295.1532
300590.SZ,20240809,10.71,2.6458,0.56,33.485,2.7413,4.8376,491386.8059,378299.9138
300590.SZ,20240808,10.69,4.2577,0.88,33.4225,2.7362,4.8286,490469.1835,377593.4714
300590.SZ,20240807,11.16,5.8415,1.2,34.892,2.8565,5.0409,512033.3104,394194.8681
300590.SZ,20240806,10.72,3.5507,0.67,33.5163,2.7439,4.8421,491845.6171,378653.135
300590.SZ,20240805,10.6,6.0898,1.0,33.1411,2.7132,4.7879,486339.8826,374414.4805
300590.SZ,20240802,11.66,3.7625,0.63,36.4552,2.9845,5.2667,534973.8709,411855.9285
300590.SZ,20240801,12.0,4.8874,0.87,37.5182,3.0715,5.4203,550573.452,423865.4496
300590.SZ,20240731,12.0,6.0557,1.17,37.5182,3.0715,5.4203,550573.452,423865.4496
300590.SZ,20240730,11.77,5.5869,1.16,36.7991,3.0126,5.3164,540020.7942,415741.3618
300590.SZ,20240729,11.93,10.1466,2.91,37.2994,3.0536,5.3887,547361.7735,421392.9011
300590.SZ,20240726,11.08,3.3454,0.92,34.6419,2.9411,5.0048,508362.8207,391347.3595
300590.SZ,20240725,10.78,3.1164,0.77,33.7039,2.8615,4.8692,494598.4844,380751.3119
300590.SZ,20240724,10.97,3.7108,0.88,34.2979,2.9119,4.9551,503315.8974,387462.142
300590.SZ,20240723,11.22,3.8563,0.84,35.0796,2.9783,5.068,514786.1776,396292.1817
300590.SZ,20240722,11.62,3.4,0.66,36.3302,3.0845,5.2487,533138.626,410420.2453
300590.SZ,20240719,11.58,4.09,0.75,36.2051,3.0739,5.2306,531303.3812,409007.4389
300590.SZ,20240718,11.43,5.2674,0.86,35.7361,3.034,5.1628,524421.213,403709.4151
300590.SZ,20240717,11.74,4.3751,0.63,36.7054,3.1163,5.3029,538644.3605,414658.6643
300590.SZ,20240716,12.19,5.7116,0.67,38.1123,3.2358,5.5061,559290.865,430552.7358
300590.SZ,20240715,12.0,6.3123,0.79,37.5182,3.1853,5.4203,550573.452,423841.9056
300590.SZ,20240712,12.38,5.5718,0.74,38.7063,3.2862,5.592,568008.278,437263.5659
300590.SZ,20240711,12.49,8.7921,1.29,39.0502,3.3154,5.6416,573055.2013,441148.7834
300590.SZ,20240710,12.19,8.2485,1.38,38.1123,3.2358,5.5061,559290.865,430552.7358
300590.SZ,20240709,12.25,13.5017,3.3,38.2999,3.2517,5.5332,562043.7323,432671.9453
300590.SZ,20240708,11.01,3.6173,0.85,34.423,2.9226,4.9731,505151.1422,388874.9484
300590.SZ,20240705,10.99,3.6569,0.77,34.3605,2.9172,4.9641,504233.5198,388168.5452
300590.SZ,20240704,10.74,4.9564,1.02,33.5788,2.8509,4.8512,492763.2395,379338.5055
300590.SZ,20240703,10.76,4.2215,0.87,33.6414,2.8562,4.8602,493680.862,380044.9087
300590.SZ,20240702,11.27,4.0119,0.81,35.2359,2.9916,5.0906,517080.2337,398058.1897
300590.SZ,20240701,11.37,4.4018,0.88,35.5485,3.0181,5.1357,521668.3458,401590.2056
300590.SZ,20240628,11.42,6.153,1.23,35.7049,3.0314,5.1583,523962.4018,403356.2135
300590.SZ,20240627,11.13,5.4762,1.1,34.7982,2.9544,5.0273,510656.8767,393113.3674
300590.SZ,20240626,11.1,4.2879,0.73,34.7044,2.9464,5.0138,509280.4431,392053.7627
300590.SZ,20240625,11.0,4.4907,0.64,34.3917,2.9199,4.9686,504692.331,388521.7468
300590.SZ,20240624,10.96,4.6906,0.64,34.2667,2.9093,4.9505,502857.0862,387108.9404
300590.SZ,20240621,11.58,6.0191,0.92,36.2051,3.0739,5.2306,531303.3812,409007.4389
300590.SZ,20240620,11.39,5.4156,0.93,35.6111,2.9083,5.1448,522585.9682,402296.6087
300590.SZ,20240619,11.76,8.8099,1.98,36.7679,3.0028,5.3119,539561.983,415365.0675
300590.SZ,20240618,11.91,10.1402,3.57,37.2369,3.0411,5.3797,546444.1511,420663.0913
300590.SZ,20240617,11.3,6.2086,3.07,35.3297,2.8853,5.1041,518456.6673,399117.7944
300590.SZ,20240614,10.8,2.1407,0.89,33.7664,2.7577,4.8783,495515.9988,381457.607
300590.SZ,20240613,10.6,1.7343,0.6,33.1411,2.7066,4.7879,486339.7766,374393.5773
300590.SZ,20240612,10.52,2.062,0.64,32.891,2.6862,4.7518,482669.2877,371567.9654
300590.SZ,20240611,10.45,2.0491,0.62,32.6721,2.6683,4.7202,479457.61,369095.555
300590.SZ,20240607,10.2,2.1403,0.64,31.8905,2.6045,4.6073,467987.3322,360265.5178
300590.SZ,20240606,10.19,4.0154,1.42,31.8592,2.6019,4.6027,467528.5211,359912.3163
300590.SZ,20240605,10.78,4.2922,1.85,33.7039,2.7526,4.8692,494598.3766,380751.2041
300590.SZ,20240604,10.55,3.6529,1.9,32.9848,2.6938,4.7654,484045.7211,372627.5698
300590.SZ,20240603,11.01,2.4642,1.35,34.423,2.8113,4.9731,505151.0321,388874.8383
300590.SZ,20240531,11.12,2.2354,1.23,34.7669,2.8394,5.0228,510197.9543,392760.0547
300590.SZ,20240530,10.92,1.5318,0.73,34.1416,2.7883,4.9325,501021.7321,385696.0249
300590.SZ,20240529,10.89,1.7462,0.77,34.0478,2.7806,4.9189,499645.2988,384636.4204
300590.SZ,20240528,10.8,1.6263,0.69,33.7664,2.7577,4.8783,495515.9988,381457.607
300590.SZ,20240527,11.02,1.9749,0.75,34.4543,2.8138,4.9776,505609.8432,389228.0398
300590.SZ,20240524,10.79,2.1928,0.81,33.7352,2.7551,4.8738,495057.1877,381104.4056
300590.SZ,20240523,10.99,2.9875,1.1,34.3605,2.8062,4.9641,504233.4099,388168.4353
300590.SZ,20240522,11.19,2.5661,0.91,34.9858,2.8572,5.0544,513409.6321,395232.4651
300590.SZ,20240521,11.36,2.143,0.71,35.5173,2.9007,5.1312,521209.421,401236.8904
300590.SZ,20240520,11.54,3.2549,1.08,36.08,2.9466,5.2125,529468.0209,407594.5172
300590.SZ,20240517,11.4,2.6635,0.71,35.6423,2.9109,5.1493,523044.6654,402649.6963
300590.SZ,20240516,11.36,3.0036,0.74,35.5173,2.9007,5.1312,521209.421,401236.8904
300590.SZ,20240515,11.1,3.0639,0.62,34.7044,2.8343,5.0138,509280.3321,392053.6517
300590.SZ,20240514,11.2,3.1439,0.48,35.017,2.8598,5.059,513868.4432,395585.6666
300590.SZ,20240513,11.38,3.2601,0.45,35.5798,2.9058,5.1403,522127.0432,401943.2933
300590.SZ,20240510,11.38,6.3709,0.85,35.5798,2.9058,5.1403,522127.0432,401943.2933
300590.SZ,20240509,11.87,4.3797,0.53,37.1118,3.0309,5.3616,544608.7876,419250.1663
300590.SZ,20240508,11.88,7.5647,0.92,37.1431,3.0334,5.3661,545067.5987,419603.3677
300590.SZ,20240507,12.55,11.4731,1.56,39.2378,3.2045,5.6687,575807.9431,443267.8674
300590.SZ,20240506,11.85,6.6295,0.85,37.0493,3.0258,5.3526,543691.1654,418543.7633
300590.SZ,20240430,11.71,7.3088,0.96,36.6116,2.99,5.2893,537267.8098,413598.9424
300590.SZ,20240429,12.06,8.1064,1.04,37.7058,3.0794,5.4474,553326.1987,425960.9945
300590.SZ,20240426,11.61,7.6756,0.92,36.2989,2.9645,5.2441,532679.6987,410066.9276
300590.SZ,20240425,11.52,6.9649,0.72,36.0175,2.9415,5.2035,528550.3987,406888.1142
300590.SZ,20240424,11.92,9.0475,0.8,37.2681,3.0436,5.3842,546902.8431,421016.1737
300590.SZ,20240423,11.08,6.3201,0.51,34.6418,2.8292,5.0048,508362.7099,391347.2487
300590.SZ,20240422,11.36,8.7971,0.71,35.5173,2.9007,5.1312,521209.421,401236.8904
300590.SZ,20240419,12.14,10.6808,0.86,33.669,3.1549,5.5576,556996.6875,428786.6064
300590.SZ,20240418,11.77,13.8263,1.1,32.6428,3.0587,5.3882,540020.6765,415718.1514
300590.SZ,20240417,12.52,16.8338,1.37,34.7229,3.2536,5.7316,574431.5097,442208.263
300590.SZ,20240416,11.01,11.8557,1.07,30.535,2.8612,5.0403,505151.0321,388874.8383
300590.SZ,20240415,10.58,8.8681,0.92,29.3425,2.7495,4.8435,485422.1544,373687.1743
300590.SZ,20240412,11.19,10.3795,1.31,31.0343,2.908,5.1227,513409.6321,395232.4651
300590.SZ,20240411,11.39,15.1517,2.92,31.5889,2.96,5.2143,522585.8543,402296.4948
300590.SZ,20240410,11.0,14.9792,5.7,30.5073,2.8586,5.0357,504692.221,388521.6368
300590.SZ,20240409,10.78,5.7927,3.05,29.8972,2.8015,4.935,494598.3766,380751.2041
300590.SZ,20240408,8.98,1.7194,0.86,24.9051,2.3713,4.111,412012.3768,317174.9362
300590.SZ,20240403,9.18,1.849,0.89,25.4597,2.4242,4.2025,421188.599,324238.966
300590.SZ,20240402,9.51,1.5721,0.75,26.375,2.5113,4.3536,436329.3656,335894.6151
300590.SZ,20240401,9.65,2.1975,1.1,26.7632,2.5483,4.4177,442752.7212,340839.4359
300590.SZ,20240329,9.59,2.1523,1.14,26.5968,2.5324,4.3902,439999.8545,338720.227
300590.SZ,20240328,9.2,2.1749,1.18,25.5152,2.4294,4.2117,422106.2212,324945.369
300590.SZ,20240327,8.72,2.3121,1.27,24.184,2.3027,3.992,400083.2879,307991.6975
300590.SZ,20240326,9.29,1.615,0.75,25.7648,2.4532,4.2529,426235.5212,328124.1824
300590.SZ,20240325,9.35,1.7254,0.81,25.9312,2.469,4.2804,428988.3879,330243.3913
300590.SZ,20240322,9.74,1.6088,0.77,27.0128,2.572,4.4589,446882.0211,344018.2493
300590.SZ,20240321,9.86,1.9764,0.98,27.3456,2.6037,4.5138,452387.7545,348256.6672
300590.SZ,20240320,9.93,2.2076,1.12,27.5398,2.6222,4.5459,455599.4322,350729.0776
300590.SZ,20240319,9.98,3.204,1.9,27.6785,2.6354,4.5688,457893.4878,352495.085
300590.SZ,20240318,9.69,1.6705,0.98,26.8742,2.5588,4.436,444587.9656,342252.2419
300590.SZ,20240315,9.5,1.455,0.85,26.3472,2.5087,4.349,435870.5545,335541.4136
300590.SZ,20240314,9.37,1.5591,0.92,25.9867,2.4743,4.2895,429906.0101,330949.7943
300590.SZ,20240313,9.51,1.9555,1.25,26.375,2.5113,4.3536,436329.3656,335894.6151
300590.SZ,20240312,9.42,1.7953,1.21,26.1254,2.4875,4.3124,432200.0656,332715.8017
300590.SZ,20240311,9.4,1.7633,1.17,26.0699,2.4823,4.3033,431282.4434,332009.3987
300590.SZ,20240308,9.35,1.5134,0.91,25.9312,2.469,4.2804,428988.3879,330243.3913
300590.SZ,20240307,9.05,1.4539,0.74,25.0992,2.3898,4.143,415224.0546,319647.3466
300590.SZ,20240306,9.24,1.3055,0.54,25.6261,2.44,4.23,423941.4656,326358.1749
300590.SZ,20240305,9.21,1.4086,0.56,25.5429,2.4321,4.2163,422565.0323,325298.5704
300590.SZ,20240304,9.41,1.8715,0.74,26.0976,2.4849,4.3078,431741.2545,332362.6002
300590.SZ,20240301,9.49,2.2951,0.9,26.3195,2.506,4.3445,435411.7434,335188.2121
300590.SZ,20240229,9.21,2.9051,1.26,25.5429,2.4321,4.2163,422565.0323,325298.5704
300590.SZ,20240228,8.67,3.4981,1.77,24.0453,2.2895,3.9691,397789.2324,306225.6901
300590.SZ,20240227,9.5,1.9944,1.07,26.3472,2.5087,4.349,435870.5545,335541.4136
300590.SZ,20240226,9.14,1.99,0.93,25.3488,2.4136,4.1842,419353.3545,322826.16
300590.SZ,20240223,9.13,2.3088,1.01,25.3211,2.411,4.1797,418894.5434,322472.9585
300590.SZ,20240222,8.76,1.7569,0.71,24.2949,2.3132,4.0103,401918.5324,309404.5035
300590.SZ,20240221,8.48,1.8562,0.66,23.5184,2.2393,3.8821,389071.8213,299514.8618
300590.SZ,20240220,8.49,1.4438,0.46,23.5461,2.2419,3.8867,389530.6324,299868.0633
300590.SZ,20240219,8.4,3.2818,1.12,23.2965,2.2182,3.8455,385401.3324,296689.2499
300590.SZ,20240208,7.99,3.0353,1.12,22.1594,2.1099,3.6578,366590.0769,282207.9889
300590.SZ,20240207,7.1,2.7264,1.06,19.6911,1.8749,3.2503,325755.8881,250773.0565
300590.SZ,20240206,7.22,3.6804,1.74,20.0239,1.9066,3.3053,331261.6214,255011.4743
300590.SZ,20240205,6.97,3.0204,1.7,19.3305,1.8406,3.1908,319791.3437,246181.4371
300590.SZ,20240202,7.82,2.2401,1.36,21.6879,2.065,3.5799,358790.288,276203.5636
300590.SZ,20240201,8.31,1.9302,1.15,23.0469,2.1944,3.8043,381272.0324,287447.3766
300590.SZ,20240131,8.42,2.0463,1.26,23.352,2.2235,3.8546,386318.9546,291252.3359
300590.SZ,20240130,8.94,1.477,0.88,24.7941,2.3608,4.0927,410177.1323,309239.416
300590.SZ,20240129,9.36,1.3489,0.74,25.959,2.4717,4.2849,429447.199,323767.4422
300590.SZ,20240126,9.71,1.623,0.93,26.9296,2.5641,4.4452,445505.5878,335874.1308
300590.SZ,20240125,9.88,1.9165,1.12,27.4011,2.609,4.523,453305.3767,341754.5224
300590.SZ,20240124,9.47,1.7683,1.15,26.264,2.5007,4.3353,434494.1212,327572.4015
300590.SZ,20240123,9.35,1.759,1.19,25.9312,2.469,4.2804,428988.3879,323421.5368
300590.SZ,20240122,9.29,2.0081,1.56,25.7648,2.4532,4.2529,426235.5212,321346.1045
300590.SZ,20240119,10.01,1.2308,0.94,27.7617,2.6433,4.5825,459269.9211,346251.2924
300590.SZ,20240118,10.19,1.7892,1.3,28.2609,2.6909,4.6649,467528.5211,352477.5894
300590.SZ,20240117,10.16,0.9202,0.64,28.1777,2.6829,4.6512,466152.0878,351439.8732
300590.SZ,20240116,10.44,1.4601,0.98,28.9542,2.7569,4.7794,478998.7988,361125.224
300590.SZ,20240115,10.61,1.0544,0.6,29.4257,2.8018,4.8572,486798.5877,367005.6156
300590.SZ,20240112,10.6,1.3409,0.75,29.398,2.7991,4.8526,486339.7766,366659.7102
300590.SZ,20240111,10.79,2.0804,1.28,29.9249,2.8493,4.9396,495057.1877,373231.9126
300590.SZ,20240110,10.69,1.2939,0.78,29.6476,2.8229,4.8938,490469.0766,369772.8587
300590.SZ,20240109,10.94,1.6888,1.04,30.3409,2.8889,5.0083,501939.3543,378420.4934
300590.SZ,20240108,10.86,2.3356,1.46,30.119,2.8678,4.9716,498268.8655,375653.2503
300590.SZ,20240105,11.52,1.5069,0.87,31.9495,3.0421,5.2738,528550.3987,398483.0058
300590.SZ,20240104,11.91,1.3008,0.75,33.0311,3.1451,5.4523,546444.032,411973.3159
300590.SZ,20240103,11.88,1.4881,0.85,32.9479,3.1371,5.4386,545067.5987,410935.5998
300590.SZ,20240102,11.91,1.5078,0.84,33.0311,3.1451,5.4523,546444.032,411973.3159
300590.SZ,20231229,12.01,2.1981,1.12,33.3084,3.1715,5.4981,551032.1431,415432.3698
300590.SZ,20231228,11.73,2.1196,1.11,32.5319,3.0975,5.3699,538185.432,405747.019
300590.SZ,20231227,11.49,1.35,0.7,31.8663,3.0342,5.26,527173.9654,397445.2897
300590.SZ,20231226,11.34,1.541,0.76,31.4503,2.9945,5.1914,520291.7987,392256.7089
300590.SZ,20231225,11.66,1.7366,0.84,32.3378,3.079,5.3379,534973.7543,403325.6812
300590.SZ,20231222,11.48,3.0813,1.63,31.8385,3.0315,5.2555,526715.1543,397099.3843
300590.SZ,20231221,11.49,1.7974,0.88,31.8663,3.0342,5.26,527173.9654,397445.2897
300590.SZ,20231220,11.23,1.5358,0.62,31.1452,2.9655,5.141,515244.8765,388451.7496
300590.SZ,20231219,11.35,1.9488,0.64,31.478,2.9972,5.196,520750.6099,392602.6142
300590.SZ,20231218,11.3,1.9893,0.62,31.3393,2.984,5.1731,518456.5543,390873.0873
300590.SZ,20231215,11.46,2.1664,0.64,31.7831,3.0262,5.2463,525797.5321,396407.5735
300590.SZ,20231214,11.73,2.5701,0.73,32.5319,3.0975,5.3699,538185.432,405747.019
300590.SZ,20231213,11.91,3.7533,1.17,33.0311,3.1451,5.4523,546444.032,411973.3159
300590.SZ,20231212,12.32,4.6646,1.63,34.1682,3.2533,5.64,565255.2875,426155.4368
300590.SZ,20231211,12.05,2.9302,1.04,33.4194,3.182,5.5164,552867.3876,416815.9913
300590.SZ,20231208,11.97,3.1122,1.12,33.1975,3.1609,5.4798,549196.8987,414048.7482
300590.SZ,20231207,11.95,3.1759,1.06,33.142,3.1556,5.4706,548279.2765,413356.9375
300590.SZ,20231206,11.75,2.0996,0.63,32.5874,3.1028,5.3791,539103.0543,406438.8297
300590.SZ,20231205,11.73,3.0083,0.89,32.5319,3.0975,5.3699,538185.432,405747.019
300590.SZ,20231204,11.87,2.6384,0.73,32.9202,3.1345,5.434,544608.7876,410589.6944
300590.SZ,20231201,12.05,3.0314,0.92,33.4194,3.182,5.5164,552867.3876,416815.9913
300590.SZ,20231130,11.82,4.2037,1.52,32.7815,3.1213,5.4111,542314.732,408860.1674
300590.SZ,20231129,12.14,3.9096,1.72,33.669,3.2058,5.5576,556996.6875,419929.1398
300590.SZ,20231128,11.93,3.0732,1.47,33.0866,3.1503,5.4615,547361.6542,412665.1267
300590.SZ,20231127,11.98,3.9025,2.45,33.2252,3.1636,5.4844,549655.7098,414394.6536
300590.SZ,20231124,11.55,1.4413,0.92,32.0327,3.05,5.2875,529926.8321,399520.722
300590.SZ,20231123,11.81,1.5253,0.96,32.7538,3.1187,5.4065,541855.9209,408514.262
300590.SZ,20231122,11.54,1.4405,0.87,32.0049,3.0474,5.2829,529468.0209,399174.8166
300590.SZ,20231121,11.75,2.1385,1.32,32.5874,3.1028,5.3791,539103.0543,406438.8297
300590.SZ,20231120,12.0,1.407,0.81,33.2807,3.1688,5.4935,550573.332,415086.4644
300590.SZ,20231117,12.0,1.3227,0.75,33.2807,3.1688,5.4935,550573.332,415086.4644
300590.SZ,20231116,11.95,1.6098,0.9,33.142,3.1556,5.4706,548279.2765,413356.9375
300590.SZ,20231115,11.98,1.8477,1.0,33.2252,3.1636,5.4844,549655.7098,414394.6536
300590.SZ,20231114,12.0,1.9094,1.02,33.272,3.1694,5.4921,550429.692,414942.8244
300590.SZ,20231113,11.9,1.977,1.03,32.9948,3.1429,5.4463,545842.7779,411484.9675
300590.SZ,20231110,11.71,1.4488,0.68,32.468,3.0928,5.3594,537127.6411,404915.0395
300590.SZ,20231109,11.69,1.7934,0.86,32.4125,3.0875,5.3502,536210.2583,404223.4681
300590.SZ,20231108,11.75,2.1293,1.03,32.5789,3.1033,5.3777,538962.4068,406298.1822
300590.SZ,20231107,11.85,2.0396,0.93,32.8561,3.1297,5.4234,543549.3209,409756.0391
300590.SZ,20231106,11.74,2.2014,0.87,32.5511,3.1007,5.3731,538503.7153,405952.3965
300590.SZ,20231103,11.52,2.4163,0.87,31.9411,3.0426,5.2724,528412.5043,398345.1114
300590.SZ,20231102,11.23,1.6679,0.52,31.1371,2.966,5.1397,515110.4534,388317.3265
300590.SZ,20231101,11.36,2.0164,0.62,31.4975,3.0003,5.1992,521073.4418,392812.5404
300590.SZ,20231031,11.48,2.7049,0.86,31.8302,3.032,5.2541,526577.7387,396961.9687
300590.SZ,20231030,11.59,3.8995,1.41,32.1352,3.0611,5.3044,531623.3442,400765.6112
300590.SZ,20231027,11.13,3.6732,1.51,30.8598,2.9396,5.0939,510523.5393,384859.4696
300590.SZ,20231026,11.4,3.8813,1.91,31.6084,3.0109,5.2175,522908.2074,394195.6832
300590.SZ,20231025,10.95,1.9863,1.03,30.3607,2.892,5.0115,502267.094,378635.3273
300590.SZ,20231024,10.81,2.3751,1.32,29.9725,2.8551,4.9475,495845.4142,373794.3276
300590.SZ,20231023,10.8,1.874,0.98,29.9448,2.9075,4.9429,495386.7228,373448.542
300590.SZ,20231020,10.99,2.0577,0.95,30.4716,2.9587,5.0298,504101.8596,380018.47
300590.SZ,20231019,11.45,1.8446,0.84,31.7471,3.0825,5.2404,525201.6645,395924.6116
300590.SZ,20231018,11.48,1.4938,0.63,31.8302,3.0906,5.2541,526577.7387,396961.9687
300590.SZ,20231017,11.78,1.7161,0.69,32.662,3.1714,5.3914,540338.481,407335.5393
300590.SZ,20231016,11.77,2.4202,1.04,32.6343,3.1687,5.3868,539879.7896,406989.7536
300590.SZ,20231013,11.93,3.3313,1.56,33.0779,3.2117,5.4601,547218.8521,412522.3246
300590.SZ,20231012,11.77,2.0233,0.97,32.6343,3.1687,5.3868,539879.7896,406989.7536
300590.SZ,20231011,11.69,2.4212,1.27,32.4125,3.1471,5.3502,536210.2583,404223.4681
300590.SZ,20231010,11.65,2.1979,1.21,32.3016,3.1364,5.3319,534375.4927,402840.3254
300590.SZ,20231009,11.47,1.7086,0.85,31.8025,3.0879,5.2495,526119.0473,396616.183
300590.SZ,20230928,11.4,2.3507,1.25,31.6084,3.0691,5.2175,522908.2074,394195.6832
300590.SZ,20230927,10.98,1.7731,1.0,30.4439,2.956,5.0253,503643.1682,379672.6843
300590.SZ,20230926,11.19,1.534,0.84,31.0262,3.0125,5.1214,513275.6878,386934.1838
300590.SZ,20230925,11.31,1.6998,0.96,31.3589,3.0448,5.1763,518779.9847,391083.612
300590.SZ,20230922,11.43,2.7456,1.59,31.6916,3.0771,5.2312,524284.2816,395233.0402
300590.SZ,20230921,10.96,1.6141,0.71,30.3884,2.9506,5.0161,502725.7854,378981.113
300590.SZ,20230920,10.84,1.2284,0.52,30.0557,2.9183,4.9612,497221.4884,374811.7662
300590.SZ,20230919,10.91,1.8835,0.8,30.2498,2.9371,4.9932,500432.3283,377232.1374
300590.SZ,20230918,11.14,1.3526,0.55,30.8875,2.9991,5.0985,510982.2307,385184.7856
300590.SZ,20230915,11.18,2.5623,1.1,30.9984,3.0098,5.1168,512816.9964,386567.8548
300590.SZ,20230914,11.43,4.2614,2.3,31.6916,3.0771,5.2312,524284.2816,395212.0376
300590.SZ,20230913,11.23,1.8277,0.91,31.1371,3.0233,5.1397,515110.4534,388296.6914
300590.SZ,20230912,11.5,1.8219,0.93,31.8857,3.096,5.2633,527495.1215,397632.4088
300590.SZ,20230911,11.44,1.8634,1.04,31.7193,3.0798,5.2358,524742.973,395557.8049
300590.SZ,20230908,11.36,1.9085,1.19,31.4975,3.0583,5.1992,521073.4418,392791.6664
300590.SZ,20230907,11.14,1.8419,1.24,30.8875,2.9991,5.0985,510982.2307,385184.7856
300590.SZ,20230906,11.36,2.6336,1.94,31.4975,3.0583,5.1992,521073.4418,392791.6664
300590.SZ,20230905,11.02,1.5321,1.07,30.5548,2.9668,5.0436,505477.9338,381035.5778
300590.SZ,20230904,10.99,1.0253,0.67,30.4716,2.9587,5.0298,504101.8596,379998.2759
300590.SZ,20230901,10.97,0.9849,0.59,30.4162,2.9533,5.0207,503184.4768,379306.7413
300590.SZ,20230831,10.89,1.2344,0.77,30.1944,2.9318,4.9841,499514.9455,376555.6103
300590.SZ,20230830,10.86,2.0234,1.41,30.1112,2.9237,4.9703,498138.8713,375518.267
300590.SZ,20230829,10.7,1.9175,1.38,29.6676,2.8806,4.8971,490799.8087,369985.7695
300590.SZ,20230828,10.19,1.5284,1.23,28.2535,2.7433,4.6637,467406.5468,352350.9338
300590.SZ,20230825,10.1,1.5748,1.43,28.004,2.7191,4.6225,463278.3241,349238.9039
300590.SZ,20230824,10.52,0.9836,0.89,29.1685,2.8322,4.8147,482543.3633,363761.7098
300590.SZ,20230823,10.58,1.1869,1.09,29.3348,2.8483,4.8422,485295.5118,365836.3964
300590.SZ,20230822,10.8,1.6984,1.81,29.9448,2.9075,4.9429,495386.7228,373443.5804
300590.SZ,20230821,10.49,0.7587,0.75,29.0853,2.8241,4.801,481167.2891,362724.3666
300590.SZ,20230818,10.52,0.8638,0.72,29.1685,2.8322,4.8147,482543.3633,363761.7098
300590.SZ,20230817,10.72,1.0368,0.9,29.723,2.886,4.9063,491717.1915,370677.3317
300590.SZ,20230816,10.5,1.0786,0.94,29.113,2.8268,4.8056,481625.9805,363070.1477
300590.SZ,20230815,10.73,0.9569,0.83,29.7507,2.8887,4.9108,492175.8829,371023.1128
300590.SZ,20230814,10.88,1.1072,0.93,30.1112,2.9327,4.9703,498138.9069,375292.482
300590.SZ,20230811,10.81,1.812,1.47,29.9175,2.9138,4.9384,494933.9691,372877.9164
300590.SZ,20230810,11.17,0.8007,0.64,30.9138,3.0109,5.1028,511416.5064,385295.6823
300590.SZ,20230809,11.15,1.0525,0.84,30.8584,3.0055,5.0937,510500.8099,384605.8064
300590.SZ,20230808,11.33,1.018,0.76,31.3566,3.054,5.1759,518742.0786,390814.6894
300590.SZ,20230807,11.28,1.2693,0.93,31.2182,3.0405,5.1531,516452.8373,389089.9997
300590.SZ,20230804,11.35,2.0394,1.63,31.4119,3.0594,5.1851,519657.7751,391504.5653
300590.SZ,20230803,11.13,0.9003,0.65,30.8031,3.0001,5.0845,509585.1134,383915.9306
300590.SZ,20230802,11.17,1.029,0.63,30.9138,3.0109,5.1028,511416.5064,385295.6823
300590.SZ,20230801,11.12,1.4462,0.8,30.7754,2.9974,5.08,509127.2651,383570.9926
300590.SZ,20230731,11.2,1.409,0.68,30.9968,3.0189,5.1165,512790.0512,386330.4962
300590.SZ,20230728,11.2,1.4888,0.65,30.9968,3.0189,5.1165,512790.0512,386330.4962
300590.SZ,20230727,11.03,1.5404,0.6,30.5263,2.9731,5.0389,505006.6308,380466.5511
300590.SZ,20230726,11.13,2.2601,0.84,30.8031,3.0001,5.0845,509585.1134,383915.9306
300590.SZ,20230725,11.5,2.3569,0.86,31.8271,3.0998,5.2536,526525.499,396678.6345
300590.SZ,20230724,11.25,2.6855,0.91,31.1352,3.0324,5.1394,515079.2925,388055.1859
300590.SZ,20230721,11.67,2.7219,0.8,32.2976,3.2299,5.3312,534308.9194,394494.7783
300590.SZ,20230720,11.59,2.9109,0.82,32.0762,3.2077,5.2947,530646.1333,391790.4439
300590.SZ,20230719,11.8,2.9105,0.74,32.6574,3.2659,5.3906,540260.9468,398889.3216
300590.SZ,20230718,12.1,2.7214,0.63,33.4876,3.3489,5.5277,553996.3946,409030.5756
300590.SZ,20230717,12.37,3.7402,0.85,34.2349,3.4236,5.651,566358.2976,418157.7041
300590.SZ,20230714,12.49,4.6367,1.15,34.567,3.4568,5.7058,571852.4767,422214.2057
300590.SZ,20230713,12.24,3.7172,0.93,33.8751,3.3876,5.5916,560406.2702,413763.1608
300590.SZ,20230712,12.14,4.7366,1.34,33.5983,3.36,5.5459,555827.7876,410382.7428
300590.SZ,20230711,12.47,4.6643,1.47,34.5116,3.4513,5.6967,570936.7802,421538.1221
300590.SZ,20230710,12.3,4.1958,1.47,34.0411,3.4042,5.619,563153.3598,415791.4115
300590.SZ,20230707,11.95,2.9292,0.97,33.0725,3.3074,5.4592,547128.6707,403959.9486
300590.SZ,20230706,12.25,3.3957,1.11,33.9028,3.3904,5.5962,560864.1185,414101.2026
300590.SZ,20230705,11.98,2.4909,0.77,33.1555,3.3157,5.4729,548502.2155,404974.074
300590.SZ,20230704,12.27,2.8224,0.91,33.9581,3.3959,5.6053,561779.815,414777.2861
300590.SZ,20230703,12.06,2.6302,0.83,33.3769,3.3378,5.5094,552165.0016,407678.4084
300590.SZ,20230630,12.22,3.7811,1.22,33.8197,3.3821,5.5825,559490.5737,413087.0772
300590.SZ,20230629,11.85,3.5073,1.08,32.7957,3.2797,5.4135,542550.1881,400579.5306
300590.SZ,20230628,11.72,3.4465,0.97,32.4359,3.2437,5.3541,536598.1607,396184.9873
300590.SZ,20230627,12.03,2.1704,0.59,33.2939,3.3295,5.4957,550791.4568,406664.283
300590.SZ,20230626,11.76,2.8679,0.75,32.5466,3.2548,5.3724,538429.5538,397537.1544
300590.SZ,20230621,12.13,3.5592,0.94,33.5706,3.3572,5.5414,555369.9394,410044.701
300590.SZ,20230620,12.38,4.2692,1.25,34.2625,3.4264,5.6556,566816.1459,418495.7459
300590.SZ,20230619,12.71,4.906,1.72,35.1758,3.5177,5.8063,581925.1385,429651.1253
300590.SZ,20230616,12.33,2.8043,1.0,34.1242,3.4125,5.6327,564526.9046,416805.5369
300590.SZ,20230615,12.25,3.5107,1.37,33.9028,3.3904,5.5962,560864.1185,414101.2026
300590.SZ,20230614,12.29,3.412,1.49,34.0135,3.4015,5.6145,562695.5115,415453.3697
300590.SZ,20230613,12.24,2.4607,1.04,33.8751,3.2787,5.5916,560406.2702,413763.1608
300590.SZ,20230612,12.07,2.0748,0.78,33.4046,3.2332,5.514,552622.8498,408016.4502
300590.SZ,20230609,12.14,2.5646,0.89,33.5983,3.252,5.5459,555827.7876,410382.7428
300590.SZ,20230608,11.99,2.2636,0.8,33.1832,3.2118,5.4774,548960.0637,405312.1158
300590.SZ,20230607,11.99,2.1001,0.71,33.1832,3.2118,5.4774,548960.0637,405312.1158
300590.SZ,20230606,11.82,2.7868,0.99,32.7127,3.1662,5.3998,541176.6433,399565.4052
300590.SZ,20230605,12.2,3.5122,1.42,33.7644,3.268,5.5734,558574.8772,412410.9936
300590.SZ,20230602,11.96,3.7216,1.8,33.1002,3.2037,5.4637,547586.519,404297.9904
300590.SZ,20230601,11.81,1.9984,0.97,32.685,3.1636,5.3952,540718.7951,399227.3634
300590.SZ,20230531,11.9,2.8095,1.58,32.9341,3.1877,5.4363,544839.4294,402269.7396
300590.SZ,20230530,11.63,2.0491,1.24,32.1869,3.1153,5.313,532477.5264,393142.6111
300590.SZ,20230529,11.42,1.8302,1.11,31.6057,3.0591,5.217,522862.7129,386043.7333
300590.SZ,20230526,11.45,1.6652,0.91,31.6887,3.0671,5.2307,524236.2577,387057.8587
300590.SZ,20230525,11.36,1.9311,0.98,31.4396,3.043,5.1896,520115.6234,384015.4825
300590.SZ,20230524,11.27,1.4334,0.7,31.1905,3.0189,5.1485,515994.989,380973.1063
300590.SZ,20230523,11.27,1.3708,0.67,31.1905,3.0189,5.1485,515994.989,380973.1063
300590.SZ,20230522,11.39,1.8568,0.95,31.5226,3.051,5.2033,521489.1681,385029.6079
300590.SZ,20230519,11.49,2.5526,1.38,31.7994,3.0778,5.249,526067.6507,388410.0259
300590.SZ,20230518,11.29,2.6822,1.48,31.2459,3.0243,5.1576,516910.6855,381649.1899
300590.SZ,20230517,11.04,1.7675,0.97,30.554,2.9573,5.0434,505464.479,373198.145
300590.SZ,20230516,10.76,1.3758,0.69,29.7791,2.8823,4.9155,492644.7278,363732.9746
300590.SZ,20230515,10.92,1.4432,0.64,30.2219,2.9251,4.9886,499970.2999,369141.6434
300590.SZ,20230512,10.79,2.0095,0.87,29.8621,2.8903,4.9292,494018.2725,364747.1
300590.SZ,20230511,10.97,2.4864,1.05,30.3603,2.9385,5.0115,502259.5412,370831.8524
300590.SZ,20230510,11.15,1.8039,0.71,30.8584,2.9868,5.0937,510500.8099,376916.6048
300590.SZ,20230509,11.19,2.2062,0.83,30.9691,2.9975,5.112,512332.2029,378268.772
300590.SZ,20230508,11.44,2.8209,1.04,31.661,3.0644,5.2262,523778.4094,386719.8169
300590.SZ,20230505,11.34,2.229,0.7,31.3843,3.0377,5.1805,519199.9268,383339.3989
300590.SZ,20230504,11.62,2.7282,0.84,32.1592,3.1127,5.3084,532019.6781,392804.5693
300590.SZ,20230428,11.92,2.6642,0.74,32.9895,3.193,5.4454,545755.1259,402945.8232
300590.SZ,20230427,11.48,2.9088,0.78,31.7717,3.0752,5.2444,525609.8025,388071.9841
300590.SZ,20230426,11.65,2.9775,0.74,32.2422,3.1207,5.3221,533393.2229,393818.6947
300590.SZ,20230425,11.77,4.6205,1.16,32.5743,3.1528,5.3769,538887.402,397875.1962
300590.SZ,20230424,12.51,3.007,0.67,36.8184,3.4554,6.2202,572718.3997,422852.8306
300590.SZ,20230421,12.55,4.5496,1.05,36.9361,3.4664,6.2401,574549.6336,424204.878
300590.SZ,20230420,13.27,3.4997,0.73,39.0551,3.6653,6.5981,607511.8437,448541.7316
300590.SZ,20230419,13.1,4.3763,0.81,38.5548,3.6183,6.5136,599729.0996,442795.5301
300590.SZ,20230418,13.03,4.4634,0.86,38.3488,3.599,6.4788,596524.4403,440429.4471
300590.SZ,20230417,12.9,5.472,1.04,37.9662,3.5631,6.4141,590572.9302,436035.293
300590.SZ,20230414,13.69,3.8702,0.68,40.2912,3.7813,6.8069,626739.7995,462738.2295
300590.SZ,20230413,13.65,5.9104,0.94,40.1735,3.7702,6.787,624908.5656,461386.1821
300590.SZ,20230412,14.2,7.2277,1.11,41.7922,3.9222,7.0605,650088.0317,479976.8341
300590.SZ,20230411,13.6,3.5418,0.46,40.0264,3.7564,6.7622,622619.5233,459696.1228
300590.SZ,20230410,13.47,5.7593,0.77,39.6438,3.7205,6.6975,616668.0131,455301.9687
300590.SZ,20230407,14.03,5.844,0.78,41.2919,3.8752,6.976,642305.2876,474230.6326
300590.SZ,20230406,13.97,8.92,1.32,41.1153,3.8586,6.9461,639558.4368,472202.5614
300590.SZ,20230404,13.87,8.4352,1.39,40.821,3.831,6.8964,634980.3521,468822.4429
300590.SZ,20230403,13.83,9.5589,1.77,40.7033,3.82,6.8765,633149.1182,467470.3955
300590.SZ,20230331,13.11,4.4832,0.73,38.5842,3.6211,6.5185,600186.9081,443133.5419
300590.SZ,20230330,12.72,6.236,0.93,37.4364,3.5134,6.3246,582332.3777,429951.0796
300590.SZ,20230329,13.25,5.0011,0.67,38.9963,3.6598,6.5881,606596.2267,447865.7079
300590.SZ,20230328,13.0,4.9885,0.67,38.2605,3.5907,6.4638,595151.0149,439415.4115
300590.SZ,20230327,13.34,6.2918,0.86,39.2612,3.6846,6.6329,610716.503,450907.8146
300590.SZ,20230324,13.58,8.1032,1.11,39.9675,3.7509,6.7522,621703.9063,459020.0991
300590.SZ,20230323,13.5,9.1052,1.38,39.7321,3.7288,6.7124,618041.4386,456316.0043
300590.SZ,20230322,13.32,8.6692,1.33,39.2023,3.6791,6.6229,609800.886,450231.7909
300590.SZ,20230321,12.69,4.8664,0.6,37.3481,3.5051,6.3097,580958.9522,428937.044
300590.SZ,20230320,12.59,6.0351,0.74,37.0538,3.4775,6.26,576380.8675,425556.9254
300590.SZ,20230317,13.03,7.7289,0.9,38.3488,3.599,6.4788,596524.4403,440429.4471
300590.SZ,20230316,12.58,5.6489,0.58,37.0244,3.4747,6.255,575923.059,425218.9136
300590.SZ,20230315,12.92,8.3261,0.86,38.0251,3.5686,6.4241,591488.5471,436711.3167
300590.SZ,20230314,13.36,12.6665,1.46,39.32,3.6901,6.6428,611632.1199,451583.8383
300590.SZ,20230313,13.18,6.681,0.7,38.7903,3.6404,6.5533,603391.5674,445499.6249
300590.SZ,20230310,12.97,9.5888,0.98,38.1722,3.5824,6.4489,593777.5895,438401.3759
300590.SZ,20230309,13.25,11.6574,1.09,38.9963,3.6598,6.5881,606596.2267,447865.7079
300590.SZ,20230308,12.64,7.7235,0.75,37.201,3.4913,6.2848,578669.9099,427246.9847
300590.SZ,20230307,12.17,7.7311,0.81,35.8177,3.3615,6.0511,557152.9116,411360.4275
300590.SZ,20230306,12.84,10.8446,1.4,37.7896,3.5465,6.3843,587826.0793,434007.2218
300590.SZ,20230303,12.66,10.7887,1.83,37.2598,3.4968,6.2948,579585.5268,427923.0084
300590.SZ,20230302,13.27,16.5698,5.56,39.0551,3.6653,6.5981,607511.8437,448541.7316
300590.SZ,20230301,11.99,5.7179,2.41,35.288,3.3117,5.9616,548912.3591,405276.2141
300590.SZ,20230228,11.6,3.7475,1.65,34.1401,3.204,5.7677,531057.8287,392093.7518
300590.SZ,20230227,11.34,1.8023,0.74,33.3749,3.1322,5.6385,519154.8084,383305.4436
300590.SZ,20230224,11.4,1.6075,0.55,33.5515,3.1488,5.6683,521901.6592,385333.5147
300590.SZ,20230223,11.39,2.0189,0.59,33.5221,3.146,5.6633,521443.8507,384995.5028
300590.SZ,20230222,11.49,2.6641,0.72,33.8164,3.1736,5.713,526021.9355,388375.6214
300590.SZ,20230221,11.51,3.2497,0.88,33.8753,3.1792,5.723,526937.5524,389051.6451
300590.SZ,20230220,11.43,2.7155,0.68,33.6398,3.1571,5.6832,523275.0846,386347.5503
300590.SZ,20230217,11.27,3.8853,0.92,33.1689,3.1129,5.6036,515950.1491,380939.3606
300590.SZ,20230216,11.56,4.5014,0.94,34.0224,3.193,5.7478,529226.5948,390741.7044
300590.SZ,20230215,12.02,4.2506,0.93,35.3762,3.32,5.9766,550285.7845,406290.2497
300590.SZ,20230214,11.73,3.0807,0.65,34.5227,3.2399,5.8324,537009.3388,396487.9059
300590.SZ,20230213,11.81,4.3035,0.93,34.7582,3.262,5.8721,540671.8066,399192.0008
300590.SZ,20230210,11.9,5.0582,1.2,35.0231,3.2869,5.9169,544792.0829,402234.1075
300590.SZ,20230209,11.98,7.1821,2.19,35.2585,3.309,5.9567,548454.5507,404938.2023
300590.SZ,20230208,11.2,3.2497,0.98,32.9629,3.0935,5.5688,512745.4898,378573.2776
300590.SZ,20230207,11.52,3.9872,1.37,33.9047,3.1819,5.728,527395.3609,389389.657
300590.SZ,20230206,11.39,3.7285,1.38,33.5221,3.146,5.6633,521443.8507,384995.5028
300590.SZ,20230203,11.21,2.9458,1.13,32.9923,3.0963,5.5738,513203.2982,378911.2895
300590.SZ,20230202,11.11,2.4673,0.98,32.698,3.0687,5.5241,508625.2135,375531.1709
300590.SZ,20230201,11.15,3.4474,1.6,32.8157,3.0797,5.544,510456.4474,376883.2183
300590.SZ,20230131,10.72,1.9954,0.85,31.5502,2.961,5.3302,490770.6831,362348.7086
300590.SZ,20230130,10.82,2.6759,0.93,31.8445,2.9886,5.3799,495348.7678,365728.8271
300590.SZ,20230120,10.71,2.445,0.93,31.5208,2.9582,5.3252,490312.8746,362010.6967
300590.SZ,20230119,10.73,2.0539,0.83,31.5796,2.9637,5.3352,491228.4915,362686.7204
300590.SZ,20230118,10.58,1.5883,0.64,31.1382,2.9223,5.2606,484361.3644,357616.5426
300590.SZ,20230117,10.6,2.9571,1.34,31.197,2.9278,5.2705,485276.9814,358292.5663
300590.SZ,20230116,10.69,5.3422,3.61,31.4619,2.9527,5.3153,489397.2576,361334.673
300590.SZ,20230113,10.03,1.258,0.82,29.5194,2.7704,4.9871,459181.8984,339025.8906
300590.SZ,20230112,10.1,1.2917,0.83,29.7255,2.7897,5.0219,462386.5577,341391.9736
300590.SZ,20230111,10.07,1.6181,1.01,29.6372,2.7814,5.007,461013.1323,340377.938
300590.SZ,20230110,10.21,1.5097,0.9,30.0492,2.8201,5.0766,467422.4509,345110.104
300590.SZ,20230109,10.2,1.7165,1.14,30.0198,2.8173,5.0716,466964.6425,344772.0921
300590.SZ,20230106,10.26,1.554,1.15,30.1964,2.8339,5.1015,469711.4933,346800.1632
300590.SZ,20230105,10.31,1.3734,1.05,30.3435,2.8477,5.1263,472000.5357,348490.2225
300590.SZ,20230104,10.26,1.8785,1.53,30.1964,2.8339,5.1015,469711.4933,346800.1632
300590.SZ,20230103,10.22,1.9098,1.86,30.0786,2.8228,5.0816,467880.2594,345448.1158
300590.SZ,20221230,9.81,0.8271,0.77,28.872,2.7096,4.8777,449110.112,331589.6298
300590.SZ,20221229,9.76,0.7623,0.65,28.7248,2.6958,4.8528,446821.0696,329899.5705
300590.SZ,20221228,9.76,1.1761,0.98,28.7248,2.6958,4.8528,446821.0696,329899.5705
300590.SZ,20221227,9.98,1.4759,1.33,29.3723,2.7566,4.9622,456892.8561,337335.8313
300590.SZ,20221226,10.01,0.8911,0.77,29.4606,2.7648,4.9772,458266.2815,338349.8669
300590.SZ,20221223,9.88,1.0564,0.85,29.078,2.7289,4.9125,452314.7713,333955.7127
300590.SZ,20221222,9.82,1.2306,0.97,28.9014,2.7124,4.8827,449567.9205,331927.6416
300590.SZ,20221221,10.0,1.368,1.04,29.4312,2.7621,4.9722,457808.473,338011.855
300590.SZ,20221220,10.22,0.993,0.65,30.0786,2.8228,5.0816,467880.2594,345448.1158
300590.SZ,20221219,10.2,1.1015,0.67,30.0198,2.8173,5.0716,466964.6425,344772.0921
300590.SZ,20221216,10.39,1.5143,0.92,30.579,2.8698,5.1661,475663.0034,351194.3173
300590.SZ,20221215,10.61,1.3341,0.74,31.2265,2.9306,5.2755,485734.7899,358630.5782
300590.SZ,20221214,10.46,1.6028,0.91,30.785,2.8891,5.2009,478867.6628,353560.4003
300590.SZ,20221213,10.54,2.0422,1.22,31.0204,2.9112,5.2407,482530.1305,356264.4952
300590.SZ,20221212,10.79,1.7073,0.99,31.7562,2.9803,5.365,493975.3424,364714.7915
300590.SZ,20221209,10.74,1.5578,0.78,31.6091,2.9665,5.3401,491686.3,363024.7323
300590.SZ,20221208,10.86,2.0776,0.92,31.9622,2.9996,5.3998,497180.0017,367080.8745
300590.SZ,20221207,11.1,1.4221,0.5,32.6686,3.0659,5.5191,508167.405,375193.1591
300590.SZ,20221206,11.19,1.5842,0.57,32.9335,3.0908,5.5639,512287.6813,378235.2657
300590.SZ,20221205,11.32,1.9798,0.74,33.3161,3.1267,5.6285,518239.1914,382629.4199
300590.SZ,20221202,11.38,2.9045,1.14,33.4927,3.1432,5.6583,520986.0423,384657.491
300590.SZ,20221201,11.17,3.4157,1.46,32.8746,3.0852,5.5539,511372.0643,377559.242
300590.SZ,20221130,10.99,4.2247,2.01,32.3448,3.0355,5.4644,503131.5118,371475.0286
300590.SZ,20221129,11.54,1.3723,0.56,33.9636,3.1874,5.7379,528310.9778,390065.6807
300590.SZ,20221128,11.41,1.5191,0.59,33.5809,3.1515,5.6733,522359.4677,385671.5266
300590.SZ,20221125,11.48,2.2621,0.82,33.787,3.1709,5.7081,525564.127,388037.6095
300590.SZ,20221124,11.86,2.3556,0.85,34.9053,3.2758,5.897,542960.849,400882.06
300590.SZ,20221123,11.85,3.0018,1.13,34.8759,3.2731,5.892,542503.0405,400544.0482
300590.SZ,20221122,12.22,3.1445,1.17,35.9649,3.3753,6.076,559441.954,413050.4868
300590.SZ,20221121,12.24,2.1468,0.78,36.0237,3.3808,6.086,560357.571,413726.5105
300590.SZ,20221118,12.31,3.1971,1.19,36.2298,3.4001,6.1208,563562.2303,416092.5935
300590.SZ,20221117,12.45,2.4002,0.88,36.6418,3.4388,6.1904,569971.5489,420824.7595
300590.SZ,20221116,12.22,2.4398,0.92,35.9649,3.3753,6.076,559441.954,413050.4868
300590.SZ,20221115,12.3,3.2351,1.17,36.2003,3.3974,6.1158,563104.4218,415754.5817
300590.SZ,20221114,11.95,2.4652,0.86,35.1616,3.3013,5.9403,546947.4944,403790.5359
300590.SZ,20221111,11.9,2.8491,0.95,35.0145,3.2875,5.9155,544659.0111,402101.0357
300590.SZ,20221110,11.82,2.6164,0.87,34.7791,3.2654,5.8757,540997.4379,399397.8355
300590.SZ,20221109,12.02,2.1022,0.63,35.3676,3.3206,5.9751,550151.3709,406155.8361
300590.SZ,20221108,12.15,3.7677,1.19,35.7501,3.3565,6.0397,556101.4273,410548.5365
300590.SZ,20221107,12.07,3.0329,0.95,35.5147,3.3344,6.0,552439.8541,407845.3362
300590.SZ,20221104,12.3,3.5429,1.15,36.1915,3.398,6.1143,562966.877,415617.0369
300590.SZ,20221103,11.95,2.5209,0.77,35.1616,3.3013,5.9403,546947.4944,403790.5359
300590.SZ,20221102,12.13,3.8112,1.21,35.6913,3.351,6.0298,555186.034,409872.7364
300590.SZ,20221101,11.74,2.883,0.94,34.5437,3.2433,5.8359,537335.8648,396694.6352
300590.SZ,20221031,11.45,3.2044,1.11,33.6904,3.1632,5.6918,524062.662,386895.5344
300590.SZ,20221028,11.06,3.0413,1.18,32.5429,3.0554,5.4979,506212.4927,373717.4332
300590.SZ,20221027,11.66,3.414,1.57,34.3083,3.2212,5.7961,533674.2916,393991.435
300590.SZ,20221026,11.56,3.1658,1.77,34.0141,3.1935,5.7464,529097.3251,390612.4347
300590.SZ,20221025,11.33,2.5546,1.59,33.3374,3.13,5.6321,518570.3022,382840.734
300590.SZ,20221024,11.54,2.3084,1.48,33.9553,3.3036,5.7365,528181.9318,389936.6346
300590.SZ,20221021,11.58,1.4472,0.88,34.073,3.315,5.7564,530012.7184,391288.2347
300590.SZ,20221020,11.57,1.4015,0.74,34.0435,3.3122,5.7514,529555.0217,390950.3347
300590.SZ,20221019,11.57,1.2325,0.61,34.0435,3.3122,5.7514,529555.0217,390950.3347
300590.SZ,20221018,11.64,1.6311,0.82,34.2495,3.3322,5.7862,532758.8983,393315.6349
300590.SZ,20221017,11.57,2.064,1.13,34.0435,3.3122,5.7514,529555.0217,390950.3347
300590.SZ,20221014,11.26,1.8986,1.1,33.1314,3.2234,5.5973,515366.4256,380475.4338
300590.SZ,20221013,11.0,2.635,1.86,32.3664,3.149,5.4681,503466.3128,371690.033
300590.SZ,20221012,10.78,1.9216,1.41,31.719,3.086,5.3587,493396.9865,364256.2323
300590.SZ,20221011,10.35,1.385,1.01,30.4538,2.9629,5.145,473716.0307,349726.5311
300590.SZ,20221010,10.31,1.3167,0.97,30.3361,2.9515,5.1251,471885.2441,348374.9309
300590.SZ,20220930,10.57,1.3333,0.97,31.1011,3.0259,5.2543,483785.3569,357160.3317
300590.SZ,20220929,10.85,1.1348,0.86,31.925,3.1061,5.3935,496600.8631,366621.5326
300590.SZ,20220928,10.87,1.6277,1.39,31.9839,3.1118,5.4034,497516.2564,367297.3326
300590.SZ,20220927,11.32,1.4652,1.42,33.3079,3.2406,5.6271,518112.6055,382502.834
300590.SZ,20220926,11.1,1.2082,1.15,32.6606,3.1776,5.5178,508043.2793,375069.0333
300590.SZ,20220923,11.24,1.4328,1.34,33.0725,3.2177,5.5874,514451.0324,379799.6337
300590.SZ,20220922,11.6,0.8301,0.64,34.1318,3.3208,5.7663,530928.1117,391964.0348
300590.SZ,20220921,11.64,0.9018,0.68,34.2495,3.3322,5.7862,532758.8983,393241.8676
300590.SZ,20220920,11.72,0.7862,0.53,34.4849,3.3551,5.826,536420.4715,395944.5608
300590.SZ,20220919,11.67,1.2966,0.89,34.3378,3.3408,5.8011,534131.9882,394271.46
300590.SZ,20220916,11.68,1.5399,1.08,34.3672,3.3437,5.8061,534589.6849,394609.3104
300590.SZ,20220915,11.91,1.9669,1.44,35.0439,3.4095,5.9204,545116.7078,402379.8705
300590.SZ,20220914,12.41,0.9995,0.68,36.5151,3.5526,6.169,568001.5402,419272.3923
300590.SZ,20220913,12.46,1.5699,0.96,36.6623,3.567,6.1938,570290.0234,420961.6445
300590.SZ,20220909,12.71,1.1802,0.61,37.3979,3.6385,6.3181,581732.4396,429407.9054
300590.SZ,20220908,12.89,1.4292,0.77,37.9275,3.69,6.4076,589970.9793,435489.2133
300590.SZ,20220907,13.09,1.6579,0.92,38.516,3.7473,6.507,599124.9122,442246.222
300590.SZ,20220906,13.21,1.5382,0.89,38.8691,3.7817,6.5666,604617.272,446300.4273
300590.SZ,20220905,13.07,2.3465,1.44,38.4571,3.7416,6.4971,598209.5189,441570.5212
300590.SZ,20220902,13.46,2.645,1.97,39.6047,3.8532,6.6909,616059.6882,454746.6882
300590.SZ,20220901,12.64,1.0337,0.68,37.1919,3.6185,6.2833,578528.5631,427042.9524
300590.SZ,20220831,12.76,1.4712,0.8,37.545,3.6528,6.343,584020.9228,431097.1576
300590.SZ,20220830,13.25,1.1385,0.57,38.9868,3.7931,6.5865,606448.0586,447651.829
300590.SZ,20220829,13.09,1.8727,0.97,38.516,3.7473,6.507,599124.9122,442246.222
300590.SZ,20220826,12.9,1.196,0.55,37.9569,3.6929,6.4125,590428.6759,435827.0637
300590.SZ,20220825,13.02,1.8972,0.79,38.31,3.7273,6.4722,595921.0357,439881.269
300590.SZ,20220824,13.2,3.1025,1.24,38.8396,3.7788,6.5617,604159.5754,445962.5768
300590.SZ,20220823,14.0,1.8391,0.74,41.1936,4.0078,6.9594,640775.3072,472990.6118
300590.SZ,20220822,14.09,1.5878,0.64,41.4584,4.0336,7.0041,644894.577,476031.2657
300590.SZ,20220819,14.23,2.5231,0.95,41.8703,4.0737,7.0737,651302.3301,480761.1719
300590.SZ,20220818,14.62,2.9001,1.05,43.0178,4.1853,7.2676,669152.4994,493937.3389
300590.SZ,20220817,14.06,3.6191,1.41,41.3701,4.025,6.9892,643521.4871,475017.7144
300590.SZ,20220816,14.55,1.7908,0.63,42.8119,4.1653,7.2328,665948.6228,491572.3858
300590.SZ,20220815,14.66,1.6462,0.55,43.1355,4.1968,7.2874,670983.286,495288.7406
300590.SZ,20220812,14.58,3.2591,0.96,42.9001,4.1738,7.2477,667321.7128,492585.9371
300590.SZ,20220811,15.07,3.4599,1.08,44.2541,4.3211,7.4764,688383.2805,507775.0405
300590.SZ,20220810,14.74,2.6908,0.8,43.2851,4.2264,7.3127,673309.1941,496655.879
300590.SZ,20220809,14.93,3.0831,0.87,43.843,4.2809,7.407,681988.2135,503057.8205
300590.SZ,20220808,14.71,2.4506,0.69,43.197,4.2178,7.2978,671938.8226,495645.0462
300590.SZ,20220805,14.65,5.2853,1.8,43.0208,4.2006,7.268,669198.0796,493623.3805
300590.SZ,20220804,14.02,2.4558,0.76,41.1707,4.02,6.9555,640420.2782,472395.8904
300590.SZ,20220803,13.8,3.5707,1.1,40.5247,3.9569,6.8464,630370.8872,464983.1161
300590.SZ,20220802,13.47,3.9954,1.35,39.5556,3.8623,6.6826,615296.8008,453863.9546
300590.SZ,20220801,14.08,2.4515,0.79,41.3469,4.0372,6.9853,643161.0212,474417.5561
300590.SZ,20220729,13.84,2.2465,0.62,40.6421,3.9684,6.8662,632198.0492,466330.8932
300590.SZ,20220728,14.0,3.8575,0.94,41.112,4.0143,6.9456,639506.6972,471722.0018
300590.SZ,20220727,14.0,3.7246,0.93,41.112,4.0143,6.9456,639506.6972,471722.0018
300590.SZ,20220726,13.63,2.5548,0.61,40.0255,3.9082,6.762,622605.4488,459255.0632
300590.SZ,20220725,13.58,3.1608,0.78,39.8786,3.8938,6.7372,620321.4963,457570.3417
300590.SZ,20220722,13.97,4.8219,1.38,41.0239,4.0057,6.9307,638136.3257,470711.1689
300590.SZ,20220721,14.28,6.2767,2.17,41.9342,4.0945,7.0845,652296.8311,481156.4418
300590.SZ,20220720,14.07,3.1778,1.03,41.3176,4.2195,6.9803,642704.2307,474080.6118
300590.SZ,20220719,14.1,3.6318,1.34,41.4057,4.2285,6.9952,644074.6022,475091.4447
300590.SZ,20220718,13.58,2.3021,0.89,39.8786,4.0725,6.7372,620321.4963,457570.3417
300590.SZ,20220715,13.18,2.1144,0.82,38.704,3.9526,6.5388,602049.8764,444092.5703
300590.SZ,20220714,13.61,3.2643,1.37,39.9667,4.0815,6.7521,621691.8678,458581.1746
300590.SZ,20220713,13.22,4.1118,1.98,38.8215,3.9646,6.5586,603877.0384,445440.3474
300590.SZ,20220712,12.3,1.7257,0.7,36.1198,3.6887,6.1022,561852.3125,414441.473
300590.SZ,20220711,12.82,1.6684,0.62,37.6468,3.8446,6.3602,585605.4184,431962.5759
300590.SZ,20220708,13.05,2.083,0.73,38.3223,3.9136,6.4743,596111.5999,439712.2945
300590.SZ,20220707,13.0,2.3334,0.64,38.1754,3.8986,6.4495,593827.6474,438027.5731
300590.SZ,20220706,12.8,2.5943,0.6,37.5881,3.8386,6.3502,584691.8374,431288.6874
300590.SZ,20220705,12.6,3.6856,0.9,37.0008,3.7786,6.251,575556.0275,424549.8016
300590.SZ,20220704,13.14,2.7109,0.66,38.5865,3.9406,6.5189,600222.7144,442744.7931
300590.SZ,20220701,13.32,2.9168,0.68,39.1151,3.9946,6.6082,608444.9433,448809.7903
300590.SZ,20220630,13.57,6.2833,1.9,39.8493,4.0695,6.7322,619864.7058,457233.3975
300590.SZ,20220629,13.17,6.0047,2.43,38.6746,3.9496,6.5338,601593.0859,443755.626
300590.SZ,20220628,19.2,3.9869,1.17,37.5881,3.7269,6.3502,584691.8381,431288.688
300590.SZ,20220627,18.77,4.1599,1.39,36.7463,3.6434,6.208,571597.1771,421629.6184
300590.SZ,20220624,19.12,5.4748,2.34,37.4315,3.7113,6.3238,582255.6221,429491.6518
300590.SZ,20220623,18.02,2.2315,0.89,35.278,3.4978,5.96,548757.6522,404782.4041
300590.SZ,20220622,17.51,2.6572,1.09,34.2796,3.3988,5.7913,533226.7752,393326.2983
300590.SZ,20220621,17.96,2.5416,1.04,35.1605,3.4862,5.9401,546930.4902,403434.6269
300590.SZ,20220620,17.96,2.1114,0.89,35.1605,3.4862,5.9401,546930.4902,403434.6269
300590.SZ,20220617,17.66,2.1476,0.94,34.5732,3.4279,5.8409,537794.6802,396695.7412
300590.SZ,20220616,17.69,3.0758,1.43,34.632,3.4338,5.8508,538708.2612,397369.6297
300590.SZ,20220615,17.33,2.2611,0.99,33.9272,3.3639,5.7318,527745.2893,389282.9668
300590.SZ,20220614,17.22,2.6507,1.16,33.7118,3.3425,5.6954,524395.4923,386812.0421
300590.SZ,20220613,17.47,1.7134,0.72,34.2013,3.3911,5.7781,532008.6673,392427.7802
300590.SZ,20220610,17.32,1.7358,0.69,33.9076,3.3619,5.7284,527440.7623,389058.3373
300590.SZ,20220609,16.94,2.3948,0.96,33.1637,3.2882,5.6028,515868.7363,380522.4154
300590.SZ,20220608,17.52,2.8784,1.22,34.2992,3.4008,5.7946,533531.3022,393550.9278
300590.SZ,20220607,17.44,2.7267,1.22,34.1425,3.3852,5.7681,531095.0863,391753.8916
300590.SZ,20220606,17.61,2.105,0.94,34.4753,3.4182,5.8244,536272.0452,395572.5935
300590.SZ,20220602,17.45,2.4326,0.97,34.1621,3.3872,5.7714,531399.6133,391978.5211
300590.SZ,20220601,17.15,2.3287,0.96,33.5748,3.3289,5.6722,522263.8033,385239.6354
300590.SZ,20220531,17.04,2.2024,0.85,33.3594,3.3076,5.6358,518914.0063,382768.7106
300590.SZ,20220530,16.74,2.0858,0.85,32.7721,3.2494,5.5366,509778.1963,376029.8249
300590.SZ,20220527,16.4,2.1927,0.87,32.1065,3.1834,5.4242,499424.2784,368392.421
300590.SZ,20220526,16.5,3.7749,1.77,32.3023,3.2028,5.4572,502469.5484,370638.7163
300590.SZ,20220525,16.07,1.8161,0.87,31.4605,3.1193,5.315,489374.8874,360979.6467
300590.SZ,20220524,15.85,3.026,1.57,31.0298,3.0766,5.2423,482675.2934,356037.7971
300590.SZ,20220523,16.93,1.4775,0.75,33.1441,3.2862,5.5995,515564.2093,380297.7858
300590.SZ,20220520,16.9,2.4352,1.39,33.0854,3.2804,5.5895,514650.6283,379623.8973
300590.SZ,20220519,16.61,1.8911,1.09,32.5176,3.2241,5.4936,505819.3453,373109.641
300590.SZ,20220518,16.75,1.6126,0.79,32.7917,3.2513,5.5399,510082.7233,376254.4544
300590.SZ,20220517,16.8,2.2159,0.98,32.8896,3.261,5.5565,511605.3583,377377.602
300590.SZ,20220516,16.51,1.699,0.68,32.3219,3.2047,5.4605,502774.0753,370863.3458
300590.SZ,20220513,16.58,1.3483,0.51,32.4589,3.2183,5.4837,504905.7643,372435.7525
300590.SZ,20220512,16.5,1.8315,0.63,32.3023,3.2028,5.4572,502469.5484,370638.7163
300590.SZ,20220511,16.36,3.0736,1.08,32.0282,3.1756,5.4109,498206.1704,367493.9029
300590.SZ,20220510,16.52,3.3764,1.23,32.3414,3.2067,5.4639,503078.6023,371087.9753
300590.SZ,20220509,16.0,2.8622,0.99,31.3234,3.1057,5.2919,487243.1984,359407.24
300590.SZ,20220506,15.45,2.0793,0.7,30.2467,2.999,5.11,470494.2135,347052.6161
300590.SZ,20220505,15.58,3.1201,1.05,30.5012,3.0242,5.153,474453.0644,349972.8
300590.SZ,20220429,15.43,2.7345,0.92,30.2075,2.9951,5.1033,469885.1595,346603.3571
300590.SZ,20220428,15.01,2.9651,1.0,29.3853,2.9136,4.9644,457095.0255,337168.917
300590.SZ,20220427,15.19,3.4878,1.17,29.7377,2.9485,5.024,462576.5115,341212.2485
300590.SZ,20220426,14.16,2.6386,0.83,27.7212,2.7486,4.6833,431210.2306,318075.4074
300590.SZ,20220425,14.77,2.9825,0.94,28.9154,2.867,4.8851,449786.3775,331777.8084
300590.SZ,20220422,15.92,2.7366,0.76,31.1668,3.0902,5.2654,484806.9824,357610.2038
300590.SZ,20220421,16.25,2.9784,0.59,31.8129,3.1542,5.3746,494856.3734,365022.9781
300590.SZ,20220420,16.94,3.5639,0.73,33.1637,3.2882,5.6028,515868.7363,380522.4154
300590.SZ,20220419,17.27,3.6762,0.79,33.8097,3.3522,5.7119,525918.1273,387935.1897
300590.SZ,20220418,17.77,2.8487,0.62,34.7886,3.4493,5.8773,541144.4772,399166.6659
300590.SZ,20220415,17.76,4.9651,1.25,34.769,3.4473,5.874,540839.9502,398942.0364
300590.SZ,20220414,17.96,10.1415,4.48,35.1605,3.4862,5.9401,546930.4902,403434.6269
300590.SZ,20220413,19.9,2.6576,1.21,66.9857,4.0507,12.8208,606008.728,447012.7548
300590.SZ,20220412,20.64,2.5633,1.26,69.4767,4.2013,13.2975,628543.7259,463635.3396
300590.SZ,20220411,20.59,2.676,1.5,69.3084,4.1912,13.2653,627021.0909,462512.192
300590.SZ,20220408,21.75,1.782,0.97,73.2131,4.4273,14.0127,662346.2228,488569.2169
300590.SZ,20220407,21.86,1.6382,0.89,73.5833,4.4497,14.0835,665696.0198,491040.1417
300590.SZ,20220406,22.4,2.3237,1.48,75.401,4.5596,14.4314,682140.4778,503170.136
300590.SZ,20220401,23.15,1.7595,1.21,77.9256,4.7122,14.9146,704980.0027,520017.3504
300590.SZ,20220331,23.6,1.4373,0.93,79.4404,4.8038,15.2045,718683.7176,530125.679
300590.SZ,20220330,23.52,2.0048,1.17,79.1711,4.7876,15.153,716247.5016,528328.6428
300590.SZ,20220329,23.36,1.6746,1.06,78.6325,4.755,15.0499,711375.0697,524734.5704
300590.SZ,20220328,23.95,0.9647,0.57,80.6185,4.8751,15.43,729342.1626,537987.7124
300590.SZ,20220325,24.26,1.1718,0.69,81.662,4.9382,15.6297,738782.4996,544951.2277
300590.SZ,20220324,25.05,1.9306,1.13,84.3212,5.099,16.1387,762840.1325,562696.9601
300590.SZ,20220323,25.92,2.8602,1.91,87.2498,5.2761,16.6992,789333.9814,582239.7288
300590.SZ,20220322,24.63,0.965,0.57,82.9075,5.0135,15.8681,750049.9985,553262.5201
300590.SZ,20220321,24.88,1.5125,0.85,83.749,5.0644,16.0292,757663.1735,558878.2582
300590.SZ,20220318,24.9,1.1707,0.65,83.8163,5.0685,16.0421,758272.2275,559327.5173
300590.SZ,20220317,24.88,2.0309,1.11,83.749,5.0644,16.0292,757663.1735,558878.2582
300590.SZ,20220316,24.19,1.8046,0.97,81.4264,4.9239,15.5846,736650.8106,543378.821
300590.SZ,20220315,23.3,1.9084,1.01,78.4305,4.7428,15.0113,709547.9077,523386.7933
300590.SZ,20220314,24.5,1.9528,1.05,82.4699,4.987,15.7844,746091.1476,550342.3363
300590.SZ,20220311,25.64,1.3037,0.56,86.3072,5.2191,16.5188,780807.2254,575950.1021
300590.SZ,20220310,25.67,2.1422,0.82,86.4082,5.2252,16.5382,781720.8064,576623.9907
300590.SZ,20220309,25.2,2.0265,0.83,84.8262,5.1295,16.2354,767408.0375,566066.403
300590.SZ,20220308,25.12,2.0124,0.85,84.5569,5.1132,16.1838,764971.8215,564269.3668
300590.SZ,20220307,25.08,1.7919,0.81,84.4222,5.1051,16.158,763753.7135,563370.8487
300590.SZ,20220304,25.59,3.6965,2.14,86.1389,5.2089,16.4866,779284.5904,574826.9545
300590.SZ,20220303,26.44,3.5351,2.53,89.0001,5.3819,17.0342,805169.3854,593920.4641
300590.SZ,20220302,27.95,1.2704,0.82,94.083,5.6893,18.0071,851152.9622,587464.6322
300590.SZ,20220301,28.15,1.6814,1.06,94.7562,5.73,18.1359,857243.5022,591633.6902
300590.SZ,20220228,27.1,1.1703,0.69,91.2218,5.5163,17.4594,825268.1673,569565.6485
300590.SZ,20220225,27.1,1.3385,0.73,91.2218,5.5163,17.4594,825268.1673,569565.6485
300590.SZ,20220224,26.98,2.017,1.13,90.8178,5.4919,17.3821,821613.8433,567043.5865
300590.SZ,20220223,27.86,1.5008,0.87,93.78,5.671,17.9491,848412.2192,585538.7072
300590.SZ,20220222,27.28,1.8852,1.12,91.8277,5.5529,17.5754,830749.6533,573348.7413
300590.SZ,20220221,28.16,1.71,0.99,94.7899,5.732,18.1424,857548.0292,591843.862
300590.SZ,20220218,27.5,2.0451,1.08,92.5682,5.5977,17.7171,837449.2473,577972.5215
300590.SZ,20220217,27.98,1.8211,0.87,94.184,5.6954,18.0264,852066.5432,588060.7691
300590.SZ,20220216,28.6,1.1964,0.45,96.271,5.8216,18.4258,870947.2171,601091.4224
300590.SZ,20220215,28.91,1.609,0.56,97.3145,5.8847,18.6256,880387.5541,607606.749
300590.SZ,20220214,27.87,1.9632,0.58,93.8137,5.673,17.9555,848716.7462,585748.8791
300590.SZ,20220211,28.7,2.8643,0.8,96.6076,5.842,18.4903,873992.4871,603193.1406
300590.SZ,20220210,29.93,2.8566,0.63,100.7479,6.0923,19.2827,911449.308,629044.2752
300590.SZ,20220209,30.09,4.1168,1.01,101.2865,6.1249,19.3858,916321.74,632407.0244
300590.SZ,20220208,29.76,2.6735,0.61,100.1757,6.0577,19.1732,906272.349,625471.3542
300590.SZ,20220207,30.19,4.4305,1.13,101.6231,6.1453,19.4502,919367.01,634508.7427
300590.SZ,20220128,28.95,3.8089,1.06,97.4491,5.8929,18.6513,881605.6621,608447.4363
300590.SZ,20220127,29.58,7.6719,2.79,99.5698,6.0211,19.0572,900790.863,621688.2613
300590.SZ,20220126,27.42,1.8475,0.63,92.2989,5.5814,17.6656,835013.0313,576291.1469
300590.SZ,20220125,27.38,4.3266,1.56,92.1643,5.5733,17.6398,833794.9233,575450.4596
300590.SZ,20220124,28.4,1.895,0.54,95.5977,5.7809,18.297,864856.6772,596887.9858
300590.SZ,20220121,28.45,2.2359,0.61,95.766,5.7911,18.3292,866379.3122,597938.845
300590.SZ,20220120,29.17,3.462,0.95,98.1896,5.9376,18.7931,888305.2561,613071.2164
300590.SZ,20220119,30.25,2.8179,0.76,101.825,6.1575,19.4889,921194.172,635769.7737
300590.SZ,20220118,30.71,3.488,0.95,103.3735,6.2511,19.7852,935202.4139,645437.6776
300590.SZ,20220117,31.65,5.4942,1.72,106.5376,6.4424,20.3908,963827.9518,665193.8293
300590.SZ,20220114,29.45,2.9665,0.83,99.1322,5.9946,18.9735,896832.0121,618956.0276
300590.SZ,20220113,29.23,3.4637,0.98,98.3916,5.9498,18.8317,890132.4181,614332.2474
300590.SZ,20220112,30.2,3.2388,0.82,101.6567,6.1473,19.4567,919671.537,634718.9145
300590.SZ,20220111,29.37,3.2359,0.73,98.8629,5.9783,18.9219,894395.7961,617274.653
300590.SZ,20220110,29.14,3.0855,0.65,98.0887,5.9315,18.7737,887391.6751,612440.701
300590.SZ,20220107,28.89,4.7938,0.93,97.2471,5.8806,18.6127,879778.5001,607186.4053
300590.SZ,20220106,29.38,3.4005,0.5,98.8965,5.9804,18.9284,894700.3231,617484.8248
300590.SZ,20220105,28.69,5.132,0.79,96.5739,5.8399,18.4838,873687.9601,602982.9688
300590.SZ,20220104,29.97,5.6991,0.92,100.8825,6.1005,19.3085,912667.416,629884.9625
300590.SZ,20211231,28.85,4.8114,0.78,97.1125,5.8725,18.5869,878560.3921,606345.718
300590.SZ,20211230,28.7,6.6357,1.11,96.6076,5.842,18.4903,873992.4871,603193.1406
300590.SZ,20211229,29.46,11.814,2.48,99.1658,5.9967,18.9799,897136.5391,619166.1994
300590.SZ,20211228,27.27,3.6226,0.74,91.794,5.5509,17.569,830445.1263,573138.5695
300590.SZ,20211227,27.51,4.1804,0.75,92.6019,5.5997,17.7236,837753.7742,578182.6933
300590.SZ,20211224,26.5,4.6504,0.83,89.2021,5.3942,17.0729,806996.5474,556955.3389
300590.SZ,20211223,27.19,5.5561,1.08,91.5247,5.5346,17.5174,828008.9103,571457.1949
300590.SZ,20211222,27.11,5.807,1.27,91.2554,5.5183,17.4659,825572.6943,569775.8203
300590.SZ,20211221,26.23,4.3279,0.93,88.2933,5.3392,16.8989,798774.3184,551280.6996
300590.SZ,20211220,25.86,7.3968,1.71,87.0478,5.2639,16.6606,787506.8194,543504.342
300590.SZ,20211217,25.15,4.8319,1.18,84.6579,5.1194,16.2031,765885.4025,528582.1424
300590.SZ,20211216,25.28,3.2701,0.76,85.0954,5.1458,16.2869,769844.2535,531314.3761
300590.SZ,20211215,25.59,3.0587,0.72,86.1389,5.2089,16.4866,779284.5904,537829.7027
300590.SZ,20211214,25.72,4.8131,1.2,86.5765,5.2354,16.5704,783243.4414,540561.9365
300590.SZ,20211213,25.58,5.6453,1.57,86.1053,5.2069,16.4802,778980.0634,537619.5309
300590.SZ,20211210,24.32,3.7492,0.99,81.864,4.9504,15.6684,740609.6616,511137.8808
300590.SZ,20211209,24.89,4.1924,1.2,83.7827,5.0664,16.0356,757967.7005,523117.6749
300590.SZ,20211208,25.78,2.9516,0.83,86.7785,5.2476,16.609,785070.6034,541822.9674
300590.SZ,20211207,25.11,3.546,1.01,84.5232,5.1112,16.1774,764667.2945,527741.4551
300590.SZ,20211206,26.12,3.528,1.08,87.923,5.3168,16.8281,795424.5214,548968.8095
300590.SZ,20211203,26.38,4.7066,1.68,88.7982,5.3697,16.9956,803342.2234,554433.277
300590.SZ,20211202,25.72,2.6693,0.92,86.5765,5.2354,16.5704,783243.4414,540561.9365
300590.SZ,20211201,26.59,3.3405,1.09,89.5051,5.4125,17.1309,809737.2903,558846.8853
300590.SZ,20211130,26.23,3.3818,0.98,88.2933,5.3392,16.8989,798774.3184,551280.6996
300590.SZ,20211129,25.71,2.1845,0.62,86.5429,5.2333,16.5639,782938.9144,540351.7646
300590.SZ,20211126,25.77,2.4184,0.68,86.7448,5.2456,16.6026,784766.0764,541612.7956
300590.SZ,20211125,26.16,3.1437,0.86,88.0576,5.3249,16.8538,796642.6294,549809.4968
300590.SZ,20211124,26.42,4.1816,1.18,88.9328,5.3779,17.0213,804560.3314,555273.9643
300590.SZ,20211123,26.25,5.2926,1.61,88.3606,5.3433,16.9118,799383.3724,551701.0433
300590.SZ,20211122,25.19,2.5552,0.75,84.7925,5.1275,16.2289,767103.5105,529422.8297
300590.SZ,20211119,24.82,2.6106,0.72,83.547,5.0522,15.9905,755836.0115,521646.4721
300590.SZ,20211118,24.98,3.7187,0.93,84.0856,5.0847,16.0936,760708.4435,525009.2213
300590.SZ,20211117,25.14,3.5442,0.88,84.6242,5.1173,16.1967,765580.8755,528371.9706
300590.SZ,20211116,25.15,3.9965,1.01,84.6579,5.1194,16.2031,765885.4025,528582.1424
300590.SZ,20211115,24.77,3.0919,0.77,83.3787,5.042,15.9583,754313.3765,520595.613
300590.SZ,20211112,24.48,3.8978,0.96,82.4026,4.983,15.7715,745482.0936,514500.63
300590.SZ,20211111,23.99,5.3682,1.51,80.7532,4.8832,15.4558,730560.2706,504202.2106
300590.SZ,20211110,23.33,3.8769,1.14,78.5315,4.7489,15.0306,710461.4887,490330.8701
300590.SZ,20211109,22.43,3.4777,1.06,75.502,4.5657,14.4508,683054.0588,471415.4057
300590.SZ,20211108,22.11,3.5367,1.06,74.4249,4.5006,14.2446,673309.1948,464689.9073
300590.SZ,20211105,22.7,4.0981,1.41,76.4109,4.6206,14.6247,691276.2877,477090.045
300590.SZ,20211104,23.15,2.7997,0.94,77.9256,4.7122,14.9146,704980.0027,486547.7772
300590.SZ,20211103,23.06,3.0565,0.97,77.6227,4.6939,14.8566,702239.2597,484656.2308
300590.SZ,20211102,23.05,2.8965,0.93,77.589,4.6919,14.8502,701934.7327,484446.0589
300590.SZ,20211101,23.26,3.8939,1.39,78.2959,4.7346,14.9855,708329.7997,488859.6673
300590.SZ,20211029,23.0,1.8913,0.62,77.4207,4.6817,14.818,700412.0977,483395.1998
300590.SZ,20211028,22.72,3.1784,1.08,76.4782,4.6247,14.6376,691885.3417,477510.3887
300590.SZ,20211027,23.49,3.8511,1.31,79.0701,4.7815,15.1337,715333.9207,493693.6193
300590.SZ,20211026,24.7,2.6753,0.83,83.1431,5.1665,15.9132,752181.6875,519124.4102
300590.SZ,20211025,25.16,2.459,0.74,84.6915,5.2627,16.2096,766189.9295,528792.3142
300590.SZ,20211022,25.09,2.9902,0.88,84.4559,5.2481,16.1645,764058.2405,527321.1114
300590.SZ,20211021,25.18,2.7053,0.73,84.7588,5.2669,16.2225,766798.9835,529212.6579
300590.SZ,20211020,25.77,3.9071,1.11,86.7448,5.3903,16.6026,784766.0764,541612.7956
300590.SZ,20211019,26.8,3.9911,1.23,90.2119,5.6057,17.2662,816132.3573,563260.4937
300590.SZ,20211018,26.02,3.0942,0.93,87.5864,5.4426,16.7636,792379.2514,546867.0913
300590.SZ,20211015,25.79,3.2398,1.02,86.8122,5.3945,16.6155,785375.1304,542033.1393
300590.SZ,20211014,25.69,4.3893,1.63,86.4756,5.3736,16.551,782329.8604,539931.421
300590.SZ,20211013,25.25,2.9586,1.11,84.9945,5.2815,16.2676,768930.6725,530683.8607
300590.SZ,20211012,24.24,2.5821,0.93,81.5947,5.0703,15.6169,738173.4456,509456.5062
300590.SZ,20211011,25.59,3.4396,1.34,86.1389,5.3526,16.4866,779284.5904,537829.7027
300590.SZ,20211008,25.48,2.5753,1.08,85.7687,5.3296,16.4157,775934.7935,535517.8126
300590.SZ,20210930,24.55,1.9349,0.79,82.6382,5.1351,15.8166,747613.7825,515971.8328
300590.SZ,20210929,24.4,2.7452,1.09,82.1333,5.1037,15.7199,743045.8776,512819.2554
300590.SZ,20210928,24.43,3.1348,1.28,82.2342,5.11,15.7393,743959.4586,513449.7709
300590.SZ,20210927,23.77,2.4213,0.94,80.0126,4.972,15.3141,723860.6766,499578.4304
300590.SZ,20210924,23.51,1.7406,0.66,79.1374,4.9176,15.1466,715942.9746,494113.9629
300590.SZ,20210923,24.01,2.2552,0.84,80.8205,5.0222,15.4687,731169.3246,504622.5542
300590.SZ,20210922,23.54,3.0324,1.14,79.2384,4.9238,15.1659,716856.5556,494744.4784
300590.SZ,20210917,24.4,2.7865,0.86,82.1333,5.1037,15.7199,743045.8776,512819.2554
300590.SZ,20210916,25.82,3.011,0.73,86.9131,5.4008,16.6348,786288.7114,542663.6547
300590.SZ,20210915,25.49,2.118,0.48,85.8023,5.3317,16.4222,776239.3205,535727.9845
300590.SZ,20210914,25.34,2.4331,0.5,85.2974,5.3004,16.3255,771671.4155,532575.4071
300590.SZ,20210913,25.25,2.8961,0.56,84.9345,5.2853,16.2561,768387.7975,530683.8607
300590.SZ,20210910,26.04,5.7052,1.17,87.5918,5.4507,16.7647,792428.4454,547287.4349
300590.SZ,20210909,27.2,7.5047,1.89,91.4938,5.6935,17.5115,827728.6373,571667.3667
300590.SZ,20210908,26.39,3.6807,0.88,88.7691,5.5239,16.99,803079.3654,554643.4488
300590.SZ,20210907,26.7,4.7851,1.09,89.8119,5.5888,17.1896,812513.0373,561158.7754
300590.SZ,20210906,26.1,4.1016,0.9,87.7936,5.4632,16.8033,794254.3174,548548.4659
300590.SZ,20210903,25.98,4.4083,0.98,87.39,5.4381,16.7261,790602.5734,546026.4039
300590.SZ,20210902,25.08,2.9152,0.61,80.358,6.4682,15.3802,726985.4328,527110.9396
300590.SZ,20210901,25.67,4.6129,0.87,82.2484,6.6204,15.742,744087.5622,539511.0773
300590.SZ,20210831,24.55,5.8402,1.06,78.6599,6.3315,15.0551,711622.503,515971.8328
300590.SZ,20210830,26.35,5.0012,0.81,84.4272,6.7958,16.159,763798.491,553802.7615
300590.SZ,20210827,26.05,4.078,0.5,83.466,6.7184,15.975,755102.493,547497.6067
300590.SZ,20210826,26.3,4.5484,0.41,84.267,6.7829,16.1283,762349.158,552751.9024
300590.SZ,20210825,26.14,6.9968,0.67,83.7543,6.7416,16.0302,757711.2924,549389.1532
300590.SZ,20210824,27.09,6.9552,0.7,86.7982,6.9866,16.6128,785248.6194,569355.4766
300590.SZ,20210823,27.08,8.3114,0.87,86.7661,6.984,16.6067,784958.7528,569145.3048
300590.SZ,20210820,27.63,13.8043,1.78,88.5284,7.1259,16.9439,800901.4158,580704.7552
300590.SZ,20210819,30.13,19.2984,3.54,96.5385,7.7706,18.4771,873368.0658,633247.7117
300590.SZ,20210818,26.27,4.1911,0.69,84.1708,6.7751,16.1099,761479.5582,552121.3869
300590.SZ,20210817,25.92,4.0573,0.59,83.0494,6.6849,15.8953,751334.2272,544765.373
300590.SZ,20210816,26.17,6.2345,0.87,83.8504,6.7493,16.0486,758580.8922,550019.6686
300590.SZ,20210813,25.84,4.9783,0.67,82.7931,6.6642,15.8462,749015.2944,543083.9984
300590.SZ,20210812,25.6,7.7854,0.98,82.0241,6.6023,15.6991,742058.496,538039.8746
300590.SZ,20210811,26.67,7.2045,0.82,85.4525,6.8783,16.3552,773074.2222,560528.2599
300590.SZ,20210810,27.98,8.2091,0.85,89.6498,7.2162,17.1586,811046.7468,588060.7691
300590.SZ,20210809,27.38,7.8282,0.78,87.7274,7.0614,16.7906,793654.7508,575450.4596
300590.SZ,20210806,27.33,6.3675,0.58,87.5672,7.0485,16.76,792205.4178,574399.6005
300590.SZ,20210805,27.04,9.9571,0.77,86.638,6.9737,16.5821,783799.2864,568304.6175
300590.SZ,20210804,28.72,11.746,0.85,92.0208,7.407,17.6124,832496.8752,603613.4843
300590.SZ,20210803,27.08,12.6453,0.92,86.7661,6.984,16.6067,784958.7528,569145.3048
300590.SZ,20210802,28.7,9.558,0.68,91.9567,7.4018,17.6001,831917.142,603193.1406
300590.SZ,20210730,28.61,11.3548,0.74,91.9194,7.3988,17.593,831579.4044,601301.5942
300590.SZ,20210729,30.01,19.2923,1.36,96.4174,7.7609,18.4539,872271.8604,630725.6498
300590.SZ,20210728,28.38,16.2655,1.14,91.1804,7.3394,17.4515,824894.2152,596467.6422
300590.SZ,20210727,26.5,12.2087,0.78,85.1403,6.8532,16.2955,770250.06,556955.3389
300590.SZ,20210726,27.8,11.1797,0.72,89.317,7.1894,17.0949,808035.912,584277.6763
300590.SZ,20210723,27.56,18.1624,1.37,88.5459,7.1273,16.9473,801060.0624,579233.5525
300590.SZ,20210722,26.57,12.9817,1.15,85.3652,6.8713,16.3385,772284.6828,558426.5417
300590.SZ,20210721,26.83,16.6027,1.91,86.2005,6.9385,16.4984,779841.8532,563891.0092
300590.SZ,20210720,27.3,18.9858,3.29,87.7106,7.3639,16.7874,793502.892,573792.1808
300590.SZ,20210719,25.02,11.4299,2.38,80.3853,6.7489,15.3854,727232.3208,525871.0756
300590.SZ,20210716,20.85,6.1144,1.49,66.9877,5.6241,12.8212,606026.934,438225.8963
300590.SZ,20210715,19.43,3.3776,0.8,62.4255,5.2411,11.948,564753.1572,408380.2957
300590.SZ,20210714,20.21,3.577,0.92,64.9315,5.4515,12.4276,587424.6684,424774.358
300590.SZ,20210713,21.0,4.3476,1.21,67.4697,5.6646,12.9134,610386.84,441378.6006
300590.SZ,20210712,21.05,6.5708,2.18,67.6303,5.678,12.9441,611840.142,442429.502
300590.SZ,20210709,20.0,2.6438,0.83,64.2568,5.3948,12.2985,581320.8,420360.572
300590.SZ,20210708,20.05,3.8979,1.16,64.4175,5.4083,12.3292,582774.102,421411.4734
300590.SZ,20210707,19.58,1.9865,0.57,62.9074,5.2815,12.0402,569113.0632,411533.0
300590.SZ,20210706,19.74,2.8231,0.84,63.4215,5.3247,12.1386,573763.6296,414895.8846
300590.SZ,20210705,20.39,3.7088,1.18,65.5098,5.5,12.5383,592656.5556,428557.6032
300590.SZ,20210702,19.85,3.4955,1.18,63.7749,5.3544,12.2062,576960.894,417207.8677
300590.SZ,20210701,19.76,4.7647,1.93,63.4858,5.3301,12.1509,574344.9504,415316.2451
300590.SZ,20210630,19.14,2.6033,1.0,61.4938,5.1628,11.7696,556324.0056,402285.0674
300590.SZ,20210629,19.08,2.208,0.75,61.301,5.1467,11.7327,554580.0432,401023.9857
300590.SZ,20210628,19.76,2.6221,0.87,63.4858,5.3301,12.1509,574344.9504,415316.2451
300590.SZ,20210625,19.2,2.5577,0.78,61.6866,5.179,11.8065,558067.968,403546.1491
300590.SZ,20210624,19.54,2.3732,0.61,62.7789,5.2707,12.0156,567950.4216,410692.2788
300590.SZ,20210623,20.03,3.2896,0.71,64.3532,5.4029,12.3169,582192.7812,420991.1129
300590.SZ,20210622,19.7,3.8311,0.82,63.293,5.3139,12.114,572600.988,414055.1634
300590.SZ,20210621,20.47,2.9602,0.58,65.7669,5.5216,12.5875,594981.8388,430239.0454
300590.SZ,20210618,20.63,3.9728,0.74,66.2809,5.5648,12.6859,599632.4052,433601.93
300590.SZ,20210617,21.13,5.3733,1.12,67.8873,5.6996,12.9933,614165.4252,444110.9443
300590.SZ,20210616,21.09,6.9421,1.73,67.7588,5.6888,12.9687,613002.7836,443270.2232
300590.SZ,20210615,20.07,4.1624,1.06,64.4817,5.4137,12.3415,583355.4228,421831.834
300590.SZ,20210611,19.9,5.2715,1.55,63.9355,5.3678,12.237,578414.196,418258.7691
300590.SZ,20210610,20.3,5.073,1.56,65.2207,5.4757,12.483,590040.612,426665.9806
300590.SZ,20210609,19.39,2.5321,0.79,62.297,5.2303,11.9234,563590.5156,407539.5746
300590.SZ,20210608,19.29,3.0766,0.95,61.9757,5.2033,11.8619,560683.9116,405437.7717
300590.SZ,20210607,19.21,3.6303,1.23,61.7187,5.1817,11.8127,558358.6284,403756.3294
300590.SZ,20210604,18.57,2.6458,0.89,59.6625,5.0091,11.4191,539756.3628,390304.7911
300590.SZ,20210603,18.64,4.3365,1.62,59.8874,5.028,11.4622,541790.9856,391776.0531
300590.SZ,20210602,17.74,2.2749,0.93,56.9958,4.7852,10.9087,515631.5496,372859.8274
300590.SZ,20210601,18.24,3.3492,1.66,58.6022,4.9201,11.2162,530164.5696,383368.8417
300590.SZ,20210531,18.82,2.1489,1.18,60.4657,5.0765,11.5729,547022.8728,395559.2983
300590.SZ,20210528,22.88,3.2307,1.74,61.2582,5.03,11.7245,554192.496,400743.7445
300590.SZ,20210527,22.74,3.5374,2.7,60.8833,4.9992,11.6528,550801.458,398291.6412
300590.SZ,20210526,21.67,1.3832,1.15,58.0186,4.764,11.1045,524884.239,379550.5657
300590.SZ,20210525,21.61,1.3608,1.12,57.8579,4.7508,11.0738,523430.937,378499.6643
300590.SZ,20210524,21.72,1.4134,1.07,58.1524,4.775,11.1301,526095.324,380426.3169
300590.SZ,20210521,21.22,1.5735,1.25,56.8137,4.6651,10.8739,513984.474,371668.805
300590.SZ,20210520,20.84,0.83,0.62,55.7963,4.5815,10.6792,504780.228,356574.5882
300590.SZ,20210519,20.98,0.8967,0.67,56.1712,4.6123,10.7509,508171.266,358970.0029
300590.SZ,20210518,21.14,1.4598,1.18,56.5996,4.6475,10.8329,512046.738,361707.6197
300590.SZ,20210517,21.35,1.9794,1.89,57.1618,4.6936,10.9405,517133.295,365300.7418
300590.SZ,20210514,21.0,1.2615,1.1,56.2247,4.6167,10.7612,508655.7,359312.205
300590.SZ,20210513,20.61,1.0493,0.91,55.1806,4.531,10.5613,499209.237,352639.2641
300590.SZ,20210512,20.69,0.9886,0.8,55.3947,4.5485,10.6023,501146.973,354008.0725
300590.SZ,20210511,20.71,0.9322,0.72,55.4483,4.5529,10.6126,501631.407,354350.2746
300590.SZ,20210510,20.33,1.0041,0.76,54.4309,4.4694,10.4178,492427.161,347848.4347
300590.SZ,20210507,20.23,1.7514,1.35,54.1632,4.4474,10.3666,490004.991,346137.4242
300590.SZ,20210506,21.04,1.0684,0.6,56.3318,4.6255,10.7817,509624.568,359996.6092
300590.SZ,20210430,21.26,1.3986,0.68,56.9208,4.6738,10.8944,514953.342,363760.8323
300590.SZ,20210429,21.61,1.2072,0.37,57.8579,4.7508,11.0738,523430.937,369749.3691
300590.SZ,20210428,21.71,1.1976,0.37,58.1257,4.7728,11.125,525853.107,371460.3796
300590.SZ,20210427,22.0,1.6103,0.49,58.9021,4.8365,11.2736,532877.4,376422.31
300590.SZ,20210426,22.29,3.4806,1.14,59.6785,4.9003,11.4222,539901.693,381384.2405
300590.SZ,20210423,21.45,2.8093,1.03,32.0185,4.9726,8.2539,519555.465,367012.1813
300590.SZ,20210422,21.75,7.0553,4.75,32.4663,5.0421,8.3693,526821.975,372145.2188
300590.SZ,20210421,24.52,1.0129,0.71,36.6011,5.6843,9.4352,593916.084,419540.265
300590.SZ,20210420,24.51,2.1639,1.85,36.5862,5.6819,9.4314,593673.867,419369.1638
300590.SZ,20210419,25.33,2.1672,2.12,37.8102,5.872,9.7469,613535.661,433399.4663
300590.SZ,20210416,24.83,1.2283,1.25,37.0638,5.7561,9.5545,601424.811,424844.4038
300590.SZ,20210415,24.67,0.8559,0.74,36.825,5.719,9.493,597549.339,422106.7838
300590.SZ,20210414,24.64,0.741,0.59,36.7802,5.7121,9.4814,596822.688,421593.48
300590.SZ,20210413,24.32,0.8628,0.56,36.3026,5.6379,9.3583,589071.744,416118.24
300590.SZ,20210412,24.49,1.4199,0.81,36.5563,5.6773,9.4237,593189.433,419026.9613
300590.SZ,20210409,24.53,1.0365,0.55,36.616,5.6866,9.4391,594158.301,419711.3663
300590.SZ,20210408,24.69,1.7176,0.99,36.8549,5.7237,9.5006,598033.773,422448.9863
300590.SZ,20210407,25.4,1.2757,0.65,37.9147,5.8883,9.7739,615231.18,434597.175
300590.SZ,20210406,25.53,2.2409,1.25,38.1087,5.9184,9.8239,618380.001,436821.4913
300590.SZ,20210402,25.47,2.4582,1.56,38.0192,5.9045,9.8008,616926.699,435794.8838
300590.SZ,20210401,24.77,1.6872,1.15,36.9743,5.7422,9.5314,599971.509,423817.7963
300590.SZ,20210331,24.28,0.9774,0.63,36.2428,5.6286,9.3429,588102.876,415433.835
300590.SZ,20210330,24.13,2.4244,1.59,36.0189,5.5939,9.2852,584469.621,412867.3163
300590.SZ,20210329,25.06,1.386,0.92,37.4072,5.8094,9.643,606995.802,428779.7325
300590.SZ,20210326,25.35,1.4088,0.9,37.84,5.8767,9.7546,614020.095,433741.6688
300590.SZ,20210325,25.25,1.1298,0.63,37.6908,5.8535,9.7161,611597.925,432030.6563
300590.SZ,20210324,25.29,1.4016,0.66,37.7505,5.8628,9.7315,612566.793,432715.0613
300590.SZ,20210323,25.79,2.2822,1.08,38.4968,5.9787,9.9239,624677.643,441270.1238
300590.SZ,20210322,25.37,1.3343,0.6,37.8699,5.8813,9.7623,614504.529,434083.8713
300590.SZ,20210319,25.13,1.6729,0.74,37.5116,5.8257,9.67,608691.321,429977.4413
300590.SZ,20210318,25.32,2.2741,1.01,37.7953,5.8697,9.7431,613293.444,433228.365
300590.SZ,20210317,26.28,3.0927,1.5,39.2283,6.0923,10.1125,636546.276,449654.085
300590.SZ,20210316,25.52,2.2044,1.0,38.0938,5.9161,9.82,618137.784,436650.39
300590.SZ,20210315,24.83,1.8029,0.75,37.0638,5.7561,9.5545,601424.811,424844.4038
300590.SZ,20210312,25.38,1.9218,0.7,37.8848,5.8836,9.7662,614746.746,434254.9725
300590.SZ,20210311,25.76,2.2452,0.73,38.452,5.9717,9.9124,623950.992,440756.82
300590.SZ,20210310,25.12,2.1469,0.63,37.4967,5.8234,9.6661,608449.104,429806.34
300590.SZ,20210309,25.3,2.9365,0.81,37.7654,5.8651,9.7354,612809.01,432886.1625
300590.SZ,20210308,26.34,2.814,0.74,39.3178,6.1062,10.1356,637999.578,450680.6925
300590.SZ,20210305,26.74,3.6392,0.88,39.9149,6.1989,10.2895,647688.258,457524.7425
300590.SZ,20210304,25.87,3.8856,0.84,38.6162,5.9972,9.9547,626615.379,442638.9338
300590.SZ,20210303,27.44,3.7807,0.82,40.9598,6.3612,10.5588,664643.448,469501.83
300590.SZ,20210302,28.12,3.9531,0.87,41.9748,6.5188,10.8205,681114.204,481136.715
300590.SZ,20210301,27.92,3.8042,0.83,41.6763,6.4725,10.7435,676269.864,477714.69
300590.SZ,20210226,27.85,5.1379,1.23,41.5718,6.4562,10.7166,674574.345,476516.9813
300590.SZ,20210225,27.65,6.5169,1.83,41.2733,6.4099,10.6396,669730.005,473094.9563
300590.SZ,20210224,26.82,3.5715,1.04,40.0343,6.2175,10.3203,649625.994,458893.5525
300590.SZ,20210223,26.59,3.6581,1.14,39.691,6.1641,10.2318,644055.003,454958.2238
300590.SZ,20210222,26.19,4.0303,1.44,39.0939,6.0714,10.0778,634366.323,448114.1738
300590.SZ,20210219,26.63,3.1915,1.14,39.7507,6.1734,10.2472,645023.871,455642.6288
300590.SZ,20210218,26.0,3.3814,1.25,38.8103,6.0274,10.0047,629764.2,444863.25
300590.SZ,20210210,25.37,2.9075,1.01,37.8699,5.8813,9.7623,614504.529,434083.8713
300590.SZ,20210209,24.91,2.4776,0.77,37.1833,5.7747,9.5853,603362.547,426213.2138
300590.SZ,20210208,24.59,2.0241,0.57,36.7056,5.7005,9.4622,595611.603,420737.9738
300590.SZ,20210205,24.45,3.1506,0.85,36.4966,5.668,9.4083,592220.565,418342.5563
300590.SZ,20210204,25.47,2.9337,0.79,38.0192,5.9045,9.8008,616926.699,435794.8838
300590.SZ,20210203,25.9,3.7377,1.01,38.661,6.0042,9.9663,627342.03,443152.2375
300590.SZ,20210202,26.8,4.2772,1.12,40.0045,6.2128,10.3126,649141.56,458551.35
300590.SZ,20210201,26.15,3.6623,0.73,39.0342,6.0621,10.0625,633397.455,447429.7688
300590.SZ,20210129,25.03,3.8389,0.68,37.3624,5.8025,9.6315,606269.151,428266.4288
300590.SZ,20210128,25.68,3.0661,0.46,38.3326,5.9532,9.8816,622013.256,439388.01
300590.SZ,20210127,25.9,3.7507,0.52,38.661,6.0042,9.9663,627342.03,443152.2375
300590.SZ,20210126,25.88,4.8057,0.62,38.6312,5.9995,9.9586,626857.596,442810.035
300590.SZ,20210125,26.62,9.738,1.32,39.7358,6.1711,10.2433,644781.654,455471.5275
300590.SZ,20210122,31.11,6.6923,0.85,46.438,7.212,11.971,753537.087,532295.9888
300590.SZ,20210121,32.63,8.4881,0.98,48.7069,7.5643,12.5559,790354.071,558303.3788
300590.SZ,20210120,31.64,6.6398,0.68,47.2291,7.3348,12.175,766374.588,541364.355
300590.SZ,20210119,30.9,7.0497,0.73,46.1245,7.1633,11.8902,748450.53,528702.8625
300590.SZ,20210118,32.01,7.8798,0.79,47.7814,7.4206,12.3174,775336.617,547695.1013
300590.SZ,20210115,30.73,9.1621,0.87,45.8708,7.1239,11.8248,744332.841,525794.1413
300590.SZ,20210114,33.46,12.6481,1.32,49.9459,7.7567,12.8753,810458.082,572504.7825
300590.SZ,20210113,32.82,11.7565,1.33,48.9905,7.6084,12.6291,794956.194,561554.3025
300590.SZ,20210112,31.37,6.8612,0.71,46.8261,7.2722,12.0711,759834.729,536744.6213
300590.SZ,20210111,31.59,9.6385,0.97,47.1545,7.3232,12.1557,765163.503,540508.8488
300590.SZ,20210108,31.67,11.8552,1.22,47.2739,7.3418,12.1865,767101.239,541877.6588
300590.SZ,20210107,29.6,7.6505,0.69,44.184,6.8619,11.39,716962.32,506459.7
300590.SZ,20210106,31.05,8.0583,0.74,46.3485,7.1981,11.948,752083.785,531269.3813
300590.SZ,20210105,31.84,11.2425,1.22,47.5277,7.3812,12.2519,771218.928,544786.38
300590.SZ,20210104,31.68,10.6719,1.41,47.2889,7.3441,12.1904,767343.456,542048.76
300590.SZ,20201231,30.65,10.8122,1.81,45.7514,7.1053,11.794,742395.105,524425.3313
300590.SZ,20201230,30.75,14.6154,3.99,45.9006,7.1285,11.8325,744817.275,526136.3438
300590.SZ,20201229,29.21,7.3268,2.4,43.6019,6.7715,11.2399,707515.857,499786.7513
300590.SZ,20201228,24.34,2.7933,0.9,36.3324,5.6425,9.366,589556.178,416460.4425
300590.SZ,20201225,25.39,2.2478,0.65,37.8997,5.8859,9.77,614988.963,434426.0738
300590.SZ,20201224,25.31,2.852,0.83,37.7803,5.8674,9.7392,613051.227,433057.2638
300590.SZ,20201223,26.28,3.0737,0.88,39.2283,6.0923,10.1125,636546.276,449654.085
300590.SZ,20201222,25.65,4.2674,1.3,38.2879,5.9462,9.8701,621286.605,438874.7063
300590.SZ,20201221,27.09,3.0172,0.92,40.4373,6.28,10.4242,656165.853,463513.2863
300590.SZ,20201218,27.07,4.111,1.21,40.4075,6.2754,10.4165,655681.419,463171.0838
300590.SZ,20201217,26.75,2.7159,0.72,39.9298,6.2012,10.2933,647930.475,457695.8438
300590.SZ,20201216,26.39,3.3959,0.77,39.3925,6.1178,10.1548,639210.663,451536.1988
300590.SZ,20201215,27.23,3.1934,0.72,40.6463,6.3125,10.478,659556.891,465908.7038
300590.SZ,20201214,27.22,2.9292,0.63,40.6314,6.3102,10.4742,659314.674,465737.6025
300590.SZ,20201211,27.07,4.7206,0.89,40.4075,6.2754,10.4165,655681.419,463171.0838
300590.SZ,20201210,27.95,4.6215,0.82,41.7211,6.4794,10.7551,676996.515,478227.9938
300590.SZ,20201209,28.24,6.5071,1.03,42.154,6.5466,10.8667,684020.808,483189.93
300590.SZ,20201208,30.15,3.5427,0.47,45.005,6.9894,11.6016,730284.255,515870.2688
300590.SZ,20201207,30.79,3.8691,0.44,45.9603,7.1378,11.8479,745786.143,526820.7488
300590.SZ,20201204,30.54,8.0825,0.93,45.5872,7.0798,11.7517,739730.718,522543.2175
300590.SZ,20201203,32.65,6.3011,0.65,48.7368,7.569,12.5636,790838.505,558645.5813
300590.SZ,20201202,34.17,9.8109,0.96,51.0057,7.9213,13.1485,827655.489,584652.9713
300590.SZ,20201201,34.48,9.5257,0.99,51.4684,7.9932,13.2678,835164.216,589957.11
300590.SZ,20201130,33.99,10.0336,1.09,50.737,7.8796,13.0793,823295.583,581573.1488
300590.SZ,20201127,32.21,7.6543,0.79,48.08,7.467,12.3943,780180.957,551117.1263
300590.SZ,20201126,33.55,11.7348,1.24,50.0802,7.7776,12.91,812638.035,574044.6938
300590.SZ,20201125,32.09,12.2592,1.24,47.9009,7.4392,12.3481,777274.353,549063.9113
300590.SZ,20201124,31.5,6.3486,0.53,47.0202,7.3024,12.1211,762983.55,538968.9375
300590.SZ,20201123,31.4,8.0194,0.63,46.8709,7.2792,12.0826,760561.38,537257.925
300590.SZ,20201120,32.7,9.7875,0.8,48.8114,7.5806,12.5829,792049.59,559501.0875
300590.SZ,20201119,31.29,11.0798,0.91,46.7067,7.2537,12.0403,757896.993,535375.8113
300590.SZ,20201118,33.2,14.1335,1.24,49.5578,7.6965,12.7753,804160.44,568056.15
300590.SZ,20201117,35.84,16.5936,1.63,53.4985,8.3085,13.7911,868105.728,613226.88
300590.SZ,20201116,32.83,11.8791,1.06,49.0055,7.6107,12.6329,795198.411,561725.4038
300590.SZ,20201113,31.16,7.4173,0.55,46.5127,7.2236,11.9903,754748.172,533151.495
300590.SZ,20201112,32.14,10.9569,0.86,47.9755,7.4507,12.3674,778485.438,549919.4175
300590.SZ,20201111,30.86,10.2866,0.95,46.0648,7.154,11.8748,747481.662,528018.4575
300590.SZ,20201110,30.01,10.3246,1.14,44.796,6.957,11.5478,726893.217,513474.8513
300590.SZ,20201109,32.0,17.2941,2.97,47.7665,7.4183,12.3135,775094.4,547524.0
300590.SZ,20201106,29.65,18.5951,7.6,44.2587,6.8735,11.4092,718173.405,507315.2063
300590.SZ,20201105,28.03,7.2713,4.91,41.8405,6.498,10.7859,678934.251,479596.8038
300590.SZ,20201104,23.36,0.8728,0.56,34.8696,5.4154,8.9889,565818.912,399692.52
300590.SZ,20201103,23.6,1.3167,0.9,35.2278,5.471,9.0812,571632.12,403798.95
300590.SZ,20201102,22.8,1.0723,0.73,34.0336,5.2855,8.7734,552254.76,390110.85
300590.SZ,20201030,22.88,1.707,1.24,34.1531,5.3041,8.8042,554192.496,390120.588
300590.SZ,20201029,23.6,2.4472,2.16,35.2278,5.471,9.0812,571632.12,402397.11
300590.SZ,20201028,24.92,1.3137,1.08,37.1982,5.895,9.5892,603604.764,424904.067
300590.SZ,20201027,25.4,0.8061,0.48,37.9147,6.0085,9.7739,615231.18,433088.415
300590.SZ,20201026,25.45,1.1301,0.67,37.9893,6.0203,9.7931,616442.265,433940.9513
300590.SZ,20201023,26.1,1.1876,0.73,38.9596,6.1741,10.0432,632186.37,445023.9225
300590.SZ,20201022,26.77,1.2215,0.78,39.9597,6.3326,10.301,648414.909,456447.9083
300590.SZ,20201021,26.79,1.7166,1.2,39.9895,6.3373,10.3087,648899.343,456788.9228
300590.SZ,20201020,27.34,3.1295,3.07,40.8105,6.4674,10.5204,662221.278,466166.8215
300590.SZ,20201019,25.9,1.205,1.13,38.661,6.1268,9.9663,627342.03,441613.7775
300590.SZ,20201016,25.7,0.8529,0.77,38.3625,6.0795,9.8893,622497.69,438203.6325
300590.SZ,20201015,25.97,0.8846,0.81,38.7655,6.1433,9.9932,629037.549,442807.3283
300590.SZ,20201014,26.24,1.0726,1.01,39.1685,6.2072,10.0971,635577.408,447411.024
300590.SZ,20201013,26.8,1.0845,1.04,40.0045,6.3397,10.3126,649141.56,456959.43
300590.SZ,20201012,26.82,1.4457,1.56,40.0343,6.3444,10.3203,649625.994,457300.4445
300590.SZ,20201009,25.91,1.0646,1.08,38.676,6.1291,9.9701,627584.247,441784.2848
300590.SZ,20200930,25.18,0.7965,0.74,37.5863,5.9565,9.6892,609902.406,429337.2555
300590.SZ,20200929,25.35,0.9392,0.81,37.84,5.9967,9.7546,614020.095,432235.8788
300590.SZ,20200928,25.08,0.9748,0.76,37.437,5.9328,9.6507,607480.236,427632.183
300590.SZ,20200925,25.88,0.856,0.55,38.6312,6.122,9.9586,626857.596,441272.763
300590.SZ,20200924,25.93,1.3528,0.82,38.7058,6.1339,9.9778,628068.681,442125.2993
300590.SZ,20200923,26.77,1.2761,0.73,39.9597,6.3326,10.301,648414.909,456447.9083
300590.SZ,20200922,26.5,1.3165,0.73,39.5567,6.2687,10.1971,641875.05,451844.2125
300590.SZ,20200921,27.29,1.6366,0.86,40.7359,6.4556,10.5011,661010.193,465314.2853
300590.SZ,20200918,27.72,2.1526,1.08,41.3777,6.5573,10.6666,671425.524,472646.097
300590.SZ,20200917,26.91,1.8881,0.73,40.1687,6.3657,10.3549,651805.947,458835.0098
300590.SZ,20200916,26.23,1.7587,0.57,39.1536,6.2048,10.0932,635335.191,447240.5168
300590.SZ,20200915,27.1,1.5689,0.41,40.4523,6.4106,10.428,656408.07,462074.6475
300590.SZ,20200914,27.2,2.1789,0.5,40.6015,6.4343,10.4665,658830.24,463779.72
300590.SZ,20200911,26.77,2.3363,0.52,39.9597,6.3326,10.301,648414.909,456447.9083
300590.SZ,20200910,26.75,5.0156,1.22,39.9298,6.3278,10.2933,647930.475,456106.8938
300590.SZ,20200909,30.16,4.4419,1.04,45.0199,7.1345,11.6055,730526.472,514249.866
300590.SZ,20200908,32.1,4.9556,1.35,47.9158,7.5934,12.352,777516.57,547328.2725
300590.SZ,20200907,31.24,5.0159,1.51,46.6321,7.39,12.0211,756685.908,532664.649
300590.SZ,20200904,30.8,2.9116,0.88,45.9753,7.2859,11.8518,746028.36,525162.33
300590.SZ,20200903,30.3,3.1866,1.08,45.2289,7.1676,11.6594,733917.51,516636.9675
300590.SZ,20200902,31.01,5.3046,2.25,46.2887,7.3356,11.9326,751114.917,528742.9823
300590.SZ,20200901,29.8,1.8908,0.75,44.4826,7.0493,11.467,721806.66,508111.605
300590.SZ,20200831,29.68,3.2941,1.45,44.3034,7.021,11.4208,718900.056,506065.518
300590.SZ,20200828,28.89,2.7785,1.37,43.1242,6.8341,11.1168,699764.913,492595.4453
300590.SZ,20200827,29.19,1.515,0.75,43.572,7.0695,11.2322,707031.423,497710.6628
300590.SZ,20200826,28.8,2.3294,1.19,42.9899,6.975,11.0822,697584.96,491060.88
300590.SZ,20200825,30.0,2.6178,1.35,44.7811,7.2657,11.5439,726651.0,511521.75
300590.SZ,20200824,29.5,2.1033,1.06,44.0348,7.1446,11.3515,714540.15,502996.3875
300590.SZ,20200821,28.8,1.5527,0.77,42.9899,6.975,11.0822,697584.96,491060.88
300590.SZ,20200820,28.97,1.4477,0.72,43.2436,7.0162,11.1476,701702.649,493959.5033
300590.SZ,20200819,28.95,2.0934,1.02,43.2138,7.0114,11.1399,701218.215,493618.4888
300590.SZ,20200818,29.79,2.4928,1.27,44.4676,7.2148,11.4631,721564.443,507941.0978
300590.SZ,20200817,29.53,2.3103,1.21,44.0795,7.1518,11.3631,715266.801,503507.9093
300590.SZ,20200814,29.3,1.7585,0.84,43.7362,7.0961,11.2746,709695.81,499586.2425
300590.SZ,20200813,28.43,1.3781,0.57,42.4376,6.8854,10.9398,688622.931,484752.1118
300590.SZ,20200812,28.6,2.29,0.93,42.6913,6.9266,11.0052,692740.62,487650.735
300590.SZ,20200811,29.06,2.0669,0.77,43.378,7.038,11.1822,703882.602,495494.0685
300590.SZ,20200810,29.74,2.0818,0.68,44.393,7.2027,11.4439,720353.358,507088.5615
300590.SZ,20200807,29.68,2.6555,0.86,44.3034,7.1882,11.4208,718900.056,506065.518
300590.SZ,20200806,30.76,2.9583,0.98,45.9156,7.4497,11.8364,745059.492,524480.301
300590.SZ,20200805,31.36,2.5374,0.84,46.8112,7.595,12.0672,759592.512,534710.736
300590.SZ,20200804,31.09,3.1609,1.13,46.4082,7.5296,11.9634,753052.653,530107.0403
300590.SZ,20200803,31.88,3.8994,1.55,47.5874,7.721,12.2673,772187.796,543577.113
300590.SZ,20200731,30.63,2.8902,1.05,45.7215,7.4182,11.7863,741910.671,522263.7068
300590.SZ,20200730,30.18,2.6814,0.89,45.0498,7.3093,11.6132,731010.906,514590.8805
300590.SZ,20200729,30.03,2.4907,0.81,44.8259,7.2729,11.5555,727377.651,512033.2718
300590.SZ,20200728,28.89,2.0046,0.6,43.1242,6.9968,11.1168,699764.913,492595.4453
300590.SZ,20200727,28.74,2.4828,0.71,42.9003,6.9605,11.0591,696131.658,490037.8365
300590.SZ,20200724,29.57,4.1668,1.13,44.1393,7.1615,11.3785,716235.669,504189.9383
300590.SZ,20200723,31.56,3.8516,0.94,47.1097,7.6435,12.1442,764436.852,538120.881
300590.SZ,20200722,31.12,2.848,0.57,46.4529,7.5369,11.9749,753779.304,530618.562
300590.SZ,20200721,31.23,3.2665,0.57,46.6171,7.5636,12.0172,756443.691,532494.1418
300590.SZ,20200720,30.7,3.4008,0.57,45.826,7.4352,11.8133,743606.19,523457.2575
300590.SZ,20200717,29.68,5.0193,0.85,44.3034,7.1882,11.4208,718900.056,506065.518
300590.SZ,20200716,30.21,5.9805,1.01,45.0946,7.3165,11.6247,731737.557,515102.4023
300590.SZ,20200715,32.86,7.2026,1.28,49.0502,7.9583,12.6444,795925.062,560286.8235
300590.SZ,20200714,35.25,6.898,1.24,52.6178,8.5371,13.5641,853814.925,601038.0563
300590.SZ,20200713,37.46,4.6933,0.79,55.9167,9.0724,14.4145,907344.882,638720.1585
300590.SZ,20200710,36.61,4.7117,0.77,54.6479,8.8665,14.0874,886756.437,624227.0423
300590.SZ,20200709,37.27,6.1984,1.04,55.6331,9.0264,14.3414,902742.759,635480.5208
300590.SZ,20200708,35.95,5.5502,0.92,53.6627,8.7067,13.8335,870770.115,612973.5638
300590.SZ,20200707,35.68,6.7374,1.12,53.2597,8.6413,13.7296,864230.256,608369.868
300590.SZ,20200706,34.45,6.5829,1.21,51.4236,8.3434,13.2563,834437.565,587397.4763
300590.SZ,20200703,32.64,5.36,1.04,48.7219,7.905,12.5598,790596.288,556535.664
300590.SZ,20200702,33.38,5.5985,1.21,49.8265,8.0843,12.8445,808520.346,569153.2005
300590.SZ,20200701,33.1,5.9454,1.45,49.4085,8.0164,12.7368,801738.27,564378.9975
300590.SZ,20200630,32.56,6.522,1.71,48.6024,7.8857,12.529,788658.552,555171.606
300590.SZ,20200629,48.4,5.6831,0.94,48.1646,7.6298,12.4161,781553.52,550170.06
300590.SZ,20200624,48.92,5.867,0.99,48.682,7.7118,12.5495,789950.376,556080.978
300590.SZ,20200623,46.87,4.5097,0.71,46.642,7.3886,12.0236,756847.386,532778.3205
300590.SZ,20200622,47.41,4.9335,0.81,47.1794,7.4738,12.1622,765567.198,538916.5815
300590.SZ,20200619,47.59,7.6114,1.42,47.3585,7.5021,12.2083,768473.802,540962.6685
300590.SZ,20200618,46.49,7.201,1.54,46.2673,7.3283,11.927,750767.01,528458.8035
300590.SZ,20200617,44.12,5.387,1.32,43.9087,6.9547,11.319,712493.88,501518.658
300590.SZ,20200616,45.2,6.8158,2.11,44.9835,7.125,11.5961,729934.8,513795.18
300590.SZ,20200615,42.07,3.6086,1.16,41.8685,6.6316,10.7931,679388.43,478216.0005
300590.SZ,20200612,43.1,3.6991,1.24,42.8935,6.7939,11.0573,696021.9,489924.165
300590.SZ,20200611,42.53,3.8929,1.39,42.3263,6.7041,10.9111,686816.97,483444.8895
300590.SZ,20200610,42.4,2.3908,0.71,42.1969,6.6836,10.8777,684717.6,481967.16
300590.SZ,20200609,42.6,2.5966,0.73,42.3959,6.7151,10.9291,687947.4,484240.59
300590.SZ,20200608,43.25,2.9267,0.76,43.0428,6.8176,11.0958,698444.25,491629.2375
300590.SZ,20200605,42.94,3.1218,0.85,42.7343,6.7687,11.0163,693438.06,488105.421
300590.SZ,20200604,43.0,2.9832,0.81,42.794,6.7782,11.0317,694407.0,488787.45
300590.SZ,20200603,43.55,5.2817,1.63,43.3414,6.8649,11.1728,703288.95,495039.3825
300590.SZ,20200602,42.63,3.4824,1.12,42.4258,6.7198,10.9368,688431.87,484581.6045
300590.SZ,20200601,42.1,4.4771,1.6,41.8983,6.6363,10.8008,679872.9,478557.015
300590.SZ,20200529,39.45,2.1877,0.73,39.261,6.2186,10.1209,637078.05,448434.0675
300590.SZ,20200528,40.03,3.0808,0.99,39.8382,6.31,10.2697,646444.47,455027.0145
300590.SZ,20200527,39.35,3.0127,0.9,39.1615,6.2028,10.0953,635463.15,447297.3525
300590.SZ,20200526,40.46,2.7283,0.79,40.2662,6.3778,10.38,653388.54,459914.889
300590.SZ,20200525,39.16,2.9924,0.76,38.9724,6.1729,10.0465,632394.84,445137.594
300590.SZ,20200522,40.4,3.1431,0.75,40.2065,6.3683,10.3646,652419.6,459232.86
300590.SZ,20200521,41.59,3.6724,0.89,41.3908,6.5559,10.6699,671636.91,472759.7685
300590.SZ,20200520,43.25,4.227,1.05,43.0428,6.8176,11.0958,698444.25,491629.2375
300590.SZ,20200519,43.5,3.214,0.78,43.2916,6.857,11.16,702481.5,494471.025
300590.SZ,20200518,42.48,5.4435,1.24,42.2765,6.6962,10.8983,686009.52,482876.532
300590.SZ,20200515,44.0,4.4051,0.79,43.7892,6.9358,11.2882,710556.0,500154.6
300590.SZ,20200514,43.53,3.3775,0.55,43.3215,6.8617,11.1677,702965.97,494812.0395
300590.SZ,20200513,44.29,3.6208,0.49,44.0778,6.9815,11.3626,715239.21,503451.0735
300590.SZ,20200512,44.02,3.7968,0.46,43.8091,6.939,11.2934,710878.98,500381.943
300590.SZ,20200511,44.39,6.7638,0.92,44.1774,6.9973,11.3883,716854.11,504587.7885
300590.SZ,20200508,44.73,10.1849,1.67,44.5157,7.0509,11.4755,722344.77,508452.6195
300590.SZ,20200507,42.32,6.5075,1.2,42.1173,6.671,10.8572,683425.68,481057.788
300590.SZ,20200506,43.22,9.7991,2.43,43.013,6.8128,11.0881,697959.78,491288.223
300590.SZ,20200430,41.28,7.6428,2.45,41.0823,6.507,10.5904,666630.72,469235.952
300590.SZ,20200429,37.53,2.7639,0.85,37.3502,5.9159,9.6283,606071.97,426609.1395
300590.SZ,20200428,37.25,3.8649,1.23,37.0716,5.8718,9.5565,601550.25,423426.3375
300590.SZ,20200427,38.26,3.1637,0.95,49.5874,6.1777,12.9742,617860.74,424461.0312
300590.SZ,20200424,38.23,2.8425,0.7,49.5485,6.1729,12.9641,617376.27,424128.2076
300590.SZ,20200423,38.88,3.1803,0.76,50.391,6.2779,13.1845,627873.12,431339.3856
300590.SZ,20200422,39.97,3.4749,0.75,51.8037,6.4539,13.5541,645475.53,443431.9764
300590.SZ,20200421,39.48,3.49,0.71,51.1686,6.3747,13.3879,637562.52,437995.8576
300590.SZ,20200420,39.63,3.6721,0.69,51.363,6.399,13.4388,639984.87,439659.9756
300590.SZ,20200417,39.33,6.4383,1.01,50.9742,6.3505,13.3371,635140.17,436331.7396
300590.SZ,20200416,38.7,3.9579,0.59,50.1577,6.2488,13.1234,624966.3,429342.444
300590.SZ,20200415,38.13,5.5388,0.79,49.4189,6.1568,12.9301,615761.37,423018.7956
300590.SZ,20200414,38.23,5.0049,0.68,49.5485,6.1729,12.9641,617376.27,424128.2076
300590.SZ,20200413,37.31,5.8136,0.81,48.3562,6.0244,12.6521,602519.19,413921.6172
300590.SZ,20200410,38.49,11.5156,1.78,49.8855,6.2149,13.0522,621575.01,427012.6788
300590.SZ,20200409,42.77,5.8091,0.91,55.4327,6.906,14.5036,690692.73,474495.5124
300590.SZ,20200408,43.12,6.997,1.16,55.8863,6.9625,14.6223,696344.88,478378.4544
300590.SZ,20200407,42.8,6.7493,1.19,55.4715,6.9108,14.5138,691177.2,474828.336
300590.SZ,20200403,41.2,4.7026,0.84,53.3978,6.6525,13.9712,665338.8,457077.744
300590.SZ,20200402,42.2,8.157,1.74,54.6939,6.8139,14.3103,681487.8,468171.864
300590.SZ,20200401,39.26,5.2877,1.14,50.8835,6.3392,13.3133,634009.74,435555.1512
300590.SZ,20200331,39.88,5.2726,1.19,51.687,6.4393,13.5236,644022.12,442433.5056
300590.SZ,20200330,41.06,4.8255,1.15,53.2164,6.6299,13.9237,663077.94,455524.5672
300590.SZ,20200327,43.43,4.592,1.16,56.2881,7.0125,14.7274,701351.07,481817.6316
300590.SZ,20200326,44.8,3.4382,0.83,58.0637,7.2337,15.192,723475.2,497016.576
300590.SZ,20200325,45.71,5.0382,1.31,59.2431,7.3807,15.5006,738170.79,507112.2252
300590.SZ,20200324,45.55,4.3073,1.14,59.0357,7.3548,15.4463,735586.95,505337.166
300590.SZ,20200323,45.78,3.6941,0.89,59.3338,7.392,15.5243,739301.22,507888.8136
300590.SZ,20200320,48.88,3.2407,0.74,63.3516,7.8925,16.5755,789363.12,542280.5856
300590.SZ,20200319,49.25,4.4066,1.04,63.8312,7.9523,16.701,795338.25,546385.41
300590.SZ,20200318,47.3,3.5476,0.78,61.3038,7.6374,16.0398,763847.7,524751.876
300590.SZ,20200317,47.88,4.0221,0.8,62.0556,7.7311,16.2364,773214.12,531186.4656
300590.SZ,20200316,48.27,5.6422,1.23,62.561,7.794,16.3687,779512.23,535513.1724
300590.SZ,20200313,53.63,4.1798,0.96,69.5079,8.6595,18.1863,866070.87,594977.6556
300590.SZ,20200312,55.8,3.8475,0.85,72.3204,9.0099,18.9222,901114.2,619051.896
300590.SZ,20200311,56.72,5.0795,1.18,73.5128,9.1584,19.2341,915971.28,629258.4864
300590.SZ,20200310,55.96,6.4251,1.52,72.5277,9.0357,18.9764,903698.04,620826.9552
300590.SZ,20200309,52.99,3.3573,0.72,68.6784,8.5562,17.9693,855735.51,587877.4188
300590.SZ,20200306,54.53,3.1295,0.64,70.6744,8.8048,18.4915,880604.97,604962.3636
300590.SZ,20200305,55.83,4.6238,0.92,72.3593,9.0147,18.9323,901598.67,619384.7196
300590.SZ,20200304,55.65,3.9396,0.71,72.126,8.9857,18.8713,898691.85,617387.778
300590.SZ,20200303,57.45,6.0268,0.99,74.4589,9.2763,19.4817,927760.05,637357.194
300590.SZ,20200302,57.97,5.5197,0.91,75.1328,9.3603,19.658,936157.53,643126.1364
300590.SZ,20200228,53.61,4.2868,0.72,69.482,8.6563,18.1795,865747.89,594755.7732
300590.SZ,20200227,58.0,5.2658,0.9,75.1717,9.3651,19.6682,936642.0,643458.96
300590.SZ,20200226,58.14,6.5726,1.21,75.3532,9.3877,19.7157,938902.86,645012.1368
300590.SZ,20200225,64.6,8.8411,1.83,83.7257,10.4308,21.9063,1043225.4,716680.152
300590.SZ,20200224,65.16,5.4268,1.13,84.4515,10.5212,22.0962,1052268.84,722892.8592
300590.SZ,20200221,59.24,3.6722,0.76,76.7788,9.5653,20.0887,956666.76,657215.6688
300590.SZ,20200220,60.2,4.8874,1.05,78.0231,10.4649,20.4142,972169.8,667866.024
300590.SZ,20200219,56.95,4.3626,0.95,73.8109,9.8999,19.3121,919685.55,631810.134
300590.SZ,20200218,59.69,5.8209,1.44,77.3621,10.3762,20.2413,963933.81,662208.0228
300590.SZ,20200217,56.2,5.2471,1.39,72.8388,9.7695,19.0578,907573.8,623489.544
300590.SZ,20200214,51.09,3.9827,1.02,66.2159,8.8812,17.325,825052.41,566798.5908
300590.SZ,20200213,49.85,3.8981,0.95,64.6088,8.6657,16.9045,805027.65,553041.882
300590.SZ,20200212,51.83,4.0865,0.91,67.175,9.0099,17.5759,837002.67,575008.2396
300590.SZ,20200211,50.55,3.0086,0.6,65.516,8.7874,17.1418,816331.95,560807.766
300590.SZ,20200210,51.81,3.8744,0.81,67.1491,9.0064,17.5691,836679.69,574786.3572
300590.SZ,20200207,52.14,4.6351,0.95,67.5768,9.0638,17.681,842008.86,578447.4168
300590.SZ,20200206,48.53,5.018,0.99,62.898,8.4362,16.4569,783710.97,538397.6436
300590.SZ,20200205,45.6,5.96,1.35,59.1005,7.9269,15.4633,736394.4,505891.872
300590.SZ,20200204,45.9,5.5423,1.34,59.4893,7.979,15.565,741239.1,509220.108
300590.SZ,20200203,42.34,2.7684,0.61,54.8754,7.3602,14.3578,683748.66,469725.0408
300590.SZ,20200123,47.04,5.1306,1.19,60.9669,8.1772,15.9516,759648.96,521867.4048
300590.SZ,20200122,50.02,6.0147,1.56,64.8291,8.6952,16.9621,807772.98,554927.8824
300590.SZ,20200121,45.47,2.5644,0.67,58.932,7.9043,15.4192,734295.03,504449.6364
300590.SZ,20200120,46.14,4.1708,1.1,59.8004,8.0208,15.6464,745114.86,511882.6968
300590.SZ,20200117,45.9,4.7577,1.4,59.4893,7.979,15.565,741239.1,509220.108
300590.SZ,20200116,43.77,4.0519,1.25,56.7287,7.6088,14.8427,706841.73,485589.6324
300590.SZ,20200115,42.92,3.6821,1.21,55.6271,7.461,14.5545,693115.08,476159.6304
300590.SZ,20200114,40.78,2.4449,0.77,52.8535,7.089,13.8288,658556.22,452418.2136
300590.SZ,20200113,41.66,4.0413,1.21,53.994,7.242,14.1272,672767.34,462181.0392
300590.SZ,20200110,39.48,3.1838,0.82,51.1686,6.863,13.3879,637562.52,386990.856
300590.SZ,20200109,39.41,3.7231,0.95,51.0779,6.8508,13.3642,636432.09,386304.702
300590.SZ,20200108,38.08,3.0321,0.82,49.3541,6.6196,12.9132,614953.92,373267.776
300590.SZ,20200107,39.3,3.5214,1.03,50.9353,6.8317,13.3269,634655.7,385226.46
300590.SZ,20200106,39.38,5.4093,1.86,51.039,6.8456,13.354,635947.62,386010.636
300590.SZ,20200103,38.21,3.6297,1.32,49.5226,6.6422,12.9573,617053.29,374542.062
300590.SZ,20200102,37.86,4.0479,1.49,49.069,6.5814,12.8386,611401.14,371111.292
300590.SZ,20191231,36.18,1.783,0.6,46.8916,6.2894,12.2689,584270.82,354643.596
300590.SZ,20191230,36.4,2.1903,0.65,47.1767,6.3276,12.3435,587823.6,356800.08
300590.SZ,20191227,36.24,2.8908,0.83,46.9694,6.2998,12.2892,585239.76,355231.728
300590.SZ,20191226,37.18,2.8214,0.79,48.1877,6.4632,12.608,600419.82,364445.796
300590.SZ,20191225,37.4,3.8796,0.99,48.4728,6.5014,12.6826,603972.6,366602.28
300590.SZ,20191224,36.28,3.0121,0.67,47.0212,6.3067,12.3028,585885.72,355623.816
300590.SZ,20191223,36.0,4.2958,0.98,46.6583,6.2581,12.2078,581364.0,352879.2
300590.SZ,20191220,37.12,3.3623,0.78,48.1099,6.4528,12.5876,599450.88,363857.664
300590.SZ,20191219,38.1,3.2793,0.75,49.38,6.6231,12.92,615276.9,373463.82
300590.SZ,20191218,37.93,5.6256,1.47,49.1597,6.5936,12.8623,612531.57,371797.446
300590.SZ,20191217,37.33,5.9766,1.82,48.3821,6.4893,12.6589,602842.17,365916.126
300590.SZ,20191216,36.18,3.6,1.12,46.8916,6.2894,12.2689,584270.82,354643.596
300590.SZ,20191213,35.39,3.1989,0.87,45.8677,6.152,12.001,571513.11,346899.858
300590.SZ,20191212,35.03,3.5728,0.87,45.4011,6.0894,11.8789,565699.47,343371.066
300590.SZ,20191211,34.8,2.7709,0.66,45.103,6.0495,11.8009,561985.2,341116.56
300590.SZ,20191210,35.5,3.2501,0.83,46.0103,6.1712,12.0383,573289.5,347978.1
300590.SZ,20191209,35.07,3.3169,0.92,45.453,6.0964,11.8925,566345.43,343763.154
300590.SZ,20191206,35.19,5.4384,1.8,45.6085,6.1173,11.9332,568283.31,344939.418
300590.SZ,20191205,34.21,5.8091,2.52,44.3384,5.9469,11.6008,552457.29,335333.262
300590.SZ,20191204,32.97,3.024,1.4,42.7312,5.7313,11.1804,532432.53,323178.534
300590.SZ,20191203,33.64,1.9409,0.84,43.5996,5.8478,11.4076,543252.36,329746.008
300590.SZ,20191202,33.35,1.8681,0.71,43.2237,5.7974,11.3092,538569.15,326903.37
300590.SZ,20191129,33.81,2.4732,0.77,43.8199,5.8774,11.4652,545997.69,331412.382
300590.SZ,20191128,33.28,2.2093,0.62,43.133,5.7852,11.2855,537438.72,326217.216
300590.SZ,20191127,34.02,2.2767,0.54,44.0921,5.9139,11.5364,549388.98,333470.844
300590.SZ,20191126,33.97,2.7743,0.62,44.0273,5.9052,11.5195,548581.53,332980.734
300590.SZ,20191125,34.16,3.4599,0.79,44.2736,5.9382,11.5839,551649.84,334843.152
300590.SZ,20191122,35.7,5.2531,1.26,46.2695,6.2059,12.1061,576519.3,349938.54
300590.SZ,20191121,36.3,3.9989,0.9,47.0471,6.3102,12.3096,586208.7,355819.86
300590.SZ,20191120,36.0,5.7182,1.47,46.6583,6.2581,12.2078,581364.0,352879.2
300590.SZ,20191119,35.33,4.0129,1.17,45.7899,6.1416,11.9806,570544.17,346311.726
300590.SZ,20191118,33.95,3.0482,0.88,44.0014,5.9017,11.5127,548258.55,332784.69
300590.SZ,20191115,34.3,4.0315,1.24,44.455,5.9625,11.6314,553910.7,336215.46
300590.SZ,20191114,34.23,5.4214,1.98,44.3643,5.9504,11.6076,552780.27,335529.306
300590.SZ,20191113,32.41,2.9722,1.16,42.0054,5.634,10.9905,523389.09,317689.302
300590.SZ,20191112,31.5,1.7151,0.65,40.826,5.4758,10.6819,508693.5,308769.3
300590.SZ,20191111,32.1,3.1312,1.21,41.6037,5.5801,10.8853,518382.9,314650.62
300590.SZ,20191108,33.05,3.0094,1.1,42.8349,5.7453,11.2075,533724.45,323962.71
300590.SZ,20191107,33.0,2.8561,1.1,42.7701,5.7366,11.1905,532917.0,323472.6
300590.SZ,20191106,32.22,2.1491,0.81,41.7592,5.601,10.926,520320.78,315826.884
300590.SZ,20191105,32.69,2.1005,0.7,42.3683,5.6827,11.0854,527910.81,320433.918
300590.SZ,20191104,32.8,2.7973,0.8,42.5109,5.7018,11.1227,529687.2,321512.16
300590.SZ,20191101,33.12,3.8207,1.21,42.9256,5.7574,11.2312,534854.88,324648.864
300590.SZ,20191031,32.7,2.0792,0.66,42.3813,5.6844,11.0888,528072.3,320531.94
300590.SZ,20191030,32.52,2.4599,0.8,42.148,5.6531,11.0278,525165.48,316907.4
300590.SZ,20191029,32.72,3.9271,1.31,42.4072,5.6879,11.0956,528395.28,318856.4
300590.SZ,20191028,32.85,5.2386,2.09,42.5757,5.7105,11.1397,530494.65,320123.25
300590.SZ,20191025,31.2,2.2283,0.77,40.4372,5.6553,10.5801,503848.8,304044.0
300590.SZ,20191024,30.79,2.0746,0.5,39.9058,5.581,10.4411,497227.71,300048.55
300590.SZ,20191023,31.12,1.954,0.44,40.3335,5.6408,10.553,502556.88,303264.4
300590.SZ,20191022,31.4,3.4864,0.8,40.6964,5.6916,10.648,507078.6,305993.0
300590.SZ,20191021,31.18,2.8137,0.63,40.4113,5.6517,10.5733,503525.82,303849.1
300590.SZ,20191018,31.69,4.231,1.03,41.0723,5.7441,10.7463,511761.81,308819.05
300590.SZ,20191017,32.35,8.4323,2.93,41.9277,5.8637,10.9701,522420.15,315250.75
300590.SZ,20191016,35.38,3.1502,1.19,45.8547,6.413,11.9976,571351.62,344778.1
300590.SZ,20191015,36.12,3.1863,1.35,46.8138,6.5471,12.2485,583301.88,351989.4
300590.SZ,20191014,37.58,3.1824,1.5,48.7061,6.8117,12.7436,606879.42,366217.1
300590.SZ,20191011,36.99,2.5891,1.25,47.9414,6.7048,12.5436,597351.51,360467.55
300590.SZ,20191010,38.1,2.2862,0.97,49.38,6.906,12.92,615276.9,371284.5
300590.SZ,20191009,37.57,1.999,0.76,48.6931,6.8099,12.7402,606717.93,366119.65
300590.SZ,20191008,36.92,1.7753,0.51,47.8507,6.6921,12.5198,596221.08,359785.4
300590.SZ,20190930,36.8,1.9651,0.51,47.6952,6.6704,12.4791,594283.2,358616.0
300590.SZ,20190927,37.38,2.3422,0.52,48.4469,6.7755,12.6758,603649.62,364268.1
300590.SZ,20190926,36.99,3.6789,0.79,47.9414,6.7048,12.5436,597351.51,360467.55
300590.SZ,20190925,38.35,3.4314,0.75,49.7041,6.9513,13.0047,619314.15,373720.75
300590.SZ,20190924,39.92,5.9032,1.35,51.7389,7.2359,13.5371,644668.08,389020.4
300590.SZ,20190923,39.35,3.9705,0.92,51.0001,7.1326,13.3439,635463.15,383465.75
300590.SZ,20190920,38.68,5.6996,1.49,50.1318,7.0111,13.1167,624643.32,376936.6
300590.SZ,20190919,40.4,4.222,1.09,52.361,7.3229,13.6999,652419.6,393698.0
300590.SZ,20190918,39.04,3.1381,0.7,50.5983,7.0764,13.2387,630456.96,380444.8
300590.SZ,20190917,39.35,4.8771,0.99,51.0001,7.1326,13.3439,635463.15,383465.75
300590.SZ,20190916,40.78,3.6754,0.66,52.8535,7.3918,13.8288,658556.22,397401.1
300590.SZ,20190912,40.91,3.1864,0.52,53.022,7.4153,13.8729,660655.59,398667.95
300590.SZ,20190911,40.94,4.4914,0.75,53.0609,7.4208,13.883,661140.06,398960.3
300590.SZ,20190910,41.75,6.0263,1.06,54.1107,7.5676,14.1577,674220.75,406853.75
300590.SZ,20190909,43.14,7.1649,1.4,55.9122,7.8195,14.6291,696667.86,420399.3
300590.SZ,20190906,42.23,7.1676,1.56,54.7328,7.6546,14.3205,681972.27,411531.35
300590.SZ,20190905,38.9,5.662,1.36,50.4169,7.051,13.1913,628196.1,379080.5
300590.SZ,20190904,37.52,3.8412,0.87,48.6283,6.8009,12.7233,605910.48,365632.4
300590.SZ,20190903,37.29,4.4726,0.99,48.3302,6.7592,12.6453,602196.21,363391.05
300590.SZ,20190902,36.2,4.4258,1.02,46.9175,6.5616,12.2757,584593.8,352769.0
300590.SZ,20190830,35.12,4.6002,1.06,45.5178,6.3658,11.9094,567152.88,342244.4
300590.SZ,20190829,35.95,3.5171,0.76,46.5935,6.5163,12.1909,580556.55,350332.75
300590.SZ,20190828,36.07,5.1584,1.2,46.749,6.538,12.2316,582494.43,351502.15
300590.SZ,20190827,35.1,4.9428,1.21,45.4919,6.3622,11.9026,566829.9,342049.5
300590.SZ,20190826,34.35,3.3905,0.73,44.5198,6.2263,11.6483,554718.15,334740.75
300590.SZ,20190823,35.0,4.6122,1.01,45.3622,6.3441,11.8687,565215.0,341075.0
300590.SZ,20190822,35.14,5.0703,1.12,45.5437,6.3695,11.9162,567475.86,342439.3
300590.SZ,20190821,34.7,3.4157,0.71,44.9734,6.2897,11.767,560370.3,338151.5
300590.SZ,20190820,34.73,3.9585,0.79,45.0123,6.2951,11.7772,560854.77,338443.85
300590.SZ,20190819,34.83,6.2126,1.31,45.1419,6.3133,11.8111,562469.67,339418.35
300590.SZ,20190816,32.63,4.2399,0.87,42.2906,5.9145,11.0651,526941.87,317979.35
300590.SZ,20190815,32.89,4.8012,1.09,42.6275,5.9616,11.1532,531140.61,320513.05
300590.SZ,20190814,33.18,4.7042,1.15,43.0034,6.2842,11.2516,535823.82,321846.0
300590.SZ,20190813,32.94,5.1172,1.18,42.6924,6.2387,11.1702,531948.06,319518.0
300590.SZ,20190812,32.28,4.9604,1.25,41.837,6.1137,10.9464,521289.72,313116.0
300590.SZ,20190809,30.16,4.918,1.36,39.0893,5.7122,10.2275,487053.84,292552.0
300590.SZ,20190808,31.42,2.4196,0.66,40.7223,5.9508,10.6547,507401.58,304774.0
300590.SZ,20190807,30.81,3.0922,0.8,39.9317,5.8353,10.4479,497550.69,298857.0
300590.SZ,20190806,31.92,6.3369,2.03,41.3704,6.0455,10.8243,515476.08,309624.0
300590.SZ,20190805,32.23,3.0709,1.01,41.7721,6.1043,10.9294,520482.27,312631.0
300590.SZ,20190802,32.87,3.1753,1.06,42.6016,6.2255,11.1464,530817.63,318839.0
300590.SZ,20190801,33.81,2.7666,0.86,43.8199,6.4035,11.4652,545997.69,327957.0
300590.SZ,20190731,33.68,3.9939,1.1,43.6514,6.3789,11.4211,543898.32,326696.0
300590.SZ,20190730,33.19,2.6044,0.62,43.0164,6.2861,11.255,535985.31,321943.0
300590.SZ,20190729,33.55,2.624,0.6,43.483,6.3543,11.377,541798.95,325435.0
300590.SZ,20190726,33.24,3.0552,0.71,43.0812,6.2955,11.2719,536792.76,322428.0
300590.SZ,20190725,33.32,3.8878,0.93,43.1849,6.3107,11.299,538084.68,323204.0
300590.SZ,20190724,33.2,5.9782,1.52,43.0293,6.288,11.2583,536146.8,322040.0
300590.SZ,20190723,32.05,5.4298,1.39,41.5389,6.0702,10.8684,517575.45,310885.0
300590.SZ,20190722,29.89,3.4689,0.71,38.7394,5.6611,10.1359,482693.61,289933.0
300590.SZ,20190719,31.1,2.8169,0.57,40.3076,5.8902,10.5462,502233.9,301670.0
300590.SZ,20190718,31.02,3.2788,0.61,40.2039,5.8751,10.5191,500941.98,300894.0
300590.SZ,20190717,32.01,4.6136,0.92,41.487,6.0626,10.8548,516929.49,310497.0
300590.SZ,20190716,32.68,5.3898,1.16,42.3554,6.1895,11.082,527749.32,316996.0
300590.SZ,20190715,31.76,8.4111,2.13,41.163,6.0152,10.77,512892.24,308072.0
300590.SZ,20190712,34.24,2.9963,0.65,44.3772,6.4849,11.611,552941.76,332128.0
300590.SZ,20190711,34.38,5.4999,1.25,44.5587,6.5115,11.6585,555202.62,333486.0
300590.SZ,20190710,35.85,2.7792,0.58,46.4639,6.7899,12.157,578941.65,347745.0
300590.SZ,20190709,36.19,3.4477,0.63,46.9046,6.8543,12.2723,584432.31,351043.0
300590.SZ,20190708,36.3,5.0179,0.91,47.0471,6.8751,12.3096,586208.7,352110.0
300590.SZ,20190705,38.57,6.1423,1.2,49.9892,7.305,13.0793,622866.93,374129.0
300590.SZ,20190704,37.57,4.6693,0.88,48.6931,7.1156,12.7402,606717.93,364429.0
300590.SZ,20190703,36.88,4.8674,0.97,47.7988,6.9849,12.5063,595575.12,357736.0
300590.SZ,20190702,37.43,6.8611,1.61,48.5117,7.0891,12.6928,604457.07,363071.0
300590.SZ,20190701,35.57,5.1649,1.4,46.101,6.7368,12.062,574419.93,345029.0
300590.SZ,20190628,34.2,3.9809,1.08,44.3254,6.4774,11.5975,552295.8,331740.0
300590.SZ,20190627,34.94,5.5781,1.76,45.2845,6.6175,11.8484,564246.06,338918.0
300590.SZ,20190626,33.38,3.39,1.06,43.2626,6.3221,11.3194,539053.62,323786.0
300590.SZ,20190625,33.76,3.2167,1.11,43.7551,6.394,11.4482,545190.24,327472.0
300590.SZ,20190624,34.92,2.2642,0.81,45.2586,6.6137,11.8416,563923.08,338724.0
300590.SZ,20190621,35.57,3.9961,1.53,46.101,6.7368,12.062,574419.93,345029.0
300590.SZ,20190620,34.64,2.9896,1.23,44.8957,6.5607,11.7467,559401.36,336008.0
300590.SZ,20190619,34.07,3.5169,1.37,44.1569,6.4527,11.5534,550196.43,330479.0
300590.SZ,20190618,32.98,1.6763,0.56,42.7442,6.2463,11.1837,532594.02,319906.0
300590.SZ,20190617,33.36,1.7547,0.55,43.2367,6.3183,11.3126,538730.64,323592.0
300590.SZ,20190614,33.16,3.0945,0.9,42.9775,6.2804,11.2448,535500.84,321652.0
300590.SZ,20190613,34.61,2.0936,0.52,44.8568,6.555,11.7365,558916.89,335717.0
300590.SZ,20190612,34.85,4.2524,1.02,45.1678,6.6005,11.8179,562792.65,338045.0
300590.SZ,20190611,34.21,3.7999,0.82,44.3384,6.4793,11.6008,552457.29,331837.0
300590.SZ,20190610,33.55,2.6301,0.57,43.483,6.3543,11.377,541798.95,325435.0
300590.SZ,20190606,32.87,4.3314,0.95,42.6016,6.2255,11.1464,530817.63,318839.0
300590.SZ,20190605,35.4,5.078,1.21,45.8807,6.7046,12.0044,571674.6,343380.0
300590.SZ,20190604,35.09,5.0257,1.32,45.4789,6.6459,11.8993,566668.41,340373.0
300590.SZ,20190603,35.12,5.9718,1.83,45.5178,6.6516,11.9094,567152.88,340664.0
300590.SZ,20190531,34.6,2.7108,0.84,44.8438,6.5531,11.7331,558755.4,335620.0
300590.SZ,20190530,34.0,4.0741,1.4,44.0662,6.4395,11.5296,549066.0,329800.0
300590.SZ,20190529,35.3,3.1383,1.05,45.7511,6.6857,11.9705,570059.7,342410.0
300590.SZ,20190528,34.96,3.09,1.0,45.3104,6.6213,11.8552,564569.04,339112.0
300590.SZ,20190527,34.9,3.2738,1.09,45.2326,6.6099,11.8348,563600.1,338530.0
300590.SZ,20190524,33.16,2.5976,0.82,42.9775,6.2804,11.2448,535500.84,321652.0
300590.SZ,20190523,34.5,2.4921,0.74,44.7142,6.2388,11.6992,557140.5,334650.0
300590.SZ,20190522,34.85,3.4335,1.05,45.1678,6.3021,11.8179,562792.65,338045.0
300590.SZ,20190521,34.68,3.6907,1.16,44.9475,6.2713,11.7602,560047.32,336396.0
300590.SZ,20190520,33.25,2.8519,0.87,43.0941,6.0127,11.2753,536954.25,322525.0
300590.SZ,20190517,32.64,3.3752,0.93,42.3035,5.9024,11.0684,527103.36,316608.0
300590.SZ,20190516,34.53,3.4472,1.0,44.7531,6.2442,11.7094,557624.97,334941.0
300590.SZ,20190515,36.0,2.9296,0.8,46.6583,6.51,12.2078,581364.0,349200.0
300590.SZ,20190514,35.54,3.3704,0.79,46.0621,6.4268,12.0519,573935.46,344738.0
300590.SZ,20190513,34.94,3.3422,0.81,45.2845,6.3183,11.8484,564246.06,338918.0
300590.SZ,20190510,36.0,4.994,1.36,46.6583,6.51,12.2078,581364.0,349200.0
300590.SZ,20190509,33.35,2.5288,0.61,43.2237,6.0308,11.3092,538569.15,323495.0
300590.SZ,20190508,33.43,4.0916,1.06,43.3274,6.0453,11.3363,539861.07,324271.0
300590.SZ,20190507,34.9,6.4646,1.9,45.2326,6.3111,11.8348,563600.1,338530.0
300590.SZ,20190506,35.55,2.6572,0.72,46.0751,6.4287,12.0552,574096.95,344835.0
300590.SZ,20190430,39.5,2.6269,0.67,51.1945,7.143,13.3947,637885.5,383150.0
300590.SZ,20190429,38.91,4.7763,1.17,50.4299,7.0363,13.1946,628357.59,377427.0
300590.SZ,20190426,39.82,2.8176,0.61,51.6093,7.4407,13.5032,643053.18,386254.0
300590.SZ,20190425,40.66,4.1139,0.84,52.698,7.5976,13.7881,656618.34,394402.0
300590.SZ,20190424,42.5,4.1442,0.7,55.0827,7.9414,14.412,686332.5,412250.0
300590.SZ,20190423,40.8,3.8246,0.56,52.8794,7.6238,13.8356,658879.2,395760.0
300590.SZ,20190422,41.21,5.5975,0.77,53.4108,7.7004,13.9746,665500.29,399737.0
300590.SZ,20190419,42.45,5.6029,0.81,55.0179,7.9321,14.3951,685525.05,411765.0
300590.SZ,20190418,41.66,5.4621,0.84,53.994,7.7845,14.1272,672767.34,404102.0
300590.SZ,20190417,41.61,8.9201,1.58,53.9292,7.7751,14.1102,671959.89,403617.0
300590.SZ,20190416,42.8,8.6417,1.89,55.4715,7.9975,14.5138,691177.2,415160.0
300590.SZ,20190415,38.91,7.7287,1.82,50.4299,7.2706,13.1946,628357.59,377427.0
300590.SZ,20190412,36.98,3.8841,0.89,47.9285,6.91,12.5402,597190.02,358706.0
300590.SZ,20190411,38.39,3.2725,0.66,49.7559,7.1735,13.0183,619960.11,372383.0
300590.SZ,20190410,39.41,4.748,0.9,51.0779,7.3641,13.3642,636432.09,382277.0
300590.SZ,20190409,38.29,3.2115,0.52,49.6263,7.1548,12.9844,618345.21,371413.0
300590.SZ,20190408,38.2,6.1214,0.99,49.5097,7.138,12.9539,616891.8,370540.0
300590.SZ,20190404,39.89,4.4906,0.69,51.7,7.4537,13.527,644183.61,386933.0
300590.SZ,20190403,39.39,6.2509,0.98,51.052,7.3603,13.3574,636109.11,382083.0
300590.SZ,20190402,40.85,6.2781,0.96,52.9442,7.6331,13.8525,659686.65,396245.0
300590.SZ,20190401,41.56,7.5991,1.24,53.8644,7.7658,14.0933,671152.44,403132.0
300590.SZ,20190329,39.68,6.2855,1.02,51.4278,7.4145,13.4558,640792.32,384896.0
300590.SZ,20190328,37.91,6.1313,1.0,49.1338,7.0838,12.8555,612208.59,367727.0
300590.SZ,20190327,37.95,5.6809,0.89,49.1856,7.0912,12.8691,612854.55,368115.0
300590.SZ,20190326,37.41,6.9666,1.17,48.4858,6.9903,12.686,604134.09,362877.0
300590.SZ,20190325,38.95,5.4985,0.9,50.4817,7.2781,13.2082,629003.55,377815.0
300590.SZ,20190322,40.24,6.6554,1.15,52.1536,7.5191,13.6457,649835.76,390328.0
300590.SZ,20190321,40.73,5.8779,0.96,52.7887,7.6107,13.8118,657748.77,395081.0
300590.SZ,20190320,40.94,6.9863,1.12,53.0609,7.6499,13.883,661140.06,397118.0
300590.SZ,20190319,43.25,4.8684,0.73,56.0548,8.0816,14.6664,698444.25,419525.0
300590.SZ,20190318,43.19,6.2923,0.96,55.977,8.0704,14.646,697475.31,418943.0
300590.SZ,20190315,44.3,4.9985,0.75,73.7995,8.2786,19.7381,715400.7,429710.0
300590.SZ,20190314,43.13,7.5714,1.19,71.8503,8.06,19.2168,696506.37,418361.0
300590.SZ,20190313,41.08,7.4178,1.17,68.4352,7.6769,18.3034,663400.92,398476.0
300590.SZ,20190312,42.55,7.2606,1.2,70.8841,7.9516,18.9584,687139.95,412735.0
300590.SZ,20190311,41.16,5.6432,0.97,68.5685,7.6918,18.3391,664692.84,399252.0
300590.SZ,20190308,37.42,5.5548,0.96,62.338,6.9929,16.6727,604295.58,362974.0
300590.SZ,20190307,38.71,5.9892,1.0,64.4871,7.234,17.2475,625127.79,375487.0
300590.SZ,20190306,40.0,7.1826,1.1,66.6361,7.475,17.8222,645960.0,388000.0
300590.SZ,20190305,38.16,5.8472,0.89,63.5708,7.1312,17.0024,616245.84,370152.0
300590.SZ,20190304,34.69,4.5513,0.64,57.7901,6.4827,15.4563,560208.81,336493.0
300590.SZ,20190301,34.51,5.2434,0.73,57.4903,6.4491,15.3761,557301.99,334747.0
300590.SZ,20190228,33.66,7.1942,1.06,56.0743,6.2903,14.9974,543575.34,326502.0
300590.SZ,20190227,31.52,9.8683,1.86,52.5092,5.8903,14.0439,509016.48,305744.0
300590.SZ,20190226,34.25,6.1209,1.28,57.0571,6.4005,15.2603,553103.25,332225.0
300590.SZ,20190225,34.54,7.1928,1.72,57.5403,6.4547,15.3895,557786.46,335038.0
300590.SZ,20190222,31.4,5.4342,1.51,52.3093,6.0562,13.9905,507078.6,304580.0
300590.SZ,20190221,29.6,5.2316,1.61,49.3107,5.7091,13.1885,478010.4,287120.0
300590.SZ,20190220,28.88,2.5156,0.66,48.1112,5.5702,12.8677,466383.12,280136.0
300590.SZ,20190219,29.2,3.5705,0.94,48.6443,5.6319,13.0102,471550.8,283240.0
300590.SZ,20190218,30.0,4.1354,1.09,49.9771,5.7862,13.3667,484470.0,291000.0
300590.SZ,20190215,29.22,2.5655,0.64,48.6777,5.6358,13.0192,471873.78,283434.0
300590.SZ,20190214,29.32,3.441,0.84,48.8442,5.6551,13.0637,473488.68,284404.0
300590.SZ,20190213,29.58,5.2305,1.45,49.2774,5.7052,13.1796,477687.42,286926.0
300590.SZ,20190212,29.48,3.7115,1.12,49.1108,5.6859,13.135,476072.52,285956.0
300590.SZ,20190211,29.76,4.0693,1.33,49.5772,5.7399,13.2598,480594.24,288672.0
300590.SZ,20190201,28.83,3.6057,1.15,48.028,5.5606,12.8454,465575.67,279651.0
300590.SZ,20190131,28.21,3.882,1.26,46.9951,5.441,12.5691,455563.29,273637.0
300590.SZ,20190130,27.19,2.7067,0.93,45.2959,5.2442,12.1147,439091.31,263743.0
300590.SZ,20190129,26.96,2.3624,0.8,44.9127,5.1999,12.0122,435377.04,261512.0
300590.SZ,20190128,27.26,2.7918,0.91,45.4125,5.2577,12.1459,440221.74,264422.0
300590.SZ,20190125,27.68,3.9875,1.36,46.1122,5.3387,12.333,447004.32,268496.0
300590.SZ,20190124,27.37,3.5925,1.33,45.5957,5.279,12.1949,441998.13,265489.0
300590.SZ,20190123,26.8,1.8578,0.63,44.6462,5.169,11.9409,432793.2,259960.0
300590.SZ,20190122,26.35,2.4678,0.79,43.8965,5.0822,11.7404,425526.15,255595.0
300590.SZ,20190121,26.8,3.499,1.08,44.6462,5.169,11.9409,432793.2,259960.0
300590.SZ,20190118,26.19,3.2053,0.8,43.63,5.0514,11.6691,422942.31,254043.0
300590.SZ,20190117,26.2,2.4262,0.5,43.6466,5.0533,11.6736,423103.8,254140.0
300590.SZ,20190116,26.5,3.2148,0.61,44.1464,5.1112,11.8072,427948.5,257050.0
300590.SZ,20190115,26.93,3.3199,0.63,44.8627,5.1941,11.9988,434892.57,261221.0
300590.SZ,20190114,26.9,4.0252,0.77,44.8128,5.1883,11.9855,434408.1,260930.0
300590.SZ,20190111,27.3,7.0193,1.58,45.4791,5.2655,12.1637,440867.7,264810.0
300590.SZ,20190110,27.41,6.6229,1.59,45.6624,5.2867,12.2127,442644.09,265877.0
300590.SZ,20190109,25.81,5.2611,1.33,42.9969,4.9781,11.4998,416805.69,250357.0
300590.SZ,20190108,25.51,3.2264,0.76,42.4972,4.9202,11.3661,411960.99,247447.0
300590.SZ,20190107,25.85,3.9402,0.89,43.0636,4.9858,11.5176,417451.65,250745.0
300590.SZ,20190104,24.92,3.1775,0.66,41.5143,4.8064,11.1033,402433.08,241724.0
300590.SZ,20190103,24.08,5.2701,1.04,40.1149,4.6444,10.729,388867.92,233576.0
300590.SZ,20190102,25.57,4.1423,0.82,42.5971,4.9318,11.3929,412929.93,248029.0
300590.SZ,20181228,24.78,4.7079,1.02,41.281,4.7794,11.0409,400172.22,240366.0
300590.SZ,20181227,25.0,4.8664,1.2,41.6475,4.8218,11.1389,403725.0,242500.0
300590.SZ,20181226,25.9,5.0097,1.41,43.1469,4.9954,11.5399,418259.1,251230.0
300590.SZ,20181225,26.16,6.7101,2.48,43.58,5.0456,11.6558,422457.84,253752.0
300590.SZ,20181224,25.36,4.0513,,42.2473,4.8913,11.2993,409538.64,245992.0
300590.SZ,20181221,24.33,2.3635,0.9,40.5314,4.6926,10.8404,392905.17,236001.0
300590.SZ,20181220,24.61,2.1786,0.71,40.9978,4.7466,10.9651,397426.89,238717.0
300590.SZ,20181219,23.96,2.4165,0.7,39.915,4.6213,10.6755,386930.04,232412.0
300590.SZ,20181218,24.03,2.5253,0.61,40.0316,4.6348,10.7067,388060.47,233091.0
300590.SZ,20181217,24.04,2.2063,0.44,40.0483,4.6367,10.7112,388221.96,233188.0
300590.SZ,20181214,24.48,3.7442,0.77,40.7813,4.7216,10.9072,395327.52,237456.0
300590.SZ,20181213,25.37,4.3506,0.92,42.2639,4.8932,11.3038,409700.13,246089.0
300590.SZ,20181212,25.09,4.379,0.98,41.7975,4.8392,11.179,405178.41,243373.0
300590.SZ,20181211,25.88,5.9388,1.48,43.1135,4.9916,11.531,417936.12,251036.0
300590.SZ,20181210,25.45,6.5516,1.69,42.3972,4.9086,11.3394,410992.05,246865.0
300590.SZ,20181207,24.29,3.1254,0.72,40.4648,4.6849,10.8226,392259.21,235613.0
300590.SZ,20181206,23.59,3.7765,0.91,39.2986,4.5499,10.5107,380954.91,228823.0
300590.SZ,20181205,24.97,2.8552,0.65,41.5976,4.8161,11.1255,403240.53,242209.0
300590.SZ,20181204,25.47,3.7209,0.86,42.4305,4.9125,11.3483,411315.03,247059.0
300590.SZ,20181203,25.36,5.8516,1.62,42.2473,4.8913,11.2993,409538.64,245992.0
300590.SZ,20181130,24.88,5.4238,1.75,41.4476,4.7987,11.0854,401787.12,241336.0
300590.SZ,20181129,23.16,2.8549,0.96,38.5823,4.467,10.3191,374010.84,224652.0
300590.SZ,20181128,23.98,4.0125,1.59,39.9483,4.6251,10.6844,387253.02,232606.0
300590.SZ,20181127,23.69,3.5093,1.44,39.4652,4.5692,10.5552,382569.81,229793.0
300590.SZ,20181126,22.8,2.2718,0.9,37.9826,4.3975,10.1587,368197.2,221160.0
300590.SZ,20181123,22.47,2.8078,1.0,37.4328,4.3339,10.0116,362868.03,217959.0
300590.SZ,20181122,23.71,2.3059,0.64,39.4985,4.573,10.5641,382892.79,229987.0
300590.SZ,20181121,24.12,1.7011,0.43,40.1816,4.6521,10.7468,389513.88,233964.0
300590.SZ,20181120,24.0,3.071,0.68,39.9816,4.629,10.6933,387576.0,232800.0
300590.SZ,20181119,24.92,2.7556,0.5,41.5143,4.8064,11.1033,402433.08,241724.0
300590.SZ,20181116,24.92,4.2268,0.67,41.5143,4.8064,11.1033,402433.08,241724.0
300590.SZ,20181115,25.38,6.2953,1.13,42.2806,4.8951,11.3082,409861.62,246186.0
300590.SZ,20181114,24.69,3.4777,0.62,41.1311,4.7621,11.0008,398718.81,239493.0
300590.SZ,20181113,24.69,5.7945,1.17,41.1311,4.7621,11.0008,398718.81,239493.0
300590.SZ,20181112,24.85,7.5822,1.68,41.3977,4.7929,11.0721,401302.65,241045.0
300590.SZ,20181109,24.9,8.6246,2.49,41.481,4.8026,11.0943,402110.1,241530.0
300590.SZ,20181108,22.64,2.4282,0.61,37.716,4.3667,10.0874,365613.36,219608.0
300590.SZ,20181107,22.75,3.7085,0.84,37.8993,4.3879,10.1364,367389.75,220675.0
300590.SZ,20181106,23.42,2.3482,0.46,39.0154,4.5171,10.4349,378209.58,227174.0
300590.SZ,20181105,23.6,5.4373,1.18,39.3153,4.5518,10.5151,381116.4,228920.0
300590.SZ,20181102,22.8,3.379,0.76,37.9826,4.3975,10.1587,368197.2,221160.0
300590.SZ,20181101,22.35,5.0956,1.3,37.2329,4.3107,9.9582,360930.15,216795.0
300590.SZ,20181031,22.39,5.8066,1.86,37.2995,4.3184,9.976,361576.11,217183.0
300590.SZ,20181030,21.6,5.7269,2.26,35.6515,4.2151,9.5352,345600.0,209520.0
300590.SZ,20181029,20.61,3.0188,1.05,34.0175,4.195,9.0982,329760.0,199917.0
300590.SZ,20181026,20.29,2.5104,0.79,33.4893,4.1299,8.9569,324640.0,196813.0
300590.SZ,20181025,19.84,2.6028,0.83,32.7465,4.0383,8.7583,317440.0,192448.0
300590.SZ,20181024,20.42,1.7785,0.52,33.7038,4.1563,9.0143,326720.0,198074.0
300590.SZ,20181023,20.58,2.7584,0.81,33.9679,4.1889,9.0849,329280.0,199626.0
300590.SZ,20181022,21.15,4.7401,1.58,34.9087,4.3049,9.3366,338400.0,205155.0
300590.SZ,20181019,20.27,3.9369,1.4,33.4563,4.1258,8.9481,324320.0,196619.0
300590.SZ,20181018,19.44,2.4721,0.84,32.0863,3.9568,8.5817,311040.0,188568.0
300590.SZ,20181017,19.8,3.3543,1.26,32.6805,4.0301,8.7406,316800.0,192060.0
300590.SZ,20181016,19.26,2.4378,0.99,31.7892,3.9202,8.5022,308160.0,186822.0
300590.SZ,20181015,19.21,2.8434,1.25,31.7067,3.91,8.4802,307360.0,186337.0
300590.SZ,20181012,19.23,2.9958,1.46,31.7397,3.9141,8.489,307680.0,186531.0
300590.SZ,20181011,18.77,3.0471,1.47,30.9805,3.8205,8.2859,300320.0,182069.0
300590.SZ,20181010,20.42,1.9794,0.94,33.7038,4.1563,9.0143,326720.0,198074.0
300590.SZ,20181009,19.94,1.4257,0.64,32.9116,4.0586,8.8024,319040.0,193418.0
300590.SZ,20181008,19.77,1.8967,0.79,32.631,4.024,8.7274,316320.0,191769.0
300590.SZ,20180928,20.98,1.8881,0.74,34.6281,4.2703,9.2615,335680.0,203506.0
300590.SZ,20180927,20.67,3.1971,1.16,34.1165,4.2072,9.1247,330720.0,200499.0
300590.SZ,20180926,21.8,2.1695,0.69,35.9816,4.4372,9.6235,348800.0,211460.0
300590.SZ,20180925,21.88,1.9906,0.59,36.1136,4.4535,9.6588,350080.0,212236.0
300590.SZ,20180921,22.17,2.6962,0.74,36.5923,4.5125,9.7868,354720.0,215049.0
300590.SZ,20180920,21.94,2.6339,0.61,36.2127,4.4657,9.6853,351040.0,212818.0
300590.SZ,20180919,22.24,4.3215,1.03,36.7078,4.5268,9.8177,355840.0,215728.0
300590.SZ,20180918,22.08,4.077,0.95,36.4437,4.4942,9.7471,353280.0,214176.0
300590.SZ,20180917,22.16,3.2549,0.75,36.5758,4.5105,9.7824,354560.0,214952.0
300590.SZ,20180914,22.38,3.9373,0.85,36.9389,4.5553,9.8795,358080.0,217086.0
300590.SZ,20180913,22.9,6.1684,1.45,37.7972,4.6611,10.1091,366400.0,222130.0
300590.SZ,20180912,21.8,3.5369,0.71,35.9816,4.4372,9.6235,348800.0,211460.0
300590.SZ,20180911,21.9,4.4775,0.81,36.1466,4.4576,9.6677,350400.0,212430.0
300590.SZ,20180910,21.0,3.667,0.64,34.6612,4.2744,9.2704,336000.0,203700.0
300590.SZ,20180907,21.74,5.4009,0.95,35.8826,4.425,9.597,347840.0,210878.0
300590.SZ,20180906,22.96,4.2524,0.76,37.8962,4.6733,10.1356,367360.0,222712.0
300590.SZ,20180905,22.88,7.2673,1.43,37.7642,4.657,10.1003,366080.0,221936.0
300590.SZ,20180904,23.66,7.0555,1.46,39.0516,4.8158,10.4446,378560.0,229502.0
300590.SZ,20180903,23.22,4.7035,0.9,38.3253,4.7262,10.2504,371520.0,225234.0
300590.SZ,20180831,22.9,5.0758,0.95,37.7972,4.6611,10.1091,366400.0,222130.0
300590.SZ,20180830,22.94,3.8487,0.6,37.8632,4.6692,10.1268,367040.0,222518.0
300590.SZ,20180829,23.63,4.6675,0.61,39.0021,4.8097,10.4314,378080.0,229211.0
300590.SZ,20180828,23.98,5.7863,0.6,39.5797,4.8809,10.5859,383680.0,232606.0
300590.SZ,20180827,24.22,6.8583,0.69,39.9759,4.9298,10.6918,387520.0,234934.0
300590.SZ,20180824,23.57,5.5662,0.6,38.903,4.7975,10.4049,377120.0,228629.0
300590.SZ,20180823,24.26,9.2357,1.15,40.0419,4.9379,10.7095,388160.0,235322.0
300590.SZ,20180822,23.88,10.6101,1.6,39.4147,4.8606,10.5417,382080.0,231636.0
300590.SZ,20180821,24.65,15.7326,4.02,40.6856,5.0173,10.8816,394400.0,239105.0
300590.SZ,20180820,22.66,8.5691,3.08,37.401,4.6123,10.0031,362560.0,219802.0
300590.SZ,20180817,20.6,1.9422,0.67,34.0009,4.193,9.0938,329600.0,199820.0
300590.SZ,20180816,21.0,3.3033,1.22,34.6612,4.5216,9.2704,336000.0,203700.0
300590.SZ,20180815,21.18,3.5872,1.59,34.9583,4.5604,9.3498,338880.0,205446.0
300590.SZ,20180814,20.75,2.1513,1.0,34.2485,4.4678,9.16,332000.0,201275.0
300590.SZ,20180813,20.87,2.9119,1.6,34.4466,4.4936,9.213,333920.0,202439.0
300590.SZ,20180810,20.61,2.5797,1.73,34.0175,4.4377,9.0982,329760.0,199917.0
300590.SZ,20180809,20.0,2.3334,1.69,33.0106,4.3063,8.8289,320000.0,194000.0
300590.SZ,20180808,19.06,1.3018,0.95,31.4591,4.1039,8.4139,304960.0,184882.0
300590.SZ,20180807,19.45,1.593,1.25,32.1028,4.1879,8.5861,311200.0,188665.0
300590.SZ,20180806,18.7,1.2911,0.99,30.8649,4.0264,8.255,299200.0,181390.0
300590.SZ,20180803,19.64,0.9312,0.67,32.4164,4.2288,8.67,314240.0,190508.0
300590.SZ,20180802,19.81,1.7791,1.19,32.697,4.2654,8.745,316960.0,192157.0
300590.SZ,20180801,20.76,1.2342,0.72,34.265,4.47,9.1644,332160.0,201372.0
300590.SZ,20180731,21.15,1.1121,0.56,34.9087,4.5539,9.3366,338400.0,205155.0
300590.SZ,20180730,21.52,1.44,0.69,35.5194,4.6336,9.4999,344320.0,208744.0
300590.SZ,20180727,21.61,1.3855,0.62,35.668,4.653,9.5396,345760.0,209617.0
300590.SZ,20180726,21.97,2.3289,1.03,36.2622,4.7305,9.6986,351520.0,213109.0
300590.SZ,20180725,22.68,2.332,0.98,37.4341,4.8834,10.012,362880.0,219996.0
300590.SZ,20180724,23.01,2.3865,0.84,37.9787,4.9544,10.1577,368160.0,223197.0
300590.SZ,20180723,22.95,1.9588,0.49,37.8797,4.9415,10.1312,367200.0,222615.0
300590.SZ,20180720,22.7,2.1409,0.48,37.4671,4.8877,10.0208,363200.0,220190.0
300590.SZ,20180719,22.49,2.4903,0.55,37.1204,4.8424,9.9281,359840.0,218153.0
300590.SZ,20180718,22.89,2.8703,0.63,37.7807,4.9286,10.1047,366240.0,222033.0
300590.SZ,20180717,23.3,4.7758,1.18,38.4574,5.0169,10.2857,372800.0,226010.0
300590.SZ,20180716,23.69,7.5389,2.59,39.1011,5.1008,10.4578,379040.0,229793.0
300590.SZ,20180713,22.37,4.6832,1.89,36.9224,4.8166,9.8751,357920.0,216989.0
300590.SZ,20180712,21.66,2.8936,1.22,35.7505,4.6637,9.5617,346560.0,210102.0
300590.SZ,20180711,20.74,2.7743,1.12,34.232,4.4656,9.1556,331840.0,201178.0
300590.SZ,20180710,21.88,2.2933,0.82,36.1136,4.7111,9.6588,350080.0,212236.0
300590.SZ,20180709,21.68,1.9298,0.65,35.7835,4.668,9.5705,346880.0,210296.0
300590.SZ,20180706,21.05,2.4857,0.78,34.7437,4.5324,9.2924,336800.0,204185.0
300590.SZ,20180705,20.5,2.33,0.69,33.8359,4.414,9.0496,328000.0,198850.0
300590.SZ,20180704,21.71,3.3985,1.1,35.833,4.6745,9.5838,347360.0,210587.0
300590.SZ,20180703,22.68,3.7801,1.34,37.4341,4.8834,10.012,362880.0,219996.0
300590.SZ,20180702,21.38,2.8001,1.08,35.2884,4.6034,9.4381,342080.0,207386.0
300590.SZ,20180629,22.02,3.6728,1.64,36.3447,4.7413,9.7206,352320.0,213594.0
300590.SZ,20180628,21.12,3.3409,1.67,34.8592,4.5475,9.3233,337920.0,204864.0
300590.SZ,20180627,20.81,1.8714,0.88,34.3476,4.4807,9.1865,332960.0,201857.0
300590.SZ,20180626,20.98,2.4123,1.07,34.6281,4.5173,9.2615,335680.0,203506.0
300590.SZ,20180625,20.18,1.6837,0.72,33.3077,4.3451,8.9084,322880.0,195746.0
300590.SZ,20180622,20.34,1.8946,0.79,33.5718,4.3795,8.979,325440.0,197298.0
300590.SZ,20180621,19.89,2.1339,0.87,32.8291,4.2826,8.7803,318240.0,192933.0
300590.SZ,20180620,20.93,2.4996,1.0,34.5456,4.5066,9.2394,334880.0,203021.0
300590.SZ,20180619,20.3,3.0425,1.23,33.5058,4.3709,8.9613,324800.0,196910.0
300590.SZ,20180615,22.53,2.2,0.85,37.1865,4.8511,9.9458,360480.0,218541.0
300590.SZ,20180614,23.39,2.0866,0.76,38.6059,5.0362,10.3254,374240.0,226883.0
300590.SZ,20180613,23.12,2.4531,0.86,38.1603,4.9781,10.2062,369920.0,224264.0
300590.SZ,20180612,23.76,2.7697,0.96,39.2166,5.1159,10.4887,380160.0,230472.0
300590.SZ,20180611,23.7,2.8984,1.09,39.1176,5.103,10.4623,379200.0,229890.0
300590.SZ,20180608,24.93,2.7116,1.0,41.1477,5.3678,11.0052,398880.0,241821.0
300590.SZ,20180607,24.77,2.9684,0.94,40.8837,5.3334,10.9346,396320.0,240269.0
300590.SZ,20180606,25.78,2.8538,0.74,42.5507,5.5508,11.3805,412480.0,250066.0
300590.SZ,20180605,25.58,2.9517,0.63,42.2206,5.5078,11.2922,409280.0,248126.0
300590.SZ,20180604,24.81,1.832,0.29,40.9497,5.342,10.9523,396960.0,240657.0
300590.SZ,20180601,24.77,2.9603,0.44,40.8837,5.3334,10.9346,396320.0,240269.0
300590.SZ,20180531,25.62,5.1839,0.76,42.2866,5.5164,11.3098,409920.0,248514.0
300590.SZ,20180530,25.11,6.2947,0.91,41.4448,5.4066,11.0847,401760.0,243567.0
300590.SZ,20180529,27.9,7.0317,0.96,46.0498,6.0073,12.3163,446400.0,270630.0
300590.SZ,20180528,28.94,9.9561,1.51,47.7664,6.2312,12.7754,463040.0,280718.0
300590.SZ,20180525,27.7,5.1843,0.76,45.7197,5.9642,12.228,443200.0,268690.0
300590.SZ,20180524,28.86,5.8174,0.86,47.6343,6.214,12.7401,461760.0,279942.0
300590.SZ,20180523,28.55,6.7199,1.05,47.1227,6.1473,12.6033,456800.0,276935.0
300590.SZ,20180522,28.82,8.9055,1.37,47.5683,6.2054,12.7225,461120.0,279554.0
300590.SZ,20180521,27.94,6.3947,0.82,46.1158,6.0159,12.334,447040.0,271018.0
300590.SZ,20180518,26.97,6.3512,0.83,44.5148,5.8071,11.9058,431520.0,261609.0
300590.SZ,20180517,27.59,5.3904,0.65,45.5382,5.9406,12.1795,441440.0,267623.0
300590.SZ,20180516,28.51,4.9997,0.58,47.0566,6.1387,12.5856,456160.0,276547.0
300590.SZ,20180515,29.63,9.3829,1.29,48.9052,6.3798,13.08,474080.0,287411.0
300590.SZ,20180514,29.84,13.0754,2.53,49.2519,6.425,13.1727,477440.0,289448.0
300590.SZ,20180511,28.15,5.3498,1.15,46.4625,6.0611,12.4267,450400.0,273055.0
300590.SZ,20180510,29.35,8.4579,2.31,48.4431,6.3195,12.9564,469600.0,284695.0
300590.SZ,20180509,27.79,6.5592,1.83,45.8683,5.9836,12.2678,444640.0,269563.0
300590.SZ,20180508,28.64,2.855,0.69,47.2712,6.1666,12.643,458240.0,277808.0
300590.SZ,20180507,26.04,2.6627,0.56,42.9798,5.6068,11.4952,416640.0,252588.0
300590.SZ,20180504,25.29,2.8055,0.5,41.7419,5.4453,11.1642,404640.0,245313.0
300590.SZ,20180503,25.77,3.451,0.61,42.5342,5.5487,11.376,412320.0,249969.0
300590.SZ,20180502,25.13,6.1584,1.13,41.4779,5.4109,11.0935,402080.0,243761.0
300590.SZ,20180427,27.9,5.7277,1.07,46.0498,6.0073,12.3163,446400.0,270630.0
300590.SZ,20180426,27.42,5.482,0.89,45.2576,5.9498,12.1044,438720.0,265974.0
300590.SZ,20180425,28.29,7.1267,1.08,46.6935,6.1386,12.4885,452640.0,274413.0
300590.SZ,20180424,27.12,3.9559,0.55,44.7624,5.8847,11.972,433920.0,263064.0
300590.SZ,20180423,26.02,4.8551,0.68,42.9468,5.646,11.4864,416320.0,252394.0
300590.SZ,20180420,27.42,5.3826,0.75,45.2576,5.9498,12.1044,438720.0,265974.0
300590.SZ,20180419,28.59,9.5475,1.32,47.1887,6.2037,12.6209,457440.0,277323.0
300590.SZ,20180418,30.0,9.1751,1.15,49.5159,6.5096,13.2434,480000.0,291000.0
300590.SZ,20180417,28.19,7.0141,0.69,46.5285,6.1169,12.4443,451040.0,273443.0
300590.SZ,20180416,28.28,4.7355,0.46,46.677,6.1364,12.4841,452480.0,274316.0
300590.SZ,20180413,27.6,5.5108,0.54,45.5547,5.9888,12.1839,441600.0,267720.0
300590.SZ,20180412,28.3,9.703,1.02,46.71,6.1407,12.4929,452800.0,274510.0
300590.SZ,20180411,30.49,12.9394,1.43,50.3247,6.3408,13.4597,487840.0,295753.0
300590.SZ,20180410,30.29,17.9674,2.34,49.9946,6.2992,13.3714,484640.0,293813.0
300590.SZ,20180409,29.46,4.9743,0.52,48.6247,6.1266,13.005,471360.0,285762.0
300590.SZ,20180404,26.78,5.1853,0.5,44.2012,5.5692,11.8219,428480.0,259766.0
300590.SZ,20180403,27.97,6.4979,0.64,46.1654,5.8167,12.3472,447520.0,271309.0
300590.SZ,20180402,28.42,10.6815,1.2,46.9081,5.9103,12.5459,454720.0,275674.0
300590.SZ,20180330,28.18,11.1069,1.45,46.512,5.8604,12.4399,450880.0,273346.0
300590.SZ,20180329,27.0,13.9476,2.4,44.5643,5.615,11.919,432000.0,261900.0
300590.SZ,20180328,26.87,10.1323,2.04,44.3498,5.5879,11.8616,429920.0,260639.0
300590.SZ,20180327,24.43,4.9272,1.07,40.3225,5.0805,10.7845,390880.0,236971.0
300590.SZ,20180326,23.39,4.2809,0.99,38.6059,4.8642,10.3254,374240.0,226883.0
300590.SZ,20180323,22.97,4.9153,1.26,37.9127,4.7769,10.14,367520.0,222809.0
300590.SZ,20180322,25.52,4.7476,1.22,42.1216,5.3072,11.2657,408320.0,247544.0
300590.SZ,20180321,25.01,5.9044,1.75,41.2798,5.2011,11.0405,400160.0,242597.0
300590.SZ,20180320,24.38,3.1289,0.85,40.24,5.0701,10.7624,390080.0,236486.0
300590.SZ,20180319,24.67,2.8478,0.62,40.7186,5.1304,10.8905,394720.0,239299.0
300590.SZ,20180316,24.24,2.8696,0.54,40.0089,5.041,10.7006,387840.0,235128.0
300590.SZ,20180315,24.99,4.7756,0.94,41.2468,5.197,11.0317,399840.0,242403.0
300590.SZ,20180314,25.87,3.247,0.63,42.6992,5.38,11.4202,413920.0,250939.0
300590.SZ,20180313,26.16,4.5632,0.79,43.1779,5.4403,11.5482,418560.0,253752.0
300590.SZ,20180312,26.98,7.3614,1.38,44.5313,5.6108,11.9102,431680.0,261706.0
300590.SZ,20180309,26.31,6.8063,1.39,43.4255,5.4715,11.6144,420960.0,255207.0
300590.SZ,20180308,24.83,3.3533,0.66,40.9827,5.1637,10.9611,397280.0,240851.0
300590.SZ,20180307,24.58,3.867,0.72,40.5701,5.1117,10.8507,393280.0,238426.0
300590.SZ,20180306,25.0,7.5888,1.56,41.2633,5.1991,11.0361,400000.0,242500.0
300590.SZ,20180305,24.5,5.0587,1.04,40.438,5.0951,10.8154,392000.0,237650.0
300590.SZ,20180302,23.05,4.5881,0.96,38.0447,4.7935,10.1753,368800.0,223585.0
300590.SZ,20180301,24.08,4.4109,0.88,39.7448,5.0077,10.63,385280.0,233576.0
300590.SZ,20180228,23.13,5.1001,1.13,38.1768,4.8102,10.2106,370080.0,224361.0
300590.SZ,20180227,24.27,5.1818,1.21,40.7602,5.2975,14.374,388320.0,235419.0
300590.SZ,20180226,23.48,5.133,1.2,39.4335,5.1251,13.9061,375680.0,227756.0
300590.SZ,20180223,22.33,4.1521,0.83,37.5021,4.874,13.225,357280.0,216601.0
300590.SZ,20180222,22.02,5.4838,1.2,36.9815,4.8064,13.0414,352320.0,213594.0
300590.SZ,20180214,20.6,2.6706,0.58,34.5966,4.4964,12.2004,329600.0,199820.0
300590.SZ,20180213,21.39,3.9119,0.89,35.9234,4.6689,12.6683,342240.0,207483.0
300590.SZ,20180212,21.99,5.0965,1.39,36.9311,4.7998,13.0237,351840.0,213303.0
300590.SZ,20180209,21.73,7.8095,3.14,36.4944,4.7431,12.8697,347680.0,210781.0
300590.SZ,20180208,21.09,3.4005,1.53,35.4196,4.6034,12.4906,337440.0,204573.0
300590.SZ,20180207,19.17,2.7658,1.21,32.195,4.1843,11.3535,306720.0,185949.0
300590.SZ,20180206,18.96,2.9086,1.45,31.8423,4.1385,11.2291,303360.0,183912.0
300590.SZ,20180205,21.07,1.4691,0.65,35.386,4.599,12.4788,337120.0,204379.0
300590.SZ,20180202,21.16,1.9078,0.81,35.5371,4.6187,12.5321,338560.0,205252.0
300590.SZ,20180201,21.64,2.0619,0.78,36.3433,4.7234,12.8164,346240.0,209908.0
300590.SZ,20180131,22.45,3.0995,1.14,37.7036,4.9002,13.2961,359200.0,217765.0
300590.SZ,20180130,24.49,1.4731,0.52,41.1297,5.3455,14.5043,391840.0,237553.0
300590.SZ,20180129,24.73,2.8154,0.98,41.5328,5.3979,14.6464,395680.0,239881.0
300590.SZ,20180126,25.81,2.3289,0.78,43.3466,5.6336,15.2861,412960.0,250357.0
300590.SZ,20180125,26.36,3.4214,1.16,44.2703,5.7537,15.6118,421760.0,255692.0
300590.SZ,20180124,27.1,3.5515,1.09,45.5131,5.9152,16.0501,433600.0,262870.0
300590.SZ,20180123,26.63,2.0497,0.59,44.7237,5.8126,15.7717,426080.0,258311.0
300590.SZ,20180122,26.34,3.0799,0.85,44.2367,5.7493,15.6,421440.0,255498.0
300590.SZ,20180119,26.38,2.7823,0.73,44.3039,5.7581,15.6237,422080.0,255886.0
300590.SZ,20180118,26.61,3.2529,0.73,44.6901,5.8083,15.7599,425760.0,258117.0
300590.SZ,20180117,27.08,5.1696,1.17,45.4795,5.9108,16.0382,433280.0,262676.0
300590.SZ,20180116,25.7,3.1394,0.65,43.1618,5.6096,15.2209,411200.0,249290.0
300590.SZ,20180115,25.5,3.7014,0.75,42.8259,5.566,15.1025,408000.0,247350.0
300590.SZ,20180112,27.13,3.898,0.76,45.5634,5.9218,16.0679,434080.0,263161.0
300590.SZ,20180111,28.26,6.3432,1.29,47.4612,6.1684,16.7371,452160.0,274122.0
300590.SZ,20180110,27.45,12.2263,0.9,46.1009,5.9916,16.2574,439200.0,109800.0
300590.SZ,20180109,26.89,12.9017,0.97,45.1604,5.8694,15.9257,430240.0,107560.0
300590.SZ,20180108,27.35,9.6769,0.7,45.9329,5.9698,16.1982,437600.0,109400.0
300590.SZ,20180105,28.03,11.6402,0.82,47.075,6.1182,16.6009,448480.0,112120.0
300590.SZ,20180104,29.0,13.0426,0.87,48.704,6.3299,17.1754,464000.0,116000.0
300590.SZ,20180103,29.19,20.4725,1.29,49.0231,6.3714,17.2879,467040.0,116760.0
300590.SZ,20180102,27.93,11.9058,0.72,46.907,6.0964,16.5417,446880.0,111720.0
300590.SZ,20171229,28.08,12.3881,0.71,47.1589,6.1291,16.6305,449280.0,112320.0
300590.SZ,20171228,27.58,13.2371,0.69,46.3192,6.02,16.3344,441280.0,110320.0
300590.SZ,20171227,28.08,17.3687,0.92,47.1589,6.1291,16.6305,449280.0,112320.0
300590.SZ,20171226,29.41,24.5597,1.36,49.3926,6.4194,17.4182,470560.0,117640.0
300590.SZ,20171225,30.47,15.6591,0.8,51.1728,6.6508,18.046,487520.0,121880.0
300590.SZ,20171222,31.88,16.5172,0.77,53.5408,6.9586,18.8811,510080.0,127520.0
300590.SZ,20171221,32.89,21.4145,0.91,55.2371,7.179,19.4792,526240.0,131560.0
300590.SZ,20171220,32.23,16.6393,0.59,54.1286,7.035,19.0884,515680.0,128920.0
300590.SZ,20171219,33.44,20.3216,0.67,56.1608,7.2991,19.805,535040.0,133760.0
300590.SZ,20171218,32.55,23.2709,0.64,54.6661,7.1048,19.2779,520800.0,130200.0
300590.SZ,20171215,35.45,25.1863,0.71,59.5365,7.7378,20.9954,567200.0,141800.0
300590.SZ,20171214,36.2,31.6682,1.02,60.796,7.9015,21.4396,579200.0,144800.0
300590.SZ,20171213,36.42,41.0073,1.69,61.1655,7.9495,21.5699,582720.0,145680.0
300590.SZ,20171212,34.6,31.1595,1.62,58.1089,7.5523,20.492,553600.0,138400.0
300590.SZ,20171211,35.79,53.0827,5.73,60.1075,7.812,21.1968,572640.0,143160.0
300590.SZ,20171208,33.5,20.5975,3.49,56.2615,7.3122,19.8405,536000.0,134000.0
300590.SZ,20170707,30.45,9.3184,1.88,51.1392,7.0638,18.0341,487200.0,121800.0
300590.SZ,20170706,29.33,6.9835,1.7,49.2582,6.804,17.3708,469280.0,117320.0
300590.SZ,20170705,28.96,6.3713,1.87,48.6368,6.7181,17.1517,463360.0,115840.0
300590.SZ,20170704,28.08,3.0851,0.92,47.1589,6.514,16.6305,449280.0,112320.0
300590.SZ,20170703,28.27,3.7892,1.22,47.478,6.5581,16.743,452320.0,113080.0
300590.SZ,20170630,28.07,4.5817,1.6,47.1421,6.5117,16.6246,449120.0,112280.0
300590.SZ,20170629,27.5,2.6764,0.82,46.1848,6.3795,16.287,440000.0,110000.0
300590.SZ,20170628,27.17,2.916,0.77,45.6306,6.3029,16.0915,434720.0,108680.0
300590.SZ,20170627,27.6,2.8578,0.68,46.3528,6.4027,16.3462,441600.0,110400.0
300590.SZ,20170626,27.77,2.5055,0.57,46.6383,6.4421,16.4469,444320.0,111080.0
300590.SZ,20170623,27.42,3.392,0.71,46.0505,6.3609,16.2396,438720.0,109680.0
300590.SZ,20170622,27.44,4.6199,0.84,46.0841,6.3655,16.2515,439040.0,109760.0
300590.SZ,20170621,28.08,5.617,1.04,47.1589,6.514,16.6305,449280.0,112320.0
300590.SZ,20170620,28.63,4.7514,0.87,48.0826,6.6416,16.9562,458080.0,114520.0
300590.SZ,20170619,28.9,3.7088,0.64,48.5361,6.7042,17.1161,462400.0,115600.0
300590.SZ,20170616,29.14,5.0535,0.89,48.9391,6.7599,17.2583,466240.0,116560.0
300590.SZ,20170615,29.6,8.2409,1.5,49.7117,6.8666,17.5307,473600.0,118400.0
300590.SZ,20170614,28.66,5.3255,0.83,48.133,6.6486,16.974,458560.0,114640.0
300590.SZ,20170613,28.3,4.9173,0.79,47.5284,6.565,16.7608,452800.0,113200.0
300590.SZ,20170612,27.4,5.5943,0.94,46.0169,6.3563,16.2278,438400.0,109600.0
300590.SZ,20170609,29.4,4.2308,0.67,49.3758,6.8202,17.4123,470400.0,117600.0
300590.SZ,20170608,29.38,7.4056,1.21,49.3422,6.8156,17.4004,470080.0,117520.0
300590.SZ,20170607,29.9,9.864,1.84,50.2155,6.9362,17.7084,478400.0,119600.0
300590.SZ,20170606,27.94,3.9772,0.73,46.9238,6.4815,16.5476,447040.0,111760.0
300590.SZ,20170605,27.66,4.331,0.69,46.4536,6.4166,16.3818,442560.0,110640.0
300590.SZ,20170602,27.58,5.8698,1.06,46.3192,6.398,16.3344,441280.0,110320.0
300590.SZ,20170601,26.6,6.6036,1.37,44.6733,6.1707,15.754,425600.0,106400.0
300590.SZ,20170531,28.59,6.061,1.42,48.0154,6.6323,16.9326,457440.0,114360.0
300590.SZ,20170526,29.21,4.5463,1.14,49.0567,6.7761,17.2997,467360.0,116840.0
300590.SZ,20170525,28.83,8.2073,2.59,48.4185,6.688,17.0747,461280.0,115320.0
300590.SZ,20170524,62.21,4.612,0.62,52.2393,6.603,18.4221,497680.0,124420.0
300590.SZ,20170523,61.24,5.8719,0.67,51.4247,6.5001,18.1348,489920.0,122480.0
300590.SZ,20170522,63.27,6.7414,0.83,53.1294,6.7155,18.736,506160.0,126540.0
300590.SZ,20170519,66.56,6.2735,0.8,55.8921,7.0647,19.7102,532480.0,133120.0
300590.SZ,20170518,68.73,8.1419,1.04,57.7143,7.2951,20.3528,549840.0,137460.0
300590.SZ,20170517,68.9,10.1481,1.37,57.857,7.3131,20.4032,551200.0,137800.0
300590.SZ,20170516,69.0,12.7876,2.12,57.941,7.3237,20.4328,552000.0,138000.0
300590.SZ,20170515,63.3,3.104,0.5,53.1546,6.7187,18.7448,506400.0,126600.0
300590.SZ,20170512,62.94,5.0988,0.76,52.8523,6.6805,18.6382,503520.0,125880.0
300590.SZ,20170511,62.95,8.1127,1.41,52.8607,6.6816,18.6412,503600.0,125900.0
300590.SZ,20170510,63.9,7.8798,1.51,53.6584,6.7824,18.9225,511200.0,127800.0
300590.SZ,20170509,64.88,5.9163,1.19,54.4813,6.8864,19.2127,519040.0,129760.0
300590.SZ,20170508,64.98,4.197,0.8,54.5653,6.897,19.2423,519840.0,129960.0
300590.SZ,20170505,66.59,7.2925,1.32,55.9172,7.0679,19.7191,532720.0,133180.0
300590.SZ,20170504,65.36,3.55,0.62,54.8844,6.9374,19.3549,522880.0,130720.0
300590.SZ,20170503,66.2,5.1414,0.95,55.5898,7.0265,19.6036,529600.0,132400.0
300590.SZ,20170502,65.8,4.7069,0.88,55.2539,6.9841,19.4852,526400.0,131600.0
300590.SZ,20170428,66.78,5.696,1.18,56.0768,7.0881,19.7754,534240.0,133560.0
300590.SZ,20170427,66.6,8.6005,2.02,55.9256,7.069,19.7221,532800.0,133200.0
300590.SZ,20170426,63.82,4.3335,0.9,53.5912,7.3057,18.8988,510560.0,127640.0
300590.SZ,20170425,64.0,3.8127,0.68,53.7424,7.3263,18.9521,512000.0,128000.0
300590.SZ,20170424,64.04,4.154,0.68,53.776,7.3309,18.964,512320.0,128080.0
300590.SZ,20170421,65.72,3.2728,0.52,55.1867,7.5232,19.4615,525760.0,131440.0
300590.SZ,20170420,66.15,5.743,0.91,55.5478,7.5724,19.5888,529200.0,132300.0
300590.SZ,20170419,66.41,7.0546,1.18,55.7661,7.6022,19.6658,531280.0,132820.0
300590.SZ,20170418,64.59,7.8703,1.25,54.2378,7.3939,19.1269,516720.0,129180.0
300590.SZ,20170417,63.7,6.5461,0.95,50.1962,7.292,17.4851,509600.0,127400.0
300590.SZ,20170414,64.98,4.2362,0.52,51.2048,7.4385,17.8364,519840.0,129960.0
300590.SZ,20170413,64.83,5.993,0.71,51.0866,7.4213,17.7952,518640.0,129660.0
300590.SZ,20170412,63.88,5.1235,0.58,50.338,7.3126,17.5345,511040.0,127760.0
300590.SZ,20170411,65.25,9.4719,1.13,51.4176,7.4694,17.9105,522000.0,130500.0
300590.SZ,20170410,63.38,9.467,1.15,49.944,7.2553,17.3972,507040.0,126760.0
300590.SZ,20170407,67.2,10.6921,1.28,52.9542,7.6926,18.4458,537600.0,134400.0
300590.SZ,20170406,70.12,7.7321,0.89,55.2552,8.0269,19.2473,560960.0,140240.0
300590.SZ,20170405,70.3,6.8214,0.74,55.397,8.0475,19.2967,562400.0,140600.0
300590.SZ,20170331,69.35,7.1024,0.75,54.6484,7.9387,19.0359,554800.0,138700.0
300590.SZ,20170330,70.3,8.6631,0.83,55.397,8.0475,19.2967,562400.0,140600.0
300590.SZ,20170329,72.39,11.3508,1.04,57.044,8.2867,19.8704,579120.0,144780.0
300590.SZ,20170328,76.6,9.3747,0.84,60.3615,8.7687,21.026,612800.0,153200.0
300590.SZ,20170327,79.5,9.3861,0.83,62.6467,9.1007,21.822,636000.0,159000.0
300590.SZ,20170324,80.07,8.8466,0.68,63.0959,9.1659,21.9785,640560.0,160140.0
300590.SZ,20170323,79.8,13.3252,0.98,62.8831,9.135,21.9044,638400.0,159600.0
300590.SZ,20170322,82.23,13.5775,0.95,64.798,9.4132,22.5714,657840.0,164460.0
300590.SZ,20170321,80.51,10.5034,0.7,63.4426,9.2163,22.0992,644080.0,161020.0
300590.SZ,20170320,80.45,10.0475,0.65,63.3953,9.2094,22.0828,643600.0,160900.0
300590.SZ,20170317,78.21,17.7702,1.28,61.6302,8.953,21.4679,625680.0,156420.0
300590.SZ,20170316,81.11,16.1909,1.21,63.9154,9.285,22.2639,648880.0,162220.0
300590.SZ,20170315,79.46,16.7562,1.32,62.6152,9.0961,21.811,635680.0,158920.0
300590.SZ,20170314,77.76,14.6168,1.06,61.2756,8.9015,21.3444,622080.0,155520.0
300590.SZ,20170313,76.96,11.7308,0.76,60.6452,8.8099,21.1248,615680.0,153920.0
300590.SZ,20170310,75.47,10.1093,0.65,59.471,8.6393,20.7158,603760.0,150940.0
300590.SZ,20170309,75.38,13.4378,0.87,59.4001,8.629,20.6911,603040.0,150760.0
300590.SZ,20170308,77.28,13.7558,0.93,60.8973,8.8465,21.2126,618240.0,154560.0
300590.SZ,20170307,77.31,20.2356,1.46,60.921,8.85,21.2209,618480.0,154620.0
300590.SZ,20170306,76.69,20.1136,1.72,60.4324,8.779,21.0507,613520.0,153380.0
300590.SZ,20170303,72.35,10.5196,0.87,57.0124,8.2822,19.8594,578800.0,144700.0
300590.SZ,20170302,71.86,12.2431,1.01,56.6263,8.2261,19.7249,574880.0,143720.0
300590.SZ,20170301,71.51,10.8984,0.92,56.3505,8.186,19.6288,572080.0,143020.0
300590.SZ,20170228,72.85,15.6138,1.42,57.4064,8.3394,19.9966,582800.0,145700.0
300590.SZ,20170227,70.89,9.134,0.81,55.8619,8.115,19.4586,567120.0,141780.0
300590.SZ,20170224,71.72,12.75,1.1,56.516,8.21,19.6865,573760.0,143440.0
300590.SZ,20170223,70.2,11.9279,0.96,55.3182,8.036,19.2692,561600.0,140400.0
300590.SZ,20170222,69.3,9.882,0.65,54.609,7.933,19.0222,554400.0,138600.0
300590.SZ,20170221,69.28,11.3737,0.68,54.5933,7.9307,19.0167,554240.0,138560.0
300590.SZ,20170220,68.16,10.6171,0.58,53.7107,7.8025,18.7093,545280.0,136320.0
300590.SZ,20170217,68.08,14.3969,0.77,53.6476,7.7934,18.6873,544640.0,136160.0
300590.SZ,20170216,71.04,15.8418,0.8,55.9801,8.1322,19.4998,568320.0,142080.0
300590.SZ,20170215,73.65,23.7598,1.22,58.0368,8.431,20.2162,589200.0,147300.0
300590.SZ,20170214,74.0,19.025,0.97,58.3127,8.471,20.3123,592000.0,148000.0
300590.SZ,20170213,72.77,18.8582,0.92,57.3434,8.3302,19.9747,582160.0,145540.0
300590.SZ,20170210,71.8,16.2167,0.73,56.579,8.2192,19.7084,574400.0,143600.0
300590.SZ,20170209,72.97,21.6581,0.94,57.501,8.3531,20.0296,583760.0,145940.0
300590.SZ,20170208,73.83,21.3835,0.87,58.1787,8.4516,20.2656,590640.0,147660.0
300590.SZ,20170207,71.49,20.2555,0.81,56.3348,8.1837,19.6233,571920.0,142980.0
300590.SZ,20170206,73.29,23.4094,0.83,57.7532,8.3898,20.1174,586320.0,146580.0
300590.SZ,20170203,70.5,24.9474,0.82,55.5546,8.0704,19.3516,564000.0,141000.0
300590.SZ,20170126,73.93,25.7081,0.74,58.2575,8.463,20.2931,591440.0,147860.0
300590.SZ,20170125,67.21,27.8791,0.95,52.9621,7.6938,18.4485,537680.0,134420.0
300590.SZ,20170124,64.03,23.2943,0.95,50.4562,7.3297,17.5756,512240.0,128060.0
300590.SZ,20170123,66.47,38.5657,2.28,52.3789,7.6091,18.2454,531760.0,132940.0
300590.SZ,20170120,61.72,36.3946,3.78,48.6359,7.0653,16.9416,493760.0,123440.0
300590.SZ,20170119,59.98,47.5548,426.88,47.2648,6.8661,16.4639,479840.0,119960.0
300590.SZ,20170118,66.04,0.206,2.64,52.0401,7.5598,18.1274,528320.0,132080.0
300590.SZ,20170117,60.04,0.1565,,47.312,6.873,16.4804,480320.0,120080.0
300590.SZ,20170116,54.58,0.155,,43.0095,6.248,14.9817,436640.0,109160.0
300590.SZ,20170113,49.62,0.0325,,39.101,5.6802,13.6202,396960.0,99240.0
300590.SZ,20170112,45.11,0.007,,35.5471,5.1639,12.3823,360880.0,90220.0
300590.SZ,20170111,41.01,0.039,,32.3162,4.6946,11.2569,328080.0,82020.0
