ts_code,trade_date,close,turnover_rate,volume_ratio,pe,pb,ps,total_mv,circ_mv
300638.SZ,20260615,20.38,2.0984,0.78,52.8095,3.0357,2.6228,1832703.7901,1081054.418
300638.SZ,20260612,19.69,2.4519,0.88,51.0215,2.9329,2.534,1770654.4468,1044453.4588
300638.SZ,20260611,19.4,3.083,1.16,50.2701,2.8897,2.4967,1744575.7374,1029070.447
300638.SZ,20260610,20.49,2.8064,1.02,53.0945,3.0521,2.6369,1842595.7144,1086889.3535
300638.SZ,20260609,21.58,2.4921,0.85,55.919,3.2145,2.7772,1940615.6914,1144708.2601
300638.SZ,20260608,21.83,2.6166,0.7,56.5668,3.1425,2.8094,1963097.3375,1157969.4772
300638.SZ,20260605,22.73,2.9297,0.75,58.8989,3.272,2.9252,2044031.2634,1205709.8587
300638.SZ,20260604,22.36,2.4678,0.58,57.9401,3.2188,2.8776,2010758.4272,1186083.2574
300638.SZ,20260603,23.02,3.2802,0.7,59.6504,3.3138,2.9625,2070109.9729,1221092.8706
300638.SZ,20260602,22.83,3.4473,0.74,59.158,3.2864,2.9381,2053023.9219,1211014.3456
300638.SZ,20260601,23.28,6.4614,1.64,60.3241,3.3512,2.996,2093490.8848,1234884.5364
300638.SZ,20260529,21.35,3.8351,1.04,55.323,3.0734,2.7476,1919932.5769,1132507.9403
300638.SZ,20260528,22.82,4.2184,1.18,59.1321,3.285,2.9368,2052124.656,1210483.8969
300638.SZ,20260527,23.06,5.3109,1.61,59.754,3.3195,2.9677,2073707.0363,1223214.6653
300638.SZ,20260526,23.53,3.419,0.95,60.9719,3.3872,3.0282,2115972.5309,1248145.7535
300638.SZ,20260525,23.25,2.9237,0.73,60.2463,3.3469,2.9921,2090793.0873,1233293.1903
300638.SZ,20260522,23.46,2.6092,0.58,60.7905,3.3771,3.0192,2109677.67,1244432.6127
300638.SZ,20260521,23.36,3.5732,0.77,60.5314,3.3627,3.0063,2100685.0116,1239128.1258
300638.SZ,20260520,24.16,3.9902,0.78,62.6044,3.4779,3.1093,2172626.2791,1281564.0205
300638.SZ,20260519,25.18,4.8385,1.02,65.2474,3.6247,3.2405,2264351.3952,1335669.7863
300638.SZ,20260518,24.75,5.0891,1.11,64.1332,3.5628,3.1852,2225682.9639,1312860.4929
300638.SZ,20260515,24.29,4.9711,1.19,62.9412,3.4966,3.126,2184316.7351,1288459.8534
300638.SZ,20260514,24.07,4.2222,1.04,62.3712,3.4649,3.0977,2164532.8865,1276789.9824
300638.SZ,20260513,24.8,6.3419,1.82,64.2628,3.57,3.1916,2230179.2931,1315512.7363
300638.SZ,20260512,23.42,3.0465,0.9,60.6869,3.3714,3.014,2106080.6066,1242310.8179
300638.SZ,20260511,23.92,4.2511,1.42,61.9825,3.4433,3.0784,2151043.8988,1268833.2521
300638.SZ,20260508,23.51,2.9776,1.01,60.9201,3.3843,3.0256,2114173.9992,1247084.8561
300638.SZ,20260507,23.41,3.6278,1.21,60.6609,3.3699,3.0127,2105181.3408,1241780.3692
300638.SZ,20260506,22.61,3.5626,0.9,58.588,3.2548,2.9098,2033240.0733,1199344.4745
300638.SZ,20260430,22.45,2.4713,0.61,58.1734,3.2317,2.8892,2018851.8198,1190857.2956
300638.SZ,20260429,22.5,2.3636,0.56,58.3029,3.2389,2.8956,2023348.149,1193509.539
300638.SZ,20260428,22.55,2.6978,0.66,58.4325,3.2461,2.9021,2027844.4782,1196161.7824
300638.SZ,20260427,23.26,3.8716,0.99,60.2723,3.3483,2.9934,2091692.3531,1233823.639
300638.SZ,20260424,22.64,8.3283,3.03,58.6657,3.2591,2.9136,2035937.8708,1200935.8206
300638.SZ,20260423,26.0,2.9792,1.06,67.3723,3.7352,3.3461,2338091.1944,1379166.5784
300638.SZ,20260422,26.57,3.0904,1.18,68.8493,3.817,3.4194,2389349.3475,1409402.1534
300638.SZ,20260421,25.85,2.2177,0.86,66.9836,3.7136,3.3267,2324602.2067,1371209.8481
300638.SZ,20260420,26.32,2.9104,1.23,68.2015,3.7811,3.3872,2366867.7014,1396140.9363
300638.SZ,20260417,25.79,2.5577,1.09,66.8281,3.705,3.319,2319206.6117,1368027.156
300638.SZ,20260416,25.68,3.2806,1.49,66.5431,3.6892,3.3049,2309314.6874,1362192.2205
300638.SZ,20260415,24.9,2.1217,0.85,64.5219,3.5771,3.2045,2239171.9516,1320817.2232
300638.SZ,20260414,25.36,2.0885,0.88,65.7139,3.6432,3.2637,2280538.1804,1345217.8626
300638.SZ,20260413,25.15,1.81,0.77,65.1697,3.613,3.2367,2261653.5977,1334078.4403
300638.SZ,20260410,25.24,2.4134,0.98,65.4029,3.626,3.2482,2269746.9903,1338852.4784
300638.SZ,20260409,25.01,2.5742,1.05,64.8069,3.5929,3.2186,2249063.8758,1326652.1587
300638.SZ,20260408,25.37,3.5606,1.56,65.7398,3.6447,3.265,2281437.4462,1345748.3113
300638.SZ,20260407,23.75,1.5401,0.63,61.542,3.4119,3.0565,2135756.3795,1259815.6245
300638.SZ,20260403,23.81,1.7019,0.65,61.6974,3.4205,3.0642,2141151.9746,1262998.3166
300638.SZ,20260402,24.02,2.9402,1.0,62.2416,3.4507,3.0912,2160036.5573,1274137.739
300638.SZ,20260401,25.12,2.5475,0.62,65.092,3.6087,3.2328,2258955.8001,1332487.0942
300638.SZ,20260331,24.92,2.6814,0.64,64.5737,3.58,3.2071,2240970.4832,1321878.1205
300638.SZ,20260330,25.7,2.4444,0.55,34.5994,3.6625,2.8223,2311113.2191,1363253.1179
300638.SZ,20260327,25.95,2.4517,0.53,34.9359,3.6981,2.8497,2333594.8652,1376514.335
300638.SZ,20260326,26.18,4.5822,1.09,35.2456,3.7309,2.875,2354277.9796,1388714.6547
300638.SZ,20260325,27.44,8.3144,2.7,36.9419,3.9105,3.0133,2467585.4759,1455551.1889
300638.SZ,20260324,26.05,3.0968,1.01,35.0706,3.7124,2.8607,2342587.5236,1381818.8218
300638.SZ,20260323,24.98,3.5909,1.31,33.63,3.5599,2.7432,2246366.0783,1325060.8126
300638.SZ,20260320,26.47,3.5694,1.43,35.636,3.7722,2.9068,2380356.6891,1404097.6665
300638.SZ,20260319,26.72,2.4584,1.0,35.9726,3.8079,2.9343,2402838.3352,1417358.8836
300638.SZ,20260318,27.24,2.6823,1.08,36.6726,3.882,2.9914,2449600.1591,1444942.2152
300638.SZ,20260317,26.84,3.0598,1.23,36.1341,3.825,2.9475,2413629.5253,1423724.2679
300638.SZ,20260316,27.4,1.9787,0.7,36.888,3.9048,3.009,2463988.4126,1453429.3942
300638.SZ,20260313,27.17,2.2964,0.81,36.5784,3.872,2.9837,2443305.2981,1441229.0744
300638.SZ,20260312,27.23,2.3133,0.79,36.6592,3.8806,2.9903,2448700.8932,1444411.7665
300638.SZ,20260311,27.48,2.7846,0.92,36.9957,3.9162,3.0177,2471182.5393,1457672.9836
300638.SZ,20260310,27.73,3.0502,0.85,37.3323,3.9518,3.0452,2493664.1854,1470934.2007
300638.SZ,20260309,27.07,3.7746,0.96,36.4438,3.8578,2.9727,2434312.6397,1435924.5876
300638.SZ,20260306,27.18,2.336,0.51,36.5918,3.8734,2.9848,2444204.564,1441759.5231
300638.SZ,20260305,26.91,2.774,0.58,36.2284,3.835,2.9551,2419924.3862,1427437.4086
300638.SZ,20260304,26.61,3.1425,0.65,35.8245,3.7922,2.9222,2392946.4109,1411523.9481
300638.SZ,20260303,26.62,5.9028,1.33,35.8379,3.7936,2.9233,2393845.6767,1412054.3968
300638.SZ,20260302,28.9,5.5096,1.34,38.9074,4.1185,3.1737,2598878.2892,1532996.6968
300638.SZ,20260227,30.5,5.5991,1.34,41.0615,4.3466,3.3494,2742760.8242,1617868.4862
300638.SZ,20260226,30.2,3.6762,0.73,40.6576,4.3038,3.3164,2715782.8489,1601955.0257
300638.SZ,20260225,29.92,3.5735,0.69,40.2807,4.2639,3.2857,2690603.4052,1587102.4625
300638.SZ,20260224,29.82,3.8217,0.72,40.146,4.2497,3.2747,2681610.7468,1581797.9757
300638.SZ,20260213,30.15,3.8185,0.75,40.5903,4.2967,3.3109,2711286.5197,1599302.7823
300638.SZ,20260212,30.72,5.9284,1.36,41.3577,4.3779,3.3735,2762544.6728,1629538.3572
300638.SZ,20260211,30.63,7.9157,2.25,41.2365,4.3651,3.3637,2754451.2802,1624764.3191
300638.SZ,20260210,30.0,4.233,1.22,40.3884,4.2753,3.2945,2697797.532,1591346.052
300638.SZ,20260209,29.76,4.5997,1.39,40.0652,4.2411,3.2681,2676215.1517,1578615.2836
300638.SZ,20260206,28.59,2.7464,0.74,38.4901,4.0744,3.1396,2571001.048,1516552.7876
300638.SZ,20260205,28.75,2.2829,0.51,38.7055,4.0972,3.1572,2585389.3015,1525039.9665
300638.SZ,20260204,29.01,3.6925,0.8,39.0555,4.1342,3.1858,2608770.2134,1538831.6323
300638.SZ,20260203,29.37,4.0381,0.84,39.5402,4.1855,3.2253,2641143.7838,1557927.7849
300638.SZ,20260202,28.18,3.8016,0.66,37.9381,4.0159,3.0946,2534131.1484,1494804.3915
300638.SZ,20260130,28.93,4.7122,0.75,38.9478,4.1228,3.177,2601576.0867,1534588.0428
300638.SZ,20260129,29.68,6.1196,1.01,39.9575,4.2297,3.2593,2669021.025,1574371.6941
300638.SZ,20260128,29.83,4.4553,0.7,40.1595,4.2511,3.2758,2682510.0127,1582328.4244
300638.SZ,20260127,30.33,4.9437,0.74,40.8326,4.3223,3.3307,2727473.3049,1608850.8586
300638.SZ,20260126,29.92,8.4756,1.35,40.2807,4.2639,3.2857,2690603.4052,1587102.4625
300638.SZ,20260123,31.87,7.3509,1.13,42.9059,4.5418,3.4998,2865960.2448,1690539.9559
300638.SZ,20260122,31.24,5.1011,0.65,42.0577,4.452,3.4306,2809306.4967,1657121.6888
300638.SZ,20260121,31.35,5.8695,0.57,42.2058,4.4677,3.4427,2819198.4209,1662956.6243
300638.SZ,20260120,31.14,6.647,0.53,41.9231,4.4378,3.4197,2800313.8382,1651817.202
300638.SZ,20260119,31.3,6.4207,0.41,42.1385,4.4606,3.4372,2814702.0917,1660304.3809
300638.SZ,20260116,32.09,8.5826,0.53,43.2021,4.5732,3.524,2885744.0934,1702209.827
300638.SZ,20260115,32.46,11.5401,0.73,43.7002,4.6259,3.5646,2919016.9296,1721836.4283
300638.SZ,20260114,33.47,18.2455,1.33,45.0599,4.7698,3.6755,3009842.7799,1775411.7453
300638.SZ,20260113,33.12,17.7981,1.47,44.5887,4.7199,3.6371,2978368.4753,1756846.0414
300638.SZ,20260112,36.0,22.2507,2.15,48.466,5.1304,3.9534,3237357.0384,1909615.2624
300638.SZ,20260109,30.89,11.6806,1.09,41.5865,4.4021,3.3922,2777832.1921,1638555.9849
300638.SZ,20260108,30.06,9.3305,0.92,40.4691,4.2839,3.3011,2703193.1271,1594528.7441
300638.SZ,20260107,29.4,7.634,0.79,39.5806,4.1898,3.2286,2643841.5814,1559519.131
300638.SZ,20260106,29.82,9.8317,1.06,40.146,4.2497,3.2747,2681610.7468,1581797.9757
300638.SZ,20260105,30.48,13.2805,1.7,41.0346,4.3437,3.3472,2740962.2925,1616807.5888
300638.SZ,20251231,29.64,13.5578,2.23,39.9037,4.224,3.2549,2665423.9616,1572249.8994
300638.SZ,20251230,28.31,6.5506,1.15,38.1669,4.0322,3.1133,2549411.0236,1508715.0631
300638.SZ,20251229,27.8,4.7821,0.85,37.4793,3.9595,3.0572,2503483.8028,1481535.809
300638.SZ,20251226,28.25,7.9535,1.56,38.086,4.0236,3.1067,2544007.8212,1505517.5038
300638.SZ,20251225,27.93,6.0157,1.22,37.6546,3.9781,3.0715,2515190.7414,1488463.8542
300638.SZ,20251224,27.42,5.0018,0.93,36.967,3.9054,3.0154,2469263.5206,1461284.6001
300638.SZ,20251223,26.75,4.7537,0.85,36.0637,3.81,2.9417,2408927.7599,1425578.5213
300638.SZ,20251222,27.26,4.2896,0.71,36.7513,3.8826,2.9978,2454854.9807,1452757.7753
300638.SZ,20251219,27.1,5.4577,0.84,36.5356,3.8598,2.9802,2440446.4408,1444230.9505
300638.SZ,20251218,27.16,5.2327,0.71,36.6165,3.8684,2.9868,2445849.6433,1447428.5098
300638.SZ,20251217,28.0,7.1185,0.87,37.7489,3.988,3.0792,2521494.4776,1492194.34
300638.SZ,20251216,27.4,5.7638,0.59,36.94,3.9026,3.0132,2467462.4531,1460218.747
300638.SZ,20251215,28.55,6.5194,0.55,38.4904,4.0664,3.1397,2571023.8334,1521505.3003
300638.SZ,20251212,28.83,7.8438,0.58,38.8679,4.1062,3.1705,2596238.7782,1536427.2437
300638.SZ,20251211,28.01,9.8049,0.63,37.7624,3.9895,3.0803,2522395.0113,1492727.2666
300638.SZ,20251210,29.49,10.765,0.59,39.7577,4.2002,3.243,2655674.0052,1571600.396
300638.SZ,20251209,29.8,14.0736,0.62,40.1757,4.2444,3.2771,2683590.5512,1588121.119
300638.SZ,20251208,30.54,17.1644,0.7,41.1733,4.3498,3.3585,2750230.0481,1627557.6837
300638.SZ,20251205,29.65,15.5704,0.67,39.9734,4.223,3.2606,2670082.545,1580127.2208
300638.SZ,20251204,29.88,19.8426,0.93,40.2835,4.2558,3.2859,2690794.8211,1592384.5314
300638.SZ,20251203,31.96,24.6271,1.45,43.0877,4.552,3.5147,2878105.8394,1703233.2538
300638.SZ,20251202,34.4,35.5983,3.45,46.3773,4.8996,3.783,3097836.0725,1833267.332
300638.SZ,20251201,32.38,27.3462,5.07,43.654,4.6119,3.5609,2915928.2566,1725616.1689
300638.SZ,20251128,26.98,9.0485,2.21,36.3738,3.8428,2.967,2429640.0359,1437835.8319
300638.SZ,20251127,26.28,9.8693,3.97,35.4301,3.743,2.89,2366602.674,1400530.9734
300638.SZ,20251126,24.54,3.043,1.35,33.0843,3.4952,2.6987,2209909.8029,1307801.7537
300638.SZ,20251125,24.26,2.3593,1.12,32.7068,3.4553,2.6679,2184694.8581,1292879.8103
300638.SZ,20251124,23.91,2.6447,1.29,32.2349,3.4055,2.6294,2153176.1771,1274227.3811
300638.SZ,20251121,23.64,2.5857,1.22,31.8709,3.367,2.5997,2128861.7661,1259838.3642
300638.SZ,20251120,24.4,1.798,0.75,32.8955,3.4753,2.6833,2197302.3305,1300340.782
300638.SZ,20251119,24.67,1.8604,0.74,33.2595,3.5137,2.713,2221616.7415,1314729.7989
300638.SZ,20251118,25.04,1.6719,0.63,33.7583,3.5664,2.7537,2254936.49,1334448.0812
300638.SZ,20251117,25.11,2.336,0.87,33.8527,3.5764,2.7614,2261240.2262,1338178.5671
300638.SZ,20251114,25.19,2.8897,0.98,33.9606,3.5878,2.7702,2268444.4961,1342441.9795
300638.SZ,20251113,26.11,3.2451,1.19,35.2009,3.7188,2.8713,2351293.6004,1391471.2221
300638.SZ,20251112,25.53,2.3555,0.87,34.4189,3.6362,2.8076,2299062.6433,1360561.4822
300638.SZ,20251111,25.35,2.4135,0.84,34.1763,3.6106,2.7878,2282853.036,1350968.8043
300638.SZ,20251110,25.7,2.5415,0.8,34.6481,3.6604,2.8262,2314371.7169,1369621.2335
300638.SZ,20251107,25.82,4.1163,1.37,34.8099,3.6775,2.8394,2325178.1218,1376016.3521
300638.SZ,20251106,26.94,2.1799,0.67,36.3199,3.8371,2.9626,2426037.9009,1435704.1257
300638.SZ,20251105,26.57,2.2866,0.66,35.8211,3.7844,2.9219,2392718.1525,1415985.8434
300638.SZ,20251104,26.91,3.2563,0.91,36.2794,3.8328,2.9593,2423336.2997,1434105.3461
300638.SZ,20251103,27.8,4.0301,1.12,37.4793,3.9595,3.0572,2503483.8028,1481535.809
300638.SZ,20251031,27.31,3.3031,0.89,36.8187,3.8898,3.0033,2459357.6494,1455422.4081
300638.SZ,20251030,26.82,3.431,0.84,36.1581,3.82,2.9494,2415231.496,1429309.0071
300638.SZ,20251029,27.42,3.4024,0.68,36.967,3.9678,3.0154,2469263.5206,1461284.6001
300638.SZ,20251028,27.3,3.6794,0.69,36.8052,3.9504,3.0022,2458457.1157,1454889.4815
300638.SZ,20251027,27.8,4.1127,0.79,37.4793,4.0228,3.0572,2503483.8028,1481535.809
300638.SZ,20251024,27.38,3.9852,0.72,36.9131,3.962,3.011,2465661.3856,1459152.8939
300638.SZ,20251023,27.22,5.2185,0.9,36.6974,3.9388,2.9934,2451252.8457,1450626.0691
300638.SZ,20251022,27.57,8.0481,1.39,31.5938,5.9087,2.5771,2110355.4153,1469278.4984
300638.SZ,20251021,29.93,5.3709,0.84,34.2983,6.4144,2.7977,2291002.4512,1595049.1642
300638.SZ,20251020,28.38,3.2625,0.44,32.5221,6.0822,2.6528,2172357.1522,1512445.5489
300638.SZ,20251017,28.25,5.6346,0.68,32.3731,6.0544,2.6407,2162406.2562,1505517.5038
300638.SZ,20251016,30.01,6.6401,0.64,34.39,6.4316,2.8052,2297126.0795,1599312.5766
300638.SZ,20251015,31.65,8.0608,0.83,36.2693,6.7831,2.9585,2422660.4604,1686712.5308
300638.SZ,20251014,30.5,8.2166,0.94,34.9515,6.5366,2.851,2334633.3031,1625425.9775
300638.SZ,20251013,31.99,8.4783,1.05,36.6589,6.8559,2.9903,2448685.8809,1704832.0335
300638.SZ,20251010,32.51,9.8719,1.34,37.2548,6.9674,3.0389,2488489.465,1732544.2141
300638.SZ,20251009,33.64,17.3876,3.61,38.5498,7.2095,3.1445,2574985.7153,1792764.9142
300638.SZ,20250930,30.37,4.6056,0.88,34.8025,6.5087,2.8388,2324682.4071,1618497.9324
300638.SZ,20250929,30.04,3.3299,0.55,34.4243,6.438,2.808,2299422.4402,1600911.3562
300638.SZ,20250926,29.94,5.1369,0.81,34.3097,6.4166,2.7986,2291767.9047,1595582.0907
300638.SZ,20250925,31.54,6.2713,0.93,36.1433,6.7595,2.9482,2414240.4715,1680850.3387
300638.SZ,20250924,30.89,4.7377,0.67,35.3984,6.6202,2.8874,2364485.9912,1646210.113
300638.SZ,20250923,30.48,6.7197,0.91,34.9286,6.5323,2.8491,2333102.396,1624360.1244
300638.SZ,20250922,31.91,7.4625,1.13,36.5673,6.8388,2.9828,2442562.2525,1700568.6211
300638.SZ,20250919,31.25,6.5,1.03,35.8109,6.6973,2.9211,2392042.3188,1665395.4688
300638.SZ,20250918,30.74,8.3104,1.39,35.2265,6.588,2.8734,2353004.1881,1638216.2147
300638.SZ,20250917,31.17,6.1838,1.02,35.7193,6.6802,2.9136,2385918.6904,1661132.0564
300638.SZ,20250916,31.1,8.4288,1.62,35.639,6.6652,2.9071,2380560.5156,1657401.5705
300638.SZ,20250915,29.4,3.599,0.65,33.6909,6.3009,2.7482,2250433.4135,1566804.057
300638.SZ,20250912,29.9,5.0613,0.93,34.2639,6.408,2.7949,2288706.0906,1593450.3845
300638.SZ,20250911,30.28,6.5625,1.25,34.6994,6.4894,2.8304,2317793.3252,1613701.5934
300638.SZ,20250910,29.72,6.6358,1.34,34.0576,6.3694,2.7781,2274927.9268,1583857.7066
300638.SZ,20250909,28.75,4.095,0.7,32.9461,6.1615,2.6874,2200678.9333,1532163.8313
300638.SZ,20250908,29.83,5.199,0.85,34.1837,6.393,2.7884,2283347.9158,1589719.8987
300638.SZ,20250905,29.5,4.6981,0.66,33.8055,6.3223,2.7575,2258087.9489,1572133.3225
300638.SZ,20250904,28.55,5.5519,0.62,32.7169,6.1187,2.6687,2185369.8624,1521505.3003
300638.SZ,20250903,29.55,5.1454,0.45,33.8628,6.333,2.7622,2261915.2166,1574797.9553
300638.SZ,20250902,30.31,8.4805,0.71,34.7337,6.4959,2.8332,2320089.6858,1615300.3731
300638.SZ,20250901,32.35,6.8037,0.54,37.0715,6.9331,3.0239,2476242.2084,1724017.3893
300638.SZ,20250829,32.46,9.533,0.71,37.1975,6.9567,3.0342,2484662.1973,1729879.5813
300638.SZ,20250828,34.07,14.8833,1.26,39.0425,7.3017,3.1847,2607900.2176,1815680.7559
300638.SZ,20250827,33.21,17.7099,1.79,38.057,7.1174,3.1043,2542071.213,1769849.0726
300638.SZ,20250826,32.32,10.6255,1.16,37.0371,7.1472,3.0211,2473945.8477,1722418.6096
300638.SZ,20250825,31.68,10.3217,1.11,36.3037,7.0057,2.9613,2424956.8211,1688311.3104
300638.SZ,20250822,31.58,13.1418,1.74,36.1891,6.9836,2.9519,2417302.2856,1682982.0449
300638.SZ,20250821,29.76,7.2285,0.96,34.1035,6.5811,2.7818,2277989.741,1585989.4128
300638.SZ,20250820,30.33,8.1393,1.14,34.7567,6.7072,2.8351,2321620.5929,1616366.2262
300638.SZ,20250819,29.76,7.081,1.06,34.1035,6.5811,2.7818,2277989.741,1585989.4128
300638.SZ,20250818,29.81,10.753,1.9,34.1608,6.5922,2.7865,2281817.0087,1588654.0456
300638.SZ,20250815,28.34,4.6105,0.75,32.4762,6.2671,2.6491,2169295.338,1510313.8427
300638.SZ,20250814,28.06,7.2235,1.09,32.1554,6.2052,2.6229,2147862.6389,1495391.8993
300638.SZ,20250813,29.03,6.1294,0.73,33.2669,6.4197,2.7136,2222111.6324,1547085.7747
300638.SZ,20250812,28.8,4.588,0.44,33.0034,6.3688,2.6921,2204506.201,1534828.464
300638.SZ,20250811,28.92,5.8024,0.55,33.1409,6.3954,2.7033,2213691.6435,1541223.5826
300638.SZ,20250808,28.83,6.882,0.62,33.0377,6.3755,2.6949,2206802.5616,1536427.2437
300638.SZ,20250807,29.51,9.6464,0.92,33.817,6.5258,2.7584,2258853.4024,1572666.2491
300638.SZ,20250806,29.78,15.0543,1.72,34.1264,6.5856,2.7837,2279520.6481,1587055.2659
300638.SZ,20250805,28.85,14.4687,2.08,33.0607,6.3799,2.6968,2208333.4687,1537493.0968
300638.SZ,20250804,27.7,6.8549,0.91,31.7428,6.1256,2.5893,2120306.3113,1476206.5435
300638.SZ,20250801,27.12,9.8577,1.59,31.0782,5.9973,2.535,2075910.0059,1445296.8036
300638.SZ,20250731,26.32,6.3257,1.15,30.1614,5.8204,2.4603,2014673.7225,1402662.6796
300638.SZ,20250730,26.48,6.2856,1.24,30.3448,5.8558,2.4752,2026920.9792,1411189.5044
300638.SZ,20250729,27.43,5.4078,1.12,31.4334,6.0659,2.564,2099639.0657,1461817.5267
300638.SZ,20250728,27.54,9.8856,2.64,31.5595,6.0902,2.5743,2108059.0547,1467679.7187
300638.SZ,20250725,26.41,3.156,0.8,30.2645,5.8403,2.4687,2021562.8044,1407459.0186
300638.SZ,20250724,26.27,2.7982,0.67,30.1041,5.8093,2.4556,2010846.4548,1399998.0469
300638.SZ,20250723,26.19,4.0278,0.92,30.0124,5.7917,2.4481,2004722.8265,1395734.6345
300638.SZ,20250722,26.65,4.1956,0.92,30.5396,5.8934,2.4911,2039933.6894,1420249.2558
300638.SZ,20250721,26.99,4.5695,1.11,30.9292,5.9686,2.5229,2065959.1099,1438368.7585
300638.SZ,20250718,26.55,4.0569,1.03,30.425,5.8713,2.4818,2032279.154,1414919.9903
300638.SZ,20250717,26.8,4.1821,1.16,30.7115,5.9266,2.5051,2051415.4926,1428243.154
300638.SZ,20250716,26.41,4.9415,1.44,30.2645,5.8403,2.4687,2021562.8044,1407459.0186
300638.SZ,20250715,26.68,5.0707,1.54,30.5739,5.9,2.4939,2042230.0501,1421848.0354
300638.SZ,20250714,26.07,2.2837,0.68,29.8749,5.7651,2.4369,1995537.384,1389339.5159
300638.SZ,20250711,26.29,3.2095,0.9,30.127,5.8138,2.4575,2012377.3619,1401063.9
300638.SZ,20250710,26.07,2.5559,0.67,29.8749,5.7651,2.4369,1995537.384,1389339.5159
300638.SZ,20250709,26.13,4.0167,0.99,29.9437,5.7784,2.4425,2000130.1052,1392537.0752
300638.SZ,20250708,26.77,4.4105,0.96,30.6771,5.9199,2.5023,2049119.1319,1426644.3744
300638.SZ,20250707,25.9,2.5716,0.4,29.6801,5.7275,2.421,1982524.6738,1380279.7645
300638.SZ,20250704,26.21,4.2169,0.58,30.0353,5.7961,2.45,2006253.7336,1396800.4876
300638.SZ,20250703,26.84,3.8659,0.52,30.7573,5.5104,2.5089,2054477.3067,1430374.8602
300638.SZ,20250702,26.88,5.1723,0.7,30.8031,5.5186,2.5126,2057539.1209,1432506.5664
300638.SZ,20250701,27.99,7.1022,1.0,32.0751,5.7465,2.6164,2142504.4641,1491661.4135
300638.SZ,20250630,28.63,11.5765,2.16,32.8085,5.8779,2.6762,2191493.4907,1525768.7127
300638.SZ,20250627,27.01,8.5387,1.92,30.9521,5.5453,2.5248,2067490.0169,1439434.6116
300638.SZ,20250626,26.3,4.5857,1.02,30.1385,5.3995,2.4584,2013142.8155,1401596.8265
300638.SZ,20250625,26.73,5.3725,1.31,30.6312,5.4878,2.4986,2046057.3178,1424512.6682
300638.SZ,20250624,26.31,5.6102,1.46,30.1499,5.4016,2.4593,2013908.269,1402129.7531
300638.SZ,20250623,25.29,2.65,0.67,28.9811,5.1921,2.364,1935832.0077,1347771.245
300638.SZ,20250620,25.01,4.0246,1.01,28.6602,5.1347,2.3378,1914399.3085,1332849.3016
300638.SZ,20250619,25.7,4.7615,1.26,29.4509,5.2763,2.4023,1967215.6029,1369621.2335
300638.SZ,20250618,25.83,3.44,0.87,29.5999,5.303,2.4145,1977166.499,1376549.2787
300638.SZ,20250617,25.9,4.2888,0.97,29.6801,5.3174,2.421,1982524.6738,1380279.7645
300638.SZ,20250616,25.69,3.2769,0.61,29.4395,5.2743,2.4014,1966450.1494,1369088.307
300638.SZ,20250613,25.27,4.1779,0.78,28.9582,5.188,2.3621,1934301.1006,1346705.3919
300638.SZ,20250612,26.07,3.7061,0.66,29.8749,5.3523,2.4369,1995537.384,1389339.5159
300638.SZ,20250611,26.25,4.2896,0.8,30.0812,5.3892,2.4537,2009315.5478,1398932.1938
300638.SZ,20250610,26.05,6.7443,1.44,29.852,5.3482,2.435,1994006.4769,1388273.6628
300638.SZ,20250609,27.32,8.0957,1.96,31.3074,5.6089,2.5537,2091219.0767,1455955.3346
300638.SZ,20250606,26.32,3.9775,0.88,30.1614,5.4036,2.4603,2014673.7225,1402662.6796
300638.SZ,20250605,26.32,5.0411,1.25,30.1614,5.4036,2.4603,2014673.7225,1402662.6796
300638.SZ,20250604,25.66,2.9723,0.74,29.4051,5.2681,2.3986,1964153.7888,1367489.5273
300638.SZ,20250603,25.66,3.3112,0.81,29.4051,5.2681,2.3986,1964153.7888,1367489.5273
300638.SZ,20250530,26.02,5.3489,1.37,29.8176,5.342,2.4322,1991710.1163,1386674.8831
300638.SZ,20250529,27.07,5.9707,1.56,31.0209,5.5576,2.5304,2072082.7382,1442632.1709
300638.SZ,20250528,25.7,2.5421,0.63,29.4509,5.2763,2.4023,1967215.6029,1369621.2335
300638.SZ,20250527,26.02,3.0232,0.74,29.8176,5.342,2.4322,1991710.1163,1386674.8831
300638.SZ,20250526,26.72,3.5676,0.83,30.6198,5.4857,2.4977,2045291.8642,1423979.7416
300638.SZ,20250523,26.2,4.4003,1.0,30.0239,5.379,2.449,2005488.28,1396267.561
300638.SZ,20250522,27.15,5.64,1.26,31.1125,5.574,2.5378,2078206.3665,1446895.5833
300638.SZ,20250521,26.89,3.5646,0.65,30.8146,5.5206,2.5135,2058304.5744,1433039.493
300638.SZ,20250520,27.43,3.2503,0.47,31.4334,5.6315,2.564,2099639.0657,1461817.5267
300638.SZ,20250519,27.5,4.7347,0.61,31.5136,5.6459,2.5706,2104997.2405,1465548.0125
300638.SZ,20250516,27.88,4.7381,0.55,31.9491,5.7239,2.6061,2134084.4751,1485799.2214
300638.SZ,20250515,27.76,6.0701,0.58,31.8116,5.6992,2.5949,2124899.0326,1479404.1028
300638.SZ,20250514,29.0,8.4558,0.78,33.2325,5.9538,2.7108,2219815.2718,1545486.995
300638.SZ,20250513,29.66,10.3327,0.87,33.9889,6.0893,2.7725,2270335.2056,1580660.1473
300638.SZ,20250512,29.32,9.0765,0.78,33.5993,6.0195,2.7407,2244309.7851,1562540.6446
300638.SZ,20250509,27.98,9.3545,0.88,32.0637,5.7444,2.6154,2141739.0105,1491128.4869
300638.SZ,20250508,29.86,14.9687,1.78,34.2181,6.1304,2.7912,2285644.2764,1591318.6783
300638.SZ,20250507,28.41,10.7656,1.44,32.5564,5.8327,2.6556,2174653.5128,1514044.3286
300638.SZ,20250506,28.7,15.3152,2.88,32.8888,5.8922,2.6827,2196851.6655,1529499.1985
300638.SZ,20250430,25.42,7.9914,1.51,29.13,5.2188,2.3761,1945782.9038,1354699.2901
300638.SZ,20250429,24.65,4.1435,0.74,28.2477,5.2319,2.3042,1886842.981,1313663.9458
300638.SZ,20250428,24.5,3.9345,0.61,28.0758,5.2001,2.2901,1875361.1779,1305670.0475
300638.SZ,20250425,24.88,6.0297,1.01,28.5112,5.2808,2.3257,1904448.4125,1325921.2564
300638.SZ,20250424,24.47,4.4596,0.76,28.0414,5.1937,2.2873,1873064.8173,1304071.2679
300638.SZ,20250423,25.21,7.9039,1.5,28.8894,5.3508,2.3565,1929708.3794,1343507.8326
300638.SZ,20250422,24.28,5.4988,1.08,27.8237,5.1534,2.2696,1858521.2,1293945.6634
300638.SZ,20250421,25.12,8.4564,1.73,28.7863,5.3317,2.3481,1922819.2975,1338711.4936
300638.SZ,20250418,25.34,3.6264,0.66,34.4183,5.5061,2.5139,1939659.2754,1350435.8777
300638.SZ,20250417,25.2,3.7524,0.53,34.2281,5.4756,2.5,1928942.9258,1342974.906
300638.SZ,20250416,25.21,5.0142,0.63,34.2417,5.4778,2.501,1929708.3794,1343507.8326
300638.SZ,20250415,26.1,4.7084,0.53,35.4506,5.6712,2.5893,1997833.7446,1390938.2955
300638.SZ,20250414,26.29,7.3171,0.75,35.7086,5.7125,2.6081,2012377.3619,1401063.9
300638.SZ,20250411,25.7,6.796,0.64,34.9073,5.5843,2.5496,1967215.6029,1369621.2335
300638.SZ,20250410,25.31,11.3715,1.18,34.3775,5.4995,2.5109,1937362.9148,1348837.0981
300638.SZ,20250409,24.08,9.8194,1.11,32.7069,5.2323,2.3889,1843212.1291,1283287.1324
300638.SZ,20250408,23.56,9.4801,1.11,32.0006,5.1193,2.3373,1803408.545,1255574.9518
300638.SZ,20250407,23.25,11.2745,1.56,31.5795,5.0519,2.3065,1779679.4852,1239054.2288
300638.SZ,20250403,29.06,11.3136,1.89,39.471,6.3144,2.8829,2224407.9931,1548684.5543
300638.SZ,20250402,31.88,6.4395,1.15,43.3013,6.9271,3.1627,2440265.8919,1698969.8414
300638.SZ,20250401,31.58,5.9183,1.03,42.8938,6.8619,3.1329,2417302.2856,1682982.0449
300638.SZ,20250331,32.36,7.924,1.38,43.9533,7.0314,3.2103,2477007.6619,1724550.3158
300638.SZ,20250328,31.23,4.4972,0.65,42.4184,6.7859,3.0982,2390511.4117,1664329.6157
300638.SZ,20250327,31.31,5.1299,0.61,42.5271,6.8033,3.1061,2396635.04,1668593.0281
300638.SZ,20250326,31.19,4.583,0.5,42.3641,6.7772,3.0942,2387449.5975,1662197.9095
300638.SZ,20250325,30.68,6.563,0.66,41.6714,6.6664,3.0436,2348411.4669,1635018.6554
300638.SZ,20250324,32.42,7.9841,0.84,44.0348,7.0445,3.2162,2481600.3832,1727747.8751
300638.SZ,20250321,32.75,10.2997,1.15,44.483,7.1162,3.249,2506860.3501,1745334.4513
300638.SZ,20250320,35.83,12.4381,1.44,48.6664,7.7854,3.5545,2742620.041,1909475.8287
300638.SZ,20250319,34.91,8.5549,1.0,47.4168,7.5855,3.4633,2672198.3151,1860446.5861
300638.SZ,20250318,35.0,10.4454,1.27,47.5391,7.6051,3.4722,2679087.397,1865242.925
300638.SZ,20250317,33.85,5.8338,0.67,45.9771,7.3552,3.3581,2591060.2397,1803956.3718
300638.SZ,20250314,33.9,7.6841,0.81,46.045,7.366,3.3631,2594887.5074,1806621.0045
300638.SZ,20250313,32.64,10.6049,0.98,44.3336,7.0923,3.2381,2498440.3611,1739472.2592
300638.SZ,20250312,35.0,8.2912,0.71,47.5391,7.6051,3.4722,2679087.397,1865242.925
300638.SZ,20250311,34.3,8.5813,0.71,46.5883,7.453,3.4028,2625505.6491,1827938.0665
300638.SZ,20250310,35.31,8.3891,0.66,47.9601,7.6724,3.503,2702816.4568,1881763.6481
300638.SZ,20250307,35.58,11.2809,0.9,48.3269,7.7311,3.5297,2723483.7024,1896152.6649
300638.SZ,20250306,37.36,17.491,1.4,50.7446,8.1179,3.7063,2859734.4329,1991013.5908
300638.SZ,20250305,35.35,12.743,1.02,48.0145,7.6811,3.5069,2705878.271,1883895.3543
300638.SZ,20250304,34.2,10.9497,0.79,46.4525,7.4312,3.3928,2617851.1136,1822608.801
300638.SZ,20250303,33.31,11.0658,0.68,45.2436,7.2378,3.3045,2549725.7484,1775178.3381
300638.SZ,20250228,33.39,10.1885,0.51,45.3523,7.2552,3.3125,2555849.3767,1779441.7505
300638.SZ,20250227,34.7,17.3046,0.8,47.1316,7.5399,3.4424,2656123.7907,1849255.1285
300638.SZ,20250226,36.77,13.0726,0.54,49.9432,7.9897,3.6478,2814572.6739,1959570.9244
300638.SZ,20250225,37.17,18.0175,0.76,50.4865,8.0766,3.6875,2845190.8156,1980887.9864
300638.SZ,20250224,36.73,22.2198,0.96,49.8889,7.981,3.6438,2811510.8598,1957439.2182
300638.SZ,20250221,37.85,30.0877,1.43,51.3778,8.2375,3.7526,2895420.076,2015305.4113
300638.SZ,20250220,42.01,24.9234,1.23,57.0246,9.1428,4.165,3213648.5441,2236802.6507
300638.SZ,20250219,41.2,25.3517,1.27,55.9251,8.9665,4.0847,3151685.7895,2193674.5824
300638.SZ,20250218,36.0,16.56,0.75,48.8666,7.8348,3.5692,2753900.2044,1916803.0332
300638.SZ,20250217,36.62,18.8006,0.84,49.7082,7.9698,3.6306,2801328.4857,1949814.641
300638.SZ,20250214,35.95,19.4239,0.81,48.7987,7.824,3.5642,2750075.343,1914140.8068
300638.SZ,20250213,37.1,21.245,0.82,50.3987,8.0672,3.6811,2840245.6417,1975143.1041
300638.SZ,20250212,39.59,23.7899,0.92,53.7813,8.6087,3.9281,3030871.2926,2107706.617
300638.SZ,20250211,36.6,27.0327,1.07,49.7195,7.9585,3.6315,2801967.3986,1948523.9248
300638.SZ,20250210,36.01,21.0786,0.79,48.918,7.8302,3.5729,2756799.0717,1917113.2932
300638.SZ,20250207,36.3,27.0658,1.03,49.312,7.8933,3.6017,2779000.4527,1932552.4172
300638.SZ,20250206,35.25,30.6323,1.18,47.8856,7.665,3.4975,2698616.1421,1876652.1407
300638.SZ,20250205,30.62,23.8125,0.91,41.5959,6.6582,3.0381,2344159.6105,1630158.5403
300638.SZ,20250127,30.12,23.6508,0.93,40.9167,6.5495,2.9885,2305881.3674,1603539.361
300638.SZ,20250124,30.35,27.7523,1.29,41.2292,6.5995,3.0113,2323489.3592,1615784.1835
300638.SZ,20250123,27.55,25.7657,1.44,37.4255,5.9906,2.7335,2109131.1976,1466716.7794
300638.SZ,20250122,28.1,28.4895,1.97,38.1726,6.1102,2.7881,2151237.265,1495997.8767
300638.SZ,20250121,28.69,25.028,2.32,38.9741,6.2385,2.8466,2196405.5919,1527408.5082
300638.SZ,20250120,23.91,19.9256,2.57,32.4807,5.1991,2.3724,1830465.5874,1272929.1541
300638.SZ,20250117,20.47,8.2702,1.13,27.8076,4.4511,2.031,1567111.2746,1089789.2005
300638.SZ,20250116,19.78,7.784,1.0,26.8703,4.3011,1.9626,1514287.299,1053054.7331
300638.SZ,20250115,20.21,11.2118,1.56,27.4544,4.3946,2.0052,1547206.5881,1075947.2273
300638.SZ,20250114,19.63,6.6706,0.92,26.6665,4.2685,1.9477,1502803.8261,1045068.9793
300638.SZ,20250113,18.57,4.836,0.65,25.2265,4.038,1.8425,1421653.9506,988636.3192
300638.SZ,20250110,18.97,6.1849,0.83,25.7699,4.1249,1.8822,1452276.5451,1009931.6626
300638.SZ,20250109,19.62,10.1401,1.48,26.6529,4.2663,1.9467,1502038.2612,1044536.5957
300638.SZ,20250108,18.78,8.0235,1.16,25.5118,4.0836,1.8634,1437730.8127,999816.3745
300638.SZ,20250107,18.61,6.9854,1.03,25.2809,4.0467,1.8465,1424716.21,990765.8535
300638.SZ,20250106,17.75,6.0075,0.81,24.1126,3.8597,1.7612,1358877.6318,944980.8652
300638.SZ,20250103,18.18,6.0959,0.71,24.6967,3.9532,1.8038,1391796.9209,967873.3593
300638.SZ,20250102,19.22,7.2038,0.78,26.1095,4.1793,1.907,1471415.6667,1023241.2523
300638.SZ,20241231,20.15,8.1922,0.87,27.3729,4.3815,1.9993,1542613.1989,1072752.9258
300638.SZ,20241230,21.33,6.2651,0.6,28.9759,4.6381,2.1164,1632949.8528,1135574.1889
300638.SZ,20241227,21.63,9.1973,0.78,29.3834,4.7034,2.1461,1655916.7987,1151545.6965
300638.SZ,20241226,22.38,12.2885,0.93,30.4023,4.8664,2.2205,1713334.1634,1191474.4655
300638.SZ,20241225,21.06,10.3539,0.85,28.6091,4.5794,2.0896,1612279.6015,1121199.8321
300638.SZ,20241224,20.88,8.9511,0.78,28.3646,4.5403,2.0717,1598499.4339,1111616.9276
300638.SZ,20241223,21.21,11.2261,1.1,28.8129,4.612,2.1045,1623763.0744,1129185.5859
300638.SZ,20241220,21.69,16.3879,2.01,29.4649,4.7164,2.1521,1660510.1878,1154739.998
300638.SZ,20241219,21.42,19.2323,3.12,29.0981,4.6577,2.1253,1639839.9365,1140365.6412
300638.SZ,20241218,18.74,5.2516,0.68,25.4575,4.0749,1.8594,1434668.5533,997686.8402
300638.SZ,20241217,18.13,5.2642,0.63,24.6288,3.9423,1.7989,1387969.0966,965211.4414
300638.SZ,20241216,18.34,4.8454,0.53,24.9141,3.988,1.8197,1404045.9587,976391.4967
300638.SZ,20241213,18.79,6.1913,0.69,25.5254,4.0858,1.8643,1438496.3776,1000348.7581
300638.SZ,20241212,19.09,9.2518,1.12,25.9329,4.151,1.8941,1461463.3235,1016320.2657
300638.SZ,20241211,19.44,13.1723,2.07,26.4084,4.2271,1.9288,1488258.0937,1034953.6912
300638.SZ,20241210,18.19,8.2799,1.53,24.7103,3.9553,1.8048,1392562.4858,968405.7429
300638.SZ,20241209,18.16,8.5905,1.89,24.6696,3.9488,1.8018,1390265.7912,966808.5922
300638.SZ,20241206,17.39,5.4351,1.23,23.6236,3.7814,1.7254,1331317.2968,925815.0561
300638.SZ,20241205,17.3,5.9296,1.49,23.5013,3.7618,1.7165,1324427.213,921023.6038
300638.SZ,20241204,16.67,3.5675,0.84,22.6455,3.6248,1.654,1276196.6266,887483.4379
300638.SZ,20241203,17.09,3.5867,0.81,23.216,3.7162,1.6957,1308350.3509,909843.5485
300638.SZ,20241202,17.1,4.1874,0.95,23.2296,3.7183,1.6967,1309115.9157,910375.9321
300638.SZ,20241129,16.92,4.879,1.06,22.9851,3.6792,1.6788,1295335.7482,900793.0275
300638.SZ,20241128,16.6,3.744,0.8,22.5504,3.6096,1.6471,1270837.6726,883756.7528
300638.SZ,20241127,16.92,4.8745,1.02,22.9851,3.6792,1.6788,1295335.7482,900793.0275
300638.SZ,20241126,16.6,4.4061,0.92,22.5504,3.6096,1.6471,1270837.6726,883756.7528
300638.SZ,20241125,16.52,4.1415,0.76,22.4417,3.5922,1.6391,1264713.1537,879497.6841
300638.SZ,20241122,16.61,5.8354,1.06,22.564,3.6118,1.648,1271603.2374,884289.1363
300638.SZ,20241121,17.8,4.2166,0.76,24.1805,3.8705,1.7661,1362705.4561,947642.7831
300638.SZ,20241120,18.08,5.3134,0.97,24.5609,3.9314,1.7939,1384141.2723,962549.5235
300638.SZ,20241119,17.8,4.4581,0.73,24.1805,3.8705,1.7661,1362705.4561,947642.7831
300638.SZ,20241118,17.25,7.2933,1.16,23.4334,3.7509,1.7115,1320599.3887,918361.6859
300638.SZ,20241115,17.8,6.2284,0.93,24.1805,3.8705,1.7661,1362705.4561,947642.7831
300638.SZ,20241114,17.97,4.3083,0.56,24.4115,3.9075,1.783,1375720.0588,956693.304
300638.SZ,20241113,18.69,4.9824,0.51,25.3896,4.0641,1.8544,1430840.7289,995024.9222
300638.SZ,20241112,18.65,7.754,0.71,25.3352,4.0554,1.8505,1427778.4695,992895.3879
300638.SZ,20241111,19.11,8.1896,0.68,25.9601,4.1554,1.8961,1462994.4532,1017385.0328
300638.SZ,20241108,18.7,8.2249,0.7,25.4031,4.0662,1.8554,1431606.2938,995557.3058
300638.SZ,20241107,18.58,9.0533,0.8,25.2401,4.0401,1.8435,1422419.5155,989168.7028
300638.SZ,20241106,18.78,15.8013,1.63,25.5118,4.0836,1.8634,1437730.8127,999816.3745
300638.SZ,20241105,18.16,13.5118,1.45,24.6696,3.9488,1.8018,1390265.7912,966808.5922
300638.SZ,20241104,17.49,13.4556,1.67,23.7594,3.8031,1.7354,1338972.9454,931138.8919
300638.SZ,20241101,15.5,7.1304,0.84,21.0561,3.3704,1.5379,1186625.5377,825194.5583
300638.SZ,20241031,16.39,6.5381,0.79,22.2651,3.5639,1.6262,1254760.8105,872576.6975
300638.SZ,20241030,16.34,7.8465,0.94,22.1972,3.5531,1.6213,1250932.9861,869914.7795
300638.SZ,20241029,16.5,11.7615,1.62,22.4145,3.8858,1.6371,1263182.024,878432.9169
300638.SZ,20241028,16.2,6.9807,0.9,22.007,3.8151,1.6074,1240215.0781,862461.4093
300638.SZ,20241025,16.49,9.274,1.18,22.4009,3.8834,1.6361,1262416.4591,877900.5333
300638.SZ,20241024,15.68,5.6251,0.74,21.3056,3.6916,1.5561,1200686.6375,834895.7402
300638.SZ,20241023,15.83,8.311,1.22,21.5094,3.7269,1.571,1212172.7979,842882.6255
300638.SZ,20241022,15.42,6.213,0.92,20.9523,3.6304,1.5303,1180777.2927,821051.8058
300638.SZ,20241021,15.63,9.4946,1.56,21.2376,3.6798,1.5512,1196857.9173,832233.4451
300638.SZ,20241018,15.01,9.5005,1.67,20.3952,3.5339,1.4896,1149381.7875,799220.986
300638.SZ,20241017,13.87,4.7195,0.75,18.8462,3.2655,1.3765,1062086.9682,738520.658
300638.SZ,20241016,13.81,4.097,0.49,18.7647,3.2514,1.3705,1057492.504,735325.9039
300638.SZ,20241015,14.03,5.9638,0.57,19.0636,3.3032,1.3924,1074338.8727,747040.0023
300638.SZ,20241014,14.25,6.1939,0.52,19.3625,3.3549,1.4142,1091185.2413,758131.8317
300638.SZ,20241011,13.78,7.466,0.6,18.7239,3.2443,1.3676,1055195.272,733126.7818
300638.SZ,20241010,14.86,7.9134,0.65,20.1914,3.4986,1.4748,1137895.6271,790665.2065
300638.SZ,20241009,15.14,14.0736,1.34,20.5718,3.5645,1.5025,1159336.4599,805563.3395
300638.SZ,20241008,17.7,16.3693,1.95,24.0503,4.1672,1.7566,1355366.9313,941774.8421
300638.SZ,20240930,14.85,13.6523,2.13,20.1778,3.4962,1.4738,1137129.8831,790133.1303
300638.SZ,20240927,12.62,9.9361,2.06,17.1477,2.9712,1.2524,966368.9646,671480.1417
300638.SZ,20240926,11.72,6.8272,1.7,15.9248,2.7593,1.1631,897452.002,623593.2853
300638.SZ,20240925,11.13,5.9127,1.84,15.1232,2.6204,1.1046,852273.1043,592200.7906
300638.SZ,20240924,11.07,5.5904,2.14,15.0416,2.6063,1.0986,847678.6401,589008.3335
300638.SZ,20240923,10.65,3.711,1.51,14.4709,2.5074,1.0569,815517.3909,566661.1338
300638.SZ,20240920,10.46,2.0942,0.89,14.2128,2.4626,1.0381,800968.2543,556551.6864
300638.SZ,20240919,10.38,2.7538,1.23,14.1041,2.4438,1.0301,794842.3021,552295.0769
300638.SZ,20240918,10.18,1.9009,0.83,13.8323,2.3967,1.0103,779527.4215,541653.5533
300638.SZ,20240913,10.25,2.6139,1.17,13.9274,2.4132,1.0172,784887.6297,545378.0866
300638.SZ,20240912,10.48,2.9625,1.34,14.24,2.4674,1.0401,802499.7424,557208.1856
300638.SZ,20240911,10.53,1.4846,0.63,14.3079,2.4791,1.045,806328.4625,559866.6216
300638.SZ,20240910,10.61,2.2341,0.89,14.4166,2.498,1.053,812454.4148,564120.1192
300638.SZ,20240909,10.45,2.1711,0.74,14.1992,2.4603,1.0371,800202.5103,555613.124
300638.SZ,20240906,10.65,2.3711,0.69,14.4709,2.5074,1.0569,815517.3909,566246.868
300638.SZ,20240905,10.92,2.7822,0.72,14.8378,2.5709,1.0837,836192.4797,580602.4224
300638.SZ,20240904,10.72,2.1664,0.54,14.5661,2.5239,1.0639,820877.5991,569968.6784
300638.SZ,20240903,10.83,3.0443,0.78,14.7155,2.5498,1.0748,829300.7834,575817.2376
300638.SZ,20240902,10.56,4.2206,1.2,14.3487,2.4862,1.048,808625.6946,561461.6832
300638.SZ,20240830,11.13,5.0522,1.69,15.1232,2.6204,1.1046,852273.1043,591767.8536
300638.SZ,20240829,10.84,4.8381,1.91,14.7291,2.5521,1.0758,830066.5274,576348.9248
300638.SZ,20240828,10.82,2.9217,1.25,14.7019,2.7295,1.0738,828535.0394,575425.0072
300638.SZ,20240827,10.72,2.4887,1.05,14.5661,2.7043,1.0639,820877.5991,570106.8463
300638.SZ,20240826,10.99,2.2289,0.86,14.9329,2.7724,1.0907,841552.6879,584465.8807
300638.SZ,20240823,11.12,2.448,0.91,15.1096,2.8052,1.1036,851507.3602,591379.4899
300638.SZ,20240822,11.05,2.5671,0.94,15.0145,2.7875,1.0966,846147.152,587656.7772
300638.SZ,20240821,11.31,1.9715,0.73,15.3677,2.8531,1.1224,866056.4968,601483.9955
300638.SZ,20240820,11.36,2.619,1.0,15.4357,2.8657,1.1274,869885.2169,604143.076
300638.SZ,20240819,11.67,3.3166,1.27,15.8569,2.9439,1.1582,893623.2818,620629.3747
300638.SZ,20240816,11.58,2.9701,1.13,15.7346,2.9212,1.1492,886731.5856,615843.0299
300638.SZ,20240815,11.54,2.8139,1.01,15.6803,2.9111,1.1453,883668.6095,613715.7656
300638.SZ,20240814,11.46,1.7002,0.53,15.5716,2.891,1.1373,877542.6572,609461.2368
300638.SZ,20240813,11.55,2.3158,0.65,15.6938,2.9137,1.1463,884434.3535,614247.5816
300638.SZ,20240812,11.47,3.3001,0.83,15.5851,2.8935,1.1383,878308.4013,609993.0529
300638.SZ,20240809,11.75,3.0068,0.65,15.9656,2.9641,1.1661,899749.2341,624883.9034
300638.SZ,20240808,11.9,3.5884,0.63,16.1694,3.002,1.181,911235.3945,632861.1447
300638.SZ,20240807,12.12,3.7806,0.55,16.4683,3.0575,1.2028,928081.7631,644561.0987
300638.SZ,20240806,12.06,4.1362,0.54,16.3868,3.0423,1.1969,923487.299,641370.2021
300638.SZ,20240805,11.77,5.3575,0.54,15.9928,2.9692,1.1681,901280.7221,625947.5356
300638.SZ,20240802,12.26,6.2273,0.67,16.6586,3.0928,1.2167,938802.1796,652006.5239
300638.SZ,20240801,12.83,8.8434,1.09,17.4331,3.2366,1.2733,982449.5892,682320.0409
300638.SZ,20240731,12.45,9.6671,1.39,16.9167,3.1407,1.2356,953351.3161,662111.0296
300638.SZ,20240730,11.95,8.4657,1.39,16.2374,3.0146,1.186,915064.1147,635520.2252
300638.SZ,20240729,12.12,16.3414,4.78,16.4683,3.0575,1.2028,928081.7631,644561.0987
300638.SZ,20240726,15.07,2.8106,0.79,20.4767,3.8016,1.4956,1153976.2517,801446.8446
300638.SZ,20240725,14.87,3.2667,0.85,20.205,3.7512,1.4757,1138661.3711,790810.5229
300638.SZ,20240724,15.2,3.9354,1.05,20.6534,3.8344,1.5085,1163930.9241,808360.4538
300638.SZ,20240723,15.55,4.0875,1.05,21.1289,3.9227,1.5432,1190731.9651,826974.0168
300638.SZ,20240722,16.18,3.0082,0.77,21.985,4.0817,1.6058,1238973.8389,860478.4304
300638.SZ,20240719,16.39,3.3877,0.85,22.2703,4.1346,1.6266,1255054.4635,871646.5682
300638.SZ,20240718,16.3,4.7314,1.12,22.148,4.1119,1.6177,1248162.7673,866860.2234
300638.SZ,20240717,16.8,3.5556,0.73,22.8274,4.2381,1.6673,1286449.9687,893451.0278
300638.SZ,20240716,17.35,4.7105,0.94,23.5747,4.3768,1.7219,1328565.8903,922700.9127
300638.SZ,20240715,16.85,3.1276,0.61,22.8953,4.2507,1.6722,1290278.6889,896110.1083
300638.SZ,20240712,17.22,3.7151,0.73,23.3981,4.344,1.709,1318611.2179,915787.3035
300638.SZ,20240711,17.37,6.0023,1.28,23.6019,4.3818,1.7239,1330097.3784,923764.5449
300638.SZ,20240710,17.06,6.926,1.83,23.1807,4.3036,1.6931,1306359.3135,907278.2461
300638.SZ,20240709,16.54,5.3784,1.5,22.4741,4.1725,1.6415,1266540.624,879623.8096
300638.SZ,20240708,15.45,3.4498,0.91,20.9931,3.8975,1.5333,1183074.5248,821655.856
300638.SZ,20240705,16.02,3.5388,0.81,21.7676,4.0413,1.5899,1226721.9345,851969.373
300638.SZ,20240704,15.95,4.185,1.03,21.6725,4.0236,1.5829,1221361.7263,848246.6604
300638.SZ,20240703,16.37,2.3968,0.57,22.2431,4.1296,1.6246,1253522.9755,870582.9361
300638.SZ,20240702,16.46,4.3837,1.1,22.3654,4.1523,1.6335,1260414.6717,875369.2808
300638.SZ,20240701,17.1,4.4825,1.17,23.235,4.3137,1.6971,1309422.2896,909405.5105
300638.SZ,20240628,17.1,6.4386,1.98,23.235,4.3137,1.6971,1309422.2896,909405.5105
300638.SZ,20240627,16.24,2.5899,0.73,22.0665,4.0968,1.6117,1243568.3031,863669.3269
300638.SZ,20240626,16.61,3.1708,0.8,22.5692,4.1901,1.6484,1271900.8322,883346.5222
300638.SZ,20240625,15.99,3.1742,0.73,21.7268,4.0337,1.5869,1224424.7024,850373.9247
300638.SZ,20240624,16.33,3.7492,0.85,22.1888,4.1195,1.6206,1250459.9994,868455.6717
300638.SZ,20240621,17.21,3.5736,0.81,23.3845,4.3415,1.708,1317845.4739,913742.8816
300638.SZ,20240620,16.96,4.0105,0.88,23.0448,4.2784,1.6832,1298701.8732,900469.4522
300638.SZ,20240619,17.31,5.2389,1.27,23.5204,4.3667,1.7179,1325502.9142,919052.2534
300638.SZ,20240618,17.69,5.3325,1.46,24.0367,4.4626,1.7556,1354601.1873,939227.8661
300638.SZ,20240617,17.28,4.0651,1.1,23.4796,4.3591,1.7149,1323205.6821,917459.4419
300638.SZ,20240614,17.02,3.2839,0.83,23.1263,4.2936,1.6891,1303296.3374,903655.0753
300638.SZ,20240613,16.9,4.9956,1.22,22.9633,4.2633,1.6772,1294107.409,897283.8291
300638.SZ,20240612,16.49,2.9828,0.7,22.4062,4.1599,1.6365,1262711.9038,875515.4049
300638.SZ,20240611,16.34,2.8792,0.65,22.2024,4.122,1.6216,1251225.7434,867551.3472
300638.SZ,20240607,16.1,4.2578,0.93,21.8763,4.0615,1.5978,1232847.8867,854808.855
300638.SZ,20240606,16.41,4.6991,1.16,22.2975,4.1397,1.6286,1256585.9516,871267.9075
300638.SZ,20240605,16.73,5.7232,1.73,22.7323,4.2204,1.6603,1281089.7605,888257.8971
300638.SZ,20240604,16.63,3.659,1.11,22.5964,4.1952,1.6504,1273432.3202,882948.5254
300638.SZ,20240603,16.72,3.7551,1.22,22.7187,4.2179,1.6593,1280324.0165,887726.9599
300638.SZ,20240531,16.56,5.1354,1.79,22.5013,4.1775,1.6435,1268072.112,879231.9651
300638.SZ,20240530,15.95,1.9969,0.62,21.6725,4.0236,1.5829,1221361.7263,846844.7973
300638.SZ,20240529,15.88,2.0388,0.57,21.5773,4.006,1.576,1216001.5181,843128.2371
300638.SZ,20240528,15.82,3.4918,1.01,21.4958,3.9908,1.57,1211407.0539,839942.614
300638.SZ,20240527,16.45,2.7449,0.76,22.3518,4.1498,1.6326,1259648.9277,873391.6562
300638.SZ,20240524,16.29,4.0804,1.24,22.1344,4.1094,1.6167,1247397.0232,864896.6613
300638.SZ,20240523,16.82,3.6725,1.21,22.8546,4.2431,1.6693,1287981.4568,893036.3317
300638.SZ,20240522,17.34,3.8603,1.37,23.5611,4.3743,1.7209,1327800.1463,920645.0649
300638.SZ,20240521,17.05,2.8589,1.02,23.1671,4.3011,1.6921,1305593.5694,905247.8868
300638.SZ,20240520,17.27,3.4879,1.24,23.466,4.3566,1.7139,1322439.9381,916928.5047
300638.SZ,20240517,17.01,2.5308,0.72,23.1128,4.291,1.6881,1302530.5933,903124.1381
300638.SZ,20240516,16.87,2.4163,0.63,22.9225,4.2557,1.6742,1291810.1769,895691.0176
300638.SZ,20240515,16.73,2.7586,0.66,22.7323,4.2204,1.6603,1281089.7605,888257.8971
300638.SZ,20240514,17.0,2.796,0.61,23.0992,4.2885,1.6871,1301764.8493,902593.2009
300638.SZ,20240513,17.07,3.5144,0.66,23.1943,4.3062,1.6941,1307125.0575,906309.7611
300638.SZ,20240510,17.18,6.1138,1.17,23.3437,4.3339,1.705,1315548.2418,912150.0701
300638.SZ,20240509,17.08,3.9435,0.61,23.2079,4.3087,1.6951,1307890.8015,906840.6983
300638.SZ,20240508,17.05,4.5789,0.71,23.1671,4.3011,1.6921,1305593.5694,905247.8868
300638.SZ,20240507,17.6,4.6713,0.78,23.9144,4.4399,1.7467,1347709.491,934449.4315
300638.SZ,20240506,17.84,7.3589,1.44,24.2405,4.5004,1.7705,1366087.3477,947191.9238
300638.SZ,20240430,17.33,5.6215,1.26,23.5476,4.3718,1.7199,1327034.4023,920114.1277
300638.SZ,20240429,17.3,10.2027,3.59,23.5068,4.6604,1.7169,1324737.1702,918521.3162
300638.SZ,20240426,16.23,4.1764,1.65,22.0529,3.9675,1.6107,1242802.5591,861711.0383
300638.SZ,20240425,15.69,2.5424,0.94,21.3192,3.8355,1.5571,1201452.3815,833040.4307
300638.SZ,20240424,15.72,2.9422,1.05,21.3599,3.8428,1.5601,1203749.6136,834633.2422
300638.SZ,20240423,15.29,2.4542,0.8,20.7757,3.7377,1.5174,1170822.6203,811802.9436
300638.SZ,20240422,15.15,2.1103,0.63,20.5854,3.7034,1.5035,1160102.2039,804369.8232
300638.SZ,20240419,15.13,2.5693,0.74,20.5583,3.6986,1.5016,1158570.7159,803307.9488
300638.SZ,20240418,15.46,3.4523,1.03,21.0067,3.7792,1.5343,1183840.2688,820828.8756
300638.SZ,20240417,15.38,3.3775,1.02,20.8979,3.7597,1.5264,1177714.3166,816581.3782
300638.SZ,20240416,14.41,3.8875,1.21,19.5799,3.5226,1.4301,1103437.1458,765080.4721
300638.SZ,20240415,15.4,3.5896,1.07,20.9251,3.7646,1.5283,1179245.8047,817643.2526
300638.SZ,20240412,15.38,3.1075,0.79,20.8996,3.7593,1.5265,1177809.2958,816581.3782
300638.SZ,20240411,15.51,2.7507,0.61,21.0763,3.791,1.5394,1187764.771,823483.5615
300638.SZ,20240410,15.4,3.2874,0.6,20.9268,3.7642,1.5285,1179340.9074,817643.2526
300638.SZ,20240409,15.99,3.3449,0.54,21.7286,3.9084,1.587,1224523.4486,848968.546
300638.SZ,20240408,15.55,4.225,0.71,21.1306,3.8008,1.5434,1190827.9941,825607.3102
300638.SZ,20240403,16.19,5.9971,1.08,22.0003,3.9573,1.6069,1239839.5643,859587.2896
300638.SZ,20240402,17.24,5.6931,1.09,23.4272,4.2139,1.7111,1320249.1716,915335.6931
300638.SZ,20240401,17.9,7.9249,1.92,24.324,4.3752,1.7766,1370792.3534,950377.5468
300638.SZ,20240329,17.31,7.3091,2.27,23.5223,4.231,1.718,1325609.8121,919052.2534
300638.SZ,20240328,15.5,3.0113,0.93,21.0627,3.7886,1.5384,1186998.9652,822952.6244
300638.SZ,20240327,15.15,3.7251,1.24,20.5871,3.7031,1.5037,1160195.7628,804369.8232
300638.SZ,20240326,16.22,4.056,1.35,22.0411,3.9646,1.6099,1242136.9816,861180.1011
300638.SZ,20240325,16.72,2.5408,0.81,35.1321,4.1956,2.2677,1280427.2708,887726.9599
300638.SZ,20240322,17.31,2.7499,0.9,36.3718,4.3437,2.3477,1325609.8121,919052.2534
300638.SZ,20240321,17.43,3.0803,1.0,36.6239,4.3738,2.364,1334799.4815,925423.4995
300638.SZ,20240320,17.43,2.5597,0.79,36.6239,4.3738,2.364,1334799.4815,925423.4995
300638.SZ,20240319,17.47,4.0958,1.34,36.708,4.3838,2.3694,1337862.7046,927547.2482
300638.SZ,20240318,17.35,3.1198,1.03,36.4558,4.3537,2.3531,1328673.0352,921176.0021
300638.SZ,20240315,17.1,2.3812,0.71,35.9305,4.291,2.3192,1309527.8906,907902.5727
300638.SZ,20240314,16.88,3.3131,0.98,35.4682,4.2358,2.2894,1292680.1634,896221.9548
300638.SZ,20240313,17.24,3.2307,0.99,36.2247,4.3261,2.3382,1320249.1716,915335.6931
300638.SZ,20240312,17.14,3.2685,0.98,36.0146,4.301,2.3246,1312591.1138,910026.3214
300638.SZ,20240311,17.13,3.0215,0.79,35.9935,4.2985,2.3233,1311825.308,909495.3842
300638.SZ,20240308,17.16,4.009,0.93,36.0566,4.306,2.3274,1314122.7253,911088.1957
300638.SZ,20240307,16.35,3.3747,0.78,34.3546,4.1028,2.2175,1252092.4568,868082.2844
300638.SZ,20240306,16.69,2.5963,0.54,35.069,4.1881,2.2636,1278129.8535,886134.1484
300638.SZ,20240305,16.73,3.6256,0.74,35.1531,4.1981,2.269,1281193.0766,888257.8971
300638.SZ,20240304,17.1,5.4724,1.23,35.9305,4.291,2.3192,1309527.8906,907902.5727
300638.SZ,20240301,17.26,6.4903,1.7,36.2667,4.3311,2.3409,1321780.7832,916397.5675
300638.SZ,20240229,16.36,3.4768,0.94,34.3756,4.1053,2.2189,1252858.2626,868613.2216
300638.SZ,20240228,15.55,5.0195,1.5,32.6737,3.902,2.109,1190827.9941,825607.3102
300638.SZ,20240227,16.78,4.0692,1.34,35.2581,4.2107,2.2758,1285022.1056,890912.583
300638.SZ,20240226,15.85,3.171,0.97,33.304,3.9773,2.1497,1213802.1676,841535.4255
300638.SZ,20240223,16.0,3.306,0.95,33.6192,4.015,2.17,1225289.2544,849499.4832
300638.SZ,20240222,15.65,3.0176,0.82,32.8838,3.9271,2.1226,1198486.052,830916.682
300638.SZ,20240221,15.11,3.2168,0.84,31.7491,3.7916,2.0493,1157132.5396,802246.0744
300638.SZ,20240220,15.12,2.4824,0.59,31.7701,3.7941,2.0507,1157898.3454,802777.0116
300638.SZ,20240219,15.22,4.3267,1.07,31.9803,3.8192,2.0642,1165556.4032,808086.3834
300638.SZ,20240208,14.92,4.3564,1.2,31.3499,3.7439,2.0236,1142582.2297,792158.2681
300638.SZ,20240207,14.02,4.1026,1.28,29.4588,3.5181,1.9015,1073659.7092,744373.9222
300638.SZ,20240206,13.3,3.9735,1.4,27.946,3.3374,1.8038,1018521.6927,706146.4454
300638.SZ,20240205,12.06,4.2465,1.74,25.3405,3.0263,1.6357,923561.7755,640310.2355
300638.SZ,20240202,13.12,3.4995,1.64,27.5677,3.2923,1.7794,1004737.1886,696589.5762
300638.SZ,20240201,13.7,2.3352,1.06,28.7864,3.4378,1.8581,1049153.9241,727383.9325
300638.SZ,20240131,13.77,2.0321,0.86,28.9335,3.4554,1.8676,1054514.5646,731100.4927
300638.SZ,20240130,14.46,2.0694,0.88,30.3833,3.6285,1.9612,1107355.1637,767735.1579
300638.SZ,20240129,14.66,2.2525,0.97,30.8036,3.6787,1.9883,1122671.2793,778353.9015
300638.SZ,20240126,15.26,2.0016,0.92,32.0643,3.8293,2.0697,1168619.6264,810210.1321
300638.SZ,20240125,15.9,2.6736,1.31,33.4091,3.9899,2.1565,1217631.1966,844190.1114
300638.SZ,20240124,15.23,2.8287,1.57,32.0013,3.8217,2.0656,1166322.209,796608.5082
300638.SZ,20240123,15.33,2.0183,0.99,32.2114,3.8468,2.0792,1173980.2669,801839.0303
300638.SZ,20240122,15.22,2.2655,0.95,31.9803,3.8192,2.0642,1165556.4032,765128.425
300638.SZ,20240119,16.15,1.3452,0.56,33.9344,4.0526,2.1904,1236776.3412,811880.6875
300638.SZ,20240118,16.4,2.0997,0.92,34.4597,4.1153,2.2243,1255921.4858,824448.5
300638.SZ,20240117,16.21,1.5723,0.69,34.0604,4.0676,2.1985,1241371.1759,814896.9625
300638.SZ,20240116,16.69,3.3591,1.66,35.069,4.1881,2.2636,1278129.8535,839027.1625
300638.SZ,20240115,17.13,3.5619,2.19,35.9935,4.2985,2.3233,1311825.308,861146.5125
300638.SZ,20240112,16.7,1.3718,0.75,35.09,4.1906,2.265,1278895.6593,839529.875
300638.SZ,20240111,16.98,1.4972,0.83,35.6784,4.2609,2.3029,1300338.2212,853605.825
300638.SZ,20240110,16.65,1.5328,0.81,34.985,4.1781,2.2582,1275066.6304,837016.3125
300638.SZ,20240109,16.81,2.1473,1.18,35.3212,4.2182,2.2799,1287319.5229,845059.7125
300638.SZ,20240108,17.02,1.5955,0.81,35.7624,4.2709,2.3084,1303401.4444,855616.675
300638.SZ,20240105,17.46,2.3296,0.96,36.6869,4.3813,2.368,1337096.8989,877736.025
300638.SZ,20240104,18.05,1.3676,0.58,37.9267,4.5294,2.4481,1382279.4401,907396.0625
300638.SZ,20240103,18.04,2.0421,0.93,37.9056,4.5269,2.4467,1381513.6343,906893.35
300638.SZ,20240102,18.75,1.7512,0.85,39.3975,4.705,2.543,1435885.845,942585.9375
300638.SZ,20231229,19.03,2.4129,1.29,39.9858,4.7753,2.581,1457328.407,956661.8875
300638.SZ,20231228,18.19,4.5236,3.45,38.2208,4.5645,2.4671,1393000.7211,914434.0375
300638.SZ,20231227,18.68,1.1239,0.88,39.2504,4.6875,2.5335,1430525.2045,939066.95
300638.SZ,20231226,18.47,1.2218,0.96,38.8092,4.6348,2.505,1414443.283,928509.9875
300638.SZ,20231225,18.97,0.9969,0.76,39.8598,4.7602,2.5728,1452733.5722,953645.6125
300638.SZ,20231222,18.84,1.483,1.14,39.5866,4.7276,2.5552,1442778.0971,947110.35
300638.SZ,20231221,19.26,1.7306,1.47,40.4691,4.833,2.6122,1474941.94,968224.275
300638.SZ,20231220,19.3,0.9859,0.77,40.5532,4.843,2.6176,1478005.1631,970235.125
300638.SZ,20231219,19.67,1.18,0.77,41.3306,4.9359,2.6678,1506339.9771,988835.4875
300638.SZ,20231218,19.57,1.1859,0.68,41.1205,4.9108,2.6542,1498681.9193,983808.3625
300638.SZ,20231215,19.83,1.4007,0.74,41.6668,4.976,2.6895,1518592.8697,996878.8875
300638.SZ,20231214,20.2,1.1533,0.59,42.4442,5.0689,2.7397,1546927.6837,1015479.25
300638.SZ,20231213,20.42,1.519,0.77,42.9065,5.1241,2.7695,1563775.4109,1026538.925
300638.SZ,20231212,20.64,2.4304,1.26,43.3688,5.1793,2.7993,1580623.1382,1037598.6
300638.SZ,20231211,20.36,2.2602,1.2,42.7804,5.109,2.7614,1559180.5762,1023522.65
300638.SZ,20231208,20.03,2.1257,1.14,42.087,5.0262,2.7166,1533908.9854,1006933.1375
300638.SZ,20231207,19.64,1.3787,0.73,41.3662,4.9138,2.6701,1507636.8722,987327.35
300638.SZ,20231206,19.45,1.6706,0.87,40.966,4.8663,2.6442,1493051.7905,977775.8125
300638.SZ,20231205,19.43,2.1716,1.06,40.9239,4.8613,2.6415,1491516.5187,976770.3875
300638.SZ,20231204,20.38,2.0787,0.95,42.9248,5.099,2.7707,1564441.9275,1024528.075
300638.SZ,20231201,20.42,2.0535,0.95,43.009,5.109,2.7761,1567512.471,1026538.925
300638.SZ,20231130,19.92,1.428,0.64,41.9559,4.9839,2.7081,1529130.6769,1001403.3
300638.SZ,20231129,20.17,1.9056,0.75,42.4825,5.0464,2.7421,1548321.574,1013971.1125
300638.SZ,20231128,20.27,2.8787,1.09,42.6931,5.0715,2.7557,1555997.9328,998637.8941
300638.SZ,20231127,19.95,2.7663,1.12,42.0191,4.9914,2.7122,1531433.5846,982872.5204
300638.SZ,20231124,19.86,2.0095,0.86,41.8295,4.9689,2.7,1524524.8617,978438.509
300638.SZ,20231123,20.29,1.8109,0.8,42.7352,5.0765,2.7584,1557533.2046,999623.23
300638.SZ,20231122,20.0,3.5419,1.82,42.1244,5.0039,2.719,1535271.764,985335.86
300638.SZ,20231121,20.85,3.0474,1.69,43.9147,5.2166,2.8346,1600520.814,1027212.6341
300638.SZ,20231120,21.49,1.9783,1.08,45.2627,5.3767,2.9216,1649649.5104,1058743.3816
300638.SZ,20231117,21.69,1.3429,0.74,45.6839,5.4267,2.9488,1665002.2281,1068596.7402
300638.SZ,20231116,21.62,1.4155,0.75,45.5365,5.4092,2.9393,1659628.7769,1065148.0647
300638.SZ,20231115,21.92,1.9323,0.9,46.1684,5.4843,2.98,1682657.8533,1079928.1026
300638.SZ,20231114,21.9,2.3311,0.97,46.1262,5.4793,2.9773,1681122.5816,1078942.7667
300638.SZ,20231113,21.39,2.0961,0.78,45.0521,5.3517,2.908,1641973.1516,1053816.7023
300638.SZ,20231110,21.2,1.2906,0.41,44.6519,5.3041,2.8822,1627388.0698,1044456.0116
300638.SZ,20231109,21.36,1.7999,0.53,44.9889,5.3442,2.9039,1639670.244,1052338.6985
300638.SZ,20231108,21.57,3.2643,1.02,45.4312,5.3967,2.9325,1655790.5975,1062684.725
300638.SZ,20231107,21.6,3.5391,1.05,45.4944,5.4042,2.9365,1658093.5051,1064162.7288
300638.SZ,20231106,21.3,3.544,0.81,44.8625,5.3292,2.8958,1635064.4287,1049382.6909
300638.SZ,20231103,20.92,3.6026,0.87,44.0621,5.2341,2.8441,1605894.2651,1030661.3096
300638.SZ,20231102,20.2,3.043,0.72,42.5457,5.0539,2.7462,1550624.4816,995189.2186
300638.SZ,20231101,20.52,2.299,0.54,43.2197,5.134,2.7897,1575188.8299,1010954.5924
300638.SZ,20231031,20.75,4.3859,1.18,43.7041,5.1916,2.821,1592844.4552,1022285.9548
300638.SZ,20231030,21.06,8.4681,3.69,44.357,5.2691,2.8631,1616641.1675,1037558.6606
300638.SZ,20231027,19.06,2.542,1.2,40.1446,5.1121,2.5912,1463113.9911,939025.0746
300638.SZ,20231026,18.86,3.4892,2.09,39.7233,5.0585,2.564,1447761.2735,929171.716
300638.SZ,20231025,18.14,2.4603,1.69,38.2068,4.8653,2.4662,1392491.4899,893699.625
300638.SZ,20231024,17.96,1.5715,1.13,37.8277,4.8171,2.4417,1378674.0441,884831.6023
300638.SZ,20231023,17.88,1.4212,1.03,37.6592,4.7956,2.4308,1372532.957,880890.2588
300638.SZ,20231020,18.21,1.6828,1.25,38.3543,4.8841,2.4757,1397864.9411,897148.3005
300638.SZ,20231019,19.04,1.2304,0.9,40.1024,5.1067,2.5885,1461578.7193,938039.7387
300638.SZ,20231018,19.22,1.3915,0.88,40.4816,5.155,2.613,1475396.1652,946907.7615
300638.SZ,20231017,19.6,1.2009,0.74,41.2819,5.2569,2.6646,1504566.3287,965629.1428
300638.SZ,20231016,19.83,1.3824,0.84,41.7664,5.3186,2.6959,1522221.954,976960.5052
300638.SZ,20231013,20.16,1.5503,0.91,42.4614,5.4071,2.7408,1547553.9381,993218.5469
300638.SZ,20231012,20.12,1.2844,0.74,42.3772,5.3964,2.7353,1544483.3946,991247.8752
300638.SZ,20231011,20.17,2.4828,1.67,42.4825,5.4098,2.7421,1548321.574,993711.2148
300638.SZ,20231010,19.81,1.4034,0.95,41.7242,5.3133,2.6932,1520686.6822,975975.1693
300638.SZ,20231009,19.71,1.4943,0.96,41.5136,5.2864,2.6796,1513010.3234,971048.49
300638.SZ,20230928,19.57,1.8739,1.29,41.2187,5.2489,2.6606,1502263.4211,964151.139
300638.SZ,20230927,19.06,1.4082,0.95,40.1446,5.1121,2.5912,1463113.9911,939025.0746
300638.SZ,20230926,19.1,1.2752,0.83,40.2288,5.1228,2.5967,1466184.5346,940995.7463
300638.SZ,20230925,19.16,1.3076,0.82,40.3552,5.1389,2.6048,1470790.3499,943951.7539
300638.SZ,20230922,19.36,1.9177,1.18,40.7764,5.1926,2.632,1486143.0676,953805.1125
300638.SZ,20230921,18.75,1.3824,0.71,39.4916,5.0289,2.5491,1439317.2788,923752.3688
300638.SZ,20230920,18.56,1.4929,0.73,39.0915,4.978,2.5233,1424732.197,914391.6781
300638.SZ,20230919,18.55,1.5727,0.76,38.9655,5.002,2.5151,1420140.2931,913899.0102
300638.SZ,20230918,18.96,1.6503,0.72,39.8267,5.1126,2.5707,1451528.8387,934098.3953
300638.SZ,20230915,19.23,2.0006,0.86,40.3939,5.1854,2.6073,1472199.3443,947400.4294
300638.SZ,20230914,19.57,2.9973,1.49,41.108,5.2771,2.6534,1498228.8699,964151.139
300638.SZ,20230913,19.51,2.0428,1.05,40.982,5.2609,2.6453,1493635.4242,961195.1314
300638.SZ,20230912,19.99,1.631,0.85,41.9903,5.3903,2.7104,1530382.9897,984843.1921
300638.SZ,20230911,20.14,2.8605,1.69,42.3054,5.4308,2.7307,1541866.6039,992233.211
300638.SZ,20230908,20.26,2.1147,1.38,42.5574,5.4632,2.747,1551053.4953,998145.2262
300638.SZ,20230907,19.81,1.3957,0.87,41.6122,5.3418,2.686,1516602.6526,975975.1693
300638.SZ,20230906,20.27,1.7332,0.93,42.5784,5.4658,2.7483,1551819.0696,998637.8941
300638.SZ,20230905,20.06,1.4765,0.7,42.1373,5.4092,2.7199,1535742.0097,988291.8676
300638.SZ,20230904,20.32,1.7186,0.77,42.6835,5.4793,2.7551,1555646.941,1001101.2338
300638.SZ,20230901,20.16,1.3248,0.58,42.3474,5.4362,2.7334,1543397.7525,993218.5469
300638.SZ,20230831,20.48,1.7246,0.73,43.0196,5.5225,2.7768,1567896.1295,1008983.9206
300638.SZ,20230830,20.38,3.08,1.41,42.8095,5.4955,2.7632,1560240.3867,1004057.2413
300638.SZ,20230829,19.76,2.735,1.34,41.5072,5.3283,2.6792,1512774.7812,973511.8297
300638.SZ,20230828,18.69,2.2995,1.24,39.2595,5.0398,2.5341,1430858.3331,920796.3612
300638.SZ,20230825,18.55,1.6151,0.84,38.9655,5.002,2.5151,1420140.2931,913899.0102
300638.SZ,20230824,19.15,2.0627,1.13,40.2258,5.1638,2.5965,1466074.75,943459.086
300638.SZ,20230823,18.9,2.1842,1.27,39.7007,5.0964,2.5626,1446935.393,931142.3877
300638.SZ,20230822,19.58,2.0461,1.26,41.1291,5.2798,2.6548,1498994.4442,964643.8069
300638.SZ,20230821,18.94,1.3444,0.65,39.7847,5.1072,2.568,1449997.6901,933113.0594
300638.SZ,20230818,19.09,1.9573,0.91,40.0998,5.1477,2.5883,1461481.3043,940503.0784
300638.SZ,20230817,19.69,1.6158,0.65,41.3601,5.3095,2.6697,1507415.7613,970063.1542
300638.SZ,20230816,19.39,1.6074,0.62,40.7299,5.2286,2.629,1484448.5328,955283.1163
300638.SZ,20230815,19.98,1.6125,0.53,41.9693,5.3876,2.709,1529617.4154,984350.5241
300638.SZ,20230814,20.32,3.6245,1.17,42.6835,5.4793,2.7551,1555646.941,1001101.2338
300638.SZ,20230811,20.79,2.2572,0.64,43.6707,5.6061,2.8188,1591628.9323,1024256.6265
300638.SZ,20230810,21.51,3.362,1.02,45.1831,5.8002,2.9165,1646750.2806,1059728.7174
300638.SZ,20230809,22.32,2.0187,0.58,46.8846,6.0186,3.0263,1708761.7974,1099634.8198
300638.SZ,20230808,22.78,3.9291,1.24,47.8509,6.1427,3.0886,1743978.2144,1122297.5445
300638.SZ,20230807,22.16,3.9588,1.36,46.5485,5.9755,3.0046,1696512.6089,1091752.1329
300638.SZ,20230804,22.91,4.3788,1.9,48.1239,6.5952,3.1063,1753930.6801,1128792.7611
300638.SZ,20230803,22.01,2.118,0.98,46.2334,6.3361,2.9842,1685028.9947,1084449.0908
300638.SZ,20230802,21.75,3.0998,1.7,45.6873,6.2612,2.949,1665124.0634,1071638.6972
300638.SZ,20230801,21.08,2.3282,1.32,44.2799,6.0684,2.8582,1613830.5865,1038627.2983
300638.SZ,20230731,21.0,2.6126,1.45,44.1119,6.0453,2.8473,1607705.9922,1034685.6387
300638.SZ,20230728,21.54,1.364,0.71,45.2462,6.2008,2.9205,1649047.0034,1061291.8408
300638.SZ,20230727,21.24,1.3743,0.66,44.616,6.1144,2.8798,1626079.775,1046510.6174
300638.SZ,20230726,21.66,1.4533,0.68,45.4982,6.2353,2.9368,1658233.8948,1067204.3302
300638.SZ,20230725,21.99,1.9849,0.94,46.1914,6.3303,2.9815,1683497.8461,1083463.676
300638.SZ,20230724,21.85,2.8621,1.44,45.4246,6.6387,2.932,1655551.1424,1076565.7717
300638.SZ,20230721,21.33,1.936,0.92,44.3436,6.4807,2.8623,1616151.2982,1050944.9845
300638.SZ,20230720,21.08,2.2248,0.88,43.8238,6.4048,2.8287,1597209.0655,1038627.2983
300638.SZ,20230719,21.77,1.675,0.57,45.2583,6.6144,2.9213,1649489.6279,1072624.1121
300638.SZ,20230718,21.9,1.8655,0.51,45.5286,6.6539,2.9387,1659339.5889,1079029.3089
300638.SZ,20230717,22.5,2.2531,0.61,46.7759,6.8362,3.0193,1704800.9475,1108591.7558
300638.SZ,20230714,22.6,2.5119,0.66,46.9838,6.8666,3.0327,1712377.8406,1113518.8302
300638.SZ,20230713,22.48,4.2648,1.22,46.7343,6.8301,3.0166,1703285.5689,1107606.3409
300638.SZ,20230712,22.94,3.7516,1.05,47.6906,6.9699,3.0783,1738139.2771,1130270.8834
300638.SZ,20230711,23.75,5.6523,1.86,49.3746,7.216,3.187,1799512.1113,1170180.1866
300638.SZ,20230710,22.71,2.3626,0.73,47.2125,6.9,3.0474,1720712.423,1118938.6121
300638.SZ,20230707,22.38,2.9375,0.84,46.5264,6.7998,3.0032,1695708.6758,1102679.2664
300638.SZ,20230706,22.87,2.7477,0.78,47.5451,6.9486,3.0689,1732835.452,1126821.9313
300638.SZ,20230705,22.7,4.2096,1.21,47.1917,6.897,3.0461,1719954.7337,1118445.9047
300638.SZ,20230704,22.71,2.9111,0.84,47.2125,6.9,3.0474,1720712.423,1118938.6121
300638.SZ,20230703,22.52,3.4355,0.96,46.8175,6.8423,3.0219,1706316.3261,1109577.1684
300638.SZ,20230630,22.68,4.2022,1.17,47.1501,6.8909,3.0434,1718439.3551,1117460.4875
300638.SZ,20230629,21.74,2.8645,0.73,45.1959,6.6053,2.9173,1647216.5599,1071145.9876
300638.SZ,20230628,21.61,3.9961,0.85,44.9257,6.5658,2.8998,1637366.5989,1064740.7908
300638.SZ,20230627,22.42,2.7902,0.55,46.6096,6.8119,3.0085,1698739.433,1104650.0939
300638.SZ,20230626,22.16,4.0356,0.75,46.0691,6.7329,2.9736,1679039.511,1091839.7003
300638.SZ,20230621,22.98,4.2015,0.69,47.7738,6.9821,3.0837,1741170.0344,1132241.7109
300638.SZ,20230620,23.8,4.603,0.74,49.4785,7.2312,3.1937,1803300.5578,1172643.7215
300638.SZ,20230619,24.5,7.8691,1.36,50.9338,7.4439,3.2876,1856338.8095,1207133.2427
300638.SZ,20230616,23.19,4.6574,0.76,48.2104,7.0459,3.1119,1757081.5099,1142588.5673
300638.SZ,20230615,22.87,5.534,0.88,47.5451,6.9486,3.0689,1732835.452,1126821.929
300638.SZ,20230614,23.05,7.9238,1.37,47.9193,7.0033,3.0931,1746473.8596,1135690.663
300638.SZ,20230613,24.11,5.2012,0.81,50.123,7.3254,3.2353,1826788.9264,1187917.6523
300638.SZ,20230612,23.98,5.7059,0.73,49.8527,7.2859,3.2179,1816938.9654,1181512.4555
300638.SZ,20230609,23.75,6.2629,0.72,49.3746,7.216,3.187,1799512.1113,1170180.1843
300638.SZ,20230608,23.43,6.4531,0.77,48.7093,7.1188,3.1441,1775266.0533,1154413.546
300638.SZ,20230607,23.47,5.2439,0.64,48.7925,7.1309,3.1494,1778296.8106,1156384.3758
300638.SZ,20230606,23.68,8.2645,1.12,49.2291,7.1947,3.1776,1794208.2861,1166731.2321
300638.SZ,20230605,25.08,12.7569,2.09,52.1396,7.6201,3.3655,1900284.7895,1235710.2746
300638.SZ,20230602,23.25,10.6924,2.2,48.3351,7.0641,3.1199,1761627.6458,1145544.812
300638.SZ,20230601,21.79,5.0366,1.13,45.2999,6.6205,2.924,1651005.0065,1073609.5248
300638.SZ,20230531,25.77,4.7299,0.94,44.645,6.3637,2.8817,1627137.7949,1058089.242
300638.SZ,20230530,25.99,5.2666,1.06,45.0262,6.418,2.9063,1641028.7656,1067122.2119
300638.SZ,20230529,26.1,7.6866,1.67,45.2167,6.4452,2.9186,1647974.251,1071638.6968
300638.SZ,20230526,25.59,5.4359,1.01,44.3332,6.3192,2.8616,1615772.4553,1050698.6303
300638.SZ,20230525,24.69,3.563,0.59,42.774,6.097,2.7609,1558945.757,1013745.5718
300638.SZ,20230524,24.72,3.348,0.58,42.826,6.1044,2.7643,1560839.9802,1006804.5178
300638.SZ,20230523,24.68,4.9509,0.95,42.7567,6.0945,2.7598,1558314.3492,1005175.3843
300638.SZ,20230522,26.04,5.794,1.28,45.1187,6.4289,2.9123,1644401.0849,1060565.9241
300638.SZ,20230519,26.01,9.3163,2.78,45.0667,6.4215,2.9089,1642506.6136,1059344.074
300638.SZ,20230518,24.47,7.2088,3.07,42.3984,6.0413,2.7367,1545257.0871,996622.4333
300638.SZ,20230517,22.27,1.5247,0.56,38.5865,5.4981,2.4907,1406329.1921,907020.0895
300638.SZ,20230516,22.12,2.1453,0.67,38.3266,5.4611,2.4739,1396856.8356,900910.8388
300638.SZ,20230515,22.85,2.3659,0.64,39.5915,5.6413,2.5555,1442955.6371,930642.5256
300638.SZ,20230512,22.11,3.515,0.88,38.3093,5.4586,2.4728,1396225.3452,900503.5554
300638.SZ,20230511,23.66,2.1767,0.49,40.9949,5.8413,2.6461,1494106.3621,963632.4794
300638.SZ,20230510,24.3,3.5118,0.72,42.1038,5.9993,2.7177,1534521.7498,989698.6158
300638.SZ,20230509,23.62,4.3634,0.86,40.9256,5.8314,2.6416,1491580.4004,962003.3459
300638.SZ,20230508,25.4,4.95,0.83,44.0098,6.2709,2.8407,1603985.6973,1034499.7877
300638.SZ,20230505,25.18,5.0733,0.87,43.6286,6.2166,2.8161,1590092.9078,1025539.5534
300638.SZ,20230504,23.88,4.4928,0.83,41.3761,5.8956,2.6707,1507999.1516,972592.7138
300638.SZ,20230428,25.1,5.4701,1.07,43.49,6.1968,2.8072,1585040.9843,1022281.2863
300638.SZ,20230427,24.58,5.3602,1.09,42.589,6.0684,2.749,1552203.4819,1001102.5505
300638.SZ,20230426,24.1,9.5949,2.59,41.7573,5.9499,2.6953,1521891.9411,981552.9482
300638.SZ,20230425,22.79,4.0758,1.07,39.4875,5.9343,2.5488,1439166.6945,928198.8253
300638.SZ,20230424,23.25,2.7076,0.7,40.2845,6.0541,2.6003,1468215.2544,946933.8608
300638.SZ,20230421,23.1,3.881,1.03,36.3463,6.1796,3.5498,1458742.8979,940824.6101
300638.SZ,20230420,24.8,4.33,1.13,39.0212,6.6344,3.8111,1566096.2714,1010062.7849
300638.SZ,20230419,24.18,3.5222,0.84,38.0456,6.4685,3.7158,1526943.8646,984811.2153
300638.SZ,20230418,24.39,4.5473,1.1,38.3761,6.5247,3.7481,1540205.1636,993364.1663
300638.SZ,20230417,23.61,2.9586,0.63,37.1488,6.316,3.6282,1490948.91,961596.0625
300638.SZ,20230414,24.53,3.5205,0.68,38.5963,6.5621,3.7696,1549046.0297,999066.1336
300638.SZ,20230413,24.58,4.5392,0.73,38.675,6.5755,3.7773,1552203.4819,1001102.5505
300638.SZ,20230412,25.83,5.485,0.91,40.6418,6.9099,3.9694,1631139.7859,1052012.9731
300638.SZ,20230411,24.95,4.1102,0.67,39.2572,6.6745,3.8341,1575568.6278,1016172.0356
300638.SZ,20230410,25.3,5.807,1.01,39.8079,6.7681,3.8879,1597670.793,1030426.9539
300638.SZ,20230407,26.28,5.9203,1.0,41.3498,7.0303,4.0385,1659556.8553,1070340.7253
300638.SZ,20230406,27.41,9.7275,1.86,43.1278,7.3326,4.2122,1730915.2741,1116363.7473
300638.SZ,20230404,24.39,4.4573,0.74,38.3761,6.5247,3.7481,1540205.1636,993364.1663
300638.SZ,20230403,24.32,4.6528,0.77,38.2659,6.506,3.7373,1535784.7306,990513.1826
300638.SZ,20230331,23.55,4.0497,0.66,37.0544,6.3,3.619,1487159.9674,959152.3623
300638.SZ,20230330,23.38,6.6422,1.18,36.7869,6.2545,3.5929,1476424.63,952228.5448
300638.SZ,20230329,24.51,6.3941,1.32,38.5649,6.5568,3.7665,1547783.0488,998251.5668
300638.SZ,20230328,24.26,8.2695,2.42,38.1715,6.4899,3.7281,1531995.788,988069.4823
300638.SZ,20230327,23.41,4.7424,1.71,36.8341,6.2625,3.5975,1478319.1013,953450.3949
300638.SZ,20230324,23.41,4.4103,1.95,36.8341,6.2625,3.5975,1478319.1013,953450.3949
300638.SZ,20230323,22.9,4.425,2.56,36.0316,6.1261,3.5191,1446113.0893,932678.9425
300638.SZ,20230322,21.66,2.3473,1.56,34.0806,5.7944,3.3286,1367808.2757,882175.8032
300638.SZ,20230321,21.01,1.1907,0.77,33.0578,5.6205,3.2287,1326761.3976,855702.3835
300638.SZ,20230320,20.65,1.4909,0.92,32.4914,5.5242,3.1733,1304027.7421,841040.1818
300638.SZ,20230317,20.54,1.8615,1.17,32.3183,5.4948,3.1564,1297081.3473,836560.0646
300638.SZ,20230316,19.75,1.763,1.1,31.0753,5.2834,3.035,1247193.6032,804384.6775
300638.SZ,20230315,20.59,1.2084,0.72,32.397,5.5081,3.1641,1300238.7995,838596.4815
300638.SZ,20230314,20.9,1.4271,0.67,32.8848,5.5911,3.2118,1319815.0029,851222.2663
300638.SZ,20230313,21.15,1.817,0.83,33.2781,5.6579,3.2502,1335602.2637,861404.3508
300638.SZ,20230310,21.02,1.7096,0.68,33.0736,5.6232,3.2302,1327392.8881,856109.6669
300638.SZ,20230309,21.75,1.8882,0.65,34.2222,5.8185,3.3424,1373491.6896,885841.3537
300638.SZ,20230308,21.42,1.5548,0.48,33.703,5.7302,3.2917,1352652.5053,872401.0021
300638.SZ,20230307,20.98,3.753,1.37,33.0106,5.6125,3.2241,1324866.9263,854480.5333
300638.SZ,20230306,22.26,2.025,0.75,35.0246,5.9549,3.4208,1405697.7016,906612.8061
300638.SZ,20230303,22.62,3.2921,1.45,35.5911,6.0512,3.4761,1428431.3572,921275.0078
300638.SZ,20230302,23.3,3.8554,2.14,36.661,6.2331,3.5806,1471372.7066,948970.2777
300638.SZ,20230301,22.74,3.1718,2.14,35.7799,6.0833,3.4945,1436009.2424,926162.4084
300638.SZ,20230228,21.49,1.391,0.9,33.8131,5.7489,3.3024,1357072.9384,875251.9858
300638.SZ,20230227,21.05,1.7846,1.09,33.1208,5.6312,3.2348,1329287.3594,857331.517
300638.SZ,20230224,21.69,1.1141,0.52,34.1278,5.8024,3.3332,1369702.747,883397.6534
300638.SZ,20230223,21.69,1.5403,0.55,34.1278,5.8024,3.3332,1369702.747,883397.6534
300638.SZ,20230222,22.24,1.5875,0.52,34.9932,5.9495,3.4177,1404434.7208,905798.2393
300638.SZ,20230221,22.71,1.6589,0.53,35.7327,6.0753,3.4899,1434114.7711,924940.5583
300638.SZ,20230220,22.65,2.3125,0.71,35.6383,6.0592,3.4807,1430325.8285,922496.858
300638.SZ,20230217,22.0,3.6803,1.19,34.6155,5.8853,3.3808,1389278.9504,896023.4382
300638.SZ,20230216,23.2,4.8578,1.87,36.5037,6.2063,3.5652,1465057.8022,944897.4439
300638.SZ,20230215,23.3,2.6531,1.1,36.661,6.2331,3.5806,1471372.7066,948970.2777
300638.SZ,20230214,22.45,2.2526,1.01,35.3236,6.0057,3.45,1417696.0198,914351.1903
300638.SZ,20230213,22.53,2.9484,1.54,35.4495,6.0271,3.4623,1422747.9433,917609.4574
300638.SZ,20230210,21.7,2.7094,1.65,34.1435,5.8051,3.3347,1370334.2374,883804.9368
300638.SZ,20230209,21.55,2.4035,1.59,33.9075,5.7649,3.3117,1360861.881,877695.6861
300638.SZ,20230208,20.83,1.7222,1.17,32.7746,5.5723,3.201,1315394.5699,848371.2826
300638.SZ,20230207,21.2,1.3674,0.93,33.3568,5.6713,3.2579,1338759.7158,863440.7677
300638.SZ,20230206,21.31,1.3814,0.86,33.5299,5.7007,3.2748,1345706.1106,867920.8849
300638.SZ,20230203,21.4,1.3284,0.72,33.6715,5.7248,3.2886,1351389.5245,871586.4353
300638.SZ,20230202,21.38,1.7528,0.95,33.64,5.7195,3.2855,1350126.5436,870771.8686
300638.SZ,20230201,21.3,1.5177,0.83,33.5141,5.6981,3.2732,1345074.6202,867513.6015
300638.SZ,20230131,20.89,1.3736,0.57,32.869,5.5884,3.2102,1319183.5124,850814.9829
300638.SZ,20230130,21.07,2.053,0.92,33.1523,5.6365,3.2379,1330550.3402,858146.0838
300638.SZ,20230120,21.05,2.5386,1.26,33.1208,5.6312,3.2348,1329287.3594,857331.517
300638.SZ,20230119,20.81,1.7023,0.86,32.7432,5.567,3.1979,1314131.589,847556.7159
300638.SZ,20230118,20.85,1.5131,0.68,32.8061,5.5777,3.2041,1316657.5507,849185.8494
300638.SZ,20230117,21.24,4.2163,2.77,33.4197,5.682,3.264,1341285.6776,865069.9012
300638.SZ,20230116,19.89,1.2382,0.83,31.2956,5.3209,3.0566,1256034.4692,810086.6448
300638.SZ,20230113,19.56,1.4265,0.85,30.7764,5.2326,3.0058,1235195.285,796646.2932
300638.SZ,20230112,19.99,1.4866,0.96,31.4644,5.3439,3.073,1262810.5489,812832.2226
300638.SZ,20230111,20.09,2.7015,2.28,31.6218,5.3706,3.0884,1269127.7602,816898.4168
300638.SZ,20230110,19.47,0.7637,0.57,30.6459,5.2049,2.9931,1229961.0498,791688.0127
300638.SZ,20230109,19.53,1.1051,0.9,30.7404,5.2209,3.0023,1233751.3767,794127.7292
300638.SZ,20230106,19.79,2.3236,2.59,31.1496,5.2904,3.0423,1250176.1262,804699.8342
300638.SZ,20230105,19.08,0.8533,0.95,30.0321,5.1006,2.9332,1205323.9256,775829.8553
300638.SZ,20230104,18.89,0.8762,0.99,29.733,5.0498,2.9039,1193321.224,768104.0863
300638.SZ,20230103,18.84,1.522,2.09,29.6543,5.0365,2.8963,1190162.6183,766070.9892
300638.SZ,20221230,17.9,0.5829,0.73,28.1748,4.7852,2.7518,1130780.8317,727848.7636
300638.SZ,20221229,17.84,0.6436,0.77,28.0803,4.7691,2.7425,1126990.5048,725409.0471
300638.SZ,20221228,17.89,0.8439,1.06,28.159,4.7825,2.7502,1130149.1105,727442.1442
300638.SZ,20221227,18.49,0.8272,1.11,29.1034,4.9429,2.8425,1168052.3786,751839.3094
300638.SZ,20221226,17.98,0.7396,1.01,28.3007,4.8066,2.764,1135834.6007,731101.719
300638.SZ,20221223,17.32,0.9472,1.36,27.2618,4.6301,2.6626,1094141.0058,704264.8372
300638.SZ,20221222,17.62,0.8088,1.16,27.734,4.7103,2.7087,1113092.6399,716463.4198
300638.SZ,20221221,18.04,0.6594,0.88,28.3951,4.8226,2.7733,1139624.9275,733541.4355
300638.SZ,20221220,18.33,0.5748,0.69,28.8516,4.9001,2.8179,1157944.8405,745333.3987
300638.SZ,20221219,18.29,0.6769,0.67,28.7886,4.8894,2.8117,1155417.9559,743706.921
300638.SZ,20221216,18.56,0.7526,0.67,29.2136,4.9616,2.8532,1172474.4266,754685.6454
300638.SZ,20221215,18.89,0.8344,0.75,29.733,5.0498,2.9039,1193321.224,768104.0863
300638.SZ,20221214,18.78,0.8888,0.74,29.5599,5.0204,2.887,1186372.2915,763631.2726
300638.SZ,20221213,18.91,1.0265,0.87,29.7645,5.0552,2.907,1194584.6663,768917.3251
300638.SZ,20221212,19.44,1.5837,1.39,30.5987,5.1969,2.9885,1228065.8864,790468.1544
300638.SZ,20221209,18.91,1.2764,1.18,29.7645,5.0552,2.907,1194584.6663,768917.3251
300638.SZ,20221208,19.26,0.7759,0.62,30.3154,5.1487,2.9608,1216694.906,783149.0048
300638.SZ,20221207,19.45,1.358,1.06,30.6145,5.1995,2.99,1228697.6076,790874.7738
300638.SZ,20221206,19.8,0.9329,0.69,31.1654,5.2931,3.0438,1250807.8473,805106.4536
300638.SZ,20221205,19.83,1.35,0.99,31.2126,5.3011,3.0484,1252703.0107,806326.3118
300638.SZ,20221202,20.17,0.9863,0.63,31.7478,5.392,3.1007,1274181.5293,820151.3722
300638.SZ,20221201,20.07,1.5914,1.11,31.5904,5.3653,3.0853,1267864.3179,816085.1779
300638.SZ,20221130,20.05,1.5309,1.06,31.5589,5.3599,3.0823,1266600.8757,815271.9391
300638.SZ,20221129,19.85,1.3236,0.82,31.2441,5.3065,3.0515,1253966.453,807139.5507
300638.SZ,20221128,19.38,1.353,0.76,30.1001,5.523,2.9398,1208053.5791,788028.4379
300638.SZ,20221125,19.87,2.042,1.02,30.8611,5.6627,3.0141,1238597.7614,807952.7895
300638.SZ,20221124,20.73,0.9363,0.38,32.1969,5.9077,3.1446,1292205.9182,842922.0597
300638.SZ,20221123,20.91,1.5385,0.55,32.4764,5.959,3.1719,1303426.2301,850241.2093
300638.SZ,20221122,21.29,2.1734,0.77,33.0666,6.0673,3.2295,1327113.5551,865692.7473
300638.SZ,20221121,21.05,2.1754,0.81,32.6939,5.9989,3.1931,1312153.1393,855933.8812
300638.SZ,20221118,21.93,3.1574,1.35,34.0606,6.2497,3.3266,1367007.9974,891716.3903
300638.SZ,20221117,21.53,3.1663,1.63,33.4394,6.1357,3.2659,1342073.971,875451.6134
300638.SZ,20221116,20.97,3.3736,2.33,32.5696,5.9761,3.181,1307166.334,852680.9258
300638.SZ,20221115,20.15,2.1564,1.72,31.296,5.7424,3.0566,1256051.5799,819338.1333
300638.SZ,20221114,19.33,1.526,1.16,30.0224,5.5088,2.9322,1204936.8258,785995.3408
300638.SZ,20221111,19.2,1.5103,1.07,29.8205,5.4717,2.9125,1196833.2672,780709.2883
300638.SZ,20221110,18.95,1.123,0.75,29.4322,5.4005,2.8746,1181249.5007,770543.8028
300638.SZ,20221109,19.36,0.9111,0.56,30.069,5.5173,2.9368,1206806.8778,787215.1991
300638.SZ,20221108,19.5,1.2047,0.72,30.2865,5.5572,2.958,1215533.787,792907.871
300638.SZ,20221107,19.72,1.8147,1.13,30.6282,5.6199,2.9914,1229247.5015,801853.4982
300638.SZ,20221104,20.25,1.9805,1.28,31.4513,5.7709,3.0718,1262285.0865,823404.3275
300638.SZ,20221103,19.9,1.5767,0.95,30.9077,5.6712,3.0187,1240467.8134,809172.6478
300638.SZ,20221102,19.73,1.5359,0.89,30.6437,5.6228,2.9929,1229870.8522,802260.1176
300638.SZ,20221101,19.27,1.4433,0.87,29.9293,5.4917,2.9231,1201196.7218,783555.6243
300638.SZ,20221031,18.73,1.459,0.84,29.0905,5.3378,2.8412,1167535.7862,761598.1755
300638.SZ,20221028,17.87,1.7297,1.09,27.7548,5.0927,2.7107,1113927.6294,726628.9053
300638.SZ,20221027,19.19,2.1485,1.53,29.805,5.4689,2.911,1196209.9165,780302.6689
300638.SZ,20221026,19.35,1.8204,1.43,30.0535,5.5145,2.9352,1206183.5271,786808.5796
300638.SZ,20221025,18.45,1.1456,0.91,28.6557,5.258,2.7987,1150081.9677,750212.8317
300638.SZ,20221024,18.49,1.8556,1.56,28.7178,5.2694,2.8048,1152575.3703,751839.3094
300638.SZ,20221021,19.39,0.9776,0.66,30.1156,5.6994,2.9413,1208676.9297,788435.0573
300638.SZ,20221020,19.58,1.2057,0.8,30.4107,5.7553,2.9701,1220520.5923,796160.8263
300638.SZ,20221019,19.53,1.1928,0.78,30.3331,5.7406,2.9625,1217403.839,794127.7292
300638.SZ,20221018,19.46,1.0864,0.73,30.2243,5.72,2.9519,1213040.3844,791281.3933
300638.SZ,20221017,19.65,1.4988,1.1,30.5194,5.7758,2.9808,1224884.0469,799007.1623
300638.SZ,20221014,19.17,2.4356,2.29,29.7739,5.6348,2.9079,1194963.2152,779489.4301
300638.SZ,20221013,18.63,1.3442,1.36,28.9352,5.476,2.826,1161302.2796,757531.9813
300638.SZ,20221012,18.17,1.323,1.39,28.2208,5.3408,2.7562,1132628.1492,738827.488
300638.SZ,20221011,17.66,0.8242,0.83,27.4287,5.1909,2.6789,1100837.2656,718089.8975
300638.SZ,20221010,17.74,0.9136,0.97,27.5529,5.2144,2.691,1105824.0708,721342.8529
300638.SZ,20220930,18.06,0.9019,0.93,28.0499,5.3085,2.7396,1125771.292,734354.6743
300638.SZ,20220929,18.73,0.9836,1.05,29.0905,5.5054,2.8412,1167535.7862,761598.1755
300638.SZ,20220928,18.79,1.1431,1.33,29.1837,5.5231,2.8503,1171275.8901,764037.8921
300638.SZ,20220927,19.8,0.9956,1.15,30.7524,5.8199,3.0035,1234234.3068,805106.4536
300638.SZ,20220926,19.66,0.6833,0.76,30.535,5.7788,2.9823,1225507.3976,799413.7817
300638.SZ,20220923,19.8,1.0582,1.17,30.7524,5.8199,3.0035,1234234.3068,805106.4536
300638.SZ,20220922,20.78,0.7978,0.83,32.2745,6.108,3.1522,1295322.6715,844955.1568
300638.SZ,20220921,20.34,0.7555,0.78,31.5911,5.9787,3.0854,1267895.2424,827063.9023
300638.SZ,20220920,20.6,1.0317,0.98,31.9949,6.0551,3.1249,1284102.3596,837636.0073
300638.SZ,20220919,20.36,0.8678,0.77,31.6291,5.982,3.0891,1269421.1873,827877.1412
300638.SZ,20220916,20.92,1.079,0.9,32.4991,6.1465,3.1741,1304336.5048,850647.8287
300638.SZ,20220915,21.28,1.0643,0.87,33.0584,6.2523,3.2287,1326782.0661,865286.1279
300638.SZ,20220914,22.01,0.8039,0.61,34.1924,6.4668,3.3395,1372296.6764,894969.3456
300638.SZ,20220913,22.52,1.4607,1.21,34.9847,6.6166,3.4169,1404094.5549,915706.9361
300638.SZ,20220909,22.16,1.2004,0.99,34.4254,6.5108,3.3622,1381648.9936,901068.6369
300638.SZ,20220908,22.34,1.4974,1.29,34.7051,6.5637,3.3895,1392871.7742,908387.7865
300638.SZ,20220907,22.23,1.1876,0.99,34.5342,6.5314,3.3729,1386013.4083,903914.9729
300638.SZ,20220906,21.8,1.1921,1.02,33.8662,6.4051,3.3076,1359203.4323,886430.3378
300638.SZ,20220905,21.35,0.9593,0.75,33.1671,6.2728,3.2393,1331146.4808,868132.4638
300638.SZ,20220902,21.88,1.2049,0.93,33.9905,6.4286,3.3198,1364191.3348,889683.2931
300638.SZ,20220901,21.44,1.2763,0.94,33.3069,6.2993,3.253,1336757.8711,871792.0386
300638.SZ,20220831,22.06,1.3577,0.86,34.2701,6.4814,3.3471,1375414.1155,897002.4427
300638.SZ,20220830,22.59,1.0264,0.63,34.9909,6.6856,3.4175,1404345.5565,918553.272
300638.SZ,20220829,22.45,1.5321,0.93,34.7741,6.6442,3.3963,1395642.2197,912860.6001
300638.SZ,20220826,23.1,1.2989,0.64,35.7809,6.8365,3.4946,1436050.569,939290.8625
300638.SZ,20220825,23.32,1.598,0.83,36.1217,6.9016,3.5279,1449727.2411,948236.4898
300638.SZ,20220824,24.0,2.4217,1.42,37.175,7.1029,3.6308,1492000.5912,975886.6104
300638.SZ,20220823,25.85,1.2988,0.79,40.0405,7.6504,3.9107,1607008.9701,1051111.2033
300638.SZ,20220822,26.7,1.6185,1.05,41.3572,7.902,4.0392,1659850.6577,1085673.8541
300638.SZ,20220819,25.8,3.1929,2.54,39.9631,7.6356,3.9031,1603900.6355,1049078.1062
300638.SZ,20220818,28.19,1.1384,0.75,43.6651,8.3429,4.2647,1752479.0277,1146260.1478
300638.SZ,20220817,28.17,1.2623,0.72,43.6341,8.337,4.2616,1751235.6939,1145446.909
300638.SZ,20220816,28.75,1.0112,0.4,44.5325,8.5087,4.3494,1787292.3749,1169030.8354
300638.SZ,20220815,28.59,1.0696,0.35,44.2847,8.4613,4.3252,1777345.7043,1162524.9246
300638.SZ,20220812,28.82,1.814,0.53,44.641,8.5294,4.36,1791644.0433,1171877.1713
300638.SZ,20220811,30.43,2.4158,0.76,47.1348,9.0059,4.6035,1891732.4163,1237342.8981
300638.SZ,20220810,29.62,2.4807,0.79,45.8801,8.7661,4.481,1841377.3963,1204406.725
300638.SZ,20220809,28.72,4.9767,2.01,44.4861,8.4998,4.3448,1785427.3741,1167810.9771
300638.SZ,20220808,28.59,3.4588,1.64,44.2847,8.9434,4.3252,1777345.7043,1162847.8573
300638.SZ,20220805,28.3,3.7677,2.35,43.8355,8.8527,4.2813,1759317.3638,1151052.6184
300638.SZ,20220804,25.76,1.2068,0.74,39.9011,8.0582,3.897,1601413.9679,1047742.5954
300638.SZ,20220803,25.97,2.299,1.62,40.2264,8.1239,3.9288,1614468.9731,1056283.9753
300638.SZ,20220802,25.24,1.6572,1.36,39.0957,7.8955,3.8184,1569087.2884,1026592.512
300638.SZ,20220801,26.14,1.602,1.48,40.4897,8.177,3.9545,1625037.3106,1063198.4256
300638.SZ,20220729,25.62,1.2532,1.22,39.6843,8.0144,3.8759,1592710.6311,1042048.3422
300638.SZ,20220728,25.35,1.3956,1.48,39.2661,7.9299,3.835,1575925.6245,1031066.5681
300638.SZ,20220727,25.08,1.1685,1.27,38.8479,7.8454,3.7942,1559140.6178,1020084.794
300638.SZ,20220726,24.31,0.6739,0.67,37.6552,7.6046,3.6777,1511272.2655,988766.4012
300638.SZ,20220725,24.17,0.907,0.74,37.4383,7.5608,3.6565,1502568.9287,983072.148
300638.SZ,20220722,24.6,0.9926,0.73,38.1044,7.6953,3.7215,1529300.606,1000561.64
300638.SZ,20220721,25.01,0.972,0.65,38.7394,7.8236,3.7836,1554788.9494,1017237.6674
300638.SZ,20220720,25.0,1.0588,0.7,38.7239,7.8204,3.7821,1554167.2825,1016830.935
300638.SZ,20220719,24.91,1.0959,0.72,38.5845,7.7923,3.7684,1548572.2803,1013170.3436
300638.SZ,20220718,25.08,2.0208,1.46,38.8479,7.8454,3.7942,1559140.6178,1020084.794
300638.SZ,20220715,24.61,1.6224,1.16,38.1198,7.6984,3.7231,1529922.2729,1000968.3724
300638.SZ,20220714,23.99,1.6523,1.2,37.1595,7.5045,3.6293,1491378.9243,975750.9652
300638.SZ,20220713,23.34,1.1504,0.78,36.1527,7.3011,3.5309,1450970.5749,949313.3609
300638.SZ,20220712,23.58,1.1717,0.71,36.5244,7.3762,3.5672,1465890.5809,959074.9379
300638.SZ,20220711,23.88,1.3273,0.71,36.9891,7.4701,3.6126,1484540.5882,971276.9091
300638.SZ,20220708,24.77,1.6754,0.77,38.3677,7.7485,3.7473,1539868.9435,1007476.0904
300638.SZ,20220707,24.91,1.5707,0.72,38.5845,7.8346,3.7684,1548572.2803,1011837.9725
300638.SZ,20220706,23.88,1.6688,0.77,36.9891,7.5106,3.6126,1484540.5882,969999.63
300638.SZ,20220705,24.23,1.9617,0.97,37.5312,7.6207,3.6656,1506298.9302,984216.5425
300638.SZ,20220704,25.24,2.536,1.43,39.062,7.9316,3.8151,1567737.2664,1025242.49
300638.SZ,20220701,26.18,3.1028,2.04,40.5168,8.2269,3.9572,1626123.6781,1063425.055
300638.SZ,20220630,26.49,1.6312,1.1,40.9966,8.3244,4.004,1645378.7713,1076017.1775
300638.SZ,20220629,26.28,1.6039,1.13,40.6716,8.2584,3.9723,1632334.9985,1067487.03
300638.SZ,20220628,27.77,1.2406,0.9,42.9775,8.7266,4.1975,1724883.6723,1128010.4575
300638.SZ,20220627,27.12,1.2848,0.81,41.9716,8.5223,4.0992,1684510.0898,1099253.3138
300638.SZ,20220624,27.72,1.8698,1.19,42.9002,8.7109,4.1899,1721778.0121,1123573.0774
300638.SZ,20220623,26.5,1.4568,0.92,41.0121,8.3275,4.0055,1645999.9034,1074122.8915
300638.SZ,20220622,25.26,1.2706,0.74,39.093,7.9378,3.8181,1568979.5305,1023862.0467
300638.SZ,20220621,25.93,1.0419,0.53,40.1299,8.1484,3.9194,1610595.3771,1051019.116
300638.SZ,20220620,26.04,2.2935,1.23,40.3001,8.1829,3.936,1617427.8296,1055477.7394
300638.SZ,20220617,26.01,1.8064,1.05,40.2537,8.1735,3.9315,1615564.4334,1054261.7486
300638.SZ,20220616,25.32,1.5221,0.94,39.1859,7.9567,3.8272,1572706.3227,1026294.0205
300638.SZ,20220615,25.34,1.9002,1.31,39.2168,7.963,3.8302,1573948.5868,1027104.6793
300638.SZ,20220614,25.45,2.2261,1.84,39.387,7.9975,3.8468,1580781.0393,1031563.3026
300638.SZ,20220613,25.33,1.8774,1.68,39.2013,7.9598,3.8287,1573327.4548,1026699.3499
300638.SZ,20220610,23.56,1.1096,0.97,36.462,7.4036,3.5611,1463387.0839,954956.0476
300638.SZ,20220609,23.37,0.944,0.77,36.168,7.3439,3.5324,1451585.5751,947254.7891
300638.SZ,20220608,24.19,1.1117,0.9,37.437,7.6016,3.6564,1502518.4023,980491.7992
300638.SZ,20220607,24.29,0.993,0.8,37.5918,7.633,3.6715,1508729.7227,984545.0932
300638.SZ,20220606,24.91,1.4153,1.24,38.5513,7.8278,3.7652,1547239.9091,1009675.5155
300638.SZ,20220602,24.2,1.2394,1.1,37.4525,7.6047,3.6579,1503139.5344,980897.1286
300638.SZ,20220601,23.73,1.4046,1.2,36.7251,7.457,3.5868,1473946.3285,961846.6472
300638.SZ,20220531,23.09,1.1023,0.78,35.7347,7.2559,3.4901,1434193.8781,935905.5661
300638.SZ,20220530,22.64,1.0334,0.73,35.0382,7.1145,3.4221,1406242.9363,917665.7435
300638.SZ,20220527,22.4,0.9043,0.63,34.6668,7.0391,3.3858,1391335.7674,907937.8381
300638.SZ,20220526,22.63,1.2123,0.86,35.0227,7.1114,3.4206,1405621.8043,917260.4141
300638.SZ,20220525,22.61,1.6042,1.35,34.9918,7.1051,3.4176,1404379.5402,916449.7553
300638.SZ,20220524,23.04,2.2698,2.61,35.6573,7.2402,3.4825,1431088.2179,933878.9192
300638.SZ,20220523,22.63,1.1324,1.41,35.0227,7.1114,3.4206,1405621.8043,917260.4141
300638.SZ,20220520,34.15,1.4174,1.36,35.2343,6.8666,3.4412,1414110.6088,922799.9169
300638.SZ,20220519,33.56,1.5966,1.8,34.6255,6.748,3.3818,1389679.4153,906856.9608
300638.SZ,20220518,34.22,0.7922,0.76,35.3065,6.8807,3.4483,1417009.225,924691.4541
300638.SZ,20220517,33.85,1.0158,0.92,34.9247,6.8063,3.411,1401687.968,914693.3291
300638.SZ,20220516,33.02,1.184,1.1,34.0684,6.6394,3.3274,1367318.6619,892265.1027
300638.SZ,20220513,33.03,0.6319,0.51,34.0787,6.6414,3.3284,1367732.7499,892535.3223
300638.SZ,20220512,33.01,0.816,0.55,34.0581,6.6374,3.3264,1366904.5738,891994.8831
300638.SZ,20220511,32.83,1.542,0.9,33.8723,6.6012,3.3082,1359450.9894,887130.9304
300638.SZ,20220510,32.07,1.3248,0.73,33.0882,6.4484,3.2316,1327980.2994,866594.2412
300638.SZ,20220509,31.13,1.0762,0.57,32.1184,6.2594,3.1369,1289056.0249,841193.5992
300638.SZ,20220506,31.77,1.3804,0.71,32.7787,6.3881,3.2014,1315557.6586,858487.6533
300638.SZ,20220505,31.01,2.1127,1.18,31.9946,6.2352,3.1248,1284086.9686,837950.9641
300638.SZ,20220429,30.42,2.6732,1.89,31.3858,6.1166,3.0654,1259655.7751,822008.008
300638.SZ,20220428,27.8,1.8057,1.44,28.6826,5.8981,2.8014,1151164.7123,751210.4741
300638.SZ,20220427,27.45,1.408,1.2,28.3215,5.8238,2.7661,1136671.6314,741752.7883
300638.SZ,20220426,25.49,1.6712,1.47,26.2993,5.408,2.5686,1055510.3783,688789.7477
300638.SZ,20220425,26.95,1.3573,1.21,27.8057,5.7177,2.7157,1115967.2301,728241.8085
300638.SZ,20220422,29.85,0.8393,0.71,30.7977,6.333,3.0079,1236052.7576,806605.4911
300638.SZ,20220421,30.57,0.9855,0.86,31.5406,6.4857,3.0805,1265867.0955,826061.3019
300638.SZ,20220420,31.5,1.0042,0.84,32.5001,6.6831,3.1742,1304377.2819,851191.7243
300638.SZ,20220419,31.59,1.4939,1.29,32.593,6.7021,3.1833,1308104.0741,853623.7006
300638.SZ,20220418,31.33,1.3057,1.01,32.3247,6.647,3.1571,1297337.7855,846597.9911
300638.SZ,20220415,30.6,1.1195,0.84,31.5715,6.4921,3.0835,1267109.3596,826871.9607
300638.SZ,20220414,31.28,0.7934,0.56,32.2731,6.6364,3.152,1295267.3453,845246.8932
300638.SZ,20220413,30.9,1.2955,0.88,31.8811,6.5558,3.1137,1279532.0003,834978.5486
300638.SZ,20220412,32.3,1.2691,0.88,33.3255,6.8528,3.2548,1337504.324,872809.2919
300638.SZ,20220411,31.8,2.0047,1.59,32.8096,6.7467,3.2044,1316799.9227,859298.3121
300638.SZ,20220408,34.09,1.3129,1.04,35.1723,7.2325,3.4352,1411626.0806,921178.5994
300638.SZ,20220407,34.55,1.1476,0.95,35.647,7.3301,3.4815,1430674.1298,933608.7007
300638.SZ,20220406,35.43,1.6584,1.65,36.5549,7.5168,3.5702,1467113.8761,957388.0251
300638.SZ,20220401,37.12,1.0871,1.11,38.2986,7.8754,3.7405,1537094.7525,1003055.1366
300638.SZ,20220331,37.19,1.0812,1.02,38.3708,7.8902,3.7476,1539993.3687,1004946.6738
300638.SZ,20220330,38.17,1.3482,1.24,39.3819,8.546,3.8463,1580573.9952,1031428.1941
300638.SZ,20220329,36.7,0.8814,0.82,53.5817,8.2169,5.5391,1519703.0554,991705.9137
300638.SZ,20220328,37.44,0.6398,0.57,54.6621,8.3826,5.6508,1550345.5693,1011702.1637
300638.SZ,20220325,37.7,0.9397,0.82,55.0417,8.4408,5.6901,1561111.858,1018727.8732
300638.SZ,20220324,37.93,1.4954,1.32,55.3775,8.4923,5.7248,1570635.8826,1024942.9238
300638.SZ,20220323,39.97,1.4746,1.23,58.3559,8.949,6.0327,1655109.8399,1080067.7212
300638.SZ,20220322,38.4,0.8518,0.57,56.0637,8.5975,5.7957,1590098.0198,1037643.2448
300638.SZ,20220321,39.44,0.8372,0.54,57.5821,8.8304,5.9527,1633163.1745,1065746.0827
300638.SZ,20220318,39.32,1.0472,0.7,57.4069,8.8035,5.9346,1628194.1182,1062503.4475
300638.SZ,20220317,39.6,1.4602,1.01,57.8157,8.8662,5.9768,1639788.583,1070069.5962
300638.SZ,20220316,38.3,1.788,1.29,55.9177,8.5751,5.7806,1585957.1396,1034941.0489
300638.SZ,20220315,36.63,2.296,1.98,53.4795,8.2012,5.5286,1516804.4392,989814.3765
300638.SZ,20220314,39.66,1.1524,0.93,57.9033,8.8796,5.9859,1642273.1111,1071690.9138
300638.SZ,20220311,40.89,0.7857,0.65,59.6991,9.155,6.1715,1693205.9383,1104927.924
300638.SZ,20220310,41.18,1.1969,1.03,60.1225,9.22,6.2153,1705214.4911,1112764.2922
300638.SZ,20220309,39.69,1.4894,1.46,57.9471,8.8864,5.9904,1643515.3752,1072501.5726
300638.SZ,20220308,40.64,1.1693,1.22,59.3341,9.0991,6.1338,1682853.7377,1098172.4341
300638.SZ,20220307,41.53,1.5419,1.84,60.6482,9.2939,6.2696,1720124.0971,1122221.978
300638.SZ,20220304,43.78,0.6582,0.71,63.934,9.7975,6.6093,1813316.4693,1183021.3869
300638.SZ,20220303,44.05,0.958,0.93,64.3283,9.8579,6.6501,1824499.554,1190317.316
300638.SZ,20220302,45.34,0.7563,0.69,66.2121,10.1466,6.8448,1877929.8474,1225175.6437
300638.SZ,20220301,46.07,0.874,0.81,67.2782,10.3099,6.955,1908165.5948,1244901.6742
300638.SZ,20220228,46.72,0.9457,0.87,68.2274,10.4554,7.0532,1935087.8357,1262465.9478
300638.SZ,20220225,47.1,1.1202,1.07,68.7823,10.5404,7.1105,1950826.9919,1272734.2925
300638.SZ,20220224,45.8,1.4386,1.55,66.8839,10.2495,6.9143,1896982.5102,1237605.7451
300638.SZ,20220223,46.7,1.1395,1.34,68.1982,10.4509,7.0501,1934259.4591,1261925.5087
300638.SZ,20220222,44.33,0.7397,0.82,64.7372,9.9206,6.6923,1836096.827,1197883.4646
300638.SZ,20220221,44.97,0.9848,1.02,65.6718,10.0638,6.789,1862604.8795,1215177.5187
300638.SZ,20220218,45.03,0.9329,0.87,65.7594,10.0772,6.798,1865090.0095,1216798.8363
300638.SZ,20220217,44.35,0.8486,0.77,64.7664,9.925,6.6954,1836925.2036,1198423.9038
300638.SZ,20220216,44.06,0.7564,0.66,64.3429,9.8601,6.6516,1824913.7423,1190587.5356
300638.SZ,20220215,44.71,1.0257,0.88,65.2921,10.0056,6.7497,1851835.9832,1160763.8457
300638.SZ,20220214,43.12,1.3492,1.26,62.9701,9.6498,6.5097,1785980.0402,1119484.1652
300638.SZ,20220211,42.29,1.5408,1.72,61.758,9.464,6.3844,1751602.4095,1097935.6527
300638.SZ,20220210,44.22,1.0413,1.13,64.5765,9.8959,6.6757,1831540.7555,1148042.4347
300638.SZ,20220209,45.57,0.9641,1.13,66.548,10.1981,6.8795,1887456.1788,1183091.22
300638.SZ,20220208,44.72,0.9234,1.15,65.3067,10.0078,6.7512,1852250.1715,1161023.4663
300638.SZ,20220207,44.67,0.8833,1.2,65.2337,9.9966,6.7437,1850179.2299,1159725.3631
300638.SZ,20220128,45.11,0.6692,0.87,65.8762,10.0951,6.8101,1868403.516,1171148.671
300638.SZ,20220127,45.14,1.1572,1.55,65.92,10.1018,6.8146,1869646.081,1171927.5328
300638.SZ,20220126,47.18,0.6326,0.85,68.8991,10.5584,7.1226,1954140.4985,1224890.1418
300638.SZ,20220125,46.74,0.6882,0.78,68.2566,10.4599,7.0562,1935916.2124,1213466.834
300638.SZ,20220124,48.91,0.5212,0.47,71.4255,10.9455,7.3838,2025795.078,1269804.5111
300638.SZ,20220121,48.06,0.8283,0.67,70.1842,10.7553,7.2554,1990589.0707,1247736.7574
300638.SZ,20220120,48.75,1.0509,0.8,71.1919,10.9097,7.3596,2019168.0649,1265650.581
300638.SZ,20220119,49.67,0.6492,0.48,72.5354,11.1156,7.4985,2057273.3904,1289535.6791
300638.SZ,20220118,50.46,1.3833,1.09,73.6891,11.2924,7.6178,2089994.2678,1310045.7091
300638.SZ,20220117,50.28,1.632,1.36,73.4262,11.2521,7.5906,2082538.878,1305372.5377
300638.SZ,20220114,47.91,1.4442,1.02,69.9652,10.7217,7.2328,1984376.2459,1243842.4479
300638.SZ,20220113,46.93,1.4947,0.87,68.5341,10.5024,7.0849,1943785.7905,1218399.626
300638.SZ,20220112,48.16,0.8784,0.48,70.3303,10.7777,7.2705,1994730.9539,1250332.9637
300638.SZ,20220111,47.8,0.8758,0.44,69.8046,10.6971,7.2162,1979820.1744,1240986.621
300638.SZ,20220110,48.67,1.3114,0.67,71.0751,10.8918,7.3475,2015854.5583,1263573.6159
300638.SZ,20220107,48.0,2.5264,1.38,70.0966,10.7419,7.2464,1988103.9408,1246179.0336
300638.SZ,20220106,50.18,2.9653,1.87,73.2802,11.2297,7.5755,2078396.9948,1302776.3314
300638.SZ,20220105,52.73,1.5257,1.0,77.0041,11.8004,7.9605,2184015.0166,1368979.5925
300638.SZ,20220104,54.75,1.5249,1.03,79.954,12.2524,8.2654,2267681.0575,1421422.9602
300638.SZ,20211231,54.5,1.3044,0.94,79.5889,12.1965,8.2277,2257326.3495,1414932.4444
300638.SZ,20211230,54.55,1.8274,1.53,79.6619,12.2077,8.2352,2259397.2911,1416230.5476
300638.SZ,20211229,53.16,1.7549,1.44,77.632,11.8966,8.0254,2201825.1144,1380143.2797
300638.SZ,20211228,54.2,1.2525,1.07,79.1508,12.1293,8.1824,2244900.6998,1407143.8254
300638.SZ,20211227,53.85,1.2387,1.09,78.6397,12.051,8.1295,2230404.1086,1398057.1033
300638.SZ,20211224,53.67,0.8545,0.68,78.3768,12.0107,8.1024,2222948.7188,1393383.9319
300638.SZ,20211223,53.79,0.8629,0.63,78.552,12.0376,8.1205,2227918.9787,1396499.3795
300638.SZ,20211222,53.58,1.8908,1.43,78.2454,11.9906,8.0888,2219221.0239,1391047.3463
300638.SZ,20211221,52.59,1.029,0.81,76.7996,11.769,7.9393,2178216.3801,1365344.9037
300638.SZ,20211220,51.23,1.0406,0.81,74.8135,11.4647,7.734,2121886.7685,1330036.4977
300638.SZ,20211217,52.04,1.4778,1.21,75.8366,11.6696,7.8398,2150902.0791,1346531.8256
300638.SZ,20211216,53.45,1.3972,1.15,77.8913,11.9858,8.0522,2209179.7873,1383015.4896
300638.SZ,20211215,55.25,1.695,1.48,80.5144,12.3894,8.3234,2283576.8615,1429590.3798
300638.SZ,20211214,55.99,0.7284,0.54,81.5928,12.5554,8.4348,2314162.3253,1448737.8346
300638.SZ,20211213,55.15,1.1859,0.83,80.3687,12.367,8.3083,2279443.6907,1427002.8859
300638.SZ,20211210,55.17,1.1153,0.75,80.3978,12.3715,8.3113,2280270.3248,1427520.3846
300638.SZ,20211209,55.65,1.348,0.9,81.0973,12.4791,8.3836,2300109.5446,1439940.3554
300638.SZ,20211208,56.7,1.3585,0.88,82.6275,12.7146,8.5418,2343507.8379,1467109.0413
300638.SZ,20211207,55.0,1.6884,1.04,80.1501,12.3334,8.2857,2273243.9345,1423121.645
300638.SZ,20211206,56.66,1.672,1.07,82.5692,12.7056,8.5358,2341854.5696,1466074.0437
300638.SZ,20211203,57.43,1.3389,0.71,83.6913,12.8783,8.6518,2373679.9847,1478145.452
300638.SZ,20211202,58.38,1.4577,0.73,85.0757,13.0913,8.7949,2412945.1072,1502596.7523
300638.SZ,20211201,58.1,1.624,0.79,84.6677,13.0285,8.7527,2401372.229,1495390.0533
300638.SZ,20211130,56.8,2.0328,0.97,82.7732,12.737,8.5569,2347641.0087,1461930.3791
300638.SZ,20211129,57.1,1.3821,0.64,83.2104,12.8043,8.6021,2360040.5211,1469651.8424
300638.SZ,20211126,56.67,2.8905,1.61,82.5837,12.7078,8.5373,2342267.8867,1458584.4117
300638.SZ,20211125,57.74,2.0353,1.17,84.143,12.9478,8.6985,2386492.8141,1486124.2974
300638.SZ,20211124,58.39,1.9982,1.06,85.0903,13.0935,8.7964,2413358.4243,1502854.1345
300638.SZ,20211123,57.41,2.1718,1.25,83.6621,12.8738,8.6488,2372853.3505,1477630.6878
300638.SZ,20211122,55.64,1.6461,0.89,81.0828,12.4769,8.3821,2299696.2276,1432074.0545
300638.SZ,20211119,54.15,1.1452,0.55,78.9114,12.1428,8.1576,2238111.9828,1393724.1202
300638.SZ,20211118,54.38,1.7541,0.8,79.2529,12.1944,8.1929,2247797.9906,1399654.9207
300638.SZ,20211117,54.68,2.7441,1.48,79.6901,12.2617,8.2381,2260198.4944,1407376.4447
300638.SZ,20211116,51.95,1.3787,0.73,75.7115,11.6495,7.8268,2147353.9098,1337110.5761
300638.SZ,20211115,53.03,2.2259,1.25,77.2854,11.8917,7.9896,2191995.7235,1364908.0626
300638.SZ,20211112,52.22,2.3504,1.22,76.105,11.71,7.8675,2158514.3632,1344059.9477
300638.SZ,20211111,49.78,2.207,1.13,72.5489,11.1629,7.4999,2057656.9322,1281258.2191
300638.SZ,20211110,50.27,1.1273,0.5,73.263,11.2727,7.5737,2077911.0884,1293870.0416
300638.SZ,20211109,50.79,1.5467,0.64,74.0209,11.3894,7.6521,2099405.295,1307254.0166
300638.SZ,20211108,50.63,1.6566,0.64,73.7877,11.3535,7.628,2092791.693,1303135.8704
300638.SZ,20211105,50.66,3.0851,1.28,73.8314,11.3602,7.6325,2094031.7434,1303908.0228
300638.SZ,20211104,49.92,2.3399,0.97,72.753,11.1943,7.521,2063443.834,1284861.5969
300638.SZ,20211103,48.46,2.6296,1.24,70.6252,10.8669,7.301,2003094.7154,1247283.5134
300638.SZ,20211102,47.67,2.461,1.25,69.4738,10.6897,7.182,1970440.0554,1226950.1668
300638.SZ,20211101,46.95,2.3707,1.3,68.4245,10.5283,7.0735,1940678.8463,1208418.5091
300638.SZ,20211029,46.16,2.2547,1.25,67.2732,10.3511,6.9545,1908024.1862,1188085.1625
300638.SZ,20211028,44.93,2.2913,1.3,65.4806,10.0753,6.7692,1857182.1206,1156426.9141
300638.SZ,20211027,46.52,1.1932,0.65,67.7978,10.4318,7.0087,1922904.7908,1197350.9914
300638.SZ,20211026,46.92,1.7378,0.91,68.3808,10.5215,7.069,1939438.7959,1207646.3567
300638.SZ,20211025,47.45,1.622,0.67,69.1532,10.6404,7.1489,1961346.3526,1221287.7158
300638.SZ,20211022,47.13,2.1818,0.89,68.6868,10.5686,7.1007,1948119.1486,1213051.4235
300638.SZ,20211021,48.53,2.0977,0.76,70.7272,10.8826,7.3116,2005988.1663,1249085.2023
300638.SZ,20211020,49.98,1.556,0.53,72.8404,11.2077,7.53,2065923.9347,1286405.9017
300638.SZ,20211019,50.39,2.1098,0.75,73.4379,11.2997,7.5918,2082871.29,1296958.6512
300638.SZ,20211018,50.44,4.1647,1.79,73.5108,11.3109,7.5993,2084938.0406,1298245.5719
300638.SZ,20211015,47.48,2.3257,0.98,69.1969,11.4448,7.1534,1962586.403,1222059.8682
300638.SZ,20211014,48.76,3.6632,1.62,71.0624,11.7534,7.3462,2015495.2193,1255005.0374
300638.SZ,20211013,46.55,2.5532,0.99,67.8416,11.2206,7.0133,1924144.8412,1198123.1438
300638.SZ,20211012,43.5,1.3695,0.54,63.3965,10.4855,6.5538,1798073.0525,1119620.9829
300638.SZ,20211011,44.02,1.7219,0.68,64.1544,10.6108,6.6321,1819567.2591,1133004.9579
300638.SZ,20211008,43.75,2.5196,1.13,63.7609,10.5457,6.5914,1808406.8056,1126055.5863
300638.SZ,20210930,43.03,3.1366,1.64,62.7115,10.3722,6.4829,1778645.5965,1107523.9286
300638.SZ,20210929,42.0,4.2013,3.31,61.2104,10.1239,6.3278,1736070.5334,1081013.3628
300638.SZ,20210928,41.52,1.1374,0.86,60.5109,10.0082,6.2554,1716229.7273,1068658.9244
300638.SZ,20210927,41.25,1.718,1.35,60.1174,9.9431,6.2148,1705069.2739,1061709.5528
300638.SZ,20210924,41.89,0.9531,0.73,61.0501,10.0974,6.3112,1731523.682,1078182.1373
300638.SZ,20210923,42.32,1.5766,1.29,61.6768,10.201,6.376,1749297.7375,1089249.6551
300638.SZ,20210922,41.25,0.9663,0.76,60.1174,9.9431,6.2148,1705069.2739,1061709.5528
300638.SZ,20210917,41.65,1.3953,1.15,60.7003,10.0395,6.275,1721603.279,1072004.9181
300638.SZ,20210916,42.46,1.4735,1.23,61.8808,10.2348,6.3971,1755084.6392,1092853.033
300638.SZ,20210915,44.45,1.1086,0.88,64.781,10.7144,6.6969,1837341.3145,1144072.4756
300638.SZ,20210914,45.15,1.1797,0.79,65.8012,10.8832,6.8023,1866275.8234,1162089.365
300638.SZ,20210913,46.07,1.1881,0.64,67.142,11.1049,6.941,1904304.0351,1185768.7053
300638.SZ,20210910,46.2,1.1107,0.55,67.3315,11.1363,6.9605,1909677.5867,1189114.6991
300638.SZ,20210909,46.01,1.3901,0.69,67.0546,11.0905,6.9319,1901823.9343,1184224.4005
300638.SZ,20210908,46.0,1.419,0.65,67.04,11.0881,6.9304,1901410.5842,1183967.0164
300638.SZ,20210907,47.16,2.3725,1.15,68.7306,11.3677,7.1052,1949359.1989,1213823.5759
300638.SZ,20210906,45.81,3.0134,1.57,66.7631,11.0423,6.9018,1893556.9318,1179076.7179
300638.SZ,20210903,44.26,1.9573,0.96,64.5041,10.6686,6.6683,1829487.6621,1139182.1771
300638.SZ,20210902,43.42,1.267,0.59,63.2799,10.4662,6.5417,1794766.2514,1117561.9098
300638.SZ,20210901,44.42,2.2787,1.09,64.7373,10.7072,6.6924,1836101.2641,1143300.3232
300638.SZ,20210831,45.58,1.7559,0.75,66.4279,10.9868,6.8671,1884049.8789,1173156.8828
300638.SZ,20210830,45.49,2.3162,0.76,66.2967,10.9651,6.8536,1880329.7277,1170840.4256
300638.SZ,20210827,46.3,2.5324,0.9,67.4772,11.1604,6.9756,1913811.088,1191688.5404
300638.SZ,20210826,47.6,1.8106,0.67,69.3718,11.4737,7.1715,1967546.6045,1225148.4778
300638.SZ,20210825,49.02,2.0159,0.77,71.4413,11.816,7.3854,2026242.3226,1261697.0249
300638.SZ,20210824,50.25,3.0072,1.13,73.2339,12.1125,7.5707,2077084.3882,1293355.2734
300638.SZ,20210823,49.52,5.7755,3.02,72.17,11.9365,7.4607,2046909.8289,1274566.2316
300638.SZ,20210820,52.71,1.4057,0.7,76.8191,13.6016,7.9413,2178768.5194,1356671.7703
300638.SZ,20210819,51.86,1.4027,0.69,75.5803,13.3823,7.8133,2143633.7586,1334794.1189
300638.SZ,20210818,51.31,1.5477,0.7,74.7787,13.2404,7.7304,2120899.5016,1320637.9916
300638.SZ,20210817,50.6,3.1663,1.62,73.744,13.0572,7.6234,2091551.6426,1302363.718
300638.SZ,20210816,55.1,2.0279,0.96,80.3022,14.2184,8.3014,2277559.1998,1418186.5783
300638.SZ,20210813,54.23,1.9182,0.87,79.0343,13.9939,8.1703,2241597.7387,1395794.1587
300638.SZ,20210812,53.96,1.4893,0.65,78.6408,13.9242,8.1297,2230437.2853,1388844.7871
300638.SZ,20210811,54.82,2.4465,1.09,79.8942,14.1461,8.2592,2265985.3962,1410979.8226
300638.SZ,20210810,56.7,1.9141,0.82,82.6341,14.6312,8.5425,2343695.2201,1459368.0398
300638.SZ,20210809,56.08,2.8109,1.21,81.7305,14.4712,8.4491,2318067.5122,1443410.2235
300638.SZ,20210806,56.4,2.3879,0.89,82.1969,14.5538,8.4973,2331294.7163,1451646.5158
300638.SZ,20210805,56.58,1.9366,0.69,82.4592,14.6003,8.5244,2338735.0186,1456279.4302
300638.SZ,20210804,57.38,2.1244,0.67,83.6251,14.8067,8.6449,2371803.0287,1476870.1609
300638.SZ,20210803,56.92,2.3575,0.69,82.9547,14.688,8.5756,2352788.9229,1465030.4907
300638.SZ,20210802,59.06,2.8317,0.85,86.0735,15.2402,8.898,2441245.8501,1520110.6954
300638.SZ,20210730,56.75,4.1976,1.4,82.7069,14.6441,8.55,2345761.9707,1460654.9605
300638.SZ,20210729,59.9,2.5657,0.82,87.2977,15.457,9.0246,2475967.2607,1541730.9627
300638.SZ,20210728,56.74,3.8855,1.11,82.6924,14.6416,8.5485,2345348.6206,1460397.5763
300638.SZ,20210727,59.3,3.5008,1.02,86.4233,15.3022,8.9342,2451166.2531,1526287.9146
300638.SZ,20210726,58.13,2.5247,0.7,84.7181,15.0002,8.7579,2402804.2883,1496173.9709
300638.SZ,20210723,58.41,2.5024,0.71,85.1262,15.0725,8.8001,2414378.0918,1503380.7267
300638.SZ,20210722,59.43,3.3262,0.91,86.6128,15.3357,8.9538,2456539.8048,1529633.9084
300638.SZ,20210721,58.06,5.6703,1.45,84.6161,14.9822,8.7474,2399910.8374,1494372.282
300638.SZ,20210720,53.01,3.0941,0.67,77.2563,13.679,7.9865,2191169.0232,1364393.2943
300638.SZ,20210719,49.45,3.4158,0.74,72.068,12.7604,7.4502,2044016.378,1272764.5426
300638.SZ,20210716,51.38,2.148,0.43,74.8808,13.2584,7.741,2123792.9525,1322439.6805
300638.SZ,20210715,52.52,4.0097,0.87,76.5422,13.5526,7.9127,2170914.867,1351781.4718
300638.SZ,20210714,53.59,6.9152,1.89,78.1016,13.8287,8.0739,2215143.3306,1379321.5741
300638.SZ,20210713,49.5,6.6796,2.41,72.1409,12.7733,7.4577,2046083.1287,1274051.4633
300638.SZ,20210701,45.36,3.2087,1.18,66.1073,11.705,6.834,1874956.1761,1167494.4318
300638.SZ,20210630,46.7,4.438,1.9,68.0602,12.0508,7.0359,1930345.0931,1201983.9058
300638.SZ,20210629,43.11,1.8322,0.71,62.8281,11.1244,6.495,1781952.3975,1109583.0017
300638.SZ,20210628,43.9,2.1503,0.72,63.9795,11.3282,6.614,1814607.0575,1129916.3483
300638.SZ,20210625,44.36,2.2064,0.67,64.6499,11.4469,6.6833,1833621.1634,1141756.0184
300638.SZ,20210624,44.52,2.9802,0.92,64.8831,11.4882,6.7074,1840234.7654,1145874.1646
300638.SZ,20210623,43.32,2.5291,0.74,63.1342,11.1786,6.5266,1790632.7502,1114988.0685
300638.SZ,20210622,43.7,3.1193,0.85,63.688,11.2766,6.5839,1806340.055,1124768.6656
300638.SZ,20210621,43.2,4.1079,1.08,62.9593,11.1476,6.5086,1785672.5486,1111899.4589
300638.SZ,20210618,42.24,3.698,0.99,61.5602,10.8999,6.3639,1745990.9364,1087190.582
300638.SZ,20210617,40.14,2.7811,0.78,58.4997,10.358,6.0475,1659187.4098,1033139.9139
300638.SZ,20210616,39.2,3.4636,0.96,57.1297,10.1154,5.9059,1620332.4978,1008945.8053
300638.SZ,20210615,41.27,4.3512,1.4,60.1465,10.6496,6.2178,1705895.9741,1062224.321
300638.SZ,20210611,42.28,4.7844,1.95,61.6185,10.9102,6.3699,1747644.337,1088220.1186
300638.SZ,20210610,40.1,3.2273,1.53,58.4414,10.5575,6.0415,1657534.0093,1032110.3773
300638.SZ,20210609,39.68,2.0704,1.0,57.8293,10.447,5.9782,1640173.3039,1021300.2437
300638.SZ,20210608,39.67,3.6387,2.09,57.5192,10.3909,5.9462,1631377.9605,1021042.8596
300638.SZ,20210607,39.0,1.8214,0.97,56.5477,10.2154,5.8457,1603825.0683,1003798.1226
300638.SZ,20210604,37.75,1.5376,0.76,54.7353,9.888,5.6584,1552420.4187,971625.1059
300638.SZ,20210603,38.16,1.5023,0.64,55.3298,9.9954,5.7198,1569281.1438,982177.8553
300638.SZ,20210602,38.3,1.8827,0.8,55.5328,10.0321,5.7408,1575038.4645,985781.2332
300638.SZ,20210601,38.89,1.9806,0.82,56.3882,10.1866,5.8293,1599301.4591,1000966.8971
300638.SZ,20210531,39.11,2.4485,1.14,56.7072,10.2442,5.8622,1608348.6775,1006629.3481
300638.SZ,20210528,37.32,2.3083,1.31,54.1118,9.7754,5.5939,1534737.2192,960557.5881
300638.SZ,20210527,38.29,3.09,2.46,55.5183,10.0295,5.7393,1574627.2273,985523.8491
300638.SZ,20210526,35.93,1.8888,1.89,52.0964,9.4113,5.3856,1477575.2488,924781.1935
300638.SZ,20210525,36.14,2.3518,3.5,52.4009,9.4663,5.4171,1486211.23,930186.2603
300638.SZ,20210524,60.0,1.7911,1.62,51.1744,8.8363,5.2903,1451425.404,908414.592
300638.SZ,20210521,57.79,0.7246,0.65,49.2895,8.5108,5.0954,1397964.5683,874954.6545
300638.SZ,20210520,58.69,0.9619,0.86,50.0571,8.6434,5.1748,1419735.9493,888580.8734
300638.SZ,20210519,57.82,1.0175,0.97,49.3151,8.5152,5.0981,1398690.281,875408.8618
300638.SZ,20210518,58.02,1.2143,1.23,49.4856,8.5447,5.1157,1403528.3657,878436.9105
300638.SZ,20210517,56.32,1.6072,1.42,48.0357,8.2943,4.9658,1362404.6459,852698.497
300638.SZ,20210514,55.4,0.7989,0.59,47.251,8.1588,4.8847,1340149.4564,838769.4733
300638.SZ,20210513,54.0,0.9592,0.65,46.057,7.9527,4.7612,1306282.8636,817573.1328
300638.SZ,20210512,55.42,0.6897,0.45,47.2681,8.1618,4.8864,1340633.2648,839072.2781
300638.SZ,20210511,55.0,0.8862,0.55,46.9099,8.0999,4.8494,1330473.287,832713.376
300638.SZ,20210510,54.34,2.3168,1.69,46.3469,8.0027,4.7912,1314507.6076,822720.8155
300638.SZ,20210507,57.65,1.9643,1.65,49.1701,8.4902,5.0831,1394577.909,872835.0205
300638.SZ,20210506,58.36,1.5591,1.22,49.7756,8.5948,5.1457,1411753.1096,883584.5932
300638.SZ,20210430,57.01,0.9451,0.61,48.6242,8.3959,5.0266,1379096.038,863145.2648
300638.SZ,20210429,57.5,1.332,0.87,49.0421,8.4681,5.0698,1390949.3455,870563.984
300638.SZ,20210428,57.15,1.0725,0.67,48.7436,8.4166,5.039,1382482.6973,865264.8989
300638.SZ,20210427,56.83,1.0516,0.61,48.4707,8.3694,5.0108,1374741.7618,860420.0211
300638.SZ,20210426,57.43,1.9878,1.12,48.9824,8.4578,5.0637,1389256.0159,869504.167
300638.SZ,20210423,57.87,2.3321,1.32,49.3577,8.5226,5.1025,1399899.8022,876165.874
300638.SZ,20210422,58.38,1.1968,0.53,49.7927,9.0423,5.1474,1412236.9181,883887.398
300638.SZ,20210421,57.97,1.4142,0.63,49.443,8.9788,5.1113,1402318.8445,877679.8983
300638.SZ,20210420,57.72,1.6552,0.76,49.2298,8.94,5.0892,1396271.2386,873894.8375
300638.SZ,20210419,58.19,2.3144,1.21,49.6306,9.0128,5.1307,1407640.7376,881010.7518
300638.SZ,20210416,57.31,2.2475,1.38,81.5144,9.2417,7.2392,1386353.1651,867687.3378
300638.SZ,20210415,57.1,3.7182,3.4,81.2157,9.2078,7.2126,1381273.1761,864507.8867
300638.SZ,20210414,53.26,1.3006,1.3,75.7539,8.5886,6.7276,1288381.9503,806369.3528
300638.SZ,20210413,51.96,1.3253,1.42,73.9048,8.379,6.5634,1256934.3999,786687.0367
300638.SZ,20210412,53.01,0.9805,0.88,75.3983,8.5483,6.696,1282334.3444,802584.292
300638.SZ,20210409,54.2,0.8475,0.68,77.0909,8.7402,6.8463,1311120.9483,820601.1814
300638.SZ,20210408,54.34,1.0117,0.83,77.29,8.7628,6.864,1314507.6076,822720.8155
300638.SZ,20210407,54.76,0.8486,0.68,77.8874,8.8305,6.9171,1324667.5854,829079.7176
300638.SZ,20210406,54.4,0.9917,0.8,77.3754,8.7724,6.8716,1315959.033,823629.2301
300638.SZ,20210402,54.69,1.883,1.64,77.7878,8.8192,6.9082,1322974.2557,828019.9006
300638.SZ,20210401,53.99,1.4859,1.34,76.7922,8.7063,6.8198,1306040.9594,817421.7304
300638.SZ,20210331,52.45,0.8556,0.68,74.6018,8.458,6.6253,1268787.7073,794105.7558
300638.SZ,20210330,52.15,0.9866,0.63,74.1751,8.4096,6.5874,1261530.5803,789563.6829
300638.SZ,20210329,53.03,1.0129,0.55,75.4267,8.5515,6.6985,1282818.1529,802887.0969
300638.SZ,20210326,52.67,1.3992,0.79,74.9147,8.4935,6.6531,1274109.6005,797436.6093
300638.SZ,20210325,51.67,1.2807,0.74,73.4924,8.3322,6.5268,1249919.1771,782296.3661
300638.SZ,20210324,52.56,1.6139,0.99,74.7582,8.4757,6.6392,1271448.6539,795771.1826
300638.SZ,20210323,52.6,2.5125,1.82,74.8151,8.4822,6.6442,1272416.2708,796376.7923
300638.SZ,20210322,51.6,2.4863,1.98,73.3928,8.3209,6.5179,1248225.8474,781236.5491
300638.SZ,20210319,47.69,0.958,0.63,67.8314,7.6904,6.024,1153641.2919,722038.1982
300638.SZ,20210318,47.95,1.0435,0.65,68.2013,7.7323,6.0569,1159930.802,725974.6614
300638.SZ,20210317,48.95,1.1497,0.7,69.6236,7.8936,6.1832,1184121.2254,741114.9046
300638.SZ,20210316,48.39,1.2498,0.65,68.8271,7.8033,6.1124,1170574.5883,732636.3684
300638.SZ,20210315,47.99,1.8835,0.99,68.2581,7.7388,6.0619,1160898.419,726580.2712
300638.SZ,20210312,47.07,2.2705,1.27,66.9496,7.5904,5.9457,1138643.2294,712651.2474
300638.SZ,20210311,48.64,1.445,0.78,69.1827,7.8436,6.144,1176622.1942,736421.4292
300638.SZ,20210310,48.48,1.3507,0.73,68.9551,7.8178,6.1238,1172751.7264,733998.9903
300638.SZ,20210309,48.88,2.6359,1.62,69.524,7.8823,6.1743,1182427.8958,740055.0876
300638.SZ,20210308,52.15,1.7753,1.12,74.1751,8.4096,6.5874,1261530.5803,789563.6829
300638.SZ,20210305,53.87,1.7097,1.06,76.6215,8.687,6.8046,1303138.1086,815604.9012
300638.SZ,20210304,52.32,1.8359,1.13,74.4169,8.437,6.6089,1265642.9523,792137.5242
300638.SZ,20210303,54.17,1.2982,0.78,77.0482,8.7353,6.8425,1310395.2356,820146.9741
300638.SZ,20210302,53.52,1.5269,0.93,76.1237,8.6305,6.7604,1294671.4604,810305.8161
300638.SZ,20210301,54.47,1.564,0.84,77.4749,8.7837,6.8804,1317652.3626,824689.0471
300638.SZ,20210226,53.89,1.8174,0.97,76.65,8.6902,6.8072,1303621.917,815907.706
300638.SZ,20210225,53.45,1.8827,0.97,76.0241,8.6192,6.7516,1292978.1307,809245.999
300638.SZ,20210224,54.79,1.4779,0.74,77.9301,8.8353,6.9209,1325393.2981,829533.9249
300638.SZ,20210223,55.52,1.4407,0.68,78.9684,8.953,7.0131,1343052.3072,840586.3025
300638.SZ,20210222,55.0,2.6776,1.41,78.2288,8.8692,6.9474,1330473.287,832713.376
300638.SZ,20210219,58.26,1.9003,0.94,82.8656,9.3949,7.3592,1409334.0673,882070.5688
300638.SZ,20210218,58.1,2.1764,1.03,82.638,9.3691,7.339,1405463.5995,879648.1299
300638.SZ,20210210,57.14,1.7369,0.8,81.2726,9.2143,7.2177,1382240.7931,865113.4964
300638.SZ,20210209,57.13,2.0449,0.93,81.2583,9.2127,7.2164,1381998.8888,864962.094
300638.SZ,20210208,55.75,1.6547,0.73,79.3094,8.9898,7.0433,1348851.4643,831495.9968
300638.SZ,20210205,54.01,2.6049,1.22,76.834,8.7092,6.8235,1306752.7819,805544.3729
300638.SZ,20210204,56.55,2.6047,1.21,80.4474,9.1188,7.1444,1368207.1804,843427.7779
300638.SZ,20210203,58.82,2.0691,0.91,83.6767,9.4849,7.4312,1423129.0248,877284.2068
300638.SZ,20210202,59.7,2.2661,0.83,84.9286,9.6268,7.5424,1444420.3125,890409.1661
300638.SZ,20210201,57.66,1.7782,0.61,82.0265,9.2978,7.2847,1395063.2365,859983.1242
300638.SZ,20210129,56.32,1.9512,0.62,80.1202,9.0817,7.1154,1362642.412,839997.3908
300638.SZ,20210128,57.01,2.6969,0.86,81.1018,9.193,7.2025,1379336.7172,850288.5521
300638.SZ,20210127,60.85,2.6515,0.85,86.5646,9.8122,7.6877,1472244.1543,907561.1014
300638.SZ,20210126,61.28,4.5899,1.57,87.1763,9.8816,7.742,1482647.8517,913974.4338
300638.SZ,20210125,64.3,2.6811,0.78,91.4725,10.3685,8.1235,1555715.6799,959016.9075
300638.SZ,20210122,65.45,3.0174,0.84,93.1085,10.554,8.2688,1583539.5218,976168.8429
300638.SZ,20210121,65.6,2.7907,0.72,93.3219,10.5782,8.2878,1587168.7186,978406.0518
300638.SZ,20210120,66.0,2.4294,0.58,93.8909,10.6427,8.3383,1596846.5766,984371.9424
300638.SZ,20210119,65.83,3.6852,0.9,93.6491,10.6152,8.3168,1592733.4869,981836.4389
300638.SZ,20210118,67.44,5.299,1.33,95.9394,10.8749,8.5202,1631686.8655,1005849.1484
300638.SZ,20210115,62.57,3.6748,0.9,89.0114,10.0896,7.905,1513858.9439,933214.4308
300638.SZ,20210114,66.0,4.3772,1.17,93.8909,10.6427,8.3383,1596846.5766,984371.9424
300638.SZ,20210113,66.1,3.8364,1.06,94.0332,10.6588,8.3509,1599266.0411,985863.415
300638.SZ,20210112,65.12,3.2392,0.84,92.639,10.5008,8.2271,1575555.2889,971246.9832
300638.SZ,20210111,65.5,4.7616,1.25,93.1796,10.562,8.2751,1584749.2541,976914.5792
300638.SZ,20210108,65.12,4.1796,1.14,92.639,10.5008,8.2271,1575555.2889,971246.9832
300638.SZ,20210107,62.29,2.6832,0.71,88.6131,10.0444,7.8696,1507084.4433,929038.3075
300638.SZ,20210106,62.9,3.1665,0.75,89.4809,10.1428,7.9467,1521843.1768,938136.2906
300638.SZ,20210105,64.0,4.4588,1.09,91.0457,10.3202,8.0856,1548457.2864,954542.4896
300638.SZ,20210104,62.84,4.5472,1.27,89.3955,10.1331,7.9391,1520391.4981,937241.407
300638.SZ,20201231,59.85,3.4877,1.05,85.142,9.651,7.5613,1448049.5092,892646.375
300638.SZ,20201230,58.36,3.1104,0.98,83.0223,9.4107,7.3731,1411999.488,870423.4327
300638.SZ,20201229,58.75,5.5962,2.24,83.5771,9.4736,7.4224,1421435.3996,876240.176
300638.SZ,20201228,53.24,3.6341,1.56,75.7387,8.5851,6.7262,1288122.9051,794060.0335
300638.SZ,20201225,57.17,2.0308,0.93,81.3294,9.2188,7.2228,1383207.8604,852674.9083
300638.SZ,20201224,58.64,2.2572,1.09,83.4206,9.4558,7.4085,1418773.9887,874599.5561
300638.SZ,20201223,58.08,2.3495,1.16,82.624,9.3655,7.3377,1405224.9874,866247.3093
300638.SZ,20201222,56.65,2.2464,1.09,80.5897,9.135,7.1571,1370626.6449,844919.2506
300638.SZ,20201221,58.34,2.782,1.39,82.9939,9.4075,7.3706,1411515.5951,870125.1382
300638.SZ,20201218,56.13,1.3087,0.62,79.8499,9.0511,7.0914,1358045.4295,837163.5928
300638.SZ,20201217,57.48,1.6361,0.77,81.7704,9.2688,7.2619,1390708.2003,857298.4735
300638.SZ,20201216,56.8,2.1844,1.0,80.8031,9.1591,7.176,1374255.8417,843763.4604
300638.SZ,20201215,58.52,2.428,1.23,83.2499,9.4365,7.3933,1415870.6313,869314.0441
300638.SZ,20201214,57.51,2.4494,1.35,81.8131,9.2736,7.2657,1391434.0397,854310.5037
300638.SZ,20201211,55.86,1.8765,1.1,79.4658,9.0076,7.0572,1351512.8753,829799.7693
300638.SZ,20201210,57.63,1.7043,1.03,81.9838,9.293,7.2809,1394337.3971,856093.1025
300638.SZ,20201209,57.5,2.4645,1.42,81.7989,9.272,7.2644,1391192.0933,854161.9538
300638.SZ,20201208,57.45,1.3984,0.71,81.5926,9.2863,7.2461,1387683.2465,851120.0897
300638.SZ,20201207,58.08,1.6113,0.75,82.4873,9.3881,7.3256,1402900.6607,860453.5215
300638.SZ,20201204,58.55,1.3803,0.64,83.1548,9.4641,7.3849,1414253.3347,867416.5579
300638.SZ,20201203,57.9,1.4556,0.64,82.2317,9.359,7.3029,1398552.828,857786.8267
300638.SZ,20201202,58.18,2.8272,1.27,82.6293,9.4043,7.3382,1405316.1232,861935.0186
300638.SZ,20201201,58.72,2.5916,1.33,83.3963,9.4915,7.4063,1418359.6211,869935.103
300638.SZ,20201130,56.99,2.425,1.3,80.9393,9.2119,7.1881,1376572.1186,844305.203
300638.SZ,20201127,55.01,1.6959,0.73,78.1272,8.8919,6.9384,1328745.9598,688303.8234
300638.SZ,20201126,55.0,2.478,1.01,78.113,8.8902,6.9371,1328504.4135,688178.7
300638.SZ,20201125,57.19,3.1143,1.4,81.2233,9.2442,7.2133,1381403.0438,715580.7246
300638.SZ,20201124,56.16,1.395,0.53,79.7605,9.0777,7.0834,1356523.7793,702693.0144
300638.SZ,20201123,56.46,2.3255,0.86,80.1865,9.1262,7.1213,1363770.167,706446.7164
300638.SZ,20201120,57.1,2.2539,0.76,81.0955,9.2297,7.202,1379229.1275,714454.614
300638.SZ,20201119,57.46,3.2047,1.1,81.6068,9.2879,7.2474,1387924.7927,718959.0564
300638.SZ,20201118,55.02,1.9598,0.62,78.1414,8.8935,6.9396,1328987.506,688428.9468
300638.SZ,20201117,55.31,3.3442,0.99,78.5533,8.9403,6.9762,1335992.3475,692057.5254
300638.SZ,20201116,57.5,2.7171,0.71,81.6636,9.2943,7.2524,1388890.9778,719459.55
300638.SZ,20201113,57.37,3.6242,0.9,81.479,9.2733,7.236,1385750.8764,717832.9458
300638.SZ,20201112,58.8,2.9043,0.61,83.5099,9.5045,7.4164,1420291.9912,735725.592
300638.SZ,20201111,59.17,3.24,0.72,84.0354,9.5643,7.4631,1429229.2027,740355.1578
300638.SZ,20201110,62.1,4.3773,1.04,88.1967,10.0379,7.8326,1500002.256,777016.314
300638.SZ,20201109,65.13,5.0311,1.34,92.5,10.5277,8.2148,1573190.7718,814928.7042
300638.SZ,20201106,63.35,4.4899,1.24,89.972,10.2399,7.9903,1530195.5381,792656.739
300638.SZ,20201105,64.8,6.7542,2.22,92.0313,10.4743,8.1732,1565219.7454,810799.632
300638.SZ,20201104,60.06,1.8972,0.6,85.2994,9.7081,7.5753,1450726.8195,751491.1404
300638.SZ,20201103,60.86,2.9281,0.96,86.4356,9.8374,7.6762,1470050.5201,761501.0124
300638.SZ,20201102,59.16,2.7635,0.91,84.0212,9.5627,7.4618,1428987.6564,740230.0344
300638.SZ,20201030,58.88,3.7889,1.17,83.6235,9.5174,7.4265,1422224.3612,736726.5792
300638.SZ,20201029,59.88,3.8426,1.28,85.0437,9.679,7.5526,1446378.9869,749238.9192
300638.SZ,20201028,60.8,2.3907,0.8,86.3504,10.4999,7.6687,1468601.2426,760750.272
300638.SZ,20201027,61.33,2.507,0.87,87.1031,10.5914,7.7355,1481403.1942,767381.8122
300638.SZ,20201026,59.7,2.5998,0.95,84.7881,10.3099,7.5299,1442031.1543,746986.698
300638.SZ,20201023,61.0,4.8172,1.99,86.6344,10.5344,7.6939,1473432.1677,763252.74
300638.SZ,20201022,65.0,2.7088,1.03,92.3154,11.2252,8.1984,1570050.6705,813302.1
300638.SZ,20201021,67.35,2.2306,0.72,95.6529,11.631,8.4948,1626814.0409,842706.099
300638.SZ,20201020,68.19,1.9756,0.56,96.8459,11.7761,8.6007,1647103.9265,853216.4646
300638.SZ,20201019,67.16,1.934,0.46,95.3831,11.5982,8.4708,1622224.662,840328.7544
300638.SZ,20201016,67.6,3.2477,0.78,96.008,11.6742,8.5263,1632852.6973,845834.184
300638.SZ,20201015,68.96,3.7764,1.0,97.9395,11.909,8.6979,1665702.9883,862850.9664
300638.SZ,20201014,67.68,4.5575,1.39,96.1216,11.688,8.5364,1634785.0674,846835.1712
300638.SZ,20201013,67.68,4.1287,1.49,96.1216,11.688,8.5364,1634785.0674,846835.1712
300638.SZ,20201012,66.8,5.4716,2.67,94.8718,11.536,8.4254,1613528.9968,835824.312
300638.SZ,20201009,60.66,2.7982,1.43,86.1515,10.4757,7.651,1465219.595,758998.5444
300638.SZ,20200930,60.0,1.9914,0.97,85.2142,10.3617,7.5677,1449277.542,750740.4
300638.SZ,20200929,60.83,2.0001,0.88,86.393,10.505,7.6724,1469325.8813,761125.6422
300638.SZ,20200928,59.78,1.605,0.66,84.9017,10.3237,7.54,1443963.5243,747987.6852
300638.SZ,20200925,60.1,1.8351,0.69,85.3562,10.379,7.5804,1451693.0046,751991.634
300638.SZ,20200924,60.62,2.3379,0.8,86.0947,10.4688,7.6459,1464253.4099,758498.0508
300638.SZ,20200923,61.3,2.447,0.86,87.0605,10.5862,7.7317,1480678.5554,767006.442
300638.SZ,20200922,60.03,3.1151,1.16,85.2568,10.3669,7.5715,1450002.1808,751115.7702
300638.SZ,20200921,59.4,2.3888,0.87,84.362,10.2581,7.4921,1434784.7666,743232.996
300638.SZ,20200918,60.31,2.9302,1.01,85.6544,10.4152,7.6068,1456765.476,754619.2254
300638.SZ,20200917,60.69,3.7064,1.44,86.1941,10.4809,7.6548,1465944.2337,759373.9146
300638.SZ,20200916,58.97,2.164,0.72,83.7513,10.1838,7.4378,1424398.2775,737852.6898
300638.SZ,20200915,59.46,2.2318,0.62,84.4472,10.2684,7.4996,1436234.0441,743983.7364
300638.SZ,20200914,59.12,2.6494,0.7,83.9644,10.2097,7.4568,1428021.4714,739729.5408
300638.SZ,20200911,58.34,2.6764,0.72,82.8566,10.075,7.3584,1409180.8633,729969.9156
300638.SZ,20200910,57.39,3.1559,0.85,81.5074,9.911,7.2386,1386233.9689,718083.1926
300638.SZ,20200909,58.74,4.2635,1.21,83.4247,10.1441,7.4088,1418842.7136,734974.8516
300638.SZ,20200908,62.05,5.2933,1.72,88.1257,10.7157,7.8263,1498794.5247,776390.697
300638.SZ,20200907,64.74,3.5984,1.23,91.9504,11.1801,8.166,1563843.883,810048.8916
300638.SZ,20200904,68.27,2.3553,0.78,96.9641,11.7897,8.6112,1649113.7147,854217.4518
300638.SZ,20200903,67.92,2.9815,0.89,96.467,11.7293,8.5671,1640659.1988,849838.1328
300638.SZ,20200902,70.01,3.3288,1.04,99.4354,12.0902,8.8307,1691144.7366,875988.9234
300638.SZ,20200901,68.19,3.1133,0.97,96.8505,11.7759,8.6012,1647181.2539,853216.4646
300638.SZ,20200831,69.67,2.7994,0.81,98.9525,12.0315,8.7878,1682931.7783,871734.7278
300638.SZ,20200828,69.6,2.8971,0.78,98.8531,12.0194,8.779,1681240.8751,870858.864
300638.SZ,20200827,70.0,4.5686,1.17,99.4212,12.0885,8.8295,1690903.179,875863.8
300638.SZ,20200826,66.63,2.6197,0.47,94.6348,11.5065,8.4044,1609498.2688,833697.2142
300638.SZ,20200825,68.02,3.2307,0.56,96.609,11.7465,8.5797,1643074.7748,851089.3668
300638.SZ,20200824,67.99,4.0034,0.67,96.5664,11.7414,8.5759,1642350.102,850713.9966
300638.SZ,20200821,67.0,4.2017,0.72,95.1603,11.5704,8.451,1618435.8999,838326.78
300638.SZ,20200820,66.1,5.459,1.0,93.882,11.415,8.3375,1596695.7162,827065.674
300638.SZ,20200819,66.1,10.7479,2.46,93.882,11.415,8.3375,1596695.7162,827065.674
300638.SZ,20200818,73.25,4.398,0.97,104.0372,12.6497,9.2394,1769409.398,916528.905
300638.SZ,20200817,73.99,5.0509,1.03,105.0882,12.7775,9.3327,1787284.6602,925788.0366
300638.SZ,20200814,74.3,3.3828,0.62,105.5285,12.8311,9.3718,1794772.9457,929666.862
300638.SZ,20200813,73.39,3.8021,0.66,104.236,12.6739,9.2571,1772791.2044,918280.6326
300638.SZ,20200812,74.33,5.1925,0.88,105.5711,12.8362,9.3756,1795497.6185,930042.2322
300638.SZ,20200811,76.18,5.2213,0.75,108.1987,13.1557,9.609,1840185.7739,953190.0612
300638.SZ,20200810,77.84,6.931,0.96,110.5564,13.4424,9.8184,1880284.335,973960.5456
300638.SZ,20200807,81.14,6.2058,0.89,115.2434,14.0123,10.2346,1959998.3421,1015251.2676
300638.SZ,20200806,80.22,5.3099,0.79,113.9367,13.8534,10.1186,1937775.0431,1003739.9148
300638.SZ,20200805,79.28,5.7005,0.84,112.6016,13.6911,10.0,1915068.629,991978.3152
300638.SZ,20200804,77.67,10.6156,1.63,110.3149,13.413,9.7969,1876177.8559,971833.4478
300638.SZ,20200803,74.59,8.3495,1.3,105.9404,12.8811,9.4084,1801778.116,933295.4406
300638.SZ,20200731,67.81,4.8684,0.67,96.3107,12.5544,8.5532,1638002.0653,848461.7754
300638.SZ,20200730,64.99,3.8957,0.55,92.3055,12.0323,8.1975,1569882.8229,813176.9766
300638.SZ,20200729,66.8,6.0302,0.9,94.8762,12.3674,8.4258,1613604.748,835824.312
300638.SZ,20200728,65.4,9.3351,1.73,92.8878,12.1082,8.2492,1579786.6844,818307.036
300638.SZ,20200727,63.22,8.0897,1.78,89.7916,11.7046,7.9743,1527127.1282,791030.1348
300638.SZ,20200724,57.47,8.8789,2.44,81.6248,10.64,7.249,1388231.51,719084.1798
300638.SZ,20200723,59.08,3.3342,0.84,83.9115,10.9381,7.4521,1427122.2831,739229.0472
300638.SZ,20200722,59.22,3.6877,0.81,84.1103,10.964,7.4697,1430504.0894,740980.7748
300638.SZ,20200721,60.22,3.0377,0.55,85.5306,11.1492,7.5959,1454659.8491,753493.1148
300638.SZ,20200720,59.2,3.8208,0.63,84.0819,10.9603,7.4672,1430020.9742,740730.528
300638.SZ,20200717,58.74,4.2804,0.68,83.4286,10.8752,7.4092,1418909.3248,734974.8516
300638.SZ,20200716,58.4,5.0011,0.77,82.9457,10.8122,7.3663,1410696.3665,730720.656
300638.SZ,20200715,61.78,6.6591,1.1,87.7463,11.438,7.7926,1492342.8343,773012.3652
300638.SZ,20200714,65.2,7.6806,1.34,92.6038,12.0712,8.224,1574955.5324,815804.568
300638.SZ,20200713,68.88,6.695,1.22,97.8305,12.7525,8.6882,1663848.7281,861849.9792
300638.SZ,20200710,67.33,5.6445,1.07,95.629,12.4655,8.4927,1626407.3006,842455.8522
300638.SZ,20200709,64.66,5.6514,1.04,91.8368,11.9712,8.1559,1561911.4222,809047.9044
300638.SZ,20200708,62.44,4.6814,0.81,88.6837,11.5602,7.8759,1508285.6357,781270.5096
300638.SZ,20200707,62.0,6.0144,1.14,88.0588,11.4787,7.8204,1497657.1014,775765.08
300638.SZ,20200706,59.7,5.3953,1.1,84.7921,11.0529,7.5303,1442098.8541,746986.698
300638.SZ,20200703,58.0,4.52,0.96,82.3776,10.7382,7.3158,1401034.0626,725715.72
300638.SZ,20200702,58.71,6.5156,1.58,83.386,10.8696,7.4054,1418184.652,734599.4814
300638.SZ,20200701,57.06,6.3685,1.83,81.0425,10.5641,7.1973,1378327.6485,713954.1204
300638.SZ,20200630,60.1,3.6294,1.05,85.3602,11.127,7.5807,1451761.158,751991.634
300638.SZ,20200629,58.99,3.4478,0.94,83.7837,10.9214,7.4407,1424948.2647,738102.9366
300638.SZ,20200624,57.36,3.4863,0.8,81.4686,10.6197,7.2351,1385574.3764,717707.8224
300638.SZ,20200623,57.43,3.7218,0.81,81.568,10.6326,7.2439,1387265.2796,718583.6862
300638.SZ,20200622,55.91,3.1046,0.6,79.4091,10.3512,7.0522,1350548.5248,699564.9294
300638.SZ,20200619,54.64,3.5184,0.67,77.6054,10.1161,6.892,1319870.71,683674.2576
300638.SZ,20200618,54.29,4.5741,0.9,77.1082,10.0513,6.8479,1311416.1941,679294.9386
300638.SZ,20200617,53.91,6.9171,1.47,76.5685,9.9809,6.7999,1302237.0054,674540.2494
300638.SZ,20200616,57.37,4.8823,1.0,81.4828,10.6215,7.2364,1385815.934,717832.9458
300638.SZ,20200615,54.97,5.8809,1.13,78.0741,10.1772,6.9336,1327842.1107,687803.3298
300638.SZ,20200612,54.85,3.8646,0.72,77.9036,10.155,6.9185,1324943.4195,686301.849
300638.SZ,20200611,54.85,3.8734,0.75,77.9036,10.155,6.9185,1324943.4195,686301.849
300638.SZ,20200610,54.87,5.0271,1.03,77.932,10.1587,6.921,1325426.5347,686552.0958
300638.SZ,20200609,54.98,5.6997,1.24,78.0883,10.179,6.9349,1328083.6683,687928.4532
300638.SZ,20200608,53.34,7.478,1.79,75.759,9.8754,6.728,1288468.2224,667408.2156
300638.SZ,20200605,49.4,4.584,1.11,70.163,9.1459,6.2311,1193294.5292,618109.596
300638.SZ,20200604,47.07,3.184,0.67,66.8537,8.7146,5.9372,1137011.6091,588955.8438
300638.SZ,20200603,46.45,3.5111,0.73,65.9731,8.5998,5.859,1122035.0381,581198.193
300638.SZ,20200602,47.18,4.2979,0.95,67.0099,8.7349,5.9511,1139668.7426,590332.2012
300638.SZ,20200601,46.63,5.3173,1.29,66.2287,8.6331,5.8817,1126383.0748,583450.4142
300638.SZ,20200529,44.03,4.4283,1.15,62.5359,8.1517,5.5537,1063578.0996,550918.3302
300638.SZ,20200528,43.26,6.0876,1.88,61.4423,8.0092,5.4566,1044978.1646,541283.8284
300638.SZ,20200527,41.98,3.7627,1.13,59.6243,7.7722,5.2952,1014058.7922,525268.0332
300638.SZ,20200526,43.71,3.0467,0.96,62.0814,8.0925,5.5134,1055848.2565,546914.3814
300638.SZ,20200525,42.64,3.2593,1.07,60.5617,7.8944,5.3784,1030001.5936,533526.1776
300638.SZ,20200522,43.47,3.0753,1.02,61.7406,8.0481,5.4831,1050050.8742,543911.4198
300638.SZ,20200521,44.18,3.0191,1.11,62.749,8.1795,5.5726,1067201.4635,552795.1812
300638.SZ,20200520,45.31,4.2217,1.82,64.3539,8.3887,5.7152,1094497.472,566934.1254
300638.SZ,20200519,84.86,4.0405,0.92,66.9594,8.3834,5.9466,1138809.8712,589887.318
300638.SZ,20200518,82.84,4.92,1.09,65.3655,8.1839,5.805,1111701.7409,575845.692
300638.SZ,20200515,84.71,5.09,1.09,66.841,8.3686,5.9361,1136796.8912,588844.623
300638.SZ,20200514,85.58,2.8972,0.58,67.5275,8.4546,5.997,1148472.1751,594892.254
300638.SZ,20200513,86.24,3.8992,0.76,68.0483,8.5198,6.0433,1157329.287,599480.112
300638.SZ,20200512,86.6,5.1898,1.01,68.3324,8.5553,6.0685,1162160.4389,601982.58
300638.SZ,20200511,83.7,6.3432,1.14,66.0441,8.2688,5.8653,1123242.8261,506399.6475
300638.SZ,20200508,82.68,6.8243,1.37,65.2392,8.1681,5.7938,1109554.5622,500228.469
300638.SZ,20200507,79.22,4.8517,1.06,62.5091,7.8263,5.5513,1063121.8241,479294.8635
300638.SZ,20200506,78.88,5.3872,1.32,62.2408,7.7927,5.5275,1058559.0695,477237.804
300638.SZ,20200430,77.0,6.077,1.72,60.7574,7.6069,5.3958,1033329.7205,465863.475
300638.SZ,20200429,73.72,4.5656,1.47,58.1693,7.2829,5.1659,989312.5584,446018.901
300638.SZ,20200428,71.75,4.0397,1.32,56.6149,7.0883,5.0279,962875.4214,434100.0563
300638.SZ,20200427,70.4,2.8676,0.89,55.5496,6.9549,4.9333,944758.6016,425932.32
300638.SZ,20200424,68.53,2.7812,0.7,54.0741,7.0582,4.8022,919663.4512,414618.4928
300638.SZ,20200423,70.61,3.3831,0.85,55.7153,7.2724,4.948,947576.7736,427202.8568
300638.SZ,20200422,72.46,2.4271,0.52,57.1751,7.4629,5.0776,972403.5266,438395.6805
300638.SZ,20200421,72.41,3.8641,0.73,57.1356,7.4578,5.0741,971732.5333,438093.1718
300638.SZ,20200420,74.1,3.7068,0.64,58.4691,7.6319,5.1926,994412.1077,448317.9675
300638.SZ,20200417,73.85,6.6109,1.16,58.2719,7.6061,5.175,991057.141,446805.4238
300638.SZ,20200416,71.8,3.3512,0.51,56.6543,7.395,5.0314,963546.4147,434402.565
300638.SZ,20200415,72.06,5.9267,0.9,56.8595,7.4217,5.0496,967035.58,435975.6105
300638.SZ,20200414,71.86,6.8075,0.97,111.1044,7.6952,7.7204,964351.6067,434765.5755
300638.SZ,20200413,72.48,6.2791,0.87,112.063,7.7616,7.787,972671.9239,438516.684
300638.SZ,20200410,70.68,9.1795,0.8,109.2799,7.5688,7.5936,948516.1642,286089.669
300638.SZ,20200409,72.08,11.2594,1.07,111.4445,7.7188,7.744,967303.9773,291756.414
300638.SZ,20200408,72.0,9.1732,0.93,111.3208,7.7102,7.7354,966230.388,291432.6
300638.SZ,20200407,70.85,13.2545,1.55,109.5428,7.587,7.6119,950797.5415,286777.7738
300638.SZ,20200403,70.87,10.9692,1.43,109.5737,7.5892,7.614,951065.9389,286858.7273
300638.SZ,20200402,68.69,12.4839,2.03,106.2032,7.3557,7.3798,921810.6299,278034.7958
300638.SZ,20200401,66.69,6.5961,1.02,103.1109,7.1416,7.1649,894970.8969,269939.4458
300638.SZ,20200331,66.0,5.9988,0.9,102.0441,7.0677,7.0908,885711.189,267146.55
300638.SZ,20200330,66.6,6.6048,1.0,102.9914,6.851,7.1566,893933.2053,269605.125
300638.SZ,20200327,66.85,6.5687,1.02,103.378,6.8767,7.1835,897288.8104,270617.1563
300638.SZ,20200326,66.12,4.9714,0.7,102.2491,6.8016,7.105,887490.4435,267662.025
300638.SZ,20200325,66.86,8.3334,1.18,103.3934,6.8777,7.1846,897423.0346,270657.6375
300638.SZ,20200324,64.61,6.9548,0.93,99.914,6.6463,6.9428,867222.5885,261549.3563
300638.SZ,20200323,63.77,6.1559,0.74,98.615,6.5599,6.8525,855947.7553,258148.9313
300638.SZ,20200320,68.32,5.643,0.63,105.6512,7.0279,7.3414,917019.7686,276567.9
300638.SZ,20200319,68.75,8.4306,0.96,106.3162,7.0721,7.3876,922791.4094,278308.5938
300638.SZ,20200318,66.88,8.0177,0.92,103.4244,6.8798,7.1867,897691.483,270738.6
300638.SZ,20200317,66.72,8.9675,0.99,103.1769,6.8633,7.1695,895543.8958,270090.9
300638.SZ,20200316,66.55,10.4212,1.21,102.914,6.8458,7.1512,893262.0843,269402.7188
300638.SZ,20200313,73.48,9.0014,1.11,113.6307,7.5587,7.8959,986279.4583,297456.225
300638.SZ,20200312,74.1,7.5895,0.84,114.5895,7.6225,7.9625,994601.3591,299966.0625
300638.SZ,20200311,76.97,7.5166,0.8,119.0277,7.9177,8.2709,1033123.7059,311584.1813
300638.SZ,20200310,79.88,10.6097,1.04,123.5278,8.2171,8.5836,1072182.9495,323364.225
300638.SZ,20200309,76.0,8.3787,0.78,117.5277,7.8179,8.1667,1020103.958,307657.5
300638.SZ,20200306,78.88,6.5995,0.57,121.9814,8.1142,8.4762,1058760.529,319316.1
300638.SZ,20200305,80.03,11.8562,1.03,123.7597,8.2325,8.5998,1074196.3126,323971.4438
300638.SZ,20200304,81.38,9.6665,0.78,125.8474,8.3714,8.7448,1092316.5803,329436.4125
300638.SZ,20200303,83.61,14.5356,1.09,129.2959,8.6008,8.9844,1122248.578,338463.7313
300638.SZ,20200302,83.81,11.3677,0.87,129.6052,8.6213,9.0059,1124933.0621,339273.3563
300638.SZ,20200228,76.34,10.6398,0.83,118.0535,7.8529,8.2032,1024667.581,309033.8625
300638.SZ,20200227,82.47,11.3491,0.91,127.533,8.8305,8.8619,1106947.0186,333848.8688
300638.SZ,20200226,85.38,14.3978,1.22,132.0331,9.1421,9.1746,1146006.2623,345628.9125
300638.SZ,20200225,94.87,19.1795,1.81,146.7086,10.1583,10.1944,1273385.0328,384045.6188
300638.SZ,20200224,90.81,9.8026,0.88,140.4301,9.7236,9.7581,1218890.0056,367610.2313
300638.SZ,20200221,82.55,9.2181,0.77,127.6567,8.8391,8.8705,1108020.8123,334172.7188
300638.SZ,20200220,82.4,10.0455,0.89,127.4248,8.8231,8.8544,1106007.4492,333565.5
300638.SZ,20200219,82.99,10.7105,1.02,128.3371,8.8862,8.9178,1113926.6773,335953.8938
300638.SZ,20200218,85.0,13.3121,1.48,131.4454,9.1014,9.1338,1140905.7425,344090.625
300638.SZ,20200217,82.06,12.0981,1.42,126.899,8.7866,8.8179,1101443.8262,332189.1375
300638.SZ,20200214,74.6,14.0287,2.0,115.3627,7.9879,8.0163,1001312.5693,301990.125
300638.SZ,20200213,69.66,6.4304,0.9,107.7234,7.4589,7.4854,935005.812,281992.3875
300638.SZ,20200212,71.01,6.8149,0.92,109.8111,7.6035,7.6305,953126.0797,287457.3563
300638.SZ,20200211,70.27,5.6556,0.71,108.6667,7.5242,7.551,943193.4885,284461.7438
300638.SZ,20200210,70.44,9.7857,1.56,108.9296,7.5424,7.5692,945475.3,285149.925
300638.SZ,20200207,66.18,6.378,0.94,102.3419,7.0863,7.1115,888295.7887,267904.9125
300638.SZ,20200206,64.45,7.1854,1.01,99.6666,6.901,6.9256,865075.0012,260901.6563
300638.SZ,20200205,61.66,8.1734,1.21,95.3521,6.6023,6.6258,827626.448,249607.3875
300638.SZ,20200204,61.96,8.583,1.29,95.816,6.6344,6.658,831653.1742,250821.825
300638.SZ,20200203,61.0,1.1215,0.15,94.3314,6.5316,6.5549,818767.6505,246935.625
300638.SZ,20200123,67.78,8.7498,1.15,104.8161,7.2576,7.2834,909771.6615,274381.9125
300638.SZ,20200122,72.16,8.8348,1.23,111.5894,7.7266,7.7541,968561.8633,292112.7
300638.SZ,20200121,71.13,6.419,0.78,109.9966,7.6163,7.6434,954736.7702,287943.1313
300638.SZ,20200120,71.2,8.1934,0.97,110.1049,7.6238,7.6509,955676.3396,288226.5
300638.SZ,20200117,71.1,6.2875,0.77,109.9502,7.6131,7.6402,954334.0976,287821.6875
300638.SZ,20200116,70.7,8.1736,1.06,109.3317,7.5703,7.5972,948965.1294,286202.4375
300638.SZ,20200115,69.33,6.8609,0.88,107.2131,7.4236,7.45,930576.4133,280656.5063
300638.SZ,20200114,68.7,11.6698,1.72,106.2388,7.3561,7.3823,922120.2884,278106.1875
300638.SZ,20200113,67.5,9.1206,1.46,104.3831,7.2276,7.2533,906013.3838,273248.4375
300638.SZ,20200110,64.8,4.8917,0.77,100.2078,6.9385,6.9632,869772.8484,262318.5
300638.SZ,20200109,64.4,6.0102,0.93,99.5892,6.8957,6.9202,864403.8802,260699.25
300638.SZ,20200108,62.42,7.3406,1.3,96.5273,6.6837,6.7074,837827.4876,252683.9625
300638.SZ,20200107,65.13,6.5481,1.22,100.7181,6.9739,6.9987,874202.2472,263654.3813
300638.SZ,20200106,63.82,6.5361,1.26,98.6923,6.8336,6.8579,856618.8763,258351.3375
300638.SZ,20200103,63.15,5.2684,1.08,97.6562,6.7618,6.7859,847625.8546,255639.0938
300638.SZ,20200102,62.71,6.5021,1.51,96.9758,6.7147,6.7386,841719.9896,253857.9188
300638.SZ,20191231,62.7,3.3812,0.75,96.9603,6.7137,6.7375,841585.7654,253817.4375
300638.SZ,20191230,63.0,5.1371,1.06,97.4243,6.7458,6.7698,845612.4915,255031.875
300638.SZ,20191227,62.67,5.7119,1.27,96.9139,6.7104,6.7343,841183.0927,253695.9938
300638.SZ,20191226,64.06,3.5627,0.72,99.0635,6.8593,6.8837,859840.2572,259322.8875
300638.SZ,20191225,64.38,3.7844,0.68,99.5583,6.8935,6.9181,864135.4318,260618.2875
300638.SZ,20191224,64.85,4.4627,0.68,100.2851,6.9439,6.9686,870443.9694,262520.9063
300638.SZ,20191223,63.81,6.8436,0.98,98.6769,6.8325,6.8568,856484.6521,256153.823
300638.SZ,20191220,66.78,3.89,0.5,103.2697,7.1505,7.176,896349.241,268076.3564
300638.SZ,20191219,67.36,5.7848,0.75,104.1666,7.2126,7.2383,904134.2449,270404.6626
300638.SZ,20191218,67.09,7.1153,0.99,103.7491,7.1837,7.2093,900510.1913,269320.7959
300638.SZ,20191217,67.21,9.4263,1.51,103.9347,7.1966,7.2222,902120.8818,269802.5144
300638.SZ,20191216,65.3,8.7189,1.64,100.981,6.9921,7.0169,876484.0587,262135.1613
300638.SZ,20191213,63.38,8.145,1.7,98.0119,6.8232,6.8106,850713.0113,252886.2
300638.SZ,20191212,61.78,5.4086,1.03,95.3645,6.6389,6.6266,827734.5871,246502.2
300638.SZ,20191211,61.5,4.2024,0.84,94.9323,6.6088,6.5966,823983.1193,245385.0
300638.SZ,20191210,62.88,4.9102,1.02,97.0625,6.7571,6.7446,842472.4966,250891.2
300638.SZ,20191209,62.42,4.0106,0.87,96.3524,6.7077,6.6953,836309.3708,249055.8
300638.SZ,20191206,62.91,5.364,1.3,97.1088,6.7603,6.7478,842874.4395,251010.9
300638.SZ,20191205,62.75,7.8149,2.5,96.8618,6.7431,6.7307,840730.7436,250372.5
300638.SZ,20191204,59.92,2.9067,0.92,92.4934,6.439,6.4271,802814.122,239080.8
300638.SZ,20191203,60.9,3.9657,1.17,94.0061,6.5443,6.5323,815944.2596,242991.0
300638.SZ,20191202,59.16,3.044,0.72,91.3203,6.3573,6.3456,792631.5664,236048.4
300638.SZ,20191129,58.85,2.9512,0.62,90.8417,6.324,6.3124,788478.1556,234811.5
300638.SZ,20191128,59.21,2.776,0.49,82.6709,12.9789,5.7446,717557.7006,236247.9
300638.SZ,20191127,60.2,3.0787,0.51,84.0532,13.1959,5.8406,729555.372,240198.0
300638.SZ,20191126,60.1,5.06,0.8,83.9135,13.174,5.8309,728343.486,239799.0
300638.SZ,20191125,58.83,7.4168,1.19,82.1403,12.8956,5.7077,712952.5338,234731.7
300638.SZ,20191122,63.23,5.6548,0.83,88.2837,13.8601,6.1346,766275.5178,252287.7
300638.SZ,20191121,62.85,7.0083,1.1,87.7532,13.7768,6.0977,761670.351,250771.5
300638.SZ,20191120,65.44,5.2222,0.81,91.3694,14.3445,6.349,793058.1984,261105.6
300638.SZ,20191119,65.95,6.338,0.99,92.0815,14.4563,6.3985,799238.817,263140.5
300638.SZ,20191118,66.0,6.8873,1.12,92.1513,14.4673,6.4034,799844.76,263340.0
300638.SZ,20191115,64.1,8.5732,1.34,89.4985,14.0508,6.219,776818.926,255759.0
300638.SZ,20191114,63.04,4.8997,0.6,88.0185,13.8184,6.1162,763972.9344,251529.6
300638.SZ,20191113,63.2,5.5935,0.66,88.2418,13.8535,6.1317,765911.952,252168.0
300638.SZ,20191112,62.45,5.951,0.72,87.1947,13.6891,6.0589,756822.807,249175.5
300638.SZ,20191111,61.51,5.7608,0.72,85.8822,13.4831,5.9677,745431.0786,245424.9
300638.SZ,20191108,63.64,9.7275,1.44,88.8562,13.95,6.1744,771244.2504,253923.6
300638.SZ,20191107,63.53,13.926,2.95,88.7026,13.9259,6.1637,769911.1758,253484.7
300638.SZ,20191106,59.81,6.9899,1.66,83.5086,13.1104,5.8028,724829.0166,238641.9
300638.SZ,20191105,58.99,5.0957,1.1,82.3637,12.9307,5.7232,714891.5514,235370.1
300638.SZ,20191104,58.45,4.4975,0.91,81.6097,12.8123,5.6709,708347.367,233215.5
300638.SZ,20191101,58.18,3.3792,0.68,81.2328,12.7531,5.6447,705075.2748,232138.2
300638.SZ,20191031,57.18,3.6573,0.77,79.8365,12.5339,5.5476,692956.4148,228148.2
300638.SZ,20191030,56.83,4.3928,0.99,79.3479,12.4572,5.5137,688714.8138,226751.7
300638.SZ,20191029,58.03,7.1932,1.85,81.0233,12.7203,5.6301,703257.4458,231539.7
300638.SZ,20191028,61.24,6.0134,1.65,85.5052,13.4239,5.9415,742158.9864,244347.6
300638.SZ,20191025,59.58,3.5976,0.96,83.1875,14.2413,5.7805,722041.6788,237724.2
300638.SZ,20191024,59.26,2.5593,0.65,82.7407,14.1648,5.7494,718163.6436,236447.4
300638.SZ,20191023,59.24,2.8881,0.61,82.7128,14.16,5.7475,717921.2664,236367.6
300638.SZ,20191022,59.99,4.368,0.62,83.7599,14.3393,5.8203,727010.4114,239360.1
300638.SZ,20191021,58.81,4.7665,0.65,82.1124,14.0572,5.7058,712710.1566,234651.9
300638.SZ,20191018,59.1,4.1843,0.56,82.5173,14.1265,5.7339,716224.626,235809.0
300638.SZ,20191017,60.19,3.5909,0.44,84.0392,14.3871,5.8397,729434.1834,240158.1
300638.SZ,20191016,60.32,6.7656,0.86,84.2207,14.4182,5.8523,731009.6352,240676.8
300638.SZ,20191015,60.11,15.674,2.83,83.9275,14.368,5.8319,728464.6746,239838.9
300638.SZ,20191014,66.79,6.2694,1.19,93.2543,15.9647,6.48,809418.6594,266492.1
300638.SZ,20191011,65.4,5.3217,1.01,91.3136,15.6324,6.3452,792573.444,260946.0
300638.SZ,20191010,66.15,7.1615,1.36,92.3607,15.8117,6.4179,801662.589,263938.5
300638.SZ,20191009,64.0,4.7566,0.71,89.3588,15.2978,6.2093,775607.04,255360.0
300638.SZ,20191008,63.77,4.1751,0.57,89.0377,15.2428,6.187,772819.7022,254442.3
300638.SZ,20190930,63.8,4.9937,0.63,89.0796,15.25,6.1899,773183.268,254562.0
300638.SZ,20190927,65.25,5.3395,0.63,91.1041,15.5966,6.3306,790755.615,260347.5
300638.SZ,20190926,63.89,7.0801,0.85,89.2052,15.2715,6.1986,774273.9654,254921.1
300638.SZ,20190925,64.99,12.1151,1.72,90.7411,15.5344,6.3054,787604.7114,259310.1
300638.SZ,20190924,69.35,7.0721,0.95,96.8287,16.5766,6.7284,840442.941,276706.5
300638.SZ,20190923,69.3,7.8685,1.05,96.7589,16.5646,6.7235,839836.998,276507.0
300638.SZ,20190920,70.61,8.4908,1.17,98.5879,16.8778,6.8506,855712.7046,281733.9
300638.SZ,20190919,71.5,6.3463,0.75,99.8306,17.0905,6.937,866498.49,285285.0
300638.SZ,20190918,69.89,5.4651,0.5,97.5826,16.7057,6.7808,846987.1254,278861.1
300638.SZ,20190917,69.83,9.1742,0.76,97.4989,16.6913,6.775,846259.9938,278621.7
300638.SZ,20190916,72.4,8.1192,0.62,101.0872,17.3056,7.0243,877405.464,288876.0
300638.SZ,20190912,71.9,7.117,0.47,100.3891,17.1861,6.9758,871346.034,286881.0
300638.SZ,20190911,72.73,12.6169,0.79,101.5479,17.3845,7.0563,881404.6878,290192.7
300638.SZ,20190910,75.48,17.3258,1.12,105.3876,18.0418,7.3231,914731.5528,301165.2
300638.SZ,20190909,72.5,15.3045,1.07,101.2268,17.3295,7.034,878617.35,289275.0
300638.SZ,20190906,68.94,13.2621,0.95,96.2562,16.4786,6.6886,835474.2084,275070.6
300638.SZ,20190905,70.11,17.7248,1.46,97.8898,16.7582,6.8021,849653.2746,279738.9
300638.SZ,20190904,71.8,15.7639,1.47,100.2494,17.1622,6.9661,870134.148,286482.0
300638.SZ,20190903,68.42,15.1749,1.54,95.5302,16.3543,6.6382,829172.4012,272995.8
300638.SZ,20190902,67.73,9.873,0.94,94.5668,16.1894,6.5712,820810.3878,270242.7
300638.SZ,20190830,66.43,11.2215,0.99,92.7517,15.8786,6.4451,805055.8698,265055.7
300638.SZ,20190829,66.02,8.7869,0.73,92.1792,15.7806,6.4053,800087.1372,263419.8
300638.SZ,20190828,67.16,8.6676,0.68,93.7709,17.6505,6.5159,813902.6376,267968.4
300638.SZ,20190827,69.21,10.6348,0.72,96.6332,18.1892,6.7148,838746.3006,276147.9
300638.SZ,20190826,68.0,13.4682,0.9,94.9438,17.8712,6.5974,824082.48,271320.0
300638.SZ,20190823,70.39,15.1894,1.14,98.2808,18.4993,6.8293,853046.5554,280856.1
300638.SZ,20190822,66.69,12.607,1.02,93.1147,17.5269,6.4703,808206.7734,266093.1
300638.SZ,20190821,65.47,11.7371,0.97,91.4113,17.2063,6.3519,793421.7642,261225.3
300638.SZ,20190820,64.67,20.9426,2.23,90.2943,16.9961,6.2743,783726.6762,258033.3
300638.SZ,20190819,63.47,14.6093,1.71,88.6188,16.6807,6.1579,769184.0442,253245.3
300638.SZ,20190816,57.7,6.9631,0.78,80.5626,15.1643,5.5981,699258.222,230223.0
300638.SZ,20190815,58.79,7.3187,0.77,82.0845,15.4507,5.7038,712467.7794,234572.1
300638.SZ,20190814,58.83,10.4286,1.21,82.1403,15.4612,5.7077,712952.5338,234731.7
300638.SZ,20190813,59.71,7.7137,0.89,83.369,15.6925,5.7931,723617.1306,238242.9
300638.SZ,20190812,60.75,10.3953,1.28,84.8211,15.9658,5.894,736220.745,242392.5
300638.SZ,20190809,57.18,8.9765,1.15,79.8365,15.0276,5.5476,692956.4148,228148.2
300638.SZ,20190808,59.29,10.0364,1.4,82.7826,15.5821,5.7524,718527.2094,236567.1
300638.SZ,20190807,56.35,6.1447,0.87,78.6777,14.8095,5.4671,682897.761,224836.5
300638.SZ,20190806,56.51,7.6149,1.09,78.9011,14.8515,5.4826,684836.7786,225474.9
300638.SZ,20190805,55.99,7.9643,1.1,78.175,14.7149,5.4322,678534.9714,223400.1
300638.SZ,20190802,57.14,7.3931,1.08,79.7807,15.0171,5.5438,692471.6604,227988.6
300638.SZ,20190801,59.15,6.73,0.91,82.5871,15.5453,5.7388,716830.569,236008.5
300638.SZ,20190731,58.65,5.4423,0.66,81.889,15.4139,5.6903,710771.139,234013.5
300638.SZ,20190730,58.85,7.2617,0.83,82.1682,15.4665,5.7097,713194.911,234811.5
300638.SZ,20190729,59.09,9.3091,1.15,82.5033,15.5296,5.733,716103.4374,235769.1
300638.SZ,20190726,56.39,5.499,0.66,78.7335,14.82,5.471,683382.5154,224996.1
300638.SZ,20190725,56.9,9.3032,1.1,79.4456,14.954,5.5205,689563.134,227031.0
300638.SZ,20190724,57.36,9.5809,1.13,80.0879,15.0749,5.5651,695137.8096,228866.4
300638.SZ,20190723,55.59,10.0956,1.1,77.6165,14.6097,5.3934,673687.4274,221804.1
300638.SZ,20190722,53.14,5.8488,0.54,74.1958,13.9658,5.1557,643996.2204,212028.6
300638.SZ,20190719,54.47,6.5409,0.58,76.0527,14.3154,5.2847,660114.3042,217335.3
300638.SZ,20190718,54.9,10.1414,0.93,76.6531,14.4284,5.3264,665325.414,219051.0
300638.SZ,20190717,57.77,9.812,0.95,80.6603,15.1827,5.6049,700106.5422,230502.3
300638.SZ,20190716,58.99,13.6834,1.44,82.3637,15.5033,5.7232,714891.5514,235370.1
300638.SZ,20190715,60.32,14.3793,1.72,84.2207,15.8528,5.8523,731009.6352,240676.8
300638.SZ,20190712,54.84,8.6925,1.06,76.5694,14.4126,5.3206,664598.2824,218811.6
300638.SZ,20190711,58.55,8.1548,0.98,81.7494,15.3877,5.6806,709559.253,233614.5
300638.SZ,20190710,58.39,6.9462,0.8,81.526,15.3456,5.665,707620.2354,232976.1
300638.SZ,20190709,59.23,9.2664,0.97,82.6988,15.5664,5.7465,717800.0778,236327.7
300638.SZ,20190708,58.5,8.653,0.82,81.6796,15.3745,5.6757,708953.31,233415.0
300638.SZ,20190705,60.86,7.9754,0.7,84.9747,15.9947,5.9047,737553.8196,242831.4
300638.SZ,20190704,60.37,8.8682,0.68,84.2905,15.866,5.8571,731615.5782,240876.3
300638.SZ,20190703,59.73,8.7566,0.69,83.3969,15.6978,5.795,723859.5078,238322.7
300638.SZ,20190702,60.22,13.7004,1.14,84.0811,15.8265,5.8426,729797.7492,240277.8
300638.SZ,20190701,56.56,13.6209,1.19,78.9709,14.8647,5.4875,685442.7216,225674.4
300638.SZ,20190628,54.94,12.0332,1.03,76.709,14.4389,5.3303,665810.1684,219210.6
300638.SZ,20190627,56.44,16.9349,1.62,78.8033,14.8331,5.4758,683988.4584,225195.6
300638.SZ,20190626,51.31,7.3105,0.67,71.6407,13.4849,4.9781,621818.7066,204726.9
300638.SZ,20190625,51.38,10.0391,1.05,71.7384,13.5033,4.9849,622667.0268,205006.2
300638.SZ,20190624,52.32,10.7131,1.26,73.0508,13.7503,5.0761,634058.7552,208756.8
300638.SZ,20190621,52.89,13.4134,1.86,73.8467,13.9001,5.1314,640966.5054,211031.1
300638.SZ,20190620,49.39,10.7896,1.66,68.9599,12.9803,4.7918,598550.4954,197066.1
300638.SZ,20190619,47.95,9.5393,1.33,66.9493,12.6018,4.6521,581099.337,191320.5
300638.SZ,20190618,45.64,3.4486,0.42,63.724,11.9947,4.428,553104.7704,182103.6
300638.SZ,20190617,45.6,5.2941,0.6,63.6682,11.9842,4.4241,552620.016,181944.0
300638.SZ,20190614,46.66,7.0036,0.72,65.1482,12.2628,4.527,565466.0076,186173.4
300638.SZ,20190613,48.33,7.2983,0.65,67.4799,12.7017,4.689,585704.5038,192836.7
300638.SZ,20190612,49.38,12.8989,1.06,68.9459,12.9777,4.7909,598429.3068,197026.2
300638.SZ,20190611,47.61,8.9037,0.73,66.4746,12.5125,4.6192,576978.9246,189963.9
300638.SZ,20190610,45.76,7.7622,0.66,63.8916,12.0263,4.4397,554559.0336,182582.4
300638.SZ,20190606,44.8,12.0594,1.12,62.5512,11.774,4.3465,542924.928,178752.0
300638.SZ,20190605,49.62,14.699,1.65,69.281,13.0407,4.8142,601337.8332,197983.8
300638.SZ,20190604,48.76,17.4827,2.56,68.0803,12.8147,4.7307,590915.6136,194552.4
300638.SZ,20190603,45.29,8.8402,1.32,63.2353,11.9028,4.3941,548863.1694,180707.1
300638.SZ,20190531,44.7,5.7205,0.84,62.4116,11.7477,4.3368,541713.042,178353.0
300638.SZ,20190530,45.02,7.0125,0.93,62.8584,11.8318,4.3679,545591.0772,179629.8
300638.SZ,20190529,46.22,5.4717,0.64,64.5338,12.1472,4.4843,560133.7092,184417.8
300638.SZ,20190528,46.19,7.1034,0.79,64.4919,12.1393,4.4814,559770.1434,184298.1
300638.SZ,20190527,46.47,8.1742,0.9,64.8829,12.2129,4.5085,563163.4242,185415.3
300638.SZ,20190524,44.38,6.4749,0.66,61.9648,11.6636,4.3058,537835.0068,177076.2
300638.SZ,20190523,44.44,10.5811,1.12,62.0485,11.6794,4.3116,538562.1384,177315.6
300638.SZ,20190522,47.8,10.4839,1.18,66.7399,12.5624,4.6376,579281.508,190722.0
300638.SZ,20190521,46.53,9.348,1.1,64.9667,12.2286,4.5144,563890.5558,185654.7
300638.SZ,20190520,45.61,8.441,1.01,63.6821,11.9869,4.4251,552741.2046,181983.9
300638.SZ,20190517,45.39,9.9853,1.14,63.375,11.929,4.4038,550075.0554,181106.1
300638.SZ,20190516,45.8,9.1732,1.09,63.9474,12.0368,4.4435,555043.788,182742.0
300638.SZ,20190515,48.37,7.5406,0.81,67.5357,12.7122,4.6929,586189.2582,192996.3
300638.SZ,20190514,47.45,7.1959,0.68,66.2512,12.4704,4.6036,575039.907,189325.5
300638.SZ,20190513,47.11,7.9238,0.8,65.7765,12.3811,4.5706,570919.4946,187968.9
300638.SZ,20190510,48.0,11.9814,1.34,67.0191,12.615,4.657,581705.28,191520.0
300638.SZ,20190509,44.54,7.5421,0.83,62.1882,11.7057,4.3213,539774.0244,177714.6
300638.SZ,20190508,46.1,11.9381,1.46,64.3663,12.1156,4.4727,558679.446,183939.0
300638.SZ,20190507,43.97,13.3571,1.92,61.3923,11.5558,4.266,532866.2742,175440.3
300638.SZ,20190506,47.0,4.4425,0.6,65.6229,12.3522,4.56,569586.42,187530.0
300638.SZ,20190430,52.22,7.315,0.94,72.9112,13.724,5.0664,632846.8692,208357.8
300638.SZ,20190429,53.9,8.5266,0.98,75.2569,13.2922,5.2294,653206.554,215061.0
300638.SZ,20190426,54.9,7.2245,0.77,76.6531,13.5388,5.3264,665325.414,219051.0
300638.SZ,20190425,56.19,7.3545,0.66,78.4543,15.1877,5.4516,680958.7434,224198.1
300638.SZ,20190424,58.73,6.8586,0.5,82.0007,15.8743,5.698,711740.6478,234332.7
300638.SZ,20190423,57.96,9.1362,0.63,80.9256,15.6662,5.6233,702409.1256,231260.4
300638.SZ,20190422,59.95,12.911,0.91,83.7041,16.204,5.8164,726525.657,239200.5
300638.SZ,20190419,63.55,10.9298,0.8,88.7305,17.1771,6.1657,770153.553,253564.5
300638.SZ,20190418,65.4,16.0158,1.35,91.3136,17.6771,6.3452,792573.444,260946.0
300638.SZ,20190417,70.3,19.9121,2.12,98.1551,19.0016,6.8206,851955.858,280497.0
300638.SZ,20190416,67.08,13.1724,1.49,93.6592,18.1312,6.5081,812933.1288,267649.2
300638.SZ,20190415,60.98,10.6606,1.27,85.1422,16.4824,5.9163,739008.0828,243310.2
300638.SZ,20190412,57.93,8.1984,1.05,80.8837,15.6581,5.6204,702045.5598,231140.7
300638.SZ,20190411,59.8,7.4466,0.94,83.4947,16.1635,5.8018,724707.828,238602.0
300638.SZ,20190410,60.4,7.4114,0.86,84.3324,16.3257,5.86,731979.144,240996.0
300638.SZ,20190409,61.9,10.5899,1.27,86.4267,16.7311,6.0056,750157.434,246981.0
300638.SZ,20190408,57.0,8.3051,0.97,79.5852,15.4067,5.5302,690775.02,227430.0
300638.SZ,20190404,60.4,5.3283,0.57,84.3324,16.3257,5.86,731979.144,240996.0
300638.SZ,20190403,61.85,8.1586,0.89,86.3569,16.7176,6.0007,749551.491,246781.5
300638.SZ,20190402,64.68,10.7797,1.23,90.3083,17.4825,6.2753,783847.8648,258073.2
300638.SZ,20190401,61.7,9.1648,1.09,86.1475,16.6771,5.9862,747733.662,246183.0
300638.SZ,20190329,60.0,9.5807,1.18,83.7739,16.2176,5.8212,727131.6,239400.0
300638.SZ,20190328,57.0,9.1182,1.17,79.5852,15.4067,5.5302,690775.02,227430.0
300638.SZ,20190327,56.41,7.4267,0.97,78.7614,15.2472,5.4729,683624.8926,225075.9
300638.SZ,20190326,56.0,8.7043,1.09,78.189,15.1364,5.4332,678656.16,223440.0
300638.SZ,20190325,56.5,7.3287,0.86,78.8871,15.2715,5.4817,684715.59,225435.0
300638.SZ,20190322,58.68,7.9617,0.93,81.9309,15.8608,5.6932,711134.7048,234133.2
300638.SZ,20190321,62.29,7.7063,0.83,86.9713,16.8365,6.0434,754883.7894,248537.1
300638.SZ,20190320,61.34,6.4213,0.63,85.6449,16.5797,5.9512,743370.8724,244746.6
300638.SZ,20190319,62.14,10.5482,0.95,86.7618,16.796,6.0289,753065.9604,247938.6
300638.SZ,20190318,60.02,9.916,0.81,83.8018,16.223,5.8232,727373.9772,239479.8
300638.SZ,20190315,57.0,8.3785,0.66,79.5852,15.4067,5.5302,690775.02,227430.0
300638.SZ,20190314,58.27,11.022,0.85,81.3584,15.75,5.6534,706165.9722,232497.3
300638.SZ,20190313,57.15,11.2034,0.82,79.7946,15.4472,5.5447,692592.849,228028.5
300638.SZ,20190312,61.55,15.1754,1.13,85.9381,16.6365,5.9716,745915.833,245584.5
300638.SZ,20190311,58.64,15.7358,1.15,81.875,15.85,5.6893,710649.9504,233973.6
300638.SZ,20190308,54.34,10.6941,0.71,75.8712,14.6877,5.2721,658538.8524,216816.6
300638.SZ,20190307,49.4,11.8913,0.78,136.5042,13.3525,10.6279,598671.684,197106.0
300638.SZ,20190306,51.28,15.1782,0.94,141.6991,13.8606,11.0323,621455.1408,204607.2
300638.SZ,20190305,47.88,13.8212,0.84,132.3041,12.9416,10.3008,580251.0168,191041.2
300638.SZ,20190304,46.5,17.1207,1.19,128.4908,12.5686,10.004,563526.99,185535.0
300638.SZ,20190301,43.09,17.4851,1.27,119.0681,11.6469,9.2703,522201.6774,171929.1
300638.SZ,20190228,43.34,12.9776,0.92,119.759,11.7145,9.3241,525231.3924,172926.6
300638.SZ,20190227,39.4,19.093,1.62,108.8718,10.6495,8.4765,477483.084,157206.0
300638.SZ,20190226,41.13,15.273,1.48,113.6522,11.1171,8.8487,498448.7118,164108.7
300638.SZ,20190225,37.39,6.8651,0.6,103.3177,10.1062,8.044,453124.1754,149186.1
300638.SZ,20190222,33.99,14.5189,1.3,93.9226,9.4935,7.3126,411920.0514,135620.1
300638.SZ,20190221,30.9,14.5405,1.54,85.3842,8.6305,6.6478,374472.774,123291.0
300638.SZ,20190220,29.9,7.7239,0.81,82.621,8.3512,6.4326,362353.914,119301.0
300638.SZ,20190219,29.75,7.9577,0.88,82.2065,8.3093,6.4004,360536.085,118702.5
300638.SZ,20190218,30.08,12.0226,1.56,83.1183,8.4014,6.4714,364535.3088,120019.2
300638.SZ,20190215,29.3,13.7402,2.45,80.963,8.1836,6.3036,355082.598,116907.0
300638.SZ,20190214,28.41,5.7169,1.1,78.5037,7.935,6.1121,344296.8126,113355.9
300638.SZ,20190213,28.56,8.1471,1.93,78.9182,7.9769,6.1444,346114.6416,113954.4
300638.SZ,20190212,28.18,5.602,1.41,77.8682,7.8708,6.0626,341509.4748,112438.2
300638.SZ,20190211,27.85,5.3325,1.39,76.9563,7.7786,5.9916,337510.251,111121.5
300638.SZ,20190201,26.77,3.2585,0.8,73.972,7.477,5.7593,324421.8822,106812.3
300638.SZ,20190131,26.1,3.5796,0.8,72.1206,7.2898,5.6151,316302.246,104139.0
300638.SZ,20190130,26.03,3.304,0.71,71.9272,7.2703,5.6001,315453.9258,103859.7
300638.SZ,20190129,26.93,4.4408,0.94,74.4141,7.5216,5.7937,326360.8998,107450.7
300638.SZ,20190128,26.8,4.5862,0.91,74.0549,7.4853,5.7657,324785.448,106932.0
300638.SZ,20190125,27.72,4.4146,0.87,76.5971,7.7423,5.9636,335934.7992,110602.8
300638.SZ,20190124,28.3,5.5574,1.1,78.1998,7.9043,6.0884,342963.738,112917.0
300638.SZ,20190123,28.05,4.168,0.65,77.509,7.8345,6.0346,339934.023,111919.5
300638.SZ,20190122,28.43,4.8475,0.74,78.559,7.9406,6.1164,344539.1898,113435.7
300638.SZ,20190121,28.69,6.3013,0.99,79.2774,8.0132,6.1723,347690.0934,114473.1
300638.SZ,20190118,28.25,4.6032,0.68,78.0616,7.8903,6.0777,342357.795,112717.5
300638.SZ,20190117,28.43,5.2502,0.75,78.559,7.9406,6.1164,344539.1898,113435.7
300638.SZ,20190116,28.5,11.1301,1.92,78.7524,7.9601,6.1315,345387.51,113715.0
300638.SZ,20190115,28.21,5.6673,1.03,77.9511,7.8791,6.0691,341873.0406,112557.9
300638.SZ,20190114,28.26,5.1406,0.94,78.0892,7.8931,6.0798,342478.9836,112757.4
300638.SZ,20190111,28.07,6.5639,1.29,77.5642,7.84,6.0389,340176.4002,111999.3
300638.SZ,20190110,28.01,6.4157,1.21,77.3984,7.8233,6.026,339449.2686,111759.9
300638.SZ,20190109,27.35,5.2626,0.95,75.5747,7.6389,5.884,331450.821,109126.5
300638.SZ,20190108,27.35,4.1133,0.75,75.5747,7.6389,5.884,331450.821,109126.5
300638.SZ,20190107,27.62,4.9616,0.86,76.3208,7.7144,5.9421,334722.9132,110203.8
300638.SZ,20190104,26.7,4.6613,0.72,73.7786,7.4574,5.7442,323573.562,106533.0
300638.SZ,20190103,26.15,7.4312,0.97,72.2588,7.3038,5.6259,316908.189,104338.5
300638.SZ,20190102,28.4,6.6435,0.86,78.4761,7.9322,6.1099,344175.624,113316.0
300638.SZ,20181228,27.59,3.7895,0.5,76.2379,7.706,5.9357,334359.3474,110084.1
300638.SZ,20181227,27.8,6.3004,0.93,76.8182,7.7646,5.9809,336904.308,110922.0
300638.SZ,20181226,28.08,8.0231,1.39,77.5919,7.8428,6.0411,340297.5888,112039.2
300638.SZ,20181225,29.0,13.5638,3.57,80.134,8.0998,6.239,351446.94,115710.0
300638.SZ,20181224,27.92,6.996,,77.1497,7.7981,6.0067,338358.5712,111400.8
300638.SZ,20181221,26.74,2.8243,0.8,73.8891,7.4686,5.7528,324058.3164,106692.6
300638.SZ,20181220,26.8,2.5326,0.62,74.0549,7.4853,5.7657,324785.448,106932.0
300638.SZ,20181219,26.66,2.9885,0.69,73.6681,7.4462,5.7356,323088.8076,106373.4
300638.SZ,20181218,26.79,3.6406,0.73,74.0273,7.4825,5.7636,324664.2594,106892.1
300638.SZ,20181217,26.52,3.2521,0.52,73.2812,7.4071,5.7055,321392.1672,105814.8
300638.SZ,20181214,26.58,5.3446,0.81,73.447,7.4239,5.7184,322119.2988,106054.2
300638.SZ,20181213,27.87,5.1032,0.68,77.0116,7.7842,5.9959,337752.6282,111201.3
300638.SZ,20181212,27.31,4.3754,0.54,75.4642,7.6278,5.8754,330966.0666,108966.9
300638.SZ,20181211,28.01,7.013,0.82,77.3984,7.8233,6.026,339449.2686,111759.9
300638.SZ,20181210,27.55,9.6855,1.11,76.1273,7.6948,5.9271,333874.593,109924.5
300638.SZ,20181207,26.91,6.7285,0.73,74.3589,7.5161,5.7894,326118.5226,107370.9
300638.SZ,20181206,26.0,9.49,1.04,71.8443,7.2619,5.5936,315090.36,103740.0
300638.SZ,20181205,28.3,7.4196,0.75,78.1998,7.9043,6.0884,342963.738,112917.0
300638.SZ,20181204,27.81,9.6867,1.03,76.8458,7.7674,5.983,337025.4966,110961.9
300638.SZ,20181203,27.9,10.2978,1.29,77.0945,7.7926,6.0024,338116.194,111321.0
300638.SZ,20181130,26.56,9.2054,1.34,73.3917,7.4183,5.7141,321876.9216,105974.4
300638.SZ,20181129,26.98,8.8302,1.54,74.5523,7.5356,5.8044,326966.8428,107650.2
300638.SZ,20181128,27.7,11.7637,2.86,76.5418,7.7367,5.9593,335692.422,110523.0
300638.SZ,20181127,26.39,6.8294,1.88,72.922,7.3708,5.6775,319816.7154,105296.1
300638.SZ,20181126,25.21,3.1872,0.82,69.6614,7.0412,5.4236,305516.4606,100587.9
300638.SZ,20181123,25.18,3.8204,0.86,69.5785,7.0329,5.4172,305152.8948,100468.2
300638.SZ,20181122,26.25,3.1407,0.6,72.5351,7.3317,5.6474,318120.075,104737.5
300638.SZ,20181121,26.38,3.5739,0.61,72.8944,7.368,5.6754,319695.5268,105256.2
300638.SZ,20181120,25.9,4.4269,0.64,71.568,7.234,5.5721,313878.474,103341.0
300638.SZ,20181119,26.8,4.5168,0.53,73.3286,7.7075,5.7092,321600.0,106932.0
300638.SZ,20181116,26.65,6.561,0.66,72.9182,7.6644,5.6772,319800.0,106333.5
300638.SZ,20181115,26.65,7.2945,0.77,72.9182,7.6644,5.6772,319800.0,106333.5
300638.SZ,20181114,25.89,6.6979,0.66,70.8387,7.4458,5.5153,310680.0,103301.1
300638.SZ,20181113,26.49,9.7189,1.05,72.4804,7.6184,5.6431,317880.0,105695.1
300638.SZ,20181112,25.97,12.3491,1.5,71.0576,7.4688,5.5324,311640.0,103620.3
300638.SZ,20181109,25.03,13.6698,1.83,68.4856,7.1985,5.3321,300360.0,99869.7
300638.SZ,20181108,23.73,5.0394,0.6,64.9286,6.8246,5.0552,284760.0,94682.7
300638.SZ,20181107,24.18,9.9826,1.34,66.1599,6.954,5.151,290160.0,96478.2
300638.SZ,20181106,24.77,5.1022,0.69,67.7742,7.1237,5.2767,297240.0,98832.3
300638.SZ,20181105,24.85,7.407,1.09,67.9931,7.1467,5.2938,298200.0,99151.5
300638.SZ,20181102,24.98,9.7371,1.57,68.3488,7.1841,5.3215,299760.0,99670.2
300638.SZ,20181101,24.35,9.8778,1.87,66.625,7.0029,5.1872,292200.0,97156.5
300638.SZ,20181031,23.59,5.1709,1.03,64.5456,6.7843,5.0253,283080.0,94124.1
300638.SZ,20181030,23.03,4.8214,0.91,63.0133,6.6233,4.9061,276360.0,91889.7
300638.SZ,20181029,23.3,4.2519,0.66,63.7521,6.7009,4.9636,279600.0,92967.0
300638.SZ,20181026,23.61,6.8563,1.02,64.6003,7.4402,5.0296,283320.0,94203.9
300638.SZ,20181025,22.98,5.2876,0.79,62.8765,7.2416,4.8954,275760.0,91690.2
300638.SZ,20181024,23.46,3.7853,0.5,64.1899,7.3929,4.9977,281520.0,93605.4
300638.SZ,20181023,23.75,6.4177,0.76,64.9834,7.4843,5.0594,285000.0,94762.5
300638.SZ,20181022,24.56,10.0734,1.41,67.1996,7.7395,5.232,294720.0,97994.4
300638.SZ,20181019,23.61,8.0157,1.26,64.6003,7.4402,5.0296,283320.0,94203.9
300638.SZ,20181018,22.37,5.2771,0.86,61.2075,7.0494,4.7655,268440.0,89256.3
300638.SZ,20181017,23.69,7.8226,1.58,64.8192,7.4654,5.0466,284280.0,94523.1
300638.SZ,20181016,22.8,10.973,3.48,62.384,7.1849,4.8571,273600.0,90972.0
300638.SZ,20181015,22.92,3.7299,1.26,62.7124,7.2227,4.8826,275040.0,91450.8
300638.SZ,20181012,20.84,3.948,1.57,57.0212,6.5672,4.4395,250080.0,83151.6
300638.SZ,20181011,21.23,4.0678,1.74,58.0883,6.6901,4.5226,254760.0,84707.7
300638.SZ,20181010,23.59,1.9726,0.81,64.5456,7.4338,5.0253,283080.0,94124.1
300638.SZ,20181009,23.32,2.0402,0.85,63.8068,7.3488,4.9678,279840.0,93046.8
300638.SZ,20181008,23.0,2.7456,1.17,62.9313,7.2479,4.8997,276000.0,91770.0
300638.SZ,20180928,24.98,1.7637,0.66,68.3488,7.8719,5.3215,299760.0,99670.2
300638.SZ,20180927,24.85,3.1398,1.08,67.9931,7.8309,5.2938,298200.0,99151.5
300638.SZ,20180926,25.65,2.4322,0.78,70.182,8.083,5.4642,307800.0,102343.5
300638.SZ,20180925,25.38,1.9064,0.6,69.4433,7.9979,5.4067,304560.0,101266.2
300638.SZ,20180921,25.6,2.5293,0.79,70.0452,8.0673,5.4535,307200.0,102144.0
300638.SZ,20180920,25.3,3.2625,1.03,69.2244,7.9727,5.3896,303600.0,100947.0
300638.SZ,20180919,25.82,4.4175,1.61,70.6472,8.1366,5.5004,309840.0,103021.8
300638.SZ,20180918,25.63,3.5203,1.29,70.1273,8.0767,5.4599,307560.0,102263.7
300638.SZ,20180917,25.25,2.1526,0.72,69.0876,7.957,5.379,303000.0,100747.5
300638.SZ,20180914,25.23,2.5811,0.81,69.0329,7.9507,5.3747,302760.0,100667.7
300638.SZ,20180913,25.92,3.2223,1.02,70.9208,8.1681,5.5217,311040.0,103420.8
300638.SZ,20180912,25.42,2.245,0.63,69.5527,8.0105,5.4152,305040.0,101425.8
300638.SZ,20180911,25.64,3.432,0.96,70.1547,8.0799,5.4621,307680.0,102303.6
300638.SZ,20180910,25.0,3.4551,0.85,68.4035,7.8782,5.3257,300000.0,99750.0
300638.SZ,20180907,26.24,3.4932,0.82,71.7964,8.2689,5.5899,314880.0,104697.6
300638.SZ,20180906,26.52,3.1799,0.74,72.5625,8.3572,5.6495,318240.0,105814.8
300638.SZ,20180905,26.66,4.1474,0.92,72.9455,8.4013,5.6793,319920.0,106373.4
300638.SZ,20180904,26.9,3.554,0.66,73.6022,8.4769,5.7305,322800.0,107331.0
300638.SZ,20180903,26.49,5.8576,0.98,72.4804,8.3477,5.6431,317880.0,105695.1
300638.SZ,20180831,27.75,4.4407,0.75,75.9279,8.7448,5.9115,333000.0,110722.5
300638.SZ,20180830,27.72,3.6193,0.55,75.8458,8.7353,5.9052,332640.0,110602.8
300638.SZ,20180829,28.14,5.0333,0.76,76.995,8.8677,5.9946,337680.0,112278.6
300638.SZ,20180828,28.82,7.9041,1.14,78.8556,9.082,6.1395,345840.0,114991.8
300638.SZ,20180827,28.7,8.9904,1.3,78.5273,9.0441,6.1139,344400.0,114513.0
300638.SZ,20180824,27.99,4.1195,0.57,76.5846,8.8204,5.9627,335880.0,111680.1
300638.SZ,20180823,28.42,7.0515,0.94,77.7611,8.9559,6.0543,341040.0,113395.8
300638.SZ,20180822,27.98,5.0005,0.69,76.5572,8.8173,5.9605,335760.0,111640.2
300638.SZ,20180821,28.53,9.5156,1.51,78.0621,8.9906,6.0777,342360.0,113834.7
300638.SZ,20180820,28.57,8.9391,1.52,78.1716,9.0032,6.0862,342840.0,113994.3
300638.SZ,20180817,27.48,5.5222,0.89,75.1892,8.6597,5.854,329760.0,109645.2
300638.SZ,20180816,27.39,8.4099,1.39,74.9429,8.6313,5.8349,328680.0,109286.1
300638.SZ,20180815,26.81,3.9669,0.63,73.356,8.4486,5.7113,321720.0,106971.9
300638.SZ,20180814,27.7,4.5831,0.72,75.7911,8.729,5.9009,332400.0,110523.0
300638.SZ,20180813,28.16,6.8406,1.24,77.0497,8.874,5.9989,337920.0,112358.4
300638.SZ,20180810,27.99,7.0659,1.5,76.5846,8.8204,5.9627,335880.0,111680.1
300638.SZ,20180809,27.44,7.737,1.81,75.0797,8.6471,5.8455,329280.0,109485.6
300638.SZ,20180808,26.4,5.2871,1.35,72.2341,8.3194,5.624,316800.0,105336.0
300638.SZ,20180807,26.58,4.756,1.3,72.7266,8.3761,5.6623,318960.0,106054.2
300638.SZ,20180806,25.86,2.7924,0.74,70.7566,8.5099,5.5089,310320.0,103181.4
300638.SZ,20180803,25.78,2.9991,0.79,70.5377,8.4835,5.4919,309360.0,102862.2
300638.SZ,20180802,26.59,5.4999,1.3,72.754,8.7501,5.6644,319080.0,106094.1
300638.SZ,20180801,27.44,3.5162,0.79,75.0797,9.0298,5.8455,329280.0,109485.6
300638.SZ,20180731,28.15,3.4367,0.7,77.0224,9.2635,5.9968,337800.0,112318.5
300638.SZ,20180730,28.04,3.4355,0.66,76.7214,9.2273,5.9733,336480.0,111879.6
300638.SZ,20180727,28.61,3.1565,0.54,78.281,9.4148,6.0948,343320.0,114153.9
300638.SZ,20180726,28.71,7.684,1.17,78.5546,9.4477,6.1161,344520.0,114552.9
300638.SZ,20180725,30.35,4.5434,0.6,83.0419,9.9874,6.4654,364200.0,121096.5
300638.SZ,20180724,30.34,5.6144,0.62,83.0145,9.9841,6.4633,364080.0,121056.6
300638.SZ,20180723,30.33,5.2145,0.47,82.9872,9.9808,6.4612,363960.0,121016.7
300638.SZ,20180720,30.09,6.256,0.46,82.3305,9.9019,6.41,361080.0,120059.1
300638.SZ,20180719,29.86,11.0917,0.77,81.7012,9.8262,6.361,358320.0,119141.4
300638.SZ,20180718,31.49,9.8338,0.67,86.1611,10.3626,6.7083,377880.0,125645.1
300638.SZ,20180717,32.59,12.5422,0.84,89.1709,10.7245,6.9426,391080.0,130034.1
300638.SZ,20180716,33.28,15.6348,1.15,91.0588,10.9516,7.0896,399360.0,132787.2
300638.SZ,20180713,32.91,18.6437,1.5,90.0464,10.8298,7.0108,394920.0,131310.9
300638.SZ,20180712,32.31,15.3391,1.3,88.4047,10.6324,6.883,387720.0,128916.9
300638.SZ,20180711,31.07,11.2511,0.79,85.0119,10.2244,6.6188,372840.0,123969.3
300638.SZ,20180710,32.75,13.6553,0.78,89.6086,10.7772,6.9767,393000.0,130672.5
300638.SZ,20180709,31.58,9.2453,0.48,86.4073,10.3922,6.7274,378960.0,126004.2
300638.SZ,20180706,30.67,12.4782,0.57,83.9175,10.0927,6.5336,368040.0,122373.3
300638.SZ,20180705,30.65,12.182,0.53,83.8627,10.0861,6.5293,367800.0,122293.5
300638.SZ,20180704,32.48,24.0308,1.09,88.8699,10.6883,6.9192,389760.0,129595.2
300638.SZ,20180703,35.1,30.0631,1.45,96.0386,11.5505,7.4773,421200.0,140049.0
300638.SZ,20180702,33.02,18.0964,0.8,90.3474,10.866,7.0342,396240.0,131749.8
300638.SZ,20180629,33.24,24.7997,1.09,90.9493,10.9384,7.0811,398880.0,132627.6
300638.SZ,20180628,31.09,18.7194,0.79,85.0666,10.2309,6.6231,373080.0,124049.1
300638.SZ,20180627,32.29,18.0829,0.74,88.35,10.6258,6.8787,387480.0,128837.1
300638.SZ,20180626,32.62,24.1389,1.0,89.2529,10.7344,6.949,391440.0,130153.8
300638.SZ,20180625,33.0,27.368,1.17,90.2927,10.8595,7.0299,396000.0,131670.0
300638.SZ,20180622,31.41,25.4102,1.11,85.9422,10.3362,6.6912,376920.0,125325.9
300638.SZ,20180621,30.93,22.9698,1.07,84.6289,10.1783,6.589,371160.0,123410.7
300638.SZ,20180620,30.92,22.9405,1.2,84.6015,10.175,6.5868,371040.0,123370.8
300638.SZ,20180619,28.85,21.5686,1.18,78.9377,9.4938,6.1459,346200.0,115111.5
300638.SZ,20180615,30.77,24.151,1.3,84.1911,10.1256,6.5549,369240.0,122772.3
300638.SZ,20180614,32.66,22.8223,1.43,89.3624,10.7476,6.9575,391920.0,130313.4
300638.SZ,20180613,29.69,15.8548,1.0,81.236,9.7702,6.3248,356280.0,118463.1
300638.SZ,20180612,28.8,11.2543,0.7,78.8009,9.4774,6.1352,345600.0,114912.0
300638.SZ,20180611,29.4,17.2575,1.22,80.4426,9.6748,6.263,352800.0,117306.0
300638.SZ,20180608,29.8,25.6399,2.38,81.537,9.8064,6.3483,357600.0,118902.0
300638.SZ,20180607,28.0,9.7051,0.89,76.612,9.2141,5.9648,336000.0,111720.0
300638.SZ,20180606,29.0,15.7992,1.49,79.3481,9.5432,6.1778,348000.0,115710.0
300638.SZ,20180605,28.09,11.4676,0.97,76.8582,9.2437,5.984,337080.0,112079.1
300638.SZ,20180604,26.86,8.0852,0.56,73.4928,8.8389,5.7219,322320.0,107171.4
300638.SZ,20180601,26.43,8.7813,0.56,72.3162,8.6974,5.6303,317160.0,105455.7
300638.SZ,20180531,26.55,10.5098,0.65,72.6446,8.7369,5.6559,318600.0,105934.5
300638.SZ,20180530,26.01,14.352,0.79,71.167,8.5592,5.5409,312120.0,103779.9
300638.SZ,20180529,28.9,17.5406,0.95,79.0745,9.5103,6.1565,346800.0,115311.0
300638.SZ,20180528,31.6,21.5468,1.31,86.4621,10.3988,6.7317,379200.0,126084.0
300638.SZ,20180525,31.34,14.1372,0.97,85.7507,10.3132,6.6763,376080.0,125046.6
300638.SZ,20180524,47.87,19.4576,1.01,87.3194,10.2216,6.7985,382960.0,127334.2
300638.SZ,20180523,47.94,36.8303,2.76,87.4471,10.2365,6.8084,383520.0,127520.4
300638.SZ,20180522,49.89,29.2495,3.11,91.0041,10.6529,7.0853,399120.0,132707.4
300638.SZ,20180521,45.35,16.2708,1.87,82.7227,9.6835,6.4406,362800.0,120631.0
300638.SZ,20180518,41.23,7.5943,0.85,75.2074,8.8037,5.8554,329840.0,109671.8
300638.SZ,20180517,42.09,6.3977,0.7,76.7761,8.9874,5.9776,336720.0,111959.4
300638.SZ,20180516,42.1,7.1997,0.69,76.7944,8.9895,5.979,336800.0,111986.0
300638.SZ,20180515,43.06,9.5844,0.93,78.5455,9.1945,6.1153,344480.0,114539.6
300638.SZ,20180514,42.39,12.825,1.32,77.3234,9.0514,6.0202,339120.0,112757.4
300638.SZ,20180511,41.08,8.7235,0.92,74.9338,8.7717,5.8341,328640.0,109272.8
300638.SZ,20180510,43.01,7.6706,0.77,78.4543,9.1838,6.1082,344080.0,114406.6
300638.SZ,20180509,43.27,13.2998,1.59,78.9286,9.2393,6.1452,346160.0,115098.2
300638.SZ,20180508,42.2,8.9444,0.99,76.9768,9.0109,5.9932,337600.0,112252.0
300638.SZ,20180507,42.05,9.9053,1.0,76.7032,8.9788,5.9719,336400.0,111853.0
300638.SZ,20180504,40.75,7.718,0.65,74.3318,8.7012,5.7873,326000.0,108395.0
300638.SZ,20180503,41.3,9.6424,0.77,75.3351,8.8187,5.8654,330400.0,109858.0
300638.SZ,20180502,38.96,5.5863,0.43,71.0667,8.319,5.5331,311680.0,103633.6
300638.SZ,20180427,39.6,12.539,0.99,72.2341,8.4557,5.624,316800.0,105336.0
300638.SZ,20180426,42.11,13.9117,1.13,76.8126,9.1453,5.9804,336880.0,112012.6
300638.SZ,20180425,42.4,17.3555,1.43,77.3416,9.2083,6.0216,339200.0,112784.0
300638.SZ,20180424,41.2,13.0991,0.9,75.1527,8.9477,5.8512,329600.0,109592.0
300638.SZ,20180423,39.0,8.6455,0.48,71.1397,8.4699,5.5387,312000.0,103740.0
300638.SZ,20180420,38.12,10.089,0.52,69.5345,8.2788,5.4138,304960.0,101399.2
300638.SZ,20180419,39.66,12.6187,0.62,72.3436,8.6132,5.6325,317280.0,105495.6
300638.SZ,20180418,41.3,16.1089,0.82,75.3351,8.9694,5.8654,330400.0,109858.0
300638.SZ,20180417,40.13,25.0975,1.47,73.2009,8.7153,5.6992,321040.0,106745.8
300638.SZ,20180416,44.11,26.0436,1.89,80.4608,9.5796,6.2645,352880.0,117332.6
300638.SZ,20180413,40.1,17.1003,1.35,73.1462,8.7088,5.695,320800.0,106666.0
300638.SZ,20180412,42.19,23.7945,1.52,83.7071,9.1669,9.8016,337520.0,84380.0
300638.SZ,20180411,40.9,16.3506,0.92,81.1477,8.8866,9.5019,327200.0,81800.0
300638.SZ,20180410,39.02,15.8882,0.79,77.4177,8.4781,9.0651,312160.0,78040.0
300638.SZ,20180409,41.28,12.9064,0.51,81.9016,8.9692,9.5901,330240.0,82560.0
300638.SZ,20180404,40.72,15.3824,0.57,80.7905,8.8475,9.46,325760.0,81440.0
300638.SZ,20180403,42.33,17.5347,0.69,83.9849,9.1973,9.8341,338640.0,84660.0
300638.SZ,20180402,43.09,27.1344,1.28,85.4927,9.3625,10.0106,344720.0,86180.0
300638.SZ,20180330,42.9,27.8389,1.63,85.1158,9.3212,9.9665,343200.0,85800.0
300638.SZ,20180329,42.07,38.9715,3.73,83.469,9.1408,9.7737,336560.0,84140.0
300638.SZ,20180328,41.65,23.858,3.32,82.6357,9.0496,9.6761,333200.0,83300.0
300638.SZ,20180327,37.86,8.6945,1.36,75.1162,8.2261,8.7956,302880.0,75720.0
300638.SZ,20180326,36.12,6.6005,1.13,71.6639,7.848,8.3914,288960.0,72240.0
300638.SZ,20180323,35.09,7.3329,1.38,69.6203,7.6242,8.1521,280720.0,70180.0
300638.SZ,20180322,38.99,5.7475,0.95,77.3581,8.4716,9.0581,311920.0,77980.0
300638.SZ,20180321,38.08,7.5085,1.31,75.5527,8.2739,8.8467,304640.0,76160.0
300638.SZ,20180320,38.26,4.6645,0.71,75.9098,8.313,8.8885,306080.0,76520.0
300638.SZ,20180319,37.71,3.8805,0.43,74.8186,8.1935,8.7608,301680.0,75420.0
300638.SZ,20180316,37.31,4.736,0.41,74.0249,8.1066,8.6678,298480.0,74620.0
300638.SZ,20180315,37.9,9.4996,0.87,75.1955,8.2348,8.8049,303200.0,75800.0
300638.SZ,20180314,39.12,5.7815,0.48,77.6161,8.4999,9.0883,312960.0,78240.0
300638.SZ,20180313,39.73,8.96,0.67,78.8263,8.6324,9.23,317840.0,79460.0
300638.SZ,20180312,41.45,15.9625,1.39,82.2389,9.0061,9.6296,331600.0,82900.0
300638.SZ,20180309,41.3,17.7163,1.82,81.9413,8.9735,9.5948,330400.0,82600.0
300638.SZ,20180308,38.79,6.2463,0.58,76.9613,8.4282,9.0117,310320.0,77580.0
300638.SZ,20180307,38.71,10.7858,1.0,76.8026,8.4108,8.9931,309680.0,77420.0
300638.SZ,20180306,38.58,16.1108,1.48,76.5447,8.3825,8.9629,308640.0,77160.0
300638.SZ,20180305,37.0,6.631,0.57,73.4099,8.0392,8.5958,296000.0,74000.0
300638.SZ,20180302,36.1,9.0178,0.86,71.6242,7.8437,8.3867,288800.0,72200.0
300638.SZ,20180301,36.83,10.9368,1.21,73.0726,8.0023,8.5563,294640.0,73660.0
300638.SZ,20180228,36.25,11.4853,1.57,71.9218,7.8763,8.4216,290000.0,72500.0
300638.SZ,20180227,37.1,16.4035,3.37,73.6083,8.061,8.619,296800.0,74200.0
300638.SZ,20180226,35.6,9.8492,2.55,70.6322,8.1448,8.2706,284800.0,71200.0
300638.SZ,20180223,32.36,3.921,0.89,64.2039,7.4035,7.5179,258880.0,64720.0
300638.SZ,20180222,32.36,3.7185,0.68,64.2039,7.4035,7.5179,258880.0,64720.0
300638.SZ,20180214,31.63,2.682,0.45,62.7555,7.2365,7.3483,253040.0,63260.0
300638.SZ,20180213,31.51,4.179,0.65,62.5174,7.209,7.3204,252080.0,63020.0
300638.SZ,20180212,32.23,4.83,0.72,63.946,7.3738,7.4877,257840.0,64460.0
300638.SZ,20180209,31.28,6.7175,1.09,62.0611,7.1564,7.2669,250240.0,62560.0
300638.SZ,20180208,32.86,8.784,1.6,65.1959,7.5179,7.634,262880.0,65720.0
300638.SZ,20180207,30.4,5.223,0.96,60.3151,6.9551,7.0625,243200.0,60800.0
300638.SZ,20180206,29.61,6.6725,1.34,58.7477,6.7743,6.879,236880.0,59220.0
300638.SZ,20180205,32.55,6.265,1.32,64.5809,7.447,7.562,260400.0,65100.0
300638.SZ,20180202,34.68,3.818,0.74,68.8069,7.9343,8.0568,277440.0,69360.0
300638.SZ,20180201,35.49,5.5424,1.07,70.414,8.1196,8.245,283920.0,70980.0
300638.SZ,20180131,36.05,4.9162,0.83,71.525,8.2477,8.3751,288400.0,72100.0
300638.SZ,20180130,37.78,4.284,0.74,74.9574,8.6435,8.777,302240.0,75560.0
300638.SZ,20180129,38.25,5.1592,0.88,75.8899,8.751,8.8862,306000.0,76500.0
300638.SZ,20180126,39.0,5.7425,0.99,77.378,8.9226,9.0605,312000.0,78000.0
300638.SZ,20180125,40.21,5.8845,1.04,79.7787,9.1995,9.3416,321680.0,80420.0
300638.SZ,20180124,40.72,8.628,1.53,80.7905,9.3161,9.46,325760.0,81440.0
300638.SZ,20180123,39.29,3.461,0.57,77.9534,8.989,9.1278,314320.0,78580.0
300638.SZ,20180122,39.16,5.7367,0.9,77.6954,8.9592,9.0976,313280.0,78320.0
300638.SZ,20180119,39.92,5.1898,0.75,79.2033,9.1331,9.2742,319360.0,79840.0
300638.SZ,20180118,40.12,5.2407,0.62,79.6001,9.1789,9.3207,320960.0,80240.0
300638.SZ,20180117,41.1,8.6015,0.98,81.5445,9.4031,9.5483,328800.0,82200.0
300638.SZ,20180116,40.3,5.6682,0.61,79.9572,9.2201,9.3625,322400.0,80600.0
300638.SZ,20180115,39.34,7.0345,0.68,78.0526,9.0004,9.1394,314720.0,78680.0
300638.SZ,20180112,40.88,8.213,0.78,81.108,9.3528,9.4972,327040.0,81760.0
300638.SZ,20180111,42.39,12.8846,1.16,84.1039,9.6982,9.848,339120.0,84780.0
300638.SZ,20180110,41.68,10.0372,0.76,82.6952,9.5358,9.6831,333440.0,83360.0
300638.SZ,20180109,42.47,8.327,0.6,84.2626,9.7165,9.8666,339760.0,84940.0
300638.SZ,20180108,42.18,12.1529,0.81,83.6873,9.6502,9.7992,337440.0,84360.0
300638.SZ,20180105,43.54,9.366,0.55,86.3856,9.9613,10.1152,348320.0,87080.0
300638.SZ,20180104,44.25,15.6915,0.84,87.7942,10.1238,10.2801,354000.0,88500.0
300638.SZ,20180103,45.48,20.452,1.1,90.2346,10.4052,10.5659,363840.0,90960.0
300638.SZ,20180102,44.41,11.8607,0.6,88.1117,10.1604,10.3173,355280.0,88820.0
300638.SZ,20171229,45.03,17.859,0.83,89.3418,10.3022,10.4613,360240.0,90060.0
300638.SZ,20171228,44.22,19.3857,0.84,87.7347,10.1169,10.2732,353760.0,88440.0
300638.SZ,20171227,45.7,23.476,1.04,90.6711,10.4555,10.617,365600.0,91400.0
300638.SZ,20171226,44.48,20.7325,0.96,88.2506,10.1764,10.3336,355840.0,88960.0
300638.SZ,20171225,44.53,17.786,0.88,88.3498,10.1878,10.3452,356240.0,89060.0
300638.SZ,20171222,44.98,25.7842,1.48,89.2426,10.2908,10.4497,359840.0,89960.0
300638.SZ,20171221,44.05,27.2294,1.89,87.3974,10.078,10.2337,352400.0,88100.0
300638.SZ,20171220,42.04,21.2155,1.63,83.4095,9.6181,9.7667,336320.0,84080.0
300638.SZ,20171219,42.96,16.1522,1.29,85.2348,9.8286,9.9804,343680.0,85920.0
300638.SZ,20171218,39.05,11.0384,0.78,77.4772,8.9341,9.0721,312400.0,78100.0
300638.SZ,20171215,40.3,11.546,0.67,79.9572,9.2201,9.3625,322400.0,80600.0
300638.SZ,20171214,41.72,12.2325,0.62,82.7746,9.5449,9.6924,333760.0,83440.0
300638.SZ,20171213,41.88,13.9855,0.71,83.092,9.5815,9.7295,335040.0,83760.0
300638.SZ,20171212,40.85,14.0076,0.71,81.0485,9.3459,9.4902,326800.0,81700.0
300638.SZ,20171211,42.0,18.8751,0.93,83.3301,9.609,9.7574,336000.0,84000.0
300638.SZ,20171208,41.73,26.6973,1.44,82.7944,9.5472,9.6947,333840.0,83460.0
300638.SZ,20171207,41.82,25.6487,1.53,82.973,9.5678,9.7156,334560.0,83640.0
300638.SZ,20171206,38.02,12.966,0.7,75.4336,8.6984,8.8328,304160.0,76040.0
300638.SZ,20171205,36.18,14.917,0.75,71.783,8.2775,8.4053,289440.0,72360.0
300638.SZ,20171204,38.97,20.8345,1.01,77.3185,8.9158,9.0535,311760.0,77940.0
300638.SZ,20171201,43.3,18.6335,0.78,85.9094,9.9064,10.0594,346400.0,86600.0
300638.SZ,20171130,42.41,16.7276,0.63,84.1436,9.7028,9.8527,339280.0,84820.0
300638.SZ,20171129,43.31,21.4787,0.69,85.9292,9.9087,10.0617,346480.0,86620.0
300638.SZ,20171128,45.17,21.2927,0.59,89.6196,10.3342,10.4939,361360.0,90340.0
300638.SZ,20171127,43.34,25.3036,0.72,85.9888,9.9156,10.0687,346720.0,86680.0
300638.SZ,20171124,48.16,35.2156,1.08,95.5519,11.0183,11.1885,385280.0,96320.0
300638.SZ,20171123,44.97,30.0628,0.9,89.2228,10.2885,10.4474,359760.0,89940.0
300638.SZ,20171122,49.87,43.1557,1.4,98.9446,11.4095,11.5858,398960.0,99740.0
300638.SZ,20171121,49.5,47.5494,1.98,98.2105,11.3249,11.4998,396000.0,99000.0
300638.SZ,20171120,45.0,20.9034,0.93,89.2823,10.2953,10.4544,360000.0,90000.0
300638.SZ,20171117,40.91,21.0245,0.96,81.1675,9.3596,9.5042,327280.0,81820.0
300638.SZ,20171116,45.45,35.0614,2.11,90.1751,10.3983,10.5589,363600.0,90900.0
300638.SZ,20171115,46.64,29.8148,2.18,92.5361,10.6706,10.8354,373120.0,93280.0
300638.SZ,20171114,42.4,12.9711,0.98,84.1238,9.7005,9.8503,339200.0,84800.0
300638.SZ,20171113,44.56,13.9482,1.08,88.4093,10.1947,10.3521,356480.0,89120.0
300638.SZ,20171110,45.23,17.4212,1.54,89.7386,10.348,10.5078,361840.0,90460.0
300638.SZ,20171109,43.7,8.9647,0.71,86.703,9.9979,10.1524,349600.0,87400.0
300638.SZ,20171108,43.99,15.0065,1.28,87.2784,10.0643,10.2197,351920.0,87980.0
300638.SZ,20171107,42.41,10.633,0.96,84.1436,9.7028,9.8527,339280.0,84820.0
300638.SZ,20171106,42.5,12.3155,1.08,84.3222,9.7234,9.8736,340000.0,85000.0
300638.SZ,20171103,41.1,9.7088,0.82,81.5445,9.4031,9.5483,328800.0,82200.0
300638.SZ,20171102,41.0,15.2653,1.24,81.3461,9.3802,9.5251,328000.0,82000.0
300638.SZ,20171101,40.18,10.5012,0.85,79.7192,9.1926,9.3346,321440.0,80360.0
300638.SZ,20171031,38.75,7.8222,0.58,76.882,8.8654,9.0024,310000.0,77500.0
300638.SZ,20171030,37.9,13.6244,1.03,75.1955,8.671,8.8049,303200.0,75800.0
300638.SZ,20171027,41.55,11.9319,0.9,82.4373,9.506,9.6529,332400.0,83100.0
300638.SZ,20171026,42.58,17.548,1.41,84.4809,9.7417,9.8922,340640.0,85160.0
300638.SZ,20171025,41.79,10.835,0.77,82.9135,9.8668,9.7086,334320.0,83580.0
300638.SZ,20171024,40.62,13.7225,1.0,80.5921,9.5906,9.4368,324960.0,81240.0
300638.SZ,20171023,42.53,12.0649,0.75,84.3817,10.0416,9.8805,340240.0,85060.0
300638.SZ,20171020,41.8,12.3172,0.63,82.9333,9.8692,9.7109,334400.0,83600.0
300638.SZ,20171019,41.73,13.314,0.59,82.7944,9.8527,9.6947,333840.0,83460.0
300638.SZ,20171018,42.16,18.7675,0.74,83.6476,9.9542,9.7946,337280.0,84320.0
300638.SZ,20171017,43.84,12.364,0.41,86.9808,10.3509,10.1849,350720.0,87680.0
300638.SZ,20171016,43.5,23.5022,0.65,86.3062,10.2706,10.1059,348000.0,87000.0
300638.SZ,20171013,48.33,30.5168,0.8,95.8892,11.411,11.228,386640.0,96660.0
300638.SZ,20171012,47.18,28.1377,0.67,93.6075,11.1394,10.9608,377440.0,94360.0
300638.SZ,20171011,46.51,32.8006,0.84,92.2782,10.9813,10.8052,372080.0,93020.0
300638.SZ,20171010,49.5,37.3096,1.04,98.2105,11.6872,11.4998,396000.0,99000.0
300638.SZ,20171009,51.66,52.8685,1.7,102.4961,12.1972,12.0016,413280.0,103320.0
300638.SZ,20170929,50.05,39.3726,1.41,99.3017,11.8171,11.6276,400400.0,100100.0
300638.SZ,20170928,45.5,47.0768,2.09,90.2743,10.7428,10.5705,364000.0,91000.0
300638.SZ,20170927,42.28,19.5998,0.95,83.8857,9.9825,9.8225,338240.0,84560.0
300638.SZ,20170926,38.44,20.6068,1.14,76.2669,9.0759,8.9304,307520.0,76880.0
300638.SZ,20170925,40.7,28.8342,2.22,80.7509,9.6095,9.4554,325600.0,81400.0
300638.SZ,20170922,42.26,23.6523,2.57,83.846,9.9778,9.8178,338080.0,84520.0
300638.SZ,20170921,38.42,20.0204,3.17,76.2272,9.0712,8.9257,307360.0,76840.0
300638.SZ,20170920,37.0,10.4774,2.02,73.4099,8.7359,8.5958,296000.0,74000.0
300638.SZ,20170919,35.94,7.1331,1.19,71.3068,8.4856,8.3496,287520.0,71880.0
300638.SZ,20170918,34.96,3.687,0.56,69.3624,8.2542,8.1219,279680.0,69920.0
300638.SZ,20170915,34.74,4.751,0.56,68.9259,8.2023,8.0708,277920.0,69480.0
300638.SZ,20170914,34.74,5.4915,0.54,68.9259,8.2023,8.0708,277920.0,69480.0
300638.SZ,20170913,34.8,4.901,0.44,69.045,8.2165,8.0847,278400.0,69600.0
300638.SZ,20170912,34.53,11.0221,0.99,68.5093,8.1527,8.022,276240.0,69060.0
300638.SZ,20170911,36.37,6.7165,0.54,72.1599,8.5871,8.4495,290960.0,72740.0
300638.SZ,20170908,35.91,14.0165,1.16,71.2473,8.4785,8.3426,287280.0,71820.0
300638.SZ,20170907,36.8,14.5274,1.25,73.0131,8.6887,8.5494,294400.0,73600.0
300638.SZ,20170906,35.74,9.2643,0.75,70.91,8.4384,8.3031,285920.0,71480.0
300638.SZ,20170905,34.83,11.0415,0.83,69.1045,8.2235,8.0917,278640.0,69660.0
300638.SZ,20170904,34.7,13.3526,0.98,68.8466,8.1929,8.0615,277600.0,69400.0
300638.SZ,20170901,34.95,12.2456,0.94,69.3426,8.2519,8.1196,279600.0,69900.0
300638.SZ,20170831,34.37,12.1756,1.01,68.1918,8.1149,7.9848,274960.0,68740.0
300638.SZ,20170830,32.88,12.6972,1.17,65.2356,7.7631,7.6387,263040.0,65760.0
300638.SZ,20170829,33.7,16.3247,1.82,66.8625,7.9567,7.8292,269600.0,67400.0
300638.SZ,20170828,33.69,14.3752,2.02,66.8427,7.9544,7.8268,269520.0,67380.0
300638.SZ,20170825,31.6,9.5642,1.66,62.696,7.4609,7.3413,252800.0,63200.0
300638.SZ,20170824,30.43,7.2029,1.39,60.3747,7.5301,7.0695,243440.0,60860.0
300638.SZ,20170823,30.27,6.566,1.15,60.0572,7.4905,7.0323,242160.0,60540.0
300638.SZ,20170822,30.11,7.111,1.42,59.7398,7.451,6.9951,240880.0,60220.0
300638.SZ,20170821,30.88,5.0674,1.17,61.2675,7.6415,7.174,247040.0,61760.0
300638.SZ,20170818,30.26,2.9118,0.71,60.0374,7.4881,7.03,242080.0,60520.0
300638.SZ,20170817,30.87,4.3195,1.17,61.2476,7.639,7.1717,246960.0,61740.0
300638.SZ,20170816,30.87,9.1511,4.2,61.2476,7.639,7.1717,246960.0,61740.0
300638.SZ,20170815,29.24,3.6265,1.89,58.0136,7.2357,6.793,233920.0,58480.0
300638.SZ,20170814,29.33,1.6225,0.83,58.1922,7.2579,6.8139,234640.0,58660.0
300638.SZ,20170811,28.73,1.8605,0.85,57.0018,7.1095,6.6745,229840.0,57460.0
300638.SZ,20170810,28.86,2.1983,0.92,57.2597,7.1416,6.7047,230880.0,57720.0
300638.SZ,20170809,29.16,1.5815,0.63,57.8549,7.2159,6.7744,233280.0,58320.0
300638.SZ,20170808,29.38,2.3545,0.97,58.2914,7.2703,6.8255,235040.0,58760.0
300638.SZ,20170807,29.31,1.7595,0.7,58.1525,7.253,6.8093,234480.0,58620.0
300638.SZ,20170804,29.18,3.041,1.1,57.8946,7.2208,6.7791,233440.0,58360.0
300638.SZ,20170803,29.93,3.2535,0.86,59.3826,7.4064,6.9533,239440.0,59860.0
300638.SZ,20170802,29.43,2.084,0.55,58.3906,7.2827,6.8372,235440.0,58860.0
300638.SZ,20170801,30.27,2.0423,0.53,60.0572,7.4905,7.0323,242160.0,60540.0
300638.SZ,20170731,30.26,2.1945,0.5,60.0374,7.4881,7.03,242080.0,60520.0
300638.SZ,20170728,30.16,4.1944,1.04,59.839,7.4633,7.0068,241280.0,60320.0
300638.SZ,20170727,31.08,8.4601,2.64,61.6643,7.691,7.2205,248640.0,62160.0
300638.SZ,20170726,29.23,2.0616,0.58,57.9938,7.2332,6.7907,233840.0,58460.0
300638.SZ,20170725,29.83,2.495,0.54,59.1842,7.3817,6.9301,238640.0,59660.0
300638.SZ,20170724,29.66,4.5467,0.84,58.8469,7.3396,6.8906,237280.0,59320.0
300638.SZ,20170721,29.22,2.662,0.46,57.974,7.2307,6.7884,233760.0,58440.0
300638.SZ,20170720,29.22,4.2675,0.61,57.974,7.2307,6.7884,233760.0,58440.0
300638.SZ,20170719,29.53,3.8406,0.51,58.589,7.3074,6.8604,236240.0,59060.0
300638.SZ,20170718,29.9,7.9062,1.15,59.3231,7.399,6.9463,239200.0,59800.0
300638.SZ,20170717,30.2,8.388,1.16,59.9183,7.4732,7.016,241600.0,60400.0
300638.SZ,20170714,33.55,4.2265,0.45,66.5649,8.3022,7.7943,268400.0,67100.0
300638.SZ,20170713,34.21,10.5105,1.13,67.8744,8.4655,7.9476,273680.0,68420.0
300638.SZ,20170712,35.58,6.5235,0.66,70.5925,8.8045,8.2659,284640.0,71160.0
300638.SZ,20170711,35.03,4.699,0.46,69.5013,8.6684,8.1381,280240.0,70060.0
300638.SZ,20170710,36.0,10.332,1.06,71.4258,8.9085,8.3635,288000.0,72000.0
300638.SZ,20170707,37.99,14.8739,1.61,75.3741,9.4009,8.8258,303920.0,75980.0
300638.SZ,20170706,37.16,10.2276,1.05,73.7273,9.1955,8.633,297280.0,74320.0
300638.SZ,20170705,36.9,9.5408,1.08,73.2115,9.1312,8.5726,295200.0,73800.0
300638.SZ,20170704,36.16,6.4745,0.73,71.7433,8.9481,8.4007,289280.0,72320.0
300638.SZ,20170703,36.8,7.5323,0.87,73.0131,9.1064,8.5494,294400.0,73600.0
300638.SZ,20170630,37.03,12.3775,1.74,73.4694,9.1634,8.6028,296240.0,74060.0
300638.SZ,20170629,36.13,12.8991,2.32,71.6838,8.9407,8.3937,289040.0,72260.0
300638.SZ,20170628,35.17,4.7939,0.88,69.7791,8.7031,8.1707,281360.0,70340.0
300638.SZ,20170627,35.44,6.6344,1.25,70.3148,8.7699,8.2334,283520.0,70880.0
300638.SZ,20170626,35.25,6.4084,1.3,69.9378,8.7229,8.1893,282000.0,70500.0
300638.SZ,20170623,33.99,4.7764,0.98,67.4379,8.4111,7.8965,271920.0,67980.0
300638.SZ,20170622,33.88,5.1963,0.97,67.2196,8.3839,7.871,271040.0,67760.0
300638.SZ,20170621,34.45,4.2235,0.79,68.3505,8.5249,8.0034,275600.0,68900.0
300638.SZ,20170620,34.29,6.0139,1.16,68.0331,8.4853,7.9662,274320.0,68580.0
300638.SZ,20170619,34.54,4.361,0.73,68.5291,8.5472,8.0243,276320.0,69080.0
300638.SZ,20170616,34.35,4.488,0.75,68.1521,8.5002,7.9802,274800.0,68700.0
300638.SZ,20170615,34.32,7.5961,1.28,68.0926,8.4928,7.9732,274560.0,68640.0
300638.SZ,20170614,33.38,4.4033,0.62,66.2276,8.2601,7.7548,267040.0,66760.0
300638.SZ,20170613,33.41,5.0623,0.72,66.2871,8.2676,7.7618,267280.0,66820.0
300638.SZ,20170612,32.36,8.216,1.22,64.2039,8.0077,7.5179,258880.0,64720.0
300638.SZ,20170609,35.04,4.602,0.63,69.5211,8.6709,8.1405,280320.0,70080.0
300638.SZ,20170608,34.66,7.3845,0.94,68.7672,8.5769,8.0522,277280.0,69320.0
300638.SZ,20170607,35.5,10.435,1.32,70.4338,8.7848,8.2473,284000.0,71000.0
300638.SZ,20170606,34.03,4.3363,0.49,67.5172,8.421,7.9058,272240.0,68060.0
300638.SZ,20170605,33.8,6.9389,0.73,67.0609,8.3641,7.8524,270400.0,67600.0
300638.SZ,20170602,33.69,7.237,0.77,66.8427,8.3369,7.8268,269520.0,67380.0
300638.SZ,20170601,33.15,10.1951,1.1,65.7713,8.2032,7.7014,265200.0,66300.0
300638.SZ,20170531,34.91,10.8924,1.11,69.2632,8.6388,8.1103,279280.0,69820.0
300638.SZ,20170526,34.69,9.2378,0.93,68.8267,8.5843,8.0592,277520.0,69380.0
300638.SZ,20170525,34.12,9.6712,0.9,67.6958,8.4433,7.9267,272960.0,68240.0
300638.SZ,20170524,34.35,7.3025,0.57,68.1521,8.5002,7.9802,274800.0,68700.0
300638.SZ,20170523,33.81,9.2345,0.63,67.0808,8.3665,7.8547,270480.0,67620.0
300638.SZ,20170522,34.72,13.5033,0.89,68.8862,8.5917,8.0661,277760.0,69440.0
300638.SZ,20170519,37.72,10.1713,0.6,74.8384,9.3341,8.7631,301760.0,75440.0
300638.SZ,20170518,38.65,13.545,0.76,76.6836,9.5642,8.9791,309200.0,77300.0
300638.SZ,20170517,39.47,17.7348,1.0,78.3105,9.7672,9.1696,315760.0,78940.0
300638.SZ,20170516,38.98,17.8471,1.02,77.3383,9.6459,9.0558,311840.0,77960.0
300638.SZ,20170515,38.15,16.3115,0.91,75.6915,9.4405,8.863,305200.0,76300.0
300638.SZ,20170512,38.41,19.3266,0.98,76.2074,9.5049,8.9234,307280.0,76820.0
300638.SZ,20170511,37.7,17.3266,0.71,74.7987,9.3292,8.7584,301600.0,75400.0
300638.SZ,20170510,37.12,17.8935,0.57,73.648,9.1856,8.6237,296960.0,74240.0
300638.SZ,20170509,38.71,16.7058,0.43,76.8026,9.5791,8.9931,309680.0,77420.0
300638.SZ,20170508,37.92,18.0964,0.51,75.2352,9.3836,8.8095,303360.0,75840.0
300638.SZ,20170505,39.33,28.7473,0.96,78.0327,9.7325,9.1371,314640.0,78660.0
300638.SZ,20170504,43.18,40.3889,1.86,85.6713,10.6852,10.0315,345440.0,86360.0
300638.SZ,20170503,47.15,51.9383,4.55,93.548,11.6676,10.9539,377200.0,94300.0
300638.SZ,20170502,43.92,54.3611,94.52,87.1395,10.8683,10.2035,351360.0,87840.0
300638.SZ,20170428,42.94,1.7732,7.84,85.1951,10.6258,9.9758,343520.0,85880.0
300638.SZ,20170427,39.04,0.5269,4.18,77.4573,9.6608,9.0697,312320.0,78080.0
300638.SZ,20170426,35.49,0.174,1.82,70.414,8.7823,8.245,283920.0,70980.0
300638.SZ,20170425,32.26,0.2775,6.26,64.0055,7.983,7.4946,258080.0,64520.0
300638.SZ,20170424,29.33,0.124,5.63,58.1922,7.2579,6.8139,234640.0,58660.0
300638.SZ,20170421,26.66,0.028,1.44,52.8948,6.5972,6.1936,213280.0,53320.0
300638.SZ,20170420,24.24,0.027,1.3,48.0934,5.9984,5.6314,193920.0,48480.0
300638.SZ,20170419,22.04,0.0221,,43.7285,5.454,5.1203,176320.0,44080.0
300638.SZ,20170418,20.04,0.0205,,39.7604,4.9591,4.6557,160320.0,40080.0
300638.SZ,20170417,18.22,0.0125,,36.1494,4.5087,4.2329,145760.0,36440.0
300638.SZ,20170414,16.56,0.015,,32.8559,4.0979,3.8472,132480.0,33120.0
300638.SZ,20170413,15.05,0.0335,,29.86,3.7242,3.4964,120400.0,30100.0
