EITIME,END_DATE,EUTIME,INVESTIGATORS,IS_MAX_REPORT,IS_SOURCE,LISTING_STATE,LOCAL_COMPANY_NAME,NOTICE_DATE,NUM,NUMBERNEW,OBJECT_CODE,ORG_CODE,ORG_NAME,ORG_TYPE,ORG_TYPE_CODE,RECEIVE_END_DATE,RECEIVE_OBJECT,RECEIVE_OBJECT_TYPE,RECEIVE_PLACE,RECEIVE_START_DATE,RECEIVE_TIME_EXPLAIN,RECEIVE_WAY,RECEIVE_WAY_EXPLAIN,RECEPTIONIST,REMARK,SECUCODE,SECURITY_CODE,SECURITY_NAME_ABBR,SOURCE,SUM
2026-05-20 17:29:31,2026-05-20 00:00:00,2026-05-20 17:29:31,"黄俊豪,戚锦锭",1,1,0,移远通信,2026-05-20 00:00:00,15,15,,10467399,上海移远通信技术股份有限公司,,,2026-05-19 00:00:00,纽富斯,001,上海,2026-04-27 00:00:00,"2026/4/27,2026/5/12,2026/5/15,2026/5/19","001,004","特定对象调研,现场参观,网络会议","董事长、CEO 钱鹏鹤,首席运营官 张栋,董事会秘书 郑雷,证券事务代表 王凡",,603236.SH,603236,移远通信,007,50
2026-05-20 17:29:31,2026-05-20 00:00:00,2026-05-20 17:29:31,赵赫,1,1,0,移远通信,2026-05-20 00:00:00,16,16,,10467399,上海移远通信技术股份有限公司,,,2026-05-19 00:00:00,青创投,001,上海,2026-04-27 00:00:00,"2026/4/27,2026/5/12,2026/5/15,2026/5/19","001,004","特定对象调研,现场参观,网络会议","董事长、CEO 钱鹏鹤,首席运营官 张栋,董事会秘书 郑雷,证券事务代表 王凡",,603236.SH,603236,移远通信,007,50
2026-05-20 17:29:31,2026-05-20 00:00:00,2026-05-20 17:29:31,"刘敏杰,刘舒斐",1,1,0,移远通信,2026-05-20 00:00:00,14,14,10174454,10467399,上海移远通信技术股份有限公司,创业投资公司,007002,2026-05-19 00:00:00,湖南高新创投,001,上海,2026-04-27 00:00:00,"2026/4/27,2026/5/12,2026/5/15,2026/5/19","001,004","特定对象调研,现场参观,网络会议","董事长、CEO 钱鹏鹤,首席运营官 张栋,董事会秘书 郑雷,证券事务代表 王凡",,603236.SH,603236,移远通信,007,50
2026-05-20 17:29:31,2026-05-20 00:00:00,2026-05-20 17:29:31,"魏纯,肖怡然,杨旦希,袁林聪",1,1,0,移远通信,2026-05-20 00:00:00,12,12,10004787,10467399,上海移远通信技术股份有限公司,证券公司,005001,2026-05-19 00:00:00,国联民生,001,上海,2026-04-27 00:00:00,"2026/4/27,2026/5/12,2026/5/15,2026/5/19","001,004","特定对象调研,现场参观,网络会议","董事长、CEO 钱鹏鹤,首席运营官 张栋,董事会秘书 郑雷,证券事务代表 王凡",,603236.SH,603236,移远通信,007,50
2026-05-20 17:29:31,2026-05-20 00:00:00,2026-05-20 17:29:31,张看,1,1,0,移远通信,2026-05-20 00:00:00,13,13,10204609,10467399,上海移远通信技术股份有限公司,保险资产管理公司,003008,2026-05-19 00:00:00,合众资产,001,上海,2026-04-27 00:00:00,"2026/4/27,2026/5/12,2026/5/15,2026/5/19","001,004","特定对象调研,现场参观,网络会议","董事长、CEO 钱鹏鹤,首席运营官 张栋,董事会秘书 郑雷,证券事务代表 王凡",,603236.SH,603236,移远通信,007,50
2026-05-20 17:29:31,2026-05-20 00:00:00,2026-05-20 17:29:31,郝知雨,1,1,0,移远通信,2026-05-20 00:00:00,20,20,10434566,10467399,上海移远通信技术股份有限公司,证券公司,005001,2026-05-19 00:00:00,申万宏源证券,001,上海,2026-04-27 00:00:00,"2026/4/27,2026/5/12,2026/5/15,2026/5/19","001,004","特定对象调研,现场参观,网络会议","董事长、CEO 钱鹏鹤,首席运营官 张栋,董事会秘书 郑雷,证券事务代表 王凡",,603236.SH,603236,移远通信,007,50
2026-05-20 17:29:31,2026-05-20 00:00:00,2026-05-20 17:29:31,董晨阳,1,1,0,移远通信,2026-05-20 00:00:00,21,21,10004970,10467399,上海移远通信技术股份有限公司,基金管理公司,004001,2026-05-19 00:00:00,新华基金,001,上海,2026-04-27 00:00:00,"2026/4/27,2026/5/12,2026/5/15,2026/5/19","001,004","特定对象调研,现场参观,网络会议","董事长、CEO 钱鹏鹤,首席运营官 张栋,董事会秘书 郑雷,证券事务代表 王凡",,603236.SH,603236,移远通信,007,50
2026-05-20 17:29:31,2026-05-20 00:00:00,2026-05-20 17:29:31,刘宁,1,1,0,移远通信,2026-05-20 00:00:00,19,19,,10467399,上海移远通信技术股份有限公司,,,2026-05-19 00:00:00,上证自营,001,上海,2026-04-27 00:00:00,"2026/4/27,2026/5/12,2026/5/15,2026/5/19","001,004","特定对象调研,现场参观,网络会议","董事长、CEO 钱鹏鹤,首席运营官 张栋,董事会秘书 郑雷,证券事务代表 王凡",,603236.SH,603236,移远通信,007,50
2026-05-20 17:29:31,2026-05-20 00:00:00,2026-05-20 17:29:31,"李越,任怡",1,1,0,移远通信,2026-05-20 00:00:00,17,17,,10467399,上海移远通信技术股份有限公司,,,2026-05-19 00:00:00,青岛城投,001,上海,2026-04-27 00:00:00,"2026/4/27,2026/5/12,2026/5/15,2026/5/19","001,004","特定对象调研,现场参观,网络会议","董事长、CEO 钱鹏鹤,首席运营官 张栋,董事会秘书 郑雷,证券事务代表 王凡",,603236.SH,603236,移远通信,007,50
2026-05-20 17:29:31,2026-05-20 00:00:00,2026-05-20 17:29:31,"易小二,易振兴",1,1,0,移远通信,2026-05-20 00:00:00,18,18,10443062,10467399,上海移远通信技术股份有限公司,资产管理公司,002007,2026-05-19 00:00:00,山证资管,001,上海,2026-04-27 00:00:00,"2026/4/27,2026/5/12,2026/5/15,2026/5/19","001,004","特定对象调研,现场参观,网络会议","董事长、CEO 钱鹏鹤,首席运营官 张栋,董事会秘书 郑雷,证券事务代表 王凡",,603236.SH,603236,移远通信,007,50
2026-05-20 17:29:31,2026-05-20 00:00:00,2026-05-20 17:29:31,张建民,1,1,0,移远通信,2026-05-20 00:00:00,11,11,10005659,10467399,上海移远通信技术股份有限公司,证券公司,005001,2026-05-19 00:00:00,国海证券,001,上海,2026-04-27 00:00:00,"2026/4/27,2026/5/12,2026/5/15,2026/5/19","001,004","特定对象调研,现场参观,网络会议","董事长、CEO 钱鹏鹤,首席运营官 张栋,董事会秘书 郑雷,证券事务代表 王凡",,603236.SH,603236,移远通信,007,50
2026-05-20 17:29:31,2026-05-20 00:00:00,2026-05-20 17:29:31,李俊贤,1,1,0,移远通信,2026-05-20 00:00:00,4,4,,10467399,上海移远通信技术股份有限公司,,,2026-05-19 00:00:00,赣发基金,001,上海,2026-04-27 00:00:00,"2026/4/27,2026/5/12,2026/5/15,2026/5/19","001,004","特定对象调研,现场参观,网络会议","董事长、CEO 钱鹏鹤,首席运营官 张栋,董事会秘书 郑雷,证券事务代表 王凡",,603236.SH,603236,移远通信,007,50
2026-05-20 17:29:31,2026-05-20 00:00:00,2026-05-20 17:29:31,"黄超凡,许祺祺",1,1,0,移远通信,2026-05-20 00:00:00,5,5,,10467399,上海移远通信技术股份有限公司,,,2026-05-19 00:00:00,赣发投,001,上海,2026-04-27 00:00:00,"2026/4/27,2026/5/12,2026/5/15,2026/5/19","001,004","特定对象调研,现场参观,网络会议","董事长、CEO 钱鹏鹤,首席运营官 张栋,董事会秘书 郑雷,证券事务代表 王凡",,603236.SH,603236,移远通信,007,50
2026-05-20 17:29:31,2026-05-20 00:00:00,2026-05-20 17:29:31,邹文浩,1,1,0,移远通信,2026-05-20 00:00:00,3,3,,10467399,上海移远通信技术股份有限公司,,,2026-05-19 00:00:00,福建广电网络投资,001,上海,2026-04-27 00:00:00,"2026/4/27,2026/5/12,2026/5/15,2026/5/19","001,004","特定对象调研,现场参观,网络会议","董事长、CEO 钱鹏鹤,首席运营官 张栋,董事会秘书 郑雷,证券事务代表 王凡",,603236.SH,603236,移远通信,007,50
2026-05-20 17:29:31,2026-05-20 00:00:00,2026-05-20 17:29:31,谢泽林,1,1,0,移远通信,2026-05-20 00:00:00,1,1,10004948,10467399,上海移远通信技术股份有限公司,基金管理公司,004001,2026-05-19 00:00:00,博时基金,001,上海,2026-04-27 00:00:00,"2026/4/27,2026/5/12,2026/5/15,2026/5/19","001,004","特定对象调研,现场参观,网络会议","董事长、CEO 钱鹏鹤,首席运营官 张栋,董事会秘书 郑雷,证券事务代表 王凡",,603236.SH,603236,移远通信,007,50
2026-05-20 17:29:31,2026-05-20 00:00:00,2026-05-20 17:29:31,隆军德,1,1,0,移远通信,2026-05-20 00:00:00,2,2,10004868,10467399,上海移远通信技术股份有限公司,证券公司,005001,2026-05-19 00:00:00,东财证券,001,上海,2026-04-27 00:00:00,"2026/4/27,2026/5/12,2026/5/15,2026/5/19","001,004","特定对象调研,现场参观,网络会议","董事长、CEO 钱鹏鹤,首席运营官 张栋,董事会秘书 郑雷,证券事务代表 王凡",,603236.SH,603236,移远通信,007,50
2026-05-20 17:29:31,2026-05-20 00:00:00,2026-05-20 17:29:31,戴凯亮,1,1,0,移远通信,2026-05-20 00:00:00,9,9,10000259192,10467399,上海移远通信技术股份有限公司,投资公司,007001,2026-05-19 00:00:00,广州凯得投资,001,上海,2026-04-27 00:00:00,"2026/4/27,2026/5/12,2026/5/15,2026/5/19","001,004","特定对象调研,现场参观,网络会议","董事长、CEO 钱鹏鹤,首席运营官 张栋,董事会秘书 郑雷,证券事务代表 王凡",,603236.SH,603236,移远通信,007,50
2026-05-20 17:29:31,2026-05-20 00:00:00,2026-05-20 17:29:31,聂晨,1,1,0,移远通信,2026-05-20 00:00:00,10,10,10184198,10467399,上海移远通信技术股份有限公司,投资公司,007001,2026-05-19 00:00:00,国海创新资本,001,上海,2026-04-27 00:00:00,"2026/4/27,2026/5/12,2026/5/15,2026/5/19","001,004","特定对象调研,现场参观,网络会议","董事长、CEO 钱鹏鹤,首席运营官 张栋,董事会秘书 郑雷,证券事务代表 王凡",,603236.SH,603236,移远通信,007,50
2026-05-20 17:29:31,2026-05-20 00:00:00,2026-05-20 17:29:31,刘鑫,1,1,0,移远通信,2026-05-20 00:00:00,8,8,,10467399,上海移远通信技术股份有限公司,,,2026-05-19 00:00:00,广州海珠城发,001,上海,2026-04-27 00:00:00,"2026/4/27,2026/5/12,2026/5/15,2026/5/19","001,004","特定对象调研,现场参观,网络会议","董事长、CEO 钱鹏鹤,首席运营官 张栋,董事会秘书 郑雷,证券事务代表 王凡",,603236.SH,603236,移远通信,007,50
2026-05-20 17:29:31,2026-05-20 00:00:00,2026-05-20 17:29:31,沙涛,1,1,0,移远通信,2026-05-20 00:00:00,6,6,,10467399,上海移远通信技术股份有限公司,,,2026-05-19 00:00:00,固信投资,001,上海,2026-04-27 00:00:00,"2026/4/27,2026/5/12,2026/5/15,2026/5/19","001,004","特定对象调研,现场参观,网络会议","董事长、CEO 钱鹏鹤,首席运营官 张栋,董事会秘书 郑雷,证券事务代表 王凡",,603236.SH,603236,移远通信,007,50
2026-05-20 17:29:31,2026-05-20 00:00:00,2026-05-20 17:29:31,"马天诣,马英皓",1,1,0,移远通信,2026-05-20 00:00:00,7,7,10004969,10467399,上海移远通信技术股份有限公司,基金管理公司,004001,2026-05-19 00:00:00,广发基金,001,上海,2026-04-27 00:00:00,"2026/4/27,2026/5/12,2026/5/15,2026/5/19","001,004","特定对象调研,现场参观,网络会议","董事长、CEO 钱鹏鹤,首席运营官 张栋,董事会秘书 郑雷,证券事务代表 王凡",,603236.SH,603236,移远通信,007,50
2026-05-20 17:29:31,2026-05-20 00:00:00,2026-05-20 17:29:31,彭荔,1,1,0,移远通信,2026-05-20 00:00:00,37,37,,10467399,上海移远通信技术股份有限公司,,,2026-05-19 00:00:00,聚纯投资,001,上海,2026-04-27 00:00:00,"2026/4/27,2026/5/12,2026/5/15,2026/5/19","001,004","特定对象调研,现场参观,网络会议","董事长、CEO 钱鹏鹤,首席运营官 张栋,董事会秘书 郑雷,证券事务代表 王凡",,603236.SH,603236,移远通信,007,50
2026-05-20 17:29:31,2026-05-20 00:00:00,2026-05-20 17:29:31,"姜标,朱俊宇",1,1,0,移远通信,2026-05-20 00:00:00,38,38,10004925,10467399,上海移远通信技术股份有限公司,证券公司,005001,2026-05-19 00:00:00,爱建证券,001,上海,2026-04-27 00:00:00,"2026/4/27,2026/5/12,2026/5/15,2026/5/19","001,004","特定对象调研,现场参观,网络会议","董事长、CEO 钱鹏鹤,首席运营官 张栋,董事会秘书 郑雷,证券事务代表 王凡",,603236.SH,603236,移远通信,007,50
2026-05-20 17:29:31,2026-05-20 00:00:00,2026-05-20 17:29:31,孙超俊,1,1,0,移远通信,2026-05-20 00:00:00,35,35,,10467399,上海移远通信技术股份有限公司,,,2026-05-19 00:00:00,盈科资本,001,上海,2026-04-27 00:00:00,"2026/4/27,2026/5/12,2026/5/15,2026/5/19","001,004","特定对象调研,现场参观,网络会议","董事长、CEO 钱鹏鹤,首席运营官 张栋,董事会秘书 郑雷,证券事务代表 王凡",,603236.SH,603236,移远通信,007,50
2026-05-20 17:29:31,2026-05-20 00:00:00,2026-05-20 17:29:31,李祖兵,1,1,0,移远通信,2026-05-20 00:00:00,33,33,,10467399,上海移远通信技术股份有限公司,,,2026-05-19 00:00:00,中胜资产,001,上海,2026-04-27 00:00:00,"2026/4/27,2026/5/12,2026/5/15,2026/5/19","001,004","特定对象调研,现场参观,网络会议","董事长、CEO 钱鹏鹤,首席运营官 张栋,董事会秘书 郑雷,证券事务代表 王凡",,603236.SH,603236,移远通信,007,50
2026-05-20 17:29:31,2026-05-20 00:00:00,2026-05-20 17:29:31,凌建军,1,1,0,移远通信,2026-05-20 00:00:00,34,34,10445437,10467399,上海移远通信技术股份有限公司,投资公司,007001,2026-05-19 00:00:00,贵源投资,001,上海,2026-04-27 00:00:00,"2026/4/27,2026/5/12,2026/5/15,2026/5/19","001,004","特定对象调研,现场参观,网络会议","董事长、CEO 钱鹏鹤,首席运营官 张栋,董事会秘书 郑雷,证券事务代表 王凡",,603236.SH,603236,移远通信,007,50
2026-05-20 17:29:31,2026-05-20 00:00:00,2026-05-20 17:29:31,姚旭,1,1,0,移远通信,2026-05-20 00:00:00,42,42,,10467399,上海移远通信技术股份有限公司,,,2026-05-19 00:00:00,陕投基金,001,上海,2026-04-27 00:00:00,"2026/4/27,2026/5/12,2026/5/15,2026/5/19","001,004","特定对象调研,现场参观,网络会议","董事长、CEO 钱鹏鹤,首席运营官 张栋,董事会秘书 郑雷,证券事务代表 王凡",,603236.SH,603236,移远通信,007,50
2026-05-20 17:29:31,2026-05-20 00:00:00,2026-05-20 17:29:31,李蕊伶,1,1,0,移远通信,2026-05-20 00:00:00,43,43,10101969,10467399,上海移远通信技术股份有限公司,资产管理公司,002007,2026-05-19 00:00:00,太保资管,001,上海,2026-04-27 00:00:00,"2026/4/27,2026/5/12,2026/5/15,2026/5/19","001,004","特定对象调研,现场参观,网络会议","董事长、CEO 钱鹏鹤,首席运营官 张栋,董事会秘书 郑雷,证券事务代表 王凡",,603236.SH,603236,移远通信,007,50
2026-05-20 17:29:31,2026-05-20 00:00:00,2026-05-20 17:29:31,钱冠宇,1,1,0,移远通信,2026-05-20 00:00:00,41,41,10065929,10467399,上海移远通信技术股份有限公司,寿险公司,003002,2026-05-19 00:00:00,平安养老,001,上海,2026-04-27 00:00:00,"2026/4/27,2026/5/12,2026/5/15,2026/5/19","001,004","特定对象调研,现场参观,网络会议","董事长、CEO 钱鹏鹤,首席运营官 张栋,董事会秘书 郑雷,证券事务代表 王凡",,603236.SH,603236,移远通信,007,50
2026-05-20 17:29:31,2026-05-20 00:00:00,2026-05-20 17:29:31,吴俊,1,1,0,移远通信,2026-05-20 00:00:00,39,39,10066493,10467399,上海移远通信技术股份有限公司,证券公司,005001,2026-05-19 00:00:00,中信建投,001,上海,2026-04-27 00:00:00,"2026/4/27,2026/5/12,2026/5/15,2026/5/19","001,004","特定对象调研,现场参观,网络会议","董事长、CEO 钱鹏鹤,首席运营官 张栋,董事会秘书 郑雷,证券事务代表 王凡",,603236.SH,603236,移远通信,007,50
2026-05-20 17:29:31,2026-05-20 00:00:00,2026-05-20 17:29:31,黄蕴籍,1,1,0,移远通信,2026-05-20 00:00:00,40,40,10004951,10467399,上海移远通信技术股份有限公司,基金管理公司,004001,2026-05-19 00:00:00,易方达,001,上海,2026-04-27 00:00:00,"2026/4/27,2026/5/12,2026/5/15,2026/5/19","001,004","特定对象调研,现场参观,网络会议","董事长、CEO 钱鹏鹤,首席运营官 张栋,董事会秘书 郑雷,证券事务代表 王凡",,603236.SH,603236,移远通信,007,50
2026-05-20 17:29:31,2026-05-20 00:00:00,2026-05-20 17:29:31,陈朝全,1,1,0,移远通信,2026-05-20 00:00:00,32,32,10399350,10467399,上海移远通信技术股份有限公司,投资公司,007001,2026-05-19 00:00:00,天倚道投资,001,上海,2026-04-27 00:00:00,"2026/4/27,2026/5/12,2026/5/15,2026/5/19","001,004","特定对象调研,现场参观,网络会议","董事长、CEO 钱鹏鹤,首席运营官 张栋,董事会秘书 郑雷,证券事务代表 王凡",,603236.SH,603236,移远通信,007,50
2026-05-20 17:29:31,2026-05-20 00:00:00,2026-05-20 17:29:31,朱镜榆,1,1,0,移远通信,2026-05-20 00:00:00,25,25,10014783,10467399,上海移远通信技术股份有限公司,证券公司,005001,2026-05-19 00:00:00,中金证券,001,上海,2026-04-27 00:00:00,"2026/4/27,2026/5/12,2026/5/15,2026/5/19","001,004","特定对象调研,现场参观,网络会议","董事长、CEO 钱鹏鹤,首席运营官 张栋,董事会秘书 郑雷,证券事务代表 王凡",,603236.SH,603236,移远通信,007,50
2026-05-20 17:29:31,2026-05-20 00:00:00,2026-05-20 17:29:31,张军,1,1,0,移远通信,2026-05-20 00:00:00,26,26,10071433,10467399,上海移远通信技术股份有限公司,投资公司,007001,2026-05-19 00:00:00,湖北铁投,001,上海,2026-04-27 00:00:00,"2026/4/27,2026/5/12,2026/5/15,2026/5/19","001,004","特定对象调研,现场参观,网络会议","董事长、CEO 钱鹏鹤,首席运营官 张栋,董事会秘书 郑雷,证券事务代表 王凡",,603236.SH,603236,移远通信,007,50
2026-05-20 17:29:31,2026-05-20 00:00:00,2026-05-20 17:29:31,徐菲,1,1,0,移远通信,2026-05-20 00:00:00,24,24,10004930,10467399,上海移远通信技术股份有限公司,证券公司,005001,2026-05-19 00:00:00,浙商证券,001,上海,2026-04-27 00:00:00,"2026/4/27,2026/5/12,2026/5/15,2026/5/19","001,004","特定对象调研,现场参观,网络会议","董事长、CEO 钱鹏鹤,首席运营官 张栋,董事会秘书 郑雷,证券事务代表 王凡",,603236.SH,603236,移远通信,007,50
2026-05-20 17:29:31,2026-05-20 00:00:00,2026-05-20 17:29:31,徐冠青,1,1,0,移远通信,2026-05-20 00:00:00,22,22,,10467399,上海移远通信技术股份有限公司,,,2026-05-19 00:00:00,新时代资本,001,上海,2026-04-27 00:00:00,"2026/4/27,2026/5/12,2026/5/15,2026/5/19","001,004","特定对象调研,现场参观,网络会议","董事长、CEO 钱鹏鹤,首席运营官 张栋,董事会秘书 郑雷,证券事务代表 王凡",,603236.SH,603236,移远通信,007,50
2026-05-20 17:29:31,2026-05-20 00:00:00,2026-05-20 17:29:31,黄蕴藉,1,1,0,移远通信,2026-05-20 00:00:00,23,23,10004951,10467399,上海移远通信技术股份有限公司,基金管理公司,004001,2026-05-19 00:00:00,易方达基金,001,上海,2026-04-27 00:00:00,"2026/4/27,2026/5/12,2026/5/15,2026/5/19","001,004","特定对象调研,现场参观,网络会议","董事长、CEO 钱鹏鹤,首席运营官 张栋,董事会秘书 郑雷,证券事务代表 王凡",,603236.SH,603236,移远通信,007,50
2026-05-20 17:29:31,2026-05-20 00:00:00,2026-05-20 17:29:31,赵秋红,1,1,0,移远通信,2026-05-20 00:00:00,30,30,10738531,10467399,上海移远通信技术股份有限公司,资产管理公司,002007,2026-05-19 00:00:00,重鼎资产,001,上海,2026-04-27 00:00:00,"2026/4/27,2026/5/12,2026/5/15,2026/5/19","001,004","特定对象调研,现场参观,网络会议","董事长、CEO 钱鹏鹤,首席运营官 张栋,董事会秘书 郑雷,证券事务代表 王凡",,603236.SH,603236,移远通信,007,50
2026-05-20 17:29:31,2026-05-20 00:00:00,2026-05-20 17:29:31,王钱维,1,1,0,移远通信,2026-05-20 00:00:00,31,31,10685456,10467399,上海移远通信技术股份有限公司,基金管理公司,004001,2026-05-19 00:00:00,天瑞万合私募,001,上海,2026-04-27 00:00:00,"2026/4/27,2026/5/12,2026/5/15,2026/5/19","001,004","特定对象调研,现场参观,网络会议","董事长、CEO 钱鹏鹤,首席运营官 张栋,董事会秘书 郑雷,证券事务代表 王凡",,603236.SH,603236,移远通信,007,50
2026-05-20 17:29:31,2026-05-20 00:00:00,2026-05-20 17:29:31,刘俊,1,1,0,移远通信,2026-05-20 00:00:00,29,29,,10467399,上海移远通信技术股份有限公司,,,2026-05-19 00:00:00,稠州银行上海分行,001,上海,2026-04-27 00:00:00,"2026/4/27,2026/5/12,2026/5/15,2026/5/19","001,004","特定对象调研,现场参观,网络会议","董事长、CEO 钱鹏鹤,首席运营官 张栋,董事会秘书 郑雷,证券事务代表 王凡",,603236.SH,603236,移远通信,007,50
2026-05-20 17:29:31,2026-05-20 00:00:00,2026-05-20 17:29:31,"杨浩杰,卢骋",1,1,0,移远通信,2026-05-20 00:00:00,27,27,10290785,10467399,上海移远通信技术股份有限公司,投资公司,007001,2026-05-19 00:00:00,浙江广杰投资管理,001,上海,2026-04-27 00:00:00,"2026/4/27,2026/5/12,2026/5/15,2026/5/19","001,004","特定对象调研,现场参观,网络会议","董事长、CEO 钱鹏鹤,首席运营官 张栋,董事会秘书 郑雷,证券事务代表 王凡",,603236.SH,603236,移远通信,007,50
2026-05-20 17:29:31,2026-05-20 00:00:00,2026-05-20 17:29:31,周辉,1,1,0,移远通信,2026-05-20 00:00:00,28,28,10536354,10467399,上海移远通信技术股份有限公司,资产管理公司,002007,2026-05-19 00:00:00,东方嘉富,001,上海,2026-04-27 00:00:00,"2026/4/27,2026/5/12,2026/5/15,2026/5/19","001,004","特定对象调研,现场参观,网络会议","董事长、CEO 钱鹏鹤,首席运营官 张栋,董事会秘书 郑雷,证券事务代表 王凡",,603236.SH,603236,移远通信,007,50
2026-05-20 17:29:31,2026-05-20 00:00:00,2026-05-20 17:29:31,彭宁达,1,1,0,移远通信,2026-05-20 00:00:00,47,47,10378002,10467399,上海移远通信技术股份有限公司,创业投资公司,007002,2026-05-19 00:00:00,广州凯得,001,上海,2026-04-27 00:00:00,"2026/4/27,2026/5/12,2026/5/15,2026/5/19","001,004","特定对象调研,现场参观,网络会议","董事长、CEO 钱鹏鹤,首席运营官 张栋,董事会秘书 郑雷,证券事务代表 王凡",,603236.SH,603236,移远通信,007,50
2026-05-20 17:29:32,2026-05-20 00:00:00,2026-05-20 17:29:32,胡润龙,1,1,0,移远通信,2026-05-20 00:00:00,48,48,10009457,10467399,上海移远通信技术股份有限公司,其它,007004,2026-05-19 00:00:00,广开控股,001,上海,2026-04-27 00:00:00,"2026/4/27,2026/5/12,2026/5/15,2026/5/19","001,004","特定对象调研,现场参观,网络会议","董事长、CEO 钱鹏鹤,首席运营官 张栋,董事会秘书 郑雷,证券事务代表 王凡",,603236.SH,603236,移远通信,007,50
2026-05-20 17:29:31,2026-05-20 00:00:00,2026-05-20 17:29:31,"王晶,白茹,滕立颖",1,1,0,移远通信,2026-05-20 00:00:00,46,46,10004860,10467399,上海移远通信技术股份有限公司,证券公司,005001,2026-05-19 00:00:00,粤开证券,001,上海,2026-04-27 00:00:00,"2026/4/27,2026/5/12,2026/5/15,2026/5/19","001,004","特定对象调研,现场参观,网络会议","董事长、CEO 钱鹏鹤,首席运营官 张栋,董事会秘书 郑雷,证券事务代表 王凡",,603236.SH,603236,移远通信,007,50
2026-05-20 17:29:31,2026-05-20 00:00:00,2026-05-20 17:29:31,亢思汗,1,1,0,移远通信,2026-05-20 00:00:00,44,44,10035113,10467399,上海移远通信技术股份有限公司,基金管理公司,004001,2026-05-19 00:00:00,招商基金,001,上海,2026-04-27 00:00:00,"2026/4/27,2026/5/12,2026/5/15,2026/5/19","001,004","特定对象调研,现场参观,网络会议","董事长、CEO 钱鹏鹤,首席运营官 张栋,董事会秘书 郑雷,证券事务代表 王凡",,603236.SH,603236,移远通信,007,50
2026-05-20 17:29:31,2026-05-20 00:00:00,2026-05-20 17:29:31,曹思杨,1,1,0,移远通信,2026-05-20 00:00:00,45,45,,10467399,上海移远通信技术股份有限公司,,,2026-05-19 00:00:00,恒讷致远(上海)私募,001,上海,2026-04-27 00:00:00,"2026/4/27,2026/5/12,2026/5/15,2026/5/19","001,004","特定对象调研,现场参观,网络会议","董事长、CEO 钱鹏鹤,首席运营官 张栋,董事会秘书 郑雷,证券事务代表 王凡",,603236.SH,603236,移远通信,007,50
2026-05-20 17:29:32,2026-05-20 00:00:00,2026-05-20 17:29:32,李丰,1,1,0,移远通信,2026-05-20 00:00:00,49,49,,10467399,上海移远通信技术股份有限公司,,,2026-05-19 00:00:00,新价值投资研究院,001,上海,2026-04-27 00:00:00,"2026/4/27,2026/5/12,2026/5/15,2026/5/19","001,004","特定对象调研,现场参观,网络会议","董事长、CEO 钱鹏鹤,首席运营官 张栋,董事会秘书 郑雷,证券事务代表 王凡",,603236.SH,603236,移远通信,007,50
2026-05-20 17:29:32,2026-05-20 00:00:00,2026-05-20 17:29:32,,1,1,0,移远通信,2026-05-20 00:00:00,50,50,,10467399,上海移远通信技术股份有限公司,,,2026-05-19 00:00:00,"闫畅迪,林娟,陈坚峤,施学东,刘黎,崔晓勇,钱少波,王天含,李苹,金路,卢艳红,王海燕,刘万阳,董善化,蓟冬林,李丰,宋玉杰,叶家鹏,许诗琪等",002,上海,2026-04-27 00:00:00,"2026/4/27,2026/5/12,2026/5/15,2026/5/19","001,004","特定对象调研,现场参观,网络会议","董事长、CEO 钱鹏鹤,首席运营官 张栋,董事会秘书 郑雷,证券事务代表 王凡",,603236.SH,603236,移远通信,007,50
2026-05-20 17:29:31,2026-05-20 00:00:00,2026-05-20 18:05:09,储馨然,1,1,0,移远通信,2026-05-20 00:00:00,36,36,10478316,10467399,上海移远通信技术股份有限公司,基金管理公司,004001,2026-05-19 00:00:00,望道中观私募,001,上海,2026-04-27 00:00:00,"2026/4/27,2026/5/12,2026/5/15,2026/5/19","001,004","特定对象调研,现场参观,网络会议","董事长、CEO 钱鹏鹤,首席运营官 张栋,董事会秘书 郑雷,证券事务代表 王凡",,603236.SH,603236,移远通信,007,50
2025-12-31 17:04:28,2025-12-31 00:00:00,2025-12-31 17:04:28,"么博,丁上男",1,1,0,移远通信,2025-12-31 00:00:00,2,2,,10467399,上海移远通信技术股份有限公司,,,2025-12-25 00:00:00,鹿秀投资,001,上海、常州,2025-12-01 00:00:00,"2025/12/1,2025/12/3,2025/12/25","001,004","特定对象调研,现场参观,网络会议","董事会秘书 郑雷,证券事务代表 王凡",,603236.SH,603236,移远通信,007,6
2025-12-31 17:04:28,2025-12-31 00:00:00,2025-12-31 17:04:28,陈赟,1,1,0,移远通信,2025-12-31 00:00:00,3,3,10000122043,10467399,上海移远通信技术股份有限公司,投资公司,007001,2025-12-25 00:00:00,嘉兴青蒿投资,001,上海、常州,2025-12-01 00:00:00,"2025/12/1,2025/12/3,2025/12/25","001,004","特定对象调研,现场参观,网络会议","董事会秘书 郑雷,证券事务代表 王凡",,603236.SH,603236,移远通信,007,6
2025-12-31 17:04:27,2025-12-31 00:00:00,2025-12-31 17:04:27,"周丽,高畅,宗卓凡",1,1,0,移远通信,2025-12-31 00:00:00,4,4,10006447,10467399,上海移远通信技术股份有限公司,信托公司,002001,2025-12-25 00:00:00,青岛国投,001,上海、常州,2025-12-01 00:00:00,"2025/12/1,2025/12/3,2025/12/25","001,004","特定对象调研,现场参观,网络会议","董事会秘书 郑雷,证券事务代表 王凡",,603236.SH,603236,移远通信,007,6
2025-12-31 17:04:27,2025-12-31 00:00:00,2025-12-31 17:04:27,钟菊英,1,1,0,移远通信,2025-12-31 00:00:00,1,1,,10467399,上海移远通信技术股份有限公司,,,2025-12-25 00:00:00,深圳钟睿投资,001,上海、常州,2025-12-01 00:00:00,"2025/12/1,2025/12/3,2025/12/25","001,004","特定对象调研,现场参观,网络会议","董事会秘书 郑雷,证券事务代表 王凡",,603236.SH,603236,移远通信,007,6
2025-12-31 17:04:27,2025-12-31 00:00:00,2025-12-31 17:04:27,"黄鹤林,吴奇",1,1,0,移远通信,2025-12-31 00:00:00,5,5,10004951,10467399,上海移远通信技术股份有限公司,基金管理公司,004001,2025-12-25 00:00:00,易方达,001,上海、常州,2025-12-01 00:00:00,"2025/12/1,2025/12/3,2025/12/25","001,004","特定对象调研,现场参观,网络会议","董事会秘书 郑雷,证券事务代表 王凡",,603236.SH,603236,移远通信,007,6
2025-12-31 17:04:27,2025-12-31 00:00:00,2025-12-31 17:04:27,祖圣腾,1,1,0,移远通信,2025-12-31 00:00:00,6,6,10005685,10467399,上海移远通信技术股份有限公司,证券公司,005001,2025-12-25 00:00:00,长江证券,001,上海、常州,2025-12-01 00:00:00,"2025/12/1,2025/12/3,2025/12/25","001,004","特定对象调研,现场参观,网络会议","董事会秘书 郑雷,证券事务代表 王凡",,603236.SH,603236,移远通信,007,6
2025-11-28 16:18:35,2025-11-28 00:00:00,2025-11-28 16:18:35,"林茂亮,张津源",1,1,0,移远通信,2025-11-28 00:00:00,6,6,,10467399,上海移远通信技术股份有限公司,,,2025-11-25 00:00:00,恒阔公司,001,上海、桂林,2025-11-05 00:00:00,"2025/11/5,2025/11/6,2025/11/10,2025/11/11,2025/11/12,2025/11/14,2025/11/17,2025/11/18,2025/11/20,2025/11/25","001,004","特定对象调研,网络会议","董事长、CEO 钱鹏鹤,首席运营官 张栋,董事会秘书 郑雷,证券事务代表 王凡",,603236.SH,603236,移远通信,007,21
2025-11-28 16:18:35,2025-11-28 00:00:00,2025-11-28 16:18:35,"蓝志威,郑锦忠,廖文义,刘映红,唐玮,张首政",1,1,0,移远通信,2025-11-28 00:00:00,5,5,10124428,10467399,上海移远通信技术股份有限公司,投资公司,007001,2025-11-25 00:00:00,恒健控股,001,上海、桂林,2025-11-05 00:00:00,"2025/11/5,2025/11/6,2025/11/10,2025/11/11,2025/11/12,2025/11/14,2025/11/17,2025/11/18,2025/11/20,2025/11/25","001,004","特定对象调研,网络会议","董事长、CEO 钱鹏鹤,首席运营官 张栋,董事会秘书 郑雷,证券事务代表 王凡",,603236.SH,603236,移远通信,007,21
2025-11-28 16:18:35,2025-11-28 00:00:00,2025-11-28 16:18:35,万瑞钦,1,1,0,移远通信,2025-11-28 00:00:00,8,8,10004960,10467399,上海移远通信技术股份有限公司,基金管理公司,004001,2025-11-25 00:00:00,宏利基金,001,上海、桂林,2025-11-05 00:00:00,"2025/11/5,2025/11/6,2025/11/10,2025/11/11,2025/11/12,2025/11/14,2025/11/17,2025/11/18,2025/11/20,2025/11/25","001,004","特定对象调研,网络会议","董事长、CEO 钱鹏鹤,首席运营官 张栋,董事会秘书 郑雷,证券事务代表 王凡",,603236.SH,603236,移远通信,007,21
2025-11-28 16:18:35,2025-11-28 00:00:00,2025-11-28 16:18:35,"韩大威,魏友岳",1,1,0,移远通信,2025-11-28 00:00:00,7,7,,10467399,上海移远通信技术股份有限公司,,,2025-11-25 00:00:00,恒信基金,001,上海、桂林,2025-11-05 00:00:00,"2025/11/5,2025/11/6,2025/11/10,2025/11/11,2025/11/12,2025/11/14,2025/11/17,2025/11/18,2025/11/20,2025/11/25","001,004","特定对象调研,网络会议","董事长、CEO 钱鹏鹤,首席运营官 张栋,董事会秘书 郑雷,证券事务代表 王凡",,603236.SH,603236,移远通信,007,21
2025-11-28 16:18:35,2025-11-28 00:00:00,2025-11-28 16:18:35,"杨晓斌,饶水平,许祺祺",1,1,0,移远通信,2025-11-28 00:00:00,2,2,,10467399,上海移远通信技术股份有限公司,,,2025-11-25 00:00:00,赣发投,001,上海、桂林,2025-11-05 00:00:00,"2025/11/5,2025/11/6,2025/11/10,2025/11/11,2025/11/12,2025/11/14,2025/11/17,2025/11/18,2025/11/20,2025/11/25","001,004","特定对象调研,网络会议","董事长、CEO 钱鹏鹤,首席运营官 张栋,董事会秘书 郑雷,证券事务代表 王凡",,603236.SH,603236,移远通信,007,21
2025-11-28 16:18:35,2025-11-28 00:00:00,2025-11-28 16:18:35,"刘辉,张明宇",1,1,0,移远通信,2025-11-28 00:00:00,1,1,10999100,10467399,上海移远通信技术股份有限公司,其它,007004,2025-11-25 00:00:00,东方红基金,001,上海、桂林,2025-11-05 00:00:00,"2025/11/5,2025/11/6,2025/11/10,2025/11/11,2025/11/12,2025/11/14,2025/11/17,2025/11/18,2025/11/20,2025/11/25","001,004","特定对象调研,网络会议","董事长、CEO 钱鹏鹤,首席运营官 张栋,董事会秘书 郑雷,证券事务代表 王凡",,603236.SH,603236,移远通信,007,21
2025-11-28 16:18:35,2025-11-28 00:00:00,2025-11-28 16:18:35,苗瑜,1,1,0,移远通信,2025-11-28 00:00:00,4,4,10032290,10467399,上海移远通信技术股份有限公司,基金管理公司,004001,2025-11-25 00:00:00,国联安基金,001,上海、桂林,2025-11-05 00:00:00,"2025/11/5,2025/11/6,2025/11/10,2025/11/11,2025/11/12,2025/11/14,2025/11/17,2025/11/18,2025/11/20,2025/11/25","001,004","特定对象调研,网络会议","董事长、CEO 钱鹏鹤,首席运营官 张栋,董事会秘书 郑雷,证券事务代表 王凡",,603236.SH,603236,移远通信,007,21
2025-11-28 16:18:35,2025-11-28 00:00:00,2025-11-28 16:18:35,"马英皓,马天诣,王颂,邱世磊",1,1,0,移远通信,2025-11-28 00:00:00,3,3,10004969,10467399,上海移远通信技术股份有限公司,基金管理公司,004001,2025-11-25 00:00:00,广发基金,001,上海、桂林,2025-11-05 00:00:00,"2025/11/5,2025/11/6,2025/11/10,2025/11/11,2025/11/12,2025/11/14,2025/11/17,2025/11/18,2025/11/20,2025/11/25","001,004","特定对象调研,网络会议","董事长、CEO 钱鹏鹤,首席运营官 张栋,董事会秘书 郑雷,证券事务代表 王凡",,603236.SH,603236,移远通信,007,21
2025-11-28 16:18:35,2025-11-28 00:00:00,2025-11-28 16:18:35,郑奇波,1,1,0,移远通信,2025-11-28 00:00:00,19,19,10352302,10467399,上海移远通信技术股份有限公司,基金管理公司,004001,2025-11-25 00:00:00,永赢基金,001,上海、桂林,2025-11-05 00:00:00,"2025/11/5,2025/11/6,2025/11/10,2025/11/11,2025/11/12,2025/11/14,2025/11/17,2025/11/18,2025/11/20,2025/11/25","001,004","特定对象调研,网络会议","董事长、CEO 钱鹏鹤,首席运营官 张栋,董事会秘书 郑雷,证券事务代表 王凡",,603236.SH,603236,移远通信,007,21
2025-11-28 16:18:35,2025-11-28 00:00:00,2025-11-28 16:18:35,童昌希,1,1,0,移远通信,2025-11-28 00:00:00,18,18,10073328,10467399,上海移远通信技术股份有限公司,基金管理公司,004001,2025-11-25 00:00:00,信达澳银,001,上海、桂林,2025-11-05 00:00:00,"2025/11/5,2025/11/6,2025/11/10,2025/11/11,2025/11/12,2025/11/14,2025/11/17,2025/11/18,2025/11/20,2025/11/25","001,004","特定对象调研,网络会议","董事长、CEO 钱鹏鹤,首席运营官 张栋,董事会秘书 郑雷,证券事务代表 王凡",,603236.SH,603236,移远通信,007,21
2025-11-28 16:18:35,2025-11-28 00:00:00,2025-11-28 16:18:35,孔方正,1,1,0,移远通信,2025-11-28 00:00:00,17,17,,10467399,上海移远通信技术股份有限公司,,,2025-11-25 00:00:00,信保基金,001,上海、桂林,2025-11-05 00:00:00,"2025/11/5,2025/11/6,2025/11/10,2025/11/11,2025/11/12,2025/11/14,2025/11/17,2025/11/18,2025/11/20,2025/11/25","001,004","特定对象调研,网络会议","董事长、CEO 钱鹏鹤,首席运营官 张栋,董事会秘书 郑雷,证券事务代表 王凡",,603236.SH,603236,移远通信,007,21
2025-11-28 16:18:35,2025-11-28 00:00:00,2025-12-04 01:08:14,"李恩德,张纪勇",1,1,0,移远通信,2025-11-28 00:00:00,9,9,10486475,10467399,上海移远通信技术股份有限公司,基金管理公司,004001,2025-11-25 00:00:00,湖南聚力财富基金,001,上海、桂林,2025-11-05 00:00:00,"2025/11/5,2025/11/6,2025/11/10,2025/11/11,2025/11/12,2025/11/14,2025/11/17,2025/11/18,2025/11/20,2025/11/25","001,004","特定对象调研,网络会议","董事长、CEO 钱鹏鹤,首席运营官 张栋,董事会秘书 郑雷,证券事务代表 王凡",,603236.SH,603236,移远通信,007,21
2025-11-28 16:18:35,2025-11-28 00:00:00,2025-11-28 16:18:35,吴俊成,1,1,0,移远通信,2025-11-28 00:00:00,21,21,10763975,10467399,上海移远通信技术股份有限公司,其它,007004,2025-11-25 00:00:00,中平资本,001,上海、桂林,2025-11-05 00:00:00,"2025/11/5,2025/11/6,2025/11/10,2025/11/11,2025/11/12,2025/11/14,2025/11/17,2025/11/18,2025/11/20,2025/11/25","001,004","特定对象调研,网络会议","董事长、CEO 钱鹏鹤,首席运营官 张栋,董事会秘书 郑雷,证券事务代表 王凡",,603236.SH,603236,移远通信,007,21
2025-11-28 16:18:35,2025-11-28 00:00:00,2025-11-28 16:18:35,"徐安生,蚁剑,沈潇建,陈远龙",1,1,0,移远通信,2025-11-28 00:00:00,20,20,10079818,10467399,上海移远通信技术股份有限公司,其它,007004,2025-11-25 00:00:00,粤科金融,001,上海、桂林,2025-11-05 00:00:00,"2025/11/5,2025/11/6,2025/11/10,2025/11/11,2025/11/12,2025/11/14,2025/11/17,2025/11/18,2025/11/20,2025/11/25","001,004","特定对象调研,网络会议","董事长、CEO 钱鹏鹤,首席运营官 张栋,董事会秘书 郑雷,证券事务代表 王凡",,603236.SH,603236,移远通信,007,21
2025-11-28 16:18:35,2025-11-28 00:00:00,2025-11-28 16:18:35,"林志霆,王莉",1,1,0,移远通信,2025-11-28 00:00:00,16,16,,10467399,上海移远通信技术股份有限公司,,,2025-11-25 00:00:00,深圳前海中保基金,001,上海、桂林,2025-11-05 00:00:00,"2025/11/5,2025/11/6,2025/11/10,2025/11/11,2025/11/12,2025/11/14,2025/11/17,2025/11/18,2025/11/20,2025/11/25","001,004","特定对象调研,网络会议","董事长、CEO 钱鹏鹤,首席运营官 张栋,董事会秘书 郑雷,证券事务代表 王凡",,603236.SH,603236,移远通信,007,21
2025-11-28 16:18:35,2025-11-28 00:00:00,2025-11-28 16:18:35,"周书臣,胡颖,杨飞,王子恒,林嵩",1,1,0,移远通信,2025-11-28 00:00:00,13,13,10004952,10467399,上海移远通信技术股份有限公司,基金管理公司,004001,2025-11-25 00:00:00,鹏华基金,001,上海、桂林,2025-11-05 00:00:00,"2025/11/5,2025/11/6,2025/11/10,2025/11/11,2025/11/12,2025/11/14,2025/11/17,2025/11/18,2025/11/20,2025/11/25","001,004","特定对象调研,网络会议","董事长、CEO 钱鹏鹤,首席运营官 张栋,董事会秘书 郑雷,证券事务代表 王凡",,603236.SH,603236,移远通信,007,21
2025-11-28 16:18:35,2025-11-28 00:00:00,2025-11-28 16:18:35,"朱胜波,黄思敏",1,1,0,移远通信,2025-11-28 00:00:00,14,14,10087741,10467399,上海移远通信技术股份有限公司,基金管理公司,004001,2025-11-25 00:00:00,浦银安盛,001,上海、桂林,2025-11-05 00:00:00,"2025/11/5,2025/11/6,2025/11/10,2025/11/11,2025/11/12,2025/11/14,2025/11/17,2025/11/18,2025/11/20,2025/11/25","001,004","特定对象调研,网络会议","董事长、CEO 钱鹏鹤,首席运营官 张栋,董事会秘书 郑雷,证券事务代表 王凡",,603236.SH,603236,移远通信,007,21
2025-11-28 16:18:35,2025-11-28 00:00:00,2025-11-28 16:18:35,邵萱,1,1,0,移远通信,2025-11-28 00:00:00,12,12,10000097684,10467399,上海移远通信技术股份有限公司,其它金融公司,002011,2025-11-25 00:00:00,宁银理财,001,上海、桂林,2025-11-05 00:00:00,"2025/11/5,2025/11/6,2025/11/10,2025/11/11,2025/11/12,2025/11/14,2025/11/17,2025/11/18,2025/11/20,2025/11/25","001,004","特定对象调研,网络会议","董事长、CEO 钱鹏鹤,首席运营官 张栋,董事会秘书 郑雷,证券事务代表 王凡",,603236.SH,603236,移远通信,007,21
2025-11-28 16:18:35,2025-11-28 00:00:00,2025-11-28 16:18:35,刘强,1,1,0,移远通信,2025-11-28 00:00:00,10,10,10004944,10467399,上海移远通信技术股份有限公司,基金管理公司,004001,2025-11-25 00:00:00,华夏基金,001,上海、桂林,2025-11-05 00:00:00,"2025/11/5,2025/11/6,2025/11/10,2025/11/11,2025/11/12,2025/11/14,2025/11/17,2025/11/18,2025/11/20,2025/11/25","001,004","特定对象调研,网络会议","董事长、CEO 钱鹏鹤,首席运营官 张栋,董事会秘书 郑雷,证券事务代表 王凡",,603236.SH,603236,移远通信,007,21
2025-11-28 16:18:35,2025-11-28 00:00:00,2025-11-28 16:18:35,王寅超,1,1,0,移远通信,2025-11-28 00:00:00,11,11,10004942,10467399,上海移远通信技术股份有限公司,基金管理公司,004001,2025-11-25 00:00:00,南方基金,001,上海、桂林,2025-11-05 00:00:00,"2025/11/5,2025/11/6,2025/11/10,2025/11/11,2025/11/12,2025/11/14,2025/11/17,2025/11/18,2025/11/20,2025/11/25","001,004","特定对象调研,网络会议","董事长、CEO 钱鹏鹤,首席运营官 张栋,董事会秘书 郑雷,证券事务代表 王凡",,603236.SH,603236,移远通信,007,21
2025-11-28 16:18:35,2025-11-28 00:00:00,2025-11-28 16:18:35,"庄严,刘紫荃,周嘉凯,郝知雨",1,1,0,移远通信,2025-11-28 00:00:00,15,15,10434566,10467399,上海移远通信技术股份有限公司,证券公司,005001,2025-11-25 00:00:00,申万宏源,001,上海、桂林,2025-11-05 00:00:00,"2025/11/5,2025/11/6,2025/11/10,2025/11/11,2025/11/12,2025/11/14,2025/11/17,2025/11/18,2025/11/20,2025/11/25","001,004","特定对象调研,网络会议","董事长、CEO 钱鹏鹤,首席运营官 张栋,董事会秘书 郑雷,证券事务代表 王凡",,603236.SH,603236,移远通信,007,21
2025-10-31 16:35:23,2025-10-31 00:00:00,2025-10-31 16:35:23,陈勇豹,1,1,0,移远通信,2025-10-31 00:00:00,12,12,,10467399,上海移远通信技术股份有限公司,,,2025-10-30 00:00:00,鼎泰四方,001,上海、常州、北京、深圳,2025-10-16 00:00:00,"2025/10/16,2025/10/17,2025/10/24,2025/10/27,2025/10/28,2025/10/29,2025/10/30","001,004","特定对象调研,网络会议,现场参观","董事长、CEO 钱鹏鹤,首席运营官 张栋,首席销售官 徐大勇,高级副总裁 杨中志,董事会秘书 郑雷,证券事务代表 王凡",,603236.SH,603236,移远通信,007,126
2025-10-31 16:35:23,2025-10-31 00:00:00,2025-10-31 16:35:23,訾会平,1,1,0,移远通信,2025-10-31 00:00:00,14,14,,10467399,上海移远通信技术股份有限公司,,,2025-10-30 00:00:00,泛桥创投,001,上海、常州、北京、深圳,2025-10-16 00:00:00,"2025/10/16,2025/10/17,2025/10/24,2025/10/27,2025/10/28,2025/10/29,2025/10/30","001,004","特定对象调研,网络会议,现场参观","董事长、CEO 钱鹏鹤,首席运营官 张栋,首席销售官 徐大勇,高级副总裁 杨中志,董事会秘书 郑雷,证券事务代表 王凡",,603236.SH,603236,移远通信,007,126
2025-10-31 16:35:23,2025-10-31 00:00:00,2025-10-31 16:35:23,周辉,1,1,0,移远通信,2025-10-31 00:00:00,13,13,10536354,10467399,上海移远通信技术股份有限公司,资产管理公司,002007,2025-10-30 00:00:00,东方嘉富,001,上海、常州、北京、深圳,2025-10-16 00:00:00,"2025/10/16,2025/10/17,2025/10/24,2025/10/27,2025/10/28,2025/10/29,2025/10/30","001,004","特定对象调研,网络会议,现场参观","董事长、CEO 钱鹏鹤,首席运营官 张栋,首席销售官 徐大勇,高级副总裁 杨中志,董事会秘书 郑雷,证券事务代表 王凡",,603236.SH,603236,移远通信,007,126
2025-10-31 16:35:23,2025-10-31 00:00:00,2025-10-31 16:35:23,"郎力,黎明",1,1,0,移远通信,2025-10-31 00:00:00,9,9,,10467399,上海移远通信技术股份有限公司,,,2025-10-30 00:00:00,达晨财智,001,上海、常州、北京、深圳,2025-10-16 00:00:00,"2025/10/16,2025/10/17,2025/10/24,2025/10/27,2025/10/28,2025/10/29,2025/10/30","001,004","特定对象调研,网络会议,现场参观","董事长、CEO 钱鹏鹤,首席运营官 张栋,首席销售官 徐大勇,高级副总裁 杨中志,董事会秘书 郑雷,证券事务代表 王凡",,603236.SH,603236,移远通信,007,126
2025-10-31 16:35:23,2025-10-31 00:00:00,2025-10-31 16:35:23,李杰,1,1,0,移远通信,2025-10-31 00:00:00,8,8,10163373,10467399,上海移远通信技术股份有限公司,投资公司,007001,2025-10-30 00:00:00,成都立华投资,001,上海、常州、北京、深圳,2025-10-16 00:00:00,"2025/10/16,2025/10/17,2025/10/24,2025/10/27,2025/10/28,2025/10/29,2025/10/30","001,004","特定对象调研,网络会议,现场参观","董事长、CEO 钱鹏鹤,首席运营官 张栋,首席销售官 徐大勇,高级副总裁 杨中志,董事会秘书 郑雷,证券事务代表 王凡",,603236.SH,603236,移远通信,007,126
2025-10-31 16:35:23,2025-10-31 00:00:00,2025-10-31 16:35:23,"杨芳,傅晓云,吴英奎,何羽立",1,1,0,移远通信,2025-10-31 00:00:00,11,11,10004838,10467399,上海移远通信技术股份有限公司,证券公司,005001,2025-10-30 00:00:00,第一创业证券,001,上海、常州、北京、深圳,2025-10-16 00:00:00,"2025/10/16,2025/10/17,2025/10/24,2025/10/27,2025/10/28,2025/10/29,2025/10/30","001,004","特定对象调研,网络会议,现场参观","董事长、CEO 钱鹏鹤,首席运营官 张栋,首席销售官 徐大勇,高级副总裁 杨中志,董事会秘书 郑雷,证券事务代表 王凡",,603236.SH,603236,移远通信,007,126
2025-10-31 16:35:23,2025-10-31 00:00:00,2025-10-31 16:35:23,"解成波,张腾",1,1,0,移远通信,2025-10-31 00:00:00,10,10,,10467399,上海移远通信技术股份有限公司,,,2025-10-30 00:00:00,德达投资,001,上海、常州、北京、深圳,2025-10-16 00:00:00,"2025/10/16,2025/10/17,2025/10/24,2025/10/27,2025/10/28,2025/10/29,2025/10/30","001,004","特定对象调研,网络会议,现场参观","董事长、CEO 钱鹏鹤,首席运营官 张栋,首席销售官 徐大勇,高级副总裁 杨中志,董事会秘书 郑雷,证券事务代表 王凡",,603236.SH,603236,移远通信,007,126
2025-10-31 16:35:23,2025-10-31 00:00:00,2025-10-31 16:35:23,莫莉,1,1,0,移远通信,2025-10-31 00:00:00,17,17,,10467399,上海移远通信技术股份有限公司,,,2025-10-30 00:00:00,耕霁资产,001,上海、常州、北京、深圳,2025-10-16 00:00:00,"2025/10/16,2025/10/17,2025/10/24,2025/10/27,2025/10/28,2025/10/29,2025/10/30","001,004","特定对象调研,网络会议,现场参观","董事长、CEO 钱鹏鹤,首席运营官 张栋,首席销售官 徐大勇,高级副总裁 杨中志,董事会秘书 郑雷,证券事务代表 王凡",,603236.SH,603236,移远通信,007,126
2025-10-31 16:35:23,2025-10-31 00:00:00,2025-10-31 16:35:23,"贺甜,张斌,饶水平,黄超凡",1,1,0,移远通信,2025-10-31 00:00:00,16,16,10639067,10467399,上海移远通信技术股份有限公司,投资公司,007001,2025-10-30 00:00:00,赣州发展投资基金,001,上海、常州、北京、深圳,2025-10-16 00:00:00,"2025/10/16,2025/10/17,2025/10/24,2025/10/27,2025/10/28,2025/10/29,2025/10/30","001,004","特定对象调研,网络会议,现场参观","董事长、CEO 钱鹏鹤,首席运营官 张栋,首席销售官 徐大勇,高级副总裁 杨中志,董事会秘书 郑雷,证券事务代表 王凡",,603236.SH,603236,移远通信,007,126
2025-10-31 16:35:23,2025-10-31 00:00:00,2025-10-31 16:35:23,何宇超,1,1,0,移远通信,2025-10-31 00:00:00,15,15,10007578,10467399,上海移远通信技术股份有限公司,其它,007004,2025-10-30 00:00:00,复星高科技,001,上海、常州、北京、深圳,2025-10-16 00:00:00,"2025/10/16,2025/10/17,2025/10/24,2025/10/27,2025/10/28,2025/10/29,2025/10/30","001,004","特定对象调研,网络会议,现场参观","董事长、CEO 钱鹏鹤,首席运营官 张栋,首席销售官 徐大勇,高级副总裁 杨中志,董事会秘书 郑雷,证券事务代表 王凡",,603236.SH,603236,移远通信,007,126
2025-10-31 16:35:23,2025-10-31 00:00:00,2025-10-31 16:35:23,刘凌宇,1,1,0,移远通信,2025-10-31 00:00:00,18,18,10000058758,10467399,上海移远通信技术股份有限公司,其它金融公司,002011,2025-10-30 00:00:00,光大理财,001,上海、常州、北京、深圳,2025-10-16 00:00:00,"2025/10/16,2025/10/17,2025/10/24,2025/10/27,2025/10/28,2025/10/29,2025/10/30","001,004","特定对象调研,网络会议,现场参观","董事长、CEO 钱鹏鹤,首席运营官 张栋,首席销售官 徐大勇,高级副总裁 杨中志,董事会秘书 郑雷,证券事务代表 王凡",,603236.SH,603236,移远通信,007,126
2025-10-31 16:35:23,2025-10-31 00:00:00,2025-10-31 16:35:23,聂晨,1,1,0,移远通信,2025-10-31 00:00:00,22,22,10184198,10467399,上海移远通信技术股份有限公司,投资公司,007001,2025-10-30 00:00:00,国海创新资本,001,上海、常州、北京、深圳,2025-10-16 00:00:00,"2025/10/16,2025/10/17,2025/10/24,2025/10/27,2025/10/28,2025/10/29,2025/10/30","001,004","特定对象调研,网络会议,现场参观","董事长、CEO 钱鹏鹤,首席运营官 张栋,首席销售官 徐大勇,高级副总裁 杨中志,董事会秘书 郑雷,证券事务代表 王凡",,603236.SH,603236,移远通信,007,126
2025-10-31 16:35:23,2025-10-31 00:00:00,2025-10-31 16:35:23,"蒋宗晟,徐静睿,王子莹,何馥伶",1,1,0,移远通信,2025-10-31 00:00:00,20,20,10662842,10467399,上海移远通信技术股份有限公司,投资公司,007001,2025-10-30 00:00:00,广东恒阔投资,001,上海、常州、北京、深圳,2025-10-16 00:00:00,"2025/10/16,2025/10/17,2025/10/24,2025/10/27,2025/10/28,2025/10/29,2025/10/30","001,004","特定对象调研,网络会议,现场参观","董事长、CEO 钱鹏鹤,首席运营官 张栋,首席销售官 徐大勇,高级副总裁 杨中志,董事会秘书 郑雷,证券事务代表 王凡",,603236.SH,603236,移远通信,007,126
2025-10-31 16:35:23,2025-10-31 00:00:00,2025-10-31 16:35:23,"汪家民,彭澎",1,1,0,移远通信,2025-10-31 00:00:00,19,19,,10467399,上海移远通信技术股份有限公司,,,2025-10-30 00:00:00,广东恒健投资,001,上海、常州、北京、深圳,2025-10-16 00:00:00,"2025/10/16,2025/10/17,2025/10/24,2025/10/27,2025/10/28,2025/10/29,2025/10/30","001,004","特定对象调研,网络会议,现场参观","董事长、CEO 钱鹏鹤,首席运营官 张栋,首席销售官 徐大勇,高级副总裁 杨中志,董事会秘书 郑雷,证券事务代表 王凡",,603236.SH,603236,移远通信,007,126
2025-10-31 16:35:23,2025-10-31 00:00:00,2025-11-05 01:07:34,"陈巍,王天,田甜",1,1,0,移远通信,2025-10-31 00:00:00,119,119,10552686,10467399,上海移远通信技术股份有限公司,其它,007004,2025-10-30 00:00:00,湖北中小企业金融服务,001,上海、常州、北京、深圳,2025-10-16 00:00:00,"2025/10/16,2025/10/17,2025/10/24,2025/10/27,2025/10/28,2025/10/29,2025/10/30","001,004","特定对象调研,网络会议,现场参观","董事长、CEO 钱鹏鹤,首席运营官 张栋,首席销售官 徐大勇,高级副总裁 杨中志,董事会秘书 郑雷,证券事务代表 王凡",,603236.SH,603236,移远通信,007,126
2025-10-31 16:35:25,2025-10-31 00:00:00,2025-11-05 01:07:34,侯丽萍,1,1,0,移远通信,2025-10-31 00:00:00,104,104,10000268082,10467399,上海移远通信技术股份有限公司,投资公司,007001,2025-10-30 00:00:00,无锡国联新创,001,上海、常州、北京、深圳,2025-10-16 00:00:00,"2025/10/16,2025/10/17,2025/10/24,2025/10/27,2025/10/28,2025/10/29,2025/10/30","001,004","特定对象调研,网络会议,现场参观","董事长、CEO 钱鹏鹤,首席运营官 张栋,首席销售官 徐大勇,高级副总裁 杨中志,董事会秘书 郑雷,证券事务代表 王凡",,603236.SH,603236,移远通信,007,126
2025-10-31 16:35:24,2025-10-31 00:00:00,2025-11-05 01:07:34,"杨学龙,袁梦",1,1,0,移远通信,2025-10-31 00:00:00,83,83,10000562588,10467399,上海移远通信技术股份有限公司,投资公司,007001,2025-10-30 00:00:00,青岛海发产投集团,001,上海、常州、北京、深圳,2025-10-16 00:00:00,"2025/10/16,2025/10/17,2025/10/24,2025/10/27,2025/10/28,2025/10/29,2025/10/30","001,004","特定对象调研,网络会议,现场参观","董事长、CEO 钱鹏鹤,首席运营官 张栋,首席销售官 徐大勇,高级副总裁 杨中志,董事会秘书 郑雷,证券事务代表 王凡",,603236.SH,603236,移远通信,007,126
2025-10-31 16:35:24,2025-10-31 00:00:00,2025-11-11 01:10:46,"徐辰琦,薛籽潼,卫江铭",1,1,0,移远通信,2025-10-31 00:00:00,91,91,10072877,10467399,上海移远通信技术股份有限公司,投资公司,007001,2025-10-30 00:00:00,陕西产投,001,上海、常州、北京、深圳,2025-10-16 00:00:00,"2025/10/16,2025/10/17,2025/10/24,2025/10/27,2025/10/28,2025/10/29,2025/10/30","001,004","特定对象调研,网络会议,现场参观","董事长、CEO 钱鹏鹤,首席运营官 张栋,首席销售官 徐大勇,高级副总裁 杨中志,董事会秘书 郑雷,证券事务代表 王凡",,603236.SH,603236,移远通信,007,126
2025-10-31 16:35:24,2025-10-31 00:00:00,2026-04-02 01:01:20,黄茂忠,1,1,0,移远通信,2025-10-31 00:00:00,77,77,10005440,10467399,上海移远通信技术股份有限公司,国务院所属部委,008002,2025-10-30 00:00:00,中国北方工业,001,上海、常州、北京、深圳,2025-10-16 00:00:00,"2025/10/16,2025/10/17,2025/10/24,2025/10/27,2025/10/28,2025/10/29,2025/10/30","001,004","特定对象调研,网络会议,现场参观","董事长、CEO 钱鹏鹤,首席运营官 张栋,首席销售官 徐大勇,高级副总裁 杨中志,董事会秘书 郑雷,证券事务代表 王凡",,603236.SH,603236,移远通信,007,126
2025-10-31 16:35:23,2025-10-31 00:00:00,2026-01-14 01:02:05,"孟皓,刘鑫",1,1,0,移远通信,2025-10-31 00:00:00,26,26,10000723117,10467399,上海移远通信技术股份有限公司,其它,007004,2025-10-30 00:00:00,海珠城发,001,上海、常州、北京、深圳,2025-10-16 00:00:00,"2025/10/16,2025/10/17,2025/10/24,2025/10/27,2025/10/28,2025/10/29,2025/10/30","001,004","特定对象调研,网络会议,现场参观","董事长、CEO 钱鹏鹤,首席运营官 张栋,首席销售官 徐大勇,高级副总裁 杨中志,董事会秘书 郑雷,证券事务代表 王凡",,603236.SH,603236,移远通信,007,126
2025-10-31 16:35:24,2025-10-31 00:00:00,2026-01-10 01:01:34,"任丽,李蓓",1,1,0,移远通信,2025-10-31 00:00:00,75,75,10000283981,10467399,上海移远通信技术股份有限公司,投资公司,007001,2025-10-30 00:00:00,中船投资,001,上海、常州、北京、深圳,2025-10-16 00:00:00,"2025/10/16,2025/10/17,2025/10/24,2025/10/27,2025/10/28,2025/10/29,2025/10/30","001,004","特定对象调研,网络会议,现场参观","董事长、CEO 钱鹏鹤,首席运营官 张栋,首席销售官 徐大勇,高级副总裁 杨中志,董事会秘书 郑雷,证券事务代表 王凡",,603236.SH,603236,移远通信,007,126
2025-10-31 16:35:23,2025-10-31 00:00:00,2025-10-31 16:35:23,张书琪,1,1,0,移远通信,2025-10-31 00:00:00,5,5,10053660,10467399,上海移远通信技术股份有限公司,证券公司,005001,2025-10-30 00:00:00,财通证券,001,上海、常州、北京、深圳,2025-10-16 00:00:00,"2025/10/16,2025/10/17,2025/10/24,2025/10/27,2025/10/28,2025/10/29,2025/10/30","001,004","特定对象调研,网络会议,现场参观","董事长、CEO 钱鹏鹤,首席运营官 张栋,首席销售官 徐大勇,高级副总裁 杨中志,董事会秘书 郑雷,证券事务代表 王凡",,603236.SH,603236,移远通信,007,126
2025-10-31 16:35:23,2025-10-31 00:00:00,2025-10-31 16:35:23,邓德全,1,1,0,移远通信,2025-10-31 00:00:00,6,6,10128311,10467399,上海移远通信技术股份有限公司,基金管理公司,004001,2025-10-30 00:00:00,财信产业基金,001,上海、常州、北京、深圳,2025-10-16 00:00:00,"2025/10/16,2025/10/17,2025/10/24,2025/10/27,2025/10/28,2025/10/29,2025/10/30","001,004","特定对象调研,网络会议,现场参观","董事长、CEO 钱鹏鹤,首席运营官 张栋,首席销售官 徐大勇,高级副总裁 杨中志,董事会秘书 郑雷,证券事务代表 王凡",,603236.SH,603236,移远通信,007,126
2025-10-31 16:35:23,2025-10-31 00:00:00,2025-10-31 16:35:23,顾少华,1,1,0,移远通信,2025-10-31 00:00:00,7,7,10004881,10467399,上海移远通信技术股份有限公司,证券公司,005001,2025-10-30 00:00:00,财信证券,001,上海、常州、北京、深圳,2025-10-16 00:00:00,"2025/10/16,2025/10/17,2025/10/24,2025/10/27,2025/10/28,2025/10/29,2025/10/30","001,004","特定对象调研,网络会议,现场参观","董事长、CEO 钱鹏鹤,首席运营官 张栋,首席销售官 徐大勇,高级副总裁 杨中志,董事会秘书 郑雷,证券事务代表 王凡",,603236.SH,603236,移远通信,007,126
2025-10-31 16:35:23,2025-10-31 00:00:00,2025-10-31 16:35:23,"宋志鸿,马梦絮,从昉昕,王怡之",1,1,0,移远通信,2025-10-31 00:00:00,4,4,10167445,10467399,上海移远通信技术股份有限公司,基金管理公司,004001,2025-10-30 00:00:00,财通基金,001,上海、常州、北京、深圳,2025-10-16 00:00:00,"2025/10/16,2025/10/17,2025/10/24,2025/10/27,2025/10/28,2025/10/29,2025/10/30","001,004","特定对象调研,网络会议,现场参观","董事长、CEO 钱鹏鹤,首席运营官 张栋,首席销售官 徐大勇,高级副总裁 杨中志,董事会秘书 郑雷,证券事务代表 王凡",,603236.SH,603236,移远通信,007,126
2025-10-31 16:35:23,2025-10-31 00:00:00,2025-10-31 16:35:23,"张嘉禾,杨晓英,余国文",1,1,0,移远通信,2025-10-31 00:00:00,1,1,10000029049,10467399,上海移远通信技术股份有限公司,投资公司,007001,2025-10-30 00:00:00,北斗七星股权投资,001,上海、常州、北京、深圳,2025-10-16 00:00:00,"2025/10/16,2025/10/17,2025/10/24,2025/10/27,2025/10/28,2025/10/29,2025/10/30","001,004","特定对象调研,网络会议,现场参观","董事长、CEO 钱鹏鹤,首席运营官 张栋,首席销售官 徐大勇,高级副总裁 杨中志,董事会秘书 郑雷,证券事务代表 王凡",,603236.SH,603236,移远通信,007,126
2025-10-31 16:35:23,2025-10-31 00:00:00,2025-10-31 16:35:23,琚欣然,1,1,0,移远通信,2025-10-31 00:00:00,2,2,10945709,10467399,上海移远通信技术股份有限公司,投资公司,007001,2025-10-30 00:00:00,北方工业投资,001,上海、常州、北京、深圳,2025-10-16 00:00:00,"2025/10/16,2025/10/17,2025/10/24,2025/10/27,2025/10/28,2025/10/29,2025/10/30","001,004","特定对象调研,网络会议,现场参观","董事长、CEO 钱鹏鹤,首席运营官 张栋,首席销售官 徐大勇,高级副总裁 杨中志,董事会秘书 郑雷,证券事务代表 王凡",,603236.SH,603236,移远通信,007,126
2025-10-31 16:35:23,2025-10-31 00:00:00,2025-10-31 16:35:23,"贾亦真,王嘉成",1,1,0,移远通信,2025-10-31 00:00:00,3,3,10055545,10467399,上海移远通信技术股份有限公司,投资公司,007001,2025-10-30 00:00:00,北汽产投,001,上海、常州、北京、深圳,2025-10-16 00:00:00,"2025/10/16,2025/10/17,2025/10/24,2025/10/27,2025/10/28,2025/10/29,2025/10/30","001,004","特定对象调研,网络会议,现场参观","董事长、CEO 钱鹏鹤,首席运营官 张栋,首席销售官 徐大勇,高级副总裁 杨中志,董事会秘书 郑雷,证券事务代表 王凡",,603236.SH,603236,移远通信,007,126
2025-10-31 16:35:23,2025-10-31 00:00:00,2025-10-31 16:35:23,田永新,1,1,0,移远通信,2025-10-31 00:00:00,23,23,10150451,10467399,上海移远通信技术股份有限公司,租赁公司,002002,2025-10-30 00:00:00,国泰租赁,001,上海、常州、北京、深圳,2025-10-16 00:00:00,"2025/10/16,2025/10/17,2025/10/24,2025/10/27,2025/10/28,2025/10/29,2025/10/30","001,004","特定对象调研,网络会议,现场参观","董事长、CEO 钱鹏鹤,首席运营官 张栋,首席销售官 徐大勇,高级副总裁 杨中志,董事会秘书 郑雷,证券事务代表 王凡",,603236.SH,603236,移远通信,007,126
2025-10-31 16:35:24,2025-10-31 00:00:00,2025-10-31 16:35:24,"王竞达,沙涛,杨灿",1,1,0,移远通信,2025-10-31 00:00:00,92,92,,10467399,上海移远通信技术股份有限公司,,,2025-10-30 00:00:00,上海固信控股,001,上海、常州、北京、深圳,2025-10-16 00:00:00,"2025/10/16,2025/10/17,2025/10/24,2025/10/27,2025/10/28,2025/10/29,2025/10/30","001,004","特定对象调研,网络会议,现场参观","董事长、CEO 钱鹏鹤,首席运营官 张栋,首席销售官 徐大勇,高级副总裁 杨中志,董事会秘书 郑雷,证券事务代表 王凡",,603236.SH,603236,移远通信,007,126
2025-10-31 16:35:24,2025-10-31 00:00:00,2025-10-31 16:35:24,王国语,1,1,0,移远通信,2025-10-31 00:00:00,93,93,10561138,10467399,上海移远通信技术股份有限公司,资产管理公司,002007,2025-10-30 00:00:00,上海宝弘景,001,上海、常州、北京、深圳,2025-10-16 00:00:00,"2025/10/16,2025/10/17,2025/10/24,2025/10/27,2025/10/28,2025/10/29,2025/10/30","001,004","特定对象调研,网络会议,现场参观","董事长、CEO 钱鹏鹤,首席运营官 张栋,首席销售官 徐大勇,高级副总裁 杨中志,董事会秘书 郑雷,证券事务代表 王凡",,603236.SH,603236,移远通信,007,126
2025-10-31 16:35:24,2025-10-31 00:00:00,2025-10-31 16:35:24,李胜敏,1,1,0,移远通信,2025-10-31 00:00:00,94,94,10395402,10467399,上海移远通信技术股份有限公司,投资公司,007001,2025-10-30 00:00:00,上海顶天投资,001,上海、常州、北京、深圳,2025-10-16 00:00:00,"2025/10/16,2025/10/17,2025/10/24,2025/10/27,2025/10/28,2025/10/29,2025/10/30","001,004","特定对象调研,网络会议,现场参观","董事长、CEO 钱鹏鹤,首席运营官 张栋,首席销售官 徐大勇,高级副总裁 杨中志,董事会秘书 郑雷,证券事务代表 王凡",,603236.SH,603236,移远通信,007,126
2025-10-31 16:35:24,2025-10-31 00:00:00,2025-10-31 16:35:24,高畅,1,1,0,移远通信,2025-10-31 00:00:00,88,88,,10467399,上海移远通信技术股份有限公司,,,2025-10-30 00:00:00,山东现代海洋,001,上海、常州、北京、深圳,2025-10-16 00:00:00,"2025/10/16,2025/10/17,2025/10/24,2025/10/27,2025/10/28,2025/10/29,2025/10/30","001,004","特定对象调研,网络会议,现场参观","董事长、CEO 钱鹏鹤,首席运营官 张栋,首席销售官 徐大勇,高级副总裁 杨中志,董事会秘书 郑雷,证券事务代表 王凡",,603236.SH,603236,移远通信,007,126
2025-10-31 16:35:24,2025-10-31 00:00:00,2025-10-31 16:35:24,"张新宇,姚旭东,牛婷,张益铭",1,1,0,移远通信,2025-10-31 00:00:00,89,89,,10467399,上海移远通信技术股份有限公司,,,2025-10-30 00:00:00,陕西高新产投,001,上海、常州、北京、深圳,2025-10-16 00:00:00,"2025/10/16,2025/10/17,2025/10/24,2025/10/27,2025/10/28,2025/10/29,2025/10/30","001,004","特定对象调研,网络会议,现场参观","董事长、CEO 钱鹏鹤,首席运营官 张栋,首席销售官 徐大勇,高级副总裁 杨中志,董事会秘书 郑雷,证券事务代表 王凡",,603236.SH,603236,移远通信,007,126
2025-10-31 16:35:24,2025-10-31 00:00:00,2025-10-31 16:35:24,左一丁,1,1,0,移远通信,2025-10-31 00:00:00,90,90,10578100,10467399,上海移远通信技术股份有限公司,投资公司,007001,2025-10-30 00:00:00,陕西投资基金,001,上海、常州、北京、深圳,2025-10-16 00:00:00,"2025/10/16,2025/10/17,2025/10/24,2025/10/27,2025/10/28,2025/10/29,2025/10/30","001,004","特定对象调研,网络会议,现场参观","董事长、CEO 钱鹏鹤,首席运营官 张栋,首席销售官 徐大勇,高级副总裁 杨中志,董事会秘书 郑雷,证券事务代表 王凡",,603236.SH,603236,移远通信,007,126
2025-10-31 16:35:24,2025-10-31 00:00:00,2025-10-31 16:35:24,冉文,1,1,0,移远通信,2025-10-31 00:00:00,98,98,,10467399,上海移远通信技术股份有限公司,,,2025-10-30 00:00:00,深圳中金岭南资本,001,上海、常州、北京、深圳,2025-10-16 00:00:00,"2025/10/16,2025/10/17,2025/10/24,2025/10/27,2025/10/28,2025/10/29,2025/10/30","001,004","特定对象调研,网络会议,现场参观","董事长、CEO 钱鹏鹤,首席运营官 张栋,首席销售官 徐大勇,高级副总裁 杨中志,董事会秘书 郑雷,证券事务代表 王凡",,603236.SH,603236,移远通信,007,126
2025-10-31 16:35:24,2025-10-31 00:00:00,2025-10-31 16:35:24,赵学昂,1,1,0,移远通信,2025-10-31 00:00:00,99,99,,10467399,上海移远通信技术股份有限公司,,,2025-10-30 00:00:00,矢量基金,001,上海、常州、北京、深圳,2025-10-16 00:00:00,"2025/10/16,2025/10/17,2025/10/24,2025/10/27,2025/10/28,2025/10/29,2025/10/30","001,004","特定对象调研,网络会议,现场参观","董事长、CEO 钱鹏鹤,首席运营官 张栋,首席销售官 徐大勇,高级副总裁 杨中志,董事会秘书 郑雷,证券事务代表 王凡",,603236.SH,603236,移远通信,007,126
2025-10-31 16:35:24,2025-10-31 00:00:00,2025-10-31 16:35:24,施学东,1,1,0,移远通信,2025-10-31 00:00:00,100,100,,10467399,上海移远通信技术股份有限公司,,,2025-10-30 00:00:00,世嘉控股集团,001,上海、常州、北京、深圳,2025-10-16 00:00:00,"2025/10/16,2025/10/17,2025/10/24,2025/10/27,2025/10/28,2025/10/29,2025/10/30","001,004","特定对象调研,网络会议,现场参观","董事长、CEO 钱鹏鹤,首席运营官 张栋,首席销售官 徐大勇,高级副总裁 杨中志,董事会秘书 郑雷,证券事务代表 王凡",,603236.SH,603236,移远通信,007,126
2025-10-31 16:35:24,2025-10-31 00:00:00,2025-10-31 16:35:24,唐功勋,1,1,0,移远通信,2025-10-31 00:00:00,95,95,,10467399,上海移远通信技术股份有限公司,,,2025-10-30 00:00:00,上海亿衍基金,001,上海、常州、北京、深圳,2025-10-16 00:00:00,"2025/10/16,2025/10/17,2025/10/24,2025/10/27,2025/10/28,2025/10/29,2025/10/30","001,004","特定对象调研,网络会议,现场参观","董事长、CEO 钱鹏鹤,首席运营官 张栋,首席销售官 徐大勇,高级副总裁 杨中志,董事会秘书 郑雷,证券事务代表 王凡",,603236.SH,603236,移远通信,007,126
2025-10-31 16:35:24,2025-10-31 00:00:00,2025-10-31 16:35:24,"孟伟韬,江海涛",1,1,0,移远通信,2025-10-31 00:00:00,96,96,10015359,10467399,上海移远通信技术股份有限公司,投资公司,007001,2025-10-30 00:00:00,上海国鑫投资,001,上海、常州、北京、深圳,2025-10-16 00:00:00,"2025/10/16,2025/10/17,2025/10/24,2025/10/27,2025/10/28,2025/10/29,2025/10/30","001,004","特定对象调研,网络会议,现场参观","董事长、CEO 钱鹏鹤,首席运营官 张栋,首席销售官 徐大勇,高级副总裁 杨中志,董事会秘书 郑雷,证券事务代表 王凡",,603236.SH,603236,移远通信,007,126
2025-10-31 16:35:24,2025-10-31 00:00:00,2025-10-31 16:35:24,"戚锦锭,黄俊豪",1,1,0,移远通信,2025-10-31 00:00:00,97,97,10486635,10467399,上海移远通信技术股份有限公司,投资公司,007001,2025-10-30 00:00:00,深圳纽富斯,001,上海、常州、北京、深圳,2025-10-16 00:00:00,"2025/10/16,2025/10/17,2025/10/24,2025/10/27,2025/10/28,2025/10/29,2025/10/30","001,004","特定对象调研,网络会议,现场参观","董事长、CEO 钱鹏鹤,首席运营官 张栋,首席销售官 徐大勇,高级副总裁 杨中志,董事会秘书 郑雷,证券事务代表 王凡",,603236.SH,603236,移远通信,007,126
2025-10-31 16:35:24,2025-10-31 00:00:00,2025-10-31 16:35:24,陈敬钰,1,1,0,移远通信,2025-10-31 00:00:00,79,79,,10467399,上海移远通信技术股份有限公司,,,2025-10-30 00:00:00,前海中船,001,上海、常州、北京、深圳,2025-10-16 00:00:00,"2025/10/16,2025/10/17,2025/10/24,2025/10/27,2025/10/28,2025/10/29,2025/10/30","001,004","特定对象调研,网络会议,现场参观","董事长、CEO 钱鹏鹤,首席运营官 张栋,首席销售官 徐大勇,高级副总裁 杨中志,董事会秘书 郑雷,证券事务代表 王凡",,603236.SH,603236,移远通信,007,126
2025-10-31 16:35:24,2025-10-31 00:00:00,2025-10-31 16:35:24,张俊,1,1,0,移远通信,2025-10-31 00:00:00,80,80,10486918,10467399,上海移远通信技术股份有限公司,资产管理公司,002007,2025-10-30 00:00:00,勤道资本,001,上海、常州、北京、深圳,2025-10-16 00:00:00,"2025/10/16,2025/10/17,2025/10/24,2025/10/27,2025/10/28,2025/10/29,2025/10/30","001,004","特定对象调研,网络会议,现场参观","董事长、CEO 钱鹏鹤,首席运营官 张栋,首席销售官 徐大勇,高级副总裁 杨中志,董事会秘书 郑雷,证券事务代表 王凡",,603236.SH,603236,移远通信,007,126
2025-10-31 16:35:24,2025-10-31 00:00:00,2025-10-31 16:35:24,"任怡,郑晓晓",1,1,0,移远通信,2025-10-31 00:00:00,81,81,,10467399,上海移远通信技术股份有限公司,,,2025-10-30 00:00:00,青岛城投,001,上海、常州、北京、深圳,2025-10-16 00:00:00,"2025/10/16,2025/10/17,2025/10/24,2025/10/27,2025/10/28,2025/10/29,2025/10/30","001,004","特定对象调研,网络会议,现场参观","董事长、CEO 钱鹏鹤,首席运营官 张栋,首席销售官 徐大勇,高级副总裁 杨中志,董事会秘书 郑雷,证券事务代表 王凡",,603236.SH,603236,移远通信,007,126
2025-10-31 16:35:24,2025-10-31 00:00:00,2025-10-31 16:35:24,余国文,1,1,0,移远通信,2025-10-31 00:00:00,74,74,,10467399,上海移远通信技术股份有限公司,,,2025-10-30 00:00:00,中兵北斗产业基金,001,上海、常州、北京、深圳,2025-10-16 00:00:00,"2025/10/16,2025/10/17,2025/10/24,2025/10/27,2025/10/28,2025/10/29,2025/10/30","001,004","特定对象调研,网络会议,现场参观","董事长、CEO 钱鹏鹤,首席运营官 张栋,首席销售官 徐大勇,高级副总裁 杨中志,董事会秘书 郑雷,证券事务代表 王凡",,603236.SH,603236,移远通信,007,126
2025-10-31 16:35:24,2025-10-31 00:00:00,2025-10-31 16:35:24,郑雨晨,1,1,0,移远通信,2025-10-31 00:00:00,76,76,10425603,10467399,上海移远通信技术股份有限公司,投资公司,007001,2025-10-30 00:00:00,中电科投资控股,001,上海、常州、北京、深圳,2025-10-16 00:00:00,"2025/10/16,2025/10/17,2025/10/24,2025/10/27,2025/10/28,2025/10/29,2025/10/30","001,004","特定对象调研,网络会议,现场参观","董事长、CEO 钱鹏鹤,首席运营官 张栋,首席销售官 徐大勇,高级副总裁 杨中志,董事会秘书 郑雷,证券事务代表 王凡",,603236.SH,603236,移远通信,007,126
2025-10-31 16:35:24,2025-10-31 00:00:00,2025-10-31 16:35:24,杨俊杰,1,1,0,移远通信,2025-10-31 00:00:00,78,78,,10467399,上海移远通信技术股份有限公司,,,2025-10-30 00:00:00,璞信资本,001,上海、常州、北京、深圳,2025-10-16 00:00:00,"2025/10/16,2025/10/17,2025/10/24,2025/10/27,2025/10/28,2025/10/29,2025/10/30","001,004","特定对象调研,网络会议,现场参观","董事长、CEO 钱鹏鹤,首席运营官 张栋,首席销售官 徐大勇,高级副总裁 杨中志,董事会秘书 郑雷,证券事务代表 王凡",,603236.SH,603236,移远通信,007,126
2025-10-31 16:35:24,2025-10-31 00:00:00,2025-10-31 16:35:24,潘凡烨,1,1,0,移远通信,2025-10-31 00:00:00,85,85,10168446,10467399,上海移远通信技术股份有限公司,创业投资公司,007002,2025-10-30 00:00:00,湖南轻盐创投,001,上海、常州、北京、深圳,2025-10-16 00:00:00,"2025/10/16,2025/10/17,2025/10/24,2025/10/27,2025/10/28,2025/10/29,2025/10/30","001,004","特定对象调研,网络会议,现场参观","董事长、CEO 钱鹏鹤,首席运营官 张栋,首席销售官 徐大勇,高级副总裁 杨中志,董事会秘书 郑雷,证券事务代表 王凡",,603236.SH,603236,移远通信,007,126
2025-10-31 16:35:24,2025-10-31 00:00:00,2025-10-31 16:35:24,王启成,1,1,0,移远通信,2025-10-31 00:00:00,86,86,10000151101,10467399,上海移远通信技术股份有限公司,投资公司,007001,2025-10-30 00:00:00,宁波三登投资,001,上海、常州、北京、深圳,2025-10-16 00:00:00,"2025/10/16,2025/10/17,2025/10/24,2025/10/27,2025/10/28,2025/10/29,2025/10/30","001,004","特定对象调研,网络会议,现场参观","董事长、CEO 钱鹏鹤,首席运营官 张栋,首席销售官 徐大勇,高级副总裁 杨中志,董事会秘书 郑雷,证券事务代表 王凡",,603236.SH,603236,移远通信,007,126
2025-10-31 16:35:24,2025-10-31 00:00:00,2025-10-31 16:35:24,周丽,1,1,0,移远通信,2025-10-31 00:00:00,87,87,,10467399,上海移远通信技术股份有限公司,,,2025-10-30 00:00:00,山东蓝色经济创投,001,上海、常州、北京、深圳,2025-10-16 00:00:00,"2025/10/16,2025/10/17,2025/10/24,2025/10/27,2025/10/28,2025/10/29,2025/10/30","001,004","特定对象调研,网络会议,现场参观","董事长、CEO 钱鹏鹤,首席运营官 张栋,首席销售官 徐大勇,高级副总裁 杨中志,董事会秘书 郑雷,证券事务代表 王凡",,603236.SH,603236,移远通信,007,126
2025-10-31 16:35:24,2025-10-31 00:00:00,2025-10-31 16:35:24,王眉盈,1,1,0,移远通信,2025-10-31 00:00:00,82,82,,10467399,上海移远通信技术股份有限公司,,,2025-10-30 00:00:00,青岛城投城金控股,001,上海、常州、北京、深圳,2025-10-16 00:00:00,"2025/10/16,2025/10/17,2025/10/24,2025/10/27,2025/10/28,2025/10/29,2025/10/30","001,004","特定对象调研,网络会议,现场参观","董事长、CEO 钱鹏鹤,首席运营官 张栋,首席销售官 徐大勇,高级副总裁 杨中志,董事会秘书 郑雷,证券事务代表 王凡",,603236.SH,603236,移远通信,007,126
2025-10-31 16:35:24,2025-10-31 00:00:00,2025-10-31 16:35:24,王增昌,1,1,0,移远通信,2025-10-31 00:00:00,84,84,10119641,10467399,上海移远通信技术股份有限公司,投资公司,007001,2025-10-30 00:00:00,青岛以太投资,001,上海、常州、北京、深圳,2025-10-16 00:00:00,"2025/10/16,2025/10/17,2025/10/24,2025/10/27,2025/10/28,2025/10/29,2025/10/30","001,004","特定对象调研,网络会议,现场参观","董事长、CEO 钱鹏鹤,首席运营官 张栋,首席销售官 徐大勇,高级副总裁 杨中志,董事会秘书 郑雷,证券事务代表 王凡",,603236.SH,603236,移远通信,007,126
2025-10-31 16:35:23,2025-10-31 00:00:00,2025-10-31 16:35:23,"杨浩杰,阮经天",1,1,0,移远通信,2025-10-31 00:00:00,21,21,,10467399,上海移远通信技术股份有限公司,,,2025-10-30 00:00:00,广杰投资,001,上海、常州、北京、深圳,2025-10-16 00:00:00,"2025/10/16,2025/10/17,2025/10/24,2025/10/27,2025/10/28,2025/10/29,2025/10/30","001,004","特定对象调研,网络会议,现场参观","董事长、CEO 钱鹏鹤,首席运营官 张栋,首席销售官 徐大勇,高级副总裁 杨中志,董事会秘书 郑雷,证券事务代表 王凡",,603236.SH,603236,移远通信,007,126
2025-10-31 16:35:23,2025-10-31 00:00:00,2025-10-31 16:35:23,张勇,1,1,0,移远通信,2025-10-31 00:00:00,117,117,,10467399,上海移远通信技术股份有限公司,,,2025-10-30 00:00:00,前海中船基金,001,上海、常州、北京、深圳,2025-10-16 00:00:00,"2025/10/16,2025/10/17,2025/10/24,2025/10/27,2025/10/28,2025/10/29,2025/10/30","001,004","特定对象调研,网络会议,现场参观","董事长、CEO 钱鹏鹤,首席运营官 张栋,首席销售官 徐大勇,高级副总裁 杨中志,董事会秘书 郑雷,证券事务代表 王凡",,603236.SH,603236,移远通信,007,126
2025-10-31 16:35:23,2025-10-31 00:00:00,2025-10-31 16:35:23,"姚光耀,杨红勇",1,1,0,移远通信,2025-10-31 00:00:00,118,118,10671304,10467399,上海移远通信技术股份有限公司,租赁公司,002002,2025-10-30 00:00:00,山东发展绿色融资租赁,001,上海、常州、北京、深圳,2025-10-16 00:00:00,"2025/10/16,2025/10/17,2025/10/24,2025/10/27,2025/10/28,2025/10/29,2025/10/30","001,004","特定对象调研,网络会议,现场参观","董事长、CEO 钱鹏鹤,首席运营官 张栋,首席销售官 徐大勇,高级副总裁 杨中志,董事会秘书 郑雷,证券事务代表 王凡",,603236.SH,603236,移远通信,007,126
2025-10-31 16:35:23,2025-10-31 00:00:00,2025-10-31 16:35:23,吴洋,1,1,0,移远通信,2025-10-31 00:00:00,120,120,10000799659,10467399,上海移远通信技术股份有限公司,投资公司,007001,2025-10-30 00:00:00,四川振兴嘉杰,001,上海、常州、北京、深圳,2025-10-16 00:00:00,"2025/10/16,2025/10/17,2025/10/24,2025/10/27,2025/10/28,2025/10/29,2025/10/30","001,004","特定对象调研,网络会议,现场参观","董事长、CEO 钱鹏鹤,首席运营官 张栋,首席销售官 徐大勇,高级副总裁 杨中志,董事会秘书 郑雷,证券事务代表 王凡",,603236.SH,603236,移远通信,007,126
2025-10-31 16:35:23,2025-10-31 00:00:00,2025-10-31 16:35:23,"拿铁,周晨捷",1,1,0,移远通信,2025-10-31 00:00:00,114,114,,10467399,上海移远通信技术股份有限公司,,,2025-10-30 00:00:00,盈方得资本,001,上海、常州、北京、深圳,2025-10-16 00:00:00,"2025/10/16,2025/10/17,2025/10/24,2025/10/27,2025/10/28,2025/10/29,2025/10/30","001,004","特定对象调研,网络会议,现场参观","董事长、CEO 钱鹏鹤,首席运营官 张栋,首席销售官 徐大勇,高级副总裁 杨中志,董事会秘书 郑雷,证券事务代表 王凡",,603236.SH,603236,移远通信,007,126
2025-10-31 16:35:23,2025-10-31 00:00:00,2025-10-31 16:35:23,张奕,1,1,0,移远通信,2025-10-31 00:00:00,115,115,10000370034,10467399,上海移远通信技术股份有限公司,资产管理公司,002007,2025-10-30 00:00:00,长沙麓谷资本,001,上海、常州、北京、深圳,2025-10-16 00:00:00,"2025/10/16,2025/10/17,2025/10/24,2025/10/27,2025/10/28,2025/10/29,2025/10/30","001,004","特定对象调研,网络会议,现场参观","董事长、CEO 钱鹏鹤,首席运营官 张栋,首席销售官 徐大勇,高级副总裁 杨中志,董事会秘书 郑雷,证券事务代表 王凡",,603236.SH,603236,移远通信,007,126
2025-10-31 16:35:23,2025-10-31 00:00:00,2025-10-31 16:35:23,郑祺然,1,1,0,移远通信,2025-10-31 00:00:00,116,116,10000404776,10467399,上海移远通信技术股份有限公司,投资公司,007001,2025-10-30 00:00:00,浙江农发产投,001,上海、常州、北京、深圳,2025-10-16 00:00:00,"2025/10/16,2025/10/17,2025/10/24,2025/10/27,2025/10/28,2025/10/29,2025/10/30","001,004","特定对象调研,网络会议,现场参观","董事长、CEO 钱鹏鹤,首席运营官 张栋,首席销售官 徐大勇,高级副总裁 杨中志,董事会秘书 郑雷,证券事务代表 王凡",,603236.SH,603236,移远通信,007,126
2025-10-31 16:35:23,2025-10-31 00:00:00,2025-10-31 16:35:23,邹文浩,1,1,0,移远通信,2025-10-31 00:00:00,124,124,,10467399,上海移远通信技术股份有限公司,,,2025-10-30 00:00:00,福建广电网络投资,001,上海、常州、北京、深圳,2025-10-16 00:00:00,"2025/10/16,2025/10/17,2025/10/24,2025/10/27,2025/10/28,2025/10/29,2025/10/30","001,004","特定对象调研,网络会议,现场参观","董事长、CEO 钱鹏鹤,首席运营官 张栋,首席销售官 徐大勇,高级副总裁 杨中志,董事会秘书 郑雷,证券事务代表 王凡",,603236.SH,603236,移远通信,007,126
2025-10-31 16:35:23,2025-10-31 00:00:00,2025-10-31 16:35:23,丁上男,1,1,0,移远通信,2025-10-31 00:00:00,125,125,,10467399,上海移远通信技术股份有限公司,,,2025-10-30 00:00:00,鹿秀投资,001,上海、常州、北京、深圳,2025-10-16 00:00:00,"2025/10/16,2025/10/17,2025/10/24,2025/10/27,2025/10/28,2025/10/29,2025/10/30","001,004","特定对象调研,网络会议,现场参观","董事长、CEO 钱鹏鹤,首席运营官 张栋,首席销售官 徐大勇,高级副总裁 杨中志,董事会秘书 郑雷,证券事务代表 王凡",,603236.SH,603236,移远通信,007,126
2025-10-31 16:35:23,2025-10-31 00:00:00,2025-10-31 16:35:23,,1,1,0,移远通信,2025-10-31 00:00:00,126,126,,10467399,上海移远通信技术股份有限公司,,,2025-10-30 00:00:00,"董卫国,施渊峰,桥乔,李卫东,邹强,廖祝明,蒋新明,林金涛",001,上海、常州、北京、深圳,2025-10-16 00:00:00,"2025/10/16,2025/10/17,2025/10/24,2025/10/27,2025/10/28,2025/10/29,2025/10/30","001,004","特定对象调研,网络会议,现场参观","董事长、CEO 钱鹏鹤,首席运营官 张栋,首席销售官 徐大勇,高级副总裁 杨中志,董事会秘书 郑雷,证券事务代表 王凡",,603236.SH,603236,移远通信,007,126
2025-10-31 16:35:23,2025-10-31 00:00:00,2025-10-31 16:35:23,"曹琦炜,何仁科",1,1,0,移远通信,2025-10-31 00:00:00,121,121,,10467399,上海移远通信技术股份有限公司,,,2025-10-30 00:00:00,博瑔资本,001,上海、常州、北京、深圳,2025-10-16 00:00:00,"2025/10/16,2025/10/17,2025/10/24,2025/10/27,2025/10/28,2025/10/29,2025/10/30","001,004","特定对象调研,网络会议,现场参观","董事长、CEO 钱鹏鹤,首席运营官 张栋,首席销售官 徐大勇,高级副总裁 杨中志,董事会秘书 郑雷,证券事务代表 王凡",,603236.SH,603236,移远通信,007,126
2025-10-31 16:35:23,2025-10-31 00:00:00,2025-10-31 16:35:23,陈悠,1,1,0,移远通信,2025-10-31 00:00:00,122,122,10031606,10467399,上海移远通信技术股份有限公司,其它,007004,2025-10-30 00:00:00,常州新发展实业,001,上海、常州、北京、深圳,2025-10-16 00:00:00,"2025/10/16,2025/10/17,2025/10/24,2025/10/27,2025/10/28,2025/10/29,2025/10/30","001,004","特定对象调研,网络会议,现场参观","董事长、CEO 钱鹏鹤,首席运营官 张栋,首席销售官 徐大勇,高级副总裁 杨中志,董事会秘书 郑雷,证券事务代表 王凡",,603236.SH,603236,移远通信,007,126
2025-10-31 16:35:23,2025-10-31 00:00:00,2025-10-31 16:35:23,陈寒婷,1,1,0,移远通信,2025-10-31 00:00:00,123,123,,10467399,上海移远通信技术股份有限公司,,,2025-10-30 00:00:00,东方电气投资,001,上海、常州、北京、深圳,2025-10-16 00:00:00,"2025/10/16,2025/10/17,2025/10/24,2025/10/27,2025/10/28,2025/10/29,2025/10/30","001,004","特定对象调研,网络会议,现场参观","董事长、CEO 钱鹏鹤,首席运营官 张栋,首席销售官 徐大勇,高级副总裁 杨中志,董事会秘书 郑雷,证券事务代表 王凡",,603236.SH,603236,移远通信,007,126
2025-10-31 16:35:25,2025-10-31 00:00:00,2025-10-31 16:35:25,谭璐,1,1,0,移远通信,2025-10-31 00:00:00,105,105,,10467399,上海移远通信技术股份有限公司,,,2025-10-30 00:00:00,西安博成基金,001,上海、常州、北京、深圳,2025-10-16 00:00:00,"2025/10/16,2025/10/17,2025/10/24,2025/10/27,2025/10/28,2025/10/29,2025/10/30","001,004","特定对象调研,网络会议,现场参观","董事长、CEO 钱鹏鹤,首席运营官 张栋,首席销售官 徐大勇,高级副总裁 杨中志,董事会秘书 郑雷,证券事务代表 王凡",,603236.SH,603236,移远通信,007,126
2025-10-31 16:35:25,2025-10-31 00:00:00,2025-10-31 16:35:25,"唐静,刘喆",1,1,0,移远通信,2025-10-31 00:00:00,106,106,10048428,10467399,上海移远通信技术股份有限公司,证券公司,005001,2025-10-30 00:00:00,西南证券资管,001,上海、常州、北京、深圳,2025-10-16 00:00:00,"2025/10/16,2025/10/17,2025/10/24,2025/10/27,2025/10/28,2025/10/29,2025/10/30","001,004","特定对象调研,网络会议,现场参观","董事长、CEO 钱鹏鹤,首席运营官 张栋,首席销售官 徐大勇,高级副总裁 杨中志,董事会秘书 郑雷,证券事务代表 王凡",,603236.SH,603236,移远通信,007,126
2025-10-31 16:35:25,2025-10-31 00:00:00,2025-10-31 16:35:25,"翟利强,蒋欣芩",1,1,0,移远通信,2025-10-31 00:00:00,107,107,10331796,10467399,上海移远通信技术股份有限公司,投资公司,007001,2025-10-30 00:00:00,西证创新投资,001,上海、常州、北京、深圳,2025-10-16 00:00:00,"2025/10/16,2025/10/17,2025/10/24,2025/10/27,2025/10/28,2025/10/29,2025/10/30","001,004","特定对象调研,网络会议,现场参观","董事长、CEO 钱鹏鹤,首席运营官 张栋,首席销售官 徐大勇,高级副总裁 杨中志,董事会秘书 郑雷,证券事务代表 王凡",,603236.SH,603236,移远通信,007,126
2025-10-31 16:35:24,2025-10-31 00:00:00,2025-10-31 16:35:24,洪玉玲,1,1,0,移远通信,2025-10-31 00:00:00,101,101,,10467399,上海移远通信技术股份有限公司,,,2025-10-30 00:00:00,苏高新投资,001,上海、常州、北京、深圳,2025-10-16 00:00:00,"2025/10/16,2025/10/17,2025/10/24,2025/10/27,2025/10/28,2025/10/29,2025/10/30","001,004","特定对象调研,网络会议,现场参观","董事长、CEO 钱鹏鹤,首席运营官 张栋,首席销售官 徐大勇,高级副总裁 杨中志,董事会秘书 郑雷,证券事务代表 王凡",,603236.SH,603236,移远通信,007,126
2025-10-31 16:35:25,2025-10-31 00:00:00,2025-10-31 16:35:25,蒋枫,1,1,0,移远通信,2025-10-31 00:00:00,102,102,10000123203,10467399,上海移远通信技术股份有限公司,其它,007004,2025-10-30 00:00:00,苏州一典资本,001,上海、常州、北京、深圳,2025-10-16 00:00:00,"2025/10/16,2025/10/17,2025/10/24,2025/10/27,2025/10/28,2025/10/29,2025/10/30","001,004","特定对象调研,网络会议,现场参观","董事长、CEO 钱鹏鹤,首席运营官 张栋,首席销售官 徐大勇,高级副总裁 杨中志,董事会秘书 郑雷,证券事务代表 王凡",,603236.SH,603236,移远通信,007,126
2025-10-31 16:35:25,2025-10-31 00:00:00,2025-10-31 16:35:25,陈余,1,1,0,移远通信,2025-10-31 00:00:00,103,103,,10467399,上海移远通信技术股份有限公司,,,2025-10-30 00:00:00,温州启元投资,001,上海、常州、北京、深圳,2025-10-16 00:00:00,"2025/10/16,2025/10/17,2025/10/24,2025/10/27,2025/10/28,2025/10/29,2025/10/30","001,004","特定对象调研,网络会议,现场参观","董事长、CEO 钱鹏鹤,首席运营官 张栋,首席销售官 徐大勇,高级副总裁 杨中志,董事会秘书 郑雷,证券事务代表 王凡",,603236.SH,603236,移远通信,007,126
2025-10-31 16:35:25,2025-10-31 00:00:00,2025-10-31 16:35:25,王石玉,1,1,0,移远通信,2025-10-31 00:00:00,111,111,,10467399,上海移远通信技术股份有限公司,,,2025-10-30 00:00:00,亿鑫投资,001,上海、常州、北京、深圳,2025-10-16 00:00:00,"2025/10/16,2025/10/17,2025/10/24,2025/10/27,2025/10/28,2025/10/29,2025/10/30","001,004","特定对象调研,网络会议,现场参观","董事长、CEO 钱鹏鹤,首席运营官 张栋,首席销售官 徐大勇,高级副总裁 杨中志,董事会秘书 郑雷,证券事务代表 王凡",,603236.SH,603236,移远通信,007,126
2025-10-31 16:35:23,2025-10-31 00:00:00,2025-10-31 16:35:23,蔡荣成,1,1,0,移远通信,2025-10-31 00:00:00,112,112,10004951,10467399,上海移远通信技术股份有限公司,基金管理公司,004001,2025-10-30 00:00:00,易方达基金,001,上海、常州、北京、深圳,2025-10-16 00:00:00,"2025/10/16,2025/10/17,2025/10/24,2025/10/27,2025/10/28,2025/10/29,2025/10/30","001,004","特定对象调研,网络会议,现场参观","董事长、CEO 钱鹏鹤,首席运营官 张栋,首席销售官 徐大勇,高级副总裁 杨中志,董事会秘书 郑雷,证券事务代表 王凡",,603236.SH,603236,移远通信,007,126
2025-10-31 16:35:23,2025-10-31 00:00:00,2025-10-31 16:35:23,吕云龙,1,1,0,移远通信,2025-10-31 00:00:00,113,113,10102482,10467399,上海移远通信技术股份有限公司,投资公司,007001,2025-10-30 00:00:00,银河投资,001,上海、常州、北京、深圳,2025-10-16 00:00:00,"2025/10/16,2025/10/17,2025/10/24,2025/10/27,2025/10/28,2025/10/29,2025/10/30","001,004","特定对象调研,网络会议,现场参观","董事长、CEO 钱鹏鹤,首席运营官 张栋,首席销售官 徐大勇,高级副总裁 杨中志,董事会秘书 郑雷,证券事务代表 王凡",,603236.SH,603236,移远通信,007,126
2025-10-31 16:35:25,2025-10-31 00:00:00,2025-10-31 16:35:25,陈蓓蕾,1,1,0,移远通信,2025-10-31 00:00:00,108,108,,10467399,上海移远通信技术股份有限公司,,,2025-10-30 00:00:00,偕沣私募,001,上海、常州、北京、深圳,2025-10-16 00:00:00,"2025/10/16,2025/10/17,2025/10/24,2025/10/27,2025/10/28,2025/10/29,2025/10/30","001,004","特定对象调研,网络会议,现场参观","董事长、CEO 钱鹏鹤,首席运营官 张栋,首席销售官 徐大勇,高级副总裁 杨中志,董事会秘书 郑雷,证券事务代表 王凡",,603236.SH,603236,移远通信,007,126
2025-10-31 16:35:25,2025-10-31 00:00:00,2025-10-31 16:35:25,王冰,1,1,0,移远通信,2025-10-31 00:00:00,109,109,,10467399,上海移远通信技术股份有限公司,,,2025-10-30 00:00:00,新时代资本,001,上海、常州、北京、深圳,2025-10-16 00:00:00,"2025/10/16,2025/10/17,2025/10/24,2025/10/27,2025/10/28,2025/10/29,2025/10/30","001,004","特定对象调研,网络会议,现场参观","董事长、CEO 钱鹏鹤,首席运营官 张栋,首席销售官 徐大勇,高级副总裁 杨中志,董事会秘书 郑雷,证券事务代表 王凡",,603236.SH,603236,移远通信,007,126
2025-10-31 16:35:25,2025-10-31 00:00:00,2025-10-31 16:35:25,楼宇,1,1,0,移远通信,2025-10-31 00:00:00,110,110,10475366,10467399,上海移远通信技术股份有限公司,其它,007004,2025-10-30 00:00:00,一村资本,001,上海、常州、北京、深圳,2025-10-16 00:00:00,"2025/10/16,2025/10/17,2025/10/24,2025/10/27,2025/10/28,2025/10/29,2025/10/30","001,004","特定对象调研,网络会议,现场参观","董事长、CEO 钱鹏鹤,首席运营官 张栋,首席销售官 徐大勇,高级副总裁 杨中志,董事会秘书 郑雷,证券事务代表 王凡",,603236.SH,603236,移远通信,007,126
2025-10-31 16:35:24,2025-10-31 00:00:00,2025-10-31 16:35:24,张禾,1,1,0,移远通信,2025-10-31 00:00:00,73,73,10203426,10467399,上海移远通信技术股份有限公司,投资公司,007001,2025-10-30 00:00:00,中新融创,001,上海、常州、北京、深圳,2025-10-16 00:00:00,"2025/10/16,2025/10/17,2025/10/24,2025/10/27,2025/10/28,2025/10/29,2025/10/30","001,004","特定对象调研,网络会议,现场参观","董事长、CEO 钱鹏鹤,首席运营官 张栋,首席销售官 徐大勇,高级副总裁 杨中志,董事会秘书 郑雷,证券事务代表 王凡",,603236.SH,603236,移远通信,007,126
2025-10-31 16:35:23,2025-10-31 00:00:00,2025-10-31 16:35:23,杨轶捷,1,1,0,移远通信,2025-10-31 00:00:00,40,40,10484676,10467399,上海移远通信技术股份有限公司,投资公司,007001,2025-10-30 00:00:00,华西银峰投资,001,上海、常州、北京、深圳,2025-10-16 00:00:00,"2025/10/16,2025/10/17,2025/10/24,2025/10/27,2025/10/28,2025/10/29,2025/10/30","001,004","特定对象调研,网络会议,现场参观","董事长、CEO 钱鹏鹤,首席运营官 张栋,首席销售官 徐大勇,高级副总裁 杨中志,董事会秘书 郑雷,证券事务代表 王凡",,603236.SH,603236,移远通信,007,126
2025-10-31 16:35:24,2025-10-31 00:00:00,2025-10-31 16:35:24,姜微,1,1,0,移远通信,2025-10-31 00:00:00,41,41,10767137,10467399,上海移远通信技术股份有限公司,其它,007004,2025-10-30 00:00:00,华夏久盈,001,上海、常州、北京、深圳,2025-10-16 00:00:00,"2025/10/16,2025/10/17,2025/10/24,2025/10/27,2025/10/28,2025/10/29,2025/10/30","001,004","特定对象调研,网络会议,现场参观","董事长、CEO 钱鹏鹤,首席运营官 张栋,首席销售官 徐大勇,高级副总裁 杨中志,董事会秘书 郑雷,证券事务代表 王凡",,603236.SH,603236,移远通信,007,126
2025-10-31 16:35:24,2025-10-31 00:00:00,2025-10-31 16:35:24,卢克楠,1,1,0,移远通信,2025-10-31 00:00:00,42,42,,10467399,上海移远通信技术股份有限公司,,,2025-10-30 00:00:00,晖锐基金,001,上海、常州、北京、深圳,2025-10-16 00:00:00,"2025/10/16,2025/10/17,2025/10/24,2025/10/27,2025/10/28,2025/10/29,2025/10/30","001,004","特定对象调研,网络会议,现场参观","董事长、CEO 钱鹏鹤,首席运营官 张栋,首席销售官 徐大勇,高级副总裁 杨中志,董事会秘书 郑雷,证券事务代表 王凡",,603236.SH,603236,移远通信,007,126
2025-10-31 16:35:23,2025-10-31 00:00:00,2025-10-31 16:35:23,李杨,1,1,0,移远通信,2025-10-31 00:00:00,37,37,,10467399,上海移远通信技术股份有限公司,,,2025-10-30 00:00:00,华数数科,001,上海、常州、北京、深圳,2025-10-16 00:00:00,"2025/10/16,2025/10/17,2025/10/24,2025/10/27,2025/10/28,2025/10/29,2025/10/30","001,004","特定对象调研,网络会议,现场参观","董事长、CEO 钱鹏鹤,首席运营官 张栋,首席销售官 徐大勇,高级副总裁 杨中志,董事会秘书 郑雷,证券事务代表 王凡",,603236.SH,603236,移远通信,007,126
2025-10-31 16:35:23,2025-10-31 00:00:00,2025-10-31 16:35:23,郑金镇,1,1,0,移远通信,2025-10-31 00:00:00,38,38,10067728,10467399,上海移远通信技术股份有限公司,保险资产管理公司,003008,2025-10-30 00:00:00,华泰资产管理,001,上海、常州、北京、深圳,2025-10-16 00:00:00,"2025/10/16,2025/10/17,2025/10/24,2025/10/27,2025/10/28,2025/10/29,2025/10/30","001,004","特定对象调研,网络会议,现场参观","董事长、CEO 钱鹏鹤,首席运营官 张栋,首席销售官 徐大勇,高级副总裁 杨中志,董事会秘书 郑雷,证券事务代表 王凡",,603236.SH,603236,移远通信,007,126
2025-10-31 16:35:23,2025-10-31 00:00:00,2025-10-31 16:35:23,唐英培,1,1,0,移远通信,2025-10-31 00:00:00,39,39,10484676,10467399,上海移远通信技术股份有限公司,投资公司,007001,2025-10-30 00:00:00,华西银峰,001,上海、常州、北京、深圳,2025-10-16 00:00:00,"2025/10/16,2025/10/17,2025/10/24,2025/10/27,2025/10/28,2025/10/29,2025/10/30","001,004","特定对象调研,网络会议,现场参观","董事长、CEO 钱鹏鹤,首席运营官 张栋,首席销售官 徐大勇,高级副总裁 杨中志,董事会秘书 郑雷,证券事务代表 王凡",,603236.SH,603236,移远通信,007,126
2025-10-31 16:35:24,2025-10-31 00:00:00,2025-10-31 16:35:24,周博闻,1,1,0,移远通信,2025-10-31 00:00:00,46,46,,10467399,上海移远通信技术股份有限公司,,,2025-10-30 00:00:00,嘉美甄诚,001,上海、常州、北京、深圳,2025-10-16 00:00:00,"2025/10/16,2025/10/17,2025/10/24,2025/10/27,2025/10/28,2025/10/29,2025/10/30","001,004","特定对象调研,网络会议,现场参观","董事长、CEO 钱鹏鹤,首席运营官 张栋,首席销售官 徐大勇,高级副总裁 杨中志,董事会秘书 郑雷,证券事务代表 王凡",,603236.SH,603236,移远通信,007,126
2025-10-31 16:35:24,2025-10-31 00:00:00,2025-10-31 16:35:24,"苏猛,余恺",1,1,0,移远通信,2025-10-31 00:00:00,47,47,,10467399,上海移远通信技术股份有限公司,,,2025-10-30 00:00:00,江西金投基金,001,上海、常州、北京、深圳,2025-10-16 00:00:00,"2025/10/16,2025/10/17,2025/10/24,2025/10/27,2025/10/28,2025/10/29,2025/10/30","001,004","特定对象调研,网络会议,现场参观","董事长、CEO 钱鹏鹤,首席运营官 张栋,首席销售官 徐大勇,高级副总裁 杨中志,董事会秘书 郑雷,证券事务代表 王凡",,603236.SH,603236,移远通信,007,126
2025-10-31 16:35:24,2025-10-31 00:00:00,2025-10-31 16:35:24,"李结义,黄鑫",1,1,0,移远通信,2025-10-31 00:00:00,48,48,10007173,10467399,上海移远通信技术股份有限公司,其它,007004,2025-10-30 00:00:00,金证股份,001,上海、常州、北京、深圳,2025-10-16 00:00:00,"2025/10/16,2025/10/17,2025/10/24,2025/10/27,2025/10/28,2025/10/29,2025/10/30","001,004","特定对象调研,网络会议,现场参观","董事长、CEO 钱鹏鹤,首席运营官 张栋,首席销售官 徐大勇,高级副总裁 杨中志,董事会秘书 郑雷,证券事务代表 王凡",,603236.SH,603236,移远通信,007,126
2025-10-31 16:35:24,2025-10-31 00:00:00,2025-10-31 16:35:24,马骋,1,1,0,移远通信,2025-10-31 00:00:00,43,43,10118664,10467399,上海移远通信技术股份有限公司,期货经纪公司,010001,2025-10-30 00:00:00,混沌天成,001,上海、常州、北京、深圳,2025-10-16 00:00:00,"2025/10/16,2025/10/17,2025/10/24,2025/10/27,2025/10/28,2025/10/29,2025/10/30","001,004","特定对象调研,网络会议,现场参观","董事长、CEO 钱鹏鹤,首席运营官 张栋,首席销售官 徐大勇,高级副总裁 杨中志,董事会秘书 郑雷,证券事务代表 王凡",,603236.SH,603236,移远通信,007,126
2025-10-31 16:35:24,2025-10-31 00:00:00,2025-10-31 16:35:24,谢桂,1,1,0,移远通信,2025-10-31 00:00:00,44,44,,10467399,上海移远通信技术股份有限公司,,,2025-10-30 00:00:00,积发基金,001,上海、常州、北京、深圳,2025-10-16 00:00:00,"2025/10/16,2025/10/17,2025/10/24,2025/10/27,2025/10/28,2025/10/29,2025/10/30","001,004","特定对象调研,网络会议,现场参观","董事长、CEO 钱鹏鹤,首席运营官 张栋,首席销售官 徐大勇,高级副总裁 杨中志,董事会秘书 郑雷,证券事务代表 王凡",,603236.SH,603236,移远通信,007,126
2025-10-31 16:35:24,2025-10-31 00:00:00,2025-10-31 16:35:24,王誉轩,1,1,0,移远通信,2025-10-31 00:00:00,45,45,10057609,10467399,上海移远通信技术股份有限公司,创业投资公司,007002,2025-10-30 00:00:00,吉富创投,001,上海、常州、北京、深圳,2025-10-16 00:00:00,"2025/10/16,2025/10/17,2025/10/24,2025/10/27,2025/10/28,2025/10/29,2025/10/30","001,004","特定对象调研,网络会议,现场参观","董事长、CEO 钱鹏鹤,首席运营官 张栋,首席销售官 徐大勇,高级副总裁 杨中志,董事会秘书 郑雷,证券事务代表 王凡",,603236.SH,603236,移远通信,007,126
2025-10-31 16:35:23,2025-10-31 00:00:00,2025-10-31 16:35:23,"王玮珍,吕冕拉",1,1,0,移远通信,2025-10-31 00:00:00,28,28,,10467399,上海移远通信技术股份有限公司,,,2025-10-30 00:00:00,杭州风信子基金,001,上海、常州、北京、深圳,2025-10-16 00:00:00,"2025/10/16,2025/10/17,2025/10/24,2025/10/27,2025/10/28,2025/10/29,2025/10/30","001,004","特定对象调研,网络会议,现场参观","董事长、CEO 钱鹏鹤,首席运营官 张栋,首席销售官 徐大勇,高级副总裁 杨中志,董事会秘书 郑雷,证券事务代表 王凡",,603236.SH,603236,移远通信,007,126
2025-10-31 16:35:23,2025-10-31 00:00:00,2025-10-31 16:35:23,戴能,1,1,0,移远通信,2025-10-31 00:00:00,29,29,,10467399,上海移远通信技术股份有限公司,,,2025-10-30 00:00:00,禾润资产,001,上海、常州、北京、深圳,2025-10-16 00:00:00,"2025/10/16,2025/10/17,2025/10/24,2025/10/27,2025/10/28,2025/10/29,2025/10/30","001,004","特定对象调研,网络会议,现场参观","董事长、CEO 钱鹏鹤,首席运营官 张栋,首席销售官 徐大勇,高级副总裁 杨中志,董事会秘书 郑雷,证券事务代表 王凡",,603236.SH,603236,移远通信,007,126
2025-10-31 16:35:23,2025-10-31 00:00:00,2025-10-31 16:35:23,传兴,1,1,0,移远通信,2025-10-31 00:00:00,30,30,10411397,10467399,上海移远通信技术股份有限公司,资产管理公司,002007,2025-10-30 00:00:00,恒泰华盛,001,上海、常州、北京、深圳,2025-10-16 00:00:00,"2025/10/16,2025/10/17,2025/10/24,2025/10/27,2025/10/28,2025/10/29,2025/10/30","001,004","特定对象调研,网络会议,现场参观","董事长、CEO 钱鹏鹤,首席运营官 张栋,首席销售官 徐大勇,高级副总裁 杨中志,董事会秘书 郑雷,证券事务代表 王凡",,603236.SH,603236,移远通信,007,126
2025-10-31 16:35:23,2025-10-31 00:00:00,2025-10-31 16:35:23,"王雨蕉,张佳鑫",1,1,0,移远通信,2025-10-31 00:00:00,24,24,10155062,10467399,上海移远通信技术股份有限公司,基金管理公司,004001,2025-10-30 00:00:00,国元股权,001,上海、常州、北京、深圳,2025-10-16 00:00:00,"2025/10/16,2025/10/17,2025/10/24,2025/10/27,2025/10/28,2025/10/29,2025/10/30","001,004","特定对象调研,网络会议,现场参观","董事长、CEO 钱鹏鹤,首席运营官 张栋,首席销售官 徐大勇,高级副总裁 杨中志,董事会秘书 郑雷,证券事务代表 王凡",,603236.SH,603236,移远通信,007,126
2025-10-31 16:35:23,2025-10-31 00:00:00,2025-10-31 16:35:23,张晋,1,1,0,移远通信,2025-10-31 00:00:00,25,25,10005647,10467399,上海移远通信技术股份有限公司,证券公司,005001,2025-10-30 00:00:00,国元证券,001,上海、常州、北京、深圳,2025-10-16 00:00:00,"2025/10/16,2025/10/17,2025/10/24,2025/10/27,2025/10/28,2025/10/29,2025/10/30","001,004","特定对象调研,网络会议,现场参观","董事长、CEO 钱鹏鹤,首席运营官 张栋,首席销售官 徐大勇,高级副总裁 杨中志,董事会秘书 郑雷,证券事务代表 王凡",,603236.SH,603236,移远通信,007,126
2025-10-31 16:35:23,2025-10-31 00:00:00,2025-10-31 16:35:23,"侯晓希,林克将",1,1,0,移远通信,2025-10-31 00:00:00,27,27,,10467399,上海移远通信技术股份有限公司,,,2025-10-30 00:00:00,杭州贝塔投资,001,上海、常州、北京、深圳,2025-10-16 00:00:00,"2025/10/16,2025/10/17,2025/10/24,2025/10/27,2025/10/28,2025/10/29,2025/10/30","001,004","特定对象调研,网络会议,现场参观","董事长、CEO 钱鹏鹤,首席运营官 张栋,首席销售官 徐大勇,高级副总裁 杨中志,董事会秘书 郑雷,证券事务代表 王凡",,603236.SH,603236,移远通信,007,126
2025-10-31 16:35:23,2025-10-31 00:00:00,2025-10-31 16:35:23,鲁菊红,1,1,0,移远通信,2025-10-31 00:00:00,34,34,,10467399,上海移远通信技术股份有限公司,,,2025-10-30 00:00:00,湖南农发投资基金,001,上海、常州、北京、深圳,2025-10-16 00:00:00,"2025/10/16,2025/10/17,2025/10/24,2025/10/27,2025/10/28,2025/10/29,2025/10/30","001,004","特定对象调研,网络会议,现场参观","董事长、CEO 钱鹏鹤,首席运营官 张栋,首席销售官 徐大勇,高级副总裁 杨中志,董事会秘书 郑雷,证券事务代表 王凡",,603236.SH,603236,移远通信,007,126
2025-10-31 16:35:23,2025-10-31 00:00:00,2025-10-31 16:35:23,"陈翀轶,徐程晨",1,1,0,移远通信,2025-10-31 00:00:00,35,35,10004819,10467399,上海移远通信技术股份有限公司,证券公司,005001,2025-10-30 00:00:00,华安证券,001,上海、常州、北京、深圳,2025-10-16 00:00:00,"2025/10/16,2025/10/17,2025/10/24,2025/10/27,2025/10/28,2025/10/29,2025/10/30","001,004","特定对象调研,网络会议,现场参观","董事长、CEO 钱鹏鹤,首席运营官 张栋,首席销售官 徐大勇,高级副总裁 杨中志,董事会秘书 郑雷,证券事务代表 王凡",,603236.SH,603236,移远通信,007,126
2025-10-31 16:35:23,2025-10-31 00:00:00,2025-10-31 16:35:23,洪久铭,1,1,0,移远通信,2025-10-31 00:00:00,36,36,,10467399,上海移远通信技术股份有限公司,,,2025-10-30 00:00:00,华富瑞兴,001,上海、常州、北京、深圳,2025-10-16 00:00:00,"2025/10/16,2025/10/17,2025/10/24,2025/10/27,2025/10/28,2025/10/29,2025/10/30","001,004","特定对象调研,网络会议,现场参观","董事长、CEO 钱鹏鹤,首席运营官 张栋,首席销售官 徐大勇,高级副总裁 杨中志,董事会秘书 郑雷,证券事务代表 王凡",,603236.SH,603236,移远通信,007,126
2025-10-31 16:35:23,2025-10-31 00:00:00,2025-10-31 16:35:23,王浩月,1,1,0,移远通信,2025-10-31 00:00:00,31,31,10000095184,10467399,上海移远通信技术股份有限公司,其它,007004,2025-10-30 00:00:00,湖北文旅资本,001,上海、常州、北京、深圳,2025-10-16 00:00:00,"2025/10/16,2025/10/17,2025/10/24,2025/10/27,2025/10/28,2025/10/29,2025/10/30","001,004","特定对象调研,网络会议,现场参观","董事长、CEO 钱鹏鹤,首席运营官 张栋,首席销售官 徐大勇,高级副总裁 杨中志,董事会秘书 郑雷,证券事务代表 王凡",,603236.SH,603236,移远通信,007,126
2025-10-31 16:35:23,2025-10-31 00:00:00,2025-10-31 16:35:23,"刘敏杰,吕诚伦",1,1,0,移远通信,2025-10-31 00:00:00,32,32,10389739,10467399,上海移远通信技术股份有限公司,创业投资公司,007002,2025-10-30 00:00:00,湖南高新创业投资,001,上海、常州、北京、深圳,2025-10-16 00:00:00,"2025/10/16,2025/10/17,2025/10/24,2025/10/27,2025/10/28,2025/10/29,2025/10/30","001,004","特定对象调研,网络会议,现场参观","董事长、CEO 钱鹏鹤,首席运营官 张栋,首席销售官 徐大勇,高级副总裁 杨中志,董事会秘书 郑雷,证券事务代表 王凡",,603236.SH,603236,移远通信,007,126
2025-10-31 16:35:23,2025-10-31 00:00:00,2025-10-31 16:35:23,李恩德,1,1,0,移远通信,2025-10-31 00:00:00,33,33,10486475,10467399,上海移远通信技术股份有限公司,基金管理公司,004001,2025-10-30 00:00:00,湖南聚力财富,001,上海、常州、北京、深圳,2025-10-16 00:00:00,"2025/10/16,2025/10/17,2025/10/24,2025/10/27,2025/10/28,2025/10/29,2025/10/30","001,004","特定对象调研,网络会议,现场参观","董事长、CEO 钱鹏鹤,首席运营官 张栋,首席销售官 徐大勇,高级副总裁 杨中志,董事会秘书 郑雷,证券事务代表 王凡",,603236.SH,603236,移远通信,007,126
2025-10-31 16:35:24,2025-10-31 00:00:00,2025-10-31 16:35:24,麦家煌,1,1,0,移远通信,2025-10-31 00:00:00,49,49,10004966,10467399,上海移远通信技术股份有限公司,基金管理公司,004001,2025-10-30 00:00:00,金鹰基金,001,上海、常州、北京、深圳,2025-10-16 00:00:00,"2025/10/16,2025/10/17,2025/10/24,2025/10/27,2025/10/28,2025/10/29,2025/10/30","001,004","特定对象调研,网络会议,现场参观","董事长、CEO 钱鹏鹤,首席运营官 张栋,首席销售官 徐大勇,高级副总裁 杨中志,董事会秘书 郑雷,证券事务代表 王凡",,603236.SH,603236,移远通信,007,126
2025-10-31 16:35:24,2025-10-31 00:00:00,2025-10-31 16:35:24,"王毅,花雨欣,王志斌,潘晓龙",1,1,0,移远通信,2025-10-31 00:00:00,64,64,10593585,10467399,上海移远通信技术股份有限公司,基金管理公司,004001,2025-10-30 00:00:00,易米基金,001,上海、常州、北京、深圳,2025-10-16 00:00:00,"2025/10/16,2025/10/17,2025/10/24,2025/10/27,2025/10/28,2025/10/29,2025/10/30","001,004","特定对象调研,网络会议,现场参观","董事长、CEO 钱鹏鹤,首席运营官 张栋,首席销售官 徐大勇,高级副总裁 杨中志,董事会秘书 郑雷,证券事务代表 王凡",,603236.SH,603236,移远通信,007,126
2025-10-31 16:35:24,2025-10-31 00:00:00,2025-10-31 16:35:24,"涂晓玲,魏子航,邹礼常,龙化,肖晓莹",1,1,0,移远通信,2025-10-31 00:00:00,65,65,,10467399,上海移远通信技术股份有限公司,,,2025-10-30 00:00:00,共同基金,001,上海、常州、北京、深圳,2025-10-16 00:00:00,"2025/10/16,2025/10/17,2025/10/24,2025/10/27,2025/10/28,2025/10/29,2025/10/30","001,004","特定对象调研,网络会议,现场参观","董事长、CEO 钱鹏鹤,首席运营官 张栋,首席销售官 徐大勇,高级副总裁 杨中志,董事会秘书 郑雷,证券事务代表 王凡",,603236.SH,603236,移远通信,007,126
2025-10-31 16:35:24,2025-10-31 00:00:00,2025-10-31 16:35:24,"周翰林,于聪,佘天成,房一凡",1,1,0,移远通信,2025-10-31 00:00:00,66,66,10002269,10467399,上海移远通信技术股份有限公司,证券公司,005001,2025-10-30 00:00:00,中信证券,001,上海、常州、北京、深圳,2025-10-16 00:00:00,"2025/10/16,2025/10/17,2025/10/24,2025/10/27,2025/10/28,2025/10/29,2025/10/30","001,004","特定对象调研,网络会议,现场参观","董事长、CEO 钱鹏鹤,首席运营官 张栋,首席销售官 徐大勇,高级副总裁 杨中志,董事会秘书 郑雷,证券事务代表 王凡",,603236.SH,603236,移远通信,007,126
2025-10-31 16:35:24,2025-10-31 00:00:00,2025-10-31 16:35:24,戚智聪,1,1,0,移远通信,2025-10-31 00:00:00,61,61,10588641,10467399,上海移远通信技术股份有限公司,基金管理公司,004001,2025-10-30 00:00:00,南华基金,001,上海、常州、北京、深圳,2025-10-16 00:00:00,"2025/10/16,2025/10/17,2025/10/24,2025/10/27,2025/10/28,2025/10/29,2025/10/30","001,004","特定对象调研,网络会议,现场参观","董事长、CEO 钱鹏鹤,首席运营官 张栋,首席销售官 徐大勇,高级副总裁 杨中志,董事会秘书 郑雷,证券事务代表 王凡",,603236.SH,603236,移远通信,007,126
2025-10-31 16:35:24,2025-10-31 00:00:00,2025-10-31 16:35:24,"蒋俊杰,郭建,朱冰,陈晓晨,蒋霄燕",1,1,0,移远通信,2025-10-31 00:00:00,62,62,10144905,10467399,上海移远通信技术股份有限公司,其它,007004,2025-10-30 00:00:00,农银国际,001,上海、常州、北京、深圳,2025-10-16 00:00:00,"2025/10/16,2025/10/17,2025/10/24,2025/10/27,2025/10/28,2025/10/29,2025/10/30","001,004","特定对象调研,网络会议,现场参观","董事长、CEO 钱鹏鹤,首席运营官 张栋,首席销售官 徐大勇,高级副总裁 杨中志,董事会秘书 郑雷,证券事务代表 王凡",,603236.SH,603236,移远通信,007,126
2025-10-31 16:35:24,2025-10-31 00:00:00,2025-10-31 16:35:24,田玉民,1,1,0,移远通信,2025-10-31 00:00:00,63,63,10050122,10467399,上海移远通信技术股份有限公司,基金管理公司,004001,2025-10-30 00:00:00,诺德基金,001,上海、常州、北京、深圳,2025-10-16 00:00:00,"2025/10/16,2025/10/17,2025/10/24,2025/10/27,2025/10/28,2025/10/29,2025/10/30","001,004","特定对象调研,网络会议,现场参观","董事长、CEO 钱鹏鹤,首席运营官 张栋,首席销售官 徐大勇,高级副总裁 杨中志,董事会秘书 郑雷,证券事务代表 王凡",,603236.SH,603236,移远通信,007,126
2025-10-31 16:35:24,2025-10-31 00:00:00,2025-10-31 16:35:24,"缪志文,白文昌,匡满超",1,1,0,移远通信,2025-10-31 00:00:00,70,70,10102482,10467399,上海移远通信技术股份有限公司,投资公司,007001,2025-10-30 00:00:00,中国银河投资,001,上海、常州、北京、深圳,2025-10-16 00:00:00,"2025/10/16,2025/10/17,2025/10/24,2025/10/27,2025/10/28,2025/10/29,2025/10/30","001,004","特定对象调研,网络会议,现场参观","董事长、CEO 钱鹏鹤,首席运营官 张栋,首席销售官 徐大勇,高级副总裁 杨中志,董事会秘书 郑雷,证券事务代表 王凡",,603236.SH,603236,移远通信,007,126
2025-10-31 16:35:24,2025-10-31 00:00:00,2025-10-31 16:35:24,王乔偎,1,1,0,移远通信,2025-10-31 00:00:00,71,71,,10467399,上海移远通信技术股份有限公司,,,2025-10-30 00:00:00,中和资本,001,上海、常州、北京、深圳,2025-10-16 00:00:00,"2025/10/16,2025/10/17,2025/10/24,2025/10/27,2025/10/28,2025/10/29,2025/10/30","001,004","特定对象调研,网络会议,现场参观","董事长、CEO 钱鹏鹤,首席运营官 张栋,首席销售官 徐大勇,高级副总裁 杨中志,董事会秘书 郑雷,证券事务代表 王凡",,603236.SH,603236,移远通信,007,126
2025-10-31 16:35:24,2025-10-31 00:00:00,2025-10-31 16:35:24,高亦安,1,1,0,移远通信,2025-10-31 00:00:00,72,72,10000047564,10467399,上海移远通信技术股份有限公司,其它,007004,2025-10-30 00:00:00,中金资管,001,上海、常州、北京、深圳,2025-10-16 00:00:00,"2025/10/16,2025/10/17,2025/10/24,2025/10/27,2025/10/28,2025/10/29,2025/10/30","001,004","特定对象调研,网络会议,现场参观","董事长、CEO 钱鹏鹤,首席运营官 张栋,首席销售官 徐大勇,高级副总裁 杨中志,董事会秘书 郑雷,证券事务代表 王凡",,603236.SH,603236,移远通信,007,126
2025-10-31 16:35:24,2025-10-31 00:00:00,2025-10-31 16:35:24,梁爽,1,1,0,移远通信,2025-10-31 00:00:00,67,67,10000053823,10467399,上海移远通信技术股份有限公司,其它,007004,2025-10-30 00:00:00,中信自营,001,上海、常州、北京、深圳,2025-10-16 00:00:00,"2025/10/16,2025/10/17,2025/10/24,2025/10/27,2025/10/28,2025/10/29,2025/10/30","001,004","特定对象调研,网络会议,现场参观","董事长、CEO 钱鹏鹤,首席运营官 张栋,首席销售官 徐大勇,高级副总裁 杨中志,董事会秘书 郑雷,证券事务代表 王凡",,603236.SH,603236,移远通信,007,126
2025-10-31 16:35:24,2025-10-31 00:00:00,2025-10-31 16:35:24,"张文倩,李元锋",1,1,0,移远通信,2025-10-31 00:00:00,68,68,10069614,10467399,上海移远通信技术股份有限公司,寿险公司,003002,2025-10-30 00:00:00,中英人寿,001,上海、常州、北京、深圳,2025-10-16 00:00:00,"2025/10/16,2025/10/17,2025/10/24,2025/10/27,2025/10/28,2025/10/29,2025/10/30","001,004","特定对象调研,网络会议,现场参观","董事长、CEO 钱鹏鹤,首席运营官 张栋,首席销售官 徐大勇,高级副总裁 杨中志,董事会秘书 郑雷,证券事务代表 王凡",,603236.SH,603236,移远通信,007,126
2025-10-31 16:35:24,2025-10-31 00:00:00,2025-10-31 16:35:24,李勇刚,1,1,0,移远通信,2025-10-31 00:00:00,69,69,10000609279,10467399,上海移远通信技术股份有限公司,寿险公司,003002,2025-10-30 00:00:00,中汇人寿,001,上海、常州、北京、深圳,2025-10-16 00:00:00,"2025/10/16,2025/10/17,2025/10/24,2025/10/27,2025/10/28,2025/10/29,2025/10/30","001,004","特定对象调研,网络会议,现场参观","董事长、CEO 钱鹏鹤,首席运营官 张栋,首席销售官 徐大勇,高级副总裁 杨中志,董事会秘书 郑雷,证券事务代表 王凡",,603236.SH,603236,移远通信,007,126
2025-10-31 16:35:24,2025-10-31 00:00:00,2025-10-31 16:35:24,"邓智远,曹思杨",1,1,0,移远通信,2025-10-31 00:00:00,53,53,,10467399,上海移远通信技术股份有限公司,,,2025-10-30 00:00:00,林拙投资,001,上海、常州、北京、深圳,2025-10-16 00:00:00,"2025/10/16,2025/10/17,2025/10/24,2025/10/27,2025/10/28,2025/10/29,2025/10/30","001,004","特定对象调研,网络会议,现场参观","董事长、CEO 钱鹏鹤,首席运营官 张栋,首席销售官 徐大勇,高级副总裁 杨中志,董事会秘书 郑雷,证券事务代表 王凡",,603236.SH,603236,移远通信,007,126
2025-10-31 16:35:24,2025-10-31 00:00:00,2025-10-31 16:35:24,龙舟,1,1,0,移远通信,2025-10-31 00:00:00,54,54,,10467399,上海移远通信技术股份有限公司,,,2025-10-30 00:00:00,鲁花投资,001,上海、常州、北京、深圳,2025-10-16 00:00:00,"2025/10/16,2025/10/17,2025/10/24,2025/10/27,2025/10/28,2025/10/29,2025/10/30","001,004","特定对象调研,网络会议,现场参观","董事长、CEO 钱鹏鹤,首席运营官 张栋,首席销售官 徐大勇,高级副总裁 杨中志,董事会秘书 郑雷,证券事务代表 王凡",,603236.SH,603236,移远通信,007,126
2025-10-31 16:35:24,2025-10-31 00:00:00,2025-10-31 16:35:24,李嘉怡,1,1,0,移远通信,2025-10-31 00:00:00,55,55,10268476,10467399,上海移远通信技术股份有限公司,保险资产管理公司,003008,2025-10-30 00:00:00,民生通惠,001,上海、常州、北京、深圳,2025-10-16 00:00:00,"2025/10/16,2025/10/17,2025/10/24,2025/10/27,2025/10/28,2025/10/29,2025/10/30","001,004","特定对象调研,网络会议,现场参观","董事长、CEO 钱鹏鹤,首席运营官 张栋,首席销售官 徐大勇,高级副总裁 杨中志,董事会秘书 郑雷,证券事务代表 王凡",,603236.SH,603236,移远通信,007,126
2025-10-31 16:35:24,2025-10-31 00:00:00,2025-10-31 16:35:24,马冠东,1,1,0,移远通信,2025-10-31 00:00:00,50,50,10004801,10467399,上海移远通信技术股份有限公司,证券公司,005001,2025-10-30 00:00:00,金融街证券,001,上海、常州、北京、深圳,2025-10-16 00:00:00,"2025/10/16,2025/10/17,2025/10/24,2025/10/27,2025/10/28,2025/10/29,2025/10/30","001,004","特定对象调研,网络会议,现场参观","董事长、CEO 钱鹏鹤,首席运营官 张栋,首席销售官 徐大勇,高级副总裁 杨中志,董事会秘书 郑雷,证券事务代表 王凡",,603236.SH,603236,移远通信,007,126
2025-10-31 16:35:24,2025-10-31 00:00:00,2025-10-31 16:35:24,刘晓威,1,1,0,移远通信,2025-10-31 00:00:00,51,51,,10467399,上海移远通信技术股份有限公司,,,2025-10-30 00:00:00,君怀投资,001,上海、常州、北京、深圳,2025-10-16 00:00:00,"2025/10/16,2025/10/17,2025/10/24,2025/10/27,2025/10/28,2025/10/29,2025/10/30","001,004","特定对象调研,网络会议,现场参观","董事长、CEO 钱鹏鹤,首席运营官 张栋,首席销售官 徐大勇,高级副总裁 杨中志,董事会秘书 郑雷,证券事务代表 王凡",,603236.SH,603236,移远通信,007,126
2025-10-31 16:35:24,2025-10-31 00:00:00,2025-10-31 16:35:24,李岳乘,1,1,0,移远通信,2025-10-31 00:00:00,52,52,,10467399,上海移远通信技术股份有限公司,,,2025-10-30 00:00:00,君宜私募,001,上海、常州、北京、深圳,2025-10-16 00:00:00,"2025/10/16,2025/10/17,2025/10/24,2025/10/27,2025/10/28,2025/10/29,2025/10/30","001,004","特定对象调研,网络会议,现场参观","董事长、CEO 钱鹏鹤,首席运营官 张栋,首席销售官 徐大勇,高级副总裁 杨中志,董事会秘书 郑雷,证券事务代表 王凡",,603236.SH,603236,移远通信,007,126
2025-10-31 16:35:24,2025-10-31 00:00:00,2025-10-31 16:35:24,"盛嘉诚,乔中来",1,1,0,移远通信,2025-10-31 00:00:00,58,58,,10467399,上海移远通信技术股份有限公司,,,2025-10-30 00:00:00,常州政府基金,001,上海、常州、北京、深圳,2025-10-16 00:00:00,"2025/10/16,2025/10/17,2025/10/24,2025/10/27,2025/10/28,2025/10/29,2025/10/30","001,004","特定对象调研,网络会议,现场参观","董事长、CEO 钱鹏鹤,首席运营官 张栋,首席销售官 徐大勇,高级副总裁 杨中志,董事会秘书 郑雷,证券事务代表 王凡",,603236.SH,603236,移远通信,007,126
2025-10-31 16:35:24,2025-10-31 00:00:00,2025-10-31 16:35:24,"杨淦伊,潘筱琦",1,1,0,移远通信,2025-10-31 00:00:00,59,59,10052305,10467399,上海移远通信技术股份有限公司,投资公司,007001,2025-10-30 00:00:00,南昌产投,001,上海、常州、北京、深圳,2025-10-16 00:00:00,"2025/10/16,2025/10/17,2025/10/24,2025/10/27,2025/10/28,2025/10/29,2025/10/30","001,004","特定对象调研,网络会议,现场参观","董事长、CEO 钱鹏鹤,首席运营官 张栋,首席销售官 徐大勇,高级副总裁 杨中志,董事会秘书 郑雷,证券事务代表 王凡",,603236.SH,603236,移远通信,007,126
2025-10-31 16:35:24,2025-10-31 00:00:00,2025-10-31 16:35:24,张思颜,1,1,0,移远通信,2025-10-31 00:00:00,60,60,10481366,10467399,上海移远通信技术股份有限公司,投资公司,007001,2025-10-30 00:00:00,南方天辰投资,001,上海、常州、北京、深圳,2025-10-16 00:00:00,"2025/10/16,2025/10/17,2025/10/24,2025/10/27,2025/10/28,2025/10/29,2025/10/30","001,004","特定对象调研,网络会议,现场参观","董事长、CEO 钱鹏鹤,首席运营官 张栋,首席销售官 徐大勇,高级副总裁 杨中志,董事会秘书 郑雷,证券事务代表 王凡",,603236.SH,603236,移远通信,007,126
2025-10-31 16:35:24,2025-10-31 00:00:00,2025-10-31 16:35:24,"杨沙强,李振中,彭昊,李勇杰,戴凯亮,粱志明,郭俊杰",1,1,0,移远通信,2025-10-31 00:00:00,56,56,10009457,10467399,上海移远通信技术股份有限公司,其它,007004,2025-10-30 00:00:00,广州开发区控股集团,001,上海、常州、北京、深圳,2025-10-16 00:00:00,"2025/10/16,2025/10/17,2025/10/24,2025/10/27,2025/10/28,2025/10/29,2025/10/30","001,004","特定对象调研,网络会议,现场参观","董事长、CEO 钱鹏鹤,首席运营官 张栋,首席销售官 徐大勇,高级副总裁 杨中志,董事会秘书 郑雷,证券事务代表 王凡",,603236.SH,603236,移远通信,007,126
2025-10-31 16:35:24,2025-10-31 00:00:00,2025-10-31 16:35:24,潘怡如,1,1,0,移远通信,2025-10-31 00:00:00,57,57,10060503,10467399,上海移远通信技术股份有限公司,投资公司,007001,2025-10-30 00:00:00,常州投资集团,001,上海、常州、北京、深圳,2025-10-16 00:00:00,"2025/10/16,2025/10/17,2025/10/24,2025/10/27,2025/10/28,2025/10/29,2025/10/30","001,004","特定对象调研,网络会议,现场参观","董事长、CEO 钱鹏鹤,首席运营官 张栋,首席销售官 徐大勇,高级副总裁 杨中志,董事会秘书 郑雷,证券事务代表 王凡",,603236.SH,603236,移远通信,007,126
2025-09-30 18:38:44,2025-09-30 00:00:00,2025-09-30 18:38:44,"王慧婷,陈宇",1,1,0,移远通信,2025-09-30 00:00:00,96,96,,10467399,上海移远通信技术股份有限公司,,,2025-09-30 00:00:00,铜冠投资,001,上海、常州,2025-09-02 00:00:00,"2025/9/2,2025/9/3,2025/9/8,2025/9/15,2025/9/19,2025/9/22,2025/9/23,2025/9/24,2025/9/28,2025/9/30",001,"特定对象调研,现场参观","董事会秘书 郑雷,证券事务代表 王凡",,603236.SH,603236,移远通信,007,116
2025-09-30 18:38:44,2025-09-30 00:00:00,2025-09-30 18:38:44,李嘉驰,1,1,0,移远通信,2025-09-30 00:00:00,97,97,10000076133,10467399,上海移远通信技术股份有限公司,其它,007004,2025-09-30 00:00:00,西安瑞鹏资产,001,上海、常州,2025-09-02 00:00:00,"2025/9/2,2025/9/3,2025/9/8,2025/9/15,2025/9/19,2025/9/22,2025/9/23,2025/9/24,2025/9/28,2025/9/30",001,"特定对象调研,现场参观","董事会秘书 郑雷,证券事务代表 王凡",,603236.SH,603236,移远通信,007,116
2025-09-30 18:38:44,2025-09-30 00:00:00,2025-09-30 18:38:44,杜玙,1,1,0,移远通信,2025-09-30 00:00:00,94,94,10004866,10467399,上海移远通信技术股份有限公司,证券公司,005001,2025-09-30 00:00:00,天风证券,001,上海、常州,2025-09-02 00:00:00,"2025/9/2,2025/9/3,2025/9/8,2025/9/15,2025/9/19,2025/9/22,2025/9/23,2025/9/24,2025/9/28,2025/9/30",001,"特定对象调研,现场参观","董事会秘书 郑雷,证券事务代表 王凡",,603236.SH,603236,移远通信,007,116
2025-09-30 18:38:44,2025-09-30 00:00:00,2025-09-30 18:38:44,郑博,1,1,0,移远通信,2025-09-30 00:00:00,95,95,10000141401,10467399,上海移远通信技术股份有限公司,基金管理公司,004001,2025-09-30 00:00:00,天榕基金,001,上海、常州,2025-09-02 00:00:00,"2025/9/2,2025/9/3,2025/9/8,2025/9/15,2025/9/19,2025/9/22,2025/9/23,2025/9/24,2025/9/28,2025/9/30",001,"特定对象调研,现场参观","董事会秘书 郑雷,证券事务代表 王凡",,603236.SH,603236,移远通信,007,116
2025-09-30 18:38:44,2025-09-30 00:00:00,2025-09-30 18:38:44,"王冰,徐冠青",1,1,0,移远通信,2025-09-30 00:00:00,100,100,,10467399,上海移远通信技术股份有限公司,,,2025-09-30 00:00:00,新时代资本,001,上海、常州,2025-09-02 00:00:00,"2025/9/2,2025/9/3,2025/9/8,2025/9/15,2025/9/19,2025/9/22,2025/9/23,2025/9/24,2025/9/28,2025/9/30",001,"特定对象调研,现场参观","董事会秘书 郑雷,证券事务代表 王凡",,603236.SH,603236,移远通信,007,116
2025-09-30 18:38:44,2025-09-30 00:00:00,2025-09-30 18:38:44,刘东勃,1,1,0,移远通信,2025-09-30 00:00:00,101,101,10004959,10467399,上海移远通信技术股份有限公司,基金管理公司,004001,2025-09-30 00:00:00,银河基金,001,上海、常州,2025-09-02 00:00:00,"2025/9/2,2025/9/3,2025/9/8,2025/9/15,2025/9/19,2025/9/22,2025/9/23,2025/9/24,2025/9/28,2025/9/30",001,"特定对象调研,现场参观","董事会秘书 郑雷,证券事务代表 王凡",,603236.SH,603236,移远通信,007,116
2025-09-30 18:38:44,2025-09-30 00:00:00,2025-09-30 18:38:44,"陈保国,王邵哲",1,1,0,移远通信,2025-09-30 00:00:00,98,98,10745496,10467399,上海移远通信技术股份有限公司,其它,007004,2025-09-30 00:00:00,西部利得,001,上海、常州,2025-09-02 00:00:00,"2025/9/2,2025/9/3,2025/9/8,2025/9/15,2025/9/19,2025/9/22,2025/9/23,2025/9/24,2025/9/28,2025/9/30",001,"特定对象调研,现场参观","董事会秘书 郑雷,证券事务代表 王凡",,603236.SH,603236,移远通信,007,116
2025-09-30 18:38:44,2025-09-30 00:00:00,2025-09-30 18:38:44,庄自超,1,1,0,移远通信,2025-09-30 00:00:00,99,99,10004880,10467399,上海移远通信技术股份有限公司,证券公司,005001,2025-09-30 00:00:00,西部证券,001,上海、常州,2025-09-02 00:00:00,"2025/9/2,2025/9/3,2025/9/8,2025/9/15,2025/9/19,2025/9/22,2025/9/23,2025/9/24,2025/9/28,2025/9/30",001,"特定对象调研,现场参观","董事会秘书 郑雷,证券事务代表 王凡",,603236.SH,603236,移远通信,007,116
2025-09-30 18:38:44,2025-09-30 00:00:00,2025-09-30 18:38:44,"施学东,徐春来,王俊杰",1,1,0,移远通信,2025-09-30 00:00:00,88,88,10744206,10467399,上海移远通信技术股份有限公司,其它,007004,2025-09-30 00:00:00,世嘉控股,001,上海、常州,2025-09-02 00:00:00,"2025/9/2,2025/9/3,2025/9/8,2025/9/15,2025/9/19,2025/9/22,2025/9/23,2025/9/24,2025/9/28,2025/9/30",001,"特定对象调研,现场参观","董事会秘书 郑雷,证券事务代表 王凡",,603236.SH,603236,移远通信,007,116
2025-09-30 18:38:44,2025-09-30 00:00:00,2025-09-30 18:38:44,"蔡振兴,刘炜",1,1,0,移远通信,2025-09-30 00:00:00,89,89,,10467399,上海移远通信技术股份有限公司,,,2025-09-30 00:00:00,苏通创投,001,上海、常州,2025-09-02 00:00:00,"2025/9/2,2025/9/3,2025/9/8,2025/9/15,2025/9/19,2025/9/22,2025/9/23,2025/9/24,2025/9/28,2025/9/30",001,"特定对象调研,现场参观","董事会秘书 郑雷,证券事务代表 王凡",,603236.SH,603236,移远通信,007,116
2025-09-30 18:38:44,2025-09-30 00:00:00,2025-10-01 01:11:31,古铭晏,1,1,0,移远通信,2025-09-30 00:00:00,6,6,10444115,10467399,上海移远通信技术股份有限公司,其它,007004,2025-09-30 00:00:00,北京相聚资管,001,上海、常州,2025-09-02 00:00:00,"2025/9/2,2025/9/3,2025/9/8,2025/9/15,2025/9/19,2025/9/22,2025/9/23,2025/9/24,2025/9/28,2025/9/30",001,"特定对象调研,现场参观","董事会秘书 郑雷,证券事务代表 王凡",,603236.SH,603236,移远通信,007,116
2025-09-30 18:38:44,2025-09-30 00:00:00,2025-09-30 18:38:44,李建朋,1,1,0,移远通信,2025-09-30 00:00:00,87,87,10497036,10467399,上海移远通信技术股份有限公司,投资公司,007001,2025-09-30 00:00:00,石家庄茁安投资,001,上海、常州,2025-09-02 00:00:00,"2025/9/2,2025/9/3,2025/9/8,2025/9/15,2025/9/19,2025/9/22,2025/9/23,2025/9/24,2025/9/28,2025/9/30",001,"特定对象调研,现场参观","董事会秘书 郑雷,证券事务代表 王凡",,603236.SH,603236,移远通信,007,116
2025-09-30 18:38:44,2025-09-30 00:00:00,2025-10-01 01:11:31,杨瑜宝,1,1,0,移远通信,2025-09-30 00:00:00,86,86,10345224,10467399,上海移远通信技术股份有限公司,投资公司,007001,2025-09-30 00:00:00,申银万国创新证券,001,上海、常州,2025-09-02 00:00:00,"2025/9/2,2025/9/3,2025/9/8,2025/9/15,2025/9/19,2025/9/22,2025/9/23,2025/9/24,2025/9/28,2025/9/30",001,"特定对象调研,现场参观","董事会秘书 郑雷,证券事务代表 王凡",,603236.SH,603236,移远通信,007,116
2025-09-30 18:38:44,2025-09-30 00:00:00,2025-09-30 18:38:44,吴秉韬,1,1,0,移远通信,2025-09-30 00:00:00,93,93,10004968,10467399,上海移远通信技术股份有限公司,基金管理公司,004001,2025-09-30 00:00:00,泰信基金,001,上海、常州,2025-09-02 00:00:00,"2025/9/2,2025/9/3,2025/9/8,2025/9/15,2025/9/19,2025/9/22,2025/9/23,2025/9/24,2025/9/28,2025/9/30",001,"特定对象调研,现场参观","董事会秘书 郑雷,证券事务代表 王凡",,603236.SH,603236,移远通信,007,116
2025-09-30 18:38:44,2025-09-30 00:00:00,2025-09-30 18:38:44,"熊燕,洪玉玲,高俊",1,1,0,移远通信,2025-09-30 00:00:00,90,90,10753661,10467399,上海移远通信技术股份有限公司,投资公司,007001,2025-09-30 00:00:00,苏州高新投资,001,上海、常州,2025-09-02 00:00:00,"2025/9/2,2025/9/3,2025/9/8,2025/9/15,2025/9/19,2025/9/22,2025/9/23,2025/9/24,2025/9/28,2025/9/30",001,"特定对象调研,现场参观","董事会秘书 郑雷,证券事务代表 王凡",,603236.SH,603236,移远通信,007,116
2025-09-30 18:38:44,2025-09-30 00:00:00,2025-10-31 01:08:21,李政昊,1,1,0,移远通信,2025-09-30 00:00:00,91,91,10077318,10467399,上海移远通信技术股份有限公司,投资公司,007001,2025-09-30 00:00:00,台州城投,001,上海、常州,2025-09-02 00:00:00,"2025/9/2,2025/9/3,2025/9/8,2025/9/15,2025/9/19,2025/9/22,2025/9/23,2025/9/24,2025/9/28,2025/9/30",001,"特定对象调研,现场参观","董事会秘书 郑雷,证券事务代表 王凡",,603236.SH,603236,移远通信,007,116
2025-09-30 18:38:44,2025-09-30 00:00:00,2025-09-30 18:38:44,吕云龙,1,1,0,移远通信,2025-09-30 00:00:00,102,102,10102482,10467399,上海移远通信技术股份有限公司,投资公司,007001,2025-09-30 00:00:00,银河投资,001,上海、常州,2025-09-02 00:00:00,"2025/9/2,2025/9/3,2025/9/8,2025/9/15,2025/9/19,2025/9/22,2025/9/23,2025/9/24,2025/9/28,2025/9/30",001,"特定对象调研,现场参观","董事会秘书 郑雷,证券事务代表 王凡",,603236.SH,603236,移远通信,007,116
2025-09-30 18:38:44,2025-09-30 00:00:00,2025-09-30 18:38:44,张清清,1,1,0,移远通信,2025-09-30 00:00:00,113,113,10006398,10467399,上海移远通信技术股份有限公司,信托公司,002001,2025-09-30 00:00:00,中航信托,001,上海、常州,2025-09-02 00:00:00,"2025/9/2,2025/9/3,2025/9/8,2025/9/15,2025/9/19,2025/9/22,2025/9/23,2025/9/24,2025/9/28,2025/9/30",001,"特定对象调研,现场参观","董事会秘书 郑雷,证券事务代表 王凡",,603236.SH,603236,移远通信,007,116
2025-09-30 18:38:44,2025-09-30 00:00:00,2025-09-30 18:38:44,张力琦,1,1,0,移远通信,2025-09-30 00:00:00,114,114,10099761,10467399,上海移远通信技术股份有限公司,资产管理公司,002007,2025-09-30 00:00:00,中信资管,001,上海、常州,2025-09-02 00:00:00,"2025/9/2,2025/9/3,2025/9/8,2025/9/15,2025/9/19,2025/9/22,2025/9/23,2025/9/24,2025/9/28,2025/9/30",001,"特定对象调研,现场参观","董事会秘书 郑雷,证券事务代表 王凡",,603236.SH,603236,移远通信,007,116
2025-09-30 18:38:44,2025-09-30 00:00:00,2025-09-30 18:38:44,常晟,1,1,0,移远通信,2025-09-30 00:00:00,111,111,10589357,10467399,上海移远通信技术股份有限公司,其它,007004,2025-09-30 00:00:00,正心谷资本,001,上海、常州,2025-09-02 00:00:00,"2025/9/2,2025/9/3,2025/9/8,2025/9/15,2025/9/19,2025/9/22,2025/9/23,2025/9/24,2025/9/28,2025/9/30",001,"特定对象调研,现场参观","董事会秘书 郑雷,证券事务代表 王凡",,603236.SH,603236,移远通信,007,116
2025-09-30 18:38:44,2025-09-30 00:00:00,2025-09-30 18:38:44,"郑雨晨,陈鑫,李畅",1,1,0,移远通信,2025-09-30 00:00:00,112,112,10785897,10467399,上海移远通信技术股份有限公司,投资公司,007001,2025-09-30 00:00:00,中电科投资,001,上海、常州,2025-09-02 00:00:00,"2025/9/2,2025/9/3,2025/9/8,2025/9/15,2025/9/19,2025/9/22,2025/9/23,2025/9/24,2025/9/28,2025/9/30",001,"特定对象调研,现场参观","董事会秘书 郑雷,证券事务代表 王凡",,603236.SH,603236,移远通信,007,116
2025-09-30 18:38:44,2025-09-30 00:00:00,2025-11-04 01:08:26,"张滢月,钱谦,沙涛,杨灿",1,1,0,移远通信,2025-09-30 00:00:00,1,1,10012649,10467399,上海移远通信技术股份有限公司,资产管理公司,002007,2025-09-30 00:00:00,安徽国控,001,上海、常州,2025-09-02 00:00:00,"2025/9/2,2025/9/3,2025/9/8,2025/9/15,2025/9/19,2025/9/22,2025/9/23,2025/9/24,2025/9/28,2025/9/30",001,"特定对象调研,现场参观","董事会秘书 郑雷,证券事务代表 王凡",,603236.SH,603236,移远通信,007,116
2025-09-30 18:38:44,2025-09-30 00:00:00,2025-10-01 01:11:31,徐嘉威,1,1,0,移远通信,2025-09-30 00:00:00,92,92,10000119423,10467399,上海移远通信技术股份有限公司,投资公司,007001,2025-09-30 00:00:00,台州金控资管,001,上海、常州,2025-09-02 00:00:00,"2025/9/2,2025/9/3,2025/9/8,2025/9/15,2025/9/19,2025/9/22,2025/9/23,2025/9/24,2025/9/28,2025/9/30",001,"特定对象调研,现场参观","董事会秘书 郑雷,证券事务代表 王凡",,603236.SH,603236,移远通信,007,116
2025-09-30 18:38:44,2025-09-30 00:00:00,2025-09-30 18:38:44,邵璟璐,1,1,0,移远通信,2025-09-30 00:00:00,115,115,10053810,10467399,上海移远通信技术股份有限公司,基金管理公司,004001,2025-09-30 00:00:00,中银基金,001,上海、常州,2025-09-02 00:00:00,"2025/9/2,2025/9/3,2025/9/8,2025/9/15,2025/9/19,2025/9/22,2025/9/23,2025/9/24,2025/9/28,2025/9/30",001,"特定对象调研,现场参观","董事会秘书 郑雷,证券事务代表 王凡",,603236.SH,603236,移远通信,007,116
2025-09-30 18:38:44,2025-09-30 00:00:00,2025-09-30 18:38:44,刘航,1,1,0,移远通信,2025-09-30 00:00:00,116,116,10000090193,10467399,上海移远通信技术股份有限公司,其它,007004,2025-09-30 00:00:00,中银资管,001,上海、常州,2025-09-02 00:00:00,"2025/9/2,2025/9/3,2025/9/8,2025/9/15,2025/9/19,2025/9/22,2025/9/23,2025/9/24,2025/9/28,2025/9/30",001,"特定对象调研,现场参观","董事会秘书 郑雷,证券事务代表 王凡",,603236.SH,603236,移远通信,007,116
2025-09-30 18:38:44,2025-09-30 00:00:00,2025-09-30 18:38:44,"封华,蚁剑",1,1,0,移远通信,2025-09-30 00:00:00,105,105,10079818,10467399,上海移远通信技术股份有限公司,其它,007004,2025-09-30 00:00:00,粤科金融,001,上海、常州,2025-09-02 00:00:00,"2025/9/2,2025/9/3,2025/9/8,2025/9/15,2025/9/19,2025/9/22,2025/9/23,2025/9/24,2025/9/28,2025/9/30",001,"特定对象调研,现场参观","董事会秘书 郑雷,证券事务代表 王凡",,603236.SH,603236,移远通信,007,116
2025-09-30 18:38:44,2025-09-30 00:00:00,2025-09-30 18:38:44,"刘娟秀,张雪东",1,1,0,移远通信,2025-09-30 00:00:00,106,106,,10467399,上海移远通信技术股份有限公司,,,2025-09-30 00:00:00,云投资本,001,上海、常州,2025-09-02 00:00:00,"2025/9/2,2025/9/3,2025/9/8,2025/9/15,2025/9/19,2025/9/22,2025/9/23,2025/9/24,2025/9/28,2025/9/30",001,"特定对象调研,现场参观","董事会秘书 郑雷,证券事务代表 王凡",,603236.SH,603236,移远通信,007,116
2025-09-30 18:38:44,2025-09-30 00:00:00,2025-09-30 18:38:44,钱嘉隆,1,1,0,移远通信,2025-09-30 00:00:00,103,103,10269864,10467399,上海移远通信技术股份有限公司,基金管理公司,004001,2025-09-30 00:00:00,圆信永丰基金,001,上海、常州,2025-09-02 00:00:00,"2025/9/2,2025/9/3,2025/9/8,2025/9/15,2025/9/19,2025/9/22,2025/9/23,2025/9/24,2025/9/28,2025/9/30",001,"特定对象调研,现场参观","董事会秘书 郑雷,证券事务代表 王凡",,603236.SH,603236,移远通信,007,116
2025-09-30 18:38:44,2025-09-30 00:00:00,2025-09-30 18:38:44,"龚展艺,李勇杰",1,1,0,移远通信,2025-09-30 00:00:00,104,104,,10467399,上海移远通信技术股份有限公司,,,2025-09-30 00:00:00,粤开资本,001,上海、常州,2025-09-02 00:00:00,"2025/9/2,2025/9/3,2025/9/8,2025/9/15,2025/9/19,2025/9/22,2025/9/23,2025/9/24,2025/9/28,2025/9/30",001,"特定对象调研,现场参观","董事会秘书 郑雷,证券事务代表 王凡",,603236.SH,603236,移远通信,007,116
2025-09-30 18:38:44,2025-09-30 00:00:00,2025-09-30 18:38:44,"杨浩杰,阮经天",1,1,0,移远通信,2025-09-30 00:00:00,109,109,10290785,10467399,上海移远通信技术股份有限公司,投资公司,007001,2025-09-30 00:00:00,浙江广杰投资,001,上海、常州,2025-09-02 00:00:00,"2025/9/2,2025/9/3,2025/9/8,2025/9/15,2025/9/19,2025/9/22,2025/9/23,2025/9/24,2025/9/28,2025/9/30",001,"特定对象调研,现场参观","董事会秘书 郑雷,证券事务代表 王凡",,603236.SH,603236,移远通信,007,116
2025-09-30 18:38:44,2025-09-30 00:00:00,2025-09-30 18:38:44,史成超,1,1,0,移远通信,2025-09-30 00:00:00,110,110,,10467399,上海移远通信技术股份有限公司,,,2025-09-30 00:00:00,浙江农发,001,上海、常州,2025-09-02 00:00:00,"2025/9/2,2025/9/3,2025/9/8,2025/9/15,2025/9/19,2025/9/22,2025/9/23,2025/9/24,2025/9/28,2025/9/30",001,"特定对象调研,现场参观","董事会秘书 郑雷,证券事务代表 王凡",,603236.SH,603236,移远通信,007,116
2025-09-30 18:38:44,2025-09-30 00:00:00,2025-09-30 18:38:44,王新元,1,1,0,移远通信,2025-09-30 00:00:00,107,107,10080335,10467399,上海移远通信技术股份有限公司,寿险公司,003002,2025-09-30 00:00:00,长生人寿,001,上海、常州,2025-09-02 00:00:00,"2025/9/2,2025/9/3,2025/9/8,2025/9/15,2025/9/19,2025/9/22,2025/9/23,2025/9/24,2025/9/28,2025/9/30",001,"特定对象调研,现场参观","董事会秘书 郑雷,证券事务代表 王凡",,603236.SH,603236,移远通信,007,116
2025-09-30 18:38:44,2025-09-30 00:00:00,2025-09-30 18:38:44,张小东,1,1,0,移远通信,2025-09-30 00:00:00,108,108,10446753,10467399,上海移远通信技术股份有限公司,投资公司,007001,2025-09-30 00:00:00,浙江壁虎投资,001,上海、常州,2025-09-02 00:00:00,"2025/9/2,2025/9/3,2025/9/8,2025/9/15,2025/9/19,2025/9/22,2025/9/23,2025/9/24,2025/9/28,2025/9/30",001,"特定对象调研,现场参观","董事会秘书 郑雷,证券事务代表 王凡",,603236.SH,603236,移远通信,007,116
2025-09-30 18:38:44,2025-09-30 00:00:00,2025-09-30 18:38:44,"周炜,寇碧松,黄开乐",1,1,0,移远通信,2025-09-30 00:00:00,30,30,10769409,10467399,上海移远通信技术股份有限公司,其它,007004,2025-09-30 00:00:00,杭州城投资本,001,上海、常州,2025-09-02 00:00:00,"2025/9/2,2025/9/3,2025/9/8,2025/9/15,2025/9/19,2025/9/22,2025/9/23,2025/9/24,2025/9/28,2025/9/30",001,"特定对象调研,现场参观","董事会秘书 郑雷,证券事务代表 王凡",,603236.SH,603236,移远通信,007,116
2025-09-30 18:38:44,2025-09-30 00:00:00,2025-09-30 18:38:44,田永新,1,1,0,移远通信,2025-09-30 00:00:00,29,29,10150451,10467399,上海移远通信技术股份有限公司,租赁公司,002002,2025-09-30 00:00:00,国泰租赁,001,上海、常州,2025-09-02 00:00:00,"2025/9/2,2025/9/3,2025/9/8,2025/9/15,2025/9/19,2025/9/22,2025/9/23,2025/9/24,2025/9/28,2025/9/30",001,"特定对象调研,现场参观","董事会秘书 郑雷,证券事务代表 王凡",,603236.SH,603236,移远通信,007,116
2025-09-30 18:38:44,2025-09-30 00:00:00,2025-09-30 18:38:44,包戈然,1,1,0,移远通信,2025-09-30 00:00:00,31,31,10593574,10467399,上海移远通信技术股份有限公司,基金管理公司,004001,2025-09-30 00:00:00,弘毅远方基金,001,上海、常州,2025-09-02 00:00:00,"2025/9/2,2025/9/3,2025/9/8,2025/9/15,2025/9/19,2025/9/22,2025/9/23,2025/9/24,2025/9/28,2025/9/30",001,"特定对象调研,现场参观","董事会秘书 郑雷,证券事务代表 王凡",,603236.SH,603236,移远通信,007,116
2025-09-30 18:38:44,2025-09-30 00:00:00,2025-09-30 18:38:44,刘舒斐,1,1,0,移远通信,2025-09-30 00:00:00,33,33,10174454,10467399,上海移远通信技术股份有限公司,创业投资公司,007002,2025-09-30 00:00:00,湖南高新创投,001,上海、常州,2025-09-02 00:00:00,"2025/9/2,2025/9/3,2025/9/8,2025/9/15,2025/9/19,2025/9/22,2025/9/23,2025/9/24,2025/9/28,2025/9/30",001,"特定对象调研,现场参观","董事会秘书 郑雷,证券事务代表 王凡",,603236.SH,603236,移远通信,007,116
2025-09-30 18:38:44,2025-09-30 00:00:00,2025-09-30 18:38:44,"张军,王小梅,柯高",1,1,0,移远通信,2025-09-30 00:00:00,32,32,10071433,10467399,上海移远通信技术股份有限公司,投资公司,007001,2025-09-30 00:00:00,湖北铁投,001,上海、常州,2025-09-02 00:00:00,"2025/9/2,2025/9/3,2025/9/8,2025/9/15,2025/9/19,2025/9/22,2025/9/23,2025/9/24,2025/9/28,2025/9/30",001,"特定对象调研,现场参观","董事会秘书 郑雷,证券事务代表 王凡",,603236.SH,603236,移远通信,007,116
2025-09-30 18:38:44,2025-09-30 00:00:00,2025-09-30 18:38:44,苗瑜,1,1,0,移远通信,2025-09-30 00:00:00,25,25,10032290,10467399,上海移远通信技术股份有限公司,基金管理公司,004001,2025-09-30 00:00:00,国联安基金,001,上海、常州,2025-09-02 00:00:00,"2025/9/2,2025/9/3,2025/9/8,2025/9/15,2025/9/19,2025/9/22,2025/9/23,2025/9/24,2025/9/28,2025/9/30",001,"特定对象调研,现场参观","董事会秘书 郑雷,证券事务代表 王凡",,603236.SH,603236,移远通信,007,116
2025-09-30 18:38:44,2025-09-30 00:00:00,2025-09-30 18:38:44,孙玥,1,1,0,移远通信,2025-09-30 00:00:00,24,24,10000207945,10467399,上海移远通信技术股份有限公司,保险资产管理公司,003008,2025-09-30 00:00:00,国华兴益保险资管,001,上海、常州,2025-09-02 00:00:00,"2025/9/2,2025/9/3,2025/9/8,2025/9/15,2025/9/19,2025/9/22,2025/9/23,2025/9/24,2025/9/28,2025/9/30",001,"特定对象调研,现场参观","董事会秘书 郑雷,证券事务代表 王凡",,603236.SH,603236,移远通信,007,116
2025-09-30 18:38:44,2025-09-30 00:00:00,2025-09-30 18:38:44,祁善斌,1,1,0,移远通信,2025-09-30 00:00:00,26,26,10349502,10467399,上海移远通信技术股份有限公司,基金管理公司,004001,2025-09-30 00:00:00,国寿安保基金,001,上海、常州,2025-09-02 00:00:00,"2025/9/2,2025/9/3,2025/9/8,2025/9/15,2025/9/19,2025/9/22,2025/9/23,2025/9/24,2025/9/28,2025/9/30",001,"特定对象调研,现场参观","董事会秘书 郑雷,证券事务代表 王凡",,603236.SH,603236,移远通信,007,116
2025-09-30 18:38:44,2025-09-30 00:00:00,2025-09-30 18:38:44,于歆,1,1,0,移远通信,2025-09-30 00:00:00,28,28,10149400,10467399,上海移远通信技术股份有限公司,资产管理公司,002007,2025-09-30 00:00:00,国泰海通资管,001,上海、常州,2025-09-02 00:00:00,"2025/9/2,2025/9/3,2025/9/8,2025/9/15,2025/9/19,2025/9/22,2025/9/23,2025/9/24,2025/9/28,2025/9/30",001,"特定对象调研,现场参观","董事会秘书 郑雷,证券事务代表 王凡",,603236.SH,603236,移远通信,007,116
2025-09-30 18:38:44,2025-09-30 00:00:00,2025-09-30 18:38:44,沈书琪,1,1,0,移远通信,2025-09-30 00:00:00,27,27,10004865,10467399,上海移远通信技术股份有限公司,证券公司,005001,2025-09-30 00:00:00,国泰海通证券,001,上海、常州,2025-09-02 00:00:00,"2025/9/2,2025/9/3,2025/9/8,2025/9/15,2025/9/19,2025/9/22,2025/9/23,2025/9/24,2025/9/28,2025/9/30",001,"特定对象调研,现场参观","董事会秘书 郑雷,证券事务代表 王凡",,603236.SH,603236,移远通信,007,116
2025-09-30 18:38:44,2025-09-30 00:00:00,2025-09-30 18:38:44,"刘俊,郗朋",1,1,0,移远通信,2025-09-30 00:00:00,40,40,10045721,10467399,上海移远通信技术股份有限公司,证券公司,005001,2025-09-30 00:00:00,华源证券,001,上海、常州,2025-09-02 00:00:00,"2025/9/2,2025/9/3,2025/9/8,2025/9/15,2025/9/19,2025/9/22,2025/9/23,2025/9/24,2025/9/28,2025/9/30",001,"特定对象调研,现场参观","董事会秘书 郑雷,证券事务代表 王凡",,603236.SH,603236,移远通信,007,116
2025-09-30 18:38:44,2025-09-30 00:00:00,2025-09-30 18:38:44,杨轶捷,1,1,0,移远通信,2025-09-30 00:00:00,39,39,10484676,10467399,上海移远通信技术股份有限公司,投资公司,007001,2025-09-30 00:00:00,华西银峰,001,上海、常州,2025-09-02 00:00:00,"2025/9/2,2025/9/3,2025/9/8,2025/9/15,2025/9/19,2025/9/22,2025/9/23,2025/9/24,2025/9/28,2025/9/30",001,"特定对象调研,现场参观","董事会秘书 郑雷,证券事务代表 王凡",,603236.SH,603236,移远通信,007,116
2025-09-30 18:38:44,2025-09-30 00:00:00,2025-09-30 18:38:44,"吴培文,豆怡凡",1,1,0,移远通信,2025-09-30 00:00:00,41,41,10330635,10467399,上海移远通信技术股份有限公司,基金管理公司,004001,2025-09-30 00:00:00,汇丰晋信基金,001,上海、常州,2025-09-02 00:00:00,"2025/9/2,2025/9/3,2025/9/8,2025/9/15,2025/9/19,2025/9/22,2025/9/23,2025/9/24,2025/9/28,2025/9/30",001,"特定对象调研,现场参观","董事会秘书 郑雷,证券事务代表 王凡",,603236.SH,603236,移远通信,007,116
2025-09-30 18:38:44,2025-09-30 00:00:00,2025-09-30 18:38:44,谢桂,1,1,0,移远通信,2025-09-30 00:00:00,43,43,,10467399,上海移远通信技术股份有限公司,,,2025-09-30 00:00:00,积发基金,001,上海、常州,2025-09-02 00:00:00,"2025/9/2,2025/9/3,2025/9/8,2025/9/15,2025/9/19,2025/9/22,2025/9/23,2025/9/24,2025/9/28,2025/9/30",001,"特定对象调研,现场参观","董事会秘书 郑雷,证券事务代表 王凡",,603236.SH,603236,移远通信,007,116
2025-09-30 18:38:44,2025-09-30 00:00:00,2025-09-30 18:38:44,"卞正,劳杰男,曹诗扬,李宁",1,1,0,移远通信,2025-09-30 00:00:00,42,42,10072369,10467399,上海移远通信技术股份有限公司,基金管理公司,004001,2025-09-30 00:00:00,汇添富基金,001,上海、常州,2025-09-02 00:00:00,"2025/9/2,2025/9/3,2025/9/8,2025/9/15,2025/9/19,2025/9/22,2025/9/23,2025/9/24,2025/9/28,2025/9/30",001,"特定对象调研,现场参观","董事会秘书 郑雷,证券事务代表 王凡",,603236.SH,603236,移远通信,007,116
2025-09-30 18:38:44,2025-09-30 00:00:00,2025-09-30 18:38:44,"胡杨,王治",1,1,0,移远通信,2025-09-30 00:00:00,35,35,10400256,10467399,上海移远通信技术股份有限公司,保险资产管理公司,003008,2025-09-30 00:00:00,华安资管,001,上海、常州,2025-09-02 00:00:00,"2025/9/2,2025/9/3,2025/9/8,2025/9/15,2025/9/19,2025/9/22,2025/9/23,2025/9/24,2025/9/28,2025/9/30",001,"特定对象调研,现场参观","董事会秘书 郑雷,证券事务代表 王凡",,603236.SH,603236,移远通信,007,116
2025-09-30 18:38:44,2025-09-30 00:00:00,2025-09-30 18:38:44,李恩德,1,1,0,移远通信,2025-09-30 00:00:00,34,34,10486475,10467399,上海移远通信技术股份有限公司,基金管理公司,004001,2025-09-30 00:00:00,湖南聚力财富,001,上海、常州,2025-09-02 00:00:00,"2025/9/2,2025/9/3,2025/9/8,2025/9/15,2025/9/19,2025/9/22,2025/9/23,2025/9/24,2025/9/28,2025/9/30",001,"特定对象调研,现场参观","董事会秘书 郑雷,证券事务代表 王凡",,603236.SH,603236,移远通信,007,116
2025-09-30 18:38:44,2025-09-30 00:00:00,2025-09-30 18:38:44,黄子宸,1,1,0,移远通信,2025-09-30 00:00:00,36,36,10000062973,10467399,上海移远通信技术股份有限公司,其它,007004,2025-09-30 00:00:00,华创自营,001,上海、常州,2025-09-02 00:00:00,"2025/9/2,2025/9/3,2025/9/8,2025/9/15,2025/9/19,2025/9/22,2025/9/23,2025/9/24,2025/9/28,2025/9/30",001,"特定对象调研,现场参观","董事会秘书 郑雷,证券事务代表 王凡",,603236.SH,603236,移远通信,007,116
2025-09-30 18:38:44,2025-09-30 00:00:00,2025-09-30 18:38:44,郑金镇,1,1,0,移远通信,2025-09-30 00:00:00,38,38,10067728,10467399,上海移远通信技术股份有限公司,保险资产管理公司,003008,2025-09-30 00:00:00,华泰资产,001,上海、常州,2025-09-02 00:00:00,"2025/9/2,2025/9/3,2025/9/8,2025/9/15,2025/9/19,2025/9/22,2025/9/23,2025/9/24,2025/9/28,2025/9/30",001,"特定对象调研,现场参观","董事会秘书 郑雷,证券事务代表 王凡",,603236.SH,603236,移远通信,007,116
2025-09-30 18:38:44,2025-09-30 00:00:00,2025-09-30 18:38:44,刘斌,1,1,0,移远通信,2025-09-30 00:00:00,37,37,10555921,10467399,上海移远通信技术股份有限公司,基金管理公司,004001,2025-09-30 00:00:00,华泰保兴基金,001,上海、常州,2025-09-02 00:00:00,"2025/9/2,2025/9/3,2025/9/8,2025/9/15,2025/9/19,2025/9/22,2025/9/23,2025/9/24,2025/9/28,2025/9/30",001,"特定对象调研,现场参观","董事会秘书 郑雷,证券事务代表 王凡",,603236.SH,603236,移远通信,007,116
2025-09-30 18:38:44,2025-09-30 00:00:00,2025-09-30 18:38:44,聂晨,1,1,0,移远通信,2025-09-30 00:00:00,23,23,10184198,10467399,上海移远通信技术股份有限公司,投资公司,007001,2025-09-30 00:00:00,国海创新资本,001,上海、常州,2025-09-02 00:00:00,"2025/9/2,2025/9/3,2025/9/8,2025/9/15,2025/9/19,2025/9/22,2025/9/23,2025/9/24,2025/9/28,2025/9/30",001,"特定对象调研,现场参观","董事会秘书 郑雷,证券事务代表 王凡",,603236.SH,603236,移远通信,007,116
2025-09-30 18:38:44,2025-09-30 00:00:00,2025-09-30 18:38:44,朱颜小悦,1,1,0,移远通信,2025-09-30 00:00:00,9,9,10989639,10467399,上海移远通信技术股份有限公司,基金管理公司,004001,2025-09-30 00:00:00,淳厚基金,001,上海、常州,2025-09-02 00:00:00,"2025/9/2,2025/9/3,2025/9/8,2025/9/15,2025/9/19,2025/9/22,2025/9/23,2025/9/24,2025/9/28,2025/9/30",001,"特定对象调研,现场参观","董事会秘书 郑雷,证券事务代表 王凡",,603236.SH,603236,移远通信,007,116
2025-09-30 18:38:44,2025-09-30 00:00:00,2025-09-30 18:38:44,俞海海,1,1,0,移远通信,2025-09-30 00:00:00,8,8,10000144315,10467399,上海移远通信技术股份有限公司,投资公司,007001,2025-09-30 00:00:00,翀云投资,001,上海、常州,2025-09-02 00:00:00,"2025/9/2,2025/9/3,2025/9/8,2025/9/15,2025/9/19,2025/9/22,2025/9/23,2025/9/24,2025/9/28,2025/9/30",001,"特定对象调研,现场参观","董事会秘书 郑雷,证券事务代表 王凡",,603236.SH,603236,移远通信,007,116
2025-09-30 18:38:44,2025-09-30 00:00:00,2025-09-30 18:38:44,马迪,1,1,0,移远通信,2025-09-30 00:00:00,10,10,10266469,10467399,上海移远通信技术股份有限公司,资产管理公司,002007,2025-09-30 00:00:00,大朴资产,001,上海、常州,2025-09-02 00:00:00,"2025/9/2,2025/9/3,2025/9/8,2025/9/15,2025/9/19,2025/9/22,2025/9/23,2025/9/24,2025/9/28,2025/9/30",001,"特定对象调研,现场参观","董事会秘书 郑雷,证券事务代表 王凡",,603236.SH,603236,移远通信,007,116
2025-09-30 18:38:44,2025-09-30 00:00:00,2025-09-30 18:38:44,陈晓禾,1,1,0,移远通信,2025-09-30 00:00:00,12,12,10536354,10467399,上海移远通信技术股份有限公司,资产管理公司,002007,2025-09-30 00:00:00,东方嘉富,001,上海、常州,2025-09-02 00:00:00,"2025/9/2,2025/9/3,2025/9/8,2025/9/15,2025/9/19,2025/9/22,2025/9/23,2025/9/24,2025/9/28,2025/9/30",001,"特定对象调研,现场参观","董事会秘书 郑雷,证券事务代表 王凡",,603236.SH,603236,移远通信,007,116
2025-09-30 18:38:44,2025-09-30 00:00:00,2025-09-30 18:38:44,李胜敏,1,1,0,移远通信,2025-09-30 00:00:00,11,11,10782894,10467399,上海移远通信技术股份有限公司,投资公司,007001,2025-09-30 00:00:00,顶天投资,001,上海、常州,2025-09-02 00:00:00,"2025/9/2,2025/9/3,2025/9/8,2025/9/15,2025/9/19,2025/9/22,2025/9/23,2025/9/24,2025/9/28,2025/9/30",001,"特定对象调研,现场参观","董事会秘书 郑雷,证券事务代表 王凡",,603236.SH,603236,移远通信,007,116
2025-09-30 18:38:44,2025-09-30 00:00:00,2025-09-30 18:38:44,胡佳平,1,1,0,移远通信,2025-09-30 00:00:00,3,3,,10467399,上海移远通信技术股份有限公司,,,2025-09-30 00:00:00,宝弘景,001,上海、常州,2025-09-02 00:00:00,"2025/9/2,2025/9/3,2025/9/8,2025/9/15,2025/9/19,2025/9/22,2025/9/23,2025/9/24,2025/9/28,2025/9/30",001,"特定对象调研,现场参观","董事会秘书 郑雷,证券事务代表 王凡",,603236.SH,603236,移远通信,007,116
2025-09-30 18:38:44,2025-09-30 00:00:00,2025-09-30 18:38:44,倪文超,1,1,0,移远通信,2025-09-30 00:00:00,2,2,,10467399,上海移远通信技术股份有限公司,,,2025-09-30 00:00:00,安亚资本,001,上海、常州,2025-09-02 00:00:00,"2025/9/2,2025/9/3,2025/9/8,2025/9/15,2025/9/19,2025/9/22,2025/9/23,2025/9/24,2025/9/28,2025/9/30",001,"特定对象调研,现场参观","董事会秘书 郑雷,证券事务代表 王凡",,603236.SH,603236,移远通信,007,116
2025-09-30 18:38:44,2025-09-30 00:00:00,2025-09-30 18:38:44,唐旨怡,1,1,0,移远通信,2025-09-30 00:00:00,4,4,10756679,10467399,上海移远通信技术股份有限公司,其它,007004,2025-09-30 00:00:00,保宁资本,001,上海、常州,2025-09-02 00:00:00,"2025/9/2,2025/9/3,2025/9/8,2025/9/15,2025/9/19,2025/9/22,2025/9/23,2025/9/24,2025/9/28,2025/9/30",001,"特定对象调研,现场参观","董事会秘书 郑雷,证券事务代表 王凡",,603236.SH,603236,移远通信,007,116
2025-09-30 18:38:44,2025-09-30 00:00:00,2025-09-30 18:38:44,彭勤学,1,1,0,移远通信,2025-09-30 00:00:00,7,7,10060503,10467399,上海移远通信技术股份有限公司,投资公司,007001,2025-09-30 00:00:00,常州投资集团,001,上海、常州,2025-09-02 00:00:00,"2025/9/2,2025/9/3,2025/9/8,2025/9/15,2025/9/19,2025/9/22,2025/9/23,2025/9/24,2025/9/28,2025/9/30",001,"特定对象调研,现场参观","董事会秘书 郑雷,证券事务代表 王凡",,603236.SH,603236,移远通信,007,116
2025-09-30 18:38:44,2025-09-30 00:00:00,2025-09-30 18:38:44,琚欣然,1,1,0,移远通信,2025-09-30 00:00:00,5,5,10945709,10467399,上海移远通信技术股份有限公司,投资公司,007001,2025-09-30 00:00:00,北方工业投资,001,上海、常州,2025-09-02 00:00:00,"2025/9/2,2025/9/3,2025/9/8,2025/9/15,2025/9/19,2025/9/22,2025/9/23,2025/9/24,2025/9/28,2025/9/30",001,"特定对象调研,现场参观","董事会秘书 郑雷,证券事务代表 王凡",,603236.SH,603236,移远通信,007,116
2025-09-30 18:38:44,2025-09-30 00:00:00,2025-09-30 18:38:44,"幸荫宇,黄超凡,赖俊杰",1,1,0,移远通信,2025-09-30 00:00:00,19,19,,10467399,上海移远通信技术股份有限公司,,,2025-09-30 00:00:00,赣州发展集团,001,上海、常州,2025-09-02 00:00:00,"2025/9/2,2025/9/3,2025/9/8,2025/9/15,2025/9/19,2025/9/22,2025/9/23,2025/9/24,2025/9/28,2025/9/30",001,"特定对象调研,现场参观","董事会秘书 郑雷,证券事务代表 王凡",,603236.SH,603236,移远通信,007,116
2025-09-30 18:38:44,2025-09-30 00:00:00,2025-09-30 18:38:44,覃晓曦,1,1,0,移远通信,2025-09-30 00:00:00,18,18,10999212,10467399,上海移远通信技术股份有限公司,其它,007004,2025-09-30 00:00:00,富达基金,001,上海、常州,2025-09-02 00:00:00,"2025/9/2,2025/9/3,2025/9/8,2025/9/15,2025/9/19,2025/9/22,2025/9/23,2025/9/24,2025/9/28,2025/9/30",001,"特定对象调研,现场参观","董事会秘书 郑雷,证券事务代表 王凡",,603236.SH,603236,移远通信,007,116
2025-09-30 18:38:44,2025-09-30 00:00:00,2025-09-30 18:38:44,李健,1,1,0,移远通信,2025-09-30 00:00:00,20,20,,10467399,上海移远通信技术股份有限公司,,,2025-09-30 00:00:00,贡戛基金,001,上海、常州,2025-09-02 00:00:00,"2025/9/2,2025/9/3,2025/9/8,2025/9/15,2025/9/19,2025/9/22,2025/9/23,2025/9/24,2025/9/28,2025/9/30",001,"特定对象调研,现场参观","董事会秘书 郑雷,证券事务代表 王凡",,603236.SH,603236,移远通信,007,116
2025-09-30 18:38:44,2025-09-30 00:00:00,2025-09-30 18:38:44,彭昊,1,1,0,移远通信,2025-09-30 00:00:00,22,22,10009457,10467399,上海移远通信技术股份有限公司,其它,007004,2025-09-30 00:00:00,广州开发区控股集团,001,上海、常州,2025-09-02 00:00:00,"2025/9/2,2025/9/3,2025/9/8,2025/9/15,2025/9/19,2025/9/22,2025/9/23,2025/9/24,2025/9/28,2025/9/30",001,"特定对象调研,现场参观","董事会秘书 郑雷,证券事务代表 王凡",,603236.SH,603236,移远通信,007,116
2025-09-30 18:38:44,2025-09-30 00:00:00,2025-09-30 18:38:44,"张津源,何馥伶,杨景发,王子莹,蒋宗晟,徐静睿",1,1,0,移远通信,2025-09-30 00:00:00,21,21,10662842,10467399,上海移远通信技术股份有限公司,投资公司,007001,2025-09-30 00:00:00,广东恒阔投资,001,上海、常州,2025-09-02 00:00:00,"2025/9/2,2025/9/3,2025/9/8,2025/9/15,2025/9/19,2025/9/22,2025/9/23,2025/9/24,2025/9/28,2025/9/30",001,"特定对象调研,现场参观","董事会秘书 郑雷,证券事务代表 王凡",,603236.SH,603236,移远通信,007,116
2025-09-30 18:38:44,2025-09-30 00:00:00,2025-09-30 18:38:44,冯佳怡,1,1,0,移远通信,2025-09-30 00:00:00,14,14,10169933,10467399,上海移远通信技术股份有限公司,寿险公司,003002,2025-09-30 00:00:00,东吴人寿保险,001,上海、常州,2025-09-02 00:00:00,"2025/9/2,2025/9/3,2025/9/8,2025/9/15,2025/9/19,2025/9/22,2025/9/23,2025/9/24,2025/9/28,2025/9/30",001,"特定对象调研,现场参观","董事会秘书 郑雷,证券事务代表 王凡",,603236.SH,603236,移远通信,007,116
2025-09-30 18:38:44,2025-09-30 00:00:00,2025-09-30 18:38:44,汤立其,1,1,0,移远通信,2025-09-30 00:00:00,13,13,10051997,10467399,上海移远通信技术股份有限公司,基金管理公司,004001,2025-09-30 00:00:00,东吴基金,001,上海、常州,2025-09-02 00:00:00,"2025/9/2,2025/9/3,2025/9/8,2025/9/15,2025/9/19,2025/9/22,2025/9/23,2025/9/24,2025/9/28,2025/9/30",001,"特定对象调研,现场参观","董事会秘书 郑雷,证券事务代表 王凡",,603236.SH,603236,移远通信,007,116
2025-09-30 18:38:44,2025-09-30 00:00:00,2025-09-30 18:38:44,秦绪文,1,1,0,移远通信,2025-09-30 00:00:00,15,15,10130718,10467399,上海移远通信技术股份有限公司,资产管理公司,002007,2025-09-30 00:00:00,东证资管,001,上海、常州,2025-09-02 00:00:00,"2025/9/2,2025/9/3,2025/9/8,2025/9/15,2025/9/19,2025/9/22,2025/9/23,2025/9/24,2025/9/28,2025/9/30",001,"特定对象调研,现场参观","董事会秘书 郑雷,证券事务代表 王凡",,603236.SH,603236,移远通信,007,116
2025-09-30 18:38:44,2025-09-30 00:00:00,2025-09-30 18:38:44,"何宇超,蔡雨洋",1,1,0,移远通信,2025-09-30 00:00:00,17,17,10007578,10467399,上海移远通信技术股份有限公司,其它,007004,2025-09-30 00:00:00,复星高科,001,上海、常州,2025-09-02 00:00:00,"2025/9/2,2025/9/3,2025/9/8,2025/9/15,2025/9/19,2025/9/22,2025/9/23,2025/9/24,2025/9/28,2025/9/30",001,"特定对象调研,现场参观","董事会秘书 郑雷,证券事务代表 王凡",,603236.SH,603236,移远通信,007,116
2025-09-30 18:38:44,2025-09-30 00:00:00,2025-09-30 18:38:44,"徐嶒,张浩森",1,1,0,移远通信,2025-09-30 00:00:00,16,16,10593578,10467399,上海移远通信技术股份有限公司,基金管理公司,004001,2025-09-30 00:00:00,蜂巢基金,001,上海、常州,2025-09-02 00:00:00,"2025/9/2,2025/9/3,2025/9/8,2025/9/15,2025/9/19,2025/9/22,2025/9/23,2025/9/24,2025/9/28,2025/9/30",001,"特定对象调研,现场参观","董事会秘书 郑雷,证券事务代表 王凡",,603236.SH,603236,移远通信,007,116
2025-09-30 18:38:44,2025-09-30 00:00:00,2025-09-30 18:38:44,郭赛,1,1,0,移远通信,2025-09-30 00:00:00,44,44,10014067,10467399,上海移远通信技术股份有限公司,投资公司,007001,2025-09-30 00:00:00,江苏高投,001,上海、常州,2025-09-02 00:00:00,"2025/9/2,2025/9/3,2025/9/8,2025/9/15,2025/9/19,2025/9/22,2025/9/23,2025/9/24,2025/9/28,2025/9/30",001,"特定对象调研,现场参观","董事会秘书 郑雷,证券事务代表 王凡",,603236.SH,603236,移远通信,007,116
2025-09-30 18:38:44,2025-09-30 00:00:00,2025-09-30 18:38:44,蒲建川,1,1,0,移远通信,2025-09-30 00:00:00,72,72,10953363,10467399,上海移远通信技术股份有限公司,资产管理公司,002007,2025-09-30 00:00:00,上海国盛资本,001,上海、常州,2025-09-02 00:00:00,"2025/9/2,2025/9/3,2025/9/8,2025/9/15,2025/9/19,2025/9/22,2025/9/23,2025/9/24,2025/9/28,2025/9/30",001,"特定对象调研,现场参观","董事会秘书 郑雷,证券事务代表 王凡",,603236.SH,603236,移远通信,007,116
2025-09-30 18:38:44,2025-09-30 00:00:00,2025-09-30 18:38:44,李泰,1,1,0,移远通信,2025-09-30 00:00:00,71,71,10531861,10467399,上海移远通信技术股份有限公司,资产管理公司,002007,2025-09-30 00:00:00,上海乘是资产,001,上海、常州,2025-09-02 00:00:00,"2025/9/2,2025/9/3,2025/9/8,2025/9/15,2025/9/19,2025/9/22,2025/9/23,2025/9/24,2025/9/28,2025/9/30",001,"特定对象调研,现场参观","董事会秘书 郑雷,证券事务代表 王凡",,603236.SH,603236,移远通信,007,116
2025-09-30 18:38:44,2025-09-30 00:00:00,2025-09-30 18:38:44,张浏,1,1,0,移远通信,2025-09-30 00:00:00,73,73,10441116,10467399,上海移远通信技术股份有限公司,资产管理公司,002007,2025-09-30 00:00:00,上海宽远资管,001,上海、常州,2025-09-02 00:00:00,"2025/9/2,2025/9/3,2025/9/8,2025/9/15,2025/9/19,2025/9/22,2025/9/23,2025/9/24,2025/9/28,2025/9/30",001,"特定对象调研,现场参观","董事会秘书 郑雷,证券事务代表 王凡",,603236.SH,603236,移远通信,007,116
2025-09-30 18:38:44,2025-09-30 00:00:00,2025-09-30 18:38:44,修强,1,1,0,移远通信,2025-09-30 00:00:00,75,75,,10467399,上海移远通信技术股份有限公司,,,2025-09-30 00:00:00,上海杉玺,001,上海、常州,2025-09-02 00:00:00,"2025/9/2,2025/9/3,2025/9/8,2025/9/15,2025/9/19,2025/9/22,2025/9/23,2025/9/24,2025/9/28,2025/9/30",001,"特定对象调研,现场参观","董事会秘书 郑雷,证券事务代表 王凡",,603236.SH,603236,移远通信,007,116
2025-09-30 18:38:44,2025-09-30 00:00:00,2025-09-30 18:38:44,钱宇铮,1,1,0,移远通信,2025-09-30 00:00:00,74,74,10164878,10467399,上海移远通信技术股份有限公司,投资公司,007001,2025-09-30 00:00:00,上海朴道投资,001,上海、常州,2025-09-02 00:00:00,"2025/9/2,2025/9/3,2025/9/8,2025/9/15,2025/9/19,2025/9/22,2025/9/23,2025/9/24,2025/9/28,2025/9/30",001,"特定对象调研,现场参观","董事会秘书 郑雷,证券事务代表 王凡",,603236.SH,603236,移远通信,007,116
2025-09-30 18:38:44,2025-09-30 00:00:00,2025-09-30 18:38:44,易振兴,1,1,0,移远通信,2025-09-30 00:00:00,67,67,10443062,10467399,上海移远通信技术股份有限公司,资产管理公司,002007,2025-09-30 00:00:00,山证资管,001,上海、常州,2025-09-02 00:00:00,"2025/9/2,2025/9/3,2025/9/8,2025/9/15,2025/9/19,2025/9/22,2025/9/23,2025/9/24,2025/9/28,2025/9/30",001,"特定对象调研,现场参观","董事会秘书 郑雷,证券事务代表 王凡",,603236.SH,603236,移远通信,007,116
2025-09-30 18:38:44,2025-09-30 00:00:00,2025-09-30 18:38:44,洪嘉蓉,1,1,0,移远通信,2025-09-30 00:00:00,66,66,10000067624,10467399,上海移远通信技术股份有限公司,基金管理公司,004001,2025-09-30 00:00:00,瑞达基金,001,上海、常州,2025-09-02 00:00:00,"2025/9/2,2025/9/3,2025/9/8,2025/9/15,2025/9/19,2025/9/22,2025/9/23,2025/9/24,2025/9/28,2025/9/30",001,"特定对象调研,现场参观","董事会秘书 郑雷,证券事务代表 王凡",,603236.SH,603236,移远通信,007,116
2025-09-30 18:38:44,2025-09-30 00:00:00,2025-09-30 18:38:44,姚旭东,1,1,0,移远通信,2025-09-30 00:00:00,68,68,10578100,10467399,上海移远通信技术股份有限公司,投资公司,007001,2025-09-30 00:00:00,陕西投资基金,001,上海、常州,2025-09-02 00:00:00,"2025/9/2,2025/9/3,2025/9/8,2025/9/15,2025/9/19,2025/9/22,2025/9/23,2025/9/24,2025/9/28,2025/9/30",001,"特定对象调研,现场参观","董事会秘书 郑雷,证券事务代表 王凡",,603236.SH,603236,移远通信,007,116
2025-09-30 18:38:44,2025-09-30 00:00:00,2025-09-30 18:38:44,李俊彦,1,1,0,移远通信,2025-09-30 00:00:00,70,70,10390083,10467399,上海移远通信技术股份有限公司,投资公司,007001,2025-09-30 00:00:00,上海宝源胜知投资,001,上海、常州,2025-09-02 00:00:00,"2025/9/2,2025/9/3,2025/9/8,2025/9/15,2025/9/19,2025/9/22,2025/9/23,2025/9/24,2025/9/28,2025/9/30",001,"特定对象调研,现场参观","董事会秘书 郑雷,证券事务代表 王凡",,603236.SH,603236,移远通信,007,116
2025-09-30 18:38:44,2025-09-30 00:00:00,2025-09-30 18:38:44,周志康,1,1,0,移远通信,2025-09-30 00:00:00,69,69,,10467399,上海移远通信技术股份有限公司,,,2025-09-30 00:00:00,上海岙夏投资,001,上海、常州,2025-09-02 00:00:00,"2025/9/2,2025/9/3,2025/9/8,2025/9/15,2025/9/19,2025/9/22,2025/9/23,2025/9/24,2025/9/28,2025/9/30",001,"特定对象调研,现场参观","董事会秘书 郑雷,证券事务代表 王凡",,603236.SH,603236,移远通信,007,116
2025-09-30 18:38:44,2025-09-30 00:00:00,2025-09-30 18:38:44,王浩,1,1,0,移远通信,2025-09-30 00:00:00,82,82,10435499,10467399,上海移远通信技术股份有限公司,投资公司,007001,2025-09-30 00:00:00,上海甄投资管,001,上海、常州,2025-09-02 00:00:00,"2025/9/2,2025/9/3,2025/9/8,2025/9/15,2025/9/19,2025/9/22,2025/9/23,2025/9/24,2025/9/28,2025/9/30",001,"特定对象调研,现场参观","董事会秘书 郑雷,证券事务代表 王凡",,603236.SH,603236,移远通信,007,116
2025-09-30 18:38:44,2025-09-30 00:00:00,2025-09-30 18:38:44,吴嘉桐,1,1,0,移远通信,2025-09-30 00:00:00,81,81,10185886,10467399,上海移远通信技术股份有限公司,资产管理公司,002007,2025-09-30 00:00:00,上海原点资管,001,上海、常州,2025-09-02 00:00:00,"2025/9/2,2025/9/3,2025/9/8,2025/9/15,2025/9/19,2025/9/22,2025/9/23,2025/9/24,2025/9/28,2025/9/30",001,"特定对象调研,现场参观","董事会秘书 郑雷,证券事务代表 王凡",,603236.SH,603236,移远通信,007,116
2025-09-30 18:38:44,2025-09-30 00:00:00,2025-09-30 18:38:44,林璟,1,1,0,移远通信,2025-09-30 00:00:00,83,83,10004892,10467399,上海移远通信技术股份有限公司,证券公司,005001,2025-09-30 00:00:00,上海证券,001,上海、常州,2025-09-02 00:00:00,"2025/9/2,2025/9/3,2025/9/8,2025/9/15,2025/9/19,2025/9/22,2025/9/23,2025/9/24,2025/9/28,2025/9/30",001,"特定对象调研,现场参观","董事会秘书 郑雷,证券事务代表 王凡",,603236.SH,603236,移远通信,007,116
2025-09-30 18:38:44,2025-09-30 00:00:00,2025-09-30 18:38:44,"范鹏飞,祁映杰,刘紫荃,周嘉凯,刘弓长",1,1,0,移远通信,2025-09-30 00:00:00,85,85,10434566,10467399,上海移远通信技术股份有限公司,证券公司,005001,2025-09-30 00:00:00,申万宏源证券,001,上海、常州,2025-09-02 00:00:00,"2025/9/2,2025/9/3,2025/9/8,2025/9/15,2025/9/19,2025/9/22,2025/9/23,2025/9/24,2025/9/28,2025/9/30",001,"特定对象调研,现场参观","董事会秘书 郑雷,证券事务代表 王凡",,603236.SH,603236,移远通信,007,116
2025-09-30 18:38:44,2025-09-30 00:00:00,2025-09-30 18:38:44,黄杨,1,1,0,移远通信,2025-09-30 00:00:00,84,84,10936548,10467399,上海移远通信技术股份有限公司,资产管理公司,002007,2025-09-30 00:00:00,上汽颀臻,001,上海、常州,2025-09-02 00:00:00,"2025/9/2,2025/9/3,2025/9/8,2025/9/15,2025/9/19,2025/9/22,2025/9/23,2025/9/24,2025/9/28,2025/9/30",001,"特定对象调研,现场参观","董事会秘书 郑雷,证券事务代表 王凡",,603236.SH,603236,移远通信,007,116
2025-09-30 18:38:44,2025-09-30 00:00:00,2025-09-30 18:38:44,李翔宇,1,1,0,移远通信,2025-09-30 00:00:00,77,77,10395522,10467399,上海移远通信技术股份有限公司,资产管理公司,002007,2025-09-30 00:00:00,上海沃珑港资管,001,上海、常州,2025-09-02 00:00:00,"2025/9/2,2025/9/3,2025/9/8,2025/9/15,2025/9/19,2025/9/22,2025/9/23,2025/9/24,2025/9/28,2025/9/30",001,"特定对象调研,现场参观","董事会秘书 郑雷,证券事务代表 王凡",,603236.SH,603236,移远通信,007,116
2025-09-30 18:38:44,2025-09-30 00:00:00,2025-09-30 18:38:44,李智琪,1,1,0,移远通信,2025-09-30 00:00:00,76,76,10413344,10467399,上海移远通信技术股份有限公司,投资公司,007001,2025-09-30 00:00:00,上海同犇投资,001,上海、常州,2025-09-02 00:00:00,"2025/9/2,2025/9/3,2025/9/8,2025/9/15,2025/9/19,2025/9/22,2025/9/23,2025/9/24,2025/9/28,2025/9/30",001,"特定对象调研,现场参观","董事会秘书 郑雷,证券事务代表 王凡",,603236.SH,603236,移远通信,007,116
2025-09-30 18:38:44,2025-09-30 00:00:00,2025-09-30 18:38:44,王典,1,1,0,移远通信,2025-09-30 00:00:00,78,78,10471149,10467399,上海移远通信技术股份有限公司,资产管理公司,002007,2025-09-30 00:00:00,上海相生资管,001,上海、常州,2025-09-02 00:00:00,"2025/9/2,2025/9/3,2025/9/8,2025/9/15,2025/9/19,2025/9/22,2025/9/23,2025/9/24,2025/9/28,2025/9/30",001,"特定对象调研,现场参观","董事会秘书 郑雷,证券事务代表 王凡",,603236.SH,603236,移远通信,007,116
2025-09-30 18:38:44,2025-09-30 00:00:00,2025-09-30 18:38:44,刘布雷,1,1,0,移远通信,2025-09-30 00:00:00,80,80,10000589180,10467399,上海移远通信技术股份有限公司,资产管理公司,002007,2025-09-30 00:00:00,上海昱奕资管,001,上海、常州,2025-09-02 00:00:00,"2025/9/2,2025/9/3,2025/9/8,2025/9/15,2025/9/19,2025/9/22,2025/9/23,2025/9/24,2025/9/28,2025/9/30",001,"特定对象调研,现场参观","董事会秘书 郑雷,证券事务代表 王凡",,603236.SH,603236,移远通信,007,116
2025-09-30 18:38:44,2025-09-30 00:00:00,2025-09-30 18:38:44,李艳,1,1,0,移远通信,2025-09-30 00:00:00,79,79,10509820,10467399,上海移远通信技术股份有限公司,资产管理公司,002007,2025-09-30 00:00:00,上海益昶资管,001,上海、常州,2025-09-02 00:00:00,"2025/9/2,2025/9/3,2025/9/8,2025/9/15,2025/9/19,2025/9/22,2025/9/23,2025/9/24,2025/9/28,2025/9/30",001,"特定对象调研,现场参观","董事会秘书 郑雷,证券事务代表 王凡",,603236.SH,603236,移远通信,007,116
2025-09-30 18:38:44,2025-09-30 00:00:00,2025-09-30 18:38:44,郭航,1,1,0,移远通信,2025-09-30 00:00:00,65,65,,10467399,上海移远通信技术股份有限公司,,,2025-09-30 00:00:00,仁桥资管,001,上海、常州,2025-09-02 00:00:00,"2025/9/2,2025/9/3,2025/9/8,2025/9/15,2025/9/19,2025/9/22,2025/9/23,2025/9/24,2025/9/28,2025/9/30",001,"特定对象调研,现场参观","董事会秘书 郑雷,证券事务代表 王凡",,603236.SH,603236,移远通信,007,116
2025-09-30 18:38:44,2025-09-30 00:00:00,2025-09-30 18:38:44,姚远,1,1,0,移远通信,2025-09-30 00:00:00,52,52,10583567,10467399,上海移远通信技术股份有限公司,资产管理公司,002007,2025-09-30 00:00:00,明溪资产,001,上海、常州,2025-09-02 00:00:00,"2025/9/2,2025/9/3,2025/9/8,2025/9/15,2025/9/19,2025/9/22,2025/9/23,2025/9/24,2025/9/28,2025/9/30",001,"特定对象调研,现场参观","董事会秘书 郑雷,证券事务代表 王凡",,603236.SH,603236,移远通信,007,116
2025-09-30 18:38:44,2025-09-30 00:00:00,2025-09-30 18:38:44,张子豪,1,1,0,移远通信,2025-09-30 00:00:00,51,51,10945307,10467399,上海移远通信技术股份有限公司,投资公司,007001,2025-09-30 00:00:00,路博迈基金,001,上海、常州,2025-09-02 00:00:00,"2025/9/2,2025/9/3,2025/9/8,2025/9/15,2025/9/19,2025/9/22,2025/9/23,2025/9/24,2025/9/28,2025/9/30",001,"特定对象调研,现场参观","董事会秘书 郑雷,证券事务代表 王凡",,603236.SH,603236,移远通信,007,116
2025-09-30 18:38:44,2025-09-30 00:00:00,2025-09-30 18:38:44,"杨淦伊,潘筱琦",1,1,0,移远通信,2025-09-30 00:00:00,53,53,,10467399,上海移远通信技术股份有限公司,,,2025-09-30 00:00:00,南昌产投基金,001,上海、常州,2025-09-02 00:00:00,"2025/9/2,2025/9/3,2025/9/8,2025/9/15,2025/9/19,2025/9/22,2025/9/23,2025/9/24,2025/9/28,2025/9/30",001,"特定对象调研,现场参观","董事会秘书 郑雷,证券事务代表 王凡",,603236.SH,603236,移远通信,007,116
2025-09-30 18:38:44,2025-09-30 00:00:00,2025-09-30 18:38:44,钱炜,1,1,0,移远通信,2025-09-30 00:00:00,55,55,,10467399,上海移远通信技术股份有限公司,,,2025-09-30 00:00:00,南通产投,001,上海、常州,2025-09-02 00:00:00,"2025/9/2,2025/9/3,2025/9/8,2025/9/15,2025/9/19,2025/9/22,2025/9/23,2025/9/24,2025/9/28,2025/9/30",001,"特定对象调研,现场参观","董事会秘书 郑雷,证券事务代表 王凡",,603236.SH,603236,移远通信,007,116
2025-09-30 18:38:44,2025-09-30 00:00:00,2025-09-30 18:38:44,周元欣,1,1,0,移远通信,2025-09-30 00:00:00,54,54,10588641,10467399,上海移远通信技术股份有限公司,基金管理公司,004001,2025-09-30 00:00:00,南华基金,001,上海、常州,2025-09-02 00:00:00,"2025/9/2,2025/9/3,2025/9/8,2025/9/15,2025/9/19,2025/9/22,2025/9/23,2025/9/24,2025/9/28,2025/9/30",001,"特定对象调研,现场参观","董事会秘书 郑雷,证券事务代表 王凡",,603236.SH,603236,移远通信,007,116
2025-09-30 18:38:44,2025-09-30 00:00:00,2025-09-30 18:38:44,曹思杨,1,1,0,移远通信,2025-09-30 00:00:00,50,50,,10467399,上海移远通信技术股份有限公司,,,2025-09-30 00:00:00,林拙投资,001,上海、常州,2025-09-02 00:00:00,"2025/9/2,2025/9/3,2025/9/8,2025/9/15,2025/9/19,2025/9/22,2025/9/23,2025/9/24,2025/9/28,2025/9/30",001,"特定对象调研,现场参观","董事会秘书 郑雷,证券事务代表 王凡",,603236.SH,603236,移远通信,007,116
2025-09-30 18:38:44,2025-09-30 00:00:00,2025-09-30 18:38:44,张兴泰,1,1,0,移远通信,2025-09-30 00:00:00,46,46,,10467399,上海移远通信技术股份有限公司,,,2025-09-30 00:00:00,君和资本,001,上海、常州,2025-09-02 00:00:00,"2025/9/2,2025/9/3,2025/9/8,2025/9/15,2025/9/19,2025/9/22,2025/9/23,2025/9/24,2025/9/28,2025/9/30",001,"特定对象调研,现场参观","董事会秘书 郑雷,证券事务代表 王凡",,603236.SH,603236,移远通信,007,116
2025-09-30 18:38:44,2025-09-30 00:00:00,2025-09-30 18:38:44,"曾文博,邢博源,徐华先,郭心悦",1,1,0,移远通信,2025-09-30 00:00:00,45,45,10538570,10467399,上海移远通信技术股份有限公司,其它,007004,2025-09-30 00:00:00,江西金控,001,上海、常州,2025-09-02 00:00:00,"2025/9/2,2025/9/3,2025/9/8,2025/9/15,2025/9/19,2025/9/22,2025/9/23,2025/9/24,2025/9/28,2025/9/30",001,"特定对象调研,现场参观","董事会秘书 郑雷,证券事务代表 王凡",,603236.SH,603236,移远通信,007,116
2025-09-30 18:38:44,2025-09-30 00:00:00,2025-09-30 18:38:44,"戴凯亮,景志明",1,1,0,移远通信,2025-09-30 00:00:00,47,47,,10467399,上海移远通信技术股份有限公司,,,2025-09-30 00:00:00,凯得投资,001,上海、常州,2025-09-02 00:00:00,"2025/9/2,2025/9/3,2025/9/8,2025/9/15,2025/9/19,2025/9/22,2025/9/23,2025/9/24,2025/9/28,2025/9/30",001,"特定对象调研,现场参观","董事会秘书 郑雷,证券事务代表 王凡",,603236.SH,603236,移远通信,007,116
2025-09-30 18:38:44,2025-09-30 00:00:00,2025-09-30 18:38:44,孟舒豪,1,1,0,移远通信,2025-09-30 00:00:00,49,49,10000228545,10467399,上海移远通信技术股份有限公司,基金管理公司,004001,2025-09-30 00:00:00,利幄基金,001,上海、常州,2025-09-02 00:00:00,"2025/9/2,2025/9/3,2025/9/8,2025/9/15,2025/9/19,2025/9/22,2025/9/23,2025/9/24,2025/9/28,2025/9/30",001,"特定对象调研,现场参观","董事会秘书 郑雷,证券事务代表 王凡",,603236.SH,603236,移远通信,007,116
2025-09-30 18:38:44,2025-09-30 00:00:00,2025-09-30 18:38:44,林之,1,1,0,移远通信,2025-09-30 00:00:00,48,48,10593576,10467399,上海移远通信技术股份有限公司,基金管理公司,004001,2025-09-30 00:00:00,凯石基金,001,上海、常州,2025-09-02 00:00:00,"2025/9/2,2025/9/3,2025/9/8,2025/9/15,2025/9/19,2025/9/22,2025/9/23,2025/9/24,2025/9/28,2025/9/30",001,"特定对象调研,现场参观","董事会秘书 郑雷,证券事务代表 王凡",,603236.SH,603236,移远通信,007,116
2025-09-30 18:38:44,2025-09-30 00:00:00,2025-09-30 18:38:44,"潘凡烨,廖志文",1,1,0,移远通信,2025-09-30 00:00:00,62,62,10168446,10467399,上海移远通信技术股份有限公司,创业投资公司,007002,2025-09-30 00:00:00,轻盐创投,001,上海、常州,2025-09-02 00:00:00,"2025/9/2,2025/9/3,2025/9/8,2025/9/15,2025/9/19,2025/9/22,2025/9/23,2025/9/24,2025/9/28,2025/9/30",001,"特定对象调研,现场参观","董事会秘书 郑雷,证券事务代表 王凡",,603236.SH,603236,移远通信,007,116
2025-09-30 18:38:44,2025-09-30 00:00:00,2025-09-30 18:38:44,"李越,王眉盈",1,1,0,移远通信,2025-09-30 00:00:00,61,61,10479348,10467399,上海移远通信技术股份有限公司,其它,007004,2025-09-30 00:00:00,青岛城投金控,001,上海、常州,2025-09-02 00:00:00,"2025/9/2,2025/9/3,2025/9/8,2025/9/15,2025/9/19,2025/9/22,2025/9/23,2025/9/24,2025/9/28,2025/9/30",001,"特定对象调研,现场参观","董事会秘书 郑雷,证券事务代表 王凡",,603236.SH,603236,移远通信,007,116
2025-09-30 18:38:44,2025-09-30 00:00:00,2025-09-30 18:38:44,张希坤,1,1,0,移远通信,2025-09-30 00:00:00,64,64,10000296213,10467399,上海移远通信技术股份有限公司,基金管理公司,004001,2025-09-30 00:00:00,泉果基金,001,上海、常州,2025-09-02 00:00:00,"2025/9/2,2025/9/3,2025/9/8,2025/9/15,2025/9/19,2025/9/22,2025/9/23,2025/9/24,2025/9/28,2025/9/30",001,"特定对象调研,现场参观","董事会秘书 郑雷,证券事务代表 王凡",,603236.SH,603236,移远通信,007,116
2025-09-30 18:38:44,2025-09-30 00:00:00,2025-09-30 18:38:44,王轶威,1,1,0,移远通信,2025-09-30 00:00:00,63,63,,10467399,上海移远通信技术股份有限公司,,,2025-09-30 00:00:00,庆涌基金,001,上海、常州,2025-09-02 00:00:00,"2025/9/2,2025/9/3,2025/9/8,2025/9/15,2025/9/19,2025/9/22,2025/9/23,2025/9/24,2025/9/28,2025/9/30",001,"特定对象调研,现场参观","董事会秘书 郑雷,证券事务代表 王凡",,603236.SH,603236,移远通信,007,116
2025-09-30 18:38:44,2025-09-30 00:00:00,2025-09-30 18:38:44,郑博宏,1,1,0,移远通信,2025-09-30 00:00:00,60,60,,10467399,上海移远通信技术股份有限公司,,,2025-09-30 00:00:00,勤辰资产,001,上海、常州,2025-09-02 00:00:00,"2025/9/2,2025/9/3,2025/9/8,2025/9/15,2025/9/19,2025/9/22,2025/9/23,2025/9/24,2025/9/28,2025/9/30",001,"特定对象调研,现场参观","董事会秘书 郑雷,证券事务代表 王凡",,603236.SH,603236,移远通信,007,116
2025-09-30 18:38:44,2025-09-30 00:00:00,2025-09-30 18:38:44,董一平,1,1,0,移远通信,2025-09-30 00:00:00,57,57,10497996,10467399,上海移远通信技术股份有限公司,资产管理公司,002007,2025-09-30 00:00:00,宁波宝隽资管,001,上海、常州,2025-09-02 00:00:00,"2025/9/2,2025/9/3,2025/9/8,2025/9/15,2025/9/19,2025/9/22,2025/9/23,2025/9/24,2025/9/28,2025/9/30",001,"特定对象调研,现场参观","董事会秘书 郑雷,证券事务代表 王凡",,603236.SH,603236,移远通信,007,116
2025-09-30 18:38:44,2025-09-30 00:00:00,2025-09-30 18:38:44,王一达,1,1,0,移远通信,2025-09-30 00:00:00,56,56,,10467399,上海移远通信技术股份有限公司,,,2025-09-30 00:00:00,宁波宝隽基金,001,上海、常州,2025-09-02 00:00:00,"2025/9/2,2025/9/3,2025/9/8,2025/9/15,2025/9/19,2025/9/22,2025/9/23,2025/9/24,2025/9/28,2025/9/30",001,"特定对象调研,现场参观","董事会秘书 郑雷,证券事务代表 王凡",,603236.SH,603236,移远通信,007,116
2025-09-30 18:38:44,2025-09-30 00:00:00,2025-09-30 18:38:44,"涂妍妍,柯聪伟",1,1,0,移远通信,2025-09-30 00:00:00,59,59,10087741,10467399,上海移远通信技术股份有限公司,基金管理公司,004001,2025-09-30 00:00:00,浦银安盛基金,001,上海、常州,2025-09-02 00:00:00,"2025/9/2,2025/9/3,2025/9/8,2025/9/15,2025/9/19,2025/9/22,2025/9/23,2025/9/24,2025/9/28,2025/9/30",001,"特定对象调研,现场参观","董事会秘书 郑雷,证券事务代表 王凡",,603236.SH,603236,移远通信,007,116
2025-09-30 18:38:44,2025-09-30 00:00:00,2025-09-30 18:38:44,谭雄天,1,1,0,移远通信,2025-09-30 00:00:00,58,58,,10467399,上海移远通信技术股份有限公司,,,2025-09-30 00:00:00,朴拙资本,001,上海、常州,2025-09-02 00:00:00,"2025/9/2,2025/9/3,2025/9/8,2025/9/15,2025/9/19,2025/9/22,2025/9/23,2025/9/24,2025/9/28,2025/9/30",001,"特定对象调研,现场参观","董事会秘书 郑雷,证券事务代表 王凡",,603236.SH,603236,移远通信,007,116
2025-08-29 18:13:06,2025-08-29 00:00:00,2025-08-29 18:13:06,陈志,1,1,0,移远通信,2025-08-29 00:00:00,10,10,10634820,10467399,上海移远通信技术股份有限公司,创业投资公司,007002,2025-08-27 00:00:00,鲁信创投,001,上海,2025-08-06 00:00:00,"2025/8/6,2025/8/25,2025/8/27",001,特定对象调研,"董事会秘书 郑雷,证券事务代表 王凡",,603236.SH,603236,移远通信,007,28
2025-08-29 18:13:06,2025-08-29 00:00:00,2025-08-29 18:13:06,聂晨,1,1,0,移远通信,2025-08-29 00:00:00,9,9,10184198,10467399,上海移远通信技术股份有限公司,投资公司,007001,2025-08-27 00:00:00,国海创投,001,上海,2025-08-06 00:00:00,"2025/8/6,2025/8/25,2025/8/27",001,特定对象调研,"董事会秘书 郑雷,证券事务代表 王凡",,603236.SH,603236,移远通信,007,28
2025-08-29 18:13:06,2025-08-29 00:00:00,2025-08-29 18:13:06,王国语,1,1,0,移远通信,2025-08-29 00:00:00,8,8,,10467399,上海移远通信技术股份有限公司,,,2025-08-27 00:00:00,宝弘景,001,上海,2025-08-06 00:00:00,"2025/8/6,2025/8/25,2025/8/27",001,特定对象调研,"董事会秘书 郑雷,证券事务代表 王凡",,603236.SH,603236,移远通信,007,28
2025-08-29 18:13:06,2025-08-29 00:00:00,2025-08-29 18:13:06,"徐华先,郭心悦",1,1,0,移远通信,2025-08-29 00:00:00,11,11,10538570,10467399,上海移远通信技术股份有限公司,其它,007004,2025-08-27 00:00:00,江西金控,001,上海,2025-08-06 00:00:00,"2025/8/6,2025/8/25,2025/8/27",001,特定对象调研,"董事会秘书 郑雷,证券事务代表 王凡",,603236.SH,603236,移远通信,007,28
2025-08-29 18:13:06,2025-08-29 00:00:00,2025-08-29 18:13:06,俞天甲,1,1,0,移远通信,2025-08-29 00:00:00,16,16,,10467399,上海移远通信技术股份有限公司,,,2025-08-27 00:00:00,华宝自营,001,上海,2025-08-06 00:00:00,"2025/8/6,2025/8/25,2025/8/27",001,特定对象调研,"董事会秘书 郑雷,证券事务代表 王凡",,603236.SH,603236,移远通信,007,28
2025-08-29 18:13:06,2025-08-29 00:00:00,2025-08-29 18:13:06,曹思杨,1,1,0,移远通信,2025-08-29 00:00:00,15,15,,10467399,上海移远通信技术股份有限公司,,,2025-08-27 00:00:00,林拙投资,001,上海,2025-08-06 00:00:00,"2025/8/6,2025/8/25,2025/8/27",001,特定对象调研,"董事会秘书 郑雷,证券事务代表 王凡",,603236.SH,603236,移远通信,007,28
2025-08-29 18:13:06,2025-08-29 00:00:00,2025-08-29 18:13:06,倪文超,1,1,0,移远通信,2025-08-29 00:00:00,14,14,10534710,10467399,上海移远通信技术股份有限公司,投资公司,007001,2025-08-27 00:00:00,苏州安亚投资,001,上海,2025-08-06 00:00:00,"2025/8/6,2025/8/25,2025/8/27",001,特定对象调研,"董事会秘书 郑雷,证券事务代表 王凡",,603236.SH,603236,移远通信,007,28
2025-08-29 18:13:06,2025-08-29 00:00:00,2025-08-29 18:13:06,"马成龙,王启帆",1,1,0,移远通信,2025-08-29 00:00:00,3,3,10004868,10467399,上海移远通信技术股份有限公司,证券公司,005001,2025-08-27 00:00:00,东财证券,001,上海,2025-08-06 00:00:00,"2025/8/6,2025/8/25,2025/8/27",001,特定对象调研,"董事会秘书 郑雷,证券事务代表 王凡",,603236.SH,603236,移远通信,007,28
2025-08-29 18:13:06,2025-08-29 00:00:00,2025-08-29 18:13:06,"王亮亮,刘亮",1,1,0,移远通信,2025-08-29 00:00:00,1,1,,10467399,上海移远通信技术股份有限公司,,,2025-08-27 00:00:00,信保基金,001,上海,2025-08-06 00:00:00,"2025/8/6,2025/8/25,2025/8/27",001,特定对象调研,"董事会秘书 郑雷,证券事务代表 王凡",,603236.SH,603236,移远通信,007,28
2025-08-29 18:13:06,2025-08-29 00:00:00,2025-08-29 18:13:06,"孙玮,徐伟,蒋彤",1,1,0,移远通信,2025-08-29 00:00:00,2,2,,10467399,上海移远通信技术股份有限公司,,,2025-08-27 00:00:00,景林资产,001,上海,2025-08-06 00:00:00,"2025/8/6,2025/8/25,2025/8/27",001,特定对象调研,"董事会秘书 郑雷,证券事务代表 王凡",,603236.SH,603236,移远通信,007,28
2025-08-29 18:13:06,2025-08-29 00:00:00,2025-08-29 18:13:06,刘晓威,1,1,0,移远通信,2025-08-29 00:00:00,4,4,10480119,10467399,上海移远通信技术股份有限公司,资产管理公司,002007,2025-08-27 00:00:00,中铖润智,001,上海,2025-08-06 00:00:00,"2025/8/6,2025/8/25,2025/8/27",001,特定对象调研,"董事会秘书 郑雷,证券事务代表 王凡",,603236.SH,603236,移远通信,007,28
2025-08-29 18:13:06,2025-08-29 00:00:00,2025-08-29 18:13:06,张军,1,1,0,移远通信,2025-08-29 00:00:00,7,7,10071433,10467399,上海移远通信技术股份有限公司,投资公司,007001,2025-08-27 00:00:00,湖北铁投,001,上海,2025-08-06 00:00:00,"2025/8/6,2025/8/25,2025/8/27",001,特定对象调研,"董事会秘书 郑雷,证券事务代表 王凡",,603236.SH,603236,移远通信,007,28
2025-08-29 18:13:06,2025-08-29 00:00:00,2025-08-29 18:13:06,张兴泰,1,1,0,移远通信,2025-08-29 00:00:00,6,6,,10467399,上海移远通信技术股份有限公司,,,2025-08-27 00:00:00,君和资本,001,上海,2025-08-06 00:00:00,"2025/8/6,2025/8/25,2025/8/27",001,特定对象调研,"董事会秘书 郑雷,证券事务代表 王凡",,603236.SH,603236,移远通信,007,28
2025-08-29 18:13:06,2025-08-29 00:00:00,2025-08-29 18:13:06,田永新,1,1,0,移远通信,2025-08-29 00:00:00,5,5,10150451,10467399,上海移远通信技术股份有限公司,租赁公司,002002,2025-08-27 00:00:00,国泰租赁,001,上海,2025-08-06 00:00:00,"2025/8/6,2025/8/25,2025/8/27",001,特定对象调研,"董事会秘书 郑雷,证券事务代表 王凡",,603236.SH,603236,移远通信,007,28
2025-08-29 18:13:06,2025-08-29 00:00:00,2025-08-29 18:13:06,杨轶捷,1,1,0,移远通信,2025-08-29 00:00:00,26,26,10484676,10467399,上海移远通信技术股份有限公司,投资公司,007001,2025-08-27 00:00:00,华西银峰,001,上海,2025-08-06 00:00:00,"2025/8/6,2025/8/25,2025/8/27",001,特定对象调研,"董事会秘书 郑雷,证券事务代表 王凡",,603236.SH,603236,移远通信,007,28
2025-08-29 18:13:06,2025-08-29 00:00:00,2025-08-29 18:13:06,周嘉凯,1,1,0,移远通信,2025-08-29 00:00:00,25,25,10434566,10467399,上海移远通信技术股份有限公司,证券公司,005001,2025-08-27 00:00:00,申万宏源,001,上海,2025-08-06 00:00:00,"2025/8/6,2025/8/25,2025/8/27",001,特定对象调研,"董事会秘书 郑雷,证券事务代表 王凡",,603236.SH,603236,移远通信,007,28
2025-08-29 18:13:06,2025-08-29 00:00:00,2025-08-29 18:13:06,古勇平,1,1,0,移远通信,2025-08-29 00:00:00,24,24,10765802,10467399,上海移远通信技术股份有限公司,投资公司,007001,2025-08-27 00:00:00,上海朗程投资,001,上海,2025-08-06 00:00:00,"2025/8/6,2025/8/25,2025/8/27",001,特定对象调研,"董事会秘书 郑雷,证券事务代表 王凡",,603236.SH,603236,移远通信,007,28
2025-08-29 18:13:06,2025-08-29 00:00:00,2025-08-29 18:13:06,"胡杨,王治",1,1,0,移远通信,2025-08-29 00:00:00,27,27,10004819,10467399,上海移远通信技术股份有限公司,证券公司,005001,2025-08-27 00:00:00,华安证券,001,上海,2025-08-06 00:00:00,"2025/8/6,2025/8/25,2025/8/27",001,特定对象调研,"董事会秘书 郑雷,证券事务代表 王凡",,603236.SH,603236,移远通信,007,28
2025-08-29 18:13:06,2025-08-29 00:00:00,2026-01-10 01:01:34,"任丽,李蓓",1,1,0,移远通信,2025-08-29 00:00:00,13,13,10000283981,10467399,上海移远通信技术股份有限公司,投资公司,007001,2025-08-27 00:00:00,中船投资,001,上海,2025-08-06 00:00:00,"2025/8/6,2025/8/25,2025/8/27",001,特定对象调研,"董事会秘书 郑雷,证券事务代表 王凡",,603236.SH,603236,移远通信,007,28
2025-08-29 18:13:06,2025-08-29 00:00:00,2026-01-14 01:02:03,孟皓,1,1,0,移远通信,2025-08-29 00:00:00,12,12,10000723117,10467399,上海移远通信技术股份有限公司,其它,007004,2025-08-27 00:00:00,海珠城发,001,上海,2025-08-06 00:00:00,"2025/8/6,2025/8/25,2025/8/27",001,特定对象调研,"董事会秘书 郑雷,证券事务代表 王凡",,603236.SH,603236,移远通信,007,28
2025-08-29 18:13:06,2025-08-29 00:00:00,2025-08-29 18:13:06,,1,1,0,移远通信,2025-08-29 00:00:00,28,28,,10467399,上海移远通信技术股份有限公司,,,2025-08-27 00:00:00,"洪涛,邢留建",002,上海,2025-08-06 00:00:00,"2025/8/6,2025/8/25,2025/8/27",001,特定对象调研,"董事会秘书 郑雷,证券事务代表 王凡",,603236.SH,603236,移远通信,007,28
2025-08-29 18:13:06,2025-08-29 00:00:00,2025-08-29 18:13:06,张超,1,1,0,移远通信,2025-08-29 00:00:00,19,19,,10467399,上海移远通信技术股份有限公司,,,2025-08-27 00:00:00,化雨频沾,001,上海,2025-08-06 00:00:00,"2025/8/6,2025/8/25,2025/8/27",001,特定对象调研,"董事会秘书 郑雷,证券事务代表 王凡",,603236.SH,603236,移远通信,007,28
2025-08-29 18:13:06,2025-08-29 00:00:00,2025-08-29 18:13:06,罗彦明,1,1,0,移远通信,2025-08-29 00:00:00,18,18,10004824,10467399,上海移远通信技术股份有限公司,证券公司,005001,2025-08-27 00:00:00,东海证券,001,上海,2025-08-06 00:00:00,"2025/8/6,2025/8/25,2025/8/27",001,特定对象调研,"董事会秘书 郑雷,证券事务代表 王凡",,603236.SH,603236,移远通信,007,28
2025-08-29 18:13:06,2025-08-29 00:00:00,2025-08-29 18:13:06,李璐毅,1,1,0,移远通信,2025-08-29 00:00:00,17,17,10004941,10467399,上海移远通信技术股份有限公司,证券公司,005001,2025-08-27 00:00:00,中原证券,001,上海,2025-08-06 00:00:00,"2025/8/6,2025/8/25,2025/8/27",001,特定对象调研,"董事会秘书 郑雷,证券事务代表 王凡",,603236.SH,603236,移远通信,007,28
2025-08-29 18:13:06,2025-08-29 00:00:00,2025-08-29 18:13:06,何紫怡,1,1,0,移远通信,2025-08-29 00:00:00,20,20,,10467399,上海移远通信技术股份有限公司,,,2025-08-27 00:00:00,上海海越私募基金,001,上海,2025-08-06 00:00:00,"2025/8/6,2025/8/25,2025/8/27",001,特定对象调研,"董事会秘书 郑雷,证券事务代表 王凡",,603236.SH,603236,移远通信,007,28
2025-08-29 18:13:06,2025-08-29 00:00:00,2025-08-29 18:13:06,陈云鹏,1,1,0,移远通信,2025-08-29 00:00:00,23,23,10167445,10467399,上海移远通信技术股份有限公司,基金管理公司,004001,2025-08-27 00:00:00,财通基金,001,上海,2025-08-06 00:00:00,"2025/8/6,2025/8/25,2025/8/27",001,特定对象调研,"董事会秘书 郑雷,证券事务代表 王凡",,603236.SH,603236,移远通信,007,28
2025-08-29 18:13:06,2025-08-29 00:00:00,2025-08-29 18:13:06,王超,1,1,0,移远通信,2025-08-29 00:00:00,22,22,10497986,10467399,上海移远通信技术股份有限公司,投资公司,007001,2025-08-27 00:00:00,永禧投资,001,上海,2025-08-06 00:00:00,"2025/8/6,2025/8/25,2025/8/27",001,特定对象调研,"董事会秘书 郑雷,证券事务代表 王凡",,603236.SH,603236,移远通信,007,28
2025-08-29 18:13:06,2025-08-29 00:00:00,2025-08-29 18:13:06,"张振东,陈晨",1,1,0,移远通信,2025-08-29 00:00:00,21,21,10060584,10467399,上海移远通信技术股份有限公司,投资公司,007001,2025-08-27 00:00:00,山东融鑫投资,001,上海,2025-08-06 00:00:00,"2025/8/6,2025/8/25,2025/8/27",001,特定对象调研,"董事会秘书 郑雷,证券事务代表 王凡",,603236.SH,603236,移远通信,007,28
2025-07-31 15:58:17,2025-07-31 00:00:00,2025-07-31 15:58:17,马成龙,1,1,0,移远通信,2025-07-31 00:00:00,8,8,10004868,10467399,上海移远通信技术股份有限公司,证券公司,005001,2025-07-25 00:00:00,东财证券,001,上海,2025-07-11 00:00:00,"2025/7/11,7/22,7/23,7/25",001,特定对象调研,"董事会秘书 郑雷,证券事务代表 王凡",,603236.SH,603236,移远通信,007,8
2025-07-31 15:58:17,2025-07-31 00:00:00,2025-07-31 15:58:17,余恺,1,1,0,移远通信,2025-07-31 00:00:00,7,7,,10467399,上海移远通信技术股份有限公司,,,2025-07-25 00:00:00,江西金投,001,上海,2025-07-11 00:00:00,"2025/7/11,7/22,7/23,7/25",001,特定对象调研,"董事会秘书 郑雷,证券事务代表 王凡",,603236.SH,603236,移远通信,007,8
2025-07-31 15:58:17,2025-07-31 00:00:00,2025-07-31 15:58:17,"刘旭恒,欧阳勇",1,1,0,移远通信,2025-07-31 00:00:00,1,1,,10467399,上海移远通信技术股份有限公司,,,2025-07-25 00:00:00,复星创富投资,001,上海,2025-07-11 00:00:00,"2025/7/11,7/22,7/23,7/25",001,特定对象调研,"董事会秘书 郑雷,证券事务代表 王凡",,603236.SH,603236,移远通信,007,8
2025-07-31 15:58:17,2025-07-31 00:00:00,2025-07-31 15:58:17,傅鹏博,1,1,0,移远通信,2025-07-31 00:00:00,2,2,10707175,10467399,上海移远通信技术股份有限公司,基金管理公司,004001,2025-07-25 00:00:00,睿远基金,001,上海,2025-07-11 00:00:00,"2025/7/11,7/22,7/23,7/25",001,特定对象调研,"董事会秘书 郑雷,证券事务代表 王凡",,603236.SH,603236,移远通信,007,8
2025-07-31 15:58:17,2025-07-31 00:00:00,2025-07-31 15:58:17,何宇超,1,1,0,移远通信,2025-07-31 00:00:00,4,4,,10467399,上海移远通信技术股份有限公司,,,2025-07-25 00:00:00,复星高科技集团,001,上海,2025-07-11 00:00:00,"2025/7/11,7/22,7/23,7/25",001,特定对象调研,"董事会秘书 郑雷,证券事务代表 王凡",,603236.SH,603236,移远通信,007,8
2025-07-31 15:58:17,2025-07-31 00:00:00,2025-07-31 15:58:17,李元博,1,1,0,移远通信,2025-07-31 00:00:00,3,3,10004943,10467399,上海移远通信技术股份有限公司,基金管理公司,004001,2025-07-25 00:00:00,富国基金,001,上海,2025-07-11 00:00:00,"2025/7/11,7/22,7/23,7/25",001,特定对象调研,"董事会秘书 郑雷,证券事务代表 王凡",,603236.SH,603236,移远通信,007,8
2025-07-31 15:58:17,2025-07-31 00:00:00,2025-07-31 15:58:17,乔迁,1,1,0,移远通信,2025-07-31 00:00:00,6,6,10033818,10467399,上海移远通信技术股份有限公司,基金管理公司,004001,2025-07-25 00:00:00,兴全基金,001,上海,2025-07-11 00:00:00,"2025/7/11,7/22,7/23,7/25",001,特定对象调研,"董事会秘书 郑雷,证券事务代表 王凡",,603236.SH,603236,移远通信,007,8
2025-07-31 15:58:17,2025-07-31 00:00:00,2025-07-31 15:58:17,杨昊,1,1,0,移远通信,2025-07-31 00:00:00,5,5,10004824,10467399,上海移远通信技术股份有限公司,证券公司,005001,2025-07-25 00:00:00,东海证券,001,上海,2025-07-11 00:00:00,"2025/7/11,7/22,7/23,7/25",001,特定对象调研,"董事会秘书 郑雷,证券事务代表 王凡",,603236.SH,603236,移远通信,007,8
