ts_code,trade_date,buy_sm_vol,buy_sm_amount,sell_sm_vol,sell_sm_amount,buy_md_vol,buy_md_amount,sell_md_vol,sell_md_amount,buy_lg_vol,buy_lg_amount,sell_lg_vol,sell_lg_amount,buy_elg_vol,buy_elg_amount,sell_elg_vol,sell_elg_amount,net_mf_vol,net_mf_amount
002869.SZ,20171229,6194,1960.58,6824,2159.11,6196,1961.67,6515,2063.93,3461,1095.39,2162,683.94,0,0.0,350,110.66,-142,-48.14
002869.SZ,20171228,2704,825.64,2755,843.75,4021,1232.24,3541,1084.94,722,221.8,1150,350.98,0,0.0,0,0.0,-54,-14.73
002869.SZ,20171227,2799,856.18,3177,972.93,3663,1121.15,3864,1182.55,945,289.87,366,111.72,0,0.0,0,0.0,-727,-220.78
002869.SZ,20171226,3237,972.97,4328,1303.24,4836,1456.35,3192,960.75,1010,304.46,1562,469.79,0,0.0,0,0.0,1370,412.46
002869.SZ,20171225,5424,1602.33,2874,849.06,2672,788.74,4293,1265.86,1170,345.04,2436,721.23,338,100.04,0,0.0,-1485,-439.23
002869.SZ,20171222,1632,500.83,1455,446.67,1366,419.5,1706,523.44,637,195.4,422,129.65,0,0.0,52,15.96,-353,-107.64
002869.SZ,20171221,2175,662.62,1978,604.42,1782,544.96,2041,622.36,266,81.77,204,62.58,0,0.0,0,0.0,-333,-99.37
002869.SZ,20171220,2047,629.57,1830,563.86,1909,588.4,1771,545.0,102,31.22,457,140.33,0,0.0,0,0.0,-1255,-384.94
002869.SZ,20171219,2004,617.94,2520,779.0,2175,671.32,1922,593.02,1172,362.74,908,279.96,0,0.0,0,0.0,700,218.75
002869.SZ,20171218,1629,497.15,1531,467.42,1482,452.63,1085,331.19,249,76.14,744,227.31,0,0.0,0,0.0,-1168,-356.86
002869.SZ,20171215,2605,801.05,2046,630.16,2235,687.41,2523,775.5,395,121.25,666,204.06,0,0.0,0,0.0,-1561,-478.58
002869.SZ,20171214,2097,646.14,1767,545.42,2174,671.73,2209,681.62,265,81.68,560,172.5,0,0.0,0,0.0,-311,-94.89
002869.SZ,20171213,2058,634.96,2500,772.4,2150,664.81,1772,547.02,523,161.5,459,141.86,0,0.0,0,0.0,1637,506.92
002869.SZ,20171212,3382,1041.28,2356,725.51,2678,825.89,2550,786.51,195,60.66,1348,415.8,0,0.0,0,0.0,-1724,-529.1
002869.SZ,20171211,2257,709.07,2760,867.5,2423,761.18,2790,876.68,991,312.01,121,38.07,0,0.0,0,0.0,-912,-286.21
002869.SZ,20171208,3104,960.99,3192,989.03,3173,983.45,3090,956.72,1074,332.29,1069,330.97,0,0.0,0,0.0,223,67.74
002869.SZ,20171207,2244,684.22,1885,575.34,2413,736.56,2146,654.73,408,124.25,1034,314.97,0,0.0,0,0.0,-265,-80.17
002869.SZ,20171206,3122,942.74,2440,738.86,3060,924.64,3573,1078.07,755,229.14,924,279.59,0,0.0,0,0.0,1014,307.69
002869.SZ,20171205,4586,1409.59,3129,964.44,3781,1162.52,3906,1200.63,1502,455.67,2834,862.71,0,0.0,0,0.0,-3113,-963.38
002869.SZ,20171204,3676,1177.22,2738,876.98,2885,922.37,2974,953.4,518,167.0,1367,436.23,0,0.0,0,0.0,-3163,-1014.73
002869.SZ,20171201,5145,1682.79,4167,1366.21,4430,1449.73,4462,1458.74,895,292.55,1841,600.12,0,0.0,0,0.0,-2397,-780.98
002869.SZ,20171130,7844,2641.73,7563,2549.05,8193,2755.17,8474,2859.19,3618,1226.02,4165,1406.14,555,193.79,7,2.33,-2586,-879.1
002869.SZ,20171129,2947,933.25,2193,694.82,2790,883.82,3005,953.0,982,312.58,807,255.64,0,0.0,714,226.2,-960,-303.43
002869.SZ,20171128,2345,751.17,2873,920.07,2438,781.0,2069,663.05,1034,330.9,875,279.95,0,0.0,0,0.0,1005,323.04
002869.SZ,20171127,1902,600.63,2218,701.8,2454,775.88,2178,688.02,828,262.22,848,268.02,714,227.34,654,208.23,-1866,-590.73
002869.SZ,20171124,2219,700.52,2578,815.54,3041,961.43,2608,824.1,1229,388.9,1303,411.2,0,0.0,0,0.0,-631,-199.28
002869.SZ,20171123,5428,1732.73,2939,939.82,3775,1205.29,4812,1535.23,1166,372.45,2751,877.69,133,42.27,0,0.0,-2279,-723.55
002869.SZ,20171122,4237,1395.98,2677,885.22,3715,1225.77,5053,1666.2,1527,504.14,2050,675.11,300,100.64,0,0.0,-2628,-861.0
002869.SZ,20171121,4354,1447.06,3049,1014.5,4448,1477.59,4241,1411.17,2069,687.23,3329,1103.67,0,0.0,251,82.54,-2646,-873.62
002869.SZ,20171120,5052,1677.45,3138,1045.86,4251,1411.71,5019,1669.42,2336,778.75,3707,1229.22,330,110.37,105,33.77,869,286.53
002869.SZ,20171117,8528,3031.61,4282,1523.35,7250,2572.43,8828,3131.34,4226,1501.71,6965,2470.32,424,145.8,353,126.54,-6613,-2364.38
002869.SZ,20171116,3839,1434.33,2718,1017.85,3377,1263.41,3803,1423.84,1448,542.94,2034,758.43,0,0.0,108,40.56,-2573,-960.2
002869.SZ,20171115,3834,1447.57,3262,1233.35,4322,1633.98,4512,1705.52,1507,570.62,1889,713.31,0,0.0,0,0.0,-1693,-636.89
002869.SZ,20171114,6968,2664.82,4018,1538.4,6843,2620.22,6525,2498.49,1931,737.22,4239,1621.6,0,0.0,960,363.78,-4927,-1886.74
002869.SZ,20171113,4885,1897.44,4378,1702.9,6365,2473.67,5874,2282.62,2724,1059.22,3723,1444.81,0,0.0,0,0.0,-2261,-875.33
002869.SZ,20171110,6056,2337.05,6581,2549.53,8674,3348.57,7915,3056.18,3934,1524.24,4130,1591.49,497,193.46,535,206.13,654,260.14
002869.SZ,20171109,4151,1594.25,3703,1423.44,5047,1938.68,5588,2146.17,2018,776.21,1361,522.09,0,0.0,565,217.44,600,233.43
002869.SZ,20171108,4467,1712.76,6784,2603.18,6797,2608.93,6941,2661.86,5007,1919.92,2921,1119.62,375,143.05,0,0.0,1180,456.4
002869.SZ,20171107,4598,1719.76,2739,1026.4,3499,1310.97,4186,1566.76,1663,622.29,2661,995.09,523,195.11,697,259.89,-1388,-517.72
002869.SZ,20171106,3258,1224.72,3255,1226.5,4653,1751.02,3378,1271.5,2879,1083.82,3094,1163.88,6,2.26,1070,399.94,1786,676.09
002869.SZ,20171103,5222,1959.63,2771,1041.84,5652,2127.55,4655,1751.8,1884,706.44,4822,1811.15,0,0.0,510,188.83,-3412,-1278.07
002869.SZ,20171102,4993,1918.09,3848,1480.86,5391,2070.56,6659,2561.11,2482,956.45,3185,1223.8,1403,547.25,578,226.58,-2869,-1104.33
002869.SZ,20171101,5243,1997.13,8844,3383.76,7745,2942.28,8429,3214.8,3531,1351.41,3643,1394.4,4826,1866.15,429,164.01,2709,1050.4
002869.SZ,20171031,4141,1537.59,3492,1299.5,4271,1587.57,4354,1618.87,1896,704.71,2419,895.53,0,0.0,43,15.97,164,63.07
002869.SZ,20171030,8003,2984.47,4751,1774.55,7767,2898.69,8774,3275.24,3765,1404.12,6304,2346.38,373,138.13,79,29.25,-5536,-2067.22
002869.SZ,20171027,9781,3818.85,4941,1928.37,6977,2720.94,9120,3556.27,2082,811.45,4779,1866.6,0,0.0,0,0.0,-5383,-2101.95
002869.SZ,20171026,5036,2009.85,3510,1402.36,7500,2995.0,6907,2759.54,2721,1088.56,4710,1879.68,0,0.0,130,51.83,-2614,-1041.24
002869.SZ,20171025,5033,2005.64,4791,1914.66,5928,2368.5,7732,3088.25,3813,1527.33,2293,915.3,42,16.74,0,0.0,587,236.75
002869.SZ,20171024,6681,2652.07,4062,1614.89,5298,2105.33,6257,2486.81,847,337.15,2944,1167.53,450,179.79,13,5.11,-3290,-1306.42
002869.SZ,20171023,3168,1283.08,3914,1586.04,6863,2780.12,6436,2607.01,3038,1231.31,2972,1204.0,252,102.54,0,0.0,-193,-77.41
002869.SZ,20171020,5221,2071.22,5021,1994.3,5568,2212.2,5450,2164.83,1625,644.87,2044,809.15,100,39.99,0,0.0,136,57.89
002869.SZ,20171019,6012,2352.36,5662,2219.79,5529,2167.05,5908,2313.81,3277,1283.49,3184,1244.4,0,0.0,64,24.9,-44,-13.85
002869.SZ,20171018,8696,3460.26,5601,2235.92,8191,3278.19,8929,3566.17,3490,1401.64,5652,2259.02,0,0.0,195,78.98,-3424,-1351.12
002869.SZ,20171017,4514,1818.72,3590,1448.08,7908,3188.15,7793,3142.17,2627,1059.37,3666,1475.99,0,0.0,0,0.0,-526,-209.16
002869.SZ,20171016,14888,6118.88,6384,2628.3,19158,7868.15,16486,6781.56,8090,3316.22,16291,6689.51,492,198.66,3468,1402.54,-12962,-5325.37
002869.SZ,20171013,6211,2686.1,5166,2237.91,10843,4691.72,10503,4547.27,5847,2532.37,6768,2924.98,567,245.57,1030,445.61,-5554,-2398.87
002869.SZ,20171012,7481,3244.16,6902,2998.24,12704,5510.32,13206,5731.16,5188,2254.75,6585,2851.89,1321,572.06,0,0.0,890,398.59
002869.SZ,20171011,13553,5877.08,8172,3548.61,18103,7853.66,17655,7666.32,9900,4300.92,13836,5995.36,541,236.16,2435,1057.54,-10920,-4735.65
002869.SZ,20171010,11954,5330.04,12187,5440.24,24568,10963.68,24327,10856.79,14783,6604.57,15382,6866.42,1614,722.06,1022,456.92,-2073,-905.97
002869.SZ,20171009,16229,7133.01,15061,6642.25,30272,13336.62,27103,11946.01,19556,8626.53,23439,10316.53,1324,583.44,1777,774.83,-2811,-1175.15
002869.SZ,20170929,18694,8154.29,17211,7516.49,31573,13790.48,31189,13615.21,21315,9294.65,24293,10591.24,4163,1809.6,3052,1326.08,-3706,-1573.78
002869.SZ,20170928,28940,12793.08,23770,10520.47,48420,21417.6,43542,19248.13,33883,14964.12,32309,14281.91,6712,2969.66,18333,8093.95,11335,5057.28
002869.SZ,20170927,2709,1100.44,8598,3565.66,7118,2897.55,13476,5576.04,5491,2237.31,10542,4378.51,19408,8167.64,2110,882.71,-14022,-5934.61
002869.SZ,20170926,20333,7967.65,10320,4047.5,18929,7448.83,18654,7349.97,7970,3126.37,16105,6320.89,1570,624.76,3722,1449.24,-10892,-4314.09
002869.SZ,20170925,11636,4814.27,7808,3233.84,19326,7997.44,16332,6761.62,9038,3742.66,15425,6379.93,612,252.43,1047,431.41,-9659,-3984.82
002869.SZ,20170922,17291,7125.1,20885,8606.83,27985,11547.83,33726,13915.13,21397,8845.47,20788,8575.86,9282,3808.44,555,229.02,17072,7076.85
002869.SZ,20170921,7978,3146.59,9267,3663.88,11692,4615.07,11250,4440.81,8155,3223.45,6342,2498.99,798,315.4,1763,696.83,2278,902.29
002869.SZ,20170920,4313,1673.64,4537,1763.03,6035,2343.0,5199,2017.82,3235,1257.27,3589,1393.57,378,147.42,636,246.91,937,368.36
002869.SZ,20170919,4255,1644.81,5178,2005.2,5767,2231.97,5933,2295.85,2588,1003.9,1938,749.24,438,169.63,0,0.0,-83,-28.49
002869.SZ,20170918,4537,1734.36,2743,1049.21,4086,1562.36,4633,1771.33,2027,775.13,2843,1087.14,286,109.73,716,273.89,-1707,-651.93
002869.SZ,20170915,7120,2759.19,3904,1513.62,5463,2116.78,6507,2522.49,2380,922.15,4488,1736.79,0,0.0,65,25.23,-4899,-1898.79
002869.SZ,20170914,6166,2428.49,4004,1579.93,5692,2244.6,5623,2216.19,1896,749.05,4082,1609.41,255,100.75,300,117.37,-1854,-727.15
002869.SZ,20170913,4873,1911.51,4008,1575.16,4980,1955.15,4870,1913.33,4034,1587.2,4269,1674.82,0,0.0,741,290.56,-951,-369.23
002869.SZ,20170912,12302,4895.89,6768,2695.81,12883,5138.05,11779,4696.49,6280,2502.76,11370,4528.17,65,25.72,1612,641.96,-11126,-4426.42
002869.SZ,20170911,6704,2677.46,12448,4971.91,13897,5551.6,13465,5385.18,11933,4777.43,8066,3229.76,1898,763.06,453,182.7,6631,2662.31
002869.SZ,20170908,9999,3904.01,6017,2353.29,9503,3714.17,10482,4095.66,3672,1434.47,6173,2408.94,997,391.38,1499,586.15,-6742,-2633.72
002869.SZ,20170907,10633,4210.97,14388,5708.85,16351,6486.83,16614,6587.3,11058,4395.17,8727,3466.72,2161,859.8,474,189.91,4762,1895.32
002869.SZ,20170906,11347,4383.45,6589,2547.51,10832,4185.28,12015,4642.67,2761,1066.82,6177,2384.62,215,82.71,374,143.45,-5508,-2128.09
002869.SZ,20170905,7412,2919.08,5679,2239.67,8721,3435.82,8996,3544.32,3346,1320.84,4429,1744.21,311,123.04,685,270.58,-774,-298.95
002869.SZ,20170904,10794,4278.86,7680,3053.9,12145,4831.54,13515,5370.58,6241,2484.7,6604,2622.89,1140,453.14,2521,1000.88,-3594,-1413.34
002869.SZ,20170901,10909,4354.69,7445,2975.31,14050,5617.03,14818,5922.59,5004,2004.17,7445,2976.46,0,0.0,255,101.54,-6870,-2741.55
002869.SZ,20170831,11658,4650.81,15616,6237.49,19604,7833.86,20258,8099.24,13989,5605.99,10255,4106.19,1309,526.16,432,173.91,5573,2243.3
002869.SZ,20170830,11608,4555.95,9468,3729.25,13709,5398.38,13366,5255.19,7117,2804.51,8501,3343.48,967,379.81,2066,810.73,-5103,-1992.72
002869.SZ,20170829,19376,7715.76,14936,5958.35,25298,10099.92,23498,9371.23,10861,4343.22,14855,5928.24,1130,449.67,3376,1350.76,-365,-123.75
002869.SZ,20170828,15984,6231.4,20353,7948.49,22479,8760.85,21644,8430.44,14733,5759.5,12468,4865.54,2142,830.89,873,338.16,6500,2538.55
002869.SZ,20170825,7118,2626.64,10849,4018.06,11663,4311.65,12099,4468.52,8764,3243.98,5863,2167.26,1548,575.4,281,103.84,4859,1805.1
002869.SZ,20170824,17344,6366.6,9847,3619.37,15465,5682.56,17441,6400.54,6405,2348.08,12929,4748.95,1660,612.65,657,241.02,-5715,-2091.32
002869.SZ,20170823,8133,3078.97,6863,2609.29,9201,3492.03,10338,3921.49,3558,1353.47,4386,1660.5,695,266.82,0,0.0,-2408,-904.79
002869.SZ,20170822,9569,3682.21,7496,2895.28,9805,3782.7,9131,3518.83,4789,1848.33,6779,2608.43,0,0.0,756,290.69,-4735,-1812.86
002869.SZ,20170821,6421,2442.08,9063,3454.54,9550,3637.18,9470,3604.65,6989,2662.59,5002,1901.15,888,337.76,312,119.28,7421,2833.36
002869.SZ,20170818,4780,1793.2,4573,1718.74,6794,2552.65,6669,2502.52,4611,1730.67,4333,1626.97,0,0.0,611,228.3,-1934,-723.38
002869.SZ,20170817,7246,2719.49,7002,2637.05,9689,3643.18,9959,3744.35,4524,1703.83,4877,1828.46,1028,387.59,649,244.23,-2065,-767.27
002869.SZ,20170816,7577,2829.01,10088,3768.2,10746,4014.48,11361,4242.37,7122,2661.9,3996,1494.83,0,0.0,0,0.0,4202,1572.25
002869.SZ,20170815,4973,1813.73,6093,2225.26,6590,2404.28,6099,2224.95,2518,920.63,2410,879.01,521,190.57,0,0.0,-460,-166.42
002869.SZ,20170814,4144,1490.29,4432,1594.77,4447,1600.74,4643,1670.74,3066,1103.53,2449,881.16,404,145.49,537,193.38,2018,726.77
002869.SZ,20170811,6034,2153.73,3938,1407.23,4295,1534.23,4934,1762.17,1834,655.26,3292,1173.82,0,0.0,0,0.0,-2408,-857.92
002869.SZ,20170810,7868,2866.54,4173,1524.91,6501,2369.32,7192,2623.16,1712,626.3,4025,1464.56,0,0.0,692,249.54,-4089,-1486.2
002869.SZ,20170809,5712,2111.65,3305,1222.86,5547,2051.21,5384,1991.11,1324,489.53,3618,1336.84,0,0.0,276,101.59,-4696,-1735.24
002869.SZ,20170808,6632,2474.39,3770,1408.55,6550,2445.2,7130,2662.3,2346,874.92,3019,1127.75,0,0.0,1608,595.9,-4803,-1793.07
002869.SZ,20170807,4930,1862.35,4627,1753.55,5234,1978.8,5909,2235.64,2762,1047.38,2868,1083.35,1075,408.26,597,224.25,-492,-179.8
002869.SZ,20170804,6590,2498.09,4655,1767.92,6402,2427.56,7834,2971.89,2041,775.85,2932,1111.35,702,267.35,313,117.7,-6329,-2398.04
002869.SZ,20170803,7204,2737.81,8306,3163.64,10835,4121.11,9833,3739.76,3260,1241.57,4091,1552.91,932,355.81,0,0.0,-530,-190.45
002869.SZ,20170802,7604,2883.07,8096,3072.64,9741,3696.35,9457,3587.25,3624,1375.07,3326,1261.23,307,117.31,397,150.68,-850,-316.11
002869.SZ,20170801,5690,2129.03,7466,2800.62,7974,2988.12,8194,3069.16,4492,1687.12,2496,934.48,0,0.0,0,0.0,215,90.19
002869.SZ,20170731,5423,2013.3,4272,1588.42,6468,2403.58,6355,2360.84,1098,408.13,2464,914.61,104,38.87,0,0.0,-1479,-546.51
002869.SZ,20170728,7655,2864.17,4008,1500.18,6784,2537.71,6741,2522.26,2036,760.71,5231,1955.98,300,112.46,795,296.63,-5433,-2031.11
002869.SZ,20170727,7334,2733.94,11363,4258.58,13130,4917.4,13261,4949.95,8515,3192.02,4236,1589.61,279,104.98,397,150.21,4332,1631.31
002869.SZ,20170726,9158,3366.71,4444,1638.68,8120,2988.4,8136,2993.36,2162,795.47,6179,2267.2,397,144.71,1078,396.04,-4362,-1606.41
002869.SZ,20170725,3877,1450.66,3290,1231.67,4631,1733.23,4342,1625.32,1149,429.57,2025,756.46,0,0.0,0,0.0,-1579,-590.94
002869.SZ,20170724,9290,3439.73,7914,2942.54,11350,4211.43,11027,4091.93,3765,1397.02,5342,1968.17,149,54.94,273,100.47,-607,-214.12
002869.SZ,20170721,6160,2318.47,5151,1942.19,6899,2599.22,6517,2455.0,2190,826.66,3192,1200.43,0,0.0,390,146.73,-2570,-965.37
002869.SZ,20170720,9341,3576.16,7092,2722.33,9810,3764.56,10208,3916.61,3076,1183.47,5131,1966.72,390,151.47,185,69.99,-3955,-1511.7
002869.SZ,20170719,9121,3452.47,9626,3649.2,10417,3946.24,8942,3387.22,3950,1498.32,4594,1739.24,291,111.02,617,232.39,-3979,-1500.99
002869.SZ,20170718,10921,4150.53,8932,3400.34,12392,4708.58,11326,4305.2,4881,1864.42,7196,2740.74,34,12.73,772,289.99,177,73.56
002869.SZ,20170717,17002,6692.37,8099,3199.15,13585,5363.17,13297,5265.84,7797,3088.2,12301,4862.79,0,0.0,4687,1815.96,-9674,-3823.82
002869.SZ,20170714,6460,2781.42,4446,1918.23,8426,3629.82,8116,3499.01,4201,1811.99,4823,2079.35,1256,541.24,2959,1267.89,-2899,-1248.53
002869.SZ,20170713,7362,3191.67,4685,2032.35,10448,4532.27,9766,4234.55,3962,1718.16,7300,3166.68,300,129.51,320,138.03,-6723,-2914.92
002869.SZ,20170712,10026,4333.72,8385,3639.81,15085,6528.13,13660,5912.27,8615,3733.06,9991,4317.72,646,285.42,2337,1010.53,-4128,-1753.29
002869.SZ,20170711,8561,3803.43,6280,2801.8,12912,5752.61,11245,5008.54,7005,3127.62,9824,4378.23,0,0.0,1129,495.08,-3366,-1491.83
002869.SZ,20170710,15773,7104.22,10137,4568.36,19738,8890.73,20950,9437.56,9886,4449.44,13851,6235.71,709,321.74,1168,524.5,-14055,-6337.82
002869.SZ,20170707,17172,8096.82,15470,7304.65,27284,12869.25,28124,13264.99,16204,7652.46,17439,8232.4,2208,1046.88,1835,863.36,-3225,-1494.98
002869.SZ,20170706,23776,11156.68,22195,10433.93,40864,19188.52,37525,17621.49,24923,11714.73,27186,12757.76,851,400.7,3509,1647.46,3949,1891.05
002869.SZ,20170705,19848,9099.23,20618,9440.71,28280,12962.07,31821,14574.43,21581,9878.79,20573,9420.47,7025,3212.26,3723,1716.74,11201,5113.31
002869.SZ,20170704,6115,2655.45,3895,1693.91,8633,3750.82,8029,3489.88,6013,2612.55,7002,3040.21,420,181.36,2255,976.18,-3705,-1605.29
002869.SZ,20170703,5390,2346.32,4555,1985.11,8832,3846.95,8888,3870.75,6122,2669.35,5649,2460.34,12,5.19,1266,551.6,-1231,-530.93
002869.SZ,20170630,6187,2691.96,7484,3263.27,12676,5519.7,12158,5296.33,7527,3283.18,6147,2675.08,0,0.0,600,260.16,3835,1675.43
002869.SZ,20170629,4422,1906.44,4419,1907.3,8590,3706.09,8201,3537.53,4209,1816.51,4677,2015.74,245,105.33,171,73.79,-1326,-569.17
002869.SZ,20170628,12628,5470.17,7224,3130.74,14556,6303.6,14676,6361.38,7214,3128.87,12270,5314.88,1772,768.69,1999,864.34,-11301,-4887.5
002869.SZ,20170627,10465,4704.76,8938,4026.06,15574,7014.56,16218,7298.45,10159,4577.34,10764,4845.35,1200,538.98,1477,665.78,-5061,-2255.22
002869.SZ,20170626,12643,5619.12,12015,5353.13,19750,8789.05,19670,8753.28,11878,5289.98,10711,4765.24,601,268.89,2474,1095.39,-2587,-1127.17
002869.SZ,20170623,19068,8552.26,22149,9931.89,32038,14367.7,31026,13910.34,21893,9813.64,21096,9457.78,3172,1422.6,1899,856.19,7740,3505.55
002869.SZ,20170622,11460,4937.3,8845,3822.62,14814,6397.81,13809,5958.57,6108,2643.31,9434,4073.46,421,182.54,714,306.32,496,242.16
002869.SZ,20170621,6916,2988.5,5231,2260.58,10557,4563.21,9381,4054.71,3650,1576.78,6148,2656.67,0,0.0,363,156.53,-2750,-1182.5
002869.SZ,20170620,9755,4300.1,6689,2954.68,14485,6392.54,13169,5814.78,9163,4039.75,10887,4798.51,346,152.41,3004,1316.81,-8477,-3725.97
002869.SZ,20170619,7922,3503.7,9475,4198.48,13817,6117.11,13548,5998.08,11462,5078.44,11338,5014.13,1797,795.3,636,283.86,1624,721.1
002869.SZ,20170616,7606,3313.35,5358,2335.32,11313,4930.64,11611,5061.41,6339,2764.2,8057,3509.68,236,101.98,468,203.76,-4674,-2035.98
002869.SZ,20170615,8283,3640.96,11991,5277.59,15642,6881.83,15274,6716.93,10193,4489.49,7151,3148.22,298,130.47,0,0.0,1701,745.29
002869.SZ,20170614,7923,3396.18,6572,2819.15,12097,5189.22,11452,4911.42,5891,2524.76,7911,3391.64,1000,429.89,976,417.83,-3419,-1460.91
002869.SZ,20170613,8500,3683.72,9771,4241.26,13465,5838.27,11997,5201.55,8549,3712.23,8074,3499.46,419,183.19,1091,475.14,3443,1495.26
002869.SZ,20170612,19479,8565.23,10628,4671.32,20972,9227.82,20689,9108.28,10107,4425.46,16270,7135.6,0,0.0,2973,1303.31,-11821,-5197.6
002869.SZ,20170609,9459,4355.33,9842,4543.27,14752,6799.8,14819,6832.42,8926,4123.63,8241,3797.99,1221,564.98,1456,670.05,-481,-206.12
002869.SZ,20170608,23924,11182.38,13048,6114.31,27495,12872.41,27381,12834.38,17976,8409.24,22784,10655.45,2430,1133.96,8612,3993.85,-17804,-8321.42
002869.SZ,20170607,14721,7028.41,20735,9927.65,29949,14313.87,29172,13961.43,24195,11595.27,20397,9755.72,5517,2660.29,4078,1953.04,4003,1902.54
002869.SZ,20170606,23333,10831.22,16952,7882.39,30052,13967.54,30220,14040.05,17991,8354.62,23476,10892.8,3890,1804.43,4618,2142.56,-10537,-4864.19
002869.SZ,20170605,27882,14221.83,19840,10210.56,38518,19765.79,35530,18227.18,25478,13065.35,30782,15800.34,6042,3112.82,11766,5927.71,-13424,-6736.01
002869.SZ,20170602,28799,13956.6,25234,12370.35,42536,20763.83,37429,18283.99,27399,13439.81,34267,16677.71,11293,5474.06,13096,6302.26,-3748,-1745.15
002869.SZ,20170601,27389,14359.36,28906,15215.37,46630,24489.83,44048,23126.44,36498,19172.12,39075,20499.51,12951,6805.77,11438,5985.76,3051,1764.85
002869.SZ,20170531,30615,16284.01,37262,20032.05,46728,24940.89,51485,27566.23,39406,21123.53,43476,23270.09,32853,17869.93,17380,9349.99,-27281,-14725.77
002869.SZ,20170526,29395,14832.4,35784,18157.58,46120,23312.3,43679,22104.98,37130,18810.99,35945,18168.84,11737,5984.2,8973,4508.49,5509,2943.59
002869.SZ,20170525,36171,17763.53,27848,13712.05,46396,22829.02,41422,20370.33,34592,17035.1,40289,19817.8,8634,4280.46,16234,8007.94,-20026,-9792.06
002869.SZ,20170524,31870,15766.38,67838,33913.72,53538,26555.33,41784,20641.67,44023,21913.17,32565,16144.58,23901,12047.6,11145,5582.5,10795,5472.18
002869.SZ,20170523,39082,18914.42,90938,44005.48,52057,25219.21,15392,7459.66,36173,17532.62,21896,10636.6,11107,5397.08,10193,4961.6,-10245,-4868.21
002869.SZ,20170522,4920,2475.93,51804,26139.71,7592,3826.14,1957,988.09,10113,5098.66,108,54.58,31545,15934.35,302,152.7,-37689,-19039.56
002869.SZ,20170519,0,0.0,302,138.8,0,0.0,0,0.0,0,0.0,0,0.0,302,138.8,0,0.0,-302,-138.8
002869.SZ,20170518,0,0.0,68,28.35,0,0.0,0,0.0,0,0.0,0,0.0,68,28.35,0,0.0,-68,-28.35
002869.SZ,20170517,0,0.0,45,17.25,0,0.0,0,0.0,0,0.0,0,0.0,45,17.25,0,0.0,-45,-17.25
002869.SZ,20170516,0,0.0,22,7.5,0,0.0,0,0.0,0,0.0,0,0.0,22,7.5,0,0.0,-22,-7.5
002869.SZ,20170515,3,0.78,116,36.11,0,0.0,0,0.0,113,35.33,0,0.0,0,0.0,0,0.0,-116,-36.11
002869.SZ,20181228,3643,580.58,3431,547.42,2707,432.39,2747,438.07,30,4.78,202,32.25,0,0.0,0,0.0,-704,-111.21
002869.SZ,20181227,5844,950.62,4660,760.67,6061,988.69,6116,996.11,850,140.02,1979,322.55,0,0.0,0,0.0,-2769,-447.55
002869.SZ,20181226,5745,937.0,7458,1217.74,7852,1281.76,7631,1245.35,2994,488.77,1821,296.67,319,52.22,0,0.0,1076,177.58
002869.SZ,20181225,5357,836.63,5592,876.83,6965,1094.57,6450,1011.76,1193,188.97,1473,231.59,0,0.0,0,0.0,-1703,-262.01
002869.SZ,20181224,3788,601.38,5904,938.72,5814,923.63,4961,787.79,1430,228.32,222,35.46,54,8.66,0,0.0,1509,242.04
002869.SZ,20181221,5507,864.1,3652,573.4,3276,514.05,4288,673.12,289,45.33,1132,176.96,0,0.0,0,0.0,-1465,-229.49
002869.SZ,20181220,4745,749.16,3537,559.53,3153,498.13,4095,646.04,425,67.2,691,108.92,0,0.0,0,0.0,-1158,-181.8
002869.SZ,20181219,4880,781.68,4131,662.71,3823,614.27,4112,658.79,560,89.35,1019,163.8,0,0.0,0,0.0,-2858,-458.66
002869.SZ,20181218,5545,894.83,6771,1096.06,5590,905.04,5574,900.89,1396,226.67,186,29.58,0,0.0,0,0.0,1270,208.92
002869.SZ,20181217,5187,830.83,4422,710.77,3573,574.22,4658,746.57,618,100.12,298,47.84,0,0.0,0,0.0,-900,-143.63
002869.SZ,20181214,11269,1850.02,8301,1364.38,7713,1265.85,9395,1541.07,336,54.16,2072,338.55,450,73.98,0,0.0,-5940,-973.01
002869.SZ,20181213,10560,1773.77,8044,1355.17,9345,1573.26,8831,1484.91,1171,197.71,3892,652.7,0,0.0,309,51.95,-3187,-535.24
002869.SZ,20181212,9497,1617.94,10577,1805.41,11379,1941.01,10536,1795.02,2976,508.51,2739,467.02,0,0.0,0,0.0,328,59.95
002869.SZ,20181211,10872,1833.16,9907,1672.56,9624,1624.86,11312,1909.41,3014,511.04,2291,387.08,0,0.0,0,0.0,-2584,-431.93
002869.SZ,20181210,17332,2926.97,14233,2403.83,14024,2367.6,15365,2595.69,5197,876.15,5956,1003.18,0,0.0,999,168.02,-9053,-1522.16
002869.SZ,20181207,32721,6012.26,15996,2933.42,24751,4560.21,29137,5330.79,9348,1719.16,15774,2918.7,0,0.0,5913,1108.71,-8726,-1562.01
002869.SZ,20181206,1288,221.65,9103,1641.54,3132,552.33,9115,1650.17,5913,1072.64,5181,937.44,14237,2596.25,1171,213.7,-17878,-3274.94
002869.SZ,20181205,5991,992.31,5010,832.29,4450,738.65,4809,796.68,974,162.3,1554,257.28,0,0.0,42,7.01,447,74.4
002869.SZ,20181204,7104,1188.66,6294,1053.55,5800,970.87,6610,1105.98,1218,203.85,1218,203.85,0,0.0,0,0.0,1015,170.95
002869.SZ,20181203,7118,1168.7,7482,1229.74,9455,1555.22,7753,1275.23,1522,250.09,2860,469.04,0,0.0,0,0.0,-447,-73.06
002869.SZ,20181130,7773,1232.83,6990,1108.9,7956,1262.62,9590,1522.28,1210,192.58,359,56.85,0,0.0,0,0.0,2823,450.01
002869.SZ,20181129,10187,1715.22,8066,1359.78,10150,1714.46,13279,2238.76,2612,439.41,1604,270.55,0,0.0,0,0.0,-699,-112.29
002869.SZ,20181128,5172,842.26,5096,831.1,6184,1008.29,4229,688.03,731,119.52,1919,313.11,0,0.0,843,137.83,631,105.2
002869.SZ,20181127,3773,616.18,4458,728.98,4412,720.99,3350,546.91,627,102.59,1004,163.88,0,0.0,0,0.0,-1320,-215.17
002869.SZ,20181126,3306,537.18,2548,413.68,2772,449.99,3579,581.64,200,32.52,151,24.37,0,0.0,0,0.0,-958,-155.09
002869.SZ,20181123,6727,1128.78,4403,739.21,6027,1007.95,7769,1301.77,1160,194.1,1742,289.85,0,0.0,0,0.0,-2118,-356.81
002869.SZ,20181122,5690,1001.71,4557,802.4,3842,676.55,4573,805.51,898,158.7,1300,229.05,0,0.0,0,0.0,-274,-47.78
002869.SZ,20181121,5035,870.7,3947,683.1,4109,711.16,4174,722.31,221,38.43,1427,246.16,807,138.0,624,106.72,-1968,-337.9
002869.SZ,20181120,7075,1251.7,6852,1217.67,8213,1459.97,7508,1329.2,922,163.66,1850,328.47,0,0.0,0,0.0,-994,-168.2
002869.SZ,20181119,12758,2245.81,9678,1713.91,8832,1565.4,10551,1863.64,2350,415.45,2976,522.44,0,0.0,735,126.66,4754,843.2
002869.SZ,20181116,9258,1634.91,9507,1681.27,10136,1790.25,9679,1709.84,2995,527.42,3224,565.18,21,3.72,0,0.0,380,71.51
002869.SZ,20181115,9317,1618.9,9794,1708.46,11428,1993.06,10910,1895.29,2521,437.36,2562,445.58,0,0.0,0,0.0,82,21.45
002869.SZ,20181114,8562,1470.51,10536,1810.27,10439,1792.83,9869,1693.45,2620,449.72,2524,434.12,1308,224.77,0,0.0,1563,271.27
002869.SZ,20181113,9851,1667.73,11101,1883.73,10322,1751.65,11000,1865.61,5179,881.79,3251,551.84,0,0.0,0,0.0,-2120,-356.04
002869.SZ,20181112,8722,1456.98,9101,1521.16,10161,1699.69,9735,1628.33,2408,404.48,3079,515.86,624,104.2,0,0.0,4156,694.93
002869.SZ,20181109,5752,946.35,5687,938.16,4989,823.53,6144,1011.87,1210,200.09,120,19.95,0,0.0,0,0.0,28,8.11
002869.SZ,20181108,7225,1191.71,4887,806.39,4836,796.64,6354,1047.06,1398,230.81,2219,365.71,0,0.0,0,0.0,-3700,-609.82
002869.SZ,20181107,7366,1231.66,9937,1662.03,8903,1489.92,8235,1377.0,4014,670.78,2111,353.33,0,0.0,0,0.0,867,147.14
002869.SZ,20181106,10366,1703.16,7048,1160.93,5115,841.39,7192,1184.57,1909,313.11,2520,410.87,0,0.0,630,101.28,-4804,-787.63
002869.SZ,20181105,11326,1898.25,10841,1820.57,10830,1816.54,11072,1857.97,3392,572.61,3896,652.87,261,44.0,0,0.0,-648,-102.23
002869.SZ,20181102,10513,1733.32,11082,1830.14,10665,1762.49,11498,1898.86,3079,510.14,1907,315.29,231,38.34,0,0.0,2552,424.05
002869.SZ,20181101,12131,1995.75,11566,1905.45,12243,2015.64,10361,1706.27,1015,167.89,3462,567.55,0,0.0,0,0.0,-2397,-391.52
002869.SZ,20181031,20901,3499.67,13421,2250.88,17345,2903.73,19439,3249.75,5054,848.57,10440,1751.34,0,0.0,0,0.0,-5737,-948.83
002869.SZ,20181030,3123,495.28,8934,1450.25,4764,764.57,8958,1462.71,3448,558.86,2082,346.73,8639,1440.99,0,0.0,-6237,-1055.41
002869.SZ,20181029,5495,844.56,4891,751.75,4516,695.25,5064,779.37,546,84.05,602,92.74,0,0.0,0,0.0,-1039,-159.27
002869.SZ,20181026,8161,1294.27,6484,1029.88,6289,999.81,6893,1093.85,1022,162.57,2095,332.94,0,0.0,0,0.0,-3288,-519.82
002869.SZ,20181025,10893,1724.81,10170,1615.77,8993,1426.23,9127,1445.73,1563,249.23,1513,238.31,0,0.0,639,100.46,-3298,-521.96
002869.SZ,20181024,16180,2642.53,13320,2179.16,13406,2192.18,13904,2270.96,2946,482.01,5308,866.6,0,0.0,0,0.0,-5005,-812.65
002869.SZ,20181023,23660,3974.53,15823,2671.59,18397,3101.38,22134,3720.22,5773,975.56,10611,1788.01,2576,455.7,1838,327.34,-10081,-1705.24
002869.SZ,20181022,14234,2376.29,16340,2759.81,16833,2815.94,18121,3051.23,10307,1755.62,9298,1553.45,5424,930.33,3039,513.69,1994,365.88
002869.SZ,20181019,4614,672.31,7761,1170.03,3265,477.64,8398,1254.8,3130,471.13,1249,190.9,8449,1317.33,2050,322.67,-4737,-780.26
002869.SZ,20181018,7276,1062.93,5882,861.55,4544,664.32,4274,626.08,653,96.13,2317,335.76,0,0.0,0,0.0,248,35.93
002869.SZ,20181017,5331,775.67,6406,932.63,3745,544.0,3826,556.8,2388,350.06,1232,180.29,0,0.0,0,0.0,-347,-49.55
002869.SZ,20181016,5740,835.55,4485,653.6,2591,376.91,3000,435.97,723,104.72,1569,227.62,0,0.0,0,0.0,-228,-30.6
002869.SZ,20181015,5993,885.37,4651,687.82,2740,405.28,4242,628.3,1344,200.36,1184,174.88,0,0.0,0,0.0,-655,-96.66
002869.SZ,20181012,7017,1013.49,5342,773.62,4789,686.49,5534,797.81,735,108.11,1665,236.64,0,0.0,0,0.0,429,56.5
002869.SZ,20181011,8620,1309.53,4560,693.81,6192,935.34,6216,946.62,1625,241.98,3414,514.03,0,0.0,2247,332.39,-447,-65.45
002869.SZ,20181010,4261,702.27,3550,585.31,3224,531.33,4279,705.2,1015,167.35,671,110.44,0,0.0,0,0.0,476,78.89
002869.SZ,20181009,3679,602.16,2216,362.92,2740,448.66,2931,479.89,0,0.0,1272,208.01,0,0.0,0,0.0,939,154.49
002869.SZ,20181008,4831,805.94,2786,463.93,3330,554.67,4712,785.51,648,107.02,1311,218.19,0,0.0,0,0.0,-1701,-283.46
002869.SZ,20180928,3439,596.01,2607,451.98,2260,391.86,3002,520.3,510,88.3,600,103.88,0,0.0,0,0.0,-331,-56.98
002869.SZ,20180927,6180,1105.34,4306,770.57,5006,894.57,6085,1086.61,1061,191.26,1015,181.82,0,0.0,841,152.16,-2832,-509.32
002869.SZ,20180926,3679,678.17,2549,470.39,3346,616.61,2133,393.34,1499,276.93,2191,403.52,815,149.96,2466,454.42,1560,288.52
002869.SZ,20180925,3195,591.55,2007,372.38,2061,381.54,3061,566.88,732,135.51,1102,203.28,600,112.27,418,78.33,240,46.09
002869.SZ,20180921,2843,524.5,2608,481.94,3253,600.99,3106,573.03,317,58.82,699,129.34,0,0.0,0,0.0,-9,-1.1
002869.SZ,20180920,2636,491.6,1926,359.84,2370,442.77,2651,494.83,862,160.79,1292,240.49,0,0.0,0,0.0,-2417,-449.89
002869.SZ,20180919,3342,630.93,3283,621.32,3454,654.19,2564,484.03,1026,192.99,322,61.31,547,103.92,2200,415.39,-54,-8.34
002869.SZ,20180918,3494,656.2,4011,753.97,3083,579.17,3674,691.36,1213,229.27,938,177.02,1599,303.25,766,145.54,2553,484.64
002869.SZ,20180917,2250,416.5,2124,393.75,1669,309.95,1801,333.82,34,6.32,28,5.21,0,0.0,0,0.0,-991,-182.57
002869.SZ,20180914,3115,582.21,3162,591.52,3027,566.23,2729,510.39,150,27.92,890,166.34,489,91.9,0,0.0,-1652,-307.99
002869.SZ,20180913,3049,566.23,2656,493.78,2396,445.81,2694,500.8,412,76.83,507,94.29,0,0.0,0,0.0,-639,-117.55
002869.SZ,20180912,2395,447.96,1565,293.02,1541,288.01,1820,340.1,629,118.08,1180,220.92,0,0.0,0,0.0,-379,-69.86
002869.SZ,20180911,2688,502.5,2105,394.23,2450,458.7,2465,461.08,549,102.44,1117,208.33,0,0.0,0,0.0,282,53.06
002869.SZ,20180910,4595,876.6,3372,642.95,2967,565.01,4233,808.12,960,183.15,917,173.69,0,0.0,0,0.0,-3568,-681.44
002869.SZ,20180907,4774,945.8,2508,497.84,4347,864.3,3817,758.81,958,190.95,2743,542.17,0,0.0,1011,202.22,-338,-61.98
002869.SZ,20180906,3744,754.23,2373,479.77,3279,660.63,3328,671.76,646,130.9,235,47.16,0,0.0,1733,347.08,59,12.48
002869.SZ,20180905,3689,760.47,2905,600.99,3027,623.53,3169,654.57,1795,371.6,1998,411.59,796,166.92,1235,255.37,-2827,-583.87
002869.SZ,20180904,5819,1216.98,4705,986.3,5418,1133.68,4714,987.29,2523,529.65,2214,462.13,0,0.0,2127,444.59,133,30.84
002869.SZ,20180903,8834,1872.86,7023,1490.49,9280,1972.53,10762,2282.51,4450,943.92,4003,850.64,1779,379.19,2556,544.87,-2566,-532.47
002869.SZ,20180831,6906,1403.62,8832,1812.59,8870,1819.64,8139,1679.46,5327,1112.12,3570,735.02,3275,672.48,3837,780.78,4391,925.91
002869.SZ,20180830,4499,945.85,3791,798.2,2605,548.71,3726,782.51,847,178.57,1031,217.07,597,124.64,0,0.0,-215,-43.44
002869.SZ,20180829,3342,703.36,2516,530.07,2034,427.82,2852,600.29,671,141.62,164,34.27,0,0.0,515,108.16,-1044,-218.51
002869.SZ,20180828,3199,677.13,3470,734.95,3034,643.58,3075,652.02,1083,229.67,771,163.42,0,0.0,0,0.0,-324,-68.7
002869.SZ,20180827,2841,589.71,2850,592.03,2924,607.07,2669,553.99,619,128.27,864,179.04,0,0.0,0,0.0,624,129.66
002869.SZ,20180824,5108,1057.37,3207,663.78,3036,625.52,2893,598.4,1304,269.43,1223,254.54,1772,366.65,3897,802.24,-739,-139.57
002869.SZ,20180823,3864,828.35,2464,529.51,3238,693.59,2663,571.44,297,64.02,1633,348.77,314,66.41,953,202.65,-940,-200.92
002869.SZ,20180822,4641,996.59,4541,980.44,3737,806.39,5211,1124.86,1678,363.17,3474,758.08,3623,798.87,453,101.65,-1407,-299.02
002869.SZ,20180821,6234,1379.81,4996,1109.93,6379,1415.35,6394,1420.0,3696,823.8,3738,831.23,1177,266.83,2357,524.63,-274,-54.4
002869.SZ,20180820,4185,900.79,4310,931.39,4920,1063.0,6270,1356.39,2734,593.8,2205,476.0,1554,338.08,607,131.9,1171,257.05
002869.SZ,20180817,3976,852.14,7078,1520.97,6096,1309.0,5640,1208.87,2423,518.35,2809,603.69,3032,654.04,0,0.0,-1388,-294.59
002869.SZ,20180816,3602,759.89,3405,719.14,3373,712.23,4308,910.13,1883,399.43,1029,218.19,2538,540.66,2654,564.75,-1334,-280.91
002869.SZ,20180815,4552,963.06,4163,882.56,3304,700.61,4571,967.39,1541,326.4,1083,229.39,420,89.27,0,0.0,145,32.98
002869.SZ,20180814,8013,1717.16,3473,743.4,5900,1265.36,6705,1437.32,2687,575.93,7397,1588.96,1800,389.7,824,178.47,-3814,-815.38
002869.SZ,20180813,5830,1229.45,9672,2072.41,9321,1990.0,9582,2045.31,7660,1659.14,4071,871.7,2064,448.62,1550,337.8,3677,792.56
002869.SZ,20180810,3398,693.03,3145,641.72,2912,596.06,2902,593.64,781,159.75,1044,213.48,0,0.0,0,0.0,441,91.43
002869.SZ,20180809,3861,787.62,3434,700.72,3627,739.94,2747,560.97,1279,261.83,2731,557.4,443,90.24,298,60.53,1562,319.54
002869.SZ,20180808,3166,636.61,1574,316.79,2498,503.44,2471,497.34,267,53.65,1886,379.57,0,0.0,0,0.0,-1866,-373.45
002869.SZ,20180807,2119,431.04,2548,519.1,3107,633.58,2028,413.24,560,114.28,440,89.45,24,4.88,794,161.98,2360,482.32
002869.SZ,20180806,2601,530.47,2397,489.13,1592,324.46,1766,359.56,123,25.08,100,20.63,0,0.0,53,10.69,-761,-155.13
002869.SZ,20180803,3409,715.85,2451,515.17,1503,315.69,2563,538.21,1164,244.72,1062,222.88,0,0.0,0,0.0,-1380,-288.88
002869.SZ,20180802,5660,1178.19,5118,1071.65,4475,933.05,6276,1309.07,2171,454.3,1577,328.87,1020,222.73,355,78.67,-2313,-489.96
002869.SZ,20180801,2757,611.03,2104,466.18,1862,412.5,2970,658.13,1532,339.57,1077,238.8,0,0.0,0,0.0,-1691,-374.16
002869.SZ,20180731,2170,485.82,2645,593.62,1950,437.0,1984,444.71,1536,345.89,1027,230.37,0,0.0,0,0.0,-253,-56.45
002869.SZ,20180730,5254,1171.89,4357,972.15,4182,930.94,5378,1198.34,2745,611.99,2426,540.35,139,31.04,158,35.01,-4208,-938.72
002869.SZ,20180727,9525,2183.64,6993,1602.08,8663,1984.19,11523,2638.57,4336,988.69,3630,830.38,194,44.58,572,130.08,-2724,-618.19
002869.SZ,20180726,6698,1644.17,4324,1061.82,5981,1468.8,7188,1763.58,2193,538.01,3859,947.6,499,122.04,0,0.0,-4779,-1171.58
002869.SZ,20180725,8387,2121.62,7276,1842.9,8338,2110.79,10340,2616.37,3974,1007.1,3083,780.23,0,0.0,0,0.0,-2054,-517.97
002869.SZ,20180724,5250,1295.56,7083,1756.24,7913,1963.06,7090,1756.01,2772,690.75,2713,673.54,1931,479.38,980,242.96,5661,1407.61
002869.SZ,20180723,3422,827.44,2755,667.44,2353,569.78,2944,712.97,1286,312.15,1362,328.97,0,0.0,0,0.0,-383,-91.82
002869.SZ,20180720,2512,606.37,2707,653.83,2259,545.38,2161,521.58,679,164.21,582,140.55,0,0.0,0,0.0,666,161.54
002869.SZ,20180719,4994,1212.33,3015,732.16,3497,850.35,3807,924.08,986,237.23,2258,545.7,0,0.0,397,97.98,-2499,-601.03
002869.SZ,20180718,4650,1163.39,3425,857.56,3937,987.11,4947,1239.25,1029,258.56,1386,347.88,142,35.63,0,0.0,-1808,-449.74
002869.SZ,20180717,5029,1256.12,4354,1088.81,6777,1695.71,6994,1751.85,3061,767.48,4715,1185.07,2090,531.85,894,225.43,-397,-90.58
002869.SZ,20180716,3749,927.18,4304,1066.79,5427,1346.09,5956,1475.02,3304,818.67,2986,739.5,1446,356.65,680,167.28,-2255,-553.99
002869.SZ,20180713,3526,864.08,4050,994.6,5025,1233.07,4395,1076.97,1672,409.15,1866,456.44,88,21.71,0,0.0,-1087,-264.34
002869.SZ,20180712,4617,1143.28,5378,1333.48,5541,1372.54,5847,1448.5,2233,555.04,1166,288.89,0,0.0,0,0.0,815,202.12
002869.SZ,20180711,4515,1085.58,3807,916.18,4051,974.59,5115,1229.36,1711,411.24,1355,325.86,0,0.0,0,0.0,-1722,-411.43
002869.SZ,20180710,3977,979.95,5398,1332.26,4564,1125.8,4921,1214.22,2086,516.37,345,84.79,489,121.72,452,112.55,320,80.14
002869.SZ,20180709,3852,933.59,3419,829.14,3684,893.46,3552,861.31,823,199.9,1341,325.06,0,0.0,47,11.44,523,127.86
002869.SZ,20180706,5080,1204.32,5838,1387.78,4594,1090.16,5922,1406.24,2770,659.52,1490,353.09,806,193.12,0,0.0,-602,-139.55
002869.SZ,20180705,4357,1041.14,3417,817.03,3531,842.15,4036,962.94,139,32.57,574,135.9,0,0.0,0,0.0,-765,-181.23
002869.SZ,20180704,6562,1601.6,4879,1192.92,5199,1269.26,6197,1509.44,1229,297.81,1914,466.3,0,0.0,0,0.0,-4325,-1053.93
002869.SZ,20180703,5538,1374.97,6340,1576.83,5776,1434.99,7167,1779.44,3917,976.26,1724,429.97,0,0.0,0,0.0,763,197.04
002869.SZ,20180702,9626,2414.29,5941,1489.45,7240,1813.87,7769,1953.24,1354,340.51,4233,1058.2,0,0.0,276,67.79,-3432,-855.78
002869.SZ,20180629,6117,1522.02,7560,1890.04,6835,1702.94,7501,1870.32,4637,1166.14,2951,738.68,423,107.93,0,0.0,2172,550.7
002869.SZ,20180628,7852,1925.15,4291,1053.67,8716,2137.8,6270,1536.84,1758,431.75,6740,1652.61,0,0.0,1025,251.59,-2894,-707.56
002869.SZ,20180627,6753,1676.65,9680,2410.14,9838,2448.1,11592,2885.26,7650,1909.26,3669,911.28,700,172.68,0,0.0,376,109.32
002869.SZ,20180626,5248,1239.29,7198,1707.83,8267,1968.15,6224,1474.56,1275,301.14,1368,326.19,0,0.0,0,0.0,1382,331.05
002869.SZ,20180625,5603,1328.03,4553,1080.57,5323,1263.54,6088,1445.77,1145,271.04,1430,336.26,0,0.0,0,0.0,-1461,-343.89
002869.SZ,20180622,7736,1821.49,6036,1425.68,7769,1826.27,9153,2158.21,2360,550.19,2195,506.93,19,4.37,500,111.5,-226,-60.8
002869.SZ,20180621,12984,3262.89,6089,1541.39,12086,3038.89,13115,3296.48,3046,750.03,8312,2069.16,0,0.0,600,144.78,-7031,-1773.29
002869.SZ,20180620,7450,1970.65,6905,1832.88,9216,2443.2,9986,2647.95,3591,955.06,3414,900.94,48,12.86,0,0.0,-366,-91.73
002869.SZ,20180619,10893,2975.6,5789,1585.02,10021,2741.69,12151,3330.27,3156,860.8,4195,1139.5,0,0.0,1935,523.31,-5985,-1634.36
002869.SZ,20180615,16701,5054.98,10791,3270.6,17525,5321.07,19453,5885.25,7552,2284.23,11734,3551.94,748,221.33,548,173.82,-6999,-2107.34
002869.SZ,20180614,12591,4052.72,13322,4295.24,17618,5679.74,20015,6449.85,11341,3660.05,8087,2603.68,1638,531.57,1764,575.33,2097,689.84
002869.SZ,20180613,11831,3716.56,8344,2628.17,11711,3680.44,13064,4102.54,5003,1572.94,6878,2158.75,1341,418.31,1600,498.8,-3590,-1121.99
002869.SZ,20180612,13537,4280.74,13638,4327.33,18612,5902.82,19522,6184.4,7830,2493.26,7289,2312.08,2470,784.22,2000,637.23,4689,1524.5
002869.SZ,20180611,9628,3035.52,7950,2510.16,12707,4010.51,12932,4077.61,3943,1248.16,3585,1130.52,360,114.48,2171,690.38,2702,865.39
002869.SZ,20180608,9470,2960.87,6766,2120.26,12592,3944.01,13104,4102.06,4427,1385.41,6120,1912.28,0,0.0,499,155.69,525,169.35
002869.SZ,20180607,9973,3101.58,8602,2682.65,14040,4367.8,12782,3979.62,5231,1634.67,8452,2630.66,2486,780.29,1893,591.4,-1039,-308.71
002869.SZ,20180606,11939,3724.04,12832,4013.99,16084,5025.83,16220,5069.17,7666,2406.25,8830,2766.66,3065,971.73,873,278.04,3665,1168.94
002869.SZ,20180605,7790,2336.6,10182,3057.68,10898,3271.32,11680,3512.52,5542,1667.35,5120,1538.91,4056,1226.19,1304,392.37,6960,2100.98
002869.SZ,20180604,5149,1499.32,4222,1231.59,5759,1678.71,6086,1771.3,1863,542.21,2585,752.47,365,106.51,243,71.4,-2000,-581.13
002869.SZ,20180601,8000,2350.17,6653,1962.11,9038,2661.86,9595,2818.33,3861,1138.74,5290,1556.74,639,186.41,0,0.0,-3062,-889.55
002869.SZ,20180531,8260,2432.21,7992,2355.76,10493,3093.48,11757,3463.71,5376,1583.88,4202,1238.61,611,180.24,789,231.72,-1754,-511.21
002869.SZ,20180530,18067,5434.01,10579,3193.52,19193,5790.68,17600,5306.78,5853,1754.67,13269,3984.48,0,0.0,1665,494.58,-8322,-2499.08
002869.SZ,20180529,17221,5620.71,17663,5761.82,22415,7314.41,22380,7317.3,14751,4851.69,11466,3764.37,3115,1048.48,5993,1991.81,3795,1232.85
002869.SZ,20180528,14790,4630.2,12074,3794.24,17208,5402.57,16066,5048.91,5780,1820.98,11492,3606.05,2783,886.56,930,291.11,-6657,-2068.93
002869.SZ,20180525,19442,6304.55,21654,7032.33,25853,8373.23,27929,9060.09,19551,6365.5,15927,5173.14,5192,1689.46,4527,1467.18,14303,4678.66
002869.SZ,20180524,7291,2264.96,5328,1658.99,8310,2583.68,8620,2682.91,5582,1740.19,4481,1394.4,41,12.84,2795,865.38,-1178,-361.19
002869.SZ,20180523,13837,4325.75,9452,2958.47,12221,3822.17,13271,4150.85,3832,1199.81,7683,2400.62,518,162.51,1,0.31,-4978,-1549.8
002869.SZ,20180522,11755,3737.43,10609,3380.0,14576,4639.26,15324,4879.98,6340,2019.49,6983,2223.98,3401,1100.3,3156,1012.51,565,195.43
002869.SZ,20180521,15188,4794.74,13189,4179.1,18423,5816.48,17364,5487.3,7734,2446.0,10602,3336.13,4223,1355.05,4413,1409.74,4026,1269.99
002869.SZ,20180518,10185,3138.49,9493,2933.3,13643,4211.77,11818,3646.88,8455,2610.53,4756,1467.98,558,174.04,6774,2086.68,4522,1396.37
002869.SZ,20180517,6982,2123.98,7184,2188.94,8186,2493.85,7567,2306.19,2734,833.61,3838,1169.39,1383,425.21,696,212.13,854,260.3
002869.SZ,20180516,7936,2389.27,5388,1623.86,6273,1888.77,7355,2213.62,2280,686.6,3673,1104.87,0,0.0,74,22.3,-3772,-1132.04
002869.SZ,20180515,10179,3116.59,10801,3305.35,11681,3582.67,12507,3836.36,5905,1818.74,3740,1147.9,357,111.41,1074,339.79,5186,1606.32
002869.SZ,20180514,5647,1650.93,4648,1359.14,5090,1488.74,5781,1691.46,1587,463.91,1894,552.98,0,0.0,0,0.0,-3374,-983.32
002869.SZ,20180511,10228,3067.64,7497,2252.68,11265,3387.49,12476,3752.39,4256,1285.76,5428,1631.43,380,113.66,728,218.04,-8377,-2522.0
002869.SZ,20180510,10327,3177.83,12889,3966.54,14015,4313.18,15852,4879.28,8138,2499.31,7893,2431.26,7307,2266.31,3153,979.56,332,111.14
002869.SZ,20180509,9276,2721.5,11447,3354.69,12085,3545.4,13428,3940.86,7319,2150.03,5839,1713.26,3234,947.35,1200,355.46,704,214.12
002869.SZ,20180508,5396,1510.13,4725,1326.2,5860,1643.0,5472,1533.71,1636,457.94,2970,828.75,387,109.06,112,31.47,-425,-118.3
002869.SZ,20180507,3577,998.8,4921,1375.64,3861,1079.63,3418,954.52,1193,333.28,401,111.78,109,30.23,0,0.0,810,226.6
002869.SZ,20180504,4958,1371.65,3746,1038.1,3641,1008.04,4923,1362.17,1139,316.43,814,225.17,159,44.42,414,115.1,-1749,-481.94
002869.SZ,20180503,6190,1680.51,4925,1344.26,6327,1724.49,6351,1729.32,883,242.21,2124,573.64,0,0.0,0,0.0,182,60.08
002869.SZ,20180502,6228,1716.91,3857,1067.1,5309,1465.65,6910,1908.15,2000,554.28,2297,629.63,0,0.0,473,131.97,-1447,-394.01
002869.SZ,20180427,7117,2046.66,4195,1210.49,6663,1920.38,7212,2075.42,1563,451.84,3919,1128.17,0,0.0,17,4.8,-3481,-998.33
002869.SZ,20180426,7431,2211.96,5913,1764.03,6712,1999.85,8037,2392.2,2948,881.11,3141,936.69,0,0.0,0,0.0,-5528,-1648.81
002869.SZ,20180425,10511,3155.9,11671,3519.68,14385,4329.39,16165,4849.68,10617,3190.93,7313,2201.97,484,147.94,849,252.82,1011,318.27
002869.SZ,20180424,6444,1894.54,7364,2170.91,8894,2620.59,8454,2491.59,2515,743.44,2532,745.79,910,267.64,413,117.92,2985,883.8
002869.SZ,20180423,5424,1557.84,4779,1377.19,7025,2021.52,5860,1683.66,2492,718.2,3017,866.9,0,0.0,1285,369.81,-1835,-526.17
002869.SZ,20180420,7688,2233.98,7209,2104.71,6930,2019.99,8053,2343.59,3572,1042.32,2999,871.25,465,137.8,394,114.54,-2047,-590.3
002869.SZ,20180419,9978,2952.59,7060,2093.38,7560,2239.88,9366,2772.94,3157,936.63,4269,1262.79,0,0.0,0,0.0,-2437,-715.76
002869.SZ,20180418,14527,4307.27,11581,3450.72,16894,5020.39,18773,5569.59,4887,1459.62,6811,2017.74,858,250.77,0,0.0,-6062,-1779.41
002869.SZ,20180417,12927,4164.6,12534,4048.62,16646,5371.56,16212,5231.11,6455,2089.91,6344,2043.23,0,0.0,938,303.12,-790,-237.65
002869.SZ,20180416,9876,3136.29,7312,2328.03,11696,3719.37,11050,3510.74,2668,847.22,5877,1864.11,0,0.0,0,0.0,-2736,-860.45
002869.SZ,20180413,17074,5537.81,12715,4133.95,18981,6168.79,19693,6391.95,8262,2689.47,12085,3926.26,751,243.88,576,187.79,-8165,-2643.05
002869.SZ,20180412,19687,6333.32,21736,7023.18,29145,9371.59,28379,9131.26,14203,4593.77,15116,4845.11,3132,1009.46,936,308.59,4763,1559.27
002869.SZ,20180411,14645,4610.43,17418,5483.64,20256,6375.09,22248,7010.12,13908,4388.54,11676,3681.15,2533,800.85,0,0.0,8126,2573.54
002869.SZ,20180410,9290,2787.98,6069,1824.23,7889,2368.2,9281,2785.5,2243,672.67,3893,1165.42,0,0.0,179,53.7,-3864,-1159.79
002869.SZ,20180409,8417,2545.16,8398,2549.77,9875,2993.36,9847,2982.04,3690,1124.32,4091,1236.09,354,105.05,0,0.0,-227,-55.46
002869.SZ,20180404,10970,3397.7,7336,2277.27,9792,3038.01,10365,3213.57,4305,1335.47,7366,2280.34,0,0.0,0,0.0,-6701,-2068.19
002869.SZ,20180403,12360,3850.45,10673,3334.92,13703,4273.44,15167,4732.96,6436,2016.28,5865,1826.68,104,32.12,898,277.74,-2892,-889.94
002869.SZ,20180402,23528,7484.95,19824,6285.29,24625,7796.71,27561,8744.25,14323,4534.0,14685,4655.28,490,155.91,898,286.75,2608,820.47
002869.SZ,20180330,9822,2991.92,10168,3104.95,13031,3973.77,13345,4068.45,6584,2010.74,5873,1791.06,783,240.62,834,252.59,161,52.93
002869.SZ,20180329,11102,3362.78,9234,2808.18,12919,3924.19,13330,4045.85,4823,1467.84,6572,1991.25,292,90.48,0,0.0,-3089,-927.76
002869.SZ,20180328,15052,4541.42,13752,4158.86,19444,5876.05,19865,6004.12,8723,2641.12,10398,3137.69,1731,522.22,936,280.13,-1129,-317.82
002869.SZ,20180327,15183,4530.66,15510,4645.52,19155,5723.21,19925,5956.23,11028,3300.93,11405,3396.34,2085,625.38,611,182.09,1371,414.83
002869.SZ,20180326,9824,2732.38,9597,2679.85,13809,3861.37,12880,3600.45,6260,1757.82,7827,2196.15,1346,386.49,935,261.62,1097,327.65
002869.SZ,20180323,14471,4090.47,12833,3637.59,16861,4776.32,17586,4973.42,11135,3151.8,11810,3339.99,1029,296.07,1268,363.66,-5689,-1595.62
002869.SZ,20180322,22501,6899.31,14943,4589.08,22747,6980.21,21789,6687.45,13142,4040.15,20324,6228.79,2082,638.79,3416,1053.13,-738,-201.07
002869.SZ,20180321,4739,1375.42,10858,3183.3,7956,2306.59,16229,4775.05,11317,3328.75,11888,3516.44,16450,4903.38,1487,439.34,-16570,-4986.41
002869.SZ,20180320,9287,2487.26,6952,1867.0,9656,2588.53,9542,2559.48,3853,1035.47,5952,1592.44,615,164.66,964,256.99,-2131,-567.15
002869.SZ,20180319,13358,3637.25,9862,2690.37,13602,3703.12,16870,4595.28,6755,1836.04,7931,2149.93,1448,393.17,500,134.0,-817,-221.85
002869.SZ,20180316,4581,1354.24,4446,1315.4,5423,1603.56,5325,1573.57,2345,693.88,2577,762.71,0,0.0,0,0.0,-1358,-400.39
002869.SZ,20180315,10313,3025.05,6278,1841.89,8842,2595.66,9924,2911.34,3201,943.48,5524,1623.38,0,0.0,630,187.57,-2804,-819.5
002869.SZ,20180314,10242,3160.53,5932,1831.62,8509,2624.89,9486,2929.69,3899,1203.37,7052,2172.41,0,0.0,179,55.07,-4370,-1349.75
002869.SZ,20180313,10744,3418.53,9481,3026.1,11943,3806.45,12469,3974.45,5535,1767.58,6272,1992.0,0,0.0,0,0.0,-2206,-687.75
002869.SZ,20180312,12280,3912.97,11874,3794.17,16666,5322.16,17589,5613.38,8998,2872.05,8685,2767.46,968,310.32,763,242.5,700,231.37
002869.SZ,20180309,17353,5428.24,14540,4564.99,22085,6926.87,18835,5905.17,7995,2512.21,12829,4011.89,0,0.0,1228,385.27,-5490,-1695.81
002869.SZ,20180308,21804,6921.36,18090,5767.68,26511,8434.53,23945,7612.67,15693,4992.35,22060,7001.0,2830,892.98,2743,859.86,5094,1683.67
002869.SZ,20180307,5525,1689.64,9656,2975.7,8262,2534.89,12326,3799.92,8647,2668.21,9626,2965.3,11154,3462.49,1981,614.3,-16170,-5032.14
002869.SZ,20180306,3522,997.37,3821,1082.64,4303,1220.09,4778,1353.91,2642,748.67,1868,529.58,0,0.0,0,0.0,-567,-158.35
002869.SZ,20180305,2127,593.32,2271,633.82,3536,987.11,2440,681.28,955,266.61,1907,531.94,0,0.0,0,0.0,477,134.47
002869.SZ,20180302,3063,850.38,2568,713.32,3722,1034.02,3816,1059.91,494,136.9,895,248.08,0,0.0,0,0.0,-1734,-480.24
002869.SZ,20180301,4893,1367.92,4948,1384.82,5433,1520.09,5802,1621.8,2090,585.48,1484,416.23,436,119.64,618,170.28,1395,386.45
002869.SZ,20180228,3477,945.05,2364,643.01,3035,824.62,3652,991.98,1019,276.7,1514,411.38,0,0.0,0,0.0,-1829,-496.16
002869.SZ,20180227,4298,1185.09,4020,1110.47,4917,1359.52,5476,1511.64,1307,361.45,1026,283.94,0,0.0,0,0.0,-250,-68.05
002869.SZ,20180226,4698,1292.7,4973,1370.83,5820,1599.78,4987,1374.88,2427,671.02,2986,817.8,0,0.0,0,0.0,-957,-263.84
002869.SZ,20180223,2080,547.06,2446,644.11,2183,573.61,2663,699.72,1740,458.9,894,235.73,0,0.0,0,0.0,825,218.62
002869.SZ,20180222,1627,424.73,1768,461.62,2150,561.23,1820,475.25,383,99.99,549,143.07,0,0.0,23,6.0,13,3.7
002869.SZ,20180214,1392,360.29,1281,331.66,940,243.29,982,254.16,100,25.95,169,43.72,0,0.0,0,0.0,-700,-180.36
002869.SZ,20180213,1668,434.58,1666,435.14,1925,502.39,1646,429.49,658,171.52,939,243.86,0,0.0,0,0.0,-669,-175.14
002869.SZ,20180212,2167,560.79,2713,703.88,3080,797.57,2607,674.5,760,198.36,688,178.35,0,0.0,0,0.0,429,109.82
002869.SZ,20180209,2984,754.4,2232,566.23,3046,770.71,3423,865.71,577,146.69,951,239.86,0,0.0,0,0.0,-879,-222.84
002869.SZ,20180208,2165,561.52,2589,672.28,3294,854.61,2372,613.9,742,192.47,1281,333.03,641,165.52,600,154.92,1189,309.72
002869.SZ,20180207,2865,727.62,2677,681.02,3661,929.07,3320,843.37,801,204.08,1329,336.39,0,0.0,0,0.0,-917,-230.6
002869.SZ,20180206,4818,1268.13,2920,770.02,2778,732.5,3829,1009.42,630,167.33,1431,376.07,0,0.0,46,12.46,-2442,-649.03
002869.SZ,20180205,1748,481.82,1543,425.83,1527,421.05,1285,354.15,87,24.05,534,146.94,0,0.0,0,0.0,-198,-54.22
002869.SZ,20180202,2676,748.44,2983,836.78,2860,803.84,2474,693.1,358,100.58,437,122.99,0,0.0,0,0.0,-587,-161.43
002869.SZ,20180201,4798,1367.93,3108,887.65,3063,873.11,4172,1189.13,1574,446.69,2587,736.88,432,125.93,0,0.0,-2877,-819.7
002869.SZ,20180131,5441,1589.62,3013,882.3,4460,1300.01,5947,1735.25,1901,555.06,2842,827.13,0,0.0,0,0.0,-4685,-1367.27
002869.SZ,20180130,4352,1310.42,2028,611.56,2724,820.27,4003,1205.02,727,217.99,1772,532.1,360,109.37,360,109.37,-2076,-626.86
002869.SZ,20180129,6508,2008.23,3661,1131.94,5129,1588.03,6541,2021.78,1307,403.76,2431,749.92,0,0.0,312,96.37,-2304,-713.12
002869.SZ,20180126,6678,2125.26,5012,1597.68,6365,2026.96,6915,2202.22,2205,703.65,3288,1045.35,0,0.0,33,10.62,-3892,-1237.57
002869.SZ,20180125,8729,2871.47,10991,3619.14,12224,4023.61,11794,3881.74,5895,1943.45,5282,1737.47,1219,399.83,0,0.0,-1053,-336.1
002869.SZ,20180124,6413,2028.12,5611,1778.94,7378,2339.98,7148,2261.73,1754,556.95,3148,999.88,362,115.51,0,0.0,187,68.46
002869.SZ,20180123,5136,1628.31,4168,1324.87,5316,1688.05,4691,1487.12,2347,743.81,3762,1192.13,0,0.0,178,56.06,-1075,-337.05
002869.SZ,20180122,6975,2200.12,5370,1698.13,6572,2076.0,8293,2616.53,3311,1046.74,2717,857.36,364,115.72,842,266.58,-2327,-731.3
002869.SZ,20180119,9656,3076.95,9437,3021.44,11653,3724.23,11276,3605.18,5603,1795.32,6108,1941.23,0,0.0,91,28.67,-1153,-359.25
002869.SZ,20180118,10459,3369.25,8311,2686.42,10985,3546.54,11480,3711.6,4437,1438.49,6677,2150.17,588,193.91,0,0.0,-3941,-1263.78
002869.SZ,20180117,17378,5735.4,13633,4502.01,19707,6498.55,17305,5704.67,9919,3275.64,16423,5418.85,2339,773.96,1982,658.03,-1287,-406.85
002869.SZ,20180116,4424,1327.73,9256,2843.78,6675,2017.75,8516,2607.98,4237,1285.97,5179,1588.68,8155,2579.85,540,170.86,-2111,-694.54
002869.SZ,20180115,4503,1320.94,2282,671.22,3071,899.67,3920,1150.82,880,259.85,2252,658.41,0,0.0,0,0.0,-3394,-998.26
002869.SZ,20180112,2153,651.97,1921,582.15,2639,799.13,2778,841.03,855,258.5,948,286.41,0,0.0,0,0.0,-1723,-521.9
002869.SZ,20180111,2941,892.59,3257,990.58,3345,1017.38,3628,1102.37,2049,622.75,1416,429.44,4,1.2,38,11.52,1415,431.22
002869.SZ,20180110,4070,1228.02,3022,911.72,3147,949.74,4129,1246.12,1030,310.72,1495,451.84,400,121.2,0,0.0,-3247,-980.64
002869.SZ,20180109,5995,1836.83,4636,1421.52,5611,1719.84,5794,1776.41,2286,701.17,3080,943.76,0,0.0,382,116.15,-2081,-639.31
002869.SZ,20180108,3744,1183.76,3674,1162.67,3740,1182.75,3990,1261.81,1553,491.11,1373,433.14,0,0.0,0,0.0,733,231.58
002869.SZ,20180105,2516,790.23,2576,809.66,2799,879.55,2411,756.79,275,86.45,922,289.95,318,100.17,0,0.0,-1036,-324.44
002869.SZ,20180104,2440,767.06,2705,850.66,2620,823.58,2527,794.61,834,262.54,662,207.91,0,0.0,0,0.0,-415,-130.07
002869.SZ,20180103,3828,1199.03,3136,982.97,3194,1000.55,3489,1092.44,875,273.94,1272,398.12,0,0.0,0,0.0,-633,-197.47
002869.SZ,20180102,4232,1327.72,2786,874.82,3600,1129.62,4180,1311.74,781,245.19,1647,515.96,0,0.0,0,0.0,-1784,-558.87
002869.SZ,20191231,9248,5994.03,8691,5639.87,4896,3177.59,7006,4546.2,4881,3173.89,3917,2541.35,910,589.95,321,208.03,1777,1157.06
002869.SZ,20191230,11369,7230.7,9192,5862.85,8141,5180.75,9064,5770.35,3387,2153.98,5424,3437.4,1532,978.57,749,473.41,1063,680.0
002869.SZ,20191227,10497,6865.02,8607,5631.76,7526,4922.05,8410,5497.79,3382,2215.41,3844,2513.56,493,321.21,1037,680.57,-458,-280.92
002869.SZ,20191226,8991,5864.09,7696,5022.67,7032,4587.49,7716,5030.8,3359,2191.02,4341,2828.56,1330,866.17,959,626.74,-1285,-832.33
002869.SZ,20191225,10239,6746.83,11276,7437.35,11182,7378.69,9826,6482.49,5843,3860.01,7152,4717.9,1382,911.06,392,258.85,-416,-277.68
002869.SZ,20191224,12944,8421.56,13401,8723.51,12318,8012.76,10080,6561.07,4290,2796.1,5473,3558.29,990,646.91,1588,1034.46,-3667,-2379.5
002869.SZ,20191223,15463,10257.92,17445,11609.24,18114,12064.66,16611,11078.69,12771,8541.7,11905,7935.89,3345,2228.99,3732,2469.44,789,566.5
002869.SZ,20191220,20895,13619.51,18408,11998.59,16216,10585.34,17506,11417.24,10386,6765.67,10016,6541.83,1597,1040.37,3164,2053.24,11831,7712.5
002869.SZ,20191219,8564,5383.12,9461,5951.33,7666,4821.0,9409,5919.26,4302,2708.91,4003,2516.86,2486,1566.7,146,92.27,1804,1146.3
002869.SZ,20191218,8719,5482.67,11522,7246.88,9870,6208.15,9497,5973.15,5603,3519.33,5021,3154.14,2545,1602.57,698,438.55,-3150,-1971.88
002869.SZ,20191217,13585,8499.48,11932,7471.31,10906,6828.71,12490,7820.43,6727,4211.9,7397,4629.76,3114,1952.35,2512,1570.95,1643,1044.7
002869.SZ,20191216,11286,6960.79,13539,8361.61,10508,6497.46,10844,6700.46,6587,4068.4,4977,3074.85,1573,973.89,594,363.62,3962,2460.5
002869.SZ,20191213,11760,7103.48,9598,5803.53,10236,6187.97,9578,5794.48,4228,2558.89,5807,3504.95,225,135.91,1467,883.27,5812,3518.93
002869.SZ,20191212,12627,7600.35,12165,7324.34,10808,6503.73,10040,6041.5,5783,3479.52,6724,4044.39,807,485.37,1096,658.72,-6326,-3799.61
002869.SZ,20191211,15023,9132.74,13606,8277.43,11380,6930.97,12463,7591.8,6121,3739.95,6412,3907.94,415,254.04,458,280.54,1215,757.78
002869.SZ,20191210,13069,7968.9,10373,6335.12,9153,5577.45,9529,5809.78,4024,2450.1,5281,3211.65,696,423.64,1759,1063.53,-2147,-1297.31
002869.SZ,20191209,15242,9406.73,11942,7369.14,10030,6178.77,11516,7103.81,3775,2325.78,5635,3466.23,560,344.1,514,316.21,-3229,-1978.09
002869.SZ,20191206,12950,8110.37,11197,7016.08,10482,6566.09,12207,7645.01,5403,3386.18,5111,3201.47,279,174.34,599,374.41,-314,-193.83
002869.SZ,20191205,16923,10501.7,18332,11375.22,19431,12067.59,18242,11332.14,13020,8099.79,12257,7615.35,556,341.33,1099,687.7,9102,5643.19
002869.SZ,20191204,10534,6206.72,10093,5950.32,8063,4758.2,7949,4688.85,3128,1847.87,3490,2059.28,1,0.59,194,114.93,1672,996.39
002869.SZ,20191203,13528,7943.1,12101,7106.35,11474,6749.1,11520,6775.42,4578,2696.75,5734,3372.96,24,13.75,250,147.98,1904,1129.43
002869.SZ,20191202,16407,9504.4,12487,7234.5,12558,7253.03,13730,7939.63,5445,3133.53,8554,4929.17,1108,634.9,748,422.56,538,344.67
002869.SZ,20191129,8889,5232.22,7080,4169.2,5208,3064.63,6211,3654.27,2001,1174.15,2796,1643.66,326,192.33,337,196.19,985,582.48
002869.SZ,20191128,8701,5136.6,8475,5003.32,5976,3528.48,7276,4296.4,3427,2022.31,3074,1814.47,742,439.24,21,12.44,-1243,-729.99
002869.SZ,20191127,11725,6885.13,10255,6021.51,8765,5148.96,9473,5566.44,3402,2001.34,4233,2488.43,1826,1074.02,1758,1033.07,3629,2144.16
002869.SZ,20191126,15796,9313.99,12470,7341.75,10578,6232.45,11416,6729.07,5203,3074.21,7210,4262.21,600,354.42,1081,642.03,3437,2036.27
002869.SZ,20191125,20403,12117.25,13588,8099.73,16961,10042.04,17759,10533.75,7114,4201.84,12415,7367.9,2485,1504.81,3201,1864.57,-2179,-1339.42
002869.SZ,20191122,19900,12864.03,17769,11487.96,15681,10089.14,15360,9894.92,9903,6398.15,11482,7408.05,1640,1062.91,2513,1623.29,-9488,-6113.46
002869.SZ,20191121,16209,10748.04,16471,10919.77,17463,11603.97,18477,12277.16,14185,9445.5,12296,8184.47,2155,1439.62,2768,1855.72,4247,2817.15
002869.SZ,20191120,11291,7300.18,7664,4958.16,7420,4799.94,8814,5701.55,4481,2894.19,6209,4014.36,2201,1422.46,2706,1742.71,-5472,-3531.15
002869.SZ,20191119,11064,7154.73,11528,7470.04,12037,7800.28,11540,7478.18,9381,6079.07,8691,5628.02,2577,1661.79,3300,2119.62,1478,972.5
002869.SZ,20191118,10531,6752.7,8477,5436.54,7100,4551.03,8156,5227.69,3658,2345.46,4845,3104.79,1875,1197.48,1686,1077.66,146,98.07
002869.SZ,20191115,13999,9123.28,12303,8031.09,10312,6721.39,10153,6617.41,4859,3167.73,6785,4411.84,570,371.61,499,323.66,-4285,-2779.43
002869.SZ,20191114,13207,8680.12,15071,9915.09,13842,9115.93,12562,8271.05,9477,6247.53,7757,5108.83,670,441.21,1806,1189.82,2888,1903.58
002869.SZ,20191113,11430,7422.29,11554,7504.94,9863,6410.58,10161,6607.25,4761,3099.12,4739,3082.14,696,455.19,296,192.85,-1478,-947.81
002869.SZ,20191112,14772,9575.62,12097,7844.48,12154,7878.52,12130,7864.75,6358,4120.24,8259,5345.54,599,388.72,1398,908.33,697,454.16
002869.SZ,20191111,18372,12134.32,12167,8056.06,15833,10432.89,15162,10019.28,6845,4512.13,11509,7559.02,1516,1013.67,3730,2458.66,-6207,-4094.68
002869.SZ,20191108,8282,5665.27,6759,4624.04,7722,5282.97,8833,6043.27,4994,3415.03,4849,3315.45,1442,984.85,1999,1365.34,-2007,-1363.03
002869.SZ,20191107,14335,9806.3,7807,5345.21,12020,8223.81,12337,8437.54,5655,3863.66,10606,7246.99,827,564.76,2087,1428.8,-4008,-2725.1
002869.SZ,20191106,13889,9691.13,11634,8128.59,14872,10386.67,14767,10304.8,10176,7112.32,10790,7533.17,1138,792.33,2884,2015.9,-3628,-2505.37
002869.SZ,20191105,15258,10719.44,14280,10041.6,14288,10045.45,15362,10796.04,8997,6328.49,9767,6861.6,2256,1580.88,1390,975.01,-4596,-3202.16
002869.SZ,20191104,19633,13939.4,15060,10700.59,16927,12024.67,18166,12902.65,12089,8583.69,14048,9970.85,1814,1289.73,3189,2263.4,-5627,-3986.93
002869.SZ,20191101,21522,15137.23,18488,13021.54,26587,18725.65,26089,18373.52,16267,11477.79,19530,13762.99,1901,1342.74,2169,1525.35,17815,12593.01
002869.SZ,20191031,18826,13184.75,16589,11638.82,23516,16485.35,20795,14584.25,13760,9640.23,16334,11424.75,3484,2432.61,5868,4095.12,220,221.13
002869.SZ,20191030,14796,10274.22,13559,9419.28,17147,11906.56,17718,12304.95,12506,8688.99,13897,9652.67,3156,2197.2,2431,1690.07,2860,2000.25
002869.SZ,20191029,28651,19880.05,22030,15297.73,32091,22268.18,32839,22783.62,21805,15128.5,22952,15926.79,1904,1319.21,6630,4587.81,-11128,-7675.61
002869.SZ,20191028,27022,20075.82,23121,17181.49,36385,27066.68,32586,24236.95,26055,19388.63,27782,20654.82,3157,2356.75,9130,6814.61,-1848,-1318.31
002869.SZ,20191025,17937,12764.29,21881,15604.41,25975,18492.7,24909,17774.54,19285,13773.9,17859,12723.26,5126,3689.58,3674,2618.27,2875,2109.04
002869.SZ,20191024,22337,15901.87,17736,12650.56,24996,17841.55,23043,16448.84,13303,9497.16,17345,12363.69,1162,834.72,3674,2612.21,-5655,-4010.22
002869.SZ,20191023,25266,18600.55,22985,16953.12,33548,24666.98,32169,23685.1,23137,17044.09,25796,18984.61,6163,4536.08,7164,5224.88,8502,6306.65
002869.SZ,20191022,18944,13533.52,21535,15391.82,27604,19701.18,27811,19880.96,22564,16143.69,23844,17041.01,6509,4664.47,2431,1729.07,4868,3464.87
002869.SZ,20191021,16420,11123.57,12825,8700.08,16622,11250.84,16957,11497.18,8024,5439.38,10387,7029.5,2037,1388.02,2933,1975.05,998,698.71
002869.SZ,20191018,18414,12823.56,15544,10830.58,19595,13658.59,19610,13675.42,10422,7256.3,12890,8972.68,2403,1674.4,2791,1934.17,1439,1022.51
002869.SZ,20191017,26797,18770.58,19690,13821.08,31220,21865.3,29774,20859.92,21293,14903.94,24685,17275.53,1095,771.07,6256,4354.36,-9231,-6476.26
002869.SZ,20191016,24122,17368.23,23692,17090.25,32849,23688.79,34349,24757.78,28078,20285.85,26558,19173.71,5999,4341.03,6449,4662.15,11942,8671.8
002869.SZ,20191015,34645,25003.97,18634,13491.85,46648,33741.63,35819,25890.24,39975,28910.95,50377,36371.26,9796,7102.15,26234,19005.35,2572,1948.19
002869.SZ,20191014,1233,862.11,3062,2141.16,2608,1823.51,5057,3535.85,3784,2645.77,4124,2883.5,7078,4949.15,2460,1720.03,-14703,-10280.55
002869.SZ,20191011,15330,9769.24,17325,11066.43,19934,12744.39,22820,14595.41,14160,9074.22,11600,7412.57,3842,2459.55,1521,972.97,-4754,-2990.07
002869.SZ,20191010,14276,8880.08,17465,10861.63,20739,12871.78,23732,14775.11,20474,12757.47,18136,11293.97,7467,4657.59,3623,2236.21,13102,8237.51
002869.SZ,20191009,9615,5515.93,11249,6475.74,13846,7983.64,12344,7120.84,8604,4965.41,9169,5280.15,2464,1438.95,1766,1027.2,5877,3390.52
002869.SZ,20191008,12296,7012.04,10787,6168.03,11950,6824.32,12569,7177.19,6719,3835.8,8104,4621.4,2811,1618.03,2316,1323.56,-1347,-778.44
002869.SZ,20190930,11978,7013.92,8871,5202.6,12508,7325.02,11571,6780.81,6699,3926.44,9156,5361.23,1253,733.99,2840,1654.72,-2788,-1611.83
002869.SZ,20190927,11931,6963.46,9736,5682.45,12168,7099.92,13469,7865.07,8903,5199.4,9008,5254.06,1380,807.17,2168,1268.37,596,350.58
002869.SZ,20190926,19090,11072.51,16054,9347.81,26429,15349.77,26685,15488.4,20310,11773.08,23889,13817.63,7307,4219.16,6507,3760.67,-1648,-1028.55
002869.SZ,20190925,28312,17872.44,12279,7802.06,28844,18191.99,27533,17459.81,17809,11262.25,25527,16112.57,2319,1468.33,11945,7420.56,-14269,-8997.65
002869.SZ,20190924,26965,18627.68,13406,9269.86,28460,19659.18,25040,17285.3,20270,13979.74,29417,20304.39,5429,3712.5,13261,9119.56,-23822,-16422.23
002869.SZ,20190923,12611,9038.5,10897,7826.51,17229,12363.38,14641,10505.22,14181,10185.55,17668,12681.33,2682,1928.84,3498,2503.21,2449,1781.54
002869.SZ,20190920,15904,11409.29,13029,9362.86,18751,13463.52,19111,13729.22,14634,10519.95,15845,11368.63,4682,3365.64,5984,4297.69,3256,2377.39
002869.SZ,20190919,15738,10946.31,16667,11568.78,22499,15635.95,23633,16404.47,23410,16273.32,21282,14811.0,8401,5816.89,8466,5888.22,20892,14550.56
002869.SZ,20190918,7174,4793.98,6922,4629.73,11643,7786.52,9718,6498.78,6882,4605.56,8051,5385.4,1458,975.66,2466,1647.81,743,506.41
002869.SZ,20190917,9665,6474.63,8722,5859.44,14797,9921.19,13500,9072.53,10653,7156.26,14525,9736.02,3587,2421.67,1954,1305.76,-1007,-655.32
002869.SZ,20190916,8684,5787.46,9745,6518.06,13289,8877.21,13172,8813.76,13220,8838.01,12407,8281.23,3926,2625.84,3795,2515.46,4081,2748.06
002869.SZ,20190912,13729,9104.98,11026,7316.97,16087,10674.25,14696,9761.65,10204,6779.09,12741,8459.32,2665,1777.45,4223,2797.83,-12280,-8128.49
002869.SZ,20190911,15502,10603.99,16260,11131.85,20984,14357.93,22672,15510.53,18294,12519.46,16974,11634.21,7238,4992.61,6112,4197.4,6944,4789.38
002869.SZ,20190910,14201,9424.86,11575,7690.04,16941,11250.94,15366,10210.99,11106,7379.07,12657,8401.92,1724,1140.07,4374,2891.98,-8682,-5752.43
002869.SZ,20190909,16090,10805.75,17906,12027.9,25261,16965.78,25680,17249.32,22110,14868.62,21051,14177.38,7749,5211.61,6573,4397.16,15239,10251.58
002869.SZ,20190906,18094,11726.87,13766,8934.32,16214,10509.57,16022,10371.38,8473,5492.97,11923,7721.43,2046,1321.33,3116,2023.61,-8526,-5511.5
002869.SZ,20190905,19057,12587.29,12750,8431.53,18254,12058.74,20899,13810.26,11569,7649.02,17300,11423.62,3651,2415.48,1582,1045.13,-3075,-2005.48
002869.SZ,20190904,15308,10172.13,11151,7431.91,19979,13305.64,18492,12315.32,16727,11150.59,19042,12660.01,3065,2026.44,6394,4247.56,-7357,-4852.54
002869.SZ,20190903,19278,13000.07,15588,10556.01,26278,17786.4,25783,17444.26,18675,12649.72,20755,14040.14,5004,3401.56,7109,4797.33,1008,772.96
002869.SZ,20190902,13924,9197.41,15907,10523.56,21369,14122.8,21394,14151.46,17274,11440.59,15402,10179.14,4648,3089.87,4512,2996.51,8029,5348.61
002869.SZ,20190830,26893,17584.95,14290,9373.16,29024,19010.58,26954,17637.83,17727,11613.73,27086,17743.53,6765,4448.41,12080,7903.15,-17640,-11519.25
002869.SZ,20190829,20426,13512.95,14491,9614.38,26544,17617.34,22480,14913.55,19874,13193.78,26457,17569.32,4402,2931.67,7817,5158.5,-7789,-5100.37
002869.SZ,20190828,17069,10986.85,22579,14512.11,29428,18923.97,30666,19754.3,25880,16695.97,24519,15823.48,12210,7980.45,6822,4497.34,13682,8734.9
002869.SZ,20190827,12436,7592.46,12567,7691.26,19713,12052.81,16277,9957.07,16424,10047.76,14632,8933.61,1703,1044.66,6800,4155.75,2748,1714.29
002869.SZ,20190826,15634,9336.77,14444,8654.86,19255,11499.14,23153,13840.23,14891,8903.99,14799,8813.19,5149,3091.36,2533,1522.98,6839,4115.9
002869.SZ,20190823,19570,11799.39,12803,7793.44,24294,14672.56,18207,11023.53,14748,8957.32,19801,11952.34,2046,1208.82,9848,5868.8,-12175,-7248.03
002869.SZ,20190822,12809,7723.55,8943,5406.68,14522,8762.65,14282,8628.09,9413,5692.74,12345,7450.33,2590,1569.76,3764,2263.6,-3138,-1874.66
002869.SZ,20190821,12215,7430.35,10816,6609.08,18107,11036.75,15724,9603.84,10293,6287.6,10928,6649.3,1338,823.14,4486,2715.62,734,453.97
002869.SZ,20190820,21550,13319.3,16413,10158.08,27787,17170.29,22852,14133.35,13139,8143.8,19522,12064.05,3358,2089.58,7047,4367.49,-17099,-10578.61
002869.SZ,20190819,15368,9687.13,15447,9754.36,22823,14392.0,23280,14681.04,15727,9916.26,17668,11131.93,7694,4856.44,5217,3284.5,635,426.11
002869.SZ,20190816,20047,12479.49,15132,9437.33,22631,14097.17,22834,14236.13,15787,9845.23,17443,10863.17,2233,1397.05,5288,3282.31,-9952,-6178.83
002869.SZ,20190815,20363,12309.66,19930,12099.7,30425,18409.55,29895,18119.55,22818,13854.76,22912,13862.56,7778,4719.46,8647,5211.62,11370,6940.21
002869.SZ,20190814,24348,14671.64,20265,12255.16,33176,20028.34,33350,20141.98,24336,14683.26,29449,17775.63,10736,6525.79,9531,5736.25,-3657,-2128.84
002869.SZ,20190813,20031,11291.56,16093,9098.3,26790,15148.53,26138,14765.62,19075,10802.77,25191,14279.38,7679,4380.39,6152,3479.94,5420,3124.19
002869.SZ,20190812,16856,9177.79,19115,10394.8,25988,14151.19,24297,13224.03,23075,12584.94,24479,13352.24,6684,3642.88,4713,2585.74,14387,7919.62
002869.SZ,20190809,15106,7927.29,14901,7827.86,24003,12614.75,21173,11123.87,14449,7583.77,16398,8608.55,3400,1785.43,4485,2350.96,-7374,-3830.6
002869.SZ,20190808,22508,11628.97,19911,10315.67,31746,16470.31,32419,16785.53,29574,15367.03,25105,13040.09,9770,5098.28,16162,8423.29,13395,7061.25
002869.SZ,20190807,14248,7168.78,14505,7301.25,22510,11338.83,21555,10857.63,18123,9126.86,21368,10756.75,6404,3229.22,3858,1948.05,6346,3216.15
002869.SZ,20190806,16316,7969.77,14117,6908.67,22353,10923.24,21372,10453.98,14697,7186.43,17092,8348.0,4727,2314.52,5511,2683.31,-6974,-3364.4
002869.SZ,20190805,18729,9413.65,17458,8757.47,28016,14059.16,33310,16718.4,20922,10488.39,26821,13452.38,20451,10245.74,10528,5278.69,15332,7718.92
002869.SZ,20190802,8873,4164.47,7218,3391.41,10705,5025.98,12502,5872.17,6435,3023.4,7937,3726.57,2504,1181.06,861,404.76,-708,-325.52
002869.SZ,20190801,17504,8318.86,9126,4340.38,21365,10148.76,21059,10003.45,11731,5570.67,17156,8146.39,1109,528.1,4369,2076.18,-8973,-4264.99
002869.SZ,20190731,7730,3798.35,8706,4285.16,12327,6061.45,12187,5997.29,9541,4697.93,9959,4899.66,3959,1952.64,2705,1328.25,1369,693.18
002869.SZ,20190730,9912,4864.37,10827,5318.21,12817,6293.22,12606,6190.37,9060,4446.69,9266,4545.39,2041,1003.82,1131,554.13,-8582,-4199.85
002869.SZ,20190729,12394,6024.31,11816,5770.1,15720,7662.96,18454,9009.48,14941,7320.31,11553,5631.73,2612,1285.92,3844,1882.2,9680,4762.51
002869.SZ,20190726,12026,5866.89,11501,5619.07,15312,7475.25,15168,7419.83,13881,6768.37,13023,6338.72,1334,661.48,2862,1394.36,-10569,-5137.86
002869.SZ,20190725,13386,6624.13,10921,5409.46,18239,9027.93,18984,9405.98,15348,7602.06,14579,7210.08,3834,1892.87,6323,3121.48,-1638,-786.98
002869.SZ,20190724,15076,7557.53,11647,5837.71,23564,11822.28,21331,10694.9,13317,6681.25,17007,8520.2,5164,2589.71,7135,3597.97,1603,841.74
002869.SZ,20190723,14046,6863.32,14480,7074.44,22015,10770.69,21046,10300.24,14174,6949.47,15363,7535.34,4706,2313.55,4052,1987.02,9828,4819.35
002869.SZ,20190722,15961,7566.93,10449,4960.17,18887,8959.93,18990,9011.56,10516,4988.87,14384,6819.67,1260,599.66,2801,1324.0,-637,-269.6
002869.SZ,20190719,18537,9040.27,12296,6029.45,24692,12064.81,22803,11143.39,16193,7885.97,20964,10194.69,3506,1707.88,6865,3331.39,-13616,-6653.64
002869.SZ,20190718,13630,6763.6,12600,6269.88,18239,9071.64,20581,10234.71,14049,6978.78,13652,6777.62,5170,2584.01,4255,2115.8,-1306,-620.65
002869.SZ,20190717,16886,8632.98,14540,7437.77,28026,14342.8,27192,13905.83,17945,9188.97,20577,10530.07,4967,2544.57,5515,2835.66,2254,1215.69
002869.SZ,20190716,15943,7869.97,18112,8951.63,23940,11832.85,24594,12164.2,19461,9619.13,18046,8919.97,4727,2350.01,3320,1636.16,-2190,-1050.25
002869.SZ,20190715,20732,9929.86,22757,10926.19,34264,16406.28,32638,15636.72,26869,12925.24,27677,13271.25,4869,2331.28,3662,1758.51,15936,7687.4
002869.SZ,20190712,21154,9808.58,15648,7273.45,29479,13683.23,31710,14734.94,19685,9156.2,21089,9784.02,3723,1731.86,5594,2587.47,-4695,-2135.59
002869.SZ,20190711,16518,7518.58,14983,6833.12,26670,12128.61,25040,11401.35,14523,6608.3,17231,7839.89,4972,2266.85,5430,2447.98,-5672,-2565.41
002869.SZ,20190710,22268,10263.29,20933,9673.83,35026,16150.21,32686,15095.36,25429,11754.72,26389,12163.83,5177,2395.68,7893,3630.87,-4948,-2217.75
002869.SZ,20190709,37019,17902.27,26421,12924.36,52650,25594.98,49301,23942.46,37737,18248.1,49475,23945.92,14479,7054.24,16688,7986.88,-14573,-6587.66
002869.SZ,20190708,33188,17192.39,23947,12448.4,48863,25328.12,44777,23227.8,44677,23215.88,53265,27635.44,19780,10271.26,24519,12696.01,-1843,-836.78
002869.SZ,20190705,16342,7613.47,18226,8539.89,26933,12545.4,29794,13958.22,27271,12752.27,29629,13856.03,22793,10809.63,15690,7366.64,16081,7580.45
002869.SZ,20190704,18993,8433.96,13653,6060.74,30924,13745.95,26939,11953.61,26385,11722.77,30459,13545.36,5820,2586.46,11071,4929.44,2490,1169.79
002869.SZ,20190703,17908,7773.99,15233,6628.55,29165,12665.9,27597,12002.57,26946,11753.93,28148,12238.74,8471,3668.36,11512,4992.32,-3917,-1616.63
002869.SZ,20190702,27504,12345.91,19709,8868.67,43532,19593.34,42459,19084.82,45711,20589.01,56676,25491.55,20755,9411.98,18657,8495.19,-1245,-339.28
002869.SZ,20190701,7371,3028.56,10455,4333.99,13225,5446.16,17067,7079.16,19792,8248.58,21630,9018.89,20170,8532.68,11407,4823.94,-11700,-4993.38
002869.SZ,20190628,22178,8412.97,24953,9451.45,30240,11457.28,32258,12258.65,24562,9338.43,19983,7609.86,6187,2394.12,5973,2282.84,11209,4396.93
002869.SZ,20190627,21318,7777.06,24839,9076.72,27111,9916.95,27310,10011.48,21254,7798.07,16486,6035.77,3683,1353.82,4730,1721.94,1522,608.7
002869.SZ,20190626,20579,7364.83,18557,6648.4,23607,8445.03,24269,8688.64,10341,3703.04,11379,4064.09,2178,779.12,2500,890.88,-4678,-1656.35
002869.SZ,20190625,33696,12387.47,23448,8630.02,44432,16359.52,39038,14361.16,24183,8942.22,33358,12306.21,5342,1964.22,11810,4356.04,-2096,-657.67
002869.SZ,20190624,12565,4365.44,15435,5394.47,21040,7309.07,23901,8344.31,20020,7028.65,20431,7169.44,20539,7346.26,14397,5141.21,-18649,-6786.31
002869.SZ,20190621,12769,4132.13,12373,4013.73,17076,5540.88,17593,5708.05,10208,3318.81,8638,2797.27,985,322.18,2434,794.95,1630,536.63
002869.SZ,20190620,12730,4059.51,11627,3713.87,15952,5089.87,17031,5438.14,7449,2385.02,7798,2490.83,2441,786.5,2116,678.05,2298,750.44
002869.SZ,20190619,11942,3823.22,10730,3441.17,16018,5137.41,14124,4527.15,6853,2200.55,10356,3326.73,1227,401.18,830,267.3,-2162,-669.68
002869.SZ,20190618,13020,4114.65,8886,2813.07,12584,3978.14,13965,4412.95,6915,2185.69,9040,2855.31,324,102.64,952,299.78,-1611,-500.11
002869.SZ,20190617,12441,4027.46,12466,4045.95,14520,4706.13,15556,5044.45,7876,2560.39,6955,2250.35,953,309.32,813,262.56,-1335,-410.27
002869.SZ,20190614,17387,5549.64,14487,4639.77,22058,7063.06,21730,6957.32,10243,3284.32,12415,3970.94,1567,506.53,2623,835.53,-2611,-796.91
002869.SZ,20190613,19409,6216.96,16846,5403.53,23236,7447.67,23475,7520.13,13869,4462.24,16254,5221.84,2242,718.0,2181,699.37,4991,1591.07
002869.SZ,20190612,14894,4485.98,19198,5781.42,22046,6642.89,20355,6131.91,16936,5085.8,16828,5052.01,5739,1726.12,3233,975.45,4348,1309.17
002869.SZ,20190611,9163,2585.05,11498,3254.44,14962,4236.18,13360,3783.53,8419,2410.04,10671,3050.72,3335,958.68,350,101.26,5624,1607.32
002869.SZ,20190610,7363,2028.69,8785,2424.68,7993,2204.43,7919,2183.01,3355,927.69,2007,553.12,0,0.0,0,0.0,1814,505.38
002869.SZ,20190606,9691,2663.17,8707,2397.41,9422,2593.48,9665,2658.86,3261,897.4,3477,956.12,0,0.0,524,141.66,-3759,-1025.55
002869.SZ,20190605,10204,2895.43,12043,3422.66,14100,4015.84,10145,2890.02,5996,1715.89,6041,1728.92,556,161.03,2627,746.58,-2683,-753.8
002869.SZ,20190604,13697,3821.46,8210,2299.21,9872,2756.57,11162,3111.34,3292,915.15,7489,2082.64,0,0.0,0,0.0,-2971,-816.37
002869.SZ,20190603,14404,4105.14,11859,3393.63,11214,3200.15,9571,2733.56,4452,1284.2,7797,2225.33,690,195.82,1533,432.79,-5506,-1553.73
002869.SZ,20190531,15922,4677.36,12285,3612.58,14096,4141.72,16258,4777.71,5535,1630.27,6892,2029.26,846,252.14,964,281.94,-532,-149.01
002869.SZ,20190530,16941,4876.37,9439,2723.01,14094,4059.53,15464,4460.54,7590,2188.69,11054,3176.69,0,0.0,2668,764.36,-4297,-1234.4
002869.SZ,20190529,15159,4544.33,15414,4624.76,19113,5738.19,21243,6377.98,13940,4193.76,14575,4384.61,3057,922.11,36,11.03,5012,1508.33
002869.SZ,20190528,15122,4477.06,13441,3990.38,17788,5272.25,18611,5515.97,9696,2881.68,11176,3314.09,2915,870.96,2294,681.5,-9228,-2724.59
002869.SZ,20190527,16061,4746.15,16208,4795.39,19769,5843.22,21382,6320.91,11158,3299.62,11233,3316.38,3035,895.03,1200,351.34,427,140.01
002869.SZ,20190524,26053,7561.83,23868,6945.59,35495,10329.94,38075,11052.77,21554,6262.48,22138,6426.74,3192,915.31,2211,644.45,-11055,-3149.39
002869.SZ,20190523,20545,5780.1,24797,6978.95,30583,8614.26,29161,8214.26,22208,6289.77,18716,5311.14,7027,2044.83,7690,2224.6,13038,3656.34
002869.SZ,20190522,15025,4131.74,12270,3380.28,19879,5478.9,20783,5723.02,11846,3269.93,14017,3867.74,1392,392.02,1072,301.56,67,68.58
002869.SZ,20190521,8241,2135.85,10430,2707.64,10941,2837.5,9612,2491.99,6810,1768.25,4865,1259.3,159,41.09,1243,323.75,-2678,-686.52
002869.SZ,20190520,9119,2310.17,11060,2808.39,9247,2338.89,8069,2042.93,4933,1260.0,4304,1092.22,134,34.48,0,0.0,1273,334.69
002869.SZ,20190517,14732,3828.14,13820,3591.09,14974,3894.63,15132,3944.63,7763,2020.92,8309,2156.2,191,48.97,399,100.73,2549,686.82
002869.SZ,20190516,13379,3447.02,8932,2300.05,12074,3104.24,12878,3311.19,3777,972.84,6869,1770.95,493,128.18,1044,270.1,-7549,-1945.48
002869.SZ,20190515,9627,2525.07,9574,2514.85,9954,2615.8,11149,2927.74,4688,1232.5,4608,1210.68,1976,519.57,914,239.66,-94,-18.56
002869.SZ,20190514,11868,3116.23,11845,3117.92,14169,3726.58,14966,3938.53,7522,1987.11,8661,2277.88,2947,775.71,1034,271.3,-2096,-545.43
002869.SZ,20190513,16674,4335.64,13291,3458.2,20985,5458.31,19541,5079.0,12446,3234.93,16013,4172.14,1000,257.27,2260,576.8,1586,426.38
002869.SZ,20190510,14722,3575.21,14438,3523.78,18853,4592.2,20679,5044.25,14528,3558.45,10796,2632.63,75,17.71,2265,542.91,4170,1046.4
002869.SZ,20190509,9891,2317.08,6113,1434.3,9239,2163.68,9464,2217.44,3155,737.87,6365,1486.63,437,102.26,780,182.53,-907,-210.23
002869.SZ,20190508,10908,2584.98,9492,2253.42,12943,3060.46,14002,3314.84,9339,2220.67,9868,2338.36,566,134.05,395,93.54,-771,-179.09
002869.SZ,20190507,16722,3965.85,15494,3650.42,24896,5901.34,17623,4185.09,13826,3303.57,21170,5065.39,1589,402.42,2746,672.28,-7111,-1683.55
002869.SZ,20190506,11157,2817.1,12693,3212.32,14871,3754.84,16575,4192.91,17246,4367.36,12559,3169.46,4131,1033.61,5578,1398.21,-8677,-2177.68
002869.SZ,20190430,17686,4887.17,11887,3290.71,22137,6118.9,16429,4540.65,18915,5217.76,18285,5046.66,11665,3213.16,23803,6558.97,12415,3418.4
002869.SZ,20190429,9660,2961.27,11856,3634.77,14950,4584.52,18276,5603.92,23138,7096.82,22619,6936.03,20868,6400.55,15866,4868.44,-33319,-10221.57
002869.SZ,20190426,9419,2626.17,12992,3625.1,15938,4444.04,16765,4673.73,10722,2991.6,6437,1798.43,1797,502.62,1682,467.17,2225,631.16
002869.SZ,20190425,10115,2824.26,12153,3400.77,19601,5488.67,17819,4987.0,4888,1364.04,4943,1378.07,1626,455.99,1314,367.13,-5800,-1599.95
002869.SZ,20190424,15386,4347.43,11714,3311.98,15621,4413.66,16225,4586.39,5285,1491.1,7396,2084.61,448,126.98,1405,396.2,2518,721.63
002869.SZ,20190423,17846,5000.15,10863,3048.29,24314,6832.53,17336,4872.75,10917,3063.99,17621,4946.74,870,241.49,8128,2270.39,-11070,-3105.98
002869.SZ,20190422,12332,3739.27,10364,3152.93,16064,4891.75,13621,4146.9,7105,2166.11,8568,2603.34,780,237.73,3728,1131.7,-4079,-1226.73
002869.SZ,20190419,17780,5374.88,14768,4477.37,21750,6574.62,20397,6173.3,9775,2958.63,11989,3617.58,1458,448.23,3609,1088.11,3483,1076.28
002869.SZ,20190418,21803,6606.78,10346,3143.26,23633,7159.1,20329,6174.57,10882,3310.55,21602,6546.16,769,230.7,4808,1443.14,-6038,-1832.78
002869.SZ,20190417,22373,7179.98,16777,5429.86,28567,9182.83,26998,8695.36,20036,6444.9,25840,8301.19,6163,2010.2,7523,2391.49,-4824,-1430.68
002869.SZ,20190416,22529,7285.96,15901,5171.66,32226,10445.83,28273,9172.51,26908,8746.79,29142,9467.45,3320,1083.88,11667,3750.84,-3367,-1013.66
002869.SZ,20190415,11003,3513.38,16111,5167.09,18362,5859.43,25419,8106.36,23900,7598.56,20834,6638.74,19150,6208.61,10051,3267.78,-2053,-738.2
002869.SZ,20190412,13982,4116.32,15655,4622.44,25423,7468.18,30203,8886.29,19704,5786.51,19521,5741.44,8062,2403.98,1793,524.81,7458,2247.69
002869.SZ,20190411,11487,3299.33,11638,3338.08,19760,5662.02,19994,5722.9,15336,4410.74,14298,4115.65,2929,836.73,3582,1032.19,2269,671.32
002869.SZ,20190410,8210,2250.15,8807,2419.89,14656,4024.72,15024,4126.11,11160,3080.94,11681,3214.99,1957,535.18,471,130.0,1383,403.06
002869.SZ,20190409,11673,3177.35,8974,2445.83,17489,4759.89,16163,4402.61,11271,3071.62,15071,4101.46,879,239.37,1104,298.33,-10841,-2942.36
002869.SZ,20190408,17473,4849.09,19166,5331.45,28686,7963.16,31989,8893.38,34557,9608.75,25379,7070.27,8020,2244.04,12203,3369.94,-6828,-1846.98
002869.SZ,20190404,33035,9444.56,30814,8824.88,54590,15621.79,48298,13841.43,48969,14017.74,53050,15166.94,25275,7325.79,29708,8576.63,-6456,-1836.59
002869.SZ,20190403,2943,815.03,8293,2302.7,5771,1598.63,12726,3532.92,12521,3474.49,12970,3598.23,20283,5635.63,7529,2089.93,-5440,-1507.24
002869.SZ,20190402,8164,2045.69,9662,2425.58,14569,3656.02,14878,3730.06,17984,4522.32,11949,2998.86,14337,3599.35,18565,4668.87,-1252,-354.9
002869.SZ,20190401,6017,1348.36,11739,2651.27,9326,2090.74,16855,3801.02,9447,2124.29,5550,1255.78,11133,2536.36,1779,391.67,9725,2195.03
002869.SZ,20190329,5955,1230.81,7041,1459.44,8981,1864.28,9126,1891.41,4127,856.51,3477,719.13,621,126.77,40,8.38,790,168.77
002869.SZ,20190328,8882,1841.14,8027,1664.29,10340,2143.09,9944,2059.92,3969,822.54,5849,1212.74,629,130.18,0,0.0,1902,399.23
002869.SZ,20190327,6580,1324.54,4934,994.42,6685,1347.5,8303,1673.3,1915,386.23,3249,653.18,1804,362.99,498,100.35,-1130,-228.03
002869.SZ,20190326,10958,2226.78,6255,1270.92,13484,2742.42,10538,2136.53,5212,1066.73,11691,2386.24,1761,359.09,2932,601.34,-5177,-1056.42
002869.SZ,20190325,7127,1498.2,6450,1357.25,8051,1694.22,5788,1217.5,2551,536.32,4590,963.93,546,115.35,1447,305.4,-3989,-836.57
002869.SZ,20190322,9264,1961.76,5831,1237.99,7238,1537.19,8065,1711.62,1891,401.3,5658,1198.86,1662,355.32,500,107.1,-2209,-464.14
002869.SZ,20190321,8091,1722.27,5867,1250.89,9571,2036.99,8544,1819.52,4322,919.87,6719,1429.88,1645,349.83,2498,528.68,1418,306.16
002869.SZ,20190320,6027,1269.02,4041,851.69,7373,1555.42,8725,1838.2,3061,643.69,4195,882.23,1000,209.0,500,105.0,-4308,-907.87
002869.SZ,20190319,5488,1170.17,6411,1369.43,8246,1760.99,7342,1568.46,3665,783.15,3646,776.41,0,0.0,0,0.0,-1135,-240.4
002869.SZ,20190318,6303,1336.34,6022,1278.75,7868,1669.18,7757,1646.9,4705,1001.8,4528,960.45,0,0.0,569,121.22,-536,-110.29
002869.SZ,20190315,9201,1959.36,6448,1379.35,11814,2516.42,12469,2664.31,3606,773.44,6253,1330.65,1648,357.6,1099,232.51,-1600,-332.09
002869.SZ,20190314,13653,2960.58,10089,2197.37,15843,3440.08,18348,3992.09,7384,1618.65,8565,1857.18,975,213.77,852,186.46,-5350,-1154.69
002869.SZ,20190313,16170,3721.76,17756,4099.93,22935,5291.26,24133,5571.62,19909,4604.61,16877,3895.08,4583,1059.65,4831,1110.65,-3374,-753.82
002869.SZ,20190312,22627,5214.41,16162,3726.74,25322,5837.86,29060,6695.43,17509,4045.26,16491,3807.36,1600,367.34,5346,1235.34,-10439,-2388.3
002869.SZ,20190311,11708,2554.02,15426,3377.18,19200,4186.82,18777,4101.89,13719,2995.66,14149,3075.88,3725,818.44,0,0.0,5018,1118.04
002869.SZ,20190308,14885,3164.56,14116,3014.31,18169,3880.19,18669,3979.11,10675,2271.05,10944,2328.03,2701,578.48,2701,572.83,-3184,-668.8
002869.SZ,20190307,19983,4352.48,18631,4063.13,25252,5504.41,26240,5723.11,14222,3102.75,14760,3217.67,2175,474.75,2000,430.47,-13352,-2897.78
002869.SZ,20190306,38752,8667.94,21383,4786.43,40838,9152.97,37810,8465.34,26113,5862.14,41268,9234.83,13058,2972.32,18298,4168.78,-10122,-2244.89
002869.SZ,20190305,5119,992.29,10628,2115.85,9866,1938.53,15627,3107.43,14230,2842.11,11664,2327.63,12538,2566.54,3833,788.56,-1763,-443.37
002869.SZ,20190304,13595,2568.04,19424,3666.28,20825,3927.76,19680,3721.34,12627,2399.88,8169,1548.22,2043,380.5,1818,340.33,4735,883.02
002869.SZ,20190301,7837,1420.34,6931,1259.47,8104,1470.81,8911,1616.33,2860,519.2,2959,534.54,0,0.0,0,0.0,-1505,-269.35
002869.SZ,20190228,6409,1148.59,7966,1428.9,10152,1821.77,8027,1439.88,2998,537.62,3567,639.19,0,0.0,0,0.0,1675,303.41
002869.SZ,20190227,9868,1767.13,7460,1338.09,7934,1421.75,8669,1552.25,1328,237.77,3001,536.31,0,0.0,0,0.0,-1732,-307.81
002869.SZ,20190226,14795,2690.52,10167,1852.91,13621,2478.17,14931,2715.47,4440,809.19,7402,1343.81,340,61.54,696,127.22,-35,-6.76
002869.SZ,20190225,10941,1960.51,11452,2054.9,14143,2536.82,13458,2409.12,2193,390.46,2786,500.21,419,76.45,0,0.0,766,143.26
002869.SZ,20190222,7199,1243.14,6416,1110.55,7754,1341.45,8937,1544.25,2404,418.01,2004,347.79,0,0.0,0,0.0,1927,337.81
002869.SZ,20190221,8725,1529.62,8511,1493.82,9507,1667.43,9812,1720.18,4317,757.25,2759,483.39,0,0.0,1466,256.91,-2452,-426.98
002869.SZ,20190220,12807,2238.64,9869,1726.42,11491,2008.89,12652,2211.61,3039,533.33,4816,842.83,0,0.0,0,0.0,-6057,-1056.13
002869.SZ,20190219,23435,4377.75,16989,3192.57,24641,4623.57,21530,4037.14,7039,1328.76,12094,2272.84,4847,919.2,9350,1746.74,-3307,-593.6
002869.SZ,20190218,10146,1790.62,13588,2383.93,13883,2434.23,13718,2427.48,5360,953.92,5513,976.18,5616,1002.85,2185,394.03,5182,924.42
002869.SZ,20190215,9855,1663.37,11470,1938.86,10449,1762.94,11102,1876.52,3705,628.5,4134,699.91,4168,712.8,1471,252.31,2647,426.33
002869.SZ,20190214,4863,790.88,4224,687.25,4192,682.39,4190,681.8,383,62.39,527,85.68,6,0.98,503,81.92,-104,-16.27
002869.SZ,20190213,4123,670.0,5483,892.42,5939,967.36,4879,794.92,1718,280.77,1210,196.63,0,0.0,208,34.15,168,28.42
002869.SZ,20190212,3836,609.44,4481,713.02,4049,645.7,3494,556.08,982,156.09,891,141.98,0,0.0,1,0.16,1726,275.94
002869.SZ,20190211,3923,612.09,3483,543.87,2084,325.19,1859,289.84,310,48.63,975,152.2,0,0.0,0,0.0,1813,284.24
002869.SZ,20190201,4137,625.16,3008,454.68,2020,305.12,2970,448.75,178,27.12,357,53.97,0,0.0,0,0.0,710,107.39
002869.SZ,20190131,6295,947.62,4169,628.28,5067,755.89,4929,740.29,1252,186.13,3061,453.55,0,0.0,455,67.52,-1552,-227.07
002869.SZ,20190130,3224,503.9,2536,396.65,1188,185.92,1970,307.62,298,46.3,203,31.85,0,0.0,0,0.0,-1015,-158.76
002869.SZ,20190129,4637,724.72,4106,643.34,3962,618.99,4820,750.87,1579,244.01,1252,193.53,0,0.0,0,0.0,-2226,-349.26
002869.SZ,20190128,5959,980.93,3642,599.95,6284,1038.27,5633,928.79,115,18.84,2891,477.15,0,0.0,192,32.15,-4263,-702.58
002869.SZ,20190125,5862,991.03,3049,515.95,4434,749.69,5473,925.98,887,150.14,2661,448.92,0,0.0,0,0.0,-4897,-828.27
002869.SZ,20190124,5373,916.48,6804,1161.77,7361,1254.98,8175,1394.27,2476,423.19,833,142.13,602,103.52,0,0.0,2361,403.51
002869.SZ,20190123,3198,537.16,3050,512.41,3197,537.41,3484,585.31,289,48.28,150,25.13,0,0.0,0,0.0,-1914,-320.05
002869.SZ,20190122,4094,693.45,3376,571.9,3570,603.61,3145,532.41,658,111.35,1201,203.12,0,0.0,600,100.98,-1884,-318.78
002869.SZ,20190121,5926,1007.22,5826,993.27,5567,947.21,6973,1187.16,1362,234.53,886,149.63,1032,175.96,202,34.86,2237,384.14
002869.SZ,20190118,5078,844.44,4547,757.9,5153,858.07,5149,856.48,1165,194.89,1700,283.03,0,0.0,0,0.0,-1206,-198.56
002869.SZ,20190117,5890,1001.6,4658,792.49,3525,600.33,4979,846.62,565,95.38,343,58.21,0,0.0,0,0.0,-1532,-256.37
002869.SZ,20190116,4670,799.17,4897,839.13,5553,950.62,5730,981.19,1478,253.88,1074,183.35,0,0.0,0,0.0,-923,-155.44
002869.SZ,20190115,4076,691.26,4794,813.54,4287,727.98,4512,766.33,1739,295.84,796,135.22,0,0.0,0,0.0,1052,179.07
002869.SZ,20190114,6637,1120.72,4569,772.5,5603,947.68,6075,1026.42,720,121.36,2317,390.85,0,0.0,0,0.0,-4078,-688.4
002869.SZ,20190111,9226,1595.58,8457,1465.23,9312,1613.25,10393,1798.51,2000,346.41,3358,581.77,1670,290.27,0,0.0,-2126,-362.12
002869.SZ,20190110,8341,1421.83,10503,1794.31,10136,1731.19,7719,1316.12,1804,308.59,2059,351.18,0,0.0,0,0.0,1895,327.47
002869.SZ,20190109,7862,1341.0,6819,1164.28,7677,1311.25,9168,1564.32,1382,236.68,934,160.32,0,0.0,0,0.0,251,45.33
002869.SZ,20190108,10426,1771.03,6988,1188.22,8209,1394.15,9765,1657.9,1655,281.06,2197,373.5,0,0.0,1340,226.61,-5850,-992.35
002869.SZ,20190107,11891,2063.29,12478,2166.45,13991,2427.67,13894,2409.18,3134,543.7,3001,518.9,951,163.18,594,103.31,-3637,-628.6
002869.SZ,20190104,14924,2514.9,17750,2994.73,18001,3037.54,16402,2761.46,5288,890.75,3945,659.38,890,145.7,1005,173.32,2696,463.41
002869.SZ,20190103,24562,4236.47,11941,2061.5,18951,3266.25,24955,4290.83,5114,878.46,10607,1827.46,1942,331.02,3066,532.42,-4076,-685.25
002869.SZ,20190102,771,128.09,6409,1102.57,1756,298.35,6492,1115.81,2131,368.31,3756,650.96,12599,2178.93,600,104.34,-13153,-2285.04
002869.SZ,20201231,12261,4099.85,13864,4637.98,13950,4668.26,11935,3995.09,8177,2740.82,8052,2699.65,95,31.68,632,207.89,-181,-60.18
002869.SZ,20201230,9988,3208.16,10447,3355.14,8789,2826.74,10477,3366.09,6083,1951.57,3838,1233.69,413,130.17,511,161.72,1054,344.39
002869.SZ,20201229,14424,4578.12,15134,4814.33,14693,4669.94,13681,4347.31,6287,2003.6,5986,1895.86,1019,324.18,1622,518.35,4174,1325.88
002869.SZ,20201228,12194,3789.13,8361,2603.17,10776,3351.25,11320,3517.95,3123,973.04,5296,1645.14,0,0.0,1115,347.16,-3885,-1207.06
002869.SZ,20201225,7758,2460.37,6964,2209.49,6675,2119.24,7173,2273.78,4114,1301.32,5314,1683.87,904,286.21,0,0.0,2006,637.41
002869.SZ,20201224,10998,3587.13,6415,2100.59,9546,3123.19,9010,2946.08,2391,781.3,7054,2299.6,1000,329.24,1455,474.6,-5655,-1848.0
002869.SZ,20201223,6272,2083.54,6713,2232.07,7809,2594.77,7176,2386.19,3402,1133.06,3594,1193.11,0,0.0,0,0.0,-1373,-453.92
002869.SZ,20201222,9600,3195.95,9885,3297.88,12293,4096.9,11069,3690.78,5183,1728.61,5361,1777.79,0,0.0,761,255.01,-3891,-1292.07
002869.SZ,20201221,9461,3116.03,6619,2183.15,8821,2907.1,9695,3194.82,2915,961.69,4883,1606.85,0,0.0,0,0.0,321,109.1
002869.SZ,20201218,7234,2419.75,8628,2888.06,6998,2342.86,8403,2810.59,5091,1703.47,4528,1515.56,2236,748.12,0,0.0,-4945,-1653.34
002869.SZ,20201217,9442,3118.27,9470,3130.64,8935,2953.1,8358,2759.31,3728,1229.92,3962,1308.14,0,0.0,315,103.19,1042,342.21
002869.SZ,20201216,17905,6021.24,10210,3436.82,13586,4569.97,14435,4855.27,5785,1943.68,10353,3479.05,600,203.4,2879,967.14,-8979,-3007.98
002869.SZ,20201215,9292,3226.42,9972,3469.77,9387,3261.91,9155,3178.58,3918,1358.89,3471,1198.86,0,0.0,0,0.0,-784,-281.02
002869.SZ,20201214,12365,4224.44,12226,4185.1,10127,3459.92,10694,3649.94,6219,2124.55,5784,1974.69,364,125.58,371,124.75,-3641,-1251.39
002869.SZ,20201211,30015,10724.06,17953,6414.9,23969,8554.61,25043,8946.32,11570,4131.55,21803,7764.48,846,297.72,1602,582.24,-15264,-5459.45
002869.SZ,20201210,15710,5958.8,11164,4240.36,12835,4871.01,12654,4800.55,4173,1583.19,7999,3031.32,0,0.0,901,340.76,-8205,-3109.55
002869.SZ,20201209,24376,9609.82,25695,10152.66,26751,10553.95,22686,8958.14,19948,7879.58,21434,8443.1,1906,750.71,3165,1240.15,5267,2052.7
002869.SZ,20201208,6367,2428.77,4516,1723.25,5228,1994.72,5091,1942.09,3913,1494.0,4812,1836.91,34,12.96,1123,428.19,-192,-71.39
002869.SZ,20201207,9430,3623.6,6484,2494.45,8612,3311.8,7686,2954.54,3584,1377.49,5791,2224.98,524,201.32,2190,840.25,-7374,-2830.09
002869.SZ,20201204,10873,4230.22,10417,4055.81,10852,4223.86,12551,4885.94,7619,2968.54,6338,2466.36,698,271.33,736,285.85,-3730,-1448.41
002869.SZ,20201203,7718,2966.42,5974,2297.18,5906,2270.22,6453,2480.47,2735,1051.44,2938,1128.63,948,363.6,1942,745.42,-278,-103.07
002869.SZ,20201202,9233,3541.81,10994,4219.61,11375,4366.34,11955,4587.88,7218,2770.0,5790,2222.32,1192,458.42,278,106.77,1662,640.79
002869.SZ,20201201,15057,5660.53,8559,3221.74,13175,4958.35,17470,6572.2,7193,2707.96,8182,3078.02,0,0.0,1213,454.88,-7717,-2896.05
002869.SZ,20201130,7813,2986.56,6233,2389.25,7537,2886.45,7575,2900.44,4985,1908.73,5538,2114.7,117,44.18,1106,421.52,-4484,-1699.22
002869.SZ,20201127,6244,2375.99,4844,1844.81,4647,1769.46,4773,1817.2,2295,873.57,2969,1129.6,0,0.0,600,227.42,-1778,-674.07
002869.SZ,20201126,5828,2231.23,3592,1375.86,4091,1566.13,5007,1915.77,1130,433.1,2252,862.58,0,0.0,198,76.26,-1560,-597.67
002869.SZ,20201125,8974,3482.65,6310,2450.7,6063,2354.53,6291,2442.31,1479,573.63,3793,1470.25,386,148.76,507,196.31,-3737,-1450.55
002869.SZ,20201124,5208,2044.79,4596,1805.4,4601,1807.3,4826,1895.42,2409,945.29,2495,979.23,0,0.0,300,117.33,-3295,-1292.89
002869.SZ,20201123,15638,6171.28,15746,6212.36,14940,5896.91,12666,4998.82,4603,1816.55,6405,2529.63,310,121.52,674,265.44,-11371,-4477.22
002869.SZ,20201120,10627,4193.77,13139,5200.23,10724,4258.53,11003,4369.3,6758,2690.95,3729,1483.0,429,172.2,666,262.92,4499,1817.64
002869.SZ,20201119,12282,4761.54,10147,3941.0,8180,3172.83,7867,3045.21,2875,1112.68,5102,1975.03,300,114.68,521,200.49,3972,1551.78
002869.SZ,20201118,11355,4431.55,9013,3524.23,7704,3011.56,7757,3028.46,3782,1474.34,5719,2228.54,0,0.0,352,136.22,-5256,-2051.59
002869.SZ,20201117,11688,4656.79,10579,4217.18,9849,3929.11,10433,4162.08,3600,1439.61,3944,1573.46,0,0.0,181,72.78,-1898,-754.96
002869.SZ,20201116,7394,2939.92,7978,3174.87,5904,2351.19,6235,2482.23,2793,1113.74,2286,909.99,530,210.82,122,48.57,-802,-314.51
002869.SZ,20201113,7326,2888.61,8314,3279.24,5875,2316.18,6448,2542.37,3595,1421.46,2034,804.63,0,0.0,0,0.0,1278,511.26
002869.SZ,20201112,9233,3600.21,7422,2898.51,5392,2102.3,5662,2208.01,3570,1392.52,4598,1789.59,301,117.7,814,316.62,-602,-231.01
002869.SZ,20201111,11632,4579.29,8630,3400.03,7088,2792.97,8936,3517.46,3811,1499.94,4588,1807.35,0,0.0,377,147.36,-6768,-2668.98
002869.SZ,20201110,8723,3524.49,9376,3789.46,10040,4058.61,9980,4033.95,5514,2227.53,4872,1968.37,415,168.37,465,187.22,-2472,-993.34
002869.SZ,20201109,11209,4491.97,14143,5668.11,14338,5751.91,12674,5088.76,8630,3467.46,5598,2245.61,251,101.6,2012,810.46,2946,1167.64
002869.SZ,20201106,11600,4506.01,9841,3823.93,7736,3007.41,9093,3534.53,3086,1200.27,3800,1476.94,312,121.71,0,0.0,-6284,-2438.68
002869.SZ,20201105,13630,5292.61,16242,6315.29,13597,5292.65,11598,4514.83,6303,2448.78,6376,2474.73,1085,425.93,400,155.12,3471,1363.49
002869.SZ,20201104,11260,4321.21,11987,4600.96,7288,2799.17,6364,2445.94,3144,1210.22,3042,1169.68,0,0.0,300,114.02,-6194,-2369.35
002869.SZ,20201103,14282,5438.91,13436,5120.95,12850,4894.19,13920,5304.36,5834,2225.04,3558,1355.31,360,138.35,2412,915.88,-669,-247.91
002869.SZ,20201102,24980,9509.25,19877,7579.1,18071,6869.82,22066,8378.67,7790,2954.63,9070,3439.74,828,311.08,656,247.28,-1766,-680.39
002869.SZ,20201030,19743,8077.58,17759,7267.59,20717,8472.51,23804,9735.16,12072,4935.36,11226,4580.44,4693,1902.56,4436,1804.83,-12204,-4961.94
002869.SZ,20201029,8727,3738.42,7278,3120.58,7619,3263.85,8433,3609.89,4254,1822.58,4429,1896.46,0,0.0,460,197.92,-1718,-735.82
002869.SZ,20201028,8335,3594.39,7709,3326.8,5957,2568.79,6822,2942.22,1983,857.29,1744,751.46,0,0.0,0,0.0,524,230.63
002869.SZ,20201027,7041,3005.85,5781,2469.76,5000,2137.26,6084,2599.25,3046,1302.72,3222,1376.83,0,0.0,0,0.0,2352,1008.16
002869.SZ,20201026,7088,2999.94,5207,2207.05,4823,2041.25,4742,2008.0,1642,695.21,2386,1007.83,300,126.6,1518,640.12,1314,557.73
002869.SZ,20201023,5200,2264.05,4414,1927.22,4452,1939.0,4002,1743.67,802,349.61,1455,631.24,10,4.35,593,254.87,-2944,-1278.44
002869.SZ,20201022,5243,2288.04,3844,1678.58,3757,1640.71,3717,1621.65,804,351.35,2244,979.87,0,0.0,0,0.0,-113,-48.62
002869.SZ,20201021,9804,4336.22,6558,2906.58,9779,4319.72,8347,3696.56,3769,1665.56,7606,3349.55,0,0.0,841,368.81,-5888,-2613.62
002869.SZ,20201020,8430,3765.56,7196,3213.22,7919,3536.34,8769,3920.02,3117,1393.3,3214,1434.12,0,0.0,286,127.84,-2053,-907.94
002869.SZ,20201019,7460,3363.55,5313,2395.63,6951,3133.88,6780,3056.8,1788,805.95,3720,1676.87,0,0.0,386,174.07,-2910,-1308.68
002869.SZ,20201016,8274,3732.05,6809,3071.05,11813,5328.06,7595,3425.92,2174,980.36,6045,2727.8,0,0.0,1811,815.7,2053,929.35
002869.SZ,20201015,8042,3628.92,9318,4203.72,7864,3547.59,6957,3139.32,4708,2123.61,5122,2310.57,783,353.49,0,0.0,-4759,-2142.82
002869.SZ,20201014,15923,7236.63,15196,6897.21,17945,8153.5,15858,7205.14,10036,4558.45,11214,5099.53,1026,466.03,2662,1212.73,-8724,-3968.96
002869.SZ,20201013,9517,4452.63,6539,3060.98,10637,4976.22,14190,6637.88,4753,2224.4,4324,2022.51,625,293.39,480,225.26,-2795,-1306.55
002869.SZ,20201012,8149,3828.23,8815,4141.84,11102,5215.68,9706,4560.46,5228,2456.65,5513,2589.09,500,235.03,945,444.21,3726,1748.08
002869.SZ,20201009,8639,3980.89,8408,3875.68,8507,3919.77,8169,3765.2,4483,2068.21,5179,2386.53,306,141.56,180,83.01,1467,678.12
002869.SZ,20200930,8056,3658.34,6662,3023.45,5753,2611.17,6686,3034.08,1790,811.74,2251,1023.72,0,0.0,0,0.0,-1278,-570.77
002869.SZ,20200929,6784,3086.75,8638,3928.55,8004,3641.62,6519,2964.58,2990,1358.45,2604,1184.45,467,212.63,485,221.88,-995,-444.23
002869.SZ,20200928,13395,5994.29,10377,4645.92,12284,5494.28,11585,5178.32,6678,2964.49,10219,4551.83,157,69.31,332,146.3,870,400.15
002869.SZ,20200925,8071,3679.03,8395,3826.08,7455,3397.42,6834,3114.2,2858,1301.5,2892,1318.45,600,273.92,863,393.14,-1818,-826.08
002869.SZ,20200924,13030,5957.2,10215,4673.65,12462,5698.11,11082,5069.89,4384,2000.67,6720,3066.28,300,136.25,2158,982.41,-3554,-1605.93
002869.SZ,20200923,13111,6077.7,12864,5966.44,12788,5936.6,13529,6277.17,5414,2510.52,4788,2222.24,642,297.48,775,356.45,-6669,-3080.9
002869.SZ,20200922,11060,5156.55,8307,3874.02,12714,5928.41,12573,5865.93,2818,1311.83,5240,2437.38,0,0.0,471,219.45,1747,818.61
002869.SZ,20200921,11135,5204.75,11476,5358.33,10511,4914.01,10884,5093.93,6098,2851.93,5119,2393.67,292,135.51,558,260.28,-6932,-3233.88
002869.SZ,20200918,13142,6127.81,8205,3830.44,12342,5758.83,17636,8226.72,5202,2430.16,4388,2046.72,1011,470.56,1468,683.48,1457,685.17
002869.SZ,20200917,9897,4629.23,8546,3996.22,8746,4092.39,9930,4647.4,2310,1083.6,3018,1412.89,842,392.9,300,141.6,1742,823.73
002869.SZ,20200916,14392,6663.87,11223,5198.99,11799,5464.69,15720,7271.11,4336,2004.35,4011,1859.22,426,196.42,0,0.0,-5280,-2443.09
002869.SZ,20200915,16363,7691.93,15867,7464.23,21131,9937.46,18609,8746.17,6764,3186.96,9867,4646.4,436,206.87,352,166.43,8091,3832.78
002869.SZ,20200914,16420,7639.56,14188,6626.55,16242,7565.73,11633,5435.06,10346,4810.95,14592,6768.2,1638,764.2,4232,1950.62,-12571,-5820.2
002869.SZ,20200911,15728,7347.77,14165,6619.57,14540,6797.1,18856,8810.49,6522,3047.65,3165,1477.82,450,211.29,1054,495.92,-1864,-863.04
002869.SZ,20200910,18049,8651.09,17244,8266.82,23978,11501.03,21349,10235.45,9522,4574.83,12480,5996.97,891,428.85,1367,656.55,6200,2986.31
002869.SZ,20200909,14574,6835.18,8414,3950.31,10208,4790.28,11006,5161.41,3894,1824.41,7704,3612.45,0,0.0,1553,725.7,-1853,-863.99
002869.SZ,20200908,12198,5856.22,11058,5314.77,9620,4615.96,10834,5196.61,3609,1731.32,3443,1648.32,0,0.0,92,43.79,-2822,-1350.38
002869.SZ,20200907,15599,7769.63,11208,5603.89,13884,6918.54,11669,5809.68,5638,2800.98,7801,3867.29,470,232.98,4913,2441.27,-8932,-4445.92
002869.SZ,20200904,10116,5128.0,6176,3131.31,8814,4469.27,8883,4503.61,3061,1551.51,5702,2891.7,132,66.92,1362,689.07,-3147,-1589.22
002869.SZ,20200903,6961,3605.33,5111,2648.48,5168,2678.31,5221,2704.42,2441,1264.59,3748,1941.16,442,229.04,933,483.22,-1244,-636.74
002869.SZ,20200902,12478,6496.61,8466,4410.09,11661,6068.13,10646,5542.88,3268,1701.27,6832,3555.41,600,312.24,2064,1069.87,-992,-500.67
002869.SZ,20200901,14164,7400.24,10433,5453.78,11783,6156.81,12472,6518.28,4690,2449.92,7061,3686.05,904,471.77,1575,820.63,-7378,-3852.64
002869.SZ,20200831,19480,10567.92,15395,8356.64,18919,10270.21,17121,9291.8,10178,5527.5,14464,7860.73,2480,1354.7,4078,2211.16,-594,-305.59
002869.SZ,20200828,18222,9614.92,13974,7393.81,19677,10384.3,18802,9932.62,9801,5188.43,13397,7073.4,2446,1296.0,3974,2083.82,-6359,-3357.29
002869.SZ,20200827,9587,5123.06,12033,6439.69,12497,6679.4,9809,5246.95,6646,3556.28,4281,2286.25,870,465.46,3476,1851.32,-4485,-2395.13
002869.SZ,20200826,12401,6676.86,13282,7171.01,14576,7862.32,15167,8178.41,8972,4839.11,8841,4762.14,3103,1684.8,1762,951.53,-301,-145.42
002869.SZ,20200825,8662,4645.08,8662,4648.66,9654,5179.55,9050,4855.29,3916,2101.22,4329,2320.92,600,322.08,791,423.07,425,234.03
002869.SZ,20200824,11136,5915.65,12903,6863.48,11496,6109.52,10606,5636.48,7314,3881.41,7572,4013.66,1419,757.7,282,150.66,-1235,-643.86
002869.SZ,20200821,9744,5139.4,9532,5029.65,9868,5206.62,9692,5114.04,6053,3195.98,5681,2998.19,400,212.47,1160,612.59,2447,1298.91
002869.SZ,20200820,9885,5141.64,9818,5116.98,8506,4430.52,8082,4208.73,3916,2043.16,5722,2977.9,1422,744.44,107,56.15,863,453.31
002869.SZ,20200819,11747,6120.71,9216,4804.19,8546,4449.74,8648,4505.98,4965,2580.88,7761,4033.2,1557,810.56,1191,618.52,-8842,-4604.48
002869.SZ,20200818,9509,5067.97,9418,5022.04,8183,4362.32,7420,3955.91,4408,2350.89,5000,2663.61,200,106.0,463,245.62,-2365,-1258.91
002869.SZ,20200817,9757,5137.02,11365,5987.87,10337,5448.47,11037,5817.49,7088,3735.14,5692,2999.14,1182,627.38,271,143.52,-479,-249.3
002869.SZ,20200814,7906,4055.97,8049,4136.55,8094,4157.48,8025,4124.75,4265,2195.81,4026,2067.99,433,224.02,597,303.99,2891,1488.75
002869.SZ,20200813,7989,4094.58,7334,3760.73,6925,3548.91,7576,3884.76,4673,2398.38,4478,2294.18,435,223.07,634,325.26,-2596,-1329.68
002869.SZ,20200812,16564,8404.95,10522,5344.12,16430,8327.38,16590,8416.34,6315,3201.45,9279,4713.67,1037,529.63,3954,1989.28,-2306,-1163.27
002869.SZ,20200811,16686,8920.58,8473,4530.01,17203,9195.36,15369,8204.47,7308,3908.37,12653,6755.65,637,338.28,5339,2872.46,-6773,-3597.74
002869.SZ,20200810,8785,4779.09,8442,4598.16,9892,5381.81,8641,4704.22,4883,2661.18,5429,2951.46,467,254.29,1516,822.52,-1800,-977.13
002869.SZ,20200807,13029,7109.34,9373,5122.57,13410,7314.27,12450,6793.98,6248,3407.89,9708,5291.58,325,176.93,1480,800.31,-3451,-1875.11
002869.SZ,20200806,19334,10654.03,11133,6140.07,16726,9217.05,17037,9391.77,8849,4872.25,12957,7133.5,1020,562.29,4802,2640.28,-7098,-3908.35
002869.SZ,20200805,13256,7503.22,9596,5434.01,13547,7670.11,12958,7333.03,7099,4016.67,9791,5540.95,308,173.93,1865,1055.94,-2413,-1366.75
002869.SZ,20200804,18151,10457.29,12405,7153.57,22280,12837.77,21178,12213.56,13662,7873.67,16762,9657.82,2610,1505.44,6358,3649.22,-14770,-8507.91
002869.SZ,20200803,16721,9645.76,20192,11677.98,26547,15320.78,30670,17738.87,19788,11459.19,16478,9501.8,7416,4309.46,3131,1816.54,11249,6527.58
002869.SZ,20200731,14188,7998.34,14952,8433.24,16659,9397.42,17962,10135.8,10252,5792.02,9714,5478.67,2514,1418.26,985,558.33,-2953,-1654.33
002869.SZ,20200730,13816,7778.84,12482,7041.05,15147,8537.72,16386,9233.03,9686,5457.91,11357,6387.44,3617,2032.09,2041,1145.04,-11186,-6286.22
002869.SZ,20200729,12835,7169.68,15895,8893.57,18429,10306.37,19366,10831.39,12376,6936.8,10463,5865.5,3349,1885.38,1264,707.77,6415,3596.17
002869.SZ,20200728,14982,8244.0,12645,6964.41,17561,9672.59,14614,8052.94,7678,4227.05,10696,5881.0,774,424.92,3041,1670.22,-8306,-4569.08
002869.SZ,20200727,18263,10250.5,18250,10253.35,22473,12627.62,21368,12017.78,11163,6276.69,12928,7265.41,3834,2170.34,3187,1788.62,3204,1817.13
002869.SZ,20200724,25123,13954.23,14481,8082.53,22182,12325.45,21335,11863.2,12413,6907.54,17582,9738.5,1979,1095.31,8299,4598.29,-7033,-3948.62
002869.SZ,20200723,21899,12496.59,12566,7177.47,23538,13435.8,24204,13812.19,11840,6757.85,19103,10897.86,2925,1674.95,4329,2477.68,-5119,-2926.59
002869.SZ,20200722,16809,9877.38,16622,9820.23,26151,15404.81,23739,13995.78,18572,10962.28,19570,11512.09,6288,3726.95,7888,4643.33,-2164,-1274.24
002869.SZ,20200721,18809,11012.1,15116,8855.59,23759,13920.51,23536,13791.33,13582,7960.3,18270,10705.04,4648,2729.88,3876,2270.83,-9487,-5568.0
002869.SZ,20200720,20277,11913.88,27828,16366.52,30690,18030.28,33491,19688.54,26152,15380.29,21135,12420.73,9369,5519.7,4034,2368.36,415,271.89
002869.SZ,20200717,23621,12792.31,30283,16482.3,34672,18809.09,37372,20249.12,28018,15238.45,27953,15175.82,11669,6360.81,2371,1293.42,2231,1233.47
002869.SZ,20200716,32394,17625.58,20953,11489.76,36350,19787.02,34782,18949.7,18922,10284.49,27721,15042.03,4002,2199.73,8212,4415.33,-10249,-5676.73
002869.SZ,20200715,26845,15471.26,18236,10540.82,30845,17801.62,30411,17563.11,19518,11277.59,25677,14805.02,4556,2642.31,7440,4283.83,-8468,-4878.73
002869.SZ,20200714,35386,20918.07,25130,14877.08,43621,25804.42,40237,23814.74,26936,15959.62,37707,22305.65,6198,3674.24,9067,5358.88,-18557,-10965.26
002869.SZ,20200713,37766,23301.32,31542,19515.12,50071,30918.31,46901,28992.37,35252,21790.11,37419,23098.24,10342,6402.66,17568,10806.67,-15005,-9290.87
002869.SZ,20200710,43227,26211.43,30651,18628.78,57139,34639.99,56091,34036.68,42452,25823.56,51907,31533.7,16872,10293.84,21042,12769.66,-1492,-810.79
002869.SZ,20200709,17914,9960.71,20196,11274.95,26503,14735.28,30693,17134.66,20831,11586.94,29782,16611.03,27759,15642.9,12336,6905.17,-12381,-6828.2
002869.SZ,20200708,31546,16076.84,27702,14149.95,47461,24196.37,48290,24652.7,34640,17677.9,46326,23654.21,27435,14086.94,18764,9581.2,23314,12007.36
002869.SZ,20200707,25079,11777.29,22462,10557.87,37375,17567.36,34980,16431.53,25718,12086.61,28438,13360.52,2299,1082.53,4591,2163.88,-5616,-2619.62
002869.SZ,20200706,22802,10377.25,19195,8738.24,34239,15586.7,35251,16050.83,27995,12746.08,26357,12006.28,5788,2634.73,10020,4549.41,-2972,-1359.38
002869.SZ,20200703,25367,11268.95,19764,8789.5,26433,11750.0,27348,12147.99,20787,9239.93,20551,9129.86,1942,864.64,6866,3056.16,-15079,-6714.14
002869.SZ,20200702,14410,10101.62,17656,12368.57,21765,15261.5,21039,14749.3,20709,14522.47,19646,13792.86,4096,2876.04,2639,1850.9,4805,3411.48
002869.SZ,20200701,13438,9076.02,15146,10235.6,17364,11739.83,17396,11760.11,14151,9582.82,13830,9359.29,3143,2121.46,1724,1165.14,1700,1154.77
002869.SZ,20200630,12064,7916.99,13896,9125.76,14465,9502.48,12821,8422.74,9073,5964.54,8856,5817.14,1221,803.94,1250,822.3,-1355,-896.13
002869.SZ,20200629,20337,13238.26,23099,15026.83,22709,14788.37,18900,12327.92,11244,7325.25,10355,6744.57,385,255.54,2320,1508.11,-12624,-8178.35
002869.SZ,20200624,19466,12839.65,19052,12549.0,29050,19101.13,25827,17008.4,17663,11667.76,22320,14709.78,4729,3112.87,3709,2454.23,10482,6885.75
002869.SZ,20200623,7973,4913.22,6345,3911.53,7604,4685.8,4975,3067.04,4574,2818.7,7580,4668.94,400,246.42,1651,1016.62,-2037,-1256.0
002869.SZ,20200622,8844,5507.34,8768,5463.23,9177,5718.81,8033,5008.34,4736,2954.66,5989,3732.09,700,437.38,666,414.54,-4486,-2786.63
002869.SZ,20200619,7881,4891.18,6687,4150.83,6783,4210.8,7916,4913.8,3476,2159.01,3841,2386.4,1000,620.88,696,430.84,2972,1848.08
002869.SZ,20200618,7084,4379.27,6175,3818.55,5541,3425.06,6119,3784.21,2293,1417.93,2456,1518.53,377,233.39,544,334.35,-1219,-749.93
002869.SZ,20200617,8838,5485.05,10216,6342.79,9789,6081.89,9739,6048.6,5015,3115.6,4721,2931.52,1433,890.37,400,250.0,-1542,-953.98
002869.SZ,20200616,10010,6132.6,11474,7032.27,13892,8509.93,13743,8419.07,6417,3938.12,5280,3239.3,363,223.36,184,113.36,4353,2666.15
002869.SZ,20200615,9816,5964.65,7769,4724.58,8751,5327.0,7858,4780.71,3839,2339.37,6325,3847.37,231,140.17,685,418.53,-2183,-1320.13
002869.SZ,20200612,11388,6885.97,6010,3634.92,6831,4125.5,10221,6174.71,2614,1579.55,4373,2643.98,31,18.68,260,156.08,1711,1038.24
002869.SZ,20200611,7252,4460.6,6242,3842.67,6607,4068.09,6899,4246.95,3151,1941.04,2940,1808.8,194,118.69,1123,690.01,-3136,-1926.0
002869.SZ,20200610,7055,4326.63,5460,3349.97,5643,3462.8,7307,4484.47,2371,1456.15,2302,1411.14,0,0.0,0,0.0,-2567,-1572.35
002869.SZ,20200609,6623,4097.8,5859,3627.16,6900,4271.26,6593,4079.41,3035,1878.99,4376,2707.54,526,324.79,257,158.72,-438,-268.33
002869.SZ,20200608,8305,5113.16,8771,5399.75,7985,4919.37,6476,3988.06,3751,2309.68,4220,2596.28,200,123.48,774,481.6,-7187,-4422.59
002869.SZ,20200605,6998,4308.01,7342,4521.85,6704,4130.53,6955,4288.61,4480,2765.8,4607,2842.01,856,530.29,134,82.16,3192,1974.15
002869.SZ,20200604,6018,3665.64,6013,3665.01,6358,3874.59,7036,4285.54,3586,2185.12,3539,2155.92,853,519.14,227,138.0,-25,-5.87
002869.SZ,20200603,7524,4575.27,7410,4507.34,7174,4363.11,6243,3796.49,5322,3237.12,3854,2344.33,497,302.97,3011,1830.31,-4442,-2700.18
002869.SZ,20200602,10619,6502.98,8294,5080.25,8046,4926.5,10264,6285.45,4679,2868.85,4516,2764.41,871,532.5,1140,700.72,-3095,-1893.89
002869.SZ,20200601,7921,4798.79,10254,6208.01,9192,5565.89,7615,4613.42,5447,3299.5,4348,2635.16,0,0.0,343,207.6,-714,-431.05
002869.SZ,20200529,6600,3934.19,6903,4116.56,6224,3710.12,5213,3106.23,2152,1282.35,2797,1666.19,400,237.8,463,275.47,-4549,-2709.38
002869.SZ,20200528,8994,5376.04,11808,7068.33,8878,5314.83,8804,5271.29,4314,2586.65,3904,2338.83,2829,1699.21,499,298.28,73,45.16
002869.SZ,20200527,8326,4903.88,8257,4865.15,6979,4112.84,7637,4501.98,4036,2380.37,3072,1809.03,353,206.92,727,427.86,-2173,-1283.48
002869.SZ,20200526,7271,4204.29,9692,5605.46,7784,4504.54,6138,3553.09,3136,1815.32,2490,1442.14,329,191.94,200,115.4,-1708,-983.96
002869.SZ,20200525,11587,6669.85,7954,4580.74,7676,4420.36,7961,4581.44,4355,2499.19,6038,3471.66,675,388.14,2341,1343.7,-1803,-1036.26
002869.SZ,20200522,7531,4522.5,7116,4279.85,6664,4002.38,6493,3897.53,3997,2397.04,3425,2056.06,538,326.63,1695,1015.11,-2394,-1437.76
002869.SZ,20200521,14715,8926.07,12387,7534.66,13087,7945.14,13365,8103.48,7157,4344.0,8694,5271.62,931,565.07,1443,870.54,-3543,-2199.93
002869.SZ,20200520,12023,7560.03,11031,6945.66,12189,7672.34,10778,6778.06,5052,3176.09,6700,4212.62,723,453.75,1478,925.89,-7635,-4794.38
002869.SZ,20200519,19142,12052.68,14997,9458.93,20736,13053.25,17476,11005.74,14531,9140.1,16095,10124.55,3393,2128.51,9235,5785.32,-5299,-3336.49
002869.SZ,20200518,11653,8022.7,10111,6964.52,11677,8043.22,12069,8309.6,5311,3657.46,5723,3940.23,553,380.28,1291,889.31,-7222,-4975.49
002869.SZ,20200515,11939,8512.03,13326,9498.39,13329,9502.95,12917,9206.35,7661,5460.18,6620,4720.32,1427,1016.31,1493,1066.4,869,623.53
002869.SZ,20200514,7399,5126.17,5138,3562.5,7423,5146.64,8577,5944.54,3462,2399.04,5169,3581.17,1150,796.44,550,380.08,-1351,-935.43
002869.SZ,20200513,8171,5718.04,7675,5372.98,7506,5256.04,8209,5750.43,4374,3063.84,4607,3221.63,631,440.22,191,133.1,-4008,-2795.28
002869.SZ,20200512,9456,6548.13,8008,5558.71,9965,6910.23,11206,7772.83,6416,4451.02,7021,4862.2,1472,1025.0,1076,740.65,-531,-364.29
002869.SZ,20200511,10769,7623.93,7199,5102.83,10318,7316.26,10790,7641.87,5562,3934.12,8190,5798.93,923,652.77,1393,983.45,-5695,-4020.71
002869.SZ,20200508,7703,5486.79,9553,6812.28,11771,8392.69,11008,7846.5,7099,5064.39,6279,4476.15,1466,1046.16,1199,855.09,360,262.83
002869.SZ,20200507,11557,8237.24,9982,7123.96,11824,8436.25,12184,8692.84,7090,5061.82,8084,5764.54,1725,1232.31,1946,1386.28,-5756,-4088.85
002869.SZ,20200506,14942,10601.56,14730,10456.75,17103,12145.75,16985,12054.36,9048,6431.85,9545,6785.85,3557,2533.73,3390,2415.91,-9214,-6532.75
002869.SZ,20200430,17432,12357.19,22780,16176.43,22074,15688.85,19477,13827.63,11361,8083.52,10535,7491.7,3304,2351.98,1379,985.78,-2444,-1722.04
002869.SZ,20200429,20354,14411.29,18358,12997.1,21998,15564.66,22257,15751.2,12956,9167.1,13649,9656.7,1416,1003.55,2459,1741.6,3972,2810.35
002869.SZ,20200428,9685,6472.18,8332,5580.56,8883,5930.94,7796,5204.94,4076,2718.84,5680,3788.49,411,273.66,1247,821.64,-228,-155.8
002869.SZ,20200427,6555,4426.69,7031,4751.28,7046,4762.31,6339,4285.19,3865,2611.69,3786,2557.36,862,583.3,1171,790.16,1085,737.91
002869.SZ,20200424,6342,4254.42,5360,3601.59,5884,3949.72,4980,3341.6,3672,2463.74,4023,2699.13,0,0.0,1534,1025.57,-4997,-3348.5
002869.SZ,20200423,7516,5120.93,7547,5141.74,7418,5053.55,6397,4358.26,4595,3129.03,4544,3093.13,548,372.58,1589,1082.96,-3798,-2581.48
002869.SZ,20200422,7487,5135.6,7515,5157.91,7635,5236.7,7313,5019.23,2794,1919.97,3445,2360.66,922,633.84,565,388.31,-1466,-996.46
002869.SZ,20200421,10458,7216.57,11475,7922.23,10541,7276.92,11452,7902.94,6282,4340.87,5575,3852.21,1484,1025.81,262,182.79,869,605.62
002869.SZ,20200420,7852,5304.9,8661,5853.53,7347,4965.48,7957,5379.79,4163,2816.82,3485,2355.5,988,669.41,247,167.79,1391,943.47
002869.SZ,20200417,9778,6591.18,10746,7247.27,9768,6588.97,9205,6212.24,5379,3628.37,4419,2975.86,190,128.57,745,501.72,-4707,-3159.77
002869.SZ,20200416,10551,7090.75,9995,6720.1,7358,4943.8,9099,6110.33,4087,2748.05,3066,2060.99,1442,968.7,1278,859.88,-2140,-1433.07
002869.SZ,20200415,14950,10237.46,17924,12297.65,12875,8828.06,11489,7874.89,7664,5257.89,6331,4332.71,1327,910.98,1072,729.14,-3776,-2563.23
002869.SZ,20200414,19802,13609.64,16338,11227.09,15702,10782.62,17817,12240.96,10801,7428.8,10476,7200.02,2322,1599.1,3997,2752.1,5214,3598.69
002869.SZ,20200413,9949,6404.93,7613,4905.49,5347,3445.52,7572,4876.02,2064,1327.91,2434,1564.46,642,411.99,383,244.36,-2436,-1558.28
002869.SZ,20200410,10497,7029.84,8126,5444.97,6618,4437.25,8026,5382.8,2759,1850.23,3765,2521.48,818,552.37,775,520.44,-2937,-1970.71
002869.SZ,20200409,8953,6095.88,9133,6236.69,8362,5716.0,8138,5563.14,5637,3858.74,4990,3400.37,1927,1310.73,2618,1781.15,674,477.94
002869.SZ,20200408,6054,4068.0,7570,5093.18,5347,3594.82,5455,3668.62,2303,1548.49,2446,1644.29,2477,1670.97,710,476.19,-225,-147.23
002869.SZ,20200407,7921,5300.29,8651,5789.79,6271,4195.73,6997,4681.93,4040,2706.99,3307,2215.92,1162,778.5,439,293.86,750,509.01
002869.SZ,20200403,11340,7378.24,10454,6806.92,5553,3624.97,5306,3467.28,2241,1461.83,2826,1841.28,235,155.92,783,505.46,-1989,-1287.29
002869.SZ,20200402,11274,7185.7,10161,6483.03,7156,4563.81,8770,5593.24,3367,2151.4,2512,1603.75,441,284.66,796,505.54,3456,2207.54
002869.SZ,20200401,8754,5503.76,10018,6307.08,6204,3898.56,4211,2647.88,1924,1211.98,2450,1534.05,246,152.79,449,278.08,-1636,-1022.25
002869.SZ,20200331,11754,7458.43,11250,7135.42,6277,3980.86,6400,4063.79,2403,1528.4,2469,1566.78,306,195.37,621,397.07,-2809,-1767.18
002869.SZ,20200330,12630,8087.79,11728,7514.78,8130,5204.47,8693,5568.93,4095,2631.96,4695,3008.04,910,583.84,649,416.31,-1352,-873.62
002869.SZ,20200327,6946,4713.8,8739,5935.33,6275,4264.09,4694,3189.33,2140,1452.79,2208,1497.36,501,340.09,220,148.75,830,575.84
002869.SZ,20200326,7924,5324.89,7306,4910.08,4319,2901.28,5142,3451.74,2253,1511.41,2138,1437.34,277,186.97,187,125.4,-310,-201.05
002869.SZ,20200325,8180,5601.16,8671,5940.29,5570,3817.86,6031,4132.8,3198,2195.67,2727,1869.5,1165,796.98,684,469.07,-3085,-2110.06
002869.SZ,20200324,10267,6844.89,10078,6723.48,5750,3838.07,6011,4011.67,2494,1666.58,3031,2018.67,913,607.63,303,203.34,1273,856.93
002869.SZ,20200323,11426,7662.48,8548,5741.33,6308,4235.69,7492,5026.92,3117,2088.81,4631,3103.92,554,371.91,734,486.72,-1009,-672.88
002869.SZ,20200320,11515,8027.83,9863,6880.0,8211,5724.2,7208,5023.08,3823,2662.27,6787,4731.88,614,432.06,305,211.4,-2385,-1647.59
002869.SZ,20200319,12113,8450.95,13028,9094.59,9352,6531.74,8540,5961.03,5382,3757.86,5553,3879.62,814,569.28,541,374.57,-1702,-1167.34
002869.SZ,20200318,15149,10734.2,14467,10264.95,13599,9651.63,14577,10322.6,7514,5323.1,6512,4623.25,229,160.25,935,658.39,952,711.6
002869.SZ,20200317,12020,8179.22,11142,7591.74,8856,6029.41,8249,5618.97,4400,2992.18,5765,3915.34,706,478.16,826,552.92,122,71.97
002869.SZ,20200316,17512,12567.38,12921,9291.63,11190,8011.33,11806,8437.27,6635,4752.34,7851,5581.17,832,591.61,3591,2612.58,-1830,-1282.94
002869.SZ,20200313,13884,10208.76,12146,8943.12,9867,7248.56,11959,8774.2,6890,5060.43,6413,4698.13,1536,1111.61,1658,1213.92,438,362.75
002869.SZ,20200312,14051,10641.85,11494,8715.02,9536,7225.48,10207,7731.05,4693,3554.26,6828,5171.35,2723,2056.95,2474,1861.12,-2138,-1597.37
002869.SZ,20200311,11951,9449.4,10678,8444.5,8902,7052.75,10010,7935.11,4462,3542.36,5713,4520.88,4623,3631.58,3537,2775.61,-3241,-2567.55
002869.SZ,20200310,14365,11283.88,14380,11322.38,11750,9254.47,12880,10160.56,7663,6045.43,9251,7265.22,4554,3598.23,1821,1433.85,2175,1722.22
002869.SZ,20200309,16360,12911.79,13756,10867.76,13412,10599.31,11532,9113.4,5280,4169.11,9880,7788.16,1514,1194.41,1398,1105.3,-2600,-2046.89
002869.SZ,20200306,14163,11650.15,10654,8773.44,11857,9746.19,10899,8966.76,5350,4400.02,8928,7335.43,1461,1207.97,2352,1928.69,-1899,-1555.56
002869.SZ,20200305,15106,12799.29,13016,11035.03,14486,12276.02,13963,11833.71,6147,5209.96,8122,6874.57,437,372.51,1075,914.46,-3636,-3064.79
002869.SZ,20200304,12327,10472.73,13099,11146.02,19797,16849.89,16748,14239.61,8809,7476.63,11359,9651.44,1897,1612.48,1625,1374.67,1583,1374.27
002869.SZ,20200303,22164,19167.15,19065,16553.66,26254,22728.41,29474,25541.37,18816,16317.93,19495,16861.69,6391,5555.93,5591,4812.69,1630,1481.79
002869.SZ,20200302,17847,14134.33,19414,15416.5,21004,16739.72,25435,20314.12,14152,11368.12,13572,10896.61,7947,6430.27,2529,2045.21,5592,4645.0
002869.SZ,20200228,22772,17562.55,19695,15206.74,23324,17968.75,20168,15527.67,11492,8849.75,16243,12507.11,1855,1434.81,3337,2574.34,-3719,-2791.56
002869.SZ,20200227,19591,16335.25,16609,13884.34,23298,19421.74,25770,21519.84,12037,10034.74,12960,10764.0,1809,1520.74,1396,1144.29,-155,-82.19
002869.SZ,20200226,13114,11163.64,13233,11288.34,18527,15767.43,18655,15896.58,12342,10531.31,11595,9873.06,1653,1411.88,2153,1816.28,2862,2488.13
002869.SZ,20200225,21248,17334.75,19026,15596.02,31277,25563.51,31964,26198.27,24039,19708.28,23904,19500.22,5582,4599.43,7252,5911.46,12783,10584.03
002869.SZ,20200224,20075,15697.84,20038,15634.19,20757,16185.23,21100,16471.62,17930,13991.67,18829,14698.96,3536,2766.07,2332,1836.04,11740,9181.31
002869.SZ,20200221,14442,10647.02,12765,9415.29,14815,10922.49,14509,10700.59,8494,6261.21,10710,7892.49,1955,1441.37,1722,1263.71,4367,3228.41
002869.SZ,20200220,13615,9837.05,11722,8475.13,12790,9246.84,12304,8894.72,6635,4795.63,8360,6037.33,1975,1428.84,2629,1901.2,2381,1726.29
002869.SZ,20200219,17743,12924.22,13471,9825.63,15821,11530.87,15795,11513.62,8360,6097.3,12166,8851.47,2173,1575.72,2666,1937.37,-6574,-4775.61
002869.SZ,20200218,19850,14591.16,16244,11959.93,20470,15043.97,21284,15637.26,12824,9447.15,14082,10354.5,2155,1586.18,3689,2716.76,3599,2661.64
002869.SZ,20200217,14600,10278.79,15233,10720.94,15353,10809.93,15621,10998.04,12537,8833.27,10882,7665.23,1953,1371.04,2707,1908.82,3222,2290.69
002869.SZ,20200214,10319,7056.49,10666,7301.27,10949,7493.23,11718,8021.26,10457,7160.23,8130,5571.29,3688,2536.54,4898,3352.67,-2640,-1800.37
002869.SZ,20200213,17255,11637.75,16611,11203.33,17653,11906.85,19621,13242.4,13927,9416.24,13802,9310.55,2304,1545.83,1105,750.38,1210,832.59
002869.SZ,20200212,11163,7154.48,10934,7016.33,10727,6884.68,11100,7124.77,6188,3975.66,6135,3934.98,2419,1560.08,2328,1498.83,2421,1568.82
002869.SZ,20200211,13217,8448.96,14165,9059.85,12809,8198.92,12674,8108.14,7433,4758.55,7068,4525.52,1746,1114.26,1298,827.18,-1388,-863.01
002869.SZ,20200210,18622,11822.3,18446,11716.22,15875,10087.78,16699,10598.82,12007,7634.68,11670,7435.02,2650,1681.28,2339,1475.98,4003,2520.94
002869.SZ,20200207,18698,11464.5,14823,9102.52,15196,9319.26,17838,10933.47,7894,4840.34,9137,5596.24,1414,865.88,1404,857.75,-8236,-5038.78
002869.SZ,20200206,16220,10081.87,15822,9837.15,15793,9820.78,16033,9970.01,8520,5299.35,9658,6006.66,2699,1681.82,1718,1070.0,-467,-280.23
002869.SZ,20200205,20706,12794.21,18651,11524.45,16455,10172.8,19150,11839.64,11642,7195.22,10687,6610.67,1939,1203.76,2254,1391.23,3619,2247.75
002869.SZ,20200204,17926,10580.93,16516,9801.83,19226,11313.01,17991,10641.3,16668,9811.11,16509,9738.75,5096,2960.85,7899,4484.03,3279,1588.8
002869.SZ,20200203,1055,645.66,133,81.39,543,332.32,764,467.57,461,282.13,629,384.95,0,0.0,533,326.2,1957,1197.68
002869.SZ,20200123,21649,14966.3,11452,7900.05,17928,12361.4,17747,12242.97,10380,7124.09,14753,10146.54,306,210.88,6311,4373.11,-7502,-5151.6
002869.SZ,20200122,15037,10751.07,13176,9428.4,13564,9704.16,14165,10132.54,9313,6660.11,9889,7071.45,1332,957.28,2016,1440.22,425,326.13
002869.SZ,20200121,25915,18759.17,19398,14041.41,25513,18427.64,27966,20225.25,14702,10648.94,16557,11980.45,2665,1911.65,4874,3500.29,-13183,-9430.15
002869.SZ,20200120,17936,13589.22,18154,13786.24,24449,18539.16,19105,14512.21,16592,12608.65,20105,15230.04,3927,2961.81,5541,4170.35,-2741,-2073.96
002869.SZ,20200117,13201,9751.49,13626,10061.61,16768,12396.09,17229,12728.59,15735,11633.35,17832,13174.09,4494,3302.98,1510,1119.64,2352,1747.81
002869.SZ,20200116,12118,8562.6,15794,11175.04,18480,13092.08,17584,12448.83,15386,10888.71,12686,8976.97,2361,1669.29,2281,1611.85,7074,5052.02
002869.SZ,20200115,14970,10336.97,14490,10016.13,18122,12516.64,16799,11609.04,12492,8625.15,14422,9965.43,5703,3958.14,5576,3846.31,-8129,-5599.1
002869.SZ,20200114,30949,22599.71,20569,15067.33,33616,24565.39,28279,20724.31,30872,22744.42,34796,25517.63,5898,4400.07,17691,13000.33,-17169,-12373.9
002869.SZ,20200113,10832,7851.97,16808,12280.9,14936,10869.32,22067,16192.57,21432,15686.45,18653,13732.92,17229,12911.95,6901,5113.3,10613,7700.26
002869.SZ,20200110,11346,7764.78,15925,10908.6,18759,12852.19,18353,12582.65,16431,11256.79,15495,10604.48,4881,3349.16,1643,1127.19,11137,7651.18
002869.SZ,20200109,8866,5882.89,9080,6031.9,9431,6264.04,11010,7312.17,6309,4194.09,5539,3679.51,1447,963.74,424,281.18,2307,1544.24
002869.SZ,20200108,9418,6247.86,9182,6095.82,11869,7875.52,9147,6062.6,5900,3922.51,6312,4193.94,1047,689.71,3593,2383.23,-2436,-1595.19
002869.SZ,20200107,7954,5256.57,6705,4432.66,6695,4424.95,7841,5182.42,4162,2750.5,4596,3036.06,970,641.69,640,422.57,-957,-628.79
002869.SZ,20200106,10461,6928.7,9039,5989.79,9602,6358.69,10311,6831.34,6653,4405.04,7662,5070.07,2237,1482.27,1941,1283.51,-5044,-3337.81
002869.SZ,20200103,9525,6398.65,11624,7816.71,10527,7081.45,10822,7283.31,9532,6417.59,6690,4498.26,1442,972.12,1890,1271.53,-855,-562.12
002869.SZ,20200102,10955,7257.9,15372,10201.73,14548,9655.87,13895,9232.76,10715,7133.93,9412,6267.76,3965,2641.22,1504,986.67,1473,1020.6
002869.SZ,20211231,7884,1216.36,10067,1558.15,7802,1204.73,8862,1370.22,6507,1010.27,3263,503.0,0,0.0,0,0.0,3307,512.35
002869.SZ,20211230,7141,1099.5,6688,1030.38,4856,748.06,5392,830.37,1459,225.1,1376,211.92,0,0.0,0,0.0,-1860,-286.06
002869.SZ,20211229,7849,1196.02,6574,1003.05,3792,577.65,4963,756.05,1564,238.21,1668,252.78,0,0.0,0,0.0,-1451,-220.59
002869.SZ,20211228,7170,1099.3,9051,1389.08,7502,1151.67,7458,1144.93,2964,455.52,1128,172.48,0,0.0,0,0.0,2359,362.84
002869.SZ,20211227,10206,1530.86,8450,1270.18,6967,1046.22,7982,1199.0,990,149.3,1731,257.2,0,0.0,0,0.0,2682,405.85
002869.SZ,20211224,11480,1743.44,10785,1636.97,9393,1422.79,9900,1501.94,2423,368.02,2611,395.34,0,0.0,0,0.0,-6787,-1023.48
002869.SZ,20211223,15042,2324.87,12758,1972.08,11065,1709.74,11424,1766.6,4152,639.4,4730,729.67,694,107.71,2040,313.36,-10716,-1655.2
002869.SZ,20211222,13858,2197.52,15614,2474.34,11096,1759.25,10746,1704.96,3664,580.1,3484,550.48,1226,192.91,0,0.0,-8657,-1363.62
002869.SZ,20211221,8629,1373.38,8322,1326.25,8134,1296.19,8655,1378.49,3719,593.58,2800,446.86,0,0.0,704,111.55,5032,803.26
002869.SZ,20211220,11063,1750.81,9214,1461.58,7233,1146.22,8116,1284.22,1038,164.98,2004,316.21,0,0.0,0,0.0,-6183,-977.17
002869.SZ,20211217,12182,1947.14,9340,1493.31,8729,1395.87,10129,1618.45,1491,238.16,2934,469.4,0,0.0,0,0.0,-6789,-1085.38
002869.SZ,20211216,12116,1960.45,13374,2166.37,13296,2152.93,12988,2101.77,4624,748.72,3674,593.96,0,0.0,0,0.0,-230,-33.06
002869.SZ,20211215,24123,3901.87,16979,2747.41,18820,3045.74,20201,3266.94,5018,810.37,6783,1096.17,3315,536.91,7314,1184.37,-9649,-1553.72
002869.SZ,20211214,42937,6975.61,43764,7116.8,34891,5663.81,39107,6364.09,19588,3183.91,19616,3182.79,5694,944.9,622,104.56,18091,2898.66
002869.SZ,20211213,8708,1340.7,9316,1437.98,7816,1205.35,9671,1490.32,5803,897.44,3339,515.19,0,0.0,0,0.0,-3355,-515.25
002869.SZ,20211210,11548,1787.47,13766,2130.95,10551,1632.7,10868,1681.68,6471,1000.34,4644,717.92,708,110.02,0,0.0,-13038,-2016.3
002869.SZ,20211209,15013,2353.14,12523,1966.28,12286,1927.51,9957,1561.81,5983,937.73,6035,946.6,232,36.58,5000,780.28,3918,615.82
002869.SZ,20211208,15302,2368.35,14389,2231.3,11340,1760.74,12152,1883.21,2271,353.16,1575,243.35,1974,305.97,2770,430.36,-44,-0.76
002869.SZ,20211207,15001,2330.73,13355,2075.36,9150,1420.83,9239,1434.94,1464,227.16,3021,468.43,0,0.0,0,0.0,-2815,-432.51
002869.SZ,20211206,20092,3124.55,23858,3710.32,17903,2785.97,14008,2180.16,5292,822.25,4621,717.17,0,0.0,800,125.12,-6590,-1013.3
002869.SZ,20211203,23055,3632.4,30508,4812.25,25198,3973.38,22412,3535.74,11748,1856.95,7606,1198.67,642,102.5,117,18.58,9690,1529.48
002869.SZ,20211202,14523,2241.41,12299,1896.05,8177,1261.54,10096,1558.3,2186,336.56,2491,385.17,0,0.0,0,0.0,-8317,-1279.19
002869.SZ,20211201,21297,3324.69,13989,2183.18,13528,2111.66,16292,2544.26,2909,455.14,7454,1164.05,0,0.0,0,0.0,10368,1621.37
002869.SZ,20211130,18200,2802.79,14362,2213.06,12410,1913.37,14974,2305.52,2135,327.54,3383,520.93,0,0.0,27,4.19,2702,417.36
002869.SZ,20211129,14195,2148.17,13707,2074.5,11426,1729.95,10677,1616.18,2583,390.51,3714,561.5,96,14.38,202,30.83,-10336,-1561.42
002869.SZ,20211126,12606,1943.35,10627,1641.06,8096,1250.91,10876,1677.88,4990,768.87,4189,644.18,0,0.0,0,0.0,-1490,-225.07
002869.SZ,20211125,11690,1815.59,9065,1409.28,9668,1501.63,7572,1176.14,2125,329.41,6045,937.67,0,0.0,800,123.54,-3407,-527.56
002869.SZ,20211124,17655,2766.97,12613,1981.37,11524,1808.18,13177,2065.29,1366,215.33,3803,593.79,0,0.0,952,150.03,1406,225.49
002869.SZ,20211123,18460,2890.51,13575,2128.53,13034,2041.36,13887,2173.54,2566,403.14,5799,908.76,0,0.0,798,124.18,1287,201.94
002869.SZ,20211122,23679,3703.21,29035,4548.92,20743,3252.82,21112,3304.18,8962,1408.52,6540,1027.13,5007,784.66,1704,268.97,2373,360.39
002869.SZ,20211119,9310,1404.74,10051,1518.22,7555,1140.46,7653,1154.86,1173,177.46,2038,307.73,1704,258.14,0,0.0,507,77.41
002869.SZ,20211118,19724,2982.1,12590,1901.73,10455,1580.26,15834,2394.75,2934,443.16,6520,984.77,2783,419.19,952,143.47,-6327,-953.05
002869.SZ,20211117,12493,1923.68,8137,1253.84,8520,1312.03,9625,1482.54,2113,325.28,5364,824.6,0,0.0,0,0.0,883,136.31
002869.SZ,20211116,15617,2425.58,12600,1959.25,11147,1731.46,14567,2264.73,9151,1426.05,8482,1318.18,770,119.89,1037,160.82,-10128,-1573.09
002869.SZ,20211115,19884,3084.98,21766,3382.81,17527,2724.71,20631,3206.07,9219,1433.62,7880,1220.22,3647,565.79,0,0.0,582,91.52
002869.SZ,20211112,16149,2432.97,18203,2743.75,18287,2755.41,18686,2816.41,8060,1216.46,6096,918.65,490,73.97,0,0.0,4764,725.64
002869.SZ,20211111,13737,2038.94,13980,2078.63,12675,1884.48,11327,1684.07,3362,501.21,5387,799.23,920,137.31,0,0.0,-4275,-631.78
002869.SZ,20211110,14792,2171.88,12706,1867.28,11918,1750.99,14615,2146.63,2806,413.93,2100,308.81,0,0.0,96,14.09,1836,272.77
002869.SZ,20211109,13394,1949.08,13210,1924.17,11917,1736.06,11004,1601.74,4143,602.36,4048,588.56,897,130.03,2090,303.06,-4391,-637.73
002869.SZ,20211108,22632,3318.07,28870,4256.36,19889,2925.55,16087,2360.3,6923,1023.42,6726,985.41,2240,335.03,0,0.0,-2418,-356.86
002869.SZ,20211105,24719,3609.61,21769,3183.87,19222,2809.76,19683,2875.15,5824,853.26,7615,1112.02,0,0.0,698,101.58,1862,273.22
002869.SZ,20211104,40563,5875.62,24920,3613.11,27914,4042.08,32922,4767.64,9905,1436.17,18443,2669.96,0,0.0,2098,303.15,-9844,-1421.5
002869.SZ,20211103,17337,2476.26,26418,3789.72,23280,3355.63,26829,3857.86,28633,4135.67,20159,2928.31,28755,4212.06,24599,3603.73,-52324,-7718.82
002869.SZ,20211102,7128,958.42,6338,852.4,3819,513.83,3777,508.05,670,89.88,1502,201.69,0,0.0,0,0.0,-3963,-533.47
002869.SZ,20211101,6439,875.52,5069,690.45,3824,520.46,3916,531.16,608,81.61,1886,255.99,0,0.0,0,0.0,2480,337.74
002869.SZ,20211029,4408,596.32,4680,632.76,4586,619.52,4090,552.51,2162,292.25,2386,322.82,0,0.0,0,0.0,-275,-36.36
002869.SZ,20211028,5738,767.56,4676,626.56,5094,681.77,5677,760.35,2982,399.1,1354,181.71,0,0.0,2106,279.81,-1180,-159.18
002869.SZ,20211027,10666,1456.36,7710,1053.05,10014,1365.65,10734,1464.0,4202,570.16,6438,875.11,0,0.0,0,0.0,-6619,-904.09
002869.SZ,20211026,8589,1214.18,8145,1152.35,10064,1422.54,7111,1004.51,1068,151.12,3564,502.77,0,0.0,902,128.2,-3442,-484.22
002869.SZ,20211025,4807,692.42,4916,708.77,4685,675.23,4414,635.63,846,121.94,883,127.18,0,0.0,125,17.99,-1568,-225.48
002869.SZ,20211022,6038,869.72,9233,1333.73,9627,1387.23,8815,1272.17,4627,673.26,2244,324.31,0,0.0,0,0.0,1172,176.1
002869.SZ,20211021,4965,707.02,6753,961.64,8054,1145.41,5350,760.62,2595,368.68,3510,498.86,0,0.0,0,0.0,1859,265.74
002869.SZ,20211020,4265,603.67,4408,624.58,4653,659.21,4002,566.45,1450,205.16,1958,277.01,0,0.0,0,0.0,-1488,-209.85
002869.SZ,20211019,6078,861.97,4790,679.74,3705,525.67,5338,757.35,2054,291.72,1710,242.27,0,0.0,0,0.0,-703,-98.95
002869.SZ,20211018,7206,1020.24,5917,837.95,7628,1080.06,7726,1093.75,2690,380.33,3881,548.92,0,0.0,0,0.0,-1210,-171.47
002869.SZ,20211015,14621,2103.02,15287,2200.0,15280,2198.55,14341,2062.78,5654,813.95,5127,738.24,0,0.0,799,114.5,-5293,-759.5
002869.SZ,20211014,6690,1006.63,4729,712.31,3872,582.98,5934,893.14,1898,286.34,917,138.31,0,0.0,880,132.18,-3698,-556.65
002869.SZ,20211013,5596,846.83,4992,755.88,4844,733.38,5144,778.6,1838,278.18,2142,323.92,0,0.0,0,0.0,41,7.62
002869.SZ,20211012,10831,1648.65,6906,1052.22,4565,694.38,6331,963.17,876,133.08,3034,460.72,0,0.0,0,0.0,-4062,-618.2
002869.SZ,20211011,11043,1700.16,11030,1699.01,8503,1310.42,8304,1278.77,3142,483.93,3355,516.74,0,0.0,0,0.0,-327,-48.52
002869.SZ,20211008,12131,1839.63,11495,1743.98,10823,1641.23,11820,1790.82,2400,365.37,1140,171.96,722,109.02,1622,248.49,7202,1097.97
002869.SZ,20210930,6734,1008.41,5491,822.7,4519,676.77,6476,969.6,2522,377.38,2606,389.98,1704,255.24,906,135.53,-3506,-523.84
002869.SZ,20210929,5224,776.94,6874,1024.29,6653,990.55,5956,887.07,3810,567.76,2851,422.7,269,40.11,275,41.31,-2404,-356.03
002869.SZ,20210928,7903,1177.52,5224,779.0,4856,722.48,7206,1072.96,1623,241.32,2131,316.14,179,26.78,0,0.0,-704,-101.5
002869.SZ,20210927,11241,1682.15,6880,1030.21,7508,1123.24,8190,1226.87,1345,200.32,4125,615.41,0,0.0,898,133.21,-5664,-848.26
002869.SZ,20210924,6392,980.39,7565,1160.62,7037,1079.92,6079,932.41,1782,273.01,1568,240.3,0,0.0,0,0.0,-3894,-595.43
002869.SZ,20210923,9586,1471.54,8298,1275.22,8282,1272.88,9704,1490.25,2786,429.03,3066,471.53,414,63.55,0,0.0,2568,395.06
002869.SZ,20210922,5173,779.86,4215,636.72,3962,597.76,4888,737.14,1175,178.12,1719,258.58,511,76.7,0,0.0,-2694,-405.74
002869.SZ,20210917,8780,1330.97,8693,1319.21,7058,1070.31,6370,966.41,1436,217.84,2065,311.61,1308,200.12,1454,222.01,-6199,-939.5
002869.SZ,20210916,13013,2020.43,9658,1499.28,8208,1274.59,9286,1442.68,1728,267.11,4006,620.18,0,0.0,0,0.0,-7233,-1119.34
002869.SZ,20210915,15979,2484.68,16376,2551.74,14980,2328.11,17344,2697.95,4397,690.82,4880,763.35,3244,509.42,0,0.0,7233,1139.51
002869.SZ,20210914,11667,1795.53,9986,1537.6,10600,1632.31,10402,1601.69,2363,363.04,4872,749.48,1358,209.06,729,111.17,-9021,-1388.33
002869.SZ,20210913,10586,1637.6,9111,1411.29,8308,1284.98,9577,1481.18,1511,233.91,1716,264.02,0,0.0,0,0.0,-939,-142.21
002869.SZ,20210910,11236,1752.66,10190,1591.06,11130,1736.99,11728,1829.43,4163,648.88,3911,609.06,0,0.0,700,108.99,-4465,-692.67
002869.SZ,20210909,15702,2470.8,10832,1705.58,14150,2226.89,12657,1992.72,4730,745.53,8852,1392.09,1761,277.79,4002,630.63,-7539,-1186.13
002869.SZ,20210908,22800,3614.42,25220,3995.5,26636,4223.47,24686,3911.96,11832,1875.36,14402,2285.72,4880,774.53,1841,294.59,7830,1236.72
002869.SZ,20210907,10531,1609.87,12561,1922.96,11588,1771.62,12982,1986.74,9219,1412.76,6545,999.5,800,122.58,50,7.63,-1122,-168.71
002869.SZ,20210906,10980,1648.84,12488,1881.65,11516,1732.65,11357,1706.6,3453,521.03,2563,383.95,458,69.68,0,0.0,1930,293.55
002869.SZ,20210903,9770,1461.74,9069,1357.33,8795,1315.91,9336,1396.36,2857,428.3,3018,452.26,0,0.0,0,0.0,2660,400.48
002869.SZ,20210902,10430,1547.38,8073,1198.22,8696,1290.43,9191,1363.63,1088,161.31,2950,437.27,0,0.0,0,0.0,-4770,-706.91
002869.SZ,20210901,13397,2000.84,16259,2427.59,13838,2065.54,13632,2034.91,5798,863.45,3375,501.6,233,34.27,0,0.0,3207,478.66
002869.SZ,20210831,15552,2245.0,12032,1739.99,14184,2047.87,15138,2185.63,3632,525.58,5752,828.99,0,0.0,445,63.84,-2096,-302.09
002869.SZ,20210830,9052,1350.31,8511,1272.25,8044,1201.58,8510,1270.56,2750,411.37,3544,528.34,719,107.88,0,0.0,-2587,-384.71
002869.SZ,20210827,12001,1796.08,10143,1518.91,11220,1679.88,10458,1565.23,3511,525.37,6131,917.19,0,0.0,0,0.0,-10584,-1583.45
002869.SZ,20210826,13151,2006.88,9611,1467.09,9809,1497.36,10586,1615.72,3267,498.17,6030,919.6,0,0.0,0,0.0,-10037,-1532.61
002869.SZ,20210825,9172,1418.0,8049,1245.84,9030,1396.45,8274,1280.3,2758,426.53,4291,662.75,695,108.07,1040,160.17,-4276,-659.62
002869.SZ,20210824,13727,2135.96,10506,1635.42,10683,1661.7,11056,1719.72,3163,492.53,5212,810.78,0,0.0,800,124.27,-8446,-1314.09
002869.SZ,20210823,16165,2552.43,9586,1514.49,9597,1516.14,11730,1853.51,2921,461.52,6352,1001.77,0,0.0,1016,160.32,5049,799.18
002869.SZ,20210820,10674,1644.31,8125,1253.69,7497,1155.64,8140,1254.31,2841,437.63,4748,729.58,0,0.0,0,0.0,-1908,-291.98
002869.SZ,20210819,9360,1482.36,11200,1776.28,9406,1491.19,7435,1179.08,1770,282.06,1650,260.7,0,0.0,251,39.56,-2100,-331.37
002869.SZ,20210818,11648,1813.99,9383,1463.2,8264,1287.26,7517,1170.95,1341,208.84,3580,556.75,0,0.0,773,119.19,-4376,-677.91
002869.SZ,20210817,18129,2873.93,14013,2222.61,14112,2237.06,14015,2221.71,2802,444.19,6714,1062.54,633,101.88,933,150.21,-14008,-2219.28
002869.SZ,20210816,12156,1965.48,11165,1807.3,12616,2041.45,11044,1786.6,2785,448.23,3845,621.68,0,0.0,1503,239.58,5193,841.84
002869.SZ,20210813,20437,3283.02,16656,2678.34,14926,2398.05,14776,2373.73,3416,548.66,6417,1028.27,0,0.0,928,149.4,-12124,-1948.84
002869.SZ,20210812,12099,1993.41,12309,2031.02,11249,1855.42,10808,1782.58,3352,552.64,2589,425.44,0,0.0,994,162.44,-2702,-443.9
002869.SZ,20210811,11748,1928.66,8858,1455.41,8937,1466.84,9312,1529.22,2139,351.37,4678,766.26,24,4.01,0,0.0,-7256,-1188.4
002869.SZ,20210810,12108,1999.62,12382,2046.63,11328,1872.12,11011,1818.94,4859,805.07,4902,811.24,0,0.0,0,0.0,1913,321.84
002869.SZ,20210809,17629,2876.58,16858,2749.85,12100,1973.94,13990,2282.38,5079,829.19,3316,541.97,0,0.0,643,105.52,7743,1268.05
002869.SZ,20210806,12159,1922.24,9212,1456.92,9256,1464.11,9734,1539.36,1993,315.75,5159,816.15,696,110.34,0,0.0,-2777,-436.25
002869.SZ,20210805,14730,2370.39,9825,1581.76,9220,1484.16,10954,1762.83,1611,259.41,4782,769.36,0,0.0,0,0.0,-5246,-843.35
002869.SZ,20210804,15367,2520.78,12286,2016.24,12882,2115.65,11360,1866.67,3795,622.53,7316,1197.63,0,0.0,1082,178.42,-1645,-266.24
002869.SZ,20210803,16902,2811.35,14967,2492.76,13532,2253.77,14354,2388.52,4204,698.46,5317,882.3,0,0.0,0,0.0,-7866,-1304.98
002869.SZ,20210802,13843,2280.31,14280,2358.75,13770,2272.56,13122,2166.08,5428,900.51,5640,928.54,0,0.0,0,0.0,-3269,-538.85
002869.SZ,20210730,17795,2901.97,16794,2741.47,15866,2585.66,15680,2556.86,4860,797.1,5048,822.28,0,0.0,1000,164.1,6036,989.35
002869.SZ,20210729,17826,2852.92,17558,2808.23,16221,2595.34,14951,2390.72,5298,851.6,6448,1036.16,1928,306.67,2316,371.42,4396,703.14
002869.SZ,20210728,20614,3206.73,16364,2544.72,14230,2208.86,16364,2541.36,3129,484.08,6656,1031.11,1410,217.53,0,0.0,-3809,-595.29
002869.SZ,20210727,19832,3286.73,19090,3166.94,16324,2710.96,15391,2555.99,5988,998.62,6427,1068.22,212,35.23,1448,240.38,-11021,-1825.57
002869.SZ,20210726,20482,3399.3,18290,3037.17,15124,2512.08,14565,2420.18,2862,476.99,4854,807.31,1095,184.05,1853,307.76,-4106,-683.53
002869.SZ,20210723,29773,5046.82,20651,3500.53,17347,2944.24,20230,3433.09,4588,777.95,11001,1863.9,2238,381.13,2063,352.61,-13041,-2207.52
002869.SZ,20210722,16310,2850.97,12594,2202.85,15118,2645.92,14510,2539.3,5050,883.56,9116,1593.77,569,99.42,826,143.96,-3747,-652.73
002869.SZ,20210721,20056,3518.14,20113,3530.85,17101,3001.07,16170,2838.27,6794,1193.57,8002,1403.1,909,160.25,574,100.79,2812,496.62
002869.SZ,20210720,29394,5031.45,29777,5110.77,23464,4027.19,23888,4096.45,6902,1188.9,5442,933.76,1569,265.76,2221,372.32,-884,-120.86
002869.SZ,20210719,33172,5643.94,25353,4322.42,26455,4502.21,27921,4755.24,11417,1945.41,12137,2061.75,0,0.0,5633,952.15,-4983,-847.43
002869.SZ,20210716,37409,6619.62,34858,6182.05,32582,5763.52,38692,6848.08,18919,3361.15,16964,2989.36,4174,723.62,2570,448.41,-7462,-1342.04
002869.SZ,20210715,25484,4585.37,15269,2749.74,18028,3245.76,20497,3688.3,10742,1933.68,13881,2497.86,561,100.89,5168,929.79,7135,1276.23
002869.SZ,20210714,28746,5738.33,16232,3244.17,19622,3919.69,23891,4772.18,6126,1226.95,11809,2358.08,1198,238.64,3761,749.19,24499,4876.65
002869.SZ,20210713,35795,8006.13,33896,7602.13,38085,8523.48,38516,8622.99,16228,3646.56,17755,3967.92,560,129.41,500,112.54,-6377,-1409.1
002869.SZ,20210712,22807,4905.34,23822,5126.71,25153,5407.61,26214,5637.08,14222,3058.0,11682,2509.84,888,193.04,1352,290.36,6847,1472.1
002869.SZ,20210709,24700,5191.86,17935,3775.66,19266,4055.12,23158,4874.36,9030,1902.91,13047,2741.75,2105,443.28,961,201.4,-13002,-2725.29
002869.SZ,20210708,24404,5189.64,25401,5407.01,30433,6482.44,30868,6571.08,11590,2465.27,11621,2471.7,2282,488.25,819,175.8,5670,1212.67
002869.SZ,20210707,21255,4465.98,22565,4747.39,23719,4987.72,22842,4800.74,10187,2142.68,9716,2040.11,352,74.25,389,82.39,-5677,-1189.61
002869.SZ,20210706,30734,6432.08,23815,4986.92,26309,5506.94,26980,5646.9,8674,1816.32,14368,3004.85,313,65.09,867,181.76,-5758,-1200.46
002869.SZ,20210705,40686,8725.82,28172,6044.87,33445,7174.87,39901,8560.58,15426,3311.06,20985,4499.25,887,190.26,1386,297.33,-9626,-2043.7
002869.SZ,20210702,42063,9841.02,50100,11732.72,45819,10725.77,40721,9537.34,21958,5145.37,22235,5202.02,3464,819.73,249,59.81,-9446,-2194.01
002869.SZ,20210701,47288,10904.0,33467,7722.71,33994,7840.23,35457,8183.21,13484,3114.23,21072,4853.61,0,0.0,4770,1098.91,-12867,-2945.26
002869.SZ,20210630,57612,13615.76,50329,11897.77,50922,12038.12,53826,12723.85,25507,6031.17,28067,6633.81,967,228.65,2786,658.26,417,114.62
002869.SZ,20210629,108663,27302.16,71213,17932.58,95578,23995.41,89295,22437.18,48101,12114.39,67721,17072.99,11812,2996.92,35925,8966.14,-12844,-3171.96
002869.SZ,20210628,34058,7948.7,37890,8939.21,39831,9320.65,48395,11390.54,27829,6570.03,33530,7922.59,30355,7349.48,12258,2936.53,-25446,-6266.14
002869.SZ,20210625,17133,3559.13,33798,7203.96,23708,4949.94,31817,6792.61,18150,3905.77,15894,3406.15,23908,5283.3,1390,295.41,-8651,-2074.96
002869.SZ,20210624,20215,4051.19,16136,3236.84,17217,3453.21,21244,4262.44,8012,1609.06,8746,1751.74,681,137.55,0,0.0,-9586,-1916.99
002869.SZ,20210623,21896,4450.98,19302,3931.37,22936,4664.43,23329,4746.58,10505,2140.44,11577,2350.58,1406,283.64,2536,510.97,-2466,-500.86
002869.SZ,20210622,24738,5014.11,22064,4472.91,21791,4419.42,22499,4562.6,6596,1337.33,8339,1690.18,516,104.49,739,149.66,-16342,-3311.5
002869.SZ,20210621,29652,6075.82,28391,5818.86,29730,6092.6,31307,6416.88,14981,3073.33,13359,2740.66,133,27.39,1438,292.74,-5203,-1061.98
002869.SZ,20210618,45541,9406.86,40802,8444.44,45523,9421.12,43732,9048.27,20521,4237.33,27180,5603.57,5306,1091.15,5177,1060.18,-2335,-428.33
002869.SZ,20210617,67154,14202.09,54776,11595.08,65210,13822.22,61638,13062.26,37671,7984.63,49852,10536.17,11900,2542.27,15668,3357.7,10136,2208.61
002869.SZ,20210616,2282,448.05,11925,2387.57,4392,868.63,12331,2473.08,8714,1741.1,11515,2319.22,23060,4663.44,2676,541.35,-24937,-5055.71
002869.SZ,20210615,18424,3416.89,11601,2155.06,11392,2111.04,13100,2430.99,3805,705.67,8221,1521.07,602,113.65,1302,240.13,-6981,-1290.88
002869.SZ,20210611,25330,4862.59,19948,3834.64,16788,3221.48,19398,3718.6,3292,630.5,6671,1276.43,608,115.09,0,0.0,-11323,-2173.35
002869.SZ,20210610,12687,2476.88,13206,2580.28,9851,1924.9,9794,1913.11,3278,641.12,2817,549.51,0,0.0,0,0.0,3169,623.66
002869.SZ,20210609,13662,2672.44,12319,2408.84,7643,1494.61,9590,1877.51,2371,464.76,1604,313.85,0,0.0,162,31.61,-7993,-1562.83
002869.SZ,20210608,12736,2532.51,10165,2023.53,9559,1902.9,12098,2404.83,3091,614.95,3124,621.99,0,0.0,0,0.0,-7321,-1452.55
002869.SZ,20210607,13509,2699.29,14174,2833.44,12256,2449.04,11001,2197.83,4888,978.47,5809,1161.43,478,95.57,147,29.66,3679,739.44
002869.SZ,20210604,11274,2194.36,9108,1775.84,8327,1622.29,8396,1635.08,2137,416.83,4235,822.55,0,0.0,0,0.0,-783,-152.7
002869.SZ,20210603,14839,2942.2,12007,2384.58,9838,1954.96,10044,1991.1,3661,727.46,6788,1349.13,1000,200.45,500,100.26,-6581,-1299.9
002869.SZ,20210602,17450,3505.41,17664,3552.89,13701,2758.13,14609,2940.07,6502,1311.41,5548,1114.8,816,162.87,650,130.07,-14728,-2957.47
002869.SZ,20210601,18476,3774.74,20990,4290.0,19310,3949.44,17806,3638.07,7797,1592.14,6193,1266.41,0,0.0,595,121.85,764,162.63
002869.SZ,20210531,34099,6693.74,25263,4965.09,21911,4295.41,24910,4882.1,5192,1013.73,11029,2155.67,0,0.0,0,0.0,11589,2301.74
002869.SZ,20210528,16314,3287.68,12587,2536.61,14477,2918.24,15918,3208.49,5529,1113.6,7815,1574.43,0,0.0,0,0.0,-11832,-2382.19
002869.SZ,20210527,19499,3983.97,22538,4609.6,22614,4625.24,18906,3864.05,7446,1522.42,6006,1228.91,0,0.0,2108,429.08,2376,487.0
002869.SZ,20210526,19841,4015.06,15981,3237.86,15485,3137.0,16743,3389.85,4520,916.48,6453,1306.46,0,0.0,668,134.39,-6753,-1360.12
002869.SZ,20210525,25131,5067.63,14230,2872.9,16812,3392.97,17090,3447.46,5586,1129.93,15287,3083.11,1286,261.01,2207,448.07,552,114.74
002869.SZ,20210524,16343,3367.28,11288,2329.04,15335,3158.68,17148,3532.34,6272,1293.33,9014,1855.39,0,0.0,500,102.51,-10180,-2098.01
002869.SZ,20210521,14858,3094.49,17603,3668.98,16452,3430.83,16391,3416.78,9239,1928.49,6976,1453.65,3500,729.23,3080,643.63,-6271,-1297.01
002869.SZ,20210520,22551,4715.79,22015,4615.47,21325,4468.78,23444,4906.21,9997,2094.86,9392,1959.75,2110,441.73,1131,239.74,-3167,-657.23
002869.SZ,20210519,29327,6260.94,24184,5172.14,25834,5525.77,27445,5868.07,14349,3067.53,14468,3086.58,478,102.81,3891,830.26,-8144,-1722.09
002869.SZ,20210518,63982,13970.95,37027,8075.5,54724,11950.53,59740,13035.0,33360,7281.84,39084,8568.96,4891,1096.7,21106,4620.56,-21782,-4686.44
002869.SZ,20210517,12358,2641.9,22548,4921.34,15365,3301.19,26792,5830.16,15583,3363.79,20912,4540.49,37688,8310.69,10742,2325.58,-17318,-3879.12
002869.SZ,20210514,7432,1469.38,16888,3380.17,9457,1879.78,17812,3584.26,10626,2124.52,12362,2499.4,21414,4371.38,1866,381.22,-12340,-2563.97
002869.SZ,20210513,13417,2519.63,13203,2482.06,13222,2483.32,11030,2071.23,1306,246.8,3712,696.46,0,0.0,0,0.0,-3205,-596.83
002869.SZ,20210512,15651,2878.76,13958,2569.92,12457,2291.79,11277,2074.03,3872,711.91,5651,1037.75,0,0.0,1094,200.77,-18,9.66
002869.SZ,20210511,18648,3414.87,16041,2938.42,13405,2454.27,15796,2892.21,4018,737.3,4234,775.82,0,0.0,0,0.0,-7744,-1417.85
002869.SZ,20210510,30347,5568.53,28810,5355.76,28686,5312.27,25550,4715.04,9254,1718.17,12437,2256.32,0,0.0,1489,271.84,1953,332.21
002869.SZ,20210507,12197,2269.74,8559,1594.78,9348,1738.59,9279,1728.26,1904,351.26,5465,1010.72,664,122.91,810,148.73,-6596,-1220.6
002869.SZ,20210506,14376,2709.57,10622,2004.5,10098,1903.36,11476,2163.65,3542,668.4,4494,844.85,0,0.0,1424,268.34,-3183,-599.64
002869.SZ,20210430,20642,4006.71,14409,2794.85,13428,2605.74,13972,2709.58,2334,452.71,8917,1730.83,1776,344.6,882,174.51,-11546,-2234.18
002869.SZ,20210429,17663,3549.9,20808,4186.03,18860,3794.27,19941,4010.1,9944,1998.19,5358,1078.04,1400,282.25,1759,350.44,1069,218.21
002869.SZ,20210428,10563,2048.07,8107,1572.05,7183,1392.68,8702,1686.88,2886,559.3,3082,597.23,0,0.0,742,143.89,-1545,-296.89
002869.SZ,20210427,21259,4129.91,12917,2510.67,13121,2549.94,17894,3477.01,3040,592.29,6468,1255.07,1905,371.01,2046,400.4,-3235,-629.26
002869.SZ,20210426,14989,3017.72,10073,2030.28,10199,2054.56,12906,2600.1,3979,802.72,5547,1115.67,155,30.99,797,159.93,-4451,-891.93
002869.SZ,20210423,14575,2973.36,11023,2252.09,12634,2577.52,12089,2467.37,4290,875.78,8698,1770.69,312,63.49,0,0.0,-4407,-898.74
002869.SZ,20210422,15879,3315.62,11712,2448.48,12534,2618.12,12039,2514.69,4809,1006.54,7781,1623.65,0,0.0,1691,353.46,-7266,-1513.31
002869.SZ,20210421,16694,3513.41,13799,2909.31,14033,2954.47,14719,3101.63,7730,1631.29,8384,1763.4,881,186.21,2436,511.04,-5045,-1061.52
002869.SZ,20210420,27161,5779.86,26170,5579.13,26167,5572.95,27152,5773.73,12209,2596.04,13258,2816.06,1043,220.06,0,0.0,4850,1029.36
002869.SZ,20210419,19706,4087.75,16122,3348.25,16904,3506.52,17735,3680.4,7824,1622.8,10170,2103.76,0,0.0,407,84.66,681,142.79
002869.SZ,20210416,23382,4760.0,23003,4695.66,24443,4987.98,23005,4686.3,8905,1817.64,9704,1976.18,41,8.34,1059,215.82,3626,739.15
002869.SZ,20210415,35106,7061.63,21794,4389.56,29235,5882.72,32600,6564.99,14067,2835.97,22844,4591.63,2800,570.03,3971,804.17,-10272,-2060.03
002869.SZ,20210414,44032,9266.93,36709,7760.63,42026,8846.37,47181,9920.15,25442,5368.74,32559,6837.92,12038,2512.85,7087,1476.19,4090,776.22
002869.SZ,20210413,3828,879.29,966,221.78,2302,528.77,2572,590.82,990,227.4,3477,798.67,0,0.0,105,24.2,7120,1635.46
002869.SZ,20210412,5624,1435.24,804,205.05,3701,944.5,1815,463.15,1790,456.81,4552,1161.63,458,116.88,4403,1123.59,11569,2952.41
002869.SZ,20210409,13275,3787.24,8411,2403.73,13243,3780.71,11336,3235.61,3236,925.34,9454,2696.5,0,0.0,553,157.45,-4079,-1165.78
002869.SZ,20210408,20917,6125.51,18442,5417.42,23188,6807.07,25654,7538.08,10877,3207.09,11355,3331.96,2261,669.84,1793,522.03,-613,-152.91
002869.SZ,20210407,23217,6676.83,23738,6851.74,26381,7605.46,29588,8531.42,14574,4213.2,14880,4258.98,7302,2078.58,3267,931.93,-1645,-435.39
002869.SZ,20210406,18580,5202.59,25250,7076.17,24284,6789.9,28876,8076.67,18470,5186.09,9210,2588.1,2414,679.91,412,117.55,11572,3229.44
002869.SZ,20210402,5645,1497.75,6547,1737.88,5277,1400.59,4771,1266.49,1534,407.64,1549,410.79,410,109.18,0,0.0,-3190,-846.45
002869.SZ,20210401,6565,1740.14,5757,1526.57,4841,1283.36,5469,1450.24,1708,452.92,1888,499.61,0,0.0,0,0.0,-1575,-415.05
002869.SZ,20210331,6652,1752.51,6635,1748.27,5754,1516.37,5364,1413.86,1538,405.68,1444,380.07,0,0.0,500,132.36,1364,361.77
002869.SZ,20210330,9527,2496.66,5961,1564.36,5066,1327.8,6457,1692.85,1441,377.97,3852,1009.0,681,179.85,444,116.07,-3761,-985.73
002869.SZ,20210329,8534,2281.2,7437,1987.23,9230,2468.5,7731,2068.39,1440,383.97,3096,828.49,0,0.0,940,249.55,-4809,-1284.49
002869.SZ,20210326,7278,1952.81,4857,1304.05,4548,1221.79,6138,1647.64,1239,333.4,2070,556.31,0,0.0,0,0.0,-1235,-330.7
002869.SZ,20210325,5552,1498.17,4635,1250.64,4452,1201.71,5802,1566.32,1008,272.08,1284,345.63,710,190.63,0,0.0,21,8.15
002869.SZ,20210324,8253,2232.46,6364,1724.45,6136,1662.04,7035,1905.93,1882,509.46,2372,639.64,0,0.0,500,133.95,-3392,-920.18
002869.SZ,20210323,8924,2449.34,6264,1720.66,7047,1935.01,9067,2489.16,1411,387.54,2136,585.32,85,23.25,0,0.0,-1344,-366.91
002869.SZ,20210322,8439,2319.68,7066,1942.7,6507,1789.1,7280,2002.18,2057,566.5,1938,532.46,0,0.0,719,197.94,-2861,-785.46
002869.SZ,20210319,7665,2102.92,7854,2156.91,7523,2064.89,7990,2193.41,2402,661.58,1454,399.06,438,119.62,731,199.64,-212,-58.3
002869.SZ,20210318,7069,1940.83,7095,1949.94,6737,1851.19,5912,1623.32,1938,531.75,2738,750.5,0,0.0,0,0.0,-2250,-615.9
002869.SZ,20210317,7078,1948.29,7507,2068.89,5848,1609.92,6688,1841.42,2455,678.0,1186,325.9,0,0.0,0,0.0,-2483,-681.31
002869.SZ,20210316,11785,3218.59,12764,3485.78,10279,2808.61,11902,3248.63,4234,1155.95,2631,719.75,1000,271.0,0,0.0,2202,607.2
002869.SZ,20210315,10391,2744.09,8314,2195.96,6138,1621.04,6654,1758.01,763,201.63,2323,612.79,0,0.0,0,0.0,-2112,-557.69
002869.SZ,20210312,7111,1921.45,6108,1650.6,5366,1448.97,5305,1432.91,1107,299.54,2171,586.45,0,0.0,0,0.0,-2099,-565.76
002869.SZ,20210311,6838,1854.03,6273,1705.41,6555,1781.38,6531,1772.44,2231,606.93,2820,764.48,0,0.0,0,0.0,1362,371.26
002869.SZ,20210310,8586,2346.2,7163,1958.82,6192,1691.21,7058,1930.03,1912,523.24,2468,671.8,0,0.0,0,0.0,-3915,-1069.57
002869.SZ,20210309,15223,4267.54,10774,3020.72,11408,3197.93,12354,3466.15,1888,529.3,5392,1507.91,0,0.0,0,0.0,-2903,-813.12
002869.SZ,20210308,12774,3817.4,11930,3569.39,12233,3666.47,11784,3527.68,4982,1494.16,6334,1902.55,971,295.49,912,273.9,-6854,-2037.41
002869.SZ,20210305,11877,3516.14,12808,3804.33,11813,3508.66,12673,3755.82,6282,1875.83,3960,1179.84,552,163.83,1084,324.45,2950,878.47
002869.SZ,20210304,9306,2736.97,7524,2218.6,9011,2654.15,8305,2444.73,2526,745.95,4607,1354.3,0,0.0,406,119.45,-5152,-1511.76
002869.SZ,20210303,7212,2126.87,6205,1830.59,5666,1670.31,6008,1771.69,2143,632.29,2434,717.23,0,0.0,374,109.96,-2393,-704.62
002869.SZ,20210302,9988,2959.24,11007,3268.3,10502,3116.14,9628,2854.37,2902,861.81,3458,1021.81,702,207.29,0,0.0,119,36.13
002869.SZ,20210301,9312,2726.3,9696,2841.67,9211,2699.02,7994,2341.5,2431,713.38,3264,955.53,0,0.0,0,0.0,2464,724.93
002869.SZ,20210226,8991,2592.81,7354,2122.66,6570,1896.35,6526,1882.28,995,286.53,2676,770.74,0,0.0,0,0.0,-157,-41.81
002869.SZ,20210225,10741,3132.36,7923,2312.63,6812,1985.75,7217,2105.18,997,291.07,3410,991.37,0,0.0,0,0.0,-2116,-617.44
002869.SZ,20210224,9426,2788.48,9458,2801.47,7964,2358.33,6927,2051.67,2384,708.34,3278,968.97,0,0.0,112,33.04,61,19.77
002869.SZ,20210223,16425,4871.28,13880,4116.65,11379,3375.92,11885,3527.91,4027,1195.47,5721,1694.82,0,0.0,346,103.3,-1472,-431.91
002869.SZ,20210222,24604,7467.89,16028,4879.15,17138,5200.17,18909,5740.95,5342,1622.72,11834,3580.49,1814,561.03,2127,651.23,-5113,-1538.52
002869.SZ,20210219,17532,5389.49,13609,4185.11,13928,4279.28,15702,4825.47,5670,1746.73,7326,2254.56,0,0.0,493,150.37,105,37.38
002869.SZ,20210218,17911,5451.07,17467,5321.0,19223,5856.63,18583,5660.19,10671,3253.3,11711,3566.3,1449,443.45,1494,456.97,-2119,-644.82
002869.SZ,20210210,15255,4329.09,19610,5573.35,17712,5034.77,17224,4894.05,10798,3065.83,7308,2065.73,1578,448.64,1201,345.2,646,192.98
002869.SZ,20210209,9607,2554.73,14934,3971.65,12035,3206.45,10146,2695.29,6244,1654.08,3883,1035.39,1077,287.08,0,0.0,992,271.76
002869.SZ,20210208,8298,2119.32,7518,1921.44,6537,1670.66,6379,1630.33,1598,409.0,2008,512.32,0,0.0,528,134.9,-449,-112.71
002869.SZ,20210205,12244,3189.06,10687,2788.48,7902,2061.62,10575,2755.37,2950,771.78,1835,478.62,0,0.0,0,0.0,-2082,-532.05
002869.SZ,20210204,20213,5268.98,9858,2577.09,13583,3535.04,17032,4435.61,5746,1491.05,8844,2293.68,1242,318.65,5050,1307.35,3713,952.54
002869.SZ,20210203,12598,3489.18,7968,2210.1,8955,2481.89,10440,2891.46,2942,815.47,5588,1547.16,0,0.0,499,137.83,-2951,-819.77
002869.SZ,20210202,6959,1974.93,6525,1853.35,7263,2062.46,7297,2071.54,2658,754.16,3058,866.66,0,0.0,0,0.0,-951,-270.23
002869.SZ,20210201,13216,3740.88,7010,1985.65,11241,3181.27,11804,3338.91,4222,1192.88,8521,2413.23,0,0.0,1344,377.23,-1043,-295.74
002869.SZ,20210129,15653,4609.48,8176,2409.13,12429,3663.22,14367,4236.03,2884,851.69,8424,2479.23,0,0.0,0,0.0,-4964,-1463.63
002869.SZ,20210128,10218,3141.15,6553,2015.59,8936,2746.39,9528,2928.92,2954,909.22,6499,1995.92,704,215.56,232,71.88,-5230,-1603.39
002869.SZ,20210127,14206,4461.61,12016,3780.46,13447,4224.54,12590,3951.04,5462,1714.88,8212,2577.14,493,154.41,791,246.78,-7941,-2486.9
002869.SZ,20210126,11744,3779.31,11642,3762.01,11580,3727.78,12487,4029.03,5490,1777.09,5470,1749.39,786,256.25,0,0.0,-1404,-457.93
002869.SZ,20210125,17144,5600.03,9642,3153.56,13354,4360.09,13217,4318.42,6517,2126.22,10976,3585.34,105,34.37,3285,1063.39,-6900,-2253.35
002869.SZ,20210122,14579,4949.62,11372,3862.4,13103,4450.37,14571,4949.33,5618,1907.23,7571,2569.39,1064,361.92,850,288.02,-10564,-3586.36
002869.SZ,20210121,11920,4112.49,13818,4772.53,14297,4938.21,13793,4762.88,8378,2894.53,7581,2619.95,1447,500.52,850,290.39,3569,1241.7
002869.SZ,20210120,9043,3046.13,10667,3609.98,10716,3626.7,9529,3213.1,4998,1687.74,3943,1327.44,407,135.87,1024,345.92,1029,365.22
002869.SZ,20210119,13890,4732.17,10757,3669.06,11819,4028.45,12514,4264.57,4814,1640.55,7022,2390.53,992,337.78,1223,414.79,-7091,-2409.52
002869.SZ,20210118,12464,4239.73,15234,5185.53,15276,5200.99,14793,5036.24,6928,2360.62,5166,1757.99,574,195.3,49,16.89,4638,1586.52
002869.SZ,20210115,10915,3643.52,9559,3191.97,8888,2968.3,9879,3299.34,4468,1492.32,4532,1513.33,670,225.21,972,324.71,-4435,-1478.27
002869.SZ,20210114,14296,4791.17,16567,5559.41,15562,5219.46,13389,4489.95,6506,2184.88,5390,1806.39,1226,409.83,2244,749.58,1688,565.16
002869.SZ,20210113,15635,5106.23,12663,4141.63,11418,3731.43,12152,3963.77,4141,1352.96,6697,2187.99,319,102.78,0,0.0,-1454,-453.5
002869.SZ,20210112,12567,4172.24,13672,4542.92,12244,4070.18,10298,3422.38,5108,1696.58,5702,1890.98,505,166.74,752,249.45,-2953,-976.05
002869.SZ,20210111,16916,5701.75,20150,6800.99,16560,5580.51,16710,5639.7,9673,3261.67,8040,2707.17,3471,1179.56,1720,575.64,2277,774.89
002869.SZ,20210108,15496,5017.96,15958,5169.77,12142,3934.35,10466,3397.89,5189,1688.23,6424,2080.05,521,169.84,499,162.67,-673,-194.61
002869.SZ,20210107,18753,6102.94,12949,4216.6,14156,4601.37,13727,4477.1,5604,1831.74,9732,3161.7,0,0.0,2105,680.65,-3342,-1104.87
002869.SZ,20210106,13384,4543.95,9983,3392.59,9788,3326.3,12000,4074.9,5108,1735.48,6276,2132.28,638,218.01,658,223.97,-6654,-2252.16
002869.SZ,20210105,17344,5966.22,20407,7026.08,22925,7892.26,23461,8082.21,13407,4627.29,9387,3233.78,1987,688.63,2408,832.33,6759,2334.21
002869.SZ,20210104,12279,4086.2,8777,2924.52,10627,3537.3,10520,3504.44,6409,2135.75,8632,2870.17,0,0.0,1386,460.13,-1881,-626.49
002869.SZ,20221230,11010,2351.73,9980,2132.31,4729,1011.21,6361,1359.91,3859,827.76,4334,928.05,1078,229.56,0,0.0,1761,387.56
002869.SZ,20221229,12356,2605.09,6922,1458.95,7052,1485.48,11184,2358.82,4898,1032.43,5968,1255.99,0,0.0,233,49.24,-260,-50.38
002869.SZ,20221228,10305,2221.25,8212,1774.5,5957,1280.59,7814,1678.66,3799,815.6,4034,864.29,0,0.0,0,0.0,-6212,-1332.83
002869.SZ,20221227,8023,1778.19,8534,1892.13,3551,787.53,4212,933.33,2257,499.1,3582,794.04,2498,554.67,0,0.0,-1077,-236.73
002869.SZ,20221226,8170,1782.18,5918,1290.65,2986,651.8,4584,1000.33,1796,392.25,3168,692.21,718,156.95,0,0.0,1294,284.01
002869.SZ,20221223,10028,2187.73,8823,1927.21,5681,1239.95,5960,1298.97,2828,618.28,3134,683.68,0,0.0,620,136.1,-2129,-466.77
002869.SZ,20221222,7738,1729.02,10179,2276.64,6744,1505.39,5189,1158.06,3013,672.27,2126,471.98,0,0.0,0,0.0,-5346,-1190.65
002869.SZ,20221221,6891,1565.19,9562,2172.05,5085,1155.27,3044,692.1,1642,372.86,1012,229.18,0,0.0,0,0.0,-1265,-285.11
002869.SZ,20221220,13410,3045.69,11646,2652.24,10755,2447.51,13476,3070.68,8244,1876.35,7187,1628.36,500,114.94,600,133.21,-5669,-1286.39
002869.SZ,20221219,12967,2961.21,8831,2019.3,6133,1401.47,7559,1724.59,3993,910.33,4233,965.02,0,0.0,2470,564.1,-2253,-512.19
002869.SZ,20221216,14209,3348.28,14710,3484.12,14749,3471.79,12740,2999.26,11741,2762.55,6463,1518.32,0,0.0,6786,1580.92,-10015,-2365.89
002869.SZ,20221215,12058,2916.26,11929,2885.66,9911,2402.29,8202,1985.86,4624,1121.16,5546,1346.23,765,185.45,1680,407.4,507,129.82
002869.SZ,20221214,14854,3612.0,14862,3618.25,10002,2434.44,9725,2367.15,5003,1217.99,5847,1422.27,1041,255.57,466,112.34,2201,540.27
002869.SZ,20221213,16163,3889.3,14340,3452.36,12584,3024.25,9050,2177.94,6530,1568.46,5787,1385.28,3376,799.99,9476,2266.42,-8045,-1913.01
002869.SZ,20221212,20794,5145.8,17983,4451.87,10525,2603.02,11469,2837.79,4672,1157.96,6780,1675.64,782,192.75,541,134.22,3468,860.22
002869.SZ,20221209,30011,7410.64,29507,7285.79,12272,3032.89,13683,3378.04,9725,2395.85,8706,2149.69,2808,692.42,2919,718.27,-6052,-1479.84
002869.SZ,20221208,25269,6288.59,29640,7382.36,16784,4178.36,12057,3002.0,5054,1259.25,4911,1219.25,500,124.25,1000,246.83,-848,-201.76
002869.SZ,20221207,47093,11595.68,40897,10107.73,30535,7546.42,40353,9937.69,20152,4976.46,20715,5113.56,9742,2401.76,5557,1361.35,-10682,-2595.41
002869.SZ,20221206,29744,7106.09,33528,8059.31,24584,5900.6,30212,7305.04,28280,6849.49,30216,7306.28,26732,6646.36,15386,3831.92,2791,475.1
002869.SZ,20221205,17043,3875.86,14396,3275.47,9634,2191.3,9566,2174.07,5697,1293.99,8610,1957.83,944,215.02,746,168.8,-2506,-564.68
002869.SZ,20221202,8645,1987.99,9338,2147.97,5933,1363.32,5540,1271.49,7672,1760.66,7373,1693.48,1500,343.6,1500,342.63,-4273,-979.8
002869.SZ,20221201,14532,3367.12,12638,2928.69,9025,2093.38,7622,1767.76,3928,910.35,8400,1947.84,2776,645.93,1601,372.5,5882,1368.88
002869.SZ,20221130,14834,3397.18,15560,3560.17,9984,2287.75,8244,1884.84,6795,1550.73,7308,1676.13,0,0.0,500,114.51,-3580,-807.98
002869.SZ,20221129,21248,4903.81,15622,3605.16,10400,2400.79,13458,3103.37,6493,1495.54,8429,1944.35,500,114.9,1131,262.16,548,117.82
002869.SZ,20221128,22849,5291.48,21298,4933.76,12714,2939.57,10978,2533.37,8002,1849.8,7058,1635.8,116,26.73,4347,1004.65,-1194,-270.99
002869.SZ,20221125,9899,2355.83,13949,3320.83,9394,2234.21,6658,1584.21,5722,1361.35,4358,1034.59,450,106.56,500,118.32,-3067,-723.96
002869.SZ,20221124,14540,3498.97,18415,4429.54,14624,3517.68,9565,2303.44,5416,1300.83,5180,1243.26,0,0.0,1420,341.24,4820,1170.12
002869.SZ,20221123,18896,4468.62,21293,5041.49,17277,4085.69,15986,3792.17,11611,2746.68,10577,2486.56,513,121.94,441,102.71,-7967,-1904.38
002869.SZ,20221122,32206,7972.66,32961,8165.58,27341,6787.13,21750,5399.29,19731,4896.27,20836,5174.42,1279,321.42,5009,1238.18,3259,820.89
002869.SZ,20221121,31800,7493.27,26246,6176.12,16916,3981.61,18055,4257.83,12798,3029.28,16317,3862.85,3167,750.77,4063,958.14,13105,3114.33
002869.SZ,20221118,13632,3163.51,11177,2594.34,6880,1595.22,10375,2401.11,10661,2463.73,7406,1716.3,589,136.24,2804,646.95,-4929,-1133.11
002869.SZ,20221117,19466,4534.41,10935,2546.61,8403,1955.72,14602,3399.81,4193,975.9,6675,1554.57,600,139.9,450,104.94,4466,1043.49
002869.SZ,20221116,26295,6192.44,30856,7288.23,24547,5805.27,21426,5053.41,25436,5966.23,19654,4621.23,3431,815.06,7773,1816.12,-8983,-2087.51
002869.SZ,20221115,24477,5730.81,18434,4319.25,19978,4684.86,23965,5612.92,16310,3826.16,24170,5680.72,7305,1724.17,1501,353.11,13149,3090.23
002869.SZ,20221114,16024,3628.85,12268,2780.51,12213,2759.51,14914,3373.98,9818,2221.39,10626,2401.68,5090,1152.61,5337,1206.18,-289,-41.75
002869.SZ,20221111,12038,2762.22,13932,3198.03,11084,2547.64,12352,2831.92,14314,3281.03,12722,2916.97,4235,973.81,2665,617.78,1146,292.92
002869.SZ,20221110,10773,2435.38,10821,2445.1,7587,1713.64,7899,1785.85,9320,2106.41,7026,1587.82,336,75.94,2270,512.6,-4718,-1062.34
002869.SZ,20221109,11155,2522.35,10751,2433.45,5961,1348.47,7634,1726.34,6151,1389.57,4411,994.82,0,0.0,471,105.77,-3724,-837.61
002869.SZ,20221108,16606,3765.73,15004,3406.28,10804,2458.25,12276,2789.12,5110,1162.81,5960,1356.05,1982,451.77,1262,287.11,5042,1155.68
002869.SZ,20221107,12026,2721.74,10794,2446.08,7379,1671.48,8168,1849.47,5412,1225.44,6697,1515.57,2035,461.41,1192,268.95,-1000,-223.76
002869.SZ,20221104,16405,3698.59,16122,3637.24,8950,2017.43,10791,2434.01,10029,2262.69,8051,1816.3,1580,357.52,2000,448.69,-2038,-456.01
002869.SZ,20221103,18180,4102.54,23311,5260.4,16004,3608.8,16344,3689.91,8670,1958.58,5308,1197.64,2110,478.04,0,0.0,-1270,-286.2
002869.SZ,20221102,23143,5103.45,20452,4516.8,16059,3554.97,23724,5247.91,18076,4022.21,14857,3307.82,5155,1153.38,3400,761.48,6618,1484.68
002869.SZ,20221101,24359,5243.24,26195,5657.2,15472,3340.94,14468,3121.63,8141,1761.68,9481,2042.39,3672,802.26,1500,326.88,817,182.15
002869.SZ,20221031,19410,4044.54,18616,3883.05,8728,1818.81,8006,1670.85,6127,1279.41,3360,700.12,620,127.78,4903,1016.52,1980,412.38
002869.SZ,20221028,19579,4143.5,13915,2945.88,7094,1500.18,9416,1989.78,7424,1560.17,8170,1725.3,471,100.56,3067,643.45,-2038,-419.67
002869.SZ,20221027,24226,5243.73,21764,4718.13,12954,2808.73,18861,4096.89,11417,2466.19,8391,1828.43,3847,862.26,3429,737.46,-12986,-2822.82
002869.SZ,20221026,21600,4648.51,21406,4623.46,17366,3747.71,13788,2972.59,12960,2802.24,20866,4499.56,5884,1277.43,1751,380.28,11388,2453.57
002869.SZ,20221025,13310,2737.1,13848,2855.49,7723,1589.94,8185,1684.48,5863,1211.91,5870,1207.79,1007,208.8,0,0.0,-820,-169.81
002869.SZ,20221024,18448,3845.84,18254,3807.19,10846,2261.82,9420,1966.36,7028,1469.79,7866,1641.86,1004,208.82,1786,370.85,4667,978.07
002869.SZ,20221021,22000,4563.38,18200,3771.64,8298,1721.21,9048,1877.13,4867,1011.28,7737,1610.79,489,102.64,669,138.95,6858,1438.66
002869.SZ,20221020,15097,3077.95,15349,3128.7,8421,1719.2,9159,1871.67,4297,875.75,5258,1070.31,4257,869.92,2306,472.12,-2683,-539.27
002869.SZ,20221019,19159,3906.14,11394,2329.42,7191,1462.47,8590,1752.62,9777,1992.81,5289,1073.64,4137,840.38,14991,3046.12,6448,1305.33
002869.SZ,20221018,17162,3563.42,11901,2474.58,7759,1613.13,9324,1935.82,4450,923.84,8170,1695.13,1124,231.88,1100,226.75,-2851,-588.6
002869.SZ,20221017,18481,3867.35,13034,2728.87,9173,1920.48,12524,2624.66,4783,1002.49,7324,1530.12,2483,518.14,2039,424.81,8848,1848.74
002869.SZ,20221014,14176,2862.09,17714,3583.45,10195,2068.32,9617,1948.69,10134,2072.13,6501,1332.05,827,169.72,1500,308.06,-694,-145.75
002869.SZ,20221013,11878,2318.66,13128,2567.2,6734,1317.86,6364,1244.8,4161,815.84,2980,581.38,742,145.78,1042,204.77,1452,283.7
002869.SZ,20221012,16149,2975.52,15905,2948.17,8150,1511.61,10348,1923.24,7202,1342.28,5172,950.18,761,144.52,836,152.33,7472,1366.95
002869.SZ,20221011,12285,2235.66,12359,2248.09,5188,941.78,4750,864.0,2688,488.65,3051,554.0,0,0.0,0,0.0,-699,-121.3
002869.SZ,20221010,15000,2749.11,13947,2565.86,8136,1493.09,7198,1316.9,2872,529.28,4070,745.12,0,0.0,793,143.59,-1616,-295.39
002869.SZ,20220930,16267,3095.49,13635,2595.23,6079,1156.08,6181,1176.41,2242,425.39,4772,905.32,0,0.0,0,0.0,3252,623.17
002869.SZ,20220929,18171,3463.24,13114,2500.68,6064,1155.65,7524,1433.98,2406,459.62,6579,1254.25,575,110.4,0,0.0,-277,-48.67
002869.SZ,20220928,16242,3127.68,10950,2112.9,9889,1896.71,10493,2017.65,2943,560.5,5229,997.38,0,0.0,2402,456.95,-4070,-781.19
002869.SZ,20220927,13052,2565.54,12036,2367.6,5183,1020.39,5463,1075.39,2799,550.98,3006,590.35,4895,961.14,5423,1064.7,3496,688.7
002869.SZ,20220926,16900,3325.54,15276,3008.7,9467,1864.42,6863,1350.73,2583,506.3,4256,834.97,591,116.55,3147,618.39,778,153.04
002869.SZ,20220923,20710,4130.12,15176,3036.7,11170,2220.07,13052,2591.94,6633,1318.03,6746,1339.04,0,0.0,3539,700.55,-1322,-271.46
002869.SZ,20220922,12435,2614.34,11105,2335.37,7356,1549.31,7247,1522.05,4426,929.77,5865,1236.0,0,0.0,0,0.0,-1099,-227.54
002869.SZ,20220921,13622,2846.76,10949,2290.71,4176,873.68,6725,1407.14,4359,911.49,3459,722.3,0,0.0,1024,211.77,1846,380.65
002869.SZ,20220920,12490,2657.29,10794,2297.32,9528,2022.38,9710,2061.92,2988,636.57,4502,957.0,500,107.85,500,107.85,-466,-94.24
002869.SZ,20220919,16562,3466.95,14506,3039.33,10479,2187.96,12334,2580.0,10130,2109.46,6333,1323.42,1104,226.32,5102,1047.95,2177,447.65
002869.SZ,20220916,15929,3442.63,13450,2909.5,8361,1806.38,10452,2258.9,5639,1217.48,5953,1284.14,700,152.81,774,166.76,370,84.59
002869.SZ,20220915,22220,4760.62,17217,3707.27,19569,4192.29,20534,4386.43,20288,4344.55,18013,3853.06,1040,220.83,7353,1571.52,-9923,-2148.19
002869.SZ,20220914,15308,3423.06,14092,3153.24,10834,2422.76,12964,2898.9,5090,1138.47,5326,1189.83,2149,481.34,998,223.66,-2540,-562.58
002869.SZ,20220913,16160,3626.42,12888,2888.87,12617,2828.81,13992,3138.07,9153,2050.94,7441,1671.13,0,0.0,3609,808.1,-3358,-736.06
002869.SZ,20220909,18090,4135.35,20934,4786.89,11069,2530.08,13618,3116.2,10080,2310.41,4351,996.78,0,0.0,336,75.98,-4387,-994.95
002869.SZ,20220908,28098,6401.91,28792,6564.11,26447,6023.11,21108,4809.3,22746,5174.81,12296,2802.07,4647,1065.14,19741,4489.48,-11356,-2549.33
002869.SZ,20220907,29680,6850.69,35053,8058.77,29218,6739.52,35848,8276.82,24422,5646.28,25745,5961.28,31690,7331.5,18365,4271.1,41748,9672.76
002869.SZ,20220906,21926,4886.81,17804,3977.17,18704,4176.56,19419,4334.46,9980,2224.58,13631,3034.81,6031,1333.74,5787,1275.25,1754,400.9
002869.SZ,20220905,22158,4794.14,22864,4955.28,20066,4351.55,20836,4510.83,9088,1972.65,7952,1724.52,1141,248.82,800,176.53,-2267,-476.55
002869.SZ,20220902,33376,7113.62,24530,5228.51,23466,4996.99,28294,6020.42,13960,2968.32,16653,3545.53,1261,272.31,2586,556.77,14548,3090.76
002869.SZ,20220901,27722,5687.01,15618,3227.27,18899,3872.39,24627,5063.28,12482,2578.73,15670,3212.72,8102,1687.14,11289,2321.99,4144,854.23
002869.SZ,20220831,24546,5281.6,20064,4329.06,20894,4501.78,22512,4850.35,18144,3896.45,17434,3741.98,22837,4910.5,26410,5668.95,8277,1795.9
002869.SZ,20220830,16261,3689.48,21511,4886.21,16146,3662.76,15457,3511.56,10516,2393.1,6610,1497.48,2825,648.78,2169,498.87,774,192.21
002869.SZ,20220829,26543,6110.97,32546,7501.78,27804,6410.79,26237,6045.61,14751,3401.72,12876,2967.65,8716,2008.13,6155,1416.57,-8229,-1885.18
002869.SZ,20220826,29407,6569.59,37814,8469.61,31118,6983.95,31299,7024.04,22548,5065.69,20348,4560.69,10374,2337.4,3987,902.29,7584,1718.03
002869.SZ,20220825,19314,4134.75,22927,4917.29,14437,3096.87,17838,3825.39,13190,2834.77,8793,1881.45,2616,557.75,0,0.0,-6093,-1287.26
002869.SZ,20220824,27331,5872.45,24751,5346.21,22073,4753.12,20186,4344.59,16143,3484.53,18741,4018.54,1893,409.14,3762,809.9,-5119,-1126.12
002869.SZ,20220823,27395,6060.49,19842,4400.8,22569,5000.03,15594,3453.51,11864,2625.51,15895,3520.54,1100,242.3,11597,2553.48,-13716,-3031.4
002869.SZ,20220822,21972,4935.26,21413,4822.26,12500,2812.65,16679,3754.95,8878,2002.72,7335,1647.69,3218,727.52,1142,253.25,-2495,-555.17
002869.SZ,20220819,24179,5461.45,20178,4554.07,17080,3857.79,18353,4145.18,14269,3224.03,13409,3029.98,1996,447.9,5584,1261.95,-10878,-2440.18
002869.SZ,20220818,34208,7896.15,35709,8236.86,27552,6351.53,30448,7031.29,25114,5794.13,20943,4831.26,3198,747.26,2972,689.67,-885,-172.59
002869.SZ,20220817,55700,12865.64,37004,8579.8,40294,9289.53,41390,9583.02,29825,6955.63,27632,6398.68,3084,723.53,22876,5272.82,-21968,-5096.73
002869.SZ,20220816,30784,7353.09,36771,8803.37,33412,8006.57,34951,8370.09,26800,6419.66,24582,5903.03,14048,3396.12,8740,2098.94,13034,3115.76
002869.SZ,20220815,27363,6291.21,20456,4706.45,19308,4441.71,22729,5229.14,9554,2199.8,15044,3460.69,6348,1459.22,4343,995.65,337,89.73
002869.SZ,20220812,39137,8959.92,38176,8759.15,36631,8402.73,38470,8827.79,36292,8333.28,32335,7401.44,9097,2085.54,12176,2793.09,-24306,-5543.36
002869.SZ,20220811,41383,9763.59,54418,12842.73,48660,11480.93,54914,12939.36,50580,11932.73,41153,9715.45,18451,4346.75,8588,2026.46,6450,1535.98
002869.SZ,20220810,34394,7664.68,35003,7809.31,32445,7238.44,38356,8562.36,20762,4639.91,17690,3946.58,3448,775.22,0,0.0,-6163,-1352.64
002869.SZ,20220809,69120,15618.1,49490,11227.45,69210,15665.06,72180,16335.02,46586,10588.34,53115,12047.23,14528,3323.06,24660,5584.88,22388,5092.48
002869.SZ,20220808,41857,8785.09,51441,10852.48,52694,11062.29,69997,14782.59,39153,8253.87,53216,11353.66,61050,13196.34,20101,4308.86,15432,3256.7
002869.SZ,20220805,35901,7044.75,41790,8207.49,39391,7737.54,42863,8423.04,24024,4724.67,16011,3134.98,2454,478.72,1105,220.16,18319,3607.99
002869.SZ,20220804,23250,4316.77,18023,3353.03,23108,4288.27,23925,4449.45,8259,1540.62,12113,2241.97,600,111.59,1156,212.8,2759,520.36
002869.SZ,20220803,23637,4476.22,22430,4268.55,26230,4973.31,28923,5496.62,17522,3338.93,16418,3106.7,1477,284.96,1095,201.53,-11253,-2123.44
002869.SZ,20220802,31754,6093.74,26421,5074.7,33128,6359.55,33133,6364.76,13856,2669.07,18649,3580.96,0,0.0,535,101.94,-12473,-2387.0
002869.SZ,20220801,32950,6544.91,34280,6828.95,38324,7632.19,36825,7327.72,19308,3856.76,18227,3626.57,3180,637.05,4431,887.66,10843,2201.35
002869.SZ,20220729,31695,6153.95,34369,6683.79,33842,6581.32,36084,7016.34,15925,3106.71,10070,1958.14,543,106.27,1482,289.99,13841,2706.29
002869.SZ,20220728,26624,5067.75,21859,4163.32,22712,4322.14,20517,3903.29,3108,590.02,9807,1863.51,539,102.81,800,152.6,-14053,-2672.31
002869.SZ,20220727,32716,6320.64,34177,6611.2,32803,6345.27,32308,6254.68,10961,2128.35,11912,2302.98,1918,374.59,0,0.0,6713,1308.75
002869.SZ,20220726,37096,6873.97,35096,6532.67,37119,6909.64,37912,7049.0,12319,2296.33,12840,2375.95,0,0.0,686,122.31,15610,2953.93
002869.SZ,20220725,27541,5085.93,24509,4534.65,27616,5112.74,27747,5129.68,8726,1614.66,12293,2273.4,666,124.41,0,0.0,-15738,-2894.96
002869.SZ,20220722,31678,6045.36,33718,6442.55,38264,7309.1,39418,7530.42,18348,3506.57,14052,2677.75,1513,288.12,2614,498.43,-19606,-3729.76
002869.SZ,20220721,58134,11008.35,60623,11542.29,64535,12258.51,60593,11514.21,25919,4940.23,29592,5589.15,8147,1551.44,5927,1112.89,-5398,-979.87
002869.SZ,20220720,91852,18340.27,61480,12305.96,76174,15237.97,82599,16488.15,40746,8160.11,54978,10994.73,8962,1804.34,18676,3753.84,-7430,-1301.6
002869.SZ,20220719,36363,6529.91,54937,10012.77,44320,7972.24,52148,9495.82,27101,4967.94,24716,4519.45,30638,5822.01,6621,1264.06,9933,1741.92
002869.SZ,20220718,29329,5097.07,27720,4828.33,30708,5338.32,29028,5049.45,8773,1526.64,11098,1917.37,0,0.0,964,166.89,-4361,-757.5
002869.SZ,20220715,36271,6287.34,42592,7401.56,42344,7362.12,43867,7621.68,25158,4380.57,19709,3424.68,3088,537.16,693,119.27,7027,1230.55
002869.SZ,20220714,52206,8937.84,36549,6272.35,47721,8183.9,45233,7751.85,14941,2557.75,30534,5221.81,809,136.44,3360,569.92,-23865,-4101.72
002869.SZ,20220713,54582,9726.31,57752,10309.47,54996,9819.4,55706,9942.49,30323,5431.74,29245,5224.41,7671,1364.19,4870,865.25,-18256,-3200.39
002869.SZ,20220712,84741,14635.86,86541,14930.65,86342,14928.5,85211,14738.06,48704,8363.0,50727,8672.26,10347,1741.79,7655,1328.17,-13222,-2033.12
002869.SZ,20220711,89184,15265.38,75299,12972.59,96880,16607.53,100948,17364.57,57802,10050.66,66130,11410.4,31498,5619.94,32988,5795.94,-49107,-8666.32
002869.SZ,20220708,47431,7336.38,59221,9371.24,56319,8764.4,79322,12449.25,38448,6069.0,38708,6090.62,45524,7444.04,10470,1702.72,11494,1831.75
002869.SZ,20220707,29013,4474.64,42370,6578.61,28558,4429.92,30928,4829.3,26949,4235.82,14369,2247.44,50362,8029.56,47215,7514.59,-75485,-12009.65
002869.SZ,20220706,8681,1261.35,7566,1099.86,3551,516.9,4220,614.41,665,97.12,1111,161.1,0,0.0,0,0.0,1237,180.8
002869.SZ,20220705,11050,1609.98,9657,1408.51,6356,926.83,5870,857.5,2681,389.8,4560,660.6,0,0.0,0,0.0,-2811,-408.79
002869.SZ,20220704,10611,1556.47,9798,1440.45,6516,956.7,7571,1109.49,2417,355.63,2175,318.86,0,0.0,0,0.0,355,53.09
002869.SZ,20220701,10190,1520.78,6345,947.67,4938,736.55,6320,942.49,667,99.42,3130,466.6,0,0.0,0,0.0,575,85.82
002869.SZ,20220630,18157,2744.09,12038,1826.34,13240,2001.72,11451,1731.9,6047,912.0,9024,1357.62,0,0.0,4930,741.96,-10023,-1508.36
002869.SZ,20220629,12426,1927.36,9659,1500.13,7945,1233.8,8534,1322.89,1338,207.48,3517,545.63,0,0.0,0,0.0,-3972,-613.7
002869.SZ,20220628,15674,2461.02,14550,2283.36,11298,1773.95,12134,1905.7,8060,1265.36,6913,1085.9,0,0.0,1437,225.36,7106,1118.28
002869.SZ,20220627,10588,1613.46,9292,1419.8,7550,1153.46,8320,1270.6,3024,463.99,3551,540.5,0,0.0,0,0.0,2905,445.37
002869.SZ,20220624,13651,2077.28,9190,1400.31,8706,1324.37,8323,1266.22,2766,420.92,4702,715.71,0,0.0,2908,440.33,3414,518.98
002869.SZ,20220623,12096,1837.97,17429,2655.37,10917,1665.5,9718,1483.97,5528,846.21,4062,622.12,2668,411.79,0,0.0,-2328,-355.39
002869.SZ,20220622,17265,2598.19,8469,1274.63,8982,1350.52,13204,1986.74,4826,729.0,9933,1495.4,532,79.08,0,0.0,-5022,-754.73
002869.SZ,20220621,22571,3490.65,14997,2322.76,12689,1961.64,13633,2107.63,1605,247.59,8235,1269.5,0,0.0,0,0.0,947,146.87
002869.SZ,20220620,27778,4280.2,36228,5592.72,25983,4007.78,29327,4543.07,20168,3138.36,13094,2028.6,4720,738.05,0,0.0,16380,2536.84
002869.SZ,20220617,11066,1611.03,10949,1596.27,5662,825.9,7058,1028.61,2490,364.24,1211,176.28,0,0.0,0,0.0,-395,-54.83
002869.SZ,20220616,11588,1696.43,14042,2056.68,12002,1757.44,8988,1316.87,2202,324.01,2236,328.0,192,28.02,718,104.36,1688,251.86
002869.SZ,20220615,10784,1570.51,10107,1474.21,8916,1299.19,8448,1229.32,2070,301.58,3214,467.76,0,0.0,0,0.0,-5962,-864.9
002869.SZ,20220614,18852,2706.79,17688,2546.51,12343,1781.82,12268,1766.43,1657,238.16,2896,413.82,0,0.0,0,0.0,-2357,-327.93
002869.SZ,20220613,16358,2370.89,15134,2195.84,11888,1723.33,11110,1611.37,3608,523.84,4792,692.95,0,0.0,818,117.9,-189,-25.89
002869.SZ,20220610,22929,3365.35,25999,3816.51,17830,2618.17,17943,2631.17,7558,1110.73,4202,615.87,919,132.08,1093,162.78,-923,-130.76
002869.SZ,20220609,16376,2315.23,14690,2078.44,8780,1242.46,9594,1356.13,1921,271.64,2793,394.76,0,0.0,0,0.0,-2994,-421.36
002869.SZ,20220608,27500,3974.03,24269,3514.92,20983,3042.63,22145,3207.86,5696,834.35,6266,910.09,0,0.0,1500,218.15,-732,-93.78
002869.SZ,20220607,45294,6790.99,40082,6007.26,39630,5940.21,35649,5328.16,9774,1481.64,16012,2415.68,1373,213.02,4328,674.74,-10698,-1593.81
002869.SZ,20220606,6790,949.64,14516,2063.27,6151,858.65,11632,1662.7,3282,461.49,4222,609.44,15146,2211.72,1000,146.1,-6473,-959.51
002869.SZ,20220602,13772,1799.93,11930,1561.1,5165,677.19,6931,906.63,1667,219.51,1742,228.9,0,0.0,0,0.0,4742,622.83
002869.SZ,20220601,7568,972.91,6027,776.56,4309,554.39,3947,508.96,2043,262.79,3146,402.41,0,0.0,800,102.16,2793,357.61
002869.SZ,20220531,6330,806.15,6474,825.92,3324,424.58,4096,521.93,2015,257.67,1100,140.56,0,0.0,0,0.0,2043,261.98
002869.SZ,20220530,8022,1020.41,6596,838.88,3799,482.61,3994,507.74,1041,132.21,2273,288.61,0,0.0,0,0.0,-2441,-309.84
002869.SZ,20220527,13135,1678.92,14812,1895.92,9198,1177.67,8452,1081.87,2938,375.08,2518,317.71,511,63.83,0,0.0,5300,675.13
002869.SZ,20220526,4813,594.83,4034,498.84,1772,218.08,2148,264.57,268,33.08,670,82.58,0,0.0,0,0.0,-918,-112.65
002869.SZ,20220525,4928,609.67,4050,501.26,1301,161.14,2014,249.11,321,39.7,486,60.14,0,0.0,0,0.0,1474,182.63
002869.SZ,20220524,9732,1205.87,8005,993.34,5851,723.24,8059,997.37,2324,289.05,1843,227.44,0,0.0,0,0.0,-5067,-631.86
002869.SZ,20220523,6223,791.57,3785,481.89,2714,344.86,4802,610.25,406,51.66,756,95.95,0,0.0,0,0.0,-2277,-288.57
002869.SZ,20220520,4824,614.41,5623,716.69,3176,404.61,2937,373.9,614,78.23,558,71.15,504,64.48,0,0.0,-1210,-152.87
002869.SZ,20220519,6159,779.69,4446,562.95,2934,371.33,3768,476.85,175,22.09,1055,133.31,0,0.0,0,0.0,-189,-23.5
002869.SZ,20220518,9658,1239.19,11328,1453.08,9227,1184.26,7625,978.7,1951,250.79,1883,242.46,0,0.0,0,0.0,3783,486.39
002869.SZ,20220517,5592,696.66,4555,568.41,2595,323.94,3712,462.88,973,121.6,892,110.91,0,0.0,0,0.0,-744,-93.18
002869.SZ,20220516,6979,884.28,5633,714.9,4598,583.34,4649,589.24,1439,182.51,2734,345.99,0,0.0,0,0.0,-396,-49.55
002869.SZ,20220513,8877,1129.08,5775,734.52,3114,396.23,4932,627.46,470,59.46,1755,222.79,0,0.0,0,0.0,-1589,-201.83
002869.SZ,20220512,11967,1536.95,11634,1496.48,6698,860.71,6474,830.92,2161,279.03,2717,349.29,0,0.0,0,0.0,-567,-71.48
002869.SZ,20220511,16843,2168.82,17141,2210.67,11848,1528.61,10921,1406.98,3787,488.28,4416,568.05,0,0.0,0,0.0,-7907,-1016.25
002869.SZ,20220510,24999,3177.82,27249,3494.78,19980,2552.85,15915,2031.06,8921,1146.01,7314,922.33,168,21.62,3590,450.13,2715,362.49
002869.SZ,20220509,2497,312.35,5414,677.87,2510,313.98,4469,559.39,2139,267.72,2166,271.1,6003,752.16,1100,137.83,-1805,-226.35
002869.SZ,20220506,9136,1033.22,6810,770.53,2671,301.78,3605,407.41,80,8.81,1472,165.87,0,0.0,0,0.0,1888,211.84
002869.SZ,20220505,8165,929.82,5948,677.59,3837,436.13,4110,468.09,896,102.57,2840,322.84,0,0.0,0,0.0,-534,-60.5
002869.SZ,20220429,7098,796.62,6743,757.91,3057,344.12,3240,364.13,1093,123.48,1266,142.17,0,0.0,0,0.0,-82,-7.87
002869.SZ,20220428,7562,836.28,6616,732.46,3126,344.95,3083,340.45,492,54.4,1480,162.72,0,0.0,0,0.0,292,30.94
002869.SZ,20220427,11271,1201.28,15856,1713.67,12859,1391.95,8780,936.17,2088,228.16,1582,171.54,0,0.0,0,0.0,2331,265.43
002869.SZ,20220426,7956,909.96,9353,1070.57,7958,908.49,5365,612.39,2736,310.32,2820,322.35,1000,112.01,2112,235.47,-850,-101.6
002869.SZ,20220425,13784,1575.82,13866,1596.68,10722,1237.84,10844,1246.1,4564,530.51,4054,464.83,1123,133.64,1430,170.18,2686,323.58
002869.SZ,20220422,6675,811.48,6064,737.63,4668,568.38,4688,570.22,418,50.67,1010,122.69,0,0.0,0,0.0,-1150,-139.39
002869.SZ,20220421,5886,742.5,4914,621.32,3060,386.5,2553,322.55,627,79.44,2106,264.57,0,0.0,0,0.0,-3098,-390.4
002869.SZ,20220420,4271,559.55,3711,486.24,2531,332.31,2788,365.94,195,25.29,498,64.97,0,0.0,0,0.0,414,55.73
002869.SZ,20220419,7452,971.01,6157,803.26,4024,525.35,3076,400.62,968,125.44,3210,417.93,0,0.0,0,0.0,-199,-24.07
002869.SZ,20220418,8342,1081.89,6558,850.39,3887,502.56,4021,522.92,163,21.43,1813,232.57,0,0.0,0,0.0,460,60.12
002869.SZ,20220415,10896,1456.2,13571,1816.67,7706,1028.36,5274,706.91,2197,293.63,3439,461.21,1605,222.75,120,16.14,-6407,-845.42
002869.SZ,20220414,4457,604.16,8183,1112.55,6545,891.46,3939,536.41,2576,350.23,1456,196.9,0,0.0,0,0.0,177,26.09
002869.SZ,20220413,8642,1178.25,10136,1383.17,5049,688.73,4107,559.42,1593,217.63,888,121.49,0,0.0,153,20.53,-6584,-896.66
002869.SZ,20220412,7228,973.56,11558,1570.03,7377,1002.74,5711,776.64,4450,612.92,1786,242.54,0,0.0,0,0.0,4528,621.26
002869.SZ,20220411,6790,906.46,8361,1117.99,5616,749.63,4220,564.32,2008,269.3,1832,243.08,0,0.0,0,0.0,-4351,-580.32
002869.SZ,20220408,9963,1340.87,12264,1650.78,7025,944.28,5836,785.01,2480,333.5,2168,290.12,800,107.25,0,0.0,-3880,-523.6
002869.SZ,20220407,12686,1769.27,10939,1525.26,8916,1244.12,9376,1306.42,2704,374.45,3990,556.17,0,0.0,0,0.0,-2495,-343.8
002869.SZ,20220406,22092,3140.13,23710,3375.7,14775,2102.03,15268,2169.69,7717,1100.74,5606,797.51,0,0.0,0,0.0,3874,552.36
002869.SZ,20220401,16525,2228.97,28450,3829.59,23836,3210.0,15438,2086.2,9754,1322.89,7866,1070.65,2765,377.15,1126,152.57,12606,1732.28
002869.SZ,20220331,8562,1107.16,10434,1350.2,5796,751.05,5166,669.12,1802,233.67,560,72.56,0,0.0,0,0.0,2695,349.96
002869.SZ,20220330,7434,949.01,6600,843.51,3501,447.3,4310,550.36,2670,341.91,2694,344.35,0,0.0,0,0.0,414,53.58
002869.SZ,20220329,8138,1039.9,6847,876.69,4628,590.51,5363,683.93,1235,158.19,1791,227.97,0,0.0,0,0.0,-2140,-274.63
002869.SZ,20220328,7927,1021.94,6855,886.67,6288,813.1,5565,719.89,1993,255.92,3409,435.28,0,0.0,379,49.12,193,25.12
002869.SZ,20220325,6890,895.55,5792,753.27,3816,495.43,3346,434.24,1342,173.92,2910,377.41,0,0.0,0,0.0,-946,-120.66
002869.SZ,20220324,15165,1979.24,8706,1136.47,9778,1277.86,9380,1224.92,1159,151.2,8015,1046.91,0,0.0,0,0.0,-5349,-696.9
002869.SZ,20220323,11620,1575.72,17364,2361.71,11802,1608.09,12769,1736.39,7304,994.49,3204,438.82,2611,358.62,0,0.0,-1249,-174.68
002869.SZ,20220322,6642,878.43,6387,844.61,3750,495.28,3664,484.73,854,113.16,1194,157.52,0,0.0,0,0.0,1753,233.15
002869.SZ,20220321,8116,1072.81,6307,834.51,3658,483.68,4646,614.16,886,117.06,1707,224.89,0,0.0,0,0.0,-1204,-159.79
002869.SZ,20220318,6896,913.44,5584,740.13,3927,520.4,4010,531.15,534,71.01,1763,233.57,0,0.0,0,0.0,1580,210.35
002869.SZ,20220317,12804,1696.2,9086,1203.45,5591,741.16,9126,1209.35,2629,346.87,2812,371.43,0,0.0,0,0.0,4684,620.94
002869.SZ,20220316,9478,1191.34,11088,1401.21,6109,769.2,7591,956.76,3616,461.82,857,107.34,333,42.96,0,0.0,304,42.23
002869.SZ,20220315,12658,1640.86,11878,1543.49,7326,948.38,5401,699.28,1064,138.27,3769,484.75,0,0.0,0,0.0,-6327,-817.5
002869.SZ,20220314,9054,1227.13,8098,1099.63,7819,1060.15,4247,575.24,0,0.0,4529,612.4,0,0.0,0,0.0,-2670,-361.61
002869.SZ,20220311,9521,1282.32,8276,1115.87,7408,995.89,6506,877.25,733,99.51,2879,384.6,0,0.0,0,0.0,980,135.79
002869.SZ,20220310,9088,1256.57,8294,1146.82,7404,1022.88,8778,1213.21,2728,378.28,2147,297.7,0,0.0,0,0.0,-3178,-436.66
002869.SZ,20220309,12411,1706.81,16787,2311.01,14125,1945.32,12573,1736.4,5832,812.01,3009,416.74,0,0.0,0,0.0,-2413,-317.01
002869.SZ,20220308,8830,1211.56,7264,998.79,8925,1221.77,6323,869.23,4991,674.8,2048,278.55,0,0.0,7111,961.55,2926,390.07
002869.SZ,20220307,7505,1051.53,9768,1371.71,8032,1126.29,8300,1163.07,2004,281.73,200,27.74,726,102.97,0,0.0,63,11.09
002869.SZ,20220304,9110,1284.78,7837,1106.91,5451,768.63,7428,1048.16,2460,348.4,1756,246.74,0,0.0,0,0.0,-6429,-907.71
002869.SZ,20220303,8525,1220.19,7458,1067.55,7470,1069.38,7451,1066.85,1783,255.67,2022,289.48,0,0.0,847,121.37,-4157,-594.77
002869.SZ,20220302,6666,960.27,4916,708.36,3780,544.88,3988,574.9,553,79.62,1177,169.41,0,0.0,918,132.1,-730,-104.72
002869.SZ,20220301,8069,1163.78,5199,750.56,5504,794.02,5138,741.24,518,74.8,3645,525.09,0,0.0,109,15.7,-1971,-282.92
002869.SZ,20220228,8576,1239.55,9491,1371.35,6024,871.07,5217,753.57,2080,300.2,1971,285.89,0,0.0,0,0.0,-5028,-724.53
002869.SZ,20220225,11282,1659.49,9280,1366.48,6518,960.71,7871,1158.57,769,113.04,1417,208.19,0,0.0,0,0.0,964,143.73
002869.SZ,20220224,17844,2611.34,15029,2200.22,14094,2063.07,11150,1631.42,2558,376.86,5998,876.82,0,0.0,2318,342.8,-11165,-1629.35
002869.SZ,20220223,8950,1344.68,11128,1671.84,7236,1087.86,6490,975.92,3333,500.72,1900,285.5,0,0.0,0,0.0,-1928,-288.03
002869.SZ,20220222,11934,1790.46,13873,2083.48,8627,1294.59,5522,829.32,530,79.7,3089,462.82,1393,210.87,0,0.0,-5401,-809.2
002869.SZ,20220221,17936,2700.59,20092,3041.14,11957,1804.04,12863,1940.42,3021,456.7,3942,591.61,3983,611.83,0,0.0,6241,932.87
002869.SZ,20220218,6268,913.27,6303,919.34,4710,687.35,4475,652.55,791,115.36,706,102.49,0,0.0,285,41.59,-1981,-288.23
002869.SZ,20220217,9196,1351.35,10334,1517.73,7196,1056.17,5222,767.28,1228,180.39,2065,302.9,0,0.0,0,0.0,-3388,-496.11
002869.SZ,20220216,11621,1716.83,9701,1434.13,6859,1012.81,8005,1181.16,2697,397.99,3471,512.34,0,0.0,0,0.0,2619,387.94
002869.SZ,20220215,9258,1358.88,9146,1342.94,5445,800.84,5812,853.08,1405,205.62,1150,169.32,0,0.0,0,0.0,-2307,-335.91
002869.SZ,20220214,7998,1177.15,7958,1172.14,6104,899.26,5736,844.6,957,141.38,1364,201.05,0,0.0,0,0.0,-586,-85.8
002869.SZ,20220211,14511,2160.99,11898,1775.26,9752,1454.65,8070,1206.38,2937,436.25,6244,924.68,0,0.0,988,145.57,-7371,-1098.87
002869.SZ,20220210,10576,1605.91,9565,1453.39,6471,982.91,7254,1102.3,2680,407.83,2908,440.96,0,0.0,0,0.0,-4252,-644.82
002869.SZ,20220209,13236,2019.9,16534,2524.7,7835,1195.83,8133,1241.36,3697,565.43,797,121.85,696,106.75,0,0.0,2746,420.46
002869.SZ,20220208,8930,1307.22,8395,1230.66,5514,808.72,5545,811.99,670,98.58,1175,171.87,0,0.0,0,0.0,3241,475.08
002869.SZ,20220207,11816,1711.21,12442,1804.85,8040,1164.25,7422,1075.08,2196,318.53,2187,314.07,0,0.0,0,0.0,-1848,-269.23
002869.SZ,20220128,17112,2523.58,12822,1890.01,9156,1347.29,11714,1725.78,2036,300.66,3768,555.75,0,0.0,0,0.0,4254,629.85
002869.SZ,20220127,14016,2043.58,14695,2142.72,11431,1662.97,11571,1683.68,6593,957.39,5940,861.06,2416,349.02,2250,325.49,-12157,-1765.65
002869.SZ,20220126,13905,2108.71,12273,1862.76,9964,1510.35,9382,1423.33,2252,342.12,3759,568.52,0,0.0,707,106.56,-4101,-617.99
002869.SZ,20220125,23319,3629.0,17868,2782.35,18022,2803.63,18913,2941.5,1513,235.05,5946,924.48,943,144.84,1069,164.2,-9338,-1451.99
002869.SZ,20220124,13458,2217.15,11522,1901.42,8386,1381.84,8784,1447.95,1285,212.85,2345,384.62,0,0.0,476,77.84,-1136,-185.87
002869.SZ,20220121,17365,2867.0,15254,2523.57,12888,2132.03,12326,2036.44,1490,247.05,4163,686.07,0,0.0,0,0.0,-1220,-187.73
002869.SZ,20220120,17759,2949.46,15748,2616.74,14564,2415.48,9552,1585.16,2919,483.44,6706,1109.21,0,0.0,3236,537.26,-9710,-1612.46
002869.SZ,20220119,18296,3114.54,17603,3000.95,11543,1967.7,13277,2260.42,3380,576.36,2340,397.23,0,0.0,0,0.0,4463,762.52
002869.SZ,20220118,19698,3340.15,17847,3033.24,13731,2330.83,12693,2152.47,2556,436.26,4946,838.2,0,0.0,499,83.34,-10945,-1851.04
002869.SZ,20220117,22777,3897.32,22160,3794.85,17070,2924.13,17480,2990.55,6196,1062.02,6050,1037.48,1055,181.18,1408,241.77,13309,2282.42
002869.SZ,20220114,13448,2254.94,13018,2186.89,11177,1878.9,10111,1696.54,1719,288.47,3534,592.88,319,54.0,0,0.0,-1394,-226.59
002869.SZ,20220113,13610,2283.64,12200,2047.77,9574,1606.86,10600,1778.49,3943,662.96,3726,625.88,0,0.0,600,101.33,-285,-45.49
002869.SZ,20220112,22828,3845.96,16104,2723.25,13199,2231.55,17007,2867.94,4358,738.0,6673,1123.09,0,0.0,600,101.22,-1766,-295.58
002869.SZ,20220111,33554,5622.45,23590,3955.98,21011,3524.13,21252,3560.95,5252,880.94,14152,2373.41,860,144.05,1683,281.23,-10023,-1683.33
002869.SZ,20220110,29834,5136.32,25419,4377.54,19726,3391.18,23632,4064.11,7187,1239.82,8772,1509.88,1318,225.29,241,41.08,-2301,-387.03
002869.SZ,20220107,33260,5794.48,42808,7470.88,37507,6534.41,36831,6419.59,22507,3929.58,12219,2125.69,1784,312.65,3200,554.96,4235,748.87
002869.SZ,20220106,34040,5778.25,38695,6573.96,33124,5626.03,30419,5165.25,14861,2526.68,13505,2294.87,2133,363.64,1538,260.51,-3678,-622.96
002869.SZ,20220105,23119,3803.77,26530,4369.05,20496,3374.38,21578,3552.51,11288,1861.29,8752,1443.0,3696,613.08,1739,287.97,8427,1399.17
002869.SZ,20220104,31752,5133.48,28492,4608.04,21114,3412.99,25423,4108.37,6957,1125.91,6397,1035.92,489,79.94,0,0.0,23844,3856.45
002869.SZ,20231229,18565,3736.47,17310,3486.46,14387,2896.83,14285,2875.2,6309,1272.04,7530,1516.21,398,80.24,534,107.7,3685,740.13
002869.SZ,20231228,21378,4243.86,22048,4379.19,14330,2845.22,14072,2792.34,4709,933.83,3049,604.23,889,177.09,2137,424.24,-432,-81.75
002869.SZ,20231227,20234,3932.25,19152,3729.78,11888,2317.47,13823,2688.25,3123,607.8,3526,686.01,2144,418.56,889,172.03,7421,1442.93
002869.SZ,20231226,25574,4972.37,19270,3758.78,13026,2533.8,19902,3876.84,3752,733.6,7473,1452.51,5058,997.74,766,149.37,-158,-45.59
002869.SZ,20231225,29993,5908.68,25946,5116.23,18016,3550.72,13567,2674.22,4663,919.17,9344,1838.74,0,0.0,3816,749.38,1681,330.69
002869.SZ,20231222,30910,6230.94,23539,4753.08,22024,4442.1,23950,4835.9,8168,1648.91,14643,2942.29,3653,732.85,2623,523.53,-3671,-734.79
002869.SZ,20231221,24684,4987.46,17314,3501.32,14633,2955.48,18998,3839.88,6810,1377.27,10056,2028.28,2743,555.05,2502,505.78,-3526,-706.21
002869.SZ,20231220,29159,5939.11,17913,3651.64,16198,3298.15,19618,3996.95,7005,1426.75,10210,2076.94,1190,241.35,5811,1179.83,-317,-64.06
002869.SZ,20231219,28130,5753.26,16167,3311.05,19637,4017.4,21117,4320.54,6024,1232.79,15082,3080.16,42,8.57,1467,300.27,4509,924.4
002869.SZ,20231218,22836,4749.47,18047,3758.5,15128,3145.36,16042,3337.04,5232,1089.48,9331,1936.78,1153,240.5,929,192.49,-3290,-682.96
002869.SZ,20231215,26353,5533.23,22257,4679.05,21029,4418.02,20326,4274.44,10577,2224.98,14344,3007.72,1364,283.71,2396,498.73,-149,-22.19
002869.SZ,20231214,33057,7005.37,20764,4404.86,22225,4703.45,28273,5987.86,9863,2083.05,15620,3301.26,2509,534.24,2997,632.13,-2840,-595.55
002869.SZ,20231213,35405,7592.75,31891,6840.32,33600,7207.32,28877,6196.55,13722,2946.92,19096,4092.63,1597,338.91,4460,956.41,-25132,-5391.42
002869.SZ,20231212,32314,7083.65,40859,8961.78,37196,8154.6,35928,7872.67,21129,4633.85,17880,3920.83,6253,1372.15,2225,488.97,-5143,-1128.86
002869.SZ,20231211,33644,7223.27,32001,6875.81,30000,6444.95,28039,6023.64,16203,3482.72,16465,3532.23,326,69.78,3668,789.03,-3322,-706.1
002869.SZ,20231208,34008,7320.54,31212,6720.6,30652,6604.1,29206,6297.65,13623,2939.6,16731,3605.39,2223,480.71,3357,721.31,-4482,-951.84
002869.SZ,20231207,40745,8843.55,29876,6488.28,27134,5885.22,30320,6584.61,9486,2059.1,16861,3649.18,1201,261.45,1510,327.24,-9534,-2063.0
002869.SZ,20231206,57756,12638.48,33169,7265.82,35734,7818.15,42264,9251.92,15311,3346.96,32450,7086.49,4747,1039.19,5665,1238.55,-3350,-725.47
002869.SZ,20231205,59917,13509.05,40624,9166.39,56301,12694.22,56847,12825.89,27217,6146.97,39609,8924.04,2184,489.51,8539,1923.43,-11319,-2545.22
002869.SZ,20231204,56471,13259.99,38040,8944.2,52750,12392.28,53381,12546.67,27688,6506.28,41009,9625.49,5447,1278.48,9925,2320.68,-7600,-1787.48
002869.SZ,20231201,53933,13019.15,48448,11712.4,62515,15097.28,59828,14450.93,33578,8112.56,41977,10127.37,6621,1601.74,6395,1540.01,7887,1924.99
002869.SZ,20231130,77960,18812.36,50796,12275.83,82546,19944.88,79839,19306.74,48759,11790.2,65355,15768.9,8404,2023.9,21681,5219.87,-33666,-8110.48
002869.SZ,20231129,75830,20019.53,56062,14851.93,86180,22808.32,92657,24546.95,52553,13923.79,62906,16626.73,15864,4198.04,18803,4924.07,-37880,-9920.05
002869.SZ,20231128,75675,19689.1,73585,19170.21,104058,27047.95,98663,25674.46,78156,20360.0,73704,19164.43,10347,2699.07,22285,5787.02,13894,3837.89
002869.SZ,20231127,75771,19080.14,68798,17353.33,99216,24969.78,105385,26555.11,73326,18450.29,77699,19562.49,25805,6568.03,22236,5597.31,3942,1119.0
002869.SZ,20231124,94082,23597.7,71682,17993.37,113399,28513.75,111536,28006.4,75593,19047.36,79664,20066.2,28344,7173.51,48537,12266.34,-54968,-13596.36
002869.SZ,20231123,81431,20708.93,84007,21526.56,129509,32707.43,117308,29932.04,109689,27976.5,124584,31508.13,63341,16059.35,58071,14485.47,69413,17812.85
002869.SZ,20231122,67023,16517.37,85428,21147.37,89410,22010.88,125420,31069.99,85818,21222.24,97043,24076.34,114236,28708.68,48596,12165.47,-48220,-12131.51
002869.SZ,20231121,71666,16551.35,53848,12462.46,85664,19816.23,77194,17863.73,62208,14393.22,72880,16883.19,19892,4622.22,35506,8173.64,-17338,-3942.18
002869.SZ,20231120,79406,19305.54,88208,21503.12,105064,25525.58,120032,29274.71,96586,23566.88,98236,23969.58,62859,15587.61,37439,9238.21,-6321,-1471.47
002869.SZ,20231117,48477,10832.08,67805,15196.61,71921,16121.48,64668,14502.86,51024,11463.75,41706,9357.45,12781,2889.6,10025,2250.0,13503,3124.39
002869.SZ,20231116,45334,9922.42,62388,13671.86,55411,12136.94,55546,12177.74,34914,7659.5,25871,5661.28,12447,2733.7,4301,941.68,-10088,-2196.62
002869.SZ,20231115,36946,7983.57,37108,8024.59,35092,7589.9,35544,7688.75,22342,4831.48,22962,4956.08,5141,1106.77,3908,842.3,-14262,-3072.46
002869.SZ,20231114,52046,11320.86,50508,11011.07,51116,11132.83,50303,10955.28,40020,8721.4,37970,8261.24,7820,1714.0,12220,2661.5,13703,2992.19
002869.SZ,20231113,26316,5524.85,21696,4560.1,20326,4269.44,25063,5262.92,11485,2415.98,13386,2809.6,4501,944.31,2483,521.96,3878,822.92
002869.SZ,20231110,40218,8337.99,26809,5569.8,25721,5336.01,35560,7379.58,15117,3139.79,16501,3417.24,2613,543.71,4799,990.87,4372,908.96
002869.SZ,20231109,61315,12920.34,33862,7145.41,57914,12220.24,59896,12646.59,33764,7135.4,48258,10180.58,10070,2132.48,21048,4435.88,-23241,-4961.28
002869.SZ,20231108,44379,9644.23,61126,13318.56,61083,13298.23,63574,13840.8,51670,11261.6,38811,8448.48,14456,3163.44,8076,1759.66,-10952,-2342.45
002869.SZ,20231107,47699,10313.51,40315,8738.28,55815,12077.47,51104,11059.07,32120,6954.03,36082,7800.79,7481,1621.3,15613,3368.18,-10795,-2307.94
002869.SZ,20231106,47793,10329.96,45087,9764.33,56670,12262.76,53614,11599.79,40713,8820.98,37790,8172.34,3198,688.73,11883,2565.97,3041,674.52
002869.SZ,20231103,69534,15058.57,64824,14083.27,78378,17043.21,67769,14715.22,41389,9018.64,56922,12380.34,8647,1884.99,8433,1826.58,-35733,-7718.37
002869.SZ,20231102,88247,19652.72,97143,21684.09,99971,22263.91,103608,23079.03,66102,14706.42,66519,14820.67,27368,6193.19,14418,3232.44,24679,5593.03
002869.SZ,20231101,61204,12796.57,59440,12450.6,60132,12562.79,61385,12824.45,38571,8086.68,36615,7655.42,7481,1567.22,9948,2082.8,6677,1403.34
002869.SZ,20231031,84130,17475.99,55173,11488.45,67622,14084.59,72307,15062.56,37416,7812.34,57584,11971.42,8246,1714.82,12350,2565.32,-20661,-4290.86
002869.SZ,20231030,77128,16927.88,82584,18140.34,104690,22961.96,105896,23282.13,75670,16634.53,71999,15823.16,25880,5742.6,22887,5021.35,11960,2795.61
002869.SZ,20231027,85465,17920.41,83274,17500.01,103189,21654.39,114336,24015.51,92028,19362.41,92148,19340.17,27774,5855.98,18698,3937.51,-36964,-7669.5
002869.SZ,20231026,100538,20319.25,109495,22172.91,118441,23918.99,148778,30254.99,89306,18276.88,88204,18070.28,53132,11082.71,14941,3099.66,-16985,-3685.91
002869.SZ,20231025,65963,12492.81,60257,11445.54,72535,13757.54,67135,12738.32,37646,7145.31,40445,7664.47,5248,993.81,13555,2541.14,-13900,-2618.48
002869.SZ,20231024,71604,13415.57,92005,17321.01,87089,16392.35,82066,15468.02,45556,8628.4,26870,5029.39,1568,298.82,4875,916.73,-853,-65.85
002869.SZ,20231023,73314,13547.14,99790,18450.16,85154,15753.74,71522,13234.07,34376,6363.54,23998,4440.56,2466,460.37,0,0.0,3795,712.49
002869.SZ,20231020,59286,10437.36,74156,13117.18,48193,8532.1,44520,7853.27,20239,3608.47,14273,2505.21,8406,1451.94,3174,554.21,-18582,-3266.07
002869.SZ,20231019,37556,6727.01,42270,7576.01,31199,5589.59,26059,4672.21,7774,1397.53,7619,1361.12,94,16.73,675,121.52,-5206,-926.63
002869.SZ,20231018,28093,4974.32,24892,4410.99,22671,4014.87,22211,3932.53,4760,842.24,8865,1567.15,444,79.24,0,0.0,-4518,-800.38
002869.SZ,20231017,30973,5591.65,28264,5106.87,20735,3747.29,20441,3693.83,6023,1089.07,9792,1765.9,1466,264.58,700,125.98,-12466,-2249.34
002869.SZ,20231016,52567,9609.16,34722,6349.09,27533,5031.25,31578,5772.85,6710,1229.19,19175,3503.44,0,0.0,1335,244.21,-4695,-854.81
002869.SZ,20231013,63721,12016.28,47715,9004.8,42288,7978.94,46478,8765.28,13713,2589.58,20054,3781.69,1612,305.61,7087,1338.65,-10527,-1965.94
002869.SZ,20231012,78876,15035.82,108477,20693.34,79923,15251.32,66801,12733.52,36054,6882.63,24497,4671.85,5462,1030.25,540,101.3,-3145,-614.24
002869.SZ,20231011,125060,23695.59,130050,24602.29,90956,17293.41,75860,14422.2,30557,5830.92,36277,6973.96,8349,1624.98,12735,2446.45,-33861,-6294.49
002869.SZ,20231010,29811,5351.14,47581,8633.31,24858,4479.85,33190,6050.91,21285,3881.72,11888,2194.28,17827,3374.36,1122,208.57,472,-26.59
002869.SZ,20231009,22258,3851.41,24006,4154.22,10392,1799.95,9515,1648.17,3427,593.58,2556,442.56,0,0.0,0,0.0,-5672,-979.04
002869.SZ,20230928,23998,4100.74,26308,4495.75,16958,2894.87,14545,2483.6,3692,633.6,3796,649.86,0,0.0,0,0.0,13771,2350.48
002869.SZ,20230927,16882,2811.34,16098,2681.18,7677,1278.25,7210,1200.33,2229,371.15,3480,579.24,0,0.0,0,0.0,-575,-93.67
002869.SZ,20230926,17136,2858.76,15757,2629.57,6860,1145.41,7890,1316.58,1205,200.39,1554,258.41,0,0.0,0,0.0,-201,-31.46
002869.SZ,20230925,22078,3687.59,18622,3110.45,9660,1610.25,9582,1602.32,2379,396.42,4913,816.04,0,0.0,1000,165.44,-3012,-504.53
002869.SZ,20230922,23486,3918.51,22241,3709.43,10044,1677.02,11440,1911.92,2397,400.25,2276,379.29,30,4.86,0,0.0,8086,1357.09
002869.SZ,20230921,16066,2643.94,15624,2570.61,7648,1259.01,8360,1376.39,1316,216.15,1112,183.04,67,10.95,0,0.0,2776,460.64
002869.SZ,20230920,23804,3920.5,19512,3213.28,5060,833.08,7999,1317.41,643,106.77,867,142.24,0,0.0,1129,187.42,-948,-152.35
002869.SZ,20230919,22998,3815.6,21717,3602.49,8187,1359.38,7426,1234.01,2516,416.89,4558,755.38,0,0.0,0,0.0,-12708,-2106.94
002869.SZ,20230918,22851,3906.17,21310,3643.29,13916,2380.48,11779,2016.72,2238,385.07,5916,1011.7,0,0.0,0,0.0,49,13.31
002869.SZ,20230915,19111,3230.43,16286,2754.66,7326,1238.48,7435,1257.34,1256,212.59,4479,755.04,507,85.53,0,0.0,-3184,-538.17
002869.SZ,20230914,33314,5717.51,22299,3830.6,9785,1679.44,15513,2660.31,1790,307.7,7078,1213.91,1,0.17,0,0.0,-2260,-389.28
002869.SZ,20230913,29062,5113.51,23656,4162.61,12258,2160.34,12731,2244.08,3124,555.39,6957,1227.4,0,0.0,1100,195.15,-8154,-1440.87
002869.SZ,20230912,32100,5812.55,33999,6161.57,19535,3541.31,20511,3719.03,8696,1578.53,6979,1262.37,1158,210.58,0,0.0,1543,284.0
002869.SZ,20230911,23072,4133.04,32064,5750.76,17039,3063.82,13714,2470.06,7668,1383.76,2625,472.01,623,112.2,0,0.0,-3352,-598.54
002869.SZ,20230908,21122,3724.3,17224,3039.59,8607,1518.0,10641,1876.63,1727,305.16,3591,631.25,0,0.0,0,0.0,6990,1237.73
002869.SZ,20230907,24810,4368.38,14125,2490.62,11552,2029.36,11344,2001.44,5602,978.96,10458,1831.75,1213,212.85,7250,1265.73,-7247,-1268.1
002869.SZ,20230906,20018,3555.15,15969,2836.42,11218,1993.55,12388,2200.13,3882,690.58,5761,1025.53,0,0.0,1000,177.2,8874,1578.58
002869.SZ,20230905,23347,4118.03,19828,3499.45,10974,1938.11,14255,2514.86,2026,357.58,2264,399.42,0,0.0,0,0.0,-3129,-549.93
002869.SZ,20230904,22052,3871.15,24317,4272.48,17406,3055.21,8309,1460.74,6434,1128.66,12499,2187.08,1770,308.8,2537,443.52,-6446,-1125.29
002869.SZ,20230901,26880,4745.08,26624,4700.87,12038,2125.35,12928,2282.34,3739,661.12,3178,561.13,73,12.78,0,0.0,7486,1325.63
002869.SZ,20230831,22278,3897.25,16196,2833.73,7890,1380.23,10039,1757.24,2228,389.23,5258,918.64,138,24.0,1041,181.1,-216,-35.3
002869.SZ,20230830,21872,3781.89,19367,3356.86,13180,2285.13,16323,2826.92,7780,1351.21,8332,1441.6,1190,207.15,0,0.0,8172,1415.4
002869.SZ,20230829,27560,4665.89,24888,4205.95,15511,2622.38,14629,2480.02,1969,332.92,5523,935.22,0,0.0,0,0.0,7246,1228.41
002869.SZ,20230828,35562,6017.43,31846,5399.69,16678,2826.33,20613,3499.38,8452,1440.82,8232,1385.52,0,0.0,0,0.0,-1934,-309.23
002869.SZ,20230825,20843,3426.51,18450,3037.25,11527,1894.72,11524,1896.59,4917,809.51,7258,1188.02,0,0.0,55,8.88,-7503,-1240.46
002869.SZ,20230824,24250,4126.99,21343,3631.77,12257,2084.55,13069,2224.83,3821,651.09,5916,1006.03,0,0.0,0,0.0,1694,296.67
002869.SZ,20230823,27400,4639.51,24177,4093.45,10532,1782.57,12431,2105.62,2502,422.2,3850,650.12,624,106.02,600,101.11,-3347,-561.17
002869.SZ,20230822,28332,4709.75,22648,3769.72,13258,2207.33,15708,2616.37,3592,600.6,5690,944.16,0,0.0,1136,187.44,912,156.6
002869.SZ,20230821,21634,3618.74,13500,2264.53,10091,1690.3,15544,2600.29,2414,405.75,4150,693.64,287,47.36,1232,203.68,-340,-51.06
002869.SZ,20230818,15852,2696.64,13642,2325.1,7313,1243.99,8782,1492.42,3169,537.28,2899,490.68,0,0.0,1011,169.7,-3981,-677.84
002869.SZ,20230817,20192,3448.43,17263,2952.71,6513,1111.16,9413,1606.51,2846,489.32,2743,466.98,607,105.04,738,127.75,3541,603.65
002869.SZ,20230816,17952,3066.37,14077,2408.73,7965,1360.23,9145,1559.86,1863,316.9,3956,672.53,7,1.18,609,103.56,-3842,-653.96
002869.SZ,20230815,16266,2824.14,13838,2405.71,7221,1255.02,7558,1311.32,1495,259.15,2958,512.89,0,0.0,628,108.39,-3910,-676.99
002869.SZ,20230814,25421,4397.36,15311,2652.77,11306,1955.36,8543,1479.37,858,148.0,13731,2368.59,0,0.0,0,0.0,-149,-22.89
002869.SZ,20230811,23536,4151.15,23199,4100.23,12582,2220.06,9720,1714.72,5138,904.76,7349,1290.45,1721,304.5,2709,475.08,-10304,-1820.5
002869.SZ,20230810,15506,2770.44,16764,2995.25,11628,2080.86,7804,1398.0,5293,947.82,6598,1180.46,61,10.87,1323,236.29,5350,958.59
002869.SZ,20230809,16476,2928.17,14672,2608.88,7144,1270.82,7052,1253.09,1586,282.76,2881,512.39,0,0.0,600,107.4,272,50.56
002869.SZ,20230808,13847,2492.75,12165,2190.07,7041,1266.75,7409,1334.48,2545,458.55,3859,693.5,0,0.0,0,0.0,-3829,-687.36
002869.SZ,20230807,16687,3012.48,15989,2886.38,7045,1271.6,7067,1275.88,1245,224.76,1359,245.31,0,0.0,562,101.28,-1721,-308.21
002869.SZ,20230804,18296,3322.35,12350,2242.9,10551,1916.09,13306,2414.29,4204,763.01,5659,1029.56,1364,247.02,3100,561.72,-4152,-746.07
002869.SZ,20230803,22024,3990.48,16118,2926.27,10799,1956.47,11194,2026.08,1697,307.96,6207,1122.4,0,0.0,1000,180.16,-11828,-2142.85
002869.SZ,20230802,13392,2453.49,12470,2286.92,9068,1663.44,7462,1368.68,1692,310.77,4220,772.11,0,0.0,0,0.0,440,83.1
002869.SZ,20230801,16430,3012.1,12900,2366.28,9420,1727.68,8860,1625.32,2421,444.34,6333,1159.84,0,0.0,177,32.67,-5248,-962.12
002869.SZ,20230731,16502,3057.21,15960,2958.22,11205,2077.4,11316,2097.16,2668,495.45,3015,559.03,2000,372.2,2084,387.85,-69,-13.85
002869.SZ,20230728,18210,3339.16,16329,2995.19,12795,2345.28,11766,2157.69,3925,718.99,6799,1244.66,550,101.2,585,107.09,-2076,-379.48
002869.SZ,20230727,23199,4343.7,17829,3342.66,11774,2203.69,13276,2487.04,2684,504.89,6552,1222.59,0,0.0,0,0.0,-4749,-880.18
002869.SZ,20230726,36080,6859.07,17224,3290.22,22564,4284.55,24495,4654.49,4359,826.23,18706,3533.74,0,0.0,2578,491.39,-4123,-797.46
002869.SZ,20230725,20530,4062.06,17950,3552.47,11650,2303.45,11621,2299.78,4652,919.61,5421,1070.4,670,131.68,2510,494.15,-5461,-1078.25
002869.SZ,20230724,18358,3623.35,12987,2563.18,5100,1007.06,7896,1560.39,1807,357.79,3737,737.35,0,0.0,645,127.28,2047,405.97
002869.SZ,20230721,24494,4871.26,13825,2767.34,13286,2644.74,20716,4117.74,10807,2149.43,12170,2409.87,0,0.0,1876,370.49,-2822,-561.97
002869.SZ,20230720,19576,4030.01,24328,5006.49,15578,3209.9,11936,2460.4,8927,1841.38,6632,1368.14,1061,219.27,2247,465.53,-14588,-3000.72
002869.SZ,20230719,13524,2913.84,10854,2341.3,6007,1293.13,7407,1595.82,3157,680.94,3927,843.44,0,0.0,500,107.35,-4204,-906.04
002869.SZ,20230718,16759,3677.87,12517,2751.32,9251,2031.63,11391,2497.93,4933,1079.74,5614,1228.42,0,0.0,1421,311.57,-5096,-1116.02
002869.SZ,20230717,20793,4596.76,15708,3471.72,10168,2247.63,13574,2999.33,4905,1082.25,6584,1455.59,0,0.0,0,0.0,-5768,-1270.18
002869.SZ,20230714,32003,7305.95,22411,5117.09,21169,4828.48,21405,4882.48,16089,3671.0,20922,4774.86,500,114.0,5023,1144.99,-6266,-1426.78
002869.SZ,20230713,29433,6869.72,38733,9048.09,29180,6816.66,20307,4742.07,11297,2640.08,14806,3458.86,3936,922.56,0,0.0,-5411,-1260.47
002869.SZ,20230712,55414,13260.88,57401,13737.88,53312,12773.6,45895,11040.46,39102,9433.37,38987,9373.4,4077,1003.2,9620,2319.32,4109,1100.78
002869.SZ,20230711,20710,4683.2,23057,5226.5,17182,3897.02,15556,3528.59,10990,2492.03,10222,2314.32,2898,665.35,2946,668.17,6405,1445.06
002869.SZ,20230710,12245,2718.0,15729,3493.69,8386,1867.03,7245,1611.12,5515,1227.45,3279,731.46,509,112.23,402,88.44,-4885,-1080.26
002869.SZ,20230707,9468,2080.01,10618,2332.15,4924,1080.78,4827,1059.64,2650,582.92,2097,461.12,500,109.2,0,0.0,-3300,-721.57
002869.SZ,20230706,9741,2174.88,10876,2428.86,6635,1481.14,5803,1295.0,2121,473.15,1818,405.31,0,0.0,0,0.0,59,13.67
002869.SZ,20230705,12966,2939.47,14922,3384.99,9124,2065.43,6125,1387.78,5322,1194.88,3458,783.08,3833,854.62,6740,1498.54,2833,622.65
002869.SZ,20230704,19180,4334.64,18489,4181.65,13898,3153.11,14842,3359.98,6449,1460.51,9424,2148.74,3675,843.45,446,101.34,8116,1840.78
002869.SZ,20230703,18750,4178.23,20191,4495.08,12812,2860.71,13159,2939.66,5817,1302.03,3890,875.35,488,107.7,627,138.58,-6493,-1428.54
002869.SZ,20230630,14285,3115.57,13858,3023.24,7461,1626.4,6672,1454.88,3088,675.15,4780,1042.74,477,103.75,0,0.0,1122,246.09
002869.SZ,20230629,11996,2560.37,10712,2287.17,6834,1458.59,6636,1418.7,4517,961.85,4049,864.44,0,0.0,1951,410.5,2308,495.63
002869.SZ,20230628,14212,3000.29,15345,3239.83,9164,1934.45,6965,1471.64,3360,709.63,4363,919.66,1200,251.5,1263,264.73,-2303,-485.34
002869.SZ,20230627,14670,3200.46,11544,2518.64,6712,1463.1,5918,1290.66,5126,1116.3,5688,1241.73,2339,506.2,5698,1235.03,3916,852.41
002869.SZ,20230626,14992,3272.22,15927,3472.45,8870,1934.03,9551,2079.99,7747,1687.87,4787,1047.31,99,22.34,1443,316.71,-6558,-1422.66
002869.SZ,20230621,15084,3447.26,12268,2803.47,8059,1839.64,10057,2296.53,4193,957.04,6338,1446.22,2500,570.28,1172,268.01,-1766,-399.96
002869.SZ,20230620,21624,5034.78,14353,3350.84,12640,2946.52,11864,2760.42,8722,2030.78,14129,3286.99,1724,399.41,4364,1013.24,-2116,-496.06
002869.SZ,20230619,13557,3232.07,9974,2378.22,7929,1891.09,7265,1732.0,3927,935.62,6264,1490.17,1500,358.0,3410,816.4,975,235.67
002869.SZ,20230616,9607,2293.06,10104,2414.16,7622,1820.13,6882,1644.27,6919,1653.38,5244,1249.77,12,2.88,1930,461.25,-700,-165.62
002869.SZ,20230615,14390,3427.15,11771,2804.74,8852,2102.99,8028,1909.23,6905,1640.18,8738,2074.76,0,0.0,1610,381.58,-5451,-1293.08
002869.SZ,20230614,14205,3437.82,9831,2381.78,8435,2037.67,7964,1927.04,7536,1815.03,5800,1399.94,3349,806.33,9930,2388.1,6199,1495.02
002869.SZ,20230613,17133,4187.35,13865,3395.3,9925,2426.94,8986,2198.73,7504,1836.72,7122,1741.63,2377,581.37,6966,1696.72,765,188.55
002869.SZ,20230612,14136,3401.53,15237,3668.43,12966,3122.61,11836,2851.6,9652,2326.02,11302,2721.66,4725,1142.92,3103,751.38,6260,1519.97
002869.SZ,20230609,8308,1935.86,11187,2607.13,6293,1467.41,5051,1180.13,6492,1513.83,3922,913.42,637,149.38,1570,365.79,-3107,-721.0
002869.SZ,20230608,7512,1762.14,9823,2303.66,6333,1484.59,4139,971.15,3527,826.48,3539,828.46,497,116.14,368,86.08,-2507,-587.86
002869.SZ,20230607,13668,3218.19,14468,3404.49,9446,2224.44,8212,1932.51,5720,1346.48,7054,1664.55,1400,330.86,500,118.4,6070,1435.9
002869.SZ,20230606,10390,2413.57,12812,2976.08,7177,1664.42,6795,1579.14,9364,2167.31,5328,1230.74,534,123.64,2529,582.99,-5820,-1350.66
002869.SZ,20230605,16199,3828.38,14580,3447.96,9045,2139.37,9822,2322.44,6217,1468.83,8931,2112.12,3374,800.59,1502,354.65,2564,602.19
002869.SZ,20230602,14024,3252.18,12426,2881.13,4714,1093.09,6178,1432.76,3529,818.21,3662,849.59,0,0.0,0,0.0,-9,0.84
002869.SZ,20230601,18066,4166.02,17876,4127.7,10029,2309.77,7715,1777.39,6428,1483.12,2076,479.63,2479,567.74,9335,2141.92,2476,567.83
002869.SZ,20230531,9632,2239.91,9376,2182.1,4916,1143.8,5906,1375.61,3424,798.31,3555,828.47,1500,351.48,635,147.32,4008,937.25
002869.SZ,20230530,10978,2540.55,6748,1560.17,4307,996.43,6516,1507.66,2453,565.9,4473,1035.06,0,0.0,0,0.0,2467,572.88
002869.SZ,20230529,9720,2243.55,9176,2118.57,5266,1215.38,7396,1706.62,5906,1360.33,4218,972.55,500,115.68,600,137.19,-3652,-841.31
002869.SZ,20230526,12648,2901.47,11876,2727.73,6158,1413.66,7385,1697.49,3056,704.23,4401,1009.78,1800,415.65,0,0.0,2328,539.16
002869.SZ,20230525,16236,3711.21,14107,3231.31,8769,2007.69,8650,1977.48,4383,1001.15,6131,1397.99,0,0.0,500,113.27,-1289,-296.66
002869.SZ,20230524,14968,3459.53,16378,3791.64,9812,2272.29,11576,2681.4,10683,2471.95,8704,2009.62,2075,480.33,880,201.44,767,183.04
002869.SZ,20230523,16155,3705.76,21378,4913.08,13248,3046.73,14903,3417.2,12593,2891.43,7530,1729.11,3018,693.58,1203,278.11,-4681,-1086.29
002869.SZ,20230522,13184,2958.5,12745,2860.32,7730,1733.5,5472,1228.13,2602,584.42,3826,858.45,0,0.0,1472,329.53,-1415,-317.71
002869.SZ,20230519,13552,3060.08,12049,2723.13,8789,1983.03,9091,2055.42,8555,1926.5,6311,1428.18,2663,596.18,6108,1359.07,3500,782.78
002869.SZ,20230518,14442,3249.03,15950,3594.25,12324,2774.69,10581,2384.33,6085,1371.5,8270,1859.56,2460,557.38,511,114.47,2273,510.68
002869.SZ,20230517,13430,2997.35,22522,5025.28,14724,3285.59,9875,2204.33,7912,1768.57,4175,932.88,507,110.97,0,0.0,-3177,-713.99
002869.SZ,20230516,13732,2995.5,15921,3476.49,10016,2184.84,7120,1557.08,6811,1487.56,8018,1745.4,500,111.08,0,0.0,-5468,-1190.11
002869.SZ,20230515,17856,3913.42,17730,3890.6,10516,2303.35,9224,2025.18,10984,2402.81,7871,1718.3,2586,559.56,7118,1545.05,-3286,-717.56
002869.SZ,20230512,16846,3819.11,16295,3691.68,9591,2172.22,8306,1881.4,5883,1330.09,6442,1458.53,1202,270.45,2479,560.26,-5054,-1137.55
002869.SZ,20230511,14819,3442.86,18842,4378.94,12828,2978.59,8551,1986.38,7969,1848.89,4914,1140.96,791,183.46,4100,947.52,-13305,-3083.98
002869.SZ,20230510,16809,3956.16,20066,4716.49,9856,2317.93,8818,2079.8,5537,1302.34,3318,781.08,500,117.0,500,116.06,-3843,-904.77
002869.SZ,20230509,24413,5868.88,25346,6087.85,14575,3498.29,11415,2746.68,9764,2346.44,7922,1900.42,2078,500.65,6147,1479.3,-9668,-2321.31
002869.SZ,20230508,24892,6196.12,22835,5693.28,13859,3455.87,15401,3843.77,11112,2761.13,8987,2236.7,5489,1369.37,8129,2008.74,-9209,-2294.78
002869.SZ,20230505,27330,6859.43,32069,8037.29,17881,4501.8,14490,3653.43,13001,3254.23,10224,2571.84,6721,1685.78,8150,2038.66,-6450,-1643.97
002869.SZ,20230504,15568,4046.33,16650,4335.61,12605,3282.83,14346,3732.04,10680,2780.54,9392,2438.54,2335,603.92,800,207.43,-8342,-2165.69
002869.SZ,20230428,25228,6603.73,31353,8211.61,19981,5237.21,18676,4898.55,13154,3460.22,12212,3206.94,5780,1511.59,1903,495.64,-4513,-1182.6
002869.SZ,20230427,45329,11780.83,55792,14496.04,34708,9017.29,36908,9585.85,25370,6589.38,19715,5130.8,8860,2307.94,1852,482.75,-3027,-771.36
002869.SZ,20230426,13710,3498.25,18020,4613.73,15594,3978.73,18685,4777.13,12136,3107.5,15670,4013.34,14136,3643.27,3200,823.56,-7263,-1872.57
002869.SZ,20230425,35807,8270.14,54556,12624.32,28644,6622.76,28078,6495.1,32410,7474.9,23030,5310.33,14674,3408.74,5872,1346.78,-24188,-5577.14
002869.SZ,20230424,23942,5866.95,23867,5853.18,11352,2782.14,9534,2337.02,14029,3431.02,11340,2786.52,6358,1547.82,10939,2651.21,-6104,-1506.34
002869.SZ,20230421,28858,7283.42,29215,7363.1,15455,3901.32,14250,3598.93,13077,3280.9,9482,2388.16,462,114.54,4906,1229.99,-15303,-3839.6
002869.SZ,20230420,23842,6277.44,30359,7997.02,15818,4167.05,11868,3128.94,7357,1932.04,6717,1763.63,3871,1026.48,1944,513.42,-5715,-1508.13
002869.SZ,20230419,22980,6049.1,27527,7257.32,13555,3577.7,14741,3897.74,9398,2480.35,11588,3056.79,11456,3031.3,3532,926.6,-6162,-1636.97
002869.SZ,20230418,34906,9225.66,32645,8634.88,13969,3688.4,15443,4073.53,6604,1740.51,8723,2296.4,2856,752.47,1524,402.23,-7680,-2010.34
002869.SZ,20230417,34922,9546.66,28984,7942.02,17754,4850.89,16216,4429.84,12307,3356.03,10201,2791.56,3567,961.96,13148,3552.12,-1742,-495.9
002869.SZ,20230414,31687,8927.01,26781,7551.77,14136,3983.6,12762,3596.93,8139,2291.26,12636,3555.92,1889,535.64,3672,1032.89,-1082,-299.54
002869.SZ,20230413,43034,12289.91,39774,11385.34,23547,6711.81,20495,5861.15,17992,5139.15,15018,4294.47,4298,1216.56,13584,3816.48,2026,566.25
002869.SZ,20230412,41792,12010.8,52038,14967.85,29764,8569.0,29554,8501.4,26235,7563.83,19614,5654.71,10434,3002.3,7020,2021.97,-1594,-455.34
002869.SZ,20230411,68824,19339.45,65292,18354.77,36808,10355.05,40215,11303.39,24783,6984.96,24350,6859.12,8008,2247.84,8567,2410.03,445,117.1
002869.SZ,20230410,85233,23885.01,81330,22773.76,67152,18755.33,67893,18993.28,47882,13331.79,52783,14710.22,30623,8513.58,28883,8008.44,18341,5200.62
002869.SZ,20230407,18308,4620.14,26180,6632.69,19414,4932.14,26686,6795.72,22803,5837.05,18492,4709.94,36020,9255.08,25187,6506.06,-30348,-7907.24
002869.SZ,20230406,19102,4514.03,15438,3651.01,8578,2025.27,6751,1594.97,8583,2027.58,8383,1979.95,675,158.93,6366,1499.88,-670,-154.11
002869.SZ,20230404,33607,8079.32,21560,5187.95,10970,2636.84,13600,3268.82,8595,2057.34,13682,3283.69,0,0.0,4330,1033.04,-2248,-544.51
002869.SZ,20230403,34150,8454.99,18226,4528.04,16462,4068.82,16071,3982.63,14543,3601.08,15275,3776.44,411,100.78,15994,3938.57,-2918,-709.11
002869.SZ,20230331,15664,3967.19,13658,3454.12,6237,1578.67,7176,1821.24,2693,684.65,4009,1016.66,697,176.02,448,114.51,-755,-182.03
002869.SZ,20230330,14574,3732.27,17332,4443.11,6082,1558.28,6158,1578.18,5530,1421.65,3645,934.87,948,243.96,0,0.0,-2338,-595.45
002869.SZ,20230329,15406,3944.22,18204,4661.65,8108,2077.75,7645,1959.88,6568,1687.73,3856,989.71,581,148.74,958,247.18,-932,-232.26
002869.SZ,20230328,22647,5772.22,26008,6635.43,9412,2400.54,11592,2955.03,11329,2888.46,5849,1488.35,3000,767.17,2939,749.57,-5287,-1348.86
002869.SZ,20230327,29246,7562.5,27711,7165.08,15727,4071.21,15984,4138.67,6728,1742.61,6394,1654.26,1329,344.92,2940,763.23,-650,-150.35
002869.SZ,20230324,33800,9002.18,29156,7779.75,20503,5452.17,21126,5629.21,17563,4676.82,9377,2496.38,2276,600.57,14483,3826.42,-4586,-1199.76
002869.SZ,20230323,35760,9389.66,32206,8449.61,19078,5005.74,28784,7549.52,18132,4755.51,18222,4784.31,17117,4499.66,10876,2867.13,17261,4566.15
002869.SZ,20230322,26090,6513.1,22425,5605.82,14558,3634.97,23432,5846.6,10594,2650.47,8650,2166.81,4242,1068.19,978,247.51,11898,2983.55
002869.SZ,20230321,17794,4267.76,13357,3201.52,7634,1829.01,10383,2492.76,4073,977.53,6351,1522.82,1590,382.84,1000,240.04,-485,-112.65
002869.SZ,20230320,26279,6279.79,22096,5277.77,10768,2570.57,12926,3088.56,4439,1061.54,6522,1559.45,58,13.89,0,0.0,248,68.77
002869.SZ,20230317,17972,4207.09,14794,3462.36,6395,1495.69,5874,1376.76,5244,1224.15,2864,670.68,2400,559.2,8478,1976.33,9528,2225.06
002869.SZ,20230316,18446,4296.69,14385,3356.34,10766,2497.43,6618,1542.6,8027,1857.74,6843,1585.72,1160,265.68,10554,2432.88,-2908,-673.33
002869.SZ,20230315,23090,5503.31,20662,4922.48,6708,1596.34,9464,2255.59,3867,921.46,4296,1024.15,928,221.35,169,40.26,3373,810.83
002869.SZ,20230314,23875,5600.65,20573,4822.77,11795,2763.83,15408,3610.4,7902,1850.58,7091,1659.56,500,116.21,1000,238.54,-1028,-242.77
002869.SZ,20230313,21341,5098.19,15220,3642.09,11802,2820.56,16939,4049.7,7610,1823.28,7624,1822.0,1957,466.34,2927,694.57,5594,1334.57
002869.SZ,20230310,15198,3707.13,13314,3248.39,8057,1962.61,5988,1460.92,3021,732.9,4048,986.39,196,47.26,3123,754.2,-5246,-1278.36
002869.SZ,20230309,11509,2869.68,10438,2601.38,7351,1831.39,4660,1161.37,1093,272.38,4447,1109.76,0,0.0,408,100.94,-1997,-493.34
002869.SZ,20230308,12449,3118.44,14426,3613.71,8531,2139.02,4719,1184.24,3057,766.94,4392,1101.51,0,0.0,500,124.95,-2529,-631.59
002869.SZ,20230307,12250,3077.85,11458,2877.82,8284,2077.84,9060,2271.74,5267,1320.27,5218,1310.44,500,124.5,565,140.46,-6836,-1716.04
002869.SZ,20230306,10988,2829.94,13780,3555.08,10489,2704.46,11294,2914.16,7153,1849.74,4475,1152.95,919,238.04,0,0.0,1868,490.88
002869.SZ,20230303,10006,2538.75,11389,2891.63,6854,1739.08,6786,1722.31,4598,1170.85,3865,983.47,1082,276.18,500,127.45,-3735,-949.4
002869.SZ,20230302,14114,3629.71,14166,3646.07,7208,1858.16,8978,2312.87,7514,1938.04,5219,1342.01,1255,322.58,1728,447.55,726,195.67
002869.SZ,20230301,19906,5023.55,17316,4368.95,11998,3030.15,18081,4568.56,8357,2118.67,8776,2222.64,6599,1669.78,2687,682.01,16159,4089.9
002869.SZ,20230228,10253,2507.04,8012,1959.86,4196,1025.1,5012,1226.12,2049,500.06,3125,761.51,450,109.13,798,193.84,226,60.86
002869.SZ,20230227,13710,3382.69,17772,4388.3,8972,2216.07,5060,1249.8,3277,809.23,3127,769.88,0,0.0,0,0.0,-4413,-1078.98
002869.SZ,20230224,9302,2289.43,11995,2957.48,6376,1573.48,7309,1806.24,3475,860.98,2349,582.25,2500,622.07,0,0.0,1495,371.89
002869.SZ,20230223,10415,2545.54,9762,2389.87,6081,1487.65,7370,1801.63,4117,1007.62,2988,729.94,0,0.0,493,119.37,185,45.56
002869.SZ,20230222,11378,2803.26,10336,2547.68,7249,1784.87,6672,1643.34,2957,727.2,2897,712.21,39,9.64,1717,421.75,-4880,-1201.06
002869.SZ,20230221,15469,3862.34,12608,3149.18,9067,2265.47,12212,3052.68,4011,1002.63,4067,1013.3,2345,587.73,2004,503.03,-426,-99.52
002869.SZ,20230220,18691,4603.52,21048,5198.78,17593,4337.75,15312,3773.43,14721,3630.04,15267,3757.66,2954,731.95,2332,573.38,-5225,-1289.23
002869.SZ,20230217,15320,3880.82,18244,4618.74,14459,3656.61,14326,3627.58,6233,1579.27,7320,1850.45,5377,1355.42,1499,375.36,-11835,-2983.72
002869.SZ,20230216,24084,6309.5,28384,7444.87,21704,5676.16,19932,5215.34,13664,3579.89,10629,2773.83,861,226.48,1367,358.0,-16472,-4301.39
002869.SZ,20230215,23632,6247.95,26181,6941.55,20954,5569.7,22580,5998.7,14204,3790.48,9611,2558.63,3586,953.96,4005,1063.22,7926,2112.1
002869.SZ,20230214,17027,4401.82,16778,4340.39,12203,3159.55,12005,3109.45,8818,2281.01,10134,2620.82,1767,460.01,898,231.73,5,8.4
002869.SZ,20230213,28961,7587.41,26975,7073.55,25316,6663.0,24765,6509.48,11933,3138.18,15690,4124.3,5876,1534.14,4656,1215.39,8562,2271.28
002869.SZ,20230210,18685,4758.49,17928,4560.6,13084,3329.11,15633,3978.74,9301,2366.37,7330,1868.02,1800,456.72,1979,503.34,-10244,-2597.62
002869.SZ,20230209,27710,7119.29,21863,5622.83,19121,4912.77,21020,5410.3,10499,2697.32,12724,3264.68,2504,650.36,4227,1081.93,12623,3247.87
002869.SZ,20230208,23882,5984.95,17355,4348.87,19727,4943.34,19092,4783.41,11507,2884.21,15562,3902.92,0,0.0,3107,777.3,97,25.3
002869.SZ,20230207,25264,6579.75,27958,7280.87,27239,7095.56,21888,5705.27,12086,3153.79,13348,3477.0,3157,826.1,4553,1192.06,-4988,-1283.48
002869.SZ,20230206,35890,9276.83,45908,11865.51,40192,10395.45,38429,9943.96,23800,6165.25,20756,5379.85,5837,1514.8,625,163.01,-4480,-1144.89
002869.SZ,20230203,14036,3504.74,16170,4039.01,10508,2627.72,7812,1954.87,4620,1153.93,4450,1112.2,0,0.0,732,180.31,-4585,-1135.31
002869.SZ,20230202,15757,3976.64,21358,5391.62,11856,2993.62,9928,2506.48,6452,1630.81,2779,702.97,0,0.0,0,0.0,-5610,-1410.03
002869.SZ,20230201,17069,4271.41,17474,4373.47,11454,2867.0,12258,3070.03,6911,1732.46,4734,1187.12,1000,252.03,1968,492.28,-3090,-768.68
002869.SZ,20230131,19669,4882.17,17408,4322.95,11867,2947.95,9548,2371.91,6941,1721.56,9223,2288.19,0,0.0,2298,568.63,-2547,-629.93
002869.SZ,20230130,14551,3690.9,21090,5354.67,12720,3231.37,9632,2445.88,6692,1702.26,4713,1197.39,1971,499.36,500,125.95,-1418,-348.49
002869.SZ,20230120,13883,3498.78,11911,3000.89,8145,2051.79,9165,2311.87,6430,1619.36,6977,1754.09,0,0.0,405,103.07,-6516,-1633.41
002869.SZ,20230119,14710,3765.87,15988,4094.39,9872,2529.44,9986,2557.83,4072,1041.41,3310,845.77,630,161.26,0,0.0,-4138,-1053.43
002869.SZ,20230118,23262,5956.8,27928,7150.73,17362,4453.0,18194,4660.09,14660,3745.48,8490,2172.85,863,221.46,1536,393.07,350,78.33
002869.SZ,20230117,17061,4221.0,15776,3901.18,9206,2277.17,8579,2123.22,6516,1609.42,6686,1654.35,473,118.11,2215,546.95,164,44.55
002869.SZ,20230116,23646,5960.87,26559,6691.96,15103,3801.02,13769,3472.5,9148,2301.81,7609,1912.32,2919,734.82,2880,721.75,-11190,-2812.83
002869.SZ,20230113,20120,5204.3,19682,5092.3,9280,2401.48,9563,2476.4,7241,1876.71,7879,2038.8,1500,389.7,1018,264.68,5091,1324.4
002869.SZ,20230112,33646,8759.27,27462,7152.56,15808,4111.6,22791,5932.14,12124,3148.15,10380,2696.54,3336,862.82,4281,1100.59,4850,1266.25
002869.SZ,20230111,21658,5775.1,17670,4715.56,12110,3225.74,12506,3335.37,12406,3300.15,7540,2008.1,1239,329.39,9698,2571.36,1088,300.33
002869.SZ,20230110,28573,7635.21,23430,6263.06,13536,3621.18,16818,4503.28,9928,2659.11,10252,2741.59,1341,360.11,2878,767.67,6290,1688.92
002869.SZ,20230109,44448,12064.46,30101,8181.48,25116,6819.54,26205,7108.13,12918,3509.55,25419,6903.64,3095,847.47,3853,1047.77,3022,837.38
002869.SZ,20230106,53775,14002.71,40563,10566.87,37033,9623.37,42389,11010.63,21142,5476.22,33678,8756.0,8894,2318.79,4215,1087.58,30934,8072.34
002869.SZ,20230105,22712,5470.24,21718,5244.65,16085,3873.44,21434,5194.26,15318,3692.64,22946,5578.12,23619,5850.82,11636,2870.1,22779,5511.26
002869.SZ,20230104,15494,3480.56,16767,3771.15,8082,1814.83,9235,2075.42,7528,1690.32,6987,1558.33,2385,530.19,500,111.0,1280,286.45
002869.SZ,20230103,10590,2298.85,9730,2113.93,6085,1326.0,6544,1425.97,2887,632.38,3289,717.34,0,0.0,0,0.0,-55,-8.05
002869.SZ,20241231,21228,5740.93,19249,5213.9,17170,4646.57,16762,4535.63,13073,3534.29,11651,3142.12,0,0.0,3809,1030.13,-11234,-3031.65
002869.SZ,20241230,15781,4351.16,12195,3361.96,10332,2847.32,13023,3588.74,5253,1446.04,6125,1688.35,1479,407.65,1502,413.12,2315,642.88
002869.SZ,20241227,18137,5075.13,13036,3648.38,14075,3937.7,18068,5054.34,8382,2346.58,9010,2521.62,380,106.13,860,241.2,-410,-104.15
002869.SZ,20241226,19197,5361.9,14381,4019.63,14406,4022.63,16082,4489.41,6093,1699.78,9915,2763.92,1898,527.38,1216,338.74,-1434,-390.34
002869.SZ,20241225,24106,6660.5,20931,5800.38,18225,5044.35,17014,4705.62,8707,2412.31,12409,3423.27,869,239.2,1553,427.1,-1032,-270.07
002869.SZ,20241224,22442,6252.18,17759,4960.71,13999,3902.32,13868,3865.87,5232,1456.6,8610,2394.49,1872,525.17,3308,915.2,-1619,-456.17
002869.SZ,20241223,30809,8780.15,23535,6713.01,21981,6270.16,24313,6929.16,9394,2676.98,11793,3357.89,0,0.0,2542,727.23,-18498,-5266.85
002869.SZ,20241220,21674,6411.26,17939,5308.94,17421,5152.66,17818,5269.67,8148,2412.08,11557,3415.62,2512,739.95,2441,721.72,5885,1749.12
002869.SZ,20241219,23868,6922.9,20106,5852.87,20480,5962.24,21059,6125.55,9830,2867.62,9993,2892.27,1252,361.33,4272,1243.39,1086,329.98
002869.SZ,20241218,25085,7253.97,23812,6894.29,23856,6911.26,22550,6530.92,10367,3005.48,11286,3271.33,4731,1379.15,6391,1853.31,14209,4136.14
002869.SZ,20241217,25739,7392.85,19171,5510.74,18861,5418.23,20800,5966.36,10344,2972.73,12806,3677.17,4814,1377.46,6981,2007.01,-8182,-2336.89
002869.SZ,20241216,30571,9000.67,24973,7350.64,28027,8246.41,25011,7361.61,12196,3585.39,17450,5131.83,2155,632.36,5515,1620.75,-11120,-3272.06
002869.SZ,20241213,37264,11455.61,33005,10158.9,33785,10389.37,35312,10861.23,17868,5500.98,17388,5341.81,940,287.78,4152,1271.8,-4987,-1512.49
002869.SZ,20241212,36688,11117.63,19740,5986.94,24861,7534.74,25442,7712.88,10804,3279.94,25565,7744.26,4907,1486.0,6514,1974.23,-1491,-444.17
002869.SZ,20241211,34098,10451.84,22130,6797.04,33162,10173.54,29580,9082.63,15439,4741.0,26005,7968.74,1913,590.08,6897,2108.04,-566,-163.53
002869.SZ,20241210,48740,15341.51,32556,10272.46,48426,15257.34,44403,14005.95,28943,9135.56,38800,12232.72,6833,2187.89,17183,5411.17,-20250,-6326.11
002869.SZ,20241209,42729,13466.52,53114,16785.27,52982,16725.95,53114,16775.85,44931,14204.78,34113,10753.87,13975,4435.28,14276,4517.55,16769,5351.72
002869.SZ,20241206,47424,14728.79,45690,14221.01,49222,15303.0,45358,14110.11,36417,11346.54,38514,11976.36,10930,3411.11,14430,4481.96,-9647,-2967.78
002869.SZ,20241205,44030,13454.24,53992,16559.05,47425,14522.53,53735,16481.46,46544,14315.27,32152,9845.33,7472,2303.74,5593,1709.95,21473,6610.44
002869.SZ,20241204,29762,8906.66,18042,5408.28,23263,6962.07,22263,6670.1,10792,3235.62,17451,5216.37,1327,395.13,7388,2204.72,-6727,-2003.82
002869.SZ,20241203,29742,8990.71,26469,8007.67,25712,7774.69,29151,8817.94,19050,5767.73,19624,5930.23,5922,1790.01,5182,1567.3,-5078,-1520.71
002869.SZ,20241202,44504,13485.59,49571,15013.35,48659,14750.81,51036,15461.56,35457,10740.56,29520,8942.87,8093,2440.39,6585,1999.56,11896,3629.3
002869.SZ,20241129,25816,7468.69,29818,8630.72,27242,7886.66,25798,7471.28,17444,5053.54,13242,3837.84,2026,588.33,3670,1057.38,7360,2144.76
002869.SZ,20241128,29336,8403.4,29498,8467.21,25978,7457.18,29830,8558.48,18121,5207.14,16251,4661.78,4858,1392.53,2713,772.78,-7900,-2257.49
002869.SZ,20241127,34114,9446.4,29008,8049.02,28698,7960.62,28312,7863.86,13481,3739.54,15740,4369.82,2990,833.1,6224,1696.95,-4867,-1319.63
002869.SZ,20241126,32233,9148.59,36578,10416.8,32074,9138.58,33654,9596.14,18000,5143.79,11969,3401.85,3671,1050.62,3777,1066.8,1018,311.37
002869.SZ,20241125,31080,8588.94,24228,6710.33,26521,7329.24,23551,6503.64,7504,2074.96,14503,4001.91,1389,385.44,4212,1162.71,1399,391.01
002869.SZ,20241122,32667,9502.19,19300,5621.72,23074,6705.52,26733,7781.31,8930,2608.31,16788,4890.53,2407,707.64,4257,1230.07,-8328,-2425.1
002869.SZ,20241121,27079,8083.87,21680,6481.68,22962,6858.03,24913,7443.96,13853,4141.91,18424,5498.15,3848,1154.19,2725,814.21,-3264,-957.99
002869.SZ,20241120,30094,8942.55,27054,8047.5,26721,7946.25,31574,9390.47,15007,4466.68,14872,4419.98,3039,908.14,1361,405.66,5,16.2
002869.SZ,20241119,30406,8778.31,29267,8469.48,27854,8049.39,27765,8031.12,14314,4160.16,16074,4649.29,1685,493.09,1153,331.06,5858,1709.27
002869.SZ,20241118,35554,10098.14,33063,9418.87,35739,10149.01,37019,10521.41,19712,5622.03,16778,4770.92,3734,1070.69,7879,2228.68,-823,-248.95
002869.SZ,20241115,56397,17000.53,31212,9439.62,47916,14438.68,45952,13879.38,22651,6807.72,37594,11301.44,5054,1499.46,17261,5125.94,-16450,-4994.54
002869.SZ,20241114,33112,10600.08,21699,6949.23,23946,7664.65,28934,9257.57,15996,5110.34,23008,7352.87,5316,1697.88,4729,1513.28,-25038,-8012.64
002869.SZ,20241113,41070,13187.29,31689,10223.82,40014,12857.64,38994,12555.78,26703,8598.01,34564,11078.07,7094,2289.38,9633,3074.64,-3578,-1081.74
002869.SZ,20241112,50555,16780.66,40613,13524.12,54035,17976.29,53864,17913.19,33981,11307.45,43574,14488.29,8961,2996.23,9480,3135.02,-19912,-6566.58
002869.SZ,20241111,54580,17958.11,56476,18633.26,67433,22235.91,61912,20410.41,44241,14604.06,45866,15110.26,10304,3412.34,12305,4056.5,-7919,-2541.5
002869.SZ,20241108,64856,21167.99,71240,23284.43,76846,25101.05,75688,24718.87,63776,20831.47,52065,17005.29,13856,4536.24,20341,6628.16,23324,7625.09
002869.SZ,20241107,41122,12929.96,36914,11638.57,45661,14384.52,47020,14811.91,30114,9514.42,32117,10109.73,9244,2919.86,10089,3188.55,5915,1918.08
002869.SZ,20241106,54212,17158.96,37694,11951.85,50314,15937.53,54282,17197.69,36107,11461.21,42065,13325.81,13486,4276.27,20078,6358.6,-18700,-5882.35
002869.SZ,20241105,55236,17432.43,52811,16718.57,56514,17862.54,61082,19324.72,40119,12731.55,35679,11268.63,9812,3110.73,12109,3825.34,-1182,-392.85
002869.SZ,20241104,49635,15388.55,38253,11865.07,43419,13471.01,45837,14210.09,29917,9272.09,31086,9630.05,6824,2123.59,14619,4550.04,-3499,-1073.43
002869.SZ,20241101,91282,29613.21,59468,19343.19,77014,24991.74,80228,26035.59,49466,16062.84,67052,21723.01,11389,3707.29,22403,7273.29,-28780,-9526.37
002869.SZ,20241031,122252,41846.39,117078,40315.01,129496,44363.4,136902,47013.37,92106,31715.81,101616,34740.35,34626,11956.17,22884,7813.03,-16493,-5440.09
002869.SZ,20241030,153033,51415.72,143180,48220.12,183350,61614.17,166422,55979.96,128261,43137.64,145427,48810.9,47880,16074.46,57494,19231.01,-36379,-12017.59
002869.SZ,20241029,47702,14839.13,87577,27513.92,61474,19147.33,97953,30826.58,65427,20501.06,60691,19073.49,98968,31568.92,27349,8642.44,31845,9794.81
002869.SZ,20241028,56040,16441.09,40012,11752.12,43226,12688.68,43109,12652.02,21911,6432.26,31892,9351.09,12924,3794.54,19088,5601.35,-7727,-2231.74
002869.SZ,20241025,54513,16153.17,49697,14745.49,44752,13277.76,49524,14687.56,32780,9733.21,31743,9402.11,13378,3966.61,14459,4295.59,-13078,-3826.96
002869.SZ,20241024,80778,23949.09,63290,18768.46,52435,15555.71,58723,17419.38,35596,10551.86,45857,13587.4,12751,3767.7,13690,4049.12,-41378,-12260.87
002869.SZ,20241023,86716,27123.32,91848,28831.08,87748,27559.75,87603,27507.85,58532,18409.91,55037,17281.51,14453,4560.42,12961,4032.95,18508,5955.58
002869.SZ,20241022,92136,28343.23,69882,21561.19,68607,21135.4,72450,22340.29,51886,16055.67,59270,18270.31,8902,2753.91,19929,6116.41,-23235,-7068.34
002869.SZ,20241021,113326,36039.15,86224,27447.61,93934,29890.29,108071,34402.13,78273,24877.71,85100,27061.32,31446,9991.85,37584,11887.94,805,322.32
002869.SZ,20241018,100104,30199.94,120307,36288.57,115339,34821.15,120057,36226.9,84604,25496.62,76089,22932.76,41991,12690.86,25585,7760.35,84233,25424.16
002869.SZ,20241017,77708,22703.2,64169,18771.34,68776,20113.69,63986,18720.01,42639,12469.82,51674,15107.24,9082,2657.21,18376,5345.34,-27693,-8042.76
002869.SZ,20241016,57285,16320.87,60427,17285.01,53381,15272.94,57911,16557.06,36342,10400.43,34423,9848.67,14005,4059.07,8252,2362.57,2485,728.85
002869.SZ,20241015,91894,27002.28,73951,21854.58,81788,24143.16,87330,25757.3,59701,17665.23,60852,17916.68,18949,5655.51,30200,8937.63,10441,3279.83
002869.SZ,20241014,64836,17881.32,71684,19870.01,60696,16744.84,69806,19275.76,47012,13013.78,43340,11940.46,25016,6975.18,12729,3528.89,28990,8156.14
002869.SZ,20241011,72560,19923.44,45338,12469.17,60466,16608.74,61542,16906.03,37054,10174.49,44248,12169.4,9763,2684.94,28715,7847.0,-17750,-4856.67
002869.SZ,20241010,91162,27310.55,74080,22228.51,86601,25968.43,85410,25601.64,50976,15341.4,59442,17849.66,11213,3342.36,21020,6282.93,-32622,-9833.51
002869.SZ,20241009,115120,35039.79,116759,35564.09,135288,41325.49,130686,39715.17,90580,27663.69,87564,26721.12,36877,11198.95,42856,13227.53,-21101,-6186.57
002869.SZ,20241008,97062,28902.78,92981,27733.88,118722,35410.99,108884,32469.09,77437,23042.99,93178,27773.72,39452,11864.32,37630,11244.38,-40055,-11924.08
002869.SZ,20240930,75048,20410.29,93150,25404.73,92788,25221.93,91618,24893.9,64738,17548.47,55940,15204.54,32475,8938.92,24341,6616.43,-4194,-1168.31
002869.SZ,20240927,75682,18752.56,85624,21250.4,76601,19005.05,68321,16938.1,43850,10868.8,47656,11807.09,13219,3302.75,7750,1933.57,11943,2964.7
002869.SZ,20240926,50710,11886.02,50078,11761.29,45877,10782.7,46898,11012.81,28021,6591.97,29276,6881.3,4226,997.21,2580,602.5,8334,1978.32
002869.SZ,20240925,69953,16560.62,68749,16295.33,59226,14033.67,56036,13273.85,34810,8255.99,38096,9007.07,7584,1790.05,8690,2064.09,-10978,-2551.49
002869.SZ,20240924,80045,18495.05,96255,22310.77,70229,16290.75,64798,15029.47,39850,9287.03,28701,6641.73,14404,3359.85,14774,3450.71,11102,2714.17
002869.SZ,20240923,54044,12306.4,60223,13732.65,47026,10730.03,45231,10307.35,28226,6442.99,23532,5370.44,10360,2373.33,10670,2442.31,7943,1806.82
002869.SZ,20240920,29868,6610.82,28586,6331.02,17450,3866.69,19909,4411.26,10379,2301.97,11862,2628.29,3858,855.5,1198,264.4,2023,458.46
002869.SZ,20240919,27203,5966.74,30758,6749.83,18527,4064.96,24121,5296.85,12327,2708.17,9555,2099.16,7056,1554.0,679,148.02,7065,1560.27
002869.SZ,20240918,28198,6049.76,21081,4525.51,11581,2485.38,17697,3797.72,6197,1328.9,7916,1696.85,1585,340.28,867,184.24,2643,567.75
002869.SZ,20240913,37031,8104.67,24978,5468.14,15607,3412.6,21714,4748.37,7546,1648.48,13223,2889.89,830,180.79,1099,240.14,354,79.3
002869.SZ,20240912,32802,7332.75,22115,4948.21,18209,4074.31,22012,4921.19,7574,1687.93,14067,3138.24,160,36.13,551,123.48,-6627,-1478.83
002869.SZ,20240911,34891,7867.54,31026,6997.07,18263,4118.19,20336,4585.96,12857,2898.9,15515,3498.34,2842,642.43,1976,445.7,-2493,-560.31
002869.SZ,20240910,41864,9547.93,47071,10756.86,32607,7459.12,32022,7326.96,21842,5016.01,18436,4219.83,3868,889.69,2652,609.1,-1845,-373.27
002869.SZ,20240909,39454,8887.15,28084,6331.41,20796,4678.77,26477,5965.2,9442,2126.33,15321,3444.9,1404,318.23,1214,268.99,-1694,-379.9
002869.SZ,20240906,50944,11842.27,50609,11785.32,40188,9354.88,39322,9151.17,22105,5152.46,23463,5458.73,4014,940.81,3857,895.21,-15113,-3467.19
002869.SZ,20240905,43392,10079.08,40771,9469.42,30536,7100.21,31737,7373.37,14893,3459.27,17945,4175.73,3368,781.72,1736,401.78,12209,2847.14
002869.SZ,20240904,27828,6333.42,25284,5756.39,18416,4191.2,20925,4762.35,8039,1829.62,10059,2287.5,3512,800.68,1527,348.68,-4653,-1055.3
002869.SZ,20240903,40146,9240.51,29964,6900.01,18774,4321.09,25396,5844.61,11351,2611.95,12629,2905.38,1505,344.56,3787,868.12,-2768,-628.03
002869.SZ,20240902,44526,10418.77,34273,8029.7,28927,6771.27,31505,7377.9,18476,4324.26,20716,4834.08,1021,237.03,6456,1509.65,-15460,-3604.02
002869.SZ,20240830,55662,13259.57,56717,13518.59,47158,11236.91,46640,11108.05,32740,7814.38,31461,7510.72,8411,2017.54,9153,2191.04,19985,4763.92
002869.SZ,20240829,40498,9233.99,33150,7572.26,26960,6157.95,32307,7368.76,17414,3980.53,19754,4517.55,4123,945.77,3784,859.66,15608,3571.15
002869.SZ,20240828,38238,8728.41,27839,6361.02,20721,4728.36,27909,6369.75,7493,1710.3,11313,2577.87,3726,853.47,3117,711.9,2498,568.4
002869.SZ,20240827,40474,9386.92,32361,7506.64,23510,5446.3,25436,5895.96,9094,2106.93,16697,3863.28,6734,1557.72,5318,1231.99,-9054,-2092.84
002869.SZ,20240826,51651,12048.21,39481,9219.06,28496,6652.05,33541,7826.87,14630,3416.78,16182,3776.84,3466,805.27,9039,2099.54,-917,-214.66
002869.SZ,20240823,54939,12979.88,37444,8856.72,29108,6877.12,39114,9240.21,19571,4629.21,23613,5573.26,2892,684.95,6339,1500.96,6562,1551.02
002869.SZ,20240822,53924,13075.09,39769,9650.07,38116,9241.05,43960,10662.49,19769,4786.86,26798,6487.62,4052,985.05,5334,1287.85,-1649,-395.71
002869.SZ,20240821,81302,20083.54,84922,21035.04,69961,17329.01,75402,18675.18,50053,12408.59,46112,11416.43,13043,3254.57,7923,1949.05,-13193,-3258.75
002869.SZ,20240820,47551,11424.28,46647,11211.89,38408,9229.01,43621,10481.49,25516,6131.97,20796,4995.86,7039,1692.24,7450,1788.26,-12282,-2948.55
002869.SZ,20240819,91614,22516.61,70730,17396.17,72677,17867.73,87417,21497.09,44296,10886.11,48032,11803.66,16356,4029.92,18764,4603.46,13210,3253.6
002869.SZ,20240816,127488,33991.19,79967,21345.02,90805,24219.39,104500,27897.82,44345,11847.19,64667,17258.76,12988,3452.22,26492,7008.39,-58222,-15578.54
002869.SZ,20240815,76537,21727.14,62437,17778.86,63954,18193.25,65331,18561.83,30870,8804.49,40675,11550.75,3233,912.49,6151,1745.93,-4520,-1136.37
002869.SZ,20240814,76722,22268.01,83558,24274.73,76832,22306.52,76191,22114.89,44526,12937.56,39525,11476.97,8394,2443.06,7200,2088.56,7736,2255.37
002869.SZ,20240813,66266,18550.22,52562,14730.29,51684,14479.61,56524,15825.13,25384,7111.38,30838,8626.28,4057,1134.36,7467,2093.88,-20233,-5624.05
002869.SZ,20240812,61810,17878.52,49952,14468.04,56298,16295.26,53895,15595.01,26514,7670.21,33392,9651.62,2796,809.34,10179,2938.66,-3889,-1076.37
002869.SZ,20240809,58524,16847.8,56107,16168.74,53114,15294.01,58736,16908.04,32188,9264.05,29375,8445.33,6122,1762.25,5730,1646.0,4338,1287.0
002869.SZ,20240808,90057,25709.98,68728,19622.15,73224,20909.23,83627,23872.33,37003,10561.03,47398,13530.18,13288,3786.9,13819,3942.48,-42792,-12179.99
002869.SZ,20240807,95600,28712.12,110274,33205.98,95967,28886.58,89912,27053.81,59555,17978.35,51175,15395.24,11004,3339.63,10764,3261.64,4956,1582.38
002869.SZ,20240806,86017,24738.26,80474,23181.17,78974,22758.63,80206,23084.35,44026,12693.54,41123,11835.23,9217,2638.13,16431,4727.8,-6805,-1940.54
002869.SZ,20240805,111471,32921.7,82561,24410.68,89882,26525.9,95805,28289.91,50939,15028.74,64684,19108.55,11579,3431.6,20822,6098.8,-30198,-8946.53
002869.SZ,20240802,166845,52938.52,115793,36836.2,135510,43035.09,127467,40473.17,79134,25139.66,97362,30862.72,16254,5149.6,57121,18090.79,-56326,-17836.76
002869.SZ,20240801,148028,50028.59,165170,55867.32,145164,49076.62,154128,52080.47,108194,36550.53,109031,36844.32,60611,20507.93,33668,11371.55,4525,1657.66
002869.SZ,20240731,236090,77491.1,157091,51710.85,189474,62335.09,201589,66261.55,127268,41796.87,148047,48741.35,35329,11715.76,81433,26625.07,-55447,-18309.16
002869.SZ,20240730,53827,17759.45,51583,17058.32,49416,16294.97,60973,20129.62,49756,16394.79,60970,20105.45,80325,26595.5,59799,19751.32,-48339,-16059.48
002869.SZ,20240729,75060,22183.19,127203,37867.87,87516,25909.94,137878,41124.94,102041,30357.69,94232,28240.9,149832,45430.89,55135,16648.0,17638,4894.86
002869.SZ,20240726,87148,24050.86,65286,18051.36,71982,19891.62,72803,20101.65,35901,9925.69,47379,13072.53,6964,1936.7,16527,4579.33,-25755,-7111.62
002869.SZ,20240725,92809,25856.19,87531,24430.38,83580,23300.52,89099,24790.2,55452,15415.56,53483,14862.18,14972,4163.19,16699,4652.7,5811,1577.02
002869.SZ,20240724,107725,31520.58,63752,18709.06,84186,24670.27,73765,21644.53,50922,14910.73,55212,16230.68,26730,7817.0,76834,22334.3,-16144,-4859.43
002869.SZ,20240723,142439,44719.71,155575,49151.69,135774,42640.26,175987,55563.72,109881,34673.27,116907,36973.67,135446,43602.73,75072,23946.89,-29746,-9730.9
002869.SZ,20240722,99804,28505.01,112988,32381.77,99715,28516.29,114472,32756.05,68893,19719.11,59325,16938.09,28248,8156.77,9875,2821.27,51612,14880.23
002869.SZ,20240719,83951,23446.48,69049,19326.45,73550,20554.27,78254,21859.48,39863,11137.58,45939,12818.26,12624,3526.34,16746,4660.48,-7770,-2175.59
002869.SZ,20240718,79025,22282.84,68543,19349.66,74362,20984.49,82146,23200.73,42673,12047.25,39665,11183.36,5769,1633.05,11475,3213.87,-3229,-916.19
002869.SZ,20240717,120158,35371.83,85090,25026.31,102602,30138.74,99147,29149.58,52468,15462.41,74077,21808.75,14945,4423.68,31858,9412.02,-60947,-17935.66
002869.SZ,20240716,157190,48804.56,125144,38952.61,139904,43484.77,154741,48120.4,93613,29201.16,97759,30381.76,26520,8254.37,39582,12290.1,-29614,-8972.84
002869.SZ,20240715,126592,38487.13,143225,43621.68,125354,38111.59,163595,49853.12,102256,31141.99,102392,31288.06,94083,29064.09,39074,12041.93,-15025,-5017.58
002869.SZ,20240712,106839,30882.25,80185,23215.58,102879,29768.1,108962,31542.3,50549,14654.4,62347,18034.49,14280,4162.42,23052,6674.79,-24012,-6899.37
002869.SZ,20240711,111464,33154.19,107392,32008.17,122012,36346.23,123576,36794.23,87536,26070.62,76879,22880.32,14072,4191.75,27238,8080.07,-13041,-3823.26
002869.SZ,20240710,137102,40583.87,130145,38531.51,140474,41574.84,142730,42252.72,91692,27121.59,100283,29683.84,30295,9004.6,26406,7816.83,-20120,-5959.83
002869.SZ,20240709,118427,33081.25,114454,32057.74,124516,34873.7,121250,33916.97,80976,22698.59,76830,21492.65,19237,5403.14,30622,8589.32,7747,2199.41
002869.SZ,20240708,106700,30005.44,86127,24248.82,95009,26755.48,100918,28413.33,65164,18364.33,62241,17518.57,13593,3835.32,31179,8779.85,-15889,-4400.36
002869.SZ,20240705,120242,34046.03,118426,33563.21,125162,35428.14,140438,39788.7,100262,28388.45,96907,27444.96,49013,13911.42,38907,10977.17,645,277.47
002869.SZ,20240704,198470,63864.37,123427,40103.61,154126,49845.88,141021,45722.58,98771,32042.44,136704,44007.17,39766,13032.08,89982,28951.41,-65606,-20707.22
002869.SZ,20240703,158948,53820.78,145781,49405.92,153104,51890.55,167752,56868.21,113896,38570.91,125595,42486.98,77976,26327.23,64795,21848.36,14163,5090.6
002869.SZ,20240702,103946,33687.83,96978,31480.7,99718,32343.16,111174,36052.21,70591,22882.24,78670,25493.66,34445,11192.86,21880,7079.51,-5614,-1725.47
002869.SZ,20240701,115560,36682.79,108069,34394.01,111905,35563.0,128672,40909.17,85785,27300.61,83439,26560.21,38992,12489.89,32062,10172.89,-23431,-7247.32
002869.SZ,20240628,148686,48247.86,121058,39354.75,141210,45830.9,135782,44101.03,96131,31271.52,106984,34738.62,44062,14334.15,66264,21490.03,-15642,-4877.95
002869.SZ,20240627,179162,60626.96,163292,55424.78,169406,57479.42,185591,63023.25,133530,45246.41,152300,51620.72,84229,28574.22,65143,21858.25,1185,974.67
002869.SZ,20240626,153892,51702.54,117033,39420.42,143901,48428.09,151279,50942.31,110784,37296.9,126624,42577.91,56364,19073.55,70005,23560.45,-45008,-14933.03
002869.SZ,20240625,165169,56715.37,134797,46275.78,174039,59598.69,165889,56937.39,108690,37313.99,117994,40570.02,54307,18608.24,83526,28453.09,-36551,-12373.06
002869.SZ,20240624,151384,56199.84,125357,46641.61,138054,51231.74,158216,58818.05,102644,38173.38,111693,41496.27,66187,24602.18,63003,23251.21,-16850,-6274.34
002869.SZ,20240621,166747,61759.38,161199,59641.62,160655,59489.19,164071,60718.37,114518,42288.25,129799,47957.93,71805,26479.07,58657,21697.98,19519,7158.68
002869.SZ,20240620,188272,67666.14,143592,51609.08,164196,59035.69,175895,63286.28,127880,46004.6,154684,55600.54,102001,36555.58,108176,38766.1,24889,9157.68
002869.SZ,20240619,106111,35360.63,92092,30748.69,98963,33012.52,115728,38734.45,87919,29338.01,107131,35834.91,85598,28899.51,63641,21292.63,-3287,-1000.3
002869.SZ,20240618,120222,35412.86,104336,30854.26,121012,35597.37,122750,36317.64,102160,30234.26,123823,36679.38,82878,24937.69,75364,22330.9,13677,4292.51
002869.SZ,20240617,58515,16497.13,66922,18883.52,61610,17372.84,89348,25204.77,65180,18374.11,82216,23183.59,132000,37238.81,78820,22211.01,-194053,-54859.51
002869.SZ,20240614,117470,29347.53,124678,31203.07,141607,35537.76,141653,35460.67,106058,26631.68,98845,24775.98,35472,8873.12,35432,8950.37,6165,2017.41
002869.SZ,20240613,125475,30443.18,129768,31636.59,132225,32193.11,132289,32233.1,87958,21466.41,95601,23235.94,41862,10261.45,29861,7258.54,-9585,-2126.6
002869.SZ,20240612,138231,33203.87,123406,29736.04,137939,33221.01,146088,35154.16,106431,25646.47,105655,25442.0,28292,6840.95,35744,8580.09,463,268.64
002869.SZ,20240611,99983,23134.84,117634,27210.57,114418,26420.96,133190,30791.52,100770,23297.71,79440,18374.04,38488,8909.05,23394,5386.44,-14827,-3294.09
002869.SZ,20240607,132111,30885.68,120369,28291.03,136876,32097.01,135899,31888.34,101688,23940.75,100692,23576.81,31562,7443.14,45277,10610.4,-43635,-9946.61
002869.SZ,20240606,160684,39694.96,103454,25582.69,155807,38500.76,132916,32880.39,109102,27010.61,138077,34107.02,42096,10414.05,93243,23050.3,-21549,-5184.76
002869.SZ,20240605,61725,14579.87,49729,11730.87,67797,16006.05,66173,15612.49,61341,14480.43,70700,16705.09,94375,22384.67,98635,23402.56,-101852,-24273.91
002869.SZ,20240604,31600,6732.92,54030,11559.88,45617,9714.21,75131,16078.46,61967,13228.33,77473,16609.79,102887,22169.67,35437,7597.0,-107147,-23287.24
002869.SZ,20240603,56813,11378.01,51181,10311.12,54887,11022.72,77994,15776.93,39622,8007.45,59964,12170.3,63559,13123.02,25742,5272.83,-76260,-15788.02
002869.SZ,20240531,25010,4681.63,26845,5034.74,31099,5828.69,28806,5400.79,14184,2667.24,16230,3042.14,4021,753.84,2432,453.73,12604,2384.41
002869.SZ,20240530,22070,4095.53,16868,3131.65,21406,3972.13,22212,4122.15,11018,2044.9,14911,2764.75,1282,237.23,1786,331.24,-14158,-2625.51
002869.SZ,20240529,30536,5823.51,31976,6119.62,35300,6748.16,32096,6138.99,17274,3310.3,15515,2961.12,5926,1134.55,9450,1796.81,-4008,-741.72
002869.SZ,20240528,31829,6032.77,28213,5362.87,28354,5382.72,27778,5272.01,11131,2122.22,15826,2999.54,3217,610.96,2714,514.25,-12435,-2327.61
002869.SZ,20240527,34594,6579.79,37272,7106.61,39388,7496.77,35518,6766.25,30906,5901.49,25786,4905.54,8615,1630.65,14928,2830.31,1687,334.51
002869.SZ,20240524,21035,3904.62,27898,5189.89,24681,4590.05,24859,4621.02,14881,2780.67,11201,2088.61,4070,759.72,710,135.54,4717,895.22
002869.SZ,20240523,23730,4381.86,16371,3026.39,17434,3219.65,20040,3702.52,5670,1046.91,9734,1793.19,582,106.31,1271,232.62,-6474,-1200.78
002869.SZ,20240522,25040,4702.07,29401,5531.43,28632,5376.19,25347,4769.27,12837,2414.49,14801,2774.3,3946,750.06,906,167.82,4903,928.06
002869.SZ,20240521,20522,3751.7,30234,5535.5,26774,4899.96,22635,4145.25,17819,3271.6,12958,2374.51,2594,478.15,1883,346.15,4905,914.99
002869.SZ,20240520,20864,3728.91,24068,4324.36,19147,3429.89,20288,3632.52,10634,1909.35,7000,1252.03,2749,508.02,2038,367.26,-2053,-371.43
002869.SZ,20240517,12734,2237.41,14808,2604.09,12580,2213.89,11113,1954.92,4071,717.71,3463,610.0,0,0.0,0,0.0,2562,453.76
002869.SZ,20240516,13489,2365.86,11041,1937.59,8966,1574.5,10747,1887.07,2908,511.47,4171,732.18,632,111.34,36,6.34,859,155.35
002869.SZ,20240515,14546,2534.67,10375,1807.85,10812,1882.76,11805,2056.94,3890,676.19,6913,1201.93,0,0.0,155,26.89,-6206,-1075.04
002869.SZ,20240514,14648,2590.72,17538,3103.4,15354,2715.57,13878,2455.18,6233,1103.69,5392,952.29,1373,240.65,800,139.76,-876,-153.97
002869.SZ,20240513,20082,3485.14,14096,2449.87,12901,2240.67,14197,2464.87,4593,797.61,9055,1569.55,0,0.0,227,39.12,-5074,-882.62
002869.SZ,20240510,23489,4223.58,15752,2833.61,17038,3061.75,16940,3045.3,7278,1305.35,11777,2115.96,2416,431.43,5754,1027.25,-4094,-740.4
002869.SZ,20240509,20416,3787.77,17332,3216.98,16410,3043.21,16453,3052.41,6911,1281.53,8831,1635.46,28,5.2,1149,212.87,-5963,-1100.4
002869.SZ,20240508,26412,4958.44,26894,5057.29,19110,3589.19,21974,4129.46,11205,2109.63,7549,1416.7,1187,226.05,1497,279.86,-9204,-1722.46
002869.SZ,20240507,48595,9301.06,29511,5656.69,38331,7338.49,37111,7096.9,23736,4543.93,30740,5883.73,5563,1078.07,18863,3624.22,-13817,-2646.66
002869.SZ,20240506,40132,8103.51,43451,8807.9,46452,9398.85,43382,8795.91,36166,7351.7,34522,6999.22,11482,2352.43,12878,2603.46,6586,1408.6
002869.SZ,20240430,30772,6004.0,26009,5092.28,30525,5977.6,32632,6374.47,12015,2355.26,14478,2832.23,1315,259.56,1508,297.43,-9403,-1834.37
002869.SZ,20240429,35512,6850.34,37295,7215.96,32432,6275.68,33100,6402.41,22462,4342.53,18531,3581.58,4808,932.64,6288,1201.24,1584,309.58
002869.SZ,20240426,33497,6178.84,41880,7743.72,31575,5825.43,31231,5775.8,25161,4672.06,15348,2838.13,4043,747.15,5817,1065.82,4482,853.57
002869.SZ,20240425,26737,4792.04,24230,4343.53,16348,2930.0,19079,3419.26,8694,1557.85,8291,1484.85,0,0.0,179,32.24,-3463,-618.7
002869.SZ,20240424,47201,8367.57,42448,7523.56,33545,5941.01,36913,6538.11,22277,3919.62,20383,3605.73,4352,768.05,7631,1328.87,18970,3360.67
002869.SZ,20240423,32985,5585.51,44453,7552.38,29243,4960.89,35277,6002.34,20416,3486.6,15204,2612.67,15406,2682.63,3115,548.24,-10135,-1754.13
002869.SZ,20240422,24777,3957.04,23246,3713.79,18074,2881.72,18998,3033.25,8085,1295.09,7220,1150.39,528,84.98,2000,321.4,-2406,-377.05
002869.SZ,20240419,31636,5332.1,24201,4080.85,23298,3929.13,23970,4043.37,5817,978.48,13592,2288.31,2813,477.99,1801,305.17,-14056,-2369.51
002869.SZ,20240418,24538,4309.75,25434,4475.06,23158,4076.15,21455,3773.7,6302,1111.26,7154,1256.23,44,7.83,0,0.0,-1798,-312.17
002869.SZ,20240417,30122,5194.17,29552,5100.69,23339,4021.85,25972,4482.97,12945,2239.07,11039,1899.16,1561,270.71,1404,242.97,13514,2327.81
002869.SZ,20240416,35425,5876.42,29286,4861.78,25940,4295.08,28530,4725.93,14657,2424.26,19132,3163.69,7899,1298.15,6973,1142.51,-6467,-1089.79
002869.SZ,20240415,41644,7508.69,39385,7095.18,27642,4974.84,32442,5838.19,10858,1948.1,13346,2400.92,7149,1276.28,2120,373.63,-14564,-2617.72
002869.SZ,20240412,35744,6944.42,34140,6639.13,32506,6320.25,33076,6439.54,16176,3150.12,16803,3257.32,2414,465.23,2820,544.03,5393,1069.03
002869.SZ,20240411,33848,6375.29,22984,4333.94,27125,5112.49,31619,5959.59,10848,2036.93,15706,2951.55,1992,374.4,3504,654.04,-7685,-1437.85
002869.SZ,20240410,49557,9681.87,34458,6739.46,36910,7223.42,40918,7994.27,15020,2935.65,23130,4528.68,6333,1232.29,9315,1810.83,-23913,-4658.19
002869.SZ,20240409,40949,8652.76,31797,6731.67,33615,7116.81,41053,8676.92,19671,4156.65,23609,4995.72,6436,1361.14,4213,883.04,-16569,-3486.55
002869.SZ,20240408,51842,11081.89,52754,11282.32,73022,15624.86,65300,13939.09,34850,7433.27,44868,9600.73,11140,2385.95,7933,1703.83,13932,3057.98
002869.SZ,20240403,54746,10980.6,44022,8889.97,57829,11655.47,55382,11138.42,23263,4670.81,31795,6385.69,5855,1189.83,10495,2082.64,10484,2162.89
002869.SZ,20240402,64009,13444.72,40888,8601.51,57365,12045.31,54506,11459.56,29776,6253.41,50804,10647.98,4863,1019.02,9816,2053.41,-38144,-8002.7
002869.SZ,20240401,58491,12701.83,61333,13346.99,73291,15922.91,68427,14891.85,53564,11646.41,55857,12086.32,10495,2288.81,10224,2234.8,1796,455.47
002869.SZ,20240329,64277,13518.26,60017,12644.78,74394,15651.83,71414,15039.82,50474,10625.64,49038,10302.7,2428,518.0,11103,2326.44,-27684,-5816.19
002869.SZ,20240328,99002,20911.66,87979,18616.46,123538,26062.83,123501,26193.46,91944,19522.3,102066,21583.78,24916,5292.98,25854,5396.07,14724,3195.54
002869.SZ,20240327,50636,9872.83,79552,15751.34,63767,12473.92,90062,17898.42,63207,12475.44,57725,11501.58,71276,14617.7,21548,4288.56,2854,469.26
002869.SZ,20240326,46562,8827.01,64507,12312.41,52812,10031.06,60053,11495.79,34359,6542.81,37476,7172.36,38221,7481.32,9918,1901.64,-43464,-8499.61
002869.SZ,20240325,56459,10450.59,29971,5555.35,35946,6655.29,43808,8119.61,17786,3287.92,28173,5200.99,716,136.68,8955,1654.54,-5639,-1041.54
002869.SZ,20240322,50672,9785.01,56034,10856.49,53083,10260.77,48002,9274.71,35330,6822.42,31346,6047.47,5412,1056.02,9114,1745.56,-30087,-5791.12
002869.SZ,20240321,73311,14144.18,95198,18436.76,79884,15493.96,67730,13127.23,44475,8650.95,32817,6353.02,4297,829.08,6222,1201.16,9139,1876.67
002869.SZ,20240320,108973,21007.62,108659,20902.87,91450,17655.65,74492,14385.41,36174,7012.7,44196,8571.41,7196,1371.64,16446,3187.91,-31930,-6123.03
002869.SZ,20240319,12630,2234.04,28207,5114.82,12760,2259.58,25062,4573.14,14803,2667.16,14550,2661.89,31918,5999.3,4292,810.23,-20240,-3872.07
002869.SZ,20240318,25390,4313.64,25558,4341.42,18266,3105.1,22558,3834.51,10764,1831.15,10027,1704.48,3723,630.51,0,0.0,4030,693.37
002869.SZ,20240315,22438,3669.06,19624,3212.3,13196,2162.72,11673,1910.38,5352,880.41,6495,1061.17,1698,278.7,4892,807.04,11237,1845.27
002869.SZ,20240314,26113,4271.05,22116,3619.53,15185,2482.2,17146,2800.44,3960,648.37,6318,1034.14,1053,170.91,731,118.42,-4763,-777.27
002869.SZ,20240313,27560,4554.2,21913,3624.1,17100,2827.09,19852,3282.98,7448,1234.14,10948,1808.22,731,120.76,126,20.89,-2122,-346.99
002869.SZ,20240312,27894,4556.92,21662,3542.06,20400,3334.72,21809,3565.5,5827,952.15,10684,1743.15,1689,277.49,1655,270.57,8997,1475.13
002869.SZ,20240311,22563,3622.34,20013,3214.42,15644,2515.48,17098,2746.43,5704,917.31,7068,1136.95,4458,720.24,4190,677.57,1666,269.16
002869.SZ,20240308,23510,3725.17,21006,3330.8,17406,2760.29,16272,2580.68,4540,719.95,9303,1472.71,3274,521.16,2149,342.38,-310,-42.0
002869.SZ,20240307,29641,4803.5,28202,4582.38,26569,4312.4,27110,4399.02,10523,1713.01,11139,1804.15,2444,394.07,2726,437.43,-2073,-318.69
002869.SZ,20240306,25898,4135.42,21267,3397.42,16510,2637.6,19997,3195.89,8697,1390.81,8862,1414.71,186,29.88,1165,185.7,4455,714.36
002869.SZ,20240305,28982,4598.88,26823,4256.72,21963,3483.82,21474,3405.33,7412,1172.8,10775,1707.49,715,114.04,0,0.0,-8510,-1349.0
002869.SZ,20240304,35189,5715.82,37629,6121.39,33280,5410.62,27344,4446.92,13063,2125.49,14249,2308.58,441,73.61,2752,448.65,-19794,-3207.24
002869.SZ,20240301,36161,5902.04,40754,6658.71,33370,5457.53,34659,5663.71,19371,3157.89,14787,2410.14,8658,1408.97,7360,1193.87,1700,279.45
002869.SZ,20240229,33067,5081.87,35094,5401.95,26592,4089.73,26631,4096.17,13241,2045.4,13359,2055.27,3049,470.91,865,134.52,5885,912.09
002869.SZ,20240228,49128,7810.83,42514,6777.8,36440,5804.87,40575,6471.39,20048,3178.91,23501,3702.13,6190,977.21,5217,820.49,-18130,-2891.9
002869.SZ,20240227,28916,4658.5,24359,3930.67,22309,3602.5,25133,4054.19,9603,1552.52,10717,1732.27,2097,341.89,2715,438.29,11612,1878.63
002869.SZ,20240226,38238,6065.27,35714,5673.96,31680,5031.76,32957,5226.77,15762,2502.35,16420,2601.68,2611,413.87,3200,510.83,-4048,-635.78
002869.SZ,20240223,42881,6533.17,41312,6327.32,28283,4327.34,29571,4505.02,11285,1732.93,12536,1909.12,5383,812.8,4412,664.78,6197,929.6
002869.SZ,20240222,28296,4059.6,29744,4276.86,26564,3817.3,27474,3945.93,11337,1632.33,15040,2157.06,10305,1483.11,4245,612.5,2966,432.47
002869.SZ,20240221,37109,5214.25,30791,4330.2,27895,3910.45,29329,4116.05,10607,1495.69,15618,2190.1,879,122.92,752,106.95,6407,891.5
002869.SZ,20240220,36245,4910.58,31664,4299.61,29003,3934.27,30940,4189.03,13253,1796.59,22691,3074.33,9572,1297.0,2779,375.47,-2579,-343.61
002869.SZ,20240219,51688,6722.18,38626,5026.65,32818,4269.18,39706,5162.46,21189,2753.75,22606,2938.17,6113,796.89,10870,1414.72,-878,-113.19
002869.SZ,20240208,40562,4744.83,56089,6547.04,41264,4818.93,36566,4299.05,21420,2528.53,15359,1810.6,4768,564.4,0,0.0,10825,1315.57
002869.SZ,20240207,57120,6534.09,74841,8559.53,42121,4813.73,43891,5006.63,33479,3817.28,13297,1521.94,202,23.03,893,100.03,-35343,-4019.12
002869.SZ,20240206,50308,5762.56,63309,7268.91,43286,4977.51,34019,3910.74,19133,2199.88,15498,1767.01,2424,270.98,2325,264.27,-527,-127.36
002869.SZ,20240205,26298,3328.48,24790,3136.69,14665,1848.55,13916,1760.0,7239,907.18,5212,655.26,0,0.0,4286,532.26,8468,1043.78
002869.SZ,20240202,39983,5689.83,35172,5017.15,20038,2825.05,18058,2561.4,9238,1291.59,8592,1205.04,957,128.58,8395,1151.46,3522,446.52
002869.SZ,20240201,35363,5252.12,29221,4346.14,17307,2560.25,16954,2517.2,5915,874.14,6590,974.2,3637,528.58,9457,1377.55,2884,411.41
002869.SZ,20240131,32294,5097.9,28891,4572.91,18722,2952.06,17947,2835.2,8507,1340.63,6384,1009.51,2067,320.98,8368,1293.95,796,88.16
002869.SZ,20240130,19922,3381.54,17598,2989.16,9550,1624.2,10185,1729.06,2577,436.58,4266,724.1,0,0.0,0,0.0,-2557,-433.62
002869.SZ,20240129,18451,3241.59,17242,3030.44,10797,1900.31,9821,1728.69,1370,240.99,3555,623.76,0,0.0,0,0.0,-5387,-952.05
002869.SZ,20240126,19558,3561.23,20694,3768.2,12543,2284.79,11103,2023.74,3143,573.77,2762,502.5,0,0.0,685,125.36,-2700,-486.95
002869.SZ,20240125,30936,5540.37,27541,4927.18,18310,3278.16,20455,3666.92,3746,673.65,4629,832.82,633,115.59,1000,180.84,7487,1357.1
002869.SZ,20240124,21651,3689.82,19034,3249.57,11490,1963.94,13093,2233.58,2664,455.18,3063,523.12,5,0.86,620,103.54,1120,193.24
002869.SZ,20240123,20982,3595.41,19514,3345.68,11545,1978.86,11609,1991.2,6036,1033.99,7040,1203.38,477,81.09,876,149.09,-6638,-1134.61
002869.SZ,20240122,27247,4871.72,20299,3630.85,12869,2287.61,15263,2724.57,4346,771.92,7689,1361.99,4078,727.08,5289,940.93,-4122,-753.64
002869.SZ,20240119,17035,3170.82,18436,3435.0,9989,1859.56,9008,1677.34,4226,794.31,5079,951.13,1272,238.79,0,0.0,-6311,-1173.9
002869.SZ,20240118,28660,5334.87,21891,4079.43,11763,2194.42,16572,3086.74,5902,1099.72,7444,1384.72,582,107.09,1000,185.22,1438,270.84
002869.SZ,20240117,20524,3900.0,15120,2875.86,10205,1938.13,8157,1548.21,3060,579.53,7017,1329.47,1314,248.68,4809,912.82,-191,-33.31
002869.SZ,20240116,21746,4176.77,16886,3246.62,9748,1871.74,9807,1881.26,3745,718.53,7214,1383.04,0,0.0,1333,256.11,-2840,-544.29
002869.SZ,20240115,16456,3188.75,11824,2291.99,8641,1673.95,10805,2093.49,3604,698.96,5631,1091.32,169,32.52,610,117.38,1892,368.35
002869.SZ,20240112,18502,3664.45,17969,3560.78,13246,2626.38,11577,2294.29,2619,517.64,4926,974.17,105,20.77,0,0.0,-8774,-1734.48
002869.SZ,20240111,22935,4542.19,27449,5443.13,17914,3556.84,17471,3465.54,9418,1873.87,6847,1363.73,3000,599.93,1500,300.44,6095,1212.83
002869.SZ,20240110,19349,3731.41,20389,3937.89,11626,2243.0,15437,2981.87,2563,494.1,4733,914.07,10287,2001.56,3266,636.23,-2626,-512.57
002869.SZ,20240109,20340,3999.24,17464,3432.83,12136,2388.67,12032,2366.87,2932,578.61,4708,930.03,0,0.0,1203,236.79,-1946,-377.8
002869.SZ,20240108,22371,4413.48,19989,3944.36,13421,2645.61,13449,2653.0,5047,997.14,8347,1645.02,1805,354.95,859,168.8,-1320,-256.81
002869.SZ,20240105,23954,4801.99,24030,4828.39,17293,3467.89,14569,2919.29,5499,1104.79,7085,1413.65,0,0.0,1061,213.33,-7060,-1418.49
002869.SZ,20240104,29506,6008.92,32056,6535.38,21604,4404.86,22258,4538.25,11083,2261.59,7547,1539.77,1434,294.07,1767,356.04,-2100,-431.12
002869.SZ,20240103,21915,4393.98,13853,2778.3,11219,2249.95,14997,3004.01,3075,615.36,6705,1346.72,0,0.0,654,130.26,-151,-31.69
002869.SZ,20240102,19792,4018.25,18642,3785.63,11466,2328.76,12687,2576.53,3391,688.83,6089,1236.77,2769,563.09,0,0.0,-4664,-945.79
002869.SZ,20251231,17070,3951.55,12541,2905.29,12649,2927.19,13180,3053.52,6508,1507.31,8744,2022.29,626,143.37,2388,548.32,-772,-165.24
002869.SZ,20251230,15862,3675.01,13646,3161.47,13221,3061.86,11701,2710.76,7683,1779.76,11733,2717.21,479,111.29,165,38.49,-3418,-784.62
002869.SZ,20251229,18592,4344.78,12536,2931.68,13515,3159.68,16260,3801.36,8077,1892.68,9853,2303.72,0,0.0,1535,360.38,-11020,-2575.92
002869.SZ,20251226,17688,4214.4,17513,4175.71,17786,4241.38,17051,4067.66,10441,2493.25,11097,2649.3,2000,484.04,2254,540.4,-12577,-2994.51
002869.SZ,20251225,19490,4692.56,24486,5905.34,23789,5739.99,22676,5458.37,14764,3557.73,11802,2850.39,2564,618.61,1643,394.79,-1449,-331.7
002869.SZ,20251224,19765,4718.93,16831,4020.53,21011,5016.51,17364,4148.7,10307,2460.54,13716,3271.07,0,0.0,3172,755.67,-8699,-2062.23
002869.SZ,20251223,27234,6570.68,22807,5500.43,23425,5654.58,22118,5347.33,11318,2729.11,11093,2676.25,1143,273.13,7102,1703.49,-13156,-3151.26
002869.SZ,20251222,30023,7438.18,32912,8157.0,33039,8192.61,31723,7861.81,18002,4463.72,17135,4251.09,4906,1217.25,4200,1041.86,-3404,-822.48
002869.SZ,20251219,37857,9134.48,42759,10333.72,38858,9399.7,37415,9052.33,22086,5337.63,21354,5158.59,11172,2726.59,8445,2053.77,17697,4298.35
002869.SZ,20251218,26275,6059.85,20406,4704.96,17470,4025.34,19333,4455.97,8189,1886.11,10556,2434.64,3335,769.37,4975,1145.1,4991,1147.04
002869.SZ,20251217,37061,8460.56,33986,7761.89,31218,7139.03,30117,6894.88,20595,4710.34,20500,4693.98,1228,283.94,5499,1243.13,-15059,-3408.25
002869.SZ,20251216,41935,9715.4,57733,13372.49,44934,10425.47,42379,9841.11,36611,8519.63,27085,6315.66,10630,2475.11,6913,1606.36,-7042,-1531.37
002869.SZ,20251215,9658,2148.41,8464,1883.29,7882,1751.46,6336,1409.61,2281,505.53,4538,1006.33,217,47.7,700,153.86,-834,-186.05
002869.SZ,20251212,10815,2427.39,11692,2623.31,10636,2386.95,8297,1862.95,4434,994.32,4304,966.41,0,0.0,1592,355.98,-1719,-383.56
002869.SZ,20251211,12450,2818.67,17416,3946.35,10209,2314.33,8974,2036.05,6170,1398.54,1939,437.13,0,0.0,500,112.0,-7615,-1717.82
002869.SZ,20251210,10040,2269.55,9996,2260.12,6639,1501.4,6141,1388.55,1855,419.2,2463,556.23,615,138.74,549,124.0,-1712,-385.35
002869.SZ,20251209,13320,3051.52,12408,2841.1,8563,1960.2,9481,2171.82,6052,1383.95,3501,801.05,0,0.0,2546,581.7,-6740,-1536.78
002869.SZ,20251208,15800,3645.9,11202,2584.26,12710,2933.13,10456,2414.01,6865,1583.27,9376,2163.69,1468,339.97,5810,1340.32,-5020,-1152.47
002869.SZ,20251205,12973,2988.69,10595,2439.12,8286,1908.37,9989,2302.48,2611,600.81,4005,921.42,719,165.15,0,0.0,-3299,-758.14
002869.SZ,20251204,12758,2943.44,10998,2537.87,6499,1497.61,7014,1615.22,3224,742.76,3470,800.53,0,0.0,1000,230.18,-2840,-652.36
002869.SZ,20251203,16440,3844.43,14289,3338.63,11164,2608.55,9940,2327.75,3953,926.49,5359,1253.06,0,0.0,1968,460.03,-1508,-357.55
002869.SZ,20251202,13066,3134.61,14264,3424.56,8396,2014.85,6261,1503.25,4344,1042.39,3064,735.01,1353,325.5,3570,854.52,-4072,-974.64
002869.SZ,20251201,9293,2272.69,11030,2698.55,8011,1959.54,6115,1494.59,3930,959.4,3538,864.33,0,0.0,551,134.17,-3361,-817.4
002869.SZ,20251128,7438,1818.09,6446,1574.7,4870,1189.57,5022,1227.38,2490,608.38,3386,827.68,56,13.72,0,0.0,912,225.12
002869.SZ,20251127,7853,1912.44,6604,1608.47,6590,1604.73,5660,1378.27,2472,601.97,3051,743.36,0,0.0,1600,389.04,1369,334.32
002869.SZ,20251126,9628,2341.16,10293,2503.71,8153,1985.45,6106,1487.6,3529,858.17,3149,766.8,7,1.71,1768,428.38,56,13.33
002869.SZ,20251125,12512,3054.32,11840,2889.92,7814,1904.46,9348,2280.63,4762,1164.83,3900,953.05,0,0.0,0,0.0,-121,-29.35
002869.SZ,20251124,13476,3188.09,11157,2639.96,7024,1661.09,7799,1847.32,2888,682.69,4850,1144.69,1042,246.19,624,146.09,1837,434.78
002869.SZ,20251121,15658,3727.8,12515,2987.51,10247,2442.07,8270,1970.66,5952,1416.6,10338,2452.62,624,147.98,1358,323.68,-2571,-616.78
002869.SZ,20251120,11638,2858.99,10407,2556.99,6154,1512.84,5712,1403.77,3968,976.25,3468,851.41,544,133.82,2717,669.73,2746,679.06
002869.SZ,20251119,17304,4282.98,12527,3104.81,11313,2803.9,8067,1996.38,5944,1473.15,10414,2578.51,400,98.0,3953,978.32,-4463,-1110.09
002869.SZ,20251118,10266,2594.36,10740,2714.76,7503,1895.73,6902,1746.03,5503,1391.54,5268,1329.96,237,59.84,600,150.72,-1460,-370.09
002869.SZ,20251117,13062,3309.45,11740,2975.08,6180,1566.34,6268,1587.98,3064,776.58,3915,991.95,0,0.0,383,97.36,-2283,-573.27
002869.SZ,20251114,21107,5417.0,15180,3896.17,12061,3095.41,11986,3076.86,7423,1905.95,11248,2887.29,0,0.0,2177,558.04,-7518,-1930.11
002869.SZ,20251113,16934,4450.37,13876,3647.26,11467,3013.34,11976,3147.17,8098,2127.3,9130,2399.18,647,170.07,2164,567.46,-4310,-1129.68
002869.SZ,20251112,29077,7632.46,27828,7303.47,22493,5906.02,22460,5894.65,17477,4582.1,14305,3754.73,5378,1405.39,9833,2573.12,-9339,-2428.95
002869.SZ,20251111,47974,12818.93,56188,14984.16,51250,13657.24,48223,12862.51,47787,12718.19,34112,9078.15,13451,3572.44,21940,5841.99,-31489,-8409.66
002869.SZ,20251110,11988,3438.4,14055,4030.66,9949,2851.63,8931,2562.55,5946,1706.34,4864,1396.95,1251,361.02,1284,367.23,-1533,-436.0
002869.SZ,20251107,14940,4253.22,18538,5276.15,15378,4371.75,10935,3108.96,8036,2285.32,6777,1927.59,755,213.78,2859,811.38,-3143,-890.49
002869.SZ,20251106,29408,8308.27,29766,8403.94,25319,7160.08,26275,7433.14,16433,4635.11,16137,4549.19,5130,1450.44,4111,1167.64,16666,4720.8
002869.SZ,20251105,9749,2624.12,10391,2796.94,5805,1562.65,7401,1991.89,6876,1849.05,4695,1262.09,771,206.26,714,191.17,-633,-167.33
002869.SZ,20251104,16695,4530.56,13626,3698.04,9131,2476.23,10693,2901.78,4116,1113.58,4786,1295.56,1207,327.44,2043,552.43,-8350,-2263.03
002869.SZ,20251103,26271,7248.83,23057,6358.16,17616,4857.44,14796,4086.53,11516,3179.11,9036,2509.6,989,278.25,9503,2609.36,-5326,-1457.79
002869.SZ,20251031,24056,6772.68,22491,6342.79,21179,5949.68,18629,5240.32,16174,4532.69,13945,3929.5,4720,1315.02,11064,3057.47,15901,4438.81
002869.SZ,20251030,23818,6596.19,22477,6229.27,21065,5842.71,22089,6120.85,11367,3153.81,13520,3752.45,3271,906.95,1435,397.09,5038,1407.09
002869.SZ,20251029,15385,4208.0,9865,2701.96,11208,3065.6,13336,3644.76,9928,2710.85,10874,2969.37,1387,378.73,3833,1047.1,-11178,-3050.73
002869.SZ,20251028,12726,3554.69,11183,3123.15,8475,2367.48,11813,3301.32,9559,2668.17,6589,1840.76,831,230.7,2006,555.81,1647,460.4
002869.SZ,20251027,19076,5310.75,16099,4482.53,18968,5282.32,18188,5068.25,13539,3770.13,11613,3238.64,2247,627.14,7929,2200.92,-5133,-1422.94
002869.SZ,20251024,17520,4860.28,19151,5325.79,16968,4726.19,17121,4762.86,13694,3814.44,13863,3864.6,5665,1582.0,3712,1029.65,-2095,-600.92
002869.SZ,20251023,12585,3383.89,11605,3123.78,9815,2639.56,9447,2539.55,3456,930.14,4209,1128.9,808,217.36,1402,378.72,-510,-135.48
002869.SZ,20251022,9568,2630.74,9232,2539.99,7724,2124.91,7141,1966.27,5710,1569.71,5226,1437.01,620,172.82,2023,554.91,-5052,-1384.85
002869.SZ,20251021,10223,2819.53,11213,3094.39,7279,2008.03,8820,2431.41,5216,1438.51,3240,895.19,921,255.4,367,100.48,-838,-233.63
002869.SZ,20251020,18012,4950.38,17106,4698.69,11245,3092.68,12396,3416.64,6308,1739.17,5431,1491.23,12,3.25,645,178.92,-4114,-1116.03
002869.SZ,20251017,22474,6260.29,19321,5370.96,18454,5127.52,12875,3598.03,6423,1789.98,11870,3308.46,533,148.72,3818,1049.06,-5994,-1666.08
002869.SZ,20251016,14379,4194.76,18928,5522.76,13343,3892.83,12806,3739.32,10977,3203.31,6164,1798.39,980,288.09,1780,518.53,-9454,-2754.86
002869.SZ,20251015,23531,6990.34,19851,5899.65,17860,5300.09,22583,6695.64,11965,3541.22,9705,2875.58,1623,477.42,2841,838.19,-10430,-3068.15
002869.SZ,20251014,19161,5888.44,19279,5925.52,14551,4495.9,13825,4259.02,13013,3994.69,9267,2850.21,2326,718.11,6681,2062.39,-9008,-2725.71
002869.SZ,20251013,30958,9576.85,31677,9773.25,22023,6804.35,23689,7327.13,16422,5069.29,13761,4262.84,4922,1517.84,5198,1605.11,279,127.44
002869.SZ,20251010,15060,4611.29,19101,5853.56,14630,4482.25,11122,3406.09,5847,1792.28,5369,1645.83,937,288.33,883,268.66,-4333,-1329.26
002869.SZ,20251009,19450,6119.36,25963,8163.71,22441,7062.67,20567,6490.53,15746,4973.43,11700,3688.57,2944,935.44,2351,748.1,-15599,-4887.97
002869.SZ,20250930,24236,7720.58,24565,7823.95,18674,5946.44,20481,6524.91,16292,5183.23,22183,7074.41,27062,8629.31,19036,6056.29,3563,1130.19
002869.SZ,20250929,29041,8992.18,27224,8405.43,22903,7075.99,25572,7909.77,19858,6155.48,24243,7489.7,14676,4525.34,9438,2944.08,16530,5183.4
002869.SZ,20250926,22027,6609.1,18746,5625.61,16344,4898.67,15415,4623.5,14522,4351.8,11874,3560.74,3509,1046.44,10366,3096.15,-7989,-2394.78
002869.SZ,20250925,21114,6518.45,16464,5081.45,16909,5219.73,14976,4624.81,18113,5595.47,11702,3615.36,8977,2771.5,21972,6783.53,-221,-63.04
002869.SZ,20250924,31763,9804.94,25560,7880.58,24668,7585.1,30340,9366.39,21309,6593.16,23127,7143.8,17597,5431.59,16311,5024.02,3215,939.73
002869.SZ,20250923,30569,9074.08,23679,7013.23,28568,8472.66,20735,6156.44,22174,6586.93,26748,7936.62,4878,1452.31,15028,4479.68,4567,1378.53
002869.SZ,20250922,19289,5966.17,15195,4708.61,20417,6315.84,16211,5015.19,15671,4847.55,17122,5291.14,3794,1169.55,10643,3284.17,-3439,-1064.67
002869.SZ,20250919,15390,4869.9,17253,5460.65,16825,5322.72,15883,5025.93,12136,3838.45,9839,3111.52,3233,1025.91,4609,1458.88,-6718,-2119.72
002869.SZ,20250918,24936,8055.54,28481,9211.25,29146,9413.01,27973,9047.35,23999,7755.38,18919,6113.39,8326,2689.55,11034,3541.49,-17395,-5599.85
002869.SZ,20250917,28195,9171.84,37092,12061.31,34344,11162.42,35438,11532.34,31653,10287.18,24612,7999.68,12440,4069.32,9490,3097.44,14110,4622.19
002869.SZ,20250916,22468,7023.9,16987,5315.3,23231,7272.11,21628,6768.21,15268,4782.02,21145,6614.5,2533,790.76,3740,1170.78,-2939,-910.57
002869.SZ,20250915,25369,7984.72,25147,7913.13,24416,7688.8,25788,8119.26,24792,7806.07,21838,6882.16,9935,3137.1,11738,3702.15,-18724,-5876.92
002869.SZ,20250912,25391,8272.37,27426,8936.25,20428,6656.33,20603,6717.93,16269,5298.14,12239,3984.55,2288,747.04,4109,1335.16,-14403,-4690.67
002869.SZ,20250911,39424,12645.3,41041,13177.59,30825,9893.17,42472,13645.08,30814,9907.74,28315,9080.19,17920,5757.52,7154,2300.88,16971,5504.33
002869.SZ,20250910,18040,5539.37,13916,4280.29,14878,4571.55,16798,5160.39,11113,3411.49,12405,3802.33,2403,737.47,3315,1016.86,-2459,-746.82
002869.SZ,20250909,16714,5260.43,17240,5432.56,13966,4398.47,18814,5938.18,17676,5561.53,13498,4254.18,7309,2316.93,6113,1912.45,-12374,-3897.85
002869.SZ,20250908,17595,5583.8,18942,6017.17,18830,5977.09,22925,7281.76,15035,4774.17,13272,4209.86,9646,3073.42,5968,1899.68,-1709,-540.57
002869.SZ,20250905,23723,7304.44,21430,6603.49,22120,6795.92,22984,7072.23,18215,5618.1,23052,7101.48,13506,4184.46,10098,3125.72,16224,4978.18
002869.SZ,20250904,19184,5774.41,20216,6116.65,21082,6356.67,21921,6622.65,18529,5607.44,21036,6364.74,11750,3578.08,7373,2212.57,-12393,-3771.57
002869.SZ,20250903,19519,5949.35,21545,6588.06,18082,5517.89,27169,8293.88,14910,4553.43,17308,5286.62,19264,5905.23,5754,1757.34,-8656,-2643.97
002869.SZ,20250902,34930,10743.3,34078,10503.52,38292,11803.69,31283,9646.01,28957,8935.29,26201,8070.63,9350,2899.17,19967,6161.28,-1654,-493.25
002869.SZ,20250901,35798,11234.93,39625,12503.55,44661,14093.94,50007,15817.87,38667,12233.68,31112,9797.71,10668,3362.76,9050,2806.19,19668,6220.09
002869.SZ,20250829,30046,9328.62,32013,9946.87,37162,11547.4,34346,10667.19,28818,8953.71,27418,8512.51,10424,3229.82,12672,3932.98,9801,3079.09
002869.SZ,20250828,33797,10253.02,50356,15309.43,40275,12215.79,37766,11468.6,34264,10399.6,22330,6777.72,10981,3340.11,8865,2652.78,-2674,-809.43
002869.SZ,20250827,44700,13576.89,53391,16232.23,45177,13695.36,57472,17451.23,46919,14191.21,37838,11461.72,29654,9079.54,17749,5397.83,11499,3446.64
002869.SZ,20250826,25405,7322.71,23071,6676.06,29147,8426.45,29545,8540.88,22376,6468.71,21747,6266.48,6390,1851.19,8955,2585.63,8401,2437.87
002869.SZ,20250825,33787,9785.91,26399,7642.95,29300,8475.93,25194,7295.46,20455,5909.3,21097,6094.35,8973,2594.32,19825,5732.7,3227,927.05
002869.SZ,20250822,15956,4560.32,16558,4733.16,14321,4094.33,15445,4414.6,13634,3895.24,11267,3219.28,782,223.91,1423,406.76,5086,1459.06
002869.SZ,20250821,19659,5534.35,19374,5467.67,15680,4418.73,18931,5338.96,14394,4050.67,13338,3757.12,8706,2467.83,6796,1907.82,870,259.35
002869.SZ,20250820,25345,7060.02,13635,3806.8,17294,4818.62,18361,5120.72,10517,2933.43,15759,4388.3,2108,588.19,7509,2084.42,10255,2864.8
002869.SZ,20250819,18579,5251.16,13785,3900.11,16656,4712.26,17776,5027.18,10100,2859.64,12088,3418.93,500,140.29,2186,617.13,-6527,-1835.16
002869.SZ,20250818,24768,7016.4,24063,6831.79,25625,7263.48,28104,7967.62,19958,5653.94,17894,5063.9,9525,2693.01,9815,2763.51,9442,2699.7
002869.SZ,20250815,15705,4364.81,18386,5114.27,17344,4825.78,15793,4390.07,14850,4133.1,12784,3558.52,4363,1215.48,5299,1476.31,9366,2618.38
002869.SZ,20250814,20076,5578.31,19802,5501.78,19656,5466.59,22874,6360.04,19210,5344.06,17253,4796.63,4140,1146.74,3153,877.25,-3421,-929.64
002869.SZ,20250813,24022,6653.12,29662,8221.83,28741,7960.4,29372,8138.02,25720,7135.02,18894,5235.07,5580,1546.44,6135,1700.07,-9198,-2527.26
002869.SZ,20250812,28654,7955.26,31741,8822.94,29474,8190.35,30068,8354.35,22536,6263.21,23884,6633.21,6188,1722.76,1160,321.08,15244,4252.59
002869.SZ,20250811,23560,6371.71,23460,6355.58,25524,6908.47,24162,6535.89,17582,4750.7,12065,3259.63,2546,691.3,9524,2571.08,9368,2555.15
002869.SZ,20250808,21220,5620.69,21782,5786.41,21820,5788.45,23704,6294.53,16357,4354.12,16250,4309.42,5236,1395.63,2897,768.54,-6935,-1825.74
002869.SZ,20250807,27192,7237.26,27453,7313.29,25412,6766.77,23718,6310.62,17674,4706.84,14084,3748.08,10,2.65,5033,1341.52,6763,1813.27
002869.SZ,20250806,20121,5315.53,24878,6582.06,20864,5520.0,23686,6263.27,18367,4869.96,16982,4493.96,11003,2907.23,4809,1273.43,-494,-125.24
002869.SZ,20250805,17719,4624.53,13732,3586.43,15486,4041.75,16327,4261.8,9262,2418.99,11615,3029.74,172,44.81,965,252.11,-3742,-973.42
002869.SZ,20250804,23274,6095.84,27552,7223.18,25869,6778.8,26088,6837.18,22156,5812.19,16778,4394.3,4481,1175.79,5364,1407.96,-7082,-1849.98
002869.SZ,20250801,34221,8871.27,47963,12425.79,41793,10820.46,39557,10248.03,38024,9888.01,27391,7115.3,16215,4229.99,15342,4020.61,32699,8520.35
002869.SZ,20250731,16892,4246.12,21710,5462.54,18259,4599.49,18850,4745.36,12573,3169.05,7533,1896.61,942,234.48,574,144.63,-6774,-1694.96
002869.SZ,20250730,32277,8093.57,33816,8479.3,29493,7403.44,27874,6995.04,14645,3670.92,11774,2954.27,555,138.03,3506,877.36,-14257,-3571.47
002869.SZ,20250729,59438,15187.98,52182,13328.11,44425,11337.55,49122,12538.4,27163,6924.05,32823,8378.19,6690,1709.64,3588,914.51,23259,5967.3
002869.SZ,20250728,14547,3536.76,15677,3813.89,16984,4131.29,18119,4406.21,8802,2141.71,8535,2074.54,3913,951.44,1915,466.56,6720,1641.95
002869.SZ,20250725,9772,2347.18,10205,2451.72,12572,3019.76,11617,2791.44,8096,1946.15,9191,2207.65,1388,334.2,815,196.47,7809,1880.37
002869.SZ,20250724,10077,2399.68,12138,2892.33,16586,3950.33,13851,3301.35,8382,1998.41,7527,1793.25,1781,424.55,3311,786.03,10057,2398.54
002869.SZ,20250723,12852,3040.96,15338,3632.87,16064,3803.98,13206,3127.88,6661,1577.95,6974,1648.65,391,92.84,450,106.34,-3643,-860.06
002869.SZ,20250722,13877,3286.35,10838,2566.48,13064,3093.82,11394,2697.63,7476,1770.5,8160,1932.39,1399,331.06,5424,1285.23,-6338,-1498.82
002869.SZ,20250721,14264,3432.9,13929,3355.38,15526,3737.57,13041,3141.48,11912,2868.67,9497,2285.93,3147,758.89,8382,2015.25,-8041,-1929.37
002869.SZ,20250718,18295,4412.35,15967,3857.83,14433,3481.57,15129,3657.43,11302,2730.94,9343,2257.51,6084,1475.85,9675,2327.94,4218,1028.41
002869.SZ,20250717,19096,4595.79,26992,6496.72,23069,5546.34,22393,5388.02,16333,3930.44,10337,2491.26,11325,2730.26,10101,2426.82,18807,4532.44
002869.SZ,20250716,17212,4058.5,16506,3895.86,15744,3713.35,17572,4146.62,12976,3059.51,11690,2759.93,8220,1943.73,8384,1972.68,12421,2933.53
002869.SZ,20250715,22874,5283.48,19312,4458.7,21006,4855.23,21076,4875.02,13909,3214.27,14128,3261.97,2306,535.17,5580,1292.46,-7716,-1767.31
002869.SZ,20250714,11397,2692.76,12576,2972.98,12151,2871.6,10638,2516.21,5910,1393.27,5637,1331.74,2325,549.9,2932,686.61,939,227.3
002869.SZ,20250711,13115,3103.95,16359,3872.77,14751,3489.89,15940,3774.05,14707,3478.25,5202,1230.73,4339,1027.18,9411,2221.71,2996,719.03
002869.SZ,20250710,14298,3347.36,23883,5596.34,22456,5261.75,17529,4106.7,9382,2199.2,10812,2537.15,6139,1444.18,52,12.31,9197,2171.41
002869.SZ,20250709,9162,2115.93,8900,2057.25,11010,2544.42,7808,1804.86,5593,1292.8,7171,1655.1,0,0.0,1886,435.94,-933,-215.18
002869.SZ,20250708,10797,2489.44,8880,2046.32,7904,1821.84,8314,1916.86,2566,591.69,3491,805.55,733,168.59,1314,302.83,2536,585.97
002869.SZ,20250707,11584,2648.81,6573,1503.2,8703,1989.51,7326,1675.08,3207,733.46,7501,1714.8,0,0.0,2094,478.71,-2758,-627.61
002869.SZ,20250704,16733,3861.58,12605,2909.89,14309,3301.38,15446,3563.1,6547,1510.51,9367,2159.67,3081,710.88,3252,751.7,-5932,-1366.31
002869.SZ,20250703,9056,2123.7,6778,1589.78,7164,1680.34,6703,1572.34,1888,442.9,4517,1058.99,0,0.0,110,25.83,2397,563.38
002869.SZ,20250702,12334,2884.05,9589,2243.69,9677,2262.07,11080,2590.15,4211,985.44,6052,1413.93,500,116.2,0,0.0,-7274,-1702.43
002869.SZ,20250701,10744,2547.75,10115,2399.75,8619,2044.7,9505,2254.68,3697,877.23,3380,800.99,22,5.2,82,19.45,-4284,-1014.96
002869.SZ,20250630,9899,2362.37,9648,2302.73,8787,2097.06,8888,2121.32,5316,1268.12,4531,1081.29,500,119.5,1434,341.7,2674,639.15
002869.SZ,20250627,11254,2667.36,9684,2295.23,12712,3012.32,10642,2522.97,5523,1308.72,5943,1408.22,1735,411.43,4956,1173.41,3706,879.45
002869.SZ,20250626,13026,3081.42,10712,2534.12,11875,2808.67,12008,2839.98,6018,1423.47,6131,1450.42,1224,287.99,3292,777.04,-3907,-921.05
002869.SZ,20250625,14663,3486.94,13132,3126.06,14688,3493.07,15796,3758.04,8328,1985.22,7436,1766.76,3943,941.68,5258,1256.06,1915,461.12
002869.SZ,20250624,19308,4581.31,17082,4054.43,17490,4150.64,17232,4088.94,7295,1731.69,10662,2529.23,1348,319.68,465,110.72,5772,1374.25
002869.SZ,20250623,11814,2690.64,10227,2332.71,9740,2216.91,11283,2565.6,3314,755.81,3442,784.34,558,128.61,474,109.33,4230,970.36
002869.SZ,20250620,9456,2153.43,8345,1902.49,7185,1636.8,8100,1843.77,2601,592.23,3297,749.21,500,113.0,0,0.0,-2840,-644.91
002869.SZ,20250619,13424,3101.84,11089,2562.31,11858,2740.07,11866,2742.06,3216,741.58,5542,1278.67,474,108.61,474,109.07,-7152,-1649.24
002869.SZ,20250618,9738,2269.91,9123,2128.39,8140,1897.91,8455,1972.33,2942,686.6,1782,415.24,183,42.82,1643,381.27,327,77.76
002869.SZ,20250617,11988,2807.94,14565,3415.44,12596,2953.73,14516,3406.75,5363,1259.11,5421,1272.96,6767,1592.22,2212,517.86,-6645,-1558.15
002869.SZ,20250616,12562,2909.67,9462,2192.52,11798,2732.42,12631,2925.88,3515,813.93,4600,1064.36,22,5.09,1204,278.35,1990,462.25
002869.SZ,20250613,27240,6373.42,16091,3761.3,22396,5237.3,22892,5363.99,9864,2300.01,13705,3198.27,2562,598.02,9374,2185.19,-16564,-3878.68
002869.SZ,20250612,14920,3601.57,11424,2758.21,13958,3369.23,12718,3070.79,5291,1276.89,7407,1788.21,846,204.3,3466,834.77,-16,0.83
002869.SZ,20250611,18108,4398.75,10788,2621.99,16626,4040.32,15082,3665.58,8218,1993.2,11994,2911.63,441,106.28,5529,1339.36,-6711,-1620.77
002869.SZ,20250610,20330,4977.3,15839,3878.51,18473,4526.84,17672,4326.83,8299,2026.82,12346,3021.45,58,14.42,1303,318.59,-11275,-2765.1
002869.SZ,20250609,14766,3676.34,14978,3730.37,16498,4108.3,16803,4184.68,10041,2500.24,9265,2305.69,657,163.98,916,228.12,-1036,-254.96
002869.SZ,20250606,16901,4195.15,16802,4174.07,18750,4656.23,17466,4338.46,6388,1587.52,8373,2078.16,1685,420.09,1083,268.29,-3000,-738.09
002869.SZ,20250605,20692,5121.54,27433,6793.43,23242,5757.41,22545,5585.55,10994,2725.26,6237,1546.08,2192,543.03,904,222.18,-1441,-345.13
002869.SZ,20250604,20146,4957.07,22905,5639.29,21459,5281.99,19042,4687.87,12563,3095.54,11632,2862.69,1115,274.4,1704,419.16,-9399,-2310.45
002869.SZ,20250603,26943,6654.43,25375,6264.91,22851,5641.77,24444,6039.26,14656,3618.01,15328,3786.51,7896,1952.27,7199,1775.79,-11189,-2759.04
002869.SZ,20250530,47537,11872.27,48504,12117.79,42184,10538.93,47290,11813.3,25136,6285.36,19987,5000.03,7445,1907.62,6520,1673.06,-30396,-7585.43
002869.SZ,20250529,31218,7766.77,46855,11781.26,33533,8349.05,48923,12307.44,21446,5386.1,25211,6347.36,41372,10627.66,6581,1693.52,18615,4577.69
002869.SZ,20250528,28195,6716.53,36332,8654.95,30223,7212.61,28123,6727.26,16209,3882.82,10579,2529.88,1597,384.61,1189,284.49,4375,1080.84
002869.SZ,20250527,13145,3029.41,11857,2732.29,8609,1983.86,9020,2079.11,4739,1091.19,5032,1157.56,636,146.14,1220,281.64,-7197,-1657.22
002869.SZ,20250526,24530,5752.35,28056,6583.05,19706,4629.54,19567,4600.96,10605,2503.76,6393,1507.4,223,52.74,1049,246.98,12458,2940.99
002869.SZ,20250523,13136,3018.57,13055,2998.41,10169,2334.66,10337,2375.14,4326,989.07,4239,968.74,0,0.0,0,0.0,-6415,-1467.81
002869.SZ,20250522,15752,3683.08,13066,3053.67,10967,2562.35,11188,2614.1,3415,796.44,5462,1276.36,0,0.0,418,97.73,-5039,-1168.95
002869.SZ,20250521,18135,4289.11,21804,5161.72,17841,4221.79,14730,3487.79,3855,913.66,3322,786.01,821,196.93,796,185.98,-3483,-801.53
002869.SZ,20250520,12122,2869.53,11394,2694.91,9234,2183.17,8100,1917.06,1614,381.76,2484,587.78,0,0.0,992,234.71,-1207,-280.34
002869.SZ,20250519,12101,2881.64,10869,2589.07,7773,1851.92,8340,1986.76,2594,617.33,3279,779.84,20,4.77,0,0.0,356,87.3
002869.SZ,20250516,15884,3801.58,16742,4009.8,14098,3377.58,11775,2820.94,5195,1244.0,5910,1412.73,0,0.0,750,179.7,4625,1116.86
002869.SZ,20250515,9896,2337.1,10737,2536.01,8521,2012.57,8307,1962.71,5491,1296.59,4608,1088.16,853,201.23,1110,260.63,-4963,-1174.2
002869.SZ,20250514,13885,3332.01,10954,2629.35,9378,2250.98,9825,2359.24,2486,596.51,5470,1311.89,1000,240.0,500,119.02,-1648,-393.9
002869.SZ,20250513,14280,3479.02,14886,3627.72,11224,2737.0,9866,2408.61,3869,946.99,3687,901.75,0,0.0,934,224.93,-5455,-1322.17
002869.SZ,20250512,14379,3530.11,11435,2806.77,8459,2076.06,9876,2423.87,2580,633.04,2938,721.5,0,0.0,1169,287.06,2732,671.92
002869.SZ,20250509,12923,3129.14,13021,3153.3,8310,2011.78,7335,1775.43,2166,524.49,2543,615.4,0,0.0,500,121.28,-3369,-815.28
002869.SZ,20250508,15801,3873.06,12229,2997.85,9819,2406.73,11335,2777.4,2518,616.65,3684,902.74,0,0.0,890,218.45,6316,1549.14
002869.SZ,20250507,17137,4164.68,16616,4042.75,12208,2971.57,11919,2899.85,4409,1074.87,4530,1101.12,571,138.18,1260,305.57,-4858,-1176.05
002869.SZ,20250506,15214,3668.59,16684,4026.11,8944,2157.85,7914,1909.02,3328,803.24,2888,694.55,0,0.0,0,0.0,1764,429.58
002869.SZ,20250430,32236,7596.31,26783,6309.25,10683,2514.29,14661,3452.84,4007,941.6,4992,1175.76,1796,421.9,2286,536.24,3196,747.73
002869.SZ,20250429,29631,6843.55,32175,7431.51,24817,5730.42,20462,4726.73,8676,2004.83,11296,2610.95,2625,610.34,1817,419.94,-7861,-1816.19
002869.SZ,20250428,14856,3646.34,15228,3737.99,7983,1960.47,7044,1730.26,2578,632.76,2692,660.52,0,0.0,453,110.8,560,140.58
002869.SZ,20250425,10547,2601.14,9495,2342.2,5560,1372.17,5981,1475.7,1077,266.01,2208,544.71,500,123.3,0,0.0,930,231.14
002869.SZ,20250424,15318,3780.15,13794,3404.52,9829,2426.37,9965,2458.03,2686,662.77,3308,816.74,469,116.36,1236,306.34,-4054,-998.06
002869.SZ,20250423,20318,5027.48,20008,4955.03,13478,3337.59,14509,3592.65,5330,1322.17,4914,1217.17,1469,366.32,1164,288.71,3366,837.78
002869.SZ,20250422,26064,6351.28,22113,5392.76,12458,3037.7,16775,4086.52,7503,1829.21,6095,1486.01,72,17.56,1114,270.45,737,184.04
002869.SZ,20250421,14263,3385.4,15127,3592.76,10530,2500.36,11984,2842.41,3924,932.83,1940,462.15,333,78.73,0,0.0,4833,1145.32
002869.SZ,20250418,9213,2120.55,8176,1883.11,6001,1382.91,6993,1611.78,2408,554.96,2464,566.09,11,2.56,0,0.0,1469,340.13
002869.SZ,20250417,13185,3048.53,11087,2564.66,7943,1838.15,7509,1735.82,2002,462.03,4416,1020.85,0,0.0,118,27.38,216,53.15
002869.SZ,20250416,18097,4178.02,16162,3733.0,10071,2326.94,10077,2325.84,3981,917.55,5342,1229.21,738,169.44,1306,303.91,-1135,-268.7
002869.SZ,20250415,13035,3077.99,10460,2471.86,9057,2139.23,10776,2544.5,2898,684.53,3273,773.05,0,0.0,480,112.34,265,64.53
002869.SZ,20250414,12761,3040.55,12775,3046.64,10548,2514.93,9436,2249.59,2716,647.76,3936,936.5,658,157.6,536,128.1,-1549,-367.68
002869.SZ,20250411,15628,3636.91,13832,3222.17,10429,2427.64,11704,2726.99,3741,871.27,4669,1084.03,1490,349.46,1083,252.08,1777,415.12
002869.SZ,20250410,25837,6027.71,18692,4366.8,15300,3569.92,17938,4182.98,6573,1531.9,10096,2350.31,871,203.14,1855,432.58,1509,352.58
002869.SZ,20250409,26658,5722.86,28466,6140.29,22747,4888.17,23358,5039.98,13202,2851.68,11538,2480.23,4650,1007.03,3895,809.23,3007,634.37
002869.SZ,20250408,29780,6629.7,31283,6991.1,28528,6348.44,24501,5465.75,14519,3226.33,14409,3169.99,559,125.16,3192,702.77,-7661,-1719.06
002869.SZ,20250407,12881,3112.02,8862,2147.61,10255,2484.17,9688,2344.13,5547,1342.16,6659,1606.41,500,119.55,3974,959.76,2041,498.0
002869.SZ,20250403,12322,3282.56,13934,3715.67,10788,2873.49,9809,2612.78,5332,1421.93,4367,1163.15,440,117.77,772,204.15,-2900,-761.27
002869.SZ,20250402,11763,3146.73,17490,4679.6,10801,2889.49,10481,2805.18,5797,1553.52,4893,1307.16,4503,1202.2,0,0.0,-7012,-1872.05
002869.SZ,20250401,12182,3216.82,12113,3200.06,9144,2415.83,10005,2643.67,4289,1133.84,4026,1063.25,530,140.5,0,0.0,2776,736.98
002869.SZ,20250331,13312,3435.79,11694,3020.23,9848,2540.76,8344,2155.36,3049,788.14,5942,1530.55,400,102.16,629,160.7,-1130,-283.53
002869.SZ,20250328,10086,2659.3,9137,2411.16,7397,1951.0,6573,1733.45,4245,1117.73,4901,1289.58,863,227.49,1980,521.31,-6176,-1626.25
002869.SZ,20250327,10481,2778.74,10368,2748.65,7123,1887.93,7302,1935.34,2340,619.3,2737,724.29,464,122.31,0,0.0,-3314,-871.79
002869.SZ,20250326,12940,3456.14,14854,3970.64,11452,3061.77,10246,2740.03,6268,1678.19,6098,1629.64,627,167.97,89,23.75,2083,562.77
002869.SZ,20250325,11603,3095.91,13860,3700.91,10001,2669.85,9257,2472.17,4804,1283.92,3421,912.46,564,151.18,434,115.31,-6073,-1619.08
002869.SZ,20250324,21376,5678.58,17623,4694.92,14599,3881.05,14633,3895.34,7881,2099.44,8465,2243.16,0,0.0,3134,825.65,-4312,-1161.23
002869.SZ,20250321,23919,6576.92,15824,4353.36,15867,4360.48,15635,4297.75,5966,1639.09,12449,3417.15,0,0.0,1844,508.24,-10763,-2963.63
002869.SZ,20250320,12776,3612.04,10760,3043.28,11870,3356.95,10293,2912.37,5098,1444.03,7359,2080.33,492,137.92,1825,514.97,1502,429.84
002869.SZ,20250319,15530,4405.66,13482,3824.87,12916,3664.55,12499,3543.54,8344,2366.62,7533,2137.32,1011,287.72,4288,1218.83,-7463,-2111.63
002869.SZ,20250318,13794,3964.95,11845,3407.78,14016,4031.35,13286,3820.08,5682,1632.67,8030,2306.84,398,115.14,729,209.41,782,232.46
002869.SZ,20250317,13704,3936.27,11908,3421.52,13833,3974.54,13358,3837.33,6496,1866.26,7739,2222.93,1028,295.17,2056,590.46,-6504,-1864.93
002869.SZ,20250314,19854,5661.17,17575,5018.28,17390,4968.84,16094,4597.15,8090,2315.53,10004,2856.58,504,145.04,2165,618.58,-1351,-382.46
002869.SZ,20250313,35682,10160.02,27593,7873.87,27166,7737.28,30165,8592.17,17275,4937.87,19749,5622.88,140,39.17,2756,785.42,-16458,-4718.62
002869.SZ,20250312,22526,6651.14,18048,5330.37,20007,5909.34,20022,5912.09,10810,3192.29,13086,3864.24,456,134.88,2642,780.96,2969,881.75
002869.SZ,20250311,21140,6196.26,24558,7210.46,23085,6775.24,21769,6389.37,15653,4596.83,12821,3759.57,1874,553.36,2604,762.28,-12604,-3691.22
002869.SZ,20250310,32054,9386.54,20592,6031.85,23057,6752.05,23389,6852.04,8779,2569.65,17545,5134.99,1050,308.55,3414,997.9,-4390,-1277.49
002869.SZ,20250307,42601,12831.66,41854,12677.35,44869,13584.85,41992,12702.68,26228,7943.88,26299,7950.25,5507,1683.5,9060,2713.61,-4568,-1332.11
002869.SZ,20250306,43418,13129.21,49878,15090.31,48542,14680.48,47684,14420.03,34042,10294.42,31013,9373.92,7470,2263.96,4897,1483.82,6116,1871.43
002869.SZ,20250305,33364,9782.56,31711,9300.71,33010,9681.67,33878,9938.64,18788,5514.37,20330,5964.33,3052,897.14,2295,672.06,2856,860.95
002869.SZ,20250304,47037,13651.77,51674,15012.47,47520,13795.85,51206,14870.37,30142,8753.58,22983,6651.81,5991,1720.35,4826,1386.91,-12114,-3510.91
002869.SZ,20250303,52247,15314.49,76468,22457.05,58614,17219.56,60727,17938.26,42769,12584.24,36136,10718.33,37433,11240.55,17732,5245.19,-41559,-12455.27
002869.SZ,20250228,30174,8412.64,27299,7612.07,23384,6521.6,23947,6678.72,10606,2952.55,14069,3918.23,1950,545.06,799,222.84,-17883,-4976.91
002869.SZ,20250227,32374,9309.85,28960,8327.33,30687,8824.35,28808,8283.76,12880,3714.78,17020,4905.35,0,0.0,1153,332.53,-20861,-6009.58
002869.SZ,20250226,27449,8018.16,29544,8636.86,30292,8850.65,27020,7900.94,19982,5843.79,17530,5121.98,2072,602.06,5701,1654.88,-8756,-2545.22
002869.SZ,20250225,34131,9927.47,38332,11147.17,33761,9808.55,34363,9997.39,21340,6208.08,21372,6216.63,6874,2013.12,2039,596.05,11805,3430.95
002869.SZ,20250224,26354,7509.89,24074,6873.1,24082,6869.46,19266,5501.29,13954,3980.75,16130,4592.07,1693,482.5,6615,1876.15,-4171,-1188.26
002869.SZ,20250221,25067,7133.67,20978,5977.93,21650,6165.58,22153,6311.28,14894,4244.57,11932,3388.62,819,234.55,7366,2100.54,5049,1435.78
002869.SZ,20250220,19024,5393.5,15038,4265.38,14913,4229.57,15588,4420.26,7695,2183.61,9874,2800.65,0,0.0,1132,320.38,-204,-54.73
002869.SZ,20250219,24352,6926.34,20654,5875.4,17296,4918.48,17765,5052.3,7292,2073.12,8729,2482.7,1534,437.11,3327,944.66,-168,-44.66
002869.SZ,20250218,36609,10403.31,22008,6256.88,19828,5644.7,26560,7549.5,10657,3036.33,17590,5007.64,1830,522.34,2767,792.66,-4722,-1344.18
002869.SZ,20250217,56744,16554.25,28818,8413.9,31668,9235.25,33480,9775.82,14817,4315.23,26819,7821.35,9190,2679.85,23302,6773.51,3088,896.53
002869.SZ,20250214,42846,12779.66,37032,11076.22,37125,11108.58,39112,11707.35,33517,10043.23,32960,9849.99,7932,2382.0,12316,3679.91,-6008,-1741.36
002869.SZ,20250213,46704,14127.03,59241,17938.45,52767,15985.7,61613,18648.47,44262,13394.92,36836,11132.12,20337,6148.27,6380,1936.88,26056,7917.14
002869.SZ,20250212,22684,6574.56,20110,5830.92,19475,5645.84,24097,6985.42,12001,3478.98,12366,3584.64,4629,1343.07,2216,641.48,5956,1730.62
002869.SZ,20250211,28532,8248.96,20706,5989.48,23237,6719.16,27503,7951.95,11814,3417.7,17542,5071.04,7485,2162.29,5316,1535.64,-5148,-1476.38
002869.SZ,20250210,25668,7433.87,35444,10280.83,31532,9142.21,33966,9844.87,22172,6430.56,17940,5195.61,10897,3157.01,2919,842.34,-8258,-2378.58
002869.SZ,20250207,47557,13609.26,46330,13262.16,46500,13302.41,46408,13279.62,24439,7000.18,28034,8008.67,7618,2173.59,5341,1534.99,-4664,-1334.14
002869.SZ,20250206,24138,6610.87,32259,8865.97,29101,8002.21,24869,6831.94,14438,3975.02,12528,3447.61,5627,1565.1,3648,1007.68,7412,2064.64
002869.SZ,20250205,27050,7202.79,27227,7249.18,20383,5426.44,24084,6405.92,10059,2676.54,10846,2882.16,9189,2430.45,4524,1198.96,15048,4006.12
002869.SZ,20250127,15101,3935.14,13660,3562.65,11735,3059.78,10122,2636.46,3139,818.09,5578,1448.97,2000,516.4,2615,681.34,-6074,-1571.85
002869.SZ,20250124,17636,4564.39,17652,4575.26,16130,4178.88,17587,4557.65,6203,1614.33,5114,1326.17,1237,324.23,854,222.75,5808,1512.81
002869.SZ,20250123,19352,5070.12,15090,3952.83,15453,4047.04,14698,3848.94,6317,1656.99,8851,2317.27,1367,360.96,3851,1016.07,1082,302.74
002869.SZ,20250122,16259,4243.8,13739,3587.46,12229,3190.27,11597,3027.09,4770,1244.09,5126,1335.86,381,99.44,3177,827.21,-2891,-751.58
002869.SZ,20250121,19062,4996.46,16922,4436.35,15446,4048.96,14543,3810.43,6323,1656.35,7505,1966.65,992,261.41,2854,749.75,-1066,-271.63
002869.SZ,20250120,27120,7109.72,23294,6110.28,19716,5167.53,22656,5935.71,8703,2282.08,10833,2840.3,3547,932.08,2303,605.12,8714,2290.38
002869.SZ,20250117,30738,7983.38,35424,9203.86,29442,7654.97,24133,6284.53,15097,3938.34,15088,3923.0,4020,1039.43,4652,1204.73,-3977,-994.49
002869.SZ,20250116,16950,4342.71,14928,3827.07,14879,3814.21,16647,4266.24,7965,2042.75,7076,1815.49,493,126.55,1636,417.42,2355,609.4
002869.SZ,20250115,17944,4568.51,16494,4200.65,16014,4077.2,17990,4580.56,6278,1599.29,6408,1632.38,1563,399.68,906,231.08,906,234.77
002869.SZ,20250114,20926,5229.41,23660,5915.77,22063,5517.15,21292,5328.97,9536,2396.01,8409,2107.05,836,209.21,0,0.0,10418,2618.81
002869.SZ,20250113,17790,4280.89,16860,4058.07,12036,2897.89,12762,3068.92,5496,1320.58,6025,1449.68,1692,402.58,1367,325.27,2378,582.49
002869.SZ,20250110,28210,7061.02,34366,8609.07,24031,6021.72,21247,5325.33,10671,2684.91,8352,2102.05,2655,672.38,1602,403.58,-11932,-2952.22
002869.SZ,20250109,20419,5069.12,18780,4663.42,14739,3660.52,16070,3990.44,5961,1480.74,5800,1440.57,0,0.0,468,115.95,1327,334.24
002869.SZ,20250108,22958,5601.4,26314,6427.0,18650,4556.16,16643,4070.25,7509,1841.08,6559,1600.47,1424,352.02,1025,252.94,-4697,-1145.58
002869.SZ,20250107,25500,6123.95,21194,5096.35,16240,3902.7,17040,4094.44,5034,1211.37,7642,1832.85,0,0.0,898,214.39,13368,3216.77
002869.SZ,20250106,22733,5366.29,17350,4094.63,14575,3438.15,16412,3873.35,6295,1483.59,7865,1857.58,0,0.0,1975,462.47,1157,275.5
002869.SZ,20250103,27028,6750.83,20374,5097.78,19038,4749.91,19700,4914.14,10819,2699.53,13413,3335.34,500,120.0,3898,973.01,2294,554.79
002869.SZ,20250102,18572,4874.47,15883,4174.47,13977,3668.95,15230,4001.21,10059,2645.85,11995,3144.83,500,131.25,0,0.0,-1589,-409.81
