ts_code,trade_date,buy_sm_vol,buy_sm_amount,sell_sm_vol,sell_sm_amount,buy_md_vol,buy_md_amount,sell_md_vol,sell_md_amount,buy_lg_vol,buy_lg_amount,sell_lg_vol,sell_lg_amount,buy_elg_vol,buy_elg_amount,sell_elg_vol,sell_elg_amount,net_mf_vol,net_mf_amount
300552.SZ,20161230,3072,1761.5,1844,1057.55,3072,1761.11,3252,1864.95,598,343.68,1647,943.78,0,0.0,0,0.0,-1110,-635.52
300552.SZ,20161229,2265,1320.61,2034,1188.67,2639,1541.2,2618,1528.28,694,404.56,945,549.43,0,0.0,0,0.0,-1184,-687.57
300552.SZ,20161228,2466,1448.93,1752,1030.48,2822,1658.38,2323,1365.0,401,235.51,1813,1065.0,200,117.66,0,0.0,-573,-334.61
300552.SZ,20161227,2233,1325.01,1815,1077.24,2888,1713.8,2573,1527.43,831,493.1,1259,746.8,0,0.0,306,180.45,-884,-523.94
300552.SZ,20161226,3953,2294.82,5137,2999.0,5888,3430.32,5363,3121.27,2703,1583.93,2150,1248.49,105,59.68,0,0.0,776,450.44
300552.SZ,20161223,7392,4447.77,3818,2291.54,6450,3882.57,7424,4471.6,1462,881.99,3834,2311.8,54,31.81,282,169.22,-4633,-2803.79
300552.SZ,20161222,2897,1787.56,2796,1729.46,4386,2709.97,3774,2330.68,1933,1196.56,2290,1413.38,0,0.0,356,220.58,-329,-198.02
300552.SZ,20161221,4017,2472.25,4504,2784.55,5054,3116.31,5357,3306.19,3846,2381.02,3055,1878.83,0,0.0,0,0.0,356,231.58
300552.SZ,20161220,2807,1730.17,2360,1456.4,3136,1933.94,3385,2086.57,1602,987.41,1860,1145.61,289,178.21,229,141.15,-1422,-874.37
300552.SZ,20161219,3305,2035.51,2734,1685.42,4235,2610.56,4432,2731.54,1465,903.43,1859,1144.74,282,173.28,262,161.08,-1635,-1002.02
300552.SZ,20161216,3893,2414.11,3381,2101.02,5482,3404.0,4308,2674.85,1696,1052.32,3212,1990.52,1,0.62,170,104.67,-1512,-932.57
300552.SZ,20161215,4755,2947.11,7116,4417.14,7558,4690.24,6460,4007.71,3821,2374.49,2960,1837.18,563,349.69,160,99.5,4182,2603.16
300552.SZ,20161214,5555,3396.92,5192,3180.05,7141,4375.57,6876,4206.63,2527,1543.35,3123,1908.72,141,85.58,173,106.02,1702,1056.98
300552.SZ,20161213,5770,3534.05,5513,3382.83,6253,3830.79,7163,4385.86,4049,2475.03,2860,1745.56,203,125.85,739,451.48,-23,-11.14
300552.SZ,20161212,12495,8029.09,6960,4483.25,10629,6822.79,9633,6186.81,4890,3140.82,10260,6607.19,842,543.41,2003,1258.86,-7304,-4696.36
300552.SZ,20161209,8720,6013.26,4348,2996.61,6986,4816.87,8083,5572.66,4332,2986.73,7032,4849.56,0,0.0,575,398.02,-5149,-3554.34
300552.SZ,20161208,5818,4154.54,6095,4366.4,6916,4946.5,7288,5216.66,5042,3611.71,4878,3483.51,1182,848.84,696,495.03,-1151,-812.27
300552.SZ,20161207,6607,4628.12,5309,3730.4,6758,4739.89,7089,4969.52,3997,2805.49,4801,3360.14,38,26.34,201,139.77,-1774,-1235.02
300552.SZ,20161206,5947,4264.71,7198,5171.25,6933,4975.29,6952,4988.58,6156,4426.05,4523,3243.56,247,176.01,610,438.68,226,169.14
300552.SZ,20161205,6101,4284.89,4007,2820.28,5884,4134.21,5122,3601.67,3448,2422.04,5059,3552.25,329,229.62,1574,1096.55,530,375.15
300552.SZ,20161202,11058,8044.05,5737,4170.32,8239,6006.11,9623,7010.59,6610,4814.09,9650,7014.11,1821,1318.06,2718,1987.3,-7325,-5326.56
300552.SZ,20161201,5496,4087.1,6349,4729.15,6512,4847.13,6416,4771.68,5698,4243.54,5063,3767.34,752,555.75,630,465.35,456,355.31
300552.SZ,20161130,5075,3741.35,5544,4094.37,6277,4630.41,5735,4232.89,4938,3651.79,5217,3848.14,473,349.5,267,197.63,-254,-183.79
300552.SZ,20161129,13785,10319.99,7015,5257.91,9830,7366.07,10022,7510.74,4513,3390.93,10028,7510.03,150,111.24,1213,909.56,-6331,-4738.4
300552.SZ,20161128,14133,10903.18,6384,4931.01,11484,8868.37,11290,8729.68,7070,5471.69,12536,9681.08,658,507.51,3135,2408.98,-8879,-6833.24
300552.SZ,20161125,11384,8861.29,12036,9416.54,13254,10360.8,12407,9692.47,12435,9714.36,10988,8566.95,1122,878.61,2763,2139.09,-104,-28.73
300552.SZ,20161124,9949,7819.62,11443,9017.99,13201,10397.35,12137,9556.98,13245,10444.76,13000,10233.14,1169,918.56,985,772.18,224,197.7
300552.SZ,20161123,16023,12665.48,9805,7759.05,16050,12705.88,13837,10949.35,13184,10445.77,17740,14036.38,1706,1348.81,5580,4421.16,-2983,-2338.56
300552.SZ,20161122,15249,12105.58,25120,19956.45,22783,18145.65,26455,21118.67,24291,19367.07,19422,15444.07,11326,9032.11,2653,2131.22,5517,4374.18
300552.SZ,20161121,14485,10910.82,12450,9383.05,12081,9101.87,13528,10194.22,8775,6616.82,9129,6874.09,1442,1081.4,1676,1259.55,-4392,-3297.25
300552.SZ,20161118,14296,11014.0,11776,9084.77,14490,11178.87,13940,10755.21,9594,7406.27,11496,8863.35,957,737.75,2125,1633.55,-4995,-3841.26
300552.SZ,20161117,19428,15105.09,25761,20105.79,21558,16831.22,19420,15138.67,17872,13959.28,14573,11356.58,3015,2358.5,2120,1653.05,-1255,-941.04
300552.SZ,20161116,37337,29445.88,34015,26762.55,30125,23815.95,29643,23443.9,18903,14901.45,20830,16461.39,3183,2511.36,5061,4006.79,-14933,-11823.39
300552.SZ,20161115,37724,31775.3,34364,29043.25,66867,56350.66,115172,96982.97,40753,34340.12,1657,1382.85,9584,8078.02,3735,3135.03,3296,2754.73
300552.SZ,20161114,0,0.0,685,555.22,0,0.0,1365,1105.87,35,28.36,0,0.0,2015,1632.73,0,0.0,-2050,-1661.09
300552.SZ,20161111,0,0.0,1132,833.7,0,0.0,27,19.87,80,58.93,0,0.0,1079,794.64,0,0.0,-1159,-853.57
300552.SZ,20161110,0,0.0,167,111.99,0,0.0,0,0.0,0,0.0,0,0.0,167,111.99,0,0.0,-167,-111.99
300552.SZ,20161109,0,0.0,399,242.69,0,0.0,36,21.93,0,0.0,0,0.0,435,264.63,0,0.0,-435,-264.63
300552.SZ,20161108,0,0.0,235,129.94,0,0.0,0,0.0,0,0.0,0,0.0,235,129.94,0,0.0,-235,-129.94
300552.SZ,20161107,0,0.0,269,135.25,0,0.0,48,24.39,145,72.95,0,0.0,172,86.68,0,0.0,-317,-159.63
300552.SZ,20161104,0,0.0,140,64.04,0,0.0,13,6.17,153,70.21,0,0.0,0,0.0,0,0.0,-153,-70.21
300552.SZ,20161103,0,0.0,150,62.21,0,0.0,12,5.15,0,0.0,0,0.0,162,67.36,0,0.0,-162,-67.36
300552.SZ,20161102,0,0.0,66,24.95,0,0.0,13,5.1,79,30.05,0,0.0,0,0.0,0,0.0,-79,-30.05
300552.SZ,20161101,0,0.0,51,17.52,0,0.0,0,0.0,51,17.52,0,0.0,0,0.0,0,0.0,-51,-17.52
300552.SZ,20161031,0,0.0,30,9.37,0,0.0,0,0.0,30,9.37,0,0.0,0,0.0,0,0.0,-30,-9.37
300552.SZ,20161028,0,0.0,19,5.37,19,5.37,0,0.0,0,0.0,0,0.0,0,0.0,0,0.0,-19,-5.37
300552.SZ,20161027,0,0.0,18,4.65,18,4.65,0,0.0,0,0.0,0,0.0,0,0.0,0,0.0,-18,-4.65
300552.SZ,20161026,0,0.0,13,3.05,0,0.0,0,0.0,13,3.05,0,0.0,0,0.0,0,0.0,-13,-3.05
300552.SZ,20161025,0,0.0,8,1.71,0,0.0,0,0.0,8,1.71,0,0.0,0,0.0,0,0.0,-8,-1.71
300552.SZ,20161024,0,0.0,32,6.22,0,0.0,0,0.0,32,6.22,0,0.0,0,0.0,0,0.0,-32,-6.22
300552.SZ,20161021,10,1.61,96,16.79,1,0.15,0,0.0,85,15.02,0,0.0,0,0.0,0,0.0,-96,-16.79
300552.SZ,20171229,1468,376.91,1603,412.19,2197,564.3,2177,559.06,616,158.66,501,128.61,0,0.0,0,0.0,-183,-46.63
300552.SZ,20171228,2268,578.45,1624,415.27,2379,607.6,2704,689.89,331,84.77,655,166.94,5,1.28,0,0.0,55,14.75
300552.SZ,20171227,2262,578.29,2318,594.07,2337,597.97,2090,534.19,342,87.87,533,135.87,0,0.0,0,0.0,-731,-186.13
300552.SZ,20171226,1598,403.22,1774,448.15,2350,593.61,2065,521.07,340,85.86,449,113.46,0,0.0,0,0.0,875,221.69
300552.SZ,20171225,2694,676.55,1422,358.31,2204,554.12,1942,488.64,139,34.6,1233,308.18,0,0.0,440,110.13,-1041,-262.04
300552.SZ,20171222,1325,341.67,1039,268.13,947,244.21,1107,285.21,350,89.96,476,122.51,0,0.0,0,0.0,-244,-62.4
300552.SZ,20171221,1622,414.5,1790,459.6,2045,523.66,1709,436.13,257,65.59,425,108.02,0,0.0,0,0.0,-442,-111.23
300552.SZ,20171220,2667,696.0,1862,487.12,1698,442.84,2438,634.81,120,30.98,185,47.89,0,0.0,0,0.0,-1583,-412.68
300552.SZ,20171219,1417,375.21,1530,405.17,1414,374.51,1302,344.72,67,17.68,66,17.51,0,0.0,0,0.0,286,76.18
300552.SZ,20171218,1917,504.33,1248,328.36,1028,270.4,1745,458.82,248,65.15,200,52.7,0,0.0,0,0.0,-1464,-385.17
300552.SZ,20171215,2006,534.37,2058,548.86,1641,437.4,1583,421.63,218,58.2,223,59.48,0,0.0,0,0.0,-7,-1.02
300552.SZ,20171214,2378,630.19,1742,463.05,2049,543.52,1657,439.65,0,0.0,907,238.96,0,0.0,121,32.06,-222,-59.11
300552.SZ,20171213,2274,601.02,1961,519.88,2125,561.85,1781,471.47,827,219.13,545,143.63,0,0.0,938,247.03,724,190.26
300552.SZ,20171212,2163,570.57,1550,408.86,1899,500.42,2181,574.62,170,44.92,501,132.43,0,0.0,0,0.0,-943,-248.09
300552.SZ,20171211,2942,789.95,2776,744.74,2870,769.73,3130,840.97,1174,316.78,1081,290.75,0,0.0,0,0.0,-700,-187.65
300552.SZ,20171208,1997,518.88,2095,545.32,2416,628.55,1874,486.93,0,0.0,444,115.18,0,0.0,0,0.0,1114,291.29
300552.SZ,20171207,1736,446.37,1821,468.76,1738,447.23,1622,417.06,278,71.56,309,79.33,0,0.0,0,0.0,-622,-159.46
300552.SZ,20171206,1823,461.3,1995,505.93,2882,730.68,2346,594.23,663,168.55,1027,260.38,0,0.0,0,0.0,790,202.37
300552.SZ,20171205,4049,1045.47,2193,567.98,3149,812.17,3442,892.04,254,66.42,1410,362.38,0,0.0,407,101.66,-2775,-711.52
300552.SZ,20171204,1415,385.12,1367,372.29,1529,416.11,1745,474.42,849,229.97,681,184.5,0,0.0,0,0.0,-1025,-279.62
300552.SZ,20171201,2316,636.23,2111,580.31,2715,746.2,2268,622.71,315,86.62,967,266.03,0,0.0,0,0.0,-649,-177.87
300552.SZ,20171130,4201,1165.98,3770,1048.1,4041,1123.66,4052,1127.62,736,203.89,762,211.58,606,163.52,1000,269.75,648,173.63
300552.SZ,20171129,1608,433.41,1652,445.77,2007,541.56,1964,529.54,231,62.28,230,61.95,0,0.0,0,0.0,-462,-124.73
300552.SZ,20171128,1729,463.59,1891,508.11,1976,531.74,1826,490.46,92,24.97,80,21.72,0,0.0,0,0.0,478,129.66
300552.SZ,20171127,2110,564.51,2048,548.98,1949,521.42,2003,535.04,200,53.95,208,55.88,0,0.0,0,0.0,-673,-178.58
300552.SZ,20171124,2997,802.6,2500,672.57,3852,1033.75,3430,922.89,472,127.64,1391,368.53,0,0.0,0,0.0,-1300,-347.64
300552.SZ,20171123,5835,1651.64,3879,1098.63,6285,1781.87,5803,1642.75,2742,781.3,3324,942.73,0,0.0,1856,530.7,-1149,-320.91
300552.SZ,20171122,2414,655.67,3391,926.56,3654,995.08,4253,1161.76,2972,818.44,1714,469.31,319,88.43,0,0.0,1352,376.54
300552.SZ,20171121,2499,669.96,2427,652.72,3134,842.55,2313,621.33,1371,367.1,1865,500.19,0,0.0,399,105.38,833,226.32
300552.SZ,20171120,2881,755.33,2457,647.11,3011,791.88,2656,696.94,560,147.85,1339,351.01,0,0.0,0,0.0,750,198.77
300552.SZ,20171117,6323,1740.78,3101,854.61,4527,1244.37,6103,1680.97,1569,438.42,3215,887.99,0,0.0,0,0.0,-2556,-700.07
300552.SZ,20171116,2005,577.24,1792,516.37,2428,699.03,2334,671.67,472,135.84,779,224.07,0,0.0,0,0.0,-1243,-357.11
300552.SZ,20171115,2501,724.06,2146,621.81,2987,864.39,2858,826.54,697,201.59,1182,341.69,0,0.0,0,0.0,-1161,-334.87
300552.SZ,20171114,4925,1447.9,3109,914.71,5793,1703.17,6197,1820.8,1236,363.17,2507,736.87,0,0.0,141,41.86,-2344,-688.37
300552.SZ,20171113,3633,1094.2,2610,786.8,3414,1028.76,3866,1164.21,597,179.81,1168,351.74,0,0.0,0,0.0,-1882,-566.13
300552.SZ,20171110,4251,1287.63,2966,900.0,4217,1278.25,4925,1492.42,1405,426.44,1981,599.91,0,0.0,0,0.0,-1228,-371.29
300552.SZ,20171109,2821,853.7,3717,1127.06,3998,1212.39,3635,1102.22,1098,333.69,566,170.5,0,0.0,0,0.0,484,148.73
300552.SZ,20171108,4522,1364.59,5256,1588.04,5801,1753.24,5160,1559.96,1768,535.93,1675,505.76,0,0.0,0,0.0,-1447,-437.88
300552.SZ,20171107,4157,1221.06,3761,1106.63,3385,995.84,4255,1249.55,1659,488.03,1185,348.75,0,0.0,0,0.0,-635,-182.41
300552.SZ,20171106,3804,1117.92,3547,1043.71,3228,950.62,3937,1157.97,1304,383.8,852,250.67,0,0.0,0,0.0,1488,439.03
300552.SZ,20171103,5141,1504.68,3882,1137.09,5892,1725.97,5542,1619.53,1623,475.22,3232,949.26,0,0.0,0,0.0,-2033,-597.74
300552.SZ,20171102,6331,1876.63,4902,1454.4,7026,2080.99,6509,1929.56,1477,438.23,3273,967.36,0,0.0,150,44.52,-1376,-411.48
300552.SZ,20171101,4886,1494.13,4153,1271.53,5192,1588.49,5321,1628.29,1002,307.49,1606,490.29,0,0.0,0,0.0,-1798,-547.13
300552.SZ,20171031,5380,1641.44,4808,1468.34,6116,1866.03,6403,1954.25,1819,557.0,2104,641.89,0,0.0,0,0.0,184,57.81
300552.SZ,20171030,11514,3614.67,6784,2135.25,11161,3509.61,12018,3775.05,4632,1456.39,7770,2442.99,62,18.73,797,246.1,-3991,-1274.66
300552.SZ,20171027,7330,2488.12,5118,1737.98,9110,3093.57,8962,3045.24,2295,781.09,4839,1642.54,482,164.75,298,101.77,-3491,-1179.12
300552.SZ,20171026,10870,3730.54,6963,2391.57,9946,3412.96,9838,3374.58,3331,1142.03,4677,1604.19,326,110.84,2995,1026.03,-5891,-2022.21
300552.SZ,20171025,9175,3207.71,6912,2428.02,9506,3334.96,12050,4219.45,4551,1595.69,4488,1568.55,518,182.7,300,105.02,-2822,-982.76
300552.SZ,20171024,9988,3555.03,6688,2381.39,8818,3140.92,9475,3372.17,3128,1114.37,5134,1827.76,0,0.0,637,229.0,-3876,-1375.92
300552.SZ,20171023,8076,2876.78,8909,3180.62,10466,3728.15,10340,3692.76,4293,1542.64,4406,1570.32,820,296.14,0,0.0,2860,1039.41
300552.SZ,20171020,14977,5331.78,10222,3642.0,13558,4824.1,15838,5642.29,6559,2339.14,7131,2540.55,0,0.0,1903,670.18,-3717,-1328.74
300552.SZ,20171019,14935,5592.54,7976,2998.35,14565,5443.3,14093,5280.46,5187,1944.9,11177,4165.54,916,343.1,2357,879.5,-6818,-2547.98
300552.SZ,20171018,17996,6944.42,12005,4642.42,18579,7185.36,19695,7616.74,9192,3564.04,12406,4793.69,1157,447.87,2818,1088.82,-9976,-3845.93
300552.SZ,20171017,18592,7343.18,21064,8312.1,26684,10520.85,26494,10468.58,16328,6471.24,14890,5889.44,1826,726.59,980,391.75,1607,667.61
300552.SZ,20171016,19788,7206.56,18306,6720.7,23382,8580.01,20377,7454.52,9336,3431.81,13916,5071.21,1901,698.81,1808,670.76,-6440,-2286.1
300552.SZ,20171013,17934,6852.76,20448,7825.69,22116,8427.26,24607,9407.9,12996,4965.94,12690,4828.26,6150,2370.25,1451,554.36,8634,3318.14
300552.SZ,20171012,13459,4926.27,8517,3125.53,14947,5482.32,15968,5856.85,6601,2419.14,9122,3343.05,572,208.7,1972,710.99,-5603,-2038.07
300552.SZ,20171011,18822,7056.35,12566,4732.99,18792,7070.55,17948,6751.49,10586,3993.85,13695,5155.58,2066,803.18,6057,2283.88,-10811,-4020.84
300552.SZ,20171010,24500,9557.24,24807,9696.89,30566,11939.13,29732,11622.54,19989,7814.61,22450,8764.91,7416,2942.17,5483,2168.83,1660,644.46
300552.SZ,20171009,10534,3675.88,15557,5489.44,12989,4539.79,14183,4988.54,8441,2982.62,7052,2488.66,5789,2106.72,962,338.38,5761,2042.98
300552.SZ,20170929,12482,4255.72,6432,2204.78,8770,2994.07,10845,3700.14,5081,1738.01,7814,2665.96,0,0.0,1242,416.92,-4061,-1395.47
300552.SZ,20170928,7966,2783.16,7890,2765.99,8334,2920.59,9470,3314.55,7316,2560.41,6373,2226.41,582,203.92,464,161.14,-3873,-1351.16
300552.SZ,20170927,14100,4992.87,13533,4797.92,15891,5633.72,16279,5767.9,8960,3179.8,9616,3411.11,477,170.55,0,0.0,-2153,-764.93
300552.SZ,20170926,5997,2000.01,5684,1898.99,6175,2061.85,6129,2045.49,1606,536.3,2305,769.39,661,221.81,321,106.11,-776,-254.33
300552.SZ,20170925,9009,3043.42,5747,1941.33,8270,2794.02,8546,2891.06,3134,1060.14,5726,1934.61,996,336.02,1390,466.59,-3712,-1247.84
300552.SZ,20170922,11312,3933.79,7034,2454.12,9728,3385.65,12247,4263.23,4746,1654.9,5619,1949.17,0,0.0,885,307.82,-5244,-1822.7
300552.SZ,20170921,16792,6015.9,14513,5204.75,17094,6136.49,18286,6561.39,10107,3628.08,12198,4379.26,2228,803.21,1224,438.28,-11442,-4094.58
300552.SZ,20170920,25013,9021.31,22583,8191.61,29693,10724.6,27390,9882.99,17774,6424.42,19168,6895.59,2598,934.37,5937,2134.53,9327,3377.58
300552.SZ,20170919,2869,949.09,6587,2213.1,3915,1299.72,6418,2154.1,3538,1191.1,4900,1661.29,9626,3283.56,2043,694.97,-4156,-1443.21
300552.SZ,20170918,1550,479.75,1692,524.38,1662,514.31,1372,424.83,384,119.03,531,163.89,0,0.0,0,0.0,484,151.07
300552.SZ,20170915,2955,914.47,1751,542.2,1519,470.17,2616,809.42,368,113.46,475,146.49,0,0.0,0,0.0,-766,-235.96
300552.SZ,20170914,3459,1087.59,3560,1121.85,3638,1146.3,4038,1272.5,1656,522.19,1745,549.75,590,188.02,0,0.0,-70,-21.4
300552.SZ,20170913,2555,784.72,2382,732.88,3181,977.09,2356,723.97,1490,459.36,2471,759.1,0,0.0,17,5.22,1552,481.23
300552.SZ,20170912,6440,2031.02,4677,1488.71,6764,2145.16,6634,2105.48,3829,1216.62,5594,1760.38,90,28.69,218,66.93,-5830,-1833.28
300552.SZ,20170911,2770,876.94,3184,1008.86,3959,1253.77,3338,1056.19,1644,519.95,1850,585.61,0,0.0,0,0.0,1657,524.62
300552.SZ,20170908,3395,1058.98,2750,858.26,3773,1177.57,4475,1395.91,1518,472.92,1461,455.3,0,0.0,0,0.0,-1840,-572.01
300552.SZ,20170907,5291,1654.2,5389,1686.8,7355,2301.84,6981,2185.24,4194,1314.57,4471,1398.56,0,0.0,0,0.0,977,309.26
300552.SZ,20170906,5480,1675.87,3416,1045.92,5639,1723.12,4677,1429.65,1753,536.23,3362,1026.96,800,244.84,2217,677.54,-358,-108.87
300552.SZ,20170905,2947,920.09,2866,896.29,3614,1128.71,3471,1084.3,1833,573.23,2030,633.0,0,0.0,27,8.45,-598,-184.58
300552.SZ,20170904,4451,1400.12,3570,1126.09,4399,1384.81,4821,1516.06,2803,884.75,3262,1027.53,0,0.0,0,0.0,475,155.23
300552.SZ,20170901,4065,1267.37,3002,936.81,3604,1124.07,3583,1118.29,1795,559.86,2879,896.19,0,0.0,0,0.0,-2420,-753.13
300552.SZ,20170831,4797,1483.83,6769,2098.72,7655,2374.45,8305,2574.52,5273,1633.47,3629,1128.96,979,310.46,0,0.0,-304,-107.88
300552.SZ,20170830,2765,827.89,2370,710.44,3738,1119.67,3595,1077.34,1560,467.51,2098,627.3,0,0.0,0,0.0,-1575,-470.74
300552.SZ,20170829,4222,1270.37,4382,1321.06,5317,1602.51,5354,1614.62,1908,576.91,1787,537.49,77,23.39,0,0.0,-180,-50.61
300552.SZ,20170828,4031,1202.75,5125,1532.33,5732,1709.86,4741,1415.75,2506,750.77,2002,596.64,0,0.0,400,118.67,2312,690.61
300552.SZ,20170825,2805,810.9,3210,929.41,4111,1189.34,3658,1057.4,1108,320.81,1556,450.2,400,115.96,0,0.0,2250,655.48
300552.SZ,20170824,1858,534.66,1824,525.33,2392,689.34,2226,641.49,717,207.4,917,264.58,0,0.0,0,0.0,-278,-78.59
300552.SZ,20170823,1849,530.08,1800,517.52,2108,605.98,1645,472.33,343,97.93,855,244.15,0,0.0,0,0.0,21,6.63
300552.SZ,20170822,2442,706.79,1891,549.02,2788,808.33,3022,875.09,638,185.73,955,276.74,0,0.0,0,0.0,-2058,-595.58
300552.SZ,20170821,1650,474.02,2742,790.6,3131,902.76,2581,742.19,1600,462.42,1058,306.41,0,0.0,0,0.0,688,199.64
300552.SZ,20170818,2694,771.75,2286,656.76,2464,708.06,2488,713.32,561,160.05,959,273.83,14,4.05,0,0.0,-1137,-325.17
300552.SZ,20170817,2688,776.41,2731,790.48,2793,808.32,3380,977.74,1207,350.25,577,166.76,0,0.0,0,0.0,14,5.46
300552.SZ,20170816,3018,861.55,4244,1213.09,3513,1004.34,3184,909.22,1752,501.18,855,244.75,0,0.0,0,0.0,1217,347.47
300552.SZ,20170815,2925,827.32,2810,796.5,2571,728.83,2740,775.5,689,194.83,635,178.98,0,0.0,0,0.0,-74,-19.9
300552.SZ,20170814,1879,522.96,2312,644.03,2141,597.22,1750,487.61,686,190.12,644,178.66,0,0.0,0,0.0,1661,462.33
300552.SZ,20170811,1415,386.33,1889,515.62,1449,396.01,1311,358.01,730,199.12,394,107.84,0,0.0,0,0.0,-428,-115.59
300552.SZ,20170810,2404,663.76,2145,593.18,1898,524.31,1920,529.53,100,27.47,337,92.83,0,0.0,0,0.0,-726,-197.88
300552.SZ,20170809,1684,468.6,2020,562.47,1338,372.49,1715,477.28,942,262.33,229,63.67,0,0.0,0,0.0,-502,-138.51
300552.SZ,20170808,2007,554.01,2024,559.24,2240,619.07,2026,559.42,464,127.18,661,181.61,0,0.0,0,0.0,218,61.01
300552.SZ,20170807,1574,432.77,1619,445.92,1565,430.57,1389,382.23,183,50.09,314,85.28,0,0.0,0,0.0,280,78.44
300552.SZ,20170804,2776,766.39,1533,423.19,1802,497.54,1990,549.28,237,65.2,1211,334.28,0,0.0,81,22.4,-1826,-503.38
300552.SZ,20170803,3000,838.24,3321,929.36,2961,828.61,2825,790.12,1062,297.09,877,244.45,0,0.0,0,0.0,1869,523.26
300552.SZ,20170802,2238,615.23,1563,429.09,1623,446.41,2369,652.25,925,254.21,854,234.51,0,0.0,0,0.0,-2170,-595.97
300552.SZ,20170801,1993,553.59,1686,469.04,1441,400.77,1628,452.47,270,75.5,390,108.36,0,0.0,0,0.0,-364,-100.45
300552.SZ,20170731,1654,463.17,1592,446.0,1532,429.03,1651,462.4,521,145.75,464,129.56,0,0.0,0,0.0,-186,-51.95
300552.SZ,20170728,1910,540.13,1393,394.28,2089,590.81,2652,749.66,1304,368.69,758,214.18,500,141.5,1000,283.01,-1086,-306.27
300552.SZ,20170727,3285,924.4,3671,1037.35,4013,1129.11,2398,676.43,776,218.21,2005,557.95,0,0.0,0,0.0,1848,519.47
300552.SZ,20170726,1398,387.15,1270,352.37,1145,317.57,886,245.32,766,211.71,1165,321.97,951,262.94,939,259.71,932,257.8
300552.SZ,20170725,966,266.94,1601,443.17,1400,387.79,955,264.1,768,212.18,578,159.64,0,0.0,0,0.0,-952,-262.28
300552.SZ,20170724,2146,582.01,2148,584.99,2290,623.06,2060,558.3,676,183.54,903,245.33,0,0.0,0,0.0,958,260.29
300552.SZ,20170721,2378,651.02,1756,481.72,1897,519.5,2235,611.19,303,83.05,587,160.66,0,0.0,0,0.0,-748,-203.76
300552.SZ,20170720,3058,858.67,3070,863.08,3022,851.81,2876,809.09,527,147.79,661,186.12,0,0.0,0,0.0,-264,-72.08
300552.SZ,20170719,2452,670.13,1856,507.9,2491,680.84,2728,745.69,1335,365.16,1694,462.53,0,0.0,0,0.0,-782,-212.5
300552.SZ,20170718,3539,979.48,2459,680.98,4000,1105.99,4338,1199.97,642,177.13,1384,381.65,0,0.0,0,0.0,-889,-243.96
300552.SZ,20170717,6308,1843.66,2527,741.86,4568,1336.07,5695,1675.07,1805,530.51,4459,1293.31,0,0.0,0,0.0,-2461,-735.5
300552.SZ,20170714,2644,829.81,2187,687.81,2769,869.13,2966,931.33,706,222.21,1025,320.45,59,18.44,0,0.0,-281,-88.62
300552.SZ,20170713,2408,776.94,1647,531.56,1355,437.11,1792,578.53,792,255.69,683,220.58,0,0.0,433,139.07,-1665,-536.51
300552.SZ,20170712,5069,1643.67,2917,947.48,4393,1422.92,4795,1552.49,194,62.33,1944,628.96,0,0.0,0,0.0,-122,-38.51
300552.SZ,20170711,2059,694.55,1490,503.89,1776,598.78,2027,683.51,839,284.1,794,267.81,0,0.0,363,122.23,-728,-244.62
300552.SZ,20170710,3766,1284.78,3483,1191.05,4157,1417.28,4658,1588.63,1905,650.88,2018,687.58,331,114.32,0,0.0,-3786,-1293.27
300552.SZ,20170707,3687,1284.18,4920,1712.82,5544,1931.11,4866,1695.91,2330,812.46,1480,515.72,0,0.0,295,103.31,1703,592.29
300552.SZ,20170706,2909,992.24,3921,1339.07,4226,1443.06,3513,1199.05,1940,663.18,1720,587.23,409,139.23,330,112.37,-680,-231.32
300552.SZ,20170705,2390,804.49,3833,1292.93,4520,1526.42,4509,1522.2,2772,937.25,1340,453.03,0,0.0,0,0.0,1354,459.74
300552.SZ,20170704,2356,782.36,1433,476.3,2076,689.26,2411,799.86,651,215.89,839,278.31,0,0.0,400,133.04,-1305,-431.81
300552.SZ,20170703,2135,710.64,2767,921.39,2608,868.2,2613,869.81,828,275.33,591,196.57,400,133.6,0,0.0,15,5.64
300552.SZ,20170630,2277,745.38,1907,625.12,2227,730.41,2401,786.27,761,249.38,771,252.67,0,0.0,186,61.11,217,73.92
300552.SZ,20170629,1622,531.86,1777,583.4,1761,578.15,1886,618.34,284,93.04,4,1.31,0,0.0,0,0.0,767,253.51
300552.SZ,20170628,2862,933.49,2055,670.75,2012,656.72,2370,773.22,252,82.56,701,228.8,0,0.0,0,0.0,-2073,-675.4
300552.SZ,20170627,2680,892.62,2547,849.67,3037,1013.04,3018,1006.18,945,315.15,1097,364.95,0,0.0,0,0.0,-248,-80.97
300552.SZ,20170626,1997,655.96,1750,575.22,2152,707.39,2256,740.21,621,203.62,764,251.55,0,0.0,0,0.0,425,140.7
300552.SZ,20170623,3562,1153.56,2799,908.42,2979,965.2,3515,1138.57,843,274.27,1069,346.05,0,0.0,0,0.0,472,159.1
300552.SZ,20170622,4332,1442.48,2926,980.15,3075,1029.9,3419,1145.63,537,179.51,1877,626.27,738,249.76,460,149.6,-1335,-439.66
300552.SZ,20170621,2806,943.81,1962,660.0,2195,738.64,2235,750.95,164,54.79,1167,393.16,199,66.86,0,0.0,-706,-237.14
300552.SZ,20170620,3307,1133.42,2026,696.49,2488,855.56,3180,1092.18,1049,361.5,1638,561.81,0,0.0,0,0.0,-1677,-572.96
300552.SZ,20170619,2159,739.58,2542,872.11,3544,1216.31,2470,847.72,746,255.61,1437,491.68,0,0.0,0,0.0,-643,-218.64
300552.SZ,20170616,4690,1607.35,2861,980.46,4724,1617.16,5358,1834.81,1495,512.36,2690,921.59,0,0.0,0,0.0,-1947,-663.44
300552.SZ,20170615,6342,2216.59,6402,2234.42,8079,2812.69,7882,2745.28,4405,1538.27,3850,1345.66,0,0.0,692,242.2,2781,960.6
300552.SZ,20170614,3990,1342.58,5207,1754.11,6845,2304.74,4914,1654.68,2295,773.31,3036,1020.5,26,8.66,0,0.0,330,114.38
300552.SZ,20170613,2784,907.58,3179,1038.26,2941,958.79,3422,1117.48,1832,600.52,956,311.14,0,0.0,0,0.0,1596,521.46
300552.SZ,20170612,3228,1049.28,2368,770.62,1937,628.27,2646,859.08,711,231.54,862,279.39,0,0.0,0,0.0,-1293,-414.2
300552.SZ,20170609,3240,1070.28,2461,813.71,2773,916.65,3132,1035.7,988,327.53,1408,465.06,0,0.0,0,0.0,-263,-86.84
300552.SZ,20170608,3753,1262.7,2670,900.18,3082,1037.29,4720,1587.89,1594,536.84,1038,348.77,0,0.0,0,0.0,-1760,-589.3
300552.SZ,20170607,3766,1255.74,4111,1373.64,4675,1562.38,3885,1300.15,1875,627.07,2320,771.4,0,0.0,0,0.0,2688,893.17
300552.SZ,20170606,1987,646.15,2449,797.75,2327,757.55,2068,672.66,1246,405.82,1043,339.12,0,0.0,0,0.0,-156,-49.31
300552.SZ,20170605,2657,865.4,2079,678.62,3363,1096.56,3170,1033.78,1268,412.77,899,292.94,0,0.0,1140,369.4,1412,459.92
300552.SZ,20170602,2863,902.83,3455,1099.93,3871,1236.9,3246,1029.46,1253,395.71,1287,406.06,0,0.0,0,0.0,983,315.82
300552.SZ,20170601,3931,1267.07,2755,887.65,3581,1154.88,4489,1448.11,1076,347.25,1344,433.43,0,0.0,0,0.0,-1784,-570.66
300552.SZ,20170531,3416,1169.39,2696,925.44,3787,1299.56,5101,1749.26,2000,687.95,1406,482.19,0,0.0,0,0.0,-3009,-1027.09
300552.SZ,20170526,2838,951.4,2285,769.32,2319,779.93,2811,943.48,809,272.46,870,291.0,0,0.0,0,0.0,-796,-265.46
300552.SZ,20170525,3694,1231.19,3334,1112.35,4087,1359.94,4072,1355.98,804,270.65,1179,393.45,0,0.0,0,0.0,-1396,-464.47
300552.SZ,20170524,3085,1050.4,2545,869.58,2871,978.53,2753,936.49,899,307.64,1056,360.28,0,0.0,500,170.23,1053,361.85
300552.SZ,20170523,5270,1846.54,4008,1402.8,5076,1777.07,5416,1893.84,644,221.78,1566,548.74,0,0.0,0,0.0,-2846,-990.34
300552.SZ,20170522,7089,2674.91,3135,1188.52,4690,1768.13,5763,2174.32,679,254.45,3260,1223.85,0,0.0,300,110.79,-2986,-1130.34
300552.SZ,20170519,2848,1115.54,3499,1371.81,4023,1576.8,3576,1401.06,1394,546.45,1190,465.92,0,0.0,0,0.0,-494,-190.84
300552.SZ,20170518,3484,1361.16,3135,1227.9,3335,1305.24,3773,1475.17,694,272.55,605,235.88,0,0.0,0,0.0,-47,-16.11
300552.SZ,20170517,3561,1388.1,3649,1423.12,5080,1981.6,4649,1813.15,1103,429.79,1895,738.78,449,175.56,0,0.0,-538,-209.5
300552.SZ,20170516,3190,1202.76,3965,1504.85,4428,1676.99,4000,1510.62,1883,711.64,1536,575.91,0,0.0,0,0.0,1428,552.06
300552.SZ,20170515,1888,714.69,1659,628.81,1709,646.64,2148,812.82,581,220.41,425,160.5,54,20.39,0,0.0,-922,-348.04
300552.SZ,20170512,2849,1078.92,1965,745.31,2497,944.94,2075,785.65,386,146.11,1651,623.76,0,0.0,40,15.25,-720,-271.01
300552.SZ,20170511,3603,1354.72,3266,1229.95,4525,1702.71,4017,1512.41,1000,376.16,1844,691.23,0,0.0,0,0.0,162,62.91
300552.SZ,20170510,3873,1504.07,3876,1508.38,3431,1332.02,3494,1358.53,1501,588.0,1434,557.18,0,0.0,0,0.0,-1237,-475.82
300552.SZ,20170509,3265,1253.44,3278,1260.36,3601,1383.01,2728,1048.41,980,377.3,1840,704.98,0,0.0,0,0.0,869,338.21
300552.SZ,20170508,6274,2438.91,3659,1423.55,4050,1574.39,5888,2287.85,917,354.89,1975,765.8,769,298.85,488,189.83,-2619,-1011.0
300552.SZ,20170505,5556,2266.25,3498,1426.83,6905,2813.86,6775,2762.49,2133,870.37,4498,1832.17,176,71.02,0,0.0,-5008,-2038.4
300552.SZ,20170504,6995,2923.02,7845,3280.28,10082,4212.09,10029,4190.75,5643,2357.25,5347,2231.26,500,209.93,0,0.0,1582,667.97
300552.SZ,20170503,2762,1101.6,2970,1185.67,3179,1269.25,3267,1303.86,1833,730.66,1250,498.58,0,0.0,286,113.4,-119,-43.57
300552.SZ,20170502,3306,1322.52,2170,869.29,3787,1518.08,4167,1670.72,1011,405.3,1697,678.1,0,0.0,70,27.79,-2260,-901.42
300552.SZ,20170428,2929,1182.06,3012,1216.41,4273,1725.77,5020,2027.77,2879,1164.78,2292,926.5,243,98.07,0,0.0,-644,-257.94
300552.SZ,20170427,7571,2964.6,6152,2413.97,7719,3019.47,8237,3227.06,2337,922.38,3057,1195.32,0,0.0,181,70.1,-326,-116.78
300552.SZ,20170426,3673,1475.46,2977,1197.73,4568,1835.77,4775,1919.5,2194,882.68,2683,1076.69,0,0.0,0,0.0,-1081,-431.97
300552.SZ,20170425,2179,888.54,2196,895.17,2650,1078.99,2802,1142.21,723,295.31,554,225.46,0,0.0,0,0.0,36,17.3
300552.SZ,20170424,2707,1091.06,1970,794.63,3249,1308.41,3370,1357.79,442,178.79,1058,425.84,0,0.0,0,0.0,-1314,-529.12
300552.SZ,20170421,2063,862.22,2810,1176.41,5815,2435.17,4302,1801.17,1163,487.29,1929,807.1,0,0.0,0,0.0,-546,-228.54
300552.SZ,20170420,3059,1270.88,2150,893.82,3396,1411.0,3146,1306.87,1350,561.77,2573,1069.76,252,105.59,188,78.77,-3521,-1462.78
300552.SZ,20170419,2854,1193.1,4574,1915.11,7477,3130.95,5778,2419.28,2120,887.4,2133,891.2,34,14.13,0,0.0,3269,1368.66
300552.SZ,20170418,3898,1624.81,2657,1106.63,3998,1664.0,4300,1789.77,1314,545.85,2048,852.69,0,0.0,205,85.58,-762,-309.71
300552.SZ,20170417,6818,2896.78,3866,1648.87,6632,2828.52,6262,2660.49,3905,1653.2,5642,2400.43,0,0.0,1585,668.72,-3295,-1411.69
300552.SZ,20170414,3170,1449.59,2340,1071.33,3219,1472.11,3481,1591.77,915,418.45,1799,821.29,317,144.23,0,0.0,-1175,-536.35
300552.SZ,20170413,3327,1530.8,3638,1677.73,4832,2227.51,5404,2489.0,3578,1650.2,2423,1116.33,0,0.0,272,125.45,1032,481.13
300552.SZ,20170412,6314,2899.77,3198,1468.26,6294,2887.83,7075,3246.19,3938,1805.22,5803,2662.48,0,0.0,470,215.89,-4342,-1994.83
300552.SZ,20170411,5646,2644.58,6406,3004.33,8384,3929.84,7631,3579.22,5065,2378.17,5195,2432.61,732,341.59,595,278.02,1336,638.4
300552.SZ,20170410,11757,5582.77,7013,3333.93,12186,5797.75,14673,6981.83,7915,3759.72,11309,5370.96,2357,1120.3,1220,573.83,-8245,-3914.15
300552.SZ,20170407,8420,4285.14,5956,3034.05,11007,5605.11,11910,6064.23,6536,3327.63,8531,4339.79,1174,598.65,740,378.46,-7215,-3675.24
300552.SZ,20170406,10395,5319.77,10985,5657.28,18257,9387.29,15261,7839.22,9476,4881.76,11122,5698.5,1772,917.4,2531,1311.22,476,277.52
300552.SZ,20170405,7302,3636.93,5766,2880.34,10309,5138.34,9525,4754.38,7192,3584.27,5285,2636.99,2430,1215.65,6658,3303.49,2360,1175.24
300552.SZ,20170331,7897,3907.81,4861,2412.81,10740,5316.73,10300,5107.06,5136,2545.94,6563,3245.42,218,108.86,2267,1114.06,-1756,-869.27
300552.SZ,20170330,9895,4951.33,8062,4035.1,13187,6595.78,13708,6863.82,7663,3835.2,9348,4677.06,2326,1166.71,1952,973.04,-3960,-1982.28
300552.SZ,20170329,17332,9172.86,9802,5197.75,20494,10857.3,18595,9840.29,9939,5254.79,14918,7899.93,2509,1323.42,6958,3670.41,-9567,-5040.8
300552.SZ,20170328,24655,13577.01,14672,8108.99,27072,14929.31,28180,15566.47,19048,10516.76,27315,15081.45,9719,5430.97,10328,5697.14,-8840,-4719.83
300552.SZ,20170327,3013,1805.98,984,589.8,3059,1833.56,2440,1462.5,2742,1643.55,2579,1545.82,600,359.64,3411,2044.61,9186,5506.06
300552.SZ,20170324,12534,8448.92,9191,6210.01,15416,10407.42,15954,10762.4,10342,6982.49,13625,9196.5,4310,2912.83,3833,2582.75,-7029,-4724.67
300552.SZ,20170323,17090,11404.54,16706,11217.36,27198,18232.83,24119,16129.89,20544,13777.61,22068,14771.89,5259,3523.51,7199,4819.34,3872,2692.22
300552.SZ,20170322,13866,9037.77,15834,10322.92,22403,14593.39,20954,13645.44,15891,10353.64,18890,12336.85,7229,4740.66,3711,2420.24,6652,4365.16
300552.SZ,20170321,11689,7200.22,9034,5585.2,17988,11089.18,15629,9647.27,13269,8180.8,13852,8534.76,4320,2666.98,8750,5369.97,-7718,-4722.21
300552.SZ,20170320,13279,8221.76,16833,10453.27,21207,13111.32,24601,15254.27,17067,10536.58,19182,11894.92,17301,10919.86,8237,5187.06,-1900,-1245.03
300552.SZ,20170317,8326,4869.93,9331,5463.7,15780,9235.98,17863,10450.68,13358,7818.18,10265,6006.8,2153,1263.64,2156,1266.55,-71,-26.91
300552.SZ,20170316,8435,4826.96,9085,5210.98,12705,7279.03,14109,8085.26,9102,5216.11,8491,4855.36,2302,1321.21,859,491.7,902,531.22
300552.SZ,20170315,6511,3690.34,6867,3896.26,12005,6807.32,11617,6587.01,6842,3882.04,6911,3917.74,200,113.21,163,91.9,-190,-102.69
300552.SZ,20170314,7726,4342.5,7233,4072.77,13111,7378.4,12524,7044.09,8360,4701.96,9468,5318.67,2311,1301.58,2284,1288.91,-1730,-964.87
300552.SZ,20170313,10078,5578.31,8689,4823.71,13855,7676.78,14006,7767.05,9193,5102.09,12561,6942.52,3068,1694.63,939,518.54,-4336,-2382.56
300552.SZ,20170310,15253,8374.89,14495,8013.09,24138,13251.29,19604,10801.19,16615,9127.67,21206,11569.67,4246,2326.17,4946,2696.07,2236,1295.42
300552.SZ,20170309,8364,4383.66,9043,4759.77,15136,7964.79,13950,7314.13,12718,6706.65,12600,6636.69,2574,1349.61,3199,1694.11,4423,2381.02
300552.SZ,20170308,3998,2066.63,3395,1756.51,5492,2843.42,6693,3462.91,4355,2253.39,4019,2077.49,805,412.99,544,279.51,-3170,-1634.79
300552.SZ,20170307,4305,2211.69,4433,2281.78,8429,4333.05,7152,3677.03,5620,2896.03,5820,2991.56,838,432.38,1788,922.78,111,63.74
300552.SZ,20170306,3420,1743.94,6157,3141.97,7662,3908.24,7587,3869.33,4764,2431.0,4662,2385.37,2773,1422.56,212,109.07,2842,1453.27
300552.SZ,20170303,3539,1751.38,2740,1360.53,4202,2083.54,4799,2378.51,1839,913.62,1793,886.36,0,0.0,248,123.13,-884,-434.21
300552.SZ,20170302,2777,1391.8,2342,1175.3,4197,2104.97,4667,2340.26,1915,960.73,1953,978.55,292,146.96,220,110.33,-1636,-818.87
300552.SZ,20170301,3886,1971.19,3159,1606.64,5536,2810.37,5818,2956.11,2379,1210.68,3204,1623.47,380,193.99,0,0.0,-1609,-809.41
300552.SZ,20170228,3997,2001.86,3269,1641.41,6094,3053.34,5352,2685.03,3092,1550.18,3862,1930.41,132,67.01,833,415.54,-1081,-536.32
300552.SZ,20170227,6860,3504.15,4341,2220.49,9195,4702.13,8551,4364.53,3936,2013.64,6127,3128.92,1212,620.0,2184,1125.98,-2653,-1336.32
300552.SZ,20170224,6221,3142.61,8268,4183.99,11700,5908.98,11589,5853.72,7730,3910.06,7817,3948.28,2868,1454.41,845,430.06,4448,2254.56
300552.SZ,20170223,2772,1351.74,3855,1882.87,5651,2756.15,4470,2180.19,2419,1181.13,2288,1113.21,0,0.0,230,112.75,1552,761.6
300552.SZ,20170222,2886,1393.4,2606,1260.73,4445,2146.54,5272,2546.19,1256,608.15,1526,735.66,817,394.49,0,0.0,-3068,-1477.61
300552.SZ,20170221,2219,1068.94,3558,1714.42,3676,1771.76,3574,1721.5,1818,875.29,613,296.12,33,16.04,0,0.0,267,127.81
300552.SZ,20170220,4673,2202.25,2961,1395.82,5192,2448.89,4849,2289.09,2071,974.84,3762,1769.4,1849,865.81,2212,1037.47,327,151.31
300552.SZ,20170217,3953,1929.56,2668,1305.12,3695,1804.38,4034,1971.22,1747,855.97,2693,1313.57,0,0.0,0,0.0,-1686,-815.92
300552.SZ,20170216,3973,1945.77,2430,1189.94,3991,1952.33,5072,2481.98,1669,816.59,2132,1042.76,0,0.0,0,0.0,-1950,-950.36
300552.SZ,20170215,4380,2181.7,4819,2408.78,7652,3819.93,6472,3230.12,3715,1859.43,4102,2046.25,1046,526.12,1400,702.03,271,138.14
300552.SZ,20170214,3151,1563.85,2320,1152.65,4241,2106.45,4337,2154.26,1519,755.42,2018,1002.09,226,111.91,462,228.65,-1959,-971.27
300552.SZ,20170213,3836,1883.54,4913,2421.53,7471,3679.17,4964,2446.95,4671,2306.13,5973,2936.9,968,475.23,1097,538.68,2076,1045.94
300552.SZ,20170210,7402,3665.41,3506,1740.39,7455,3695.41,6339,3156.34,3860,1921.02,8864,4381.35,1626,796.34,1635,800.1,-7442,-3680.92
300552.SZ,20170209,3608,1832.34,4767,2425.05,7220,3669.22,6192,3146.96,5020,2552.02,3624,1839.74,200,100.9,1465,742.73,1045,537.01
300552.SZ,20170208,3605,1780.03,5178,2572.31,5311,2636.52,5622,2788.82,3829,1907.14,3032,1500.05,1299,643.52,212,106.02,756,386.83
300552.SZ,20170207,4867,2418.21,3779,1878.4,5870,2922.49,6448,3207.16,3074,1536.26,2450,1219.61,328,166.44,1462,738.23,-2103,-1033.77
300552.SZ,20170206,3733,1816.07,6228,3035.68,6025,2933.28,6645,3232.72,4174,2034.84,2677,1310.8,2910,1438.65,1291,643.64,1660,803.6
300552.SZ,20170203,1673,794.02,1837,871.89,2636,1251.6,2608,1238.73,848,402.63,712,337.64,0,0.0,0,0.0,-1702,-806.59
300552.SZ,20170126,2755,1312.58,2213,1055.11,3281,1563.17,3658,1742.65,1204,574.38,1369,652.36,0,0.0,0,0.0,-1007,-478.11
300552.SZ,20170125,2734,1286.75,3442,1623.77,4144,1954.05,3641,1716.15,1544,729.33,1338,630.2,0,0.0,0,0.0,1775,839.25
300552.SZ,20170124,4656,2177.43,2416,1128.83,4299,2009.41,4125,1930.25,1603,748.31,3139,1466.27,62,28.79,940,438.58,-3230,-1508.84
300552.SZ,20170123,3375,1620.37,3617,1737.99,5767,2771.36,5655,2715.61,2509,1205.71,3070,1474.77,692,330.93,0,0.0,-350,-166.06
300552.SZ,20170120,4090,1919.51,5687,2678.48,8165,3839.86,7142,3359.52,2692,1265.79,2389,1115.94,571,271.45,300,142.66,2243,1053.93
300552.SZ,20170119,3991,1814.07,4827,2204.16,6841,3133.46,5903,2696.72,1909,865.99,2288,1039.94,278,127.29,0,0.0,384,198.17
300552.SZ,20170118,3501,1605.1,2751,1261.2,3867,1771.8,4633,2126.7,802,369.08,1381,632.65,600,276.87,5,2.3,-2625,-1202.63
300552.SZ,20170117,4606,2099.39,6398,2927.41,7285,3330.36,7237,3306.81,4008,1835.33,2149,976.3,49,21.95,164,76.51,1506,695.17
300552.SZ,20170116,5947,2721.99,4664,2125.54,6841,3116.8,7175,3280.06,2581,1178.26,3501,1598.54,400,174.8,429,187.71,-2399,-1097.84
300552.SZ,20170113,5284,2606.68,4693,2316.78,6023,2967.21,6421,3165.31,2813,1395.35,3111,1539.84,605,303.71,500,251.0,-2262,-1114.75
300552.SZ,20170112,3659,1893.23,3181,1648.89,4215,2180.34,4051,2094.73,1614,835.52,2224,1148.84,160,83.52,192,100.15,-151,-69.9
300552.SZ,20170111,5128,2723.63,3418,1816.62,4681,2489.11,5759,3061.96,1785,948.26,2338,1239.67,243,126.36,321,169.11,-1954,-1044.66
300552.SZ,20170110,2933,1609.37,2681,1474.25,3362,1848.46,2905,1596.1,772,423.38,1216,666.47,0,0.0,265,144.39,-244,-131.24
300552.SZ,20170109,3359,1830.12,3157,1722.42,4120,2247.61,3972,2165.7,1373,747.57,1723,937.18,0,0.0,0,0.0,-604,-329.38
300552.SZ,20170106,6371,3581.33,3589,2017.13,5596,3143.08,6234,3510.74,2901,1635.92,4269,2400.27,831,464.14,1607,896.33,-4051,-2287.52
300552.SZ,20170105,3993,2330.7,2127,1243.2,4289,2504.85,4326,2526.79,1189,694.12,2851,1662.15,22,12.69,190,110.22,-3019,-1763.25
300552.SZ,20170104,2930,1723.3,3064,1803.41,3997,2351.13,4007,2357.69,2496,1469.05,2152,1265.01,0,0.0,200,117.38,1773,1044.78
300552.SZ,20170103,2740,1591.31,4701,2734.29,4925,2863.26,4174,2424.83,2424,1408.36,1330,771.69,515,298.88,400,231.0,2062,1200.41
300552.SZ,20181228,3568,521.35,3097,453.28,2408,350.99,2138,311.35,0,0.0,741,107.7,0,0.0,0,0.0,-15,-1.31
300552.SZ,20181227,3079,463.84,2637,399.31,2275,345.39,2432,367.67,42,6.33,327,48.59,0,0.0,0,0.0,-1278,-193.95
300552.SZ,20181226,2271,343.9,3172,481.09,2373,359.88,1706,258.47,391,59.52,157,23.74,0,0.0,0,0.0,-405,-60.81
300552.SZ,20181225,4127,611.3,3918,582.54,2630,389.88,2570,380.41,291,43.73,560,81.97,0,0.0,0,0.0,-2004,-295.33
300552.SZ,20181224,3576,542.49,3710,564.28,1891,286.71,1859,280.46,317,48.25,215,32.72,0,0.0,0,0.0,797,122.03
300552.SZ,20181221,2987,451.18,3381,511.08,1287,194.59,1339,202.35,446,67.67,0,0.0,0,0.0,0,0.0,-947,-142.78
300552.SZ,20181220,2725,408.13,3083,462.21,1807,270.99,1288,192.91,68,10.17,229,34.17,0,0.0,0,0.0,-599,-89.22
300552.SZ,20181219,2242,340.83,2377,361.98,997,151.89,973,147.92,112,17.18,0,0.0,0,0.0,0,0.0,-1030,-156.75
300552.SZ,20181218,2944,448.2,2815,428.75,1482,225.93,1762,268.49,151,23.1,0,0.0,0,0.0,0,0.0,-617,-93.45
300552.SZ,20181217,2711,413.74,2214,338.14,657,100.39,954,145.5,0,0.0,200,30.5,0,0.0,0,0.0,-413,-62.73
300552.SZ,20181214,5222,813.93,3745,584.41,2596,404.39,3579,558.13,0,0.0,494,75.77,0,0.0,0,0.0,-3035,-472.98
300552.SZ,20181213,3666,579.06,3546,562.47,2989,473.93,3074,485.62,559,87.23,594,92.14,0,0.0,0,0.0,876,138.73
300552.SZ,20181212,3209,510.09,2558,407.87,1821,290.17,2389,379.5,214,34.21,297,47.1,0,0.0,0,0.0,-1260,-199.83
300552.SZ,20181211,3452,548.58,3576,568.98,2244,357.26,2183,346.86,158,25.13,95,15.12,0,0.0,0,0.0,44,7.97
300552.SZ,20181210,5413,853.92,4072,642.79,2833,446.89,4127,650.71,153,23.94,200,31.25,0,0.0,0,0.0,-1829,-287.95
300552.SZ,20181207,6302,1012.44,5763,925.59,4678,752.08,4210,676.75,686,110.29,1637,263.32,0,0.0,56,9.15,1915,308.64
300552.SZ,20181206,5763,918.79,4465,715.02,4407,706.13,4922,785.12,769,124.26,1400,224.39,0,0.0,152,24.65,-1419,-225.23
300552.SZ,20181205,5057,803.86,4318,686.82,2743,437.19,3353,533.31,490,77.48,619,98.4,0,0.0,0,0.0,877,138.91
300552.SZ,20181204,5582,884.81,4771,757.05,2825,448.04,2979,472.57,998,158.95,1655,262.18,0,0.0,0,0.0,1367,217.31
300552.SZ,20181203,5353,836.89,5980,935.78,4177,652.82,4358,681.89,1561,244.9,0,0.0,0,0.0,753,116.94,1955,306.61
300552.SZ,20181130,3328,493.35,3723,554.53,2806,417.65,2094,309.62,200,29.2,517,76.05,0,0.0,0,0.0,-598,-87.95
300552.SZ,20181129,4684,722.16,4305,662.54,2335,359.24,2436,375.86,154,24.04,432,67.03,0,0.0,0,0.0,-1637,-251.7
300552.SZ,20181128,3302,500.73,3917,595.8,2465,375.32,2832,430.63,982,150.38,0,0.0,0,0.0,0,0.0,768,119.34
300552.SZ,20181127,3325,503.64,3242,491.15,2406,364.61,2189,331.61,0,0.0,300,45.49,0,0.0,0,0.0,-595,-89.88
300552.SZ,20181126,3341,505.63,3121,473.11,1889,285.84,2072,313.35,734,111.92,771,116.92,0,0.0,0,0.0,-656,-100.11
300552.SZ,20181123,7115,1114.07,3647,570.43,4155,647.51,5691,892.7,412,64.8,2343,363.25,0,0.0,0,0.0,-1971,-311.2
300552.SZ,20181122,4089,668.0,2705,442.29,2960,482.43,3212,524.41,506,82.85,1639,266.57,0,0.0,0,0.0,-166,-27.37
300552.SZ,20181121,4550,731.68,3935,635.33,3574,577.44,3873,623.38,1044,169.1,1361,219.5,0,0.0,0,0.0,1792,289.59
300552.SZ,20181120,5183,855.51,4576,757.24,5203,858.05,4744,783.82,1275,211.99,2341,384.49,0,0.0,0,0.0,-2978,-489.47
300552.SZ,20181119,5607,923.77,4587,758.61,5022,829.29,5066,836.66,2486,411.45,3462,569.25,0,0.0,0,0.0,-377,-60.19
300552.SZ,20181116,6415,1061.12,5778,958.84,7105,1176.79,7654,1267.6,2894,481.49,2973,492.54,666,110.42,675,110.83,-1791,-294.64
300552.SZ,20181115,7874,1289.8,8933,1464.75,9672,1583.96,11261,1848.76,6673,1101.52,4311,708.02,286,46.25,0,0.0,2180,359.18
300552.SZ,20181114,5278,837.12,5509,875.14,5513,874.97,6161,976.84,1329,210.32,1358,214.87,908,144.44,0,0.0,-1384,-216.86
300552.SZ,20181113,5694,898.57,5909,933.28,6884,1087.56,6493,1024.77,1094,172.94,1270,201.03,0,0.0,0,0.0,1645,260.64
300552.SZ,20181112,4219,654.23,4792,744.38,5377,835.55,4648,722.06,837,130.38,993,153.72,0,0.0,0,0.0,1303,204.92
300552.SZ,20181109,3845,592.13,4482,690.32,3416,526.34,3491,537.47,892,137.4,180,28.08,0,0.0,0,0.0,-185,-26.48
300552.SZ,20181108,5586,867.2,4743,737.27,3634,564.2,4422,686.66,557,86.65,612,94.13,0,0.0,0,0.0,668,106.13
300552.SZ,20181107,4762,737.36,5048,782.77,5611,870.5,5861,908.57,1257,194.53,1421,219.49,700,108.43,0,0.0,-2178,-334.61
300552.SZ,20181106,5949,912.38,5515,847.01,5614,861.09,5700,874.7,882,135.82,1230,187.58,0,0.0,0,0.0,-3620,-554.18
300552.SZ,20181105,5787,910.19,4908,772.22,6161,969.19,6552,1030.37,856,135.04,1344,211.83,0,0.0,0,0.0,-721,-113.02
300552.SZ,20181102,7311,1141.05,6916,1081.14,8355,1305.01,7654,1195.66,2798,436.59,3893,605.85,0,0.0,0,0.0,-123,-15.38
300552.SZ,20181101,9267,1435.64,8132,1260.54,7712,1195.12,8783,1360.69,1785,276.16,1860,286.73,232,35.76,222,34.72,2287,355.93
300552.SZ,20181031,7993,1204.81,7336,1106.86,6914,1043.14,7777,1173.12,2544,384.42,2338,352.38,0,0.0,0,0.0,1702,258.16
300552.SZ,20181030,13696,2018.85,12622,1868.85,12830,1893.2,12239,1806.76,4245,627.69,5159,755.17,0,0.0,751,108.97,-3727,-550.8
300552.SZ,20181029,8431,1357.35,7269,1172.08,7271,1172.69,7575,1217.97,1449,231.66,2306,371.64,0,0.0,0,0.0,-57,-6.75
300552.SZ,20181026,11594,1859.65,7971,1278.82,11034,1771.64,10740,1726.98,2311,370.34,4915,786.28,0,0.0,1313,209.55,-8342,-1335.23
300552.SZ,20181025,12263,1998.79,14344,2345.39,14562,2377.4,14527,2373.92,5826,956.4,3781,613.28,0,0.0,0,0.0,1553,263.0
300552.SZ,20181024,15471,2498.2,12367,2000.06,15135,2446.76,14975,2420.66,3401,549.12,6358,1024.24,178,28.49,485,77.6,-2961,-474.69
300552.SZ,20181023,21184,3614.39,19534,3339.82,21928,3746.7,21332,3640.15,7896,1346.49,9086,1549.23,0,0.0,1056,178.39,-13361,-2272.25
300552.SZ,20181022,28783,4890.54,27773,4738.73,28930,4922.45,28784,4906.64,10742,1829.01,12354,2079.94,2877,475.2,2420,391.89,-2742,-439.18
300552.SZ,20181019,25654,4225.23,20956,3472.0,29595,4859.22,28110,4611.41,14916,2464.22,17020,2796.81,1458,234.33,5537,902.78,6909,1162.79
300552.SZ,20181018,0,0.0,2084,335.32,0,0.0,2227,358.32,0,0.0,824,132.58,5135,826.22,0,0.0,-5135,-826.22
300552.SZ,20181017,21,3.07,2173,317.91,419,61.3,1807,264.36,186,27.21,591,86.46,3945,577.15,0,0.0,-4571,-668.73
300552.SZ,20181016,2093,285.21,1835,250.94,700,95.86,1094,149.65,459,63.06,323,43.55,0,0.0,0,0.0,-792,-107.14
300552.SZ,20181015,2190,300.91,2740,376.43,1618,222.91,1045,143.73,958,131.76,981,135.42,0,0.0,0,0.0,420,58.89
300552.SZ,20181012,2833,382.01,2242,303.42,1795,242.59,2130,286.71,150,20.2,406,54.67,0,0.0,0,0.0,382,52.17
300552.SZ,20181011,3396,480.99,2257,320.9,3156,449.65,3157,450.88,2042,289.89,2211,311.38,0,0.0,970,137.37,-2956,-416.69
300552.SZ,20181010,1185,181.15,1596,244.48,1830,280.63,1246,190.81,11,1.68,184,28.18,0,0.0,0,0.0,-482,-73.73
300552.SZ,20181009,1728,263.92,2015,308.29,1375,209.96,1473,225.08,445,68.92,0,0.0,0,0.0,60,9.42,524,80.88
300552.SZ,20181008,2423,369.41,1924,293.6,2231,340.36,2776,423.12,726,110.41,680,103.46,0,0.0,0,0.0,-2670,-405.49
300552.SZ,20180928,2192,348.45,2281,362.89,1602,254.77,1523,242.43,870,138.68,860,136.59,0,0.0,0,0.0,623,99.76
300552.SZ,20180927,2724,435.12,2339,373.46,1271,203.28,1844,294.35,345,54.68,157,25.26,0,0.0,0,0.0,-1344,-214.45
300552.SZ,20180926,2920,472.67,2313,375.11,1859,301.27,2039,330.58,571,92.89,987,159.37,0,0.0,11,1.78,-473,-76.78
300552.SZ,20180925,2151,350.86,1998,325.95,875,142.66,771,125.55,316,51.41,573,93.43,0,0.0,0,0.0,-1204,-195.86
300552.SZ,20180921,2185,353.63,2432,394.23,1820,295.34,1032,167.49,275,44.39,816,131.65,0,0.0,0,0.0,689,112.54
300552.SZ,20180920,1960,318.2,1648,267.78,981,158.96,1157,187.34,172,27.84,308,49.89,0,0.0,0,0.0,-1133,-183.4
300552.SZ,20180919,2504,409.27,2151,351.94,1110,181.61,1607,262.89,1168,191.58,1024,167.63,0,0.0,0,0.0,720,118.23
300552.SZ,20180918,2378,383.04,2353,379.24,1436,231.95,1012,163.0,530,85.65,979,158.4,0,0.0,0,0.0,1620,262.82
300552.SZ,20180917,4063,648.42,2469,393.16,1547,246.64,2191,350.25,355,56.19,1305,207.83,0,0.0,0,0.0,409,65.14
300552.SZ,20180914,2963,493.94,1816,303.09,951,157.84,1340,223.17,450,75.04,1208,200.57,0,0.0,0,0.0,-306,-50.12
300552.SZ,20180913,1630,269.82,2201,365.04,1051,174.93,480,79.72,0,0.0,0,0.0,0,0.0,0,0.0,50,8.68
300552.SZ,20180912,1996,329.74,1721,284.09,575,95.3,854,141.56,204,33.81,200,33.2,0,0.0,0,0.0,517,86.67
300552.SZ,20180911,1695,279.54,2126,350.6,832,137.23,628,103.57,227,37.41,0,0.0,0,0.0,0,0.0,321,53.67
300552.SZ,20180910,3317,550.84,2886,479.83,1933,320.92,2500,414.96,701,116.81,565,93.79,0,0.0,0,0.0,-1612,-267.79
300552.SZ,20180907,2154,369.29,2317,397.9,1357,233.26,1394,239.34,200,34.69,0,0.0,0,0.0,0,0.0,-209,-34.32
300552.SZ,20180906,1948,332.88,3094,530.33,2751,472.61,2277,390.3,792,135.78,120,20.63,0,0.0,0,0.0,417,72.34
300552.SZ,20180905,1968,335.55,1708,291.93,1267,216.33,1382,235.41,0,0.0,145,24.53,0,0.0,0,0.0,-775,-131.54
300552.SZ,20180904,2758,467.66,2234,379.38,1818,308.54,2653,449.81,311,52.99,0,0.0,0,0.0,0,0.0,-99,-15.77
300552.SZ,20180903,3630,604.42,3202,534.59,1695,282.71,2184,362.86,61,10.33,0,0.0,0,0.0,0,0.0,-935,-154.07
300552.SZ,20180831,2851,488.87,2282,392.03,1428,244.88,1666,285.23,0,0.0,331,56.49,0,0.0,0,0.0,-975,-166.23
300552.SZ,20180830,3438,597.97,2800,488.1,2744,476.82,2816,489.62,822,143.02,1388,240.08,0,0.0,0,0.0,-623,-108.72
300552.SZ,20180829,2954,533.0,2868,517.98,2308,417.68,2520,456.39,299,54.6,173,30.91,0,0.0,0,0.0,570,103.46
300552.SZ,20180828,2847,509.06,1860,333.32,3163,566.67,3212,575.59,358,64.24,1001,178.54,0,0.0,295,52.51,-801,-142.67
300552.SZ,20180827,2654,479.21,3029,547.78,2662,480.94,2994,540.7,1079,194.53,372,66.19,0,0.0,0,0.0,-147,-26.3
300552.SZ,20180824,2950,525.94,2938,524.6,2989,534.38,3064,547.35,319,57.04,256,45.41,0,0.0,0,0.0,144,28.17
300552.SZ,20180823,2105,371.21,2517,444.7,2249,397.23,1994,351.1,180,31.61,24,4.25,0,0.0,0,0.0,788,139.92
300552.SZ,20180822,1817,318.6,1667,292.55,1482,259.84,1497,262.39,0,0.0,135,23.5,0,0.0,0,0.0,-1215,-212.85
300552.SZ,20180821,2533,446.53,3184,561.34,2685,472.39,2776,489.37,751,133.53,10,1.74,0,0.0,0,0.0,459,81.51
300552.SZ,20180820,2505,429.5,2557,438.38,1413,242.3,1707,293.13,382,65.69,35,5.98,0,0.0,0,0.0,704,122.45
300552.SZ,20180817,2318,400.73,2001,346.29,1374,238.45,1592,275.5,0,0.0,99,17.39,0,0.0,0,0.0,-1158,-200.32
300552.SZ,20180816,1889,329.53,1551,271.3,1145,200.43,1273,222.31,0,0.0,210,36.35,0,0.0,0,0.0,-76,-12.46
300552.SZ,20180815,2930,517.84,1983,351.11,1345,238.4,2065,364.68,0,0.0,227,40.45,0,0.0,0,0.0,-727,-128.31
300552.SZ,20180814,2075,373.06,2123,382.16,1648,297.51,1499,270.1,578,103.95,679,122.25,0,0.0,0,0.0,-1863,-334.68
300552.SZ,20180813,2200,390.45,2143,380.93,1432,253.85,1599,282.85,257,45.56,147,26.08,0,0.0,0,0.0,473,84.54
300552.SZ,20180810,1895,332.57,1659,291.07,1074,188.59,1363,239.52,117,20.66,64,11.23,0,0.0,0,0.0,-124,-21.15
300552.SZ,20180809,2212,385.48,3152,549.52,2760,481.1,2086,363.46,395,69.07,129,22.68,0,0.0,0,0.0,1481,257.23
300552.SZ,20180808,2064,352.38,1439,246.18,869,148.77,1547,263.96,32,5.52,31,5.36,52,8.81,0,0.0,-621,-105.09
300552.SZ,20180807,1708,293.44,1696,291.48,1060,182.62,1073,184.76,151,26.17,150,26.0,0,0.0,0,0.0,187,32.86
300552.SZ,20180806,2117,362.55,1343,230.56,987,168.95,1580,269.63,0,0.0,181,31.31,0,0.0,0,0.0,-548,-94.72
300552.SZ,20180803,1793,314.67,1705,299.43,1203,211.25,1717,301.3,455,79.88,29,5.08,0,0.0,0,0.0,-588,-102.66
300552.SZ,20180802,4593,821.11,3153,563.73,3784,676.01,4511,807.15,141,25.08,855,151.33,0,0.0,0,0.0,-1270,-228.05
300552.SZ,20180801,2433,461.75,2241,425.32,1638,311.02,1912,362.59,384,72.62,303,57.48,0,0.0,0,0.0,-1234,-233.3
300552.SZ,20180731,2610,495.25,1521,289.51,1592,302.5,2393,453.23,160,30.06,448,85.07,0,0.0,0,0.0,1074,204.52
300552.SZ,20180730,3642,694.42,2542,485.23,2254,429.63,2780,529.62,112,21.24,686,130.43,0,0.0,0,0.0,-962,-183.83
300552.SZ,20180727,4088,797.89,2246,438.47,2128,414.3,2899,565.29,666,129.93,1737,338.37,0,0.0,0,0.0,-147,-28.68
300552.SZ,20180726,3582,710.1,3233,642.43,3717,737.79,3430,680.01,943,187.06,1579,312.51,0,0.0,0,0.0,-1746,-344.34
300552.SZ,20180725,3132,625.95,3128,626.36,3233,646.71,3906,781.16,1836,368.62,1167,233.76,0,0.0,0,0.0,-1801,-358.81
300552.SZ,20180724,4320,856.19,4121,817.9,3761,747.04,4663,926.04,1602,319.67,899,178.97,0,0.0,0,0.0,-360,-69.57
300552.SZ,20180723,4826,953.57,5103,1007.6,4665,923.95,4133,817.53,1674,333.8,1929,386.19,0,0.0,0,0.0,-118,-25.84
300552.SZ,20180720,2291,438.04,2680,512.82,2779,532.43,2485,475.55,536,102.35,441,84.44,0,0.0,0,0.0,1250,239.56
300552.SZ,20180719,5011,958.16,3088,589.44,3099,591.8,4886,933.69,646,123.59,782,150.42,0,0.0,0,0.0,-1830,-347.6
300552.SZ,20180718,4157,820.68,4424,874.12,3712,733.61,3419,675.45,129,25.54,155,30.27,0,0.0,0,0.0,-1763,-347.09
300552.SZ,20180717,3964,782.53,3606,712.24,4047,799.61,3781,746.5,177,35.0,801,158.41,0,0.0,0,0.0,906,180.37
300552.SZ,20180716,4547,884.44,3499,682.41,3527,685.57,4460,865.9,289,56.35,404,78.05,0,0.0,0,0.0,-1099,-211.45
300552.SZ,20180713,3809,749.76,3249,639.9,2924,576.3,3667,722.31,641,126.61,458,90.46,0,0.0,0,0.0,-1623,-318.5
300552.SZ,20180712,4015,787.96,5081,997.23,4405,863.45,4124,808.59,940,184.71,155,30.29,0,0.0,0,0.0,2066,404.68
300552.SZ,20180711,6243,1205.52,4176,806.8,4449,860.11,5463,1054.86,664,127.04,1717,331.01,0,0.0,0,0.0,-2580,-499.68
300552.SZ,20180710,3621,720.52,3942,785.68,5343,1064.97,5259,1047.75,2474,492.63,2237,444.69,0,0.0,0,0.0,224,46.89
300552.SZ,20180709,3411,670.02,3930,773.17,5220,1025.55,4204,825.2,787,154.59,1284,251.8,0,0.0,0,0.0,-22,-1.74
300552.SZ,20180706,5783,1119.46,5321,1034.72,5214,1014.43,6222,1206.59,1393,271.09,847,163.66,0,0.0,0,0.0,-924,-176.4
300552.SZ,20180705,5532,1095.17,4326,860.56,4777,950.57,5912,1171.55,984,196.26,1055,209.9,0,0.0,0,0.0,-2551,-503.59
300552.SZ,20180704,9270,1889.91,4378,895.04,8990,1839.16,10941,2234.4,1162,238.46,4103,838.09,0,0.0,0,0.0,-5901,-1204.93
300552.SZ,20180703,5735,1199.69,5651,1185.15,7803,1635.78,8131,1705.67,3196,672.25,2952,616.91,0,0.0,0,0.0,1582,340.71
300552.SZ,20180702,8794,1852.55,4731,996.76,9992,2103.96,10480,2208.56,2870,601.86,6444,1353.05,0,0.0,0,0.0,-3885,-809.2
300552.SZ,20180629,6709,1415.76,7617,1612.59,10695,2260.51,10372,2192.72,3591,760.81,3506,739.53,500,107.78,0,0.0,3248,692.13
300552.SZ,20180628,9970,2104.14,5020,1059.89,10118,2136.26,9999,2109.0,3035,640.38,6394,1351.21,0,0.0,1710,360.68,-5270,-1109.84
300552.SZ,20180627,8370,1793.3,9986,2142.25,12778,2740.21,14376,3087.86,8435,1811.11,5412,1161.29,895,195.28,703,148.5,106,29.8
300552.SZ,20180626,6001,1229.16,5451,1118.27,7443,1526.81,7520,1540.83,3191,653.85,3745,767.63,82,16.91,0,0.0,1239,260.28
300552.SZ,20180625,7152,1492.15,5642,1178.09,8157,1702.38,8769,1830.95,2202,459.22,3100,644.71,0,0.0,0,0.0,-5581,-1161.41
300552.SZ,20180622,10031,2097.46,7424,1553.72,10614,2217.4,11661,2436.97,1923,402.54,3582,747.7,99,20.99,0,0.0,-701,-142.66
300552.SZ,20180621,19405,4330.65,13736,3079.4,20163,4517.0,23025,5128.97,8697,1937.16,12756,2868.09,2063,463.63,810,171.97,-11601,-2603.72
300552.SZ,20180620,26202,6239.66,18843,4487.21,27879,6647.39,26145,6228.23,13834,3284.1,21736,5174.68,2774,654.31,3966,935.33,10063,2360.5
300552.SZ,20180619,4703,1232.53,2079,545.95,4836,1268.31,3057,801.59,2916,765.76,4488,1176.85,0,0.0,2831,742.21,3625,949.08
300552.SZ,20180615,26417,7646.07,24246,7039.94,32502,9384.62,35960,10454.32,24997,7239.05,25548,7374.54,12461,3676.82,10622,3077.76,-3284,-1018.2
300552.SZ,20180614,18651,5211.12,17646,4968.35,26635,7459.58,28029,7875.8,14993,4241.67,20190,5692.38,12439,3588.82,6852,1964.66,-15141,-4349.75
300552.SZ,20180613,10825,2894.65,11048,2963.96,14040,3764.14,16118,4316.92,6972,1876.04,5819,1560.74,1230,328.35,82,21.57,1225,339.92
300552.SZ,20180612,8444,2149.83,8023,2053.52,9521,2425.45,10373,2645.39,3891,1004.64,3382,859.83,184,47.45,263,68.64,-968,-246.57
300552.SZ,20180611,9302,2456.32,7513,1988.83,12709,3360.34,14044,3715.41,5238,1385.83,6306,1659.12,614,160.87,0,0.0,1954,514.87
300552.SZ,20180608,9251,2419.25,7788,2043.77,11962,3138.92,11245,2944.38,3802,997.56,5982,1567.59,0,0.0,0,0.0,-2302,-592.6
300552.SZ,20180607,17024,4607.37,9378,2535.43,18820,5095.56,18419,4980.83,9552,2596.35,14184,3844.18,754,208.63,4168,1147.47,-5144,-1374.67
300552.SZ,20180606,2253,569.53,6116,1588.87,3751,956.78,6982,1814.96,1764,455.5,3673,971.18,12253,3257.37,3250,864.18,-9441,-2537.56
300552.SZ,20180605,4615,1105.81,3344,803.29,5006,1201.84,5609,1346.04,1540,370.46,2208,528.78,0,0.0,0,0.0,483,119.81
300552.SZ,20180604,4633,1138.72,3095,766.82,5427,1332.0,5209,1276.07,1438,350.34,3194,778.16,0,0.0,0,0.0,-1811,-451.85
300552.SZ,20180601,4563,1140.66,4457,1119.29,5717,1435.76,6276,1573.78,2338,587.63,1885,470.97,0,0.0,0,0.0,-1388,-341.58
300552.SZ,20180531,4572,1143.16,3918,980.43,5632,1408.64,5726,1432.2,2197,548.91,2846,710.48,89,22.4,0,0.0,-1982,-493.87
300552.SZ,20180530,10159,2590.18,7581,1936.13,12154,3105.85,12634,3230.22,2993,768.2,5138,1310.18,580,149.82,532,137.52,-7506,-1915.17
300552.SZ,20180529,13873,3811.62,10810,2984.71,17245,4756.49,18436,5081.99,7051,1959.23,7899,2173.36,0,0.0,1025,287.27,1372,396.27
300552.SZ,20180528,9385,2489.42,8185,2183.16,12244,3260.66,11635,3098.68,3936,1045.35,5664,1494.66,318,85.86,400,104.8,-390,-93.22
300552.SZ,20180525,10367,2772.15,9223,2468.47,14455,3868.9,16121,4325.11,7180,1921.93,8706,2343.29,2129,596.57,81,22.68,-2053,-578.17
300552.SZ,20180524,2695,689.3,2319,594.39,3603,922.33,3349,857.32,1223,313.44,1853,473.36,0,0.0,0,0.0,-845,-215.03
300552.SZ,20180523,4511,1168.09,2883,748.22,5508,1427.19,5475,1419.12,1606,417.16,3267,845.11,0,0.0,0,0.0,-2069,-534.37
300552.SZ,20180522,5295,1370.63,5622,1461.93,8104,2106.43,9379,2436.13,5761,1502.05,3732,968.79,0,0.0,427,112.26,2442,645.04
300552.SZ,20180521,3438,889.07,3232,836.93,4850,1255.48,5407,1399.88,2023,523.88,1637,422.48,123,32.0,158,41.15,-491,-126.23
300552.SZ,20180518,4389,1124.06,3143,805.35,4538,1163.92,4197,1076.42,422,107.4,2009,513.61,0,0.0,0,0.0,-2509,-640.34
300552.SZ,20180517,4304,1109.57,5976,1544.22,6724,1734.7,6371,1643.8,3613,934.97,1920,495.39,523,135.28,898,231.11,3181,825.14
300552.SZ,20180516,3887,992.01,4699,1203.3,5852,1497.83,6301,1611.59,2261,580.83,1136,290.38,679,172.84,543,138.25,-1728,-437.03
300552.SZ,20180515,3218,801.95,4603,1149.29,5223,1303.15,4654,1159.25,2738,684.45,1957,489.75,35,8.75,0,0.0,1849,467.6
300552.SZ,20180514,3400,836.7,3194,787.4,2409,593.18,2454,603.39,496,123.22,657,162.31,0,0.0,0,0.0,-1558,-382.54
300552.SZ,20180511,4479,1121.76,3409,853.71,4069,1018.78,4196,1050.54,942,235.87,1885,472.17,0,0.0,0,0.0,-2009,-505.52
300552.SZ,20180510,4079,1048.63,3973,1024.51,6001,1544.94,6341,1632.17,2484,640.55,2250,577.44,0,0.0,0,0.0,-2494,-638.08
300552.SZ,20180509,4507,1152.74,5055,1296.61,7829,2006.55,6510,1670.06,2022,515.6,1762,452.3,0,0.0,1030,255.92,883,220.79
300552.SZ,20180508,2567,640.94,2897,724.19,3487,871.33,3586,896.2,1766,442.13,1337,334.0,0,0.0,0,0.0,2230,560.55
300552.SZ,20180507,2579,635.0,2543,626.8,2886,711.66,2979,734.14,542,134.13,485,119.85,0,0.0,0,0.0,581,143.48
300552.SZ,20180504,2501,606.83,2071,502.99,2388,579.88,2987,725.13,1221,296.94,1052,255.52,0,0.0,0,0.0,-204,-47.8
300552.SZ,20180503,4115,972.34,3244,771.37,4386,1035.87,4093,963.99,534,127.82,1698,400.66,0,0.0,0,0.0,1489,358.89
300552.SZ,20180502,4856,1169.97,2847,688.28,4417,1062.29,5113,1225.42,692,164.49,2005,483.04,0,0.0,0,0.0,-2002,-488.75
300552.SZ,20180427,3622,910.75,3488,879.11,3934,991.37,4228,1064.92,1348,340.6,1188,298.7,0,0.0,0,0.0,-1490,-372.03
300552.SZ,20180426,5224,1331.54,3819,974.82,5967,1521.46,6430,1642.0,1423,366.76,2195,559.64,0,0.0,170,43.3,-2818,-712.07
300552.SZ,20180425,5130,1306.2,6064,1546.3,8018,2041.63,7546,1922.1,3276,835.54,2781,706.46,0,0.0,33,8.51,589,150.15
300552.SZ,20180424,3699,919.01,4043,1006.43,5022,1252.24,4865,1209.52,1835,456.65,1733,432.68,85,20.74,0,0.0,1679,417.08
300552.SZ,20180423,2279,547.54,2463,592.03,2881,692.92,2642,634.86,479,115.07,534,128.62,0,0.0,0,0.0,-527,-124.83
300552.SZ,20180420,3793,922.95,2865,698.23,3280,797.91,3875,942.09,451,109.5,784,190.04,0,0.0,0,0.0,-1692,-408.65
300552.SZ,20180419,3495,876.3,3095,778.47,3429,861.84,3402,853.72,1535,385.76,1962,491.71,0,0.0,0,0.0,-281,-69.79
300552.SZ,20180418,5519,1349.64,5157,1264.99,7147,1752.93,6699,1638.26,1285,311.49,1670,410.3,0,0.0,425,100.51,305,81.66
300552.SZ,20180417,6983,1775.42,5001,1273.58,6778,1719.19,7705,1955.42,2116,535.16,3171,800.77,0,0.0,0,0.0,-4587,-1165.47
300552.SZ,20180416,7341,1915.34,5775,1511.27,7408,1937.67,7671,2002.31,1535,402.42,2846,743.95,8,2.1,0,0.0,-1038,-269.24
300552.SZ,20180413,9514,2572.32,9628,2601.29,10815,2921.8,11890,3210.32,5179,1397.79,4456,1202.62,467,122.32,0,0.0,-144,-37.31
300552.SZ,20180412,6072,1569.7,6144,1588.98,8679,2245.85,7371,1906.56,2296,593.71,3562,921.37,30,7.65,0,0.0,-307,-75.06
300552.SZ,20180411,4780,1217.36,5772,1471.8,7918,2017.29,6711,1709.24,2063,526.02,2137,543.52,0,0.0,142,36.1,67,17.48
300552.SZ,20180410,6721,1668.66,5157,1282.37,7342,1824.48,8111,2014.08,4211,1050.56,5006,1247.25,0,0.0,0,0.0,-1435,-355.12
300552.SZ,20180409,6747,1690.74,5258,1320.52,7684,1926.07,7616,1910.04,2429,610.19,3985,996.45,0,0.0,0,0.0,-496,-121.47
300552.SZ,20180404,6314,1695.04,4726,1274.68,5283,1424.1,7188,1932.73,2905,783.75,2588,695.48,0,0.0,0,0.0,-2624,-700.4
300552.SZ,20180403,6064,1628.79,5188,1396.24,7273,1954.79,6718,1806.55,1391,374.57,3021,809.36,304,82.08,104,28.08,-3488,-935.06
300552.SZ,20180402,8769,2418.32,9109,2517.78,12445,3434.06,12607,3481.82,4853,1345.16,4861,1338.98,509,141.04,0,0.0,794,229.24
300552.SZ,20180330,13494,3643.35,10879,2948.16,15716,4255.05,14377,3893.06,6512,1765.19,9603,2598.68,0,0.0,862,223.69,-1962,-519.49
300552.SZ,20180329,20550,5771.17,10720,3013.21,19848,5590.23,20010,5617.49,13715,3895.02,17120,4826.42,1017,284.06,7280,2083.35,-6069,-1693.83
300552.SZ,20180328,1109,306.61,5063,1402.97,1794,495.7,7359,2039.21,4130,1144.42,6588,1825.55,17014,4711.15,5037,1390.16,-14860,-4119.13
300552.SZ,20180327,608,146.1,2927,722.68,1543,376.39,2665,658.93,3277,813.95,2093,523.28,2757,694.41,500,125.95,-4795,-1211.63
300552.SZ,20180326,2685,595.86,2112,470.69,2582,571.33,2954,653.07,387,86.75,588,130.17,0,0.0,0,0.0,-274,-58.33
300552.SZ,20180323,5582,1303.66,3201,749.97,4264,997.57,5598,1309.57,1373,320.1,1887,439.61,0,0.0,533,122.19,-2533,-597.37
300552.SZ,20180322,3602,889.16,5049,1250.44,5205,1288.67,4349,1074.42,1945,482.03,1380,341.18,25,6.19,0,0.0,772,191.93
300552.SZ,20180321,2798,685.82,3434,842.09,4681,1147.23,4602,1127.67,2355,577.12,1798,440.4,0,0.0,0,0.0,502,125.03
300552.SZ,20180320,4134,1000.43,1959,474.47,3750,908.79,4941,1196.41,1019,246.75,2085,505.26,82,20.17,0,0.0,-1891,-456.93
300552.SZ,20180319,3514,858.5,5311,1297.66,7643,1865.56,4916,1203.48,3602,883.12,4532,1106.04,0,0.0,0,0.0,2965,724.98
300552.SZ,20180316,2014,472.69,1801,423.52,2783,654.85,3178,746.81,832,195.57,651,152.76,0,0.0,0,0.0,1163,274.42
300552.SZ,20180315,3651,850.17,2564,599.25,2657,618.83,3708,863.9,1029,241.54,1258,292.66,733,172.17,540,126.9,-688,-161.12
300552.SZ,20180314,3326,806.06,1723,418.07,3432,831.52,3812,922.1,1063,256.16,2286,553.58,0,0.0,0,0.0,-1973,-478.12
300552.SZ,20180313,2670,656.91,3090,762.59,3897,959.78,4082,1004.87,1499,370.62,790,193.83,540,133.33,645,159.34,-2620,-644.91
300552.SZ,20180312,4608,1139.43,3664,908.14,4582,1134.61,4982,1233.31,1554,385.16,2098,517.74,0,0.0,0,0.0,-2100,-517.12
300552.SZ,20180309,4217,1027.42,5357,1309.45,6994,1706.98,7405,1806.93,2819,683.58,1825,440.85,558,139.24,0,0.0,825,196.77
300552.SZ,20180308,2069,486.16,2444,574.63,3835,901.82,3241,761.73,922,216.97,1356,319.03,215,50.45,0,0.0,-126,-28.11
300552.SZ,20180307,2951,686.87,3483,811.38,4212,981.43,4097,954.68,1554,363.84,1657,385.31,520,119.23,0,0.0,-225,-50.74
300552.SZ,20180306,1819,417.12,1652,379.28,1604,367.5,1955,447.68,460,105.59,276,63.25,0,0.0,0,0.0,-3,-0.28
300552.SZ,20180305,1410,320.25,1327,301.96,1104,251.19,1206,274.02,177,40.42,158,35.87,0,0.0,0,0.0,24,6.29
300552.SZ,20180302,1722,393.15,1739,397.67,1761,404.0,1950,445.96,530,121.07,324,74.59,0,0.0,0,0.0,-460,-104.91
300552.SZ,20180301,1654,373.18,1875,423.95,2108,476.63,2151,486.17,622,140.77,358,80.46,0,0.0,0,0.0,532,119.45
300552.SZ,20180228,1230,273.92,1514,337.52,1363,303.82,1653,368.54,774,173.18,200,44.86,0,0.0,0,0.0,-263,-57.83
300552.SZ,20180227,1768,393.27,1833,408.66,1769,394.06,1726,384.24,1276,284.35,1254,278.78,0,0.0,0,0.0,-367,-80.34
300552.SZ,20180226,1207,265.92,1574,346.72,1922,424.31,1397,308.4,142,31.41,300,66.52,0,0.0,0,0.0,-157,-35.02
300552.SZ,20180223,781,168.38,686,147.98,498,107.4,500,107.75,7,1.51,100,21.56,0,0.0,0,0.0,-170,-36.51
300552.SZ,20180222,564,121.37,722,155.48,605,130.05,547,117.46,100,21.52,0,0.0,0,0.0,0,0.0,-69,-14.73
300552.SZ,20180214,626,132.59,800,169.76,836,177.36,462,97.94,0,0.0,200,42.25,0,0.0,0,0.0,-140,-29.38
300552.SZ,20180213,1175,250.38,830,176.91,803,171.25,908,193.65,280,59.74,520,110.81,0,0.0,0,0.0,-720,-153.24
300552.SZ,20180212,1318,279.89,1131,241.22,1543,328.35,1575,334.71,355,75.7,510,108.01,0,0.0,0,0.0,152,33.31
300552.SZ,20180209,1438,302.16,1446,303.97,1916,402.72,1642,345.01,0,0.0,266,55.9,0,0.0,0,0.0,-1248,-261.78
300552.SZ,20180208,957,205.7,1045,224.95,1261,271.43,1360,292.2,187,40.02,0,0.0,0,0.0,0,0.0,-105,-22.3
300552.SZ,20180207,1500,319.42,1884,402.22,1565,334.2,1183,252.72,241,53.01,239,51.69,0,0.0,0,0.0,-974,-208.02
300552.SZ,20180206,4397,956.76,2534,550.29,2714,590.46,4073,886.97,262,56.24,766,166.21,0,0.0,0,0.0,-2269,-491.83
300552.SZ,20180205,4281,983.61,3499,806.33,3694,858.22,4725,1095.1,2103,485.59,1854,425.98,0,0.0,0,0.0,-34,-20.0
300552.SZ,20180202,1941,424.4,1419,311.74,1549,339.38,2005,439.09,523,115.27,589,128.22,0,0.0,0,0.0,574,126.69
300552.SZ,20180201,2917,663.11,1901,430.92,1901,431.08,2607,591.33,202,44.89,512,116.84,0,0.0,0,0.0,-1972,-448.49
300552.SZ,20180131,3619,867.76,2237,536.37,3281,786.51,3809,912.89,353,85.23,1207,290.24,0,0.0,0,0.0,-2717,-650.26
300552.SZ,20180130,2076,510.55,1700,419.1,2173,534.66,1674,411.76,31,7.6,906,221.95,0,0.0,0,0.0,-545,-133.65
300552.SZ,20180129,3478,866.92,1994,497.16,2720,676.46,2876,715.1,58,14.33,1386,345.44,0,0.0,0,0.0,-1523,-380.51
300552.SZ,20180126,2279,582.13,1710,437.7,1521,389.12,1803,460.82,196,50.25,483,122.98,0,0.0,0,0.0,-1148,-292.68
300552.SZ,20180125,1538,402.49,1879,492.26,1965,514.76,1906,498.53,499,130.33,217,56.79,0,0.0,0,0.0,-420,-109.54
300552.SZ,20180124,2227,572.98,2482,639.71,2604,671.41,2567,661.14,885,228.36,667,171.9,0,0.0,0,0.0,415,108.14
300552.SZ,20180123,1267,324.01,1224,313.14,1110,283.99,1023,261.62,0,0.0,130,33.24,0,0.0,0,0.0,-453,-115.59
300552.SZ,20180122,3052,770.41,2662,675.64,2560,649.04,2121,536.45,348,88.81,1177,296.16,0,0.0,0,0.0,-964,-243.09
300552.SZ,20180119,4887,1258.85,2865,739.01,3277,844.58,3868,996.76,501,129.39,1932,497.04,0,0.0,0,0.0,-2401,-618.21
300552.SZ,20180118,5738,1531.32,4390,1173.39,5485,1466.35,5826,1557.1,2248,602.11,2637,703.19,0,0.0,617,166.1,1426,381.86
300552.SZ,20180117,1847,471.3,2361,603.86,2029,519.24,1790,456.81,594,151.53,319,81.4,0,0.0,0,0.0,563,145.82
300552.SZ,20180116,1924,489.53,1845,470.73,1072,273.66,1048,267.11,207,53.04,310,78.39,0,0.0,0,0.0,-323,-81.0
300552.SZ,20180115,3484,890.79,2320,593.96,2678,684.95,3277,836.74,394,101.12,958,246.16,0,0.0,0,0.0,-1729,-443.24
300552.SZ,20180112,3369,898.19,2250,601.31,2212,591.09,2661,709.97,227,60.04,897,238.04,0,0.0,0,0.0,-1314,-349.92
300552.SZ,20180111,2417,644.31,4525,1207.97,4493,1199.92,3141,839.18,1242,331.14,486,128.21,0,0.0,0,0.0,1274,341.88
300552.SZ,20180110,1976,517.31,2034,533.38,2227,583.57,1851,484.45,285,74.84,606,158.68,3,0.79,0,0.0,-846,-221.61
300552.SZ,20180109,2563,675.28,2019,532.31,1622,427.61,2038,537.04,389,102.6,552,145.35,35,9.21,0,0.0,-727,-191.43
300552.SZ,20180108,3070,816.28,3815,1015.89,3829,1018.77,3621,962.44,1390,369.82,854,226.55,0,0.0,0,0.0,-854,-225.31
300552.SZ,20180105,2671,698.22,3046,797.12,3527,922.93,2924,764.57,835,218.82,1063,278.28,0,0.0,0,0.0,125,33.86
300552.SZ,20180104,2729,709.29,1995,519.36,2339,608.66,2704,703.12,559,145.08,928,240.55,0,0.0,0,0.0,-844,-219.49
300552.SZ,20180103,2091,539.89,2899,751.88,3267,845.93,2740,708.05,974,251.74,693,177.62,0,0.0,0,0.0,1446,375.75
300552.SZ,20180102,2414,618.33,1585,406.12,1837,470.63,1990,509.69,239,61.19,915,234.34,0,0.0,0,0.0,-523,-133.37
300552.SZ,20191231,6254,5239.54,8256,6914.21,7536,6315.99,7533,6316.56,6245,5237.53,4811,4034.62,1771,1488.31,1206,1015.98,370,325.87
300552.SZ,20191230,11495,9208.58,12662,10185.95,16454,13402.66,14967,12157.34,10085,8233.19,9893,8075.88,1895,1552.42,2408,1977.67,7265,5963.64
300552.SZ,20191227,12817,10190.67,8370,6649.64,9494,7529.77,9188,7303.75,5048,3994.64,9286,7366.88,4295,3396.71,4810,3791.51,-9226,-7305.65
300552.SZ,20191226,6200,5115.21,6459,5331.25,5743,4737.29,5178,4276.34,3766,3109.76,4111,3387.68,2242,1841.1,2203,1808.09,-2274,-1852.51
300552.SZ,20191225,7363,6048.7,8464,6958.32,10106,8315.31,9363,7707.41,6612,5448.51,5790,4768.76,935,772.8,1399,1150.83,2382,1971.14
300552.SZ,20191224,6577,5270.05,7031,5635.17,5804,4652.56,5830,4671.13,4586,3671.82,4344,3477.58,5172,4130.85,4934,3941.4,-6166,-4921.07
300552.SZ,20191223,12576,10222.71,12069,9815.46,11264,9180.82,14674,12001.85,10327,8460.56,7821,6379.97,2324,1899.31,1927,1566.12,-1333,-1044.62
300552.SZ,20191220,7158,5892.82,5746,4735.51,5092,4190.52,5390,4435.61,2940,2417.2,3839,3153.17,580,475.6,795,651.83,-108,-82.79
300552.SZ,20191219,6792,5635.84,5142,4272.49,5800,4816.23,6507,5401.41,2693,2231.74,4357,3608.74,1830,1514.35,1109,915.53,-1237,-1014.36
300552.SZ,20191218,8988,7492.66,8905,7440.95,10228,8535.8,9790,8175.03,4993,4174.52,5712,4753.15,765,635.44,567,469.29,652,569.01
300552.SZ,20191217,10223,8623.61,7475,6313.82,9351,7891.81,11615,9805.16,5593,4724.17,6711,5657.25,1242,1049.45,608,512.82,-744,-614.99
300552.SZ,20191216,12088,10121.65,11707,9817.07,16667,13917.38,16198,13558.83,16056,13463.87,15291,12805.23,1395,1190.3,3010,2512.09,-2270,-1859.93
300552.SZ,20191213,7065,6176.16,7827,6855.22,7792,6815.04,8277,7245.44,9443,8285.08,7658,6712.8,2084,1811.38,2622,2274.2,355,347.96
300552.SZ,20191212,8187,7120.34,14697,12800.69,11723,10205.7,11331,9877.61,11308,9870.65,5840,5083.23,650,564.84,0,0.0,-2292,-1974.75
300552.SZ,20191211,12689,10797.37,11627,9934.14,17062,14648.62,17212,14776.62,10041,8642.33,11168,9578.54,2473,2147.84,2257,1946.85,8021,6942.76
300552.SZ,20191210,10676,8798.78,11782,9734.63,14795,12210.16,12811,10588.05,9902,8194.01,9997,8244.08,2356,1955.71,3139,2591.9,3086,2590.72
300552.SZ,20191209,12279,10028.15,11885,9697.08,12161,9932.04,11265,9202.74,12017,9801.5,11872,9696.44,1028,840.95,2462,2006.38,-2265,-1827.44
300552.SZ,20191206,15037,12431.1,12406,10255.9,21948,18145.05,18675,15444.13,17658,14602.12,18617,15392.68,3761,3128.61,8706,7214.17,2104,1782.08
300552.SZ,20191205,2995,2314.14,6079,4749.07,5640,4391.02,9535,7461.8,10745,8340.35,13343,10399.13,12653,10000.25,3075,2435.76,-7682,-6214.16
300552.SZ,20191204,12071,8465.86,14402,10170.06,13819,9783.23,15815,11192.59,11464,8126.73,8469,5963.33,2681,1892.81,1349,942.65,2442,1770.38
300552.SZ,20191203,14050,9566.1,15949,10849.54,15524,10589.84,16262,11055.8,12079,8205.46,14181,9630.27,6310,4256.94,1572,1082.74,-511,-346.23
300552.SZ,20191202,6653,4563.49,3911,2723.2,7590,5173.56,5154,3538.63,5438,3695.53,5320,3611.34,414,276.96,5710,3836.38,2914,1905.61
300552.SZ,20191129,8103,5945.06,6855,5036.31,5439,3997.07,6113,4486.27,2675,1960.92,3658,2679.88,550,402.68,140,103.25,-1571,-1140.41
300552.SZ,20191128,7518,5578.2,6917,5135.64,4106,3040.2,4202,3112.98,2569,1902.04,2731,2016.07,126,92.58,470,348.32,-623,-455.24
300552.SZ,20191127,8345,6206.64,9026,6721.98,6307,4695.32,5942,4427.22,4645,3463.52,4150,3081.8,242,179.03,421,313.51,295,227.88
300552.SZ,20191126,15157,11470.76,11832,8957.9,10438,7878.34,10592,8013.04,6630,4988.28,8152,6142.69,1515,1158.19,3165,2381.94,-2616,-1987.52
300552.SZ,20191125,16315,12506.22,12323,9458.37,11194,8569.54,11419,8743.39,7644,5864.56,10192,7813.17,501,387.39,1720,1312.78,-2710,-2091.4
300552.SZ,20191122,7798,6370.48,5253,4295.62,6271,5112.91,6040,4930.58,3813,3101.17,5493,4468.84,243,194.4,1339,1083.92,-1569,-1261.72
300552.SZ,20191121,5034,4170.83,4545,3770.55,4395,3644.06,4497,3726.2,2475,2049.5,2607,2158.2,0,0.0,255,209.45,-280,-225.72
300552.SZ,20191120,6687,5606.9,5987,5018.25,5685,4760.09,5476,4587.07,4064,3399.89,4689,3922.3,332,276.35,616,515.61,-4031,-3369.42
300552.SZ,20191119,7594,6377.17,8358,7019.91,10133,8558.62,9107,7672.88,9347,7850.19,9113,7677.01,1342,1123.9,1838,1540.08,3974,3368.37
300552.SZ,20191118,8754,7111.87,6824,5543.62,7476,6081.63,7084,5761.27,4340,3539.73,6019,4900.63,627,514.07,1270,1041.79,3167,2614.68
300552.SZ,20191115,8715,7131.63,9180,7522.64,11363,9326.25,10599,8694.13,8769,7189.87,7716,6328.8,1143,941.83,2495,2044.0,1872,1568.73
300552.SZ,20191114,10939,8864.85,9058,7320.54,12846,10429.42,11235,9115.67,10714,8662.63,12540,10171.84,1530,1237.7,3196,2586.55,7668,6230.32
300552.SZ,20191113,9585,7431.43,10433,8091.31,9423,7325.04,9493,7379.61,8154,6341.78,7726,6013.95,1611,1260.44,1121,873.81,3461,2716.25
300552.SZ,20191112,8862,6697.24,7050,5332.53,7590,5723.78,6379,4817.94,6049,4558.93,8062,6075.03,579,441.97,1589,1196.42,3716,2803.24
300552.SZ,20191111,10468,8041.75,6592,5065.58,6723,5154.24,6350,4873.13,2866,2193.69,6543,5012.15,941,714.35,1513,1153.18,-312,-216.7
300552.SZ,20191108,7807,6100.39,4659,3647.18,5130,4005.6,5052,3951.88,2938,2298.61,5337,4170.67,667,524.24,1494,1159.1,764,609.7
300552.SZ,20191107,8641,6791.04,5996,4723.02,6961,5469.62,7067,5558.91,5156,4050.75,6680,5233.47,200,157.4,1215,953.41,-3968,-3106.83
300552.SZ,20191106,9406,7455.42,8539,6789.96,9976,7932.2,11808,9399.21,9837,7838.52,8392,6678.52,1531,1226.89,2011,1585.34,3193,2586.57
300552.SZ,20191105,10533,8246.4,10959,8594.11,9867,7728.59,7668,6009.81,6835,5353.07,7251,5667.19,697,544.91,2053,1601.86,-1496,-1152.01
300552.SZ,20191104,12822,10136.09,12112,9570.59,13441,10625.98,14904,11812.05,12996,10285.84,11850,9378.1,3264,2579.62,3657,2866.8,3900,3119.41
300552.SZ,20191101,15511,11454.88,12564,9294.7,18367,13575.16,16111,11917.34,15114,11205.83,20078,14860.1,4384,3274.59,4622,3438.31,9923,7617.43
300552.SZ,20191031,11908,8607.21,10294,7459.32,12845,9289.36,10971,7955.08,13478,9769.86,15108,10936.6,3305,2405.39,5163,3720.82,5683,4151.57
300552.SZ,20191030,10229,7339.17,6982,5011.64,9493,6819.3,8331,5971.56,11048,7939.04,12001,8618.16,3420,2447.83,6877,4943.98,2638,1922.9
300552.SZ,20191029,9808,6885.31,9476,6692.62,12767,9010.22,13790,9710.43,20554,14511.18,18425,13055.96,6126,4386.05,7564,5333.76,-5077,-3527.25
300552.SZ,20191028,11857,8460.6,13179,9402.42,13164,9392.45,12519,8926.56,13895,9924.34,10950,7812.05,1752,1244.45,4020,2880.81,-7517,-5334.91
300552.SZ,20191025,14232,10005.21,18454,12947.01,19714,13914.95,20995,14772.86,19836,13939.16,19470,13748.83,7531,5322.04,2394,1712.65,7544,5400.39
300552.SZ,20191024,17340,11578.12,20371,13584.52,25174,16858.31,25174,16829.5,29022,19414.72,26326,17673.67,7430,5039.82,7096,4803.29,-6238,-3961.96
300552.SZ,20191023,9123,6179.91,8657,5863.76,14495,9842.74,16834,11442.32,14479,9838.71,16907,11508.87,18044,12357.37,13742,9403.78,-1059,-763.22
300552.SZ,20191022,3968,2480.6,7189,4489.52,8879,5523.14,13872,8668.42,15497,9648.84,17736,11049.26,21333,13308.25,10880,6753.62,-8019,-5094.52
300552.SZ,20191021,13148,7630.35,15911,9233.84,16553,9623.24,12771,7428.09,18515,10785.5,19805,11522.21,4841,2815.31,4571,2670.25,931,560.07
300552.SZ,20191018,18056,10754.54,8602,5129.49,19766,11809.72,15296,9120.49,9178,5458.82,19509,11665.0,3001,1812.08,6595,3920.18,-3393,-2008.97
300552.SZ,20191017,17484,10585.41,12859,7823.25,24801,15106.99,19470,11790.16,17053,10369.09,20823,12712.28,2791,1707.21,8975,5443.01,-7126,-4366.8
300552.SZ,20191016,13571,8561.43,12075,7639.67,17246,10908.09,17159,10842.41,12989,8256.93,15053,9563.14,3070,1952.44,2588,1633.66,7470,4779.29
300552.SZ,20191015,13953,8601.41,13364,8190.55,20286,12449.98,20417,12543.37,23212,14248.8,21785,13431.28,8208,5087.81,10093,6222.81,653,386.75
300552.SZ,20191014,3502,2130.86,5338,3257.97,5604,3408.86,9644,5881.4,8268,5041.85,11574,7034.93,17695,10786.52,8514,5193.8,-4021,-2482.71
300552.SZ,20191011,12874,6995.83,15583,8521.71,22860,12374.53,23362,12793.8,28246,15466.42,26317,14399.89,16654,9260.63,15371,8382.01,11403,6536.57
300552.SZ,20191010,4973,2530.12,8388,4276.27,8000,4057.87,13587,6945.74,15286,7724.0,15324,7784.2,19815,10257.57,10775,5563.34,10466,5425.9
300552.SZ,20191009,9078,4138.91,12269,5600.45,13777,6308.69,14556,6704.6,9032,4157.09,7964,3657.18,5428,2482.19,2526,1124.65,5427,2462.54
300552.SZ,20191008,10866,4866.37,8261,3712.59,9602,4305.16,10695,4787.79,4758,2135.28,5860,2620.11,561,250.72,972,437.05,-3657,-1643.82
300552.SZ,20190930,10782,4991.0,7468,3459.18,7901,3656.08,8568,3968.11,4046,1877.05,5906,2730.23,32,14.75,819,381.36,-1839,-846.68
300552.SZ,20190927,9042,4266.72,9079,4290.5,8567,4042.84,7461,3524.47,6359,3002.18,6230,2936.72,702,331.88,1900,891.93,-4081,-1922.86
300552.SZ,20190926,15788,7638.52,13285,6379.8,20658,9957.77,14959,7198.36,12456,5944.69,20277,9793.52,5173,2491.49,5554,2660.78,-2985,-1477.71
300552.SZ,20190925,14873,7843.69,7775,4116.1,12621,6651.88,13666,7200.45,8787,4593.52,14415,7584.65,5769,3042.66,6193,3230.55,-2655,-1390.59
300552.SZ,20190924,9422,5213.47,7356,4077.51,11883,6574.64,13173,7300.68,10766,5966.11,11967,6614.28,4286,2361.75,3860,2123.49,-9177,-5063.18
300552.SZ,20190923,8549,4773.5,10243,5718.58,11811,6617.16,13285,7427.3,11989,6676.49,9194,5131.06,2138,1194.56,1764,984.77,2432,1368.6
300552.SZ,20190920,8834,4611.13,10674,5563.08,16931,8828.15,13898,7243.64,13215,6888.01,13549,7076.5,2794,1460.71,3653,1904.78,8700,4568.47
300552.SZ,20190919,9039,4471.22,4812,2386.79,8534,4217.49,9078,4498.48,6635,3282.03,8651,4272.6,763,379.59,2430,1192.47,1384,701.48
300552.SZ,20190918,6810,3402.29,7510,3761.89,9781,4906.15,8590,4308.68,7324,3681.8,8169,4096.58,1663,828.24,1309,651.33,-2853,-1422.93
300552.SZ,20190917,8173,4031.73,8733,4315.9,9379,4640.07,9649,4778.94,8164,4053.43,6743,3348.6,1230,606.53,1821,888.31,-522,-236.79
300552.SZ,20190916,9218,4498.61,7815,3817.19,10326,5055.29,11355,5556.26,5970,2933.43,6760,3311.96,2281,1112.71,1865,914.63,2604,1305.23
300552.SZ,20190912,6484,3138.11,7218,3488.96,8654,4189.39,8659,4188.8,7433,3588.49,6804,3291.86,647,311.08,536,257.44,-6292,-3031.19
300552.SZ,20190911,8859,4289.04,10760,5220.29,13471,6540.56,12370,6010.12,11489,5576.16,10500,5087.05,2054,994.08,2243,1082.37,-1934,-914.83
300552.SZ,20190910,12335,5937.5,12220,5891.42,14057,6776.16,13081,6304.97,10879,5247.2,11315,5451.41,1289,619.68,1944,932.75,777,390.03
300552.SZ,20190909,11483,5403.23,11852,5572.02,17395,8150.44,18979,8939.93,14884,7027.07,14383,6777.98,4481,2144.98,3029,1435.78,8901,4253.67
300552.SZ,20190906,9556,4196.52,7484,3288.99,10564,4637.13,11067,4857.23,7114,3123.61,7709,3384.4,620,271.48,1594,698.13,-2260,-982.88
300552.SZ,20190905,11578,5227.09,10183,4609.53,15549,7026.41,13511,6109.53,8389,3796.79,10776,4863.33,682,305.48,1728,773.37,-2964,-1332.71
300552.SZ,20190904,12461,5596.23,11056,4968.57,16690,7483.39,18004,8094.05,14238,6389.85,14541,6510.05,4049,1819.34,3837,1716.14,4439,2006.35
300552.SZ,20190903,13193,5582.1,10869,4606.35,18281,7737.23,21150,8950.46,17894,7593.34,17301,7334.19,3830,1609.78,3878,1631.44,9964,4236.1
300552.SZ,20190902,7882,3137.55,7584,3025.87,10084,4025.35,10639,4247.96,7073,2825.39,7128,2841.5,1482,594.32,1170,467.28,3925,1569.87
300552.SZ,20190830,10234,4060.23,9479,3766.27,11225,4462.1,10966,4356.25,8557,3405.21,11522,4585.41,3665,1461.94,1714,681.55,-10568,-4189.15
300552.SZ,20190829,9336,3752.17,10986,4416.88,13159,5288.73,13580,5460.3,11249,4526.27,10937,4395.11,5589,2240.24,3831,1535.14,-11550,-4627.51
300552.SZ,20190828,11682,4718.6,15182,6141.57,21860,8854.34,18032,7304.75,14058,5688.89,13110,5301.22,1791,727.89,3067,1242.19,10695,4332.73
300552.SZ,20190827,10809,4301.99,9398,3739.93,9164,3649.81,9785,3896.22,6466,2575.14,6189,2466.33,1494,596.03,2561,1020.49,3563,1422.09
300552.SZ,20190826,10445,4095.94,8142,3194.16,8303,3255.74,9244,3623.61,9148,3584.51,8342,3264.77,300,117.0,2468,970.64,3828,1508.93
300552.SZ,20190823,9879,3907.46,8494,3365.32,11204,4448.63,9923,3925.17,10283,4085.52,10923,4329.66,1486,585.92,3512,1407.38,-3780,-1478.93
300552.SZ,20190822,12767,5073.22,10445,4159.08,12405,4939.83,13623,5422.48,9836,3919.75,13983,5563.89,7943,3172.41,4900,1959.76,-8783,-3501.41
300552.SZ,20190821,10930,4434.68,8780,3575.34,13752,5590.54,13402,5446.2,12422,5048.65,14368,5833.44,1596,653.26,2150,872.16,-2396,-958.48
300552.SZ,20190820,11636,4760.96,13096,5355.45,16783,6865.47,18259,7463.88,14122,5772.73,13991,5716.29,5198,2111.37,2393,974.91,-4885,-1980.4
300552.SZ,20190819,12758,5187.52,12439,5071.0,20837,8485.02,22574,9198.68,16199,6617.28,15423,6282.9,5297,2151.73,4656,1888.96,6317,2605.81
300552.SZ,20190816,12445,5031.29,14350,5806.32,20451,8274.42,18161,7339.33,13398,5416.59,11544,4668.59,2029,821.89,4269,1729.96,-10183,-4101.47
300552.SZ,20190815,19020,7663.95,13368,5398.72,27643,11166.82,25510,10311.34,15914,6447.0,26871,10843.65,5792,2329.45,2619,1053.5,4432,1861.78
300552.SZ,20190814,17875,7366.3,17353,7168.16,28789,11868.44,26818,11064.53,24550,10111.94,22287,9174.85,3170,1322.45,7926,3261.59,-2621,-1039.25
300552.SZ,20190813,20500,8123.9,15893,6326.19,22544,8988.49,25922,10313.52,16379,6545.73,18974,7572.61,5421,2178.61,4055,1624.41,3772,1561.29
300552.SZ,20190812,17807,6956.01,17805,6956.17,22714,8881.26,22808,8914.08,14641,5702.25,15213,5940.32,4292,1671.13,3629,1400.08,-457,-133.34
300552.SZ,20190809,24572,9470.9,19970,7689.6,26666,10283.34,25507,9828.13,16705,6468.97,21724,8400.45,3889,1521.8,4632,1826.83,-12328,-4735.65
300552.SZ,20190808,16812,6087.43,19906,7289.15,20518,7471.98,24643,8995.83,20421,7503.53,16217,5960.0,11816,4422.55,8802,3240.5,9642,3525.24
300552.SZ,20190807,18548,6551.97,16587,5857.83,21701,7665.23,22449,7924.14,18697,6578.73,19473,6871.74,8565,3030.09,9002,3172.31,5689,2071.6
300552.SZ,20190806,19733,6731.71,13934,4753.34,26408,9007.24,27418,9356.74,25120,8566.08,25944,8843.24,6923,2340.93,10887,3692.65,4477,1555.64
300552.SZ,20190805,106,35.11,3549,1175.4,1070,354.38,4529,1499.84,2317,767.39,4125,1366.2,9074,3005.45,365,120.89,-12567,-4162.33
300552.SZ,20190802,5909,1760.59,4606,1376.13,6673,1994.54,6704,2003.2,2986,894.72,4258,1270.52,0,0.0,0,0.0,-1561,-459.69
300552.SZ,20190801,7758,2309.72,6991,2084.02,8469,2528.49,7522,2242.16,2760,821.66,3943,1177.96,0,0.0,531,155.73,-2199,-643.97
300552.SZ,20190731,3147,955.92,3198,972.41,3544,1077.05,4062,1233.95,3072,935.23,2398,729.75,0,0.0,106,32.1,813,249.81
300552.SZ,20190730,3664,1118.56,2810,860.27,4431,1353.93,4168,1274.18,2769,849.04,3313,1012.6,0,0.0,573,174.48,-1447,-440.21
300552.SZ,20190729,4058,1223.66,4617,1397.44,4539,1371.7,4854,1466.51,2220,673.2,1737,523.27,391,118.67,0,0.0,-727,-212.79
300552.SZ,20190726,5310,1604.38,5446,1647.86,5379,1625.61,4811,1453.35,2552,770.88,2984,899.66,0,0.0,0,0.0,-3064,-924.54
300552.SZ,20190725,8765,2691.6,6918,2127.11,8481,2604.04,9622,2958.02,3051,939.56,4473,1372.9,715,222.83,0,0.0,-3958,-1216.4
300552.SZ,20190724,9677,3024.15,10670,3332.76,12339,3859.31,10747,3361.42,4520,1412.89,6005,1877.65,904,280.76,17,5.28,1758,553.16
300552.SZ,20190723,7623,2269.57,8259,2459.63,7275,2168.07,7984,2383.15,4382,1311.21,2638,786.74,0,0.0,400,119.32,258,82.26
300552.SZ,20190722,10726,3166.4,10263,3030.69,7462,2202.97,6339,1873.61,1888,558.72,3175,936.61,392,116.24,691,203.42,-1687,-495.12
300552.SZ,20190719,11690,3479.23,6483,1944.72,9542,2849.15,10691,3188.83,3779,1135.0,7702,2287.59,503,147.94,638,190.18,-4357,-1303.83
300552.SZ,20190718,10308,3141.67,8090,2466.95,9739,2968.32,9349,2847.36,4752,1446.71,6857,2088.47,0,0.0,504,153.91,-4637,-1409.59
300552.SZ,20190717,10284,3294.22,8318,2662.86,9640,3082.0,10016,3203.81,4042,1294.2,5718,1831.18,86,27.44,0,0.0,-1183,-368.35
300552.SZ,20190716,11443,3634.06,12647,4021.4,11466,3646.89,10665,3393.24,5077,1620.91,5184,1650.74,510,163.51,0,0.0,-6114,-1940.2
300552.SZ,20190715,12715,4075.0,9933,3190.65,11785,3777.96,13656,4380.81,8349,2687.98,9451,3032.23,708,230.31,517,167.56,5945,1913.97
300552.SZ,20190712,13118,4140.4,10749,3393.0,12508,3944.32,15114,4766.77,8436,2657.02,8491,2670.25,1290,402.32,998,314.03,3950,1260.75
300552.SZ,20190711,12079,3771.73,10264,3205.94,12646,3948.87,15276,4765.75,11817,3681.87,12025,3748.79,1403,436.19,380,118.17,-8299,-2584.71
300552.SZ,20190710,19151,6121.37,18151,5825.82,21734,6954.77,22010,7038.56,14305,4598.09,13895,4447.32,984,310.75,2118,673.27,-10663,-3389.83
300552.SZ,20190709,28312,9648.91,23014,7894.98,32146,10988.81,32364,11075.57,19236,6591.0,19645,6673.86,2262,794.12,6933,2378.42,-5851,-1923.39
300552.SZ,20190708,26560,9244.9,19980,6999.78,32344,11262.0,33815,11828.18,22368,7801.97,25339,8831.53,7962,2761.98,10101,3411.35,2372,880.35
300552.SZ,20190705,10178,3192.64,14483,4595.66,14910,4685.07,20503,6497.4,14867,4716.78,12813,4084.92,13429,4378.17,5585,1794.66,6541,2056.83
300552.SZ,20190704,13372,4033.05,13820,4171.93,16820,5072.8,20292,6130.99,9895,2998.38,10108,3052.97,4987,1507.71,854,256.05,3716,1134.47
300552.SZ,20190703,16228,4771.28,10153,2990.92,21584,6345.79,20944,6164.28,8379,2461.82,16571,4871.13,5860,1732.3,4383,1284.85,-7040,-2042.58
300552.SZ,20190702,18277,5802.26,12121,3861.7,26739,8511.9,23158,7371.5,17628,5637.81,24094,7688.42,2302,744.57,5574,1774.91,-233,-52.1
300552.SZ,20190701,9343,2878.28,15788,4884.43,15999,4924.61,20085,6210.96,17650,5456.01,12621,3918.77,7351,2313.81,1850,558.55,12524,3919.58
300552.SZ,20190628,8945,2516.46,9956,2814.85,11759,3316.12,13434,3787.98,9500,2680.23,7893,2215.51,1509,427.23,430,121.69,3311,959.38
300552.SZ,20190627,10573,2977.86,7115,2014.36,12813,3619.39,14337,4057.05,5853,1664.44,8014,2253.88,227,63.6,0,0.0,-2212,-609.98
300552.SZ,20190626,8732,2464.04,9755,2756.18,10478,2958.49,9994,2823.12,5700,1613.1,5068,1430.51,0,0.0,92,25.83,-4780,-1342.41
300552.SZ,20190625,13121,3765.79,13765,3960.44,19354,5561.86,21700,6240.29,12405,3575.11,8831,2533.9,0,0.0,584,168.13,-1957,-535.52
300552.SZ,20190624,12946,3688.8,12767,3638.2,16733,4780.09,18239,5199.19,10945,3124.55,9655,2773.09,2512,713.9,2475,696.87,1762,521.82
300552.SZ,20190621,10113,2715.7,10001,2692.35,11009,2963.99,12348,3321.13,8245,2215.17,6509,1747.34,391,105.57,900,239.6,3244,874.49
300552.SZ,20190620,7175,1858.72,8488,2197.91,8401,2175.05,8512,2204.71,4940,1284.57,2971,771.31,226,58.01,772,202.43,1579,410.18
300552.SZ,20190619,6292,1608.55,5456,1395.26,6822,1744.93,6156,1573.99,1913,490.24,3715,951.19,599,152.82,299,76.1,-801,-202.49
300552.SZ,20190618,5999,1512.5,3433,866.65,4600,1158.14,4707,1185.71,921,231.81,2772,698.08,0,0.0,608,152.01,-1698,-427.18
300552.SZ,20190617,7646,1970.46,5341,1381.5,5237,1352.4,7220,1863.51,2326,601.66,2441,626.61,0,0.0,208,52.91,-343,-82.01
300552.SZ,20190614,10853,2828.11,6137,1602.3,13502,3523.6,11746,3070.31,3445,901.01,8334,2171.01,0,0.0,1583,409.1,-5057,-1314.79
300552.SZ,20190613,10847,2920.18,10953,2954.14,15904,4290.72,16483,4444.27,9624,2599.01,9401,2536.79,480,129.98,18,4.7,583,157.14
300552.SZ,20190612,10619,2741.56,11484,2968.29,15462,3997.08,14592,3769.92,7348,1903.76,7744,2003.72,2390,615.93,1999,516.39,3076,795.64
300552.SZ,20190611,6086,1495.78,7965,1960.35,11258,2781.52,9410,2327.24,4686,1165.53,4616,1143.88,361,90.07,400,101.44,1982,503.17
300552.SZ,20190610,4204,1016.29,3642,881.97,4161,1007.82,4538,1098.4,1222,295.51,1358,328.68,500,121.85,550,132.41,-453,-109.82
300552.SZ,20190606,4449,1077.33,3842,931.37,3653,883.91,3941,954.11,1231,297.29,980,236.25,0,0.0,570,136.8,-2231,-538.25
300552.SZ,20190605,5423,1336.54,5041,1245.26,4802,1185.44,5636,1389.86,3301,813.26,2849,700.12,0,0.0,0,0.0,-914,-223.02
300552.SZ,20190604,7180,1750.46,5556,1357.09,5342,1300.98,5787,1411.27,1151,280.5,2298,555.82,0,0.0,32,7.76,-1455,-345.3
300552.SZ,20190603,10142,2501.4,5573,1379.38,8194,2017.15,8203,2022.53,2435,598.52,6829,1675.56,699,171.26,865,210.85,-805,-197.46
300552.SZ,20190531,7358,1876.84,7795,1989.64,8447,2155.27,8390,2143.31,4227,1080.89,3847,980.05,0,0.0,0,0.0,-3803,-967.36
300552.SZ,20190530,11942,3021.88,7598,1926.34,12014,3041.2,11052,2799.37,4482,1137.59,8838,2235.24,0,0.0,950,239.73,-6017,-1525.71
300552.SZ,20190529,15370,4030.5,16037,4200.42,16735,4392.12,18966,4965.28,14036,3684.35,10014,2622.4,2391,615.32,3515,934.16,5510,1450.16
300552.SZ,20190528,11274,2836.86,11230,2830.61,13708,3454.57,16765,4223.98,8652,2182.9,6454,1622.28,815,202.53,0,0.0,-2231,-548.36
300552.SZ,20190527,9021,2198.83,11984,2929.77,11388,2779.23,9740,2377.71,6984,1710.36,5670,1380.93,0,0.0,0,0.0,-323,-76.44
300552.SZ,20190524,14135,3468.03,17829,4380.7,17420,4283.05,12730,3130.67,8360,2051.48,9635,2361.05,421,104.62,142,34.75,-5809,-1407.82
300552.SZ,20190523,16448,4042.07,21554,5308.83,22517,5571.82,19606,4843.31,13235,3288.85,9987,2479.74,0,0.0,1053,270.85,6961,1744.22
300552.SZ,20190522,13950,3431.8,12643,3106.32,12104,2980.69,12634,3110.53,7156,1763.64,8961,2210.62,1028,251.33,0,0.0,-2851,-677.82
300552.SZ,20190521,10217,2429.82,9795,2328.64,7599,1808.64,7744,1845.8,3180,759.91,2954,703.41,0,0.0,503,120.52,324,81.35
300552.SZ,20190520,10841,2569.27,10168,2411.62,9089,2155.99,9089,2156.42,4187,996.56,4720,1121.12,360,84.64,500,117.3,1393,335.81
300552.SZ,20190517,11620,2804.17,10386,2491.64,14115,3393.15,13168,3177.68,3880,922.05,6682,1606.59,1187,292.96,567,136.41,-3697,-867.81
300552.SZ,20190516,10345,2503.04,12210,2936.69,9904,2387.88,8906,2155.73,4037,971.24,3170,769.73,0,0.0,0,0.0,-5708,-1382.79
300552.SZ,20190515,10906,2686.85,11228,2762.87,11491,2822.76,11309,2777.37,5649,1387.44,5561,1369.59,52,12.79,0,0.0,-675,-157.52
300552.SZ,20190514,11501,2830.52,12051,2962.68,10742,2643.48,9516,2340.93,3640,901.23,4745,1178.0,429,106.39,0,0.0,-6260,-1540.64
300552.SZ,20190513,15882,3889.16,18658,4577.28,15675,3856.3,14810,3644.22,10352,2552.83,7860,1937.67,0,0.0,581,139.12,-5709,-1407.69
300552.SZ,20190510,14890,3422.4,13568,3136.27,11241,2594.37,13843,3189.65,6901,1611.11,6009,1395.78,1000,237.6,612,143.77,5234,1209.15
300552.SZ,20190509,15779,3530.08,13671,3049.47,9752,2173.78,8924,1990.6,1642,364.98,3217,721.67,0,0.0,1361,307.1,-10,2.02
300552.SZ,20190508,15630,3436.06,13656,3018.13,9200,2034.46,11940,2625.02,6130,1354.16,5256,1157.45,698,154.26,807,178.35,5517,1216.89
300552.SZ,20190507,13490,2915.02,9610,2079.76,12852,2780.25,14086,3042.58,5541,1201.55,8221,1783.04,638,141.65,604,133.08,-2216,-479.11
300552.SZ,20190506,12898,2869.42,14308,3179.91,12459,2763.84,16053,3554.99,15753,3483.83,11066,2452.45,1309,282.89,992,212.62,-6871,-1494.11
300552.SZ,20190430,14091,3408.4,11979,2905.45,14921,3609.89,13174,3186.79,11150,2704.62,8844,2135.74,942,225.54,7107,1720.47,-5841,-1405.8
300552.SZ,20190429,18503,4969.29,18170,4882.81,24587,6641.63,26735,7204.9,18718,5057.7,20196,5492.07,4307,1178.86,1014,267.69,-682,-117.12
300552.SZ,20190426,14311,3690.97,11811,3051.24,18387,4746.62,20367,5255.63,11223,2900.38,11245,2909.71,602,155.61,1100,277.0,4604,1210.88
300552.SZ,20190425,13508,3450.0,14242,3635.21,17374,4450.77,15235,3902.64,4785,1214.31,7055,1801.51,2208,563.22,1343,338.95,-3583,-892.28
300552.SZ,20190424,18644,4781.99,20411,5225.63,20351,5211.04,16083,4118.29,7947,2027.21,11231,2884.45,1753,455.39,969,247.25,-2528,-626.87
300552.SZ,20190423,14765,3964.49,6628,1795.51,15866,4286.47,12931,3496.49,12400,3328.89,16373,4408.98,2482,653.3,9581,2532.17,1552,354.62
300552.SZ,20190422,15039,4448.06,12768,3772.43,14589,4318.83,13644,4045.71,8463,2515.66,10862,3224.21,1480,443.75,2297,683.95,-3613,-1044.74
300552.SZ,20190419,16611,4930.32,11778,3509.36,18058,5361.97,15973,4743.7,5988,1780.08,10139,2998.38,355,102.77,3122,923.71,-2790,-821.91
300552.SZ,20190418,20739,6281.63,14993,4535.72,23307,7080.09,22480,6826.73,13367,4049.21,19436,5889.63,1020,306.65,1524,465.49,-17411,-5248.74
300552.SZ,20190417,16348,5242.34,14690,4737.99,24204,7768.17,21981,7059.29,19202,6178.7,22490,7218.08,4146,1347.44,4740,1521.28,491,230.61
300552.SZ,20190416,13172,4090.84,12988,4050.27,20966,6533.42,21219,6613.61,16618,5192.47,18354,5708.28,3778,1165.49,1973,610.05,463,170.55
300552.SZ,20190415,10037,3024.03,13183,3995.58,18374,5531.9,18935,5711.85,15790,4773.7,14667,4416.45,11105,3406.78,8521,2612.53,-15960,-4877.51
300552.SZ,20190412,17068,4988.93,11805,3479.2,23337,6856.01,21084,6163.02,22471,6532.79,26705,7815.12,3381,1005.83,6662,1926.22,-9038,-2590.6
300552.SZ,20190411,5669,1629.14,11654,3402.19,10318,2969.17,15186,4419.8,11225,3279.63,10993,3215.18,16756,5009.39,6135,1850.17,-13742,-4184.96
300552.SZ,20190410,9600,2643.97,15159,4185.08,25748,7085.11,23534,6479.23,13770,3806.15,12499,3450.47,2876,800.05,801,220.5,1893,550.95
300552.SZ,20190409,16927,4557.69,16142,4356.79,22304,6022.2,23234,6271.01,17357,4681.49,14764,3974.33,1214,331.8,3663,991.06,-11997,-3225.08
300552.SZ,20190408,25552,7070.8,25948,7203.89,32772,9078.88,39913,11019.2,40452,11188.3,40802,11313.11,13844,3856.07,5956,1657.84,4126,1200.82
300552.SZ,20190404,0,0.0,2782,759.21,37,10.1,2379,649.29,266,72.59,1756,479.21,7114,1941.47,500,136.45,-7417,-2024.16
300552.SZ,20190403,3207,774.76,6752,1643.52,6234,1505.48,9080,2200.48,11090,2665.67,8319,2014.23,9310,2278.32,5689,1366.0,-6894,-1702.41
300552.SZ,20190402,8505,1870.88,13949,3100.03,12512,2767.54,17221,3827.63,14534,3236.59,13489,2996.2,16357,3671.31,7249,1622.46,-9520,-2174.55
300552.SZ,20190401,13016,2641.76,10787,2184.56,11666,2363.4,11758,2386.84,5422,1106.86,4597,937.19,0,0.0,2962,603.42,5665,1163.45
300552.SZ,20190329,5686,1067.33,6640,1249.21,5089,956.59,4149,778.71,2441,460.23,1937,359.73,977,179.26,1467,275.75,3071,574.03
300552.SZ,20190328,5832,1097.56,5053,950.47,3585,674.02,3737,702.93,495,93.6,1121,211.78,0,0.0,0,0.0,589,112.74
300552.SZ,20190327,4993,924.25,4099,759.43,3947,730.84,4289,794.47,628,116.55,1181,217.93,1,0.18,0,0.0,686,128.52
300552.SZ,20190326,10969,2067.1,7838,1474.16,8778,1654.26,7674,1442.22,3822,719.16,7143,1352.86,0,0.0,914,171.28,-5397,-1004.95
300552.SZ,20190325,7846,1532.7,5640,1103.3,5890,1149.62,4501,878.77,1793,349.85,5388,1050.09,0,0.0,0,0.0,2525,495.32
300552.SZ,20190322,6036,1188.47,4579,902.86,3498,688.55,4382,861.7,1407,275.71,1448,284.58,0,0.0,532,103.58,-2438,-479.44
300552.SZ,20190321,5860,1159.27,5364,1062.6,4337,859.74,4798,949.58,1210,240.37,1244,247.2,0,0.0,0,0.0,2774,550.02
300552.SZ,20190320,4831,940.23,4342,845.89,4283,833.29,3489,678.77,720,140.67,2003,389.54,0,0.0,0,0.0,-2389,-464.79
300552.SZ,20190319,6033,1194.79,4843,962.32,5055,1003.01,5149,1018.25,1901,376.92,2797,554.15,800,160.0,1000,200.0,1769,355.39
300552.SZ,20190318,6136,1198.78,5942,1161.49,6916,1352.06,5748,1123.52,1321,258.66,2207,431.36,0,0.0,476,93.12,-383,-73.35
300552.SZ,20190315,10088,1964.31,10981,2147.5,13236,2585.28,13709,2673.15,6611,1290.33,5244,1019.27,0,0.0,0,0.0,-3984,-768.56
300552.SZ,20190314,13747,2821.65,12360,2559.92,19525,4029.52,17261,3574.35,11293,2350.16,12319,2528.52,813,169.77,3439,708.32,-7991,-1649.11
300552.SZ,20190313,3434,712.15,6902,1481.08,6479,1354.04,7292,1569.65,7060,1501.29,9679,2048.8,10098,2197.52,3198,665.47,-2584,-652.88
300552.SZ,20190312,9611,1921.96,7346,1469.74,8427,1686.37,9350,1869.99,4999,1001.83,6632,1328.38,564,112.96,273,55.01,1141,228.98
300552.SZ,20190311,9535,1848.98,7091,1376.24,5770,1119.41,7846,1522.11,2525,490.43,2999,581.45,107,20.98,0,0.0,2587,507.65
300552.SZ,20190308,13784,2705.95,12131,2389.57,13565,2668.18,13574,2672.37,7535,1488.32,8994,1766.71,650,129.81,835,163.61,-7237,-1411.72
300552.SZ,20190307,11648,2370.03,13147,2670.46,13892,2818.06,16265,3296.31,9281,1883.11,6676,1360.93,1838,370.0,571,113.52,-845,-157.81
300552.SZ,20190306,10648,2027.5,12102,2323.08,12326,2366.85,9389,1800.2,7983,1520.23,8150,1544.05,0,0.0,1316,247.26,-4640,-864.55
300552.SZ,20190305,7919,1460.83,8590,1590.1,6860,1267.07,7394,1367.69,7438,1381.98,3596,667.98,1038,186.93,3675,671.05,4197,772.62
300552.SZ,20190304,7879,1406.13,7509,1344.87,6651,1189.45,6873,1228.25,2722,489.63,2144,382.73,80,14.11,806,143.47,562,102.24
300552.SZ,20190301,3567,617.0,3920,678.08,4070,703.93,3137,542.73,643,111.43,1188,205.46,0,0.0,35,6.08,260,46.24
300552.SZ,20190228,6557,1129.89,6496,1121.47,4467,769.65,5080,877.17,1575,274.48,1023,175.38,0,0.0,0,0.0,779,136.01
300552.SZ,20190227,8464,1455.8,7562,1303.77,4231,728.54,6211,1068.8,2450,423.6,1372,235.38,0,0.0,0,0.0,3226,554.88
300552.SZ,20190226,7885,1338.56,6288,1069.56,5301,900.76,5369,910.13,1822,308.15,3351,567.78,0,0.0,0,0.0,-1832,-309.45
300552.SZ,20190225,9357,1572.27,6458,1087.19,6054,1018.09,8922,1499.81,5228,882.38,4202,707.69,150,24.69,1207,202.73,3007,510.77
300552.SZ,20190222,5100,827.89,4543,737.86,3212,521.48,4034,654.93,1369,222.99,1104,179.55,0,0.0,0,0.0,3105,505.56
300552.SZ,20190221,4709,758.94,5022,810.09,3918,631.37,3920,631.76,1766,285.23,1451,233.7,0,0.0,0,0.0,-290,-45.53
300552.SZ,20190220,6656,1055.72,5055,803.08,3954,626.44,5911,937.85,2127,338.92,1770,280.15,0,0.0,0,0.0,2205,351.01
300552.SZ,20190219,6093,978.83,6975,1122.48,6592,1058.54,6234,1000.37,4203,676.8,2879,462.46,0,0.0,800,128.84,1130,183.98
300552.SZ,20190218,3352,517.04,4337,670.98,3819,591.42,4235,655.05,2462,382.06,1061,164.5,0,0.0,0,0.0,2294,355.42
300552.SZ,20190215,2638,397.72,3359,506.39,1909,288.21,2407,363.66,1494,225.57,275,41.46,0,0.0,0,0.0,-97,-13.29
300552.SZ,20190214,2592,388.99,2872,431.06,1961,294.0,1735,260.29,200,30.19,146,21.83,0,0.0,0,0.0,-239,-35.21
300552.SZ,20190213,3079,456.93,3088,458.58,2378,353.28,2719,403.87,350,52.24,0,0.0,0,0.0,0,0.0,1453,216.4
300552.SZ,20190212,3107,453.04,3297,480.73,2357,344.4,2211,323.03,216,31.58,172,25.27,0,0.0,0,0.0,1422,207.03
300552.SZ,20190211,3250,466.34,3496,501.66,1177,168.98,1047,150.34,168,24.18,52,7.51,0,0.0,0,0.0,1453,209.08
300552.SZ,20190201,2246,311.56,3143,436.25,1233,171.24,839,116.6,503,70.06,0,0.0,0,0.0,0,0.0,88,12.89
300552.SZ,20190131,4528,629.89,4205,587.46,2884,401.08,3152,435.49,623,85.67,678,93.69,0,0.0,0,0.0,-1527,-212.86
300552.SZ,20190130,2539,366.46,2017,291.07,960,138.09,1277,183.86,0,0.0,205,29.62,0,0.0,0,0.0,-811,-116.54
300552.SZ,20190129,3407,500.04,3168,467.41,1386,202.5,1463,214.3,599,90.47,617,90.22,0,0.0,144,21.07,-829,-117.36
300552.SZ,20190128,2819,424.53,2653,400.09,1467,221.49,1646,247.88,14,2.11,1,0.15,0,0.0,0,0.0,640,97.45
300552.SZ,20190125,3733,563.47,2337,353.25,2571,388.85,3112,470.36,307,45.43,1144,171.3,0,0.0,19,2.84,-2251,-339.22
300552.SZ,20190124,2775,424.0,2751,420.77,2151,329.72,2212,338.86,705,108.28,668,102.37,0,0.0,0,0.0,187,29.41
300552.SZ,20190123,2070,314.95,1807,275.4,1353,206.26,1663,253.0,200,30.59,153,23.39,0,0.0,0,0.0,-241,-36.04
300552.SZ,20190122,2494,382.01,2157,330.69,928,142.16,1215,186.46,375,57.8,425,64.82,0,0.0,0,0.0,-1265,-193.88
300552.SZ,20190121,2873,442.24,2927,450.73,1758,271.02,1894,291.9,385,59.3,195,29.93,0,0.0,0,0.0,674,103.98
300552.SZ,20190118,3670,558.3,2812,428.37,1899,289.17,2428,369.6,912,139.2,1241,188.7,0,0.0,0,0.0,-39,-5.79
300552.SZ,20190117,5445,835.92,5228,803.94,3271,502.17,3640,559.12,1335,205.81,1183,180.84,0,0.0,0,0.0,-1631,-249.73
300552.SZ,20190116,6222,987.96,7115,1131.34,7013,1117.98,6502,1034.7,2735,434.6,2374,378.02,22,3.52,0,0.0,2507,395.79
300552.SZ,20190115,2027,312.05,2709,417.22,2059,317.54,1736,267.95,804,124.33,445,68.74,0,0.0,0,0.0,1350,208.38
300552.SZ,20190114,2518,384.21,1656,252.69,543,82.84,1262,192.52,36,5.47,179,27.32,0,0.0,0,0.0,-800,-121.96
300552.SZ,20190111,2717,421.81,3207,498.35,1957,304.73,1943,302.35,1256,195.76,780,121.61,0,0.0,0,0.0,1302,202.84
300552.SZ,20190110,3112,477.77,2047,314.69,1361,208.95,1357,208.15,0,0.0,1060,162.49,0,0.0,9,1.39,201,31.42
300552.SZ,20190109,3334,514.93,3053,471.3,1756,270.95,2418,372.84,1492,229.85,1111,171.58,0,0.0,0,0.0,-646,-98.94
300552.SZ,20190108,2877,441.24,3181,487.2,2034,311.64,2298,352.81,1144,175.56,576,88.43,0,0.0,0,0.0,-549,-83.57
300552.SZ,20190107,2788,422.74,2890,438.47,1521,230.9,1540,233.55,563,85.63,442,67.24,0,0.0,0,0.0,976,148.88
300552.SZ,20190104,2999,440.32,3283,483.04,2406,353.79,1851,271.53,798,118.68,1069,158.22,0,0.0,0,0.0,649,94.94
300552.SZ,20190103,2432,354.25,2036,297.08,976,142.24,1305,190.03,172,25.3,239,34.67,0,0.0,0,0.0,156,23.13
300552.SZ,20190102,3125,454.17,2645,384.47,1456,211.32,2086,302.8,150,21.78,0,0.0,0,0.0,0,0.0,761,111.06
300552.SZ,20201231,20494,9366.53,17355,7923.68,24718,11281.75,26968,12322.79,18243,8343.27,19705,9008.62,2239,1028.87,1666,765.34,7362,3363.58
300552.SZ,20201230,13213,5746.54,14603,6362.75,19244,8375.13,18820,8195.54,13355,5811.91,13373,5807.75,2181,947.49,1198,515.04,-2591,-1131.82
300552.SZ,20201229,27079,11850.01,13325,5853.21,34122,14916.31,28164,12355.72,17364,7588.03,26154,11413.41,1763,773.02,12686,5505.04,-17292,-7533.05
300552.SZ,20201228,18815,8722.02,14195,6590.33,26570,12328.29,26076,12106.53,15968,7413.69,20310,9413.57,2690,1251.14,3462,1604.7,-11558,-5374.24
300552.SZ,20201225,20212,9656.79,19404,9287.32,31180,14902.96,29607,14162.75,25226,12059.97,25230,12047.55,2648,1268.99,5025,2391.09,-9765,-4645.62
300552.SZ,20201224,27490,13265.58,30476,14726.1,43359,20944.65,49111,23671.13,41698,20142.79,36820,17783.36,9774,4693.15,5914,2865.59,17199,8381.22
300552.SZ,20201223,29800,14146.63,28353,13505.38,45545,21634.1,51361,24404.75,37603,17897.75,34740,16534.09,10285,4930.95,8780,4165.2,-10251,-4835.3
300552.SZ,20201222,23965,10909.26,25627,11672.74,42259,19245.56,43485,19797.69,30052,13703.29,27629,12591.57,5555,2523.64,5090,2319.74,-1229,-544.63
300552.SZ,20201221,15254,6536.01,19649,8443.64,25643,10999.18,23665,10171.0,16515,7103.93,14257,6108.8,2035,885.39,1875,801.06,-1731,-693.05
300552.SZ,20201218,18325,7875.11,29405,12655.94,28145,12124.91,21507,9264.37,15332,6619.9,11201,4837.34,1467,643.18,1156,505.47,-10075,-4337.78
300552.SZ,20201217,20192,8553.03,14635,6211.46,18917,8020.88,20496,8694.35,9234,3924.09,12718,5385.09,117,49.78,611,256.87,-650,-273.2
300552.SZ,20201216,25097,10890.29,20438,8877.51,28024,12170.81,31679,13757.85,17977,7811.6,17563,7624.51,2002,866.14,3419,1478.97,137,68.82
300552.SZ,20201215,35692,15269.07,34877,14872.56,39745,16976.44,44492,19008.07,26759,11445.11,26637,11419.24,6175,2624.32,2364,1015.06,21549,9279.98
300552.SZ,20201214,18240,7209.37,14743,5827.4,16152,6384.04,15260,6035.66,7978,3147.23,9775,3856.38,0,0.0,2593,1021.19,-7998,-3152.53
300552.SZ,20201211,21596,8860.59,15298,6290.37,24505,10050.12,21176,8699.02,12271,5032.0,15444,6345.34,2209,903.74,8663,3511.72,-3632,-1495.08
300552.SZ,20201210,20159,8469.61,21552,9067.91,27520,11559.02,25116,10561.45,18880,7939.15,19734,8277.96,4022,1688.97,4178,1749.43,-9962,-4182.41
300552.SZ,20201209,31565,13654.56,32828,14163.86,47032,20287.95,53743,23199.75,37542,16211.21,39274,16963.81,13285,5706.47,3579,1532.78,19220,8279.35
300552.SZ,20201208,4924,1902.67,5792,2238.74,5402,2087.72,5561,2149.35,4347,1680.68,2860,1105.22,0,0.0,460,177.77,-68,-24.08
300552.SZ,20201207,9370,3616.96,8293,3201.71,8385,3236.78,7322,2825.76,4772,1839.8,4129,1593.95,0,0.0,2783,1072.13,-3901,-1503.79
300552.SZ,20201204,8437,3276.46,7051,2743.03,6410,2496.79,7633,2968.96,2650,1029.49,3157,1226.61,400,157.12,55,21.25,216,90.65
300552.SZ,20201203,12728,4997.57,6986,2745.79,9404,3691.18,10530,4133.57,3516,1380.55,7775,3050.06,1163,456.75,1519,596.62,-6484,-2543.12
300552.SZ,20201202,6568,2627.86,5540,2218.35,7486,2995.91,6832,2734.5,3044,1218.99,4170,1668.24,36,14.45,592,236.13,-3861,-1542.41
300552.SZ,20201201,6287,2514.31,5323,2130.2,7103,2842.29,6682,2673.3,3730,1493.15,4657,1863.51,0,0.0,457,182.74,-1076,-428.52
300552.SZ,20201130,8580,3437.11,8009,3209.17,8360,3350.97,8133,3259.35,2662,1067.67,3460,1387.22,0,0.0,0,0.0,-1197,-475.09
300552.SZ,20201127,6312,2524.65,6239,2497.19,7319,2932.98,7239,2899.74,4412,1769.36,4565,1830.06,0,0.0,0,0.0,-436,-167.98
300552.SZ,20201126,8137,3242.71,6338,2527.55,6892,2749.02,7824,3119.28,3415,1363.67,3913,1559.91,0,0.0,369,148.67,-2965,-1181.3
300552.SZ,20201125,7640,3093.11,8831,3577.93,11134,4510.44,11084,4490.03,6013,2439.24,4874,1976.57,711,286.6,708,284.86,-1522,-604.65
300552.SZ,20201124,6823,2766.52,6132,2489.36,8806,3572.2,9335,3786.69,4120,1671.47,4203,1702.28,0,0.0,78,31.87,-2948,-1190.43
300552.SZ,20201123,15044,6203.97,16079,6615.89,19064,7866.53,17502,7216.02,10947,4512.94,10663,4414.91,637,267.43,1448,604.04,-6606,-2703.67
300552.SZ,20201120,13088,5296.31,14144,5730.82,15419,6270.1,17150,6973.93,12748,5195.17,9785,3986.87,2482,1019.88,2658,1089.84,8761,3611.53
300552.SZ,20201119,9223,3625.93,7602,2994.32,6822,2688.58,7568,2977.28,2073,818.14,2648,1041.71,0,0.0,300,119.34,2760,1098.93
300552.SZ,20201118,7460,2956.39,6754,2678.48,7156,2835.49,6566,2603.47,3024,1200.18,3768,1491.79,15,5.94,567,224.26,-5141,-2031.88
300552.SZ,20201117,9908,3955.31,8576,3427.16,6680,2667.09,7538,3011.28,4631,1850.76,4395,1754.17,0,0.0,709,280.55,-4003,-1595.41
300552.SZ,20201116,9946,3992.66,10371,4165.81,8414,3381.53,9201,3691.44,5636,2263.78,5373,2161.62,1146,460.06,196,79.16,-3017,-1203.25
300552.SZ,20201113,12770,5126.12,12427,4990.29,13190,5309.41,12998,5231.33,8372,3371.22,8817,3550.78,2717,1099.79,2807,1134.14,6116,2468.92
300552.SZ,20201112,8873,3500.17,7366,2906.61,5114,2018.84,5287,2088.24,1500,591.49,2834,1115.64,0,0.0,0,0.0,-1623,-637.08
300552.SZ,20201111,11444,4573.15,7726,3089.12,9225,3690.16,10095,4037.36,2774,1111.55,5290,2115.99,0,0.0,331,132.4,-4111,-1644.23
300552.SZ,20201110,10003,4074.32,9357,3811.5,11646,4746.66,11750,4788.77,5517,2246.12,4889,1991.62,1845,749.67,3016,1224.88,-2414,-976.65
300552.SZ,20201109,14278,5764.7,20138,8131.68,19650,7954.28,17440,7056.45,12692,5147.43,9688,3937.94,1094,442.1,448,182.44,-1188,-505.93
300552.SZ,20201106,13447,5209.4,9944,3851.55,9115,3533.3,9514,3688.77,4097,1587.23,5376,2084.18,300,116.25,2125,821.67,-2021,-775.59
300552.SZ,20201105,15008,5830.05,13461,5235.51,14492,5636.3,11381,4423.59,4633,1802.71,8651,3364.36,645,251.5,1285,497.1,1463,582.66
300552.SZ,20201104,11507,4452.23,12133,4696.95,10193,3944.5,11817,4572.54,5323,2060.1,3803,1469.54,731,282.19,0,0.0,-3606,-1394.17
300552.SZ,20201103,14365,5465.39,16117,6131.17,12414,4720.07,9622,3659.65,5968,2269.61,6439,2448.37,882,335.69,1451,551.57,3823,1462.1
300552.SZ,20201102,20139,7525.27,16278,6089.83,14714,5498.84,13326,4979.6,6509,2431.08,8534,3185.3,316,117.49,3540,1317.95,3868,1439.83
300552.SZ,20201030,28455,11151.27,22855,8967.03,23683,9301.97,24218,9510.83,12049,4742.68,15419,6042.47,2423,942.7,4117,1618.28,-10038,-3944.57
300552.SZ,20201029,10303,4235.37,10278,4224.59,8198,3371.11,8837,3634.39,4158,1710.33,3793,1560.48,250,102.65,0,0.0,1303,539.08
300552.SZ,20201028,8005,3360.96,8116,3407.6,6155,2582.99,5892,2473.43,3289,1380.05,3740,1568.47,300,125.49,0,0.0,-368,-153.21
300552.SZ,20201027,8753,3754.33,9337,4005.13,6491,2783.23,6451,2768.17,2787,1194.6,2282,977.96,355,153.46,315,134.37,52,23.18
300552.SZ,20201026,6426,2697.43,5233,2203.73,6524,2740.95,5902,2483.34,2846,1197.76,3866,1620.02,0,0.0,795,329.04,1951,818.16
300552.SZ,20201023,6841,2983.46,4028,1763.69,6922,3020.42,7651,3339.21,3771,1651.88,4685,2042.33,0,0.0,1169,510.54,-4115,-1801.5
300552.SZ,20201022,7148,3162.38,6774,2998.27,7404,3276.52,5715,2529.32,2100,929.2,3903,1725.58,0,0.0,260,114.92,-1796,-794.94
300552.SZ,20201021,5589,2505.92,4560,2047.92,6803,3051.97,5427,2433.92,2161,970.88,4330,1940.96,0,0.0,236,105.97,-3912,-1751.21
300552.SZ,20201020,4724,2129.31,4569,2062.74,6287,2838.56,6396,2887.71,3144,1421.02,3811,1719.66,621,281.23,0,0.0,1249,564.53
300552.SZ,20201019,6366,2868.53,4685,2112.14,6956,3133.98,6678,3010.38,3022,1359.0,5225,2347.97,244,108.97,0,0.0,-2429,-1084.85
300552.SZ,20201016,7537,3396.06,4130,1863.61,7334,3302.93,8093,3644.88,4575,2059.21,6574,2958.03,264,118.27,912,409.96,-3395,-1528.4
300552.SZ,20201015,8218,3766.74,5149,2361.35,7571,3471.06,9409,4312.44,4023,1843.95,5253,2407.95,0,0.0,0,0.0,-759,-345.79
300552.SZ,20201014,8751,4085.28,8225,3845.94,12001,5605.55,13701,6402.05,9389,4388.08,9413,4395.86,2679,1254.12,1482,689.18,-4947,-2309.35
300552.SZ,20201013,8184,3803.23,7468,3473.58,11308,5256.4,13065,6073.76,6101,2838.45,5999,2787.63,1170,544.51,231,107.62,-5172,-2402.51
300552.SZ,20201012,10168,4737.45,9690,4517.0,14776,6884.15,12792,5961.33,10626,4955.16,13540,6312.15,1773,830.18,1321,616.47,5900,2756.2
300552.SZ,20201009,9245,4199.61,8378,3809.65,13241,6020.69,13024,5919.62,8845,4019.68,9264,4215.76,1890,858.23,2554,1153.18,5360,2434.06
300552.SZ,20200930,7108,3160.07,5753,2558.58,6845,3042.11,7667,3408.86,4431,1968.95,5203,2309.62,240,105.92,0,0.0,-4533,-2008.48
300552.SZ,20200929,6463,2912.7,7544,3400.39,9801,4420.08,8227,3710.69,4450,2005.2,4943,2226.9,0,0.0,0,0.0,-1166,-514.02
300552.SZ,20200928,5194,2315.52,4790,2137.41,5848,2607.27,5950,2654.87,3768,1682.08,4033,1796.61,0,0.0,36,15.98,-896,-398.81
300552.SZ,20200925,8061,3589.42,5957,2657.12,9177,4088.75,9002,4012.02,4246,1891.41,5460,2426.88,44,19.42,1109,492.97,-2033,-902.32
300552.SZ,20200924,9788,4418.45,6783,3064.53,10166,4589.85,10190,4602.43,3956,1788.33,6298,2841.41,701,315.52,1340,603.77,-5164,-2330.95
300552.SZ,20200923,6967,3208.75,6297,2902.22,8108,3735.57,8230,3792.04,5121,2360.82,5658,2606.03,83,38.2,94,43.05,-476,-213.09
300552.SZ,20200922,7899,3631.85,6914,3183.43,9240,4252.21,8859,4076.33,3848,1769.37,4602,2113.27,108,49.98,720,330.39,-46,-16.47
300552.SZ,20200921,7754,3587.0,5654,2616.71,8221,3804.25,8899,4118.86,4025,1863.59,5496,2542.59,500,231.05,451,207.73,-5287,-2444.65
300552.SZ,20200918,8752,4034.08,7945,3669.94,11659,5385.48,12082,5577.47,7794,3604.9,7457,3441.34,2981,1383.56,3702,1719.26,-131,-52.51
300552.SZ,20200917,9183,4250.69,8604,3988.02,13088,6061.22,12052,5579.01,8185,3792.08,9403,4352.96,1053,486.53,1450,670.52,-673,-303.27
300552.SZ,20200916,11440,5276.63,8314,3837.05,15221,7022.07,13538,6245.6,6484,2994.54,11133,5138.43,438,202.67,598,274.83,-5273,-2424.89
300552.SZ,20200915,18668,8804.01,12567,5935.06,24491,11548.5,24364,11493.18,13040,6157.89,18011,8493.31,614,291.5,1870,880.34,-12603,-5940.11
300552.SZ,20200914,18599,9012.21,21062,10227.68,31431,15256.51,28875,14011.3,19199,9323.57,20466,9934.43,3374,1650.17,2200,1069.06,-2604,-1239.86
300552.SZ,20200911,23377,11248.42,24424,11783.01,36356,17569.63,36051,17395.75,23878,11528.69,21428,10341.61,750,362.68,2458,1189.05,-5924,-2784.52
300552.SZ,20200910,31206,15111.53,33311,16052.46,44724,21606.8,46824,22640.39,36218,17567.75,35221,17135.33,5708,2781.65,2500,1239.54,19956,9731.79
300552.SZ,20200909,13387,6001.53,11044,4957.04,15414,6910.87,16748,7502.05,8210,3671.03,9398,4204.91,2051,922.43,1873,841.86,-5186,-2326.29
300552.SZ,20200908,13849,6280.84,11408,5190.01,15000,6816.32,14655,6663.42,7653,3483.02,10408,4720.77,1395,637.44,1426,643.43,-1709,-760.26
300552.SZ,20200907,17113,8055.54,12967,6120.36,18750,8836.76,14827,6982.65,10892,5104.26,19707,9261.49,1978,943.2,1231,575.25,-14391,-6733.87
300552.SZ,20200904,17646,8322.53,7921,3741.25,18795,8862.8,12385,5846.13,7740,3652.9,20526,9676.03,0,0.0,3349,1574.81,-5278,-2482.91
300552.SZ,20200903,11647,5642.98,9059,4397.33,11272,5461.49,11790,5716.02,5142,2490.39,6777,3276.54,276,134.33,710,339.29,-1208,-576.46
300552.SZ,20200902,11843,5852.08,10203,5052.04,14799,7319.48,12850,6363.77,9022,4461.97,12294,6066.4,1323,655.97,1642,807.29,-1443,-709.26
300552.SZ,20200901,15335,7491.55,11182,5470.91,16267,7951.12,16889,8255.43,9070,4428.79,12017,5863.62,1595,781.45,2179,1062.96,-2696,-1317.65
300552.SZ,20200831,15604,7864.78,11889,5999.35,19856,10015.21,17031,8589.68,13603,6872.39,16389,8267.55,1629,826.42,5383,2722.22,-4157,-2071.33
300552.SZ,20200828,16000,8049.57,11547,5817.33,18463,9295.88,19156,9644.34,13221,6664.08,13727,6908.36,2075,1048.11,5329,2687.61,-2200,-1080.72
300552.SZ,20200827,14918,7633.28,13078,6697.56,22227,11373.82,17504,8961.1,14067,7202.07,18856,9644.38,2046,1046.75,3820,1952.88,-3216,-1637.3
300552.SZ,20200826,23416,12052.99,21452,11096.28,36029,18600.22,29891,15471.0,23737,12311.6,26516,13695.27,7173,3740.15,12496,6442.42,-9094,-4691.04
300552.SZ,20200825,17609,8898.09,18304,9268.6,25876,13092.02,23330,11807.23,16306,8259.09,16042,8112.13,2731,1390.98,4846,2452.21,-6833,-3442.75
300552.SZ,20200824,21001,10950.17,24317,12663.41,35722,18609.04,37009,19268.21,28735,14953.14,22909,11931.42,4953,2571.46,6176,3220.77,-3069,-1547.43
300552.SZ,20200821,21547,10714.31,21416,10650.8,31585,15704.47,31167,15513.49,19526,9731.73,20456,10190.72,3755,1873.58,3374,1669.09,15756,7841.72
300552.SZ,20200820,8301,3876.51,6982,3262.8,6079,2838.36,7330,3423.9,3536,1652.18,3923,1830.23,1125,527.02,807,377.15,923,433.18
300552.SZ,20200819,12703,5977.64,7587,3572.82,12463,5863.15,11223,5282.49,4983,2340.79,6297,2960.48,0,0.0,5042,2365.79,-2073,-975.94
300552.SZ,20200818,9946,4821.59,7744,3755.62,10293,4988.4,10669,5175.08,4833,2345.19,5966,2890.38,0,0.0,693,334.1,-1178,-567.13
300552.SZ,20200817,14011,6799.22,14677,7123.43,15163,7354.74,16695,8097.85,10768,5222.95,11068,5371.86,3442,1672.96,945,456.72,1790,881.64
300552.SZ,20200814,12731,5990.51,15605,7349.78,15059,7091.5,16258,7657.74,9738,4594.93,6787,3200.72,1949,923.49,827,392.19,4781,2266.79
300552.SZ,20200813,10219,4730.87,11570,5353.18,12186,5645.61,11043,5121.75,5693,2639.44,4731,2190.24,699,322.73,1452,673.49,-3495,-1606.5
300552.SZ,20200812,13626,6147.72,11130,5022.77,15103,6817.09,13900,6270.46,6632,2980.1,9023,4068.5,413,187.09,1721,770.28,-1114,-501.73
300552.SZ,20200811,10630,5021.71,9000,4259.44,10140,4783.24,9516,4488.84,7068,3337.63,7743,3651.95,560,265.01,2138,1007.36,-5209,-2450.36
300552.SZ,20200810,11902,5651.39,11826,5617.74,12371,5876.19,11402,5417.13,6529,3103.37,7885,3742.7,311,146.63,0,0.0,-347,-152.92
300552.SZ,20200807,19213,9107.83,14303,6770.84,17301,8195.53,17362,8227.37,6896,3262.65,10645,5044.26,726,341.43,1826,864.97,-5528,-2596.82
300552.SZ,20200806,24271,11812.51,14018,6829.53,24717,12027.86,24602,11981.0,12915,6289.35,19737,9599.0,892,434.57,4438,2154.75,-6708,-3244.65
300552.SZ,20200805,15102,7631.23,10532,5329.46,16253,8217.83,14226,7195.74,7319,3692.83,11366,5740.68,2077,1048.28,4627,2324.28,1032,526.75
300552.SZ,20200804,18746,9568.75,11951,6103.03,20875,10664.69,20903,10674.78,13866,7088.99,18249,9327.84,1161,590.27,3545,1807.04,-7333,-3738.18
300552.SZ,20200803,14026,7313.19,15050,7852.95,22195,11573.24,23329,12171.18,15681,8188.93,13407,6987.52,4610,2406.84,4725,2470.55,19,28.51
300552.SZ,20200731,14861,7625.05,11974,6150.04,16864,8660.59,17860,9173.12,10703,5497.63,10915,5602.55,1795,922.22,3475,1779.78,-4488,-2302.99
300552.SZ,20200730,15340,7882.59,14108,7253.95,22429,11529.04,23005,11827.16,12076,6207.99,12649,6499.4,2124,1093.88,2206,1133.0,-231,-114.12
300552.SZ,20200729,16016,8071.05,17072,8603.16,23318,11749.6,23955,12083.12,13034,6580.97,11560,5829.29,2531,1282.73,2313,1168.77,9390,4754.55
300552.SZ,20200728,13508,6461.4,13876,6648.8,16007,7669.14,17266,8270.56,12604,6040.74,11579,5542.48,2624,1254.45,2023,963.89,1380,663.05
300552.SZ,20200727,16759,7935.96,12435,5895.88,23008,10891.7,19723,9334.57,10380,4915.9,16374,7743.52,1087,514.77,2702,1284.36,-5198,-2457.79
300552.SZ,20200724,21724,10899.48,14117,7081.77,26082,13093.51,24736,12404.33,16295,8155.4,21436,10736.5,1451,726.63,5263,2652.42,-9161,-4568.88
300552.SZ,20200723,19770,10324.79,17362,9085.61,29137,15217.48,28079,14679.07,18158,9514.15,22183,11598.89,4869,2559.97,4310,2252.81,-8629,-4505.97
300552.SZ,20200722,24684,13023.94,26762,14131.7,40993,21639.38,38643,20411.47,24337,12846.94,28919,15253.7,12595,6672.62,8285,4386.01,16871,8888.69
300552.SZ,20200721,16224,8135.0,10946,5493.98,19325,9693.18,20367,10215.16,9521,4772.72,13435,6736.05,2593,1300.84,2915,1456.56,-667,-318.83
300552.SZ,20200720,14894,7500.6,14012,7064.75,26254,13229.27,23601,11894.32,16640,8393.78,19145,9647.38,2934,1479.73,3965,1996.93,-3680,-1846.78
300552.SZ,20200717,17375,8629.53,17520,8723.08,24864,12373.54,25057,12461.04,16792,8369.05,15868,7892.21,2353,1163.0,2938,1458.8,692,359.39
300552.SZ,20200716,22130,11139.34,20048,10103.84,33009,16601.76,32093,16139.04,21415,10770.56,23049,11585.04,4576,2297.47,5939,2981.2,-2614,-1296.76
300552.SZ,20200715,33283,16934.55,23481,11999.83,45511,23212.52,44057,22482.03,34222,17439.94,42930,21803.0,4768,2454.23,7316,3756.38,-12295,-6183.17
300552.SZ,20200714,42734,22481.43,24987,13172.65,65127,34247.48,53882,28335.57,38574,20245.93,56179,29509.54,8171,4227.66,19558,10184.74,-30069,-15667.39
300552.SZ,20200713,23493,13342.92,22605,12871.86,35415,20126.29,32120,18271.4,28590,16283.1,30348,17243.3,7622,4339.11,10047,5704.86,-7761,-4387.67
300552.SZ,20200710,26806,14688.86,31273,17167.17,42694,23443.87,42298,23240.8,33882,18632.82,33766,18532.42,10087,5547.34,6132,3372.5,-3822,-2105.95
300552.SZ,20200709,25729,13197.95,28214,14535.78,39673,20375.47,42136,21618.33,35792,18351.87,32999,16956.15,8115,4214.98,5961,3030.01,10823,5540.56
300552.SZ,20200708,30503,14971.4,22402,11022.94,39710,19512.99,35389,17413.51,30870,15190.33,42886,21050.69,6584,3239.61,6990,3427.2,-10091,-4933.76
300552.SZ,20200707,25052,11883.73,31288,14871.29,39255,18582.31,39895,18892.04,28103,13372.49,24678,11717.08,9096,4335.37,5645,2693.49,142,92.07
300552.SZ,20200706,26678,11959.64,23769,10657.68,32873,14739.29,35306,15847.96,21127,9482.41,23614,10608.48,6575,2966.16,4565,2033.38,13120,5891.16
300552.SZ,20200703,17293,7288.02,13069,5514.74,14736,6211.29,15836,6676.99,6658,2808.91,9216,3878.78,1096,461.63,1663,699.35,3395,1439.87
300552.SZ,20200702,17258,7277.13,17248,7275.81,20297,8555.29,20056,8459.38,13976,5896.97,13666,5761.92,2107,890.06,2669,1122.34,-6415,-2694.48
300552.SZ,20200701,19362,8276.8,19056,8156.09,22736,9725.05,23487,10045.25,14636,6267.25,12994,5556.6,1702,730.85,2899,1242.01,-5408,-2292.63
300552.SZ,20200630,15822,6747.4,18255,7790.57,21886,9338.63,19252,8214.84,11574,4938.55,11542,4920.78,1237,528.67,1470,627.07,-9074,-3868.7
300552.SZ,20200629,19314,8231.98,26551,11330.17,25876,11045.52,22120,9444.4,16153,6902.11,13504,5762.41,1509,648.77,678,291.41,833,381.42
300552.SZ,20200624,26698,11219.51,24537,10326.69,33933,14265.49,32443,13638.86,20242,8539.21,18676,7847.7,598,255.43,5817,2466.4,10065,4183.97
300552.SZ,20200623,14136,5633.51,12155,4845.5,9909,3954.08,10836,4321.43,3708,1479.84,4925,1963.79,603,240.41,441,177.1,-1250,-492.1
300552.SZ,20200622,14609,5852.48,12604,5052.73,12202,4891.69,11710,4693.45,6492,2603.29,8594,3445.61,1052,421.81,1447,577.48,-1856,-743.0
300552.SZ,20200619,15030,5978.86,13178,5247.34,10872,4328.7,11821,4706.16,3844,1530.75,5388,2141.54,947,378.56,306,121.83,4064,1625.81
300552.SZ,20200618,17415,6907.26,14951,5936.32,10316,4099.43,10458,4154.28,4995,1984.47,6438,2554.61,260,104.03,1139,449.97,-2457,-968.52
300552.SZ,20200617,19045,7546.34,17229,6834.87,15877,6305.07,18373,7292.11,11997,4754.6,8800,3487.8,688,273.32,3205,1264.55,-647,-255.18
300552.SZ,20200616,19874,7745.71,24858,9682.09,27660,10773.82,22036,8587.71,10500,4098.08,10709,4180.21,1047,404.56,1478,572.16,6940,2704.23
300552.SZ,20200615,15981,6039.75,18646,7051.01,20110,7602.56,15797,5973.42,7042,2663.99,7736,2919.41,239,89.86,1194,452.32,2945,1126.06
300552.SZ,20200612,15937,5902.79,18189,6753.08,19094,7087.8,19835,7362.6,9027,3358.6,7143,2649.57,1741,652.82,631,236.76,9182,3429.85
300552.SZ,20200611,12746,4650.11,13702,5004.38,14934,5456.35,13372,4884.44,5435,1989.2,5461,1994.34,0,0.0,581,212.5,4644,1697.13
300552.SZ,20200610,12547,4521.62,9199,3316.87,7643,2755.36,9055,3264.33,4318,1556.89,5881,2118.38,0,0.0,372,134.29,-2604,-937.62
300552.SZ,20200609,19750,7228.03,17472,6394.75,16981,6213.61,17789,6509.31,6803,2487.86,7634,2791.38,462,168.19,1102,402.26,-13099,-4786.36
300552.SZ,20200608,16440,6137.23,15275,5705.06,13890,5198.21,14937,5589.46,6653,2491.68,7920,2960.96,1932,720.98,782,292.61,3770,1420.01
300552.SZ,20200605,12277,4531.44,8847,3267.78,7736,2854.91,7762,2864.95,2011,741.62,5669,2089.42,1295,476.91,1041,382.73,-1639,-600.73
300552.SZ,20200604,13025,4839.75,10101,3755.98,8055,2993.48,8568,3183.29,2865,1064.36,5114,1897.88,300,110.97,463,171.4,-3279,-1214.77
300552.SZ,20200603,14879,5570.28,13772,5159.69,10753,4024.1,10490,3925.23,3979,1489.54,6967,2608.03,3658,1373.52,2040,764.49,-8479,-3170.91
300552.SZ,20200602,16130,6043.62,13921,5216.39,11255,4218.82,12395,4643.56,4406,1650.59,6013,2252.81,1694,634.88,1157,435.14,-1246,-457.85
300552.SZ,20200601,16968,6292.81,17031,6323.79,17907,6644.83,15399,5715.05,8836,3284.97,10464,3880.84,1005,372.84,1822,675.77,3266,1216.92
300552.SZ,20200529,13870,5049.84,12800,4660.06,8661,3151.9,10084,3671.62,6241,2276.04,6021,2194.45,600,219.55,466,171.19,-774,-273.22
300552.SZ,20200528,15300,5503.24,13818,4977.45,11810,4252.52,10848,3908.66,5373,1939.44,7037,2530.06,680,246.81,1461,525.84,-951,-335.72
300552.SZ,20200527,14088,5117.13,14787,5377.37,12480,4540.54,12337,4487.09,6729,2447.24,5744,2086.83,1473,538.3,1902,691.93,-1896,-681.29
300552.SZ,20200526,14808,5343.03,17596,6351.02,11811,4264.68,11131,4016.66,7257,2620.97,6272,2266.87,1568,565.81,444,159.93,-1344,-486.13
300552.SZ,20200525,17639,6308.39,16228,5815.67,11916,4263.63,11604,4145.58,5433,1939.05,6223,2221.32,0,0.0,933,328.5,-2413,-860.5
300552.SZ,20200522,19937,7343.83,14483,5341.93,14359,5291.39,16437,6053.86,6575,2426.74,8866,3262.66,383,140.94,1469,544.45,-4794,-1768.48
300552.SZ,20200521,22856,8769.98,15841,6093.09,15160,5820.63,12237,4700.04,6013,2308.8,14611,5595.61,422,162.44,1762,673.11,-5610,-2151.14
300552.SZ,20200520,32084,12654.41,24033,9479.23,24332,9592.04,22861,9002.65,11204,4418.56,17712,6995.17,262,101.92,3275,1289.88,-6395,-2530.83
300552.SZ,20200519,24252,10184.03,17220,7239.4,19291,8094.29,19061,8002.29,9537,4000.57,16000,6704.56,287,120.54,1086,453.19,-6950,-2921.88
300552.SZ,20200518,12307,9672.07,10849,8541.45,10438,8212.23,10752,8453.52,6610,5205.94,6690,5255.69,588,462.71,1653,1302.28,-586,-446.76
300552.SZ,20200515,11133,8830.23,10373,8233.6,10497,8325.5,8069,6400.79,4958,3931.49,6364,5043.96,474,376.59,2256,1785.45,-6642,-5261.9
300552.SZ,20200514,9659,7717.63,9377,7491.6,10364,8288.88,12017,9614.6,7698,6159.98,6768,5414.07,1462,1172.89,1021,819.1,1769,1423.36
300552.SZ,20200513,12236,9720.26,11410,9059.68,10372,8245.3,10248,8150.37,5513,4386.0,6042,4805.99,382,303.7,803,639.22,-1164,-894.24
300552.SZ,20200512,13962,10991.18,13074,10287.76,15444,12173.93,13776,10852.82,8676,6848.88,10859,8583.69,1223,969.54,1595,1259.27,3,12.62
300552.SZ,20200511,12736,9812.66,9803,7561.84,9377,7225.19,9632,7423.89,4391,3387.84,6326,4871.8,200,153.2,943,721.37,725,572.71
300552.SZ,20200508,9400,7132.57,12580,9548.99,9570,7265.04,7916,6011.58,6044,4593.84,5226,3967.14,1214,921.99,506,385.72,-413,-304.22
300552.SZ,20200507,9734,7322.67,9584,7217.51,8497,6393.0,8461,6368.86,4620,3481.24,4735,3559.52,257,194.11,328,245.13,-4765,-3576.16
300552.SZ,20200506,12949,9635.22,13246,9876.39,11149,8296.46,10670,7930.73,5894,4398.37,5522,4119.56,1198,899.24,1753,1302.6,-881,-622.19
300552.SZ,20200430,12001,8869.56,16370,12108.24,11680,8625.49,10410,7705.39,7161,5317.69,5313,3936.41,2246,1672.1,995,734.79,-564,-413.59
300552.SZ,20200429,15917,11509.16,14430,10416.39,11648,8391.53,13882,10039.24,8342,6032.74,8442,6103.92,1390,1009.45,543,383.32,5225,3776.43
300552.SZ,20200428,12805,8565.45,9785,6569.79,8804,5891.63,10734,7173.6,5030,3354.92,6097,4056.35,579,388.58,602,400.85,-1546,-1062.57
300552.SZ,20200427,12211,8482.42,13055,9068.38,9379,6517.56,8038,5585.41,3929,2732.99,3910,2728.52,586,412.18,1102,762.85,-3399,-2352.65
300552.SZ,20200424,8946,6477.71,6344,4603.7,5796,4198.27,6108,4418.26,2260,1637.69,4211,3043.4,322,229.69,661,478.0,-2760,-1990.98
300552.SZ,20200423,8980,6657.4,6432,4771.91,5651,4189.68,6096,4518.35,3237,2395.82,4231,3131.87,582,430.68,1691,1251.45,-4106,-3037.43
300552.SZ,20200422,10610,7989.61,9015,6797.35,7647,5762.94,6371,4802.45,3366,2537.47,5971,4493.28,526,395.91,792,592.85,-3034,-2284.72
300552.SZ,20200421,14573,11057.84,14799,11231.39,13821,10480.06,12891,9785.04,7568,5757.45,8521,6470.34,1112,843.17,863,651.75,4614,3506.72
300552.SZ,20200420,9839,7199.11,9865,7228.42,8885,6508.67,8763,6418.39,4955,3629.98,5203,3804.52,507,373.26,355,259.68,-3316,-2408.84
300552.SZ,20200417,9631,7109.58,9897,7312.53,8257,6096.79,8140,6009.88,5267,3890.61,4945,3647.06,48,35.08,221,162.6,-3073,-2260.9
300552.SZ,20200416,10217,7469.55,8481,6202.56,7376,5396.42,7864,5752.06,3124,2286.51,4531,3313.47,637,465.57,478,349.95,-13,-6.47
300552.SZ,20200415,13138,9609.01,11812,8648.51,9593,7016.44,9262,6773.5,5880,4306.85,6865,5018.76,748,545.79,1420,1037.32,596,442.8
300552.SZ,20200414,15927,11537.32,13124,9516.16,12215,8846.64,13123,9508.18,8606,6233.34,7819,5650.05,610,443.84,3292,2386.76,522,392.14
300552.SZ,20200413,22181,15888.01,16742,11949.1,19292,13806.22,14727,10519.79,12192,8718.84,16511,11833.08,1526,1087.76,7211,5198.86,-7435,-5246.04
300552.SZ,20200410,17537,13616.91,12568,9807.67,17698,13708.04,12165,9512.95,13609,10478.97,14318,11103.81,1220,966.38,11013,8345.86,-2433,-2025.81
300552.SZ,20200409,11512,9195.63,14434,11480.77,13563,10869.25,14829,11917.15,13436,10763.43,10135,8131.79,2007,1616.69,1119,915.31,4451,3624.34
300552.SZ,20200408,10124,7635.46,9741,7356.2,7946,6000.49,8188,6182.11,6297,4762.54,6374,4814.84,500,378.37,564,423.7,-94,-56.66
300552.SZ,20200407,13394,9969.88,11590,8625.55,9869,7332.6,12236,9106.1,7159,5328.76,6606,4911.41,577,432.23,567,420.4,6048,4493.31
300552.SZ,20200403,11490,8136.78,11045,7829.8,8466,6002.65,6796,4820.85,3649,2582.61,4717,3337.88,633,450.66,1681,1184.16,-4655,-3278.53
300552.SZ,20200402,12999,9382.26,12247,8849.79,8187,5908.8,9762,7049.25,5546,4005.59,5735,4140.48,1699,1235.19,687,492.32,2413,1753.07
300552.SZ,20200401,12388,8718.74,14269,10047.52,7054,4968.39,7004,4941.02,3928,2776.82,2595,1831.66,898,636.67,400,280.42,1272,908.0
300552.SZ,20200331,11094,7680.82,10576,7317.58,5360,3717.19,5454,3776.61,2532,1750.61,2703,1873.16,1362,939.34,1616,1120.61,-1467,-1006.67
300552.SZ,20200330,15925,10824.24,9596,6537.22,9393,6380.34,7398,5037.1,2357,1599.56,5642,3824.69,1171,793.69,6210,4198.81,2938,1979.95
300552.SZ,20200327,8018,5814.6,9137,6632.53,5227,3794.11,5325,3862.75,2499,1814.34,1813,1313.68,1028,739.3,497,353.39,-2952,-2122.61
300552.SZ,20200326,7345,5360.09,7941,5797.67,4076,2974.59,4273,3118.12,2715,1982.77,2176,1586.69,438,318.48,184,133.44,-2338,-1703.78
300552.SZ,20200325,11337,8338.33,10700,7873.09,6853,5047.47,7361,5420.3,3810,2805.42,3286,2417.35,0,0.0,653,480.47,-321,-223.78
300552.SZ,20200324,16065,11321.88,12720,8982.1,9197,6481.36,11731,8267.55,3707,2619.28,5465,3851.47,1312,932.87,365,254.27,-614,-437.5
300552.SZ,20200323,14516,10668.16,9252,6831.04,11098,8144.76,8879,6536.45,6405,4661.96,10721,7817.98,2554,1836.07,5721,4125.48,688,459.37
300552.SZ,20200320,8482,6807.83,7589,6094.38,5345,4296.56,5524,4442.96,1997,1604.45,2546,2046.33,493,398.33,657,523.5,-1499,-1201.43
300552.SZ,20200319,11071,8899.48,7873,6342.74,8869,7145.56,7715,6219.18,4095,3285.21,6265,5025.86,706,581.41,2888,2323.89,1966,1580.58
300552.SZ,20200318,9052,7736.95,8189,7045.64,9615,8196.96,8082,6923.41,4561,3892.39,5542,4697.99,728,631.58,2142,1790.84,-3725,-3121.66
300552.SZ,20200317,7126,6069.94,6543,5582.84,6333,5400.38,7403,6321.19,3461,2959.63,4196,3578.19,2057,1763.86,834,711.58,932,799.86
300552.SZ,20200316,10747,9551.38,10325,9184.58,10208,9048.03,10467,9274.82,5186,4583.35,5941,5262.79,2274,2043.28,1682,1503.85,-6567,-5826.68
300552.SZ,20200313,10475,9529.72,10722,9735.64,9425,8597.81,10793,9848.08,7024,6374.75,6229,5675.63,1468,1345.21,648,588.14,2988,2832.13
300552.SZ,20200312,10770,9867.28,10269,9429.85,10256,9392.3,11114,10192.98,4463,4085.69,5305,4860.94,4290,3954.38,3090,2815.89,-4915,-4492.5
300552.SZ,20200311,12805,12063.81,14194,13355.2,13043,12274.13,11920,11236.54,5984,5638.23,6606,6242.75,2802,2660.98,1914,1802.67,-9159,-8604.88
300552.SZ,20200310,12710,11968.06,13554,12794.65,14488,13672.01,17844,16832.29,10905,10300.07,11197,10575.59,6817,6440.95,2324,2178.57,6415,6143.59
300552.SZ,20200309,11916,11140.14,13915,13020.34,12102,11298.41,11640,10871.63,7247,6787.28,6857,6419.14,2898,2716.12,1751,1630.83,-7378,-6865.76
300552.SZ,20200306,8468,8037.72,10757,10223.36,9014,8563.5,9083,8636.31,4868,4637.84,4187,3980.82,2988,2852.67,1311,1251.22,1364,1322.0
300552.SZ,20200305,12181,11490.59,13828,13069.07,11321,10692.15,12315,11625.77,6737,6378.28,6306,5957.95,2666,2522.98,456,431.21,-6128,-5759.91
300552.SZ,20200304,15165,14321.75,17659,16724.44,17479,16514.33,18045,17079.87,10554,10025.07,9431,8941.23,4186,4007.24,2249,2122.85,-3019,-2780.35
300552.SZ,20200303,16149,15267.11,14713,13915.82,16591,15700.29,18778,17762.52,12284,11624.72,11665,11024.9,2783,2623.2,2650,2512.08,1974,1913.72
300552.SZ,20200302,14522,12622.71,13046,11359.55,14862,12912.47,15353,13380.05,8043,7009.28,8732,7587.55,1790,1572.47,2086,1789.78,7082,6192.05
300552.SZ,20200228,17532,14964.15,11792,10087.45,16782,14319.72,17674,15072.71,9049,7701.9,10905,9283.05,2385,2003.24,5376,4545.81,-7830,-6588.95
300552.SZ,20200227,11953,10969.66,11769,10827.7,13308,12243.24,14092,12968.11,9092,8380.88,7441,6845.2,498,459.66,1549,1412.43,-369,-321.44
300552.SZ,20200226,10784,10049.36,7912,7381.71,11158,10390.92,10040,9340.91,5736,5352.61,8823,8182.28,2185,2025.23,3087,2913.22,-2570,-2375.02
300552.SZ,20200225,13718,13388.82,13474,13190.21,16807,16433.05,16255,15891.04,10492,10255.61,11981,11708.16,3608,3559.61,2915,2847.68,-3115,-2930.39
300552.SZ,20200224,10904,10885.56,13407,13398.68,15559,15546.72,14041,14053.16,11486,11506.15,11504,11516.18,4177,4209.89,3175,3180.31,-1495,-1471.51
300552.SZ,20200221,11417,11025.83,9452,9135.11,12538,12110.68,10327,9979.81,6552,6328.69,7982,7706.82,826,798.56,3572,3442.03,-3829,-3683.59
300552.SZ,20200220,15828,15358.69,11663,11340.81,16975,16459.07,14829,14380.08,9101,8821.96,14962,14485.28,1837,1790.44,2288,2224.0,-3827,-3686.91
300552.SZ,20200219,14702,14764.12,14630,14733.35,19087,19218.11,19607,19758.95,16946,17072.99,16774,16894.76,6030,6127.71,5753,5795.87,1355,1409.09
300552.SZ,20200218,15256,14810.97,14949,14524.76,23600,22932.54,22619,21988.82,14608,14193.33,18637,18110.17,7730,7558.29,4989,4871.36,12857,12534.06
300552.SZ,20200217,11403,10198.74,11955,10696.6,14860,13314.35,14062,12595.29,8583,7685.44,9879,8851.81,2004,1801.56,953,856.39,2898,2590.15
300552.SZ,20200214,8459,7460.44,10164,8971.55,9634,8501.23,9315,8220.16,6341,5593.98,5208,4589.81,1095,965.79,842,739.91,-5352,-4717.04
300552.SZ,20200213,12608,11034.66,12915,11335.46,16668,14692.69,16490,14520.83,10690,9453.29,10437,9220.73,2605,2285.08,2728,2388.7,6065,5356.56
300552.SZ,20200212,11385,9817.43,7733,6677.44,10798,9312.25,11170,9620.96,4690,4046.57,7068,6103.46,733,632.63,1636,1407.03,-96,-61.52
300552.SZ,20200211,13170,11487.18,9556,8347.51,10799,9417.48,10250,8949.46,4963,4335.98,7846,6834.75,1125,980.62,2405,2089.53,-2491,-2157.57
300552.SZ,20200210,11175,9856.02,9978,8803.46,11020,9726.38,11992,10588.77,6540,5785.05,6482,5730.36,216,191.9,499,436.77,3032,2692.7
300552.SZ,20200207,11556,10018.57,11375,9872.45,13336,11559.7,11714,10157.4,5182,4494.91,7252,6279.59,1533,1330.46,1266,1094.2,-5405,-4678.07
300552.SZ,20200206,11604,10206.82,12651,11139.57,11871,10453.96,11897,10484.22,6755,5960.45,6688,5880.89,2154,1899.47,1149,1016.03,-439,-370.35
300552.SZ,20200205,12203,10698.79,11646,10216.52,14079,12336.9,14638,12842.08,7783,6842.75,9080,7944.27,2659,2325.13,1361,1200.69,4481,3960.51
300552.SZ,20200204,12207,10016.5,10545,8635.85,13546,11129.97,13087,10689.67,9608,7836.82,11740,9530.86,2491,1887.37,2480,2014.27,861,578.64
300552.SZ,20200203,512,421.68,0,0.0,463,381.33,0,0.0,477,392.86,0,0.0,0,0.0,1452,1195.87,1452,1195.87
300552.SZ,20200123,12362,11444.3,9182,8577.82,12049,11133.28,12273,11353.14,7417,6850.17,9010,8278.95,436,399.4,1799,1617.24,-3380,-3173.32
300552.SZ,20200122,9658,9242.66,10838,10379.48,9639,9237.84,9369,8975.0,5614,5383.01,5455,5228.62,952,911.63,200,192.04,683,666.12
300552.SZ,20200121,12554,12007.84,8743,8369.49,11519,11005.51,8709,8340.18,4234,4047.01,7522,7177.44,0,0.0,3333,3173.25,-4680,-4465.38
300552.SZ,20200120,13327,12934.22,12504,12171.09,12257,11939.85,12653,12327.5,8621,8409.8,9933,9652.53,3062,3003.59,2177,2136.34,4077,4032.23
300552.SZ,20200117,10055,9642.69,10407,9986.56,11178,10728.81,11448,10989.75,8850,8501.95,9292,8921.46,3044,2923.24,1980,1898.92,-801,-767.21
300552.SZ,20200116,20881,20086.66,12150,11716.57,21170,20347.51,18383,17701.98,17309,16621.45,22363,21502.58,7195,6902.55,13659,13037.04,-9773,-9330.93
300552.SZ,20200115,17505,17713.27,12946,13158.06,21800,22098.15,21719,22053.18,18970,19256.14,23755,24053.16,9883,10054.31,9738,9857.47,6434,6554.24
300552.SZ,20200114,21341,22281.23,8226,8633.06,30623,32057.48,13309,13952.15,32667,34480.64,32242,33680.34,15097,16305.14,45952,48858.92,-2762,-2909.3
300552.SZ,20200113,8046,8527.61,6515,7006.49,7391,7860.21,8947,9601.22,8521,9155.35,12735,13642.71,8669,9454.57,4430,4747.32,999,1026.51
300552.SZ,20200110,7736,7967.74,6266,6464.2,9531,9845.86,9260,9558.33,8947,9255.99,10462,10825.17,4569,4753.03,4795,4974.93,-1617,-1618.98
300552.SZ,20200109,5793,5783.52,4489,4488.58,5776,5776.56,7172,7174.43,6370,6376.47,6492,6496.57,1805,1804.69,1591,1581.66,1157,1160.41
300552.SZ,20200108,6623,6584.58,4532,4516.07,6186,6147.9,7409,7366.24,3847,3824.31,6005,5958.62,3848,3805.56,2558,2521.42,-2774,-2744.01
300552.SZ,20200107,5824,5802.36,6024,6002.98,6129,6118.27,7424,7409.35,6683,6670.84,6859,6851.44,3301,3304.39,1630,1632.09,-442,-413.89
300552.SZ,20200106,7689,7588.66,11119,10989.79,10457,10335.46,10008,9893.98,8836,8746.32,6230,6159.83,2146,2125.57,1771,1752.41,-1996,-1929.16
300552.SZ,20200103,9551,9251.68,14721,14323.79,15086,14676.81,17881,17452.83,17434,17004.65,14654,14236.56,10074,9802.89,4888,4722.85,6746,6669.1
300552.SZ,20200102,9176,8050.81,10896,9573.18,11756,10313.16,19251,16975.84,16241,14419.21,16327,14520.22,14464,12953.06,5163,4667.0,7143,6344.12
300552.SZ,20211231,18607,7379.49,29357,11687.12,23616,9391.78,29599,11790.45,38484,15339.04,20595,8195.24,3828,1536.85,4983,1974.35,-1663,-644.14
300552.SZ,20211230,26029,9926.59,30349,11602.4,23199,8872.57,29845,11417.06,26268,10095.91,17649,6763.38,5265,2021.85,2918,1134.08,15076,5810.45
300552.SZ,20211229,27003,10020.63,17966,6674.92,26673,9891.44,24197,8987.77,14282,5302.52,18175,6735.92,666,245.02,8286,3061.01,-12840,-4754.08
300552.SZ,20211228,27158,10487.7,27692,10699.83,26750,10330.2,33980,13120.79,29489,11397.85,19390,7491.67,2315,892.32,4650,1795.78,3941,1564.98
300552.SZ,20211227,29552,11333.89,34671,13350.93,35776,13748.18,34129,13137.89,26510,10222.47,27387,10550.06,10650,4147.74,6300,2413.4,-2923,-1097.15
300552.SZ,20211224,27068,10083.24,20668,7722.0,28994,10807.86,27555,10280.14,20124,7508.55,22837,8517.36,4541,1705.47,9666,3585.62,-5512,-2039.34
300552.SZ,20211223,31226,12047.33,37367,14459.24,40548,15652.45,36790,14221.14,29134,11271.37,24546,9475.95,11257,4412.68,13461,5227.5,12008,4677.03
300552.SZ,20211222,26894,9825.99,29738,10894.6,29430,10768.94,30980,11349.69,20923,7687.23,16639,6089.48,7134,2611.08,7024,2559.48,-10935,-4003.71
300552.SZ,20211221,36099,12989.38,45983,16499.55,55522,19992.66,48657,17520.21,29355,10585.57,32919,11931.01,14918,5385.76,8336,3002.59,13718,4873.25
300552.SZ,20211220,30155,10041.12,28014,9350.78,28452,9479.69,22646,7549.27,16443,5476.47,20060,6674.48,945,312.87,5275,1735.62,-12816,-4244.57
300552.SZ,20211217,28315,9367.39,41453,13792.44,38402,12869.05,35858,11992.71,25996,8709.05,20739,6958.39,6119,2041.98,782,243.93,10091,3453.4
300552.SZ,20211216,17639,5630.77,13991,4470.47,9489,3027.11,10135,3234.75,5774,1842.75,8177,2604.27,0,0.0,599,191.13,-1662,-523.72
300552.SZ,20211215,20558,6619.23,20586,6653.3,18057,5829.35,15321,4932.33,9966,3214.2,11193,3601.61,751,244.27,2233,719.8,7705,2480.68
300552.SZ,20211214,17302,5428.76,12976,4083.78,11327,3565.11,11238,3535.06,6364,2005.81,9485,2975.75,417,129.93,1711,535.01,4002,1266.41
300552.SZ,20211213,18039,5544.92,12148,3740.46,11397,3504.87,15146,4660.58,6201,1907.66,5620,1729.39,1204,371.05,3927,1198.07,2405,747.48
300552.SZ,20211210,31939,9984.86,16771,5237.4,20771,6492.96,29159,9081.63,14004,4359.64,17622,5505.9,3422,1067.04,6584,2079.57,-13518,-4184.0
300552.SZ,20211209,21413,7020.56,17582,5773.41,22691,7452.87,19202,6307.11,8525,2808.82,11956,3922.14,3,0.98,3892,1280.57,-8341,-2736.1
300552.SZ,20211208,26266,8725.87,22113,7351.83,25269,8419.26,28502,9493.86,15034,5001.91,15664,5206.22,2423,810.82,2713,905.95,10640,3559.16
300552.SZ,20211207,23839,7635.05,14976,4808.51,15257,4905.06,16873,5405.89,8747,2806.18,12623,4052.41,681,215.93,4052,1295.4,-993,-320.6
300552.SZ,20211206,19058,6275.85,13971,4614.12,17333,5721.73,17422,5744.32,7098,2338.99,10914,3590.61,13,4.26,1195,391.78,4606,1554.49
300552.SZ,20211203,21350,7137.78,17165,5767.26,20883,7020.07,24100,8075.77,18288,6157.87,19153,6439.54,7436,2518.92,7539,2552.08,890,311.24
300552.SZ,20211202,15593,5200.97,16301,5467.65,21990,7353.59,19820,6631.52,14131,4731.65,12981,4327.1,1306,438.67,3918,1298.59,-5858,-1922.16
300552.SZ,20211201,22438,7427.5,13273,4405.1,19778,6552.13,24406,8099.66,13486,4482.44,14892,4923.88,1356,448.71,4487,1482.14,-927,-291.02
300552.SZ,20211130,29346,10116.58,26309,9168.58,41698,14447.96,38352,13290.34,29146,10179.21,32485,11237.49,8918,3110.76,11962,4158.09,-6142,-2093.93
300552.SZ,20211129,21056,7154.32,26707,9123.76,38302,13056.5,35677,12170.79,28431,9714.09,30703,10471.91,8662,2993.92,3363,1152.37,5451,1927.68
300552.SZ,20211126,32507,10909.42,38951,13107.67,37539,12676.39,36925,12436.26,29770,10018.3,27205,9176.49,5042,1718.04,1777,601.74,2453,876.52
300552.SZ,20211125,24009,7816.51,28761,9401.12,29166,9513.47,26516,8648.42,17196,5632.86,15275,4979.02,1637,544.35,1456,478.63,-2571,-805.88
300552.SZ,20211124,28059,9006.51,27344,8830.12,29174,9377.21,30335,9764.39,21744,7005.55,20484,6588.71,5313,1727.17,6127,1933.21,3239,1057.14
300552.SZ,20211123,50797,16752.01,34734,11502.75,46919,15518.1,51459,17015.59,32195,10652.41,41325,13669.76,7884,2620.04,10277,3354.46,-9927,-3294.63
300552.SZ,20211122,24606,7458.55,43529,13427.82,38419,11616.63,48885,15191.28,35983,11126.17,36813,11527.57,39859,13134.61,9639,3189.28,15344,4107.77
300552.SZ,20211119,10484,2912.64,7575,2108.8,9057,2518.63,9404,2615.32,3600,1000.8,6162,1707.96,0,0.0,0,0.0,735,204.86
300552.SZ,20211118,14521,4075.33,8378,2355.41,12515,3515.63,13906,3907.18,5782,1624.08,10041,2818.89,905,257.85,1399,391.41,-3026,-840.14
300552.SZ,20211117,16357,4676.0,18757,5363.24,19415,5560.02,17886,5124.26,12441,3564.06,11691,3348.34,1000,289.51,880,253.76,-1703,-462.45
300552.SZ,20211116,10662,2986.12,9484,2660.84,11514,3225.08,10252,2875.53,6286,1765.15,8411,2352.38,411,115.1,726,202.7,-4846,-1350.1
300552.SZ,20211115,12690,3566.18,14375,4050.53,15777,4444.18,15802,4450.24,9198,2594.86,6840,1923.21,1049,294.65,1697,475.89,3857,1085.11
300552.SZ,20211112,16889,4619.31,9348,2561.25,12022,3293.42,14534,3979.56,8589,2358.38,13316,3646.87,1381,381.4,1683,464.85,-4307,-1173.68
300552.SZ,20211111,23129,6530.42,24335,6881.24,28603,8087.67,31261,8831.26,21364,6052.22,15566,4411.17,3990,1133.2,5923,1679.83,2527,760.53
300552.SZ,20211110,14271,3725.78,23945,6266.19,20857,5449.61,22975,6020.24,15624,4105.0,9206,2424.63,6345,1685.87,970,255.2,12992,3443.49
300552.SZ,20211109,3175,761.44,3141,753.72,3933,942.91,3348,802.72,1498,359.27,1684,403.59,0,0.0,433,103.57,666,160.79
300552.SZ,20211108,3261,772.39,3251,770.45,2339,553.93,2618,620.41,904,214.67,635,150.13,0,0.0,0,0.0,100,25.25
300552.SZ,20211105,4196,1003.4,3638,870.19,3029,725.05,3139,751.07,1323,316.19,1846,441.26,75,17.88,0,0.0,-655,-156.5
300552.SZ,20211104,3885,922.57,3057,726.06,2649,628.99,3181,755.31,773,183.55,576,136.81,0,0.0,493,116.94,1420,338.46
300552.SZ,20211103,3022,710.11,2837,668.36,3012,709.42,3401,800.3,1193,281.9,990,232.76,0,0.0,0,0.0,28,7.98
300552.SZ,20211102,5510,1284.81,4170,975.97,3192,748.39,4145,966.93,756,176.58,1143,266.88,0,0.0,0,0.0,-2327,-541.49
300552.SZ,20211101,4237,999.25,3558,839.72,3412,804.08,2878,678.78,414,97.33,1627,382.17,0,0.0,0,0.0,239,56.36
300552.SZ,20211029,4389,1013.36,3488,807.83,3504,807.18,4291,989.46,888,204.98,1002,228.22,0,0.0,0,0.0,866,200.71
300552.SZ,20211028,11556,2742.24,4500,1076.09,8557,2030.55,9716,2297.6,1610,379.54,7280,1725.13,0,0.0,227,53.52,-6218,-1466.58
300552.SZ,20211027,4858,1225.37,3286,830.28,3202,807.47,3796,956.19,1080,272.75,1657,417.01,0,0.0,400,102.11,-3604,-908.56
300552.SZ,20211026,4678,1194.65,5052,1299.03,5246,1344.59,6159,1575.06,2648,681.02,1361,346.17,0,0.0,0,0.0,2277,588.12
300552.SZ,20211025,3229,816.9,2211,560.6,2950,747.29,3478,879.86,1809,457.58,2299,581.31,0,0.0,0,0.0,-626,-157.12
300552.SZ,20211022,5866,1502.66,2960,758.9,4638,1188.51,5013,1284.78,1313,338.5,3024,776.45,0,0.0,819,209.53,-1927,-495.11
300552.SZ,20211021,4469,1180.24,2764,733.47,3233,855.69,3541,937.39,1569,415.79,2803,737.47,0,0.0,163,43.4,-3207,-843.7
300552.SZ,20211020,2197,583.76,2089,555.37,2663,707.55,2694,715.78,638,169.79,671,178.14,0,0.0,44,11.81,80,21.73
300552.SZ,20211019,2728,724.37,2280,605.84,3180,844.95,3716,986.83,1966,522.14,1878,498.78,0,0.0,0,0.0,-307,-81.59
300552.SZ,20211018,4316,1140.67,3379,894.41,4059,1074.45,4277,1130.58,1110,293.69,1829,483.82,0,0.0,0,0.0,-1281,-337.79
300552.SZ,20211015,5325,1472.35,5356,1485.32,5537,1535.44,5510,1527.14,2208,614.81,2213,612.71,800,218.48,791,215.91,1352,379.95
300552.SZ,20211014,2164,575.73,1919,511.71,2051,546.25,2585,688.17,1085,289.08,796,211.19,0,0.0,0,0.0,-423,-110.93
300552.SZ,20211013,2597,689.54,2273,604.44,2322,616.49,2486,659.62,1302,344.65,1462,386.62,0,0.0,0,0.0,-768,-201.49
300552.SZ,20211012,5878,1568.55,3832,1023.46,4250,1135.4,3979,1063.32,844,223.58,3179,847.19,450,119.93,431,113.48,-4752,-1269.7
300552.SZ,20211011,3760,1034.39,2863,788.71,3567,980.18,3012,828.17,472,129.87,1924,527.56,0,0.0,0,0.0,-888,-242.73
300552.SZ,20211008,2874,791.13,2000,551.09,2937,808.42,3582,986.11,690,189.7,919,252.05,0,0.0,0,0.0,-530,-144.02
300552.SZ,20210930,2127,576.55,2516,682.79,3726,1010.52,2830,767.51,1294,351.02,1801,487.79,0,0.0,0,0.0,533,145.38
300552.SZ,20210929,6037,1633.18,3756,1016.29,5393,1457.69,6833,1846.64,2148,580.32,2923,790.18,0,0.0,66,18.08,-4005,-1081.41
300552.SZ,20210928,6128,1700.16,4437,1231.28,5560,1542.46,6443,1787.09,1315,364.4,2123,588.65,0,0.0,0,0.0,-4490,-1243.75
300552.SZ,20210927,10508,3015.77,6638,1911.39,10701,3076.99,11163,3208.08,4040,1169.83,7643,2199.81,218,63.64,24,6.96,-7581,-2171.58
300552.SZ,20210924,13231,3937.34,15757,4702.54,21558,6426.24,20063,5980.12,17178,5131.87,14158,4221.88,1130,333.85,3120,924.75,4789,1433.04
300552.SZ,20210923,4935,1375.81,6316,1765.04,6727,1879.62,6740,1885.99,2459,689.48,2686,750.69,1757,494.78,136,37.97,1206,346.89
300552.SZ,20210922,3143,868.32,2790,771.77,3454,954.85,3202,885.25,1387,384.12,1992,550.28,0,0.0,0,0.0,-850,-233.77
300552.SZ,20210917,6575,1842.33,5657,1586.39,6549,1833.56,6399,1791.24,2024,566.85,3362,941.08,516,144.87,246,68.89,-4799,-1342.45
300552.SZ,20210916,10840,3108.17,11956,3442.95,13689,3928.69,14657,4198.33,8194,2352.32,7990,2288.29,2583,745.57,703,205.17,6823,1958.96
300552.SZ,20210915,5916,1634.31,4079,1128.03,7275,2008.76,6583,1816.62,1709,471.23,3389,935.24,0,0.0,849,234.41,-5363,-1479.11
300552.SZ,20210914,6204,1770.57,4411,1261.86,6797,1942.99,7641,2185.21,3260,932.98,4689,1338.29,480,138.81,0,0.0,-4675,-1332.83
300552.SZ,20210913,5174,1482.05,5746,1651.76,6641,1905.41,7045,2022.48,3623,1044.93,2852,815.65,622,178.89,417,121.39,-527,-145.86
300552.SZ,20210910,5205,1493.42,4901,1407.12,6287,1805.01,6578,1887.68,3389,972.12,3403,975.75,0,0.0,0,0.0,2054,590.36
300552.SZ,20210909,3682,1045.63,3482,988.88,4493,1275.97,4884,1386.92,2082,590.97,1310,371.73,0,0.0,581,165.05,-3575,-1014.14
300552.SZ,20210908,4679,1336.86,3682,1053.25,4874,1393.38,5445,1556.94,1550,443.85,2500,714.34,523,150.44,0,0.0,-1133,-322.1
300552.SZ,20210907,5566,1606.52,6089,1762.07,6383,1845.17,6072,1752.88,2673,771.99,2170,624.84,0,0.0,291,83.89,-2693,-772.51
300552.SZ,20210906,5702,1613.3,5920,1676.09,5972,1690.2,4800,1357.72,1437,407.4,2809,794.71,500,140.95,82,23.32,-3196,-903.41
300552.SZ,20210903,9806,2770.45,10860,3070.42,10495,2966.31,10095,2853.29,3800,1074.7,3299,931.41,153,43.67,0,0.0,2424,697.0
300552.SZ,20210902,5905,1628.95,7181,1985.73,7800,2153.79,7094,1956.39,3185,879.23,2266,623.72,51,13.94,400,110.07,-2299,-630.45
300552.SZ,20210901,7852,2144.25,4352,1191.29,6513,1778.41,7283,1990.22,2802,762.56,4253,1157.07,422,115.67,1701,462.3,-4151,-1125.9
300552.SZ,20210831,6779,1859.49,4156,1140.92,8246,2262.65,6003,1648.03,2938,805.61,6816,1870.21,534,146.32,1524,414.9,-2924,-801.3
300552.SZ,20210830,6626,1866.87,5128,1444.93,7524,2119.35,7124,2006.29,3216,904.37,4720,1328.77,0,0.0,395,110.6,-3069,-859.97
300552.SZ,20210827,6010,1702.28,5602,1591.4,5999,1702.18,6753,1915.1,3488,992.67,3293,933.8,151,43.16,0,0.0,-1406,-396.31
300552.SZ,20210826,14645,4223.87,7069,2043.21,10630,3071.2,12281,3543.5,4277,1230.91,8714,2514.36,0,0.0,1487,424.91,-9143,-2632.11
300552.SZ,20210825,8990,2675.42,7534,2252.79,10022,2987.09,9578,2856.04,5322,1588.32,4969,1475.13,2880,853.49,5132,1520.35,-918,-282.54
300552.SZ,20210824,11085,3330.35,8338,2511.63,11790,3543.32,10807,3249.78,6835,2051.65,6830,2051.4,763,227.84,4498,1340.34,-5289,-1587.49
300552.SZ,20210823,10875,3306.66,10958,3340.84,11801,3592.6,10153,3089.37,5217,1591.6,8571,2603.29,2490,758.38,701,215.73,2869,871.23
300552.SZ,20210820,11184,3338.52,8266,2475.7,9722,2905.03,11415,3408.05,4553,1362.49,6095,1816.43,317,94.15,0,0.0,-3815,-1139.33
300552.SZ,20210819,13421,4106.26,17093,5244.89,17698,5429.81,17673,5423.36,10100,3107.75,7589,2327.88,1942,599.69,806,247.38,-1853,-575.12
300552.SZ,20210818,13084,3841.1,9990,2935.08,12917,3794.11,13174,3869.41,7927,2330.03,9940,2919.33,0,0.0,824,241.42,-3880,-1139.55
300552.SZ,20210817,21314,6531.56,12001,3684.03,20077,6162.87,20861,6411.27,9095,2805.36,14754,4533.23,1726,527.61,4596,1398.86,-1744,-504.14
300552.SZ,20210816,23794,7783.48,21648,7131.38,28132,9257.94,31244,10277.77,21387,7055.6,22114,7256.71,5630,1869.38,3937,1300.55,-7070,-2285.67
300552.SZ,20210813,24174,7581.31,28976,9183.4,34517,10893.05,35315,11180.5,22478,7133.08,22921,7222.19,8247,2678.0,2203,699.35,5148,1758.04
300552.SZ,20210812,23753,7250.39,31263,9577.28,32317,9844.55,34323,10485.68,25905,7935.8,19869,6100.52,8313,2599.77,4833,1467.03,16494,5072.09
300552.SZ,20210811,16766,4855.21,19752,5725.01,19935,5775.45,19598,5671.64,13887,4015.97,10933,3161.81,1881,545.26,2186,633.43,-347,-95.39
300552.SZ,20210810,5078,1385.27,5243,1432.44,5364,1466.5,6152,1680.34,3597,983.34,2644,722.33,0,0.0,0,0.0,-573,-153.55
300552.SZ,20210809,5063,1364.68,4676,1260.54,4781,1289.34,4855,1308.15,1425,383.39,1738,468.72,0,0.0,0,0.0,1200,327.01
300552.SZ,20210806,6038,1604.07,5499,1462.51,5245,1393.39,4293,1140.02,2207,584.83,2174,576.45,702,184.98,2226,588.28,-1292,-344.6
300552.SZ,20210805,7068,1924.77,6033,1644.69,7626,2077.75,7942,2163.02,2881,785.96,3600,980.76,0,0.0,0,0.0,-5491,-1493.6
300552.SZ,20210804,6235,1725.62,7125,1974.29,6296,1744.47,6070,1681.49,3946,1092.81,3281,907.12,0,0.0,0,0.0,-3609,-996.89
300552.SZ,20210803,10046,2823.45,9868,2776.75,8695,2442.91,9775,2747.75,4709,1328.3,4097,1152.22,450,126.54,160,44.48,-6314,-1771.14
300552.SZ,20210802,14806,4082.92,18224,5053.35,16752,4626.54,18773,5195.65,12095,3361.31,10699,2972.76,5143,1459.86,1100,308.87,9472,2635.63
300552.SZ,20210730,8390,2228.85,4740,1260.25,7214,1915.53,7606,2019.78,2021,536.69,4879,1295.52,0,0.0,400,105.52,49,14.63
300552.SZ,20210729,5653,1534.64,4643,1261.56,5042,1368.79,6998,1900.21,3446,937.45,2499,679.11,0,0.0,0,0.0,-1234,-334.83
300552.SZ,20210728,7343,1974.56,5153,1389.17,5935,1593.48,7020,1885.86,1776,477.47,2880,770.48,0,0.0,0,0.0,-1236,-334.22
300552.SZ,20210727,8256,2284.86,9112,2529.93,10146,2815.34,9356,2597.19,4789,1336.12,5225,1450.21,522,146.52,20,5.52,2648,732.14
300552.SZ,20210726,6053,1621.72,5196,1393.33,6328,1695.94,6399,1714.51,3004,804.51,3790,1014.32,0,0.0,0,0.0,-648,-172.66
300552.SZ,20210723,10856,2940.97,5468,1481.79,8591,2325.61,9799,2656.03,3774,1020.21,6697,1810.11,0,0.0,1256,338.87,-6088,-1653.69
300552.SZ,20210722,5309,1488.45,4343,1219.29,5872,1648.06,5337,1498.08,1313,368.53,3144,882.26,526,149.17,195,54.58,-1489,-417.05
300552.SZ,20210721,6562,1833.3,7143,1997.88,7270,2032.51,6547,1828.82,4062,1137.24,4204,1176.34,0,0.0,0,0.0,3273,919.48
300552.SZ,20210720,4784,1302.6,3613,985.66,3891,1059.25,4495,1223.75,2681,730.11,2366,644.3,603,164.42,1486,402.67,-1466,-398.79
300552.SZ,20210719,11901,3246.13,5357,1464.34,9658,2632.35,11209,3056.39,3190,870.2,8928,2428.79,1937,524.24,1193,323.39,-3084,-845.44
300552.SZ,20210716,5077,1452.79,3080,882.62,4923,1410.31,5723,1638.38,2680,765.79,3311,946.11,0,0.0,566,161.78,89,25.53
300552.SZ,20210715,9863,2833.06,4836,1390.84,8189,2352.19,10169,2924.17,3466,993.48,6615,1893.95,506,145.68,405,115.46,-2081,-602.81
300552.SZ,20210714,13279,3948.03,7228,2148.5,9955,2957.98,12256,3645.94,4481,1331.88,8251,2450.94,417,124.52,397,117.03,-7655,-2274.25
300552.SZ,20210713,6367,1949.35,4724,1447.1,6454,1977.05,6861,2101.59,3285,1007.73,3748,1148.42,581,178.48,1355,415.5,-2139,-651.44
300552.SZ,20210712,7111,2181.78,5794,1779.67,8173,2507.61,7555,2317.85,2939,902.66,4376,1342.14,0,0.0,498,152.39,-408,-122.86
300552.SZ,20210709,6550,1969.36,5723,1725.79,6643,2001.98,6993,2104.7,2117,636.86,2593,777.71,0,0.0,0,0.0,-913,-270.14
300552.SZ,20210708,6931,2095.04,4196,1270.23,6456,1952.71,7704,2329.68,2419,731.38,3574,1079.0,35,10.54,368,110.77,-3570,-1078.68
300552.SZ,20210707,6636,2007.74,5041,1529.14,6678,2024.1,5453,1650.69,2055,623.01,4468,1351.48,315,94.82,723,218.35,258,77.3
300552.SZ,20210706,6579,1993.96,5513,1672.6,4691,1422.6,6371,1931.1,3044,921.76,2851,863.22,842,256.9,420,128.29,-3827,-1159.28
300552.SZ,20210705,12252,3749.92,6536,2000.56,10388,3175.15,11404,3487.24,4482,1368.77,8130,2485.84,470,140.57,1523,460.77,-1305,-405.89
300552.SZ,20210702,7664,2450.32,5015,1606.97,6711,2147.93,8331,2665.61,2610,836.93,3276,1046.34,0,0.0,363,116.25,-3967,-1271.29
300552.SZ,20210701,10906,3553.46,7215,2353.65,10385,3387.08,11983,3907.24,4787,1555.73,6165,2005.5,2442,791.32,3157,1021.2,-5560,-1818.98
300552.SZ,20210630,10292,3412.82,7115,2360.79,11553,3831.86,12642,4193.2,3678,1220.48,5862,1943.43,97,32.25,0,0.0,-4702,-1558.05
300552.SZ,20210629,12827,4304.1,13541,4547.19,17985,6039.54,17718,5949.56,8259,2773.51,7871,2638.71,501,166.86,442,148.55,3188,1069.64
300552.SZ,20210628,9866,3246.53,8514,2806.78,11914,3924.77,11020,3629.78,6435,2123.51,8682,2858.83,248,81.8,247,81.22,-798,-258.07
300552.SZ,20210625,12558,4133.74,12360,4090.43,18228,6018.98,16805,5548.27,10698,3544.33,10726,3531.81,726,243.12,2319,769.68,-624,-172.62
300552.SZ,20210624,6780,2169.49,6091,1951.9,6407,2052.56,7999,2561.55,5058,1621.38,4882,1564.67,728,234.69,0,0.0,-3410,-1090.31
300552.SZ,20210623,9347,3027.3,10474,3392.78,12994,4209.4,13091,4240.41,7213,2335.73,5980,1935.93,309,100.1,318,103.41,580,190.44
300552.SZ,20210622,8979,2857.09,6911,2200.87,11962,3806.53,12245,3897.3,4715,1500.92,5488,1744.76,0,0.0,1012,321.62,-6361,-2022.02
300552.SZ,20210621,10086,3220.61,6726,2150.45,10993,3512.46,11074,3538.91,6188,1978.38,9087,2901.48,531,170.25,910,290.85,-4932,-1574.66
300552.SZ,20210618,10376,3363.94,8209,2663.04,11149,3615.89,11207,3634.68,4617,1497.3,6221,2016.31,0,0.0,505,163.1,-4954,-1603.47
300552.SZ,20210617,15661,5036.52,13348,4306.21,17471,5620.01,16906,5439.9,9110,2937.26,10649,3425.55,1078,352.32,2417,774.44,-4000,-1277.81
300552.SZ,20210616,19795,6513.46,24570,8096.89,29005,9548.42,29838,9824.43,21541,7104.47,14351,4719.48,2550,841.88,4133,1367.43,4007,1300.45
300552.SZ,20210615,7134,2207.32,5525,1709.47,7604,2355.0,9072,2810.2,3304,1023.37,2355,729.72,0,0.0,1090,336.3,-2600,-803.01
300552.SZ,20210611,12203,3780.39,14117,4372.64,11967,3704.68,10972,3399.21,5421,1679.38,4548,1406.79,550,169.84,504,155.64,-8248,-2550.58
300552.SZ,20210610,11031,3429.35,9408,2926.47,12114,3767.47,12135,3772.47,4579,1426.56,5179,1611.45,0,0.0,1002,312.99,4952,1549.81
300552.SZ,20210609,5944,1840.06,5151,1594.48,6328,1955.74,5963,1844.73,2716,840.43,3874,1197.02,0,0.0,0,0.0,-4658,-1433.53
300552.SZ,20210608,5820,1799.6,4853,1501.82,5587,1727.89,7072,2186.8,2892,893.78,2578,796.24,205,63.59,0,0.0,482,151.48
300552.SZ,20210607,5478,1692.15,4069,1257.38,5207,1608.21,6179,1908.4,2385,735.95,2522,777.9,0,0.0,300,92.64,-528,-161.55
300552.SZ,20210604,7906,2428.41,5026,1544.59,5397,1658.29,6362,1954.44,2338,717.17,4408,1352.03,614,188.25,458,141.07,-3968,-1217.45
300552.SZ,20210603,6871,2161.18,7252,2282.0,7307,2302.43,7405,2329.17,5298,1663.93,5330,1675.95,510,159.58,0,0.0,-2813,-876.31
300552.SZ,20210602,8461,2620.04,6607,2045.77,7818,2422.39,8122,2514.58,4027,1245.23,5576,1727.31,0,0.0,0,0.0,-6717,-2077.41
300552.SZ,20210601,9104,2850.49,7909,2490.0,8728,2737.43,8455,2651.24,4550,1424.15,5287,1648.89,1554,481.0,2286,702.94,3016,938.03
300552.SZ,20210531,9627,3020.36,5274,1655.63,7764,2435.18,7951,2496.63,3891,1220.18,4851,1519.92,762,238.43,3968,1241.98,-4552,-1425.05
300552.SZ,20210528,7525,2401.41,6194,1977.38,7964,2546.22,8473,2707.0,2267,722.77,3567,1137.45,478,151.43,0,0.0,-3129,-991.23
300552.SZ,20210527,6196,2022.12,5906,1927.11,7176,2340.94,7927,2586.44,2919,953.29,3268,1067.25,810,264.45,0,0.0,-452,-144.65
300552.SZ,20210526,9683,3156.76,7311,2393.38,9731,3177.26,10860,3547.01,4802,1572.32,5647,1837.12,0,0.0,398,128.83,-5220,-1703.71
300552.SZ,20210525,8851,2879.45,9562,3111.51,9670,3147.72,10301,3351.95,5740,1867.37,5303,1727.42,2364,770.5,1459,474.15,2541,831.82
300552.SZ,20210524,7247,2275.78,7561,2385.77,7875,2478.72,8662,2726.29,4244,1339.2,3983,1249.44,840,267.8,0,0.0,1285,407.34
300552.SZ,20210521,4122,1276.07,4605,1427.73,4641,1438.63,5147,1594.67,3296,1021.08,2307,713.38,0,0.0,0,0.0,-565,-172.01
300552.SZ,20210520,7797,2411.3,5034,1557.03,6327,1957.97,6874,2125.32,2332,721.68,4028,1247.63,99,30.46,620,191.43,-4115,-1271.72
300552.SZ,20210519,5941,1880.41,4962,1574.4,6877,2178.34,6586,2086.52,3576,1133.4,2943,932.58,0,0.0,1903,598.65,-1897,-599.72
300552.SZ,20210518,6544,2065.39,5524,1744.68,5735,1810.41,6230,1966.35,1831,578.4,2706,854.08,350,110.91,0,0.0,-2963,-935.57
300552.SZ,20210517,9166,2877.18,11046,3500.42,10560,3333.5,10824,3422.32,9052,2873.54,6036,1900.66,740,236.74,1612,497.56,-998,-294.21
300552.SZ,20210514,7651,2366.26,10331,3198.8,8576,2653.24,8965,2773.67,5715,1773.87,3054,947.56,408,126.66,0,0.0,998,316.83
300552.SZ,20210513,11754,3587.24,9003,2748.87,9818,2996.79,9297,2839.95,3422,1043.78,6514,1984.2,0,0.0,181,54.78,-7214,-2195.79
300552.SZ,20210512,13483,4134.24,19121,5861.69,16986,5207.96,14676,4490.19,9302,2854.29,7721,2378.73,2587,792.42,839,258.31,3753,1165.1
300552.SZ,20210511,11691,3413.7,7127,2085.61,8010,2340.47,9532,2783.89,3185,932.47,5101,1487.47,548,157.5,1673,487.15,832,242.99
300552.SZ,20210510,11939,3551.23,6641,1977.26,8874,2641.66,11838,3522.85,4695,1395.94,7124,2117.07,623,185.95,528,157.59,-975,-286.93
300552.SZ,20210507,10357,3191.64,7371,2276.23,7381,2277.27,9750,3005.85,3171,979.17,4800,1476.01,1011,310.0,0,0.0,-6880,-2117.19
300552.SZ,20210506,8729,2698.59,9022,2795.3,9911,3067.4,9031,2793.61,4354,1348.38,5420,1671.57,500,153.0,22,6.89,-2762,-854.71
300552.SZ,20210430,18303,5704.91,9221,2872.47,13950,4350.09,15031,4685.45,6864,2132.55,12214,3803.69,565,174.69,3217,1000.63,-6623,-2051.64
300552.SZ,20210429,14546,4717.5,10575,3437.39,12135,3940.63,13981,4532.26,5213,1689.12,5557,1799.93,0,0.0,1780,577.66,-6108,-1971.23
300552.SZ,20210428,24912,8191.72,14103,4641.75,22194,7297.17,21581,7093.14,11975,3932.22,17435,5732.58,1612,528.96,7574,2482.6,-1220,-406.59
300552.SZ,20210427,15238,5448.93,9851,3521.37,15239,5450.21,16976,6072.94,7581,2710.45,9836,3510.98,275,97.41,1671,601.72,-8420,-3013.73
300552.SZ,20210426,14040,5152.08,15244,5608.5,17501,6428.13,17000,6240.39,8484,3121.55,8017,2939.46,422,155.71,187,69.12,-6759,-2487.48
300552.SZ,20210423,30976,11522.69,20192,7506.03,27960,10385.3,31199,11612.0,12903,4789.03,21794,8085.81,4963,1845.54,3617,1338.72,-14391,-5331.71
300552.SZ,20210422,33677,13187.18,21392,8395.04,27617,10826.76,31951,12531.46,15794,6189.64,18698,7315.16,275,105.5,5322,2067.42,-12180,-4747.19
300552.SZ,20210421,45556,18920.16,25121,10446.99,54539,22652.83,48376,20103.11,28153,11658.25,39641,16424.57,3067,1256.38,18176,7512.95,-24210,-9911.38
300552.SZ,20210420,34927,15785.03,26776,12160.14,47101,21343.36,45171,20479.67,22693,10320.03,29044,13119.61,3548,1616.58,7278,3305.58,-2974,-1279.0
300552.SZ,20210419,27045,12374.72,24940,11433.45,42020,19224.35,42692,19532.08,26506,12145.03,27721,12688.28,4288,1968.96,4507,2059.26,6345,2915.63
300552.SZ,20210416,25272,10756.15,22885,9731.97,31906,13538.19,32699,13897.31,20727,8799.52,21195,9000.03,2734,1162.08,3859,1626.62,17114,7327.07
300552.SZ,20210415,11353,4507.93,10766,4277.76,9801,3895.52,11206,4453.17,5262,2093.17,4829,1919.87,386,154.18,0,0.0,-403,-149.88
300552.SZ,20210414,13358,5164.76,13384,5194.16,14075,5453.04,12677,4898.89,5240,2030.98,7198,2780.41,586,224.69,0,0.0,2735,1069.38
300552.SZ,20210413,20187,7915.29,14294,5616.26,17473,6858.45,18014,7068.75,6202,2435.1,11087,4345.81,380,150.96,846,328.98,-5308,-2074.65
300552.SZ,20210412,20336,8292.61,14303,5852.76,25178,10266.06,22246,9080.83,9606,3923.97,18069,7356.82,1262,515.36,1765,707.58,-3410,-1395.12
300552.SZ,20210409,10509,4418.37,10384,4370.05,13688,5756.51,12085,5080.57,6870,2890.34,7847,3298.55,252,104.83,1003,420.88,654,281.74
300552.SZ,20210408,15244,6475.83,10648,4531.23,15647,6656.26,16651,7079.35,9784,4162.37,12829,5457.82,1264,549.68,1810,775.74,-1783,-755.13
300552.SZ,20210407,15369,6426.89,14875,6243.32,21234,8892.31,22236,9316.33,16402,6885.6,16855,7053.53,2870,1201.53,1909,793.15,4168,1765.6
300552.SZ,20210406,17229,6921.13,19595,7874.57,22719,9149.75,25281,10176.55,12791,5146.22,10447,4208.26,3356,1357.19,772,314.91,11427,4580.12
300552.SZ,20210402,9320,3622.3,7010,2727.67,8861,3446.61,8812,3426.77,2526,983.49,4585,1781.1,0,0.0,300,116.85,-5160,-2002.65
300552.SZ,20210401,14008,5491.58,11541,4528.85,12182,4786.7,12416,4875.32,4696,1841.56,6455,2528.67,225,87.71,699,274.7,-4831,-1886.22
300552.SZ,20210331,14879,5821.19,14855,5817.49,16840,6594.41,14477,5667.47,7839,3072.23,7571,2963.61,675,263.47,3329,1302.72,5514,2172.6
300552.SZ,20210330,11646,4426.6,10772,4114.29,12266,4677.52,11177,4254.07,5206,1985.29,6210,2357.24,2739,1033.22,3698,1397.03,-879,-293.25
300552.SZ,20210329,10574,4034.28,7901,3021.5,8850,3383.88,10327,3944.55,4754,1820.02,5027,1920.72,0,0.0,923,351.4,-1509,-569.62
300552.SZ,20210326,10063,3833.74,11199,4273.75,11082,4229.31,10069,3838.04,5043,1930.22,5311,2032.93,1271,488.89,879,337.44,475,184.72
300552.SZ,20210325,6548,2455.86,6103,2293.96,7000,2628.42,6247,2344.48,2965,1112.3,3763,1408.1,0,0.0,400,150.04,-403,-151.06
300552.SZ,20210324,12367,4678.08,9243,3498.27,9534,3607.88,10319,3903.44,4145,1565.87,5916,2239.02,487,184.5,1054,395.6,-5532,-2092.85
300552.SZ,20210323,15442,5989.12,16207,6291.62,15722,6100.21,16968,6581.35,10267,3985.08,8577,3330.03,1488,580.22,1167,451.64,4806,1872.26
300552.SZ,20210322,11551,4328.48,12491,4697.01,12651,4751.24,12664,4748.5,6663,2501.83,6072,2273.68,643,241.92,282,104.29,-267,-78.77
300552.SZ,20210319,12496,4652.32,12290,4587.9,12101,4512.79,12517,4665.21,5857,2185.62,5312,1975.94,589,222.42,924,344.09,2230,836.98
300552.SZ,20210318,8948,3310.7,7249,2683.53,7879,2915.67,8801,3257.23,4512,1670.05,4582,1695.53,400,147.8,1108,407.92,-5138,-1898.11
300552.SZ,20210317,11811,4336.96,12254,4510.85,12727,4678.77,12783,4694.07,5582,2058.17,4869,1789.21,207,76.98,421,156.75,1968,734.04
300552.SZ,20210316,9171,3295.13,9456,3404.08,10135,3647.96,9024,3247.17,3505,1262.73,3575,1282.7,309,111.36,1066,383.23,-1468,-521.15
300552.SZ,20210315,11399,4069.04,12586,4502.52,11362,4060.55,10437,3726.71,5152,1841.06,4930,1755.41,40,13.99,0,0.0,-1578,-563.94
300552.SZ,20210312,21186,7498.81,14016,4967.54,16537,5853.24,21195,7496.16,9443,3338.82,12283,4343.96,1456,511.78,1128,394.98,-6036,-2128.9
300552.SZ,20210311,16608,6193.01,11214,4187.91,15325,5713.8,15521,5786.25,6473,2412.05,10682,3979.61,352,132.0,1341,497.08,-365,-133.43
300552.SZ,20210310,15835,6059.5,14737,5660.4,17151,6574.81,17365,6644.75,9532,3665.04,11273,4318.56,1500,568.69,645,244.34,-2696,-1023.71
300552.SZ,20210309,25259,9673.86,26617,10259.58,30650,11767.74,29431,11326.63,17409,6727.06,18776,7208.19,3361,1331.18,1854,705.45,6105,2329.8
300552.SZ,20210308,21350,8029.98,24291,9154.07,25126,9470.8,23258,8772.95,13075,4942.91,13277,4997.5,2113,796.34,837,315.52,-4094,-1521.9
300552.SZ,20210305,19616,6897.66,22549,7909.18,21618,7605.64,21634,7589.64,11516,4022.95,10079,3544.31,2489,863.27,977,346.39,15314,5358.26
300552.SZ,20210304,10346,3473.64,6827,2293.77,7180,2411.54,7928,2664.49,2889,972.99,4794,1609.8,0,0.0,866,290.1,-3479,-1168.25
300552.SZ,20210303,6701,2297.57,5843,2006.27,7657,2625.58,7338,2517.9,3886,1332.86,3194,1095.46,0,0.0,1869,636.4,583,199.4
300552.SZ,20210302,9324,3209.2,6391,2201.95,7689,2649.92,9498,3269.08,4054,1397.09,5598,1931.72,808,279.82,387,133.28,-5301,-1824.88
300552.SZ,20210301,8017,2789.95,7429,2587.85,8633,3004.95,8580,2986.94,3786,1318.18,4517,1573.77,781,274.1,690,238.62,-936,-326.79
300552.SZ,20210226,10200,3456.15,9037,3074.7,9097,3089.31,8615,2929.79,4352,1484.56,5650,1906.56,1095,365.19,1441,484.15,751,244.76
300552.SZ,20210225,12979,4516.08,14096,4913.49,13576,4734.67,13928,4853.09,6651,2320.1,6155,2146.7,1038,365.27,66,22.84,-2311,-789.51
300552.SZ,20210224,9058,3061.35,8517,2881.33,8212,2777.58,8330,2815.54,4103,1386.08,4104,1386.28,740,250.38,1163,392.23,-974,-326.56
300552.SZ,20210223,11899,4012.47,7199,2433.74,8492,2867.1,9598,3236.67,3769,1272.48,6833,2304.38,437,147.47,968,324.73,-2638,-894.98
300552.SZ,20210222,13702,4801.77,15469,5433.65,15145,5317.08,15063,5287.55,9057,3179.35,8026,2808.54,954,337.46,300,105.93,-8670,-3040.42
300552.SZ,20210219,10837,3689.99,11067,3773.85,11045,3761.97,9222,3142.33,4196,1432.28,5904,2007.59,115,39.53,0,0.0,384,133.75
300552.SZ,20210218,13326,4547.64,13462,4604.58,12367,4222.43,12383,4223.93,6679,2282.14,6972,2376.02,1468,502.37,1023,350.04,-6750,-2301.92
300552.SZ,20210210,11632,3886.76,11215,3751.61,11772,3933.18,10245,3425.24,5361,1792.78,6111,2042.64,825,277.44,2019,670.68,-5023,-1671.11
300552.SZ,20210209,12153,3992.99,15986,5255.4,13374,4398.36,11696,3844.42,6997,2297.42,5172,1694.1,330,105.15,0,0.0,-1020,-344.89
300552.SZ,20210208,13005,4098.0,13728,4345.63,13657,4323.31,12730,4024.23,6004,1900.48,4889,1538.29,142,45.23,1461,458.87,-150,-62.23
300552.SZ,20210205,18588,6033.69,14092,4579.67,13244,4294.59,15013,4869.17,4962,1610.75,7191,2329.63,400,126.16,899,286.72,-4873,-1588.78
300552.SZ,20210204,25978,8612.6,15743,5215.08,18665,6189.68,22286,7385.82,9647,3201.62,12924,4289.1,0,0.0,3335,1113.91,1499,487.69
300552.SZ,20210203,28676,10226.17,14387,5147.87,19437,6939.18,23851,8520.58,9818,3500.46,18492,6592.32,2569,923.55,3769,1328.58,-7136,-2577.69
300552.SZ,20210202,17322,6454.95,12111,4521.33,15296,5704.4,18667,6961.9,10752,4013.64,10240,3817.86,719,266.54,3071,1138.44,-4506,-1688.93
300552.SZ,20210201,29537,11052.36,22449,8432.03,31944,11939.49,32510,12160.02,17728,6621.17,22022,8188.31,1274,470.96,3503,1303.62,-5747,-2161.04
300552.SZ,20210129,9284,4030.47,7472,3250.64,12693,5514.89,11674,5071.35,6798,2953.81,8915,3870.64,250,108.51,963,415.05,-2331,-999.9
300552.SZ,20210128,12769,5580.15,9751,4267.21,16119,7048.35,14519,6346.83,8699,3806.66,12450,5445.93,364,160.94,1231,536.14,-9676,-4218.8
300552.SZ,20210127,10080,4502.91,10353,4629.4,14897,6659.23,11901,5319.45,6912,3090.57,9560,4270.45,586,261.7,661,295.11,-4454,-1984.59
300552.SZ,20210126,24539,11161.97,17735,8050.86,31300,14221.25,28216,12825.05,19771,8957.0,27783,12605.42,2012,900.73,3887,1759.63,-17607,-8007.44
300552.SZ,20210125,19866,9642.53,19155,9306.64,27179,13191.35,24637,11963.01,16661,8099.85,19202,9315.71,1067,522.35,1780,870.72,-13856,-6703.78
300552.SZ,20210122,25098,12327.5,23869,11765.11,39186,19292.6,37705,18540.17,30552,15074.76,30867,15198.07,4375,2172.03,6771,3363.54,3253,1700.85
300552.SZ,20210121,26296,12743.65,25809,12525.57,33122,16039.0,37455,18147.85,27023,13138.41,25816,12524.6,7811,3812.26,5172,2535.31,19431,9519.03
300552.SZ,20210120,14290,6595.6,12788,5921.58,20050,9277.08,20429,9439.74,14015,6477.42,14057,6488.64,290,134.72,1371,634.85,3560,1661.2
300552.SZ,20210119,23274,10893.82,15342,7184.28,27809,13020.36,28192,13206.11,17292,8090.58,23153,10835.62,1443,670.89,3131,1449.65,-15112,-7042.12
300552.SZ,20210118,20959,10137.65,19852,9609.25,33134,16007.58,29112,14068.04,23027,11136.58,26819,12975.86,3311,1610.54,4648,2239.21,5427,2635.3
300552.SZ,20210115,16890,7887.76,14105,6599.75,21414,10011.79,21380,9991.96,11757,5496.02,15955,7451.04,3746,1755.87,2367,1108.69,-7881,-3671.11
300552.SZ,20210114,24834,11978.96,23679,11454.27,35339,17085.63,32965,15932.17,25623,12383.83,26751,12901.72,3432,1664.55,5834,2824.8,-11267,-5364.0
300552.SZ,20210113,26225,12611.01,30889,14875.7,39709,19093.38,39844,19141.27,29097,13972.06,31010,14896.19,10720,5163.04,4008,1926.32,10934,5283.53
300552.SZ,20210112,21713,10004.93,19923,9204.69,27552,12711.01,27314,12606.63,16131,7448.49,16180,7454.8,2240,1040.05,4219,1938.36,-4003,-1828.2
300552.SZ,20210111,30577,14330.56,28429,13310.88,45211,21168.21,48354,22638.13,36729,17206.89,36035,16889.67,5155,2407.33,4855,2274.31,14297,6767.81
300552.SZ,20210108,11427,4881.04,12610,5412.03,16964,7260.73,16708,7159.67,11940,5123.17,10516,4487.42,457,197.1,954,402.92,-3042,-1292.36
300552.SZ,20210107,18231,7847.86,14346,6183.95,23498,10122.56,21077,9082.87,13007,5609.57,17527,7545.88,552,236.55,2337,1003.84,-11173,-4802.41
300552.SZ,20210106,17350,7745.11,11467,5122.68,24405,10890.82,21807,9734.54,14043,6268.14,18940,8451.15,899,400.82,4483,1996.52,-9663,-4307.05
300552.SZ,20210105,21321,9941.7,19041,8893.98,29240,13671.18,27378,12790.29,17849,8350.53,19579,9151.64,1306,616.69,3719,1744.19,-4954,-2257.05
300552.SZ,20210104,17539,8058.96,14439,6654.31,23547,10832.21,26413,12153.95,17242,7937.16,16470,7569.99,2751,1270.21,3756,1720.29,-1717,-788.72
300552.SZ,20221230,5787,1032.82,6629,1183.09,3603,644.08,3341,597.97,991,177.46,544,97.15,133,23.85,0,0.0,245,46.24
300552.SZ,20221229,5189,918.99,5867,1039.19,3244,574.66,2750,486.9,645,114.17,462,81.73,0,0.0,0,0.0,-876,-154.16
300552.SZ,20221228,8922,1588.94,8127,1448.77,4774,851.37,5469,974.72,1493,266.22,993,178.3,0,0.0,600,104.75,-4865,-865.79
300552.SZ,20221227,7873,1430.86,7772,1413.88,3572,649.55,4012,728.89,844,154.1,505,91.74,0,0.0,0,0.0,-465,-83.55
300552.SZ,20221226,9645,1728.14,10443,1871.75,6367,1142.49,5866,1052.64,1522,274.76,2229,403.61,1004,182.61,0,0.0,3860,690.31
300552.SZ,20221223,11547,2005.83,7200,1251.84,4572,793.86,6922,1201.67,1730,300.02,3727,646.2,0,0.0,0,0.0,-2405,-415.21
300552.SZ,20221222,8816,1566.7,6588,1171.41,5336,949.76,5391,957.32,1731,308.55,1904,338.08,0,0.0,2000,358.2,2957,530.54
300552.SZ,20221221,7992,1434.09,6474,1162.65,3432,616.77,4893,876.52,1878,336.67,1302,233.34,0,0.0,633,115.02,-540,-95.62
300552.SZ,20221220,8185,1490.97,6464,1178.17,3808,693.35,4346,791.25,821,149.48,2004,364.38,0,0.0,0,0.0,-1400,-254.0
300552.SZ,20221219,8194,1513.0,7916,1462.72,3997,737.5,4724,870.66,1794,331.34,1345,248.45,0,0.0,0,0.0,-1707,-313.31
300552.SZ,20221216,8842,1664.1,9134,1719.29,5225,983.28,5680,1070.77,2982,562.98,1675,315.82,0,0.0,560,104.48,-6949,-1308.81
300552.SZ,20221215,8503,1632.15,6981,1340.49,5416,1040.94,4878,936.9,1357,261.79,3417,657.49,0,0.0,0,0.0,3106,598.03
300552.SZ,20221214,7488,1425.91,6754,1287.66,4894,932.98,5736,1094.53,1922,368.45,1814,345.16,0,0.0,0,0.0,-2524,-477.21
300552.SZ,20221213,9321,1791.88,8254,1587.38,5842,1120.64,5847,1122.25,1317,254.55,2379,457.44,0,0.0,0,0.0,-3834,-735.94
300552.SZ,20221212,11135,2156.33,11065,2145.53,5967,1158.69,6735,1304.82,2256,438.18,1558,302.85,0,0.0,0,0.0,1237,244.84
300552.SZ,20221209,10874,2099.84,9902,1911.65,6806,1313.52,6008,1159.23,1596,308.33,2784,538.88,0,0.0,583,111.94,-929,-177.15
300552.SZ,20221208,7912,1550.92,6962,1365.58,5596,1095.72,5035,986.42,1598,312.5,2413,471.82,0,0.0,696,135.3,-2375,-465.1
300552.SZ,20221207,10419,2075.58,7056,1406.14,5072,1010.51,6160,1226.35,1948,388.68,4223,842.28,0,0.0,0,0.0,-2905,-577.03
300552.SZ,20221206,9943,1997.48,9455,1903.88,6156,1238.17,7271,1460.85,3371,681.71,2170,437.42,0,0.0,574,115.21,1338,270.37
300552.SZ,20221205,9238,1861.58,7961,1604.51,5714,1151.59,5531,1114.29,1349,271.58,2458,495.34,0,0.0,351,70.62,-3465,-695.92
300552.SZ,20221202,8026,1625.62,7272,1473.57,5613,1138.24,5699,1155.51,2122,430.95,2790,565.72,0,0.0,0,0.0,2734,554.75
300552.SZ,20221201,8523,1712.43,11857,2382.96,9759,1960.84,7194,1445.36,4987,1002.85,3414,687.4,0,0.0,804,160.4,-737,-145.43
300552.SZ,20221130,9287,1820.09,10397,2039.93,6819,1335.82,6149,1203.93,1526,299.41,1085,211.45,0,0.0,0,0.0,-1989,-387.04
300552.SZ,20221129,7203,1402.91,7500,1462.58,4831,941.64,4869,949.49,1724,336.03,2193,425.69,804,157.18,0,0.0,508,98.44
300552.SZ,20221128,9515,1846.44,8448,1638.64,4810,932.57,4575,888.07,1244,241.66,1946,378.17,0,0.0,600,115.8,-135,-23.94
300552.SZ,20221125,9782,1946.14,9901,1969.61,4918,976.89,5367,1067.04,1205,240.42,1278,253.4,641,126.6,0,0.0,-3248,-643.16
300552.SZ,20221124,11171,2252.98,9937,2004.94,4625,932.66,4860,980.74,1195,240.43,2194,440.39,0,0.0,0,0.0,-916,-180.18
300552.SZ,20221123,13883,2811.04,11294,2290.77,8110,1639.19,9020,1821.81,2929,593.58,4129,834.62,33,6.66,512,103.27,-2640,-532.61
300552.SZ,20221122,11799,2481.26,9597,2020.27,8400,1764.01,7277,1529.25,1785,375.83,3920,822.14,0,0.0,1190,249.45,-1560,-327.34
300552.SZ,20221121,14553,3070.56,12905,2724.63,7481,1577.83,8103,1708.65,2527,534.18,4456,940.64,903,191.35,0,0.0,1249,271.64
300552.SZ,20221118,14025,3038.18,14546,3147.2,10516,2279.28,9233,2003.92,5188,1127.75,6168,1340.47,218,46.38,0,0.0,-9239,-1992.29
300552.SZ,20221117,9635,2101.44,7886,1722.53,7518,1640.87,7837,1712.38,3358,734.74,4334,944.03,0,0.0,454,98.11,265,60.8
300552.SZ,20221116,9808,2157.71,10542,2322.06,9505,2092.69,10150,2234.26,4917,1083.76,3644,801.27,606,132.73,500,109.3,-2006,-440.53
300552.SZ,20221115,12843,2779.92,11583,2509.32,11297,2447.63,11950,2588.87,3957,859.07,4717,1021.22,500,108.52,348,75.72,9134,1980.73
300552.SZ,20221114,9562,2025.64,8215,1743.08,8125,1722.81,7637,1620.39,4487,951.54,5585,1181.22,0,0.0,737,155.3,-978,-206.57
300552.SZ,20221111,13896,2993.34,13672,2948.0,12669,2730.79,11620,2504.32,5730,1234.3,6469,1390.81,44,9.63,578,124.94,-2559,-535.11
300552.SZ,20221110,12085,2582.07,8972,1917.77,7415,1585.13,8254,1765.1,3135,670.99,4327,924.87,500,106.5,1581,336.95,-2710,-573.57
300552.SZ,20221109,11548,2495.38,7610,1647.04,8309,1794.98,10025,2167.58,4099,888.04,5280,1140.04,0,0.0,1041,223.75,1364,299.82
300552.SZ,20221108,14193,3085.3,15203,3307.35,11786,2562.05,10542,2293.83,5443,1186.14,4636,1007.31,423,93.01,1464,318.01,-1486,-316.06
300552.SZ,20221107,14418,3126.33,16637,3613.81,15490,3359.64,15116,3279.19,5834,1270.95,4489,972.46,499,108.53,0,0.0,144,39.49
300552.SZ,20221104,15886,3401.12,15965,3421.73,13659,2927.68,13244,2837.75,6164,1321.59,7349,1575.21,1042,225.57,192,41.26,69,17.28
300552.SZ,20221103,26144,5587.0,22672,4844.29,24553,5244.47,16244,3476.84,9887,2112.81,20112,4290.19,578,122.83,2134,455.78,-6860,-1456.61
300552.SZ,20221102,25645,5553.79,36895,8041.61,25587,5553.67,30111,6537.46,20195,4425.15,12300,2674.26,7878,1720.72,0,0.0,5417,1181.7
300552.SZ,20221101,16282,3349.16,21425,4416.71,12549,2588.67,12024,2482.52,6663,1379.09,5912,1222.45,4338,900.81,472,96.05,-5487,-1126.62
300552.SZ,20221031,19651,3994.13,17425,3542.03,9653,1964.75,9919,2018.57,3346,683.14,5306,1081.42,0,0.0,0,0.0,2442,500.76
300552.SZ,20221028,18467,3703.35,13807,2771.31,9653,1932.76,10310,2067.81,2274,455.64,5456,1090.26,0,0.0,821,162.38,-2686,-532.86
300552.SZ,20221027,10579,2209.49,9700,2027.72,6866,1435.48,7366,1538.99,2509,524.59,2888,602.85,0,0.0,0,0.0,-166,-32.53
300552.SZ,20221026,19081,3940.58,13970,2881.58,9683,2003.36,10676,2207.21,4689,968.53,8808,1823.67,0,0.0,0,0.0,7951,1645.87
300552.SZ,20221025,14643,2879.92,12354,2436.45,6958,1370.74,8413,1656.28,4426,871.0,4660,911.45,0,0.0,600,117.48,1233,238.25
300552.SZ,20221024,13707,2788.7,10517,2142.72,7526,1531.95,8788,1785.07,3517,713.71,5215,1060.06,770,155.39,1000,201.89,-2258,-452.91
300552.SZ,20221021,11118,2277.4,8854,1812.77,6504,1331.24,6884,1410.54,2243,460.12,4127,845.45,0,0.0,0,0.0,-149,-28.71
300552.SZ,20221020,14627,3024.17,11603,2400.01,9321,1925.49,8662,1791.74,5336,1104.39,6135,1264.36,266,54.88,3150,652.8,3110,648.47
300552.SZ,20221019,11393,2354.25,11365,2354.23,8043,1665.5,8051,1667.59,4189,871.25,4071,840.84,109,22.44,247,50.79,-156,-28.69
300552.SZ,20221018,11194,2337.42,8580,1794.04,8086,1689.1,8812,1842.0,3527,737.28,6087,1268.77,1020,213.52,348,72.51,-3835,-798.92
300552.SZ,20221017,14298,2971.88,15219,3167.73,10466,2178.68,11398,2376.08,6211,1296.66,5664,1177.69,2806,585.28,1500,311.0,5087,1054.74
300552.SZ,20221014,12087,2434.99,8683,1748.1,8699,1754.06,11885,2395.52,5643,1137.21,5861,1182.64,0,0.0,0,0.0,1263,258.09
300552.SZ,20221013,13059,2597.19,11216,2232.04,9540,1896.58,9701,1928.89,4258,846.79,5235,1039.62,414,82.22,1119,222.23,1683,333.82
300552.SZ,20221012,18233,3470.28,18976,3609.87,14513,2760.7,15226,2900.28,8185,1561.5,8974,1713.41,2245,431.08,0,0.0,5565,1071.1
300552.SZ,20221011,11373,2089.99,11812,2172.64,9180,1687.58,6302,1157.5,3250,596.98,3619,665.42,0,0.0,2070,378.99,549,99.45
300552.SZ,20221010,13829,2569.17,14147,2631.43,9138,1697.23,7769,1444.1,1894,352.54,2945,543.41,0,0.0,0,0.0,122,22.43
300552.SZ,20220930,10826,2041.84,10388,1961.44,6640,1252.44,4734,891.92,994,187.04,1977,372.15,0,0.0,1360,255.82,-764,-143.8
300552.SZ,20220929,19297,3718.1,14175,2732.67,7885,1517.61,9661,1860.68,1757,337.08,4203,809.07,0,0.0,900,170.37,-34,-3.06
300552.SZ,20220928,24606,4831.12,14908,2940.24,18068,3534.89,20321,3981.46,8148,1605.4,15593,3049.7,0,0.0,0,0.0,-7385,-1434.62
300552.SZ,20220927,22623,4530.83,19880,4004.0,20296,4072.0,19597,3926.81,7671,1542.62,11886,2378.71,1795,366.5,1022,202.42,-5414,-1063.38
300552.SZ,20220926,13652,2676.65,10476,2057.66,7996,1568.17,9470,1858.78,1565,308.58,3267,636.95,0,0.0,0,0.0,-117,-25.27
300552.SZ,20220923,18027,3656.12,11865,2417.67,11339,2301.24,13447,2728.04,4487,906.84,8727,1760.59,1183,243.17,998,201.07,-1452,-302.74
300552.SZ,20220922,11413,2439.34,8833,1888.49,9776,2088.29,10453,2234.77,3046,651.15,4161,886.62,1193,255.52,1981,424.41,-790,-164.07
300552.SZ,20220921,16095,3419.12,12915,2746.18,11026,2341.18,13082,2782.97,5269,1119.47,5732,1209.32,500,108.2,1160,249.48,6233,1330.7
300552.SZ,20220920,11534,2463.6,9874,2111.86,12112,2588.31,13406,2861.01,4565,972.1,6392,1364.1,2382,507.14,920,194.18,-1790,-381.41
300552.SZ,20220919,19626,4265.89,13864,3017.87,19876,4316.9,19396,4208.89,6497,1409.55,11269,2447.11,0,0.0,1470,318.47,-6819,-1482.24
300552.SZ,20220916,18967,4371.37,21671,5004.91,23486,5419.94,22981,5293.49,11049,2544.44,9018,2076.14,232,53.71,64,14.92,-6824,-1567.24
300552.SZ,20220915,25383,5734.5,36221,8194.34,36067,8166.38,31908,7231.0,24586,5576.32,19653,4458.12,3596,827.05,1851,420.79,-5098,-1123.84
300552.SZ,20220914,15722,3390.78,18396,3976.8,19191,4151.88,18224,3943.31,10558,2284.15,9655,2082.6,1000,217.45,196,41.55,1332,293.57
300552.SZ,20220913,15337,3279.82,16394,3512.68,15342,3287.25,16812,3597.79,6340,1355.11,4130,882.24,920,199.15,603,128.62,6405,1373.02
300552.SZ,20220909,13252,2762.12,9898,2063.15,11122,2317.05,11108,2313.95,3799,791.34,7219,1504.34,604,126.36,553,115.42,-4033,-837.99
300552.SZ,20220908,16710,3599.82,20304,4377.86,20325,4382.44,21398,4608.67,11209,2416.55,7206,1554.12,665,141.84,0,0.0,-7952,-1703.85
300552.SZ,20220907,15437,3244.25,16356,3447.17,17667,3721.29,17596,3706.99,6501,1373.02,6414,1346.66,761,162.26,0,0.0,3494,729.37
300552.SZ,20220906,19132,3975.3,24937,5177.49,21485,4473.64,20272,4224.31,7606,1577.55,3879,807.23,865,182.54,0,0.0,-6603,-1363.81
300552.SZ,20220905,12711,2630.25,9527,1974.65,11856,2453.07,9783,2025.59,2963,612.29,7396,1525.8,548,112.61,1372,282.19,-4368,-900.24
300552.SZ,20220902,11201,2345.52,9679,2028.79,10374,2173.2,12497,2615.72,2921,611.7,3354,702.64,1034,216.73,0,0.0,3882,811.98
300552.SZ,20220901,11836,2465.14,7436,1549.56,8035,1671.11,8552,1782.12,2458,510.06,4071,846.56,632,130.06,2902,598.13,1407,292.62
300552.SZ,20220831,14987,3194.64,9649,2062.19,10013,2137.42,11954,2548.99,3379,719.02,6276,1335.54,0,0.0,500,104.35,-4094,-878.04
300552.SZ,20220830,8457,1853.76,8568,1879.75,7813,1714.37,7389,1620.19,3541,775.38,3646,798.23,0,0.0,208,45.34,-2466,-536.35
300552.SZ,20220829,8881,1944.31,9858,2160.79,7803,1710.02,7617,1667.88,3117,681.62,2409,525.46,83,18.19,0,0.0,2459,538.09
300552.SZ,20220826,11191,2469.03,10177,2247.77,9297,2051.24,9317,2055.02,2500,552.89,3494,770.36,0,0.0,0,0.0,-2385,-522.77
300552.SZ,20220825,16111,3574.51,13160,2926.98,14002,3107.45,14341,3184.19,5393,1198.48,7411,1636.95,558,126.11,1152,258.42,-1256,-287.41
300552.SZ,20220824,21929,5061.94,13548,3131.68,16434,3796.31,17013,3930.39,4291,988.49,11323,2612.39,500,115.5,1270,287.78,-6788,-1570.88
300552.SZ,20220823,17080,4109.6,11815,2846.73,12681,3047.32,14221,3424.03,4891,1178.1,7421,1781.23,621,150.28,1816,433.31,-3775,-903.46
300552.SZ,20220822,15427,3780.31,14533,3569.91,12650,3103.34,12331,3022.8,4931,1210.75,5519,1349.79,0,0.0,625,151.9,-6786,-1657.98
300552.SZ,20220819,27249,6860.65,22024,5552.41,20012,5043.68,20994,5292.39,10787,2722.47,12977,3261.86,1000,248.47,3053,768.61,-16876,-4245.33
300552.SZ,20220818,18616,4776.43,25397,6523.24,22613,5803.47,20403,5238.08,12366,3179.26,9368,2401.62,2923,751.44,1350,347.66,-1397,-339.47
300552.SZ,20220817,20774,5267.11,16589,4208.75,16117,4084.48,17846,4524.86,8231,2087.49,11324,2866.3,636,160.83,0,0.0,-9924,-2510.5
300552.SZ,20220816,35779,9208.94,31749,8178.26,24904,6413.56,32456,8358.22,16681,4296.62,13274,3418.74,2067,535.48,1952,499.38,488,139.07
300552.SZ,20220815,69800,18253.95,35884,9400.68,60885,15936.15,60191,15738.61,35650,9342.66,49071,12840.93,9191,2465.92,30380,8018.46,-7394,-1828.49
300552.SZ,20220812,34893,10309.69,21354,6320.56,29009,8577.1,28960,8558.43,14008,4143.55,21025,6200.41,2732,804.84,9303,2755.77,-16656,-4912.62
300552.SZ,20220811,25074,7692.15,30306,9317.09,30765,9443.26,33354,10247.49,23697,7291.28,22050,6773.4,7534,2325.22,1360,413.95,10277,3188.14
300552.SZ,20220810,37766,11362.57,31691,9538.18,36915,11115.83,37383,11254.9,25760,7746.42,27288,8208.17,0,0.0,4079,1223.57,-24805,-7444.83
300552.SZ,20220809,41351,12857.7,47081,14668.49,54792,17059.48,53295,16608.04,40220,12523.29,38412,11954.57,10961,3448.29,8536,2657.65,1536,503.89
300552.SZ,20220808,38941,11370.2,36564,10712.22,33813,9897.12,32616,9568.09,19155,5623.12,24688,7213.33,4539,1352.63,2580,749.44,6018,1803.95
300552.SZ,20220805,41610,12133.44,40378,11796.38,41321,12060.41,41594,12153.12,25376,7417.47,24768,7213.55,1698,498.54,3265,946.81,-8423,-2419.75
300552.SZ,20220804,44608,13302.32,53498,15956.48,55111,16433.88,58032,17319.84,33188,9902.41,27371,8157.9,10337,3087.21,4344,1291.59,7764,2364.53
300552.SZ,20220803,57539,16716.24,58906,17133.54,67367,19596.61,59359,17271.26,36743,10696.03,40899,11871.76,6719,1938.62,9203,2670.93,13459,3926.66
300552.SZ,20220802,38001,10332.77,31310,8525.08,27435,7461.87,29956,8149.78,17383,4710.63,20266,5504.44,4785,1312.8,6071,1638.78,-5372,-1480.08
300552.SZ,20220801,31661,8938.27,38322,10844.87,29501,8347.39,31002,8770.41,21966,6234.1,13416,3800.21,2987,849.1,3375,953.38,4750,1374.29
300552.SZ,20220729,35960,10167.13,33071,9365.49,31178,8828.95,26539,7514.31,14772,4191.05,15981,4518.13,2867,811.47,9185,2600.67,121,52.0
300552.SZ,20220728,35883,10049.52,43655,12235.05,32738,9193.87,36517,10240.39,21450,6025.63,18747,5275.38,9564,2685.3,716,203.48,1807,516.52
300552.SZ,20220727,28214,7561.14,31878,8551.08,26945,7231.72,22201,5956.95,11272,3028.71,11177,3001.09,0,0.0,1175,312.44,-3631,-961.15
300552.SZ,20220726,29335,7617.18,25331,6582.31,14902,3863.14,17557,4555.52,6974,1800.73,9744,2504.03,3433,883.45,2012,522.64,-1648,-407.04
300552.SZ,20220725,28349,7522.82,16836,4491.93,17910,4768.35,19833,5275.29,8109,2160.89,18602,4924.35,2439,646.89,1537,407.38,-3002,-794.12
300552.SZ,20220722,26258,7090.63,23130,6262.62,18574,5029.64,19800,5364.36,12654,3433.63,13570,3662.86,1197,323.11,2183,587.17,2764,765.76
300552.SZ,20220721,30886,8401.96,27496,7490.89,22548,6139.19,26022,7086.89,13282,3623.07,11683,3175.16,2057,563.75,3572,975.03,3639,988.33
300552.SZ,20220720,44620,12072.41,29090,7902.73,32265,8742.82,37454,10127.24,14158,3848.52,22828,6180.73,1593,431.15,3264,884.19,-18273,-4931.86
300552.SZ,20220719,30359,8538.49,34567,9743.22,32362,9125.01,25306,7129.38,17463,4929.81,18926,5325.87,364,100.65,1750,495.5,-9677,-2698.38
300552.SZ,20220718,30727,8671.86,38937,11011.36,34527,9764.03,34445,9736.78,25075,7109.91,11754,3330.07,8268,2336.76,13461,3804.36,12622,3582.75
300552.SZ,20220715,29076,7928.24,35652,9746.32,24955,6817.45,23422,6400.12,12909,3547.3,8924,2436.94,2384,656.19,1326,365.8,-5816,-1552.29
300552.SZ,20220714,25838,7046.82,36634,10024.75,26015,7133.65,16896,4625.65,10680,2939.11,8962,2458.02,751,208.85,792,220.02,-7934,-2160.91
300552.SZ,20220713,29946,8067.3,20090,5423.41,21248,5735.19,20867,5625.12,7719,2085.05,17300,4665.42,447,122.0,1102,295.58,2166,595.2
300552.SZ,20220712,48496,13203.11,25857,7043.79,32464,8851.15,37151,10135.95,13279,3623.12,23780,6480.45,1008,272.16,8459,2289.35,-3082,-856.21
300552.SZ,20220711,26741,7678.1,29739,8556.84,29250,8418.23,26583,7646.61,17779,5115.07,16380,4699.04,1245,357.56,2313,666.47,-5962,-1685.94
300552.SZ,20220708,38854,11288.66,31569,9206.19,32879,9557.15,37879,11030.25,25059,7306.85,23457,6804.64,5100,1489.18,8987,2600.76,489,144.91
300552.SZ,20220707,40634,11677.88,52597,15145.24,51813,14862.32,52323,15018.03,36883,10627.83,26242,7529.49,4598,1316.92,2765,792.18,6029,1778.59
300552.SZ,20220706,32391,8765.22,46551,12628.67,34817,9451.38,27767,7524.81,19279,5242.62,13781,3745.03,2512,681.92,900,242.64,-2934,-775.19
300552.SZ,20220705,31108,8289.11,21518,5755.01,18206,4857.12,24598,6549.17,6740,1805.16,9937,2647.21,0,0.0,0,0.0,-10775,-2878.9
300552.SZ,20220704,39154,10587.4,34414,9318.96,30442,8235.71,27092,7343.93,17743,4798.36,24180,6526.41,6123,1662.14,7777,2094.32,-472,-112.26
300552.SZ,20220701,67910,19883.8,53601,15730.68,43592,12703.33,36177,10600.59,19855,5802.41,31835,9277.11,3976,1194.02,13720,3975.18,-23145,-6830.53
300552.SZ,20220630,36115,11312.23,23660,7436.71,32517,10194.11,31444,9858.24,13004,4068.55,23355,7305.1,2565,799.66,5742,1774.49,-10813,-3395.58
300552.SZ,20220629,25535,8491.18,26752,8935.65,36080,12036.93,37265,12443.62,27861,9311.2,25742,8558.02,6916,2299.64,6634,2201.66,5835,2012.4
300552.SZ,20220628,36976,11870.74,27110,8716.24,31287,10049.42,33356,10725.0,15614,5025.21,23047,7385.3,2785,895.19,3149,1014.02,2149,722.8
300552.SZ,20220627,41656,13443.52,44510,14323.67,59848,19178.13,54213,17437.08,45374,14541.03,47141,15131.35,9452,3034.46,10466,3305.04,17218,5629.65
300552.SZ,20220624,71811,21368.41,48317,14410.69,59583,17749.49,58636,17504.48,40749,12124.5,47939,14279.87,15966,4684.93,33218,9732.29,26153,7901.72
300552.SZ,20220623,48119,13556.8,55810,15774.05,60102,16855.16,78040,22130.38,57986,16610.29,64192,18435.17,53608,15851.82,21773,6534.46,10420,2980.25
300552.SZ,20220622,29985,7682.81,31993,8212.34,41840,10727.97,39336,10102.46,20432,5260.88,22698,5815.94,4412,1135.53,2642,676.44,962,291.3
300552.SZ,20220621,25609,6353.64,25498,6344.09,27784,6903.0,31441,7813.88,22833,5681.61,20174,5008.38,4556,1137.44,3668,909.35,2276,581.21
300552.SZ,20220620,22880,5583.89,17879,4374.19,21505,5253.3,25941,6333.74,10783,2636.65,12678,3092.12,1331,326.2,0,0.0,-6666,-1613.13
300552.SZ,20220617,30558,7428.9,23998,5852.55,29186,7096.9,31310,7614.73,15096,3672.88,19542,4736.29,4232,1020.42,4222,1015.53,-13571,-3308.25
300552.SZ,20220616,31061,7654.14,28559,7064.48,37379,9230.8,33448,8254.04,14659,3625.19,21522,5304.01,5137,1263.06,4706,1150.66,-3772,-896.05
300552.SZ,20220615,36166,9040.31,36218,9094.52,43007,10781.84,44487,11155.06,29723,7466.33,26924,6738.04,3759,953.99,5025,1254.85,-3680,-889.35
300552.SZ,20220614,48495,11736.39,48100,11663.13,58118,14098.71,56175,13616.63,27475,6702.45,35086,8541.45,7471,1828.92,2198,545.26,5582,1443.98
300552.SZ,20220613,33789,7767.94,40235,9258.51,39339,9035.48,39022,8964.26,25405,5862.0,20372,4695.61,2229,515.66,1133,262.69,2978,686.96
300552.SZ,20220610,35614,7864.91,33335,7393.65,31074,6890.55,34517,7646.18,17102,3794.6,16813,3713.06,1502,338.56,627,135.73,-798,-164.37
300552.SZ,20220609,36580,8171.41,37379,8382.36,37231,8351.63,34241,7679.28,15607,3533.46,15813,3559.47,1016,232.24,3000,667.61,-8931,-1936.44
300552.SZ,20220608,43349,9649.69,51364,11460.57,47352,10572.16,45358,10096.74,27158,6054.79,22323,4977.16,2447,540.21,1262,282.39,-2249,-505.6
300552.SZ,20220607,62761,14091.61,72580,16151.52,57266,12895.69,44471,10097.39,30118,6815.94,24042,5494.62,4925,1123.89,13977,3183.6,-26180,-5759.16
300552.SZ,20220606,15071,3136.95,23606,4972.71,15438,3219.5,23270,4936.74,12934,2758.27,13204,2847.59,19197,4213.45,2560,571.14,-13681,-3073.56
300552.SZ,20220602,14474,2654.48,13848,2544.52,8452,1552.58,7721,1417.01,1364,251.26,2720,496.8,0,0.0,0,0.0,2255,413.17
300552.SZ,20220601,15371,2795.29,15084,2745.21,10228,1863.81,10684,1943.96,2620,476.91,2451,446.85,0,0.0,0,0.0,1239,223.19
300552.SZ,20220531,11163,1957.32,10786,1890.26,6391,1121.65,7537,1324.42,2188,385.61,1419,249.9,0,0.0,0,0.0,3300,583.95
300552.SZ,20220530,8733,1504.14,9735,1676.32,3873,667.81,3790,653.7,726,125.62,807,139.24,1000,171.7,0,0.0,914,161.06
300552.SZ,20220527,10591,1828.32,11131,1922.18,4198,724.75,3902,672.79,1130,194.38,886,152.48,0,0.0,0,0.0,-287,-46.92
300552.SZ,20220526,10247,1746.54,9387,1600.9,5179,887.02,6174,1055.96,1899,324.17,1765,300.86,0,0.0,0,0.0,416,78.11
300552.SZ,20220525,8769,1496.01,9112,1554.78,5026,857.18,4582,781.26,1425,242.77,1526,259.92,0,0.0,0,0.0,1556,266.71
300552.SZ,20220524,16474,2863.66,16434,2853.17,9461,1648.69,8262,1442.4,1229,211.79,2468,428.58,0,0.0,0,0.0,-7708,-1333.43
300552.SZ,20220523,11910,2125.13,15369,2746.14,8625,1543.0,6152,1099.11,2788,500.31,1802,323.18,0,0.0,0,0.0,-256,-44.35
300552.SZ,20220520,8624,1514.98,8556,1502.65,4342,762.58,3205,563.77,234,41.13,1439,252.27,0,0.0,0,0.0,-750,-128.71
300552.SZ,20220519,9371,1629.54,7626,1327.53,4105,713.64,5382,936.11,1262,219.12,1730,298.66,0,0.0,0,0.0,379,66.1
300552.SZ,20220518,10584,1856.57,8959,1572.32,5381,944.7,4033,708.87,229,40.03,3201,560.1,0,0.0,0,0.0,1565,275.49
300552.SZ,20220517,12932,2230.25,10693,1844.3,5772,995.33,6326,1090.35,1367,235.84,2470,426.25,0,0.0,582,100.51,-920,-156.15
300552.SZ,20220516,11309,1979.48,12768,2235.81,7025,1230.26,5522,967.15,1168,205.39,1212,212.17,0,0.0,0,0.0,-3249,-566.96
300552.SZ,20220513,11775,2037.08,9203,1593.01,4971,860.75,5635,974.47,1975,342.97,3265,566.09,0,0.0,618,107.23,2879,500.39
300552.SZ,20220512,12733,2180.79,11126,1908.2,4654,797.55,5431,931.12,2717,467.83,3070,525.6,238,41.08,715,122.34,3948,679.42
300552.SZ,20220511,14976,2580.11,13327,2298.48,7583,1305.64,9044,1558.1,2291,396.46,2847,490.25,1367,238.91,1000,174.3,1276,225.07
300552.SZ,20220510,14162,2357.16,12983,2161.77,5962,990.28,6899,1147.87,1415,234.76,1298,217.87,1600,269.21,1959,323.91,3388,566.5
300552.SZ,20220509,13938,2296.52,15127,2493.11,6566,1084.18,6511,1076.18,2582,425.81,2448,404.92,1000,167.7,0,0.0,-2015,-335.03
300552.SZ,20220506,12290,1970.78,12667,2032.14,4844,776.98,4348,698.13,1620,261.15,1738,278.64,0,0.0,0,0.0,449,74.95
300552.SZ,20220505,13452,2168.56,13352,2152.14,5472,882.35,6742,1088.44,1667,270.08,1182,192.33,685,111.93,0,0.0,-849,-137.82
300552.SZ,20220429,23554,3685.42,17331,2714.8,8650,1347.7,15494,2413.09,2036,316.2,1415,221.42,0,0.0,0,0.0,6430,1003.86
300552.SZ,20220428,17971,2728.1,13677,2078.98,11130,1694.8,11940,1813.75,2642,400.02,6126,930.2,0,0.0,0,0.0,-1282,-199.06
300552.SZ,20220427,19944,3066.06,18134,2791.35,6672,1028.17,8109,1250.86,3201,490.59,3574,542.62,0,0.0,0,0.0,2665,419.62
300552.SZ,20220426,18603,2928.99,15793,2491.3,7785,1220.53,8060,1271.49,1137,180.41,3672,567.14,0,0.0,0,0.0,-3423,-537.87
300552.SZ,20220425,21349,3495.63,14906,2448.63,8615,1407.15,10440,1701.65,1446,231.87,6064,984.37,0,0.0,0,0.0,237,35.08
300552.SZ,20220422,16217,2893.72,10825,1938.11,4723,844.23,7722,1375.74,981,175.68,3374,599.77,0,0.0,0,0.0,555,97.38
300552.SZ,20220421,13128,2466.69,11817,2224.9,4635,870.39,6147,1149.94,714,133.68,513,95.92,0,0.0,0,0.0,-4186,-787.47
300552.SZ,20220420,10826,2110.62,10317,2014.54,5279,1033.29,3953,772.01,1460,286.3,2147,418.2,0,0.0,1148,225.46,-1627,-312.34
300552.SZ,20220419,6924,1369.02,7150,1413.9,3460,685.41,3241,642.41,509,100.95,501,99.07,0,0.0,0,0.0,-2690,-532.13
300552.SZ,20220418,9280,1806.81,11361,2215.0,7876,1537.98,5244,1025.16,965,190.45,962,189.58,0,0.0,554,105.49,3011,596.19
300552.SZ,20220415,16188,3095.64,13385,2562.84,6205,1186.25,8100,1549.09,1961,377.19,2950,562.94,81,15.79,0,0.0,91,19.44
300552.SZ,20220414,19817,3858.92,15363,2992.87,11946,2326.53,13583,2648.51,1995,389.07,4812,933.14,0,0.0,0,0.0,-1034,-199.62
300552.SZ,20220413,13434,2746.99,12154,2488.88,4925,1007.38,4501,920.49,747,152.82,1897,385.1,0,0.0,553,112.71,-3350,-683.19
300552.SZ,20220412,11824,2410.99,11673,2380.54,5119,1043.41,6377,1305.48,1489,307.03,1482,300.16,1100,224.75,0,0.0,3108,642.31
300552.SZ,20220411,20832,4280.35,13172,2706.74,8650,1773.57,8949,1836.36,1773,362.49,7765,1593.65,668,137.47,2037,417.14,-377,-70.61
300552.SZ,20220408,11919,2584.35,7093,1540.44,5785,1253.67,8156,1767.28,2791,608.95,4669,1013.85,0,0.0,577,125.39,299,62.62
300552.SZ,20220407,10287,2303.16,8686,1946.38,5942,1328.66,5954,1330.85,2825,630.3,4302,960.11,488,110.05,600,134.82,-4096,-912.23
300552.SZ,20220406,10129,2303.27,10282,2339.61,5301,1204.59,3606,820.02,1353,307.52,3395,770.04,500,114.3,0,0.0,-3845,-871.7
300552.SZ,20220401,8669,1976.05,10102,2302.26,7397,1685.83,6348,1445.79,3767,858.1,2649,604.33,0,0.0,735,167.59,-4637,-1054.06
300552.SZ,20220331,12182,2827.68,8892,2067.78,6573,1527.17,5826,1353.42,4769,1109.01,5655,1311.35,0,0.0,3151,731.31,-3064,-710.11
300552.SZ,20220330,14976,3534.45,13623,3212.81,6008,1415.94,8129,1921.07,3388,798.91,3936,928.7,2041,484.55,724,171.27,1839,441.22
300552.SZ,20220329,13002,3034.8,8853,2075.36,6478,1513.07,8665,2021.14,3001,702.47,4505,1048.5,0,0.0,458,105.34,-4517,-1056.35
300552.SZ,20220328,9331,2223.63,9437,2249.5,7493,1786.36,5167,1231.13,1965,468.41,4185,997.77,0,0.0,0,0.0,-3303,-784.31
300552.SZ,20220325,12391,3021.6,11418,2782.8,8205,1995.86,9798,2391.16,5090,1241.67,4320,1054.49,1052,258.27,1202,288.96,-127,-23.56
300552.SZ,20220324,17106,4135.85,17704,4268.44,13522,3263.4,10041,2426.28,5507,1325.96,6912,1669.7,41,9.87,1519,370.67,-12068,-2897.66
300552.SZ,20220323,16113,4014.82,23411,5837.34,16516,4109.02,17914,4466.2,12544,3138.77,6303,1573.63,2455,614.55,0,0.0,1310,330.18
300552.SZ,20220322,10446,2485.09,9632,2292.13,6574,1562.86,6404,1523.51,1929,459.31,1968,467.1,0,0.0,945,224.51,-2053,-482.75
300552.SZ,20220321,10647,2563.55,11095,2671.22,7045,1695.6,6044,1456.5,1649,398.06,2244,539.63,42,10.14,0,0.0,-33,-3.77
300552.SZ,20220318,11709,2806.22,11811,2832.83,6297,1509.07,5944,1425.01,3562,853.9,3018,722.07,0,0.0,795,189.28,-4631,-1110.0
300552.SZ,20220317,21491,5297.72,17570,4330.27,10584,2613.89,12433,3071.57,3650,905.16,5222,1291.58,0,0.0,500,123.35,1429,368.97
300552.SZ,20220316,17146,4011.0,16343,3842.74,11166,2617.25,10778,2521.77,4988,1170.38,5679,1321.08,0,0.0,500,113.03,-2929,-694.21
300552.SZ,20220315,17515,4243.04,15936,3864.1,12676,3068.5,10056,2435.85,3755,904.19,5204,1255.91,0,0.0,2750,659.85,-7347,-1758.12
300552.SZ,20220314,10817,2739.21,9739,2470.05,6751,1708.82,6989,1770.26,4076,1032.33,4885,1234.55,405,104.89,436,110.4,-4677,-1179.64
300552.SZ,20220311,13379,3427.39,13379,3428.52,10955,2805.94,11652,2986.39,6415,1647.86,5730,1469.36,12,3.09,0,0.0,3391,870.82
300552.SZ,20220310,11508,2908.94,9912,2506.44,7460,1885.2,7967,2014.99,4003,1013.27,4727,1193.72,436,109.49,801,201.75,262,73.2
300552.SZ,20220309,15808,3864.28,17014,4164.35,11040,2697.89,10903,2667.58,6140,1502.21,5114,1243.1,67,16.43,24,5.78,2092,521.05
300552.SZ,20220308,18585,4583.25,18633,4590.69,8511,2100.21,9217,2278.16,4526,1117.88,4399,1088.01,627,155.5,0,0.0,-1981,-477.51
300552.SZ,20220307,32608,8151.52,20832,5222.11,19931,4986.06,15536,3899.97,7958,1995.99,8692,2181.03,385,95.67,15822,3926.13,6181,1536.26
300552.SZ,20220304,17963,4823.72,10989,2971.65,13071,3516.04,12151,3273.26,5883,1585.14,10327,2760.75,400,105.99,3850,1025.23,-4852,-1304.71
300552.SZ,20220303,14537,4019.8,14402,3983.91,15457,4274.74,12898,3569.23,4761,1313.57,7456,2054.98,0,0.0,0,0.0,-13843,-3820.25
300552.SZ,20220302,14826,4131.51,20595,5763.79,17494,4902.19,17330,4850.88,10657,2981.03,5817,1622.43,1150,326.91,384,104.52,440,121.54
300552.SZ,20220301,8216,2243.41,7968,2176.15,7632,2084.38,7280,1988.2,2979,813.58,4310,1176.79,731,199.78,0,0.0,-3865,-1053.21
300552.SZ,20220228,10200,2788.63,10704,2928.22,8146,2227.6,7074,1934.31,3219,880.18,2465,673.63,400,109.92,1722,470.19,-717,-193.92
300552.SZ,20220225,14243,3911.39,14782,4064.33,11350,3120.15,13230,3640.92,9932,2734.13,6608,1815.88,2185,599.08,3090,843.63,5500,1521.72
300552.SZ,20220224,19785,5370.75,18322,4991.37,17888,4869.53,15652,4267.68,7035,1926.49,11153,3024.41,794,217.19,375,100.5,-7991,-2172.1
300552.SZ,20220223,15865,4387.76,18219,5044.78,15846,4387.31,15412,4271.0,10142,2814.94,6827,1890.74,44,12.41,1439,395.9,8943,2471.66
300552.SZ,20220222,12666,3401.09,10845,2911.54,7996,2147.0,8976,2411.89,3155,849.19,3997,1073.85,0,0.0,0,0.0,-4647,-1244.65
300552.SZ,20220221,11960,3289.14,13380,3677.24,10437,2868.84,8855,2436.7,4064,1117.13,4540,1246.5,436,119.01,122,33.69,-1946,-520.18
300552.SZ,20220218,9853,2680.24,9983,2716.91,5830,1587.33,6140,1669.57,2013,547.9,2073,564.33,500,135.33,0,0.0,-754,-201.65
300552.SZ,20220217,11157,3047.0,11189,3057.07,8239,2251.72,9661,2640.55,5847,1597.07,4625,1263.37,849,233.12,617,167.92,-2011,-544.94
300552.SZ,20220216,11364,3103.74,10580,2891.06,8005,2188.0,8718,2382.68,3272,894.48,3711,1012.69,368,100.21,0,0.0,-2172,-590.04
300552.SZ,20220215,15607,4284.47,16811,4615.7,11579,3180.82,11855,3257.39,6391,1758.5,5411,1487.8,500,137.09,0,0.0,-995,-268.51
300552.SZ,20220214,16997,4589.14,22400,6065.69,17322,4689.95,15284,4138.43,11765,3189.75,7699,2082.0,800,217.46,1500,400.18,-4777,-1300.83
300552.SZ,20220211,17119,4600.08,13360,3595.75,10672,2875.93,11111,2991.59,3526,945.31,6447,1726.49,0,0.0,400,107.48,-3656,-979.56
300552.SZ,20220210,21248,5848.36,19560,5389.11,13670,3765.7,13922,3832.9,6254,1720.76,6822,1874.81,0,0.0,869,238.0,-4974,-1376.48
300552.SZ,20220209,18640,5264.73,19968,5643.36,13496,3812.02,12859,3633.05,6718,1899.12,4459,1258.5,162,46.2,1730,487.16,-4649,-1311.18
300552.SZ,20220208,25162,7155.01,17234,4910.41,10608,3014.42,15325,4348.37,5577,1579.39,7860,2226.45,0,0.0,928,263.6,-4690,-1328.79
300552.SZ,20220207,15962,4680.39,13893,4075.12,8936,2620.48,9734,2853.62,3593,1055.9,4490,1318.75,0,0.0,374,109.28,398,124.03
300552.SZ,20220128,17139,5201.1,14071,4282.33,11789,3584.2,12827,3896.48,2923,888.85,4553,1375.31,0,0.0,400,120.03,-2497,-750.09
300552.SZ,20220127,14163,4401.85,14928,4639.23,9115,2831.76,8208,2551.34,3961,1228.05,3113,964.44,34,10.42,1024,317.07,-3051,-942.17
300552.SZ,20220126,19385,6138.91,21450,6807.09,19780,6277.78,9470,3004.47,5552,1761.29,13518,4280.96,721,228.41,1000,313.88,4439,1410.0
300552.SZ,20220125,24925,8056.64,15771,5101.51,15828,5113.04,14379,4642.88,5963,1926.6,14075,4549.72,2023,655.93,4514,1458.09,-1289,-424.66
300552.SZ,20220124,18672,6331.71,16516,5604.54,12508,4243.34,7867,2662.95,3828,1301.83,8712,2957.19,696,237.07,2609,889.27,-2245,-747.9
300552.SZ,20220121,31990,11072.75,18778,6529.93,17877,6197.35,15829,5480.0,5019,1738.76,17683,6103.7,1130,389.41,3726,1284.64,-6923,-2383.5
300552.SZ,20220120,33018,11931.08,17373,6297.05,24820,8976.84,27384,9908.81,9810,3550.76,17684,6387.25,2812,1018.12,8019,2883.68,-6694,-2437.21
300552.SZ,20220119,17279,6635.79,12425,4786.81,12546,4823.77,12584,4837.04,6808,2613.96,11149,4274.01,1580,605.7,2055,781.35,-3501,-1331.86
300552.SZ,20220118,21761,8547.7,15449,6075.84,19292,7595.87,17742,6978.32,13126,5179.49,19699,7767.84,913,357.25,2202,858.3,-4545,-1757.16
300552.SZ,20220117,21320,8578.27,21918,8841.49,27264,10995.9,25972,10468.11,25564,10324.18,23992,9685.47,2588,1043.15,4854,1946.43,-2773,-1097.62
300552.SZ,20220114,26667,10361.48,28936,11255.71,31606,12322.38,37597,14673.55,22472,8793.63,16144,6309.41,3655,1441.43,1723,680.26,18573,7289.29
300552.SZ,20220113,18658,7005.85,16426,6175.24,15496,5827.47,12225,4594.02,10002,3764.06,13738,5167.15,1528,574.45,3296,1235.41,-4498,-1669.69
300552.SZ,20220112,18349,6773.19,22250,8279.77,16678,6189.8,17026,6315.55,16181,6045.03,13147,4873.97,2115,792.02,901,330.75,3729,1394.99
300552.SZ,20220111,22424,8269.34,14748,5456.0,14876,5491.73,16609,6120.22,6241,2310.6,11138,4106.19,739,270.41,1785,659.66,-3179,-1167.93
300552.SZ,20220110,23647,8997.32,20638,7870.56,14105,5361.71,14215,5405.72,7810,2963.34,9837,3721.54,1676,642.69,2548,967.24,78,51.58
300552.SZ,20220107,27671,10647.48,15720,6082.51,19765,7624.29,19436,7490.24,13612,5241.03,19118,7367.65,595,229.14,7369,2801.55,-8527,-3217.76
300552.SZ,20220106,18669,7453.27,23871,9599.05,31861,12839.36,26656,10751.58,21056,8549.23,18714,7557.39,3608,1476.28,5953,2410.12,423,283.85
300552.SZ,20220105,25413,9744.77,19645,7580.99,23335,8968.25,26721,10297.18,23229,8988.39,20192,7753.99,4498,1727.16,9917,3796.41,-61,57.88
300552.SZ,20220104,20672,8324.88,19870,8077.24,25984,10524.45,26256,10651.07,31963,12993.11,26847,10869.86,2653,1081.49,8300,3325.76,-5634,-2266.67
300552.SZ,20231229,38838,11447.28,39226,11563.79,39102,11522.78,38997,11491.44,20255,5971.1,23725,6989.51,5449,1605.22,1696,501.63,646,201.1
300552.SZ,20231228,42745,12256.38,29560,8489.63,34075,9781.09,38497,11045.2,19450,5585.87,23158,6639.52,756,217.2,5811,1666.19,654,188.81
300552.SZ,20231227,34288,9896.87,28878,8347.78,30598,8835.37,31929,9221.15,13431,3878.8,19558,5636.33,4660,1346.2,2612,751.97,-804,-230.47
300552.SZ,20231226,42748,12461.3,29893,8721.96,30425,8879.13,34610,10093.2,14100,4110.7,21697,6322.44,1937,565.0,3010,878.52,-13006,-3802.62
300552.SZ,20231225,33724,9934.26,36593,10818.22,34873,10298.09,35267,10401.97,20236,5991.99,15543,4588.63,3112,914.71,4542,1330.23,2415,725.41
300552.SZ,20231222,56098,16584.09,53331,15814.1,48353,14335.69,50400,14938.89,25041,7443.47,25631,7586.76,6350,1893.87,6480,1917.35,-4582,-1341.68
300552.SZ,20231221,52452,15311.55,33772,9872.45,36977,10798.65,43902,12820.52,15097,4409.39,27898,8133.9,3409,994.89,2362,687.62,6947,2022.19
300552.SZ,20231220,54832,16365.9,30092,8994.61,41292,12336.87,48302,14424.41,18280,5463.0,33178,9896.09,4244,1255.06,7076,2105.73,-9299,-2791.49
300552.SZ,20231219,48082,14520.96,41123,12452.77,48242,14591.99,54519,16480.25,25321,7670.36,26794,8086.98,4677,1401.73,3885,1165.04,81,36.72
300552.SZ,20231218,49877,15310.21,45286,13951.21,57421,17641.19,52966,16265.21,27178,8361.39,35989,11027.4,2656,816.84,2891,885.81,-13478,-4110.75
300552.SZ,20231215,50670,15483.54,48248,14780.23,57596,17621.09,57878,17697.13,31185,9557.47,33067,10109.64,4481,1373.17,4739,1448.27,-7906,-2376.35
300552.SZ,20231214,65199,19993.63,50772,15620.08,73506,22554.78,75988,23321.89,42007,12883.17,52459,16062.16,10973,3383.48,12466,3810.93,10362,3212.03
300552.SZ,20231213,103489,32674.47,60491,19114.31,98991,31262.38,98207,30992.47,58402,18402.26,84514,26682.07,10807,3428.72,28478,8978.98,-52356,-16497.9
300552.SZ,20231212,87818,28643.11,114520,37401.32,123440,40271.5,125220,40876.43,97046,31723.25,80160,26155.47,23635,7739.58,12039,3944.21,-3705,-1135.35
300552.SZ,20231211,58866,18336.99,53087,16568.82,61624,19216.43,61804,19272.45,39144,12225.85,43126,13446.09,9120,2844.25,10738,3336.16,-684,-192.54
300552.SZ,20231208,93785,29513.59,60881,19189.94,93427,29472.01,99337,31308.91,55864,17605.96,72079,22698.36,12359,3882.09,23138,7276.45,5488,1730.14
300552.SZ,20231207,78075,25536.43,65157,21366.37,92685,30344.32,83426,27348.39,55907,18319.4,55777,18279.67,15294,5051.31,37601,12257.03,-21151,-6835.85
300552.SZ,20231206,94194,31060.26,65089,21483.05,103263,34051.7,102159,33713.5,67710,22376.59,67413,22231.54,24234,7981.92,54739,18042.39,17102,5696.87
300552.SZ,20231205,142179,49611.15,79535,27707.61,129170,45040.43,125485,43767.31,87125,30328.83,103220,36002.59,42811,14849.09,93046,32351.99,-36884,-12889.79
300552.SZ,20231204,116905,44741.7,76576,29391.16,119771,45864.51,130557,50018.27,85106,32653.93,112469,43069.34,50878,19557.07,53058,20338.43,-22186,-8238.11
300552.SZ,20231201,91895,36362.05,97616,38814.66,141667,56367.82,151581,60223.26,121715,48369.81,126576,50250.11,81074,32139.77,60578,23951.43,32344,13184.92
300552.SZ,20231130,99621,38454.78,93021,36115.5,124957,48338.78,135662,52504.09,88270,34203.81,93252,36015.7,55535,21538.91,46447,17901.0,-12961,-4769.03
300552.SZ,20231129,105217,41480.39,107613,42493.95,143928,56765.78,143781,56731.83,103633,40895.17,91326,35999.59,39245,15534.46,49304,19450.44,-14798,-5804.56
300552.SZ,20231128,107343,41339.75,107399,41418.32,136677,52718.56,142831,55039.23,98507,37992.77,104439,40239.37,41585,15985.33,29444,11339.48,9289,3705.88
300552.SZ,20231127,136675,53681.19,102974,40527.36,167785,66234.14,152916,60194.4,117675,46399.3,128696,50703.17,42843,16824.47,80393,31714.16,-23357,-9327.35
300552.SZ,20231124,143528,52660.99,93604,34450.48,173749,63786.06,157167,57808.19,137052,50403.01,169686,62372.84,74165,27528.12,108038,39746.67,4240,1628.22
300552.SZ,20231123,50968,16297.01,85210,27894.55,89326,28547.11,123639,40403.15,96426,31482.96,105402,34744.74,116919,40110.76,39388,13395.41,-49788,-18352.82
300552.SZ,20231122,103166,31790.47,112608,34609.45,141190,43438.83,143927,44237.67,123752,38001.13,108719,33478.85,34974,10654.67,37828,11559.13,4211,1364.87
300552.SZ,20231121,129927,37716.36,104177,30320.03,156855,45588.99,149796,43520.76,116598,33893.46,164212,47650.89,85078,24606.81,70273,20313.93,-31358,-8839.57
300552.SZ,20231120,39087,9917.92,62259,15957.79,66310,16876.21,91895,23737.98,74133,19123.63,79756,20737.36,92145,24552.76,37765,10037.38,-58072,-15959.2
300552.SZ,20231117,27526,6174.92,34794,7818.04,37579,8449.69,32645,7340.55,21847,4926.41,21161,4760.93,6022,1357.8,4374,989.32,-4520,-1004.82
300552.SZ,20231116,16583,3681.72,19847,4413.11,21630,4815.32,21281,4739.14,16393,3653.52,15424,3429.28,2562,568.89,615,137.94,578,131.38
300552.SZ,20231115,16544,3639.42,13522,2977.05,12890,2836.58,14321,3151.17,5468,1203.74,6599,1450.51,0,0.0,460,101.02,-1242,-271.77
300552.SZ,20231114,19945,4382.32,14206,3123.54,18490,4063.5,20794,4571.08,10761,2367.91,14384,3162.24,1582,348.36,1394,305.21,5198,1146.26
300552.SZ,20231113,21353,4609.11,18134,3918.69,15997,3456.12,18584,4014.07,7868,1702.4,8463,1826.84,1133,244.29,1170,252.32,7787,1681.16
300552.SZ,20231110,20990,4450.3,11684,2477.71,15146,3211.46,18632,3952.12,6417,1360.77,11055,2342.16,868,184.88,2050,435.42,-953,-196.45
300552.SZ,20231109,23776,5180.83,20622,4509.81,28541,6232.56,26608,5809.97,12181,2662.08,14850,3230.62,3323,725.45,5741,1250.51,-4409,-958.85
300552.SZ,20231108,31399,7020.94,20945,4691.08,30798,6887.86,32661,7311.78,18170,4068.34,25805,5773.96,3268,742.93,4224,943.25,-5070,-1112.34
300552.SZ,20231107,33723,7435.59,35430,7870.18,41728,9236.06,44675,9902.89,25326,5635.93,31769,7024.57,15340,3440.96,4243,950.91,13123,2928.22
300552.SZ,20231106,18100,3893.21,19771,4256.05,23484,5050.14,24843,5346.65,14816,3193.58,9926,2135.61,919,199.0,2779,597.63,629,144.66
300552.SZ,20231103,36561,7811.53,22273,4766.19,29144,6236.0,30198,6462.51,14971,3205.49,24822,5302.3,2369,506.16,5752,1228.17,-5416,-1141.12
300552.SZ,20231102,42515,9269.5,45873,10062.08,42939,9436.54,41739,9170.56,25488,5629.5,22955,5028.62,5099,1130.32,5474,1204.59,-4658,-974.67
300552.SZ,20231101,30252,6430.67,32476,6938.67,35021,7466.77,36332,7744.45,22855,4892.2,17121,3642.57,3257,691.91,5456,1155.86,6804,1477.53
300552.SZ,20231031,33139,7108.25,30786,6616.45,35628,7666.28,36088,7782.13,20432,4421.03,22070,4756.65,1686,363.03,1942,403.37,-680,-115.36
300552.SZ,20231030,22402,4718.99,24542,5169.29,24578,5180.86,22416,4730.52,17796,3755.11,16667,3510.59,2296,484.81,3447,729.38,6953,1458.36
300552.SZ,20231027,24111,4967.19,16611,3433.49,20728,4279.0,23327,4819.45,14421,2980.39,17692,3642.18,3062,632.66,4693,964.12,-871,-169.6
300552.SZ,20231026,17119,3545.49,15397,3192.44,16381,3395.35,17347,3594.21,7616,1582.16,7875,1632.38,175,35.82,673,139.8,4696,980.21
300552.SZ,20231025,22844,4625.57,19949,4038.06,18870,3819.89,22384,4534.98,10013,2028.82,9161,1854.4,768,155.87,1000,202.7,10769,2183.77
300552.SZ,20231024,16069,3110.58,17603,3405.77,15300,2959.56,14629,2832.92,4270,830.29,4407,853.49,1000,191.74,0,0.0,1533,303.31
300552.SZ,20231023,21078,4038.32,15230,2919.73,13918,2663.99,14755,2826.74,4545,870.13,9112,1740.38,797,152.8,1241,238.38,-2966,-567.02
300552.SZ,20231020,19120,3811.7,14485,2887.83,12242,2442.89,14442,2880.52,2989,595.42,5425,1081.66,0,0.0,0,0.0,-466,-89.11
300552.SZ,20231019,17815,3632.89,12170,2485.65,15846,3232.9,15982,3257.14,6799,1385.05,10058,2053.81,0,0.0,2251,454.25,-1811,-376.57
300552.SZ,20231018,18140,3768.43,15348,3191.77,15955,3316.36,19054,3958.39,7078,1470.85,6771,1405.49,0,0.0,0,0.0,-8470,-1756.77
300552.SZ,20231017,23772,4970.04,12280,2571.85,18931,3961.42,22761,4760.47,6688,1400.49,12766,2669.01,207,42.98,1791,373.59,-3735,-781.48
300552.SZ,20231016,25650,5462.63,19949,4253.25,28041,5972.52,30867,6574.69,11178,2382.46,13645,2903.24,121,25.6,529,112.04,-4340,-918.45
300552.SZ,20231013,29097,6357.22,32277,7067.75,41111,8994.87,38477,8414.44,18895,4134.1,16793,3670.7,3486,767.6,5042,1100.91,-10803,-2352.56
300552.SZ,20231012,27519,5980.36,26140,5689.4,32380,7041.57,30744,6682.68,14882,3234.28,19374,4204.61,2924,635.0,1448,314.52,-12747,-2760.12
300552.SZ,20231011,50326,11097.56,35405,7825.99,55208,12180.6,50590,11166.34,25104,5550.32,38756,8541.61,4857,1083.61,10743,2378.16,-12671,-2773.89
300552.SZ,20231010,55605,12336.06,62075,13837.9,75320,16800.48,72918,16273.58,48076,10810.85,48097,10760.51,8426,1903.9,4337,979.29,16642,3809.03
300552.SZ,20231009,49801,10628.38,44980,9611.65,61978,13238.04,59364,12682.21,34436,7370.6,37434,7988.22,4124,878.8,8562,1833.74,10760,2295.95
300552.SZ,20230928,45593,9516.41,50258,10473.86,70403,14660.91,68110,14231.8,51041,10711.56,51612,10831.18,10743,2266.06,7801,1618.1,33506,7007.16
300552.SZ,20230927,29781,5643.04,24058,4564.47,30653,5816.23,33179,6284.56,10311,1951.19,15230,2885.58,2529,477.98,807,153.83,-13639,-2574.5
300552.SZ,20230926,33882,6760.61,26035,5197.93,33570,6703.05,37392,7465.08,12279,2455.21,16266,3246.34,1966,389.79,2004,399.31,-27697,-5520.59
300552.SZ,20230925,35605,7249.26,45685,9297.52,51180,10460.29,45464,9285.7,22406,4579.42,18990,3893.29,3774,775.66,2826,588.13,-12455,-2457.73
300552.SZ,20230922,32943,6559.83,43915,8762.9,38607,7702.78,33257,6638.53,15597,3124.62,12496,2494.35,3251,652.81,730,144.25,-14127,-2807.68
300552.SZ,20230921,45352,9193.83,54217,10996.59,50353,10224.96,44332,8996.57,19723,3994.57,17055,3464.51,2214,454.45,2038,410.14,8676,1774.73
300552.SZ,20230920,35762,6986.63,38101,7451.17,24636,4820.75,20956,4095.29,6183,1212.88,7552,1479.43,579,113.65,551,108.02,-1838,-348.3
300552.SZ,20230919,42323,8336.51,46967,9320.56,36147,7191.26,34439,6820.39,14981,2987.45,12688,2522.27,4446,902.5,3803,754.5,-1535,-288.58
300552.SZ,20230918,16252,3162.59,16578,3230.69,10922,2131.08,10698,2084.57,3524,686.0,4164,810.72,1368,269.76,626,123.45,-2696,-529.66
300552.SZ,20230915,22306,4335.76,13884,2701.85,10169,1977.63,12218,2375.95,2477,480.82,7959,1544.16,1287,248.54,2178,420.8,-317,-64.41
300552.SZ,20230914,27889,5556.76,16639,3324.87,15095,3008.67,19122,3810.01,6360,1270.66,11943,2375.76,106,21.13,1746,346.57,-3422,-684.04
300552.SZ,20230913,38228,7793.14,26247,5352.06,25048,5100.79,31011,6317.4,10133,2064.3,15205,3097.07,3119,637.58,4065,829.26,-6386,-1297.91
300552.SZ,20230912,45632,9681.36,60981,12965.54,55010,11708.64,47507,10105.24,29171,6233.99,25046,5340.04,5641,1201.66,1921,414.84,1693,395.64
300552.SZ,20230911,34221,6982.5,38045,7771.29,30803,6291.77,27019,5525.79,16797,3432.71,18719,3813.88,3237,664.26,1275,260.28,1218,249.89
300552.SZ,20230908,20421,4049.8,24947,4960.26,16312,3257.48,18266,3640.78,13692,2725.21,8148,1618.59,997,199.51,61,12.38,3667,732.93
300552.SZ,20230907,21335,4176.12,16520,3235.27,12263,2396.93,12721,2488.85,3409,666.25,7766,1515.18,0,0.0,0,0.0,1235,244.84
300552.SZ,20230906,16719,3249.24,22945,4466.88,18623,3626.89,14405,2803.88,6138,1199.87,4130,805.22,0,0.0,0,0.0,5913,1148.8
300552.SZ,20230905,12448,2373.9,15464,2949.07,9375,1788.22,7889,1506.16,3221,615.44,1691,322.32,0,0.0,0,0.0,-81,-14.17
300552.SZ,20230904,14162,2649.04,14221,2661.43,7746,1450.69,5868,1099.81,1151,215.53,2970,554.02,0,0.0,0,0.0,834,161.35
300552.SZ,20230901,16835,3161.33,16190,3040.69,4852,911.41,5969,1121.1,1027,193.16,555,104.11,0,0.0,0,0.0,-1978,-367.47
300552.SZ,20230831,26208,4907.49,20433,3827.49,9157,1716.6,13946,2612.1,4496,843.26,5482,1027.77,0,0.0,0,0.0,-425,-77.84
300552.SZ,20230830,18445,3413.26,15306,2833.61,9452,1750.1,10357,1918.29,3386,626.9,5630,1040.19,594,108.84,583,107.01,1058,199.67
300552.SZ,20230829,20550,3709.1,17428,3143.26,11250,2029.44,13214,2383.94,1923,346.98,4041,730.36,960,172.02,0,0.0,4497,812.38
300552.SZ,20230828,17552,3143.4,15283,2740.97,11541,2061.42,11508,2058.78,4351,780.96,5946,1064.32,2441,436.93,3148,558.65,-3358,-593.87
300552.SZ,20230825,13256,2366.84,12685,2265.61,6721,1199.07,7532,1344.79,2412,430.54,2733,488.08,1000,180.0,439,77.97,-4543,-810.47
300552.SZ,20230824,10237,1869.67,10033,1833.09,6178,1128.6,6658,1215.6,1763,321.91,1681,307.13,194,35.64,0,0.0,-779,-142.28
300552.SZ,20230823,10610,1973.11,10595,1971.59,5680,1058.0,6752,1256.46,2778,517.9,1721,320.95,0,0.0,0,0.0,-1898,-350.28
300552.SZ,20230822,13916,2549.34,10971,2012.71,9191,1682.85,7384,1354.87,2421,445.29,5289,965.33,0,0.0,1884,344.57,3556,656.85
300552.SZ,20230821,8837,1639.86,7960,1476.91,4688,868.99,5753,1066.79,1421,263.17,2233,413.33,1000,185.0,0,0.0,-1192,-218.12
300552.SZ,20230818,10033,1885.02,8807,1655.07,4667,875.58,5900,1106.4,2123,396.4,2116,395.53,0,0.0,0,0.0,-1492,-280.07
300552.SZ,20230817,12553,2357.62,11156,2095.87,5544,1043.03,6629,1248.72,1557,294.31,1869,350.37,0,0.0,0,0.0,3462,655.07
300552.SZ,20230816,16039,3027.31,10575,1996.17,8615,1623.25,10576,1993.96,3161,594.99,6664,1255.43,0,0.0,0,0.0,-3275,-615.7
300552.SZ,20230815,11235,2191.37,8863,1729.99,3645,710.75,5330,1039.06,1578,306.7,1844,359.46,472,91.38,893,171.7,-444,-85.42
300552.SZ,20230814,12843,2482.88,8083,1562.88,3554,686.96,6131,1185.05,1349,261.43,3676,711.1,1000,192.8,856,165.04,567,111.18
300552.SZ,20230811,16557,3245.38,9605,1883.98,5859,1145.19,9659,1890.4,1534,298.99,5088,995.57,1706,333.95,1304,253.56,-2260,-438.47
300552.SZ,20230810,18089,3571.74,13003,2570.06,10972,2168.33,12226,2415.83,3846,759.12,8096,1597.74,756,150.94,338,66.5,-7648,-1515.67
300552.SZ,20230809,9778,1966.49,8900,1790.96,7713,1553.67,8029,1615.97,4165,838.99,5837,1175.26,1110,223.04,0,0.0,2844,575.62
300552.SZ,20230808,9561,1922.75,8190,1648.17,7516,1512.61,8378,1685.73,2478,498.99,3009,604.82,822,164.56,800,160.18,-1631,-324.59
300552.SZ,20230807,11520,2321.63,9574,1930.11,8146,1641.86,9409,1896.41,3761,758.07,3637,732.45,0,0.0,807,162.58,1221,247.53
300552.SZ,20230804,12400,2481.61,8636,1728.87,9211,1843.76,11174,2237.21,3307,662.72,5194,1039.05,86,17.03,0,0.0,5106,1023.47
300552.SZ,20230803,15446,3076.57,11440,2279.5,11417,2275.07,11450,2281.44,5568,1107.99,7180,1431.18,622,123.72,2983,591.24,-9009,-1789.23
300552.SZ,20230802,15188,3051.25,15336,3086.4,14805,2981.75,14614,2937.48,7833,1579.21,6996,1410.06,19,3.84,899,182.1,5922,1199.31
300552.SZ,20230801,15297,3045.29,12548,2500.11,13349,2658.69,13733,2735.01,5266,1049.77,5983,1189.78,1120,222.76,2768,551.61,-1178,-230.35
300552.SZ,20230731,13443,2703.14,16969,3415.31,13757,2769.08,12758,2567.88,7012,1414.75,6435,1295.5,2548,513.71,598,121.99,-4442,-892.76
300552.SZ,20230728,26879,5314.33,18311,3630.5,19400,3843.43,23926,4735.82,7214,1432.47,12482,2468.62,1989,396.36,763,151.65,-2578,-507.99
300552.SZ,20230727,30589,6268.92,30999,6364.88,31625,6507.39,31288,6435.88,16839,3471.97,16483,3391.05,2010,416.97,2293,473.44,-5584,-1104.99
300552.SZ,20230726,37762,7743.28,36745,7521.41,39747,8176.19,37228,7652.21,19094,3990.69,14966,3082.93,7389,1590.75,15053,3244.35,-13530,-2636.49
300552.SZ,20230725,17930,3687.73,19036,3924.97,18503,3810.56,17902,3679.35,8104,1670.35,8039,1655.49,440,91.16,0,0.0,5550,1151.91
300552.SZ,20230724,9800,1985.33,10603,2149.14,8842,1791.74,9053,1833.93,5255,1064.3,4241,858.29,0,0.0,0,0.0,-2084,-419.88
300552.SZ,20230721,16850,3456.38,12798,2628.13,9798,2012.38,13464,2762.98,5244,1076.72,7493,1535.31,1863,380.95,0,0.0,1,0.28
300552.SZ,20230720,22455,4662.08,18223,3786.07,20140,4182.98,20989,4355.55,12014,2495.65,13105,2720.77,2693,559.41,4985,1037.73,-3520,-729.05
300552.SZ,20230719,19037,4066.42,13411,2868.19,15764,3370.59,20772,4438.43,8840,1888.81,10357,2211.2,1585,337.56,686,145.56,-1118,-236.79
300552.SZ,20230718,21367,4660.05,19672,4300.08,21057,4595.14,20623,4501.8,10582,2319.1,11655,2540.56,801,175.53,1858,407.38,-5428,-1173.86
300552.SZ,20230717,32353,7051.61,20979,4582.76,27708,6039.82,30888,6735.8,15414,3367.1,19892,4330.21,282,60.79,3998,870.55,-1860,-405.0
300552.SZ,20230714,38245,8673.56,24774,5628.09,38108,8652.38,38733,8795.01,21860,4963.16,31805,7213.63,2940,669.3,5841,1321.66,2336,545.91
300552.SZ,20230713,50156,11529.84,36830,8488.79,60080,13825.19,62012,14276.12,34163,7871.42,45643,10505.91,6077,1419.5,5990,1375.12,-16570,-3804.99
300552.SZ,20230712,69713,17260.36,58287,14512.18,85837,21330.2,86266,21429.26,50765,12644.28,58270,14466.82,6543,1642.45,10036,2469.04,-27277,-6608.09
300552.SZ,20230711,70288,17050.15,79864,19456.76,96166,23425.18,88980,21710.11,66401,16240.21,59336,14452.65,10724,2617.47,15399,3713.48,390,217.56
300552.SZ,20230710,56462,13492.96,65075,15575.99,81489,19483.83,83566,20001.26,58145,13925.11,51384,12275.03,16082,3855.62,12153,2905.23,14267,3465.35
300552.SZ,20230707,60304,14114.12,71742,16885.45,81424,19144.72,77818,18313.77,52118,12329.41,45812,10791.63,9097,2160.62,7571,1758.03,-16137,-3761.3
300552.SZ,20230706,60812,13766.33,60511,13728.35,70968,16079.82,64676,14654.43,35879,8143.25,41418,9372.77,4624,1043.99,5678,1277.85,2135,513.96
300552.SZ,20230705,83580,19457.28,90792,21140.81,101848,23772.36,87279,20344.3,65254,15242.67,63747,14920.68,15279,3630.58,24143,5697.1,5894,1446.9
300552.SZ,20230704,30140,6231.7,49314,10424.63,44340,9272.83,53036,11297.2,37412,8067.51,32308,7039.15,35614,8029.05,12849,2840.13,-10625,-2884.32
300552.SZ,20230703,17504,3403.98,14612,2840.75,9192,1786.39,12051,2345.22,4771,930.16,3917,763.38,49,9.65,936,180.84,-3530,-684.19
300552.SZ,20230630,20337,3958.71,20097,3914.51,10718,2087.47,12434,2422.49,8013,1562.34,5902,1148.82,12,2.35,647,125.07,1374,268.99
300552.SZ,20230629,25389,4873.84,25816,4944.19,15548,2975.61,18137,3484.13,8200,1574.32,5184,995.45,0,0.0,0,0.0,9058,1753.85
300552.SZ,20230628,16014,2879.7,15116,2721.35,8155,1465.26,8165,1466.59,3012,542.98,3384,605.46,99,17.52,615,112.05,1150,209.22
300552.SZ,20230627,10796,2013.5,10686,1993.36,6121,1141.71,5053,942.78,602,112.31,1780,331.38,0,0.0,0,0.0,-851,-156.94
300552.SZ,20230626,16933,3201.85,13149,2490.37,9527,1802.82,11229,2122.54,3359,638.19,4854,919.6,0,0.0,587,110.36,-4131,-781.48
300552.SZ,20230621,15031,2921.7,16478,3205.58,10090,1961.94,8226,1599.1,3832,744.31,4249,823.27,0,0.0,0,0.0,-5385,-1043.95
300552.SZ,20230620,19979,3933.56,20226,3996.09,15885,3141.0,14832,2932.6,6499,1288.54,7848,1548.99,1343,268.74,800,154.17,1978,400.36
300552.SZ,20230619,21293,4203.12,23629,4666.43,16418,3243.61,15434,3050.65,7973,1577.46,6897,1361.73,746,147.78,470,93.15,700,136.34
300552.SZ,20230616,10417,1999.38,10081,1935.11,6680,1281.91,7215,1384.76,2862,548.61,1976,378.77,222,42.62,909,173.89,-4344,-831.72
300552.SZ,20230615,14735,2854.86,11634,2255.21,9669,1873.93,9516,1841.87,3123,605.74,4778,925.94,0,0.0,1599,311.51,-3671,-705.95
300552.SZ,20230614,18750,3681.05,22495,4429.61,16620,3271.73,15116,2970.72,6828,1345.24,4347,852.54,2347,464.49,2587,509.65,-5797,-1134.92
300552.SZ,20230613,18873,3699.9,15764,3093.52,12106,2375.93,11579,2272.56,4028,790.93,7907,1548.52,272,53.53,29,5.69,-398,-75.4
300552.SZ,20230612,19761,3850.25,23538,4589.99,16723,3261.27,15755,3070.34,9845,1921.18,7036,1372.36,0,0.0,0,0.0,5891,1142.33
300552.SZ,20230609,18372,3436.39,15923,2981.19,10226,1914.71,13032,2441.17,3628,682.62,2973,555.61,451,84.34,749,140.09,1377,261.06
300552.SZ,20230608,14806,2777.31,12647,2372.4,6111,1146.47,7648,1435.38,2051,386.29,2673,502.29,0,0.0,0,0.0,-1021,-189.24
300552.SZ,20230607,19905,3808.6,24072,4607.86,11696,2241.56,9614,1843.66,4026,771.52,2300,438.53,359,68.37,0,0.0,-4192,-794.39
300552.SZ,20230606,17080,3214.19,14753,2775.4,8271,1552.34,8265,1552.0,1613,303.28,3797,714.25,1265,236.13,1414,264.3,-5705,-1068.8
300552.SZ,20230605,21387,4098.45,18205,3488.1,13448,2577.69,10230,1958.01,4244,814.04,9672,1854.27,527,100.13,1499,289.93,480,99.52
300552.SZ,20230602,16330,3172.46,18115,3527.74,10541,2055.61,9834,1913.22,5145,1003.73,4626,898.61,559,107.77,0,0.0,603,120.99
300552.SZ,20230601,18497,3507.6,21274,4042.37,10822,2056.81,10862,2064.17,4213,799.46,3490,659.27,2094,401.94,0,0.0,52,11.2
300552.SZ,20230531,28068,5399.71,24443,4702.46,15989,3077.13,18673,3590.69,4979,957.02,5920,1140.71,0,0.0,0,0.0,-5122,-975.1
300552.SZ,20230530,22757,4351.68,31922,6103.49,24454,4683.02,20549,3928.17,12672,2412.56,7859,1500.97,447,85.38,0,0.0,3957,765.19
300552.SZ,20230529,11717,2135.89,12004,2184.62,5220,950.21,4893,893.49,1286,235.01,1326,243.0,0,0.0,0,0.0,-3620,-653.56
300552.SZ,20230526,11851,2160.85,11971,2185.16,6910,1263.56,7338,1340.7,3791,691.83,3243,590.38,0,0.0,0,0.0,3057,560.22
300552.SZ,20230525,14780,2640.86,11788,2106.53,4223,755.45,6832,1222.54,1963,350.16,2346,417.4,0,0.0,0,0.0,-1761,-309.7
300552.SZ,20230524,10219,1858.61,9125,1659.27,4988,906.77,5068,921.57,918,166.93,1382,251.35,0,0.0,550,100.12,978,178.98
300552.SZ,20230523,18334,3341.47,17260,3146.57,8085,1472.85,7909,1443.22,1472,269.46,2722,494.0,0,0.0,0,0.0,-7017,-1272.2
300552.SZ,20230522,13881,2583.76,13111,2440.32,7285,1355.95,7435,1382.76,1040,193.85,2542,475.84,882,165.37,0,0.0,62,15.8
300552.SZ,20230519,28160,5179.06,29975,5518.51,18380,3394.21,17325,3189.61,6014,1109.29,5340,990.39,85,15.94,0,0.0,8312,1536.44
300552.SZ,20230518,11477,2009.98,12509,2190.47,5595,978.97,5922,1037.4,2246,393.36,887,154.44,0,0.0,0,0.0,4470,784.79
300552.SZ,20230517,12661,2172.87,9706,1665.66,4096,703.27,5696,977.56,1930,332.04,2585,444.79,0,0.0,700,120.19,4861,837.82
300552.SZ,20230516,12743,2175.27,13540,2312.88,6155,1050.07,7260,1237.4,2066,352.12,1164,198.18,1000,171.0,0,0.0,-5112,-871.61
300552.SZ,20230515,15215,2610.58,14166,2429.64,5805,995.02,5970,1023.88,1223,209.48,2106,361.56,0,0.0,0,0.0,-2340,-399.43
300552.SZ,20230512,13774,2397.35,14603,2541.25,4787,832.97,4497,782.76,399,69.47,560,97.43,700,121.66,0,0.0,-1565,-270.52
300552.SZ,20230511,13676,2392.88,11869,2076.2,5159,901.97,6522,1141.38,1201,210.43,1645,287.7,0,0.0,0,0.0,-1304,-226.78
300552.SZ,20230510,14647,2542.98,13838,2402.82,5266,913.76,5574,968.47,2188,380.27,1689,293.1,0,0.0,1000,172.6,-34,-5.88
300552.SZ,20230509,18312,3194.41,17588,3068.25,8669,1510.05,7947,1385.37,2473,431.64,2985,520.08,2625,456.4,3559,618.81,-4857,-842.68
300552.SZ,20230508,24942,4412.85,24507,4336.57,11192,1980.01,10953,1938.81,2363,419.1,2672,471.87,312,54.97,677,119.7,-2067,-364.41
300552.SZ,20230505,35161,6271.23,38093,6786.63,21314,3801.22,19618,3504.79,4670,834.92,4105,734.76,672,118.81,0,0.0,-4981,-861.07
300552.SZ,20230504,53579,9399.45,51076,8951.7,33329,5847.38,31575,5548.79,6817,1195.32,12495,2189.78,1421,248.12,0,0.0,-3722,-615.56
300552.SZ,20230428,61149,11156.61,76245,13910.11,49065,8937.84,36678,6676.68,24768,4508.72,18904,3439.23,850,154.48,4006,731.62,-11264,-2022.94
300552.SZ,20230427,12807,2759.49,13907,2994.85,5233,1127.84,4859,1048.73,2036,439.54,1311,283.28,0,0.0,0,0.0,-852,-179.59
300552.SZ,20230426,16438,3564.04,15664,3393.47,5607,1216.64,6330,1375.43,1901,413.13,2422,525.95,470,101.05,0,0.0,-1070,-224.99
300552.SZ,20230425,22778,4991.27,20792,4561.51,9404,2062.36,9734,2129.89,3075,672.01,5161,1133.55,2069,456.64,1638,357.33,1604,353.24
300552.SZ,20230424,19612,4401.33,20708,4647.89,8048,1808.71,6840,1535.9,2459,551.75,2120,475.78,21,4.68,472,106.91,-294,-60.33
300552.SZ,20230421,17812,4084.52,14654,3364.38,7641,1753.19,7764,1782.53,3955,904.84,5764,1319.32,472,106.58,1698,382.89,-4730,-1092.61
300552.SZ,20230420,15321,3641.11,10909,2595.48,5598,1330.12,8375,1988.21,1308,311.18,2943,698.72,0,0.0,0,0.0,227,57.2
300552.SZ,20230419,15162,3605.34,12387,2948.31,5194,1235.99,6019,1430.0,2717,645.82,4215,1001.6,0,0.0,452,107.25,-431,-99.49
300552.SZ,20230418,18171,4298.08,15453,3655.82,7077,1672.97,7462,1763.93,2522,596.49,4428,1046.33,0,0.0,427,101.46,-1064,-247.82
300552.SZ,20230417,22806,5510.58,23438,5669.43,13826,3350.09,9946,2408.14,4484,1086.23,6152,1488.0,458,111.61,2038,492.93,2870,698.29
300552.SZ,20230414,17833,4279.17,18548,4454.27,7724,1856.55,7386,1773.77,4103,982.81,3726,890.5,0,0.0,0,0.0,-1592,-379.89
300552.SZ,20230413,24555,5954.34,21507,5215.59,10413,2525.93,10287,2495.07,4792,1164.75,5478,1328.6,0,0.0,2487,605.75,-1568,-371.51
300552.SZ,20230412,33612,8107.04,23736,5724.26,9830,2370.31,16246,3921.62,6787,1637.08,8575,2064.83,427,103.18,2099,506.91,8750,2116.57
300552.SZ,20230411,23007,5407.24,22753,5349.8,9935,2340.2,12367,2910.74,7987,1881.94,5919,1394.88,110,26.02,0,0.0,3036,724.14
300552.SZ,20230410,33411,7896.25,32728,7746.73,20112,4767.06,14151,3349.74,9098,2160.65,14286,3389.18,651,152.14,2107,490.45,-7368,-1741.01
300552.SZ,20230407,18771,4529.44,20682,5014.27,16933,4107.91,17766,4327.82,12501,3053.76,12448,3009.14,2714,665.56,23,5.45,6263,1532.48
300552.SZ,20230406,16841,4037.61,16171,3883.57,8084,1938.1,8755,2100.82,3306,792.03,3942,945.44,2075,505.14,1437,343.04,-6214,-1492.68
300552.SZ,20230404,16499,3982.57,17923,4331.12,12579,3039.62,13305,3213.29,6812,1647.86,4205,1014.07,126,30.44,583,142.02,-548,-131.0
300552.SZ,20230403,18982,4591.84,19813,4798.46,13834,3352.47,12139,2941.38,7751,1880.97,7896,1913.5,1018,247.17,1737,419.12,4396,1070.0
300552.SZ,20230331,18519,4365.18,19463,4589.85,11420,2696.39,10318,2433.81,7003,1653.61,7444,1759.63,679,160.45,395,92.33,4311,1025.66
300552.SZ,20230330,13144,3036.76,11604,2683.79,5737,1325.6,6312,1457.94,3082,712.37,4131,952.24,84,19.24,0,0.0,835,193.95
300552.SZ,20230329,24237,5632.14,22638,5267.85,12304,2868.94,13664,3177.41,5275,1230.12,5933,1381.92,1297,300.0,878,204.02,4221,987.46
300552.SZ,20230328,13522,3095.32,10488,2402.61,4821,1102.94,5742,1313.72,1005,229.51,3546,809.4,1002,229.31,574,131.36,-1057,-239.29
300552.SZ,20230327,18910,4356.15,13156,3034.88,7385,1702.72,11738,2704.67,3513,811.62,4956,1140.65,94,21.81,52,12.08,4293,995.94
300552.SZ,20230324,19154,4393.06,12717,2919.03,5935,1363.98,9889,2270.19,2672,615.66,5903,1356.15,895,206.25,147,33.58,5616,1297.28
300552.SZ,20230323,14156,3209.99,11832,2684.83,6591,1495.63,8705,1974.38,4435,1007.18,4527,1026.13,582,132.19,700,159.65,1786,406.65
300552.SZ,20230322,15767,3543.37,13266,2981.66,8896,1999.24,10526,2368.04,3883,873.49,4710,1057.25,956,214.74,1000,223.9,8379,1889.9
300552.SZ,20230321,16899,3717.5,14211,3126.59,6906,1521.03,7955,1751.92,3691,813.03,5557,1222.76,227,49.71,0,0.0,2155,478.38
300552.SZ,20230320,15968,3481.4,12938,2820.55,4284,934.56,7040,1536.1,1793,390.69,2067,450.0,0,0.0,0,0.0,211,44.34
300552.SZ,20230317,12081,2609.81,10646,2299.16,6381,1377.52,7849,1694.8,5110,1104.67,3365,726.81,454,98.96,2166,470.19,4390,958.44
300552.SZ,20230316,11697,2478.74,11227,2378.58,5975,1263.43,5976,1263.63,1621,342.66,2590,547.61,500,105.0,0,0.0,-5720,-1207.26
300552.SZ,20230315,15952,3486.6,15116,3306.42,7871,1722.41,9050,1980.36,3064,670.96,3676,803.2,1455,320.0,500,110.0,1258,277.7
300552.SZ,20230314,12883,2747.22,12520,2671.91,7223,1538.18,4888,1042.34,2116,445.94,2369,502.59,0,0.0,2445,514.51,-2308,-490.13
300552.SZ,20230313,13216,2860.41,11812,2559.3,6387,1382.07,6404,1387.02,1201,260.7,3460,746.53,872,189.66,0,0.0,-1732,-373.52
300552.SZ,20230310,13016,2835.0,10665,2323.0,4660,1015.16,6153,1340.77,1799,392.45,3370,733.69,713,154.84,0,0.0,444,99.46
300552.SZ,20230309,10914,2375.32,8977,1952.27,5442,1183.82,6305,1373.01,1302,284.5,1872,408.32,5,1.09,509,111.13,610,137.52
300552.SZ,20230308,14452,3115.18,12567,2708.34,6783,1461.4,8829,1905.22,2458,532.12,2330,502.17,533,115.02,500,108.0,4965,1072.59
300552.SZ,20230307,14582,3101.24,10420,2220.04,7520,1600.72,7052,1499.88,2456,519.72,6428,1363.38,142,29.82,800,168.21,-2546,-545.65
300552.SZ,20230306,10459,2278.48,9642,2100.73,5104,1111.6,5547,1207.93,2649,577.64,3023,659.06,0,0.0,0,0.0,-2098,-454.98
300552.SZ,20230303,20347,4463.16,19020,4178.13,13715,3007.48,15631,3425.91,6521,1429.1,4926,1075.68,203,44.84,1210,264.86,-11559,-2523.62
300552.SZ,20230302,18890,4277.59,15823,3583.41,11423,2587.23,11718,2653.45,2904,657.92,5676,1285.88,0,0.0,0,0.0,-4974,-1125.32
300552.SZ,20230301,25265,5713.41,25987,5881.42,23199,5271.01,21474,4867.05,7542,1707.45,9062,2056.53,932,208.79,415,95.66,13970,3173.03
300552.SZ,20230228,13911,3030.82,12194,2657.26,6620,1442.59,7443,1620.89,2249,489.26,3143,684.52,0,0.0,0,0.0,-628,-133.51
300552.SZ,20230227,20715,4506.19,13625,2963.63,11442,2487.52,14953,3254.71,2825,615.94,5382,1168.62,52,11.45,1074,234.14,-2570,-556.43
300552.SZ,20230224,33038,7429.11,29108,6548.96,24228,5449.0,20822,4683.28,7833,1762.42,12503,2809.94,0,0.0,2665,598.35,-13585,-3053.63
300552.SZ,20230223,36242,8406.23,48057,11159.91,37655,8751.47,33166,7711.28,23423,5456.53,17737,4119.64,2501,580.77,862,204.17,8521,2031.24
300552.SZ,20230222,28785,6525.64,41836,9471.5,27790,6291.7,17438,3952.45,12841,2916.31,9967,2270.28,915,213.1,1090,252.5,-6752,-1487.07
300552.SZ,20230221,13685,3019.17,14189,3130.89,6858,1513.12,8386,1849.44,3184,703.97,3070,678.16,1975,435.01,57,12.77,-2422,-534.31
300552.SZ,20230220,16112,3506.41,11204,2439.96,7428,1617.44,7096,1545.29,4858,1055.41,4258,926.55,500,108.86,6340,1376.32,2307,499.56
300552.SZ,20230217,15754,3486.35,17356,3849.7,9040,2005.76,10419,2313.64,6035,1344.53,4737,1051.96,2167,484.8,484,106.14,-3334,-740.13
300552.SZ,20230216,16528,3727.64,11426,2580.8,9679,2176.16,11323,2549.11,4602,1031.43,6662,1496.35,0,0.0,1398,308.97,-3837,-870.4
300552.SZ,20230215,11602,2664.47,9197,2113.12,5770,1325.9,7195,1652.75,3179,730.06,2906,666.57,0,0.0,1253,287.99,3446,792.76
300552.SZ,20230214,11237,2573.63,10941,2507.84,7765,1779.37,6754,1547.43,4861,1115.53,6038,1382.79,507,115.6,637,146.05,593,140.99
300552.SZ,20230213,25656,5792.96,23622,5347.13,14637,3301.11,18932,4274.51,9809,2228.37,8810,1990.83,3339,765.24,2077,475.2,5516,1250.13
300552.SZ,20230210,22481,5130.98,17511,3995.72,16657,3801.86,14840,3389.29,8405,1916.11,11424,2604.92,0,0.0,3768,859.03,-11223,-2556.93
300552.SZ,20230209,24077,5550.12,25763,5938.62,19619,4532.57,23688,5471.27,14848,3434.47,10925,2529.95,2329,538.29,496,115.62,9285,2150.27
300552.SZ,20230208,18201,4086.81,12717,2857.88,6585,1477.5,10339,2319.77,3263,732.59,4556,1021.79,0,0.0,437,97.46,-2461,-550.29
300552.SZ,20230207,17585,3954.09,16236,3653.9,9595,2162.28,9802,2205.98,4432,999.29,5574,1255.77,0,0.0,0,0.0,3123,706.8
300552.SZ,20230206,26279,5921.04,18486,4167.84,13974,3152.36,18768,4229.5,5909,1334.79,9002,2031.75,774,173.74,680,152.83,-5364,-1204.7
300552.SZ,20230203,25855,5892.16,23583,5380.46,19144,4364.37,20151,4596.24,11478,2615.11,11877,2701.52,1336,304.91,2202,498.32,4521,1029.09
300552.SZ,20230202,34079,7572.35,32462,7221.28,20441,4545.39,24990,5554.48,9271,2057.63,8078,1791.26,1934,435.8,196,44.14,8902,1982.57
300552.SZ,20230201,18095,3843.62,14950,3175.62,11774,2501.16,13858,2942.8,5452,1157.77,6513,1384.13,0,0.0,0,0.0,6145,1314.94
300552.SZ,20230131,17256,3600.55,16672,3481.14,13014,2715.19,13882,2898.15,4889,1025.14,4527,945.24,855,178.86,933,195.18,-849,-174.85
300552.SZ,20230130,22067,4542.27,26118,5380.21,21812,4489.87,22142,4560.43,13112,2709.06,8227,1697.39,0,0.0,504,103.17,13722,2845.45
300552.SZ,20230120,11563,2264.0,11658,2284.36,7691,1507.64,7561,1482.03,2798,549.59,2833,554.84,0,0.0,0,0.0,1502,297.26
300552.SZ,20230119,10029,1934.42,13889,2681.61,10554,2040.64,7626,1473.61,3106,600.05,2174,419.89,0,0.0,0,0.0,37,7.42
300552.SZ,20230118,7194,1359.03,6634,1253.18,4778,903.22,3809,720.38,694,131.54,2223,420.23,0,0.0,0,0.0,-331,-59.83
300552.SZ,20230117,9629,1821.45,10673,2018.43,6613,1253.16,5105,968.72,675,127.73,1139,215.19,0,0.0,0,0.0,-3600,-673.1
300552.SZ,20230116,9949,1886.83,8280,1569.85,6054,1146.78,7444,1410.97,1503,284.87,1782,337.67,0,0.0,0,0.0,557,107.82
300552.SZ,20230113,10185,1895.44,9312,1733.92,5926,1102.81,6901,1283.89,3484,648.18,3382,628.62,0,0.0,0,0.0,-2259,-418.13
300552.SZ,20230112,13781,2604.94,10964,2075.36,8149,1543.57,9381,1776.98,4078,771.89,4644,876.02,94,17.72,1113,209.76,130,23.05
300552.SZ,20230111,24242,4698.31,18788,3643.23,12654,2452.25,14210,2749.62,2958,570.44,4605,889.55,0,0.0,2252,438.61,-10284,-1988.15
300552.SZ,20230110,17754,3555.96,18485,3712.64,10569,2124.35,10474,2103.19,2720,545.49,5834,1170.64,4248,861.65,498,100.99,-369,-74.52
300552.SZ,20230109,23950,4722.12,31985,6312.96,26169,5164.73,18379,3634.52,8654,1712.69,9047,1779.11,638,127.06,0,0.0,9283,1838.27
300552.SZ,20230106,8244,1548.86,6308,1185.67,4599,866.05,4818,906.46,463,87.03,2180,409.81,0,0.0,0,0.0,-172,-31.25
300552.SZ,20230105,7823,1460.55,9693,1813.24,5917,1106.8,4591,858.05,2865,536.97,1447,270.28,0,0.0,874,162.76,231,42.28
300552.SZ,20230104,9466,1755.3,7528,1396.28,3481,645.38,4733,877.35,1070,198.4,1756,325.46,0,0.0,0,0.0,-133,-23.67
300552.SZ,20230103,10857,1991.32,10121,1857.54,7071,1297.38,6552,1202.45,2121,390.73,3377,619.44,0,0.0,0,0.0,3400,623.77
300552.SZ,20241231,30229,10527.98,37817,13269.64,38280,13444.4,36998,13001.5,31521,11118.63,27251,9549.44,7686,2729.13,5650,1999.55,-4477,-1396.83
300552.SZ,20241230,25026,8679.93,21032,7296.85,24377,8454.19,23301,8088.26,13379,4641.72,18374,6369.2,2733,949.52,2808,971.04,-8415,-2900.36
300552.SZ,20241227,26782,9608.17,24190,8684.69,27231,9767.47,32216,11566.22,21658,7778.83,17896,6415.49,1814,651.25,3183,1139.33,286,155.19
300552.SZ,20241226,25174,8925.33,21344,7596.64,29290,10419.75,26502,9430.49,19867,7062.78,24141,8565.74,4682,1669.5,7027,2484.48,705,275.7
300552.SZ,20241225,36914,13098.37,26355,9397.97,40996,14556.15,39269,13970.65,28143,10042.01,38414,13648.67,7242,2590.05,9257,3269.29,-7846,-2709.94
300552.SZ,20241224,26346,9531.41,28714,10426.93,32028,11602.33,30697,11137.71,21782,7917.73,21836,7919.52,9036,3290.7,7945,2858.01,-4053,-1418.01
300552.SZ,20241223,31902,11852.33,30783,11470.28,38314,14256.72,32833,12236.01,23062,8595.64,23679,8809.71,3705,1391.52,9689,3580.21,-24930,-9196.1
300552.SZ,20241220,39241,14731.03,27925,10494.31,35906,13488.56,41445,15570.22,24765,9312.89,26565,9977.23,6064,2285.83,10041,3776.54,16843,6342.0
300552.SZ,20241219,48547,17674.43,33195,12119.54,50167,18263.59,45436,16578.51,37180,13556.19,42982,15657.77,17182,6261.13,31463,11399.53,-12314,-4401.59
300552.SZ,20241218,47017,17676.12,55336,20827.36,60637,22773.36,69970,26319.52,55275,20825.51,48736,18372.12,31671,11987.72,20557,7743.71,38385,14583.39
300552.SZ,20241217,30962,11315.7,30059,11035.24,35305,12936.33,33529,12298.21,24941,9158.37,24817,9080.64,4490,1657.52,7294,2653.82,-17161,-6210.67
300552.SZ,20241216,37311,13627.79,20984,7664.67,33640,12286.62,29057,10608.97,22763,8309.04,33014,12058.32,5883,2150.84,16543,6042.34,-2686,-978.98
300552.SZ,20241213,38412,14608.38,26044,9935.16,38864,14796.71,37859,14426.61,21859,8322.71,34402,13082.81,9008,3455.41,9838,3738.64,-15151,-5732.49
300552.SZ,20241212,50211,19350.1,34390,13265.78,55008,21208.47,51543,19871.11,36252,13984.53,49453,19050.52,8896,3437.71,14981,5793.4,-33280,-12811.45
300552.SZ,20241211,40284,16039.9,42279,16885.16,65796,26268.51,71709,28660.6,58251,23304.15,54622,21793.79,18474,7402.65,14196,5675.67,-6911,-2647.29
300552.SZ,20241210,64209,25541.2,52218,20813.16,85223,33972.88,70620,28193.8,62222,24876.2,66411,26486.99,22912,9160.51,45317,18056.84,-27627,-10923.97
300552.SZ,20241209,59055,23711.93,79514,32015.75,93605,37689.48,108135,43574.87,101060,40782.43,87327,35201.83,50309,20391.55,29053,11782.95,37285,15204.75
300552.SZ,20241206,54719,21057.16,74123,28591.49,72121,27843.02,60206,23312.57,60577,23468.6,47048,18209.13,18498,7207.13,24538,9462.71,-35175,-13529.2
300552.SZ,20241205,50714,19061.54,58291,21974.91,60802,22869.69,65938,24820.75,50184,18891.45,46782,17609.19,27047,10257.58,17735,6675.4,38507,14555.11
300552.SZ,20241204,34188,12478.02,28009,10245.72,33900,12388.12,34014,12442.11,20338,7427.71,25960,9465.22,6647,2426.32,7091,2567.13,-17778,-6448.12
300552.SZ,20241203,34909,12801.14,33231,12220.63,37989,13931.09,39412,14480.6,28680,10551.47,29401,10791.59,12458,4571.25,11993,4362.13,386,193.16
300552.SZ,20241202,39608,14513.04,45144,16572.41,46235,16968.57,48574,17823.12,36889,13531.03,36050,13237.9,17591,6488.15,10555,3867.36,7893,2943.13
300552.SZ,20241129,31091,10906.68,33019,11580.26,31690,11113.03,35203,12344.98,28043,9830.18,24622,8631.83,8384,2940.64,6364,2233.45,8039,2860.69
300552.SZ,20241128,35383,12280.1,26529,9226.47,31575,10959.51,31561,10964.33,24077,8355.65,25763,8930.16,6862,2378.39,14044,4852.7,-5638,-1921.85
300552.SZ,20241127,35081,11902.84,41742,14169.87,39095,13317.11,35635,12110.24,26467,9061.01,22790,7816.69,6061,2083.88,6537,2268.04,-7444,-2492.69
300552.SZ,20241126,33063,11529.87,40888,14290.78,38844,13590.56,33031,11543.94,26347,9237.43,23062,8076.71,4478,1567.74,5751,2014.17,8364,2954.8
300552.SZ,20241125,27391,9239.09,24543,8294.87,24519,8276.87,22019,7428.73,16537,5593.07,17624,5946.55,1799,610.5,6060,2049.38,-3874,-1290.74
300552.SZ,20241122,35237,12634.42,24028,8600.98,30242,10830.9,32581,11684.75,19011,6770.12,26591,9502.61,5510,1940.89,6800,2387.99,-19234,-6829.36
300552.SZ,20241121,31278,11561.87,32165,11897.06,31036,11475.37,35829,13248.0,30259,11184.7,25372,9375.93,5726,2112.47,4933,1813.42,9369,3472.18
300552.SZ,20241120,30028,10894.62,28448,10333.49,31641,11491.83,30147,10949.9,20282,7362.85,19235,6979.85,8951,3256.9,13072,4742.96,3527,1302.29
300552.SZ,20241119,33038,11513.06,32838,11439.14,29284,10179.24,31037,10814.74,25104,8726.99,20893,7261.85,6703,2351.45,9361,3255.01,9336,3282.62
300552.SZ,20241118,32294,11009.68,27944,9541.64,31916,10884.16,31306,10675.65,21378,7283.49,21524,7332.02,2292,775.03,7106,2403.03,-3625,-1231.73
300552.SZ,20241115,44841,16428.26,25414,9336.6,34030,12467.65,34867,12786.01,22023,8050.37,30447,11097.78,3896,1416.43,14061,5142.33,-7357,-2700.49
300552.SZ,20241114,39207,15115.46,38822,14985.09,36928,14232.02,32401,12463.07,22851,8782.62,27381,10521.73,7876,3017.89,8258,3178.1,-29480,-11277.73
300552.SZ,20241113,41633,16048.45,35803,13860.81,43787,16923.8,42993,16622.37,30979,11995.03,35662,13756.37,4851,1886.76,6792,2614.49,916,441.02
300552.SZ,20241112,49418,19460.39,52739,20846.4,61386,24255.68,56624,22404.31,48035,19035.39,41496,16375.73,8731,3454.07,16711,6579.09,-28766,-11223.16
300552.SZ,20241111,40340,15742.13,40479,15841.78,49478,19339.71,47688,18645.78,36429,14267.43,37276,14566.4,16256,6380.63,17059,6675.93,18218,7163.62
300552.SZ,20241108,45129,17662.51,39177,15354.08,45322,17740.85,47334,18541.83,33373,13079.01,36607,14334.56,11272,4424.75,11978,4676.65,6312,2551.16
300552.SZ,20241107,44550,16937.27,37047,14113.09,41961,15957.48,40777,15526.51,32554,12382.82,35141,13356.12,7721,2950.09,13820,5231.93,-577,-188.86
300552.SZ,20241106,58348,22668.8,46855,18247.01,59295,23067.95,57821,22512.97,45425,17677.99,50678,19681.2,11305,4401.18,19018,7374.72,680,283.45
300552.SZ,20241105,42281,15931.1,35501,13412.3,40498,15281.46,42959,16221.11,35563,13409.59,34568,12992.92,8608,3241.95,13922,5237.78,9422,3541.21
300552.SZ,20241104,37786,13733.52,30064,10921.22,27548,10010.89,31518,11461.83,22093,8024.45,19763,7181.73,7076,2556.04,13158,4760.12,15263,5558.02
300552.SZ,20241101,64911,23900.79,43380,16051.86,62603,23032.19,57763,21300.75,47015,17283.82,54390,20051.59,14981,5489.82,33977,12302.43,-38123,-14172.51
300552.SZ,20241031,48145,19175.1,60334,24067.28,62199,24823.99,61799,24681.14,54003,21590.56,45119,18011.22,16369,6520.62,13463,5350.62,5292,2154.63
300552.SZ,20241030,56213,21630.12,44587,17237.56,52620,20287.03,57973,22353.4,36819,14226.71,44123,16985.22,7364,2870.62,6333,2438.31,10001,3940.03
300552.SZ,20241029,58086,22794.28,83399,32815.22,78724,30977.08,77261,30436.33,71627,28263.33,52663,20774.21,20807,8286.52,15921,6295.44,-7652,-2796.06
300552.SZ,20241028,49602,18887.51,37877,14461.21,40586,15468.88,44707,17051.49,30145,11505.63,35490,13516.36,9007,3439.86,11266,4272.83,-2697,-1020.41
300552.SZ,20241025,62914,24277.4,39503,15283.18,51333,19821.57,58753,22680.48,38660,14950.41,46255,17851.25,13186,5075.66,21582,8310.13,-1182,-429.17
300552.SZ,20241024,71927,28068.4,65557,25623.58,73415,28721.99,59163,23117.1,58822,23017.8,57234,22374.57,21651,8439.52,43861,17132.47,-46512,-18125.48
300552.SZ,20241023,74114,31304.48,73459,31222.3,87333,37165.46,105539,44973.96,91537,38979.17,93291,39681.78,48648,20895.61,29343,12466.69,28504,12289.41
300552.SZ,20241022,75670,31153.09,50192,20758.25,85608,35363.97,88183,36472.1,75234,31170.4,84302,34715.09,21853,8979.92,35688,14721.94,-16096,-6636.57
300552.SZ,20241021,71437,30219.68,52282,22114.59,94841,40103.28,96507,40817.53,94440,39939.85,107077,45300.09,49356,20839.74,54208,22870.35,21755,9268.93
300552.SZ,20241018,63737,25215.94,75812,29947.07,108675,43050.45,116246,46013.26,113650,44964.16,100108,39708.49,45762,18215.83,39658,15777.56,76476,30227.52
300552.SZ,20241017,48871,18536.3,64495,24516.49,71073,26970.15,64819,24609.64,56748,21558.29,54531,20688.85,30347,11541.16,23195,8790.93,-23114,-8710.96
300552.SZ,20241016,49172,17957.12,50399,18538.1,56184,20698.17,60673,22307.89,50291,18488.04,47799,17564.52,17148,6366.3,13923,5099.13,-1705,-570.22
300552.SZ,20241015,66847,25083.17,53548,20179.7,76316,28737.64,76723,28847.01,66247,24950.59,73459,27598.53,24761,9304.88,30440,11451.04,9497,3626.33
300552.SZ,20241014,51554,17873.16,53006,18583.52,64859,22712.9,74576,26096.79,54597,19144.7,59124,20660.23,32961,11662.62,17266,6052.85,21344,7652.8
300552.SZ,20241011,46546,15820.54,34196,11686.16,49720,16920.02,47481,16165.51,31927,10874.01,45466,15397.96,13536,4573.3,14586,4938.24,-10812,-3661.88
300552.SZ,20241010,48205,17454.11,35849,13102.84,56002,20358.12,55943,20376.68,43987,16098.48,50354,18281.97,11995,4316.69,18043,6465.9,-181,-221.66
300552.SZ,20241009,71351,27817.38,63119,24791.8,98924,38773.39,88462,34673.98,69339,27242.72,78084,30539.67,16836,6606.73,26784,10434.77,-44605,-17414.22
300552.SZ,20241008,64871,26435.64,59894,24724.7,124351,51071.69,111111,45719.97,112310,46272.66,116996,48065.34,30176,12557.8,43707,17827.79,8582,3750.54
300552.SZ,20240930,66503,23157.42,88066,30801.03,91150,31877.75,82803,28920.54,75305,26324.5,62132,21614.77,19214,6741.54,19171,6764.87,4747,1513.06
300552.SZ,20240927,52555,16276.29,62788,19502.29,61397,19064.39,60889,18872.33,52759,16318.56,53759,16656.13,21175,6583.77,10450,3212.27,-2820,-887.29
300552.SZ,20240926,45009,13141.89,45144,13221.12,43926,12856.66,48104,14073.52,40307,11803.81,36890,10784.85,8628,2531.66,7732,2254.52,20508,6025.3
300552.SZ,20240925,51758,15010.93,46124,13402.35,44299,12864.44,52033,15100.64,34699,10079.29,33245,9645.11,8083,2350.25,7437,2156.81,-6741,-1941.9
300552.SZ,20240924,60331,16765.54,73840,20535.66,61367,17071.17,60539,16889.65,52937,14779.01,42548,11858.1,7405,2087.0,5113,1419.32,20270,5791.95
300552.SZ,20240923,45085,12101.07,55303,14861.42,42432,11397.67,39696,10670.48,31134,8386.7,23740,6375.96,4059,1093.54,3971,1071.13,7894,2114.74
300552.SZ,20240920,28695,7477.77,36195,9434.67,26350,6870.47,23661,6172.9,14326,3737.74,11850,3090.13,4699,1228.16,2364,616.44,-4145,-1070.37
300552.SZ,20240919,24149,6209.38,26322,6770.64,18873,4855.02,21097,5427.88,10688,2753.22,6218,1601.35,446,115.13,519,132.88,-3888,-993.63
300552.SZ,20240918,26490,6681.92,20434,5163.73,13824,3491.02,14950,3774.26,7476,1885.3,9547,2403.19,4383,1102.97,7242,1820.02,-1139,-285.75
300552.SZ,20240913,32640,8472.87,19746,5127.65,15720,4077.77,20384,5286.89,6633,1718.79,11387,2951.9,500,129.0,3976,1032.0,-34,-3.9
300552.SZ,20240912,31305,8360.44,22117,5916.88,17887,4773.52,22679,6056.08,9117,2436.85,12952,3447.87,2075,555.92,2636,705.9,-8431,-2245.89
300552.SZ,20240911,32235,8667.96,21311,5731.34,15930,4281.42,20724,5571.01,10026,2695.88,13639,3665.98,2893,775.88,5410,1452.81,-5515,-1473.21
300552.SZ,20240910,41169,11184.58,51119,13932.42,38842,10588.02,38227,10419.25,29925,8162.82,19169,5224.69,4861,1350.23,6282,1709.29,-3681,-991.01
300552.SZ,20240909,45518,12307.39,30829,8340.95,28536,7714.36,35744,9668.7,16822,4548.73,20911,5655.38,2866,774.22,6258,1679.68,542,160.07
300552.SZ,20240906,44149,12665.42,51928,14907.76,39737,11432.9,33570,9652.56,21498,6181.55,19407,5587.06,1406,405.54,1884,538.03,-16784,-4757.88
300552.SZ,20240905,44153,12623.77,57851,16542.92,44526,12740.69,43495,12443.49,33035,9456.25,24757,7089.99,6931,1986.67,2542,730.99,7821,2285.56
300552.SZ,20240904,22573,6231.59,20421,5637.55,17783,4909.72,18610,5135.85,11196,3088.7,14262,3937.42,2546,704.23,805,223.44,-7522,-2068.76
300552.SZ,20240903,26950,7455.34,24622,6813.16,21784,6026.04,22952,6348.59,13647,3776.89,14487,4010.48,1355,376.61,1675,462.66,5576,1558.06
300552.SZ,20240902,37716,10630.01,30528,8628.3,28262,7975.41,32528,9163.25,17388,4913.96,17806,5022.95,2065,582.98,4569,1287.85,-11933,-3358.69
300552.SZ,20240830,37060,10530.73,43841,12463.12,39583,11223.02,41367,11753.36,29440,8355.37,23229,6592.16,10554,3013.71,8200,2314.18,5545,1559.5
300552.SZ,20240829,22419,6036.87,26072,7023.54,20779,5605.99,21822,5889.05,14805,4005.71,13198,3568.94,3512,947.83,423,114.89,3789,1030.55
300552.SZ,20240828,23295,6186.93,14862,3950.34,14324,3805.18,19377,5145.76,8128,2154.45,10798,2862.67,0,0.0,710,187.8,1655,438.67
300552.SZ,20240827,24783,6694.09,20662,5582.71,18152,4904.12,21868,5908.2,8116,2190.11,11293,3046.59,2772,749.19,0,0.0,-6907,-1862.95
300552.SZ,20240826,26178,7157.55,20349,5567.05,17032,4655.51,19367,5296.72,8519,2330.36,10155,2774.66,83,22.73,1941,527.72,2159,589.59
300552.SZ,20240823,30777,8486.01,22204,6129.98,19757,5450.37,24829,6847.32,11220,3094.76,14295,3937.78,1322,363.66,1748,479.72,-44,-13.39
300552.SZ,20240822,48215,13762.44,29741,8485.65,27353,7804.3,33157,9462.29,19267,5493.49,26246,7495.86,4551,1296.95,10242,2913.39,-4534,-1302.47
300552.SZ,20240821,49562,14509.28,71744,21030.48,56890,16686.27,55529,16294.77,42108,12374.65,32297,9475.19,13764,4038.69,2754,808.45,9279,2760.04
300552.SZ,20240820,30741,8621.6,24821,6968.24,17521,4911.91,19140,5362.77,10217,2862.36,11725,3284.99,648,181.3,3441,961.16,-3322,-933.3
300552.SZ,20240819,41178,11674.43,31691,8989.54,24536,6954.88,29685,8416.52,16166,4584.96,20202,5721.58,2873,814.27,3175,900.91,-3929,-1106.78
300552.SZ,20240816,55415,16400.21,34453,10195.82,35592,10539.71,42255,12499.75,20429,6036.87,28132,8316.81,3418,1014.53,10014,2978.94,-26104,-7705.76
300552.SZ,20240815,53251,16021.51,43082,13020.78,41586,12520.59,45378,13660.08,31255,9423.38,34693,10415.36,6168,1860.42,9107,2729.68,7628,2383.08
300552.SZ,20240814,52144,15974.75,69634,21371.85,58118,17823.69,53500,16398.98,42527,13047.8,33704,10356.83,11065,3415.04,7016,2133.64,16259,4974.58
300552.SZ,20240813,28681,8360.45,24029,7017.41,21095,6152.22,20167,5877.31,9751,2842.45,11789,3436.28,614,178.93,4156,1203.03,-1679,-474.16
300552.SZ,20240812,27249,7984.36,23555,6918.86,23324,6839.38,22936,6722.41,11905,3497.43,14328,4195.86,1554,455.22,3213,939.26,3648,1076.15
300552.SZ,20240809,29865,8928.52,29353,8789.64,23188,6941.74,21722,6496.85,11937,3576.3,12589,3763.21,1642,489.44,2968,886.3,462,147.05
300552.SZ,20240808,43168,12748.0,29369,8684.7,26993,7978.51,34541,10201.97,15687,4635.78,21573,6365.78,4059,1195.92,4424,1305.77,-2711,-795.0
300552.SZ,20240807,38412,11722.68,46161,14110.34,38234,11698.94,36575,11189.01,24949,7642.69,20488,6265.87,4807,1476.05,3178,975.15,1922,600.17
300552.SZ,20240806,38556,11546.49,32270,9668.38,33397,10000.76,29614,8874.13,17719,5312.64,22041,6605.64,1523,453.21,7271,2164.95,-1514,-470.68
300552.SZ,20240805,55578,17309.02,40696,12665.12,38209,11875.19,45322,14098.19,21466,6649.8,28472,8843.69,5067,1571.92,5830,1798.93,-3203,-1042.39
300552.SZ,20240802,69206,22752.16,55432,18242.78,59355,19532.6,55599,18283.03,34012,11188.8,39027,12824.34,1604,527.47,14119,4650.89,-36626,-12025.77
300552.SZ,20240801,72016,24758.51,84791,29191.21,81572,28062.42,81226,27930.56,53881,18543.36,50219,17277.02,17615,6083.84,8848,3049.33,3992,1438.31
300552.SZ,20240731,95436,31350.27,73779,24347.73,82060,27051.37,86153,28377.42,50971,16775.04,59623,19563.41,7019,2332.0,15930,5220.11,-12463,-4060.94
300552.SZ,20240730,78927,26986.83,62139,21257.62,68372,23393.5,69135,23645.99,43996,15048.51,53978,18467.6,12969,4433.68,19012,6491.3,-2359,-787.2
300552.SZ,20240729,77899,25754.37,89504,29639.67,81912,27163.89,93758,31038.39,69259,22949.85,58402,19356.09,26339,8676.73,13745,4510.69,58954,19577.3
300552.SZ,20240726,39610,11987.2,33723,10217.69,25513,7727.6,32244,9767.61,18194,5517.22,18533,5610.04,2933,892.94,1750,529.62,2813,863.2
300552.SZ,20240725,54291,16372.78,42181,12740.44,37048,11184.43,44204,13340.46,21272,6423.64,28685,8654.96,6950,2102.68,4491,1347.66,-9379,-2833.89
300552.SZ,20240724,82921,26054.67,58303,18327.89,79225,24915.26,80579,25343.67,39240,12374.96,52775,16604.96,11769,3728.12,21498,6796.5,-19851,-6285.82
300552.SZ,20240723,86368,30499.47,79166,28064.25,92971,32863.11,95682,33818.24,62245,22056.53,61549,21765.71,20930,7445.11,26117,9216.02,8366,3119.09
300552.SZ,20240722,51800,17448.89,53646,18101.25,57432,19390.85,63819,21542.69,42187,14276.16,37539,12694.76,17764,6027.18,14179,4804.38,19267,6560.0
300552.SZ,20240719,40029,13346.86,36222,12113.3,47907,16003.29,46012,15368.45,27495,9190.44,28618,9557.93,7293,2419.19,11872,3920.11,-3564,-1125.7
300552.SZ,20240718,38612,12774.83,35917,11922.89,38449,12753.85,44668,14794.69,27146,9009.44,23748,7865.49,5530,1827.87,5404,1782.92,-4982,-1629.73
300552.SZ,20240717,52230,17619.66,35920,12127.21,47489,16029.6,56880,19190.93,27149,9168.59,34751,11717.93,9557,3210.17,8874,2991.96,-16100,-5429.29
300552.SZ,20240716,60140,21021.15,50156,17580.03,62042,21730.66,58528,20492.37,28621,10045.74,41291,14462.25,5974,2106.98,6801,2369.86,-22137,-7660.87
300552.SZ,20240715,64854,23044.25,75730,26947.38,73640,26177.25,78249,27825.53,47778,17029.78,43879,15599.89,17489,6235.14,5902,2113.63,8354,3021.89
300552.SZ,20240712,67552,23441.09,48254,16797.1,58120,20196.75,64355,22361.43,34949,12141.45,41999,14560.07,6261,2179.6,12274,4240.29,-16485,-5668.68
300552.SZ,20240711,79822,28325.38,81704,29090.56,90502,32144.12,87308,31033.88,58431,20798.18,58043,20613.38,19124,6855.52,20826,7385.39,-5014,-1683.78
300552.SZ,20240710,82328,28893.57,86523,30412.45,90759,31858.0,91933,32269.38,48179,16924.41,54957,19322.74,25355,8967.99,13207,4639.4,-15927,-5586.99
300552.SZ,20240709,55224,18047.08,66390,21742.09,59257,19423.64,50989,16695.44,34042,11169.72,29508,9661.05,2446,804.64,4082,1346.49,-4619,-1474.53
300552.SZ,20240708,71679,23167.25,36804,11917.42,42840,13856.29,51717,16745.99,29196,9439.66,39582,12787.6,4724,1517.49,20337,6529.68,16272,5221.39
300552.SZ,20240705,58797,19607.43,38280,12779.69,45933,15323.8,60513,20177.1,33376,11125.14,36808,12291.45,15561,5210.41,18066,6018.55,-6847,-2302.81
300552.SZ,20240704,86912,31059.62,51591,18502.82,86668,30883.65,88981,31822.55,65195,23222.57,80499,28548.35,26118,9617.19,43821,15909.31,-17365,-6337.17
300552.SZ,20240703,61534,23340.94,54317,20745.11,68154,25938.51,67304,25605.04,49453,18824.92,51553,19561.54,19288,7317.13,25254,9509.8,-7712,-2737.45
300552.SZ,20240702,72972,27735.93,45960,17487.62,59544,22660.74,68459,26035.12,47065,17904.44,53483,20332.79,14399,5482.59,26078,9928.19,-40208,-15278.56
300552.SZ,20240701,68620,26300.22,80906,31110.23,79818,30732.58,84307,32455.12,69577,26760.16,52784,20326.95,29568,11411.25,29587,11311.91,10060,4052.11
300552.SZ,20240628,75345,28514.46,54896,20821.41,69140,26160.42,80522,30449.3,49098,18628.61,56367,21320.88,21762,8209.45,23560,8921.35,-3326,-1269.6
300552.SZ,20240627,69508,27208.13,73665,28944.76,76301,29954.92,77374,30352.22,63175,24824.46,54369,21296.0,16998,6680.32,20573,8074.85,4644,1926.16
300552.SZ,20240626,65125,25268.84,68624,26706.16,68817,26769.93,63086,24529.57,52446,20433.18,48310,18771.01,20470,8017.89,26838,10483.1,-13490,-5151.94
300552.SZ,20240625,85452,33180.1,66743,26031.13,77080,30028.24,77774,30316.27,65998,25706.57,68033,26471.15,22376,8739.89,38356,14836.25,506,212.35
300552.SZ,20240624,62014,25715.83,53507,22253.1,69528,28809.99,72489,30092.04,52619,21879.88,57849,23980.34,20185,8375.0,20500,8455.21,-21110,-8807.87
300552.SZ,20240621,79866,34281.28,70373,30381.15,88092,37931.75,96227,41390.07,80677,34884.52,76317,32868.53,30890,13369.43,36608,15827.23,-14863,-6333.37
300552.SZ,20240620,96459,42154.04,82977,36293.94,113615,49725.51,118314,51810.13,89973,39410.31,91579,40134.93,32071,14079.61,39248,17130.47,-21048,-9045.74
300552.SZ,20240619,110251,50116.08,94708,43096.07,143348,65265.87,143751,65323.71,115084,52465.19,118025,53697.35,50565,22911.19,62766,28641.2,1400,568.57
300552.SZ,20240618,91563,38867.39,101030,42867.11,135793,57797.2,149616,63526.05,116879,49848.3,116798,49826.43,71046,30420.19,47838,20713.48,40171,17689.84
300552.SZ,20240617,99264,40245.05,84765,34480.45,133856,54393.85,128327,52130.2,101480,41270.94,120038,48745.79,48639,19805.25,50107,20358.64,-21519,-8628.53
300552.SZ,20240614,97210,36098.93,116571,43420.89,125694,46810.88,130566,48682.43,111790,41922.55,113063,42321.73,72452,27240.01,46945,17647.31,-9818,-3716.01
300552.SZ,20240613,99286,34896.71,79566,28081.55,99387,34996.44,115751,40755.6,85544,30137.43,75420,26528.93,28433,10072.32,41913,14736.83,-4425,-1587.99
300552.SZ,20240612,107444,39547.02,81871,30237.23,107907,39780.46,109394,40364.98,85435,31494.49,100110,36899.72,36098,13303.52,45510,16623.55,-11653,-4162.59
300552.SZ,20240611,91281,33728.5,75125,27769.29,96470,35689.22,111961,41396.09,88193,32597.29,87282,32290.15,38824,14325.12,40401,14884.59,-35419,-12979.7
300552.SZ,20240607,120148,45981.57,92813,35592.97,133986,51384.81,143279,55051.34,119080,45787.56,114605,44169.15,61740,24169.84,84256,32510.32,-557,-598.8
300552.SZ,20240606,93198,38919.08,92635,38747.08,135247,56513.35,147658,61702.38,132018,55181.64,127602,53353.16,71808,29948.8,64375,26760.26,-16682,-6889.19
300552.SZ,20240605,117889,49744.05,89402,37718.88,175257,73924.08,148949,62737.01,139019,58618.19,164527,69377.14,73077,30725.76,102365,43179.04,37268,15853.33
300552.SZ,20240604,79933,31089.48,98763,38306.26,109772,42709.99,143136,55747.21,125214,48686.35,124624,48898.52,141726,56071.81,90121,35605.64,9716,3575.25
300552.SZ,20240603,90547,30354.1,69125,23237.65,111775,37486.64,118729,39819.97,83331,27937.78,98402,32993.67,51774,17351.21,51172,17078.44,18860,6511.11
300552.SZ,20240531,46952,14099.38,53777,16156.58,70863,21275.56,74494,22374.98,55168,16602.18,57167,17185.08,29756,8955.35,17301,5215.83,44166,13326.0
300552.SZ,20240530,31019,8972.03,29707,8607.38,48114,13939.07,51170,14816.07,37001,10707.38,35639,10310.04,9162,2652.51,8780,2537.5,-16295,-4670.45
300552.SZ,20240529,47687,14057.37,48841,14435.83,70699,20859.33,69312,20466.32,57005,16865.71,53601,15829.03,21619,6410.35,25256,7461.59,10078,3111.56
300552.SZ,20240528,49654,14282.75,53405,15405.7,71718,20701.8,69520,20066.94,51116,14776.81,49560,14319.4,20926,6085.09,20928,6054.41,-6453,-1677.68
300552.SZ,20240527,56738,16240.34,52389,14993.89,77048,22053.24,69210,19811.46,51469,14720.12,59743,17104.71,21110,6015.2,25023,7118.84,27026,7799.14
300552.SZ,20240524,35492,9696.5,37950,10411.96,46859,12856.37,51208,14025.9,39757,10912.98,38500,10550.8,19112,5233.6,13562,3710.79,18783,5230.87
300552.SZ,20240523,36769,9972.77,26507,7198.3,45550,12367.82,43316,11770.95,27541,7454.28,30007,8128.15,6150,1666.78,16179,4364.24,-17710,-4819.28
300552.SZ,20240522,42892,12024.44,41278,11645.81,58213,16378.87,59820,16842.65,44590,12569.63,50743,14278.96,21515,6125.8,15368,4331.31,2396,770.9
300552.SZ,20240521,36949,10355.92,49306,13859.25,58365,16393.92,53823,15108.53,45802,12879.81,38541,10818.73,12643,3558.0,12090,3401.13,-3069,-859.06
300552.SZ,20240520,42871,11633.46,56588,15387.91,60669,16479.21,52873,14351.41,43284,11756.85,41491,11263.29,10979,2992.37,6850,1859.28,1211,351.01
300552.SZ,20240517,26785,7009.02,26940,7054.96,29488,7722.77,28328,7418.54,22541,5902.78,21774,5703.13,1697,445.44,3469,903.38,5301,1395.54
300552.SZ,20240516,23323,6052.68,30815,8005.32,28866,7495.48,25041,6504.0,16635,4318.94,16203,4207.01,6755,1765.95,3520,916.73,-11227,-2907.78
300552.SZ,20240515,37220,9590.08,22541,5806.63,24172,6226.15,27426,7066.91,11838,3051.21,20267,5219.32,1694,438.11,4690,1212.69,-4624,-1188.34
300552.SZ,20240514,41120,10718.8,46403,12115.56,47531,12406.56,46832,12226.38,40802,10650.76,30943,8064.35,3473,906.3,8748,2276.13,11767,3097.75
300552.SZ,20240513,47760,12147.04,27248,6948.63,34144,8684.73,39393,10028.26,21205,5390.97,30923,7840.88,5313,1358.21,10858,2763.18,-9971,-2544.22
300552.SZ,20240510,54403,14449.03,29975,7972.06,46483,12354.28,54032,14357.02,31692,8422.38,43887,11654.58,8398,2226.73,13083,3468.74,-9914,-2651.0
300552.SZ,20240509,52442,14498.65,44261,12291.1,61276,16988.43,66656,18463.61,44707,12400.32,45150,12486.24,4684,1304.72,7042,1951.17,-12282,-3411.43
300552.SZ,20240508,54783,15503.74,66571,18869.62,79908,22652.68,79338,22482.43,55316,15664.6,48152,13631.12,12744,3622.44,8690,2460.3,-9492,-2591.65
300552.SZ,20240507,75153,20974.85,56764,15872.6,84902,23710.06,87109,24337.2,54708,15302.61,65403,18254.68,19832,5560.03,25319,7083.08,-40073,-11095.22
300552.SZ,20240506,74801,22486.18,82006,24679.46,98408,29628.86,114031,34304.19,85708,25773.45,78797,23732.84,47921,14362.68,32005,9534.67,17396,5449.85
300552.SZ,20240430,80741,23157.31,81970,23479.03,92918,26719.35,89380,25719.41,68178,19617.63,67475,19421.58,21472,6208.74,24484,7083.0,-4635,-1192.53
300552.SZ,20240429,66720,17624.36,86969,22995.61,82721,21884.87,75716,20063.35,54685,14474.18,47347,12537.25,20627,5479.22,14721,3866.41,5252,1487.81
300552.SZ,20240426,42817,10137.63,44470,10551.95,45299,10744.02,48203,11430.31,36516,8674.52,31621,7499.3,6860,1637.32,7198,1711.93,8890,2132.84
300552.SZ,20240425,49815,11629.99,39994,9347.5,38226,8928.24,45033,10511.05,23734,5547.39,24606,5743.8,1989,463.14,4131,966.4,-8153,-1900.2
300552.SZ,20240424,57053,13118.04,67854,15658.9,59456,13677.38,58192,13396.84,39668,9133.43,32035,7336.96,11154,2548.21,9250,2084.36,11283,2520.2
300552.SZ,20240423,45700,9757.81,53595,11462.19,44442,9511.82,42134,9017.69,27282,5866.03,23773,5102.17,11208,2411.64,9130,1965.25,-5268,-1138.21
300552.SZ,20240422,29521,6070.02,32966,6779.82,24475,5030.0,22248,4575.65,10640,2185.9,11686,2397.58,3542,728.87,1278,261.74,-12066,-2478.85
300552.SZ,20240419,37017,7774.68,41257,8680.17,34475,7251.45,29531,6216.66,14419,3033.33,15148,3178.24,3710,788.47,3685,772.86,-7196,-1499.83
300552.SZ,20240418,53196,11189.89,48699,10313.31,50899,10715.16,49712,10478.29,28371,6025.89,29322,6171.35,2826,606.27,7559,1574.25,38,57.81
300552.SZ,20240417,49924,10560.91,44044,9316.11,43719,9246.02,47975,10153.19,33264,7035.58,31753,6716.0,7184,1523.66,10319,2180.87,12030,2550.45
300552.SZ,20240416,60590,12685.05,41196,8612.55,45711,9518.93,54625,11416.8,31242,6548.65,38722,8117.22,8961,1871.71,11961,2477.76,-5349,-1255.65
300552.SZ,20240415,51029,12061.52,41354,9826.18,42705,10125.51,47258,11223.17,28144,6674.67,33104,7822.44,5335,1276.75,5497,1266.67,-14309,-3440.97
300552.SZ,20240412,50939,12401.21,29321,7169.12,37289,9088.11,46025,11200.98,22135,5387.79,33768,8213.68,4533,1101.03,5783,1394.36,2583,609.28
300552.SZ,20240411,42487,10591.97,31578,7881.3,42227,10534.69,43274,10798.06,26434,6587.96,30385,7566.96,2705,671.38,8617,2139.68,2989,744.5
300552.SZ,20240410,66910,16720.28,40370,10134.39,62192,15590.42,67454,16925.81,40665,10229.38,58000,14524.95,13854,3474.02,17797,4428.95,-2005,-467.37
300552.SZ,20240409,68833,18766.31,43072,11795.24,72511,19818.74,77802,21287.06,39716,10812.09,57852,15778.79,15747,4378.81,18081,4914.87,-34610,-9377.68
300552.SZ,20240408,55743,16201.87,52460,15315.76,86399,25183.4,80554,23469.46,60514,17653.74,65657,19117.99,19110,5594.04,23095,6729.82,4035,1258.06
300552.SZ,20240403,58154,16269.84,45512,12780.09,75799,21215.07,71420,20024.98,57260,16002.4,62893,17569.84,11531,3249.66,22920,6362.07,-10306,-2871.97
300552.SZ,20240402,66453,20212.45,52194,15884.42,76481,23287.22,83528,25450.62,63595,19341.0,59919,18222.01,15475,4701.82,26363,7985.44,-30129,-9112.21
300552.SZ,20240401,64372,20344.53,70754,22366.7,88865,28060.26,95966,30350.86,80974,25531.78,79185,24966.99,26255,8330.76,14561,4582.77,2147,715.77
300552.SZ,20240329,78269,23784.81,65961,20136.63,97083,29542.3,105949,32340.06,87287,26680.67,81731,24886.89,22333,6821.9,31330,9466.1,-22257,-6633.55
300552.SZ,20240328,88964,26923.34,94689,28740.2,130906,39635.38,132522,40161.28,110310,33507.93,107303,32559.07,28421,8706.11,24087,7312.21,34968,10747.68
300552.SZ,20240327,90576,26061.65,93371,26878.91,120384,34689.0,130101,37465.39,106688,30785.4,97449,28113.75,30228,8729.22,26954,7807.22,24459,7494.28
300552.SZ,20240326,53154,14291.5,64474,17407.24,76984,20743.8,86075,23201.73,67819,18353.63,53190,14338.24,21307,5749.23,15525,4190.94,9149,2508.32
300552.SZ,20240325,99129,27229.15,67236,18508.27,105661,29025.57,102548,28176.14,64064,17602.13,80847,22060.95,14954,4039.82,33178,9151.32,-30666,-8587.14
300552.SZ,20240322,92128,26870.86,104815,30596.58,127047,37060.69,133633,39014.67,97042,28332.69,88742,25902.75,26913,7896.55,15940,4646.79,9389,2758.06
300552.SZ,20240321,98675,26567.75,100081,27124.86,124139,33483.71,125978,34055.8,79938,21662.47,79739,21465.92,20006,5456.26,16960,4523.61,5876,1602.19
300552.SZ,20240320,122220,32593.6,98799,26424.82,151955,40538.6,145535,38870.91,104629,27929.19,118300,31568.03,18344,4884.2,34515,9081.83,-17540,-4680.11
300552.SZ,20240319,42992,9901.76,64791,15331.24,66283,15267.54,96705,22867.83,58233,13662.47,69445,16719.68,79787,20110.37,16354,4023.39,-21074,-5976.41
300552.SZ,20240318,38762,8221.51,43019,9132.93,56726,12037.18,56575,12005.67,37164,7892.79,36388,7720.09,8491,1808.46,5161,1101.25,4892,1059.49
300552.SZ,20240315,45062,9258.72,48195,9945.07,56093,11589.96,58803,12141.59,36134,7485.16,29056,6006.43,3230,675.14,4465,915.89,10656,2235.43
300552.SZ,20240314,49160,9927.37,34037,6885.7,46292,9358.71,48933,9884.8,18150,3668.93,28848,5834.09,2580,523.23,4364,873.64,-17879,-3611.92
300552.SZ,20240313,54687,11375.19,41209,8581.11,61083,12709.97,64029,13326.52,31845,6632.66,35691,7421.99,2226,463.37,8912,1851.56,-23502,-4878.66
300552.SZ,20240312,67786,14173.14,73626,15416.87,90968,19035.49,88445,18493.59,49006,10252.74,48885,10220.63,6878,1438.38,3682,768.66,-9490,-1916.24
300552.SZ,20240311,51875,10289.8,45570,9069.34,57988,11530.58,55799,11089.1,24778,4935.09,34290,6809.77,4011,804.24,2993,591.49,-14758,-2920.92
300552.SZ,20240308,73483,14968.48,76152,15517.86,89773,18292.61,80497,16408.86,50914,10378.17,53781,10955.9,3302,674.97,7042,1431.62,-44772,-9103.97
300552.SZ,20240307,92603,19610.59,131317,27799.61,129346,27352.43,107759,22849.53,80230,17061.52,72978,15459.02,19005,4040.96,9130,1957.34,7905,1639.33
300552.SZ,20240306,48483,9455.56,54914,10761.55,47681,9332.35,46395,9087.68,27417,5399.7,25081,4906.1,5833,1146.06,3024,578.34,9072,1801.93
300552.SZ,20240305,44082,8549.35,34173,6634.49,30888,5990.72,36004,6983.92,13505,2622.6,15870,3073.52,728,139.97,3156,610.7,-1664,-311.4
300552.SZ,20240304,54884,10677.43,39845,7770.89,39578,7713.67,44712,8711.0,20502,3999.43,27297,5308.96,1135,221.25,4245,820.91,-1622,-319.12
300552.SZ,20240301,48799,9599.64,52673,10377.58,49576,9767.32,51292,10112.77,28358,5610.21,26111,5159.91,6983,1383.69,3640,710.6,216,54.29
300552.SZ,20240229,59166,11166.89,54141,10240.8,47758,9013.39,58369,11021.33,27209,5149.14,24146,4560.05,8654,1645.55,6131,1152.8,12093,2315.3
300552.SZ,20240228,96461,19091.5,75845,15142.06,93278,18653.57,89911,17902.75,43964,8806.78,58428,11596.48,3810,738.54,13329,2649.09,-36010,-7333.2
300552.SZ,20240227,67298,13836.13,79886,16429.48,83973,17262.61,82116,16892.78,51342,10581.03,44206,9106.93,10266,2112.55,6671,1363.14,-499,-64.61
300552.SZ,20240226,68441,13330.61,71919,14040.13,74711,14563.01,73996,14416.53,37701,7352.19,34168,6649.34,4145,812.41,4915,952.22,-11479,-2239.06
300552.SZ,20240223,64981,12205.67,75677,14317.21,70252,13250.93,70892,13347.39,42376,8015.81,31922,5981.99,2036,393.32,1154,219.15,-1267,-296.76
300552.SZ,20240222,61034,10805.69,55355,9809.04,57070,10118.91,57710,10229.05,27962,4972.59,33244,5898.74,2203,388.01,1960,348.37,21286,3814.77
300552.SZ,20240221,76459,13306.09,72200,12574.97,65483,11389.67,67489,11750.11,32069,5586.96,30300,5269.63,5060,886.44,9082,1574.44,13972,2432.5
300552.SZ,20240220,72528,12521.41,92926,16037.63,66633,11499.98,61569,10614.78,30846,5348.66,26567,4603.64,11434,1951.35,379,65.34,-19048,-3281.13
300552.SZ,20240219,64019,9952.86,57668,8987.95,46544,7223.22,49847,7740.31,23614,3674.54,26132,4053.55,4534,702.13,5063,770.94,-3180,-497.42
300552.SZ,20240208,79059,10597.82,80218,10791.44,57900,7797.27,62346,8436.87,27000,3672.94,22589,3024.12,3284,445.73,2089,261.32,-12683,-1626.74
300552.SZ,20240207,66831,9582.29,69869,10046.05,47672,6864.48,52083,7502.21,22030,3161.46,17038,2444.18,3722,558.63,1265,174.43,-13767,-1987.89
300552.SZ,20240206,61290,8821.16,59853,8612.43,29940,4298.24,30124,4344.19,7949,1145.86,9164,1324.91,1851,281.18,1889,264.92,-528,-109.27
300552.SZ,20240205,56076,8782.17,53750,8403.48,26778,4194.34,29482,4636.18,8881,1391.59,8494,1327.05,0,0.0,9,1.39,-190,-49.63
300552.SZ,20240202,34296,6189.71,32799,5934.83,19686,3541.24,18580,3348.99,7665,1386.13,9747,1744.57,479,84.35,1000,173.04,-984,-210.09
300552.SZ,20240201,33048,6185.93,29560,5534.46,16259,3044.74,18747,3509.75,5459,1020.5,5702,1066.07,0,0.0,757,140.88,-1129,-209.34
300552.SZ,20240131,28468,5573.44,23471,4603.15,12601,2462.57,14736,2883.02,3273,638.74,6823,1328.63,753,153.29,65,13.23,231,25.83
300552.SZ,20240130,21570,4456.41,17313,3580.35,8490,1749.99,9799,2020.19,1546,315.42,4478,917.8,600,122.28,616,125.75,-1332,-271.09
300552.SZ,20240129,24673,5274.0,21162,4519.74,12379,2638.03,13737,2934.32,6196,1324.32,7226,1545.56,500,108.1,1623,344.84,-1144,-249.94
300552.SZ,20240126,29034,6426.72,24583,5441.72,16541,3657.29,19578,4331.72,7543,1670.05,8957,1980.61,0,0.0,0,0.0,-1934,-428.37
300552.SZ,20240125,24524,5465.29,24858,5538.4,15208,3389.17,17640,3937.45,7024,1572.79,5514,1230.23,1754,390.13,498,111.3,738,164.38
300552.SZ,20240124,27551,5925.54,21618,4654.53,16842,3627.07,20211,4351.41,5087,1097.28,7135,1534.0,0,0.0,516,109.96,2458,528.87
300552.SZ,20240123,28569,6241.7,27022,5908.43,13022,2847.04,13844,3026.78,6054,1325.7,6212,1355.6,500,109.0,1067,232.64,-1157,-253.67
300552.SZ,20240122,28370,6442.11,20455,4641.24,17198,3902.63,18907,4281.37,7811,1765.77,13547,3079.27,447,98.7,917,207.32,1624,365.72
300552.SZ,20240119,25006,5882.45,20301,4774.37,12833,3022.23,14282,3363.12,5527,1303.72,7934,1871.14,24,5.59,873,205.36,618,150.03
300552.SZ,20240118,30453,7168.89,33434,7877.46,24535,5792.74,23050,5440.56,9993,2362.88,8781,2073.71,284,67.23,0,0.0,-3498,-813.64
300552.SZ,20240117,24268,5809.47,18672,4482.12,10427,2498.66,13662,3267.15,3543,848.12,4444,1060.66,0,0.0,1460,346.32,-1110,-269.78
300552.SZ,20240116,30009,7187.02,19867,4762.17,16419,3928.1,17547,4199.77,6806,1626.54,12824,3065.82,500,119.0,3496,832.91,5854,1399.37
300552.SZ,20240115,25912,6372.81,22275,5483.25,15696,3862.79,14140,3478.87,4734,1164.16,7485,1839.45,616,151.28,3059,749.47,4154,1017.67
300552.SZ,20240112,44417,11089.83,30502,7621.58,23739,5930.41,26902,6719.93,6426,1607.35,16049,4005.01,388,97.58,1517,378.66,-3982,-990.64
300552.SZ,20240111,62745,15475.34,48150,11843.67,47727,11696.77,52343,12863.56,17340,4260.32,26274,6452.66,3706,893.65,4751,1166.19,13773,3409.73
300552.SZ,20240110,40105,10523.14,23896,6274.96,23302,6110.83,28294,7418.0,8667,2267.87,17721,4639.47,987,257.46,3150,826.87,223,51.53
300552.SZ,20240109,29690,8040.4,24590,6664.89,27970,7572.4,28846,7812.99,8770,2376.81,12880,3483.9,1376,375.5,1490,403.33,-1946,-519.88
300552.SZ,20240108,32144,8763.54,34624,9453.53,33890,9263.47,34036,9304.41,15389,4214.61,13523,3691.61,1947,536.32,1187,328.38,-6363,-1712.03
300552.SZ,20240105,30798,8475.51,22393,6181.78,21827,6018.91,20501,5645.1,8239,2269.21,16348,4489.52,803,222.8,2425,670.03,-7597,-2094.94
300552.SZ,20240104,25809,7188.58,21534,6001.43,17027,4741.68,17100,4763.04,6636,1848.64,10166,2827.48,338,92.98,1010,279.94,-1168,-322.25
300552.SZ,20240103,44924,12608.04,27409,7705.49,29626,8316.8,37042,10398.53,14655,4117.08,21922,6148.83,3880,1090.4,6712,1879.47,-4647,-1319.24
300552.SZ,20240102,37280,10918.18,29920,8770.07,32049,9388.97,31214,9141.57,14586,4268.88,18243,5338.77,1284,377.33,5822,1702.96,-13300,-3873.41
300552.SZ,20251231,70060,21176.58,59188,17969.05,54748,16594.39,60708,18390.25,40124,12197.7,45228,13687.05,9790,2987.48,9598,2909.8,-10963,-3277.58
300552.SZ,20251230,81061,24249.48,50266,15052.73,61511,18338.73,73474,21943.58,38322,11446.54,49728,14841.0,6355,1885.68,13781,4083.11,7131,2234.46
300552.SZ,20251229,77349,23568.44,59937,18285.31,77486,23645.59,76923,23467.95,50087,15277.2,56672,17275.99,7418,2265.17,18808,5727.14,-27546,-8364.27
300552.SZ,20251226,75940,24210.09,79138,25321.58,103839,33157.89,103953,33182.06,67568,21600.02,62060,19769.12,17090,5460.13,19285,6155.37,-7780,-2415.21
300552.SZ,20251225,83626,26468.27,78432,24880.47,102052,32394.6,106792,33869.15,73563,23341.41,70612,22391.7,28346,8966.94,31752,10029.9,-15540,-4925.45
300552.SZ,20251224,94359,30898.32,100923,33141.22,117862,38715.41,132902,43614.55,86670,28566.45,76726,25269.02,29714,9794.97,18053,5950.35,-4575,-1114.61
300552.SZ,20251223,101058,31595.39,80698,25315.4,115931,36323.53,111849,35066.69,75324,23724.96,87140,27339.25,17530,5553.68,30156,9476.22,-30055,-9342.07
300552.SZ,20251222,108333,35926.74,110729,36837.68,131462,43716.34,142589,47443.52,98156,32743.08,100024,33296.37,43813,14632.07,28422,9440.67,-21079,-6752.45
300552.SZ,20251219,95127,28854.56,103174,31258.8,133746,40542.45,138886,42116.47,88028,26715.1,84771,25758.72,19925,6055.04,9996,3033.16,33064,10072.62
300552.SZ,20251218,90032,25861.67,83767,24078.28,104577,30069.88,108564,31183.55,71439,20497.49,67777,19450.11,15242,4327.62,21182,6044.71,6502,1976.42
300552.SZ,20251217,106880,31034.81,124605,36296.72,151218,43963.31,134399,39199.85,105607,30756.14,82817,24067.31,37214,10866.34,59098,17056.71,23347,6811.56
300552.SZ,20251216,22168,6144.34,39664,11031.71,36431,10110.8,70090,19524.31,45622,12691.54,66047,18429.23,108074,30248.03,36493,10209.46,-121049,-34020.51
300552.SZ,20251215,9828,2304.46,9759,2289.61,5261,1233.89,5742,1347.19,2158,507.49,1746,409.04,0,0.0,0,0.0,-2061,-480.62
300552.SZ,20251212,9235,2198.42,7310,1739.95,6361,1515.23,7011,1670.53,2210,526.02,3322,790.67,0,0.0,163,38.52,1866,446.25
300552.SZ,20251211,9723,2331.51,10866,2605.4,7902,1893.22,7035,1685.31,2802,671.27,2526,605.28,0,0.0,0,0.0,-6397,-1532.34
300552.SZ,20251210,9823,2383.3,9916,2408.18,6526,1582.43,6086,1477.48,3423,830.94,3950,955.96,680,165.78,500,120.83,-2771,-671.47
300552.SZ,20251209,10668,2633.23,9453,2334.87,5201,1284.92,5490,1356.52,1018,251.26,2811,693.97,1432,354.61,565,138.67,-2387,-590.26
300552.SZ,20251208,16364,4057.45,11266,2794.41,7438,1845.07,8724,2163.94,2778,688.42,5916,1465.98,0,0.0,674,166.6,2736,678.14
300552.SZ,20251205,12370,2997.16,9271,2247.18,7419,1792.74,8428,2039.78,3648,884.31,5813,1405.49,500,121.92,425,103.67,5959,1449.44
300552.SZ,20251204,11954,2867.0,11262,2703.53,7741,1855.14,6480,1552.31,2524,603.9,3575,855.56,420,100.88,1322,315.54,-3811,-915.35
300552.SZ,20251203,15939,3899.68,16948,4140.97,9137,2231.53,9614,2350.79,5024,1224.38,3215,785.14,0,0.0,323,78.68,-8952,-2187.84
300552.SZ,20251202,9388,2346.82,9456,2363.9,4857,1213.86,5476,1368.54,3365,841.2,2678,669.45,0,0.0,0,0.0,1729,433.36
300552.SZ,20251201,11058,2790.87,11556,2916.2,6421,1620.02,4889,1233.93,1967,496.85,2952,745.7,451,114.19,500,126.1,-2032,-512.65
300552.SZ,20251128,7760,1942.7,7269,1819.66,4161,1041.31,3886,972.24,1664,416.62,2849,712.98,419,104.25,0,0.0,284,73.04
300552.SZ,20251127,9404,2354.77,8246,2065.78,6122,1532.65,6792,1700.98,2208,553.39,2259,564.71,563,140.86,1000,250.2,2662,668.65
300552.SZ,20251126,10202,2579.91,9748,2465.25,8808,2227.79,7233,1830.9,3796,962.54,5881,1488.27,500,126.35,444,112.18,-4868,-1227.04
300552.SZ,20251125,12926,3293.52,11010,2805.39,9325,2375.54,9605,2446.28,3445,877.04,5571,1419.53,490,125.1,0,0.0,2642,674.55
300552.SZ,20251124,18035,4481.98,13608,3375.18,8024,1995.95,11074,2757.88,3620,902.47,5111,1275.33,114,27.99,0,0.0,3296,828.16
300552.SZ,20251121,18336,4526.7,18029,4452.95,11102,2740.66,9896,2446.2,3877,961.8,4389,1085.7,0,0.0,1000,244.3,-2911,-704.28
300552.SZ,20251120,12723,3192.44,14176,3561.6,9361,2352.77,7795,1957.23,2633,663.12,2345,587.88,0,0.0,401,101.61,-1447,-354.9
300552.SZ,20251119,12079,3049.22,11455,2893.68,7658,1934.86,7649,1929.46,3736,942.42,3307,833.34,0,0.0,1062,270.02,-3876,-977.27
300552.SZ,20251118,9317,2390.6,9236,2370.24,5919,1518.57,5433,1394.09,2113,542.46,3168,812.43,488,125.13,0,0.0,-2211,-566.48
300552.SZ,20251117,10668,2740.14,9323,2395.72,5741,1474.74,6433,1653.5,3983,1023.27,2950,757.19,704,180.52,2390,612.27,1446,371.71
300552.SZ,20251114,9939,2568.71,8215,2122.96,6186,1597.81,7913,2045.13,4561,1179.24,4693,1212.61,135,34.94,0,0.0,1646,428.47
300552.SZ,20251113,10144,2607.43,8217,2113.34,6983,1794.28,8215,2111.91,3282,845.89,4754,1223.41,777,201.05,0,0.0,2828,726.59
300552.SZ,20251112,7323,1863.8,6473,1649.99,6421,1634.82,5198,1323.48,2719,692.67,3716,944.68,0,0.0,1076,273.14,-1107,-282.98
300552.SZ,20251111,7742,1992.35,7174,1847.35,6669,1716.46,6859,1765.09,4036,1038.06,4882,1257.09,2063,533.4,1595,410.75,-2332,-600.01
300552.SZ,20251110,8561,2207.63,7699,1985.24,6101,1573.15,7023,1811.0,3318,854.95,3258,839.49,0,0.0,0,0.0,-665,-169.73
300552.SZ,20251107,12880,3324.76,13427,3467.98,9596,2477.6,9470,2444.9,3491,903.11,3476,896.93,406,104.34,0,0.0,-1743,-445.49
300552.SZ,20251106,12412,3240.63,15622,4078.65,10602,2767.64,9487,2477.06,7462,1947.18,5269,1374.7,400,104.0,498,129.03,-4914,-1276.56
300552.SZ,20251105,14257,3686.13,17331,4491.04,15252,3956.45,14168,3673.82,9744,2533.48,8650,2242.57,1396,361.68,500,130.3,7014,1837.85
300552.SZ,20251104,12611,3244.42,10408,2679.77,11687,3006.31,7585,1952.66,3828,984.9,6489,1669.56,514,132.36,4158,1066.0,-4666,-1199.9
300552.SZ,20251103,19117,4950.74,14748,3819.49,10187,2640.56,13737,3558.67,5715,1480.52,7959,2061.86,3002,777.36,1577,409.17,4277,1112.53
300552.SZ,20251031,16420,4193.48,13937,3562.1,11710,2991.31,14702,3756.6,5903,1508.78,7860,2005.65,3205,819.13,739,188.35,3937,1002.73
300552.SZ,20251030,18214,4648.26,17710,4525.7,15054,3844.02,14657,3745.26,8941,2285.31,7846,2001.83,597,154.79,2593,659.59,-3209,-819.19
300552.SZ,20251029,13335,3362.4,8502,2145.88,11262,2840.99,9608,2424.45,3871,976.55,8378,2110.79,0,0.0,1980,498.82,-3691,-928.15
300552.SZ,20251028,12135,3087.65,9630,2451.23,8048,2047.8,8947,2277.86,4630,1180.05,5070,1289.85,0,0.0,1166,296.56,-795,-200.11
300552.SZ,20251027,17793,4539.86,14123,3602.36,14792,3774.73,13992,3571.85,8103,2066.62,12526,3197.24,2991,763.4,3038,773.16,-8360,-2131.29
300552.SZ,20251024,20440,5233.74,25805,6611.98,23149,5925.57,23484,6012.26,18453,4715.84,12610,3221.95,1723,446.61,1866,475.58,14119,3621.09
300552.SZ,20251023,10738,2624.84,8716,2131.15,9178,2243.36,10182,2492.37,4391,1073.55,5218,1274.05,404,100.15,595,144.34,1873,467.95
300552.SZ,20251022,9622,2363.14,10046,2469.34,6870,1686.72,8192,2012.62,2692,661.27,2540,623.54,1594,394.37,0,0.0,-4383,-1072.47
300552.SZ,20251021,14136,3476.37,9011,2216.81,9288,2283.92,12161,2990.58,4453,1094.32,6705,1647.21,0,0.0,0,0.0,2975,732.41
300552.SZ,20251020,16395,4020.99,13810,3390.49,13934,3419.99,13259,3252.07,7728,1892.93,9623,2356.34,41,9.96,1406,344.96,-4918,-1205.4
300552.SZ,20251017,31959,7978.2,32561,8114.72,30529,7629.9,24419,6097.84,15171,3785.0,19336,4837.56,2934,727.47,4278,1070.46,-28079,-7018.68
300552.SZ,20251016,30720,8030.71,52228,13671.88,38304,10038.09,35301,9251.37,29086,7610.31,13214,3450.58,3482,912.93,849,218.2,-32,11.73
300552.SZ,20251015,16013,4047.7,18150,4588.57,14104,3565.14,13116,3316.33,6904,1745.65,4316,1090.63,600,151.08,2039,514.03,-984,-241.44
300552.SZ,20251014,23531,6051.13,26002,6685.23,18464,4749.07,15784,4062.51,6085,1565.53,6393,1645.84,1712,435.97,1613,408.11,-11289,-2892.14
300552.SZ,20251013,24770,6414.42,25923,6712.93,16481,4263.39,15575,4031.08,6312,1625.55,5040,1295.44,566,143.75,1591,407.67,235,65.74
300552.SZ,20251010,23966,6501.51,21674,5879.75,19516,5293.05,17594,4770.44,8940,2420.7,10720,2909.67,0,0.0,2434,655.4,-10405,-2808.15
300552.SZ,20251009,18700,5246.98,18923,5309.25,15318,4298.62,13482,3785.19,6599,1852.65,8437,2368.06,1408,396.56,1183,332.3,-2923,-816.98
300552.SZ,20250930,18726,5288.26,14381,4062.78,13736,3878.28,13159,3717.31,5336,1507.83,9760,2754.89,1396,394.15,1894,533.54,-1466,-408.82
300552.SZ,20250929,22751,6322.55,21102,5858.39,14708,4083.16,17993,5001.12,6371,1768.78,5235,1455.28,500,140.29,0,0.0,6116,1708.23
300552.SZ,20250926,27947,7781.6,21700,6038.46,23775,6621.2,21641,6027.63,10753,2991.32,14405,4010.55,463,129.55,5192,1447.04,-12050,-3347.4
300552.SZ,20250925,16845,4888.63,19333,5612.39,20878,6060.58,17579,5105.7,8354,2429.4,7639,2218.85,399,116.99,1925,558.66,-8188,-2368.76
300552.SZ,20250924,23317,6698.97,22416,6437.28,23923,6871.06,24955,7168.06,10698,3072.93,11052,3178.4,1485,431.07,1000,290.3,8300,2384.0
300552.SZ,20250923,30354,8520.51,21675,6082.94,22706,6366.63,24702,6936.06,7631,2142.31,12224,3428.2,0,0.0,2089,582.26,-1752,-490.84
300552.SZ,20250922,19359,5578.59,16893,4869.87,20773,5985.49,22148,6384.8,8485,2448.01,8970,2586.46,782,226.75,1388,397.71,-548,-152.33
300552.SZ,20250919,32131,9252.88,22576,6504.28,25112,7236.91,30355,8749.06,11665,3361.6,13744,3960.37,1274,369.54,3507,1007.22,-3689,-1058.75
300552.SZ,20250918,48270,14284.09,44510,13227.75,44003,13053.3,46196,13709.79,25617,7622.32,27962,8266.81,6651,1979.9,5873,1735.26,-2742,-787.28
300552.SZ,20250917,33940,9950.09,25516,7485.62,28448,8336.51,32910,9646.45,13824,4055.93,17703,5185.19,2547,748.56,2630,773.82,-1952,-564.83
300552.SZ,20250916,50013,14541.38,39213,11402.69,45259,13148.79,48385,14075.6,24457,7112.36,29793,8659.42,2786,811.63,5124,1476.45,-458,-78.68
300552.SZ,20250915,46186,13560.93,66267,19441.67,66584,19583.54,67179,19780.24,44522,13119.88,32528,9597.1,11513,3394.72,2832,840.06,12977,3970.34
300552.SZ,20250912,13414,3663.1,12781,3491.42,14247,3890.23,13653,3730.38,6576,1795.54,8071,2202.46,2054,563.12,1786,487.73,495,138.73
300552.SZ,20250911,15363,4128.25,15055,4045.58,13435,3610.28,15276,4109.87,7390,1993.48,5710,1536.76,593,159.99,740,199.8,4157,1124.52
300552.SZ,20250910,14154,3786.95,11160,2985.72,11650,3114.94,11370,3042.12,4176,1119.03,5420,1449.23,0,0.0,2030,543.85,-3178,-844.77
300552.SZ,20250909,16694,4538.92,12467,3389.22,13547,3685.91,13219,3594.18,4100,1114.22,8609,2342.81,456,122.8,502,135.65,-4330,-1172.7
300552.SZ,20250908,13501,3684.39,13548,3699.92,14448,3939.45,15454,4219.61,8183,2234.96,6038,1648.26,904,248.39,1996,539.39,4166,1143.75
300552.SZ,20250905,19813,5268.78,16540,4393.54,12596,3344.31,16771,4461.97,9988,2659.51,8074,2148.9,598,156.2,1610,424.39,4325,1151.07
300552.SZ,20250904,21709,5752.77,17199,4553.85,19881,5265.84,17624,4671.48,5984,1585.95,10114,2682.77,152,39.7,2789,736.18,-5646,-1493.94
300552.SZ,20250903,21689,5900.08,16735,4559.73,19868,5410.91,18964,5162.08,8231,2239.36,13648,3712.41,1021,274.04,1462,390.16,-9151,-2488.28
300552.SZ,20250902,26802,7494.43,19171,5368.24,21379,5987.62,22770,6371.85,11806,3305.56,16173,4524.88,409,114.03,2282,636.67,-10810,-3032.39
300552.SZ,20250901,27118,7796.49,19999,5760.14,22903,6590.39,22841,6574.11,9467,2724.03,13397,3849.44,1735,499.53,4986,1426.75,-1308,-366.12
300552.SZ,20250829,26531,7716.58,19893,5788.05,23630,6872.92,25327,7370.62,15157,4412.35,18451,5367.02,200,58.88,1847,535.04,-13114,-3814.15
300552.SZ,20250828,33252,9706.96,41410,12115.27,38899,11364.13,35660,10435.64,23717,6958.53,18161,5306.56,3563,1053.84,4200,1225.99,-1572,-425.34
300552.SZ,20250827,44107,13114.33,43601,12996.27,46533,13855.99,44506,13248.01,29473,8792.64,31186,9290.99,7812,2332.65,8632,2560.33,-7060,-2085.85
300552.SZ,20250826,52906,15752.13,57298,17095.14,48141,14357.17,60926,18155.84,40591,12124.19,32047,9555.24,13334,3982.08,4701,1409.36,-4035,-1184.95
300552.SZ,20250825,24795,7136.08,19992,5757.56,22438,6461.06,20719,5966.07,14524,4184.1,17131,4933.92,2663,766.11,6578,1889.79,-3019,-865.28
300552.SZ,20250822,18532,5299.52,19209,5496.74,18747,5364.99,19437,5562.04,11987,3431.96,10943,3131.92,3017,865.29,2694,771.06,3425,981.6
300552.SZ,20250821,19418,5549.45,18304,5234.32,18295,5228.16,17563,5020.18,9724,2780.86,10411,2972.73,0,0.0,1159,331.24,-4659,-1329.55
300552.SZ,20250820,18477,5254.83,20708,5891.05,18517,5263.21,20827,5923.96,11796,3360.22,9482,2698.68,2227,635.42,0,0.0,3641,1047.46
300552.SZ,20250819,22265,6306.49,17025,4823.76,18578,5263.12,18729,5306.62,10565,2993.85,11982,3393.33,530,149.87,4202,1189.62,3086,876.3
300552.SZ,20250818,25001,7055.52,21790,6148.86,22442,6331.29,22642,6386.84,11352,3202.15,15252,4305.07,2110,596.9,1221,345.1,9809,2769.44
300552.SZ,20250815,15413,4263.27,13922,3850.62,14356,3971.14,13916,3850.26,7601,2102.28,8644,2391.0,112,30.98,1000,275.8,81,24.56
300552.SZ,20250814,17886,4981.07,16267,4533.48,15121,4211.87,15210,4239.68,7718,2152.42,9681,2692.24,433,120.03,0,0.0,-9648,-2682.62
300552.SZ,20250813,16201,4559.77,15995,4503.29,12712,3578.28,13625,3836.26,5108,1439.31,5720,1610.81,2080,587.38,762,214.38,-2864,-803.24
300552.SZ,20250812,13850,3893.59,10436,2934.54,9804,2755.8,10580,2974.18,3755,1056.08,6070,1705.34,578,161.7,901,253.11,-416,-113.88
300552.SZ,20250811,14614,4112.35,14437,4066.05,13683,3853.11,15208,4281.91,7852,2215.04,6975,1965.35,471,132.8,0,0.0,5654,1587.58
300552.SZ,20250808,16570,4615.33,12907,3595.77,11551,3216.3,12417,3457.63,2987,832.05,5804,1616.36,432,120.44,412,114.37,-5608,-1559.49
300552.SZ,20250807,17292,4883.4,11793,3331.89,13959,3942.57,13541,3823.74,4961,1401.7,8546,2412.67,380,107.54,2712,766.92,-1094,-308.33
300552.SZ,20250806,19453,5491.95,22131,6255.64,19170,5417.76,19861,5612.53,10173,2877.23,9777,2763.29,3991,1129.8,1018,285.28,7794,2203.27
300552.SZ,20250805,11603,3224.46,10978,3050.95,9814,2727.28,10721,2979.5,4889,1357.9,4502,1250.69,387,107.9,492,136.39,4923,1370.88
300552.SZ,20250804,13080,3591.7,10834,2974.88,8081,2218.76,8482,2330.17,3027,831.3,4879,1338.65,7,1.92,0,0.0,2277,629.49
300552.SZ,20250801,19827,5416.8,17296,4726.34,12682,3469.62,14845,4061.33,6426,1759.46,6513,1782.85,500,138.0,782,213.36,3137,858.85
300552.SZ,20250731,21177,5811.24,14319,3926.86,17565,4813.14,19588,5377.2,7445,2040.16,11367,3112.97,432,119.49,1345,366.99,-9098,-2484.56
300552.SZ,20250730,14894,4132.26,12423,3448.24,13403,3717.6,14338,3974.96,5120,1420.0,5448,1512.76,431,119.49,1639,453.38,-7210,-1998.94
300552.SZ,20250729,15199,4247.48,14279,3991.87,14469,4044.27,15300,4276.26,7177,2007.18,8426,2355.88,1540,431.53,380,106.44,5322,1492.93
300552.SZ,20250728,16017,4469.53,9448,2637.75,14017,3914.3,12913,3603.74,6051,1685.99,9150,2552.24,503,140.24,5077,1416.31,-1028,-281.74
300552.SZ,20250725,13708,3831.68,16257,4546.88,15964,4464.86,15155,4239.68,7835,2193.5,6094,1703.49,0,0.0,0,0.0,-376,-103.52
300552.SZ,20250724,10000,2758.74,8621,2379.9,11498,3174.93,12730,3513.99,5295,1461.57,7620,2103.2,2387,659.58,209,57.73,2666,735.38
300552.SZ,20250723,9671,2648.51,11708,3207.73,12336,3379.7,11577,3173.07,5293,1452.09,5930,1624.82,1915,525.32,0,0.0,-1823,-495.71
300552.SZ,20250722,14612,4016.82,9771,2685.73,13307,3657.91,12257,3369.61,4968,1364.91,8421,2314.67,0,0.0,2439,669.62,-6508,-1786.3
300552.SZ,20250721,13079,3619.8,8966,2481.82,11833,3274.45,12888,3568.92,4974,1376.94,6743,1864.68,0,0.0,1289,355.77,-2490,-685.12
300552.SZ,20250718,13304,3676.38,8455,2336.44,10893,3010.49,11163,3085.22,5639,1559.27,7887,2179.98,0,0.0,2331,644.51,-1366,-373.04
300552.SZ,20250717,16097,4458.89,14278,3952.92,14266,3949.22,17198,4761.51,9371,2593.18,7198,1993.56,707,195.99,1767,489.29,10222,2836.6
300552.SZ,20250716,13415,3669.69,12005,3285.43,14378,3933.85,14965,4094.39,6914,1893.33,6872,1879.78,500,137.0,1365,374.28,2753,758.2
300552.SZ,20250715,11324,3064.5,9022,2442.63,11693,3164.43,11774,3186.84,4274,1158.0,5144,1392.45,711,192.25,2062,557.25,-4296,-1161.45
300552.SZ,20250714,11944,3242.42,11894,3234.0,14552,3951.66,12982,3528.51,5952,1617.68,6959,1885.12,210,57.16,823,221.3,-318,-74.67
300552.SZ,20250711,13722,3704.25,10590,2857.15,11964,3229.08,13365,3610.71,4476,1211.51,5551,1500.98,152,41.2,808,217.21,4056,1100.32
300552.SZ,20250710,10588,2854.1,9622,2598.97,13703,3697.53,11880,3208.59,5586,1511.67,7743,2090.25,1718,465.87,2350,631.35,-3914,-1048.66
300552.SZ,20250709,9340,2524.6,10357,2800.32,11150,3014.66,10576,2859.6,4657,1258.89,3284,887.01,392,105.92,1322,357.14,-2183,-587.18
300552.SZ,20250708,9670,2611.03,8905,2403.38,10928,2950.88,11012,2972.78,3836,1035.56,4478,1210.26,407,109.89,446,120.93,4723,1275.76
300552.SZ,20250707,10061,2685.63,6616,1766.63,8680,2317.09,7061,1885.48,2892,772.17,8359,2230.21,403,107.44,0,0.0,-4860,-1296.47
300552.SZ,20250704,11516,3104.41,13423,3627.19,12134,3276.68,13580,3664.84,7575,2048.96,4232,1140.71,10,2.69,0,0.0,-3792,-1016.28
300552.SZ,20250703,8043,2176.74,8610,2330.35,9217,2494.85,6550,1773.15,2665,721.23,4385,1186.53,0,0.0,380,102.79,451,123.84
300552.SZ,20250702,13140,3547.06,10469,2826.43,11652,3144.76,11769,3176.92,4195,1131.35,5263,1419.27,0,0.0,1486,400.54,-6543,-1762.86
300552.SZ,20250701,21937,6012.12,17330,4754.39,14985,4109.21,14670,4019.87,5895,1616.23,9362,2564.14,1863,511.75,3318,910.92,-5289,-1445.41
300552.SZ,20250630,18849,5260.04,12413,3465.34,15658,4367.82,15778,4402.55,6644,1853.01,12877,3593.15,3196,891.68,3279,911.5,-4563,-1270.75
300552.SZ,20250627,24196,6817.29,26540,7497.94,22763,6429.46,21777,6141.5,14638,4142.48,11475,3243.67,800,225.21,2605,731.32,-4585,-1268.07
300552.SZ,20250626,22267,6216.8,13869,3871.24,16993,4742.43,19209,5361.63,6998,1950.9,11613,3239.98,1330,369.29,2897,806.57,-6454,-1794.6
300552.SZ,20250625,26561,7392.87,26143,7285.71,27205,7578.64,29423,8194.09,12667,3526.22,14847,4130.24,5143,1435.77,1163,323.46,4450,1260.59
300552.SZ,20250624,29151,8055.56,30414,8409.22,28822,7967.25,28750,7957.05,18621,5153.84,18717,5173.66,3143,873.35,1856,510.07,2460,686.62
300552.SZ,20250623,12622,3315.49,8427,2214.61,9930,2608.87,9323,2447.19,4501,1182.47,9690,2547.43,388,102.39,0,0.0,5121,1346.38
300552.SZ,20250620,12431,3270.54,8049,2120.76,7584,1996.73,10715,2819.5,5283,1390.49,6013,1580.52,0,0.0,521,136.97,-2283,-599.86
300552.SZ,20250619,14900,3988.29,9439,2528.38,11991,3210.29,12636,3381.8,5033,1344.92,8288,2215.58,378,100.81,1939,518.57,-3508,-939.54
300552.SZ,20250618,11699,3157.21,7537,2035.29,9727,2624.85,11031,2977.0,3204,865.24,5501,1483.41,0,0.0,561,151.6,-2048,-549.76
300552.SZ,20250617,10728,2913.92,9877,2685.67,10668,2899.34,12770,3471.38,7084,1925.92,5715,1551.84,1643,447.54,1760,477.83,2404,660.73
300552.SZ,20250616,10395,2819.09,10993,2982.71,12503,3391.56,10436,2830.65,5742,1558.84,6394,1735.21,0,0.0,817,220.92,-2264,-611.11
300552.SZ,20250613,26758,7288.41,26348,7162.95,27731,7548.73,24747,6738.92,14366,3900.92,14139,3850.12,4003,1084.83,7624,2070.89,-20858,-5691.21
300552.SZ,20250612,17415,4874.95,21660,6087.0,22205,6226.76,20968,5880.06,17638,4960.68,13836,3879.39,1881,532.33,2675,748.26,4678,1320.25
300552.SZ,20250611,13842,3859.6,13607,3796.22,14791,4127.2,15392,4293.96,8753,2441.07,9297,2592.93,3203,896.92,2293,641.68,-244,-69.81
300552.SZ,20250610,23576,6531.76,20253,5620.86,20914,5800.92,18990,5263.82,9640,2668.89,14671,4053.83,848,233.99,1064,297.06,-13468,-3740.06
300552.SZ,20250609,16973,4790.22,13664,3858.16,15454,4361.76,14599,4121.16,8131,2295.41,12533,3538.49,1737,491.57,1499,421.14,2953,838.79
300552.SZ,20250606,20848,5870.93,15923,4487.78,17073,4811.3,17347,4891.7,7215,2032.61,11338,3187.96,1317,369.69,1845,517.09,-11187,-3155.48
300552.SZ,20250605,19596,5553.01,22355,6345.26,23323,6614.3,19647,5574.37,12090,3434.15,12233,3463.56,1299,370.93,2073,589.21,-2046,-569.84
300552.SZ,20250604,24426,6935.68,18399,5224.44,22603,6417.65,18562,5271.36,8523,2421.79,12337,3501.17,315,89.15,6570,1867.3,-9742,-2762.84
300552.SZ,20250603,36678,10621.24,23984,6931.72,30411,8792.38,29292,8478.71,17667,5107.95,23042,6670.69,1040,300.45,9478,2740.91,-10681,-3064.19
300552.SZ,20250530,41826,12516.67,31381,9391.8,32826,9827.97,36418,10906.08,20223,6053.61,25413,7609.49,4218,1264.67,5881,1755.55,-20641,-6177.16
300552.SZ,20250529,49827,15273.69,58036,17798.37,59301,18175.57,60561,18561.85,37239,11402.75,34163,10470.55,17502,5377.71,11109,3398.95,13684,4224.11
300552.SZ,20250528,59943,17870.49,60687,18106.22,61640,18362.8,74753,22309.67,37836,11303.55,38200,11397.86,20310,6082.19,6088,1805.27,27933,8410.87
300552.SZ,20250527,20287,5610.42,23011,6378.97,23085,6406.89,22374,6201.03,9648,2679.31,9887,2742.88,3633,1011.63,1381,385.37,1177,357.57
300552.SZ,20250526,19244,5283.54,18109,4979.27,21228,5826.46,21245,5836.28,8349,2298.07,9186,2518.59,758,209.06,1039,282.99,3731,1026.19
300552.SZ,20250523,16724,4570.7,14771,4040.82,16723,4574.72,17723,4843.1,7456,2035.04,10344,2828.45,2772,759.2,837,227.29,-8553,-2329.65
300552.SZ,20250522,23991,6681.75,17677,4929.8,20801,5801.32,21305,5945.44,6960,1943.25,12745,3550.58,1870,530.14,1895,530.64,-10440,-2903.73
300552.SZ,20250521,33089,9329.67,25714,7263.56,28021,7910.78,28298,7989.58,11367,3214.14,14909,4204.62,903,255.01,4459,1251.84,-5184,-1451.2
300552.SZ,20250520,45043,12813.83,38300,10929.0,45896,13067.33,47473,13526.13,20316,5793.61,28728,8169.72,7100,2044.7,3854,1094.63,-9199,-2567.04
300552.SZ,20250519,53694,15749.63,69165,20321.29,68343,20071.44,58545,17181.81,40154,11803.97,32948,9679.23,7489,2203.97,9022,2646.69,-16292,-4756.78
300552.SZ,20250516,52566,14881.65,75666,21410.34,67351,19043.72,60753,17151.66,37832,10693.28,30469,8626.28,12901,3637.38,3762,1067.74,38733,10937.28
300552.SZ,20250515,11881,3167.34,8939,2385.74,9371,2497.29,9515,2535.92,3248,866.08,5084,1353.45,0,0.0,962,255.59,-744,-201.91
300552.SZ,20250514,12466,3382.52,9327,2533.44,10915,2962.92,11446,3106.86,5679,1541.51,6855,1858.97,0,0.0,1432,387.68,-1028,-276.66
300552.SZ,20250513,12408,3417.46,15362,4235.26,13053,3595.53,11233,3097.19,6382,1762.44,5346,1470.94,1145,316.35,1047,288.39,-8388,-2309.25
300552.SZ,20250512,13413,3669.69,10342,2829.25,11143,3047.68,12279,3359.81,5956,1627.32,6659,1820.77,45,12.34,1277,347.22,7011,1916.91
300552.SZ,20250509,12867,3484.37,13158,3563.39,12490,3380.93,12343,3341.84,5228,1418.54,5967,1618.96,883,240.36,0,0.0,-7628,-2063.84
300552.SZ,20250508,17877,4882.64,10598,2894.56,11934,3256.5,16131,4404.17,6396,1746.12,8279,2259.02,0,0.0,1199,327.51,7513,2053.57
300552.SZ,20250507,22415,6102.89,18457,5035.89,19185,5235.36,20125,5491.8,11703,3199.67,14134,3851.3,1758,481.11,2345,640.05,-3634,-979.49
300552.SZ,20250506,21300,5695.44,16282,4363.59,20636,5522.27,16748,4483.81,14002,3749.14,16187,4324.06,0,0.0,6721,1795.4,1390,370.71
300552.SZ,20250430,22079,5805.12,16924,4451.44,15105,3971.79,20286,5335.1,10515,2767.71,9033,2373.76,1022,268.46,2478,652.77,12988,3410.42
300552.SZ,20250429,13095,3357.25,9800,2514.6,11166,2862.67,12723,3261.14,6624,1697.93,5778,1479.41,0,0.0,2584,662.7,-2783,-710.61
300552.SZ,20250428,14650,3786.48,11403,2947.78,7040,1820.23,10182,2632.61,5292,1369.32,4597,1187.61,504,130.18,1304,338.21,-944,-241.7
300552.SZ,20250425,17683,4629.62,11286,2953.87,12576,3288.49,15072,3942.88,6310,1648.46,9591,2506.73,2667,697.59,3287,860.67,-4880,-1263.06
300552.SZ,20250424,17284,4522.78,21516,5633.21,21070,5517.03,23173,6064.82,18634,4877.97,10712,2804.64,2201,574.89,3788,990.0,65,30.1
300552.SZ,20250423,16280,4212.46,15287,3957.99,16389,4239.75,16467,4261.91,8980,2326.86,10737,2775.01,2469,639.57,1627,423.74,2304,606.35
300552.SZ,20250422,12415,3185.92,13336,3422.64,12519,3214.27,13453,3454.22,9187,2361.73,8960,2301.56,1662,425.28,34,8.78,-3772,-961.19
300552.SZ,20250421,14364,3632.88,15445,3917.03,15682,3979.61,14817,3759.77,8029,2037.57,7584,1920.97,1631,415.69,1860,467.97,5327,1345.83
300552.SZ,20250418,10966,2707.59,9026,2228.8,8046,1987.34,10271,2534.34,4762,1175.25,4380,1082.44,599,148.85,696,173.44,-451,-108.88
300552.SZ,20250417,12739,3176.58,11668,2912.28,10926,2726.05,11529,2876.42,6200,1544.55,5232,1303.34,1459,364.29,2895,719.43,-1708,-425.87
300552.SZ,20250416,14787,3651.53,11483,2838.35,13481,3331.28,13181,3259.01,6016,1489.53,8211,2027.97,800,196.45,2209,543.47,-1709,-432.77
300552.SZ,20250415,12244,3093.22,9646,2437.62,10561,2668.92,11699,2955.75,3768,951.41,4634,1169.74,0,0.0,594,150.45,-1205,-301.94
300552.SZ,20250414,14590,3752.41,13942,3586.78,15465,3975.16,15179,3905.69,10347,2662.49,10979,2824.49,2652,685.13,2954,758.22,-8246,-2114.18
300552.SZ,20250411,19047,4825.99,13623,3457.84,17230,4368.08,17988,4560.95,12682,3219.32,16394,4156.83,1574,400.9,2528,638.68,3496,887.65
300552.SZ,20250410,22437,5732.05,20036,5131.76,24004,6140.44,23645,6040.68,15048,3845.52,16956,4329.56,2736,699.25,3588,915.26,193,51.45
300552.SZ,20250409,28325,6691.3,24790,5893.88,28044,6606.84,30849,7277.87,13649,3212.28,16248,3780.25,4299,1024.62,2429,583.04,1412,351.51
300552.SZ,20250408,20291,4928.2,19399,4724.24,24130,5863.5,24852,6040.66,12908,3129.81,14698,3566.32,6541,1593.87,4921,1184.16,-1284,-324.74
300552.SZ,20250407,27892,7012.91,17921,4533.6,30358,7628.46,25832,6500.6,15841,3927.4,18811,4710.42,5314,1328.32,16841,4152.47,-3666,-978.01
300552.SZ,20250403,18840,5620.47,14966,4465.39,18818,5606.15,20104,5997.59,14671,4369.74,14583,4344.18,1643,488.7,4318,1277.9,-9435,-2815.4
300552.SZ,20250402,27308,8539.22,26862,8422.49,33759,10574.96,37443,11727.3,21515,6756.85,21208,6644.16,6464,2029.59,3533,1106.68,-6573,-2024.25
300552.SZ,20250401,7581,2256.17,7072,2105.1,9127,2716.07,8495,2527.46,6021,1792.13,6707,1994.93,1888,561.01,2343,697.88,-999,-295.13
300552.SZ,20250331,10808,3187.83,8218,2424.99,11783,3478.45,11221,3309.12,5908,1744.54,7413,2187.91,1343,396.4,2990,885.2,-2166,-635.16
300552.SZ,20250328,12244,3663.0,8589,2570.0,12158,3635.91,13908,4159.78,5877,1755.97,6655,1989.42,390,115.83,1517,451.51,-4156,-1241.63
300552.SZ,20250327,11085,3372.61,7620,2320.85,11787,3587.94,11804,3592.85,7319,2225.15,8481,2578.42,1466,447.62,3752,1141.2,-5508,-1671.17
300552.SZ,20250326,13358,4089.98,16186,4970.17,16373,5021.49,17725,5434.6,14927,4584.04,12626,3865.74,3227,982.66,1348,407.66,2070,639.61
300552.SZ,20250325,11554,3505.53,10080,3063.13,12265,3718.17,11634,3531.91,8579,2601.14,8453,2557.18,0,0.0,2232,672.62,-6139,-1862.14
300552.SZ,20250324,19531,5920.15,15100,4586.57,19961,6056.93,18717,5678.67,9518,2879.83,12336,3735.17,2631,796.9,5488,1653.41,-3321,-999.58
300552.SZ,20250321,25360,7964.7,12027,3781.72,21870,6868.6,19689,6187.02,10838,3397.99,19638,6155.44,1165,364.81,7879,2471.9,-6317,-1979.51
300552.SZ,20250320,11391,3706.71,9905,3228.32,12716,4144.06,11213,3653.87,6953,2268.43,9028,2938.47,981,320.21,1895,618.74,-3539,-1151.54
300552.SZ,20250319,16101,5284.56,9694,3185.36,17841,5858.42,16596,5451.41,9236,3026.98,11531,3783.18,368,121.22,5725,1871.23,-7734,-2537.35
300552.SZ,20250318,14707,4897.36,15493,5163.58,19585,6526.75,20245,6745.97,16492,5493.68,13394,4458.2,952,316.97,2604,867.02,2551,858.11
300552.SZ,20250317,15062,4977.84,12455,4120.94,18999,6278.48,16373,5414.61,10629,3515.17,15594,5151.68,2479,822.88,2747,907.15,-5654,-1862.03
300552.SZ,20250314,22559,7384.2,22128,7252.61,24290,7955.5,24064,7882.57,19787,6490.86,16720,5476.98,2230,731.13,5954,1949.52,-3242,-1048.27
300552.SZ,20250313,41100,13412.02,37538,12247.3,41309,13501.27,36357,11891.49,25253,8258.25,26848,8769.4,3629,1182.51,10548,3445.86,-27940,-9079.76
300552.SZ,20250312,47433,16556.85,64743,22543.01,57304,20023.29,53177,18613.82,47245,16565.32,42797,15007.09,21832,7647.75,13097,4629.29,-13945,-4633.92
300552.SZ,20250311,14902,4886.34,12469,4093.89,14636,4800.85,14362,4713.05,7157,2348.71,9033,2959.23,1282,419.58,2112,689.31,-3547,-1156.24
300552.SZ,20250310,20966,6930.67,14203,4698.2,18670,6173.52,16057,5309.72,9268,3068.7,16317,5395.83,671,222.34,2998,991.48,-2463,-808.0
300552.SZ,20250307,21479,7318.69,18403,6275.85,19311,6580.38,19634,6699.32,13218,4503.78,15064,5121.01,485,165.84,1392,472.51,-9398,-3201.88
300552.SZ,20250306,28086,9623.74,26115,8950.45,23918,8183.76,30254,10366.58,25313,8665.08,20815,7122.32,3265,1118.75,3398,1151.99,13437,4592.13
300552.SZ,20250305,19632,6478.64,13247,4374.56,14377,4745.46,15492,5114.36,10667,3525.04,13093,4319.78,1527,503.83,4371,1444.27,462,163.41
300552.SZ,20250304,19055,6259.26,13954,4588.07,15587,5115.51,16829,5527.81,9927,3259.94,13023,4268.5,636,208.06,1399,458.39,6507,2138.49
300552.SZ,20250303,27851,9218.35,24229,8019.94,23448,7763.75,26307,8714.79,18251,6040.19,19463,6434.14,5195,1720.29,4746,1573.71,-187,-24.85
300552.SZ,20250228,41606,13717.4,21206,7002.14,29857,9857.16,39755,13115.82,22473,7420.99,31872,10523.69,4512,1486.96,5615,1840.86,-13253,-4401.4
300552.SZ,20250227,37882,13231.04,27680,9706.6,34001,11889.78,36406,12724.82,21943,7691.09,28826,10070.07,6225,2158.61,7139,2469.03,-21442,-7495.04
300552.SZ,20250226,32684,11620.35,28621,10181.31,35706,12695.49,32645,11610.43,18900,6724.23,25725,9147.31,4704,1675.13,5003,1776.15,-20654,-7331.01
300552.SZ,20250225,43359,15688.64,55632,20159.02,56259,20362.44,54009,19536.05,39686,14370.31,34686,12550.41,13593,4928.04,8570,3103.95,4802,1718.28
300552.SZ,20250224,29485,10408.21,27182,9619.51,32307,11420.31,32217,11393.5,20603,7297.59,22729,8026.23,5761,2042.3,6028,2129.17,-3990,-1401.1
300552.SZ,20250221,32244,11333.57,24637,8670.37,32594,11462.57,31868,11208.35,19700,6929.72,25000,8783.7,3644,1279.54,6677,2342.98,6555,2316.13
300552.SZ,20250220,29823,10472.45,20200,7102.62,26965,9473.38,28106,9875.75,16684,5864.49,21776,7649.77,3074,1080.58,6464,2262.76,-6114,-2140.03
300552.SZ,20250219,26599,9331.18,22662,7955.61,28850,10121.16,27024,9481.53,22477,7892.02,24353,8544.23,2216,778.23,6103,2141.22,-141,-45.33
300552.SZ,20250218,45539,15960.04,22560,7908.14,32075,11245.17,36870,12916.26,21170,7424.29,34605,12135.12,5815,2038.71,10564,3708.69,-8842,-3074.31
300552.SZ,20250217,59316,21275.72,35927,12884.09,59681,21426.4,52138,18713.99,39971,14354.01,48998,17571.71,15615,5581.68,37520,13468.02,-26223,-9374.22
300552.SZ,20250214,47114,17525.65,52704,19648.7,64532,24029.06,71806,26759.54,63524,23660.01,60201,22392.81,30912,11553.3,21371,7966.98,15509,5845.96
300552.SZ,20250213,44578,16442.65,52848,19553.91,62875,23233.21,67400,24927.83,51333,19009.02,49355,18241.85,27546,10217.91,16728,6179.19,3449,1342.88
300552.SZ,20250212,42638,15153.16,49411,17675.45,48951,17439.02,55191,19669.33,42910,15321.4,39363,13999.7,15540,5591.86,6074,2160.97,17353,6279.83
300552.SZ,20250211,42683,15056.75,25854,9128.79,42469,14983.86,42126,14856.59,21464,7571.08,34076,12016.45,5359,1887.21,9919,3497.08,-15237,-5350.35
300552.SZ,20250210,43521,15457.21,51738,18428.48,59221,21045.41,57390,20378.28,43467,15451.33,35379,12553.54,7410,2645.79,9112,3239.43,10106,3555.2
300552.SZ,20250207,51983,18017.17,54031,18774.86,61265,21261.96,53338,18505.84,36807,12786.03,40350,13995.85,6576,2284.94,8912,3073.55,-9550,-3335.47
300552.SZ,20250206,33139,10897.82,43040,14197.11,42931,14153.02,42678,14069.97,32874,10909.49,21815,7233.64,5696,1888.02,7107,2347.65,24187,8033.44
300552.SZ,20250205,24948,7727.36,20385,6324.09,20445,6331.26,23702,7346.62,11079,3430.51,11828,3647.84,850,265.09,1407,435.66,15517,4804.01
300552.SZ,20250127,15039,4554.24,13376,4051.03,13862,4195.71,13803,4180.83,6320,1917.45,7396,2238.99,500,150.5,1146,347.06,-6588,-1987.51
300552.SZ,20250124,17798,5403.71,15143,4593.91,16669,5059.79,15813,4799.7,7050,2138.6,10497,3189.31,1016,309.26,1079,328.44,9019,2751.26
300552.SZ,20250123,20329,6242.94,18641,5723.64,16510,5069.22,18265,5608.96,12068,3704.01,11842,3638.64,2467,752.04,2625,796.96,-896,-260.75
300552.SZ,20250122,24475,7430.6,15630,4743.16,19506,5917.33,22128,6716.1,9895,3002.32,15609,4735.71,1957,591.7,2466,746.98,-4137,-1245.87
300552.SZ,20250121,17656,5507.48,11102,3467.01,16906,5269.39,17057,5317.84,9620,3001.09,13493,4205.87,0,0.0,2530,787.23,664,204.26
300552.SZ,20250120,16340,5190.75,12101,3852.02,15869,5045.94,16053,5100.43,10228,3257.29,12630,4017.99,916,294.5,2569,818.05,-2697,-852.97
300552.SZ,20250117,15907,5042.24,12046,3823.34,17012,5396.55,17158,5440.93,7952,2520.64,10084,3195.28,0,0.0,1583,499.89,-3435,-1079.2
300552.SZ,20250116,18248,5858.52,17588,5654.38,22447,7210.16,22715,7296.2,13529,4347.79,13248,4252.64,768,245.65,1441,458.89,-3479,-1097.92
300552.SZ,20250115,16209,5175.54,16621,5309.94,22767,7272.1,19896,6355.6,9722,3106.41,11345,3621.48,1161,370.92,1997,637.96,-6124,-1945.94
300552.SZ,20250114,20331,6388.85,23604,7429.75,30837,9702.45,31625,9949.8,21066,6631.68,20095,6312.77,5113,1607.16,2023,637.82,6873,2177.12
300552.SZ,20250113,21827,6579.52,19003,5736.53,23091,6960.07,20004,6034.16,13729,4138.02,15984,4815.36,2339,696.22,5995,1787.78,2320,729.2
300552.SZ,20250110,25832,8052.1,34573,10781.15,41405,12905.58,37287,11631.87,30846,9633.11,27330,8534.29,8011,2505.7,6904,2149.19,-1821,-524.1
300552.SZ,20250109,16671,5052.26,16599,5035.54,18655,5655.85,18225,5526.02,12955,3929.77,14377,4355.31,919,278.99,0,0.0,4005,1220.21
300552.SZ,20250108,20671,6173.0,22080,6596.0,24095,7187.48,25040,7470.07,13950,4185.41,12803,3841.8,1672,502.24,465,140.26,-3392,-967.0
300552.SZ,20250107,18540,5530.32,14903,4448.68,20301,6057.47,20222,6034.15,9459,2824.52,15285,4558.87,4393,1310.82,2282,681.43,6538,1957.77
300552.SZ,20250106,20375,6058.08,18634,5550.67,22659,6742.9,22444,6676.33,13278,3950.69,15874,4720.3,1865,562.49,1225,366.86,-7577,-2255.22
300552.SZ,20250103,24902,7857.68,19634,6249.11,28977,9152.37,25809,8170.59,20188,6369.63,24002,7558.63,6196,1979.0,10818,3380.33,-4664,-1518.04
300552.SZ,20250102,31735,10538.04,22168,7358.58,29366,9748.67,31776,10551.57,19269,6400.05,24913,8267.41,3728,1237.41,5241,1746.61,-20746,-6884.25
