ts_code,trade_date,buy_sm_vol,buy_sm_amount,sell_sm_vol,sell_sm_amount,buy_md_vol,buy_md_amount,sell_md_vol,sell_md_amount,buy_lg_vol,buy_lg_amount,sell_lg_vol,sell_lg_amount,buy_elg_vol,buy_elg_amount,sell_elg_vol,sell_elg_amount,net_mf_vol,net_mf_amount
300638.SZ,20171229,9112,4063.18,10142,4539.69,16259,7276.66,16966,7589.44,9855,4423.24,7935,3554.02,492,220.74,675,300.67,3895,1771.99
300638.SZ,20171228,12716,5683.52,9403,4224.48,18427,8269.86,17925,8051.14,7328,3301.11,11443,5115.78,300,136.91,0,0.0,-4980,-2212.69
300638.SZ,20171227,12428,5548.38,14532,6515.4,23190,10377.9,22338,9999.21,11291,5084.9,10082,4515.1,43,18.54,0,0.0,1276,634.13
300638.SZ,20171226,13563,6124.65,11839,5354.91,19188,8665.72,21072,9522.63,8714,3946.79,8554,3859.62,0,0.0,0,0.0,-121,-47.99
300638.SZ,20171225,12006,5255.15,9912,4353.73,16432,7204.48,14637,6419.14,6910,3025.82,9734,4254.45,0,0.0,1065,458.14,-3746,-1645.33
300638.SZ,20171222,13690,6053.92,15192,6741.87,23849,10576.27,21646,9602.61,13098,5804.14,13145,5814.04,931,415.14,1585,690.96,380,206.95
300638.SZ,20171221,17016,7509.62,15484,6831.61,22547,9956.59,25335,11188.8,12597,5556.07,13574,5988.03,2299,1015.68,66,29.52,3954,1741.62
300638.SZ,20171220,13767,5855.95,7933,3377.91,19250,8191.43,17205,7318.74,8886,3775.65,14310,6078.31,528,224.75,2983,1272.82,-1419,-578.81
300638.SZ,20171219,7029,2821.86,10259,4187.35,9368,3773.43,13724,5627.93,6502,2663.38,6565,2718.19,9405,4018.85,1756,744.06,-2116,-1013.17
300638.SZ,20171218,9898,3844.57,6552,2544.15,8396,3262.05,8985,3489.14,2753,1066.45,5887,2284.12,1030,400.71,653,256.37,-2769,-1077.21
300638.SZ,20171215,8181,3331.72,6432,2632.59,10439,4273.12,10638,4345.82,3960,1621.87,5863,2388.82,512,205.63,159,65.11,-3235,-1312.77
300638.SZ,20171214,8987,3717.86,6361,2639.62,10866,4500.86,11151,4617.89,4550,1887.0,5387,2228.29,62,25.82,1566,645.74,-2578,-1051.63
300638.SZ,20171213,7811,3255.1,7751,3233.93,12530,5225.49,12544,5230.54,6666,2787.85,6757,2822.04,964,403.37,919,385.31,2751,1155.4
300638.SZ,20171212,8479,3522.48,6375,2653.84,11973,4982.79,12742,5298.95,7291,3034.39,8026,3333.11,272,113.14,872,366.9,-3680,-1515.59
300638.SZ,20171211,10131,4230.55,10430,4373.34,16501,6906.0,15455,6474.59,9325,3907.27,9736,4059.37,1793,744.92,2130,881.44,-5850,-2426.37
300638.SZ,20171208,17681,7486.0,12836,5441.84,24141,10234.97,23490,9948.88,10533,4479.11,14115,5987.99,1040,452.19,2954,1273.55,232,144.99
300638.SZ,20171207,12734,5048.11,16178,6473.31,15968,6347.96,22240,8928.74,12593,5074.06,11054,4474.11,10002,4169.66,1826,763.63,2250,883.31
300638.SZ,20171206,8758,3233.5,9378,3471.75,11234,4151.13,11205,4143.99,5717,2122.79,4915,1815.56,223,84.19,434,160.3,672,259.25
300638.SZ,20171205,12260,4578.17,10295,3868.2,11627,4353.93,13279,4962.35,5815,2167.62,6260,2316.75,132,47.59,0,0.0,-4049,-1499.53
300638.SZ,20171204,12021,4798.42,7709,3073.52,12087,4833.89,12095,4834.31,4335,1723.47,7917,3162.51,0,0.0,722,285.44,-3085,-1238.27
300638.SZ,20171201,10396,4463.0,11429,4924.92,16883,7264.26,15089,6486.25,9530,4098.76,10489,4497.68,458,196.77,260,113.93,2133,933.35
300638.SZ,20171130,10890,4669.82,9013,3881.03,14184,6090.51,14774,6351.64,7487,3228.21,8704,3733.46,891,388.31,961,410.73,-2863,-1211.77
300638.SZ,20171129,0,0.0,7,3.05,7,3.05,0,0.0,0,0.0,0,0.0,0,0.0,0,0.0,-7,-3.05
300638.SZ,20171128,0,0.0,2,0.87,2,0.87,0,0.0,0,0.0,0,0.0,0,0.0,0,0.0,-2,-0.87
300638.SZ,20171127,17,7.4,8,3.48,1,0.44,10,4.35,0,0.0,0,0.0,0,0.0,0,0.0,-12,-5.22
300638.SZ,20171124,22,9.59,10,4.35,0,0.0,12,5.23,0,0.0,0,0.0,0,0.0,0,0.0,6,2.62
300638.SZ,20171123,26,11.28,5,2.17,17,7.38,49,21.27,11,4.77,0,0.0,0,0.0,0,0.0,-24,-10.41
300638.SZ,20171122,13,5.65,8,3.47,80,34.76,66,28.67,0,0.0,19,8.26,0,0.0,0,0.0,-81,-35.19
300638.SZ,20171121,24,10.43,13,5.65,2,0.87,13,5.65,0,0.0,0,0.0,0,0.0,0,0.0,12,5.22
300638.SZ,20171120,38,16.49,12,5.21,84,36.44,22,9.54,0,0.0,88,38.18,0,0.0,0,0.0,54,23.43
300638.SZ,20171117,169,73.34,36,15.62,134,58.15,112,48.61,8,3.48,163,70.73,0,0.0,0,0.0,-129,-55.96
300638.SZ,20171116,118,51.36,65,28.3,198,86.2,122,53.12,64,27.88,193,84.03,0,0.0,0,0.0,-110,-47.84
300638.SZ,20171115,30,13.15,42,18.41,55,24.11,43,18.85,0,0.0,0,0.0,0,0.0,0,0.0,-27,-11.83
300638.SZ,20171114,3441,1505.8,2463,1078.4,4512,1975.44,4788,2096.75,2126,931.6,2578,1128.13,0,0.0,250,109.56,-1855,-810.51
300638.SZ,20171113,8641,3841.68,5433,2416.92,13633,6064.53,10916,4857.41,5622,2507.28,10579,4709.06,0,0.0,968,430.1,-2545,-1122.97
300638.SZ,20171110,8847,3983.63,9269,4168.95,15838,7134.37,15744,7088.75,9937,4473.78,9549,4308.16,220,100.75,280,126.67,2908,1317.27
300638.SZ,20171109,6056,2628.7,4755,2067.14,8149,3540.0,8100,3517.19,3724,1620.25,4702,2042.61,0,0.0,372,162.01,-2731,-1179.03
300638.SZ,20171108,8981,3954.91,8967,3947.46,14151,6230.61,14804,6515.8,6591,2899.62,6050,2665.64,290,128.23,192,84.49,1087,478.96
300638.SZ,20171107,5539,2333.03,4634,1954.2,8127,3425.51,9851,4151.82,3229,1361.08,5699,2400.58,4371,1842.81,1082,455.84,-5950,-2505.24
300638.SZ,20171106,6463,2721.62,6623,2791.76,11008,4638.44,12233,5155.72,6914,2914.46,5711,2403.3,246,103.46,64,27.2,2117,902.52
300638.SZ,20171103,5356,2182.96,5664,2312.81,8614,3518.68,8684,3543.64,4848,1978.66,4437,1809.8,600,244.05,633,258.1,-2905,-1173.7
300638.SZ,20171102,7439,3038.07,7132,2923.42,12703,5191.41,15766,6444.95,10045,4121.0,7633,3124.98,344,142.88,0,0.0,-3330,-1354.02
300638.SZ,20171101,5971,2371.6,7962,3167.15,10674,4249.08,9408,3745.43,4308,1720.29,3237,1290.7,49,19.72,395,157.41,728,290.12
300638.SZ,20171031,5364,2064.71,5474,2109.16,6669,2566.59,6826,2625.55,3250,1250.96,3167,1218.96,361,140.07,177,68.68,-577,-220.25
300638.SZ,20171030,10364,4042.52,6580,2561.43,10643,4153.05,11682,4561.59,5852,2285.0,7367,2880.86,390,150.34,1620,627.02,-5167,-2023.11
300638.SZ,20171027,8089,3425.99,5194,2206.34,10792,4578.02,10434,4429.33,4446,1891.67,7699,3260.02,0,0.0,0,0.0,-3881,-1632.92
300638.SZ,20171026,8465,3612.8,8743,3737.68,15378,6563.85,15583,6650.37,10987,4698.86,10162,4345.06,266,113.21,608,255.6,716,312.23
300638.SZ,20171025,5160,2119.15,5913,2436.68,8782,3611.0,10403,4279.98,6261,2578.33,4877,2006.88,1467,609.36,477,194.3,3028,1251.41
300638.SZ,20171024,8779,3599.93,5701,2333.98,12031,4931.08,11586,4748.92,6048,2467.49,9826,4018.18,587,236.09,332,133.5,-5601,-2306.53
300638.SZ,20171023,5014,2110.25,4569,1926.53,9092,3827.85,9234,3890.79,6002,2532.53,6064,2551.09,0,0.0,241,102.22,960,408.0
300638.SZ,20171020,6412,2664.99,4636,1930.78,10949,4553.8,11490,4779.91,6590,2743.54,8117,3374.02,684,284.54,392,162.16,-597,-239.56
300638.SZ,20171019,6065,2537.0,6242,2617.32,11536,4833.4,10723,4487.97,8323,3480.37,9437,3946.43,704,296.3,226,95.35,-2738,-1132.53
300638.SZ,20171018,10771,4722.61,7616,3353.72,15102,6638.16,16977,7464.97,10272,4528.48,12699,5572.53,1390,604.0,243,102.04,-5361,-2304.81
300638.SZ,20171017,6795,2967.64,6103,2668.99,11120,4860.41,10696,4672.26,6353,2774.87,6393,2796.25,460,199.44,1536,664.85,2942,1288.09
300638.SZ,20171016,14746,6651.64,8696,3934.61,20124,9110.81,17760,8037.74,10482,4743.02,16473,7454.81,1652,726.79,4075,1805.1,-4100,-1856.36
300638.SZ,20171013,16453,7568.79,14597,6773.75,23923,11017.98,26412,12219.57,16923,7851.95,17513,8044.08,3735,1752.02,2512,1153.36,-2111,-839.73
300638.SZ,20171012,14551,6814.26,11133,5220.36,23894,11192.44,20924,9801.4,16021,7536.79,21273,9984.96,1809,848.41,2946,1385.17,-34,7.78
300638.SZ,20171011,17693,8268.78,12443,5821.04,24421,11411.8,27965,13068.56,20126,9419.38,19864,9278.49,3360,1569.56,5330,2501.43,-11446,-5387.13
300638.SZ,20171010,19441,9675.92,13688,6826.3,30426,15173.61,25284,12610.18,21515,10724.29,28149,14032.77,3237,1621.73,7498,3726.3,-6975,-3444.47
300638.SZ,20171009,25160,13190.92,14138,7405.84,37856,19872.48,27182,14222.1,27664,14581.95,33609,17657.03,15057,8018.74,30808,16379.11,-5414,-2703.98
300638.SZ,20170929,10600,5011.96,14767,7059.84,19073,9034.68,21999,10460.6,20803,9891.6,25609,12192.11,28269,13800.68,16370,8026.36,-2296,-1321.84
300638.SZ,20170928,17991,8116.49,14770,6726.55,26232,11843.75,28178,12787.61,30538,13884.97,37351,16901.84,19392,8947.21,13855,6376.42,-4173,-2020.1
300638.SZ,20170927,6090,2392.59,8434,3372.77,10179,4019.0,12934,5170.05,13880,5582.87,14121,5714.06,9051,3789.64,3711,1527.22,-2814,-1229.48
300638.SZ,20170926,10987,4267.06,9433,3669.59,14512,5633.39,15783,6134.3,14330,5587.51,13773,5348.88,1385,539.23,2225,874.41,-6596,-2580.3
300638.SZ,20170925,13295,5722.49,7990,3436.47,22348,9602.29,18124,7769.66,18878,8135.99,21653,9351.99,3148,1386.93,9902,4289.59,-207,-15.06
300638.SZ,20170922,5304,2135.32,11056,4531.05,9516,3836.09,15904,6519.51,7490,3032.39,11154,4606.72,24995,10509.16,9190,3855.67,-6558,-2845.14
300638.SZ,20170921,10061,3905.78,11391,4433.7,14363,5575.51,15610,6077.41,10235,4035.2,11546,4532.2,5382,2125.25,1494,598.43,427,132.57
300638.SZ,20170920,5532,2015.47,6444,2357.26,9768,3565.33,9870,3605.88,5190,1910.36,4341,1590.52,465,171.81,300,109.32,751,279.62
300638.SZ,20170919,3846,1371.11,5189,1852.31,7069,2521.65,6557,2337.39,3351,1196.72,2520,899.77,0,0.0,0,0.0,776,279.63
300638.SZ,20170918,2384,825.36,2148,745.13,2681,929.93,3120,1081.9,902,312.46,1079,372.08,380,131.36,0,0.0,1057,368.93
300638.SZ,20170915,2076,720.04,2480,861.0,5298,1838.2,3482,1208.25,2128,739.02,3167,1098.92,0,0.0,373,129.08,534,185.25
300638.SZ,20170914,3186,1117.46,3243,1138.74,5559,1951.36,5494,1928.89,2191,771.12,2199,772.31,0,0.0,0,0.0,-954,-332.28
300638.SZ,20170913,3427,1182.35,2671,923.93,4204,1450.91,4521,1561.12,2171,752.48,2310,796.57,0,0.0,300,104.12,642,222.39
300638.SZ,20170912,8101,2848.63,4263,1501.08,10186,3581.61,9637,3390.47,3391,1188.66,6399,2240.83,366,127.47,1745,613.98,-2394,-847.09
300638.SZ,20170911,3310,1190.01,4056,1463.05,7477,2692.45,6714,2416.39,2646,954.31,2663,957.34,0,0.0,0,0.0,1489,543.4
300638.SZ,20170908,9543,3487.18,6323,2320.21,13364,4880.43,12517,4583.35,4860,1784.86,7596,2773.46,266,99.71,1597,575.15,-2414,-879.32
300638.SZ,20170907,6885,2518.92,8936,3276.73,12904,4724.58,13078,4790.58,8966,3295.34,6766,2479.93,300,109.8,275,101.39,1044,387.09
300638.SZ,20170906,5523,1925.7,6201,2172.91,7231,2528.48,8654,3029.62,5057,1780.62,3674,1285.21,718,252.94,0,0.0,1114,404.1
300638.SZ,20170905,5392,1889.03,6113,2145.58,11410,4007.71,8277,2905.04,4981,1751.8,6030,2115.82,300,104.1,1663,586.21,-1823,-644.59
300638.SZ,20170904,8092,2859.18,7685,2729.21,12281,4354.44,13152,4658.58,5424,1930.81,5674,2009.34,909,321.56,194,68.86,-3642,-1279.84
300638.SZ,20170901,6928,2385.52,7041,2430.32,11018,3798.06,9973,3438.01,5445,1881.0,5374,1850.06,1100,380.99,2104,727.17,1845,652.31
300638.SZ,20170831,6585,2231.12,6939,2358.9,10652,3617.74,11039,3744.7,6205,2104.73,6262,2126.71,910,313.79,111,37.07,3451,1175.99
300638.SZ,20170830,7107,2380.75,6895,2318.41,11787,3962.84,8579,2880.53,6131,2065.8,8250,2774.96,370,126.91,1670,562.4,-6152,-2062.59
300638.SZ,20170829,9031,3054.54,9088,3079.19,14010,4739.97,14329,4848.14,8104,2750.92,8148,2763.04,1504,514.23,1085,369.29,366,138.52
300638.SZ,20170828,8311,2792.77,9678,3256.32,11932,4013.71,13423,4511.22,8020,2695.61,5632,1894.4,487,165.46,17,5.62,2405,812.01
300638.SZ,20170825,6444,2030.09,6978,2200.42,9403,2961.46,9130,2875.16,2657,838.59,3021,952.04,624,197.49,0,0.0,3044,961.7
300638.SZ,20170824,3692,1129.04,5299,1622.98,7603,2329.03,6764,2072.69,3111,956.16,2343,718.56,0,0.0,0,0.0,1800,558.02
300638.SZ,20170823,4686,1404.03,3204,963.28,6023,1807.0,7745,2322.4,2423,730.01,2183,655.35,0,0.0,0,0.0,-3644,-1088.8
300638.SZ,20170822,4899,1500.34,3527,1088.01,6792,2086.3,6238,1916.41,1645,503.44,3177,967.09,886,273.69,1280,392.25,-6741,-2059.38
300638.SZ,20170821,3426,1046.96,3411,1047.63,4550,1391.63,4242,1299.35,2159,665.37,2482,756.99,0,0.0,0,0.0,-554,-165.11
300638.SZ,20170818,2980,904.91,1949,591.73,2117,641.97,2615,793.77,727,220.36,1063,322.05,0,0.0,197,59.69,-1207,-366.24
300638.SZ,20170817,3067,938.83,3418,1048.91,4302,1319.72,4046,1240.07,1270,390.39,1176,359.95,0,0.0,0,0.0,-2013,-616.29
300638.SZ,20170816,3805,1157.66,7708,2350.72,10477,3202.37,7175,2193.86,4003,1225.85,3420,1046.53,17,5.23,0,0.0,3197,969.94
300638.SZ,20170815,3425,1001.83,1608,473.37,3182,931.68,2689,785.88,646,187.95,2956,862.21,0,0.0,0,0.0,-135,-35.86
300638.SZ,20170814,1163,339.23,1659,485.01,1565,457.75,1502,438.67,517,151.33,84,24.62,0,0.0,0,0.0,941,275.06
300638.SZ,20170811,1314,377.07,1176,337.85,1763,506.28,1674,480.49,644,184.6,871,249.6,0,0.0,0,0.0,-674,-192.32
300638.SZ,20170810,2083,601.21,1689,488.66,1996,576.8,1952,564.24,318,92.9,756,218.0,0,0.0,0,0.0,-1681,-485.36
300638.SZ,20170809,1663,486.29,1154,337.78,1479,432.63,1516,443.4,21,6.11,493,143.86,0,0.0,0,0.0,-663,-193.46
300638.SZ,20170808,1676,489.46,1629,476.94,2408,704.41,1773,518.04,625,182.34,837,244.89,0,0.0,470,136.34,95,29.25
300638.SZ,20170807,1558,458.07,1416,416.66,1551,456.8,1477,434.92,410,120.46,626,183.75,0,0.0,0,0.0,-311,-89.69
300638.SZ,20170804,3077,905.42,1357,399.09,2445,718.99,2912,857.03,560,165.22,1813,533.51,0,0.0,0,0.0,-930,-272.6
300638.SZ,20170803,2021,603.45,2196,658.73,2849,852.17,2348,703.88,1637,491.46,1963,584.47,0,0.0,0,0.0,2395,713.57
300638.SZ,20170802,2212,659.87,1547,461.5,1713,511.19,2125,634.49,243,72.71,496,147.78,0,0.0,0,0.0,-1510,-449.01
300638.SZ,20170801,1999,602.72,1406,424.21,1818,547.75,1762,531.57,268,80.84,917,275.54,0,0.0,0,0.0,-22,-5.55
300638.SZ,20170731,1655,500.62,2198,666.22,2309,700.72,2183,661.55,425,128.87,8,2.43,0,0.0,0,0.0,-346,-105.45
300638.SZ,20170728,2569,780.59,2336,709.8,3083,937.56,2964,901.29,736,223.66,1120,340.53,32,9.8,0,0.0,-1161,-353.24
300638.SZ,20170727,3187,971.12,5884,1792.26,6217,1885.49,5826,1771.65,5540,1696.35,3782,1157.53,1074,330.26,526,161.79,-1093,-334.06
300638.SZ,20170726,2205,650.62,1307,385.46,1735,511.83,1822,538.03,183,53.74,994,292.71,0,0.0,0,0.0,-894,-264.46
300638.SZ,20170725,1416,420.4,1795,533.86,2009,597.44,1522,452.2,423,125.4,531,157.19,0,0.0,0,0.0,-260,-76.85
300638.SZ,20170724,3536,1027.19,2939,855.64,3952,1151.4,4347,1266.94,1337,387.88,1539,443.89,0,0.0,0,0.0,176,56.43
300638.SZ,20170721,1668,489.66,1969,579.01,2594,762.4,2687,788.83,1062,312.37,668,196.6,0,0.0,0,0.0,-615,-180.09
300638.SZ,20170720,2833,841.94,3059,911.83,3342,998.32,3996,1193.0,1813,543.43,1480,442.96,547,164.1,0,0.0,-2023,-604.77
300638.SZ,20170719,3000,879.65,2439,716.29,2846,834.98,3616,1060.69,1737,509.88,1626,476.47,98,28.94,0,0.0,-1764,-515.27
300638.SZ,20170718,5279,1544.02,4395,1287.29,5569,1625.25,6594,1933.19,3753,1107.68,4423,1294.2,1211,356.16,400,118.41,-2609,-758.72
300638.SZ,20170717,7123,2204.25,3183,991.09,5841,1810.75,6839,2130.13,3780,1165.71,3786,1171.45,0,0.0,2936,888.04,-1485,-473.78
300638.SZ,20170714,3632,1227.04,2212,748.13,3471,1174.36,3867,1307.34,1350,459.27,2374,805.19,0,0.0,0,0.0,-1329,-449.09
300638.SZ,20170713,6469,2215.7,4033,1379.31,5979,2045.0,7482,2559.31,6425,2194.68,7793,2665.85,2148,736.94,1713,587.84,-4489,-1535.15
300638.SZ,20170712,4345,1519.71,3238,1134.87,4646,1623.78,5536,1939.37,4056,1418.69,2863,998.53,0,0.0,1411,489.41,-721,-240.48
300638.SZ,20170711,3569,1275.5,2021,725.06,3210,1147.8,3380,1209.67,1272,453.58,2128,760.2,239,84.85,761,266.79,-1744,-623.16
300638.SZ,20170710,5846,2156.2,4488,1657.05,6887,2539.45,7027,2593.86,4351,1609.36,5999,2210.07,1409,520.84,979,364.87,-4941,-1827.78
300638.SZ,20170707,6767,2578.13,8380,3192.63,11206,4268.39,11739,4475.14,10432,3973.39,9418,3584.66,1342,512.91,211,80.39,1803,686.12
300638.SZ,20170706,5432,1997.62,5942,2192.01,8334,3071.41,7862,2896.35,6389,2358.93,6200,2284.26,300,111.3,451,166.64,-1842,-666.78
300638.SZ,20170705,5106,1890.3,5931,2197.92,8072,2989.46,7311,2707.15,4790,1774.09,4812,1782.18,1039,385.22,953,351.81,153,61.01
300638.SZ,20170704,4914,1798.74,3920,1440.4,4398,1614.51,5578,2043.92,3353,1232.65,3451,1266.27,284,104.69,0,0.0,-2586,-943.94
300638.SZ,20170703,5378,1974.85,3862,1419.57,7202,2645.66,7771,2854.75,2485,913.7,2832,1040.41,0,0.0,600,219.47,-1628,-594.51
300638.SZ,20170630,6955,2541.52,7291,2674.57,11635,4267.26,11133,4078.55,5865,2149.29,6030,2201.1,300,108.01,300,111.87,2850,1055.45
300638.SZ,20170629,6751,2428.7,8762,3155.12,10512,3790.1,9627,3465.63,8535,3068.47,7410,2666.51,0,0.0,0,0.0,2626,945.82
300638.SZ,20170628,3559,1250.13,3982,1400.63,4155,1460.81,3872,1361.18,1874,660.31,1734,609.45,0,0.0,0,0.0,334,121.26
300638.SZ,20170627,5018,1759.15,4295,1511.89,5352,1882.83,5680,1995.61,2899,1021.83,2335,818.26,0,0.0,959,338.06,2584,911.7
300638.SZ,20170626,3654,1255.16,5437,1877.2,5618,1937.41,5325,1836.46,3493,1210.8,2055,707.71,52,17.99,0,0.0,4933,1710.21
300638.SZ,20170623,3950,1317.36,3868,1293.86,4089,1366.01,4408,1471.91,1514,508.2,1216,405.6,0,0.0,61,20.2,283,98.62
300638.SZ,20170622,2811,961.33,3342,1144.0,4664,1596.52,4581,1568.51,2111,722.6,2043,698.7,807,277.48,427,146.72,-1206,-410.0
300638.SZ,20170621,2662,913.47,2636,905.32,3176,1090.68,3618,1242.82,2131,732.07,1485,509.89,400,138.16,629,216.35,-1765,-603.4
300638.SZ,20170620,4698,1621.73,2582,891.66,5253,1813.75,5887,2032.24,1632,564.38,3049,1053.41,445,153.97,510,176.52,-2018,-694.51
300638.SZ,20170619,3498,1206.39,3070,1060.01,4028,1390.0,3262,1125.33,1196,412.21,2379,819.43,0,0.0,11,3.83,122,43.87
300638.SZ,20170616,3036,1039.5,2868,983.27,4726,1618.61,3647,1247.97,1214,416.58,2417,828.24,0,0.0,44,15.21,-1820,-621.17
300638.SZ,20170615,3608,1236.75,6001,2059.77,6601,2265.82,5200,1784.54,4151,1426.15,2759,946.45,832,287.16,1232,425.12,2031,698.68
300638.SZ,20170614,3135,1048.6,3180,1064.99,3849,1288.63,3679,1231.29,1814,607.43,1823,609.43,0,0.0,116,38.94,24,9.5
300638.SZ,20170613,3110,1031.03,4406,1462.4,4924,1634.99,4691,1557.09,2091,694.58,1028,341.12,0,0.0,0,0.0,2462,818.32
300638.SZ,20170612,8203,2730.36,4014,1337.44,6542,2182.68,7905,2629.12,1687,559.97,4513,1506.44,0,0.0,0,0.0,-4116,-1369.25
300638.SZ,20170609,3218,1118.93,3950,1374.83,4212,1463.92,4064,1411.14,1774,616.2,1190,413.08,0,0.0,0,0.0,-288,-96.71
300638.SZ,20170608,6379,2236.37,3661,1284.14,6936,2430.24,6099,2138.84,1454,510.34,4693,1642.59,0,0.0,316,111.36,-2591,-909.04
300638.SZ,20170607,5738,2010.66,8148,2857.49,7870,2750.47,9251,3238.89,6662,2343.73,3471,1219.95,600,211.47,0,0.0,2778,966.96
300638.SZ,20170606,2918,984.38,3291,1111.63,3927,1325.29,4019,1356.77,1311,443.05,1123,378.39,517,174.72,240,80.63,-869,-291.14
300638.SZ,20170605,4875,1666.48,4258,1456.11,6170,2108.56,6570,2245.11,2833,966.49,3050,1040.31,0,0.0,0,0.0,-2323,-789.69
300638.SZ,20170602,4853,1611.49,5140,1713.84,6452,2148.62,5078,1691.43,3168,1054.87,3603,1195.15,1,0.33,653,214.88,1177,394.28
300638.SZ,20170601,7627,2548.18,5016,1671.5,6841,2287.21,9356,3121.65,5210,1736.53,5579,1865.08,712,235.85,440,149.54,-4129,-1376.54
300638.SZ,20170531,7412,2669.94,7369,2659.09,10228,3696.86,8812,3181.05,4144,1497.02,5605,2023.68,0,0.0,0,0.0,-2142,-764.06
300638.SZ,20170526,5753,1994.54,6169,2142.83,8319,2891.34,7995,2773.03,3636,1264.0,4297,1493.63,768,264.87,15,5.26,648,226.86
300638.SZ,20170525,6713,2252.91,5752,1938.19,7603,2556.85,8113,2727.89,4888,1649.99,5477,1840.7,139,47.04,0,0.0,-2804,-947.77
300638.SZ,20170524,4723,1613.97,5761,1970.49,6826,2333.39,5446,1862.19,3056,1046.8,3129,1069.4,0,0.0,269,92.08,481,167.85
300638.SZ,20170523,6356,2194.24,6201,2142.3,7620,2631.03,7370,2546.19,4469,1543.83,4898,1688.72,24,8.1,0,0.0,-1276,-437.57
300638.SZ,20170522,10525,3817.92,7115,2583.76,9993,3629.86,10453,3800.01,5880,2132.28,8849,3195.28,608,216.45,590,217.46,-5234,-1919.9
300638.SZ,20170519,7806,2994.34,5962,2295.54,8953,3442.81,8112,3115.65,3583,1379.41,5698,2188.27,0,0.0,570,217.1,-3077,-1173.24
300638.SZ,20170518,9261,3627.48,8077,3172.96,10571,4151.98,9590,3767.12,6486,2550.9,8199,3216.93,772,306.11,1224,479.46,-981,-368.42
300638.SZ,20170517,11190,4435.82,11617,4612.22,14384,5712.44,13951,5537.2,9059,3595.57,9345,3708.87,837,333.07,556,218.61,-253,-98.85
300638.SZ,20170516,10598,3995.46,11603,4412.18,14822,5606.12,12981,4905.74,9874,3754.61,9778,3689.85,400,155.92,1332,504.34,626,263.08
300638.SZ,20170515,10373,3990.61,8107,3126.76,11472,4418.19,11671,4495.05,8616,3318.71,11527,4436.44,2163,832.72,1318,501.99,-4603,-1758.08
300638.SZ,20170512,11271,4260.41,11826,4496.08,14481,5480.07,14121,5346.59,11280,4291.19,10456,3959.28,1622,622.71,2251,852.43,-3122,-1177.55
300638.SZ,20170511,10493,3861.23,11007,4065.52,13889,5124.36,12485,4604.33,9646,3565.69,9480,3496.02,625,229.3,1681,614.71,-2694,-978.39
300638.SZ,20170510,13309,5065.72,11514,4383.38,14021,5348.98,13912,5304.85,7709,2925.19,9811,3723.61,748,283.26,550,211.32,-5082,-1915.32
300638.SZ,20170509,9898,3814.92,10671,4123.69,14010,5406.43,13307,5134.8,8608,3327.53,7712,2970.52,896,345.09,1722,664.95,-1091,-414.97
300638.SZ,20170508,13716,5367.63,10952,4293.56,14540,5693.92,13110,5133.72,7310,2862.19,9435,3692.91,627,242.76,2696,1046.31,-5006,-1948.94
300638.SZ,20170505,19411,7955.08,17544,7209.1,22218,9117.4,22247,9146.43,14066,5794.62,14683,6038.46,1799,745.75,3021,1218.86,-10100,-4130.32
300638.SZ,20170504,25550,11127.6,21922,9582.22,30304,13244.08,28169,12313.93,20252,8841.21,23018,10035.67,4672,2053.52,7669,3334.59,-9170,-4015.77
300638.SZ,20170503,24289,10994.93,45131,20472.98,39942,18080.21,31826,14382.58,32563,14767.02,24746,11205.61,7082,3204.77,2174,985.76,8679,4034.56
300638.SZ,20170502,32193,14250.59,102391,45381.3,41702,18474.31,2318,1024.25,29075,12893.33,1559,688.18,5752,2587.26,2455,1111.76,-1958,-920.04
300638.SZ,20170428,5,2.15,3543,1521.49,0,0.0,0,0.0,0,0.0,0,0.0,3538,1519.35,0,0.0,-3543,-1521.49
300638.SZ,20170427,0,0.0,1054,411.42,0,0.0,0,0.0,0,0.0,0,0.0,1054,411.42,0,0.0,-1054,-411.42
300638.SZ,20170426,0,0.0,348,123.51,0,0.0,0,0.0,0,0.0,0,0.0,348,123.51,0,0.0,-348,-123.51
300638.SZ,20170425,0,0.0,555,179.04,0,0.0,0,0.0,0,0.0,0,0.0,555,179.04,0,0.0,-555,-179.04
300638.SZ,20170424,0,0.0,85,24.93,0,0.0,0,0.0,0,0.0,0,0.0,85,24.93,0,0.0,-85,-24.93
300638.SZ,20170421,0,0.0,56,14.93,0,0.0,0,0.0,0,0.0,0,0.0,56,14.93,0,0.0,-56,-14.93
300638.SZ,20170420,0,0.0,54,13.09,0,0.0,0,0.0,54,13.09,0,0.0,0,0.0,0,0.0,-54,-13.09
300638.SZ,20170419,0,0.0,44,9.72,0,0.0,0,0.0,44,9.72,0,0.0,0,0.0,0,0.0,-44,-9.72
300638.SZ,20170418,0,0.0,41,8.22,0,0.0,0,0.0,41,8.22,0,0.0,0,0.0,0,0.0,-41,-8.22
300638.SZ,20170417,0,0.0,25,4.56,25,4.56,0,0.0,0,0.0,0,0.0,0,0.0,0,0.0,-25,-4.56
300638.SZ,20170414,0,0.0,30,4.97,0,0.0,0,0.0,30,4.97,0,0.0,0,0.0,0,0.0,-30,-4.97
300638.SZ,20170413,6,0.81,67,10.0,0,0.0,0,0.0,61,9.18,0,0.0,0,0.0,0,0.0,-65,-9.74
300638.SZ,20181228,7281,2011.5,5933,1641.9,6660,1842.47,6846,1891.33,1179,324.98,2341,645.72,0,0.0,0,0.0,-479,-128.25
300638.SZ,20181227,10944,3087.25,7855,2218.15,8907,2514.13,10712,3024.78,5288,1497.53,6343,1790.95,0,0.0,229,65.04,-822,-223.94
300638.SZ,20181226,13833,3929.43,11388,3238.65,12037,3422.59,12706,3611.26,6142,1748.56,7918,2250.67,0,0.0,0,0.0,-6351,-1797.06
300638.SZ,20181225,18421,5236.1,15956,4557.53,20541,5852.7,23242,6618.3,13217,3792.09,13814,3944.96,1941,553.79,1108,313.89,7123,2060.11
300638.SZ,20181224,8977,2485.17,10855,3005.06,11967,3311.57,12381,3430.17,6271,1736.93,4595,1270.43,616,171.98,0,0.0,7434,2060.95
300638.SZ,20181221,4548,1219.79,4438,1191.77,4056,1090.62,4604,1237.2,2151,579.48,2228,600.05,516,139.14,0,0.0,311,85.14
300638.SZ,20181220,4304,1145.13,3864,1030.31,5056,1349.2,4565,1216.18,746,199.18,1676,447.03,0,0.0,0,0.0,161,45.84
300638.SZ,20181219,5441,1459.84,5738,1543.11,5135,1381.11,4676,1255.07,1348,363.59,1511,406.37,0,0.0,0,0.0,-858,-227.72
300638.SZ,20181218,6709,1788.96,6308,1684.35,4570,1220.46,6847,1828.0,2747,735.03,1371,365.3,500,133.2,0,0.0,759,206.12
300638.SZ,20181217,6478,1697.99,4785,1258.69,4615,1210.5,5071,1329.42,1884,493.93,2721,710.69,0,0.0,400,103.62,-1694,-444.44
300638.SZ,20181214,11504,3100.84,8940,2413.5,7362,1983.83,8859,2387.26,2459,664.2,3526,948.11,0,0.0,0,0.0,-5640,-1518.89
300638.SZ,20181213,6565,1813.5,8592,2375.86,9191,2544.71,9370,2594.38,4236,1173.53,2400,664.69,370,103.19,0,0.0,3024,842.2
300638.SZ,20181212,8909,2448.98,7030,1936.14,6813,1877.28,8298,2282.29,1736,477.69,2130,585.51,0,0.0,0,0.0,-3814,-1049.17
300638.SZ,20181211,11222,3128.77,10586,2957.55,12023,3355.37,13006,3628.09,4726,1321.65,4379,1220.15,0,0.0,0,0.0,2826,794.84
300638.SZ,20181210,13914,3828.67,14881,4099.13,15333,4228.26,15615,4304.01,7417,2048.18,7184,1981.21,1982,547.75,965,268.5,1132,315.78
300638.SZ,20181207,14368,3858.14,11307,3036.61,9258,2484.43,10695,2869.23,2929,785.69,4669,1254.02,292,79.08,176,47.48,3340,901.33
300638.SZ,20181206,18799,5022.31,10908,2914.75,13473,3591.36,16728,4458.14,5593,1484.77,9781,2603.98,0,0.0,449,121.57,-10930,-2917.65
300638.SZ,20181205,11042,3068.81,10838,3022.51,12035,3355.15,13056,3632.36,5747,1605.46,5710,1594.75,781,220.21,0,0.0,4430,1238.52
300638.SZ,20181204,14297,4026.22,13362,3772.12,17241,4864.69,16234,4572.76,5810,1638.7,8554,2410.98,1303,365.06,500,138.81,-2094,-580.37
300638.SZ,20181203,10601,2917.99,17962,4945.65,19011,5237.75,15942,4390.03,10352,2849.24,6695,1843.89,1125,309.06,489,134.48,51,16.29
300638.SZ,20181130,16121,4215.39,16636,4353.63,13526,3535.94,11587,3028.91,6583,1720.56,7592,1984.3,500,132.8,915,237.86,-2862,-742.77
300638.SZ,20181129,18578,5070.52,10195,2787.86,12564,3434.77,15964,4362.25,4091,1122.05,9074,2477.23,0,0.0,0,0.0,-1542,-420.48
300638.SZ,20181128,14776,4042.74,17499,4787.38,20315,5552.2,19019,5204.17,9949,2717.38,10003,2728.62,1897,519.64,416,111.78,5571,1528.02
300638.SZ,20181127,10125,2643.38,11034,2884.7,12995,3406.94,12510,3274.78,3824,1003.02,3705,974.07,306,80.21,0,0.0,4753,1250.79
300638.SZ,20181126,5479,1380.04,6128,1546.09,5651,1424.93,4365,1099.65,1587,400.12,2225,559.35,0,0.0,0,0.0,-402,-99.73
300638.SZ,20181123,8365,2137.85,4925,1262.75,5107,1299.78,6412,1638.33,1771,455.54,3906,992.1,0,0.0,0,0.0,-3354,-855.31
300638.SZ,20181122,6378,1685.24,4428,1171.88,4738,1252.07,6029,1593.06,1416,375.16,2075,547.54,0,0.0,0,0.0,-2446,-643.92
300638.SZ,20181121,5793,1515.69,8008,2099.35,5271,1381.09,5157,1350.14,2613,687.2,1096,287.51,584,153.02,0,0.0,417,110.37
300638.SZ,20181120,8917,2324.88,6493,1694.2,5908,1539.8,7870,2049.57,2838,738.84,3301,859.76,0,0.0,0,0.0,-4866,-1266.35
300638.SZ,20181119,5973,1592.48,7472,1995.57,6281,1676.94,8473,2262.42,5310,1420.43,2076,554.18,459,122.32,0,0.0,-1413,-375.08
300638.SZ,20181116,9958,2641.79,10716,2848.41,10503,2792.5,11611,3084.87,5718,1523.49,3851,1024.5,0,0.0,0,0.0,-660,-168.81
300638.SZ,20181115,10725,2808.98,13568,3556.37,12231,3207.13,10400,2730.43,5600,1471.93,4633,1213.45,550,145.2,503,132.99,608,169.5
300638.SZ,20181114,13017,3393.49,11002,2870.57,9238,2407.23,10022,2613.59,3458,900.3,5701,1484.01,1013,267.15,0,0.0,-3370,-875.12
300638.SZ,20181113,17596,4701.1,13787,3685.19,13823,3687.36,16369,4366.9,7338,1954.93,8486,2259.77,21,5.38,138,36.92,4265,1150.31
300638.SZ,20181112,17378,4514.07,18238,4733.44,20541,5312.25,18181,4717.03,10541,2742.92,11588,3002.81,813,212.0,1267,327.97,10067,2622.22
300638.SZ,20181109,17586,4396.19,17484,4362.89,20413,5107.9,23009,5759.85,14574,3643.7,13955,3495.27,1970,494.08,95,23.85,14013,3504.73
300638.SZ,20181108,9879,2393.56,6698,1625.92,6531,1583.48,9489,2300.08,3697,899.08,2918,708.61,0,0.0,1002,241.51,-1312,-311.58
300638.SZ,20181107,13548,3248.44,11626,2808.87,17152,4128.64,15306,3687.05,8340,2007.38,10994,2624.95,791,188.1,1905,451.69,-3284,-784.29
300638.SZ,20181106,8846,2174.73,5987,1475.31,8073,1986.76,8234,2027.17,3440,843.94,6137,1502.94,0,0.0,0,0.0,-1669,-404.81
300638.SZ,20181105,10564,2618.74,9311,2319.34,13069,3249.02,12803,3181.05,5921,1475.33,6596,1637.86,0,0.0,845,204.83,-1579,-389.99
300638.SZ,20181102,11656,2906.7,14100,3520.96,13379,3339.0,14494,3615.25,12774,3189.5,9122,2275.35,1042,258.83,1135,282.47,-547,-130.1
300638.SZ,20181101,11743,2856.6,14656,3570.85,15091,3668.33,15432,3757.06,12330,3007.88,9325,2264.38,249,59.49,0,0.0,5840,1421.25
300638.SZ,20181031,7849,1842.58,7786,1831.6,7664,1802.18,7967,1872.48,5119,1207.12,4737,1114.5,0,0.0,142,33.3,3619,854.65
300638.SZ,20181030,8311,1907.28,7318,1683.05,8097,1861.08,7664,1758.02,2829,653.42,4256,980.7,0,0.0,0,0.0,-564,-120.95
300638.SZ,20181029,7113,1651.74,7123,1655.21,6713,1559.23,6647,1543.95,3139,730.17,2695,625.38,0,0.0,500,116.6,344,82.29
300638.SZ,20181026,9711,2269.02,10317,2417.6,12191,2854.23,11509,2695.77,4369,1025.21,4701,1096.8,1086,252.87,829,191.16,2866,676.27
300638.SZ,20181025,9278,2089.99,6219,1407.75,7903,1782.39,7957,1795.96,3917,885.76,6416,1442.09,0,0.0,506,112.34,1033,235.47
300638.SZ,20181024,7381,1749.55,5135,1219.86,5694,1352.96,7162,1700.02,2029,483.26,2715,643.97,0,0.0,93,21.92,10,7.29
300638.SZ,20181023,11036,2649.27,6746,1622.17,10402,2497.44,11263,2707.1,3669,884.27,7098,1701.08,500,120.38,500,121.0,-4497,-1075.84
300638.SZ,20181022,12663,3074.4,13063,3174.54,16830,4087.67,16570,4025.99,9757,2373.89,9905,2405.43,944,227.46,656,157.46,1678,416.21
300638.SZ,20181019,10868,2510.48,11466,2680.63,12116,2818.43,13251,3070.2,6395,1502.94,7266,1713.0,2605,631.99,0,0.0,3784,860.39
300638.SZ,20181018,9439,2160.59,7834,1797.4,8953,2053.99,9059,2073.52,2663,613.68,4163,957.34,0,0.0,0,0.0,-4938,-1129.48
300638.SZ,20181017,11220,2624.98,12316,2883.24,11820,2768.5,13314,3116.2,7637,1789.13,4765,1116.86,536,125.53,819,191.84,1656,395.53
300638.SZ,20181016,17881,4239.43,13876,3294.94,17451,4145.47,17781,4223.6,8062,1914.83,9830,2330.52,389,92.57,2297,543.23,-1209,-268.41
300638.SZ,20181015,2121,475.36,4328,981.48,3368,753.91,5231,1183.95,2911,656.98,4562,1028.83,6483,1482.56,762,174.54,-4815,-1110.26
300638.SZ,20181012,7943,1631.04,6127,1263.05,6013,1237.21,7507,1541.35,1796,369.78,2118,433.63,0,0.0,0,0.0,662,130.44
300638.SZ,20181011,7539,1655.12,4146,910.81,7517,1654.25,7706,1694.45,1175,251.72,4178,910.18,0,0.0,202,45.65,-1630,-356.29
300638.SZ,20181010,4223,995.96,3381,797.8,3124,737.12,2857,674.04,525,123.67,1633,384.91,0,0.0,0,0.0,516,123.2
300638.SZ,20181009,3777,882.27,3273,765.17,2726,636.63,3330,777.86,1603,374.26,1413,329.09,2,0.47,92,21.51,162,38.24
300638.SZ,20181008,6046,1445.93,3674,878.51,3622,861.09,5642,1345.31,790,187.25,1640,384.98,498,114.54,0,0.0,-3240,-766.54
300638.SZ,20180928,3156,788.58,2814,703.42,2516,628.66,2715,678.29,1365,340.58,1508,376.11,0,0.0,0,0.0,-1119,-279.09
300638.SZ,20180927,5735,1442.79,3770,948.85,4915,1235.71,6105,1533.96,1878,468.73,2654,664.42,0,0.0,0,0.0,-3958,-994.99
300638.SZ,20180926,4377,1121.7,3683,944.43,3469,889.34,4569,1170.77,1859,476.55,1453,372.39,0,0.0,0,0.0,70,18.87
300638.SZ,20180925,3332,848.47,2799,713.97,3357,855.44,2860,728.77,918,233.92,1948,495.08,0,0.0,0,0.0,-561,-142.45
300638.SZ,20180921,5072,1287.41,4150,1056.26,3891,989.71,4575,1163.37,1129,288.88,1367,346.38,0,0.0,0,0.0,695,178.3
300638.SZ,20180920,5794,1484.53,3899,1001.82,5332,1368.54,4988,1279.41,1392,356.24,3495,895.53,500,130.13,636,162.7,-2984,-762.82
300638.SZ,20180919,5691,1469.35,7152,1850.25,7686,1989.02,7050,1824.35,3750,974.06,3424,885.33,500,127.5,0,0.0,498,135.53
300638.SZ,20180918,4767,1203.16,7238,1833.98,5948,1505.11,5306,1343.01,2853,726.8,1503,379.66,479,121.59,0,0.0,-373,-86.33
300638.SZ,20180917,3681,927.14,5006,1262.11,4063,1024.77,3313,835.18,723,182.61,175,44.06,27,6.82,0,0.0,896,228.57
300638.SZ,20180914,5727,1459.76,4121,1051.89,3749,957.07,4949,1260.75,823,208.63,1229,312.82,0,0.0,0,0.0,-3261,-830.48
300638.SZ,20180913,4928,1267.07,6452,1663.24,6095,1571.85,4804,1238.58,1710,442.34,1602,411.84,125,32.39,0,0.0,1745,453.68
300638.SZ,20180912,4483,1147.28,3457,884.92,3644,932.15,4015,1027.62,801,204.96,457,116.42,30,7.69,1030,263.11,-962,-245.1
300638.SZ,20180911,7474,1910.88,5506,1408.09,4981,1273.78,6375,1629.93,1239,317.43,1813,464.07,0,0.0,0,0.0,3067,785.78
300638.SZ,20180910,6941,1776.31,4362,1119.97,4194,1070.45,5705,1457.68,2651,673.04,3194,810.11,0,0.0,527,132.04,-4517,-1152.17
300638.SZ,20180907,6200,1632.42,4681,1235.21,5583,1475.35,6309,1662.21,2155,571.76,2948,782.11,0,0.0,0,0.0,-2491,-656.06
300638.SZ,20180906,6171,1641.28,4945,1320.37,5160,1375.66,5510,1467.85,1357,361.12,1734,458.73,0,0.0,500,131.11,-2230,-588.53
300638.SZ,20180905,8369,2261.95,6026,1631.17,6580,1780.45,7637,2066.46,1599,434.32,2885,779.1,0,0.0,0,0.0,-795,-209.74
300638.SZ,20180904,6658,1784.16,5362,1437.98,4478,1201.07,6768,1814.99,3045,816.98,2051,549.24,0,0.0,0,0.0,1307,352.17
300638.SZ,20180903,9661,2532.06,7817,2047.38,9471,2480.23,9300,2438.53,4136,1083.06,6084,1591.4,105,27.15,172,45.18,-2868,-757.22
300638.SZ,20180831,6474,1812.56,6998,1961.92,6636,1859.22,6519,1826.44,4609,1293.55,3933,1101.62,0,0.0,269,75.35,-329,-87.51
300638.SZ,20180830,7437,2081.55,4441,1244.09,5391,1509.12,6626,1853.83,1614,450.02,3167,884.32,0,0.0,208,58.45,-1430,-396.82
300638.SZ,20180829,9179,2595.51,4898,1385.13,8105,2291.1,8316,2351.48,2800,790.8,6351,1792.82,0,0.0,520,147.99,-5661,-1600.93
300638.SZ,20180828,10690,3084.81,8561,2478.17,12984,3754.67,14724,4257.27,6702,1939.88,8252,2380.64,1162,336.72,0,0.0,-949,-269.3
300638.SZ,20180827,8769,2511.75,12078,3464.75,14812,4245.04,13479,3867.26,10292,2959.03,8529,2449.06,2000,579.16,1787,513.91,5107,1464.76
300638.SZ,20180824,6571,1841.3,5142,1442.8,7108,1994.23,8461,2371.9,2759,774.03,2834,794.86,0,0.0,0,0.0,-4811,-1347.15
300638.SZ,20180823,8844,2502.0,10547,2990.17,11767,3333.09,11164,3160.97,6529,1855.04,6425,1823.03,996,284.04,0,0.0,2236,639.89
300638.SZ,20180822,8974,2513.84,6739,1889.07,8422,2360.01,9687,2714.13,2389,670.64,3526,987.67,167,46.38,0,0.0,-4167,-1166.3
300638.SZ,20180821,14405,4087.44,13322,3786.77,14876,4228.36,15537,4415.34,8186,2333.82,8208,2335.6,500,139.9,900,251.82,-4281,-1205.12
300638.SZ,20180820,12275,3422.16,16531,4617.41,14714,4115.0,13902,3891.86,6042,1694.45,4035,1131.58,2637,746.28,1199,337.04,5352,1512.53
300638.SZ,20180817,11981,3294.08,7281,2003.59,7996,2202.06,8951,2463.79,2057,567.82,5104,1405.03,0,0.0,698,191.56,-685,-180.66
300638.SZ,20180816,12782,3536.07,13446,3734.24,11812,3274.7,14074,3904.76,6434,1795.24,4741,1311.49,2529,711.03,1295,366.55,5199,1445.21
300638.SZ,20180815,8151,2216.07,4805,1305.63,6532,1775.83,7586,2063.54,1146,312.19,3227,878.07,0,0.0,211,56.84,-2939,-798.72
300638.SZ,20180814,8504,2368.32,5438,1517.26,7997,2230.77,8312,2318.31,1786,498.7,4537,1262.22,0,0.0,0,0.0,-2910,-809.39
300638.SZ,20180813,10183,2861.18,9442,2660.59,12503,3519.47,12430,3498.75,4608,1298.75,5315,1489.7,0,0.0,107,30.37,1746,493.11
300638.SZ,20180810,10947,3018.09,9194,2547.85,12504,3456.07,13534,3737.93,4742,1317.52,5097,1405.68,0,0.0,368,100.22,-1810,-477.44
300638.SZ,20180809,8527,2316.32,11528,3146.08,14930,4082.58,13414,3661.68,5760,1572.82,5405,1474.01,1654,453.55,523,143.51,4132,1140.66
300638.SZ,20180808,7827,2100.69,7090,1909.93,9698,2612.11,9584,2579.75,3162,851.38,4146,1111.33,409,110.29,277,73.47,-2541,-676.69
300638.SZ,20180807,6308,1662.54,7133,1881.73,8538,2251.36,7043,1856.5,4111,1087.38,3685,971.62,19,4.94,1115,296.37,3775,999.43
300638.SZ,20180806,4944,1280.09,4802,1243.39,4497,1165.05,5105,1321.67,1701,439.99,1235,320.08,0,0.0,0,0.0,-348,-87.1
300638.SZ,20180803,5260,1378.42,3500,918.31,4873,1278.3,5850,1533.71,1833,481.93,2617,686.62,0,0.0,0,0.0,-2850,-746.53
300638.SZ,20180802,8757,2290.67,7285,1908.27,8123,2127.69,9993,2616.88,4450,1161.35,3981,1038.67,615,163.8,686,179.71,-2907,-763.59
300638.SZ,20180801,6035,1688.99,4235,1186.33,5786,1622.01,6495,1816.29,2209,617.97,3300,926.35,0,0.0,0,0.0,-3453,-967.62
300638.SZ,20180731,5352,1516.86,5329,1514.71,5838,1659.08,4722,1342.09,2067,585.4,3345,944.95,456,129.85,317,89.45,-418,-115.23
300638.SZ,20180730,5718,1605.33,3702,1039.67,5532,1551.81,5784,1622.17,2458,689.02,3668,1028.03,0,0.0,555,156.31,-1498,-418.23
300638.SZ,20180727,5022,1441.63,3734,1072.56,5085,1460.31,5922,1699.26,1962,562.78,2939,843.23,527,150.31,0,0.0,-1950,-557.34
300638.SZ,20180726,14189,4147.0,7782,2274.26,10965,3202.7,14065,4104.91,4506,1311.76,8762,2558.21,1000,290.95,50,15.03,-8094,-2356.68
300638.SZ,20180725,7054,2143.97,5070,1541.68,7343,2231.86,7714,2344.51,3232,982.64,4162,1265.09,500,151.75,1183,358.94,-1712,-518.68
300638.SZ,20180724,7522,2284.0,7073,2151.87,10708,3254.99,9878,3002.36,4171,1267.39,4685,1420.63,0,0.0,765,231.52,-2826,-853.9
300638.SZ,20180723,7686,2338.23,7280,2217.96,9463,2880.89,8965,2728.41,3653,1111.31,3646,1108.02,5,1.51,916,277.55,-2344,-711.03
300638.SZ,20180720,9492,2833.42,9381,2809.88,9827,2941.1,10263,3066.84,4461,1334.87,5317,1583.69,1182,351.01,0,0.0,414,133.29
300638.SZ,20180719,17652,5350.92,13516,4100.67,16785,5092.46,19850,6018.63,7529,2281.97,9316,2820.44,2291,689.81,1573,475.41,-11190,-3386.51
300638.SZ,20180718,17314,5522.8,9995,3194.02,14272,4555.36,17689,5641.22,7305,2326.34,11208,3568.8,346,110.01,345,110.47,-9697,-3086.51
300638.SZ,20180717,22248,7197.58,13134,4255.61,19929,6450.22,20078,6499.53,6927,2243.77,13802,4463.71,941,304.01,3030,976.72,-8804,-2838.23
300638.SZ,20180716,22013,7356.62,17132,5740.46,25574,8554.69,21769,7276.71,11705,3924.99,14646,4901.32,2727,917.53,8471,2835.33,4233,1434.09
300638.SZ,20180713,24784,8215.31,24626,8187.98,27119,9005.95,29755,9878.66,13919,4625.67,18343,6082.76,8568,2856.38,1665,553.9,4619,1572.16
300638.SZ,20180712,20927,6805.87,21222,6908.81,23145,7530.19,25585,8320.98,15341,5001.24,13436,4379.06,1792,584.59,960,313.04,1924,636.9
300638.SZ,20180711,19570,6135.2,11777,3697.02,15562,4886.75,19726,6189.41,9761,3063.61,11776,3697.14,0,0.0,1614,501.99,-9392,-2930.28
300638.SZ,20180710,18359,5861.96,19737,6329.97,22509,7205.31,23593,7541.71,11419,3669.84,10728,3442.36,2198,716.77,427,139.82,6250,2044.66
300638.SZ,20180709,11864,3718.69,12764,4004.58,16581,5201.17,16151,5063.74,7944,2492.06,7475,2343.46,500,156.35,500,156.48,155,57.4
300638.SZ,20180706,20896,6474.98,17669,5502.88,19744,6135.29,22188,6881.78,7682,2393.18,9828,3043.54,1467,456.46,103,31.71,-3090,-937.75
300638.SZ,20180705,22210,7020.48,16114,5107.35,19063,6036.32,22413,7079.74,6358,2009.78,9212,2910.89,976,304.67,867,273.27,-9176,-2877.87
300638.SZ,20180704,40669,13510.51,21714,7223.33,34851,11604.48,36067,11992.1,19143,6363.76,31447,10440.85,1220,407.11,6655,2229.59,-16074,-5297.77
300638.SZ,20180703,34350,11587.39,33350,11335.39,43012,14598.41,42977,14603.61,28948,9879.76,31330,10675.82,13642,4835.67,12294,4286.42,4743,1558.59
300638.SZ,20180702,26915,8855.08,19978,6582.58,27237,8982.54,28703,9458.37,15410,5088.9,20512,6761.65,2643,871.39,3011,995.33,-7931,-2572.51
300638.SZ,20180629,28377,9235.44,33670,10961.09,35799,11648.49,38155,12419.27,23993,7798.48,23692,7723.89,10782,3550.34,3434,1128.5,14721,4849.42
300638.SZ,20180628,27339,8732.73,20526,6579.31,25453,8156.87,27835,8888.33,15214,4846.74,21094,6721.17,6686,2125.11,5236,1672.64,-12553,-3958.1
300638.SZ,20180627,29248,9377.2,22229,7147.06,28776,9241.16,32210,10331.65,12284,3946.52,14323,4596.44,1844,587.63,3389,1077.36,-7764,-2461.83
300638.SZ,20180626,36166,11789.75,27968,9135.88,36014,11758.62,37904,12371.18,22438,7317.87,26429,8610.14,1696,553.23,4014,1302.27,-7749,-2476.46
300638.SZ,20180625,32698,10461.51,32938,10603.94,39737,12715.78,41622,13369.0,29731,9569.83,24879,7930.99,7032,2285.89,9760,3129.08,13000,4263.28
300638.SZ,20180622,32137,10029.03,28367,8889.05,41200,12883.45,38090,11926.4,19624,6126.94,28401,8831.52,8426,2670.94,6530,2063.39,6270,2031.86
300638.SZ,20180621,33529,10192.68,24312,7424.97,36205,11045.38,37616,11475.99,18910,5788.76,26004,7908.55,3007,926.65,3718,1143.97,-9979,-2921.93
300638.SZ,20180620,24112,7310.22,25753,7793.75,36147,10945.35,33337,10117.14,23450,7131.84,25097,7652.07,7825,2406.62,7347,2231.06,8671,2704.8
300638.SZ,20180619,28873,8629.81,23130,6959.77,33844,10126.48,31015,9286.17,19054,5682.52,22437,6723.64,4289,1263.43,9477,2732.66,-4860,-1432.25
300638.SZ,20180615,40223,12824.83,20313,6498.33,34312,10955.28,35552,11331.41,17363,5536.13,31533,10067.39,4466,1429.48,8965,2848.59,-16698,-5262.46
300638.SZ,20180614,17570,5368.14,26757,8305.12,28023,8559.04,35723,11097.24,21786,6775.16,22844,7098.65,23682,7637.92,5738,1839.25,984,147.19
300638.SZ,20180613,20050,6019.5,21176,6354.54,23751,7125.34,27648,8293.34,15688,4698.69,11777,3544.13,3772,1160.65,2661,812.18,2120,648.57
300638.SZ,20180612,16081,4600.63,13830,3959.29,18907,5415.84,19994,5733.42,9876,2836.94,11081,3172.61,42,11.91,0,0.0,-6707,-1898.48
300638.SZ,20180611,21411,6113.3,16685,4773.93,28613,8176.9,25261,7217.9,17254,4919.76,20401,5819.1,1580,448.56,6512,1847.58,-6920,-1939.88
300638.SZ,20180608,25611,7723.49,29160,8821.96,31709,9584.2,38569,11681.11,24766,7497.31,29528,8953.12,20217,6196.79,5046,1545.61,-18762,-5826.98
300638.SZ,20180607,15191,4290.0,9865,2790.12,16000,4527.14,15608,4416.21,7133,2015.79,11370,3208.54,400,113.15,1881,531.21,-12140,-3426.79
300638.SZ,20180606,19162,5594.77,17516,5121.6,21623,6312.82,24044,7022.61,12763,3733.85,13758,4025.21,3302,973.71,1531,445.73,-2969,-848.77
300638.SZ,20180605,13655,3786.02,15646,4342.99,19158,5313.03,20858,5787.27,10478,2908.52,8609,2389.12,2465,691.78,643,179.98,5455,1522.83
300638.SZ,20180604,10100,2707.95,9257,2484.61,15332,4113.92,14491,3891.15,6819,1831.08,7552,2025.52,9,2.43,960,254.1,1726,471.37
300638.SZ,20180601,12567,3316.97,10375,2748.13,14337,3792.4,15752,4162.21,7472,1980.94,8911,2356.53,662,176.57,0,0.0,-3874,-1019.49
300638.SZ,20180531,13519,3559.26,13050,3440.76,19066,5023.37,17271,4548.77,8789,2317.53,10483,2762.29,560,148.68,1131,297.03,-1057,-265.7
300638.SZ,20180530,21496,5820.64,12342,3357.01,23219,6298.01,23170,6298.58,11441,3103.35,16567,4473.4,1109,303.37,5187,1396.38,-2598,-671.77
300638.SZ,20180529,25060,7420.69,15700,4655.35,26655,7895.66,27999,8297.93,14583,4319.99,21706,6434.56,3689,1102.94,4582,1351.44,-12267,-3617.01
300638.SZ,20180528,24550,7971.0,21249,6908.18,32733,10642.24,33455,10860.17,22680,7384.84,23931,7785.95,6010,1976.44,7337,2420.23,3461,1207.76
300638.SZ,20180525,20231,6323.45,16112,5048.09,23382,7321.18,26284,8228.1,11259,3522.36,13340,4166.04,1537,482.32,673,207.08,-8169,-2544.37
300638.SZ,20180524,15293,7315.83,14937,7146.15,22446,10738.21,21111,10104.65,11882,5682.38,14713,7029.03,2137,1021.45,996,478.04,-1250,-550.92
300638.SZ,20180523,30798,15352.95,19792,9859.55,36739,18358.26,35350,17592.27,23497,11725.21,31012,15441.17,6935,3429.58,11814,5973.02,-5043,-2322.99
300638.SZ,20180522,20078,9499.8,11184,5337.77,28650,13552.17,24150,11481.01,16021,7622.46,26485,12572.96,13055,6390.55,15985,7673.24,-912,-587.71
300638.SZ,20180521,5059,2181.0,8844,3866.94,10527,4548.95,17332,7600.55,13058,5668.92,12758,5615.71,14637,6606.88,4346,1922.56,1566,504.2
300638.SZ,20180518,6606,2734.27,2882,1193.18,8551,3536.86,8144,3368.33,5044,2086.6,7893,3266.24,0,0.0,1282,529.98,-3818,-1573.69
300638.SZ,20180517,3972,1685.49,3980,1693.79,8438,3585.74,7815,3319.23,4136,1760.69,4977,2114.05,472,200.8,246,105.66,21,18.83
300638.SZ,20180516,5308,2244.97,4150,1761.91,7910,3350.45,8736,3698.81,5633,2390.25,5484,2321.55,300,128.28,781,331.69,-3648,-1539.62
300638.SZ,20180515,5556,2313.0,6469,2714.57,13060,5452.23,11675,4883.14,6568,2766.09,6358,2651.54,311,130.85,993,412.92,195,125.15
300638.SZ,20180514,7498,3200.66,7846,3350.76,13214,5639.83,14876,6353.69,9741,4171.88,8891,3808.07,1939,831.38,779,331.23,4792,2059.73
300638.SZ,20180511,7549,3149.03,3804,1591.01,10394,4335.96,9175,3836.86,4932,2054.45,7847,3263.12,330,135.47,2379,983.93,-5645,-2343.35
300638.SZ,20180510,6108,2607.6,4315,1845.32,9574,4091.5,9173,3921.84,3922,1679.67,6407,2738.12,800,342.97,509,216.46,-2056,-870.85
300638.SZ,20180509,7063,3016.37,8655,3704.29,13942,5966.61,17013,7282.69,12547,5380.98,8959,3834.39,1826,781.6,750,324.19,1025,452.08
300638.SZ,20180508,7271,3030.37,4714,1969.99,10254,4286.12,11401,4760.09,5582,2335.36,6718,2808.64,685,287.1,960,400.24,248,108.8
300638.SZ,20180507,5527,2306.44,6576,2748.54,12852,5369.04,11928,4984.66,7530,3148.45,7038,2936.84,440,184.95,807,338.85,4676,1958.3
300638.SZ,20180504,5097,2091.76,4831,1987.05,8995,3696.75,9539,3919.07,6148,2527.81,6160,2530.31,290,120.11,0,0.0,-1372,-550.61
300638.SZ,20180503,6535,2613.23,8377,3361.76,10240,4126.93,11590,4659.83,6374,2562.9,5182,2091.55,2500,1017.59,500,207.51,1913,793.99
300638.SZ,20180502,6962,2719.78,4184,1637.79,5872,2300.49,7545,2950.17,2026,791.84,3129,1223.37,0,0.0,2,0.78,-2694,-1046.54
300638.SZ,20180427,12405,4996.43,6036,2447.03,14951,6071.37,16071,6506.62,5998,2421.96,10347,4175.1,0,0.0,900,361.02,-5278,-2123.27
300638.SZ,20180426,8128,3379.9,8287,3461.97,18718,7809.02,16430,6852.62,9626,4014.79,11327,4715.63,534,222.58,962,396.06,-3993,-1643.32
300638.SZ,20180425,11435,4856.9,11174,4754.08,18813,7988.47,18627,7917.95,15015,6394.86,15764,6697.25,903,386.77,601,257.71,4147,1809.23
300638.SZ,20180424,7577,3046.7,9918,3988.28,14348,5794.09,14894,6011.75,10749,4346.25,8359,3382.42,2170,875.82,1673,680.42,5232,2139.53
300638.SZ,20180423,8148,3168.77,7835,3051.22,9567,3723.44,10894,4237.52,5282,2058.89,3818,1484.55,0,0.0,450,177.8,1143,461.92
300638.SZ,20180420,9938,3887.48,5945,2337.42,11367,4466.98,13315,5219.1,4632,1814.62,7577,2963.69,900,351.14,0,0.0,-3287,-1271.92
300638.SZ,20180419,9125,3733.52,7469,3083.15,16444,6778.67,13577,5587.86,5652,2331.53,8525,3492.03,70,29.23,1719,709.91,-4996,-2025.55
300638.SZ,20180418,10752,4291.51,10698,4274.33,16915,6779.12,20405,8192.72,12553,5060.51,10218,4108.14,2630,1052.19,1528,608.15,257,162.54
300638.SZ,20180417,18628,7822.0,10478,4450.81,27024,11432.27,21750,9160.2,19343,8179.06,26105,10967.72,1764,768.17,8426,3622.79,-13610,-5679.86
300638.SZ,20180416,10631,4605.26,13411,5804.12,22210,9581.06,25215,10912.14,20857,9003.76,24244,10496.02,15578,6815.62,6406,2793.41,10218,4432.84
300638.SZ,20180413,11086,4642.9,8359,3549.62,22149,9353.59,17618,7421.16,11967,5050.81,16830,7065.87,285,114.77,2680,1125.41,123,89.78
300638.SZ,20180412,10280,4422.25,10305,4436.41,18664,8033.61,19496,8383.43,14009,6052.66,16387,7095.53,4636,2011.46,1401,604.61,2173,980.69
300638.SZ,20180411,8352,3444.17,7723,3177.92,13997,5757.13,15940,6557.18,8738,3590.85,9038,3721.18,1614,664.13,0,0.0,3925,1625.69
300638.SZ,20180410,10783,4235.49,7370,2897.49,13556,5350.28,15093,5941.92,7359,2904.24,8423,3326.16,78,30.42,890,354.86,-2358,-932.85
300638.SZ,20180409,7090,2944.47,5716,2376.84,12293,5101.16,12287,5099.17,6333,2631.37,7810,3241.2,97,40.21,0,0.0,-435,-170.04
300638.SZ,20180404,7207,3000.04,6136,2563.99,13635,5693.48,13292,5550.77,9523,3970.54,10387,4322.43,400,164.55,950,391.43,-8103,-3368.12
300638.SZ,20180403,9702,4047.61,7680,3213.64,16745,6991.16,14927,6244.98,8007,3353.01,11851,4936.16,615,257.34,612,254.34,-2565,-1047.93
300638.SZ,20180402,12070,5250.38,11185,4870.22,23092,10057.26,21548,9378.52,17311,7530.09,18461,8041.35,1796,787.04,3075,1334.67,-3227,-1378.09
300638.SZ,20180330,13151,5583.0,13038,5553.62,23461,9959.72,21018,8932.41,17564,7482.16,18943,8053.87,1502,632.75,2679,1117.73,973,453.11
300638.SZ,20180329,18499,8098.62,10612,4632.36,25229,11083.61,18352,8036.81,21410,9456.35,25105,11066.57,12590,5723.56,23659,10626.39,-5485,-2455.04
300638.SZ,20180328,5475,2169.33,11031,4440.96,9058,3605.26,17133,6966.64,10700,4335.53,16844,6921.21,22483,9346.58,2708,1127.88,-15575,-6583.02
300638.SZ,20180327,6286,2376.32,6532,2471.93,7157,2705.64,7416,2801.9,3068,1158.1,3441,1299.61,878,333.38,0,0.0,1345,507.87
300638.SZ,20180326,4548,1577.34,4448,1558.45,4953,1720.73,4764,1659.22,3377,1172.14,3272,1129.4,323,115.49,717,238.61,1757,617.27
300638.SZ,20180323,7703,2786.51,4550,1652.27,5122,1857.91,5964,2161.02,1841,662.32,3023,1097.26,0,0.0,1129,396.19,-1701,-638.82
300638.SZ,20180322,4320,1656.97,4369,1683.02,5460,2099.89,5001,1921.42,1715,662.82,1775,679.97,0,0.0,350,135.28,-1241,-473.82
300638.SZ,20180321,6131,2389.61,6427,2512.37,6744,2636.21,5605,2188.5,2107,827.15,2913,1136.8,35,13.49,72,28.79,-2199,-854.08
300638.SZ,20180320,3772,1420.14,4185,1582.22,4142,1566.99,4201,1587.93,962,364.73,943,352.93,453,171.21,0,0.0,571,219.63
300638.SZ,20180319,3365,1273.52,3336,1264.27,3358,1272.35,3605,1364.49,1038,392.89,820,310.0,0,0.0,0,0.0,229,88.64
300638.SZ,20180316,3900,1470.79,3202,1209.7,4076,1539.49,3598,1357.87,1496,563.49,1968,741.38,0,0.0,704,264.83,-788,-296.64
300638.SZ,20180315,8551,3199.55,6137,2300.56,7744,2907.85,7339,2751.48,2704,1013.12,4916,1840.89,0,0.0,607,227.58,-2621,-980.43
300638.SZ,20180314,4887,1926.22,3639,1436.75,4900,1934.68,3979,1570.27,1776,701.89,3562,1405.0,0,0.0,383,150.77,-1143,-448.22
300638.SZ,20180313,6555,2641.12,5062,2041.92,7281,2939.51,8605,3472.28,3932,1584.24,3753,1511.12,152,61.42,500,200.98,-3642,-1464.33
300638.SZ,20180312,8789,3627.61,7215,2985.83,12291,5081.22,13381,5528.83,8360,3457.55,10585,4377.07,2485,1034.13,744,308.78,-2283,-930.5
300638.SZ,20180309,10191,4080.5,9828,3933.28,12269,4931.85,12905,5182.01,8896,3600.96,9046,3657.61,1899,757.18,1476,597.59,5488,2202.68
300638.SZ,20180308,4358,1683.33,4039,1562.31,4740,1831.67,5391,2083.37,2679,1035.82,3062,1183.21,716,278.06,0,0.0,-1,2.96
300638.SZ,20180307,6039,2326.06,7187,2770.46,10444,4024.5,8280,3189.16,4354,1677.82,5907,2276.07,735,283.41,198,76.11,-2096,-801.19
300638.SZ,20180306,11804,4570.59,11518,4463.19,10884,4211.21,13032,5063.78,6002,2341.32,5922,2318.8,3399,1365.79,1616,643.16,3023,1184.39
300638.SZ,20180305,4483,1640.28,5062,1855.27,4854,1774.93,5594,2048.26,2981,1095.74,1962,718.21,300,110.79,0,0.0,1096,405.65
300638.SZ,20180302,8206,3020.35,6287,2323.08,6436,2376.73,7036,2596.85,2913,1077.9,3804,1403.28,481,180.33,909,332.1,-1904,-692.02
300638.SZ,20180301,7847,2877.35,7952,2925.94,9241,3398.85,8402,3086.86,4786,1767.08,5110,1879.89,0,0.0,410,150.59,942,351.39
300638.SZ,20180228,8988,3276.46,9326,3414.11,8263,3013.32,8876,3241.67,5149,1890.38,4069,1481.07,571,212.13,700,255.43,-2862,-1042.57
300638.SZ,20180227,12643,4671.73,9966,3688.39,12528,4632.47,13101,4839.8,6819,2521.84,7853,2904.15,817,302.96,1887,696.66,213,83.53
300638.SZ,20180226,2419,806.34,3864,1290.63,4013,1339.72,3608,1205.05,1871,625.8,1286,428.91,455,152.72,0,0.0,2358,789.4
300638.SZ,20180223,4270,1373.06,2959,951.95,2913,937.98,4015,1292.37,659,212.95,868,279.68,0,0.0,0,0.0,-174,-53.3
300638.SZ,20180222,3770,1220.89,2922,948.12,2885,935.16,3640,1178.95,782,253.71,875,282.69,0,0.0,0,0.0,267,84.81
300638.SZ,20180214,2393,755.62,2183,690.27,2210,698.88,1809,571.87,518,164.18,664,209.58,0,0.0,465,146.96,-657,-207.48
300638.SZ,20180213,4180,1341.35,3135,1008.47,3543,1139.85,3870,1243.17,635,204.58,1353,434.13,0,0.0,0,0.0,-1804,-578.1
300638.SZ,20180212,3290,1059.07,4029,1298.32,4718,1519.95,3890,1252.35,1652,531.61,1741,559.96,0,0.0,0,0.0,380,124.23
300638.SZ,20180209,5902,1856.03,5316,1676.57,5876,1846.99,5328,1675.94,1657,522.56,2791,873.07,0,0.0,0,0.0,-1423,-446.67
300638.SZ,20180208,5726,1854.83,7312,2367.99,6788,2197.06,7650,2478.98,3853,1249.83,2545,828.86,1201,394.35,61,20.24,1040,323.29
300638.SZ,20180207,4499,1354.02,3920,1183.7,4187,1260.26,4704,1417.15,1760,531.89,1689,506.4,0,0.0,133,38.92,-272,-79.13
300638.SZ,20180206,6173,1900.17,4075,1259.98,5178,1590.34,4831,1484.99,1994,603.95,3522,1065.13,0,0.0,917,284.35,-417,-128.27
300638.SZ,20180205,5577,1847.92,3918,1304.28,5622,1865.24,5985,1986.94,1331,437.04,2421,791.63,0,0.0,206,67.36,-730,-243.02
300638.SZ,20180202,3500,1227.4,2974,1044.51,3206,1124.62,3033,1062.21,930,326.0,1560,546.8,0,0.0,69,24.49,-874,-304.55
300638.SZ,20180201,3848,1374.13,3274,1167.83,3073,1093.38,5030,1791.04,3194,1136.39,2481,882.73,969,345.1,300,107.4,-3901,-1390.12
300638.SZ,20180131,4615,1708.35,3121,1163.98,3407,1256.06,3495,1292.77,1810,666.84,3086,1127.8,0,0.0,130,46.71,-1312,-491.27
300638.SZ,20180130,2912,1097.08,2481,935.6,2916,1098.31,3803,1430.68,2740,1031.86,1714,645.55,0,0.0,570,215.41,-1954,-738.49
300638.SZ,20180129,4915,1891.77,3271,1259.88,3760,1445.86,4295,1654.06,1338,517.21,2452,942.8,305,116.96,300,115.06,-3142,-1207.81
300638.SZ,20180126,5641,2240.38,3338,1331.37,3858,1542.24,5329,2123.0,1925,764.89,2757,1093.13,0,0.0,0,0.0,-3502,-1392.03
300638.SZ,20180125,4082,1655.03,3316,1345.55,5058,2052.13,5516,2237.74,2379,964.47,2937,1189.8,250,101.46,0,0.0,-2649,-1072.43
300638.SZ,20180124,4627,1864.81,5892,2379.65,6858,2776.26,8081,3264.85,4489,1818.85,3283,1333.54,1282,518.11,0,0.0,4170,1692.69
300638.SZ,20180123,3476,1368.19,2771,1091.07,2466,971.03,3108,1223.32,976,384.12,1043,410.53,4,1.59,0,0.0,-352,-136.61
300638.SZ,20180122,5662,2206.83,4070,1591.6,4462,1744.0,5450,2126.56,1349,524.73,1953,757.39,0,0.0,0,0.0,-1696,-656.93
300638.SZ,20180119,3679,1490.07,3172,1289.49,4568,1854.58,4782,1940.22,2133,868.28,2162,876.89,0,0.0,264,106.34,-588,-235.59
300638.SZ,20180118,4335,1745.36,2833,1141.1,5124,2063.95,5658,2279.35,1022,411.91,1772,713.3,0,0.0,218,87.47,-2375,-953.62
300638.SZ,20180117,5222,2156.09,4754,1968.51,7902,3267.6,7424,3068.59,3528,1459.67,3663,1517.61,264,109.9,1075,438.55,1374,570.65
300638.SZ,20180116,3666,1465.08,4355,1743.69,5886,2356.96,4964,1986.38,1784,714.77,2018,806.73,0,0.0,0,0.0,336,135.13
300638.SZ,20180115,6599,2621.64,4288,1705.76,5206,2070.26,6465,2571.64,2264,902.03,2965,1178.19,0,0.0,351,138.33,-4573,-1817.07
300638.SZ,20180112,6863,2839.19,4245,1757.01,7831,3238.95,7822,3235.98,1626,671.02,4359,1800.66,106,44.49,0,0.0,-4975,-2054.25
300638.SZ,20180111,7848,3355.1,8487,3634.32,11680,5000.53,12357,5289.94,5722,2458.3,4467,1910.14,519,221.18,458,200.72,2261,962.47
300638.SZ,20180110,7472,3099.34,5153,2140.46,9076,3769.38,10056,4169.79,3466,1435.05,4865,2018.63,60,25.12,0,0.0,-3755,-1554.5
300638.SZ,20180109,5250,2220.54,5510,2334.67,8117,3440.37,8210,3475.55,3014,1274.78,2934,1241.46,273,115.98,0,0.0,-142,-55.18
300638.SZ,20180108,9162,3852.82,5628,2369.86,10962,4610.21,11633,4893.33,4182,1757.47,6826,2865.8,0,0.0,219,91.51,-3634,-1519.3
300638.SZ,20180105,7029,3080.88,5200,2280.26,7954,3487.76,8893,3900.73,3749,1646.82,4398,1929.08,0,0.0,241,105.39,-3662,-1598.37
300638.SZ,20180104,11777,5202.48,6638,2933.3,14496,6404.54,13677,6042.08,5110,2256.98,10375,4583.35,0,0.0,693,305.27,-7203,-3176.39
300638.SZ,20180103,10313,4669.51,11013,4993.52,18513,8388.23,19109,8666.5,11425,5185.96,10038,4542.76,653,296.42,744,337.33,4361,1992.14
300638.SZ,20180102,8593,3812.74,5462,2428.02,10474,4654.72,9825,4368.37,4626,2058.39,7779,3452.37,29,12.89,656,289.98,-5075,-2249.0
300638.SZ,20191231,4963,3113.24,4976,3122.6,5771,3619.93,4708,2954.18,2766,1736.93,3864,2423.33,187,116.96,139,86.95,279,177.4
300638.SZ,20191230,7487,4594.19,6370,3935.83,7135,4388.22,8097,4981.98,4391,2707.69,5278,3236.47,1783,1113.12,1050,648.93,-172,-87.27
300638.SZ,20191227,7724,4925.08,7750,4958.08,8872,5664.01,8362,5338.97,4261,2728.71,6060,3867.6,2255,1445.75,940,598.89,-3790,-2412.68
300638.SZ,20191226,5399,3458.85,3745,2402.47,4671,2992.74,5784,3705.15,2581,1656.79,3894,2494.83,1771,1132.55,1000,638.49,-4049,-2588.71
300638.SZ,20191225,5328,3440.28,4963,3208.71,6433,4159.09,5605,3621.35,3254,2104.91,4710,3043.15,304,195.64,42,26.71,-1183,-758.5
300638.SZ,20191224,4637,2976.4,5563,3576.12,6618,4253.94,6208,3993.06,6015,3869.86,5046,3239.81,796,510.29,1249,801.49,-632,-395.39
300638.SZ,20191223,11579,7514.03,6093,3956.09,10499,6810.12,9984,6474.93,4477,2907.19,9252,6007.42,918,595.77,2143,1388.67,-4244,-2758.84
300638.SZ,20191220,4954,3318.13,4364,2931.46,5305,3555.48,5990,4017.11,5001,3359.32,4492,3011.01,356,240.1,769,513.44,-1426,-948.41
300638.SZ,20191219,7554,5052.7,6588,4414.87,8394,5619.99,8946,5997.14,6780,4547.82,6316,4222.04,494,332.8,1373,919.27,-196,-110.12
300638.SZ,20191218,9418,6335.08,7696,5179.38,9236,6202.71,9874,6641.73,8796,5926.11,10165,6839.77,1113,755.32,828,558.33,1849,1262.82
300638.SZ,20191217,11706,7891.32,10034,6758.01,12747,8589.22,13995,9421.13,11296,7598.64,11676,7860.28,2051,1372.66,2095,1412.43,4876,3283.49
300638.SZ,20191216,8421,5450.25,8909,5773.22,11833,7660.55,13125,8497.28,11094,7183.13,11072,7163.78,3652,2362.59,1895,1222.25,813,548.83
300638.SZ,20191213,7050,4435.37,6658,4192.48,11047,6950.61,11309,7115.65,10967,6898.49,12097,7603.95,3428,2156.36,2428,1528.74,5889,3711.35
300638.SZ,20191212,5421,3370.05,5234,3262.7,8258,5140.35,7747,4822.73,5694,3548.84,7062,4396.84,2200,1378.35,1531,955.32,1660,1035.97
300638.SZ,20191211,5405,3338.38,4431,2739.62,5858,3617.62,6334,3910.78,4920,3041.02,4997,3086.94,585,360.6,1005,620.28,-4114,-2545.45
300638.SZ,20191210,5528,3413.53,4931,3050.22,7828,4834.22,6815,4211.42,5156,3186.11,6789,4189.96,1074,666.61,1052,648.86,55,43.11
300638.SZ,20191209,5026,3144.61,4688,2935.82,7066,4421.4,4955,3102.23,3911,2448.78,5731,3585.25,0,0.0,628,391.5,-2681,-1677.45
300638.SZ,20191206,6961,4354.22,5933,3712.74,7805,4885.05,7290,4564.13,5601,3508.71,7505,4700.07,1035,649.93,674,420.97,-2306,-1434.0
300638.SZ,20191205,5760,3562.3,9595,5942.69,11519,7129.7,11434,7086.74,9819,6095.22,7366,4563.82,4083,2531.74,2787,1725.71,5291,3299.84
300638.SZ,20191204,4177,2512.39,4109,2471.45,4875,2932.23,4057,2440.09,2546,1529.76,2719,1634.19,0,0.0,713,428.65,-2713,-1630.14
300638.SZ,20191203,5643,3374.83,6532,3921.26,5077,3051.69,6258,3753.97,5104,3074.34,3014,1813.53,0,0.0,20,12.09,3689,2213.61
300638.SZ,20191202,3939,2330.61,5524,3271.38,4551,2693.45,3853,2281.82,3401,2015.82,2769,1638.15,255,151.48,0,0.0,-2093,-1239.69
300638.SZ,20191129,4911,2882.58,4529,2661.81,5045,2964.29,4712,2770.31,1663,975.89,2078,1216.34,0,0.0,300,174.3,-1230,-723.9
300638.SZ,20191128,4706,2803.54,3814,2275.43,4151,2472.02,4780,2847.12,2220,1325.92,2482,1478.93,0,0.0,0,0.0,-2197,-1309.12
300638.SZ,20191127,5749,3466.58,6074,3663.28,4824,2907.78,4438,2675.59,1711,1031.23,1701,1023.89,0,0.0,71,42.84,-1285,-772.58
300638.SZ,20191126,8977,5433.07,7353,4453.21,6652,4026.94,8250,4997.07,3857,2335.64,3989,2411.07,459,279.26,353,213.56,636,382.74
300638.SZ,20191125,10763,6394.65,8251,4922.34,12034,7161.59,9594,5708.18,5767,3447.08,9235,5498.1,1006,599.31,2489,1474.01,-3403,-2044.92
300638.SZ,20191122,9479,6021.59,6432,4088.58,7629,4841.42,9072,5757.81,4889,3094.57,6880,4358.15,565,361.12,178,114.17,-1746,-1092.29
300638.SZ,20191121,7743,4893.72,5687,3592.67,8681,5481.66,8141,5142.6,5148,3246.12,6885,4345.77,401,252.23,1259,792.69,-2019,-1273.62
300638.SZ,20191120,5852,3851.64,6528,4303.34,9258,6098.14,8604,5668.71,5102,3367.92,5525,3639.32,625,412.82,180,119.14,-3501,-2300.88
300638.SZ,20191119,7372,4828.86,9025,5921.68,10691,7008.48,7826,5130.66,6774,4442.61,7662,5018.18,452,296.41,775,505.83,-2200,-1434.96
300638.SZ,20191118,7218,4723.96,9794,6423.19,10652,6972.03,10019,6562.77,8927,5860.23,6969,4563.17,683,446.84,699,453.92,-1062,-685.17
300638.SZ,20191115,11000,7089.1,9636,6228.85,13106,8472.22,13097,8456.75,8757,5668.97,10097,6523.63,1344,867.57,1377,888.62,2358,1536.5
300638.SZ,20191114,6581,4167.72,5960,3779.35,8016,5080.62,7137,4521.57,4554,2887.73,5933,3757.61,398,252.23,520,329.77,-481,-295.45
300638.SZ,20191113,7093,4444.98,8023,5035.2,8822,5534.55,8493,5331.07,5863,3686.4,5140,3225.35,541,340.79,662,415.11,1460,928.33
300638.SZ,20191112,9106,5648.29,8502,5283.86,9681,6014.91,9163,5692.76,4829,3006.88,5885,3654.81,128,80.33,194,118.99,-1925,-1186.2
300638.SZ,20191111,9068,5636.66,7209,4484.98,8171,5078.51,7339,4561.69,5258,3272.92,6896,4289.46,489,305.58,1542,957.55,-3310,-2056.73
300638.SZ,20191108,8945,5699.16,10274,6567.78,12849,8206.24,12683,8102.51,10121,6461.27,9508,6060.11,1225,789.77,674,426.03,-3916,-2489.71
300638.SZ,20191107,12562,7756.85,18458,11449.7,18504,11473.72,20963,13039.56,20260,12633.72,14760,9170.77,4238,2654.72,1384,858.98,8285,5148.79
300638.SZ,20191106,8254,4971.44,9830,5919.81,11905,7176.86,11606,6993.76,6893,4158.7,6384,3857.42,835,503.52,67,39.54,138,87.51
300638.SZ,20191105,6177,3662.74,6611,3924.15,7961,4722.83,8196,4863.41,5682,3374.04,5525,3275.93,511,303.88,0,0.0,47,33.29
300638.SZ,20191104,5800,3397.25,6378,3738.45,8133,4769.55,8428,4943.02,3713,2179.96,2951,1729.84,299,174.69,188,110.15,-1842,-1074.94
300638.SZ,20191101,5335,3067.21,6207,3577.23,5900,3406.24,5510,3179.29,2248,1299.92,1766,1016.85,0,0.0,0,0.0,1194,691.42
300638.SZ,20191031,6280,3622.2,5527,3188.95,4949,2857.6,6053,3495.91,3364,1939.97,2578,1486.87,0,0.0,434,248.04,-232,-131.71
300638.SZ,20191030,8232,4738.31,4860,2802.19,6322,3634.61,7709,4435.13,2935,1693.11,4558,2622.4,38,21.92,400,228.22,-2427,-1388.63
300638.SZ,20191029,11195,6609.39,7510,4450.2,12018,7114.9,13698,8104.53,5431,3221.37,6758,3993.88,57,34.14,735,431.19,-9660,-5709.8
300638.SZ,20191028,6556,3990.59,9686,5901.13,8491,5172.57,8704,5308.04,8676,5294.3,4623,2821.01,271,166.28,981,593.56,-363,-220.05
300638.SZ,20191025,5288,3117.14,5412,3190.2,5938,3500.75,5119,3020.79,3128,1845.0,3162,1863.58,0,0.0,661,388.32,1085,649.48
300638.SZ,20191024,4316,2556.71,4838,2868.8,3337,1976.84,3404,2015.29,1842,1092.75,1764,1045.53,717,424.23,206,120.91,-1064,-626.78
300638.SZ,20191023,5433,3245.94,4698,2809.7,4021,2403.13,4516,2699.59,1870,1118.57,1890,1127.43,200,118.47,420,249.4,-1331,-792.14
300638.SZ,20191022,5519,3305.51,6529,3915.33,7519,4507.61,6973,4181.37,4388,2638.48,2798,1677.77,0,0.0,1125,677.12,797,478.8
300638.SZ,20191021,8175,4746.45,7080,4120.81,7014,4069.1,5967,3462.09,3046,1771.35,4748,2744.69,784,448.43,1222,707.74,1080,635.38
300638.SZ,20191018,7873,4705.33,4585,2740.78,5855,3495.87,7071,4224.51,2568,1531.0,3947,2350.81,400,237.4,1094,653.49,-1722,-1022.03
300638.SZ,20191017,4918,2966.17,5339,3222.62,5367,3235.61,5632,3398.39,4043,2442.69,2451,1478.0,0,0.0,906,545.44,-41,-21.56
300638.SZ,20191016,11476,6924.99,7394,4466.12,9295,5604.28,10613,6399.81,4970,3001.63,7710,4651.26,831,503.83,856,517.53,783,480.63
300638.SZ,20191015,18901,11633.69,8644,5345.02,24688,15163.31,16169,9982.71,13362,8199.14,21960,13503.68,5550,3480.01,15727,9644.75,-13284,-8214.63
300638.SZ,20191014,7542,5008.21,7670,5100.06,9014,5986.97,9086,6036.93,7093,4716.9,6693,4444.64,1366,907.69,1567,1038.13,773,524.29
300638.SZ,20191011,6841,4472.63,5506,3601.27,7864,5141.72,7107,4646.19,5071,3317.02,5985,3913.26,1458,950.01,2636,1720.65,-2896,-1884.3
300638.SZ,20191010,7422,4863.84,9562,6272.03,10476,6880.71,10805,7093.12,8483,5569.7,6233,4095.14,2077,1362.99,1857,1216.95,3539,2326.85
300638.SZ,20191009,6726,4240.97,7501,4738.69,7367,4656.86,8013,5059.67,4226,2669.85,3162,1994.42,660,413.84,303,188.74,-1362,-839.6
300638.SZ,20191008,6330,4062.9,4785,3073.0,5390,3457.12,6171,3958.12,2611,1673.02,4169,2666.55,2328,1483.87,1534,979.25,-2659,-1691.82
300638.SZ,20190930,7072,4558.17,7045,4540.8,6561,4223.59,6680,4302.46,3252,2092.85,4825,3101.91,3041,1952.6,1376,882.03,-6813,-4374.89
300638.SZ,20190927,5860,3797.1,9263,6007.46,8299,5383.41,8293,5377.76,6606,4286.87,3519,2285.22,540,351.61,230,148.56,-231,-147.61
300638.SZ,20190926,13215,8598.25,7749,5055.88,10001,6503.61,11620,7557.85,4248,2757.43,7715,5008.65,785,518.31,1166,755.23,-921,-573.2
300638.SZ,20190925,16329,10806.0,8813,5825.05,19010,12523.93,18722,12358.52,10095,6648.6,15648,10327.32,2906,1913.41,5156,3381.05,-6527,-4337.55
300638.SZ,20190924,9005,6302.28,6487,4546.4,10721,7514.68,9986,6994.37,7474,5242.5,9126,6396.3,1018,715.24,2618,1837.61,99,83.34
300638.SZ,20190923,9462,6486.43,5648,3879.01,11324,7772.96,12241,8397.45,6945,4771.34,12002,8234.04,3665,2508.76,1504,1028.99,-3942,-2681.23
300638.SZ,20190920,9975,7131.14,6971,5000.46,13237,9480.46,10385,7440.16,10102,7231.19,13550,9688.3,564,405.87,2972,2119.74,-4812,-3410.81
300638.SZ,20190919,5587,3936.64,6950,4907.99,9266,6538.25,9134,6443.79,7593,5364.05,8404,5935.58,2876,2039.54,834,591.1,3167,2255.06
300638.SZ,20190918,6714,4692.27,6289,4398.84,9222,6449.14,8528,5963.24,5016,3506.19,6265,4375.72,791,552.6,661,462.4,-1732,-1202.87
300638.SZ,20190917,12629,8846.37,6272,4397.94,14354,10050.29,13063,9153.87,8854,6207.53,14069,9847.12,768,535.83,3201,2241.08,-7127,-4979.87
300638.SZ,20190916,7877,5690.79,8546,6188.9,11663,8435.51,9807,7095.52,11581,8385.85,10507,7594.68,1275,924.15,3536,2557.2,-1535,-1088.48
300638.SZ,20190912,9055,6520.74,6351,4578.4,10280,7405.02,7964,5734.29,7409,5334.24,11765,8468.8,1653,1189.45,2318,1667.96,-2443,-1749.81
300638.SZ,20190911,16228,11950.55,8940,6626.67,16804,12391.74,14283,10566.63,15038,11145.6,20723,15267.09,2271,1658.08,6396,4685.57,-5336,-3900.0
300638.SZ,20190910,13504,10056.43,16689,12445.67,22412,16699.03,23305,17371.63,25333,18887.51,22292,16594.73,7550,5659.43,6513,4890.36,8040,6090.64
300638.SZ,20190909,12407,8830.29,16076,11459.81,18954,13494.76,20157,14363.96,23240,16587.2,18812,13419.71,6463,4599.08,6019,4267.85,13101,9358.71
300638.SZ,20190906,16185,11170.55,9484,6566.26,18353,12679.98,17901,12376.72,14615,10090.81,19385,13356.17,3763,2585.47,6146,4227.66,-8742,-5998.82
300638.SZ,20190905,18008,12818.28,12822,9162.71,25315,18059.08,24839,17726.77,21088,15055.25,25939,18496.68,6311,4523.22,7122,5069.66,-8885,-6249.14
300638.SZ,20190904,12220,8510.17,15082,10546.42,20849,14543.43,21468,15001.59,21875,15331.67,19182,13394.97,7912,5564.26,7125,5006.55,11643,8246.82
300638.SZ,20190903,15945,11086.66,12181,8513.86,23406,16305.6,19932,13908.07,18024,12580.84,21934,15265.07,3173,2214.72,6501,4500.81,1390,1019.53
300638.SZ,20190902,9707,6491.22,13432,9004.94,14415,9659.15,14007,9395.31,10877,7316.95,9194,6170.96,4395,2966.89,2759,1862.99,1362,927.03
300638.SZ,20190830,15527,10179.03,9818,6461.91,17390,11405.86,18911,12408.14,8940,5879.45,13647,8960.65,2917,1930.27,2397,1563.91,-5284,-3443.17
300638.SZ,20190829,11479,7646.29,8402,5619.15,13892,9269.42,12343,8236.6,7776,5214.14,10787,7210.81,1912,1279.09,3528,2342.37,37,49.38
300638.SZ,20190828,10356,6975.91,6755,4552.48,13163,8868.39,11290,7609.08,9176,6179.73,13231,8915.14,1730,1166.36,3149,2113.69,-2860,-1921.27
300638.SZ,20190827,9815,6748.77,12244,8433.06,15942,10967.46,17064,11750.09,14375,9914.51,9973,6867.72,2301,1591.43,3152,2171.31,981,701.82
300638.SZ,20190826,17192,11651.12,10918,7439.7,21343,14494.22,16480,11213.36,13541,9233.89,18348,12474.42,1663,1123.95,7993,5375.7,-7413,-5013.53
300638.SZ,20190823,13498,9196.86,15593,10696.06,20252,13848.66,23500,16133.7,20053,13808.43,18585,12715.5,6803,4690.91,2928,1999.6,3362,2409.2
300638.SZ,20190822,13207,8884.08,14279,9626.6,20743,13960.01,19049,12838.51,14186,9578.9,15017,10117.57,2166,1467.8,1957,1308.12,-652,-405.66
300638.SZ,20190821,13007,8595.24,13760,9115.06,19326,12794.93,17261,11429.61,11503,7631.02,14225,9411.26,2996,1984.63,1586,1049.9,-184,-111.03
300638.SZ,20190820,23702,15764.83,15645,10434.61,31159,20774.17,29642,19728.08,23949,15988.64,28895,19240.3,4752,3169.44,9378,6294.09,1404,948.51
300638.SZ,20190819,10624,6480.33,13381,8242.24,15674,9584.86,20812,12831.03,16560,10176.54,18197,11209.13,15434,9701.24,5901,3660.56,-2272,-1526.46
300638.SZ,20190816,9675,5659.51,7359,4322.22,11990,7021.87,9759,5718.75,5387,3155.53,9247,5397.81,730,428.17,1417,826.29,25,22.47
300638.SZ,20190815,9478,5482.42,6840,3968.83,12129,7021.45,11458,6639.97,6235,3626.39,8398,4862.04,1360,785.77,2506,1445.18,878,502.45
300638.SZ,20190814,12335,7470.88,10725,6543.83,17856,10867.15,16581,10108.41,10939,6669.02,12244,7409.21,466,283.58,2046,1229.18,-4112,-2495.49
300638.SZ,20190813,10534,6251.83,8044,4781.84,13304,7898.64,12137,7206.28,5996,3564.43,8924,5297.24,944,561.68,1673,991.21,-5388,-3184.71
300638.SZ,20190812,8722,5139.55,13240,7818.51,15133,8934.35,14469,8558.04,12817,7602.48,12224,7235.85,4806,2851.14,1544,915.12,8369,4997.81
300638.SZ,20190809,11820,6897.38,9770,5711.3,14719,8595.52,13836,8076.34,7848,4594.95,10171,5945.04,1429,837.29,2040,1192.45,-4762,-2745.17
300638.SZ,20190808,9555,5529.02,13577,7881.43,14743,8569.45,16098,9386.63,12064,7044.33,9597,5583.35,3684,2160.1,773,451.48,6009,3504.26
300638.SZ,20190807,7547,4274.1,8845,5013.5,8823,5002.56,8748,4958.85,6975,3954.14,5324,3018.03,1173,665.56,1600,905.98,-1451,-813.25
300638.SZ,20190806,11588,6445.09,8811,4917.32,9829,5461.09,11443,6367.65,6343,3521.76,7482,4145.04,2623,1458.81,2648,1456.75,3586,2001.62
300638.SZ,20190805,12343,7007.92,8162,4670.71,11062,6302.37,10442,5949.8,7522,4287.09,10484,5946.7,851,484.37,2690,1514.54,-1872,-1056.5
300638.SZ,20190802,9063,5163.3,6418,3663.91,12309,7023.15,11076,6328.25,7079,4046.0,9748,5564.94,1048,601.61,2257,1276.98,820,466.02
300638.SZ,20190801,9912,5777.82,8178,4783.06,11612,6787.75,12379,7231.31,5072,2969.08,6053,3531.21,256,151.24,242,140.31,1380,831.89
300638.SZ,20190731,7167,4207.61,8114,4770.64,9909,5821.85,8387,4928.39,4077,2397.97,4615,2708.57,563,331.4,598,351.23,-6,-0.29
300638.SZ,20190730,9228,5408.61,9205,5397.82,11248,6592.64,9862,5782.4,7183,4214.13,7943,4656.57,1315,771.53,1964,1150.13,-1952,-1135.69
300638.SZ,20190729,10047,5843.85,11882,6913.61,13907,8101.63,16389,9553.11,11197,6532.73,7961,4645.45,1993,1163.91,911,529.95,5929,3465.9
300638.SZ,20190726,8395,4730.91,8041,4536.69,8142,4589.35,6589,3714.86,4484,2527.15,5797,3262.31,921,517.75,1514,851.29,-3287,-1843.53
300638.SZ,20190725,13440,7693.29,8698,4992.97,12556,7201.43,10366,5946.02,8801,5045.21,9247,5290.76,2323,1328.3,8810,5038.49,-1113,-618.26
300638.SZ,20190724,11634,6638.11,13755,7844.11,15214,8690.02,13971,7983.04,8312,4740.73,7250,4144.18,3057,1745.02,3241,1842.54,6973,4010.13
300638.SZ,20190723,13199,7278.32,12224,6745.82,15651,8640.51,16204,8959.34,7809,4322.82,9125,5031.97,3622,1979.07,2729,1483.58,6300,3467.83
300638.SZ,20190722,8293,4435.66,7722,4137.62,8238,4404.13,9200,4918.92,5543,2956.35,4312,2303.05,1096,587.01,1936,1023.57,-3351,-1792.34
300638.SZ,20190719,10349,5695.59,9915,5464.43,9948,5470.48,8804,4843.72,4924,2708.44,6340,3481.1,877,485.62,1039,570.89,-3180,-1745.56
300638.SZ,20190718,14641,8154.42,11308,6308.31,15714,8737.62,14199,7901.53,8839,4908.9,9864,5472.59,1271,706.71,5093,2825.23,-5559,-3078.05
300638.SZ,20190717,13539,7889.99,12106,7063.72,16030,9349.44,13055,7616.7,7346,4285.26,9605,5586.18,2234,1300.17,4384,2558.27,-3584,-2044.38
300638.SZ,20190716,18761,11132.76,15813,9401.32,22401,13315.77,18145,10780.13,12081,7190.83,15144,9001.14,1354,804.67,5495,3261.44,-3596,-2120.94
300638.SZ,20190715,15769,9226.45,10245,6026.22,15179,8890.07,19645,11547.18,12302,7261.24,16461,9685.08,14123,8454.62,11022,6573.9,-1273,-823.6
300638.SZ,20190712,13319,7735.38,8690,5074.22,14766,8525.38,13378,7744.59,5588,3204.63,10404,5963.5,1010,565.42,2211,1248.5,-4352,-2499.64
300638.SZ,20190711,10654,6327.37,8454,5028.66,13352,7927.21,12918,7679.42,6721,3993.42,8166,4834.66,1811,1073.54,3000,1778.81,307,210.41
300638.SZ,20190710,10251,6028.9,6767,3989.44,12184,7156.45,11536,6783.14,4169,2455.96,7531,4414.6,1112,648.35,1882,1102.48,-4255,-2497.76
300638.SZ,20190709,10890,6510.26,9982,5977.42,13611,8144.91,15670,9388.93,8742,5251.55,8644,5168.65,3730,2241.15,2678,1612.89,-1674,-993.44
300638.SZ,20190708,10065,5957.84,7193,4270.71,12092,7163.65,13911,8243.51,6964,4130.63,10349,6128.32,5405,3210.82,3073,1820.41,-3381,-2004.64
300638.SZ,20190705,7665,4610.38,7737,4677.14,14542,8785.95,13713,8271.89,5682,3420.68,8443,5082.19,3934,2373.16,1929,1158.94,-1311,-766.23
300638.SZ,20190704,8445,5094.52,8298,5014.46,13010,7861.9,15670,9463.71,8436,5094.32,8359,5051.2,5494,3322.2,3056,1843.56,-1324,-775.67
300638.SZ,20190703,8480,5032.62,7598,4514.4,13283,7888.93,13397,7961.69,8771,5209.62,12043,7147.56,4405,2619.85,1901,1127.38,-4127,-2447.36
300638.SZ,20190702,11534,6741.64,13734,8046.73,17864,10466.3,23934,14036.86,16719,9816.56,13572,7958.44,8548,5052.3,3425,2034.78,3516,2141.41
300638.SZ,20190701,11831,6809.37,11982,6903.78,19934,11484.2,20637,11888.68,16314,9414.81,16080,9268.97,6269,3615.22,5648,3262.18,-6144,-3516.44
300638.SZ,20190628,13018,7131.02,10545,5787.47,19578,10725.36,16304,8936.59,11797,6464.49,14920,8169.48,3620,1990.29,6243,3417.61,-3868,-2116.06
300638.SZ,20190627,13444,7321.03,17149,9352.62,22187,12102.14,26563,14513.19,22037,12063.06,19618,10746.15,9885,5482.28,4223,2356.55,17134,9464.88
300638.SZ,20190626,9156,4736.65,9513,4927.71,12242,6342.66,10562,5474.6,6570,3410.42,7233,3742.83,1200,619.31,1861,963.9,-2803,-1435.59
300638.SZ,20190625,12740,6620.14,8558,4476.17,15997,8320.94,19571,10176.14,10604,5544.25,10755,5609.71,715,378.82,1172,602.15,-1882,-1008.99
300638.SZ,20190624,12736,6681.5,11886,6254.49,17408,9145.02,16726,8780.73,10465,5493.44,10672,5613.95,2136,1134.8,3461,1805.59,-1553,-833.17
300638.SZ,20190621,15793,8233.42,13756,7146.68,19981,10397.82,22186,11547.87,14279,7396.2,13887,7205.71,3467,1810.4,3690,1937.57,6388,3326.96
300638.SZ,20190620,11779,5775.11,13426,6595.75,16271,8003.64,16266,7984.24,11834,5811.21,10508,5169.56,3167,1563.03,2850,1403.43,7289,3589.16
300638.SZ,20190619,9543,4598.22,9585,4622.34,11153,5371.99,16720,8059.72,11681,5628.54,11296,5444.98,5685,2748.39,460,220.1,850,414.55
300638.SZ,20190618,4390,2007.54,4097,1875.85,5719,2616.88,6697,3065.01,3426,1571.16,2666,1221.31,226,103.81,300,137.22,-277,-125.09
300638.SZ,20190617,7738,3527.51,6458,2952.67,8392,3826.45,8970,4088.98,4971,2272.3,4795,2187.77,23,10.41,900,407.26,-40,-18.67
300638.SZ,20190614,10169,4776.45,8051,3793.22,10598,4982.89,12018,5634.06,6553,3071.32,6707,3153.82,624,295.95,1168,545.52,-7221,-3387.24
300638.SZ,20190613,9607,4636.58,7872,3802.95,13186,6367.95,13540,6539.53,6097,2947.67,7171,3462.64,230,111.55,537,258.63,-4503,-2165.06
300638.SZ,20190612,13746,6696.15,14493,7074.07,18880,9217.54,22426,10946.26,17755,8682.35,13479,6581.15,1086,526.8,1068,521.37,-994,-470.12
300638.SZ,20190611,10124,4688.49,10514,4890.54,14430,6702.69,16128,7497.02,9024,4221.81,7764,3606.92,1948,911.45,1120,529.96,5747,2702.84
300638.SZ,20190610,8784,4008.63,9133,4176.89,11659,5324.57,12635,5777.54,9319,4264.54,7679,3503.13,1210,545.3,1525,685.49,2507,1154.59
300638.SZ,20190606,15776,7329.5,13071,6093.7,20159,9378.32,20674,9619.72,11742,5480.79,13569,6303.81,441,203.75,803,375.13,-8323,-3850.44
300638.SZ,20190605,17153,8335.88,20798,10113.89,25904,12625.37,23423,11431.25,13361,6527.12,13766,6711.68,2231,1097.39,663,328.94,-4159,-1996.86
300638.SZ,20190604,19222,9164.15,21089,10051.06,29957,14267.67,27823,13250.75,18531,8836.46,20297,9686.55,2047,978.99,547,258.91,12973,6187.03
300638.SZ,20190603,11831,5295.84,11375,5100.34,15918,7162.09,12642,5683.47,7523,3399.54,9296,4194.98,0,0.0,1960,878.68,3363,1537.13
300638.SZ,20190531,10126,4602.35,7441,3377.21,8673,3938.79,8106,3685.07,3799,1723.14,5978,2719.15,226,101.47,1299,584.32,3290,1505.99
300638.SZ,20190530,10053,4523.52,9704,4367.64,10096,4547.26,8707,3921.97,5905,2656.8,6354,2857.36,1925,865.07,3215,1445.68,-409,-177.57
300638.SZ,20190529,8510,3964.55,9604,4470.74,8744,4072.25,7683,3580.48,4092,1908.31,4300,2005.06,486,226.89,245,115.71,130,71.05
300638.SZ,20190528,10481,4881.89,11223,5229.35,10620,4946.98,9922,4619.0,6973,3251.16,7198,3357.3,269,125.62,0,0.0,-1266,-574.31
300638.SZ,20190527,13222,6082.44,9831,4524.77,12540,5785.01,12093,5575.43,5974,2763.75,9915,4580.65,879,407.06,776,357.42,7351,3408.58
300638.SZ,20190524,12578,5650.47,9197,4130.83,9440,4233.01,10233,4586.0,3067,1373.4,5168,2316.97,750,332.87,1236,555.96,2590,1162.23
300638.SZ,20190523,12900,5847.82,11971,5440.1,16082,7296.79,14325,6500.08,10320,4685.08,12288,5573.02,2916,1306.13,3634,1622.63,-11152,-5066.46
300638.SZ,20190522,12427,5936.02,14193,6786.17,16791,8038.53,15739,7535.4,11347,5444.13,11599,5562.65,1266,609.07,300,143.53,3638,1748.73
300638.SZ,20190521,10965,5080.03,13577,6290.93,14753,6853.99,13325,6198.67,10683,4972.22,9867,4591.29,898,418.88,529,244.23,1831,857.13
300638.SZ,20190520,10816,4865.72,10296,4643.06,14229,6410.45,12173,5496.03,6968,3129.99,7217,3243.96,1667,763.07,3995,1786.18,573,249.7
300638.SZ,20190517,15682,7326.64,9320,4348.34,13368,6239.35,14836,6924.18,9437,4389.62,13396,6250.53,1354,631.66,2289,1064.24,-2422,-1095.8
300638.SZ,20190516,13155,6079.7,9559,4427.4,14863,6852.93,16019,7388.46,8583,3962.69,9851,4543.16,0,0.0,1172,536.29,-8134,-3757.97
300638.SZ,20190515,7719,3697.73,9787,4698.06,9969,4783.71,11616,5575.49,8834,4245.34,7916,3802.35,3565,1717.51,768,368.39,-924,-439.25
300638.SZ,20190514,9817,4645.68,9135,4326.09,10228,4847.1,9379,4446.3,7219,3428.96,8716,4130.28,1448,683.42,1482,702.49,4494,2142.11
300638.SZ,20190513,10977,5209.0,10683,5070.53,12130,5760.28,11767,5593.15,7179,3411.06,8884,4215.27,1320,627.31,272,128.7,-5961,-2820.72
300638.SZ,20190510,13553,6340.16,14306,6718.71,16524,7754.48,19229,9018.79,15536,7292.99,11452,5374.68,2193,1034.54,2819,1310.0,6885,3247.87
300638.SZ,20190509,11206,5086.24,10377,4713.68,13056,5926.2,9741,4420.87,5408,2457.06,8572,3887.3,424,189.97,1404,637.62,-4608,-2084.77
300638.SZ,20190508,18843,8625.38,9719,4436.61,18466,8425.15,18558,8480.55,9078,4136.85,15987,7307.68,1246,576.12,3369,1538.67,10049,4595.47
300638.SZ,20190507,12518,5524.43,10325,4560.92,18603,8217.72,15360,6770.49,16447,7256.84,19104,8441.57,5728,2550.69,8506,3776.7,1401,603.36
300638.SZ,20190506,5767,2728.63,2560,1212.66,5984,2831.46,6132,2906.9,4381,2080.16,6145,2909.91,1595,752.47,2889,1363.26,190,85.03
300638.SZ,20190430,8860,4639.21,8639,4532.16,12383,6485.71,10454,5471.69,6764,3544.57,8105,4240.75,1180,612.81,1989,1037.72,-2827,-1473.17
300638.SZ,20190429,12860,7118.95,8638,4785.37,11926,6597.77,12833,7102.63,7769,4320.5,9311,5177.56,1466,821.72,3239,1793.37,-312,-139.61
300638.SZ,20190426,9014,5067.67,5808,3264.15,11035,6207.24,10662,5992.33,7736,4349.99,9687,5453.32,1041,586.05,2669,1501.14,-1803,-974.0
300638.SZ,20190425,9179,5277.17,6574,3793.38,11789,6777.41,10816,6217.97,7704,4426.94,10401,5963.87,673,380.46,1554,886.76,-4462,-2543.95
300638.SZ,20190424,6971,4084.42,7026,4122.26,10911,6402.27,11533,6765.38,8612,5057.19,7176,4209.96,873,512.37,1631,958.65,1458,862.42
300638.SZ,20190423,12155,7210.85,7184,4257.01,14802,8776.03,13920,8236.3,8667,5100.32,12645,7501.09,829,488.36,2705,1581.17,-6807,-4011.26
300638.SZ,20190422,15862,9819.96,8791,5472.72,20730,12872.14,18254,11324.18,11153,6902.71,17096,10604.66,3770,2326.22,7375,4519.48,-5580,-3398.22
300638.SZ,20190419,12112,7760.69,10017,6429.64,16149,10357.03,16576,10627.49,13213,8464.28,15379,9850.81,2135,1368.43,1638,1042.48,-2204,-1414.58
300638.SZ,20190418,15085,10158.83,11545,7820.63,25376,17144.57,20218,13637.48,19111,12911.14,22569,15196.09,4330,2950.85,9572,6511.18,-3915,-2564.99
300638.SZ,20190417,14634,10298.77,14169,9972.74,24006,16916.16,23336,16482.01,26047,18449.99,27029,19112.41,12197,8724.01,12350,8821.75,-3836,-2548.48
300638.SZ,20190416,6772,4325.69,9856,6330.92,15876,10178.79,18158,11709.14,18420,11888.56,19494,12613.24,11489,7569.0,5051,3308.74,7503,4823.08
300638.SZ,20190415,10814,6693.95,8778,5434.38,14185,8780.77,14856,9192.72,13061,8069.48,16285,10111.91,4475,2805.48,2617,1610.66,5218,3281.07
300638.SZ,20190412,9171,5417.53,6873,4068.9,13074,7736.37,10560,6227.61,9004,5315.15,10014,5946.26,1462,860.13,5265,3086.41,-3119,-1845.35
300638.SZ,20190411,7769,4763.86,6243,3841.52,10630,6525.57,10553,6478.92,10221,6271.46,9907,6057.35,1031,627.12,2949,1810.21,-251,-118.01
300638.SZ,20190410,9497,5834.52,7887,4860.55,12535,7711.54,12309,7574.1,6910,4261.3,8203,5046.69,629,389.17,1173,715.19,-1865,-1127.6
300638.SZ,20190409,10196,6145.79,9044,5472.97,17753,10713.98,16032,9692.27,10905,6622.0,15397,9296.24,3400,2074.86,1781,1095.16,9112,5495.12
300638.SZ,20190408,9531,5557.76,4492,2633.22,11520,6699.54,11368,6625.18,10811,6238.18,13541,7827.13,1275,729.57,3736,2139.53,-4441,-2587.53
300638.SZ,20190404,5912,3608.68,3897,2382.06,7809,4769.12,8699,5310.57,6417,3915.82,7491,4572.06,1122,686.83,1173,715.76,-2787,-1678.84
300638.SZ,20190403,8826,5475.79,4931,3063.19,13111,8140.97,11290,7012.65,9183,5707.84,12620,7828.42,1434,877.55,3712,2297.89,-8269,-5102.38
300638.SZ,20190402,7898,5110.93,8701,5631.72,12546,8123.02,15879,10272.48,16210,10503.0,13906,9001.89,6357,4107.99,4525,2938.85,5878,3831.39
300638.SZ,20190401,6728,4137.1,9230,5681.97,13095,8055.03,13785,8479.37,14435,8876.44,11436,7028.19,2310,1420.71,2116,1299.74,953,594.23
300638.SZ,20190329,7454,4319.68,9155,5353.27,16138,9432.8,15656,9177.39,12043,7104.43,12225,7179.83,2592,1552.03,1191,698.45,3380,2086.46
300638.SZ,20190328,8795,5116.35,7670,4457.36,13812,8049.86,14476,8411.94,12540,7323.2,11543,6745.16,1235,718.36,2693,1593.31,3578,2138.88
300638.SZ,20190327,8765,4986.63,8153,4644.32,12127,6916.29,12375,7062.08,7850,4495.48,7745,4423.2,890,506.25,1360,775.05,359,238.63
300638.SZ,20190326,10631,6009.1,5654,3202.83,13558,7672.63,14856,8405.63,8468,4763.63,11258,6354.33,2074,1172.32,2962,1654.9,-3606,-2034.7
300638.SZ,20190325,8327,4764.24,4241,2429.96,11550,6610.3,11424,6541.84,7314,4180.69,9619,5498.22,2050,1173.94,3957,2259.15,-5443,-3096.76
300638.SZ,20190322,8726,5168.16,4986,2958.31,13305,7880.55,11986,7096.3,8294,4905.29,10865,6434.7,1442,857.16,3931,2321.84,-5186,-3062.41
300638.SZ,20190321,6565,4044.04,5971,3697.59,12580,7769.74,11453,7071.39,8602,5308.5,11569,7142.44,3001,1870.01,1755,1080.89,506,328.54
300638.SZ,20190320,6730,4154.37,5254,3246.08,10215,6307.43,11210,6928.85,7538,4660.52,8112,5008.87,1138,705.48,1045,644.01,-1553,-943.7
300638.SZ,20190319,7996,4969.94,9389,5844.48,17980,11184.82,14559,9052.42,12403,7700.68,15652,9753.09,3709,2346.32,2486,1551.77,-492,-286.92
300638.SZ,20190318,8140,4674.27,7830,4519.0,14244,8214.76,17206,9938.82,12681,7361.25,12701,7333.55,4501,2605.96,1829,1064.85,7,68.82
300638.SZ,20190315,8576,4914.9,5937,3427.84,14583,8387.37,12921,7437.08,9751,5624.57,11109,6376.98,521,292.86,3463,1977.82,-2617,-1465.64
300638.SZ,20190314,8838,5097.5,7958,4615.28,16481,9555.83,18159,10508.34,15558,9019.45,15276,8822.07,3101,1766.09,2586,1493.18,1265,796.29
300638.SZ,20190313,10881,6397.13,6918,4072.43,17594,10361.02,13796,8111.99,12931,7618.6,17485,10274.91,3296,1919.71,6502,3837.14,-9088,-5312.18
300638.SZ,20190312,11203,6735.79,9114,5464.66,19851,11905.41,17919,10725.12,22745,13633.29,22828,13751.21,6751,4059.7,10689,6393.2,1955,1268.62
300638.SZ,20190311,10527,6095.46,8082,4698.65,19141,11109.14,17673,10275.37,19167,11173.45,24397,14163.82,13952,8128.07,12633,7368.27,-1498,-931.54
300638.SZ,20190308,2575,1369.65,7964,4262.04,6557,3482.13,13319,7102.96,11680,6217.59,14733,7883.18,21858,11719.14,6654,3540.34,-3837,-2112.25
300638.SZ,20190307,12075,5976.49,9308,4618.01,17848,8848.25,16662,8260.03,13947,6912.22,17252,8543.9,3576,1775.66,4225,2090.67,-8697,-4300.88
300638.SZ,20190306,11196,5566.19,11302,5635.28,20253,10100.92,20420,10168.12,20351,10136.75,23110,11507.53,8761,4367.43,5730,2860.36,-1604,-766.6
300638.SZ,20190305,11991,5599.49,10366,4834.11,20421,9549.42,19212,8957.92,18691,8740.8,21093,9886.38,4044,1887.78,4475,2099.08,936,479.74
300638.SZ,20190304,10987,5034.58,11920,5471.03,22655,10382.85,23405,10732.29,21478,9839.76,26576,12197.56,13192,6115.09,6411,2971.4,6335,2911.62
300638.SZ,20190301,14437,6319.19,11886,5211.31,25567,11193.78,22319,9788.78,24080,10591.88,29383,12851.64,5681,2523.54,6178,2776.67,-3893,-1643.66
300638.SZ,20190228,8114,3382.97,10790,4533.63,17214,7170.23,20842,8727.19,18494,7751.35,17178,7187.16,7959,3399.45,2970,1256.03,5507,2344.54
300638.SZ,20190227,14653,6039.81,15165,6262.38,26699,11047.69,24747,10213.56,25363,10489.79,29658,12231.85,9466,3868.99,6612,2738.5,-6071,-2397.87
300638.SZ,20190226,7744,3166.23,8343,3417.57,14028,5736.62,19133,7835.36,17393,7135.9,22164,9090.93,21774,8948.13,11298,4643.02,-23130,-9506.85
300638.SZ,20190225,3574,1312.95,5252,1937.87,8896,3275.8,6547,2413.69,9241,3409.92,7887,2903.84,5681,2102.11,7706,2845.39,1826,643.36
300638.SZ,20190222,14783,4885.15,16613,5490.94,22420,7353.67,23500,7767.14,15192,5034.7,14972,4949.85,5535,1877.61,2846,943.2,13331,4449.21
300638.SZ,20190221,12632,3880.67,14804,4563.58,22548,6957.72,20759,6398.17,20888,6466.48,21372,6612.35,1949,607.27,1082,338.05,2331,708.82
300638.SZ,20190220,7434,2223.44,10023,3003.92,12178,3645.66,13255,3965.83,10826,3244.1,7117,2130.22,380,113.89,424,127.11,-182,-48.59
300638.SZ,20190219,12298,3645.61,9184,2724.11,11454,3396.57,13322,3949.63,6819,2018.9,8504,2517.24,1180,349.74,741,219.84,-5908,-1747.31
300638.SZ,20190218,12464,3687.63,15150,4495.85,18120,5370.84,16978,5035.16,15272,4530.78,14516,4298.37,2114,631.83,1326,391.71,1912,589.15
300638.SZ,20190215,12210,3563.49,16496,4815.4,18998,5551.64,20326,5942.84,19652,5751.93,15072,4410.92,3964,1163.23,2929,861.13,9983,2926.34
300638.SZ,20190214,11975,3395.94,7190,2040.32,8859,2514.87,9998,2836.76,1977,561.26,5623,1595.0,0,0.0,0,0.0,-531,-146.85
300638.SZ,20190213,9918,2829.68,10225,2921.28,15273,4363.4,12333,3523.25,7220,2065.93,9740,2782.21,97,27.83,209,60.09,7592,2173.91
300638.SZ,20190212,7135,1996.33,7497,2100.61,8853,2481.67,8378,2347.42,5507,1545.46,6025,1689.53,858,240.79,452,126.7,3078,866.61
300638.SZ,20190211,6482,1781.82,8860,2436.03,10358,2844.9,7876,2167.14,4437,1220.96,4540,1244.51,0,0.0,0,0.0,6029,1664.98
300638.SZ,20190201,4090,1086.9,6645,1767.88,6447,1716.05,5260,1400.31,2372,631.96,1096,291.29,92,24.56,0,0.0,162,43.89
300638.SZ,20190131,6847,1805.47,5698,1505.2,5699,1502.92,7313,1927.73,1737,458.92,1272,334.38,0,0.0,0,0.0,-2246,-588.5
300638.SZ,20190130,5990,1591.96,5425,1444.2,4447,1182.64,5798,1540.09,1746,464.41,1961,520.72,1000,266.0,0,0.0,-4421,-1170.61
300638.SZ,20190129,8282,2207.42,5645,1509.92,6938,1851.45,7310,1953.02,2468,663.64,4764,1267.88,31,8.31,0,0.0,-724,-189.03
300638.SZ,20190128,9755,2651.81,5255,1430.75,7230,1963.64,8825,2399.9,1315,354.24,3820,1032.54,0,0.0,400,106.5,-4320,-1170.23
300638.SZ,20190125,8904,2493.5,5258,1474.37,6797,1904.22,7895,2212.35,1913,535.69,4461,1246.69,0,0.0,0,0.0,-3358,-938.99
300638.SZ,20190124,8835,2502.1,8331,2365.17,8755,2484.46,9494,2693.15,4184,1189.67,4349,1232.66,400,114.74,0,0.0,1111,316.87
300638.SZ,20190123,7747,2172.81,3818,1072.49,5741,1607.8,6093,1708.13,1643,460.5,4756,1330.99,1500,420.15,1964,549.65,-3071,-859.82
300638.SZ,20190122,9716,2773.23,5578,1595.04,7750,2216.66,8485,2424.92,1876,535.04,4866,1388.18,0,0.0,413,116.79,-1214,-340.33
300638.SZ,20190121,7964,2283.69,9733,2794.82,10229,2934.51,10642,3054.58,5435,1564.91,4327,1244.31,1514,438.16,440,127.56,2307,669.99
300638.SZ,20190118,7429,2089.35,6348,1788.58,7850,2209.82,7332,2063.74,2815,793.73,4687,1316.94,273,76.35,0,0.0,-3841,-1078.42
300638.SZ,20190117,9099,2573.46,8101,2296.02,9198,2604.56,9409,2662.0,2651,751.32,3439,971.31,0,0.0,0,0.0,-2237,-631.24
300638.SZ,20190116,14999,4322.87,13723,3960.75,19119,5516.24,17749,5120.48,9501,2747.14,11337,3270.67,791,228.2,1600,462.54,99,46.05
300638.SZ,20190115,8259,2311.16,11732,3290.26,9298,2608.6,7326,2055.89,4974,1400.6,3555,997.04,81,22.83,0,0.0,188,57.04
300638.SZ,20190114,9532,2640.35,7087,1967.4,8319,2313.97,10019,2781.14,2008,558.74,3405,946.68,653,182.17,0,0.0,-952,-251.16
300638.SZ,20190111,9286,2629.76,10853,3076.4,12193,3459.73,11247,3194.93,4361,1241.45,4090,1159.97,350,100.34,0,0.0,-236,-54.62
300638.SZ,20190110,8480,2361.4,10232,2855.79,11420,3188.68,11091,3095.74,5524,1547.37,4276,1194.66,175,48.74,0,0.0,2932,822.65
300638.SZ,20190109,8824,2447.51,9012,2504.67,8753,2434.1,8428,2340.88,2912,811.42,3201,890.12,509,143.28,358,100.64,1414,398.69
300638.SZ,20190108,8067,2232.86,6504,1799.63,6564,1816.38,6916,1912.91,1781,491.32,2993,828.01,0,0.0,0,0.0,-3379,-931.55
300638.SZ,20190107,9083,2506.78,9343,2576.39,8467,2333.93,8126,2242.05,2248,620.12,2328,642.39,0,0.0,0,0.0,1689,465.59
300638.SZ,20190104,9692,2557.8,9513,2517.61,6287,1662.46,6433,1698.27,2620,697.22,2653,701.6,0,0.0,0,0.0,583,155.99
300638.SZ,20190103,14081,3792.35,8896,2398.72,11216,3018.63,14183,3821.92,4355,1180.71,6102,1640.06,0,0.0,471,130.98,-5968,-1619.34
300638.SZ,20190102,9681,2747.99,11678,3314.9,11027,3131.53,11765,3340.46,5800,1645.78,3065,869.94,0,0.0,0,0.0,3104,883.77
300638.SZ,20201231,15789,9457.71,15244,9151.65,19787,11868.51,17748,10643.9,13001,7802.13,12235,7327.52,3440,2055.73,6792,4061.01,5777,3450.76
300638.SZ,20201230,15270,8793.18,15125,8732.41,17398,10033.4,18247,10518.11,11791,6820.55,12010,6935.29,1933,1120.79,1010,582.12,-2630,-1505.99
300638.SZ,20201229,21673,12390.35,19904,11374.32,29562,16966.46,27931,15981.27,20361,11697.61,17588,10136.22,11870,6938.19,18042,10500.79,28726,16631.76
300638.SZ,20201228,17875,9755.82,14001,7668.16,21627,11813.78,17786,9710.39,12963,7050.95,16322,8874.91,1736,946.07,6093,3313.15,-15219,-8319.88
300638.SZ,20201225,11057,6293.09,11050,6286.07,11150,6350.22,10520,5993.1,7670,4368.47,7701,4384.57,412,235.03,1017,583.08,-7542,-4283.84
300638.SZ,20201224,9799,5764.29,9985,5877.34,13205,7769.45,12920,7604.83,9695,5709.31,9928,5842.81,967,568.51,832,486.59,1754,1044.02
300638.SZ,20201223,11167,6484.87,10738,6236.9,14304,8307.37,14504,8428.52,7428,4314.94,7010,4066.96,2143,1245.51,2790,1620.31,3080,1811.7
300638.SZ,20201222,11568,6677.73,12072,6982.17,13962,8078.91,12179,7037.91,5549,3205.17,7091,4092.78,2426,1404.36,2162,1253.3,-6352,-3638.47
300638.SZ,20201221,14771,8548.4,11816,6802.51,15818,9151.36,14987,8674.47,8704,5025.29,10251,5940.53,2200,1282.19,4439,2589.73,12056,7007.7
300638.SZ,20201218,6880,3887.57,6782,3834.05,7561,4272.64,6067,3429.9,4472,2522.72,4719,2664.43,593,334.11,1939,1088.67,-6022,-3399.33
300638.SZ,20201217,9662,5458.7,10057,5685.81,9322,5268.58,7669,4336.07,4800,2720.46,5576,3155.5,617,348.21,1099,618.57,-2606,-1452.3
300638.SZ,20201216,11276,6510.9,10898,6300.77,10539,6085.89,12185,7033.37,9839,5689.78,7592,4385.76,795,458.95,1774,1025.61,-9144,-5252.02
300638.SZ,20201215,11495,6720.46,11693,6841.56,12900,7548.4,12789,7483.97,9175,5371.43,9460,5534.71,1723,1010.96,1350,791.01,5020,2944.75
300638.SZ,20201214,11842,6751.95,10130,5779.1,12715,7268.87,13990,7988.81,9968,5693.47,11609,6638.67,1846,1056.11,642,363.82,-41,-0.46
300638.SZ,20201211,10942,6151.31,11031,6214.37,8605,4837.74,8177,4600.56,7341,4135.19,6593,3702.17,987,558.05,2074,1165.19,-6370,-3586.27
300638.SZ,20201210,10585,6029.8,10231,5832.39,8694,4961.64,7656,4362.12,5262,2990.74,6277,3572.12,350,197.75,727,413.31,-2246,-1263.96
300638.SZ,20201209,10903,6358.93,11542,6737.34,13856,8093.05,14256,8328.34,10781,6303.82,8567,5002.1,1070,623.75,2245,1311.77,184,134.52
300638.SZ,20201208,9208,5343.63,6748,3916.33,7842,4548.27,6773,3927.63,3319,1923.67,5732,3322.47,0,0.0,1116,649.14,-1821,-1040.89
300638.SZ,20201207,9537,5563.89,8591,5012.44,8427,4917.08,7251,4231.12,5907,3447.9,6481,3781.92,0,0.0,1548,903.4,-524,-297.28
300638.SZ,20201204,6792,3957.99,6811,3970.52,7898,4602.47,8204,4782.77,5322,3102.25,4883,2846.31,438,256.18,551,319.3,1895,1111.37
300638.SZ,20201203,8008,4652.35,8093,4702.28,8898,5171.31,7554,4389.36,3778,2193.92,4532,2634.16,880,511.09,1386,802.87,-121,-63.34
300638.SZ,20201202,15441,9062.15,11793,6930.5,13851,8128.45,18508,10849.83,10141,5947.82,8402,4927.09,2452,1431.64,3181,1862.64,-6606,-3836.89
300638.SZ,20201201,10345,6053.03,14087,8251.97,14059,8231.77,13592,7962.1,11649,6833.71,7738,4532.4,2342,1375.31,2978,1747.35,6235,3659.78
300638.SZ,20201130,13610,7690.37,13041,7361.97,11780,6652.07,14437,8154.8,9287,5246.76,8444,4770.85,1249,700.86,4,2.43,4677,2667.92
300638.SZ,20201127,9799,5395.06,6443,3550.01,6034,3320.54,7059,3886.11,4067,2238.58,4910,2699.77,1320,726.66,2808,1544.95,935,519.57
300638.SZ,20201126,11080,6161.64,8536,4750.56,11245,6252.93,10276,5715.45,6154,3419.99,10967,6093.95,2526,1404.87,1226,679.49,-6111,-3382.83
300638.SZ,20201125,11201,6404.67,13952,8006.71,14278,8192.98,15814,9093.28,9152,5270.82,8198,4701.55,4335,2510.85,1002,577.78,-1748,-985.63
300638.SZ,20201124,5193,2924.75,4597,2592.91,5923,3338.44,5241,2954.26,1898,1069.75,2766,1555.66,200,112.6,609,342.71,-882,-496.76
300638.SZ,20201123,12294,6908.5,8115,4568.08,11553,6489.61,9493,5336.65,5062,2843.55,8292,4655.96,188,106.5,3198,1787.47,1013,566.95
300638.SZ,20201120,8183,4699.8,6875,3954.63,9090,5223.87,9477,5450.35,8711,5004.01,9002,5170.8,2219,1273.32,2848,1625.21,-3373,-1941.48
300638.SZ,20201119,10479,5992.93,13702,7839.09,14372,8222.89,14169,8111.92,12382,7090.33,9353,5346.38,2865,1649.31,2874,1658.06,4612,2646.96
300638.SZ,20201118,8487,4682.39,8264,4561.99,9241,5103.26,8040,4438.67,6393,3533.63,7036,3888.15,400,220.88,1182,651.36,-3392,-1865.91
300638.SZ,20201117,14068,7772.62,10697,5925.09,14961,8267.84,15387,8497.2,9900,5466.92,13097,7226.03,2915,1616.11,2663,1475.16,-8267,-4571.89
300638.SZ,20201116,12883,7290.37,9662,5485.49,11420,6481.84,13717,7772.98,8563,4851.5,9062,5119.83,1131,637.01,1557,882.42,302,173.78
300638.SZ,20201113,15028,8705.12,11255,6535.04,15982,9261.4,16343,9470.09,8670,5028.24,11766,6806.19,5668,3304.29,5984,3487.73,-14241,-8254.25
300638.SZ,20201112,12919,7681.29,11436,6808.89,12761,7593.67,13752,8172.46,6955,4151.19,9189,5458.99,3704,2178.36,1962,1164.18,-7713,-4530.4
300638.SZ,20201111,15172,9194.98,8761,5327.97,13779,8349.03,13822,8387.52,8551,5162.38,13045,7883.19,3038,1846.35,4911,2954.07,-9862,-5964.66
300638.SZ,20201110,18376,11566.89,10246,6455.85,19341,12182.95,18543,11682.95,10958,6911.23,20298,12784.5,6095,3839.64,5683,3577.41,-14302,-8982.67
300638.SZ,20201109,14885,9664.51,20275,13193.85,23052,14995.11,19241,12512.97,22512,14664.48,17802,11571.79,2501,1617.1,5632,3662.59,1474,965.76
300638.SZ,20201106,17799,11329.66,17562,11184.63,21012,13380.19,17434,11109.28,12959,8263.15,16521,10520.72,4409,2811.21,4663,2969.59,-4712,-2969.55
300638.SZ,20201105,19593,12234.16,25998,16320.5,29426,18442.3,34976,21947.99,28892,18169.85,18577,11622.84,6599,4198.36,4960,3153.35,6846,4402.91
300638.SZ,20201104,8493,5126.32,6127,3705.88,7208,4349.98,7277,4398.6,4071,2459.61,4966,2992.15,710,431.54,2112,1270.82,-1960,-1183.88
300638.SZ,20201103,10640,6425.43,14312,8650.17,12763,7714.4,12468,7541.91,9865,5977.8,6202,3755.01,3370,2028.88,3655,2199.42,2949,1788.56
300638.SZ,20201102,14342,8439.28,9815,5778.98,12149,7149.0,13480,7927.24,4940,2906.34,9223,5412.06,3146,1834.79,2060,1211.12,-1424,-813.76
300638.SZ,20201030,18221,10930.06,10693,6431.06,16835,10096.25,15427,9264.2,8634,5195.4,15160,9095.87,3718,2225.61,6128,3656.2,-3998,-2336.61
300638.SZ,20201029,12294,7454.84,10119,6150.98,15044,9133.01,14741,8948.99,12060,7338.28,15224,9240.91,4684,2839.28,3997,2424.52,-7892,-4773.95
300638.SZ,20201028,9596,5790.84,9205,5558.27,9274,5598.86,8585,5184.9,4388,2652.26,4938,2979.54,694,416.46,1224,735.71,-3657,-2198.78
300638.SZ,20201027,10844,6594.07,14045,8540.85,11710,7124.91,10559,6429.82,6781,4130.61,5816,3541.02,1346,822.21,260,160.11,1235,767.53
300638.SZ,20201026,11459,6814.14,10892,6483.23,11606,6898.73,10926,6504.1,6576,3916.45,6200,3685.98,1123,667.92,2745,1623.93,-3671,-2185.91
300638.SZ,20201023,11579,7404.69,5137,3287.33,9479,6060.58,14244,9119.74,8260,5293.21,10000,6400.42,3494,2235.13,3432,2186.13,-7965,-5076.41
300638.SZ,20201022,8930,5929.12,5665,3764.19,7569,5023.58,8933,5931.58,6363,4219.98,8787,5824.43,3208,2122.19,2685,1774.67,-2894,-1924.41
300638.SZ,20201021,7923,5317.19,8550,5744.5,8640,5802.49,8243,5537.84,7699,5173.69,6581,4415.91,1932,1298.8,2820,1893.93,-5093,-3413.07
300638.SZ,20201020,6611,4471.63,5545,3754.65,6910,4677.78,6744,4564.57,5972,4041.82,6678,4516.35,381,258.7,907,614.36,1436,982.09
300638.SZ,20201019,8213,5568.08,6918,4693.13,9450,6408.15,8942,6062.66,5482,3714.1,6228,4220.82,1053,715.4,2112,1429.12,427,296.22
300638.SZ,20201016,10753,7239.8,12079,8134.36,12283,8272.1,13478,9081.68,15008,10109.68,12130,8169.25,2593,1737.26,2949,1973.56,-4299,-2900.38
300638.SZ,20201015,10324,7070.73,14095,9672.3,16353,11219.89,17000,11659.59,17720,12132.51,12499,8554.75,2855,1955.57,3658,2492.07,2549,1781.55
300638.SZ,20201014,16654,11282.95,13030,8868.83,18210,12361.7,16760,11392.32,17275,11758.53,15616,10612.99,4627,3145.39,11360,7674.43,3185,2142.58
300638.SZ,20201013,11724,7861.43,14780,9919.08,17674,11860.36,19309,12959.6,20088,13487.64,14195,9526.14,2173,1461.79,3376,2266.4,1695,1150.94
300638.SZ,20201012,13742,8818.55,16131,10363.97,21399,13737.93,20218,12965.58,14940,9600.96,16653,10691.9,6236,3987.56,3316,2123.56,6354,4171.1
300638.SZ,20201009,11445,6983.22,16064,9795.1,14725,8984.87,11234,6855.76,7642,4654.27,6322,3853.81,1200,733.04,1392,850.73,-4816,-2922.11
300638.SZ,20200930,9935,5986.75,10363,6250.0,8497,5122.01,7680,4629.52,5101,3075.66,5388,3246.18,1385,833.77,1486,892.49,-5050,-3042.4
300638.SZ,20200929,8240,4997.95,11245,6822.35,9648,5857.64,7323,4445.28,5989,3636.21,5667,3439.72,1148,695.93,791,480.38,416,254.4
300638.SZ,20200928,7169,4299.17,8082,4850.72,6516,3910.25,7850,4711.23,4345,2606.38,2914,1746.54,2052,1235.63,1237,742.94,-2647,-1585.81
300638.SZ,20200925,9869,5946.12,10520,6340.29,8350,5030.08,6951,4186.48,3456,2080.48,4134,2487.09,1285,773.63,1355,816.45,-2713,-1624.99
300638.SZ,20200924,10643,6475.9,10033,6108.58,9965,6071.16,11249,6842.2,5615,3416.54,6192,3767.8,3030,1834.68,1779,1079.7,-4937,-2985.13
300638.SZ,20200923,9973,6088.93,10424,6367.61,10720,6551.35,12178,7435.8,7756,4741.9,5463,3344.36,2169,1323.61,2553,1558.02,3519,2158.33
300638.SZ,20200922,10937,6616.46,13298,8068.22,13915,8435.37,15086,9153.21,11319,6883.72,8432,5114.34,2805,1699.97,2162,1299.74,715,422.24
300638.SZ,20200921,11733,7001.15,8345,4981.69,10462,6247.14,10932,6527.32,5634,3361.9,7267,4339.59,2061,1226.65,3347,1988.25,-4031,-2402.41
300638.SZ,20200918,11956,7234.69,12203,7392.2,13472,8155.85,14220,8614.85,10105,6124.64,6458,3910.03,1132,683.97,3783,2282.07,-1678,-1005.22
300638.SZ,20200917,12718,7642.73,17472,10514.53,15642,9420.22,15907,9579.45,14068,8480.79,9118,5478.85,3946,2353.62,3877,2324.54,1813,1115.96
300638.SZ,20200916,10447,6184.38,7978,4723.52,8596,5088.28,8570,5072.55,4003,2368.1,6035,3568.71,4030,2377.2,4493,2653.17,-5850,-3445.5
300638.SZ,20200915,10047,5973.66,11640,6923.02,10875,6470.47,9486,5644.09,5461,3252.03,5372,3193.07,1541,915.47,1426,851.45,-2046,-1208.17
300638.SZ,20200914,11204,6596.8,13313,7849.42,12099,7125.73,11845,6980.92,7675,4536.89,6976,4109.83,2172,1281.99,1015,601.24,-4796,-2816.81
300638.SZ,20200911,12619,7271.23,15085,8705.56,11765,6786.42,10097,5822.41,7051,4077.59,6150,3552.69,2054,1189.92,2157,1244.51,506,299.36
300638.SZ,20200910,17148,10043.92,16605,9746.09,13087,7672.05,10616,6240.24,7568,4433.99,6033,3541.99,1686,991.36,6235,3613.01,-3028,-1794.02
300638.SZ,20200909,21876,13068.05,19461,11617.03,18582,11097.23,18758,11200.47,10565,6301.9,10376,6197.58,2324,1388.6,4751,2840.7,-7195,-4266.51
300638.SZ,20200908,25197,15839.38,14040,8843.54,22671,14217.61,22637,14222.58,13398,8393.3,13805,8671.89,4966,3116.19,15749,9828.47,7943,4938.23
300638.SZ,20200907,17666,11771.83,12932,8651.07,15357,10198.95,11998,7999.23,9510,6290.31,12765,8469.86,2491,1669.01,7329,4809.94,-5944,-3972.03
300638.SZ,20200904,10436,7046.22,8607,5823.65,12630,8533.32,9850,6650.15,5534,3726.27,6744,4549.6,812,550.0,4211,2832.42,6029,4073.02
300638.SZ,20200903,10527,7221.06,8134,5589.02,11375,7801.74,10137,6957.72,8276,5668.68,8902,6099.04,778,534.26,3783,2579.95,-7075,-4848.15
300638.SZ,20200902,12387,8619.64,13202,9192.89,14896,10366.77,16578,11535.7,12318,8582.22,10137,7061.12,2050,1428.95,1733,1207.86,2978,2075.24
300638.SZ,20200901,14720,9989.34,9440,6416.47,15366,10429.63,15950,10817.26,8283,5619.78,12557,8521.05,585,397.22,1008,681.2,-6488,-4396.92
300638.SZ,20200831,9421,6571.11,10550,7366.76,13190,9210.62,12696,8861.18,10389,7245.39,9315,6492.58,2027,1409.1,2465,1715.69,-4159,-2893.02
300638.SZ,20200828,11392,7858.91,13600,9385.24,14239,9824.57,12766,8811.24,9024,6226.32,8263,5700.56,1595,1098.36,1620,1111.12,-7761,-5342.31
300638.SZ,20200827,13031,9010.76,18017,12464.91,21660,14987.58,20029,13863.31,18607,12903.11,15495,10733.73,3866,2658.52,3623,2498.02,4906,3381.53
300638.SZ,20200826,13302,8938.1,9651,6500.35,11330,7625.32,12072,8119.3,6939,4673.06,9538,6407.68,1207,811.81,1519,1020.95,-3037,-2022.88
300638.SZ,20200825,12341,8436.19,11702,8004.6,13532,9255.44,14280,9770.64,11406,7808.32,11091,7586.33,3145,2153.6,3351,2291.98,-7627,-5201.88
300638.SZ,20200824,13220,8895.86,17100,11539.99,20290,13693.44,16669,11248.36,12325,8324.08,9955,6705.99,4258,2847.72,6370,4266.75,-5243,-3518.86
300638.SZ,20200821,15103,10056.34,19804,13196.77,19812,13204.2,17470,11640.56,11517,7675.3,11231,7473.94,6142,4084.14,4068,2708.73,-3565,-2347.68
300638.SZ,20200820,21842,14322.32,27399,17996.36,24343,15990.79,22777,14954.99,18446,12129.95,16101,10572.8,3674,2403.37,2028,1322.28,-17501,-11486.25
300638.SZ,20200819,40083,27023.94,31191,21037.97,46854,31590.89,42861,28995.38,34104,23029.66,45209,30520.76,13441,9143.24,15220,10233.61,-13841,-9280.3
300638.SZ,20200818,18170,13366.81,21692,15965.3,22682,16688.98,20542,15113.42,12004,8832.29,10650,7835.18,2172,1601.62,2145,1575.78,-1692,-1234.1
300638.SZ,20200817,21418,15688.44,18898,13856.6,21246,15569.28,20799,15248.84,15518,11386.45,16872,12364.14,5017,3675.05,6630,4849.64,-5049,-3700.07
300638.SZ,20200814,17262,12812.16,18549,13770.22,14984,11129.41,15704,11665.04,8767,6527.4,7269,5416.54,1315,981.88,805,599.06,-2554,-1880.68
300638.SZ,20200813,18044,13326.3,18217,13467.35,18768,13867.68,16102,11894.36,8621,6368.46,10042,7419.56,2140,1574.8,3212,2355.98,-1787,-1310.81
300638.SZ,20200812,24707,18398.21,19168,14285.32,23050,17187.25,18781,14004.38,14078,10488.25,19412,14444.81,3135,2341.28,7610,5680.48,2173,1625.6
300638.SZ,20200811,26074,20346.71,17499,13671.08,23828,18595.44,24824,19368.44,11572,9015.32,18325,14290.86,3856,3028.24,4683,3655.33,-33,29.11
300638.SZ,20200810,28266,22293.61,22267,17580.07,35742,28272.58,26740,21145.61,19353,15271.63,25424,20086.13,3361,2663.96,12291,9689.96,-1030,-772.2
300638.SZ,20200807,20542,16896.91,20658,17023.14,33894,27888.79,27670,22799.14,19145,15795.31,24999,20551.28,4068,3346.31,4321,3553.76,1296,1114.22
300638.SZ,20200806,20991,16899.05,16502,13309.56,25792,20791.5,25410,20492.44,16702,13478.56,19227,15502.08,2814,2281.4,5161,4146.43,7178,5814.75
300638.SZ,20200805,20431,16068.55,19837,15621.69,25229,19876.78,24340,19201.94,20305,16046.74,21261,16751.21,5178,4096.53,5704,4513.76,7123,5648.47
300638.SZ,20200804,38509,29942.35,21411,16671.84,44656,34708.56,39092,30433.14,32866,25580.97,49242,38266.21,16795,13101.49,23081,17962.17,16079,12509.79
300638.SZ,20200803,17441,12744.28,16212,11903.6,26810,19616.79,27413,20111.22,27800,20356.75,36303,26555.75,32420,23815.14,24544,17962.4,9498,6896.78
300638.SZ,20200731,11480,7701.57,15213,10220.27,19993,13428.12,23656,15893.7,23512,15800.62,17784,11949.24,5930,3996.58,4262,2863.68,4260,2869.35
300638.SZ,20200730,14795,9675.64,11144,7297.53,18320,11984.6,17603,11521.54,13044,8536.49,14722,9628.04,2585,1694.31,5276,3443.94,-10260,-6697.79
300638.SZ,20200729,15027,9832.4,21851,14354.56,24632,16157.65,28636,18799.58,24162,15910.4,20926,13743.87,11630,7660.68,4038,2663.12,2973,2011.22
300638.SZ,20200728,27494,17201.48,36017,22606.22,42855,26909.87,43056,27132.81,39686,24947.47,25245,15872.0,6771,4278.17,12486,7725.96,-7449,-4525.74
300638.SZ,20200727,24488,15077.45,29162,18008.92,32170,19769.73,35749,22048.44,31457,19415.11,27468,16908.53,13106,8169.19,8842,5465.58,19021,11833.85
300638.SZ,20200724,25276,15239.23,27749,16854.39,36849,22315.52,31897,19399.26,37574,22863.13,33880,20557.22,11396,6964.07,17569,10571.09,2510,1796.95
300638.SZ,20200723,16588,9676.17,8606,5029.02,14006,8164.29,15199,8869.71,9900,5787.71,13601,7930.61,1224,706.13,4312,2504.95,3265,1909.66
300638.SZ,20200722,13805,8266.46,11938,7160.41,19343,11587.7,16402,9827.32,11492,6888.98,13533,8103.6,1501,900.06,4269,2551.87,-9180,-5482.69
300638.SZ,20200721,10627,6357.48,12209,7311.61,14873,8902.91,13467,8065.49,11296,6767.57,10317,6172.46,1014,607.77,1816,1086.16,303,192.39
300638.SZ,20200720,14167,8232.75,16654,9712.81,19143,11150.98,17171,10009.51,11613,6770.56,10456,6072.99,2883,1675.12,3527,2034.1,-5952,-3440.29
300638.SZ,20200717,17233,10098.81,14297,8393.72,18875,11077.83,19752,11610.49,13908,8180.6,14907,8751.51,3542,2098.71,4602,2700.24,-1036,-620.75
300638.SZ,20200716,19972,12100.79,13523,8227.74,23113,14006.31,20679,12525.73,15565,9480.76,19540,11842.57,3925,2375.03,8833,5366.85,-826,-464.2
300638.SZ,20200715,26248,16562.44,13305,8403.28,28251,17799.87,24108,15208.38,18326,11544.99,29146,18343.27,10495,6581.5,16762,10533.88,-8160,-5087.63
300638.SZ,20200714,29009,19048.18,22171,14549.99,34288,22508.13,32731,21540.42,27502,18031.93,31290,20516.24,5303,3485.48,9911,6467.08,-22674,-14913.26
300638.SZ,20200713,21375,14624.39,22240,15243.14,29227,19995.25,32002,21907.06,25472,17433.45,23118,15803.58,7697,5263.95,6410,4363.26,-17292,-11800.89
300638.SZ,20200710,16511,10973.23,19799,13195.74,26770,17822.01,26580,17721.26,20606,13756.44,20459,13618.84,6738,4519.5,3788,2535.34,6236,4183.63
300638.SZ,20200709,19573,12453.15,20113,12837.8,24515,15627.42,25212,16079.29,20283,12954.87,19540,12452.23,6341,4043.36,5847,3709.48,-380,-213.26
300638.SZ,20200708,19318,11964.59,18745,11627.31,21437,13271.79,19640,12178.37,15545,9646.8,14978,9279.71,2275,1416.04,5212,3213.84,-879,-510.69
300638.SZ,20200707,18760,11592.97,20674,12807.03,26744,16533.73,25669,15851.19,21971,13631.08,20674,12793.52,7780,4814.2,8237,5120.23,7852,4894.19
300638.SZ,20200706,20338,12161.96,17943,10743.71,25128,15019.66,25198,15071.45,17997,10785.18,18815,11269.94,4045,2431.71,5552,3313.4,2913,1755.5
300638.SZ,20200703,19199,11100.75,16364,9460.84,21728,12554.55,20330,11758.73,13113,7563.69,15594,9014.47,2516,1460.36,4268,2445.31,-7788,-4485.44
300638.SZ,20200702,23112,13754.48,22522,13431.45,29312,17468.71,30793,18358.37,25022,14946.21,21804,13006.4,4079,2483.4,6407,3856.58,-3383,-1953.07
300638.SZ,20200701,23346,13510.13,17908,10361.98,29126,16854.98,26012,15053.44,19757,11448.23,25736,14876.66,7455,4294.42,10029,5815.68,-18836,-10912.23
300638.SZ,20200630,11249,6713.89,13628,8145.66,17088,10203.72,17985,10741.16,14780,8838.55,11185,6678.25,2295,1372.07,2614,1563.16,-2549,-1507.93
300638.SZ,20200629,13965,8122.66,15754,9173.71,17159,9990.12,14907,8682.78,9678,5638.41,9825,5722.01,2337,1369.97,2654,1542.64,6799,3984.84
300638.SZ,20200624,15182,8644.37,16683,9502.43,16247,9259.58,13657,7789.38,11031,6297.51,10589,6029.27,1161,657.27,2693,1537.65,141,120.7
300638.SZ,20200623,13033,7407.69,14604,8309.51,16220,9230.27,15232,8673.29,11895,6770.79,11563,6578.04,5421,3088.99,5169,2936.91,3458,1976.33
300638.SZ,20200622,12374,6931.7,13942,7815.14,13882,7785.45,13559,7602.48,9364,5257.26,8373,4701.62,3226,1811.63,2971,1666.79,1238,691.6
300638.SZ,20200619,17619,9658.05,12564,6897.61,14009,7680.85,16263,8919.5,10013,5500.55,9780,5360.95,2247,1236.96,5280,2898.35,6455,3559.71
300638.SZ,20200618,20806,11300.6,16951,9199.96,21398,11589.43,20500,11127.35,13769,7475.63,16039,8691.71,1260,682.91,3743,2029.55,750,433.98
300638.SZ,20200617,26920,14633.77,22587,12291.4,33417,18146.85,27521,14999.42,19620,10679.53,27815,15114.56,6592,3604.25,8626,4659.02,-24512,-13343.46
300638.SZ,20200616,18530,10448.88,17877,10102.83,21226,11986.1,21774,12299.8,14417,8157.96,16681,9406.05,6915,3912.34,4757,2696.59,3511,2030.92
300638.SZ,20200615,19617,10885.59,20604,11466.59,26199,14562.23,23729,13206.14,18962,10585.47,18020,10008.08,8806,4924.81,11231,6277.3,3299,1902.2
300638.SZ,20200612,18247,9904.92,12329,6706.83,17752,9628.54,16657,9053.28,9944,5397.01,13339,7236.96,2412,1306.18,6030,3239.59,4556,2500.74
300638.SZ,20200611,19442,10691.58,12355,6811.46,18235,10032.28,17099,9417.14,9066,4999.33,16321,8973.53,1723,954.96,2691,1476.02,4251,2342.21
300638.SZ,20200610,20036,10933.4,15395,8401.42,21847,11928.43,21031,11474.34,13840,7552.94,17457,9525.55,7179,3914.07,9019,4927.53,2502,1418.46
300638.SZ,20200609,21511,11597.21,17003,9173.89,24643,13281.1,26337,14199.27,19102,10291.26,23398,12612.97,6061,3275.09,4580,2458.53,5805,3168.92
300638.SZ,20200608,20362,10664.15,20726,10886.3,28900,15173.07,32032,16878.25,32964,17350.9,31403,16522.22,11341,6068.06,9405,4969.4,8549,4495.55
300638.SZ,20200605,15767,7778.74,14888,7344.42,22373,11050.65,20627,10185.18,15912,7860.19,19332,9558.13,2611,1298.75,1816,900.61,7556,3755.96
300638.SZ,20200604,12502,5873.71,10953,5155.05,13678,6433.33,15724,7397.29,12393,5832.49,11469,5388.46,1267,597.18,1693,795.92,2982,1427.0
300638.SZ,20200603,13535,6342.0,11199,5258.6,18107,8487.6,16148,7570.08,10599,4967.92,13542,6342.16,1691,800.72,3043,1427.4,-6499,-3038.8
300638.SZ,20200602,14243,6693.25,15992,7511.42,18936,8894.51,21307,10008.97,18734,8808.84,14647,6893.83,1864,878.36,1831,860.74,-4761,-2221.55
300638.SZ,20200601,16328,7504.29,19108,8764.48,21769,9982.2,27663,12701.64,24051,11035.11,17303,7945.1,4384,2025.62,2459,1136.01,5707,2598.01
300638.SZ,20200529,17133,7538.64,18531,8163.29,20569,9056.02,22616,9966.59,17028,7509.48,14142,6220.03,677,298.3,119,52.53,-3233,-1406.76
300638.SZ,20200528,19040,8320.36,27690,12060.93,29965,13106.54,27162,11900.99,21150,9273.43,15880,6989.6,6016,2656.75,5439,2405.55,24,51.34
300638.SZ,20200527,17018,7196.45,12254,5192.73,15981,6760.18,16627,7045.44,12072,5133.99,15841,6718.43,2009,854.72,2357,988.74,-10866,-4591.93
300638.SZ,20200526,9407,4079.54,14610,6341.48,13814,5990.51,13543,5874.45,13166,5713.04,9853,4269.45,1735,752.04,115,49.75,-1600,-684.26
300638.SZ,20200525,17359,7405.45,10936,4672.7,14547,6214.32,13137,5602.02,7838,3350.1,15145,6473.58,1038,444.31,1564,665.89,162,70.61
300638.SZ,20200522,13705,6034.18,12314,5435.5,13135,5785.28,13520,5955.34,11196,4938.46,11167,4909.67,443,194.77,1478,652.18,-4016,-1759.21
300638.SZ,20200521,16702,7502.32,11765,5296.1,15910,7152.16,13461,6052.37,5163,2321.5,10501,4709.2,0,0.0,2049,918.32,3328,1504.66
300638.SZ,20200520,19041,8733.42,14659,6745.28,19725,9047.3,17878,8204.79,11490,5283.45,13815,6319.89,2568,1182.88,6472,2977.1,-9052,-4142.21
300638.SZ,20200519,5798,4932.98,6372,5430.77,10903,9276.81,10853,9251.31,7623,6499.25,8642,7348.89,3762,3209.97,2219,1888.04,-298,-242.75
300638.SZ,20200518,10982,9204.31,8131,6829.76,14782,12386.41,11370,9532.03,6417,5367.87,12518,10475.03,2020,1704.0,2182,1825.77,-3264,-2720.96
300638.SZ,20200515,9750,8318.78,5806,4960.07,17099,14594.12,11196,9562.54,6571,5617.77,13745,11738.81,1381,1185.35,4054,3454.59,-1725,-1468.83
300638.SZ,20200514,5539,4752.46,4734,4063.94,9280,7959.25,7343,6301.81,5121,4392.67,7042,6035.13,199,171.04,1020,874.54,-965,-823.31
300638.SZ,20200513,7770,6683.87,5396,4645.74,11992,10314.27,9504,8175.8,5366,4622.62,9438,8113.79,1808,1549.03,2599,2234.46,-733,-609.57
300638.SZ,20200512,9157,7827.26,7097,6079.85,13585,11619.57,14049,12032.87,10705,9152.91,11371,9714.38,2629,2264.3,3559,3036.94,3301,2820.32
300638.SZ,20200511,9060,7604.59,6986,5877.83,14390,12102.77,15521,13054.09,9596,8077.6,13452,11312.03,5315,4473.12,2402,2014.13,-1785,-1489.94
300638.SZ,20200508,9436,7735.99,9211,7557.13,17112,14031.74,16718,13725.87,12516,10284.57,13708,11252.59,2224,1833.21,1651,1349.92,3324,2761.85
300638.SZ,20200507,8589,6805.21,6613,5249.87,10446,8289.48,10794,8570.79,8664,6883.43,10701,8486.74,1654,1318.23,1246,988.95,655,529.61
300638.SZ,20200506,7183,5575.47,7905,6150.63,11214,8716.35,11776,9161.54,12120,9439.82,11914,9264.48,2077,1616.15,998,771.14,596,485.04
300638.SZ,20200430,6909,5265.37,10892,8307.01,11905,9074.86,12600,9608.92,15649,11957.3,11528,8806.34,2304,1759.41,1747,1334.68,2545,1964.5
300638.SZ,20200429,6593,4783.7,8631,6269.74,8462,6148.55,10417,7577.43,11131,8116.89,7052,5131.49,1436,1048.05,1523,1118.52,5816,4267.93
300638.SZ,20200428,7421,5204.29,7329,5189.83,8538,6015.01,9007,6352.63,7812,5541.62,7522,5296.14,669,476.16,583,398.49,1727,1257.16
300638.SZ,20200427,5378,3762.23,5934,4154.84,7527,5280.13,6798,4757.84,4245,2964.81,4606,3228.35,200,141.5,11,7.64,1745,1234.13
300638.SZ,20200424,7138,4985.32,3992,2790.88,6098,4258.36,5413,3776.16,3227,2246.82,6879,4798.37,363,249.66,543,374.76,-1935,-1345.83
300638.SZ,20200423,8663,6166.93,3417,2440.93,7964,5672.49,7202,5130.47,3417,2434.06,7345,5226.55,425,304.39,2504,1779.92,-3191,-2274.87
300638.SZ,20200422,4961,3595.19,4477,3246.19,5601,4059.0,5712,4139.4,3630,2631.95,4130,2993.08,492,357.48,365,264.95,-1185,-855.14
300638.SZ,20200421,8453,6136.86,4903,3562.06,8564,6226.52,7950,5775.21,5696,4137.02,9351,6790.52,665,483.44,1175,856.05,-4305,-3127.53
300638.SZ,20200420,6032,4469.41,5700,4228.29,8220,6094.57,7253,5378.95,7840,5816.32,8822,6538.34,335,249.61,652,484.32,-2456,-1817.61
300638.SZ,20200417,8595,6331.17,10701,7887.93,13531,9971.15,14960,11034.67,14081,10388.51,12582,9276.52,3789,2801.13,1754,1292.84,3431,2537.31
300638.SZ,20200416,5153,3675.77,5237,3745.28,7477,5339.67,7198,5145.76,6623,4740.54,6039,4312.93,514,367.95,1292,919.96,-230,-156.79
300638.SZ,20200415,7640,5544.66,7129,5179.97,10616,7706.25,10329,7506.47,13571,9850.3,15504,11239.53,4030,2923.45,2895,2098.69,-1198,-846.2
300638.SZ,20200414,8142,5846.0,7495,5398.47,14619,10501.48,10675,7687.98,17262,12421.61,20564,14760.9,1164,839.85,2453,1761.59,-6674,-4780.4
300638.SZ,20200413,8008,5558.77,7214,5066.74,9766,6810.46,12175,8530.86,16871,11879.63,16332,11442.82,3344,2379.54,2269,1587.96,5255,3848.67
300638.SZ,20200410,9639,6943.31,7366,5316.79,9971,7179.1,11863,8547.01,15429,11129.57,15292,11014.47,2117,1522.23,2633,1895.92,3392,2464.94
300638.SZ,20200409,8445,6089.65,8776,6349.62,14805,10671.7,14157,10240.83,18538,13428.14,18548,13378.25,3786,2739.37,4094,2960.15,901,724.87
300638.SZ,20200408,7708,5454.3,9160,6511.78,9072,6424.81,13505,9593.18,15586,11069.0,12855,9106.18,4764,3406.47,1611,1143.44,6122,4405.19
300638.SZ,20200407,12741,9001.9,8252,5851.73,19880,14059.08,15071,10666.86,17979,12711.41,19988,14125.1,2964,2100.04,10254,7228.74,-11132,-7854.62
300638.SZ,20200403,8173,5550.84,10604,7249.81,12000,8165.82,17106,11679.2,19762,13521.15,14868,10136.4,4465,3071.57,1822,1243.95,6371,4486.22
300638.SZ,20200402,11018,7351.72,10265,6901.81,19759,13220.05,13142,8842.06,17186,11549.1,20812,13899.55,2567,1727.77,6311,4205.23,3267,2253.88
300638.SZ,20200401,7191,4752.27,8913,5908.66,9032,5977.62,11566,7670.25,10172,6769.4,6215,4116.88,299,196.5,0,0.0,2772,1859.1
300638.SZ,20200331,6560,4311.59,7846,5160.32,8743,5749.2,7796,5128.37,8284,5461.69,7260,4780.64,694,454.93,1380,908.07,-996,-643.04
300638.SZ,20200330,8134,5220.69,10271,6621.73,9484,6091.29,9600,6178.7,9039,5822.62,5841,3727.1,78,49.43,1022,656.49,-1062,-619.95
300638.SZ,20200327,6030,4000.15,10133,6737.22,7371,4897.5,8875,5896.62,11649,7739.79,6396,4242.37,1541,1027.58,1186,788.81,-3506,-2308.72
300638.SZ,20200326,8165,5356.53,6880,4516.25,7610,4996.45,7424,4871.81,4125,2708.54,5336,3502.83,225,147.06,485,317.69,-1818,-1183.94
300638.SZ,20200325,9876,6572.41,10812,7208.24,13165,8777.95,13765,9184.88,9108,6081.89,7968,5305.79,1337,897.08,941,630.41,319,225.73
300638.SZ,20200324,11449,7369.86,9404,6064.87,10966,7071.23,10234,6584.92,5409,3480.2,8101,5217.42,330,214.5,415,268.58,538,373.06
300638.SZ,20200323,10272,6685.46,7028,4592.64,9718,6329.37,8307,5410.53,4169,2716.98,7978,5182.33,760,490.29,1606,1036.59,-2204,-1428.97
300638.SZ,20200320,7484,5121.35,6896,4727.33,8317,5700.35,8128,5574.14,6399,4391.05,6934,4757.58,644,447.91,886,601.61,-4996,-3425.29
300638.SZ,20200319,8922,6031.54,10192,6902.88,13659,9244.06,13756,9325.97,10810,7336.4,9297,6298.7,737,505.66,883,590.11,677,476.84
300638.SZ,20200318,9049,6138.18,10550,7179.46,11331,7702.12,13027,8860.09,10101,6874.96,7698,5226.54,1976,1355.67,1181,804.84,-2139,-1419.02
300638.SZ,20200317,12154,8108.28,8411,5619.97,13292,8872.09,11843,7894.48,9668,6464.11,12617,8422.65,1187,792.97,3431,2300.34,116,66.19
300638.SZ,20200316,14955,10424.3,7978,5625.55,13733,9563.95,13223,9213.97,9254,6440.91,16340,11287.3,4242,2855.83,4643,3158.17,-4040,-2817.76
300638.SZ,20200313,12582,9075.17,8076,5851.53,12545,9055.28,11782,8493.23,8955,6476.91,11738,8449.79,2357,1698.81,4842,3511.62,6604,4791.74
300638.SZ,20200312,10034,7498.33,6623,4957.76,11077,8273.77,10992,8216.74,8147,6077.86,9499,7079.98,1466,1090.68,3610,2686.16,-1529,-1133.58
300638.SZ,20200311,8671,6827.52,7602,6006.43,11737,9272.18,10379,8192.23,7201,5702.13,10549,8345.51,1729,1373.64,808,631.31,-6038,-4746.19
300638.SZ,20200310,10172,7802.99,10873,8418.24,14510,11171.24,15854,12228.67,14204,10973.19,13819,10638.73,4056,3152.01,2395,1813.78,469,433.08
300638.SZ,20200309,10869,8412.69,10044,7822.95,12842,9963.83,10634,8266.42,8870,6886.19,9222,7151.91,1337,1060.36,4018,3081.79,-5446,-4196.91
300638.SZ,20200306,8993,7106.85,7238,5731.58,10256,8119.43,9615,7619.22,6861,5442.8,9239,7311.79,606,485.46,623,491.95,-2742,-2156.65
300638.SZ,20200305,12049,9723.93,8611,6994.68,19983,16218.25,16129,13124.42,13849,11226.13,16719,13509.3,2113,1712.21,6536,5252.13,-4190,-3396.51
300638.SZ,20200304,9382,7635.68,7820,6396.01,15446,12594.07,13652,11148.25,10101,8245.38,10586,8608.94,4202,3439.83,7073,5761.77,443,386.18
300638.SZ,20200303,12182,10513.15,8604,7437.74,21825,18840.58,19520,16864.39,18908,16327.55,24854,21499.71,5927,5176.34,5864,5055.78,-5434,-4618.06
300638.SZ,20200302,9314,7560.51,9271,7541.82,13379,10879.08,18107,14767.62,14866,12113.3,15132,12283.61,8458,6912.79,3508,2872.62,1004,897.15
300638.SZ,20200228,13499,10489.86,7708,6000.17,14782,11489.95,14042,10901.14,12747,9899.21,17838,13854.81,2044,1579.72,3484,2702.64,-2742,-2104.99
300638.SZ,20200227,10583,8822.99,7404,6185.6,19615,16360.01,15693,13118.25,12971,10845.59,19807,16547.61,2773,2335.46,3038,2512.59,-6197,-5127.25
300638.SZ,20200226,7403,6566.9,7255,6465.25,13558,12032.15,12581,11172.13,11371,10084.69,12957,11483.0,4494,3986.2,4032,3549.56,-6841,-6073.96
300638.SZ,20200225,15756,14526.14,12963,11997.2,27285,25157.27,23655,21872.32,25998,24010.85,26550,24507.34,6276,5799.87,12148,11117.28,-4245,-3904.8
300638.SZ,20200224,5080,4511.38,7049,6277.28,11060,9824.33,15103,13475.68,11539,10288.77,12338,11018.91,12004,10823.62,5192,4676.22,-6420,-5810.75
300638.SZ,20200221,9419,7775.57,7032,5821.34,15227,12580.95,14285,11817.38,10474,8671.35,12586,10388.69,2196,1818.19,3413,2818.64,530,457.72
300638.SZ,20200220,9467,7776.96,7604,6264.34,17295,14210.18,12794,10523.53,12238,10066.21,15821,12984.79,1665,1369.8,4445,3650.49,-1033,-847.0
300638.SZ,20200219,10996,9253.13,8123,6875.7,17264,14554.98,15580,13156.7,11951,10126.39,16692,14074.24,3131,2648.42,2947,2476.28,-37,-15.47
300638.SZ,20200218,11464,9646.95,9262,7805.77,20790,17510.87,20832,17553.82,17501,14746.55,17488,14720.2,4134,3477.16,6307,5301.73,-1063,-865.65
300638.SZ,20200217,6711,5211.95,11268,8804.04,12829,9991.26,14754,11584.75,19787,15517.48,15580,12244.33,9648,7793.93,7373,5881.51,-1271,-1117.37
300638.SZ,20200214,7682,5682.87,7266,5353.59,11024,8150.01,11364,8389.03,12708,9357.58,12894,9502.19,2618,1920.74,2508,1866.38,5227,3829.04
300638.SZ,20200213,7062,4933.18,5821,4078.64,10970,7664.76,8946,6254.3,7323,5120.86,9357,6534.31,676,473.82,1906,1325.37,-3075,-2148.55
300638.SZ,20200212,6784,4773.37,7104,5013.92,9426,6640.99,8785,6199.43,9338,6591.56,8151,5734.65,2040,1442.4,3548,2500.31,3255,2305.96
300638.SZ,20200211,6965,4882.89,7129,5009.1,8319,5842.38,8370,5876.4,6480,4547.23,7210,5052.26,1131,795.17,185,129.93,3374,2375.26
300638.SZ,20200210,8365,5763.91,11268,7792.64,13865,9594.04,14422,9980.68,13067,9023.59,13222,9134.78,4303,3005.93,689,479.38,2331,1600.92
300638.SZ,20200207,6817,4461.03,7466,4896.56,9256,6071.69,8911,5849.61,8376,5500.13,7454,4886.66,1370,904.25,1988,1304.27,-711,-467.32
300638.SZ,20200206,8347,5292.18,8608,5448.76,9146,5782.85,11493,7291.96,8875,5642.32,6437,4081.03,2580,1650.79,2410,1546.38,4178,2672.08
300638.SZ,20200205,10617,6663.29,7833,4927.8,11615,7281.61,11327,7118.04,8207,5172.61,10896,6835.9,2647,1659.13,3031,1894.91,-3538,-2182.23
300638.SZ,20200204,9590,5903.31,8332,5134.99,11169,6850.45,11716,7206.24,10135,6185.81,9626,5914.87,3851,2335.75,5072,3019.22,386,103.19
300638.SZ,20200203,1226,747.86,386,235.16,1687,1029.07,1466,893.96,972,592.92,2050,1250.5,550,335.5,534,325.74,4337,2645.57
300638.SZ,20200123,11782,8108.59,8161,5648.75,12237,8432.61,11532,7945.8,8746,6046.35,13201,9100.85,2655,1845.97,2527,1738.12,-4117,-2865.45
300638.SZ,20200122,11525,8130.67,9790,6968.97,12291,8721.83,10804,7672.73,10058,7163.96,12335,8731.54,1890,1345.63,2835,1988.85,475,379.94
300638.SZ,20200121,9652,6902.04,7189,5146.02,7617,5446.47,8662,6197.72,8271,5921.03,8867,6342.36,445,319.34,1267,902.77,3487,2504.71
300638.SZ,20200120,9960,7067.9,5641,4007.08,12995,9220.71,10785,7662.01,8696,6181.81,13432,9534.11,1516,1079.96,3310,2347.18,-217,-139.98
300638.SZ,20200117,5595,3979.92,5974,4256.44,9492,6756.72,8723,6211.69,8514,6065.12,9078,6459.39,1852,1318.6,1679,1192.85,188,138.64
300638.SZ,20200116,7218,5102.01,8879,6295.57,10431,7376.36,12156,8604.31,13211,9357.99,10616,7499.91,2228,1579.82,1437,1016.39,3151,2238.05
300638.SZ,20200115,7355,5067.76,7575,5227.28,9637,6650.71,10987,7584.77,9542,6585.7,8233,5681.66,1240,861.1,979,671.56,-580,-392.22
300638.SZ,20200114,9525,6555.31,8303,5725.79,14732,10148.38,15780,10868.04,15507,10691.48,17865,12308.89,7477,5151.54,5292,3643.99,1160,812.95
300638.SZ,20200113,7264,4831.15,8879,5920.1,13314,8876.22,13067,8698.73,13242,8827.16,11742,7823.6,3101,2069.53,3233,2161.63,5149,3421.33
300638.SZ,20200110,4799,3105.74,4519,2928.55,6704,4338.6,7005,4533.88,5868,3801.45,7345,4752.62,2431,1574.01,933,604.76,-821,-526.81
300638.SZ,20200109,7024,4484.5,6614,4224.41,9042,5772.8,9491,6060.19,6533,4178.54,6322,4035.69,1730,1106.94,1903,1222.49,4843,3112.74
300638.SZ,20200108,9716,6160.6,4960,3148.34,11445,7267.99,9596,6093.31,6597,4188.67,12693,8048.31,1957,1239.47,2467,1566.77,-5141,-3249.58
300638.SZ,20200107,6723,4347.13,7268,4704.94,12867,8323.38,10656,6895.0,6375,4128.31,8584,5551.01,542,352.13,0,0.0,3067,1999.11
300638.SZ,20200106,5556,3524.24,6197,3933.93,10314,6546.77,8200,5203.51,8862,5630.93,8171,5189.39,1727,1099.37,3890,2474.49,2953,1881.08
300638.SZ,20200103,5491,3466.35,6081,3841.75,7890,4982.51,7836,4949.75,4899,3095.78,6097,3849.82,3047,1924.63,1313,827.96,-2369,-1489.13
300638.SZ,20200102,6760,4249.15,6998,4401.63,11013,6924.57,7024,4416.55,8043,5057.81,10537,6624.28,505,316.92,1762,1105.99,-2269,-1422.66
300638.SZ,20211231,12731,6882.2,17386,9400.4,10614,5735.58,11098,6005.71,6106,3301.44,3553,1923.08,4413,2398.81,1827,988.84,-735,-384.05
300638.SZ,20211230,23026,12527.77,21932,11931.44,15926,8669.13,17603,9574.35,6040,3288.62,7321,3985.74,2449,1326.34,587,320.33,7655,4180.12
300638.SZ,20211229,20446,10784.61,18771,9902.57,15207,8018.86,21146,11140.55,8408,4432.67,5069,2677.08,1500,788.16,575,304.1,-7694,-4060.18
300638.SZ,20211228,14739,8027.5,15109,8228.28,10579,5765.94,12192,6641.36,5400,2941.76,4817,2627.25,1800,981.49,400,219.8,2237,1235.35
300638.SZ,20211227,12224,6554.26,12302,6616.56,11962,6420.08,9250,4966.67,5394,2905.52,8278,4437.85,2581,1383.43,2330,1242.22,-3012,-1599.41
300638.SZ,20211224,7814,4189.73,10689,5734.48,9894,5307.21,7734,4150.78,3925,2108.17,2710,1453.28,551,296.11,1051,562.68,-234,-105.73
300638.SZ,20211223,10696,5723.99,12581,6730.06,6726,3595.36,7549,4036.15,3405,1822.02,1981,1060.03,1575,841.15,291,156.27,497,273.64
300638.SZ,20211222,21353,11601.69,17905,9710.53,15863,8616.55,16210,8797.35,9214,5004.19,11859,6461.22,2659,1445.57,3115,1698.89,5859,3196.07
300638.SZ,20211221,11102,5796.62,11832,6184.86,7159,3743.38,9811,5131.76,4711,2466.9,4208,2200.36,3743,1964.69,864,454.6,727,386.85
300638.SZ,20211220,12787,6644.64,10015,5203.77,8966,4663.45,8956,4658.15,3915,2032.05,6045,3139.84,1347,693.99,1998,1032.37,-1809,-923.03
300638.SZ,20211217,17642,9314.92,13254,7018.87,12292,6497.65,13927,7352.91,5636,2980.67,9642,5092.51,2668,1417.53,1415,746.48,-4780,-2491.32
300638.SZ,20211216,15226,8238.72,9074,4922.87,11655,6302.5,13255,7160.61,8205,4432.14,10753,5803.57,1066,571.8,3070,1658.1,-4592,-2485.01
300638.SZ,20211215,15778,8828.08,13368,7532.75,16564,9275.93,14558,8137.78,9470,5301.84,4703,2646.0,2046,1137.25,11230,6226.58,1503,858.84
300638.SZ,20211214,6530,3642.76,7277,4061.67,6318,3525.26,6298,3515.55,5725,3201.22,4180,2334.43,274,153.03,1091,610.61,1796,1006.05
300638.SZ,20211213,12979,7181.89,10914,6041.79,10460,5787.99,13156,7284.48,4945,2743.9,5656,3129.61,2300,1275.7,959,533.6,-3042,-1663.07
300638.SZ,20211210,14944,8238.33,12488,6882.87,9985,5502.27,9381,5171.8,2960,1629.82,5032,2771.72,970,533.39,1957,1077.41,-1397,-762.34
300638.SZ,20211209,17137,9597.45,16650,9310.39,12023,6715.87,8769,4899.82,3988,2226.26,5518,3082.24,1730,965.03,3942,2212.17,-4483,-2477.09
300638.SZ,20211208,11183,6262.24,10839,6077.92,10236,5732.0,10076,5650.38,7751,4344.46,9716,5449.49,5980,3375.71,4519,2536.62,3285,1849.29
300638.SZ,20211207,16676,9227.12,13181,7316.01,11404,6305.5,13654,7548.67,9192,5091.45,11953,6599.88,6415,3525.36,4899,2684.87,-10745,-5933.94
300638.SZ,20211206,19226,10952.34,15640,8917.31,18108,10303.62,13753,7823.98,5604,3177.06,9081,5162.29,325,184.59,4788,2714.04,1780,1015.1
300638.SZ,20211203,12740,7357.28,10453,6048.28,14064,8128.49,14072,8121.57,6401,3697.52,7386,4264.73,1257,726.99,2550,1475.69,-2956,-1704.06
300638.SZ,20211202,14861,8653.7,16848,9804.49,12793,7449.39,11092,6458.65,5644,3285.38,8847,5158.93,4220,2459.34,731,425.73,1342,803.17
300638.SZ,20211201,16248,9469.98,15668,9145.8,11922,6956.02,12850,7496.76,11783,6881.01,10465,6103.46,1847,1074.93,2817,1635.93,2141,1255.46
300638.SZ,20211130,19340,10946.2,14499,8213.69,14813,8381.45,19854,11236.09,14623,8284.66,13077,7402.56,3544,2013.19,4890,2773.18,-7473,-4217.1
300638.SZ,20211129,14395,8186.64,14852,8452.07,10082,5739.18,9242,5260.58,7752,4418.06,6915,3932.39,3344,1914.6,4564,2613.45,5333,3057.2
300638.SZ,20211126,27930,15748.07,29736,16770.04,25119,14173.21,24490,13811.08,16920,9554.68,14204,8018.11,4428,2510.26,5967,3387.0,308,156.67
300638.SZ,20211125,18671,10917.54,13362,7844.84,18180,10655.28,19219,11259.46,13090,7673.33,15229,8911.29,2421,1435.79,4552,2666.36,2406,1458.23
300638.SZ,20211124,10749,6201.13,17645,10208.85,22869,13245.78,18137,10491.73,15389,8911.86,13682,7930.98,2423,1413.8,1966,1141.01,3632,2172.26
300638.SZ,20211123,16564,9523.18,18427,10581.76,19953,11458.91,17923,10297.18,14958,8576.19,16823,9657.59,4424,2546.62,2726,1568.35,6589,3814.16
300638.SZ,20211122,15185,8422.44,14079,7811.36,14010,7773.42,14748,8181.48,8562,4747.92,10099,5601.87,4612,2561.0,3443,1910.06,6531,3625.34
300638.SZ,20211119,11501,6238.17,10584,5745.13,9781,5305.55,10056,5455.81,6154,3339.69,6054,3280.61,2040,1105.54,2782,1507.39,-3817,-2062.86
300638.SZ,20211118,17548,9589.3,21436,11706.47,13834,7553.94,12920,7062.28,12028,6585.9,8744,4789.38,1739,949.47,2049,1120.48,3475,1935.3
300638.SZ,20211117,22370,12089.74,22938,12423.84,26601,14421.34,20600,11166.79,16270,8826.09,20160,10930.67,5387,2923.07,6931,3738.95,17624,9612.97
300638.SZ,20211116,14724,7743.6,13929,7337.19,11020,5791.92,11655,6134.25,7500,3953.32,8201,4309.54,2242,1183.02,1701,890.87,-3082,-1618.63
300638.SZ,20211115,19177,10122.15,19907,10514.69,23011,12130.77,19382,10226.31,11784,6227.09,14178,7471.7,3320,1743.02,3824,2010.32,8008,4259.04
300638.SZ,20211112,23056,11989.17,21649,11258.81,23174,12066.59,22381,11648.21,12184,6327.01,13185,6853.79,2083,1083.48,3281,1705.43,8140,4236.8
300638.SZ,20211111,27402,13540.05,21095,10440.53,18368,9073.52,20432,10104.54,8670,4286.1,10903,5383.89,2365,1172.91,4375,2143.64,-2177,-1078.57
300638.SZ,20211110,12902,6502.62,13751,6927.61,11893,5998.85,11130,5619.6,4221,2129.45,3934,1982.92,0,0.0,200,100.78,-295,-143.81
300638.SZ,20211109,17254,8663.65,12972,6526.49,14367,7211.03,14109,7092.61,6666,3356.19,9159,4587.27,1523,769.57,3571,1794.07,2081,1061.84
300638.SZ,20211108,16033,8096.32,17994,9083.22,19934,10064.3,17428,8809.46,5118,2584.68,6790,3422.09,1555,785.71,428,216.23,2823,1451.0
300638.SZ,20211105,22210,11408.16,23339,11989.93,26510,13614.86,25784,13237.26,23036,11856.39,17860,9192.4,7651,3957.42,12424,6417.24,4963,2621.37
300638.SZ,20211104,15821,7766.42,21411,10519.83,25363,12457.45,19036,9359.75,14356,7070.81,14614,7184.17,4686,2318.05,5163,2548.98,10551,5222.54
300638.SZ,20211103,18772,8948.88,24810,11841.27,26367,12624.68,21548,10309.74,18391,8791.05,17388,8328.63,4151,2008.69,3934,1893.67,3970,1983.24
300638.SZ,20211102,20560,9754.16,21475,10195.53,28126,13356.51,26458,12566.0,13247,6301.11,14736,7001.53,1408,666.98,672,315.71,6061,2883.26
300638.SZ,20211101,20595,9678.69,22010,10356.41,25352,11952.8,24748,11662.01,12602,5936.4,11858,5586.4,2469,1168.93,2402,1132.0,6184,2932.84
300638.SZ,20211029,23165,10695.01,18224,8423.89,21464,9942.5,24619,11404.75,12327,5700.32,13481,6222.67,1077,499.4,1709,785.93,10911,5059.53
300638.SZ,20211028,22538,10295.85,13833,6354.05,19133,8771.13,15164,6954.06,14568,6674.18,19745,9028.5,2734,1255.73,10231,4660.28,-1277,-575.9
300638.SZ,20211027,13491,6257.43,12211,5669.42,9120,4232.01,9725,4510.82,5402,2507.78,6579,3052.31,2700,1255.85,2197,1020.53,-4755,-2199.75
300638.SZ,20211026,17565,8302.06,15901,7525.99,15442,7308.69,16648,7874.14,9857,4678.15,9813,4648.24,1863,889.28,2365,1129.8,-521,-224.03
300638.SZ,20211025,15757,7453.47,15160,7168.56,15262,7216.45,11948,5647.26,9140,4319.91,12145,5742.01,1589,750.16,2495,1182.16,396,203.46
300638.SZ,20211022,19891,9420.02,16164,7660.29,18228,8636.09,14724,6973.66,12956,6135.17,18849,8927.42,5082,2409.05,6419,3038.97,1566,747.55
300638.SZ,20211021,26428,13080.32,13645,6767.09,18796,9265.66,19709,9750.4,7817,3861.04,13168,6475.82,951,467.35,7471,3681.07,3108,1567.53
300638.SZ,20211020,16087,8094.66,12156,6122.84,15556,7821.28,14957,7528.13,6076,3060.62,8928,4486.28,2329,1174.06,4007,2013.38,-584,-281.06
300638.SZ,20211019,20453,10275.49,18347,9237.95,21145,10644.47,21406,10767.91,12142,6119.85,12209,6139.57,562,281.78,2341,1176.16,1792,920.02
300638.SZ,20211018,35486,17786.49,30786,15439.07,41657,20916.43,40249,20176.67,25674,12844.29,26106,13079.22,3252,1636.61,8928,4488.87,6711,3329.0
300638.SZ,20211015,19767,9456.81,20248,9693.3,25684,12283.28,22759,10880.99,12893,6167.77,13700,6546.34,1516,721.4,3153,1508.62,-6177,-2934.88
300638.SZ,20211014,18192,8717.61,28586,13723.43,31529,15130.19,35905,17232.55,21133,10137.41,20778,9970.59,23431,11266.78,9016,4325.42,2243,1087.25
300638.SZ,20211013,17926,8070.81,17808,8048.88,21204,9581.54,26862,12150.87,17079,7739.51,18963,8578.65,9505,4319.09,2082,932.55,17493,7911.55
300638.SZ,20211012,13290,5781.71,12764,5558.34,10856,4724.14,13577,5916.51,9280,4040.33,7994,3481.95,1822,802.66,913,392.04,-3114,-1345.92
300638.SZ,20211011,18791,8220.24,16886,7405.72,15261,6685.91,18084,7923.89,9635,4237.93,8456,3702.55,631,277.74,892,389.67,2339,1028.66
300638.SZ,20211008,26599,11675.89,28613,12549.49,22099,9703.47,22795,10025.88,13280,5832.72,11410,5018.87,2874,1280.3,2033,898.14,2509,1147.39
300638.SZ,20210930,32253,13499.64,36232,15204.0,26442,11066.74,27643,11591.23,18951,7993.26,15558,6516.56,3085,1296.06,1298,543.92,5721,2448.57
300638.SZ,20210929,33948,14526.12,46819,20002.13,40327,17280.22,43142,18494.77,26705,11454.9,15278,6574.02,7155,3036.94,2896,1227.27,-3893,-1493.53
300638.SZ,20210928,13524,5615.88,10070,4184.4,8353,3469.31,10757,4471.08,6266,2605.69,7285,3024.33,1132,472.6,1163,483.68,-115,-49.13
300638.SZ,20210927,18414,7784.46,16733,7084.88,17049,7246.22,17307,7365.7,8580,3642.58,8891,3756.05,177,77.16,1289,543.79,-2983,-1237.15
300638.SZ,20210924,10372,4361.28,11707,4924.8,10695,4498.19,10020,4210.33,3465,1456.01,2805,1180.36,0,0.0,0,0.0,-3049,-1279.15
300638.SZ,20210923,21580,9064.88,24133,10142.88,12773,5365.18,12694,5336.79,4600,1941.72,3752,1579.82,1625,687.7,0,0.0,3667,1548.37
300638.SZ,20210922,12494,5152.67,10573,4362.59,6796,2800.45,10791,4453.83,2874,1185.78,3163,1304.84,2708,1123.85,345,141.49,-2706,-1115.57
300638.SZ,20210917,18841,7884.37,9975,4183.43,10516,4405.61,12307,5160.86,6556,2745.6,12136,5067.23,0,0.0,1495,624.07,3386,1409.03
300638.SZ,20210916,14590,6315.53,11768,5106.19,12271,5317.78,15130,6557.56,9861,4292.49,8658,3760.39,1203,516.53,2369,1018.2,-4024,-1756.44
300638.SZ,20210915,14127,6245.6,10029,4436.99,8409,3720.27,10975,4851.17,5998,2649.08,7530,3326.79,0,0.0,0,0.0,-3797,-1666.07
300638.SZ,20210914,11017,5057.75,11364,5230.01,10879,4997.89,13264,6085.5,8126,3734.34,4319,1987.46,341,158.61,1415,645.63,-6029,-2735.18
300638.SZ,20210913,12293,5616.52,12150,5555.61,12204,5578.4,9678,4422.21,4464,2040.86,5921,2704.72,1618,736.11,2830,1289.34,-1442,-649.02
300638.SZ,20210910,11599,5342.77,10750,4954.51,9529,4389.45,9885,4550.8,7109,3275.47,7552,3478.8,349,159.78,400,183.37,-390,-167.99
300638.SZ,20210909,10847,5042.41,14367,6675.49,14570,6787.59,13711,6392.76,8179,3815.56,5962,2787.2,2086,969.3,1643,759.42,-5272,-2441.32
300638.SZ,20210908,13105,6068.85,14382,6666.23,13777,6376.94,10525,4875.47,8494,3930.78,8313,3842.61,1146,529.01,3302,1521.27,-2300,-1063.48
300638.SZ,20210907,20369,9612.69,25500,12025.04,25028,11800.94,23535,11114.84,12817,6047.04,11531,5446.82,2851,1356.69,498,230.66,-2003,-931.12
300638.SZ,20210906,28971,13380.51,30455,14052.49,31913,14760.79,26319,12181.86,14991,6922.69,14820,6839.42,1685,780.06,5967,2770.29,-181,-132.82
300638.SZ,20210903,19149,8466.35,24941,11017.65,15275,6768.21,15801,7000.7,11511,5084.15,7406,3282.67,4444,1970.32,2230,988.01,-2666,-1156.14
300638.SZ,20210902,14665,6424.46,16085,7048.97,11423,5006.65,9799,4291.04,4653,2037.09,5177,2267.31,1871,818.41,1551,679.28,-7935,-3472.8
300638.SZ,20210901,27536,12224.04,36125,16027.02,23433,10397.09,15423,6848.47,6263,2781.31,5778,2571.04,1418,632.66,1323,588.57,-3680,-1640.09
300638.SZ,20210831,17073,7836.51,26867,12324.78,21678,9950.08,13001,5972.46,6047,2777.92,4827,2218.62,395,180.36,498,229.01,-666,-294.98
300638.SZ,20210830,24918,11450.87,21932,10082.62,22453,10295.29,21818,10010.49,10715,4915.49,12864,5907.6,1530,698.15,3002,1359.08,-1316,-597.93
300638.SZ,20210827,30206,14102.51,15150,7096.78,21929,10241.07,18204,8498.08,10616,4954.11,22348,10404.42,2429,1137.47,9479,4435.88,4591,2127.14
300638.SZ,20210826,20663,9932.01,14026,6743.56,16566,7950.56,12240,5885.73,7530,3621.88,13329,6399.4,1844,880.44,7008,3356.2,3459,1657.83
300638.SZ,20210825,21403,10616.95,14760,7340.27,18557,9200.64,11482,5697.07,9367,4645.05,17521,8674.68,2558,1273.92,8122,4024.54,-4210,-2079.29
300638.SZ,20210824,28948,14452.87,32667,16357.61,30847,15474.57,22849,11435.1,10584,5274.68,15503,7754.67,7023,3522.36,6382,3177.1,-299,-191.18
300638.SZ,20210823,49353,24262.28,29783,14651.67,51386,25252.34,48853,23978.86,33873,16557.25,45635,22380.23,14040,6852.97,24381,11914.08,21461,10625.19
300638.SZ,20210820,14503,7584.31,15940,8346.21,10029,5244.06,11825,6181.64,8148,4273.23,6557,3438.47,3500,1840.41,1857,975.68,55,37.41
300638.SZ,20210819,13722,7089.37,12499,6464.5,10484,5419.35,8868,4589.08,8891,4604.45,7798,4032.18,3005,1556.17,6938,3583.58,1165,609.01
300638.SZ,20210818,19210,9875.87,12383,6373.05,12525,6436.57,15169,7803.96,5283,2723.68,10821,5556.7,2817,1448.79,1463,751.19,-2229,-1142.34
300638.SZ,20210817,29792,15553.67,18904,10001.53,33080,17291.4,34865,18157.22,14983,7842.3,21444,11192.44,3640,1939.82,6282,3275.99,-10342,-5557.41
300638.SZ,20210816,18897,10256.41,16450,8988.05,21039,11432.56,20951,11365.08,6584,3582.38,11935,6448.95,5674,3087.44,2858,1556.71,1316,726.72
300638.SZ,20210813,15416,8411.15,13888,7608.27,15468,8459.84,14900,8156.4,11619,6358.72,10815,5914.97,6868,3766.14,9766,5316.21,2585,1414.27
300638.SZ,20210812,18832,10272.13,11678,6382.77,12647,6902.57,10717,5863.62,6096,3329.62,12243,6668.71,756,413.06,3693,2002.27,1974,1075.65
300638.SZ,20210811,23500,12912.01,13306,7321.34,19550,10731.66,19454,10689.28,15017,8237.81,21446,11750.57,4902,2685.69,8763,4805.98,2294,1248.52
300638.SZ,20210810,17633,9867.6,21650,12134.86,15923,8929.87,17554,9838.2,9864,5528.36,9420,5273.41,5844,3276.2,640,355.56,-9215,-5141.61
300638.SZ,20210809,23928,13136.36,23672,13040.8,36345,19935.7,27399,15036.19,9879,5416.23,17259,9416.47,2196,1203.77,4018,2198.6,6598,3598.48
300638.SZ,20210806,18568,10493.4,27047,15278.91,24108,13649.77,20043,11394.36,14124,8008.88,12976,7343.44,4661,2654.27,1393,789.61,-9849,-5536.26
300638.SZ,20210805,19355,10891.31,17953,10123.56,21171,11926.51,17828,10038.01,8918,5016.05,10996,6181.64,400,221.65,3067,1712.31,-1482,-810.9
300638.SZ,20210804,19993,11501.2,17044,9821.9,18483,10645.67,17944,10341.48,11296,6496.91,15527,8929.89,4907,2838.17,4164,2388.69,691,425.89
300638.SZ,20210803,20448,11798.93,19344,11201.76,21148,12215.14,24156,13958.34,15469,8929.4,13378,7697.78,3614,2088.22,3800,2173.79,-5758,-3308.66
300638.SZ,20210802,20176,11752.31,21679,12645.44,23935,13966.77,28773,16785.37,20681,12074.72,16634,9706.45,8091,4739.96,5796,3396.5,4437,2610.26
300638.SZ,20210730,31401,18225.7,23943,13981.44,40278,23364.25,36110,20970.15,28957,16838.07,38414,22219.27,7403,4267.53,9572,5524.68,5231,3149.02
300638.SZ,20210729,21102,12560.26,20844,12423.78,24511,14601.02,26747,15935.12,16293,9726.86,15074,8982.97,4132,2462.08,3372,2008.35,12365,7388.77
300638.SZ,20210728,32661,18710.12,18022,10402.56,38435,22084.12,32154,18475.79,23550,13562.24,33925,19440.07,5363,3054.76,15908,9092.82,9047,5161.94
300638.SZ,20210727,21214,12746.28,26679,16068.96,27329,16439.11,32562,19582.59,35560,21388.69,22256,13361.65,6003,3608.1,8609,5168.98,3010,1828.11
300638.SZ,20210726,16396,9479.84,17521,10155.28,17296,10035.57,21239,12300.67,16115,9336.05,15931,9222.4,15175,8726.22,10292,5899.33,-14526,-8354.96
300638.SZ,20210723,18231,10579.64,17008,9903.78,27054,15716.0,23819,13852.48,16680,9702.86,17563,10198.89,2444,1422.01,6018,3465.37,-2154,-1281.06
300638.SZ,20210722,18168,10630.42,22067,12931.87,25058,14685.55,28162,16503.73,24448,14351.91,21851,12817.94,17936,10575.37,13531,7989.7,-8470,-4916.65
300638.SZ,20210721,31296,17670.59,40084,22539.28,64108,35996.68,48934,27488.81,22844,12821.71,40961,23164.31,27698,15766.91,15967,9063.49,33982,19521.85
300638.SZ,20210720,22160,11514.9,22562,11729.73,31625,16449.36,31724,16487.43,19228,9984.96,20896,10855.27,6624,3449.66,4454,2326.44,7742,4035.97
300638.SZ,20210719,26785,13458.52,25105,12619.97,37332,18743.47,26748,13420.49,17871,8957.86,24430,12251.23,3650,1830.9,9356,4699.07,6609,3327.17
300638.SZ,20210716,14293,7359.32,14753,7607.77,25416,13081.69,21804,11237.75,11183,5752.75,12648,6505.32,4396,2270.72,6082,3113.65,-2203,-1117.21
300638.SZ,20210715,27288,14168.36,28106,14631.85,43117,22443.65,37608,19597.3,27341,14257.16,28514,14831.23,5456,2844.73,8974,4653.53,3587,1897.79
300638.SZ,20210714,39034,20560.45,36554,19266.3,56552,29703.81,62234,32728.31,38496,20172.15,46556,24450.3,43904,23015.62,32642,17007.12,18611,9923.75
300638.SZ,20210713,25435,12844.47,28526,14418.74,49643,25043.83,48170,24340.58,50268,25375.07,59842,30174.83,46576,23568.08,35385,17897.31,-14881,-7343.21
300638.SZ,20210701,26190,12241.0,24314,11426.77,34969,16462.12,26827,12614.74,18328,8621.32,25887,12156.1,3099,1465.84,5558,2592.68,7527,3589.95
300638.SZ,20210630,29799,13655.47,26946,12361.62,45849,20982.22,41750,19141.56,29102,13357.49,32591,14942.1,9477,4386.06,12940,5935.97,29000,13312.15
300638.SZ,20210629,17161,7432.53,8654,3752.0,16719,7238.84,17174,7438.97,12183,5278.37,15382,6656.93,1095,472.42,5948,2574.25,-6064,-2617.43
300638.SZ,20210628,15152,6665.86,12548,5526.33,24632,10836.45,18682,8237.26,12861,5671.96,16935,7446.87,2700,1193.5,7179,3157.32,-4288,-1873.66
300638.SZ,20210625,12681,5600.95,14446,6384.64,17566,7762.95,20697,9145.63,23262,10274.89,18022,7954.91,3280,1444.87,3625,1598.48,-8029,-3507.29
300638.SZ,20210624,14893,6525.01,20488,8990.36,24198,10629.02,28269,12410.38,31633,13894.12,25963,11411.73,5982,2632.57,1986,868.24,4429,2015.3
300638.SZ,20210623,15885,6899.06,16423,7142.52,21679,9420.41,23166,10072.43,23071,10039.07,22442,9754.33,4460,1941.58,3064,1330.85,-9784,-4236.67
300638.SZ,20210622,16715,7233.71,20154,8758.58,24651,10697.8,30247,13142.3,32544,14144.89,25374,10995.45,6377,2767.1,4512,1947.16,-7033,-2986.13
300638.SZ,20210621,24493,10607.35,25772,11173.31,33970,14709.87,40832,17703.81,40166,17417.29,33067,14329.9,7101,3099.95,6058,2627.45,11382,4966.44
300638.SZ,20210618,29060,12241.56,26026,10959.3,36682,15445.09,37710,15879.28,24735,10397.15,25597,10783.76,4704,1984.76,5849,2446.22,13599,5760.73
300638.SZ,20210617,22679,9052.02,21389,8545.99,27834,11135.34,27699,11086.06,19195,7691.56,19504,7809.98,1873,750.6,2989,1187.5,430,184.9
300638.SZ,20210616,35103,14123.7,20936,8465.63,34879,14056.51,35200,14206.51,15922,6430.8,27043,10867.3,3243,1323.42,5970,2394.99,-3024,-1205.19
300638.SZ,20210615,29718,12492.38,24911,10497.04,47915,20155.82,38061,16024.7,27626,11646.24,33139,13943.08,6735,2847.46,15883,6677.07,-11470,-4772.51
300638.SZ,20210611,28762,12142.01,37823,15990.9,46307,19553.56,45252,19123.71,36630,15492.67,34006,14370.9,11445,4876.42,6063,2579.14,8666,3695.52
300638.SZ,20210610,21713,8686.77,19626,7861.5,30887,12385.35,28583,11458.51,23797,9541.6,29319,11746.85,6669,2672.01,5539,2218.88,4254,1745.77
300638.SZ,20210609,22492,8889.67,17594,6964.55,21220,8394.54,19428,7685.23,8283,3277.8,12474,4930.09,1294,513.47,3792,1495.61,-4009,-1576.55
300638.SZ,20210608,33245,13149.56,38105,15093.52,32099,12723.48,28275,11209.95,22634,8987.86,15366,6097.74,5676,2262.63,11910,4722.31,3311,1350.61
300638.SZ,20210607,18153,6981.78,16710,6436.79,15470,5949.31,14625,5630.21,8251,3178.89,13728,5282.03,4899,1900.72,1711,661.66,7897,3045.38
300638.SZ,20210604,17358,6597.91,10423,3972.23,14486,5517.19,11871,4515.81,6093,2320.6,14461,5499.15,1636,621.35,2819,1069.86,75,31.69
300638.SZ,20210603,16781,6455.32,14930,5755.67,12087,4650.84,13457,5179.16,7961,3073.27,8120,3124.59,1838,710.09,2161,830.1,2766,1075.42
300638.SZ,20210602,19257,7359.67,15687,6002.73,18040,6904.11,15842,6062.38,10660,4069.78,12874,4918.64,500,192.56,4054,1542.38,-13936,-5321.77
300638.SZ,20210601,17753,6913.04,20091,7834.87,19705,7674.51,18003,7012.11,11812,4606.73,10161,3953.1,1707,664.62,2722,1058.83,-5435,-2108.49
300638.SZ,20210531,14756,5680.53,25564,9854.27,25693,9894.18,22755,8764.34,18170,7012.77,12775,4922.19,4402,1703.62,1927,750.3,17394,6716.74
300638.SZ,20210528,23095,8653.08,18830,7060.07,19140,7175.72,17277,6479.82,11837,4433.67,14880,5573.13,4731,1773.85,7817,2923.31,-6302,-2360.93
300638.SZ,20210527,29971,11277.38,35536,13364.07,32796,12342.87,29672,11186.04,14170,5352.74,12343,4649.63,2593,976.43,1980,749.69,3812,1388.87
300638.SZ,20210526,18632,6658.35,25185,9003.28,22752,8134.81,16677,5966.6,6557,2344.26,6752,2407.27,673,239.73,0,0.0,-6402,-2275.84
300638.SZ,20210525,23422,8369.45,24076,8599.32,25732,9193.07,20887,7465.27,10732,3830.63,14674,5242.83,646,232.37,895,318.1,5301,1925.0
300638.SZ,20210524,7377,4357.75,8836,5222.06,11035,6526.73,10216,6048.39,6742,3999.23,7284,4317.13,1963,1165.95,781,462.08,5988,3544.66
300638.SZ,20210521,4520,2627.8,3740,2175.04,4256,2472.62,4435,2578.48,1885,1096.55,2613,1518.09,309,179.88,182,105.23,-2851,-1657.1
300638.SZ,20210520,5367,3134.81,4912,2870.08,5263,3076.34,6074,3549.76,3634,2122.85,2681,1566.26,300,175.93,897,523.84,3119,1827.67
300638.SZ,20210519,7354,4273.09,4864,2828.07,5149,2990.32,6088,3537.96,2298,1338.29,3745,2176.61,604,352.28,707,411.35,581,344.28
300638.SZ,20210518,5986,3429.61,6490,3717.11,5785,3314.56,7359,4221.77,4828,2767.84,3364,1927.34,1785,1027.33,1171,673.12,3153,1819.46
300638.SZ,20210517,8468,4761.42,6622,3724.75,5513,3100.21,7696,4328.51,6726,3778.7,5966,3351.2,3625,2040.06,4048,2275.93,614,349.92
300638.SZ,20210514,6190,3396.35,4866,2673.92,3785,2075.66,4538,2488.81,1710,936.5,2561,1398.54,280,152.77,0,0.0,1214,666.7
300638.SZ,20210513,6291,3428.64,5814,3170.16,6120,3339.95,4013,2193.22,1858,1014.8,3088,1681.02,253,139.49,1607,878.48,-1785,-977.3
300638.SZ,20210512,5116,2841.16,4379,2431.95,3473,1928.34,3565,1978.31,1663,922.49,1709,950.07,191,105.57,789,437.22,187,106.12
300638.SZ,20210511,5609,3077.37,5206,2857.12,6354,3486.45,5468,3002.8,1455,801.02,2744,1504.92,0,0.0,0,0.0,1506,827.53
300638.SZ,20210510,11709,6456.32,11166,6155.58,15030,8291.74,12084,6672.06,6092,3347.35,8500,4693.78,2245,1256.35,3326,1830.34,-10685,-5908.93
300638.SZ,20210507,6718,3942.52,8999,5297.52,11246,6608.25,11619,6842.72,8275,4879.54,6336,3716.25,3502,2072.69,2786,1646.52,-1323,-754.02
300638.SZ,20210506,6877,4009.29,8461,4934.84,10705,6253.7,9139,5331.41,5708,3327.51,5266,3077.18,315,184.98,739,432.05,4597,2694.55
300638.SZ,20210430,4206,2411.34,4008,2297.67,5292,3035.68,4549,2608.36,3379,1939.36,2747,1574.07,1432,822.39,3005,1728.65,-997,-561.68
300638.SZ,20210429,5865,3397.23,6725,3899.6,6527,3785.8,6950,4033.02,4503,2613.52,4333,2515.43,3272,1905.65,2159,1254.16,288,176.31
300638.SZ,20210428,4288,2448.96,4468,2554.78,3980,2275.16,5440,3112.32,5080,2909.35,5237,2996.26,2890,1652.82,1092,622.94,-2496,-1426.7
300638.SZ,20210427,6481,3674.89,5078,2886.22,6348,3604.2,5577,3168.12,2696,1531.7,3330,1888.94,397,223.82,1937,1091.33,-1135,-652.81
300638.SZ,20210426,8521,4923.38,6626,3837.28,10038,5803.04,9069,5249.39,7229,4179.54,10012,5788.79,4307,2504.28,4389,2534.78,4223,2464.05
300638.SZ,20210423,12905,7507.92,9441,5489.53,13563,7873.96,12940,7541.11,7348,4268.98,8583,4987.65,1492,867.92,4344,2500.5,-1783,-1019.99
300638.SZ,20210422,6350,3688.66,5886,3422.28,6798,3950.2,6386,3712.11,4772,2774.89,4977,2890.4,200,116.4,872,505.36,327,193.13
300638.SZ,20210421,6281,3653.48,7148,4159.02,7884,4586.27,8601,5004.73,5596,3258.64,3965,2307.41,1649,961.94,1697,989.17,474,282.94
300638.SZ,20210420,9803,5660.69,7966,4604.94,9380,5412.93,8572,4951.82,4000,2314.96,5949,3438.94,1877,1088.79,2573,1481.66,488,293.1
300638.SZ,20210419,12010,6954.3,11126,6448.07,13902,8060.08,11081,6429.02,7960,4618.98,9935,5754.41,1170,678.35,2899,1680.21,-1580,-915.14
300638.SZ,20210416,12874,7417.96,11121,6410.17,14278,8227.27,12675,7305.01,6870,3962.71,9120,5257.06,6,3.44,1111,639.13,2121,1238.65
300638.SZ,20210415,14043,7905.39,18660,10512.15,22551,12688.86,22328,12579.64,13757,7752.92,11913,6717.49,5943,3374.24,3394,1912.13,6872,3862.1
300638.SZ,20210414,9230,4935.65,6245,3340.29,6583,3520.79,9147,4891.11,3427,1829.41,4042,2159.44,394,211.78,200,106.78,-201,-92.89
300638.SZ,20210413,8590,4505.34,4489,2359.22,7679,4021.71,9281,4865.1,3596,1886.84,5717,2991.59,200,106.02,578,304.0,-5168,-2702.86
300638.SZ,20210412,6848,3680.77,4886,2638.78,6127,3296.67,6300,3382.56,1870,1001.69,3072,1641.4,0,0.0,586,316.38,-3684,-1975.8
300638.SZ,20210409,6426,3473.64,3746,2026.6,3798,2052.03,4778,2582.05,2312,1249.44,3836,2072.79,296,159.25,471,252.91,-1675,-901.0
300638.SZ,20210408,5989,3285.22,5410,2970.01,5087,2792.51,4925,2704.13,3833,2108.08,4450,2443.91,384,209.04,508,276.8,458,260.77
300638.SZ,20210407,5033,2749.79,5551,3033.69,5050,2758.42,4515,2466.6,1931,1056.53,2738,1495.56,834,455.27,44,24.16,147,88.17
300638.SZ,20210406,6252,3397.79,4365,2372.79,5610,3048.14,5275,2868.17,2911,1582.35,4410,2395.59,242,131.09,965,522.83,-3264,-1772.71
300638.SZ,20210402,7604,4151.28,11312,6184.58,14366,7848.14,9510,5195.76,5878,3211.74,7157,3904.38,661,362.0,530,288.45,4510,2477.1
300638.SZ,20210401,7788,4185.22,8956,4814.56,6639,3567.52,8156,4384.03,6105,3285.95,4775,2568.91,1966,1056.0,610,327.2,3637,1956.76
300638.SZ,20210331,6096,3198.61,4672,2450.63,4456,2337.52,4033,2115.92,2230,1170.76,3690,1935.54,76,39.61,463,244.42,1058,561.1
300638.SZ,20210330,7022,3677.41,4007,2100.77,5100,2670.98,4519,2367.37,2616,1369.33,4994,2613.7,200,104.36,1417,740.25,-705,-362.89
300638.SZ,20210329,6550,3474.84,5035,2670.55,5543,2939.94,5700,3023.28,2837,1503.71,4314,2287.43,406,214.16,287,151.4,2381,1269.85
300638.SZ,20210326,7153,3784.38,7040,3729.51,7796,4127.68,8564,4533.64,5736,3035.91,4886,2584.29,500,264.99,695,365.51,-488,-251.65
300638.SZ,20210325,7338,3820.44,6974,3633.73,7937,4128.47,6508,3386.75,3621,1885.77,4864,2529.2,494,257.02,1044,542.02,-2603,-1349.8
300638.SZ,20210324,8340,4403.13,7684,4059.62,10828,5720.99,9411,4973.62,4866,2571.48,5759,3042.87,400,213.91,1580,833.4,2713,1438.27
300638.SZ,20210323,10759,5601.51,14212,7413.12,16514,8612.25,14382,7494.44,9372,4896.95,7450,3890.15,1395,731.26,1997,1044.27,7287,3830.51
300638.SZ,20210322,11474,5835.5,13855,7048.27,13465,6852.74,15037,7641.46,10471,5332.19,7800,3977.98,2233,1134.94,951,487.66,6400,3271.46
300638.SZ,20210319,6148,2945.85,5437,2605.75,4648,2226.88,4947,2370.28,3249,1555.79,3342,1601.29,460,221.73,778,372.94,-523,-245.47
300638.SZ,20210318,6222,3002.29,5349,2582.24,6364,3069.02,5809,2803.23,2930,1413.65,4103,1978.06,245,118.72,500,240.14,-2900,-1400.02
300638.SZ,20210317,5254,2553.62,6805,3313.93,6989,3402.69,6217,3028.53,4867,2372.07,4206,2044.01,228,111.61,110,53.52,-770,-368.21
300638.SZ,20210316,7203,3488.2,8920,4323.44,6228,3017.71,6838,3321.06,3875,1882.08,2742,1327.26,1570,765.65,377,181.88,-3082,-1496.51
300638.SZ,20210315,11058,5300.8,10025,4807.0,10434,5001.09,11062,5303.4,6621,3175.8,6355,3045.02,404,194.42,1075,516.7,-550,-260.19
300638.SZ,20210312,15693,7445.16,8966,4264.94,11584,5502.12,12461,5916.27,5410,2563.08,10917,5171.81,1689,804.62,2033,961.97,-1571,-752.24
300638.SZ,20210311,8523,4145.59,6793,3309.47,8403,4090.33,6993,3403.04,3721,1810.71,7150,3477.99,1230,599.71,941,455.85,-177,-82.65
300638.SZ,20210310,8329,4082.65,7766,3808.6,7328,3588.87,8573,4196.13,4299,2107.02,4083,1999.65,495,240.33,29,14.48,-1511,-748.0
300638.SZ,20210309,14647,7297.87,8044,4019.03,13735,6838.07,14022,6989.57,10302,5130.11,14897,7399.97,1224,608.11,2945,1465.59,-3570,-1786.51
300638.SZ,20210308,9821,5257.08,10730,5757.27,11121,5958.68,10009,5375.04,4837,2596.14,5076,2709.76,1100,588.99,1063,558.82,-5582,-2966.46
300638.SZ,20210305,8093,4325.01,8415,4496.08,10434,5571.5,9818,5243.22,5445,2910.61,5814,3108.64,1604,856.7,1529,815.89,4506,2407.56
300638.SZ,20210304,10000,5289.01,8463,4483.87,10306,5446.42,9065,4794.62,6735,3561.32,7428,3921.81,754,396.33,2840,1492.78,-7682,-4064.52
300638.SZ,20210303,7525,4019.02,7801,4171.46,7146,3820.38,6414,3429.94,4052,2167.5,3963,2117.3,846,453.31,1391,741.51,42,34.81
300638.SZ,20210302,8752,4722.19,9428,5085.09,9976,5384.52,8753,4725.84,4160,2244.94,4285,2311.76,230,122.93,652,351.89,-3625,-1946.39
300638.SZ,20210301,7356,3982.45,9651,5227.28,8555,4632.44,8679,4699.69,6567,3555.49,3949,2137.23,1201,652.04,1400,758.22,-3237,-1747.62
300638.SZ,20210226,9653,5155.94,9642,5157.2,9581,5112.06,9363,5006.94,6576,3519.34,5013,2675.42,1705,919.9,3498,1867.68,1719,916.06
300638.SZ,20210225,11415,6159.66,8667,4690.05,10810,5828.01,9089,4908.25,5489,2961.13,7955,4282.56,789,427.43,2793,1495.38,-3935,-2133.35
300638.SZ,20210224,9035,4983.98,8774,4849.45,8409,4638.95,8480,4678.4,4333,2393.57,4697,2584.07,599,330.45,425,235.04,-3402,-1876.0
300638.SZ,20210223,9860,5440.71,9959,5500.18,8589,4739.93,7952,4388.49,3332,1841.64,3663,2018.81,31,17.12,239,131.93,85,55.68
300638.SZ,20210222,15760,8908.18,11980,6786.5,15849,8979.52,13273,7515.51,8530,4836.03,12405,7024.23,400,221.6,2881,1619.1,-11576,-6522.65
300638.SZ,20210219,9066,5214.52,9691,5580.04,11463,6601.22,10050,5788.77,5638,3251.56,6307,3623.62,1910,1089.61,2030,1164.47,-2346,-1346.48
300638.SZ,20210218,9542,5563.57,10641,6208.6,11501,6709.65,10443,6097.88,8774,5120.59,9685,5649.34,3133,1837.65,2182,1275.65,-1697,-978.15
300638.SZ,20210210,8123,4656.82,8546,4902.4,8680,4977.06,8090,4640.75,6572,3767.36,7755,4441.17,2922,1675.56,1906,1092.48,-2155,-1228.4
300638.SZ,20210209,9327,5314.02,12845,7325.04,10153,5792.19,11347,6480.05,8982,5127.4,6238,3555.94,2499,1431.34,531,303.92,-5134,-2928.45
300638.SZ,20210208,10563,5840.59,12271,6796.18,7770,4300.94,7662,4240.44,5934,3291.44,4159,2300.35,413,229.11,588,325.11,-503,-276.24
300638.SZ,20210205,15861,8777.66,11393,6331.11,13545,7480.55,11274,6247.2,6922,3835.0,11921,6562.51,2523,1388.86,4263,2341.27,-5731,-3171.94
300638.SZ,20210204,14856,8447.46,10375,5933.95,13657,7778.67,11515,6564.13,8551,4877.49,12376,7028.55,1784,1017.73,4583,2594.72,-4241,-2429.4
300638.SZ,20210203,11727,6969.93,10967,6529.02,11303,6713.36,10516,6253.21,7297,4343.23,8312,4933.32,533,318.0,1064,628.97,-1901,-1122.75
300638.SZ,20210202,9427,5565.73,14033,8292.43,11742,6939.51,12374,7323.99,10490,6211.57,6884,4069.1,2140,1270.53,508,301.83,-1235,-704.92
300638.SZ,20210201,8288,4778.04,10955,6320.79,10544,6086.0,9784,5647.17,7258,4194.09,5576,3220.57,431,249.79,206,119.38,-871,-499.35
300638.SZ,20210129,11533,6518.13,9772,5534.25,10544,5965.83,8938,5058.19,6467,3656.54,8654,4888.9,476,270.4,1656,929.57,-1127,-643.0
300638.SZ,20210128,16601,9720.96,9470,5547.58,14880,8688.14,13292,7773.21,7660,4483.84,13391,7835.15,940,544.9,3928,2281.91,-4960,-2869.75
300638.SZ,20210127,14676,8924.13,10894,6635.93,14744,8953.45,10788,6568.72,8401,5109.16,11323,6873.77,1606,974.49,6422,3882.8,-2894,-1735.79
300638.SZ,20210126,21284,13045.05,14119,8672.36,22991,14083.32,18044,11057.74,16087,9857.85,26430,16166.61,8095,4951.23,9864,6040.74,2406,1488.44
300638.SZ,20210125,10896,7043.19,9852,6369.75,12579,8131.33,11629,7516.31,9127,5895.58,14252,9189.5,7385,4755.25,4255,2749.79,-5944,-3805.98
300638.SZ,20210122,12758,8195.06,10279,6626.95,15453,9940.65,15228,9792.16,11564,7450.95,14509,9323.11,5228,3360.69,4987,3205.14,-3554,-2253.19
300638.SZ,20210121,12223,7988.69,13625,8913.88,14993,9805.29,14505,9480.99,10239,6694.47,11061,7232.07,4167,2725.53,2431,1587.05,-12213,-7966.05
300638.SZ,20210120,11200,7307.37,10732,7018.97,14342,9363.36,11709,7653.34,8932,5839.38,10082,6572.34,1760,1144.91,3711,2410.36,-2341,-1518.39
300638.SZ,20210119,16938,11298.01,16176,10796.05,20371,13601.67,18845,12569.21,13216,8828.86,17674,11806.04,4439,2961.33,2268,1518.57,-8462,-5585.24
300638.SZ,20210118,21610,14172.36,21704,14321.64,27368,18066.59,28115,18570.34,20176,13376.04,19335,12787.61,9852,6508.97,9852,6444.37,15649,10410.16
300638.SZ,20210115,19744,12538.07,10798,6878.79,18351,11649.82,18594,11823.43,13570,8615.41,19101,12092.49,3144,1996.85,6315,4005.42,-8023,-5108.63
300638.SZ,20210114,14495,9595.19,18652,12392.33,20220,13426.01,22654,15059.71,23130,15410.65,16600,11027.77,7018,4661.88,6957,4613.93,-921,-588.67
300638.SZ,20210113,17904,11595.49,15413,10002.74,18205,11813.69,19636,12746.42,16460,10702.02,14572,9445.22,4649,3021.02,7597,4937.84,7833,5140.55
300638.SZ,20210112,14313,9281.13,12671,8235.73,18284,11863.47,18250,11844.83,11564,7509.94,10652,6908.5,4150,2700.06,6738,4365.56,-3445,-2217.26
300638.SZ,20210111,16697,10921.83,17562,11508.26,25046,16392.82,29590,19376.11,22763,14898.93,14614,9562.88,6513,4274.04,9252,6040.36,-5867,-3807.31
300638.SZ,20210108,17773,11518.73,20602,13377.18,23576,15300.72,22559,14644.79,15873,10298.94,16075,10424.75,5116,3340.99,3102,2012.66,4573,2974.04
300638.SZ,20210107,12929,8076.62,11800,7389.03,15259,9531.07,15240,9516.44,9052,5658.03,10615,6622.26,2778,1741.59,2364,1479.59,-3058,-1900.87
300638.SZ,20210106,16335,10350.72,12218,7764.13,17747,11259.75,17065,10828.95,10633,6752.11,12772,8089.46,2513,1600.68,5173,3280.72,-3216,-2031.97
300638.SZ,20210105,20731,13238.79,20951,13392.63,23324,14884.87,23892,15250.99,17003,10859.96,15125,9630.54,4759,3035.67,5849,3745.12,707,460.41
300638.SZ,20210104,16043,10003.44,20957,13079.96,21729,13556.07,24324,15165.39,24369,15201.33,15156,9440.29,5401,3383.67,7106,4458.87,4368,2783.06
300638.SZ,20221230,10864,1947.27,12077,2166.89,8465,1517.38,7349,1316.57,4371,783.81,4274,765.0,0,0.0,0,0.0,-1246,-221.01
300638.SZ,20221229,12715,2273.45,11704,2093.81,9112,1629.49,8818,1576.78,4344,776.18,4100,732.74,0,0.0,1548,275.79,4557,817.0
300638.SZ,20221228,14989,2706.91,12648,2283.25,13278,2397.66,10781,1948.91,4689,846.47,5680,1023.78,1357,244.3,5204,939.39,-5999,-1080.23
300638.SZ,20221227,12211,2234.31,15863,2903.15,11822,2164.44,12669,2317.51,6072,1111.77,4563,835.12,3532,645.43,542,100.16,2844,528.32
300638.SZ,20221226,13956,2487.55,13093,2336.46,9508,1695.34,10919,1946.78,6001,1070.91,5127,912.8,608,108.04,933,165.79,7754,1377.46
300638.SZ,20221223,18703,3266.43,7073,1237.19,13173,2299.31,12843,2242.28,6640,1156.22,15842,2764.48,0,0.0,2758,478.01,2930,515.73
300638.SZ,20221222,14379,2560.3,11758,2098.64,12126,2157.49,12902,2296.02,4306,763.53,7956,1409.22,2075,370.8,271,48.24,-13061,-2321.11
300638.SZ,20221221,11895,2153.54,8425,1528.27,9222,1669.05,9643,1746.66,4400,798.94,5911,1067.45,1296,233.36,2833,512.5,-5063,-919.23
300638.SZ,20221220,8646,1587.93,9417,1731.35,7847,1441.69,8737,1605.88,6878,1263.99,5018,919.94,0,0.0,199,36.43,-383,-67.29
300638.SZ,20221219,13033,2400.15,11526,2125.18,9559,1759.84,9511,1751.1,4933,908.34,6488,1192.05,0,0.0,0,0.0,-4611,-847.96
300638.SZ,20221216,14813,2749.08,11822,2194.64,10359,1922.41,11638,2159.89,4631,859.18,7143,1324.53,800,148.4,0,0.0,-8227,-1526.84
300638.SZ,20221215,13797,2615.27,16736,3170.32,13515,2564.24,11736,2227.5,5617,1066.11,4657,885.68,1000,190.6,800,152.72,-1519,-277.73
300638.SZ,20221214,14163,2682.16,15722,2980.52,14883,2823.95,12710,2412.22,6118,1161.86,5603,1062.79,977,186.41,2105,398.85,-8130,-1534.79
300638.SZ,20221213,19693,3757.59,16970,3237.34,14332,2731.89,13985,2665.61,6646,1264.18,8235,1567.13,1068,203.68,2548,487.25,-17274,-3288.8
300638.SZ,20221212,23703,4567.21,23901,4605.03,25524,4921.12,22254,4292.91,13366,2582.38,13961,2697.9,1805,350.86,4281,825.74,15600,3018.9
300638.SZ,20221209,23049,4383.73,21262,4040.18,18700,3555.47,13274,2526.01,7984,1521.52,8334,1588.72,2169,413.77,9032,1719.58,-20379,-3870.12
300638.SZ,20221208,13749,2655.88,10991,2125.19,12124,2342.55,11711,2262.69,5678,1095.81,8849,1706.37,0,0.0,0,0.0,-7666,-1479.48
300638.SZ,20221207,24209,4718.16,24509,4776.69,21071,4106.71,15852,3090.78,9341,1819.73,12166,2370.23,599,116.51,2693,523.41,-17180,-3344.35
300638.SZ,20221206,15975,3168.14,15650,3105.96,15381,3052.16,15339,3045.57,5430,1079.16,6385,1265.19,588,117.26,0,0.0,-2856,-560.14
300638.SZ,20221205,24565,4878.76,18477,3671.85,23167,4602.59,23678,4702.22,6746,1341.74,10701,2127.25,417,82.61,2039,404.38,-12071,-2391.69
300638.SZ,20221202,14498,2922.81,18060,3642.59,16700,3367.33,13006,2622.23,8351,1683.61,7619,1535.24,557,112.29,1421,285.98,-2733,-548.31
300638.SZ,20221201,24634,5015.61,21459,4368.27,24908,5072.07,27068,5514.71,12820,2611.48,13494,2743.23,2346,480.37,2687,553.32,2163,470.13
300638.SZ,20221130,22920,4587.23,26693,5342.8,23108,4627.7,22340,4472.84,13567,2714.2,11567,2313.33,2656,531.29,1651,331.46,-2211,-430.02
300638.SZ,20221129,20730,4078.06,22832,4496.56,20722,4082.32,20539,4045.27,9914,1952.85,8505,1678.72,2455,487.09,1946,379.76,6205,1222.61
300638.SZ,20221128,28619,5558.06,26049,5055.84,19886,3856.28,19577,3800.46,5986,1161.46,8578,1663.53,524,102.18,811,158.15,-4437,-860.11
300638.SZ,20221125,35236,7114.81,40608,8204.69,32678,6610.23,23250,4709.86,14372,2909.42,13602,2752.28,746,152.82,5573,1120.45,-34425,-6955.93
300638.SZ,20221124,15685,3271.76,14979,3128.8,16317,3404.08,13534,2825.66,6068,1264.07,7521,1564.01,0,0.0,2035,421.43,-5896,-1224.97
300638.SZ,20221123,25788,5361.4,18785,3910.51,23156,4811.46,23446,4877.71,11427,2375.18,16014,3321.14,2188,457.22,4314,895.9,-7221,-1492.1
300638.SZ,20221122,32232,6917.7,32498,6972.74,36672,7867.75,32913,7066.26,16596,3566.21,21757,4670.09,2874,616.66,1206,259.22,-2972,-621.01
300638.SZ,20221121,36467,7764.5,21695,4634.68,34476,7347.62,34180,7283.82,12968,2752.58,24605,5239.06,4546,970.65,7976,1677.8,-7925,-1695.15
300638.SZ,20221118,35256,7781.28,38900,8591.37,59879,13247.88,50555,11178.05,28121,6206.74,34700,7672.69,5129,1136.27,4230,930.06,6053,1351.12
300638.SZ,20221117,38485,8212.41,50579,10793.34,52074,11123.87,45641,9761.06,34137,7308.41,26576,5690.82,4052,873.14,5951,1272.61,-9045,-1900.08
300638.SZ,20221116,51027,10615.66,46258,9631.8,54254,11295.38,52559,10941.86,28637,5970.04,35004,7290.66,3258,680.94,3354,697.7,17818,3717.35
300638.SZ,20221115,28795,5710.57,31279,6204.69,35597,7069.16,37164,7386.87,20691,4123.33,17089,3400.43,2600,519.34,2151,430.42,16022,3192.01
300638.SZ,20221114,22830,4431.76,27305,5298.11,27265,5296.55,19455,3778.31,10747,2085.62,13608,2642.7,1208,236.7,1682,331.51,-6473,-1230.9
300638.SZ,20221111,24793,4825.71,25377,4943.02,24355,4739.68,22719,4425.05,11363,2212.83,12711,2467.35,900,173.06,603,115.86,-2213,-413.32
300638.SZ,20221110,21374,4083.19,19381,3702.51,16341,3119.81,16568,3162.74,5436,1035.96,8899,1695.28,2511,477.24,815,155.67,-13755,-2624.93
300638.SZ,20221109,16179,3132.05,17112,3314.66,15116,2927.52,14193,2751.0,5625,1091.77,3390,655.14,125,24.25,2350,454.78,-4839,-932.98
300638.SZ,20221108,22703,4415.53,22896,4454.4,18013,3502.7,18087,3519.12,7470,1453.15,8004,1554.18,800,156.32,0,0.0,-5619,-1092.17
300638.SZ,20221107,31551,6265.46,24774,4923.58,30728,6103.4,25952,5157.88,11512,2287.85,18328,3635.64,0,0.0,4737,939.62,-21819,-4324.36
300638.SZ,20221104,20633,4154.2,28458,5736.35,28773,5798.44,34968,7053.3,27005,5461.29,11580,2338.1,4120,833.6,5526,1119.78,-372,-63.16
300638.SZ,20221103,23781,4714.92,23490,4660.12,27555,5467.81,29561,5865.68,9703,1927.21,11061,2195.01,3073,610.87,0,0.0,-2831,-556.41
300638.SZ,20221102,23657,4622.42,26297,5150.75,23777,4655.6,23494,4598.82,13576,2665.28,9660,1891.36,1441,280.51,3000,582.88,5008,981.47
300638.SZ,20221101,23897,4518.94,29426,5575.64,22707,4297.17,19229,3637.16,11310,2138.55,8869,1674.01,774,147.87,1165,215.72,3638,703.21
300638.SZ,20221031,30042,5585.3,28179,5238.88,22080,4096.37,24444,4540.31,7203,1340.91,5440,1010.06,0,0.0,1263,233.32,7546,1405.28
300638.SZ,20221028,41093,7586.47,34930,6466.94,23895,4413.95,23054,4248.67,4777,877.46,11650,2135.43,569,102.25,700,129.09,-12440,-2270.42
300638.SZ,20221027,39936,7796.49,39829,7807.9,31667,6197.32,34279,6692.38,11827,2318.64,12722,2482.48,3934,775.29,534,104.98,-20228,-3917.24
300638.SZ,20221026,35814,6883.38,32693,6282.7,26808,5149.54,28865,5550.32,10165,1958.43,11663,2244.29,1234,240.2,800,154.24,13444,2581.77
300638.SZ,20221025,24284,4477.6,25020,4616.12,15351,2831.05,16196,2988.44,6223,1150.32,5366,989.01,724,134.6,0,0.0,-4872,-897.12
300638.SZ,20221024,43510,8230.34,33130,6279.33,27186,5167.2,29294,5543.05,4675,893.23,12221,2324.59,84,15.45,810,159.24,-1050,-174.42
300638.SZ,20221021,17181,3337.07,18360,3570.06,16669,3239.4,12939,2516.27,4336,843.34,6920,1341.45,1534,298.97,1500,291.0,-2538,-494.37
300638.SZ,20221020,29306,5712.3,21557,4209.44,14466,2822.25,18271,3564.26,5253,1027.59,7852,1527.57,0,0.0,1346,260.88,-928,-161.39
300638.SZ,20221019,19898,3904.89,22242,4373.46,20248,3985.23,16538,3251.28,7339,1442.47,8535,1674.79,1015,198.23,1185,231.3,4049,803.1
300638.SZ,20221018,18742,3635.51,20315,3943.53,16426,3185.97,16731,3247.32,8192,1593.47,7129,1380.93,816,156.84,0,0.0,-6182,-1194.67
300638.SZ,20221017,21160,4100.15,26772,5197.21,20826,4037.6,24635,4782.98,14450,2811.79,8889,1724.26,4508,879.53,649,124.63,2646,514.57
300638.SZ,20221014,34196,6420.92,36707,6925.01,37676,7074.5,36162,6814.81,26464,4975.17,23718,4414.52,700,132.95,2448,449.21,-7914,-1460.76
300638.SZ,20221013,22143,4113.69,27089,5031.82,18810,3492.93,18372,3411.52,11448,2131.89,7480,1394.69,2257,420.79,1717,321.27,3308,614.56
300638.SZ,20221012,27887,4912.65,27723,4894.11,16728,2965.37,17424,3081.06,9182,1632.65,6402,1139.69,0,0.0,2247,395.81,-1899,-320.14
300638.SZ,20221011,17694,3140.18,19122,3394.03,10270,1822.81,8057,1430.53,3975,706.9,3248,576.66,1573,278.99,3084,547.66,-4476,-789.29
300638.SZ,20221010,21470,3859.94,19601,3528.69,11782,2114.84,10750,1928.39,3251,582.55,4114,735.33,647,116.98,2686,481.91,-1695,-308.99
300638.SZ,20220930,22419,4133.12,14829,2740.37,10018,1847.9,11376,2094.58,3695,683.77,5236,958.44,540,100.39,5231,971.79,620,120.37
300638.SZ,20220929,23495,4461.4,18682,3551.89,13669,2589.46,14397,2729.96,2831,536.77,6917,1305.78,0,0.0,0,0.0,-984,-177.18
300638.SZ,20220928,26238,5011.02,17706,3388.81,15484,2961.1,16232,3102.49,4758,905.04,9116,1738.93,0,0.0,3427,646.93,-7621,-1456.15
300638.SZ,20220927,18301,3622.26,17409,3446.97,13303,2631.81,13514,2672.19,8027,1584.68,8718,1720.4,850,167.2,840,166.38,1600,321.97
300638.SZ,20220926,14888,2939.03,14399,2844.42,9669,1909.47,9371,1849.87,3229,637.19,4014,791.42,0,0.0,0,0.0,-169,-30.45
300638.SZ,20220923,19554,3931.69,19657,3954.24,15399,3095.33,15669,3152.37,8075,1628.78,6950,1395.13,0,0.0,752,154.05,-13343,-2687.36
300638.SZ,20220922,11271,2322.71,14286,2949.13,13359,2758.84,15242,3147.67,7286,1506.02,2913,600.33,525,109.55,0,0.0,1443,294.94
300638.SZ,20220921,14865,3007.13,14058,2845.14,9650,1952.23,8832,1786.54,4198,851.3,4466,903.98,726,145.78,2083,420.79,2252,455.52
300638.SZ,20220920,19627,4039.23,17683,3640.95,14555,2994.3,17429,3587.26,7204,1483.28,6777,1392.35,567,117.01,64,13.26,2309,479.82
300638.SZ,20220919,20500,4221.29,14232,2934.52,10765,2215.69,11464,2360.78,4019,828.07,8537,1755.65,0,0.0,1052,214.12,-1146,-232.01
300638.SZ,20220916,18599,3971.34,21687,4633.77,15985,3419.44,13845,2965.92,9178,1964.15,7844,1675.25,114,24.52,500,104.51,-6414,-1340.91
300638.SZ,20220915,19865,4283.74,13118,2839.79,15417,3322.65,12194,2637.44,7995,1725.48,13155,2825.09,0,0.0,4810,1029.56,-12876,-2777.9
300638.SZ,20220914,13212,2917.75,14049,3101.8,12490,2758.67,9535,2106.31,5767,1274.4,7166,1584.59,1218,270.05,1937,428.16,-8977,-1976.0
300638.SZ,20220913,18864,4230.89,21041,4727.32,25975,5853.57,18699,4201.09,11966,2688.26,19044,4292.22,2590,585.17,611,137.25,5063,1162.22
300638.SZ,20220909,18755,4117.34,22185,4876.57,15663,3438.25,13978,3071.91,11605,2550.76,6433,1415.47,2788,614.18,6214,1356.58,-4419,-977.09
300638.SZ,20220908,18018,4101.33,23795,5420.41,20458,4652.81,21389,4868.86,15079,3437.36,11676,2661.48,7334,1673.88,4030,914.63,-11370,-2559.2
300638.SZ,20220907,15113,3361.74,23177,5161.45,19348,4307.1,17332,3858.84,13702,3055.73,7254,1615.7,126,28.09,526,116.67,-889,-194.54
300638.SZ,20220906,19584,4240.02,24405,5285.85,14298,3096.56,13284,2876.27,10927,2368.92,7731,1676.63,3663,793.36,3053,660.11,2817,620.07
300638.SZ,20220905,19533,4200.7,20381,4388.82,13744,2955.65,11919,2560.11,5264,1133.33,5524,1186.31,464,100.38,1181,254.82,-10595,-2274.25
300638.SZ,20220902,22481,4892.76,21230,4622.27,18460,4027.6,15280,3330.42,7314,1595.3,7460,1628.35,738,162.39,5024,1097.01,6281,1374.69
300638.SZ,20220901,25265,5488.68,16467,3578.1,16961,3684.59,16916,3676.98,8696,1890.79,13383,2915.06,976,212.69,5132,1106.61,-8712,-1889.5
300638.SZ,20220831,20124,4511.83,22009,4947.15,21354,4793.83,17870,4021.55,13243,2979.58,11658,2612.9,484,109.87,3668,813.51,-13281,-2964.21
300638.SZ,20220830,16636,3749.87,20119,4536.29,12117,2731.37,13717,3093.18,12179,2748.3,6852,1543.97,805,181.06,1049,237.17,-4576,-1026.4
300638.SZ,20220829,24696,5610.39,16903,3848.37,21964,4989.52,30347,6887.18,11134,2534.14,14275,3245.66,4502,1023.8,771,176.63,-8300,-1865.13
300638.SZ,20220826,21121,4931.29,17212,4023.05,18397,4303.17,17293,4048.9,11388,2661.63,12597,2950.08,1910,445.16,5714,1319.22,-2984,-684.67
300638.SZ,20220825,26468,6258.72,30246,7141.0,21278,5029.65,17468,4140.45,15802,3735.61,14291,3379.81,1429,337.54,2971,700.28,-7642,-1808.33
300638.SZ,20220824,45215,11069.84,36530,8956.32,32442,7948.4,33410,8176.13,18910,4620.43,21331,5225.32,1905,473.31,7200,1754.2,-34462,-8443.2
300638.SZ,20220823,19397,5059.95,18935,4942.16,22686,5924.82,18627,4873.03,10728,2803.45,11912,3105.29,0,0.0,3337,867.74,-7290,-1879.36
300638.SZ,20220822,26191,6899.52,21216,5597.46,23284,6140.17,24895,6565.95,14196,3737.7,18273,4804.05,2138,564.07,1425,374.0,7888,2098.88
300638.SZ,20220819,39982,10465.77,26055,6814.8,45798,12009.25,42432,11122.04,36622,9584.82,47728,12489.08,7427,1957.22,13613,3591.14,-22616,-5857.97
300638.SZ,20220818,15774,4424.56,10962,3077.84,18876,5297.01,14423,4046.31,9913,2782.66,14875,4173.73,1727,485.97,6030,1692.32,4989,1405.45
300638.SZ,20220817,19778,5569.71,11242,3176.94,17487,4926.61,21076,5942.97,11001,3103.86,13066,3672.01,3063,862.11,5945,1670.36,-7215,-2032.54
300638.SZ,20220816,12410,3562.77,15304,4401.8,15865,4563.41,12489,3591.8,9990,2867.48,8258,2377.77,2851,824.57,5065,1446.86,-1646,-463.56
300638.SZ,20220815,19607,5600.23,13635,3897.57,15462,4415.74,14814,4233.73,7828,2239.19,14544,4151.6,597,170.74,500,143.01,-4237,-1206.81
300638.SZ,20220812,24230,7125.26,17860,5266.95,32466,9559.67,23847,7026.44,14581,4298.94,23336,6863.43,2486,728.03,8720,2555.07,-7477,-2206.49
300638.SZ,20220811,24818,7453.72,36152,10862.52,36867,11075.2,33116,9950.72,27806,8372.41,24056,7245.79,8743,2641.98,4909,1484.28,5118,1574.7
300638.SZ,20220810,26526,7765.46,41665,12233.61,40042,11754.99,34701,10175.29,26535,7798.09,20981,6165.22,7766,2298.49,3523,1042.9,3683,1086.31
300638.SZ,20220809,61898,17286.15,65368,18296.39,73395,20565.57,65496,18292.53,53324,14789.21,49021,13684.37,13745,3842.94,22477,6210.59,30737,8629.36
300638.SZ,20220808,37689,10656.41,47059,13340.67,41544,11782.16,33419,9491.39,38032,10810.07,29803,8453.35,23416,6687.05,30400,8650.29,-639,-170.1
300638.SZ,20220805,42144,11526.97,50521,13811.57,53164,14618.53,52377,14338.01,34886,9546.29,40771,11207.01,23050,6271.71,9575,2606.92,36721,10109.97
300638.SZ,20220804,19735,5103.04,20518,5315.48,15970,4135.3,16532,4280.14,11550,2996.97,10049,2602.27,1828,474.55,1984,511.97,-5935,-1527.6
300638.SZ,20220803,34421,9005.95,33375,8743.55,26716,6995.63,34485,9028.9,23500,6152.37,20684,5412.09,8871,2334.55,4965,1303.97,18350,4812.14
300638.SZ,20220802,27312,6921.88,21573,5479.87,24560,6224.72,19692,5004.45,12058,3067.91,17269,4373.58,3472,884.07,8868,2240.68,2788,720.98
300638.SZ,20220801,29717,7670.47,28613,7389.2,21671,5571.82,21785,5612.23,9224,2391.91,10514,2711.35,4548,1185.4,4247,1106.81,7568,1986.69
300638.SZ,20220729,17826,4546.19,20072,5125.01,17098,4364.25,18166,4639.65,11093,2836.26,9451,2411.6,4954,1269.76,3282,840.2,-270,-65.36
300638.SZ,20220728,20750,5278.74,20829,5301.31,18535,4713.86,19409,4938.08,13854,3525.77,14053,3577.66,3624,929.36,2473,630.67,6151,1585.48
300638.SZ,20220727,18307,4557.08,19119,4764.52,17490,4360.01,15535,3869.61,11299,2825.36,10323,2576.1,433,106.53,2551,638.75,11414,2843.9
300638.SZ,20220726,14190,3430.0,11039,2673.01,8642,2089.4,10767,2602.12,3962,959.74,3471,839.27,618,150.17,2134,514.9,2483,603.85
300638.SZ,20220725,19740,4812.05,13655,3330.11,11094,2699.04,11528,2807.88,5558,1356.17,7884,1915.27,500,122.0,3824,935.99,22,14.75
300638.SZ,20220722,17729,4388.83,14086,3495.69,13807,3422.54,14352,3568.7,7068,1757.72,8740,2160.65,1770,442.81,3196,786.86,-2377,-588.44
300638.SZ,20220721,17835,4476.82,12364,3104.74,14936,3754.31,14990,3767.19,6190,1555.46,10041,2522.04,572,143.0,2137,535.62,1150,298.3
300638.SZ,20220720,19435,4876.33,13437,3374.96,14898,3741.23,15943,4003.54,7138,1790.53,10215,2558.7,718,181.07,2594,651.95,2712,688.49
300638.SZ,20220719,18695,4658.65,14391,3586.81,18140,4523.32,16261,4054.26,6575,1640.04,12761,3181.37,1162,289.39,1160,288.97,-360,-84.2
300638.SZ,20220718,23494,5774.08,32619,8063.25,37093,9203.75,25879,6391.06,18269,4555.51,13735,3420.13,3335,825.89,9958,2484.78,-2638,-564.19
300638.SZ,20220715,27205,6692.36,29421,7244.72,24549,6035.73,21992,5422.53,11521,2846.64,11270,2770.31,2711,672.1,3304,809.27,7325,1812.92
300638.SZ,20220714,29363,7106.96,26929,6530.09,22079,5344.52,23548,5713.62,12370,3005.49,12165,2934.38,3395,823.05,4564,1101.95,12305,2975.92
300638.SZ,20220713,24275,5679.27,16668,3902.41,15077,3529.69,21993,5147.85,6459,1510.19,7130,1666.16,980,230.28,1000,233.0,-7760,-1809.99
300638.SZ,20220712,22813,5429.86,21696,5171.69,17982,4280.75,14493,3453.1,6863,1632.75,9360,2220.07,0,0.0,2108,498.49,-4365,-1032.84
300638.SZ,20220711,27132,6507.88,17517,4203.95,18240,4373.9,13315,3196.68,6988,1675.52,17387,4161.05,1625,389.26,5766,1384.87,-4235,-1009.93
300638.SZ,20220708,27712,6959.96,25160,6325.61,29542,7423.25,23410,5881.25,9410,2366.06,12431,3123.37,1480,372.98,7143,1792.02,2737,707.66
300638.SZ,20220707,36062,8852.67,29689,7285.95,20463,5021.56,21921,5379.2,7019,1724.7,10962,2697.78,257,64.01,1230,300.01,13249,3286.53
300638.SZ,20220706,34615,8348.33,22456,5439.36,21012,5067.12,19614,4743.08,9457,2287.15,15693,3774.39,2700,653.09,10022,2398.85,-2956,-714.22
300638.SZ,20220705,36495,8933.0,26843,6593.09,27613,6743.57,25726,6289.13,13111,3192.71,21747,5285.77,2464,597.54,5367,1298.83,-19377,-4726.86
300638.SZ,20220704,52169,13106.18,30985,7794.77,30409,7647.69,41763,10485.29,16402,4123.3,20844,5240.14,4030,1015.34,9418,2372.32,-20230,-5067.95
300638.SZ,20220701,57452,14791.3,46141,11895.26,41383,10617.25,44490,11423.03,18841,4822.91,18308,4697.9,8359,2148.0,17096,4363.26,1616,454.03
300638.SZ,20220630,32346,8591.34,32378,8604.77,19500,5176.51,13865,3683.22,10300,2732.75,8954,2376.43,2760,733.87,9708,2570.06,-8030,-2134.95
300638.SZ,20220629,26305,7085.29,22036,5939.98,23976,6463.98,20353,5479.07,10976,2949.82,14313,3853.73,2312,628.53,6868,1854.84,-16902,-4532.85
300638.SZ,20220628,19093,5231.37,22736,6243.33,18418,5050.07,17677,4843.94,10373,2855.2,8815,2419.8,2080,575.22,737,204.78,6301,1757.93
300638.SZ,20220627,18647,5096.11,19056,5218.2,18627,5092.3,18967,5187.12,13468,3686.87,10118,2769.36,1336,368.09,3938,1068.69,-14041,-3839.65
300638.SZ,20220624,27391,7513.73,26544,7271.23,20011,5464.26,28197,7721.94,19916,5468.47,15327,4203.6,8470,2314.04,5720,1563.72,5546,1512.89
300638.SZ,20220623,30758,7976.48,22888,5949.64,15609,4046.43,20177,5238.21,9297,2427.18,14549,3775.57,3384,882.35,1434,369.02,16403,4259.0
300638.SZ,20220622,27884,7113.36,17523,4472.83,14233,3640.24,17062,4356.8,8839,2255.22,11712,2992.66,500,128.6,5159,1315.12,-1596,-400.95
300638.SZ,20220621,24724,6382.05,19710,5091.36,10781,2780.79,14610,3768.71,6226,1608.57,7912,2039.79,500,128.45,0,0.0,481,135.88
300638.SZ,20220620,34037,8906.26,36179,9491.84,39289,10281.59,30650,8023.6,15113,3965.71,22226,5811.66,4524,1197.32,3909,1023.78,-2054,-513.96
300638.SZ,20220617,29655,7541.55,31826,8100.46,26687,6775.95,23033,5860.17,11570,2941.0,15796,4012.61,5304,1360.57,2562,645.82,331,122.18
300638.SZ,20220616,31237,7940.86,29623,7534.19,21356,5430.74,19673,5000.79,7762,1971.35,9238,2346.26,506,129.79,2326,591.51,-4982,-1256.44
300638.SZ,20220615,32030,8292.11,30718,7969.48,26447,6851.68,26992,6994.65,15956,4130.7,15169,3919.37,2589,674.26,4143,1065.25,-1202,-304.52
300638.SZ,20220614,30832,7546.98,48116,11811.48,29889,7342.48,27056,6650.03,27378,6752.44,13433,3318.63,2132,532.8,1624,394.56,727,247.66
300638.SZ,20220613,29883,7436.57,31211,7776.49,26018,6472.35,27858,6930.39,15821,3945.91,15322,3820.42,4375,1098.18,1706,425.73,8769,2172.55
300638.SZ,20220610,20805,4915.08,23378,5520.19,14914,3522.9,13260,3134.21,7605,1795.49,6148,1455.46,1653,392.77,2191,516.37,-4042,-948.92
300638.SZ,20220609,19401,4572.85,20022,4719.0,10023,2363.52,9727,2292.12,5820,1372.83,6920,1631.85,2042,479.52,617,145.75,-9425,-2222.69
300638.SZ,20220608,22651,5445.78,18073,4348.02,13753,3309.41,15946,3835.28,7755,1867.05,9747,2346.16,202,49.09,595,141.87,-4988,-1192.92
300638.SZ,20220607,17660,4319.36,16937,4145.93,14921,3651.25,11999,2936.62,6480,1587.08,9002,2199.37,1011,246.55,2134,522.33,-11556,-2825.78
300638.SZ,20220606,21808,5323.87,30066,7356.83,23913,5849.29,16570,4051.66,10210,2502.0,8934,2182.58,1435,351.71,1796,435.8,3928,978.43
300638.SZ,20220602,23108,5508.32,21286,5080.32,16142,3852.74,14930,3561.41,9886,2353.17,11612,2763.21,355,83.31,1663,392.59,4483,1085.48
300638.SZ,20220601,21027,4924.15,28078,6588.53,18034,4231.03,16928,3969.34,17438,4092.92,9917,2320.59,435,100.49,2012,470.13,2170,517.93
300638.SZ,20220531,19472,4441.99,20855,4771.15,11991,2740.0,15947,3644.28,8618,1974.52,7876,1800.27,4598,1059.19,0,0.0,2611,603.49
300638.SZ,20220530,20422,4602.38,19479,4392.27,11871,2671.3,12234,2758.62,9594,2169.99,10173,2292.78,0,0.0,0,0.0,2756,635.91
300638.SZ,20220527,19770,4466.45,16357,3704.52,10863,2460.84,12133,2747.25,5583,1262.59,7437,1676.55,437,100.47,726,162.03,-1127,-257.37
300638.SZ,20220526,23487,5254.01,20625,4631.64,15651,3518.11,16136,3619.28,8876,1991.25,10049,2241.48,1123,253.52,2328,524.5,-739,-152.52
300638.SZ,20220525,31165,7082.49,30631,6970.13,22736,5173.97,19929,4527.37,8182,1863.89,11437,2596.17,2941,664.09,3028,690.77,-7530,-1698.45
300638.SZ,20220524,32924,7715.91,33761,7914.76,25072,5873.4,24827,5821.86,15223,3573.82,15687,3681.7,3081,727.57,2024,472.39,-468,-120.02
300638.SZ,20220523,18969,4287.5,25702,5814.21,15194,3435.82,10796,2444.11,5655,1278.38,4198,946.3,1588,361.15,709,158.23,-5331,-1197.26
300638.SZ,20220520,16846,5627.04,16209,5437.17,13137,4402.25,15338,5124.87,6726,2259.96,4888,1633.67,673,228.75,948,322.29,331,124.56
300638.SZ,20220519,21400,7089.24,19919,6609.16,15138,5017.54,17044,5627.39,5472,1812.21,4196,1397.69,727,241.94,1578,526.7,-5418,-1790.08
300638.SZ,20220518,9773,3326.82,10570,3600.25,6371,2169.23,6879,2342.72,4213,1435.88,3059,1040.91,813,277.11,662,225.16,-2562,-869.58
300638.SZ,20220517,11387,3843.63,14904,5032.2,12047,4066.42,8694,2934.53,3316,1119.42,3303,1113.57,301,101.71,150,50.89,2547,864.7
300638.SZ,20220516,16132,5281.95,13645,4474.91,8316,2728.08,11491,3764.9,4859,1590.93,6296,2063.46,2670,880.12,544,177.81,-2560,-847.04
300638.SZ,20220513,7443,2456.65,8509,2810.33,6657,2199.46,5989,1978.2,2975,983.42,2576,851.01,0,0.0,0,0.0,-1031,-338.74
300638.SZ,20220512,11992,3942.91,11818,3887.54,7859,2583.88,6139,2016.78,2010,661.16,3594,1181.04,0,0.0,310,102.59,1716,565.86
300638.SZ,20220511,23196,7678.75,20206,6682.29,11985,3952.97,13948,4617.15,5493,1818.18,6547,2160.76,688,227.51,660,217.21,7002,2318.42
300638.SZ,20220510,19333,6144.86,17293,5503.15,9996,3173.66,12661,4023.65,6062,1925.6,5048,1603.01,275,87.68,664,201.99,4056,1275.93
300638.SZ,20220509,15587,4860.69,18590,5799.63,9696,3023.79,6290,1960.43,2799,873.54,3413,1063.78,1000,311.95,789,246.14,-1559,-481.68
300638.SZ,20220506,14598,4524.69,17557,5467.48,13629,4236.75,13682,4260.45,4541,1416.0,4939,1518.96,3960,1242.54,550,173.09,4630,1441.08
300638.SZ,20220505,22190,6911.07,29279,9132.74,26550,8279.21,17225,5365.17,8349,2596.95,9486,2948.35,0,0.0,1098,340.97,-4022,-1258.56
300638.SZ,20220429,27372,8158.11,35773,10631.76,33044,9796.29,25108,7460.78,10586,3157.09,8604,2559.54,1050,316.54,2567,775.94,9445,2844.42
300638.SZ,20220428,21093,5837.45,19481,5413.6,15928,4416.55,14912,4115.51,5338,1474.48,7966,2199.37,0,0.0,0,0.0,-1978,-550.92
300638.SZ,20220427,19527,5126.45,18927,4963.1,11632,3067.4,12958,3418.56,5903,1558.05,5542,1459.56,559,142.56,194,53.24,4106,1103.55
300638.SZ,20220426,23855,6322.41,17497,4653.47,14788,3904.14,17739,4671.58,6516,1704.87,9073,2381.84,0,0.0,850,224.53,-2098,-535.38
300638.SZ,20220425,21881,6165.09,14423,4062.08,11438,3214.96,12961,3649.03,3358,942.64,7993,2256.42,0,0.0,1300,355.16,-377,-98.82
300638.SZ,20220422,13360,4027.68,13314,4014.59,6125,1845.58,6191,1868.15,3194,962.98,3174,953.5,0,0.0,0,0.0,-1373,-411.58
300638.SZ,20220421,14378,4481.18,15366,4795.95,8722,2721.5,7587,2369.35,3530,1110.12,3677,1147.5,0,0.0,0,0.0,-4371,-1361.04
300638.SZ,20220420,14507,4608.16,14918,4739.78,8680,2758.54,9060,2880.24,3948,1256.44,3158,1003.12,0,0.0,0,0.0,-1184,-371.42
300638.SZ,20220419,16875,5311.26,23019,7260.72,14324,4523.72,11588,3660.87,7670,2425.28,5016,1578.81,1500,474.82,745,234.68,-2898,-903.16
300638.SZ,20220418,17867,5504.63,18435,5708.26,11704,3614.88,9536,2931.85,5092,1567.83,7312,2234.45,620,187.23,0,0.0,2544,793.1
300638.SZ,20220415,18194,5543.27,16038,4894.46,7471,2275.2,6997,2132.42,3587,1093.63,4252,1293.71,1000,304.28,2964,895.8,-748,-223.68
300638.SZ,20220414,12226,3817.77,10799,3372.58,6204,1938.48,7265,2271.51,3010,942.88,3375,1055.04,0,0.0,0,0.0,-1045,-321.32
300638.SZ,20220413,20473,6398.93,20345,6362.0,10361,3237.26,8716,2726.37,4172,1303.06,4978,1550.41,0,0.0,968,300.47,-1927,-602.26
300638.SZ,20220412,19400,6192.52,21118,6754.85,9468,3029.29,7330,2342.31,4232,1355.65,5410,1724.99,1193,383.82,434,139.12,2522,808.51
300638.SZ,20220411,31570,10261.13,25191,8192.41,15762,5129.67,17217,5598.58,5219,1704.45,10288,3348.48,1618,520.25,1474,476.03,249,85.22
300638.SZ,20220408,19267,6563.16,14666,5005.46,12496,4260.83,15117,5149.95,3213,1097.5,5394,1834.74,500,171.75,300,103.08,686,232.22
300638.SZ,20220407,17133,6000.9,16456,5775.15,9570,3354.45,8263,2902.42,3902,1374.23,4298,1503.13,405,144.69,1994,693.56,-2487,-877.12
300638.SZ,20220406,20283,7248.63,21361,7648.21,13198,4717.33,9592,3431.98,7611,2718.5,5621,2013.51,3722,1329.47,8239,2920.24,-11436,-4102.6
300638.SZ,20220401,14846,5486.97,17158,6345.27,9424,3484.86,7978,2947.82,4565,1690.14,3288,1216.21,541,199.87,951,352.54,-2863,-1047.14
300638.SZ,20220331,14923,5603.91,17946,6752.92,9319,3507.84,6025,2264.79,4693,1762.71,4104,1536.67,280,104.55,1140,424.64,-2785,-1036.04
300638.SZ,20220330,18221,6918.77,18835,7152.89,9894,3754.64,10908,4140.66,7138,2708.42,6078,2305.5,1178,448.86,610,231.63,162,68.78
300638.SZ,20220329,12658,4690.84,12180,4518.13,6543,2422.87,6330,2345.92,4617,1712.56,3866,1434.72,0,0.0,1441,527.5,-5175,-1914.16
300638.SZ,20220328,10396,3868.65,9282,3453.62,4544,1691.04,5362,1995.86,2347,872.16,2044,758.19,0,0.0,600,224.18,-36,-8.66
300638.SZ,20220325,14526,5537.43,10744,4091.38,5880,2239.46,10214,3890.22,4256,1619.19,4004,1527.62,300,113.13,0,0.0,-1700,-642.48
300638.SZ,20220324,17749,6774.06,22231,8483.47,12026,4592.47,8160,3117.61,8269,3157.1,7770,2972.03,2365,901.34,2247,851.87,-13771,-5251.6
300638.SZ,20220323,18006,7066.92,21096,8294.6,10296,4056.66,9734,3835.14,9807,3876.13,5675,2239.97,1739,689.31,3342,1319.31,-198,-66.1
300638.SZ,20220322,13059,5062.37,12071,4678.41,6453,2506.77,5089,1973.65,2662,1029.51,4455,1730.05,842,326.84,1402,543.37,-7375,-2861.85
300638.SZ,20220321,10593,4203.33,11466,4552.71,8121,3231.22,6208,2466.07,3608,1433.01,4360,1734.83,300,119.31,587,233.26,466,191.15
300638.SZ,20220318,14928,5844.58,16545,6476.1,9864,3863.33,7123,2789.82,3205,1252.14,3431,1343.64,300,118.38,1197,468.87,-3258,-1266.14
300638.SZ,20220317,17783,7032.24,18675,7389.32,12830,5075.75,14166,5602.52,6522,2586.19,6016,2388.45,2323,924.9,600,238.8,-624,-234.98
300638.SZ,20220316,29418,10996.78,23156,8648.25,14229,5327.68,17014,6364.41,3778,1413.35,6900,2584.78,890,326.97,1244,467.34,3386,1308.87
300638.SZ,20220315,32821,12446.17,31957,12109.03,18578,7047.66,14554,5513.0,8181,3098.55,13050,4955.61,2462,929.3,2482,944.04,-13016,-4902.96
300638.SZ,20220314,17193,6906.36,12245,4923.24,8054,3236.46,6831,2745.14,5142,2070.17,10041,4029.72,752,304.64,2023,819.52,-484,-181.86
300638.SZ,20220311,10405,4224.61,10606,4310.96,7292,2964.03,6111,2481.92,3175,1289.07,4515,1832.36,360,147.53,0,0.0,-1429,-574.1
300638.SZ,20220310,18159,7546.21,13312,5531.51,7491,3108.19,10455,4341.05,5861,2434.33,6568,2731.62,831,341.32,2007,825.89,2489,1036.12
300638.SZ,20220309,21369,8462.58,17589,6991.9,10701,4242.01,14780,5829.44,7125,2824.04,6476,2570.15,1044,409.55,1393,546.69,-3972,-1595.05
300638.SZ,20220308,16204,6706.33,16523,6842.56,9365,3876.43,7874,3266.05,4781,1982.47,5653,2329.65,1246,513.13,1546,640.1,-2757,-1131.73
300638.SZ,20220307,18206,7685.56,21219,8965.43,11239,4725.06,8397,3541.34,9150,3840.38,7410,3130.23,3069,1313.11,4638,1927.12,-12031,-5079.32
300638.SZ,20220304,9330,4123.55,10992,4852.64,6025,2660.66,4380,1938.66,2426,1069.32,2053,907.15,6,2.68,361,157.76,521,237.97
300638.SZ,20220303,12902,5718.19,12344,5475.6,6678,2966.15,6788,3021.45,5007,2226.03,5142,2275.27,1301,575.29,1614,713.35,-5655,-2509.78
300638.SZ,20220302,10469,4745.13,7480,3390.13,6674,3024.98,6698,3035.01,2097,949.87,4238,1918.17,1197,541.88,2021,918.54,-1055,-473.32
300638.SZ,20220301,9608,4455.54,9740,4520.25,6678,3095.2,5716,2651.39,7327,3390.44,4987,2306.86,4,1.86,3173,1464.53,-3609,-1669.98
300638.SZ,20220228,8203,3827.14,11811,5517.3,10514,4913.71,6453,3014.26,5764,2691.3,5083,2371.53,1075,500.66,2209,1029.74,-1165,-539.32
300638.SZ,20220225,12853,6038.35,14758,6932.03,9241,4345.59,9095,4278.67,7029,3298.94,5901,2769.87,1147,543.98,516,246.28,239,116.18
300638.SZ,20220224,15298,7024.39,16413,7553.74,12395,5684.41,10394,4781.25,7645,3502.56,8683,3970.42,3536,1620.33,3385,1526.28,-3879,-1776.06
300638.SZ,20220223,13388,6176.35,13712,6328.41,10347,4764.57,9968,4597.21,5086,2348.58,6488,2994.52,1970,916.05,623,285.4,5597,2570.19
300638.SZ,20220222,8905,3939.16,9231,4087.02,5350,2365.21,5352,2364.58,5015,2220.02,4431,1959.22,717,314.91,973,428.48,-1271,-556.75
300638.SZ,20220221,12043,5476.18,12558,5713.03,8483,3854.76,10187,4635.3,4704,2140.97,3599,1635.26,1382,633.96,268,122.27,-2941,-1329.09
300638.SZ,20220218,11906,5350.69,10834,4868.51,8261,3711.18,7629,3429.45,4079,1833.92,5142,2308.85,962,432.83,1604,721.81,3773,1701.3
300638.SZ,20220217,9839,4354.05,10494,4646.55,6433,2850.84,5948,2634.37,3567,1582.17,3901,1727.65,3093,1367.23,2589,1145.71,-3210,-1417.44
300638.SZ,20220216,9738,4299.24,12675,5598.9,7126,3148.83,4821,2130.69,2832,1251.32,2054,905.54,743,326.3,889,390.55,-5305,-2338.69
300638.SZ,20220215,12147,5360.78,11570,5098.24,8892,3925.11,9128,4038.63,4468,1976.28,4568,2021.89,1124,501.78,1364,605.19,4920,2182.9
300638.SZ,20220214,20439,8822.7,15605,6731.47,10324,4459.59,10765,4648.65,4094,1764.38,7524,3248.52,170,73.17,1134,491.2,1110,482.46
300638.SZ,20220211,20827,8880.47,13827,5921.46,12009,5119.29,7444,3179.99,6757,2880.59,15250,6475.08,409,173.13,3480,1476.95,-156,-82.14
300638.SZ,20220210,13481,6004.72,14687,6543.13,9218,4105.29,7908,3529.71,4334,1930.43,3600,1598.95,0,0.0,839,368.66,-4522,-2002.72
300638.SZ,20220209,10511,4737.1,11417,5149.16,8378,3778.21,9813,4431.36,6005,2719.48,3549,1602.43,138,63.07,253,114.91,-2879,-1289.21
300638.SZ,20220208,14502,6410.79,15542,6869.4,6485,2861.34,5613,2480.39,2988,1321.12,2819,1243.46,0,0.0,0,0.0,-3132,-1375.95
300638.SZ,20220207,10393,4664.28,12872,5781.38,7247,3253.88,5800,2612.12,3904,1749.7,3598,1611.49,1389,640.15,662,303.01,-3899,-1756.32
300638.SZ,20220128,10518,4790.77,7726,3516.78,4586,2083.34,4996,2274.83,1941,885.29,4390,1997.49,328,148.73,262,119.02,757,351.38
300638.SZ,20220127,13853,6335.46,12664,5784.91,9607,4377.8,11354,5169.88,5273,2399.32,5067,2325.71,1312,601.08,960,433.17,-5012,-2290.04
300638.SZ,20220126,8135,3808.83,7994,3746.97,4753,2225.43,4951,2319.29,3317,1552.67,3478,1621.55,218,100.87,0,0.0,-1155,-534.62
300638.SZ,20220125,8713,4140.94,8469,4026.9,6631,3146.8,4747,2254.37,2524,1198.88,2659,1263.65,0,0.0,1992,941.69,-3489,-1656.03
300638.SZ,20220124,7986,3880.68,6195,3010.61,2832,1375.42,5150,2503.19,1963,952.17,2186,1060.73,750,366.26,0,0.0,1397,681.37
300638.SZ,20220121,11130,5366.93,12332,5949.97,7325,3536.1,6270,3025.94,2763,1332.84,2903,1398.63,287,138.66,0,0.0,-2152,-1033.49
300638.SZ,20220120,9321,4550.61,10764,5256.72,7676,3746.15,10979,5356.68,5347,2610.12,4763,2325.29,4940,2412.52,778,380.71,-3594,-1744.62
300638.SZ,20220119,7759,3863.24,8449,4207.78,5938,2959.55,5852,2918.4,2658,1327.73,1710,852.38,500,247.5,844,419.45,-3057,-1517.32
300638.SZ,20220118,11567,5890.17,13160,6712.41,16525,8463.62,12815,6560.22,6335,3229.85,8687,4432.29,1485,756.82,1250,635.54,1348,711.52
300638.SZ,20220117,12439,6104.1,19603,9650.48,15688,7728.71,15316,7558.48,11410,5650.84,7349,3635.02,2832,1410.71,102,50.36,3024,1506.3
300638.SZ,20220114,20793,9929.64,13546,6480.26,9028,4304.63,11155,5337.1,5947,2820.11,8337,3953.0,1726,820.44,4457,2104.47,8949,4262.39
300638.SZ,20220113,16548,7871.62,13522,6462.34,11734,5588.52,8116,3871.89,9476,4521.01,8666,4122.6,1047,507.81,8502,4032.13,222,91.71
300638.SZ,20220112,12645,6062.4,12474,5980.05,6406,3070.55,5423,2598.99,3298,1582.6,3938,1888.47,455,218.19,970,466.23,1366,661.26
300638.SZ,20220111,11945,5764.06,11390,5495.37,7158,3453.18,6073,2930.49,3636,1756.4,3495,1687.79,0,0.0,1781,859.98,1411,689.42
300638.SZ,20220110,20620,9989.32,21445,10388.34,8987,4353.96,8351,4051.45,4439,2153.32,3907,1889.7,0,0.0,344,167.12,1643,823.48
300638.SZ,20220107,34353,16720.56,34729,16893.73,21657,10529.96,19633,9559.17,9378,4550.79,10632,5162.76,203,100.87,597,286.52,-9671,-4692.14
300638.SZ,20220106,35539,17980.54,17086,8657.26,24005,12116.3,23181,11731.23,12742,6427.99,22943,11576.56,4700,2358.28,13776,6918.06,6781,3425.26
300638.SZ,20220105,17115,9021.73,16701,8805.02,15731,8289.97,15493,8167.51,6317,3329.63,6526,3438.54,447,236.91,889,467.18,-2656,-1413.32
300638.SZ,20220104,15963,8797.99,15593,8579.58,14247,7848.63,12895,7113.58,8180,4511.95,7460,4123.23,1198,658.96,3641,2001.13,-1321,-692.53
300638.SZ,20231229,52068,9754.11,53454,10029.6,41217,7735.99,43799,8210.02,24282,4553.93,22928,4290.12,3734,695.06,1120,209.35,15192,2852.39
300638.SZ,20231228,90877,16453.41,118721,21524.2,84234,15244.83,59759,10796.27,46275,8394.6,41257,7475.59,6023,1095.52,7672,1392.3,-24630,-4481.59
300638.SZ,20231227,29353,5441.69,23564,4371.73,15766,2924.17,21099,3911.51,11382,2115.19,10725,1990.65,0,0.0,1114,207.17,4768,891.12
300638.SZ,20231226,36302,6731.01,27477,5096.83,18599,3447.78,23757,4402.78,6519,1206.58,9550,1768.23,0,0.0,637,117.53,-7149,-1326.47
300638.SZ,20231225,29975,5706.47,24432,4653.63,16011,3050.19,19318,3677.31,4128,785.89,5870,1117.51,0,0.0,494,94.11,-2296,-431.07
300638.SZ,20231222,38178,7239.15,30447,5779.54,25889,4914.54,26320,4989.26,10488,1986.14,14454,2737.94,0,0.0,3333,633.1,-5385,-1018.3
300638.SZ,20231221,45695,8749.63,44155,8458.9,29117,5575.86,29122,5577.58,12186,2335.16,11519,2206.16,0,0.0,2203,418.0,-13558,-2582.49
300638.SZ,20231220,29151,5663.67,25669,4988.2,15439,2998.51,17575,3413.9,4183,812.52,6316,1225.47,788,152.87,0,0.0,-9192,-1780.54
300638.SZ,20231219,28178,5505.83,26470,5175.97,22081,4317.62,22849,4466.49,6732,1316.54,7760,1518.98,2329,457.02,2242,435.58,-7643,-1487.84
300638.SZ,20231218,34487,6788.47,31406,6180.64,18102,3558.32,18157,3571.03,5493,1079.11,7206,1417.16,1535,302.15,2848,559.2,-7885,-1544.87
300638.SZ,20231215,31760,6370.58,35355,7085.44,27427,5497.87,22784,4573.3,10934,2189.98,10338,2071.28,295,59.85,1940,388.25,-15411,-3076.43
300638.SZ,20231214,24434,4987.53,27339,5584.77,25490,5201.27,19139,3907.49,7551,1542.86,9000,1833.36,500,101.9,2497,507.94,-9128,-1849.69
300638.SZ,20231213,30165,6171.23,33934,6946.59,29743,6087.98,19489,3985.19,6495,1329.16,12717,2602.22,9958,2031.2,10221,2085.57,5616,1150.66
300638.SZ,20231212,40372,8311.39,55290,11379.21,39866,8204.94,39933,8222.32,37683,7757.03,24110,4965.1,4258,875.83,2846,582.55,-1482,-299.25
300638.SZ,20231211,53120,10616.47,50535,10115.02,41595,8343.67,35191,7051.12,14861,2980.32,21838,4372.85,4048,808.88,6059,1210.35,3302,684.14
300638.SZ,20231208,41654,8295.54,52474,10453.86,36469,7266.41,34173,6815.13,23054,4600.36,17864,3563.9,5687,1135.44,2352,464.86,3356,676.6
300638.SZ,20231207,32612,6359.34,38520,7512.01,23548,4593.17,21572,4210.28,11820,2307.3,7109,1386.71,1328,259.52,2106,410.33,3821,755.46
300638.SZ,20231206,46943,9115.11,43485,8444.12,24582,4773.7,27300,5302.72,12459,2422.1,11287,2192.55,0,0.0,1912,371.5,-3978,-764.61
300638.SZ,20231205,50949,10033.38,41109,8100.84,39102,7698.72,35850,7060.29,17597,3462.16,26819,5277.53,1519,298.25,5388,1053.85,-25160,-4938.34
300638.SZ,20231204,34973,7157.16,50019,10249.45,32323,6621.97,31524,6456.26,27623,5662.23,17077,3496.01,9579,1963.16,5878,1202.79,-1439,-290.32
300638.SZ,20231201,38042,7662.28,47445,9577.41,32993,6663.72,38778,7838.93,26699,5409.11,16508,3334.77,5497,1116.21,500,100.2,9023,1841.68
300638.SZ,20231130,39131,7781.22,35968,7156.1,22980,4572.58,20785,4133.37,7927,1574.32,11865,2358.24,1752,348.54,3171,628.94,-3734,-739.04
300638.SZ,20231129,43162,8729.7,39995,8094.1,31870,6451.15,25181,5095.49,17604,3563.61,27408,5545.73,3160,641.91,3211,651.04,492,99.92
300638.SZ,20231128,54147,10944.35,71346,14433.66,48754,9859.83,41211,8334.38,33719,6829.89,24617,4982.32,5206,1054.0,4651,937.71,6746,1379.0
300638.SZ,20231127,68393,13646.17,68008,13578.46,45945,9177.07,41682,8322.81,18958,3786.09,25050,4995.49,2989,596.19,1544,308.75,-9687,-1923.56
300638.SZ,20231124,46282,9197.32,45252,8999.69,31602,6284.47,29280,5819.57,18148,3607.05,20026,3981.16,2971,593.03,4445,881.44,-24789,-4922.64
300638.SZ,20231123,37350,7524.68,42329,8528.7,30002,6044.85,30134,6069.27,19430,3917.39,15135,3053.83,2437,492.67,1620,327.79,-3089,-616.48
300638.SZ,20231122,74542,15047.1,69693,14054.69,61529,12419.0,62122,12535.36,35939,7247.95,34190,6916.86,2486,501.24,8491,1708.38,-25012,-5038.84
300638.SZ,20231121,67123,14094.49,54634,11465.28,48237,10147.21,43518,9141.06,27333,5740.31,37742,7942.8,7442,1565.84,14240,2998.71,-21030,-4416.13
300638.SZ,20231120,45993,9884.89,31700,6813.85,33607,7221.63,43166,9272.2,15093,3241.57,21003,4515.27,2769,596.31,1593,343.08,-19649,-4213.33
300638.SZ,20231117,29502,6371.12,19585,4233.48,21805,4707.77,20728,4479.93,13333,2877.08,20696,4462.02,1518,328.47,5150,1109.0,-2137,-458.34
300638.SZ,20231116,25332,5504.91,20839,4533.97,24068,5230.71,21100,4587.83,14726,3201.11,22916,4977.78,5611,1220.98,4882,1058.13,-2630,-566.82
300638.SZ,20231115,32332,7110.7,31835,7013.67,30266,6664.58,31190,6868.93,19140,4216.81,23517,5175.78,9607,2122.59,4803,1056.3,2194,492.85
300638.SZ,20231114,38084,8281.78,44627,9708.56,37241,8099.7,40591,8831.64,30586,6659.22,22293,4851.76,8935,1946.82,7335,1595.58,9121,1989.05
300638.SZ,20231113,40152,8603.15,46773,10026.36,37033,7938.47,37230,7980.1,20137,4315.8,16174,3466.05,5946,1276.28,3091,661.19,5784,1252.99
300638.SZ,20231110,29420,6247.11,28653,6088.56,22929,4873.79,21250,4515.64,10329,2196.26,11334,2407.8,905,191.38,2347,496.54,-3836,-807.8
300638.SZ,20231109,46458,9949.32,41194,8825.22,28942,6199.44,27488,5885.73,11636,2488.74,15745,3369.05,1638,349.64,4247,907.13,-12620,-2696.36
300638.SZ,20231108,65410,14169.52,55372,12025.71,51189,11119.45,62006,13465.66,42519,9263.42,36846,8001.4,1702,371.17,6597,1430.79,-18464,-4009.29
300638.SZ,20231107,69756,15099.66,61084,13241.38,57817,12530.56,64807,14051.18,40746,8834.57,38486,8329.1,6040,1310.72,9982,2153.85,28474,6189.58
300638.SZ,20231106,65538,13845.82,70685,14959.55,62356,13203.02,57194,12093.03,34676,7341.99,37084,7845.24,12032,2545.13,9639,2038.14,16509,3509.91
300638.SZ,20231103,88437,18461.57,84138,17549.13,52221,10882.11,59650,12438.52,30029,6258.13,30199,6296.75,6801,1414.15,3501,731.56,14754,3064.2
300638.SZ,20231102,64204,13135.67,63559,13017.13,54501,11164.12,51508,10553.78,24233,4957.89,27974,5721.49,6981,1437.89,6878,1403.17,-11104,-2271.46
300638.SZ,20231101,46420,9596.79,47658,9858.68,37343,7718.03,36680,7593.32,22066,4570.15,18524,3828.22,4975,1032.85,7942,1637.6,-8116,-1670.52
300638.SZ,20231031,96429,20047.18,96099,19990.35,73176,15200.8,69008,14352.93,33364,6950.65,35711,7437.37,13110,2738.07,15261,3156.06,2475,554.16
300638.SZ,20231030,150700,30981.78,141899,29142.56,139156,28503.76,145843,29931.93,101729,20871.61,87688,17983.89,25613,5237.79,41769,8536.56,59136,12262.32
300638.SZ,20231027,43953,8252.12,51988,9777.26,41079,7727.99,42256,7952.9,28768,5413.3,26130,4916.78,11436,2157.9,4863,904.37,-245,-25.87
300638.SZ,20231026,54642,10102.29,66610,12342.42,58834,10889.01,61554,11377.15,43699,8100.59,30347,5611.8,14727,2730.36,13393,2490.89,9935,1894.85
300638.SZ,20231025,39011,7098.41,50695,9228.25,40837,7432.75,28860,5255.52,27143,4932.57,13250,2408.89,14218,2580.75,28404,5151.82,-8786,-1586.4
300638.SZ,20231024,34141,6129.04,43647,7845.84,29867,5366.74,23022,4135.64,10613,1906.26,8753,1568.65,2801,506.25,2000,358.15,-11047,-1980.38
300638.SZ,20231023,35358,6375.1,35252,6362.96,21422,3862.53,19528,3523.89,11737,2118.59,13655,2457.83,1500,271.35,1582,282.89,-7156,-1287.41
300638.SZ,20231020,40881,7590.28,32100,5952.96,29674,5495.8,28202,5231.96,12351,2283.2,14009,2587.86,0,0.0,8595,1596.51,-18357,-3394.01
300638.SZ,20231019,28063,5402.94,29521,5688.07,22031,4243.28,18908,3644.25,8371,1615.91,8750,1684.39,2152,416.56,3439,661.98,-3759,-723.88
300638.SZ,20231018,33470,6459.76,29844,5767.85,25519,4934.67,23250,4498.96,8930,1729.34,13481,2598.21,637,123.56,1981,382.32,-3243,-623.71
300638.SZ,20231017,31627,6196.88,27502,5393.83,20498,4015.05,14849,2910.31,6867,1343.16,9000,1759.29,172,33.63,7813,1525.3,657,127.06
300638.SZ,20231016,40817,8123.86,29403,5854.19,21756,4329.22,22407,4460.54,5532,1100.82,15644,3110.41,0,0.0,652,128.77,-1673,-332.65
300638.SZ,20231013,31665,6373.3,33849,6821.75,23023,4642.76,26784,5395.54,17262,3484.32,12812,2584.45,4430,894.76,2936,593.4,4808,977.3
300638.SZ,20231012,32348,6515.42,23083,4651.35,17737,3571.42,24140,4862.53,11960,2407.87,14955,3007.1,1233,247.34,1100,221.07,-6683,-1340.41
300638.SZ,20231011,52363,10548.36,41043,8260.75,40151,8085.33,40885,8230.25,22702,4566.04,32584,6570.49,7106,1437.38,7810,1575.61,16326,3304.01
300638.SZ,20231010,33783,6715.49,30194,6003.67,25055,4981.55,22818,4537.72,9878,1963.97,14003,2783.14,427,85.4,2128,421.88,1889,380.19
300638.SZ,20231009,39155,7690.83,40343,7928.08,24476,4806.94,24187,4749.3,9988,1963.85,8969,1760.73,0,0.0,120,23.51,2878,566.61
300638.SZ,20230928,37038,7191.69,39460,7665.77,31360,6091.4,33092,6429.37,18986,3690.81,18974,3686.76,4726,922.17,584,114.17,18937,3686.58
300638.SZ,20230927,35631,6798.01,33213,6339.93,22479,4288.23,21501,4103.81,10379,1982.43,13968,2662.79,880,168.05,687,130.19,-9353,-1779.75
300638.SZ,20230926,32959,6302.42,28564,5464.55,21823,4174.46,19391,3710.75,8044,1540.37,13126,2510.27,0,0.0,1745,331.69,-5292,-1002.64
300638.SZ,20230925,31889,6129.3,29493,5669.65,23162,4452.12,22067,4244.33,6943,1336.08,11620,2234.0,2425,468.98,1239,238.5,-5840,-1116.45
300638.SZ,20230922,38531,7354.69,46903,8958.15,35724,6829.94,30963,5921.81,18736,3588.71,13167,2521.02,1486,287.45,3444,659.8,6693,1282.92
300638.SZ,20230921,30422,5715.57,33120,6225.06,22752,4277.7,22407,4213.49,13648,2566.68,10834,2035.08,1286,242.47,1747,328.79,3990,761.46
300638.SZ,20230920,38101,7107.08,43843,8175.04,26829,5001.73,18984,3541.16,8621,1609.95,9540,1781.61,0,0.0,1184,220.94,10708,2002.17
300638.SZ,20230919,34901,6508.7,37919,7074.15,27350,5101.85,24334,4539.15,10981,2049.62,9947,1858.0,4252,791.89,5283,980.76,-13176,-2459.95
300638.SZ,20230918,42810,8187.23,41478,7926.58,28947,5531.56,29398,5622.29,9551,1822.8,10431,1992.72,0,0.0,0,0.0,-8657,-1643.94
300638.SZ,20230915,48718,9397.92,33380,6445.64,34607,6679.03,36571,7062.78,12291,2371.5,19067,3675.51,2947,568.11,9544,1832.63,-19932,-3837.48
300638.SZ,20230914,57187,11343.79,64296,12765.34,50299,10002.28,54141,10779.31,31406,6263.92,27558,5490.98,8774,1756.34,1671,330.71,8774,1792.27
300638.SZ,20230913,52710,10284.25,41563,8111.98,35151,6861.03,37743,7367.66,12241,2392.82,17286,3375.7,539,105.53,4050,788.3,-19714,-3862.34
300638.SZ,20230912,34624,6960.14,35265,7086.88,29318,5895.9,29986,6030.87,15159,3048.95,13369,2691.28,1251,253.54,1732,349.51,-17325,-3469.31
300638.SZ,20230911,61298,12328.45,53802,10820.7,42662,8582.96,47759,9610.09,31021,6246.39,30548,6147.93,5949,1191.27,8820,1770.34,-24418,-4880.34
300638.SZ,20230908,34867,7010.64,52576,10580.18,40851,8228.79,32909,6626.21,19861,3999.99,17198,3461.24,8608,1731.75,1503,303.53,-3198,-610.05
300638.SZ,20230907,39554,7880.69,21734,4334.62,21803,4345.31,22280,4441.44,7404,1475.06,21521,4282.96,0,0.0,3227,642.03,-2513,-498.68
300638.SZ,20230906,39282,7909.79,31600,6375.91,29283,5902.94,36521,7355.13,14292,2882.48,14976,3015.44,2530,508.21,2290,456.93,1180,246.54
300638.SZ,20230905,30687,6185.56,19953,4028.27,26970,5441.91,26268,5298.14,14142,2854.23,15517,3131.67,943,191.12,11004,2214.75,-7747,-1558.22
300638.SZ,20230904,34923,7065.19,33430,6766.59,27566,5578.61,33947,6869.74,19882,4026.08,12152,2460.01,2300,464.67,5142,1038.2,-7886,-1592.7
300638.SZ,20230901,34388,6954.11,21524,4356.11,24148,4888.3,30562,6182.18,6115,1236.05,11452,2317.35,619,126.46,1732,349.28,-6645,-1339.9
300638.SZ,20230831,36309,7398.46,25341,5169.05,30698,6264.1,36449,7434.45,16728,3417.32,20405,4163.47,1232,252.34,2772,565.25,174,41.43
300638.SZ,20230830,71866,14557.97,46623,9441.43,45949,9294.16,57341,11615.53,28287,5728.83,39824,8061.32,5642,1146.9,7956,1609.59,33860,6864.02
300638.SZ,20230829,47104,9146.29,55361,10751.6,54858,10665.71,53496,10383.31,23053,4489.5,24160,4715.27,9730,1888.07,1729,339.41,23148,4520.22
300638.SZ,20230828,38713,7401.82,43217,8277.36,52388,10063.93,39106,7510.69,19308,3697.52,27302,5235.69,2880,556.85,3665,696.38,-6293,-1161.03
300638.SZ,20230825,38079,7148.38,34257,6441.3,30182,5667.95,27415,5150.01,10613,1999.6,14551,2732.05,698,132.65,3351,625.22,-16255,-3042.5
300638.SZ,20230824,48371,9206.94,34964,6660.2,36311,6915.6,42089,8007.35,15678,2987.62,23127,4408.72,1263,241.71,1443,275.6,12557,2404.89
300638.SZ,20230823,45804,8700.43,37029,7040.11,39711,7551.64,43907,8345.24,20398,3871.87,20414,3880.45,1695,321.35,6258,1179.48,-28389,-5387.54
300638.SZ,20230822,33160,6369.09,42363,8150.02,44057,8468.73,39594,7614.83,20672,3984.75,17128,3298.25,2913,565.89,1717,325.37,13267,2583.27
300638.SZ,20230821,29213,5593.53,25552,4891.74,25069,4799.9,21489,4116.72,11212,2152.17,16213,3105.33,740,142.24,2981,574.04,-11343,-2160.7
300638.SZ,20230818,51800,10004.93,34326,6641.82,33905,6555.23,35641,6890.07,10718,2069.92,23435,4516.99,7,1.26,3027,582.47,-9093,-1761.05
300638.SZ,20230817,33381,6515.45,33224,6495.06,30785,6019.63,32936,6432.33,13440,2631.43,12345,2417.34,2000,394.2,1101,215.97,856,165.79
300638.SZ,20230816,39112,7673.0,26267,5156.78,30411,5961.93,30569,5996.25,9440,1852.24,18167,3563.24,230,45.12,4190,816.03,-15447,-3012.33
300638.SZ,20230815,38214,7655.69,32200,6456.66,30193,6055.77,29078,5830.56,10189,2041.81,14562,2917.01,847,168.88,3603,717.93,-3764,-745.72
300638.SZ,20230814,72627,14507.34,70087,13997.4,62990,12571.31,59079,11794.6,33269,6659.21,32738,6538.99,9681,1919.98,16664,3326.84,-8721,-1703.7
300638.SZ,20230811,44534,9362.89,28781,6054.91,40437,8493.75,36647,7705.69,19366,4064.65,27851,5858.71,6616,1387.28,17675,3689.27,-23110,-4841.94
300638.SZ,20230810,66145,14252.11,47725,10305.15,61016,13145.63,57946,12476.78,31303,6739.98,47540,10229.63,7172,1534.09,12425,2660.26,-18634,-4029.04
300638.SZ,20230809,37888,8514.33,38065,8561.5,37463,8431.7,36467,8197.47,22630,5082.6,20372,4575.67,1476,332.12,4553,1026.11,-14224,-3180.59
300638.SZ,20230808,79756,18008.74,68330,15419.1,73041,16476.46,79588,17958.75,36226,8177.74,38983,8807.86,4552,1029.65,6674,1506.87,10926,2496.66
300638.SZ,20230807,75203,16879.8,61733,13875.64,70502,15836.59,58756,13178.53,44072,9882.32,56427,12674.24,5260,1185.68,18122,4055.98,823,227.15
300638.SZ,20230804,68415,15489.98,61112,13850.02,70428,15954.42,72854,16498.16,58959,13355.9,58932,13362.06,17946,4092.8,22851,5182.85,31581,7202.68
300638.SZ,20230803,34416,7499.7,43902,9584.58,44368,9688.78,33407,7295.22,20178,4412.59,22246,4854.27,5393,1183.9,4799,1050.9,10465,2310.61
300638.SZ,20230802,53921,11697.06,55333,11990.49,51956,11253.55,62560,13553.19,39316,8501.81,26748,5797.5,7537,1636.07,8089,1747.31,29018,6317.31
300638.SZ,20230801,48127,10032.4,41248,8605.37,43376,9033.4,50051,10433.38,20382,4256.39,21060,4389.29,2829,593.14,2355,487.3,-1235,-224.02
300638.SZ,20230731,57353,12070.85,39789,8377.96,39778,8383.39,44885,9455.76,27047,5702.55,36414,7668.17,4548,957.8,7637,1612.7,-21608,-4544.57
300638.SZ,20230728,27849,5961.09,26125,5594.43,21070,4506.35,26449,5664.95,13790,2959.91,13376,2865.69,4495,963.39,1255,265.67,2725,596.2
300638.SZ,20230727,27310,5836.51,21098,4525.18,28243,6048.68,22957,4915.11,11192,2402.27,17444,3727.36,967,206.84,6212,1326.65,-15674,-3355.74
300638.SZ,20230726,28039,6059.96,26647,5766.07,26116,5647.65,21682,4689.53,15020,3246.28,17672,3816.22,2428,523.89,5602,1205.94,-9788,-2112.96
300638.SZ,20230725,32887,7210.72,42185,9253.53,35063,7689.69,31588,6932.69,22013,4830.83,15617,3426.03,7832,1722.51,8405,1841.5,-4011,-867.22
300638.SZ,20230724,54433,11889.24,57837,12626.26,52913,11550.12,48430,10586.83,27634,6034.05,24178,5282.87,6038,1330.39,10573,2307.85,20106,4416.26
300638.SZ,20230721,47322,9993.29,32328,6836.0,29311,6189.91,38359,8103.81,15106,3193.17,20229,4268.39,3649,774.02,4471,942.19,4482,954.87
300638.SZ,20230720,49987,10690.65,29811,6393.84,35279,7537.85,39391,8416.91,19344,4126.82,28250,6025.57,4554,967.67,11713,2486.67,-15166,-3232.81
300638.SZ,20230719,37364,8190.16,24492,5371.65,25964,5692.29,29831,6541.25,16376,3585.54,22958,5029.04,2826,618.49,5249,1144.55,-2840,-608.31
300638.SZ,20230718,35002,7735.87,25149,5564.39,32683,7222.91,33024,7297.85,18706,4129.35,27042,5963.77,5526,1222.05,6702,1484.15,-21456,-4727.49
300638.SZ,20230717,44911,10135.25,40201,9085.32,44255,9998.17,37842,8539.79,17875,4033.74,24884,5616.96,3971,892.06,8086,1817.16,-2788,-592.16
300638.SZ,20230714,42060,9471.9,30496,6875.47,42416,9553.84,46511,10477.07,29184,6576.97,32797,7386.32,10103,2280.96,13960,3144.8,12146,2750.48
300638.SZ,20230713,72352,16291.34,52702,11915.04,80093,17995.05,69453,15631.35,45769,10298.6,65856,14740.63,11914,2683.63,22118,4981.6,-12005,-2688.33
300638.SZ,20230712,57627,13413.96,64253,14992.75,72356,16862.02,64322,14982.25,46854,10916.16,44343,10315.59,8005,1866.7,11924,2768.25,-10473,-2384.09
300638.SZ,20230711,61492,14389.0,99503,23287.16,107771,25239.1,102784,24076.07,83035,19480.48,57775,13555.03,26195,6135.95,18432,4326.28,47556,11152.83
300638.SZ,20230710,51693,11611.1,44950,10109.12,38388,8633.23,41280,9280.72,19651,4425.33,21125,4752.29,6673,1504.75,9051,2032.29,11029,2499.79
300638.SZ,20230707,57391,12775.1,51100,11376.39,53643,11952.64,53595,11945.23,29209,6486.94,29381,6527.43,4488,998.52,10655,2364.14,-10316,-2257.53
300638.SZ,20230706,41019,9413.53,41446,9516.12,59634,13687.94,54370,12486.09,25047,5757.92,31642,7262.66,9683,2225.06,7925,1819.57,7689,1809.32
300638.SZ,20230705,66853,15396.2,78718,18135.92,75235,17330.52,77496,17856.07,46430,10687.87,40642,9346.87,18894,4354.56,10555,2430.28,11662,2764.31
300638.SZ,20230704,40857,9266.0,59740,13561.69,50276,11412.23,53178,12077.83,38918,8841.39,24009,5451.22,13381,3049.84,6504,1478.72,-8444,-1896.41
300638.SZ,20230703,57438,12887.97,61736,13867.59,65499,14713.38,64047,14390.13,41090,9225.75,34174,7658.14,5241,1172.12,9311,2083.35,-16270,-3598.81
300638.SZ,20230630,69962,15673.24,70779,15836.72,72058,16131.36,82336,18425.54,56993,12748.25,44264,9923.29,8032,1801.34,9666,2168.63,19541,4416.49
300638.SZ,20230629,45110,9792.17,42978,9337.07,58048,12609.7,44286,9616.45,29756,6463.1,38148,8284.09,8224,1786.35,15726,3413.72,4316,951.69
300638.SZ,20230628,75948,16288.23,53165,11411.72,72233,15479.81,80313,17181.99,41926,8980.27,44952,9651.08,6782,1459.11,18459,3962.63,-13595,-2907.0
300638.SZ,20230627,47628,10562.56,51596,11458.24,51078,11337.39,48121,10678.02,33421,7428.19,30466,6761.16,5348,1188.72,7291,1619.43,4764,1087.28
300638.SZ,20230626,81386,18264.64,70310,15764.16,73524,16487.14,61454,13814.96,35474,7962.75,50477,11336.79,8452,1897.4,16595,3696.02,-33153,-7426.24
300638.SZ,20230621,73374,17005.07,69412,16126.36,72911,16911.26,69268,16066.73,45153,10471.96,50052,11587.77,15573,3608.78,18279,4216.21,-30624,-7057.73
300638.SZ,20230620,82000,19548.73,64581,15395.49,85236,20320.28,81078,19329.74,51573,12289.0,65553,15621.65,7983,1903.28,15581,3714.41,-40588,-9643.42
300638.SZ,20230619,107429,26047.69,122602,29710.44,147411,35756.17,151284,36658.7,97758,23673.85,94410,22862.57,35117,8468.76,19419,4714.77,36805,8993.63
300638.SZ,20230616,81253,18701.84,62572,14440.78,86393,19912.38,86763,19991.46,55241,12725.27,65148,14982.25,6587,1524.35,14990,3449.35,20961,4869.09
300638.SZ,20230615,104078,24080.25,65473,15161.28,89408,20701.09,108537,25140.92,64718,15007.89,75789,17555.26,14458,3352.6,22863,5284.36,-7914,-1738.64
300638.SZ,20230614,119946,27943.78,71512,16736.37,144367,33669.51,142894,33323.93,100763,23539.37,142420,33148.95,25334,5891.18,33584,7834.59,-39609,-9218.77
300638.SZ,20230613,71892,17272.07,81704,19677.04,93797,22560.67,95069,22869.66,68812,16552.75,61786,14847.66,21765,5258.81,17707,4249.93,-1873,-403.37
300638.SZ,20230612,97121,23351.21,76860,18508.22,94488,22748.83,106589,25648.46,67974,16377.01,75166,18099.26,21549,5200.09,22517,5421.2,7954,1903.9
300638.SZ,20230609,87046,20555.4,91874,21723.86,115132,27225.07,104350,24687.58,80061,18949.93,80093,18938.87,26336,6229.26,32259,7609.36,-12243,-2841.18
300638.SZ,20230608,86586,20649.78,84861,20280.83,117295,28021.1,124446,29736.43,90070,21516.92,83209,19901.16,24002,5777.78,25435,6047.16,-15270,-3587.45
300638.SZ,20230607,74598,17625.67,76679,18167.01,99478,23536.0,92810,21958.74,74363,17607.88,65647,15536.5,9929,2355.55,23233,5462.87,-23200,-5421.28
300638.SZ,20230606,125090,30270.08,86682,21098.5,144146,35002.8,145925,35451.76,110668,26863.54,113494,27471.82,27293,6643.3,61097,14757.63,-19860,-4751.79
300638.SZ,20230605,143055,35380.68,133923,33115.94,221804,54901.51,209180,51685.84,205259,50621.61,210793,52182.56,58423,14461.26,74645,18380.72,63735,15939.95
300638.SZ,20230602,121390,27741.45,142553,32518.49,166185,37976.77,184732,42308.79,156868,35906.24,149276,34246.19,82379,19028.77,50260,11579.74,53147,12505.76
300638.SZ,20230601,92361,19786.5,79610,17112.99,80395,17238.76,89612,19217.66,57607,12388.69,64171,13756.15,17797,3861.27,14766,3188.42,16560,3602.42
300638.SZ,20230531,63384,16329.24,54619,14097.03,70682,18223.84,66663,17200.67,49754,12838.58,49046,12642.03,10385,2673.3,23877,6125.24,-18810,-4814.27
300638.SZ,20230530,74786,19302.7,50520,13067.23,72190,18646.13,80447,20797.51,57311,14821.82,62885,16235.78,11953,3082.18,22388,5752.3,-3264,-804.91
300638.SZ,20230529,76282,19965.79,89775,23548.79,107425,28156.83,121495,31857.9,98705,25918.93,81478,21383.2,33193,8741.3,22856,5992.96,-3304,-763.15
300638.SZ,20230526,59714,15203.14,69954,17831.09,82621,21046.16,82445,21013.41,65720,16764.22,58902,15012.59,15091,3860.7,11845,3017.14,-3305,-855.42
300638.SZ,20230525,53878,13297.62,58001,14329.5,60128,14875.68,54839,13567.05,28838,7130.41,26041,6439.16,3452,854.68,7414,1822.67,-16025,-3922.13
300638.SZ,20230524,48669,12094.27,53542,13322.94,52913,13159.96,52613,13087.59,30720,7667.56,27543,6864.28,4058,1013.34,2662,660.32,-16358,-4048.67
300638.SZ,20230523,80781,20344.8,49019,12373.24,68432,17245.24,72389,18257.58,41843,10547.33,45674,11529.01,10587,2647.65,34561,8625.19,-29387,-7415.09
300638.SZ,20230522,56730,14741.93,52962,13770.52,78267,20341.09,69546,18085.05,43651,11349.43,53760,13965.36,9112,2371.62,11493,2983.15,-636,-136.87
300638.SZ,20230519,106486,27001.66,112817,28639.6,132426,33691.35,142373,36285.42,108468,27726.1,96473,24572.66,32059,8162.65,27775,7084.08,28732,7454.3
300638.SZ,20230518,88584,21398.92,102464,24706.15,108524,26193.95,119736,28941.37,76359,18480.01,63333,15333.3,20134,4858.71,8069,1950.77,66179,16031.04
300638.SZ,20230517,20896,4629.69,19241,4266.58,24607,5455.19,27175,6023.5,11892,2634.73,13901,3077.02,4706,1040.9,1784,393.41,-7803,-1716.66
300638.SZ,20230516,41190,9135.51,29488,6542.24,33158,7351.41,33922,7525.97,11597,2574.38,22322,4949.04,1430,321.4,1642,365.44,-20309,-4510.25
300638.SZ,20230515,41389,9373.25,29151,6603.92,35306,7993.65,36276,8210.41,17481,3961.75,27173,6152.03,2185,494.67,3761,856.97,14679,3342.24
300638.SZ,20230512,50026,11371.78,38594,8753.86,60299,13711.61,53350,12150.46,28172,6375.06,37778,8573.67,4664,1055.11,13438,3035.57,-22819,-5183.05
300638.SZ,20230511,31987,7583.08,26175,6204.92,37114,8797.35,34961,8287.33,16713,3959.4,19225,4556.74,2837,669.65,8290,1960.5,-19350,-4585.72
300638.SZ,20230510,42307,10067.17,54552,13032.85,60244,14410.53,56026,13422.3,33574,8070.71,30706,7338.4,6905,1654.71,1745,409.56,-4170,-905.58
300638.SZ,20230509,65124,15768.77,48548,11758.89,78367,18996.53,59909,14524.4,33030,7995.17,57232,13854.34,1193,286.14,12025,2908.99,-43990,-10635.23
300638.SZ,20230508,52845,13307.93,76410,19269.49,81246,20473.37,80146,20205.34,60072,15156.7,36967,9318.41,7442,1885.21,8081,2029.97,3364,884.89
300638.SZ,20230505,50893,12399.34,71401,17457.7,85863,21005.05,83912,20505.54,60631,14868.91,44797,10983.51,9222,2272.12,6499,1598.67,41147,10198.29
300638.SZ,20230504,63234,15138.99,58142,13913.68,71732,17172.23,64933,15578.46,41015,9828.22,51629,12356.47,7003,1690.69,8281,1981.52,-37680,-9040.96
300638.SZ,20230428,65113,16269.69,91148,22789.23,94323,23586.3,75977,19009.55,57229,14317.36,46855,11708.32,6124,1535.34,8808,2201.58,-25263,-6295.88
300638.SZ,20230427,78901,18975.43,83703,20208.41,79140,19072.0,77594,18686.89,47395,11474.69,42998,10358.55,12878,3118.27,14018,3386.54,-8005,-1891.24
300638.SZ,20230426,150562,37434.09,141909,35278.83,151094,37575.09,137991,34282.88,67947,16873.82,89132,22210.62,21181,5281.8,21752,5392.48,-2985,-672.09
300638.SZ,20230425,70513,15966.63,55475,12558.47,62005,14021.22,61171,13841.52,29809,6726.44,39877,9005.53,3671,831.59,9476,2140.36,1585,377.07
300638.SZ,20230424,48245,11199.94,50165,11647.72,39593,9191.13,35996,8360.69,19730,4581.38,21834,5065.16,2709,629.14,2282,528.02,3730,882.58
300638.SZ,20230421,72054,17039.23,42295,10014.54,56587,13400.01,59313,14055.34,26950,6400.04,46206,10924.44,2475,587.68,10252,2432.64,-14549,-3479.14
300638.SZ,20230420,47411,11796.67,55351,13791.35,68480,17059.36,62294,15509.96,45864,11420.79,42824,10667.76,14598,3638.39,15884,3946.14,6669,1675.98
300638.SZ,20230419,45731,11126.39,48263,11771.86,56613,13803.64,53288,12984.72,32876,8021.04,34826,8481.97,8234,2015.49,7078,1728.01,-5016,-1212.05
300638.SZ,20230418,51330,12399.24,62453,15089.42,74291,17962.25,59333,14341.9,52651,12718.35,42221,10197.75,6932,1681.38,21197,5132.14,14538,3558.75
300638.SZ,20230417,50333,11967.57,31114,7408.45,43181,10272.52,45378,10797.24,23105,5494.87,35922,8535.77,3881,922.87,8087,1916.37,-15165,-3615.82
300638.SZ,20230414,57055,13885.97,54083,13190.76,51414,12524.57,49398,12038.72,30229,7376.09,34110,8304.65,4686,1148.28,5793,1400.77,-11286,-2744.39
300638.SZ,20230413,64674,16167.1,46582,11699.11,72755,18246.16,73905,18540.14,39915,10011.91,49764,12448.83,7529,1894.48,14623,3631.58,-29265,-7302.84
300638.SZ,20230412,60153,15410.16,73434,18829.26,82551,21159.02,82193,21048.11,67197,17253.48,55412,14236.38,13494,3475.48,12357,3184.39,4219,1087.95
300638.SZ,20230411,61837,15493.61,47111,11822.19,64181,16098.05,62871,15777.79,35930,9024.55,44615,11186.46,5452,1374.55,12803,3204.33,-29037,-7254.03
300638.SZ,20230410,75130,19419.84,66647,17325.21,91140,23687.6,85107,22108.57,53905,14054.51,60900,15803.78,6124,1584.15,13645,3508.54,-32166,-8252.11
300638.SZ,20230407,67093,17578.63,84779,22235.71,94263,24712.54,79656,20899.95,66058,17317.2,54790,14353.45,13712,3601.04,21901,5720.31,-33217,-8674.69
300638.SZ,20230406,107019,28104.9,118881,31267.65,138660,36265.32,141221,37038.72,109747,28786.15,104995,27483.73,40760,10749.15,31088,8115.42,64311,17014.61
300638.SZ,20230404,68103,16494.17,58777,14266.85,62002,15044.71,63092,15309.21,45838,11132.62,44660,10825.79,5593,1359.64,15008,3629.3,6163,1522.75
300638.SZ,20230403,54242,13103.96,70646,17087.51,71828,17369.54,69024,16687.58,57093,13805.7,41097,9935.46,6336,1535.87,8732,2104.51,3824,931.12
300638.SZ,20230331,70550,16399.57,51572,12000.71,56484,13121.03,67470,15679.44,31505,7334.97,38013,8854.24,6399,1495.24,7881,1816.42,-1045,-219.36
300638.SZ,20230330,108625,25927.64,76707,18403.18,87676,21059.71,96258,23065.48,61271,14735.29,68407,16381.65,12953,3127.04,29152,6999.37,-7547,-1769.45
300638.SZ,20230329,70139,17217.36,67469,16595.25,101593,24944.51,91592,22508.57,74215,18239.1,79133,19402.29,14472,3555.31,22226,5450.17,-11080,-2680.64
300638.SZ,20230328,82422,20050.27,99315,24229.0,109659,26695.36,106558,25911.77,96185,23406.57,91878,22388.5,48539,11908.81,39054,9531.73,40109,9778.48
300638.SZ,20230327,69254,16213.14,66638,15587.12,65370,15349.42,66638,15653.19,47837,11252.16,51515,12102.6,10688,2495.37,8360,1967.18,-12893,-2929.56
300638.SZ,20230324,60870,14159.16,47258,11021.28,62571,14603.56,66725,15562.21,46168,10772.92,52524,12237.44,10018,2342.6,13119,3057.31,9251,2172.43
300638.SZ,20230323,50140,11329.57,47617,10752.19,70396,15907.24,56556,12765.81,45161,10191.27,52969,11957.86,14528,3288.31,23082,5240.54,48078,10897.59
300638.SZ,20230322,27760,5945.14,27991,6000.27,40306,8647.44,31200,6692.37,23322,5011.72,31201,6697.98,4212,908.06,5208,1121.74,19405,4176.52
300638.SZ,20230321,15528,3234.26,20629,4303.33,25041,5227.61,17311,3614.39,7926,1652.37,9489,1973.11,0,0.0,1066,223.41,9441,1979.08
300638.SZ,20230320,26498,5495.38,29302,6078.67,21604,4483.01,22330,4635.33,12103,2513.19,9089,1885.56,516,108.0,0,0.0,-3332,-677.5
300638.SZ,20230317,34143,6983.5,31496,6447.32,27784,5689.0,25636,5246.13,13269,2719.53,16734,3426.05,620,126.86,1950,399.38,10138,2079.85
300638.SZ,20230316,30619,6145.01,20119,4038.34,26420,5299.92,25616,5131.19,12821,2561.92,21451,4304.9,1945,388.41,4619,920.83,-4015,-800.5
300638.SZ,20230315,18048,3750.92,18782,3906.68,17284,3593.9,17446,3629.1,12645,2628.85,7378,1532.13,1241,253.91,5611,1159.67,-11090,-2302.19
300638.SZ,20230314,24562,5111.89,20593,4291.02,21734,4522.62,21269,4425.65,11513,2394.58,14138,2941.83,315,65.45,2125,436.04,-3151,-645.64
300638.SZ,20230313,30983,6463.99,32847,6867.57,26996,5639.18,26920,5620.99,14847,3104.43,12815,2672.56,1176,246.7,1420,293.18,-8639,-1798.58
300638.SZ,20230310,28583,6066.35,25723,5459.08,24332,5156.38,25317,5368.09,16215,3435.61,17452,3695.97,500,104.9,1138,240.09,-12575,-2659.15
300638.SZ,20230309,26435,5677.38,34008,7318.72,35830,7726.44,24840,5354.88,13603,2938.78,16328,3518.43,1035,225.47,1727,376.05,-2645,-537.32
300638.SZ,20230308,27584,5879.4,25359,5403.33,24213,5163.35,24177,5152.86,10458,2226.91,11694,2495.25,1069,228.2,2094,446.42,6763,1451.55
300638.SZ,20230307,58623,12472.12,41006,8727.34,49823,10605.76,58016,12348.02,35487,7529.23,39776,8444.72,8922,1889.8,14056,2976.82,-21816,-4633.17
300638.SZ,20230306,30211,6817.84,30080,6805.17,31643,7153.16,27877,6302.89,18177,4112.77,20325,4584.47,2446,552.86,4195,944.1,-7758,-1736.33
300638.SZ,20230303,45052,10212.77,43343,9825.81,46002,10417.41,51519,11667.39,33762,7652.32,31615,7157.52,9266,2104.98,7605,1736.76,-14491,-3255.77
300638.SZ,20230302,50046,11708.06,49101,11516.2,55866,13091.47,62100,14565.3,37654,8840.05,37217,8728.15,13457,3183.14,8606,2013.07,6126,1447.49
300638.SZ,20230301,37690,8451.43,44367,9935.33,50075,11250.0,42362,9519.51,31728,7140.07,30195,6803.18,9687,2198.26,12256,2781.75,24941,5626.9
300638.SZ,20230228,26534,5695.24,24565,5275.08,20287,4353.36,22459,4817.59,9834,2114.26,8518,1831.17,0,0.0,1113,239.02,2043,445.78
300638.SZ,20230227,37053,7847.16,29021,6151.21,25256,5355.44,25889,5484.4,9594,2028.0,12921,2732.85,780,164.0,4853,1026.14,-16388,-3460.12
300638.SZ,20230224,20343,4437.59,15873,3467.94,14206,3100.74,13902,3034.42,9460,2062.07,9422,2054.15,1366,296.74,6177,1340.64,2730,598.4
300638.SZ,20230223,29217,6387.06,16129,3535.77,22136,4836.92,21606,4725.33,8071,1768.98,14949,3256.99,3311,725.04,10050,2199.9,-1227,-268.23
300638.SZ,20230222,31101,6915.29,31290,6956.37,24152,5369.42,18574,4133.93,8633,1920.69,11165,2482.04,764,170.71,3620,803.77,-10554,-2340.76
300638.SZ,20230221,23602,5383.48,26953,6149.83,28814,6574.61,27075,6178.68,13148,3000.41,12875,2937.28,1998,457.46,659,150.18,97,38.2
300638.SZ,20230220,38516,8626.19,42835,9611.64,32038,7179.36,29453,6595.12,15977,3578.18,18930,4240.64,7656,1730.91,2968,667.25,4699,1069.33
300638.SZ,20230217,60187,13450.77,37070,8309.48,45441,10175.49,71103,15928.1,40114,8979.48,34305,7656.48,4152,934.64,7416,1646.32,-34177,-7653.96
300638.SZ,20230216,66466,15657.07,67322,15880.07,61196,14413.77,64831,15277.32,51048,12053.67,47516,11230.64,19142,4560.14,18182,4296.61,-4750,-1077.75
300638.SZ,20230215,38983,8969.45,43509,10034.71,37882,8750.93,37833,8729.06,25190,5820.01,23594,5433.53,6000,1381.78,3119,724.86,12321,2843.07
300638.SZ,20230214,29399,6653.24,33820,7669.19,31848,7217.97,31201,7072.27,22235,5043.34,20023,4538.18,8260,1884.44,6699,1519.34,-2803,-623.82
300638.SZ,20230213,36128,8008.38,39966,8884.37,46847,10429.37,40348,8965.42,27274,6068.66,29401,6546.39,9836,2198.04,10370,2308.28,22694,5059.89
300638.SZ,20230210,36084,7871.71,39766,8688.52,43545,9524.22,40454,8849.41,25816,5655.03,23856,5220.23,4902,1072.08,6271,1364.89,-3603,-775.78
300638.SZ,20230209,37839,8069.75,24622,5251.48,35299,7524.72,37897,8079.86,17719,3786.81,27900,5962.62,7036,1513.92,7474,1601.24,20544,4386.22
300638.SZ,20230208,34458,7243.02,15928,3356.94,20178,4238.71,24666,5191.34,14150,2959.97,14839,3111.15,1355,281.12,14708,3063.38,505,114.32
300638.SZ,20230207,22607,4791.34,14789,3136.33,19374,4107.93,21142,4485.38,11448,2426.8,15467,3276.25,2262,480.13,4294,908.23,-2284,-478.96
300638.SZ,20230206,23391,5017.86,22049,4730.85,20486,4398.91,22714,4880.54,9868,2118.43,10135,2175.18,2515,544.37,1363,293.01,3028,667.82
300638.SZ,20230203,17391,3717.38,17572,3764.48,23485,5029.64,20819,4460.77,11274,2419.58,12991,2780.47,1954,422.14,2722,583.03,-3275,-686.06
300638.SZ,20230202,22733,4895.63,23708,5109.57,25101,5409.21,21832,4710.01,14634,3159.03,13824,2976.5,7007,1511.99,10110,2179.78,-328,-49.52
300638.SZ,20230201,22991,4893.36,22779,4854.28,21246,4525.46,19834,4229.07,10617,2262.56,13609,2901.06,6957,1490.75,5590,1187.72,3548,764.56
300638.SZ,20230131,22990,4818.54,17400,3653.34,19318,4049.74,19195,4026.59,10304,2162.86,14036,2939.27,3332,699.47,5312,1111.42,-1602,-322.25
300638.SZ,20230130,23744,5067.33,22831,4882.86,33801,7221.12,27560,5883.37,22462,4789.48,26794,5717.54,3607,779.36,6430,1373.53,-3466,-713.01
300638.SZ,20230120,21256,4488.66,22200,4696.82,26946,5701.71,27174,5757.29,36344,7712.82,25281,5365.48,18847,4001.35,28738,6084.95,-23930,-5096.34
300638.SZ,20230119,27421,5723.77,19210,4012.57,26502,5535.78,28012,5851.53,13662,2854.97,20109,4193.37,1745,364.54,2000,421.6,918,202.15
300638.SZ,20230118,24771,5199.55,26350,5537.62,23546,4944.12,19083,4007.79,9947,2087.36,12030,2518.86,3361,703.22,4163,869.98,-5851,-1219.12
300638.SZ,20230117,50660,10697.58,42508,8957.02,73695,15574.48,76489,16152.3,36450,7684.49,47370,10026.63,10919,2311.43,5357,1132.04,16195,3393.47
300638.SZ,20230116,20453,4072.25,21001,4189.47,17580,3513.52,17860,3564.45,11593,2319.26,10291,2059.66,805,161.58,1279,253.03,8534,1707.57
300638.SZ,20230113,25376,4970.42,22923,4489.9,22816,4471.3,17152,3361.71,7796,1527.47,13958,2737.73,2111,412.62,4068,792.48,-12635,-2480.13
300638.SZ,20230112,21999,4403.01,16240,3253.48,20039,4010.64,20606,4126.16,15732,3148.16,20827,4166.09,2677,537.41,2774,553.49,956,190.37
300638.SZ,20230111,29100,5817.46,36654,7328.95,48814,9780.67,40315,8064.98,24511,4903.65,29101,5831.35,7424,1484.21,3779,760.72,11470,2295.52
300638.SZ,20230110,12950,2514.49,11744,2281.66,12238,2376.65,13687,2659.08,5864,1139.91,5621,1090.3,0,0.0,0,0.0,-3825,-739.95
300638.SZ,20230109,20242,3973.64,18720,3673.96,17018,3341.75,16406,3224.13,7675,1507.71,9211,1806.76,0,0.0,598,118.25,-8639,-1694.57
300638.SZ,20230106,28747,5650.74,35063,6888.86,35845,7053.61,36919,7262.38,26747,5266.14,19436,3832.44,3145,621.25,3066,608.05,17880,3509.96
300638.SZ,20230105,12352,2350.0,13675,2603.71,14258,2712.92,14299,2722.12,7075,1346.94,6725,1277.81,1014,193.79,0,0.0,2763,529.45
300638.SZ,20230104,16314,3079.82,14066,2656.83,13033,2460.45,15086,2851.46,6282,1190.67,5907,1115.65,0,0.0,569,106.99,-1366,-255.79
300638.SZ,20230103,19467,3612.73,24218,4492.71,24808,4594.87,25230,4667.75,14770,2742.63,11840,2213.29,2844,536.39,600,112.86,11590,2155.93
300638.SZ,20241231,145844,29971.04,75806,15637.76,126849,26119.66,114508,23582.32,115618,23835.01,143885,29607.39,47829,9889.6,101939,20987.84,-4764,-1050.99
300638.SZ,20241230,108742,23228.11,93430,20006.84,100894,21570.27,108440,23181.56,92240,19731.63,97032,20743.0,31669,6816.3,34642,7414.91,-26683,-5668.63
300638.SZ,20241227,130604,28584.32,133609,29317.86,154642,33876.3,147180,32226.16,154244,33790.12,158974,34809.01,50161,11001.85,49888,10899.57,-92757,-20206.4
300638.SZ,20241226,163777,35733.82,214139,46901.33,213806,46769.95,188974,41367.73,190034,41621.26,178940,39126.07,86603,19006.3,72167,15736.19,87029,19137.6
300638.SZ,20241225,148509,31881.13,181138,39017.1,179443,38683.16,169509,36534.92,177562,38325.77,148139,31996.16,45712,9902.97,52440,11244.86,-26173,-5534.07
300638.SZ,20241224,153511,31727.93,124497,25790.09,133136,27562.48,138368,28632.8,139865,28945.76,145112,29989.24,50029,10380.66,68564,14204.7,-175,80.22
300638.SZ,20241223,206104,44650.7,132817,28934.71,169514,36924.36,189529,41334.46,157503,34406.16,197405,42955.12,64539,14123.82,77909,16880.76,989,243.31
300638.SZ,20241220,223496,48256.33,201962,43674.43,249563,53869.32,257458,55544.97,250607,54152.03,281979,60934.07,148799,32077.04,131067,28201.26,49810,10861.04
300638.SZ,20241219,195171,39871.24,233841,47372.34,317980,64724.58,321813,65377.49,323497,65588.53,348323,71185.04,187251,38497.55,119922,24747.04,238789,49030.61
300638.SZ,20241218,74701,13792.57,86114,15938.78,98306,18186.55,106337,19683.83,90741,16816.31,72972,13509.99,15839,2935.26,14165,2598.09,45255,8473.22
300638.SZ,20241217,88124,16208.66,84133,15527.62,98694,18216.08,91831,16965.58,82370,15223.61,81428,15011.39,11071,2046.67,22867,4190.43,-11080,-1948.44
300638.SZ,20241216,79401,14600.52,57554,10594.38,91216,16786.53,102130,18794.77,77853,14315.7,69762,12819.75,9489,1744.9,28513,5238.75,-23266,-4252.43
300638.SZ,20241213,86172,16307.24,88962,16871.78,115570,21896.25,104772,19856.35,101274,19201.15,101471,19215.79,26596,5044.09,34407,6504.8,-39658,-7448.13
300638.SZ,20241212,146801,28316.61,110378,21349.72,161587,31217.61,156125,30227.85,137533,26681.26,162779,31500.73,46629,9091.6,63268,12228.77,-47446,-8980.46
300638.SZ,20241211,163885,31585.14,180920,34879.54,216920,41802.61,241702,46568.57,215416,41522.33,225484,43514.34,105048,20303.0,53163,10250.62,82814,16087.48
300638.SZ,20241210,132283,24419.12,114198,21148.66,147134,27235.09,144246,26689.99,127958,23688.14,138602,25614.24,33435,6201.3,43765,8090.76,-38824,-7126.35
300638.SZ,20241209,97633,17526.34,144249,25937.83,142067,25528.51,163025,29320.17,150336,27027.82,118393,21283.16,67310,12164.45,31679,5705.96,40977,7478.35
300638.SZ,20241206,76206,13161.69,88376,15272.14,94327,16280.34,79361,13729.62,85109,14718.66,93305,16112.74,33714,5854.47,28312,4900.65,-5934,-949.25
300638.SZ,20241205,85354,14656.12,91447,15762.3,97483,16790.12,110681,19063.13,109240,18879.96,96025,16540.76,23604,4067.78,17526,3027.79,50062,8615.18
300638.SZ,20241204,62290,10455.05,42471,7137.23,69510,11672.61,55957,9400.18,48450,8126.56,66006,11068.67,9681,1627.39,25496,4275.54,-26092,-4379.1
300638.SZ,20241203,63470,10814.7,51757,8829.85,62833,10705.76,67921,11586.67,48668,8301.59,54791,9332.41,15981,2718.56,16482,2791.68,-17762,-3000.7
300638.SZ,20241202,71541,12204.42,67481,11517.07,79030,13479.17,75589,12897.85,59675,10186.51,63937,10912.14,12685,2168.21,15923,2711.27,-13248,-2242.99
300638.SZ,20241129,75506,12727.37,65756,11102.67,87970,14837.44,94270,15910.63,74859,12643.64,74084,12507.95,21418,3631.72,25642,4318.93,27810,4715.65
300638.SZ,20241128,66910,11209.86,68087,11423.15,71118,11920.54,71283,11957.88,44523,7473.17,52796,8847.9,16776,2821.8,7160,1196.43,-36644,-6111.99
300638.SZ,20241127,86427,14233.64,78145,12888.59,103449,17022.71,87656,14437.84,62140,10242.54,79950,13151.5,7492,1234.07,13757,2255.02,835,232.23
300638.SZ,20241126,69903,11792.6,75274,12708.16,90849,15341.39,77313,13066.51,61447,10408.12,64753,10940.51,12376,2104.78,17236,2931.7,13,36.53
300638.SZ,20241125,84486,13855.58,68040,11172.16,80623,13219.08,87569,14352.68,51120,8385.73,57068,9346.96,4258,692.88,7810,1281.47,-3077,-503.06
300638.SZ,20241122,101553,17453.23,55160,9564.88,112164,19331.63,91428,15764.7,75104,12919.85,93868,16132.73,21846,3707.71,70211,11950.1,-24526,-4259.51
300638.SZ,20241121,65266,11627.81,52585,9381.45,73074,13020.23,69631,12412.55,66404,11834.04,72356,12888.14,19742,3523.15,29914,5323.07,-33910,-6039.18
300638.SZ,20241120,64432,11588.78,99707,17960.65,99664,17943.74,84519,15225.48,89641,16143.7,85293,15352.13,29139,5255.94,13357,2393.9,-965,-145.23
300638.SZ,20241119,75287,13155.4,68655,12022.01,78932,13824.72,78909,13804.55,68226,11954.86,68298,11965.65,14899,2622.47,21482,3765.24,9585,1729.63
300638.SZ,20241118,116008,20177.18,92139,16098.65,122491,21304.39,122521,21342.18,104749,18237.72,129481,22487.63,45034,7859.5,44140,7650.33,-7410,-1293.74
300638.SZ,20241115,94294,17121.66,90999,16566.8,109078,19874.46,119157,21739.4,99905,18216.81,88304,16084.87,28315,5173.17,33131,5995.04,-13612,-2405.5
300638.SZ,20241114,87792,16049.53,60228,11025.95,73266,13390.58,76085,13926.72,57626,10532.36,77222,14091.73,10682,1954.85,15830,2882.92,-45222,-8291.91
300638.SZ,20241113,89545,16559.33,61906,11461.61,80591,14903.18,91730,16965.45,76193,14110.38,84604,15643.09,18927,3504.0,27016,5006.74,5598,1068.99
300638.SZ,20241112,135517,25486.4,83030,15659.38,135871,25592.2,128077,24126.9,103889,19604.01,115194,21687.69,37534,7082.36,86510,16291.01,-54511,-10214.35
300638.SZ,20241111,114676,21728.24,99862,18937.31,136308,25843.17,136094,25797.65,127538,24173.14,151736,28783.64,57481,10928.36,48311,9154.31,-7738,-1415.62
300638.SZ,20241108,117783,22233.17,116022,21951.2,149143,28212.86,146585,27709.22,138110,26124.07,143721,27169.36,32843,6212.63,31550,5952.94,-4882,-868.84
300638.SZ,20241107,131873,24410.78,115625,21445.51,157286,29132.56,176957,32763.99,141895,26283.76,142186,26308.21,50926,9419.25,47212,8728.64,-92756,-17087.25
300638.SZ,20241106,172153,32284.45,225724,42505.58,312651,58955.3,275307,51739.86,246095,46204.94,241134,45301.33,110336,20822.64,99070,18720.56,-28083,-5247.67
300638.SZ,20241105,205332,36692.44,197009,35239.51,259716,46428.67,249075,44470.97,193892,34524.57,208219,37166.26,60404,10824.81,65041,11593.76,13460,2397.54
300638.SZ,20241104,166701,28358.27,188082,31994.15,225223,38212.49,249168,42347.8,220904,37565.42,217575,36964.08,103525,17651.76,61529,10481.92,181225,30943.51
300638.SZ,20241101,132671,20964.54,98208,15561.56,138310,21903.31,120997,19139.65,91810,14541.04,126548,20026.22,16821,2667.8,33858,5349.26,-70944,-11226.33
300638.SZ,20241031,113509,18613.13,76067,12489.52,108319,17757.12,116126,19058.14,109245,17929.26,125993,20650.51,17003,2789.35,29890,4890.68,8741,1499.54
300638.SZ,20241030,122751,20105.47,96072,15807.28,140166,23005.2,129927,21331.37,124732,20503.09,138040,22631.8,30085,4939.94,53695,8783.26,-29223,-4772.38
300638.SZ,20241029,196833,32981.6,143580,24106.92,193999,32530.51,216699,36359.25,176647,29645.1,208119,34853.62,58683,9859.14,57764,9696.56,34681,5939.2
300638.SZ,20241028,96513,15479.8,104483,16775.05,144921,23258.38,115828,18600.76,103928,16685.59,111052,17812.99,26279,4223.73,40277,6458.7,-62561,-10002.61
300638.SZ,20241025,102578,16597.14,136527,22116.54,154529,25006.16,182232,29521.76,177086,28660.04,147848,23897.6,59539,9657.83,27124,4385.26,76586,12435.69
300638.SZ,20241024,84364,13210.99,88059,13817.71,118781,18627.47,108419,16998.13,86109,13500.4,84780,13286.01,10258,1608.09,18254,2845.1,-27343,-4218.43
300638.SZ,20241023,108548,17130.51,118430,18707.64,145969,23034.27,157626,24901.09,127419,20146.23,133776,21138.91,60590,9619.82,32694,5183.2,-8273,-1271.5
300638.SZ,20241022,103180,15891.11,79161,12206.74,118384,18241.44,107603,16587.25,96979,14948.1,104932,16164.28,12272,1896.71,39118,6019.09,-26313,-4036.22
300638.SZ,20241021,117513,18278.39,154554,24081.64,160717,25001.73,168069,26150.48,173520,26983.67,155977,24230.67,53798,8383.57,26950,4184.57,-23124,-3618.49
300638.SZ,20241018,153991,22609.48,141065,20709.38,146752,21489.3,171804,25186.18,143524,20936.47,153217,22380.73,61594,9035.69,39774,5794.64,84058,12243.14
300638.SZ,20241017,84763,11925.01,71945,10119.14,86373,12140.94,87213,12269.33,68958,9705.64,79496,11189.87,11203,1584.94,12643,1778.19,-6061,-801.57
300638.SZ,20241016,79663,11014.75,61238,8479.49,70835,9796.27,77193,10683.74,58173,8048.6,69585,9617.88,9476,1315.9,10131,1394.41,-21709,-2992.56
300638.SZ,20241015,108234,15473.95,88864,12715.33,104968,15022.72,106671,15268.37,86349,12373.07,103443,14819.16,17995,2583.9,18568,2650.79,-29031,-4107.45
300638.SZ,20241014,117631,16390.03,93818,13088.04,110372,15349.41,113869,15866.59,74827,10430.11,86862,12106.46,26700,3748.84,34982,4857.31,-423,9.35
300638.SZ,20241011,138319,19496.88,95034,13411.32,142148,20017.33,122359,17243.53,91173,12796.67,132185,18592.31,25569,3628.28,47631,6692.0,-40793,-5725.49
300638.SZ,20241010,132436,20157.95,93275,14233.39,138672,21104.8,139223,21203.56,102536,15625.93,133100,20248.44,47408,7228.88,55453,8432.16,-42491,-6424.3
300638.SZ,20241009,185745,29606.12,169449,27106.57,255075,40687.63,239276,38157.08,236083,37658.14,229775,36619.11,71919,11463.42,110322,17532.56,-114500,-18172.04
300638.SZ,20241008,170314,28704.07,171138,28951.56,284976,48169.7,293183,49586.72,277756,47019.5,282436,47700.4,137927,23446.59,124216,21101.16,1326,344.86
300638.SZ,20240930,176065,24585.3,185290,25972.43,249667,34864.49,236305,32996.58,226655,31747.71,201601,28046.97,73892,10287.29,103083,14468.81,92940,13139.68
300638.SZ,20240927,144217,17649.47,179747,22087.78,191605,23500.23,174844,21414.91,149775,18393.69,129903,15927.71,43080,5327.56,44183,5440.55,-7687,-979.43
300638.SZ,20240926,110732,12605.11,135925,15521.45,129302,14741.84,125310,14283.57,111598,12728.87,85284,9702.63,11628,1335.27,16741,1903.44,50335,5789.12
300638.SZ,20240925,106124,11953.79,99331,11204.94,114680,12922.67,105822,11928.14,77252,8717.93,98065,11045.14,16544,1862.04,11383,1278.22,-29602,-3299.72
300638.SZ,20240924,104455,11255.68,113734,12301.99,98136,10606.66,101499,10971.69,79310,8608.6,71594,7744.4,15551,1700.17,10625,1153.03,23017,2566.84
300638.SZ,20240923,75427,8060.49,87885,9397.57,71195,7617.44,66963,7161.08,45019,4813.62,35280,3776.24,5812,624.61,7325,781.28,245,36.69
300638.SZ,20240920,45243,4716.14,45297,4722.82,37910,3951.69,43935,4580.98,25568,2667.55,19542,2037.66,2706,281.93,2653,275.84,3380,360.69
300638.SZ,20240919,56275,5820.17,50913,5271.52,54054,5584.81,49911,5161.46,27999,2897.71,38872,4015.83,8193,851.64,6825,705.51,4788,505.13
300638.SZ,20240918,55284,5610.56,42283,4295.85,28168,2859.33,31313,3178.7,17690,1794.96,21655,2195.87,0,0.0,5891,594.43,-7501,-757.95
300638.SZ,20240913,63821,6611.52,59836,6206.95,47180,4889.82,46056,4771.23,25561,2651.58,31885,3302.21,2515,262.02,1300,134.55,-21361,-2201.64
300638.SZ,20240912,58204,6196.89,80176,8539.94,59948,6378.33,49767,5300.98,34200,3639.34,24962,2651.73,5159,556.47,2605,278.38,-29822,-3156.95
300638.SZ,20240911,43357,4573.87,31401,3312.78,26099,2752.41,29896,3152.86,9481,999.62,16202,1708.77,0,0.0,1438,151.49,-7205,-755.63
300638.SZ,20240910,57844,6038.13,54008,5647.19,41474,4338.01,42133,4408.95,18477,1943.76,20527,2146.95,988,103.74,2114,220.56,658,93.25
300638.SZ,20240909,59505,6227.37,45320,4746.37,36337,3802.12,37488,3921.24,18568,1940.56,30589,3195.73,1026,107.01,2040,213.72,-18299,-1907.43
300638.SZ,20240906,52006,5587.37,60526,6503.47,45999,4937.44,34700,3726.06,26062,2794.42,27113,2905.56,2000,215.17,3729,399.31,-37028,-3974.14
300638.SZ,20240905,58603,6395.28,62267,6797.1,48338,5276.11,53839,5877.1,36052,3941.0,28263,3088.17,4931,537.13,3556,387.15,7971,877.85
300638.SZ,20240904,52718,5678.59,44633,4808.23,41710,4492.16,40738,4386.44,19615,2113.34,26683,2876.5,1141,122.64,3130,335.56,-6023,-636.91
300638.SZ,20240903,66869,7154.92,64797,6940.93,54098,5792.8,59924,6419.79,37454,4016.16,37142,3973.83,3442,370.67,0,0.0,23030,2482.32
300638.SZ,20240902,91921,9906.38,96075,10353.29,74594,8041.73,65921,7116.39,54044,5841.03,45502,4901.37,3843,413.0,16904,1831.1,-75885,-8181.14
300638.SZ,20240830,97042,10805.34,113247,12623.52,97844,10900.16,85459,9514.59,58101,6477.16,56044,6232.19,15631,1737.93,13869,1550.29,4648,507.08
300638.SZ,20240829,111722,11905.76,113801,12163.64,87723,9349.4,75127,8008.24,55826,5960.06,55180,5859.88,1963,213.07,13127,1396.54,-13267,-1423.37
300638.SZ,20240828,71344,7617.47,59561,6371.04,52476,5606.0,54958,5871.04,27213,2909.67,31710,3384.38,4348,467.44,9151,974.11,1291,147.98
300638.SZ,20240827,75144,8124.68,54148,5857.81,37526,4054.05,49382,5337.7,18454,1991.07,20919,2255.25,1229,131.75,7905,850.79,-15719,-1696.34
300638.SZ,20240826,56818,6271.78,48307,5337.81,41282,4559.79,44693,4934.51,17690,1951.23,25257,2784.12,2745,304.72,278,31.08,-16099,-1772.15
300638.SZ,20240823,65992,7313.78,53873,5973.94,45558,5054.77,50618,5614.62,17139,1903.24,23698,2629.38,1500,167.35,2000,221.2,10098,1127.11
300638.SZ,20240822,66066,7349.14,39804,4434.45,44918,4997.19,51727,5753.54,21964,2441.94,34606,3845.08,3575,393.61,10385,1148.79,-22423,-2482.28
300638.SZ,20240821,48640,5521.87,39408,4477.48,33542,3809.6,42341,4808.87,19602,2227.18,21028,2387.38,3064,349.12,2072,234.03,-10672,-1200.81
300638.SZ,20240820,64687,7398.04,49105,5618.81,49179,5627.34,47155,5395.57,24418,2789.81,36620,4184.92,1000,113.61,6404,729.51,-27846,-3178.12
300638.SZ,20240819,70484,8240.94,80463,9411.2,58414,6832.12,58191,6810.36,40690,4765.29,32668,3824.15,6793,798.99,5060,591.64,-9363,-1082.26
300638.SZ,20240816,59106,6879.66,71590,8331.36,59350,6908.85,52776,6144.22,37120,4321.51,32654,3802.51,2379,276.59,935,108.52,-2663,-291.74
300638.SZ,20240815,58280,6729.81,62554,7229.6,55865,6458.28,50361,5823.37,31555,3655.6,33644,3889.03,3945,457.22,3086,358.92,-1411,-145.56
300638.SZ,20240814,42624,4893.42,36849,4230.71,32825,3768.61,34758,3991.54,11733,1346.98,18664,2141.52,3240,372.0,150,17.24,-13414,-1535.83
300638.SZ,20240813,62445,7171.55,45073,5183.1,43495,4996.99,48948,5620.76,16288,1869.78,24670,2831.99,928,106.63,4465,509.09,-2862,-321.14
300638.SZ,20240812,93091,10738.39,54495,6290.75,53910,6219.11,66005,7614.36,24907,2872.87,41731,4811.66,3599,415.0,13275,1528.6,-13224,-1516.89
300638.SZ,20240809,69497,8253.57,52783,6273.01,58844,6992.28,56985,6774.78,30621,3642.84,46352,5506.25,946,112.31,3788,446.96,-32013,-3781.82
300638.SZ,20240808,76045,9055.26,65186,7769.41,66414,7901.65,61169,7284.74,41742,4975.13,51775,6159.53,6635,789.32,12705,1507.67,-21925,-2596.79
300638.SZ,20240807,69775,8459.88,75853,9200.67,75980,9214.86,76389,9265.98,49550,6009.7,42111,5101.69,5754,696.99,6706,813.09,-7938,-950.18
300638.SZ,20240806,72480,8651.14,98089,11715.29,75052,8964.71,73364,8765.43,62098,7418.93,43761,5224.91,10341,1238.96,4757,568.12,-14516,-1713.4
300638.SZ,20240805,123692,14900.87,122069,14736.73,97567,11775.93,86045,10382.33,57124,6903.53,58713,7079.37,6540,787.34,18095,2169.24,-52659,-6298.58
300638.SZ,20240802,134881,16863.55,111478,13948.37,115730,14467.41,102541,12821.1,70612,8835.62,90122,11268.11,9956,1241.87,27037,3370.87,-84839,-10570.85
300638.SZ,20240801,186683,23843.57,178540,22830.46,155967,19943.35,162208,20753.59,111094,14242.7,108813,13923.8,16565,2137.45,20748,2659.23,705,154.0
300638.SZ,20240731,216986,26492.18,177144,21616.84,168264,20499.3,183120,22343.53,102953,12597.42,129958,15851.28,25910,3172.12,23891,2949.38,34062,4216.75
300638.SZ,20240730,187355,22387.58,161296,19278.29,156014,18648.29,159150,19027.93,87179,10425.33,106729,12754.07,19671,2349.0,23043,2749.91,-59752,-7107.08
300638.SZ,20240729,287085,35737.47,228257,28340.51,315883,39345.06,267951,33428.17,213898,26647.3,285017,35542.24,52198,6501.79,87838,10920.69,-160493,-19665.23
300638.SZ,20240726,59650,8977.18,48380,7283.72,53674,8080.86,51863,7808.14,32157,4842.48,46722,7032.37,3990,600.47,2506,376.77,-9721,-1450.78
300638.SZ,20240725,62421,9338.09,61272,9176.02,70154,10504.14,54991,8230.12,38508,5759.78,46755,6993.0,2646,395.4,10712,1598.27,-26949,-4026.91
300638.SZ,20240724,73090,11256.12,83106,12814.75,78216,12057.06,77654,11968.46,51100,7872.42,39608,6092.26,6886,1069.85,8923,1379.99,-24913,-3820.1
300638.SZ,20240723,79223,12537.2,88946,14087.22,81078,12825.1,72852,11525.89,50596,8017.32,46578,7363.42,6484,1027.89,9006,1430.98,-56665,-8956.62
300638.SZ,20240722,64643,10490.9,59984,9729.89,59699,9681.6,53233,8639.5,32695,5305.77,34280,5565.42,2947,478.51,12486,2021.97,-18520,-2987.02
300638.SZ,20240719,61589,10121.28,74610,12276.41,68592,11279.76,67224,11061.52,45959,7577.59,36657,6029.29,4021,663.04,1670,274.45,-5112,-825.44
300638.SZ,20240718,101248,16374.19,95061,15370.79,95187,15386.77,88774,14351.77,49561,8008.87,53315,8617.54,5626,903.07,14472,2332.79,-30409,-4889.41
300638.SZ,20240717,78377,13330.83,66342,11301.17,74671,12715.06,64965,11062.77,33899,5776.53,50853,8649.01,2144,365.26,6931,1174.74,-43846,-7445.96
300638.SZ,20240716,78262,13378.95,90245,15459.61,93900,16102.01,95600,16395.34,67873,11656.69,49673,8528.62,10478,1805.64,14994,2559.73,22133,3838.5
300638.SZ,20240715,75009,12706.25,62550,10602.3,61886,10488.48,56216,9527.57,27383,4641.59,40506,6858.29,2053,346.55,7060,1194.71,-11302,-1906.07
300638.SZ,20240712,72448,12357.82,64396,10997.66,72006,12279.77,72525,12376.51,48407,8262.04,47906,8160.66,4713,803.53,12747,2168.34,-13787,-2331.9
300638.SZ,20240711,107205,18436.02,101555,17485.89,111990,19265.34,111977,19285.86,79884,13782.65,75377,12982.7,20133,3479.45,30302,5209.0,-5084,-843.67
300638.SZ,20240710,143809,24485.26,145604,24777.35,122481,20825.58,133106,22650.14,78922,13415.49,77564,13204.19,23124,3959.8,12061,2054.46,48043,8212.99
300638.SZ,20240709,114076,18323.59,110556,17762.88,98233,15761.78,104141,16741.8,62242,10033.86,64620,10393.39,11479,1860.88,6713,1082.04,66087,10676.56
300638.SZ,20240708,74779,11647.89,66364,10340.95,67032,10447.97,65753,10247.94,37993,5914.37,44301,6890.06,3664,568.33,7050,1099.61,-25137,-3909.17
300638.SZ,20240705,78454,12380.6,80021,12661.75,64519,10195.83,65381,10336.52,38390,6074.78,39671,6247.27,6838,1082.73,3127,488.39,-16131,-2498.67
300638.SZ,20240704,79552,12965.61,72404,11837.97,88882,14521.47,77716,12708.25,47219,7704.81,56363,9177.93,6914,1127.66,16083,2595.4,-26310,-4230.88
300638.SZ,20240703,53473,8756.82,58804,9633.63,53214,8721.02,46517,7618.81,20734,3394.51,21221,3475.94,42,6.82,922,150.78,-12723,-2073.54
300638.SZ,20240702,93330,15579.85,80837,13522.81,85983,14376.41,82002,13701.75,49124,8212.72,59810,9976.73,4697,784.0,10485,1751.68,-76384,-12748.32
300638.SZ,20240701,101938,17215.17,106262,17925.64,81717,13800.69,83796,14169.28,48289,8152.04,40462,6832.92,6440,1086.47,7864,1326.52,-45786,-7688.86
300638.SZ,20240628,114398,19574.75,116627,19951.17,127805,21852.67,126609,21676.0,82225,14079.18,84762,14492.68,17989,3088.31,14420,2475.06,51041,8738.73
300638.SZ,20240627,61653,10103.46,58227,9550.36,48600,7973.26,48556,7964.48,23720,3886.4,25133,4115.75,3761,616.48,5818,949.01,-25271,-4130.21
300638.SZ,20240626,67909,11016.83,82357,13370.54,62612,10173.18,56349,9167.45,32488,5301.99,26057,4238.65,5622,919.9,3868,635.27,13957,2303.85
300638.SZ,20240625,73008,11744.44,69578,11196.11,59574,9592.45,55158,8886.12,32731,5262.03,35199,5657.71,3495,565.64,8872,1424.62,-29683,-4761.08
300638.SZ,20240624,80939,13523.78,71818,12021.98,67941,11371.18,66903,11197.22,40579,6794.14,39588,6612.35,9927,1664.09,21077,3521.65,-37428,-6237.98
300638.SZ,20240621,68596,11720.48,82989,14208.15,67162,11496.68,64316,11025.17,42530,7302.57,39149,6694.51,11447,1969.32,3281,561.23,-6405,-1077.31
300638.SZ,20240620,88490,15214.17,72841,12553.53,69732,12021.69,73679,12700.64,49690,8568.37,52741,9079.31,5021,863.93,13672,2334.68,-22054,-3767.24
300638.SZ,20240619,112510,19662.08,91925,16084.33,100660,17620.52,100796,17646.58,58476,10251.45,65852,11526.51,6508,1138.09,19580,3414.73,-44692,-7818.55
300638.SZ,20240618,87128,15270.05,96644,16961.02,100928,17696.66,102092,17917.28,67978,11946.07,69304,12158.88,27086,4771.39,15080,2647.0,24929,4388.98
300638.SZ,20240617,73567,12707.33,74207,12823.35,80516,13899.67,84852,14660.71,47917,8288.94,50419,8711.79,13832,2399.02,6354,1099.11,11054,1925.8
300638.SZ,20240614,69105,11677.43,68260,11542.36,62402,10552.39,65681,11113.01,39617,6711.68,35477,6001.7,3230,549.5,4937,833.93,-7105,-1171.07
300638.SZ,20240613,83430,14118.12,95181,16096.3,103165,17428.62,97107,16416.33,69789,11811.07,63369,10720.9,8853,1502.42,9579,1626.7,23929,4063.11
300638.SZ,20240612,58603,9698.06,63444,10501.07,64625,10697.07,59235,9802.65,34472,5707.46,31504,5216.86,670,111.31,4187,693.31,-4448,-713.76
300638.SZ,20240611,72657,11662.95,64164,10311.68,52296,8400.16,52845,8484.44,27265,4384.53,29661,4761.28,650,106.28,6198,996.51,20303,3292.25
300638.SZ,20240607,89151,14339.17,81116,13060.99,86760,13983.22,88407,14234.69,48456,7812.37,48547,7827.6,1693,271.02,7990,1282.51,-21938,-3521.27
300638.SZ,20240606,101309,16819.49,95708,15917.98,96217,15997.33,92299,15341.8,49743,8275.18,55145,9154.86,2225,368.67,6343,1046.05,-42266,-6982.88
300638.SZ,20240605,107121,18317.43,105305,18033.58,110524,18929.32,118177,20241.87,71597,12272.89,64573,11064.6,14625,2505.68,15812,2685.26,19992,3519.79
300638.SZ,20240604,80014,13178.67,62278,10272.37,71763,11829.18,81757,13482.18,39316,6480.83,36097,5938.41,3175,522.56,14135,2318.27,-2444,-386.46
300638.SZ,20240603,74113,12351.87,72848,12158.65,66465,11083.95,68690,11466.63,48035,8035.62,43487,7251.16,10758,1789.58,14346,2384.58,-10776,-1782.61
300638.SZ,20240531,92941,15510.18,96842,16183.15,90197,15085.3,97903,16366.65,69281,11588.61,62186,10405.66,20237,3406.76,15726,2635.39,30784,5113.64
300638.SZ,20240530,46733,7408.41,35735,5673.19,32580,5160.77,42472,6735.2,23827,3781.46,23281,3692.53,2881,461.44,4533,711.16,709,120.59
300638.SZ,20240529,50859,8089.02,44336,7053.53,35253,5608.83,41062,6532.78,18168,2893.19,20380,3243.2,3968,629.38,2470,390.91,-19053,-3018.07
300638.SZ,20240528,85726,13734.25,75263,12051.22,61588,9866.21,66735,10696.99,31803,5087.62,34305,5490.42,6274,1002.03,9087,1451.48,-54398,-8672.46
300638.SZ,20240527,79339,12865.28,45843,7449.89,42880,6968.16,71740,11650.64,21137,3435.7,24333,3939.84,2382,384.41,3822,613.18,-611,-76.82
300638.SZ,20240524,103912,17155.64,66476,10987.62,70846,11710.14,85234,14101.24,37866,6257.61,48128,7943.87,4020,667.79,16806,2758.46,-24378,-4021.96
300638.SZ,20240523,88478,15019.25,56843,9663.69,67637,11481.34,85542,14512.27,33971,5768.18,36811,6249.93,4902,827.76,15792,2670.64,-43838,-7430.4
300638.SZ,20240522,82254,14197.39,63635,10987.5,75976,13122.09,75738,13077.66,42151,7280.61,58928,10176.67,4578,792.29,6658,1150.55,5012,874.59
300638.SZ,20240521,64606,11020.48,48413,8265.4,56175,9586.12,59549,10162.19,27935,4765.37,35129,5983.78,3073,521.63,8699,1482.23,-22000,-3740.47
300638.SZ,20240520,72512,12427.63,68748,11790.55,67751,11616.42,67412,11558.21,38829,6662.99,39179,6716.0,6091,1048.02,9845,1690.3,24619,4237.41
300638.SZ,20240517,50962,8623.77,43818,7417.35,54726,9264.31,56956,9640.5,25178,4263.42,28538,4830.27,3502,594.12,5056,857.49,-1478,-234.65
300638.SZ,20240516,44134,7484.55,45132,7658.66,49284,8363.49,47705,8094.95,33237,5639.81,28682,4864.37,1637,278.45,6774,1148.32,-1518,-243.12
300638.SZ,20240515,57346,9689.9,42580,7219.98,53396,9037.64,52164,8832.3,29498,5005.93,35378,5975.39,6223,1054.53,16341,2760.34,-6660,-1095.68
300638.SZ,20240514,53270,9108.36,63449,10851.54,55705,9522.6,47498,8124.61,34984,5987.56,29417,5030.65,4493,767.12,8088,1378.85,-20318,-3449.98
300638.SZ,20240513,69314,11800.42,68241,11625.47,71739,12214.14,66270,11283.78,42335,7206.14,41154,7001.36,3206,545.42,10929,1855.5,-10593,-1787.0
300638.SZ,20240510,97343,16612.01,98860,16955.36,114884,19661.94,107434,18407.83,91254,15659.76,76975,13177.45,21124,3608.17,41336,7001.24,-30932,-5283.79
300638.SZ,20240509,75893,12967.6,64798,11081.23,80016,13672.87,89025,15210.1,43183,7382.33,42521,7264.13,10284,1758.46,13032,2225.81,-39778,-6783.06
300638.SZ,20240508,107595,18493.87,71501,12301.96,75767,13040.82,84563,14556.2,53375,9177.2,66028,11349.82,6376,1090.33,21021,3594.24,-25683,-4420.21
300638.SZ,20240507,100347,17696.91,73381,12947.76,92020,16234.02,83902,14796.3,48291,8519.79,64579,11384.89,7357,1301.17,26154,4622.94,-6123,-1062.71
300638.SZ,20240506,101882,18180.49,144259,25750.74,137369,24523.51,124445,22223.45,115439,20624.63,100165,17892.92,36022,6429.72,21843,3891.25,-22177,-3877.03
300638.SZ,20240430,126429,22051.94,96143,16781.68,97588,17017.26,106650,18610.95,60344,10530.75,83198,14500.7,14106,2466.77,12476,2173.39,-270,-28.34
300638.SZ,20240429,204992,35315.98,152978,26263.95,157486,27030.45,204259,35095.6,140565,24050.63,146146,25097.78,38657,6661.65,38317,6601.38,112861,19435.23
300638.SZ,20240426,65577,10517.86,79205,12709.71,79563,12770.98,77881,12501.59,54974,8834.74,57084,9175.79,21625,3484.63,7570,1221.13,25826,4154.3
300638.SZ,20240425,46310,7288.51,44298,6974.1,52006,8187.56,52751,8305.53,32493,5116.13,34880,5491.23,4176,658.61,3056,479.94,-11054,-1727.51
300638.SZ,20240424,49445,7687.42,49561,7717.3,60337,9382.67,63778,9926.16,38456,5988.64,35302,5497.9,7973,1243.26,7570,1160.63,21257,3319.46
300638.SZ,20240423,43269,6625.17,49888,7643.83,48371,7413.93,48392,7417.74,33661,5163.44,26927,4125.29,5000,764.98,5093,780.67,-13386,-2034.99
300638.SZ,20240422,48343,7246.49,44134,6619.27,39408,5898.04,40325,6039.61,23129,3460.8,24541,3666.36,1164,176.15,3043,456.23,10497,1582.57
300638.SZ,20240419,56998,8632.1,46704,7075.43,53640,8120.92,51739,7839.78,25071,3796.98,31929,4829.06,704,106.65,6041,912.39,-27840,-4205.87
300638.SZ,20240418,64296,9914.74,67179,10358.7,69724,10759.66,68037,10513.15,46584,7207.71,46108,7122.21,2692,414.79,1972,302.85,-5196,-744.49
300638.SZ,20240417,62975,9523.79,66702,10097.2,63968,9671.21,71859,10861.9,43827,6633.19,37990,5746.1,8553,1291.89,2771,414.88,19022,2900.19
300638.SZ,20240416,90685,13377.32,68036,10049.04,74705,11018.36,74126,10937.84,37445,5512.58,51200,7538.0,3565,520.49,13038,1903.86,-25693,-3771.47
300638.SZ,20240415,71647,11061.88,73584,11386.28,75405,11662.36,73003,11292.3,39726,6154.66,38113,5883.93,3805,589.9,5883,906.28,-31432,-4799.14
300638.SZ,20240412,56144,8727.53,51214,7973.76,66695,10375.85,56289,8757.36,34610,5392.64,46983,7305.39,7542,1172.03,10504,1631.53,-4539,-677.95
300638.SZ,20240411,54797,8573.89,57137,8941.99,57124,8934.86,58457,9147.82,30835,4829.32,26363,4129.36,3291,516.61,4090,635.52,-6792,-1047.32
300638.SZ,20240410,66354,10266.07,48052,7450.73,64430,9970.34,62574,9688.4,39943,6193.66,51713,7996.14,3814,596.95,12202,1891.75,-41864,-6493.22
300638.SZ,20240409,58952,9347.59,70088,11115.19,64101,10167.17,64852,10289.57,47229,7493.98,33634,5336.87,7309,1160.84,9016,1427.94,-4581,-697.09
300638.SZ,20240408,90674,14302.06,94312,14877.41,80992,12773.53,67904,10716.03,46257,7293.11,46358,7316.22,6398,1015.44,15746,2474.48,-53817,-8474.5
300638.SZ,20240403,120184,19708.73,118299,19384.37,126427,20723.46,93618,15358.99,63520,10427.31,77657,12723.05,8276,1362.76,28833,4755.84,-68147,-11164.55
300638.SZ,20240402,103629,17932.02,102372,17717.39,120421,20845.79,100210,17362.0,67995,11770.14,71921,12448.01,10225,1771.93,27766,4792.49,-67682,-11694.28
300638.SZ,20240401,135983,23770.66,181160,31656.77,153655,26813.98,133136,23274.66,108075,18875.12,91866,16028.13,23048,4045.05,14598,2545.26,14380,2606.5
300638.SZ,20240329,114131,18852.28,157943,26105.7,140859,23326.97,143851,23849.67,111310,18452.62,77094,12772.32,21766,3632.44,9178,1536.61,27657,4896.99
300638.SZ,20240328,71524,11081.99,71245,11049.99,55107,8535.16,49249,7629.73,27845,4312.95,28462,4400.7,5405,835.22,10924,1684.9,-5981,-932.71
300638.SZ,20240327,102346,15942.59,94256,14665.51,65989,10272.78,50083,7809.61,24261,3774.86,38531,5998.78,5186,801.91,14912,2318.23,-20871,-3270.74
300638.SZ,20240326,96991,15939.26,96572,15891.53,74514,12259.94,62009,10188.0,36774,6051.68,46314,7608.78,7068,1165.48,10452,1728.05,-9057,-1513.85
300638.SZ,20240325,57400,9803.06,47367,8107.53,48151,8215.13,42721,7294.17,23571,4027.65,30716,5230.77,5781,974.71,14099,2388.08,-14295,-2433.85
300638.SZ,20240322,60186,10413.54,45931,7963.65,51440,8909.31,55630,9636.59,29902,5180.61,34562,5974.61,4473,775.51,9876,1704.12,-7888,-1344.27
300638.SZ,20240321,56748,9946.03,55375,9718.81,50625,8874.16,58417,10251.0,44798,7857.92,35933,6299.68,11375,2002.8,13820,2411.42,-4741,-818.97
300638.SZ,20240320,57166,9927.51,44444,7722.46,50631,8793.3,49516,8596.45,25751,4473.07,30667,5325.24,2355,409.28,11276,1958.99,-8521,-1469.02
300638.SZ,20240319,93867,16408.91,78299,13703.54,67003,11711.54,72531,12681.01,41204,7203.14,44533,7773.03,15387,2690.24,22098,3856.24,21425,3742.54
300638.SZ,20240318,62815,10811.84,57678,9930.79,54811,9433.04,58732,10111.93,38773,6676.53,38937,6701.5,9243,1591.34,10295,1768.53,8019,1401.6
300638.SZ,20240315,63731,10745.1,49801,8403.84,39438,6651.22,41531,7011.27,22517,3807.37,27726,4678.77,740,124.68,7367,1234.5,4794,842.85
300638.SZ,20240314,79508,13463.03,73277,12390.39,60414,10238.44,53831,9138.16,31123,5262.81,33157,5613.58,4857,823.78,15637,2645.93,-11506,-1941.89
300638.SZ,20240313,61751,10654.18,58617,10127.63,62594,10804.92,67938,11729.05,37259,6446.15,41306,7129.11,9926,1715.3,3670,634.75,925,177.35
300638.SZ,20240312,50462,8625.69,54628,9346.7,61303,10487.16,56080,9595.11,44247,7569.42,45086,7709.13,17522,2993.18,17741,3024.5,-12152,-2066.03
300638.SZ,20240311,59061,9958.42,69861,11789.09,60871,10274.69,54013,9119.74,34910,5894.41,31087,5242.18,5581,940.6,5461,917.12,-27522,-4614.8
300638.SZ,20240308,65413,10965.16,81235,13681.87,73815,12447.06,81588,13765.18,47940,8104.73,44360,7485.77,25684,4377.18,5668,961.31,11825,2001.03
300638.SZ,20240307,76852,12837.69,53637,8974.34,54117,9048.2,61021,10200.72,38461,6430.61,50248,8390.69,9747,1627.44,14271,2378.2,-33514,-5571.68
300638.SZ,20240306,56446,9424.44,47719,7977.0,47496,7938.37,48223,8062.56,31066,5202.08,34543,5771.06,2838,476.29,7362,1230.55,-2760,-434.99
300638.SZ,20240305,82997,13956.02,55505,9343.99,67950,11428.38,66387,11164.82,38337,6448.05,54638,9188.56,3214,540.3,15969,2675.37,-13808,-2307.24
300638.SZ,20240304,97162,16589.32,112237,19188.51,118820,20312.46,95454,16324.55,62443,10693.27,62335,10664.82,12126,2077.61,20525,3494.78,-38352,-6517.53
300638.SZ,20240301,101029,17226.45,146425,25022.28,126373,21607.98,113203,19331.82,94237,16094.65,68688,11734.16,22955,3933.16,16278,2773.98,12355,2077.16
300638.SZ,20240229,78923,12712.27,83579,13480.76,61724,9938.53,56880,9154.01,39551,6372.97,36832,5928.71,4399,709.11,7306,1169.4,15897,2573.31
300638.SZ,20240228,107537,17550.05,79674,13056.39,92774,15207.44,95829,15696.06,58930,9681.82,72233,11817.91,7261,1169.06,18766,3038.02,-57340,-9299.72
300638.SZ,20240227,60607,9857.02,79458,12974.72,82938,13539.79,79249,12946.88,60865,9975.42,46020,7512.53,11638,1914.6,11322,1852.7,29689,4881.59
300638.SZ,20240226,67084,10653.49,68666,10915.18,64471,10243.62,58711,9332.95,32387,5150.27,37834,6006.79,4420,705.61,3151,498.07,-14595,-2305.87
300638.SZ,20240223,60313,9517.32,74262,11734.14,67640,10687.54,62625,9902.62,43127,6822.48,37839,5967.09,4447,702.12,800,125.6,-16146,-2517.88
300638.SZ,20240222,63581,9875.84,67877,10542.78,59639,9262.15,59672,9270.73,35031,5444.48,31665,4918.97,1963,305.43,1000,155.4,16275,2542.65
300638.SZ,20240221,75330,11533.51,67508,10336.21,62240,9541.49,59320,9090.0,32492,4985.47,40873,6271.58,732,110.52,3093,473.19,-4128,-596.55
300638.SZ,20240220,56728,8498.84,60878,9124.85,45973,6891.95,42202,6331.62,26873,4038.23,26312,3944.83,2228,334.18,2410,361.89,-308,-34.69
300638.SZ,20240219,119187,17942.56,108542,16356.35,66058,9955.36,70571,10631.22,42477,6418.51,33917,5106.79,2000,302.27,16692,2524.35,-19708,-2946.85
300638.SZ,20240208,116740,17328.3,108469,16111.65,69163,10250.59,74270,11017.93,36476,5385.18,40879,6056.86,8921,1325.58,7681,1103.21,10301,1485.34
300638.SZ,20240207,113038,15823.04,100331,14068.21,66972,9386.32,70549,9873.99,33603,4716.43,44278,6193.48,4210,582.83,2666,372.94,-12332,-1704.69
300638.SZ,20240206,110770,14056.21,106508,13515.17,65022,8292.29,69799,8905.33,31539,4045.23,32630,4167.66,3637,450.99,2030,256.57,28243,3574.62
300638.SZ,20240205,106773,13104.37,104455,12852.74,74349,9094.22,74717,9168.51,42863,5285.29,42292,5157.31,1478,179.8,4000,485.12,-830,-127.76
300638.SZ,20240202,95146,12695.4,85418,11428.02,59904,7990.92,62633,8344.43,29815,3986.62,29554,3916.6,936,128.42,8196,1112.3,-23616,-3139.84
300638.SZ,20240201,66896,9234.95,66722,9221.69,40527,5609.97,40039,5537.6,16562,2291.14,15069,2080.86,0,0.0,2154,295.9,-5891,-799.51
300638.SZ,20240131,52440,7414.83,47113,6684.45,37667,5322.56,38986,5505.04,17783,2523.72,19306,2721.98,0,0.0,2486,349.65,-14805,-2084.48
300638.SZ,20240130,65851,9742.34,58155,8607.26,24832,3664.69,34862,5146.1,17703,2608.65,15158,2231.39,1486,218.39,1697,249.31,-11393,-1673.21
300638.SZ,20240129,69274,10319.18,51641,7694.31,32366,4827.69,41271,6161.2,15745,2344.18,19506,2898.31,2207,329.45,7174,1066.69,-20308,-3012.72
300638.SZ,20240126,47585,7396.95,46400,7221.33,38837,6040.81,30204,4691.16,17748,2755.9,21253,3299.23,2103,327.81,8416,1309.76,-19466,-3019.75
300638.SZ,20240125,66747,10408.36,65399,10210.92,42630,6649.34,51644,8056.8,27412,4289.73,22610,3525.8,5161,806.63,2297,360.53,-412,-49.26
300638.SZ,20240124,65741,9873.95,57355,8626.42,49250,7394.1,43500,6546.26,26123,3910.65,36836,5515.13,6840,1033.72,10262,1524.61,-4067,-618.57
300638.SZ,20240123,57776,8836.49,48764,7461.98,34908,5341.48,38780,5934.26,12192,1865.1,16778,2562.57,690,106.19,1243,190.44,3995,616.95
300638.SZ,20240122,59417,9350.95,61620,9702.13,39898,6269.59,32915,5162.64,13504,2108.13,17378,2721.98,1071,163.63,1977,305.54,-16904,-2643.34
300638.SZ,20240119,38214,6222.69,40206,6547.52,21060,3430.42,18865,3073.36,8352,1362.43,8498,1385.09,0,0.0,58,9.57,-5449,-885.16
300638.SZ,20240118,54912,8822.38,55308,8895.63,35779,5760.03,36194,5822.67,14062,2268.37,12556,2017.23,800,128.0,1496,243.26,-4122,-643.89
300638.SZ,20240117,41223,6810.2,40669,6724.22,24298,4017.81,22495,3709.27,11911,1959.99,15076,2488.28,1608,266.59,800,132.82,-15375,-2529.29
300638.SZ,20240116,75300,12544.58,79405,13238.23,50788,8457.03,38065,6351.23,34169,5669.41,29056,4811.22,8610,1428.84,22340,3699.17,-29201,-4840.54
300638.SZ,20240115,81104,13838.25,94734,16152.4,55429,9442.96,47417,8083.57,36258,6162.55,27677,4698.84,6269,1066.87,9232,1575.82,-859,-112.33
300638.SZ,20240112,31932,5366.98,34590,5818.24,25524,4290.73,20835,3502.3,9097,1530.28,10865,1823.47,2409,402.27,2672,446.25,-13674,-2292.16
300638.SZ,20240111,32867,5542.78,43656,7368.32,24539,4145.47,22156,3746.62,12272,2077.45,9455,1599.84,5588,949.07,0,0.0,-4844,-815.11
300638.SZ,20240110,44575,7429.51,39183,6536.78,21717,3619.62,24820,4136.86,6494,1082.49,9867,1644.06,4271,719.47,3187,533.4,-4588,-759.81
300638.SZ,20240109,57808,9759.51,48308,8165.03,33806,5710.84,34962,5913.28,15539,2615.55,19618,3297.31,796,135.0,5060,845.29,-23845,-4002.42
300638.SZ,20240108,47181,8077.58,38693,6624.51,23421,4009.83,27939,4781.92,9607,1643.41,12575,2152.27,0,0.0,1003,172.12,-7137,-1220.17
300638.SZ,20240105,60152,10646.6,41001,7279.71,30136,5330.86,22054,3913.41,14386,2542.04,15245,2692.39,12439,2200.28,38813,6834.27,8475,1475.94
300638.SZ,20240104,42783,7728.54,38303,6919.25,18073,3264.15,22366,4039.15,7784,1405.49,8084,1460.23,113,20.46,0,0.0,-9777,-1760.02
300638.SZ,20240103,53746,9766.54,41842,7619.49,34941,6347.97,41944,7599.32,13974,2540.38,16936,3086.49,0,0.0,1939,349.59,-17123,-3122.99
300638.SZ,20240102,48923,9184.64,49035,9205.1,26540,4980.98,24297,4561.42,12004,2252.07,13647,2560.23,566,106.81,1054,197.76,-2708,-500.44
300638.SZ,20251231,156622,45558.57,218676,63846.41,248844,72555.36,232205,67724.24,196012,57126.1,187439,54623.55,117695,34457.92,80853,23503.76,45798,13553.59
300638.SZ,20251230,88923,25003.74,112740,31771.05,118748,33425.93,118430,33348.28,102104,28771.39,89488,25188.76,39326,11109.0,28442,8001.96,23515,6683.89
300638.SZ,20251229,92629,25835.3,60773,16963.07,86861,24231.22,79056,22059.31,60399,16854.34,76525,21356.54,14964,4178.62,38499,10720.56,-46619,-12981.63
300638.SZ,20251226,119768,33614.85,139935,39425.12,148870,41883.71,134435,37810.39,116927,32943.61,112799,31715.07,38296,10806.07,36693,10297.66,-4441,-1139.47
300638.SZ,20251225,93528,25895.2,104724,29076.16,105146,29135.76,106344,29466.25,88371,24501.11,85246,23610.08,33549,9343.15,24280,6722.72,-579,-83.67
300638.SZ,20251224,74781,20393.61,91126,24856.21,88200,24054.13,90762,24743.05,77391,21104.81,66584,18160.81,26189,7147.84,18088,4940.31,36076,9863.09
300638.SZ,20251223,104499,27985.5,61276,16419.5,82737,22165.19,88998,23844.52,55866,14966.12,71049,19033.16,10237,2737.96,32017,8557.59,-36024,-9627.09
300638.SZ,20251222,81111,22103.37,61240,16696.19,76830,20944.1,76625,20884.78,61385,16731.81,74379,20274.17,9281,2525.55,16363,4449.67,1302,378.13
300638.SZ,20251219,90308,24646.25,108132,29535.84,102139,27906.16,94786,25907.57,75917,20750.24,66760,18233.19,22493,6146.19,21178,5772.23,-45744,-12386.85
300638.SZ,20251218,109377,30055.9,82657,22753.6,93270,25655.7,91478,25153.84,61707,16985.7,82168,22593.43,14511,3990.04,22562,6186.48,-30992,-8529.48
300638.SZ,20251217,137555,37524.85,108140,29703.62,118638,32489.14,137351,37623.49,90203,24769.35,102123,27876.68,32969,9090.61,31751,8670.16,11200,3139.52
300638.SZ,20251216,121363,33728.49,80721,22471.26,106652,29664.35,105679,29425.91,65086,18127.61,93180,25920.41,14065,3933.92,27585,7636.78,-29060,-8098.48
300638.SZ,20251215,111078,32033.81,114942,33199.13,120099,34668.83,115724,33395.52,86172,24878.11,90862,26212.29,30087,8689.61,25907,7463.42,-28580,-8233.76
300638.SZ,20251212,142269,40826.27,145456,41744.63,141499,40556.28,144794,41546.92,104259,29899.54,107524,30819.54,29989,8612.78,20242,5783.79,15944,4586.77
300638.SZ,20251211,229427,65513.19,105652,30229.63,166115,47520.26,182888,52286.63,107418,30769.23,169434,48444.66,19570,5594.1,64556,18435.84,-87581,-25069.17
300638.SZ,20251210,209296,61008.72,126011,36820.97,194589,56756.79,201483,58806.26,137382,40116.24,175899,51281.45,32426,9473.99,70301,20447.05,-41136,-11900.93
300638.SZ,20251209,227121,68874.6,159559,48589.11,261457,79461.9,247060,75101.46,197622,60125.94,225682,68567.57,63819,19433.66,117719,35637.96,-63621,-19068.23
300638.SZ,20251208,215875,65477.81,242893,73818.34,314935,95588.86,305373,92774.04,270568,82216.99,254128,77136.51,113358,34509.66,112342,34064.44,25920,8040.95
300638.SZ,20251205,241052,71261.77,194920,57777.48,289309,85613.68,289956,85855.06,224451,66439.51,247911,73345.15,74974,22269.25,97000,28606.53,-87834,-25761.39
300638.SZ,20251204,304251,91583.94,194599,58702.88,342243,103110.65,332946,100399.92,280454,84607.85,334639,100857.11,130517,39462.98,195282,58805.5,-53666,-16265.72
300638.SZ,20251203,333836,109080.94,269419,88239.68,410223,134080.93,409831,134060.46,383159,125422.28,389683,127377.85,185224,60914.32,243509,79820.49,-73609,-23422.82
300638.SZ,20251202,455151,148157.08,291806,95633.12,612289,199486.5,499925,163461.69,521471,169822.1,565074,184369.27,308214,101590.09,540320,175591.69,129917,43187.02
300638.SZ,20251201,167359,51032.26,294976,91073.24,266835,81299.32,466539,144548.47,311053,95558.99,442252,137492.12,712103,224950.24,253583,79726.97,281142,86575.78
300638.SZ,20251128,125557,33508.07,125858,33692.52,166040,44385.21,175136,46857.7,134068,35875.67,133254,35615.08,56556,15199.53,47973,12803.17,-10203,-2556.08
300638.SZ,20251127,120116,31668.53,169651,44753.61,170889,45048.68,189158,49868.41,158115,41713.04,123120,32420.59,76844,20189.91,44035,11577.57,79256,20958.44
300638.SZ,20251126,45783,11319.65,54257,13434.36,58006,14363.13,57395,14208.91,47868,11848.34,36775,9099.69,10512,2604.53,13743,3392.69,11171,2777.78
300638.SZ,20251125,46629,11397.21,40720,9962.7,46292,11320.7,43493,10639.13,28081,6865.85,32409,7917.88,4730,1159.49,9110,2223.54,8490,2080.88
300638.SZ,20251124,44847,10590.69,31793,7528.23,47235,11144.38,43129,10204.35,38511,9093.96,36457,8606.3,10351,2451.13,29565,6941.29,24441,5768.61
300638.SZ,20251121,58998,14078.41,34307,8194.42,48236,11510.72,47902,11437.94,26885,6418.83,42510,10136.16,3677,877.55,13078,3116.99,-1393,-326.63
300638.SZ,20251120,40712,10030.66,19929,4911.97,34284,8444.44,35293,8697.59,16941,4178.52,31828,7845.84,3882,955.43,8770,2153.66,-8097,-1987.63
300638.SZ,20251119,33698,8380.82,25370,6324.81,38740,9646.67,33377,8313.76,24203,6031.41,33497,8332.15,2504,624.92,6902,1713.1,-17361,-4310.53
300638.SZ,20251118,29032,7273.02,29109,7295.84,32578,8164.99,31192,7820.6,25648,6434.98,22514,5643.08,1844,461.85,6287,1575.32,-7038,-1755.49
300638.SZ,20251117,47108,11738.8,26473,6605.31,44292,11035.31,41020,10227.75,24746,6171.97,36907,9197.39,8344,2077.77,20090,4993.39,-11584,-2872.23
300638.SZ,20251114,53388,13644.55,35864,9169.89,54112,13826.66,54958,14045.53,40318,10303.08,41019,10486.62,6183,1577.12,22159,5649.37,-58287,-14867.21
300638.SZ,20251113,43364,11280.23,54683,14244.68,66986,17438.74,64131,16702.74,52808,13761.22,42440,11044.22,9781,2544.06,11684,3032.61,22658,5893.56
300638.SZ,20251112,42062,10694.78,37289,9488.28,50628,12878.08,44573,11339.78,28072,7146.47,34057,8659.39,4770,1213.93,9613,2445.81,15426,3940.27
300638.SZ,20251111,45858,11692.14,26628,6798.26,48411,12349.5,41768,10656.26,28831,7351.6,39604,10096.65,5524,1414.25,20625,5256.32,-23569,-5996.62
300638.SZ,20251110,50610,12989.43,35983,9227.51,49335,12664.61,46200,11863.87,30106,7725.12,36708,9424.01,5393,1388.84,16552,4252.6,-2705,-675.67
300638.SZ,20251107,74775,19569.35,42778,11203.16,76711,20088.95,65875,17231.0,52464,13736.05,70696,18501.45,15419,4017.99,40019,10476.73,-53530,-14039.89
300638.SZ,20251106,28778,7687.36,29761,7963.95,40794,10905.48,42954,11485.81,34125,9120.6,37386,9989.89,12478,3345.91,6074,1619.7,5469,1483.72
300638.SZ,20251105,44339,11774.42,28194,7493.96,45029,11959.51,42003,11158.51,28286,7514.54,40492,10752.42,4203,1116.98,11168,2960.56,-15887,-4201.28
300638.SZ,20251104,52157,14157.9,47103,12781.81,63635,17281.1,51319,13934.42,49092,13321.06,49871,13537.19,8650,2345.53,25241,6852.16,-67241,-18244.83
300638.SZ,20251103,52268,14375.71,67181,18500.65,81114,22315.66,71139,19587.72,61445,16925.69,58526,16098.85,19948,5503.45,17929,4933.3,-1411,-308.05
300638.SZ,20251031,50343,13721.81,51826,14132.26,61577,16792.19,62202,16968.22,48811,13332.08,45245,12346.02,15303,4189.9,16760,4589.49,19977,5479.04
300638.SZ,20251030,56488,15226.94,52137,14075.24,62066,16738.31,65763,17743.51,46383,12517.6,48912,13186.71,17910,4838.87,16036,4316.27,-30090,-8075.23
300638.SZ,20251029,62516,16947.61,40574,11029.2,62091,16844.92,62376,16926.84,47351,12871.44,58926,15978.46,9367,2543.95,19449,5273.42,4697,1284.43
300638.SZ,20251028,63336,17438.4,40053,11050.65,67247,18533.82,66197,18247.73,56765,15666.26,64322,17721.52,8738,2404.76,25513,7023.33,-23755,-6517.95
300638.SZ,20251027,65199,18109.01,59906,16651.15,74494,20714.26,73669,20490.22,65404,18186.94,62517,17367.32,14078,3920.94,23082,6422.46,-17238,-4729.68
300638.SZ,20251024,61371,16891.26,57229,15759.9,67152,18486.02,74508,20506.54,62073,17087.37,62039,17078.4,21787,6000.49,18607,5120.29,-26834,-7365.9
300638.SZ,20251023,80858,21621.08,61041,16350.85,92137,24640.93,86528,23162.85,79540,21258.33,89285,23819.9,25571,6809.21,41252,10995.95,-6144,-1647.65
300638.SZ,20251022,141718,40137.78,113577,32220.42,147665,41859.97,141162,39883.21,111153,31504.39,113355,32182.92,28367,8040.98,60810,17256.57,-111385,-31634.04
300638.SZ,20251021,95957,28208.3,87366,25639.83,93297,27316.2,102674,30099.01,68889,20179.47,81420,23886.53,28086,8234.45,14770,4313.06,31316,9267.03
300638.SZ,20251020,53320,15192.33,48419,13813.85,62182,17754.99,57489,16411.51,47926,13693.37,46755,13346.99,10442,2990.07,21207,6058.4,-20270,-5750.98
300638.SZ,20251017,98913,28662.06,77113,22348.67,100707,29198.08,96903,28122.55,71654,20778.27,79163,22926.34,27745,8027.78,45841,13268.61,-81967,-23721.9
300638.SZ,20251016,116342,35563.87,94073,28756.9,132659,40589.67,110734,33891.87,87218,26671.17,109570,33522.17,17653,5407.08,39494,12060.84,-96779,-29416.24
300638.SZ,20251015,111502,35013.99,113163,35585.63,134333,42135.78,157739,49521.03,121880,38275.84,117861,36975.16,61869,19486.81,40822,12830.61,20200,6537.29
300638.SZ,20251014,129640,40889.64,120125,37953.35,162428,51388.25,144414,45745.77,108166,34340.03,118689,37592.56,37653,11999.87,54659,17326.11,-89307,-27690.12
300638.SZ,20251013,112585,35325.89,117455,37040.14,150144,47172.48,129685,40790.08,116166,36577.09,115011,36110.51,72937,22924.96,89680,28059.69,-5798,-1691.25
300638.SZ,20251010,155975,50353.24,134054,43306.34,181894,58743.39,151379,48883.96,138750,44841.7,145605,47010.08,49482,15989.47,95062,30727.41,-54325,-17421.33
300638.SZ,20251009,205798,69054.55,224810,75156.7,226123,75294.46,319316,106827.56,256343,85334.61,270544,90486.56,238366,80448.66,111959,37661.46,223643,75421.18
300638.SZ,20250930,66101,19906.04,67242,20300.92,84546,25490.28,80979,24437.14,67555,20410.56,66477,20045.3,27239,8249.5,30744,9273.02,934,385.73
300638.SZ,20250929,55186,16486.76,46460,13896.42,65658,19610.78,70316,21019.58,45754,13669.95,46436,13855.9,10861,3243.07,14247,4238.65,-4942,-1431.95
300638.SZ,20250926,87391,26706.6,59677,18258.12,94629,28961.36,88414,27054.99,69931,21375.75,85807,26240.62,21809,6656.31,39862,12146.31,-83106,-25392.58
300638.SZ,20250925,88511,27897.29,83390,26301.73,112621,35495.62,117762,37126.5,102445,32300.05,99697,31415.57,30635,9668.56,33363,10517.72,21406,6784.47
300638.SZ,20250924,77053,23516.13,59007,18020.09,84512,25770.48,88869,27132.48,68022,20774.4,75748,23118.15,22900,7005.49,28861,8795.77,24561,7588.96
300638.SZ,20250923,122312,37446.35,76430,23397.22,125194,38354.32,118000,36158.6,90769,27806.01,121070,37063.65,19833,6048.53,42609,13035.74,-68712,-21161.8
300638.SZ,20250922,98469,31386.23,111577,35601.36,131821,42026.89,142831,45557.23,117199,37377.0,110828,35341.78,50208,16067.18,32461,10356.92,17951,5836.98
300638.SZ,20250919,89062,27782.93,104152,32562.48,118867,37123.89,118813,37122.48,96865,30272.6,97654,30472.44,41609,13023.27,25783,8045.29,-4114,-1202.2
300638.SZ,20250918,132259,41340.07,107806,33875.98,153660,48206.41,157594,49469.1,123445,38778.64,131830,41318.11,33519,10554.17,45652,14216.09,-28211,-8743.53
300638.SZ,20250917,93591,29149.29,72710,22675.44,115225,35898.88,112329,35000.2,88820,27686.54,99702,31057.41,31914,9962.97,44809,13964.63,-1585,-425.89
300638.SZ,20250916,103758,31749.81,139013,42482.59,134794,41165.5,161564,49359.98,148561,45346.98,116782,35672.17,62079,18986.51,31833,9734.05,101789,31094.78
300638.SZ,20250915,62540,18591.36,47506,14140.69,69838,20785.63,64495,19191.48,50961,15169.63,59008,17556.92,8463,2527.7,20792,6185.23,-41049,-12174.8
300638.SZ,20250912,81547,24495.55,68112,20471.88,92829,27903.1,87944,26442.52,72205,21709.39,82813,24895.53,23147,6965.14,30859,9263.24,-35080,-10501.39
300638.SZ,20250911,102895,30710.16,92059,27565.2,118977,35544.96,115569,34540.57,100440,30061.42,104610,31254.72,27420,8240.61,37492,11196.67,12330,3839.99
300638.SZ,20250910,84331,25041.28,108239,32175.69,119849,35594.76,133099,39541.85,107738,32010.02,91418,27147.25,41720,12423.29,20883,6204.55,20450,6121.4
300638.SZ,20250909,72749,21078.59,50415,14630.2,81964,23758.66,66610,19318.24,51769,15016.11,72183,20906.41,11753,3401.66,29026,8400.17,-58073,-16837.97
300638.SZ,20250908,78801,23082.54,72660,21354.99,101376,29736.24,99112,29088.73,81773,24034.0,76915,22548.06,15120,4439.01,28381,8300.01,-14111,-4056.1
300638.SZ,20250905,70535,20458.07,70213,20405.11,85106,24666.53,89731,26048.38,70620,20526.51,67251,19515.36,24114,7028.68,23180,6710.94,12363,3641.23
300638.SZ,20250904,104124,30252.18,67708,19702.69,103733,30173.61,99686,29026.75,71405,20770.44,91284,26570.73,16612,4833.25,37195,10729.29,-30965,-9013.73
300638.SZ,20250903,88390,26548.03,60896,18341.38,98240,29563.65,95592,28754.11,72289,21774.01,87648,26360.86,15296,4584.72,30079,9014.08,-20494,-6079.48
300638.SZ,20250902,144344,44593.97,78022,24126.98,158882,49066.38,146442,45335.01,121683,37618.59,150641,46506.25,27040,8367.84,76844,23678.54,-78988,-24416.67
300638.SZ,20250901,110675,35594.31,83504,26902.64,124225,39977.32,124706,40162.87,102337,32960.3,114422,36802.44,25351,8156.56,39956,12820.54,-25245,-8016.99
300638.SZ,20250829,158550,51996.48,107784,35382.99,177507,58226.39,162553,53345.66,134531,44154.25,166994,54772.27,37449,12300.82,70706,23177.03,-98181,-32061.92
300638.SZ,20250828,196070,65446.02,180594,60529.75,267876,89609.32,244695,81841.28,243040,81385.2,242570,81062.61,86183,28899.71,125312,41906.61,-68665,-22678.68
300638.SZ,20250827,221553,75202.41,212929,72296.19,286860,97321.42,304419,103320.46,304971,103538.35,289667,98253.32,130423,44347.59,136791,46539.8,124498,42269.56
300638.SZ,20250826,130039,42112.23,151222,49101.08,176637,57248.59,188493,61119.6,165719,53752.51,169888,55073.31,93868,30529.87,56660,18349.22,-22450,-7231.79
300638.SZ,20250825,138888,44185.65,121820,38822.08,185075,58916.91,181802,57906.23,160262,51040.39,172301,54843.64,65848,21013.13,74149,23584.12,-51618,-16345.42
300638.SZ,20250822,144794,45158.05,174093,54293.66,206637,64379.85,242207,75479.12,221087,68963.99,203516,63507.25,127842,39917.42,80543,25139.28,110117,34212.62
300638.SZ,20250821,102311,30757.5,90998,27420.9,129989,39134.75,120738,36344.87,117485,35380.53,117582,35379.3,35443,10649.37,55911,16777.07,-66791,-20052.25
300638.SZ,20250820,107195,31890.43,112335,33546.59,148927,44383.79,149195,44479.7,135193,40334.63,123162,36663.14,42450,12685.76,49072,14605.19,19532,6025.02
300638.SZ,20250819,92538,27490.52,83883,24957.84,131255,39008.42,125456,37307.85,124701,37089.31,127296,37819.81,28868,8598.71,40728,12101.47,-19580,-5771.81
300638.SZ,20250818,129458,38050.56,146576,43116.84,185748,54571.33,206551,60696.25,182952,53809.65,167095,49155.37,74896,22086.27,52832,15549.36,93097,27396.34
300638.SZ,20250815,77275,21877.57,50417,14284.27,87499,24775.13,79948,22643.37,66256,18762.51,81440,23057.43,14679,4147.67,33903,9577.81,-6918,-1944.88
300638.SZ,20250814,130497,37090.36,59972,17075.81,132823,37806.29,114872,32677.92,93256,26569.11,117639,33469.21,28381,8083.35,92474,26326.18,-51362,-14638.74
300638.SZ,20250813,81419,23523.22,63629,18410.86,112339,32472.17,112511,32533.02,95456,27605.4,107721,31136.8,37435,10835.12,42789,12355.24,-626,-125.18
300638.SZ,20250812,64770,18620.0,51218,14740.94,84208,24215.62,83515,24027.01,68606,19731.78,78455,22556.84,26921,7755.63,31316,8998.24,-13568,-3861.16
300638.SZ,20250811,83277,24103.96,62521,18126.07,109012,31569.32,103428,29960.85,86493,25053.73,99831,28891.48,30445,8823.35,43447,12571.97,-16762,-4808.74
300638.SZ,20250808,110464,32171.53,83179,24274.54,129868,37858.85,130419,38017.16,92257,26923.71,113070,32948.46,34169,9969.62,40090,11683.55,-65873,-19137.86
300638.SZ,20250807,138049,40657.1,117635,34699.02,192645,56781.35,183628,54126.56,139111,41018.04,153915,45359.1,44280,13071.33,58907,17343.14,-38949,-11351.54
300638.SZ,20250806,170192,50031.99,197628,58281.37,270461,79549.97,262382,77264.35,247630,72881.48,250642,73660.97,114001,33638.17,91631,26894.93,12292,3849.15
300638.SZ,20250805,167322,47547.63,212686,60625.87,247791,70502.54,260300,74094.69,241794,68884.77,212245,60437.34,114170,32639.7,85848,24416.73,117231,33581.97
300638.SZ,20250804,95466,26129.56,104473,28641.17,124586,34114.36,142129,38928.48,102889,28195.67,100228,27437.48,42377,11639.32,18488,5071.77,14958,4170.52
300638.SZ,20250801,123185,33571.75,146187,39881.84,175052,47736.26,194071,52928.46,156029,42627.98,134122,36604.77,71077,19396.18,50963,13917.09,41590,11688.82
300638.SZ,20250731,94767,25411.38,89253,23965.05,115156,30924.82,118028,31731.13,104359,28031.59,99652,26754.06,22832,6152.92,30181,8070.47,-23697,-6173.48
300638.SZ,20250730,107891,28884.77,71341,19087.2,120943,32390.8,97985,26264.43,79247,21236.26,103454,27687.13,26896,7206.8,62197,16679.86,-63575,-16995.16
300638.SZ,20250729,85337,23279.69,77977,21286.97,103513,28252.94,101355,27669.28,75623,20645.36,85384,23300.18,23724,6482.67,23482,6404.23,-23182,-6272.3
300638.SZ,20250728,120815,32695.77,136935,37206.78,170022,46117.6,194947,52913.45,160898,43660.06,145161,39339.67,75094,20454.13,49786,13467.66,84127,23131.31
300638.SZ,20250725,44122,11588.37,42712,11234.94,62889,16527.9,60056,15791.7,50690,13324.02,51164,13436.03,10489,2759.39,14258,3737.01,6412,1733.9
300638.SZ,20250724,47148,12342.28,28200,7385.23,54632,14303.04,49573,12979.88,42984,11255.63,51649,13520.66,4361,1141.38,19705,5156.57,-11881,-3100.24
300638.SZ,20250723,67263,17646.92,40576,10656.14,71163,18679.04,67367,17687.56,57873,15189.12,70908,18605.8,18351,4821.47,35799,9387.05,-51884,-13590.7
300638.SZ,20250722,67480,18005.19,38144,10181.75,79987,21354.83,73333,19578.21,63395,16917.63,75674,20202.26,12734,3401.82,36445,9717.25,-58946,-15705.85
300638.SZ,20250721,49010,13178.68,60086,16177.82,84225,22658.08,92254,24825.07,78597,21159.54,66337,17842.76,31692,8545.4,24847,6696.04,30447,8226.67
300638.SZ,20250718,69259,18400.54,51390,13665.28,83851,22308.07,68253,18161.2,56073,14925.71,71169,18937.57,7019,1867.15,25390,6737.43,-47955,-12716.86
300638.SZ,20250717,59834,15950.1,55763,14878.43,83898,22365.54,81697,21790.81,64926,17330.66,65136,17362.6,14215,3793.66,20277,5408.12,14385,3869.67
300638.SZ,20250716,75250,20092.23,72037,19263.56,99197,26519.02,87386,23364.67,71391,19105.49,76800,20521.76,17508,4681.75,27124,7248.49,-28860,-7648.41
300638.SZ,20250715,61185,16174.54,96082,25422.34,94518,24999.36,93209,24665.24,80755,21371.67,70114,18544.5,33773,8955.28,10827,2868.76,28313,7547.26
300638.SZ,20250714,37425,9749.6,30171,7865.09,46692,12167.9,39049,10179.87,31630,8243.21,31369,8171.82,5959,1553.91,21117,5497.84,-18371,-4772.09
300638.SZ,20250711,45411,11867.76,45701,11955.5,58344,15248.39,59793,15635.6,53663,14034.62,48218,12597.98,13623,3562.24,17329,4523.93,7348,1956.3
300638.SZ,20250710,40922,10658.15,34472,8990.33,48730,12700.34,48681,12688.97,41013,10688.66,41775,10881.39,5545,1447.81,11282,2934.25,-25729,-6689.49
300638.SZ,20250709,70980,18719.36,49842,13149.28,77313,20400.88,63791,16834.91,51555,13599.79,69582,18349.95,14213,3749.62,30846,8135.53,-67632,-17823.92
300638.SZ,20250708,58319,15490.18,78521,20837.47,85017,22570.68,85622,22731.81,68116,18082.06,59657,15842.97,23597,6270.63,11249,3001.3,49986,13292.42
300638.SZ,20250707,48935,12668.33,34455,8924.56,49588,12837.22,50941,13189.64,31958,8272.25,39035,10106.16,6564,1699.01,12614,3256.45,-21797,-5630.6
300638.SZ,20250704,67079,17665.79,63927,16877.87,75605,19943.15,70544,18608.12,62216,16414.65,68844,18141.68,19832,5238.51,21417,5634.44,-27981,-7328.49
300638.SZ,20250703,56773,15254.87,52601,14153.85,78365,21070.82,79938,21497.74,59694,16050.99,50746,13638.86,11189,2999.5,22737,6085.74,-29640,-7936.11
300638.SZ,20250702,100494,27121.53,57032,15402.78,102602,27698.93,92801,25066.26,63177,17046.49,91398,24649.29,9375,2532.95,34417,9281.56,-74745,-20193.08
300638.SZ,20250701,111328,31243.34,92506,25977.89,139001,39036.15,123487,34672.71,101727,28571.36,102922,28897.04,26438,7437.62,59579,16740.82,-36515,-10199.54
300638.SZ,20250630,140388,39517.98,184590,52037.36,201341,56618.27,210941,59396.33,181312,51083.3,167804,47269.32,93902,26594.41,53607,15110.94,41359,11898.17
300638.SZ,20250627,117438,31808.75,149576,40518.19,158509,42908.18,154832,41915.75,126595,34269.23,110707,29951.67,52511,14195.99,39937,10796.54,35150,9609.07
300638.SZ,20250626,79488,21109.8,68294,18163.25,86681,23041.02,85900,22838.5,63454,16878.92,66025,17543.34,14761,3923.09,24165,6407.74,-27510,-7251.13
300638.SZ,20250625,90407,23991.63,76266,20260.97,96910,25722.8,99590,26443.59,72464,19257.05,86136,22870.22,26535,7061.7,24324,6458.4,29575,7922.85
300638.SZ,20250624,94585,24741.73,86757,22690.9,94989,24829.31,113111,29572.25,79181,20697.63,79349,20753.76,30226,7916.24,19764,5168.0,58391,15282.91
300638.SZ,20250623,52286,13114.13,42178,10585.21,47986,12031.46,53057,13314.2,36780,9227.71,39139,9811.15,4173,1052.48,6850,1715.23,15209,3844.3
300638.SZ,20250620,73690,18708.01,57283,14571.8,72233,18363.78,75895,19301.78,60592,15417.68,62005,15759.01,7966,2018.15,19298,4875.04,-40577,-10192.85
300638.SZ,20250619,71212,18463.38,80655,20960.04,92654,24093.03,88640,23060.94,74651,19450.02,69533,18080.89,15234,3976.39,14923,3880.96,-11702,-2908.07
300638.SZ,20250618,65203,16767.35,45684,11763.62,63551,16344.22,67255,17306.4,41698,10729.46,44707,11504.38,12873,3335.46,25678,6602.08,-89,47.07
300638.SZ,20250617,59365,15280.77,72580,18744.98,76541,19726.09,75071,19382.75,61490,15867.46,53381,13765.89,31164,8050.27,27528,7030.97,3965,1110.55
300638.SZ,20250616,56410,14479.74,55054,14158.26,57986,14902.58,67302,17301.16,42556,10939.72,38311,9841.1,17683,4554.95,13968,3576.47,17913,4623.44
300638.SZ,20250613,82978,21098.72,48644,12364.75,78856,20058.56,74127,18851.6,49498,12563.97,63760,16200.46,11319,2865.81,36121,9170.26,-57272,-14595.32
300638.SZ,20250612,61751,16230.27,50593,13329.42,72079,18962.3,68488,18028.93,50530,13306.48,61398,16143.54,13145,3469.07,17026,4466.23,-13021,-3362.89
300638.SZ,20250611,64108,16962.3,67228,17817.65,78535,20804.51,79223,20999.25,66950,17747.63,58751,15553.55,19011,5052.28,23402,6196.27,208,131.78
300638.SZ,20250610,119614,31475.93,99266,26098.61,131918,34749.8,99319,26145.58,83052,21837.2,105783,27858.82,24836,6555.73,55052,14515.65,-94544,-24885.64
300638.SZ,20250609,103000,28123.95,130088,35601.12,144013,39344.01,156047,42666.25,129528,35468.57,112133,30658.63,54899,15026.2,33172,9036.74,35531,9799.33
300638.SZ,20250606,61509,16118.09,67117,17630.77,72990,19143.83,72956,19148.55,63183,16590.74,58008,15201.23,14288,3761.36,13890,3633.48,-2648,-603.74
300638.SZ,20250605,76134,19813.85,77320,20183.46,93808,24451.93,89613,23358.23,70550,18402.98,66942,17438.8,28162,7378.09,34779,9066.34,43967,11545.03
300638.SZ,20250604,45799,11786.86,48321,12453.06,61412,15814.1,63305,16303.9,42143,10860.11,39925,10280.05,9046,2338.83,6850,1762.89,-15416,-3937.89
300638.SZ,20250603,64051,16560.59,48782,12617.33,59895,15495.56,63237,16361.75,41275,10686.95,49284,12745.88,11240,2896.35,15158,3914.48,-19301,-4957.5
300638.SZ,20250530,92316,24151.39,98007,25609.16,100861,26402.21,89497,23441.22,70543,18475.12,70859,18561.84,21336,5578.83,26693,6995.33,-78667,-20454.28
300638.SZ,20250529,76712,20335.18,124149,32979.96,108935,28913.36,111151,29522.12,97280,25867.44,66772,17732.26,35270,9413.7,16124,4295.33,35342,9477.96
300638.SZ,20250528,57829,14946.98,35935,9298.62,46338,11984.51,50734,13112.17,27257,7044.53,34512,8925.5,4052,1043.7,14295,3683.43,-13641,-3499.5
300638.SZ,20250527,61949,16161.26,47288,12345.61,58772,15337.44,52984,13827.1,35631,9294.47,40104,10464.84,4761,1247.91,20737,5403.53,-30371,-7931.92
300638.SZ,20250526,61553,16226.36,56829,15021.69,63241,16677.64,70292,18541.42,43876,11581.66,46659,12299.69,21456,5668.59,16346,4291.46,25717,6834.83
300638.SZ,20250523,93817,24958.54,63510,16924.34,76623,20394.39,83591,22240.44,52921,14068.81,65181,17317.72,11143,2961.84,22221,5901.08,-47328,-12604.83
300638.SZ,20250522,80618,21886.47,107594,29315.08,114529,31164.39,96375,26224.67,78186,21322.33,64968,17652.07,27237,7405.49,31632,8586.86,9378,2646.89
300638.SZ,20250521,73245,19719.7,51247,13811.69,62352,16796.95,61271,16495.43,44125,11883.05,52974,14254.73,10243,2754.5,24474,6592.35,-22509,-6053.14
300638.SZ,20250520,56467,15453.46,53367,14626.58,60856,16667.11,57978,15876.45,44867,12304.38,46543,12746.51,11027,3020.06,15329,4195.47,-9926,-2702.27
300638.SZ,20250519,91952,25068.01,65809,17970.38,83084,22653.21,83419,22763.6,57884,15794.97,71818,19576.48,19405,5297.22,31279,8502.94,-16893,-4609.05
300638.SZ,20250516,79665,22313.19,66172,18568.83,80497,22573.87,80204,22490.42,70284,19726.57,72575,20362.84,22062,6193.42,33557,9384.95,11453,3268.17
300638.SZ,20250515,113558,31743.45,62516,17483.55,106558,29789.52,108694,30390.52,79092,22117.82,98277,27484.62,24286,6791.0,54007,15083.1,-41137,-11529.76
300638.SZ,20250514,132387,38522.14,101623,29650.82,144599,42145.93,132724,38725.91,127379,37133.72,134328,39102.29,46265,13481.37,81955,23804.13,-26365,-7593.0
300638.SZ,20250513,119769,35509.79,177063,52585.19,188328,55860.26,167262,49637.02,175641,52141.01,145923,43299.59,66918,19871.79,60408,17861.06,-44459,-13116.46
300638.SZ,20250512,126838,36489.78,127199,36700.9,145214,41818.6,162334,46796.43,148778,42904.25,128752,37068.93,62880,18141.0,65424,18787.37,54302,15744.01
300638.SZ,20250509,159756,45401.81,129896,36936.97,171846,48872.94,142958,40656.7,131766,37468.94,127615,36317.41,35161,10035.03,98060,27867.64,-100346,-28451.2
300638.SZ,20250508,220019,65493.69,235278,70125.43,233668,69496.18,258116,76785.35,222156,66036.39,212972,63260.9,121879,36273.6,91356,27128.19,26739,7925.28
300638.SZ,20250507,165160,46754.35,164866,46718.54,179882,51012.1,175713,49868.96,163900,46549.04,146854,41643.24,64786,18386.94,86295,24471.69,-30902,-8713.47
300638.SZ,20250506,187147,52183.31,251221,70173.13,220222,61334.97,273435,76111.05,247726,68965.65,217273,60368.9,161093,44671.25,74258,20502.1,60087,16694.64
300638.SZ,20250430,111827,27784.78,122853,30698.8,142670,35520.56,143654,35778.49,119417,29827.22,125169,31096.77,51971,12990.68,34209,8549.18,55662,14038.68
300638.SZ,20250429,83721,20689.17,76757,18975.5,78261,19344.07,80906,19996.48,49778,12307.99,55011,13587.73,9056,2229.63,8141,2011.15,22,29.81
300638.SZ,20250428,87330,21501.97,66725,16430.66,73174,18023.88,72773,17930.83,40542,9990.6,59788,14728.77,8634,2130.46,10394,2556.65,-39714,-9764.79
300638.SZ,20250425,88498,22120.79,113399,28406.56,112436,28151.41,115070,28806.45,93362,23440.08,74125,18593.12,27045,6817.68,18747,4723.84,19246,4879.76
300638.SZ,20250424,95850,23658.45,82911,20468.5,81874,20229.93,85600,21152.85,52625,13012.89,55616,13758.15,7316,1818.17,13538,3339.95,-42336,-10443.17
300638.SZ,20250423,127635,32029.79,149287,37519.79,148965,37412.55,138758,34851.07,108261,27200.74,106814,26820.86,36360,9155.72,26362,6607.09,54485,13685.09
300638.SZ,20250422,115651,28365.86,100069,24555.87,96434,23680.04,96993,23819.41,59666,14639.22,73152,17951.02,21295,5238.22,22832,5597.05,-29168,-7136.84
300638.SZ,20250421,160708,39214.13,148793,36432.67,155818,38032.33,140841,34393.35,106157,25975.71,124768,30397.67,27979,6829.51,36260,8827.99,11511,3017.88
300638.SZ,20250418,64148,16252.61,67901,17214.57,63292,16039.91,67333,17069.25,48667,12342.02,46471,11776.04,17151,4348.13,11553,2922.8,-2814,-688.57
300638.SZ,20250417,78210,19886.23,70718,17988.93,65229,16588.08,70694,17987.31,43950,11180.26,43293,11004.97,12587,3201.61,15271,3874.97,-6050,-1515.6
300638.SZ,20250416,115568,29279.52,82466,20880.14,84072,21323.54,86671,21978.81,54224,13733.87,71906,18215.76,13358,3375.89,26179,6638.11,-9753,-2509.08
300638.SZ,20250415,89909,23435.01,82154,21427.9,89788,23418.3,92413,24108.22,56598,14764.5,58913,15354.79,14629,3811.12,17444,4538.02,-15339,-3956.55
300638.SZ,20250414,120077,31769.3,119409,31630.86,129498,34279.21,126097,33399.34,100434,26600.66,96827,25647.73,39939,10611.8,47616,12583.04,-26090,-6867.1
300638.SZ,20250411,119042,30524.62,104464,26825.67,114474,29386.71,124241,31881.25,85338,21910.26,99074,25398.14,43322,11146.56,34397,8863.09,7248,1918.67
300638.SZ,20250410,165448,42828.42,172866,44822.8,183127,47521.08,184287,47813.81,164502,42664.68,154495,40046.63,92941,24141.65,94370,24472.58,5397,1542.13
300638.SZ,20250409,169201,39152.58,149747,35002.39,158263,36744.92,168059,39029.75,136811,31979.1,126931,29432.26,59028,13728.48,78566,18140.68,53881,12341.7
300638.SZ,20250408,201718,47616.78,138603,32793.65,159192,37647.77,171852,40644.62,101657,24092.44,130784,30894.02,42653,10110.38,63981,15135.07,16647,3950.98
300638.SZ,20250407,211600,51927.17,90978,22430.68,183615,45269.78,153505,37826.93,126293,31173.8,149827,36870.23,79338,19816.32,206536,51059.23,41659,10197.36
300638.SZ,20250403,189764,56815.97,88034,26398.76,202838,60820.67,180802,54230.78,156804,46997.41,196226,58763.5,53526,15846.15,137870,41087.17,-69778,-21372.02
300638.SZ,20250402,83665,26718.08,96714,30951.84,116601,37299.1,126569,40507.5,102583,32876.81,98408,31489.06,40329,12938.84,21488,6884.44,-6030,-1705.47
300638.SZ,20250401,94072,29846.99,81113,25758.71,114779,36433.32,102750,32614.08,85724,27201.88,91430,29031.0,20829,6617.85,40111,12696.24,-65172,-20645.82
300638.SZ,20250331,101125,32041.87,117104,37238.35,136646,43375.83,141572,44956.84,134418,42703.38,126480,40140.21,50100,15975.87,37133,11761.55,53263,17070.81
300638.SZ,20250328,67391,21282.12,73096,23125.94,85818,27136.28,83681,26479.54,70980,22476.4,63041,19946.2,15479,4912.74,19849,6255.85,-23380,-7257.09
300638.SZ,20250327,74800,23538.01,73417,23145.64,91922,28944.06,96106,30291.22,82174,25895.51,79995,25178.1,24488,7739.8,23866,7502.42,4704,1552.22
300638.SZ,20250326,78715,24722.44,61811,19433.76,79637,25024.79,87081,27380.15,62129,19535.61,74028,23263.98,23760,7482.94,21320,6687.88,4393,1433.44
300638.SZ,20250325,122718,38402.58,62272,19491.92,116754,36551.38,115745,36253.1,80526,25206.17,128071,40076.32,29763,9297.54,43674,13636.33,-19419,-6091.59
300638.SZ,20250324,128214,41314.06,76524,24782.17,146932,47460.05,154633,49973.88,103034,33359.02,135887,43891.49,47314,15337.23,58450,18822.82,-13911,-4448.96
300638.SZ,20250321,180437,60483.31,100433,33667.46,191119,64151.75,172834,57961.38,135225,45323.06,175832,58977.3,42119,14104.51,99802,33456.5,-114924,-38457.03
300638.SZ,20250320,148369,53180.74,173555,62330.62,223188,80030.49,227523,81683.75,200347,71962.85,189897,68127.06,90958,32702.29,71886,25734.93,21499,7944.36
300638.SZ,20250319,118110,41617.86,108454,38355.85,153560,54213.32,149966,52993.61,133811,47310.95,129611,45739.29,50432,17905.75,67882,23959.13,-33983,-11781.26
300638.SZ,20250318,113107,39530.02,167790,58789.61,175291,61305.07,187004,65391.03,162633,56926.68,148051,51815.01,105632,37049.97,53818,18816.08,24881,8904.77
300638.SZ,20250317,81289,27480.3,84825,28705.77,112243,37964.91,95427,32287.32,89984,30446.51,89031,30102.36,27381,9279.44,41615,14075.73,11549,3974.29
300638.SZ,20250314,117281,39306.34,111089,37283.14,124976,41869.44,132921,44560.15,110306,36992.05,116637,39059.24,56942,19078.68,48857,16343.97,70423,23683.45
300638.SZ,20250313,193803,64333.03,92517,30762.69,181015,60146.96,168841,56103.36,130428,43333.42,180817,60081.46,59917,19884.13,122987,40750.03,-90204,-30189.19
300638.SZ,20250312,111450,39024.05,124514,43695.14,138978,48702.76,147331,51656.07,124339,43594.4,123699,43334.3,67091,23540.47,46314,16176.18,39349,13852.75
300638.SZ,20250311,151923,52114.17,77040,26471.89,145814,50068.64,139158,47794.56,109926,37725.03,151501,51977.28,49661,17094.82,89623,30758.93,-38197,-13136.77
300638.SZ,20250310,111023,39390.25,105121,37506.44,140570,49962.79,131944,46928.98,139090,49521.26,140541,49953.67,56396,20108.78,69473,24594.01,12285,4544.15
300638.SZ,20250307,187859,68022.7,105723,38335.71,195199,70694.18,184231,66788.72,150545,54535.61,193763,70196.57,67589,24487.02,117474,42418.49,-100798,-36463.07
300638.SZ,20250306,177981,65806.88,233071,86286.54,283533,104801.43,305314,113022.28,301020,111424.52,266147,98495.56,169610,62905.05,127613,47133.51,31291,11747.5
300638.SZ,20250305,152168,52499.88,164288,56956.37,219117,75735.38,213739,73903.56,204508,70847.1,212202,73368.6,103315,35818.04,88880,30671.87,28272,10072.55
300638.SZ,20250304,129017,43954.42,172769,58945.08,195072,66489.22,182056,62078.55,177776,60609.8,155137,52875.44,81672,27892.24,73575,25046.61,19615,6749.38
300638.SZ,20250303,148465,49403.54,162484,54193.32,183892,61316.86,183592,61189.54,179511,59917.03,161878,53997.14,77859,25966.79,81772,27224.23,-9626,-3056.62
300638.SZ,20250228,175684,59197.09,101527,34277.62,157613,53167.84,159188,53713.72,133356,45024.25,159055,53652.1,76321,25777.51,123204,41523.25,-22165,-7449.29
300638.SZ,20250227,279775,98023.82,144494,50620.03,308622,108065.93,240996,84430.44,227494,79739.14,274220,96057.14,106315,37253.55,262496,91974.84,-45298,-16275.47
300638.SZ,20250226,175780,64570.88,135863,50078.1,226752,83397.46,204540,75289.78,214962,79138.87,219423,80673.66,79179,29167.96,136848,50233.64,-90115,-32885.63
300638.SZ,20250225,218961,81465.86,206684,77217.23,278690,103870.84,270940,100897.67,280179,104594.01,273659,102004.69,182368,68528.77,208916,78339.9,34556,13480.08
300638.SZ,20250224,286926,107890.26,210321,79678.03,339272,128179.13,359248,135813.59,328151,123942.2,336496,127225.57,229803,87341.61,278086,104636.02,-141617,-53251.21
300638.SZ,20250221,355604,145471.53,233392,96917.02,497599,205392.63,437995,181133.41,461005,190787.88,530990,218742.61,287797,118488.92,399629,163347.92,-98567,-40070.0
300638.SZ,20250220,245487,99767.36,215812,88230.35,404284,164945.12,375362,153403.78,409263,167173.68,450272,183658.9,267999,109597.76,285587,116190.88,-5168,-1063.67
300638.SZ,20250219,245056,91948.96,294733,111654.23,378055,142262.78,410899,155347.84,388656,147045.11,382810,144756.1,338071,129403.12,261397,98901.79,103711,40670.96
300638.SZ,20250218,225758,81493.35,177560,64436.23,261385,94620.1,255126,92471.29,234230,84887.42,256095,92703.66,160355,58263.67,192947,69653.36,12092,4873.94
300638.SZ,20250217,197870,71241.86,230088,83394.08,283099,102159.96,296235,106958.09,289949,104823.27,273037,98338.21,230109,83173.91,201667,72708.61,26329,9667.78
300638.SZ,20250214,261371,96252.41,194392,72137.18,300368,111106.59,307099,113752.01,297402,110115.8,340999,125751.92,175076,65200.12,191725,71033.8,-35653,-12513.44
300638.SZ,20250213,293411,108633.65,202242,75093.44,337826,125272.44,345832,128292.97,285874,105953.66,329464,122191.28,213936,79557.95,253509,93840.0,-101049,-37422.91
300638.SZ,20250212,247244,95812.0,269034,104123.18,351509,136214.65,394726,152695.33,353094,136975.12,364516,141150.48,314688,121222.99,238259,92255.77,9177,4006.22
300638.SZ,20250211,315685,120034.55,316019,120723.23,418488,159257.28,417292,158803.79,399198,152233.3,405195,154059.8,305805,116533.51,300669,114471.82,23491,9570.83
300638.SZ,20250210,288920,103057.62,247565,88492.96,343013,122486.02,352786,126059.03,314751,112425.44,315254,112706.37,175503,63021.22,206583,73731.94,-68072,-23663.39
300638.SZ,20250207,344682,124818.46,301153,109408.05,411638,149253.54,400977,145364.72,408050,147995.99,445411,161285.16,276569,100297.62,293398,106307.67,-50253,-17890.16
300638.SZ,20250206,289427,98010.14,311022,105139.8,413186,139382.22,454763,153864.01,453623,153702.74,480626,163629.59,474578,163455.03,384402,131916.73,66682,19583.89
300638.SZ,20250205,258397,79936.38,226895,70506.69,354834,110006.88,349453,108434.38,404141,125396.52,406206,125908.34,246178,76644.71,280996,87135.07,4363,1816.39
300638.SZ,20250127,256608,78696.55,232848,71652.23,368599,113106.3,361592,110977.76,406920,125022.36,417498,128231.97,227000,69857.34,247188,75820.58,15791,5179.17
300638.SZ,20250124,276855,79708.64,316684,91510.51,419195,120836.13,436362,125913.76,482231,139452.08,476474,137624.13,299208,86854.13,247969,71802.57,72667,21058.5
300638.SZ,20250123,270054,75557.69,336337,94385.42,407705,114232.27,370912,103967.53,445362,125025.76,382955,107566.22,248601,70281.7,281518,79178.25,34883,10724.5
300638.SZ,20250122,365498,100722.19,261464,72156.75,426597,117474.5,379234,104534.06,423614,116687.23,434962,119712.21,301026,82934.11,441076,121415.01,75652,21204.96
300638.SZ,20250121,117191,32948.58,155516,43967.44,200944,56476.23,293025,82823.63,316722,89496.7,425481,120280.32,697592,198421.37,458428,130271.5,-378427,-109021.64
300638.SZ,20250120,199682,44974.73,258056,57434.2,294718,66045.46,345488,77597.42,361274,80856.15,336459,75926.27,205133,46356.45,120803,27274.9,177078,41419.29
300638.SZ,20250117,120005,24123.98,134777,27165.68,167468,33764.41,148069,29873.36,119588,24175.6,131487,26545.59,33230,6742.19,25958,5221.55,39792,8152.65
300638.SZ,20250116,112387,22497.95,111728,22380.01,148554,29824.93,133849,26873.93,118961,23894.74,134034,26924.74,34508,6950.39,34798,6989.32,-48094,-9536.91
300638.SZ,20250115,147821,30089.94,175069,35701.49,205864,41902.99,201163,40928.84,181278,36925.92,173885,35455.54,61938,12667.61,46784,9500.58,7259,1534.49
300638.SZ,20250114,106200,20431.73,127184,24439.78,129018,24798.08,125387,24140.17,102593,19771.32,87421,16858.42,17322,3337.31,15141,2900.07,36816,7111.58
300638.SZ,20250113,95096,17687.4,98146,18283.49,93523,17405.47,92304,17179.62,56348,10472.61,54109,10039.85,12495,2325.63,12904,2388.15,5211,988.55
300638.SZ,20250110,112562,21829.49,93545,18168.56,111548,21648.23,109002,21156.62,86912,16885.16,93629,18183.28,18250,3550.75,33096,6405.17,-44075,-8473.39
300638.SZ,20250109,148244,29402.94,173496,34455.56,173809,34469.05,179845,35724.75,150002,29797.4,149339,29661.75,67786,13531.66,37161,7358.97,-19381,-3907.7
300638.SZ,20250108,134781,25054.1,144301,26907.04,159963,29799.94,141995,26445.43,109422,20414.66,113388,21118.74,22993,4306.07,27474,5103.57,-22588,-4110.8
300638.SZ,20250107,115841,21223.48,114891,21083.33,123923,22689.72,129833,23815.68,111896,20528.02,105276,19248.37,20229,3695.91,21889,3989.75,10882,2031.06
300638.SZ,20250106,110146,19967.77,108421,19685.37,110799,20116.0,97816,17763.27,82347,14969.92,88340,16015.49,16537,3005.04,25253,4594.6,-34102,-6122.79
300638.SZ,20250103,131384,24623.91,99488,18746.71,106948,20101.2,109461,20561.32,68918,12945.41,90707,16963.81,17285,3222.27,24879,4620.94,-19677,-3665.65
300638.SZ,20250102,143673,28056.23,94186,18439.7,132871,25964.14,113364,22151.41,84224,16484.15,126744,24762.36,22752,4470.71,49227,9621.76,-12999,-2488.03
