LOCAL_COMPANY_NAME,LOCAL_SYMBOL,代码,名称,公告标题,公告类型,公告日期,网址
日海智能,002313,002313,日海智能,日海智能:关于新增累计诉讼、仲裁案件情况的公告,诉讼仲裁,2026-05-19,https://data.eastmoney.com/notices/detail/002313/AN202605181822401215.html
日海智能,002313,002313,日海智能,日海智能:2025年度股东会决议公告,分配方案决议公告,2026-05-14,https://data.eastmoney.com/notices/detail/002313/AN202605131822277630.html
日海智能,002313,002313,日海智能,日海智能:上海市锦天城(深圳)律师事务所关于公司2025年度股东会法律意见书,法律意见书,2026-05-14,https://data.eastmoney.com/notices/detail/002313/AN202605131822277623.html
日海智能,002313,002313,日海智能,日海智能:关于新增累计诉讼、仲裁案件情况的公告,诉讼仲裁,2026-05-12,https://data.eastmoney.com/notices/detail/002313/AN202605111822158739.html
日海智能,002313,002313,日海智能,日海智能:2026年4月29日投资者关系活动记录表（2025年度网上业绩说明会）,调研活动,2026-04-29,https://data.eastmoney.com/notices/detail/002313/AN202604291821751491.html
日海智能,002313,002313,日海智能,日海智能:2026年一季度报告,一季度报告全文,2026-04-28,https://data.eastmoney.com/notices/detail/002313/AN202604271821619500.html
日海智能,002313,002313,日海智能,日海智能:第六届董事会第三十一次会议决议公告,董事会决议公告,2026-04-28,https://data.eastmoney.com/notices/detail/002313/AN202604271821619491.html
日海智能,002313,002313,日海智能,日海智能:商誉减值测试报告,其他,2026-04-23,https://data.eastmoney.com/notices/detail/002313/AN202604221821460182.html
日海智能,002313,002313,日海智能,日海智能:中信证券股份有限公司关于公司2025年年度募集资金存放、管理与使用情况的专项核查报告,保荐/核查意见,2026-04-23,https://data.eastmoney.com/notices/detail/002313/AN202604221821460178.html
日海智能,002313,002313,日海智能,日海智能:董事会关于独立董事2025年度保持独立性情况的专项意见,专项说明/独立意见,2026-04-23,https://data.eastmoney.com/notices/detail/002313/AN202604221821460170.html
日海智能,002313,002313,日海智能,日海智能:独立董事2025年度述职报告(赵广宇),独立董事述职报告,2026-04-23,https://data.eastmoney.com/notices/detail/002313/AN202604221821460181.html
日海智能,002313,002313,日海智能,日海智能:2025年年度报告摘要,年度报告摘要,2026-04-23,https://data.eastmoney.com/notices/detail/002313/AN202604221821460171.html
日海智能,002313,002313,日海智能,日海智能:关于会计政策变更的公告,其他,2026-04-23,https://data.eastmoney.com/notices/detail/002313/AN202604221821460177.html
日海智能,002313,002313,日海智能,日海智能:第六届董事会第三十次会议决议公告,分配预案,2026-04-23,https://data.eastmoney.com/notices/detail/002313/AN202604221821460167.html
日海智能,002313,002313,日海智能,日海智能:2025年度非经营性资金占用及其他关联资金往来情况汇总表,资金占用,2026-04-23,https://data.eastmoney.com/notices/detail/002313/AN202604221821460174.html
日海智能,002313,002313,日海智能,日海智能:独立董事2025年度述职报告(刘江平),独立董事述职报告,2026-04-23,https://data.eastmoney.com/notices/detail/002313/AN202604221821460179.html
日海智能,002313,002313,日海智能,日海智能:关于计提资产减值准备的公告,其他,2026-04-23,https://data.eastmoney.com/notices/detail/002313/AN202604221821460172.html
日海智能,002313,002313,日海智能,日海智能:募集资金年度存放、管理与使用情况鉴证报告,保荐/核查意见,2026-04-23,https://data.eastmoney.com/notices/detail/002313/AN202604221821460183.html
日海智能,002313,002313,日海智能,日海智能:2025年度内部控制审计报告,审计报告,2026-04-23,https://data.eastmoney.com/notices/detail/002313/AN202604221821460110.html
日海智能,002313,002313,日海智能,日海智能:2025年度营业收入扣除情况的专项报告,保荐/核查意见,2026-04-23,https://data.eastmoney.com/notices/detail/002313/AN202604221821460121.html
日海智能,002313,002313,日海智能,日海智能:关于未弥补亏损达到实收股本总额三分之一的公告,其他,2026-04-23,https://data.eastmoney.com/notices/detail/002313/AN202604221821460111.html
日海智能,002313,002313,日海智能,日海智能:关于2026年度对外担保额度预计的公告,担保年度额度预计,2026-04-23,https://data.eastmoney.com/notices/detail/002313/AN202604221821460115.html
日海智能,002313,002313,日海智能,日海智能:关于2025年度内部控制自我评价报告,内部控制报告,2026-04-23,https://data.eastmoney.com/notices/detail/002313/AN202604221821460106.html
日海智能,002313,002313,日海智能,日海智能:关于2025年度拟不进行利润分配的公告,分配预案,2026-04-23,https://data.eastmoney.com/notices/detail/002313/AN202604221821460108.html
日海智能,002313,002313,日海智能,日海智能:关于2025年度募集资金存放、管理与使用情况的专项报告,募集资金使用情况报告,2026-04-23,https://data.eastmoney.com/notices/detail/002313/AN202604221821460117.html
日海智能,002313,002313,日海智能,日海智能:非经营性资金占用及其他关联资金往来情况的专项审计报告,保荐/核查意见,2026-04-23,https://data.eastmoney.com/notices/detail/002313/AN202604221821460105.html
日海智能,002313,002313,日海智能,日海智能:董事会审计委员会对会计师事务所2025年度履职情况评估及履行监督职责情况的报告,其他,2026-04-23,https://data.eastmoney.com/notices/detail/002313/AN202604221821460112.html
日海智能,002313,002313,日海智能,日海智能:2025年年度报告,年度报告全文,2026-04-23,https://data.eastmoney.com/notices/detail/002313/AN202604221821460119.html
日海智能,002313,002313,日海智能,日海智能:关于举行2025年度网上业绩说明会的通知,其他,2026-04-23,https://data.eastmoney.com/notices/detail/002313/AN202604221821460107.html
日海智能,002313,002313,日海智能,日海智能:关于召开2025年度股东会的通知,召开股东大会通知,2026-04-23,https://data.eastmoney.com/notices/detail/002313/AN202604221821460120.html
日海智能,002313,002313,日海智能,日海智能:2025年年度审计报告,审计报告,2026-04-23,https://data.eastmoney.com/notices/detail/002313/AN202604221821460116.html
日海智能,002313,002313,日海智能,日海智能:关于新增2026年度日常关联交易预计的公告,关联交易,2026-04-23,https://data.eastmoney.com/notices/detail/002313/AN202604221821460118.html
日海智能,002313,002313,日海智能,日海智能:关于续聘2026年度审计机构的公告,审计机构变更,2026-04-23,https://data.eastmoney.com/notices/detail/002313/AN202604221821460113.html
日海智能,002313,002313,日海智能,日海智能:独立董事2025年度述职报告(黄海明),独立董事述职报告,2026-04-23,https://data.eastmoney.com/notices/detail/002313/AN202604221821460114.html
日海智能,002313,002313,日海智能,日海智能:关于公司第二期员工持股计划存续期届满暨终止的公告,员工持股计划,2026-04-04,https://data.eastmoney.com/notices/detail/002313/AN202604031821017306.html
日海智能,002313,002313,日海智能,日海智能:关于重大诉讼的公告,诉讼仲裁,2026-03-28,https://data.eastmoney.com/notices/detail/002313/AN202603271820806290.html
日海智能,002313,002313,日海智能,日海智能:关于新增累计诉讼、仲裁案件情况的公告,诉讼仲裁,2026-03-25,https://data.eastmoney.com/notices/detail/002313/AN202603241820721645.html
日海智能,002313,002313,日海智能,日海智能:第六届董事会第二十九次会议决议公告,高管人员任职变动,2026-02-28,https://data.eastmoney.com/notices/detail/002313/AN202602271820099486.html
日海智能,002313,002313,日海智能,日海智能:关于公司副董事长代行总经理职责的公告,高管人员任职变动,2026-02-28,https://data.eastmoney.com/notices/detail/002313/AN202602271820099485.html
日海智能,002313,002313,日海智能,日海智能:关于审计机构变更项目质量控制复核人的公告,审计机构变更,2026-02-04,https://data.eastmoney.com/notices/detail/002313/AN202602031819641524.html
日海智能,002313,002313,日海智能,日海智能:2025年度业绩预告,业绩预告,2026-01-31,https://data.eastmoney.com/notices/detail/002313/AN202601301818587781.html
日海智能,002313,002313,日海智能,日海智能:2026年第一次临时股东会决议公告,股东大会决议公告,2026-01-30,https://data.eastmoney.com/notices/detail/002313/AN202601291818548871.html
日海智能,002313,002313,日海智能,日海智能:上海市锦天城(深圳)律师事务所关于公司2026年第一次临时股东会法律意见书,法律意见书,2026-01-30,https://data.eastmoney.com/notices/detail/002313/AN202601291818548866.html
日海智能,002313,002313,日海智能,日海智能:关于新增累计诉讼、仲裁案件情况的公告,诉讼仲裁,2026-01-29,https://data.eastmoney.com/notices/detail/002313/AN202601281818504958.html
日海智能,002313,002313,日海智能,日海智能:关于持股5%以上股东减持计划期限届满暨实施结果的公告,股东/实际控制人股份减持,2026-01-23,https://data.eastmoney.com/notices/detail/002313/AN202601221818280165.html
日海智能,002313,002313,日海智能,日海智能:关于新增累计诉讼、仲裁案件情况的公告,诉讼仲裁,2026-01-17,https://data.eastmoney.com/notices/detail/002313/AN202601161817789725.html
日海智能,002313,002313,日海智能,日海智能:关于2026年度使用自有闲置资金开展委托理财的公告,委托（受托）事项,2026-01-14,https://data.eastmoney.com/notices/detail/002313/AN202601131816982130.html
日海智能,002313,002313,日海智能,日海智能:关于召开2026年第一次临时股东会的通知,召开股东大会通知,2026-01-14,https://data.eastmoney.com/notices/detail/002313/AN202601131816982128.html
日海智能,002313,002313,日海智能,日海智能:第六届董事会第二十八次会议决议公告,董事会决议公告,2026-01-14,https://data.eastmoney.com/notices/detail/002313/AN202601131816982134.html
日海智能,002313,002313,日海智能,日海智能:关于2026年度日常关联交易预计的公告,关联交易,2026-01-14,https://data.eastmoney.com/notices/detail/002313/AN202601131816982126.html
日海智能,002313,002313,日海智能,日海智能:关于转让全资子公司日海设备股权事项进展暨完成工商变更登记的公告,公司关联方基本资料变更,2026-01-05,https://data.eastmoney.com/notices/detail/002313/AN202601041814692170.html
日海智能,002313,002313,日海智能,日海智能:关于持股5%以上股东股份解除质押的公告,股份质押、冻结,2025-12-30,https://data.eastmoney.com/notices/detail/002313/AN202512291810678724.html
日海智能,002313,002313,日海智能,日海智能:上海市锦天城(深圳)律师事务所关于公司2025年第五次临时股东会法律意见书,法律意见书,2025-12-30,https://data.eastmoney.com/notices/detail/002313/AN202512291810678711.html
日海智能,002313,002313,日海智能,日海智能:2025年第五次临时股东会决议公告,股东大会决议公告,2025-12-30,https://data.eastmoney.com/notices/detail/002313/AN202512291810678725.html
日海智能,002313,002313,日海智能,日海智能:第六届董事会第二十七次会议决议公告,董事会决议公告,2025-12-18,https://data.eastmoney.com/notices/detail/002313/AN202512171802470776.html
日海智能,002313,002313,日海智能,日海智能:关于获得债务豁免暨关联交易的公告,关联交易,2025-12-18,https://data.eastmoney.com/notices/detail/002313/AN202512171802470775.html
日海智能,002313,002313,日海智能,日海智能:拟收购股权所涉及的日海智能设备(珠海)有限公司股东全部权益项目资产评估报告,其他,2025-12-13,https://data.eastmoney.com/notices/detail/002313/AN202512121799084114.html
日海智能,002313,002313,日海智能,日海智能:关于转让全资子公司日海设备股权暨关联交易的公告,股权转让,2025-12-13,https://data.eastmoney.com/notices/detail/002313/AN202512121799084095.html
日海智能,002313,002313,日海智能,日海智能:关于召开2025年第五次临时股东会的通知,召开股东大会通知,2025-12-13,https://data.eastmoney.com/notices/detail/002313/AN202512121799084111.html
日海智能,002313,002313,日海智能,日海智能:第六届董事会第二十六次会议决议公告,董事会决议公告,2025-12-13,https://data.eastmoney.com/notices/detail/002313/AN202512121799084105.html
日海智能,002313,002313,日海智能,日海智能:日海智能设备(珠海)有限公司财务报表审计报告,其他,2025-12-13,https://data.eastmoney.com/notices/detail/002313/AN202512121799083693.html
日海智能,002313,002313,日海智能,日海智能:关于持股5%以上股东减持股份触及1%整数倍的公告,股东/实际控制人股份减持,2025-12-12,https://data.eastmoney.com/notices/detail/002313/AN202512111798395574.html
日海智能,002313,002313,日海智能,日海智能:上海市锦天城(深圳)律师事务所关于公司2025年第四次临时股东会法律意见书,法律意见书,2025-12-12,https://data.eastmoney.com/notices/detail/002313/AN202512111798395565.html
日海智能,002313,002313,日海智能,日海智能:2025年第四次临时股东会决议公告,股东大会决议公告,2025-12-12,https://data.eastmoney.com/notices/detail/002313/AN202512111798395556.html
日海智能,002313,002313,日海智能,日海智能:关于新增累计诉讼、仲裁案件情况的公告,诉讼仲裁,2025-12-02,https://data.eastmoney.com/notices/detail/002313/AN202512011791895005.html
日海智能,002313,002313,日海智能,日海智能:独立董事制度(2025年11月),管理办法/制度,2025-11-26,https://data.eastmoney.com/notices/detail/002313/AN202511251788138102.html
日海智能,002313,002313,日海智能,日海智能:董事会议事规则(2025年11月),议事规则/实施细则,2025-11-26,https://data.eastmoney.com/notices/detail/002313/AN202511251788138140.html
日海智能,002313,002313,日海智能,日海智能:募集资金管理制度(2025年11月),管理办法/制度,2025-11-26,https://data.eastmoney.com/notices/detail/002313/AN202511251788138137.html
日海智能,002313,002313,日海智能,日海智能:信息披露暂缓与豁免管理制度(2025年11月),管理办法/制度,2025-11-26,https://data.eastmoney.com/notices/detail/002313/AN202511251788138119.html
日海智能,002313,002313,日海智能,日海智能:董事会秘书工作制度(2025年11月),管理办法/制度,2025-11-26,https://data.eastmoney.com/notices/detail/002313/AN202511251788138144.html
日海智能,002313,002313,日海智能,日海智能:董事、高级管理人员对外发布信息行为规范(2025年11月),议事规则/实施细则,2025-11-26,https://data.eastmoney.com/notices/detail/002313/AN202511251788138109.html
日海智能,002313,002313,日海智能,日海智能:关于修订《公司章程》暨修订、制定及废止部分公司治理制度的公告,公司章程修订,2025-11-26,https://data.eastmoney.com/notices/detail/002313/AN202511251788138151.html
日海智能,002313,002313,日海智能,日海智能:公司章程(2025年11月),公司章程,2025-11-26,https://data.eastmoney.com/notices/detail/002313/AN202511251788138145.html
日海智能,002313,002313,日海智能,日海智能:投资者关系管理制度(2025年11月),管理办法/制度,2025-11-26,https://data.eastmoney.com/notices/detail/002313/AN202511251788138115.html
日海智能,002313,002313,日海智能,日海智能:信息披露管理制度(2025年11月),管理办法/制度,2025-11-26,https://data.eastmoney.com/notices/detail/002313/AN202511251788138156.html
日海智能,002313,002313,日海智能,日海智能:股东会议事规则(2025年11月),议事规则/实施细则,2025-11-26,https://data.eastmoney.com/notices/detail/002313/AN202511251788138113.html
日海智能,002313,002313,日海智能,日海智能:董事和高级管理人员离职管理制度(2025年11月),管理办法/制度,2025-11-26,https://data.eastmoney.com/notices/detail/002313/AN202511251788138458.html
日海智能,002313,002313,日海智能,日海智能:总经理工作细则(2025年11月),议事规则/实施细则,2025-11-26,https://data.eastmoney.com/notices/detail/002313/AN202511251788138135.html
日海智能,002313,002313,日海智能,日海智能:业绩预测管理制度(2025年11月),管理办法/制度,2025-11-26,https://data.eastmoney.com/notices/detail/002313/AN202511251788138143.html
日海智能,002313,002313,日海智能,日海智能:董事会专门委员会工作细则(2025年11月),议事规则/实施细则,2025-11-26,https://data.eastmoney.com/notices/detail/002313/AN202511251788138108.html
日海智能,002313,002313,日海智能,日海智能:财务会计相关负责人管理制度(2025年11月),管理办法/制度,2025-11-26,https://data.eastmoney.com/notices/detail/002313/AN202511251788138107.html
日海智能,002313,002313,日海智能,日海智能:内幕信息知情人报备制度(2025年11月),管理办法/制度,2025-11-26,https://data.eastmoney.com/notices/detail/002313/AN202511251788138117.html
日海智能,002313,002313,日海智能,日海智能:关于召开2025年第四次临时股东会的通知,召开股东大会通知,2025-11-26,https://data.eastmoney.com/notices/detail/002313/AN202511251788138136.html
日海智能,002313,002313,日海智能,日海智能:第六届监事会第十八次会议决议公告,监事会决议公告,2025-11-26,https://data.eastmoney.com/notices/detail/002313/AN202511251788138101.html
日海智能,002313,002313,日海智能,日海智能:董事和高级管理人员所持公司股份及其变动管理制度(2025年11月),管理办法/制度,2025-11-26,https://data.eastmoney.com/notices/detail/002313/AN202511251788138127.html
日海智能,002313,002313,日海智能,日海智能:对外担保管理制度(2025年11月),管理办法/制度,2025-11-26,https://data.eastmoney.com/notices/detail/002313/AN202511251788138133.html
日海智能,002313,002313,日海智能,日海智能:重大信息内部报告制度(2025年11月),管理办法/制度,2025-11-26,https://data.eastmoney.com/notices/detail/002313/AN202511251788138129.html
日海智能,002313,002313,日海智能,日海智能:第六届董事会第二十五次会议决议公告,董事会决议公告,2025-11-26,https://data.eastmoney.com/notices/detail/002313/AN202511251788138131.html
日海智能,002313,002313,日海智能,日海智能:关联交易管理制度(2025年11月),管理办法/制度,2025-11-26,https://data.eastmoney.com/notices/detail/002313/AN202511251788138106.html
日海智能,002313,002313,日海智能,日海智能:2025年三季度报告,三季度报告全文,2025-10-27,https://data.eastmoney.com/notices/detail/002313/AN202510261769368432.html
日海智能,002313,002313,日海智能,日海智能:第六届监事会第十七次会议决议公告,监事会决议公告,2025-10-27,https://data.eastmoney.com/notices/detail/002313/AN202510261769369191.html
日海智能,002313,002313,日海智能,日海智能:上海市锦天城(深圳)律师事务所关于公司2025年第三次临时股东大会法律意见书,法律意见书,2025-10-27,https://data.eastmoney.com/notices/detail/002313/AN202510261769369163.html
日海智能,002313,002313,日海智能,日海智能:关于选举公司副董事长的公告,高管人员任职变动,2025-10-27,https://data.eastmoney.com/notices/detail/002313/AN202510261769369137.html
日海智能,002313,002313,日海智能,日海智能:第六届董事会第二十四次会议决议公告,高管人员任职变动,2025-10-27,https://data.eastmoney.com/notices/detail/002313/AN202510261769369222.html
日海智能,002313,002313,日海智能,日海智能:2025年第三次临时股东大会决议公告,股东大会决议公告,2025-10-27,https://data.eastmoney.com/notices/detail/002313/AN202510261769367716.html
日海智能,002313,002313,日海智能,日海智能:关于新增累计诉讼、仲裁案件情况的公告,诉讼仲裁,2025-10-14,https://data.eastmoney.com/notices/detail/002313/AN202510131761430079.html
日海智能,002313,002313,日海智能,日海智能:第六届董事会第二十三次会议决议公告,高管人员任职变动,2025-10-09,https://data.eastmoney.com/notices/detail/002313/AN202510081758293459.html
日海智能,002313,002313,日海智能,日海智能:关于公司职工代表监事辞职的公告,高管人员任职变动,2025-10-09,https://data.eastmoney.com/notices/detail/002313/AN202510081758293227.html
日海智能,002313,002313,日海智能,日海智能:关于召开2025年第三次临时股东大会的通知,召开股东大会通知,2025-10-09,https://data.eastmoney.com/notices/detail/002313/AN202510081758293230.html
日海智能,002313,002313,日海智能,日海智能:关于公司非独立董事辞职及补选的公告,高管人员任职变动,2025-10-09,https://data.eastmoney.com/notices/detail/002313/AN202510081758293418.html
日海智能,002313,002313,日海智能,日海智能:关于第一大股东减持计划的预披露公告,股东/实际控制人股份减持,2025-09-23,https://data.eastmoney.com/notices/detail/002313/AN202509221748598800.html
日海智能,002313,002313,日海智能,日海智能:第六届董事会第二十二次会议决议公告,董事会决议公告,2025-08-27,https://data.eastmoney.com/notices/detail/002313/AN202508261734883910.html
日海智能,002313,002313,日海智能,日海智能:2025年半年度财务报告,半年度财务报告,2025-08-27,https://data.eastmoney.com/notices/detail/002313/AN202508261734883945.html
日海智能,002313,002313,日海智能,日海智能:2025年半年度报告摘要,半年度报告摘要,2025-08-27,https://data.eastmoney.com/notices/detail/002313/AN202508261734883922.html
日海智能,002313,002313,日海智能,日海智能:半年度非经营性资金占用及其他关联资金往来情况汇总表,资金占用,2025-08-27,https://data.eastmoney.com/notices/detail/002313/AN202508261734883929.html
日海智能,002313,002313,日海智能,日海智能:关于2025年半年度募集资金存放与使用情况的专项报告,募集资金使用情况报告,2025-08-27,https://data.eastmoney.com/notices/detail/002313/AN202508261734884261.html
日海智能,002313,002313,日海智能,日海智能:关于新增累计诉讼、仲裁案件情况的公告,诉讼仲裁,2025-08-27,https://data.eastmoney.com/notices/detail/002313/AN202508261734883955.html
日海智能,002313,002313,日海智能,日海智能:2025年半年度报告,半年度报告全文,2025-08-27,https://data.eastmoney.com/notices/detail/002313/AN202508261734883932.html
日海智能,002313,002313,日海智能,日海智能:第六届监事会第十六次会议决议公告,监事会决议公告,2025-08-27,https://data.eastmoney.com/notices/detail/002313/AN202508261734883159.html
日海智能,002313,002313,日海智能,日海智能:股票交易异常波动公告,股票交易异常波动,2025-08-11,https://data.eastmoney.com/notices/detail/002313/AN202508101724899982.html
日海智能,002313,002313,日海智能,日海智能:股票交易异常波动公告,股票交易异常波动,2025-08-07,https://data.eastmoney.com/notices/detail/002313/AN202508061722619417.html
日海智能,002313,002313,日海智能,日海智能:关于控股股东国有股权无偿划转完成过户登记暨控股股东变更的公告,股权转让,2025-08-02,https://data.eastmoney.com/notices/detail/002313/AN202508011719659398.html
日海智能,002313,002313,日海智能,日海智能:关于新增累计诉讼、仲裁案件情况的公告,诉讼仲裁,2025-07-19,https://data.eastmoney.com/notices/detail/002313/AN202507181711222109.html
日海智能,002313,002313,日海智能,日海智能:2025年半年度业绩预告,业绩预告,2025-07-15,https://data.eastmoney.com/notices/detail/002313/AN202507141708803883.html
日海智能,002313,002313,日海智能,日海智能:第六届董事会第二十一次会议决议公告,高管人员任职变动,2025-07-11,https://data.eastmoney.com/notices/detail/002313/AN202507101706414085.html
日海智能,002313,002313,日海智能,日海智能:关于公司聘任常务副总经理的公告,高管人员任职变动,2025-07-11,https://data.eastmoney.com/notices/detail/002313/AN202507101706414081.html
日海智能,002313,002313,日海智能,日海智能:关于新增累计诉讼、仲裁案件情况的公告,诉讼仲裁,2025-07-08,https://data.eastmoney.com/notices/detail/002313/AN202507071704597676.html
日海智能,002313,002313,日海智能,日海智能:关于全资子公司债权债务重组的公告,其他,2025-07-01,https://data.eastmoney.com/notices/detail/002313/AN202506301700470837.html
日海智能,002313,002313,日海智能,日海智能:第六届董事会第二十次会议决议公告,高管人员任职变动,2025-07-01,https://data.eastmoney.com/notices/detail/002313/AN202506301700470832.html
日海智能,002313,002313,日海智能,日海智能:关于聘任审计部负责人的公告,高管人员任职变动,2025-07-01,https://data.eastmoney.com/notices/detail/002313/AN202506301700470819.html
日海智能,002313,002313,日海智能,日海智能:关于新增累计诉讼、仲裁案件情况的公告,诉讼仲裁,2025-06-24,https://data.eastmoney.com/notices/detail/002313/AN202506231696224836.html
日海智能,002313,002313,日海智能,日海智能:关于新增累计诉讼、仲裁案件情况的公告,诉讼仲裁,2025-05-10,https://data.eastmoney.com/notices/detail/002313/AN202505091670031413.html
日海智能,002313,002313,日海智能,日海智能:关于第一期员工持股计划出售完毕暨终止的公告,员工持股计划,2025-04-26,https://data.eastmoney.com/notices/detail/002313/AN202504251662270918.html
日海智能,002313,002313,日海智能,日海智能:上海市锦天城(深圳)律师事务所关于公司2025年第二次临时股东大会法律意见书,法律意见书,2025-04-25,https://data.eastmoney.com/notices/detail/002313/AN202504241661748593.html
日海智能,002313,002313,日海智能,日海智能:2025年第二次临时股东大会决议公告,股东大会决议公告,2025-04-25,https://data.eastmoney.com/notices/detail/002313/AN202504241661748578.html
日海智能,002313,002313,日海智能,日海智能:2025年一季度报告,一季度报告全文,2025-04-22,https://data.eastmoney.com/notices/detail/002313/AN202504211659995091.html
日海智能,002313,002313,日海智能,日海智能:第六届监事会第十五次会议决议公告,监事会决议公告,2025-04-22,https://data.eastmoney.com/notices/detail/002313/AN202504211659995088.html
日海智能,002313,002313,日海智能,日海智能:第六届董事会第十九次会议决议公告,董事会决议公告,2025-04-22,https://data.eastmoney.com/notices/detail/002313/AN202504211659995102.html
日海智能,002313,002313,日海智能,日海智能:关于新增累计诉讼、仲裁案件情况的公告,诉讼仲裁,2025-04-15,https://data.eastmoney.com/notices/detail/002313/AN202504141656415289.html
日海智能,002313,002313,日海智能,日海智能:上海市锦天城(深圳)律师事务所关于公司2024年度股东大会法律意见书,法律意见书,2025-04-12,https://data.eastmoney.com/notices/detail/002313/AN202504111654863975.html
日海智能,002313,002313,日海智能,日海智能:2024年度股东大会决议公告,分配方案决议公告,2025-04-12,https://data.eastmoney.com/notices/detail/002313/AN202504111654863974.html
日海智能,002313,002313,日海智能,日海智能:关于公司非独立董事辞职及补选的公告,高管人员任职变动,2025-04-09,https://data.eastmoney.com/notices/detail/002313/AN202504081653326332.html
日海智能,002313,002313,日海智能,日海智能:关于开展保理业务暨关联交易的公告,关联交易,2025-04-09,https://data.eastmoney.com/notices/detail/002313/AN202504081653326333.html
日海智能,002313,002313,日海智能,日海智能:第六届监事会第十四次会议决议公告,监事会决议公告,2025-04-09,https://data.eastmoney.com/notices/detail/002313/AN202504081653326330.html
日海智能,002313,002313,日海智能,日海智能:关于召开2025年第二次临时股东大会的通知,召开股东大会通知,2025-04-09,https://data.eastmoney.com/notices/detail/002313/AN202504081653326331.html
日海智能,002313,002313,日海智能,日海智能:第六届董事会第十八次会议决议公告,高管人员任职变动,2025-04-09,https://data.eastmoney.com/notices/detail/002313/AN202504081653326329.html
日海智能,002313,002313,日海智能,日海智能:关于变更财务负责人(财务总监)的公告,高管人员任职变动,2025-04-09,https://data.eastmoney.com/notices/detail/002313/AN202504081653324442.html
日海智能,002313,002313,日海智能,日海智能:002313日海智能投资者关系管理信息20250331,调研活动,2025-03-31,https://data.eastmoney.com/notices/detail/002313/AN202503311649634976.html
日海智能,002313,002313,日海智能,日海智能:关于未弥补亏损达到实收股本总额三分之一的公告,其他,2025-03-21,https://data.eastmoney.com/notices/detail/002313/AN202503201645182555.html
日海智能,002313,002313,日海智能,日海智能:2024年度内部控制审计报告,审计报告,2025-03-21,https://data.eastmoney.com/notices/detail/002313/AN202503201645183274.html
日海智能,002313,002313,日海智能,日海智能:关于2025年度向润良泰申请借款额度暨关联交易的公告,借贷,2025-03-21,https://data.eastmoney.com/notices/detail/002313/AN202503201645182544.html
日海智能,002313,002313,日海智能,日海智能:关于举行2024年度报告网上说明会的通知,其他,2025-03-21,https://data.eastmoney.com/notices/detail/002313/AN202503201645182537.html
日海智能,002313,002313,日海智能,日海智能:2024年年度报告摘要,年度报告摘要,2025-03-21,https://data.eastmoney.com/notices/detail/002313/AN202503201645182540.html
日海智能,002313,002313,日海智能,日海智能:关于2025年度对外担保额度预计的公告,担保年度额度预计,2025-03-21,https://data.eastmoney.com/notices/detail/002313/AN202503201645183288.html
日海智能,002313,002313,日海智能,日海智能:关于2024年度拟不进行利润分配的公告,分配预案,2025-03-21,https://data.eastmoney.com/notices/detail/002313/AN202503201645183266.html
日海智能,002313,002313,日海智能,日海智能:中信证券股份有限公司关于日海智能科技股份有限公司2024年度募集资金存放与使用情况的专项核查报告,保荐/核查意见,2025-03-21,https://data.eastmoney.com/notices/detail/002313/AN202503201645183257.html
日海智能,002313,002313,日海智能,日海智能:募集资金存放与实际使用情况鉴证报告,保荐/核查意见,2025-03-21,https://data.eastmoney.com/notices/detail/002313/AN202503201645183284.html
日海智能,002313,002313,日海智能,日海智能:监事会2024年度工作报告,其他,2025-03-21,https://data.eastmoney.com/notices/detail/002313/AN202503201645183286.html
日海智能,002313,002313,日海智能,日海智能:第六届监事会第十三次会议决议公告,监事会决议公告,2025-03-21,https://data.eastmoney.com/notices/detail/002313/AN202503201645182548.html
日海智能,002313,002313,日海智能,日海智能:2024年度营业收入扣除情况的专项说明,专项说明/独立意见,2025-03-21,https://data.eastmoney.com/notices/detail/002313/AN202503201645183262.html
日海智能,002313,002313,日海智能,日海智能:关于计提及转回资产减值准备的公告,其他,2025-03-21,https://data.eastmoney.com/notices/detail/002313/AN202503201645183273.html
日海智能,002313,002313,日海智能,日海智能:年度关联方资金占用专项审计报告,保荐/核查意见,2025-03-21,https://data.eastmoney.com/notices/detail/002313/AN202503201645182552.html
日海智能,002313,002313,日海智能,日海智能:关于会计政策变更的公告,其他,2025-03-21,https://data.eastmoney.com/notices/detail/002313/AN202503201645183287.html
日海智能,002313,002313,日海智能,日海智能:2024年年度报告,年度报告全文,2025-03-21,https://data.eastmoney.com/notices/detail/002313/AN202503201645183282.html
日海智能,002313,002313,日海智能,日海智能:2024年年度审计报告,审计报告,2025-03-21,https://data.eastmoney.com/notices/detail/002313/AN202503201645182536.html
日海智能,002313,002313,日海智能,日海智能:董事会审计委员会对会计师事务所2024年度履职情况评估及履行监督职责情况的报告,其他,2025-03-21,https://data.eastmoney.com/notices/detail/002313/AN202503201645183268.html
日海智能,002313,002313,日海智能,日海智能:关于2024年年度募集资金存放与使用情况的专项报告,募集资金使用情况报告,2025-03-21,https://data.eastmoney.com/notices/detail/002313/AN202503201645182550.html
日海智能,002313,002313,日海智能,日海智能:关于召开2024年度股东大会的通知,召开股东大会通知,2025-03-21,https://data.eastmoney.com/notices/detail/002313/AN202503201645182542.html
日海智能,002313,002313,日海智能,日海智能:独立董事2024年度述职报告(赵广宇),独立董事述职报告,2025-03-21,https://data.eastmoney.com/notices/detail/002313/AN202503201645182541.html
日海智能,002313,002313,日海智能,日海智能:董事会关于独立董事2024年度保持独立性情况的专项意见,专项说明/独立意见,2025-03-21,https://data.eastmoney.com/notices/detail/002313/AN202503201645183276.html
日海智能,002313,002313,日海智能,日海智能:商誉减值测试报告,其他,2025-03-21,https://data.eastmoney.com/notices/detail/002313/AN202503201645183260.html
日海智能,002313,002313,日海智能,日海智能:关于续聘2025年度审计机构的公告,审计机构变更,2025-03-21,https://data.eastmoney.com/notices/detail/002313/AN202503201645182549.html
日海智能,002313,002313,日海智能,日海智能:关于新增累计诉讼、仲裁案件情况的公告,诉讼仲裁,2025-03-21,https://data.eastmoney.com/notices/detail/002313/AN202503201645183261.html
日海智能,002313,002313,日海智能,日海智能:第六届董事会第十七次会议决议公告,分配预案,2025-03-21,https://data.eastmoney.com/notices/detail/002313/AN202503201645183263.html
日海智能,002313,002313,日海智能,日海智能:关于2025年度日常关联交易预计的公告,关联交易,2025-03-21,https://data.eastmoney.com/notices/detail/002313/AN202503201645183277.html
日海智能,002313,002313,日海智能,日海智能:独立董事2024年度述职报告(黄海明),独立董事述职报告,2025-03-21,https://data.eastmoney.com/notices/detail/002313/AN202503201645183280.html
日海智能,002313,002313,日海智能,日海智能:关于2024年度内部控制自我评价报告,内部控制报告,2025-03-21,https://data.eastmoney.com/notices/detail/002313/AN202503201645183270.html
日海智能,002313,002313,日海智能,日海智能:独立董事2024年度述职报告(刘江平),独立董事述职报告,2025-03-21,https://data.eastmoney.com/notices/detail/002313/AN202503201645182554.html
日海智能,002313,002313,日海智能,日海智能:上海市锦天城(深圳)律师事务所关于公司2024年第一次临时股东大会法律意见书,法律意见书,2025-03-18,https://data.eastmoney.com/notices/detail/002313/AN202503171644453641.html
日海智能,002313,002313,日海智能,日海智能:2025年第一次临时股东大会决议公告,股东大会决议公告,2025-03-18,https://data.eastmoney.com/notices/detail/002313/AN202503171644453656.html
日海智能,002313,002313,日海智能,日海智能:关于公司总经理辞职的公告,高管人员任职变动,2025-03-04,https://data.eastmoney.com/notices/detail/002313/AN202503031644005070.html
日海智能,002313,002313,日海智能,日海智能:拟质押日海通服服务有限公司股权涉及其股东全部权益价值项目资产评估报告,其他,2025-03-01,https://data.eastmoney.com/notices/detail/002313/AN202502281643610761.html
日海智能,002313,002313,日海智能,日海智能:第六届董事会第十六次会议决议公告,董事会决议公告,2025-03-01,https://data.eastmoney.com/notices/detail/002313/AN202502281643610760.html
日海智能,002313,002313,日海智能,日海智能:第六届监事会第十二次会议决议公告,监事会决议公告,2025-03-01,https://data.eastmoney.com/notices/detail/002313/AN202502281643610652.html
日海智能,002313,002313,日海智能,日海智能:拟质押芯讯通无线科技(上海)有限公司股权涉及其股东全部权益价值资产评估报告,其他,2025-03-01,https://data.eastmoney.com/notices/detail/002313/AN202502281643610655.html
日海智能,002313,002313,日海智能,日海智能:拟质押日海智能设备(珠海)有限公司股权涉及其股东全部权益价值资产评估报告,其他,2025-03-01,https://data.eastmoney.com/notices/detail/002313/AN202502281643610654.html
日海智能,002313,002313,日海智能,日海智能:关于召开2025年第一次临时股东大会的通知,召开股东大会通知,2025-03-01,https://data.eastmoney.com/notices/detail/002313/AN202502281643610759.html
日海智能,002313,002313,日海智能,日海智能:关于公司接受关联方担保并向其提供反担保暨关联交易的公告,提供/对外担保公告,2025-03-01,https://data.eastmoney.com/notices/detail/002313/AN202502281643610650.html
日海智能,002313,002313,日海智能,日海智能:股票交易异常波动公告,股票交易异常波动,2025-02-17,https://data.eastmoney.com/notices/detail/002313/AN202502161643141110.html
日海智能,002313,002313,日海智能,日海智能:2024年度业绩预告,业绩预告,2025-01-23,https://data.eastmoney.com/notices/detail/002313/AN202501221642452726.html
日海智能,002313,002313,日海智能,日海智能:关于新增累计诉讼、仲裁案件情况的公告,诉讼仲裁,2025-01-17,https://data.eastmoney.com/notices/detail/002313/AN202501161641951390.html
日海智能,002313,002313,日海智能,日海智能:股票交易异常波动公告,股票交易异常波动,2025-01-10,https://data.eastmoney.com/notices/detail/002313/AN202501091641873789.html
日海智能,002313,002313,日海智能,日海智能:详式权益变动报告书,权益变动报告书,2025-01-04,https://data.eastmoney.com/notices/detail/002313/AN202501031641805117.html
日海智能,002313,002313,日海智能,日海智能:简式权益变动报告书,权益变动报告书,2025-01-04,https://data.eastmoney.com/notices/detail/002313/AN202501031641805116.html
日海智能,002313,002313,日海智能,日海智能:关于收到《行政处罚决定书》的公告,处罚,2025-01-04,https://data.eastmoney.com/notices/detail/002313/AN202501031641805119.html
日海智能,002313,002313,日海智能,日海智能:关于控股股东国有股权无偿划转暨控股股东拟变更的提示性公告,股权转让,2025-01-03,https://data.eastmoney.com/notices/detail/002313/AN202501021641515587.html
日海智能,002313,002313,日海智能,日海智能:关于公司第二期员工持股计划存续期展期的公告,员工持股计划,2025-01-02,https://data.eastmoney.com/notices/detail/002313/AN202501011641501587.html
日海智能,002313,002313,日海智能,日海智能:第六届董事会第十五次会议决议公告,董事会决议公告,2025-01-02,https://data.eastmoney.com/notices/detail/002313/AN202501011641501862.html
日海智能,002313,002313,日海智能,日海智能:第二期员工持股计划持有人会议第五次会议决议公告,员工持股计划,2025-01-02,https://data.eastmoney.com/notices/detail/002313/AN202501011641501841.html
日海智能,002313,002313,日海智能,日海智能:第六届监事会第十一次会议决议公告,监事会决议公告,2025-01-02,https://data.eastmoney.com/notices/detail/002313/AN202501011641501272.html
日海智能,002313,002313,日海智能,日海智能:关于第一大股东部分股份解除质押的公告,股份质押、冻结,2024-12-26,https://data.eastmoney.com/notices/detail/002313/AN202412251641425035.html
日海智能,002313,002313,日海智能,日海智能:关于收到《行政处罚事先告知书》的公告,处罚,2024-12-17,https://data.eastmoney.com/notices/detail/002313/AN202412161641320001.html
日海智能,002313,002313,日海智能,日海智能:股票交易异常波动公告,股票交易异常波动,2024-12-17,https://data.eastmoney.com/notices/detail/002313/AN202412161641320006.html
日海智能,002313,002313,日海智能,日海智能:关于股东签署《表决权放弃协议书》《表决权放弃承诺函》的公告,其他,2024-12-11,https://data.eastmoney.com/notices/detail/002313/AN202412101641248332.html
日海智能,002313,002313,日海智能,日海智能:关于投资者诉讼案件的进展公告,诉讼仲裁,2024-11-30,https://data.eastmoney.com/notices/detail/002313/AN202411291641121108.html
日海智能,002313,002313,日海智能,日海智能:关于新增累计诉讼、仲裁案件情况的公告,诉讼仲裁,2024-11-20,https://data.eastmoney.com/notices/detail/002313/AN202411191640962641.html
日海智能,002313,002313,日海智能,日海智能:上海市锦天城(深圳)律师事务所关于公司2024年第三次临时股东大会法律意见书,法律意见书,2024-11-16,https://data.eastmoney.com/notices/detail/002313/AN202411151640917946.html
日海智能,002313,002313,日海智能,日海智能:2024年第三次临时股东大会决议公告,股东大会决议公告,2024-11-16,https://data.eastmoney.com/notices/detail/002313/AN202411151640917940.html
日海智能,002313,002313,日海智能,日海智能:关于公司董事、监事、高级管理人员薪酬方案的公告,其他,2024-10-31,https://data.eastmoney.com/notices/detail/002313/AN202410301640611723.html
日海智能,002313,002313,日海智能,日海智能:第六届董事会第十四次会议决议公告,董事会决议公告,2024-10-31,https://data.eastmoney.com/notices/detail/002313/AN202410301640611733.html
日海智能,002313,002313,日海智能,日海智能:关于保理业务展期暨关联交易的公告,关联交易,2024-10-31,https://data.eastmoney.com/notices/detail/002313/AN202410301640611741.html
日海智能,002313,002313,日海智能,日海智能:关于召开2024年第三次临时股东大会的通知,召开股东大会通知,2024-10-31,https://data.eastmoney.com/notices/detail/002313/AN202410301640611744.html
日海智能,002313,002313,日海智能,日海智能:2024年三季度报告,三季度报告全文,2024-10-31,https://data.eastmoney.com/notices/detail/002313/AN202410301640611749.html
日海智能,002313,002313,日海智能,日海智能:第六届监事会第十次会议决议公告,监事会决议公告,2024-10-31,https://data.eastmoney.com/notices/detail/002313/AN202410301640611713.html
日海智能,002313,002313,日海智能,日海智能:股票交易异常波动公告,股票交易异常波动,2024-10-29,https://data.eastmoney.com/notices/detail/002313/AN202410281640545301.html
日海智能,002313,002313,日海智能,日海智能:上海市锦天城(深圳)律师事务所关于公司2024年第二次临时股东大会法律意见书,法律意见书,2024-10-12,https://data.eastmoney.com/notices/detail/002313/AN202410111640266007.html
日海智能,002313,002313,日海智能,日海智能:2024年第二次临时股东大会决议公告,股东大会决议公告,2024-10-12,https://data.eastmoney.com/notices/detail/002313/AN202410111640266011.html
日海智能,002313,002313,日海智能,日海智能:关于召开2024年第二次临时股东大会的提示性公告,召开股东大会提示性公告,2024-10-10,https://data.eastmoney.com/notices/detail/002313/AN202410091640227969.html
日海智能,002313,002313,日海智能,日海智能:关于续聘2023年度审计机构的公告,审计机构变更,2024-09-26,https://data.eastmoney.com/notices/detail/002313/AN202409251640037921.html
日海智能,002313,002313,日海智能,日海智能:关于公司第一期员工持股计划存续期展期的公告,员工持股计划,2024-09-26,https://data.eastmoney.com/notices/detail/002313/AN202409251640035344.html
日海智能,002313,002313,日海智能,日海智能:第一期员工持股计划第五次持有人会议决议公告,员工持股计划,2024-09-26,https://data.eastmoney.com/notices/detail/002313/AN202409251640035342.html
日海智能,002313,002313,日海智能,日海智能:第六届监事会第九次会议决议公告,监事会决议公告,2024-09-26,https://data.eastmoney.com/notices/detail/002313/AN202409251640035335.html
日海智能,002313,002313,日海智能,日海智能:关于召开2024年第二次临时股东大会的通知,召开股东大会通知,2024-09-26,https://data.eastmoney.com/notices/detail/002313/AN202409251640035338.html
日海智能,002313,002313,日海智能,日海智能:第六届董事会第十三次会议决议公告,董事会决议公告,2024-09-26,https://data.eastmoney.com/notices/detail/002313/AN202409251640035337.html
日海智能,002313,002313,日海智能,日海智能:关于新增累计诉讼、仲裁案件情况的公告,诉讼仲裁,2024-08-23,https://data.eastmoney.com/notices/detail/002313/AN202408221639402672.html
日海智能,002313,002313,日海智能,日海智能:2024年半年度报告摘要,半年度报告摘要,2024-08-10,https://data.eastmoney.com/notices/detail/002313/AN202408091639222660.html
日海智能,002313,002313,日海智能,日海智能:半年报董事会决议公告,董事会决议公告,2024-08-10,https://data.eastmoney.com/notices/detail/002313/AN202408091639222535.html
日海智能,002313,002313,日海智能,日海智能:2024年半年度财务报告,半年度财务报告,2024-08-10,https://data.eastmoney.com/notices/detail/002313/AN202408091639222541.html
日海智能,002313,002313,日海智能,日海智能:关于公司审计部负责人离职的公告,高管人员任职变动,2024-08-10,https://data.eastmoney.com/notices/detail/002313/AN202408091639222553.html
日海智能,002313,002313,日海智能,日海智能:半年度非经营性资金占用及其他关联资金往来情况汇总表,资金占用,2024-08-10,https://data.eastmoney.com/notices/detail/002313/AN202408091639222657.html
日海智能,002313,002313,日海智能,日海智能:半年报监事会决议公告,监事会决议公告,2024-08-10,https://data.eastmoney.com/notices/detail/002313/AN202408091639222539.html
日海智能,002313,002313,日海智能,日海智能:关于2024年半年度募集资金存放与使用情况的专项报告,募集资金使用情况报告,2024-08-10,https://data.eastmoney.com/notices/detail/002313/AN202408091639222550.html
日海智能,002313,002313,日海智能,日海智能:2024年半年度报告,半年度报告全文,2024-08-10,https://data.eastmoney.com/notices/detail/002313/AN202408091639222661.html
日海智能,002313,002313,日海智能,日海智能:关于收到中国证券监督管理委员会立案告知书的公告,其他,2024-08-03,https://data.eastmoney.com/notices/detail/002313/AN202408021639125604.html
日海智能,002313,002313,日海智能,日海智能:关于新增累计诉讼、仲裁案件情况的公告,诉讼仲裁,2024-08-01,https://data.eastmoney.com/notices/detail/002313/AN202407311638797170.html
日海智能,002313,002313,日海智能,日海智能:2024年半年度业绩预告,业绩预告,2024-07-10,https://data.eastmoney.com/notices/detail/002313/AN202407091637725631.html
日海智能,002313,002313,日海智能,日海智能:关于新增累计诉讼、仲裁案件情况的公告,诉讼仲裁,2024-07-09,https://data.eastmoney.com/notices/detail/002313/AN202407081637681997.html
日海智能,002313,002313,日海智能,日海智能:关于累计诉讼、仲裁案件情况的公告,诉讼仲裁,2024-06-08,https://data.eastmoney.com/notices/detail/002313/AN202406071635873692.html
日海智能,002313,002313,日海智能,日海智能:上海市锦天城(深圳)律师事务所关于公司2024年第一次临时股东大会的法律意见书,法律意见书,2024-04-30,https://data.eastmoney.com/notices/detail/002313/AN202404291631621002.html
日海智能,002313,002313,日海智能,日海智能:关于选举公司副董事长的公告,高管人员任职变动,2024-04-30,https://data.eastmoney.com/notices/detail/002313/AN202404291631621001.html
日海智能,002313,002313,日海智能,日海智能:2024年第一次临时股东大会决议公告,股东大会决议公告,2024-04-30,https://data.eastmoney.com/notices/detail/002313/AN202404291631621000.html
日海智能,002313,002313,日海智能,日海智能:第六届董事会第十一次会议决议公告,高管人员任职变动,2024-04-30,https://data.eastmoney.com/notices/detail/002313/AN202404291631620685.html
日海智能,002313,002313,日海智能,日海智能:2024年一季度报告,一季度报告全文,2024-04-23,https://data.eastmoney.com/notices/detail/002313/AN202404221630969680.html
日海智能,002313,002313,日海智能,日海智能:第六届监事会第七次会议决议公告,监事会决议公告,2024-04-23,https://data.eastmoney.com/notices/detail/002313/AN202404221630969681.html
日海智能,002313,002313,日海智能,日海智能:第六届董事会第十次会议决议公告,董事会决议公告,2024-04-23,https://data.eastmoney.com/notices/detail/002313/AN202404221630969624.html
日海智能,002313,002313,日海智能,日海智能:2024年4月19日投资者关系活动记录表（2023年度业绩说明会）,调研活动,2024-04-19,https://data.eastmoney.com/notices/detail/002313/AN202404191630650147.html
日海智能,002313,002313,日海智能,日海智能:2023年度股东大会决议公告,分配方案决议公告,2024-04-19,https://data.eastmoney.com/notices/detail/002313/AN202404181630520269.html
日海智能,002313,002313,日海智能,日海智能:上海市锦天城(深圳)律师事务所关于公司2023年度股东大会的法律意见书,法律意见书,2024-04-19,https://data.eastmoney.com/notices/detail/002313/AN202404181630520270.html
日海智能,002313,002313,日海智能,日海智能:第六届董事会第九次会议决议公告,高管人员任职变动,2024-04-13,https://data.eastmoney.com/notices/detail/002313/AN202404121630186699.html
日海智能,002313,002313,日海智能,日海智能:关于公司非独立董事辞职及补选的公告,高管人员任职变动,2024-04-13,https://data.eastmoney.com/notices/detail/002313/AN202404121630186697.html
日海智能,002313,002313,日海智能,日海智能:关于召开2024年第一次临时股东大会的通知,召开股东大会通知,2024-04-13,https://data.eastmoney.com/notices/detail/002313/AN202404121630186698.html
日海智能,002313,002313,日海智能,日海智能:关于前期会计差错更正及追溯调整的公告,会计差错更正公告,2024-03-29,https://data.eastmoney.com/notices/detail/002313/AN202403281628556092.html
日海智能,002313,002313,日海智能,日海智能:董事会审计委员会对会计师事务所2023年度履职情况评估及履行监督职责情况的报告,其他,2024-03-29,https://data.eastmoney.com/notices/detail/002313/AN202403281628556083.html
日海智能,002313,002313,日海智能,日海智能:关于召开2023年度股东大会的通知,召开股东大会通知,2024-03-29,https://data.eastmoney.com/notices/detail/002313/AN202403281628556066.html
日海智能,002313,002313,日海智能,日海智能:关于未弥补亏损达到实收股本总额三分之一的公告,其他,2024-03-29,https://data.eastmoney.com/notices/detail/002313/AN202403281628556087.html
日海智能,002313,002313,日海智能,日海智能:2020年度会计差错更正后财务报表及附注,会计差错更正公告,2024-03-29,https://data.eastmoney.com/notices/detail/002313/AN202403281628556090.html
日海智能,002313,002313,日海智能,日海智能:独立董事2023年度述职报告(刘江平),独立董事述职报告,2024-03-29,https://data.eastmoney.com/notices/detail/002313/AN202403281628556084.html
日海智能,002313,002313,日海智能,日海智能:关于2024年度日常关联交易预计的公告,关联交易,2024-03-29,https://data.eastmoney.com/notices/detail/002313/AN202403281628556063.html
日海智能,002313,002313,日海智能,日海智能:关于2024年度对外担保额度预计的公告,担保年度额度预计,2024-03-29,https://data.eastmoney.com/notices/detail/002313/AN202403281628556076.html
日海智能,002313,002313,日海智能,日海智能:2023年度营业收入扣除情况的专项说明,专项说明/独立意见,2024-03-29,https://data.eastmoney.com/notices/detail/002313/AN202403281628556071.html
日海智能,002313,002313,日海智能,日海智能:2021年度会计差错更正后财务报表及附注,会计差错更正公告,2024-03-29,https://data.eastmoney.com/notices/detail/002313/AN202403281628556069.html
日海智能,002313,002313,日海智能,日海智能:年度关联方资金占用专项审计报告,保荐/核查意见,2024-03-29,https://data.eastmoney.com/notices/detail/002313/AN202403281628556080.html
日海智能,002313,002313,日海智能,日海智能:关于2024年度使用自有闲置资金开展委托理财的公告,委托（受托）事项,2024-03-29,https://data.eastmoney.com/notices/detail/002313/AN202403281628556077.html
日海智能,002313,002313,日海智能,日海智能:关于2023年度不进行利润分配的专项说明,专项说明/独立意见,2024-03-29,https://data.eastmoney.com/notices/detail/002313/AN202403281628556081.html
日海智能,002313,002313,日海智能,日海智能:关于计提资产减值准备的公告,其他,2024-03-29,https://data.eastmoney.com/notices/detail/002313/AN202403281628556074.html
日海智能,002313,002313,日海智能,日海智能:关于2023年度内部控制自我评价报告,内部控制报告,2024-03-29,https://data.eastmoney.com/notices/detail/002313/AN202403281628556091.html
日海智能,002313,002313,日海智能,日海智能:2019年度会计差错更正后财务报表及附注,会计差错更正公告,2024-03-29,https://data.eastmoney.com/notices/detail/002313/AN202403281628556070.html
日海智能,002313,002313,日海智能,日海智能:2023年度内部控制审计报告,审计报告,2024-03-29,https://data.eastmoney.com/notices/detail/002313/AN202403281628556082.html
日海智能,002313,002313,日海智能,日海智能:关于2023年年度募集资金存放与使用情况的专项报告,募集资金使用情况报告,2024-03-29,https://data.eastmoney.com/notices/detail/002313/AN202403281628556072.html
日海智能,002313,002313,日海智能,日海智能:2023年年度报告摘要,年度报告摘要,2024-03-29,https://data.eastmoney.com/notices/detail/002313/AN202403281628556060.html
日海智能,002313,002313,日海智能,日海智能:2023年度募集资金使用鉴证报告,保荐/核查意见,2024-03-29,https://data.eastmoney.com/notices/detail/002313/AN202403281628556079.html
日海智能,002313,002313,日海智能,日海智能:第六届董事会第八次会议决议公告,分配预案,2024-03-29,https://data.eastmoney.com/notices/detail/002313/AN202403281628556061.html
日海智能,002313,002313,日海智能,日海智能:2023年年度审计报告,审计报告,2024-03-29,https://data.eastmoney.com/notices/detail/002313/AN202403281628556068.html
日海智能,002313,002313,日海智能,日海智能:独立董事2023年度述职报告(徐岷波),独立董事述职报告,2024-03-29,https://data.eastmoney.com/notices/detail/002313/AN202403281628556088.html
日海智能,002313,002313,日海智能,日海智能:前期会计差错更正专项说明审核报告,保荐/核查意见,2024-03-29,https://data.eastmoney.com/notices/detail/002313/AN202403281628556065.html
日海智能,002313,002313,日海智能,日海智能:中信证券股份有限公司关于公司2023年度募集资金存放与使用情况的专项核查报告,保荐/核查意见,2024-03-29,https://data.eastmoney.com/notices/detail/002313/AN202403281628556089.html
日海智能,002313,002313,日海智能,日海智能:2023年年度报告,年度报告全文,2024-03-29,https://data.eastmoney.com/notices/detail/002313/AN202403281628556064.html
日海智能,002313,002313,日海智能,日海智能:2022年度会计差错更正后财务报表及附注,会计差错更正公告,2024-03-29,https://data.eastmoney.com/notices/detail/002313/AN202403281628556096.html
日海智能,002313,002313,日海智能,日海智能:第六届监事会第六次会议决议公告,监事会决议公告,2024-03-29,https://data.eastmoney.com/notices/detail/002313/AN202403281628556062.html
日海智能,002313,002313,日海智能,日海智能:关于举行2023年度报告网上说明会的通知,其他,2024-03-29,https://data.eastmoney.com/notices/detail/002313/AN202403281628556095.html
日海智能,002313,002313,日海智能,日海智能:独立董事2023年度述职报告(赵广宇),独立董事述职报告,2024-03-29,https://data.eastmoney.com/notices/detail/002313/AN202403281628556094.html
日海智能,002313,002313,日海智能,日海智能:关于2024年度向润良泰申请借款额度暨关联交易的公告,借贷,2024-03-29,https://data.eastmoney.com/notices/detail/002313/AN202403281628556086.html
日海智能,002313,002313,日海智能,日海智能:董事会关于独立董事2023年度保持独立性情况的专项意见,专项说明/独立意见,2024-03-29,https://data.eastmoney.com/notices/detail/002313/AN202403281628556075.html
日海智能,002313,002313,日海智能,日海智能:独立董事2023年度述职报告(宋德亮),独立董事述职报告,2024-03-29,https://data.eastmoney.com/notices/detail/002313/AN202403281628556078.html
日海智能,002313,002313,日海智能,日海智能:监事会2023年度工作报告,其他,2024-03-29,https://data.eastmoney.com/notices/detail/002313/AN202403281628556067.html
日海智能,002313,002313,日海智能,日海智能:独立董事2023年度述职报告(刘晓明),独立董事述职报告,2024-03-29,https://data.eastmoney.com/notices/detail/002313/AN202403281628556085.html
日海智能,002313,002313,日海智能,日海智能:2021年度审计报告,审计报告,2024-03-29,https://data.eastmoney.com/notices/detail/002313/AN202403281628556073.html
日海智能,002313,002313,日海智能,日海智能:商誉减值测试报告,其他,2024-03-29,https://data.eastmoney.com/notices/detail/002313/AN202403281628556093.html
日海智能,002313,002313,日海智能,日海智能:独立董事2023年度述职报告(黄海明),独立董事述职报告,2024-03-29,https://data.eastmoney.com/notices/detail/002313/AN202403281628556097.html
日海智能,002313,002313,日海智能,深交所:日海智能_监管函,深交所股票监管函,2024-03-19,https://data.eastmoney.com/notices/detail/002313/AN202403191627139860.html
日海智能,002313,002313,日海智能,日海智能:股票交易异常波动公告,股票交易异常波动,2024-03-13,https://data.eastmoney.com/notices/detail/002313/AN202403121626458596.html
日海智能,002313,002313,日海智能,日海智能:关于新增累计重大诉讼、仲裁情况的公告,诉讼仲裁,2024-03-05,https://data.eastmoney.com/notices/detail/002313/AN202403041625395773.html
日海智能,002313,002313,日海智能,日海智能:内部审计制度(2024年2月),管理办法/制度,2024-02-28,https://data.eastmoney.com/notices/detail/002313/AN202402271623746025.html
日海智能,002313,002313,日海智能,日海智能:第六届董事会第七次会议决议公告,高管人员任职变动,2024-02-28,https://data.eastmoney.com/notices/detail/002313/AN202402271623746040.html
日海智能,002313,002313,日海智能,日海智能:关于聘任董事会秘书的公告,高管人员任职变动,2024-02-28,https://data.eastmoney.com/notices/detail/002313/AN202402271623745966.html
日海智能,002313,002313,日海智能,日海智能:详式权益变动报告书,权益变动报告书,2024-02-06,https://data.eastmoney.com/notices/detail/002313/AN202402051620573691.html
日海智能,002313,002313,日海智能,关于对日海智能科技股份有限公司及相关当事人给予纪律处分的决定,深交所股票公开谴责,2024-02-02,https://data.eastmoney.com/notices/detail/002313/AN202402021620077599.html
日海智能,002313,002313,日海智能,日海智能:关于控股股东股权结构变动的进展公告,其他,2024-02-01,https://data.eastmoney.com/notices/detail/002313/AN202401311619799464.html
日海智能,002313,002313,日海智能,日海智能:2023年度业绩预告,业绩预告,2024-01-31,https://data.eastmoney.com/notices/detail/002313/AN202401301619528432.html
日海智能,002313,002313,日海智能,日海智能:关于控股股东股权结构变动的提示性公告,其他,2024-01-31,https://data.eastmoney.com/notices/detail/002313/AN202401301619528346.html
日海智能,002313,002313,日海智能,日海智能:关于收到《行政处罚决定书》的公告,处罚,2024-01-04,https://data.eastmoney.com/notices/detail/002313/AN202401031616225626.html
日海智能,002313,002313,日海智能,日海智能:第六届董事会第六次会议决议公告,董事会决议公告,2023-12-28,https://data.eastmoney.com/notices/detail/002313/AN202312271615031107.html
日海智能,002313,002313,日海智能,日海智能:第二期员工持股计划持有人会议第四次会议决议公告,员工持股计划,2023-12-28,https://data.eastmoney.com/notices/detail/002313/AN202312271615031105.html
日海智能,002313,002313,日海智能,日海智能:关于公司第二期员工持股计划存续期展期的公告,员工持股计划,2023-12-28,https://data.eastmoney.com/notices/detail/002313/AN202312271615031106.html
日海智能,002313,002313,日海智能,日海智能:关于深圳证监局行政监管措施决定的整改报告,整改报告,2023-12-28,https://data.eastmoney.com/notices/detail/002313/AN202312271615031104.html
日海智能,002313,002313,日海智能,日海智能:第六届监事会第五次会议决议公告,监事会决议公告,2023-12-28,https://data.eastmoney.com/notices/detail/002313/AN202312271615031097.html
日海智能,002313,002313,日海智能,日海智能:股票交易异常波动公告,股票交易异常波动,2023-12-26,https://data.eastmoney.com/notices/detail/002313/AN202312251614897858.html
日海智能,002313,002313,日海智能,日海智能:上海市锦天城(深圳)律师事务所关于公司2023年第四次临时股东大会法律意见书,法律意见书,2023-12-26,https://data.eastmoney.com/notices/detail/002313/AN202312251614897042.html
日海智能,002313,002313,日海智能,日海智能:2023年第四次临时股东大会决议公告,股东大会决议公告,2023-12-26,https://data.eastmoney.com/notices/detail/002313/AN202312251614897010.html
日海智能,002313,002313,日海智能,日海智能:股票交易异常波动公告,股票交易异常波动,2023-12-14,https://data.eastmoney.com/notices/detail/002313/AN202312131614082471.html
日海智能,002313,002313,日海智能,日海智能:董事、监事、高级管理人员对外发布信息行为规范(2023年12月制订),管理办法/制度,2023-12-09,https://data.eastmoney.com/notices/detail/002313/AN202312081613648373.html
日海智能,002313,002313,日海智能,日海智能:公司章程(2023年12月修订),公司章程修订,2023-12-09,https://data.eastmoney.com/notices/detail/002313/AN202312081613648374.html
日海智能,002313,002313,日海智能,日海智能:关于公司继续接受控股股东担保并向其提供反担保暨关联交易的公告,提供/对外担保公告,2023-12-09,https://data.eastmoney.com/notices/detail/002313/AN202312081613648366.html
日海智能,002313,002313,日海智能,日海智能:关于变更签字会计师及项目质量控制负责人的公告,高管人员任职变动,2023-12-09,https://data.eastmoney.com/notices/detail/002313/AN202312081613648367.html
日海智能,002313,002313,日海智能,日海智能:独立董事对第六届董事会第五次会议相关事项的独立意见,专项说明/独立意见,2023-12-09,https://data.eastmoney.com/notices/detail/002313/AN202312081613648372.html
日海智能,002313,002313,日海智能,日海智能:董事会专门委员会工作细则(2023年12月修订),议事规则/实施细则,2023-12-09,https://data.eastmoney.com/notices/detail/002313/AN202312081613648369.html
日海智能,002313,002313,日海智能,日海智能:独立董事对第六届董事会第五次会议相关事项发表的事前认可意见,专项说明/独立意见,2023-12-09,https://data.eastmoney.com/notices/detail/002313/AN202312081613648362.html
日海智能,002313,002313,日海智能,日海智能:独立董事制度(2023年12月修订),管理办法/制度,2023-12-09,https://data.eastmoney.com/notices/detail/002313/AN202312081613648364.html
日海智能,002313,002313,日海智能,日海智能:子公司管理制度(2023年12月修订),管理办法/制度,2023-12-09,https://data.eastmoney.com/notices/detail/002313/AN202312081613648371.html
日海智能,002313,002313,日海智能,日海智能:第六届董事会第五次会议决议公告,高管人员任职变动,2023-12-09,https://data.eastmoney.com/notices/detail/002313/AN202312081613648368.html
日海智能,002313,002313,日海智能,日海智能:关于补充确认日常关联交易的公告,关联交易,2023-12-09,https://data.eastmoney.com/notices/detail/002313/AN202312081613648370.html
日海智能,002313,002313,日海智能,日海智能:第六届监事会第四次会议决议公告,监事会决议公告,2023-12-09,https://data.eastmoney.com/notices/detail/002313/AN202312081613648365.html
日海智能,002313,002313,日海智能,日海智能:关于召开2023年第四次临时股东大会的通知,召开股东大会通知,2023-12-09,https://data.eastmoney.com/notices/detail/002313/AN202312081613648363.html
日海智能,002313,002313,日海智能,日海智能:拟股权质押涉及的芯讯通无线科技(上海)有限公司股东全部权益价值资产评估报告,其他,2023-12-09,https://data.eastmoney.com/notices/detail/002313/AN202312081613648357.html
日海智能,002313,002313,日海智能,日海智能:拟股权质押涉及的日海智能设备(珠海)有限公司股东全部权益价值资产评估报告,其他,2023-12-09,https://data.eastmoney.com/notices/detail/002313/AN202312081613648359.html
日海智能,002313,002313,日海智能,日海智能:公司章程修订对照表(2023年12月修订),公司章程修订,2023-12-09,https://data.eastmoney.com/notices/detail/002313/AN202312081613648358.html
日海智能,002313,002313,日海智能,日海智能:关于收到《行政处罚事先告知书》的公告,处罚,2023-12-06,https://data.eastmoney.com/notices/detail/002313/AN202312051613385378.html
日海智能,002313,002313,日海智能,日海智能:股票交易异常波动公告,股票交易异常波动,2023-12-04,https://data.eastmoney.com/notices/detail/002313/AN202312031613220972.html
日海智能,002313,002313,日海智能,日海智能:关于收到行政监管措施决定书的公告,其他,2023-11-28,https://data.eastmoney.com/notices/detail/002313/AN202311271612393867.html
日海智能,002313,002313,日海智能,日海智能:股票交易异常波动公告,股票交易异常波动,2023-11-08,https://data.eastmoney.com/notices/detail/002313/AN202311071609237846.html
日海智能,002313,002313,日海智能,日海智能:关于新增累计重大诉讼、仲裁情况的公告,诉讼仲裁,2023-11-07,https://data.eastmoney.com/notices/detail/002313/AN202311061609038089.html
日海智能,002313,002313,日海智能,*ST日海:天衡会计师事务所(特殊普通合伙)关于对公司问询函中有关财务事项之回复说明,会计师事务所问询函回复公告,2023-11-02,https://data.eastmoney.com/notices/detail/002313/AN202311011607637413.html
日海智能,002313,002313,日海智能,*ST日海:关于公司股票交易撤销退市风险警示和其他风险警示暨停复牌公告,撤销其他特别处理,2023-11-02,https://data.eastmoney.com/notices/detail/002313/AN202311011607637411.html
日海智能,002313,002313,日海智能,*ST日海:关于深圳证券交易所对公司问询函的回复公告,回复问询函公告,2023-11-02,https://data.eastmoney.com/notices/detail/002313/AN202311011607637410.html
日海智能,002313,002313,日海智能,*ST日海:关于延期回复深圳证券交易所问询函的公告,延期回复问询函公告,2023-10-31,https://data.eastmoney.com/notices/detail/002313/AN202310301605658815.html
日海智能,002313,002313,日海智能,*ST日海:第六届董事会第四次会议决议公告,董事会决议公告,2023-10-28,https://data.eastmoney.com/notices/detail/002313/AN202310271605181047.html
日海智能,002313,002313,日海智能,*ST日海:第六届监事会第三次会议决议公告,监事会决议公告,2023-10-28,https://data.eastmoney.com/notices/detail/002313/AN202310271605181048.html
日海智能,002313,002313,日海智能,*ST日海:2023年三季度报告,三季度报告全文,2023-10-28,https://data.eastmoney.com/notices/detail/002313/AN202310271605181024.html
日海智能,002313,002313,日海智能,*ST日海:关于延期回复深圳证券交易所问询函的公告,延期回复问询函公告,2023-10-17,https://data.eastmoney.com/notices/detail/002313/AN202310161601490494.html
日海智能,002313,002313,日海智能,*ST日海:关于延期回复深圳证券交易所问询函的公告,延期回复问询函公告,2023-09-26,https://data.eastmoney.com/notices/detail/002313/AN202309251599781272.html
日海智能,002313,002313,日海智能,*ST日海:关于聘任公司副总经理的公告,高管人员任职变动,2023-09-12,https://data.eastmoney.com/notices/detail/002313/AN202309111598232955.html
日海智能,002313,002313,日海智能,*ST日海:第六届董事会第三次会议决议公告,高管人员任职变动,2023-09-12,https://data.eastmoney.com/notices/detail/002313/AN202309111598232962.html
日海智能,002313,002313,日海智能,*ST日海:独立董事对第六届董事会第三次会议相关事项的独立意见,专项说明/独立意见,2023-09-12,https://data.eastmoney.com/notices/detail/002313/AN202309111598232957.html
日海智能,002313,002313,日海智能,*ST日海:关于延期回复深圳证券交易所问询函的公告,延期回复问询函公告,2023-09-12,https://data.eastmoney.com/notices/detail/002313/AN202309111598232952.html
日海智能,002313,002313,日海智能,*ST日海:2023年半年度财务报告,半年度财务报告,2023-08-31,https://data.eastmoney.com/notices/detail/002313/AN202308301596847594.html
日海智能,002313,002313,日海智能,*ST日海:2023年半年度报告摘要,半年度报告摘要,2023-08-31,https://data.eastmoney.com/notices/detail/002313/AN202308301596847587.html
日海智能,002313,002313,日海智能,*ST日海:第六届董事会第二次会议决议公告,董事会决议公告,2023-08-31,https://data.eastmoney.com/notices/detail/002313/AN202308301596847591.html
日海智能,002313,002313,日海智能,*ST日海:关于累计诉讼、仲裁案件情况的公告,诉讼仲裁,2023-08-31,https://data.eastmoney.com/notices/detail/002313/AN202308301596847589.html
日海智能,002313,002313,日海智能,*ST日海:关于2023年半年度募集资金存放与使用情况的专项报告,募集资金使用情况报告,2023-08-31,https://data.eastmoney.com/notices/detail/002313/AN202308301596847596.html
日海智能,002313,002313,日海智能,*ST日海:半年度非经营性资金占用及其他关联资金往来情况汇总表,资金占用,2023-08-31,https://data.eastmoney.com/notices/detail/002313/AN202308301596847597.html
日海智能,002313,002313,日海智能,*ST日海:2023年半年度报告,半年度报告全文,2023-08-31,https://data.eastmoney.com/notices/detail/002313/AN202308301596847588.html
日海智能,002313,002313,日海智能,*ST日海:独立董事对相关事项发表的独立意见,专项说明/独立意见,2023-08-31,https://data.eastmoney.com/notices/detail/002313/AN202308301596847595.html
日海智能,002313,002313,日海智能,*ST日海:第六届监事会第二次会议决议公告,监事会决议公告,2023-08-31,https://data.eastmoney.com/notices/detail/002313/AN202308301596847577.html
日海智能,002313,002313,日海智能,*ST日海:第六届董事会第一次会议决议公告,高管人员任职变动,2023-08-30,https://data.eastmoney.com/notices/detail/002313/AN202308291596631550.html
日海智能,002313,002313,日海智能,*ST日海:关于董事会、监事会完成换届选举及聘任高级管理人员等事项的公告,高管人员任职变动,2023-08-30,https://data.eastmoney.com/notices/detail/002313/AN202308291596631559.html
日海智能,002313,002313,日海智能,*ST日海:独立董事对相关事项发表的独立意见,专项说明/独立意见,2023-08-30,https://data.eastmoney.com/notices/detail/002313/AN202308291596631517.html
日海智能,002313,002313,日海智能,*ST日海:第六届监事会第一次会议决议公告,高管人员任职变动,2023-08-30,https://data.eastmoney.com/notices/detail/002313/AN202308291596631516.html
日海智能,002313,002313,日海智能,*ST日海:董事会专门委员会工作细则(2023年8月),议事规则/实施细则,2023-08-30,https://data.eastmoney.com/notices/detail/002313/AN202308291596631515.html
日海智能,002313,002313,日海智能,*ST日海:上海市锦天城(深圳)律师事务所关于公司2023年第三次临时股东大会法律意见书,法律意见书,2023-08-29,https://data.eastmoney.com/notices/detail/002313/AN202308281595944927.html
日海智能,002313,002313,日海智能,*ST日海:2023年第三次临时股东大会决议公告,股东大会决议公告,2023-08-29,https://data.eastmoney.com/notices/detail/002313/AN202308281595944888.html
日海智能,002313,002313,日海智能,*ST日海:关于延期回复深圳证券交易所问询函的公告,延期回复问询函公告,2023-08-29,https://data.eastmoney.com/notices/detail/002313/AN202308281595944887.html
日海智能,002313,002313,日海智能,*ST日海:关于职工代表大会选举产生第六届监事会职工代表监事的公告,高管人员任职变动,2023-08-29,https://data.eastmoney.com/notices/detail/002313/AN202308281595944869.html
日海智能,002313,002313,日海智能,*ST日海:关于召开2023年第三次临时股东大会的提示性公告,召开股东大会提示性公告,2023-08-24,https://data.eastmoney.com/notices/detail/002313/AN202308231595535245.html
日海智能,002313,002313,日海智能,*ST日海:关于增加2023年第三次临时股东大会临时提案暨补充通知的公告,增加股东大会议案,2023-08-17,https://data.eastmoney.com/notices/detail/002313/AN202308161594845767.html
日海智能,002313,002313,日海智能,*ST日海:第五届董事会第五十四次会议决议公告,董事会决议公告,2023-08-17,https://data.eastmoney.com/notices/detail/002313/AN202308161594845768.html
日海智能,002313,002313,日海智能,*ST日海:关于调整2023年度对外担保额度预计的公告,担保年度额度预计,2023-08-17,https://data.eastmoney.com/notices/detail/002313/AN202308161594845749.html
日海智能,002313,002313,日海智能,*ST日海:关于延期回复深圳证券交易所问询函的公告,延期回复问询函公告,2023-08-15,https://data.eastmoney.com/notices/detail/002313/AN202308141594362556.html
日海智能,002313,002313,日海智能,*ST日海:独立董事候选人声明(刘江平),独立董事候选人声明,2023-08-11,https://data.eastmoney.com/notices/detail/002313/AN202308101593828610.html
日海智能,002313,002313,日海智能,*ST日海:独立董事候选人声明(赵广宇),独立董事候选人声明,2023-08-11,https://data.eastmoney.com/notices/detail/002313/AN202308101593828609.html
日海智能,002313,002313,日海智能,*ST日海:第五届监事会第四十二次会议决议公告,高管人员任职变动,2023-08-11,https://data.eastmoney.com/notices/detail/002313/AN202308101593828607.html
日海智能,002313,002313,日海智能,*ST日海:独立董事候选人声明(黄海明),独立董事候选人声明,2023-08-11,https://data.eastmoney.com/notices/detail/002313/AN202308101593828604.html
日海智能,002313,002313,日海智能,*ST日海:独立董事提名人声明(黄海明),独立董事提名人声明,2023-08-11,https://data.eastmoney.com/notices/detail/002313/AN202308101593828600.html
日海智能,002313,002313,日海智能,*ST日海:独立董事对相关事项发表的独立意见,专项说明/独立意见,2023-08-11,https://data.eastmoney.com/notices/detail/002313/AN202308101593828602.html
日海智能,002313,002313,日海智能,*ST日海:第五届董事会第五十三次会议决议公告,高管人员任职变动,2023-08-11,https://data.eastmoney.com/notices/detail/002313/AN202308101593828601.html
日海智能,002313,002313,日海智能,*ST日海:独立董事提名人声明(赵广宇),独立董事提名人声明,2023-08-11,https://data.eastmoney.com/notices/detail/002313/AN202308101593828598.html
日海智能,002313,002313,日海智能,*ST日海:独立董事提名人声明(刘江平),独立董事提名人声明,2023-08-11,https://data.eastmoney.com/notices/detail/002313/AN202308101593827247.html
日海智能,002313,002313,日海智能,*ST日海:关于召开2023年第三次临时股东大会的通知,召开股东大会通知,2023-08-11,https://data.eastmoney.com/notices/detail/002313/AN202308101593827249.html
日海智能,002313,002313,日海智能,*ST日海:关于收到第一大股东《关于放弃行使相关股份表决权的承诺函》的公告,其他,2023-08-10,https://data.eastmoney.com/notices/detail/002313/AN202308091593598762.html
日海智能,002313,002313,日海智能,*ST日海:关于延期回复深圳证券交易所问询函的公告,延期回复问询函公告,2023-08-01,https://data.eastmoney.com/notices/detail/002313/AN202307311592926462.html
日海智能,002313,002313,日海智能,*ST日海:关于监事会换届选举并征集监事候选人的提示性公告,高管人员任职变动,2023-07-28,https://data.eastmoney.com/notices/detail/002313/AN202307271592728835.html
日海智能,002313,002313,日海智能,*ST日海:关于董事会换届选举并征集董事候选人的提示性公告,高管人员任职变动,2023-07-28,https://data.eastmoney.com/notices/detail/002313/AN202307271592728837.html
日海智能,002313,002313,日海智能,*ST日海:关于延期回复深圳证券交易所问询函的公告,延期回复问询函公告,2023-07-25,https://data.eastmoney.com/notices/detail/002313/AN202307241592576550.html
日海智能,002313,002313,日海智能,*ST日海:股票交易异常波动公告,股票交易异常波动,2023-07-17,https://data.eastmoney.com/notices/detail/002313/AN202307161592322754.html
日海智能,002313,002313,日海智能,*ST日海:2023年半年度业绩预告,业绩预告,2023-07-15,https://data.eastmoney.com/notices/detail/002313/AN202307141592281037.html
日海智能,002313,002313,日海智能,*ST日海:关于收到中国证券监督管理委员会立案告知书的公告,其他,2023-07-13,https://data.eastmoney.com/notices/detail/002313/AN202307121592217313.html
日海智能,002313,002313,日海智能,*ST日海:关于延期回复深圳证券交易所问询函的公告,延期回复问询函公告,2023-07-11,https://data.eastmoney.com/notices/detail/002313/AN202307101592138221.html
日海智能,002313,002313,日海智能,*ST日海:关于延期回复深圳证券交易所问询函的公告,延期回复问询函公告,2023-06-27,https://data.eastmoney.com/notices/detail/002313/AN202306261591301350.html
日海智能,002313,002313,日海智能,*ST日海:2019年度会计差错更正后财务报表,会计差错更正公告,2023-06-16,https://data.eastmoney.com/notices/detail/002313/AN202306151590973589.html
日海智能,002313,002313,日海智能,*ST日海:2020年度会计差错更正后财务报表,会计差错更正公告,2023-06-16,https://data.eastmoney.com/notices/detail/002313/AN202306151590973592.html
日海智能,002313,002313,日海智能,*ST日海:关于延期披露会计差错更正后2021年度审计报告的提示性公告,其他,2023-06-16,https://data.eastmoney.com/notices/detail/002313/AN202306151590973509.html
日海智能,002313,002313,日海智能,002313:*ST日海问询函,问询函,2023-06-12,https://data.eastmoney.com/notices/detail/002313/AN202306121590862419.html
日海智能,002313,002313,日海智能,*ST日海:天衡会计师事务所(特殊普通合伙)关于公司2022年年度报告问询函回复中有关财务事项之回复说明,会计师事务所问询函回复公告,2023-06-10,https://data.eastmoney.com/notices/detail/002313/AN202306091590675497.html
日海智能,002313,002313,日海智能,*ST日海:上海市锦天城(深圳)律师事务所关于公司申请撤销退市风险警示及其他风险警示的法律意见书,法律意见书,2023-06-10,https://data.eastmoney.com/notices/detail/002313/AN202306091590675503.html
日海智能,002313,002313,日海智能,*ST日海:关于深圳证券交易所对公司2022年年报问询函的回复,回复问询函公告,2023-06-10,https://data.eastmoney.com/notices/detail/002313/AN202306091590675437.html
日海智能,002313,002313,日海智能,*ST日海:关于第一大股东股份解除质押及再质押的公告,股份质押、冻结,2023-06-01,https://data.eastmoney.com/notices/detail/002313/AN202305311587392917.html
日海智能,002313,002313,日海智能,*ST日海:关于延期回复深圳证券交易所年报问询函的公告,延期回复问询函公告,2023-05-27,https://data.eastmoney.com/notices/detail/002313/AN202305261587290465.html
日海智能,002313,002313,日海智能,*ST日海:第五届董事会第五十二次会议决议公告,董事会决议公告,2023-05-23,https://data.eastmoney.com/notices/detail/002313/AN202305221587052559.html
日海智能,002313,002313,日海智能,*ST日海:独立董事对相关事项发表的事前认可意见,专项说明/独立意见,2023-05-23,https://data.eastmoney.com/notices/detail/002313/AN202305221587052548.html
日海智能,002313,002313,日海智能,*ST日海:关于公司接受第一大股东股票质押担保暨关联交易的公告,其他担保公告,2023-05-23,https://data.eastmoney.com/notices/detail/002313/AN202305221587052540.html
日海智能,002313,002313,日海智能,*ST日海:独立董事对第五届董事会第五十二次会议相关事项的独立意见,专项说明/独立意见,2023-05-23,https://data.eastmoney.com/notices/detail/002313/AN202305221587052547.html
日海智能,002313,002313,日海智能,*ST日海:第五届监事会第四十一次会议决议公告,监事会决议公告,2023-05-23,https://data.eastmoney.com/notices/detail/002313/AN202305221587052491.html
日海智能,002313,002313,日海智能,深交所:*ST日海_监管函,深交所股票监管函,2023-05-18,https://data.eastmoney.com/notices/detail/002313/AN202305181586762665.html
日海智能,002313,002313,日海智能,*ST日海:股票交易异常波动公告,股票交易异常波动,2023-05-18,https://data.eastmoney.com/notices/detail/002313/AN202305171586725505.html
日海智能,002313,002313,日海智能,*ST日海:上海市锦天城(深圳)律师事务所关于公司2023年第二次临时股东大会的法律意见书,法律意见书,2023-05-16,https://data.eastmoney.com/notices/detail/002313/AN202305151586644738.html
日海智能,002313,002313,日海智能,*ST日海:2023年第二次临时股东大会决议公告,股东大会决议公告,2023-05-16,https://data.eastmoney.com/notices/detail/002313/AN202305151586644737.html
日海智能,002313,002313,日海智能,*ST日海:关于延期回复深圳证券交易所年报问询函的公告,延期回复问询函公告,2023-05-13,https://data.eastmoney.com/notices/detail/002313/AN202305121586536727.html
日海智能,002313,002313,日海智能,*ST日海:关于召开2023年第二次临时股东大会的提示性公告,召开股东大会提示性公告,2023-05-10,https://data.eastmoney.com/notices/detail/002313/AN202305091586407052.html
日海智能,002313,002313,日海智能,*ST日海:2023年5月9日投资者关系活动记录表(2022年度网上业绩说明会),调研活动,2023-05-09,https://data.eastmoney.com/notices/detail/002313/AN202305091586407559.html
日海智能,002313,002313,日海智能,*ST日海:上海市锦天城(深圳)律师事务所关于公司2022年度股东大会的法律意见书,法律意见书,2023-05-09,https://data.eastmoney.com/notices/detail/002313/AN202305081586364274.html
日海智能,002313,002313,日海智能,*ST日海:2022年度股东大会决议公告,分配方案决议公告,2023-05-09,https://data.eastmoney.com/notices/detail/002313/AN202305081586364272.html
日海智能,002313,002313,日海智能,*ST日海:关于延期回复深圳证券交易所年报问询函的公告,延期回复问询函公告,2023-05-06,https://data.eastmoney.com/notices/detail/002313/AN202305051586301825.html
日海智能,002313,002313,日海智能,*ST日海:关于召开2022年度股东大会的提示性公告,召开股东大会提示性公告,2023-05-05,https://data.eastmoney.com/notices/detail/002313/AN202305041586266289.html
日海智能,002313,002313,日海智能,*ST日海:上海市锦天城(深圳)律师事务所关于公司2023年第一次临时股东大会法律意见书,法律意见书,2023-05-05,https://data.eastmoney.com/notices/detail/002313/AN202305041586266285.html
日海智能,002313,002313,日海智能,*ST日海:2023年第一次临时股东大会决议公告,股东大会决议公告,2023-05-05,https://data.eastmoney.com/notices/detail/002313/AN202305041586266287.html
日海智能,002313,002313,日海智能,*ST日海:第五届监事会第四十次会议决议公告,监事会决议公告,2023-04-29,https://data.eastmoney.com/notices/detail/002313/AN202304281586071350.html
日海智能,002313,002313,日海智能,*ST日海:关于终止募集资金投资项目并将剩余募集资金永久补充流动资金的公告,募集资金补充流动资金,2023-04-29,https://data.eastmoney.com/notices/detail/002313/AN202304281586071358.html
日海智能,002313,002313,日海智能,*ST日海:独立董事对第五届董事会第五十一次会议相关事项的独立意见,专项说明/独立意见,2023-04-29,https://data.eastmoney.com/notices/detail/002313/AN202304281586071141.html
日海智能,002313,002313,日海智能,*ST日海:关于召开2023年第二次临时股东大会的通知,召开股东大会通知,2023-04-29,https://data.eastmoney.com/notices/detail/002313/AN202304281586071131.html
日海智能,002313,002313,日海智能,*ST日海:中信证券关于公司终止募集资金投资项目并将剩余募集资金永久补充流动资金的核查意见,保荐/核查意见,2023-04-29,https://data.eastmoney.com/notices/detail/002313/AN202304281586071124.html
日海智能,002313,002313,日海智能,*ST日海:2023年一季度报告,一季度报告全文,2023-04-29,https://data.eastmoney.com/notices/detail/002313/AN202304281586071129.html
日海智能,002313,002313,日海智能,*ST日海:第五届董事会第五十一次会议决议公告,董事会决议公告,2023-04-29,https://data.eastmoney.com/notices/detail/002313/AN202304281586071122.html
日海智能,002313,002313,日海智能,*ST日海:股票交易异常波动公告,股票交易异常波动,2023-04-25,https://data.eastmoney.com/notices/detail/002313/AN202304241585751794.html
日海智能,002313,002313,日海智能,002313:*ST日海年报问询函,年报问询函,2023-04-21,https://data.eastmoney.com/notices/detail/002313/AN202304211585682602.html
日海智能,002313,002313,日海智能,*ST日海:股票交易异常波动公告,股票交易异常波动,2023-04-21,https://data.eastmoney.com/notices/detail/002313/AN202304201585627668.html
日海智能,002313,002313,日海智能,*ST日海:关于召开2023年第一次临时股东大会的通知,召开股东大会通知,2023-04-18,https://data.eastmoney.com/notices/detail/002313/AN202304171585511005.html
日海智能,002313,002313,日海智能,*ST日海:第五届董事会第五十次会议决议公告,董事会决议公告,2023-04-18,https://data.eastmoney.com/notices/detail/002313/AN202304171585511009.html
日海智能,002313,002313,日海智能,*ST日海:独立董事对相关事项发表的事前认可意见,专项说明/独立意见,2023-04-18,https://data.eastmoney.com/notices/detail/002313/AN202304171585511003.html
日海智能,002313,002313,日海智能,*ST日海:独立董事对第五届董事会第五十次会议相关事项的独立意见,专项说明/独立意见,2023-04-18,https://data.eastmoney.com/notices/detail/002313/AN202304171585511007.html
日海智能,002313,002313,日海智能,*ST日海:关于开展融资业务暨关联交易的公告,关联交易,2023-04-18,https://data.eastmoney.com/notices/detail/002313/AN202304171585511004.html
日海智能,002313,002313,日海智能,*ST日海:第五届监事会第三十九次会议决议公告,监事会决议公告,2023-04-18,https://data.eastmoney.com/notices/detail/002313/AN202304171585511000.html
日海智能,002313,002313,日海智能,*ST日海:董事、监事和高级管理人员所持公司股份及其变动管理制度(2023年4月),高管人员任职变动,2023-04-17,https://data.eastmoney.com/notices/detail/002313/AN202304161585487725.html
日海智能,002313,002313,日海智能,*ST日海:防范大股东及关联方资金占用专项制度(2023年4月),管理办法/制度,2023-04-17,https://data.eastmoney.com/notices/detail/002313/AN202304161585487728.html
日海智能,002313,002313,日海智能,*ST日海:关于2023年度对外担保额度预计的公告,担保年度额度预计,2023-04-17,https://data.eastmoney.com/notices/detail/002313/AN202304161585487696.html
日海智能,002313,002313,日海智能,*ST日海:关于未弥补亏损达到实收股本总额三分之一的公告,其他,2023-04-17,https://data.eastmoney.com/notices/detail/002313/AN202304161585487633.html
日海智能,002313,002313,日海智能,*ST日海:监事会对《董事会关于前期非标审计意见涉及事项影响消除的专项说明》的意见,专项说明/独立意见,2023-04-17,https://data.eastmoney.com/notices/detail/002313/AN202304161585487645.html
日海智能,002313,002313,日海智能,*ST日海:关于2023年度向润良泰申请借款额度暨关联交易的公告,借贷,2023-04-17,https://data.eastmoney.com/notices/detail/002313/AN202304161585487672.html
日海智能,002313,002313,日海智能,*ST日海:关于举行2022年度报告网上说明会的通知,其他,2023-04-17,https://data.eastmoney.com/notices/detail/002313/AN202304161585487667.html
日海智能,002313,002313,日海智能,*ST日海:关于会计师事务所2022年度审计工作总结的报告,其他,2023-04-17,https://data.eastmoney.com/notices/detail/002313/AN202304161585487671.html
日海智能,002313,002313,日海智能,*ST日海:2021年度内部控制审计报告否定意见所述事项影响已消除的专项说明审核报告,专项说明/独立意见,2023-04-17,https://data.eastmoney.com/notices/detail/002313/AN202304161585487641.html
日海智能,002313,002313,日海智能,*ST日海:董事会关于前期非标审计意见涉及事项影响消除的专项说明,专项说明/独立意见,2023-04-17,https://data.eastmoney.com/notices/detail/002313/AN202304161585487662.html
日海智能,002313,002313,日海智能,*ST日海:2022年度营业收入扣除情况的专项说明,专项说明/独立意见,2023-04-17,https://data.eastmoney.com/notices/detail/002313/AN202304161585487616.html
日海智能,002313,002313,日海智能,*ST日海:关于公司前期会计差错更正专项说明审核报告,专项说明/独立意见,2023-04-17,https://data.eastmoney.com/notices/detail/002313/AN202304161585487612.html
日海智能,002313,002313,日海智能,*ST日海:关于会计政策变更的公告,其他,2023-04-17,https://data.eastmoney.com/notices/detail/002313/AN202304161585487607.html
日海智能,002313,002313,日海智能,*ST日海:内部控制审计报告,审计报告,2023-04-17,https://data.eastmoney.com/notices/detail/002313/AN202304161585487613.html
日海智能,002313,002313,日海智能,*ST日海:监事会2022年度工作报告,其他,2023-04-17,https://data.eastmoney.com/notices/detail/002313/AN202304161585487575.html
日海智能,002313,002313,日海智能,*ST日海:独立董事关于《董事会关于前期非标审计意见涉及事项影响消除的专项说明》的独立意见,专项说明/独立意见,2023-04-17,https://data.eastmoney.com/notices/detail/002313/AN202304161585487563.html
日海智能,002313,002313,日海智能,*ST日海:关于2022年度募集资金存放与使用情况的专项报告,募集资金使用情况报告,2023-04-17,https://data.eastmoney.com/notices/detail/002313/AN202304161585487549.html
日海智能,002313,002313,日海智能,*ST日海:财务会计相关负责人管理制度(2023年4月),管理办法/制度,2023-04-17,https://data.eastmoney.com/notices/detail/002313/AN202304161585487571.html
日海智能,002313,002313,日海智能,*ST日海:关于2022年度内部控制自我评价报告,内部控制报告,2023-04-17,https://data.eastmoney.com/notices/detail/002313/AN202304161585487556.html
日海智能,002313,002313,日海智能,*ST日海:独立董事对相关事项发表的事前认可意见,专项说明/独立意见,2023-04-17,https://data.eastmoney.com/notices/detail/002313/AN202304161585487552.html
日海智能,002313,002313,日海智能,*ST日海:中信证券股份有限公司关于公司2022年度募集资金存放与使用情况的专项核查报告,保荐/核查意见,2023-04-17,https://data.eastmoney.com/notices/detail/002313/AN202304161585487538.html
日海智能,002313,002313,日海智能,*ST日海:独立董事关于有关事项所发表的独立意见,专项说明/独立意见,2023-04-17,https://data.eastmoney.com/notices/detail/002313/AN202304161585487535.html
日海智能,002313,002313,日海智能,*ST日海:关于申请撤销退市风险警示及其他风险警示的公告,申请撤销风险警示及特别处理,2023-04-17,https://data.eastmoney.com/notices/detail/002313/AN202304161585487510.html
日海智能,002313,002313,日海智能,*ST日海:关于2022年度不进行利润分配的专项说明,专项说明/独立意见,2023-04-17,https://data.eastmoney.com/notices/detail/002313/AN202304161585487487.html
日海智能,002313,002313,日海智能,*ST日海:2022年年度报告摘要,年度报告摘要,2023-04-17,https://data.eastmoney.com/notices/detail/002313/AN202304161585487485.html
日海智能,002313,002313,日海智能,*ST日海:2021年度审计报告无法表示意见涉及事项影响已消除的专项说明审核报告,专项说明/独立意见,2023-04-17,https://data.eastmoney.com/notices/detail/002313/AN202304161585487425.html
日海智能,002313,002313,日海智能,*ST日海:2022年年度审计报告,审计报告,2023-04-17,https://data.eastmoney.com/notices/detail/002313/AN202304161585487455.html
日海智能,002313,002313,日海智能,*ST日海:关于召开2022年度股东大会的通知,召开股东大会通知,2023-04-17,https://data.eastmoney.com/notices/detail/002313/AN202304161585487431.html
日海智能,002313,002313,日海智能,*ST日海:信息披露管理制度(2023年4月),管理办法/制度,2023-04-17,https://data.eastmoney.com/notices/detail/002313/AN202304161585487460.html
日海智能,002313,002313,日海智能,*ST日海:监事会对《董事会关于2021年度内部控制审计报告否定意见所述事项影响已消除的专项说明》的意见,专项说明/独立意见,2023-04-17,https://data.eastmoney.com/notices/detail/002313/AN202304161585487414.html
日海智能,002313,002313,日海智能,*ST日海:第五届董事会第四十九次会议决议公告,分配预案,2023-04-17,https://data.eastmoney.com/notices/detail/002313/AN202304161585487406.html
日海智能,002313,002313,日海智能,*ST日海:关于2023年度使用自有闲置资金开展委托理财的公告,委托（受托）事项,2023-04-17,https://data.eastmoney.com/notices/detail/002313/AN202304161585487391.html
日海智能,002313,002313,日海智能,*ST日海:业绩预测管理制度(2023年4月),管理办法/制度,2023-04-17,https://data.eastmoney.com/notices/detail/002313/AN202304161585487386.html
日海智能,002313,002313,日海智能,*ST日海:关于前期会计差错更正及追溯调整的公告,会计差错更正公告,2023-04-17,https://data.eastmoney.com/notices/detail/002313/AN202304161585487384.html
日海智能,002313,002313,日海智能,*ST日海:独立董事关于《董事会关于2021年度内部控制审计报告否定意见所述事项影响已消除的专项说明》的独立意见,专项说明/独立意见,2023-04-17,https://data.eastmoney.com/notices/detail/002313/AN202304161585487360.html
日海智能,002313,002313,日海智能,*ST日海:年度关联方资金占用专项审计报告,保荐/核查意见,2023-04-17,https://data.eastmoney.com/notices/detail/002313/AN202304161585487368.html
日海智能,002313,002313,日海智能,*ST日海:关于2023年度日常关联交易预计的公告,关联交易,2023-04-17,https://data.eastmoney.com/notices/detail/002313/AN202304161585487353.html
日海智能,002313,002313,日海智能,*ST日海:2022年年度报告,年度报告全文,2023-04-17,https://data.eastmoney.com/notices/detail/002313/AN202304161585487345.html
日海智能,002313,002313,日海智能,*ST日海:独立董事2022年度述职报告(徐岷波),独立董事述职报告,2023-04-17,https://data.eastmoney.com/notices/detail/002313/AN202304161585487336.html
日海智能,002313,002313,日海智能,*ST日海:董事会关于2021年度内部控制审计报告否定意见所述事项影响已消除的专项说明,专项说明/独立意见,2023-04-17,https://data.eastmoney.com/notices/detail/002313/AN202304161585487308.html
日海智能,002313,002313,日海智能,*ST日海:关于续聘2023年度审计机构的公告,审计机构变更,2023-04-17,https://data.eastmoney.com/notices/detail/002313/AN202304161585487284.html
日海智能,002313,002313,日海智能,*ST日海:年度募集资金使用鉴证报告,保荐/核查意见,2023-04-17,https://data.eastmoney.com/notices/detail/002313/AN202304161585487230.html
日海智能,002313,002313,日海智能,*ST日海:第五届监事会第三十八次会议决议公告,监事会决议公告,2023-04-17,https://data.eastmoney.com/notices/detail/002313/AN202304161585487240.html
日海智能,002313,002313,日海智能,*ST日海:2022年度商誉减值测试报告,其他,2023-04-17,https://data.eastmoney.com/notices/detail/002313/AN202304161585487205.html
日海智能,002313,002313,日海智能,*ST日海:关于计提资产减值准备及核销资产的公告,其他,2023-04-17,https://data.eastmoney.com/notices/detail/002313/AN202304161585487199.html
日海智能,002313,002313,日海智能,*ST日海:独立董事2022年度述职报告(宋德亮),独立董事述职报告,2023-04-17,https://data.eastmoney.com/notices/detail/002313/AN202304161585487185.html
日海智能,002313,002313,日海智能,*ST日海:独立董事2022年度述职报告(刘晓明),独立董事述职报告,2023-04-17,https://data.eastmoney.com/notices/detail/002313/AN202304161585487183.html
日海智能,002313,002313,日海智能,*ST日海:关于公司股票可能被终止上市的第六次风险提示公告,终止上市风险提示,2023-04-11,https://data.eastmoney.com/notices/detail/002313/AN202304101585259282.html
日海智能,002313,002313,日海智能,*ST日海:关于2022年年度报告延期披露的公告,延期披露定报公告,2023-04-08,https://data.eastmoney.com/notices/detail/002313/AN202304071585220378.html
日海智能,002313,002313,日海智能,*ST日海:关于公司2022年年度报告编制及最新审计进展的公告,其他,2023-03-28,https://data.eastmoney.com/notices/detail/002313/AN202303271584581897.html
日海智能,002313,002313,日海智能,*ST日海:关于公司股票可能被终止上市的第五次风险提示公告,终止上市风险提示,2023-03-28,https://data.eastmoney.com/notices/detail/002313/AN202303271584581917.html
日海智能,002313,002313,日海智能,*ST日海:关于公司股票可能被终止上市的第四次风险提示公告,终止上市风险提示,2023-03-14,https://data.eastmoney.com/notices/detail/002313/AN202303131584227233.html
日海智能,002313,002313,日海智能,*ST日海:关于公司2022年年度报告编制及最新审计进展的公告,其他,2023-03-14,https://data.eastmoney.com/notices/detail/002313/AN202303131584227224.html
日海智能,002313,002313,日海智能,*ST日海:关于公司资产转让完成的公告,其他,2023-03-09,https://data.eastmoney.com/notices/detail/002313/AN202303081584123863.html
日海智能,002313,002313,日海智能,*ST日海:关于公司股票可能被终止上市的第三次风险提示公告,终止上市风险提示,2023-02-28,https://data.eastmoney.com/notices/detail/002313/AN202302271583822038.html
日海智能,002313,002313,日海智能,*ST日海:关于公司股票可能被终止上市的第二次风险提示公告,终止上市风险提示,2023-02-14,https://data.eastmoney.com/notices/detail/002313/AN202302131583084044.html
日海智能,002313,002313,日海智能,*ST日海:关于公司股票可能被终止上市的第一次风险提示公告,终止上市风险提示,2023-01-31,https://data.eastmoney.com/notices/detail/002313/AN202301301582510850.html
日海智能,002313,002313,日海智能,*ST日海:2022年度业绩预告,业绩预告,2023-01-31,https://data.eastmoney.com/notices/detail/002313/AN202301301582510838.html
日海智能,002313,002313,日海智能,*ST日海:关于公司资产转让的进展公告,收购出售资产/股权,2022-12-29,https://data.eastmoney.com/notices/detail/002313/AN202212281581438964.html
日海智能,002313,002313,日海智能,*ST日海:关于公司第二期员工持股计划存续期展期的公告,员工持股计划,2022-12-27,https://data.eastmoney.com/notices/detail/002313/AN202212261581384815.html
日海智能,002313,002313,日海智能,*ST日海:第二期员工持股计划持有人会议第三次会议决议公告,员工持股计划,2022-12-27,https://data.eastmoney.com/notices/detail/002313/AN202212261581384712.html
日海智能,002313,002313,日海智能,*ST日海:第五届董事会第四十八次会议决议公告,董事会决议公告,2022-12-27,https://data.eastmoney.com/notices/detail/002313/AN202212261581384710.html
日海智能,002313,002313,日海智能,*ST日海:独立董事对第五届董事会第四十八次会议相关事项的独立意见,专项说明/独立意见,2022-12-27,https://data.eastmoney.com/notices/detail/002313/AN202212261581384713.html
日海智能,002313,002313,日海智能,*ST日海:第五届监事会第三十七次会议决议公告,监事会决议公告,2022-12-27,https://data.eastmoney.com/notices/detail/002313/AN202212261581384709.html
日海智能,002313,002313,日海智能,*ST日海:第五届董事会第四十七次会议决议公告,高管人员任职变动,2022-12-20,https://data.eastmoney.com/notices/detail/002313/AN202212191581208651.html
日海智能,002313,002313,日海智能,*ST日海:独立董事对第五届董事会第四十七次会议相关事项的独立意见,专项说明/独立意见,2022-12-20,https://data.eastmoney.com/notices/detail/002313/AN202212191581208650.html
日海智能,002313,002313,日海智能,*ST日海:关于聘任公司副总经理的公告,高管人员任职变动,2022-12-20,https://data.eastmoney.com/notices/detail/002313/AN202212191581208643.html
日海智能,002313,002313,日海智能,*ST日海:2022年第六次临时股东大会决议公告,股东大会决议公告,2022-12-13,https://data.eastmoney.com/notices/detail/002313/AN202212121581021194.html
日海智能,002313,002313,日海智能,*ST日海:日海智能2022年第六次临时股东大会的法律意见书,法律意见书,2022-12-13,https://data.eastmoney.com/notices/detail/002313/AN202212121581021195.html
日海智能,002313,002313,日海智能,*ST日海:关于召开2022年第六次临时股东大会的提示性公告,召开股东大会提示性公告,2022-12-09,https://data.eastmoney.com/notices/detail/002313/AN202212081580926956.html
日海智能,002313,002313,日海智能,*ST日海:关于第一大股东股份解除质押及再质押的公告,股份质押、冻结,2022-12-01,https://data.eastmoney.com/notices/detail/002313/AN202211301580690419.html
日海智能,002313,002313,日海智能,*ST日海:独立董事对第五届董事会第四十六次会议相关事项的独立意见,专项说明/独立意见,2022-11-29,https://data.eastmoney.com/notices/detail/002313/AN202211281580628863.html
日海智能,002313,002313,日海智能,*ST日海:第五届董事会第四十六次会议决议公告,董事会决议公告,2022-11-29,https://data.eastmoney.com/notices/detail/002313/AN202211281580628857.html
日海智能,002313,002313,日海智能,*ST日海:关于公司授权子公司共享保理融资额度的公告,其他,2022-11-29,https://data.eastmoney.com/notices/detail/002313/AN202211281580628855.html
日海智能,002313,002313,日海智能,*ST日海:龙尚科技(上海)有限公司股东全部权益价值资产评估报告,其他,2022-11-25,https://data.eastmoney.com/notices/detail/002313/AN202211241580548048.html
日海智能,002313,002313,日海智能,*ST日海:日海智能设备(珠海)有限公司股东全部权益价值资产评估报告,其他,2022-11-25,https://data.eastmoney.com/notices/detail/002313/AN202211241580547929.html
日海智能,002313,002313,日海智能,*ST日海:关于公司接受控股股东担保并向其提供反担保暨关联交易的公告,提供/对外担保公告,2022-11-25,https://data.eastmoney.com/notices/detail/002313/AN202211241580547918.html
日海智能,002313,002313,日海智能,*ST日海:第五届监事会第三十六次会议决议公告,监事会决议公告,2022-11-25,https://data.eastmoney.com/notices/detail/002313/AN202211241580547921.html
日海智能,002313,002313,日海智能,*ST日海:芯讯通无线科技(上海)有限公司股东全部权益价值资产评估报告,其他,2022-11-25,https://data.eastmoney.com/notices/detail/002313/AN202211241580547927.html
日海智能,002313,002313,日海智能,*ST日海:第五届董事会第四十五次会议决议公告,董事会决议公告,2022-11-25,https://data.eastmoney.com/notices/detail/002313/AN202211241580547926.html
日海智能,002313,002313,日海智能,*ST日海:独立董事对第五届董事会第四十五次会议相关事项的独立意见,专项说明/独立意见,2022-11-25,https://data.eastmoney.com/notices/detail/002313/AN202211241580547925.html
日海智能,002313,002313,日海智能,*ST日海:独立董事对相关事项发表的事前认可意见,专项说明/独立意见,2022-11-25,https://data.eastmoney.com/notices/detail/002313/AN202211241580547893.html
日海智能,002313,002313,日海智能,*ST日海:关于召开2022年第六次临时股东大会的通知,召开股东大会通知,2022-11-25,https://data.eastmoney.com/notices/detail/002313/AN202211241580547890.html
日海智能,002313,002313,日海智能,*ST日海:关于公司资产转让进展暨完成交割的公告,其他,2022-11-19,https://data.eastmoney.com/notices/detail/002313/AN202211181580369282.html
日海智能,002313,002313,日海智能,*ST日海:关于计提资产减值准备的公告,其他,2022-10-31,https://data.eastmoney.com/notices/detail/002313/AN202210301579630425.html
日海智能,002313,002313,日海智能,*ST日海:第五届监事会第三十五次会议决议公告,监事会决议公告,2022-10-31,https://data.eastmoney.com/notices/detail/002313/AN202210301579630832.html
日海智能,002313,002313,日海智能,*ST日海:前期会计差错更正专项说明审核报告,保荐/核查意见,2022-10-31,https://data.eastmoney.com/notices/detail/002313/AN202210301579630653.html
日海智能,002313,002313,日海智能,*ST日海:2022年三季度报告,三季度报告全文,2022-10-31,https://data.eastmoney.com/notices/detail/002313/AN202210301579630391.html
日海智能,002313,002313,日海智能,*ST日海:独立董事对第五届董事会第四十四次会议相关事项的独立意见,专项说明/独立意见,2022-10-31,https://data.eastmoney.com/notices/detail/002313/AN202210301579630413.html
日海智能,002313,002313,日海智能,*ST日海:第五届董事会第四十四次会议决议公告,董事会决议公告,2022-10-31,https://data.eastmoney.com/notices/detail/002313/AN202210301579630362.html
日海智能,002313,002313,日海智能,*ST日海:关于前期会计差错更正及追溯调整的公告,会计差错更正公告,2022-10-31,https://data.eastmoney.com/notices/detail/002313/AN202210301579630336.html
日海智能,002313,002313,日海智能,*ST日海:2022年第五次临时股东大会的法律意见书,法律意见书,2022-10-28,https://data.eastmoney.com/notices/detail/002313/AN202210271579548342.html
日海智能,002313,002313,日海智能,*ST日海:2022年第五次临时股东大会决议公告,股东大会决议公告,2022-10-28,https://data.eastmoney.com/notices/detail/002313/AN202210271579548339.html
日海智能,002313,002313,日海智能,*ST日海:拟转让资产涉及的应收账款和合同资产等债权资产市场价值项目资产评估报告,其他,2022-10-12,https://data.eastmoney.com/notices/detail/002313/AN202210111579073438.html
日海智能,002313,002313,日海智能,*ST日海:关于召开2022年第五次临时股东大会的通知,召开股东大会通知,2022-10-12,https://data.eastmoney.com/notices/detail/002313/AN202210111579073441.html
日海智能,002313,002313,日海智能,*ST日海:第五届董事会第四十三次会议决议公告,董事会决议公告,2022-10-12,https://data.eastmoney.com/notices/detail/002313/AN202210111579073437.html
日海智能,002313,002313,日海智能,*ST日海:独立董事对第五届董事会第四十三次会议相关事项的独立意见,专项说明/独立意见,2022-10-12,https://data.eastmoney.com/notices/detail/002313/AN202210111579073442.html
日海智能,002313,002313,日海智能,*ST日海:独立董事对相关事项发表的事前认可意见,专项说明/独立意见,2022-10-12,https://data.eastmoney.com/notices/detail/002313/AN202210111579073440.html
日海智能,002313,002313,日海智能,*ST日海:关于资产转让暨关联交易的公告,关联交易,2022-10-12,https://data.eastmoney.com/notices/detail/002313/AN202210111579073439.html
日海智能,002313,002313,日海智能,*ST日海:第五届监事会第三十四次会议决议公告,监事会决议公告,2022-10-12,https://data.eastmoney.com/notices/detail/002313/AN202210111579073436.html
日海智能,002313,002313,日海智能,*ST日海:第五届董事会第四十二次会议决议公告,董事会决议公告,2022-09-24,https://data.eastmoney.com/notices/detail/002313/AN202209231578629538.html
日海智能,002313,002313,日海智能,*ST日海:第一期员工持股计划持有人会议第四次会议决议公告,股权激励其他事项公告,2022-09-24,https://data.eastmoney.com/notices/detail/002313/AN202209231578629543.html
日海智能,002313,002313,日海智能,*ST日海:关于公司第一期员工持股计划存续期展期的公告,股权激励进展公告,2022-09-24,https://data.eastmoney.com/notices/detail/002313/AN202209231578629536.html
日海智能,002313,002313,日海智能,*ST日海:独立董事对第五届董事会第四十二次会议相关事项的独立意见,专项说明/独立意见,2022-09-24,https://data.eastmoney.com/notices/detail/002313/AN202209231578629540.html
日海智能,002313,002313,日海智能,*ST日海:第五届监事会第三十三次会议决议公告,监事会决议公告,2022-09-24,https://data.eastmoney.com/notices/detail/002313/AN202209231578629544.html
日海智能,002313,002313,日海智能,*ST日海:关于第一大股东股份解除质押及再质押的公告,股份质押、冻结,2022-09-23,https://data.eastmoney.com/notices/detail/002313/AN202209221578594195.html
日海智能,002313,002313,日海智能,*ST日海:关于日海智能2022年第四次临时股东大会的法律意见书,法律意见书,2022-09-17,https://data.eastmoney.com/notices/detail/002313/AN202209161578451357.html
日海智能,002313,002313,日海智能,*ST日海:2022年第四次临时股东大会决议公告,股东大会决议公告,2022-09-17,https://data.eastmoney.com/notices/detail/002313/AN202209161578451354.html
日海智能,002313,002313,日海智能,*ST日海:拟转让债权所涉及的相关应收款项市场价值资产评估报告,其他,2022-09-03,https://data.eastmoney.com/notices/detail/002313/AN202209021577983847.html
日海智能,002313,002313,日海智能,*ST日海:日海智能2022年第三次临时股东大会的法律意见书,法律意见书,2022-09-02,https://data.eastmoney.com/notices/detail/002313/AN202209011577941939.html
日海智能,002313,002313,日海智能,*ST日海:2022年第三次临时股东大会决议公告,股东大会决议公告,2022-09-02,https://data.eastmoney.com/notices/detail/002313/AN202209011577941873.html
日海智能,002313,002313,日海智能,*ST日海:2022年半年度报告,半年度报告全文,2022-08-31,https://data.eastmoney.com/notices/detail/002313/AN202208311577893267.html
日海智能,002313,002313,日海智能,*ST日海:关于召开2022年第四次临时股东大会的通知,召开股东大会通知,2022-08-31,https://data.eastmoney.com/notices/detail/002313/AN202208311577893273.html
日海智能,002313,002313,日海智能,*ST日海:关于计提资产减值准备的公告,其他,2022-08-31,https://data.eastmoney.com/notices/detail/002313/AN202208311577893271.html
日海智能,002313,002313,日海智能,*ST日海:关于公司接受第一大股东股票质押担保暨关联交易的公告,其他担保公告,2022-08-31,https://data.eastmoney.com/notices/detail/002313/AN202208311577893274.html
日海智能,002313,002313,日海智能,*ST日海:独立董事对第五届董事会第四十一次会议相关事项的独立意见,专项说明/独立意见,2022-08-31,https://data.eastmoney.com/notices/detail/002313/AN202208311577893278.html
日海智能,002313,002313,日海智能,*ST日海:独立董事对相关事项发表的事前认可意见,专项说明/独立意见,2022-08-31,https://data.eastmoney.com/notices/detail/002313/AN202208311577893270.html
日海智能,002313,002313,日海智能,*ST日海:2022年半年度财务报告,半年度财务报告,2022-08-31,https://data.eastmoney.com/notices/detail/002313/AN202208311577893272.html
日海智能,002313,002313,日海智能,*ST日海:2022年半年度非经营性资金占用及其他关联资金往来情况汇总表,资金占用,2022-08-31,https://data.eastmoney.com/notices/detail/002313/AN202208311577893275.html
日海智能,002313,002313,日海智能,*ST日海:第五届监事会第三十二次会议决议公告,监事会决议公告,2022-08-31,https://data.eastmoney.com/notices/detail/002313/AN202208311577893276.html
日海智能,002313,002313,日海智能,*ST日海:第五届董事会第四十一次会议决议公告,董事会决议公告,2022-08-31,https://data.eastmoney.com/notices/detail/002313/AN202208311577893277.html
日海智能,002313,002313,日海智能,*ST日海:关于2022年半年度募集资金存放与使用情况的专项报告,募集资金使用情况报告,2022-08-31,https://data.eastmoney.com/notices/detail/002313/AN202208311577893269.html
日海智能,002313,002313,日海智能,*ST日海:2022年半年度报告摘要,半年度报告摘要,2022-08-31,https://data.eastmoney.com/notices/detail/002313/AN202208311577893268.html
日海智能,002313,002313,日海智能,*ST日海:关于开展保理业务暨关联交易的公告,关联交易,2022-08-31,https://data.eastmoney.com/notices/detail/002313/AN202208311577893266.html
日海智能,002313,002313,日海智能,*ST日海:关于董事会、监事会延期换届的公告,高管人员任职变动,2022-08-20,https://data.eastmoney.com/notices/detail/002313/AN202208191577385748.html
日海智能,002313,002313,日海智能,*ST日海:关于第一大股东股份解除质押及再质押的公告,股份质押、冻结,2022-08-16,https://data.eastmoney.com/notices/detail/002313/AN202208151577232700.html
日海智能,002313,002313,日海智能,*ST日海:关于全资子公司开展融资租赁业务暨关联交易的公告,关联交易,2022-08-13,https://data.eastmoney.com/notices/detail/002313/AN202208121577154796.html
日海智能,002313,002313,日海智能,*ST日海:关于债权转让暨债权债务重组的公告,其他,2022-08-13,https://data.eastmoney.com/notices/detail/002313/AN202208121577154792.html
日海智能,002313,002313,日海智能,*ST日海:独立董事对第五届董事会第四十次会议相关事项的独立意见,专项说明/独立意见,2022-08-13,https://data.eastmoney.com/notices/detail/002313/AN202208121577154789.html
日海智能,002313,002313,日海智能,*ST日海:独立董事对相关事项发表的事前认可意见,专项说明/独立意见,2022-08-13,https://data.eastmoney.com/notices/detail/002313/AN202208121577154784.html
日海智能,002313,002313,日海智能,*ST日海:关于召开2022年第三次临时股东大会的通知,召开股东大会通知,2022-08-13,https://data.eastmoney.com/notices/detail/002313/AN202208121577154797.html
日海智能,002313,002313,日海智能,*ST日海:第五届董事会第四十次会议决议公告,董事会决议公告,2022-08-13,https://data.eastmoney.com/notices/detail/002313/AN202208121577154793.html
日海智能,002313,002313,日海智能,*ST日海:关于开展保理业务暨关联交易的公告,关联交易,2022-08-13,https://data.eastmoney.com/notices/detail/002313/AN202208121577154788.html
日海智能,002313,002313,日海智能,*ST日海:第五届监事会第三十一次会议决议公告,监事会决议公告,2022-08-13,https://data.eastmoney.com/notices/detail/002313/AN202208121577154794.html
日海智能,002313,002313,日海智能,*ST日海:关于公司接受担保暨关联交易的公告,其他担保公告,2022-08-13,https://data.eastmoney.com/notices/detail/002313/AN202208121577154785.html
日海智能,002313,002313,日海智能,*ST日海:关于监事会换届选举并征集监事候选人的公告,高管人员任职变动,2022-07-21,https://data.eastmoney.com/notices/detail/002313/AN202207201576377418.html
日海智能,002313,002313,日海智能,*ST日海:关于董事会换届选举并征集董事候选人的公告,高管人员任职变动,2022-07-21,https://data.eastmoney.com/notices/detail/002313/AN202207201576377420.html
日海智能,002313,002313,日海智能,*ST日海:拟进行资产处置涉及的智慧监狱教育平台相关设备和软件资产评估报告,其他,2022-07-16,https://data.eastmoney.com/notices/detail/002313/AN202207151576178719.html
日海智能,002313,002313,日海智能,*ST日海:2022年第二次临时股东大会决议公告,股东大会决议公告,2022-07-16,https://data.eastmoney.com/notices/detail/002313/AN202207151576178722.html
日海智能,002313,002313,日海智能,*ST日海:上海市锦天城(深圳)律师事务所关于公司2022年第二次临时股东大会的法律意见书,法律意见书,2022-07-16,https://data.eastmoney.com/notices/detail/002313/AN202207151576178711.html
日海智能,002313,002313,日海智能,*ST日海:关于获得政府补助的公告,获得补贴（资助）,2022-07-15,https://data.eastmoney.com/notices/detail/002313/AN202207141576140661.html
日海智能,002313,002313,日海智能,*ST日海:2022年半年度业绩预告,业绩预告,2022-07-15,https://data.eastmoney.com/notices/detail/002313/AN202207141576140667.html
日海智能,002313,002313,日海智能,*ST日海:关于重大诉讼、仲裁公告,诉讼仲裁,2022-07-01,https://data.eastmoney.com/notices/detail/002313/AN202206301575655126.html
日海智能,002313,002313,日海智能,*ST日海:关于转让控股子公司股权的公告,股权转让,2022-06-30,https://data.eastmoney.com/notices/detail/002313/AN202206291575559933.html
日海智能,002313,002313,日海智能,*ST日海:关于转让控股子公司股权后形成对外财务资助的公告,获得补贴（资助）,2022-06-30,https://data.eastmoney.com/notices/detail/002313/AN202206291575559934.html
日海智能,002313,002313,日海智能,*ST日海:关于解除智慧监狱教育平台项目合作暨项目资产处置的公告,收购出售资产/股权,2022-06-30,https://data.eastmoney.com/notices/detail/002313/AN202206291575559922.html
日海智能,002313,002313,日海智能,*ST日海:第五届董事会第三十九次会议决议公告,董事会决议公告,2022-06-30,https://data.eastmoney.com/notices/detail/002313/AN202206291575559929.html
日海智能,002313,002313,日海智能,*ST日海:隆嘉云网科技有限公司2021年度审计报告,其他,2022-06-30,https://data.eastmoney.com/notices/detail/002313/AN202206291575559928.html
日海智能,002313,002313,日海智能,*ST日海:独立董事对第五届董事会第三十九次会议相关事项的独立意见,专项说明/独立意见,2022-06-30,https://data.eastmoney.com/notices/detail/002313/AN202206291575559923.html
日海智能,002313,002313,日海智能,*ST日海:关于召开2022年第二次临时股东大会的通知,召开股东大会通知,2022-06-30,https://data.eastmoney.com/notices/detail/002313/AN202206291575559936.html
日海智能,002313,002313,日海智能,*ST日海:关于公司第一大股东股份质押的公告,股份质押、冻结,2022-06-14,https://data.eastmoney.com/notices/detail/002313/AN202206141572046436.html
日海智能,002313,002313,日海智能,*ST日海:独立董事对相关事项发表的事前认可意见,专项说明/独立意见,2022-06-13,https://data.eastmoney.com/notices/detail/002313/AN202206121571681503.html
日海智能,002313,002313,日海智能,*ST日海:第五届监事会第三十次会议决议公告,监事会决议公告,2022-06-13,https://data.eastmoney.com/notices/detail/002313/AN202206121571681504.html
日海智能,002313,002313,日海智能,*ST日海:独立董事对第五届董事会第三十八次会议相关事项的独立意见,专项说明/独立意见,2022-06-13,https://data.eastmoney.com/notices/detail/002313/AN202206121571681500.html
日海智能,002313,002313,日海智能,*ST日海:第五届董事会第三十八次会议决议公告,董事会决议公告,2022-06-13,https://data.eastmoney.com/notices/detail/002313/AN202206121571681499.html
日海智能,002313,002313,日海智能,*ST日海:关于公司接受担保暨关联交易的公告,其他担保公告,2022-06-13,https://data.eastmoney.com/notices/detail/002313/AN202206121571681498.html
日海智能,002313,002313,日海智能,*ST日海:2022年第一次临时股东大会法律意见书,法律意见书,2022-06-11,https://data.eastmoney.com/notices/detail/002313/AN202206101571252156.html
日海智能,002313,002313,日海智能,*ST日海:2022年第一次临时股东大会决议公告,股东大会决议公告,2022-06-11,https://data.eastmoney.com/notices/detail/002313/AN202206101571252154.html
日海智能,002313,002313,日海智能,*ST日海:拟转让资产涉及的铝模设备和铝模租赁合同相关债权资产评估报告,其他,2022-06-11,https://data.eastmoney.com/notices/detail/002313/AN202206101571252087.html
日海智能,002313,002313,日海智能,*ST日海:独立董事对第五届董事会第三十七次会议相关事项的独立意见,专项说明/独立意见,2022-06-01,https://data.eastmoney.com/notices/detail/002313/AN202205311569132626.html
日海智能,002313,002313,日海智能,*ST日海:关于转让资产的公告,其他,2022-06-01,https://data.eastmoney.com/notices/detail/002313/AN202205311569132617.html
日海智能,002313,002313,日海智能,*ST日海:第五届董事会第三十七次会议决议公告,董事会决议公告,2022-06-01,https://data.eastmoney.com/notices/detail/002313/AN202205311569132619.html
日海智能,002313,002313,日海智能,*ST日海:独立董事对相关事项发表的事前认可意见(2022/06/01),专项说明/独立意见,2022-06-01,https://data.eastmoney.com/notices/detail/002313/AN202205311569132624.html
日海智能,002313,002313,日海智能,*ST日海:关于开展保理业务暨关联交易的公告,关联交易,2022-06-01,https://data.eastmoney.com/notices/detail/002313/AN202205311569132625.html
日海智能,002313,002313,日海智能,*ST日海:第五届监事会第二十九次会议决议公告,监事会决议公告,2022-06-01,https://data.eastmoney.com/notices/detail/002313/AN202205311569132623.html
日海智能,002313,002313,日海智能,*ST日海:关于增加2022年第一次临时股东大会临时提案暨补充通知的公告,增加股东大会议案,2022-06-01,https://data.eastmoney.com/notices/detail/002313/AN202205311569132621.html
日海智能,002313,002313,日海智能,*ST日海:独立董事对相关事项发表的事前认可意见,专项说明/独立意见,2022-05-26,https://data.eastmoney.com/notices/detail/002313/AN202205251567823606.html
日海智能,002313,002313,日海智能,*ST日海:独立董事对第五届董事会第三十六次会议相关事项的独立意见,专项说明/独立意见,2022-05-26,https://data.eastmoney.com/notices/detail/002313/AN202205251567823612.html
日海智能,002313,002313,日海智能,*ST日海:关于变更会计师事务所的公告,审计机构变更,2022-05-26,https://data.eastmoney.com/notices/detail/002313/AN202205251567823611.html
日海智能,002313,002313,日海智能,*ST日海:第五届董事会第三十六次会议决议公告,董事会决议公告,2022-05-26,https://data.eastmoney.com/notices/detail/002313/AN202205251567823604.html
日海智能,002313,002313,日海智能,*ST日海:选聘会计师事务所专项制度(2022年5月),管理办法/制度,2022-05-26,https://data.eastmoney.com/notices/detail/002313/AN202205251567823423.html
日海智能,002313,002313,日海智能,*ST日海:第五届监事会第二十八次会议决议公告,监事会决议公告,2022-05-26,https://data.eastmoney.com/notices/detail/002313/AN202205251567823422.html
日海智能,002313,002313,日海智能,*ST日海:关于2022年度日常关联交易补充预计的公告,关联交易,2022-05-26,https://data.eastmoney.com/notices/detail/002313/AN202205251567823426.html
日海智能,002313,002313,日海智能,*ST日海:关联交易管理制度(2022年5月),管理办法/制度,2022-05-26,https://data.eastmoney.com/notices/detail/002313/AN202205251567823425.html
日海智能,002313,002313,日海智能,*ST日海:关于召开2022年第一次临时股东大会的通知,召开股东大会通知,2022-05-26,https://data.eastmoney.com/notices/detail/002313/AN202205251567823411.html
日海智能,002313,002313,日海智能,*ST日海:2022年5月23日投资者关系活动记录表(2021年度网上业绩说明会),调研活动,2022-05-24,https://data.eastmoney.com/notices/detail/002313/AN202205241567614016.html
日海智能,002313,002313,日海智能,*ST日海:2021年度股东大会决议公告,分配方案决议公告,2022-05-21,https://data.eastmoney.com/notices/detail/002313/AN202205201566790625.html
日海智能,002313,002313,日海智能,*ST日海:上海市锦天城(深圳)律师事务所关于公司2021年度股东大会的法律意见书,法律意见书,2022-05-21,https://data.eastmoney.com/notices/detail/002313/AN202205201566790616.html
日海智能,002313,002313,日海智能,*ST日海:大华会计师事务所关于对公司2021年年报的问询函中有关财务事项的说明,保荐/核查意见,2022-05-20,https://data.eastmoney.com/notices/detail/002313/AN202205191566605176.html
日海智能,002313,002313,日海智能,*ST日海:关于深圳证券交易所对公司2021年年报问询函的回复,回复问询函公告,2022-05-20,https://data.eastmoney.com/notices/detail/002313/AN202205191566604893.html
日海智能,002313,002313,日海智能,*ST日海:关于归还募集资金后继续使用部分闲置募集资金暂时补充流动资金的公告,募集资金补充流动资金,2022-05-20,https://data.eastmoney.com/notices/detail/002313/AN202205191566569801.html
日海智能,002313,002313,日海智能,*ST日海:中信证券股份有限公司关于公司归还募集资金后继续使用部分闲置募集资金暂时补充流动资金的核查意见,保荐/核查意见,2022-05-20,https://data.eastmoney.com/notices/detail/002313/AN202205191566569796.html
日海智能,002313,002313,日海智能,*ST日海:独立董事对第五届董事会第三十五次会议相关事项的独立意见,专项说明/独立意见,2022-05-20,https://data.eastmoney.com/notices/detail/002313/AN202205191566569800.html
日海智能,002313,002313,日海智能,*ST日海:第五届董事会第三十五次会议决议公告,董事会决议公告,2022-05-20,https://data.eastmoney.com/notices/detail/002313/AN202205191566569795.html
日海智能,002313,002313,日海智能,*ST日海:第五届监事会第二十七次会议决议公告,监事会决议公告,2022-05-20,https://data.eastmoney.com/notices/detail/002313/AN202205191566569792.html
日海智能,002313,002313,日海智能,*ST日海:中信证券股份有限公司关于公司2021年度保荐工作报告,保荐/核查意见,2022-05-17,https://data.eastmoney.com/notices/detail/002313/AN202205161565943512.html
日海智能,002313,002313,日海智能,*ST日海:中信证券股份有限公司关于公司非公开发行股票持续督导保荐总结报告书,保荐/核查意见,2022-05-17,https://data.eastmoney.com/notices/detail/002313/AN202205161565943511.html
日海智能,002313,002313,日海智能,*ST日海:关于《股票交易异常波动公告》的更正公告,股票交易异常波动,2022-05-16,https://data.eastmoney.com/notices/detail/002313/AN202205151565726698.html
日海智能,002313,002313,日海智能,*ST日海:股票交易异常波动公告(2022/05/16),股票交易异常波动,2022-05-16,https://data.eastmoney.com/notices/detail/002313/AN202205151565726695.html
日海智能,002313,002313,日海智能,*ST日海:股票交易异常波动公告,股票交易异常波动,2022-05-11,https://data.eastmoney.com/notices/detail/002313/AN202205101564738689.html
日海智能,002313,002313,日海智能,002313:日海智能年报问询函,年报问询函,2022-05-05,https://data.eastmoney.com/notices/detail/002313/AN202205051563662285.html
日海智能,002313,002313,日海智能,日海智能:监事会决议公告,监事会决议公告,2022-04-30,https://data.eastmoney.com/notices/detail/002313/AN202204301562383563.html
日海智能,002313,002313,日海智能,日海智能:年度股东大会通知,召开股东大会通知,2022-04-30,https://data.eastmoney.com/notices/detail/002313/AN202204301562383569.html
日海智能,002313,002313,日海智能,日海智能:独立董事对担保等事项的独立意见,专项说明/独立意见,2022-04-30,https://data.eastmoney.com/notices/detail/002313/AN202204301562383548.html
日海智能,002313,002313,日海智能,日海智能:董事会议事规则(2022年4月修订),议事规则/实施细则,2022-04-30,https://data.eastmoney.com/notices/detail/002313/AN202204301562383566.html
日海智能,002313,002313,日海智能,日海智能:2021年年度审计报告,审计报告,2022-04-30,https://data.eastmoney.com/notices/detail/002313/AN202204301562383537.html
日海智能,002313,002313,日海智能,日海智能:关于使用自有闲置资金开展委托理财的公告,委托（受托）事项,2022-04-30,https://data.eastmoney.com/notices/detail/002313/AN202204301562383557.html
日海智能,002313,002313,日海智能,日海智能:独立董事2021年度述职报告(宋德亮),独立董事述职报告,2022-04-30,https://data.eastmoney.com/notices/detail/002313/AN202204301562383539.html
日海智能,002313,002313,日海智能,日海智能:商誉减值测试报告,其他,2022-04-30,https://data.eastmoney.com/notices/detail/002313/AN202204301562383538.html
日海智能,002313,002313,日海智能,日海智能:关于2021年度计提资产减值准备的公告,其他,2022-04-30,https://data.eastmoney.com/notices/detail/002313/AN202204301562383572.html
日海智能,002313,002313,日海智能,日海智能:公司章程修订对照表(2022年4月修订),公司章程修订,2022-04-30,https://data.eastmoney.com/notices/detail/002313/AN202204301562383535.html
日海智能,002313,002313,日海智能,日海智能:独立董事2021年度述职报告(徐岷波),独立董事述职报告,2022-04-30,https://data.eastmoney.com/notices/detail/002313/AN202204301562383554.html
日海智能,002313,002313,日海智能,日海智能:2021年年度报告,年度报告全文,2022-04-30,https://data.eastmoney.com/notices/detail/002313/AN202204301562383533.html
日海智能,002313,002313,日海智能,日海智能:关于2022年度公司向润良泰申请借款额度暨关联交易的公告,借贷,2022-04-30,https://data.eastmoney.com/notices/detail/002313/AN202204301562383573.html
日海智能,002313,002313,日海智能,日海智能:2022年一季度报告,一季度报告全文,2022-04-30,https://data.eastmoney.com/notices/detail/002313/AN202204301562383553.html
日海智能,002313,002313,日海智能,日海智能:监事会对《董事会关于2021年度审计报告无法表示意见涉及事项的专项说明》的意见,专项说明/独立意见,2022-04-30,https://data.eastmoney.com/notices/detail/002313/AN202204301562383571.html
日海智能,002313,002313,日海智能,日海智能:中信证券股份有限公司关于公司2021年度募集资金存放与使用情况的专项核查报告,保荐/核查意见,2022-04-30,https://data.eastmoney.com/notices/detail/002313/AN202204301562383551.html
日海智能,002313,002313,日海智能,日海智能:关于营业收入扣除事项的专项核查意见,保荐/核查意见,2022-04-30,https://data.eastmoney.com/notices/detail/002313/AN202204301562383536.html
日海智能,002313,002313,日海智能,日海智能:股东大会议事规则(2022年4月),议事规则/实施细则,2022-04-30,https://data.eastmoney.com/notices/detail/002313/AN202204301562383549.html
日海智能,002313,002313,日海智能,日海智能:监事会议事规则(2022年4月修订),议事规则/实施细则,2022-04-30,https://data.eastmoney.com/notices/detail/002313/AN202204301562383565.html
日海智能,002313,002313,日海智能,日海智能:内部控制鉴证报告,保荐/核查意见,2022-04-30,https://data.eastmoney.com/notices/detail/002313/AN202204301562383568.html
日海智能,002313,002313,日海智能,日海智能:董事会关于2021年度否定意见内控审计报告涉及事项的专项说明,专项说明/独立意见,2022-04-30,https://data.eastmoney.com/notices/detail/002313/AN202204301562383555.html
日海智能,002313,002313,日海智能,日海智能:董事会关于2021年度审计报告无法表示意见涉及事项的专项说明,专项说明/独立意见,2022-04-30,https://data.eastmoney.com/notices/detail/002313/AN202204301562383540.html
日海智能,002313,002313,日海智能,日海智能:独立董事对相关事项发表的事前认可意见,专项说明/独立意见,2022-04-30,https://data.eastmoney.com/notices/detail/002313/AN202204301562383570.html
日海智能,002313,002313,日海智能,日海智能:年度关联方资金占用专项审计报告,保荐/核查意见,2022-04-30,https://data.eastmoney.com/notices/detail/002313/AN202204301562383552.html
日海智能,002313,002313,日海智能,日海智能:关于举行2021年度报告网上说明会的通知,其他,2022-04-30,https://data.eastmoney.com/notices/detail/002313/AN202204301562383545.html
日海智能,002313,002313,日海智能,日海智能:关于2022年度对外担保额度预计的公告,担保年度额度预计,2022-04-30,https://data.eastmoney.com/notices/detail/002313/AN202204301562383526.html
日海智能,002313,002313,日海智能,日海智能:中信证券股份有限公司关于公司2021年度内部控制评价报告的核查意见,保荐/核查意见,2022-04-30,https://data.eastmoney.com/notices/detail/002313/AN202204301562383567.html
日海智能,002313,002313,日海智能,日海智能:董事会秘书工作制度(2022年4月),管理办法/制度,2022-04-30,https://data.eastmoney.com/notices/detail/002313/AN202204301562383550.html
日海智能,002313,002313,日海智能,日海智能:对外投资管理制度(2022年4月),管理办法/制度,2022-04-30,https://data.eastmoney.com/notices/detail/002313/AN202204301562383534.html
日海智能,002313,002313,日海智能,日海智能:关于会计政策变更的公告,其他,2022-04-30,https://data.eastmoney.com/notices/detail/002313/AN202204301562383556.html
日海智能,002313,002313,日海智能,日海智能:年度募集资金使用鉴证报告,保荐/核查意见,2022-04-30,https://data.eastmoney.com/notices/detail/002313/AN202204301562383521.html
日海智能,002313,002313,日海智能,日海智能:中信证券股份有限公司关于公司2022年度日常关联交易预计及日常关联交易补充确认的核查意见,保荐/核查意见,2022-04-30,https://data.eastmoney.com/notices/detail/002313/AN202204301562383520.html
日海智能,002313,002313,日海智能,日海智能:2021年年度报告摘要,年度报告摘要,2022-04-30,https://data.eastmoney.com/notices/detail/002313/AN202204301562383517.html
日海智能,002313,002313,日海智能,日海智能:年度募集资金使用情况专项说明,募集资金使用情况报告,2022-04-30,https://data.eastmoney.com/notices/detail/002313/AN202204301562383507.html
日海智能,002313,002313,日海智能,日海智能:关于公司股票交易实施退市风险警示和其他风险警示暨停复牌公告,实施退市风险警示,2022-04-30,https://data.eastmoney.com/notices/detail/002313/AN202204301562383510.html
日海智能,002313,002313,日海智能,日海智能:关于2021年度不进行利润分配的专项说明,专项说明/独立意见,2022-04-30,https://data.eastmoney.com/notices/detail/002313/AN202204301562383511.html
日海智能,002313,002313,日海智能,日海智能:会计师事务所对非标意见涉及事项专项说明,专项说明/独立意见,2022-04-30,https://data.eastmoney.com/notices/detail/002313/AN202204301562383506.html
日海智能,002313,002313,日海智能,日海智能:独立董事制度(2022年4月),管理办法/制度,2022-04-30,https://data.eastmoney.com/notices/detail/002313/AN202204301562383519.html
日海智能,002313,002313,日海智能,日海智能:内部控制自我评价报告,内部控制报告,2022-04-30,https://data.eastmoney.com/notices/detail/002313/AN202204301562383522.html
日海智能,002313,002313,日海智能,日海智能:对外担保管理制度(2022年4月),管理办法/制度,2022-04-30,https://data.eastmoney.com/notices/detail/002313/AN202204301562383504.html
日海智能,002313,002313,日海智能,日海智能:监事会2021年度工作报告,其他,2022-04-30,https://data.eastmoney.com/notices/detail/002313/AN202204301562383508.html
日海智能,002313,002313,日海智能,日海智能:公司章程(2022年4月修订),公司章程修订,2022-04-30,https://data.eastmoney.com/notices/detail/002313/AN202204301562383505.html
日海智能,002313,002313,日海智能,日海智能:独立董事2021年度述职报告(刘晓明),独立董事述职报告,2022-04-30,https://data.eastmoney.com/notices/detail/002313/AN202204301562383509.html
日海智能,002313,002313,日海智能,日海智能:关于2022年度日常关联交易预计及日常关联交易补充确认的公告,关联交易,2022-04-30,https://data.eastmoney.com/notices/detail/002313/AN202204301562383525.html
日海智能,002313,002313,日海智能,日海智能:募集资金管理制度(2022年4月),管理办法/制度,2022-04-30,https://data.eastmoney.com/notices/detail/002313/AN202204301562383518.html
日海智能,002313,002313,日海智能,日海智能:监事会对《董事会关于2021年度否定意见内控审计报告涉及事项的专项说明》的意见,专项说明/独立意见,2022-04-30,https://data.eastmoney.com/notices/detail/002313/AN202204301562383524.html
日海智能,002313,002313,日海智能,日海智能:董事会决议公告,分配预案,2022-04-30,https://data.eastmoney.com/notices/detail/002313/AN202204301562383502.html
日海智能,002313,002313,日海智能,日海智能:关于会计师事务所2021年度审计工作总结的报告,其他,2022-04-30,https://data.eastmoney.com/notices/detail/002313/AN202204301562383523.html
日海智能,002313,002313,日海智能,日海智能:内幕信息知情人报备制度(2022年4月),管理办法/制度,2022-04-30,https://data.eastmoney.com/notices/detail/002313/AN202204301562383503.html
日海智能,002313,002313,日海智能,日海智能:关于2021年年度报告、2022年第一季度报告延期披露的公告,延期披露定报公告,2022-04-29,https://data.eastmoney.com/notices/detail/002313/AN202204281562189234.html
日海智能,002313,002313,日海智能,日海智能:2021年度业绩预告,业绩预告,2022-01-29,https://data.eastmoney.com/notices/detail/002313/AN202201281543226314.html
日海智能,002313,002313,日海智能,日海智能:第五届监事会第二十五次会议决议公告,监事会决议公告,2021-12-24,https://data.eastmoney.com/notices/detail/002313/AN202112231536270496.html
日海智能,002313,002313,日海智能,日海智能:中信证券股份有限公司关于公司2021年定期现场检查报告,保荐/核查意见,2021-12-24,https://data.eastmoney.com/notices/detail/002313/AN202112231536270494.html
日海智能,002313,002313,日海智能,日海智能:独立董事对第五届董事会第三十三次会议相关事项的独立意见,专项说明/独立意见,2021-12-24,https://data.eastmoney.com/notices/detail/002313/AN202112231536270497.html
日海智能,002313,002313,日海智能,日海智能:中信证券股份有限公司关于公司持续督导培训情况的报告,保荐/核查意见,2021-12-24,https://data.eastmoney.com/notices/detail/002313/AN202112231536270491.html
日海智能,002313,002313,日海智能,日海智能:第五届董事会第三十三次会议决议公告,董事会决议公告,2021-12-24,https://data.eastmoney.com/notices/detail/002313/AN202112231536270489.html
日海智能,002313,002313,日海智能,日海智能:关于公司第二期员工持股计划存续期展期的公告,股权激励进展公告,2021-12-24,https://data.eastmoney.com/notices/detail/002313/AN202112231536270488.html
日海智能,002313,002313,日海智能,日海智能:第二期员工持股计划持有人会议第二次会议决议公告,股权激励进展公告,2021-12-24,https://data.eastmoney.com/notices/detail/002313/AN202112231536270492.html
日海智能,002313,002313,日海智能,日海智能:2021年第三次临时股东大会决议公告,股东大会决议公告,2021-12-17,https://data.eastmoney.com/notices/detail/002313/AN202112161534931237.html
日海智能,002313,002313,日海智能,日海智能:上海市锦天城(深圳)律师事务所关于日海智能科技股份有限公司2021年第三次临时股东大会的法律意见书,法律意见书,2021-12-17,https://data.eastmoney.com/notices/detail/002313/AN202112161534931238.html
日海智能,002313,002313,日海智能,日海智能:关于召开2021年第三次临时股东大会的通知,召开股东大会通知,2021-12-01,https://data.eastmoney.com/notices/detail/002313/AN202111301532028365.html
日海智能,002313,002313,日海智能,日海智能:第五届监事会第二十四次会议决议公告,监事会决议公告,2021-12-01,https://data.eastmoney.com/notices/detail/002313/AN202111301532028360.html
日海智能,002313,002313,日海智能,日海智能:第五届董事会第三十二次会议决议公告,董事会决议公告,2021-12-01,https://data.eastmoney.com/notices/detail/002313/AN202111301532028378.html
日海智能,002313,002313,日海智能,日海智能:独立董事对第五届董事会第三十二次相关事项发表的独立意见,专项说明/独立意见,2021-12-01,https://data.eastmoney.com/notices/detail/002313/AN202111301532028359.html
日海智能,002313,002313,日海智能,日海智能:关于拟变更会计师事务所的公告,审计机构变更,2021-12-01,https://data.eastmoney.com/notices/detail/002313/AN202111301532028375.html
日海智能,002313,002313,日海智能,日海智能:独立董事对相关事项发表的事前认可意见,专项说明/独立意见,2021-12-01,https://data.eastmoney.com/notices/detail/002313/AN202111301532028364.html
日海智能,002313,002313,日海智能,日海智能:2021年第三季度报告,三季度报告全文,2021-10-28,https://data.eastmoney.com/notices/detail/002313/AN202110271525357792.html
日海智能,002313,002313,日海智能,日海智能:第五届董事会第三十一次会议决议公告,董事会决议公告,2021-10-28,https://data.eastmoney.com/notices/detail/002313/AN202110271525357800.html
日海智能,002313,002313,日海智能,日海智能:第五届监事会第二十三次会议决议公告,监事会决议公告,2021-10-28,https://data.eastmoney.com/notices/detail/002313/AN202110271525357795.html
日海智能,002313,002313,日海智能,日海智能:2021年前三季度业绩预告,业绩预告,2021-10-15,https://data.eastmoney.com/notices/detail/002313/AN202110141522603351.html
日海智能,002313,002313,日海智能,日海智能:上海市锦天城(深圳)律师事务所关于公司2021年第二次临时股东大会的法律意见书,法律意见书,2021-10-12,https://data.eastmoney.com/notices/detail/002313/AN202110111522013917.html
日海智能,002313,002313,日海智能,日海智能:2021年第二次临时股东大会决议公告,股东大会决议公告,2021-10-12,https://data.eastmoney.com/notices/detail/002313/AN202110111522013916.html
日海智能,002313,002313,日海智能,日海智能:关于公司非独立董事辞职及补选的公告,高管人员任职变动,2021-09-25,https://data.eastmoney.com/notices/detail/002313/AN202109241518305613.html
日海智能,002313,002313,日海智能,日海智能:关于召开2021年第二次临时股东大会的通知,召开股东大会通知,2021-09-25,https://data.eastmoney.com/notices/detail/002313/AN202109241518305607.html
日海智能,002313,002313,日海智能,日海智能:第五届监事会第二十二次会议决议公告,监事会决议公告,2021-09-25,https://data.eastmoney.com/notices/detail/002313/AN202109241518305615.html
日海智能,002313,002313,日海智能,日海智能:第五届董事会第三十次会议决议公告,董事会决议公告,2021-09-25,https://data.eastmoney.com/notices/detail/002313/AN202109241518305624.html
日海智能,002313,002313,日海智能,日海智能:独立董事对第五届董事会第三十次会议相关事项发表的独立意见,专项说明/独立意见,2021-09-25,https://data.eastmoney.com/notices/detail/002313/AN202109241518305617.html
日海智能,002313,002313,日海智能,日海智能:第一期员工持股计划持有人会议第三次会议决议公告,股权激励计划,2021-09-25,https://data.eastmoney.com/notices/detail/002313/AN202109241518305612.html
日海智能,002313,002313,日海智能,日海智能:公司章程(2021年9月修订),公司章程修订,2021-09-25,https://data.eastmoney.com/notices/detail/002313/AN202109241518305616.html
日海智能,002313,002313,日海智能,日海智能:关于公司第一期员工持股计划存续期展期的公告,股权激励进展公告,2021-09-25,https://data.eastmoney.com/notices/detail/002313/AN202109241518305619.html
日海智能,002313,002313,日海智能,日海智能:公司章程修订对照表(2021年9月修订),公司章程修订,2021-09-25,https://data.eastmoney.com/notices/detail/002313/AN202109241518305614.html
日海智能,002313,002313,日海智能,日海智能:第五届董事会第二十九次会议决议公告,高管人员任职变动,2021-08-26,https://data.eastmoney.com/notices/detail/002313/AN202108251512349805.html
日海智能,002313,002313,日海智能,日海智能:关于聘任公司财务负责人(财务总监)的公告,高管人员任职变动,2021-08-26,https://data.eastmoney.com/notices/detail/002313/AN202108251512349809.html
日海智能,002313,002313,日海智能,日海智能:独立董事对相关事项发表的独立意见,专项说明/独立意见,2021-08-26,https://data.eastmoney.com/notices/detail/002313/AN202108251512349808.html
日海智能,002313,002313,日海智能,日海智能:第五届监事会第二十一次会议决议公告,监事会决议公告,2021-08-26,https://data.eastmoney.com/notices/detail/002313/AN202108251512349803.html
日海智能,002313,002313,日海智能,日海智能:关于2021年半年度募集资金存放与使用情况的专项报告,募集资金使用情况报告,2021-08-26,https://data.eastmoney.com/notices/detail/002313/AN202108251512349810.html
日海智能,002313,002313,日海智能,日海智能:2021年半年度报告摘要,半年度报告摘要,2021-08-26,https://data.eastmoney.com/notices/detail/002313/AN202108251512349804.html
日海智能,002313,002313,日海智能,日海智能:2021年半年度报告,半年度报告全文,2021-08-26,https://data.eastmoney.com/notices/detail/002313/AN202108251512349807.html
日海智能,002313,002313,日海智能,日海智能:2021年半年度财务报告,半年度财务报告,2021-08-26,https://data.eastmoney.com/notices/detail/002313/AN202108251512349806.html
日海智能,002313,002313,日海智能,日海智能:关于财务总监辞职的公告,高管人员任职变动,2021-08-14,https://data.eastmoney.com/notices/detail/002313/AN202108131509812944.html
日海智能,002313,002313,日海智能,日海智能:关于持股5%以上股东增持计划时间届满暨增持完成的公告,股东/实际控制人股份增持,2021-07-31,https://data.eastmoney.com/notices/detail/002313/AN202107301507028108.html
日海智能,002313,002313,日海智能,日海智能:第五届监事会第二十次会议决议公告,监事会决议公告,2021-07-30,https://data.eastmoney.com/notices/detail/002313/AN202107291506825364.html
日海智能,002313,002313,日海智能,日海智能:独立董事对相关事项发表的事前认可意见,专项说明/独立意见,2021-07-30,https://data.eastmoney.com/notices/detail/002313/AN202107291506825362.html
日海智能,002313,002313,日海智能,日海智能:第五届董事会第二十八次会议决议公告,董事会决议公告,2021-07-30,https://data.eastmoney.com/notices/detail/002313/AN202107291506825360.html
日海智能,002313,002313,日海智能,日海智能:关于收购子公司龙尚科技少数股东股权暨关联交易的公告,收购出售资产/股权,2021-07-30,https://data.eastmoney.com/notices/detail/002313/AN202107291506825357.html
日海智能,002313,002313,日海智能,日海智能:独立董事对相关事项发表的独立意见,专项说明/独立意见,2021-07-30,https://data.eastmoney.com/notices/detail/002313/AN202107291506825369.html
日海智能,002313,002313,日海智能,日海智能:关于公司收购子公司龙尚科技少数股东股权暨关联交易的核查意见,保荐/核查意见,2021-07-30,https://data.eastmoney.com/notices/detail/002313/AN202107291506825367.html
日海智能,002313,002313,日海智能,日海智能:2021年半年度业绩预告,业绩预告,2021-07-15,https://data.eastmoney.com/notices/detail/002313/AN202107141503783742.html
日海智能,002313,002313,日海智能,日海智能:关于对深圳证券交易所2020年年报问询函的回复,回复问询函公告,2021-07-02,https://data.eastmoney.com/notices/detail/002313/AN202107011501149628.html
日海智能,002313,002313,日海智能,日海智能:立信中联会计师事务所(特殊普通合伙)关于对深圳证券交易所2020年年报问询函的回复,会计师事务所问询函回复公告,2021-07-02,https://data.eastmoney.com/notices/detail/002313/AN202107011501149632.html
日海智能,002313,002313,日海智能,日海智能:第五届董事会第二十七次会议决议公告,董事会决议公告,2021-06-26,https://data.eastmoney.com/notices/detail/002313/AN202106251499957575.html
日海智能,002313,002313,日海智能,日海智能:关于开展全功能型跨境双向人民币资金池业务的公告,其他,2021-06-26,https://data.eastmoney.com/notices/detail/002313/AN202106251499957581.html
日海智能,002313,002313,日海智能,日海智能:关于向银行申请综合授信额度并接受子公司提供担保的公告,提供/对外担保公告,2021-06-08,https://data.eastmoney.com/notices/detail/002313/AN202106071496542936.html
日海智能,002313,002313,日海智能,日海智能:第五届董事会第二十六次会议决议公告,董事会决议公告,2021-06-08,https://data.eastmoney.com/notices/detail/002313/AN202106071496542943.html
日海智能,002313,002313,日海智能,日海智能:关于持股5%以上股东股份增持比例超过1%的公告,股东/实际控制人股份增持,2021-06-02,https://data.eastmoney.com/notices/detail/002313/AN202106011495332570.html
日海智能,002313,002313,日海智能,日海智能:第五届董事会第二十五次会议决议公告,董事会决议公告,2021-06-01,https://data.eastmoney.com/notices/detail/002313/AN202105311495155062.html
日海智能,002313,002313,日海智能,日海智能:独立董事对第五届董事会第二十五次会议相关事项的独立意见,专项说明/独立意见,2021-06-01,https://data.eastmoney.com/notices/detail/002313/AN202105311495155065.html
日海智能,002313,002313,日海智能,日海智能:关于全资子公司转让资产的公告,收购出售资产/股权,2021-06-01,https://data.eastmoney.com/notices/detail/002313/AN202105311495155070.html
日海智能,002313,002313,日海智能,日海智能:第五届监事会第十九次会议决议公告,监事会决议公告,2021-05-25,https://data.eastmoney.com/notices/detail/002313/AN202105251493833732.html
日海智能,002313,002313,日海智能,日海智能:独立董事对第五届董事会第二十四次会议相关事项的独立意见,专项说明/独立意见,2021-05-25,https://data.eastmoney.com/notices/detail/002313/AN202105251493833739.html
日海智能,002313,002313,日海智能,日海智能:第五届董事会第二十四次会议决议公告,董事会决议公告,2021-05-25,https://data.eastmoney.com/notices/detail/002313/AN202105251493833736.html
日海智能,002313,002313,日海智能,日海智能:关于归还募集资金后继续使用部分闲置募集资金暂时补充流动资金的公告,募集资金补充流动资金,2021-05-25,https://data.eastmoney.com/notices/detail/002313/AN202105251493833734.html
日海智能,002313,002313,日海智能,日海智能:中信证券股份有限公司关于公司归还募集资金后继续使用部分闲置募集资金暂时补充流动资金的核查意见,保荐/核查意见,2021-05-25,https://data.eastmoney.com/notices/detail/002313/AN202105251493833737.html
日海智能,002313,002313,日海智能,日海智能:关于办理应收账款保理暨关联交易的公告,关联交易,2021-05-21,https://data.eastmoney.com/notices/detail/002313/AN202105201492857400.html
日海智能,002313,002313,日海智能,日海智能:第五届董事会第二十三次会议决议公告,董事会决议公告,2021-05-21,https://data.eastmoney.com/notices/detail/002313/AN202105201492857405.html
日海智能,002313,002313,日海智能,日海智能:中信证券股份有限公司关于办理应收账款保理暨关联交易的核查意见,保荐/核查意见,2021-05-21,https://data.eastmoney.com/notices/detail/002313/AN202105201492857397.html
日海智能,002313,002313,日海智能,日海智能:独立董事对第五届董事会第二十三次会议相关事项的独立意见,专项说明/独立意见,2021-05-21,https://data.eastmoney.com/notices/detail/002313/AN202105201492857383.html
日海智能,002313,002313,日海智能,日海智能:第五届监事会第十八次会议决议公告,监事会决议公告,2021-05-21,https://data.eastmoney.com/notices/detail/002313/AN202105201492857398.html
日海智能,002313,002313,日海智能,日海智能:独立董事对相关事项发表的事前认可意见,专项说明/独立意见,2021-05-21,https://data.eastmoney.com/notices/detail/002313/AN202105201492857403.html
日海智能,002313,002313,日海智能,日海智能:2021年5月14日投资者关系活动记录表(2020年度业绩网上说明会),调研活动,2021-05-17,https://data.eastmoney.com/notices/detail/002313/AN202105171492258291.html
日海智能,002313,002313,日海智能,日海智能:2020年年度报告(更新后),年度报告全文,2021-05-14,https://data.eastmoney.com/notices/detail/002313/AN202105131491494873.html
日海智能,002313,002313,日海智能,日海智能:关于2020年年度报告及摘要的更正公告,年度报告更正公告,2021-05-14,https://data.eastmoney.com/notices/detail/002313/AN202105131491494896.html
日海智能,002313,002313,日海智能,日海智能:上海市锦天城(深圳)律师事务所关于公司2020年度股东大会的法律意见书,法律意见书,2021-05-14,https://data.eastmoney.com/notices/detail/002313/AN202105131491494898.html
日海智能,002313,002313,日海智能,日海智能:2020年年度报告摘要(更新后),年度报告摘要,2021-05-14,https://data.eastmoney.com/notices/detail/002313/AN202105131491494871.html
日海智能,002313,002313,日海智能,日海智能:2020年度股东大会决议公告,分配方案决议公告,2021-05-14,https://data.eastmoney.com/notices/detail/002313/AN202105131491494868.html
日海智能,002313,002313,日海智能,日海智能:2021年第一季度报告全文,一季度报告全文,2021-04-29,https://data.eastmoney.com/notices/detail/002313/AN202104281488431904.html
日海智能,002313,002313,日海智能,日海智能:第五届监事会第十七次会议决议公告,监事会决议公告,2021-04-29,https://data.eastmoney.com/notices/detail/002313/AN202104281488431902.html
日海智能,002313,002313,日海智能,日海智能:第五届董事会第二十二次会议决议公告,董事会决议公告,2021-04-29,https://data.eastmoney.com/notices/detail/002313/AN202104281488431942.html
日海智能,002313,002313,日海智能,日海智能:关于持股5%以上股东增持计划实施进展暨增持计划变更的公告,股东/实际控制人股份增持,2021-04-29,https://data.eastmoney.com/notices/detail/002313/AN202104281488431917.html
日海智能,002313,002313,日海智能,日海智能:2021年第一季度报告正文,一季度报告正文,2021-04-29,https://data.eastmoney.com/notices/detail/002313/AN202104281488431954.html
日海智能,002313,002313,日海智能,日海智能:2020年年度报告摘要,年度报告摘要,2021-04-23,https://data.eastmoney.com/notices/detail/002313/AN202104221487100309.html
日海智能,002313,002313,日海智能,日海智能:内部控制自我评价报告,内部控制报告,2021-04-23,https://data.eastmoney.com/notices/detail/002313/AN202104221487100333.html
日海智能,002313,002313,日海智能,日海智能:独立董事2020年度述职报告(耿利航),独立董事述职报告,2021-04-23,https://data.eastmoney.com/notices/detail/002313/AN202104221487100326.html
日海智能,002313,002313,日海智能,日海智能:关于召开2020年度股东大会的通知,召开股东大会通知,2021-04-23,https://data.eastmoney.com/notices/detail/002313/AN202104221487100317.html
日海智能,002313,002313,日海智能,日海智能:独立董事2020年度述职报告(徐岷波),独立董事述职报告,2021-04-23,https://data.eastmoney.com/notices/detail/002313/AN202104221487100320.html
日海智能,002313,002313,日海智能,日海智能:关于使用自有闲置资金开展委托理财的公告,委托（受托）事项,2021-04-23,https://data.eastmoney.com/notices/detail/002313/AN202104221487100304.html
日海智能,002313,002313,日海智能,日海智能:第五届监事会第十六次会议决议公告,监事会决议公告,2021-04-23,https://data.eastmoney.com/notices/detail/002313/AN202104221487100305.html
日海智能,002313,002313,日海智能,日海智能:日海智能科技股份有限公司2020年度营业收入扣除情况专项核查报告,保荐/核查意见,2021-04-23,https://data.eastmoney.com/notices/detail/002313/AN202104221487100310.html
日海智能,002313,002313,日海智能,日海智能:关于举行2020年度报告网上说明会的通知,其他,2021-04-23,https://data.eastmoney.com/notices/detail/002313/AN202104221487100325.html
日海智能,002313,002313,日海智能,日海智能:关于2020年度内部控制自我评价报告,内部控制报告,2021-04-23,https://data.eastmoney.com/notices/detail/002313/AN202104221487100336.html
日海智能,002313,002313,日海智能,日海智能:关于公司非经营性资金占用及其他关联资金往来情况的专项审核说明,保荐/核查意见,2021-04-23,https://data.eastmoney.com/notices/detail/002313/AN202104221487100331.html
日海智能,002313,002313,日海智能,日海智能:中信证券股份有限公司关于日海智能科技股份有限公司2020年度保荐工作报告,保荐/核查意见,2021-04-23,https://data.eastmoney.com/notices/detail/002313/AN202104221487100314.html
日海智能,002313,002313,日海智能,日海智能:中信证券股份有限公司关于日海智能科技股份有限公司《内部控制规则落实自查表》的核查意见,保荐/核查意见,2021-04-23,https://data.eastmoney.com/notices/detail/002313/AN202104221487100315.html
日海智能,002313,002313,日海智能,日海智能:中信证券股份有限公司关于日海智能科技股份有限公司2021年度使用自有闲置资金开展委托理财额度的核查意见,保荐/核查意见,2021-04-23,https://data.eastmoney.com/notices/detail/002313/AN202104221487100321.html
日海智能,002313,002313,日海智能,日海智能:关于2020年度不进行利润分配的专项说明,专项说明/独立意见,2021-04-23,https://data.eastmoney.com/notices/detail/002313/AN202104221487100323.html
日海智能,002313,002313,日海智能,日海智能:第五届董事会第二十一次会议决议公告,分配预案,2021-04-23,https://data.eastmoney.com/notices/detail/002313/AN202104221487100308.html
日海智能,002313,002313,日海智能,日海智能:关于调整2021年度公司向润良泰申请借款额度暨关联交易的公告,借贷,2021-04-23,https://data.eastmoney.com/notices/detail/002313/AN202104221487100313.html
日海智能,002313,002313,日海智能,日海智能:关于会计师事务所2020年度审计工作总结的报告,其他,2021-04-23,https://data.eastmoney.com/notices/detail/002313/AN202104221487100332.html
日海智能,002313,002313,日海智能,日海智能:独立董事对第五届董事会第二十一次会议相关事项发表的独立意见,专项说明/独立意见,2021-04-23,https://data.eastmoney.com/notices/detail/002313/AN202104221487100322.html
日海智能,002313,002313,日海智能,日海智能:内部控制规则落实自查表,内部控制报告,2021-04-23,https://data.eastmoney.com/notices/detail/002313/AN202104221487100327.html
日海智能,002313,002313,日海智能,日海智能:关于会计政策变更的公告,其他,2021-04-23,https://data.eastmoney.com/notices/detail/002313/AN202104221487100318.html
日海智能,002313,002313,日海智能,日海智能:独立董事对相关事项发表的事前认可意见,专项说明/独立意见,2021-04-23,https://data.eastmoney.com/notices/detail/002313/AN202104221487100338.html
日海智能,002313,002313,日海智能,日海智能:监事会2020年度工作报告,其他,2021-04-23,https://data.eastmoney.com/notices/detail/002313/AN202104221487100319.html
日海智能,002313,002313,日海智能,日海智能:独立董事2020年度述职报告(宋德亮),独立董事述职报告,2021-04-23,https://data.eastmoney.com/notices/detail/002313/AN202104221487100335.html
日海智能,002313,002313,日海智能,日海智能:关于公司及子公司间相互提供融资担保额度的公告,提供/对外担保公告,2021-04-23,https://data.eastmoney.com/notices/detail/002313/AN202104221487100306.html
日海智能,002313,002313,日海智能,日海智能:关于2020年度募集资金存放与使用情况的专项报告,募集资金使用情况报告,2021-04-23,https://data.eastmoney.com/notices/detail/002313/AN202104221487100324.html
日海智能,002313,002313,日海智能,日海智能:独立董事2020年度述职报告(刘晓明),独立董事述职报告,2021-04-23,https://data.eastmoney.com/notices/detail/002313/AN202104221487100339.html
日海智能,002313,002313,日海智能,日海智能:2020年度商誉减值测试报告,其他,2021-04-23,https://data.eastmoney.com/notices/detail/002313/AN202104221487100316.html
日海智能,002313,002313,日海智能,日海智能:独立董事2020年度述职报告(项立刚),独立董事述职报告,2021-04-23,https://data.eastmoney.com/notices/detail/002313/AN202104221487100328.html
日海智能,002313,002313,日海智能,日海智能:2020年年度审计报告,审计报告,2021-04-23,https://data.eastmoney.com/notices/detail/002313/AN202104221487100329.html
日海智能,002313,002313,日海智能,日海智能:中信证券股份有限公司关于日海智能科技股份有限公司2020年度内部控制评价报告的核查意见,保荐/核查意见,2021-04-23,https://data.eastmoney.com/notices/detail/002313/AN202104221487100330.html
日海智能,002313,002313,日海智能,日海智能:中信证券股份有限公司关于日海智能科技股份有限公司调整2021年度向润良泰申请借款额度暨关联交易的核查意见,保荐/核查意见,2021-04-23,https://data.eastmoney.com/notices/detail/002313/AN202104221487100312.html
日海智能,002313,002313,日海智能,日海智能:中信证券股份有限公司关于日海智能科技股份有限公司2020年度募集资金存放与使用情况的专项核查报告,保荐/核查意见,2021-04-23,https://data.eastmoney.com/notices/detail/002313/AN202104221487100334.html
日海智能,002313,002313,日海智能,日海智能:2020年年度报告,年度报告全文,2021-04-23,https://data.eastmoney.com/notices/detail/002313/AN202104221487100311.html
日海智能,002313,002313,日海智能,日海智能:关于公司2020年度募集资金存放与使用情况鉴证报告,保荐/核查意见,2021-04-23,https://data.eastmoney.com/notices/detail/002313/AN202104221487100307.html
日海智能,002313,002313,日海智能,日海智能:关于2020年度计提资产减值准备的公告,其他,2021-04-15,https://data.eastmoney.com/notices/detail/002313/AN202104141484935156.html
日海智能,002313,002313,日海智能,日海智能:2020年度业绩快报,业绩快报,2021-04-15,https://data.eastmoney.com/notices/detail/002313/AN202104141484935157.html
日海智能,002313,002313,日海智能,日海智能:2021年第一季度业绩预告,业绩预告,2021-04-15,https://data.eastmoney.com/notices/detail/002313/AN202104141484935154.html
日海智能,002313,002313,日海智能,日海智能:关于持股5%以上股东增持公司股份计划的公告,股东/实际控制人股份增持,2021-01-30,https://data.eastmoney.com/notices/detail/002313/AN202101291455841352.html
日海智能,002313,002313,日海智能,日海智能:2020年度业绩预告,业绩预告,2021-01-30,https://data.eastmoney.com/notices/detail/002313/AN202101291455841376.html
日海智能,002313,002313,日海智能,日海智能:2021年第一次临时股东大会的法律意见书,法律意见书,2021-01-30,https://data.eastmoney.com/notices/detail/002313/AN202101291455841378.html
日海智能,002313,002313,日海智能,日海智能:2021年第一次临时股东大会决议公告,股东大会决议公告,2021-01-30,https://data.eastmoney.com/notices/detail/002313/AN202101291455841375.html
日海智能,002313,002313,日海智能,日海智能:关于为控股子公司泉州日海提供担保额度的公告,提供/对外担保公告,2021-01-30,https://data.eastmoney.com/notices/detail/002313/AN202101291455841372.html
日海智能,002313,002313,日海智能,日海智能:第五届董事会第二十次会议决议公告,高管人员任职变动,2021-01-30,https://data.eastmoney.com/notices/detail/002313/AN202101291455841362.html
日海智能,002313,002313,日海智能,日海智能:关于选举公司副董事长的公告,高管人员任职变动,2021-01-30,https://data.eastmoney.com/notices/detail/002313/AN202101291455841358.html
日海智能,002313,002313,日海智能,日海智能:独立董事对相关事项发表的独立意见,专项说明/独立意见,2021-01-14,https://data.eastmoney.com/notices/detail/002313/AN202101131450270350.html
日海智能,002313,002313,日海智能,日海智能:关于公司董事长、副总经理辞职及选举董事长、补选非独立董事的公告,高管人员任职变动,2021-01-14,https://data.eastmoney.com/notices/detail/002313/AN202101131450270351.html
日海智能,002313,002313,日海智能,日海智能:第五届董事会第十九次会议决议公告,高管人员任职变动,2021-01-14,https://data.eastmoney.com/notices/detail/002313/AN202101131450270352.html
日海智能,002313,002313,日海智能,日海智能:关于为全资孙公司日海恒联提供担保的公告,提供/对外担保公告,2021-01-14,https://data.eastmoney.com/notices/detail/002313/AN202101131450270354.html
日海智能,002313,002313,日海智能,日海智能:关于召开2021年第一次临时股东大会的通知,召开股东大会通知,2021-01-14,https://data.eastmoney.com/notices/detail/002313/AN202101131450270353.html
日海智能,002313,002313,日海智能,日海智能:2020年第四次临时股东大会决议公告,股东大会决议公告,2020-12-31,https://data.eastmoney.com/notices/detail/002313/AN202012301445405188.html
日海智能,002313,002313,日海智能,日海智能:2020年第四次临时股东大会的法律意见书,法律意见书,2020-12-31,https://data.eastmoney.com/notices/detail/002313/AN202012301445405189.html
日海智能,002313,002313,日海智能,日海智能:关于非公开发行股票限售股份上市流通的提示性公告,限售股份上市流通,2020-12-24,https://data.eastmoney.com/notices/detail/002313/AN202012231443087692.html
日海智能,002313,002313,日海智能,日海智能:中信证券股份有限公司关于公司非公开发行股票限售股份上市流通的核查意见,保荐/核查意见,2020-12-24,https://data.eastmoney.com/notices/detail/002313/AN202012231443087691.html
日海智能,002313,002313,日海智能,日海智能:关于召开2020年第四次临时股东大会的提示性公告,召开股东大会提示性公告,2020-12-22,https://data.eastmoney.com/notices/detail/002313/AN202012211442471607.html
日海智能,002313,002313,日海智能,日海智能:中信证券股份有限公司关于公司2020年定期现场检查报告,保荐/核查意见,2020-12-18,https://data.eastmoney.com/notices/detail/002313/AN202012171441177268.html
日海智能,002313,002313,日海智能,日海智能:中信证券股份有限公司关于公司持续督导培训情况的报告,保荐/核查意见,2020-12-18,https://data.eastmoney.com/notices/detail/002313/AN202012171441177285.html
日海智能,002313,002313,日海智能,日海智能:独立董事提名人声明(1),独立董事提名人声明,2020-12-15,https://data.eastmoney.com/notices/detail/002313/AN202012141439956388.html
日海智能,002313,002313,日海智能,日海智能:独立董事候选人声明(1),独立董事候选人声明,2020-12-15,https://data.eastmoney.com/notices/detail/002313/AN202012141439956385.html
日海智能,002313,002313,日海智能,日海智能:独立董事对相关事项发表的独立意见,专项说明/独立意见,2020-12-15,https://data.eastmoney.com/notices/detail/002313/AN202012141439956131.html
日海智能,002313,002313,日海智能,日海智能:公司章程,公司章程,2020-12-15,https://data.eastmoney.com/notices/detail/002313/AN202012141439956136.html
日海智能,002313,002313,日海智能,日海智能:关于召开2020年第四次临时股东大会的通知,召开股东大会通知,2020-12-15,https://data.eastmoney.com/notices/detail/002313/AN202012141439956132.html
日海智能,002313,002313,日海智能,日海智能:关于2021年度日常关联交易预计的公告,关联交易,2020-12-15,https://data.eastmoney.com/notices/detail/002313/AN202012141439956135.html
日海智能,002313,002313,日海智能,日海智能:简式权益变动报告书,权益变动报告书,2020-12-15,https://data.eastmoney.com/notices/detail/002313/AN202012141439956147.html
日海智能,002313,002313,日海智能,日海智能:2020年第三次临时股东大会法律意见书,法律意见书,2020-12-15,https://data.eastmoney.com/notices/detail/002313/AN202012141439956138.html
日海智能,002313,002313,日海智能,日海智能:独立董事提名人声明(2),独立董事提名人声明,2020-12-15,https://data.eastmoney.com/notices/detail/002313/AN202012141439956133.html
日海智能,002313,002313,日海智能,日海智能:关于公司部分董事、监事辞职暨增补董事、监事的公告,高管人员任职变动,2020-12-15,https://data.eastmoney.com/notices/detail/002313/AN202012141439956134.html
日海智能,002313,002313,日海智能,日海智能:独立董事对相关事项发表的事前认可意见,专项说明/独立意见,2020-12-15,https://data.eastmoney.com/notices/detail/002313/AN202012141439956128.html
日海智能,002313,002313,日海智能,日海智能:2020年第三次临时股东大会决议公告,股东大会决议公告,2020-12-15,https://data.eastmoney.com/notices/detail/002313/AN202012141439956122.html
日海智能,002313,002313,日海智能,日海智能:关于全资子公司拟签署中标项目合同暨关联交易的公告,其他,2020-12-15,https://data.eastmoney.com/notices/detail/002313/AN202012141439956123.html
日海智能,002313,002313,日海智能,日海智能:公司章程修订对照表,公司章程修订,2020-12-15,https://data.eastmoney.com/notices/detail/002313/AN202012141439956126.html
日海智能,002313,002313,日海智能,日海智能:关于第一期员工持股计划权益变动的公告,权益变动报告书,2020-12-15,https://data.eastmoney.com/notices/detail/002313/AN202012141439956121.html
日海智能,002313,002313,日海智能,日海智能:第五届监事会第十五次会议决议公告,高管人员任职变动,2020-12-15,https://data.eastmoney.com/notices/detail/002313/AN202012141439956125.html
日海智能,002313,002313,日海智能,日海智能:独立董事候选人声明(2),独立董事候选人声明,2020-12-15,https://data.eastmoney.com/notices/detail/002313/AN202012141439956124.html
日海智能,002313,002313,日海智能,日海智能:中信证券股份有限公司关于公司2021年度日常关联交易预计的核查意见,保荐/核查意见,2020-12-15,https://data.eastmoney.com/notices/detail/002313/AN202012141439956127.html
日海智能,002313,002313,日海智能,日海智能:中信证券股份有限公司关于公司全资子公司拟签署中标项目合同暨关联交易的核查意见,保荐/核查意见,2020-12-15,https://data.eastmoney.com/notices/detail/002313/AN202012141439956130.html
日海智能,002313,002313,日海智能,日海智能:第五届董事会第十八次会议决议公告,高管人员任职变动,2020-12-15,https://data.eastmoney.com/notices/detail/002313/AN202012141439956129.html
日海智能,002313,002313,日海智能,日海智能:关于全资子公司收到中标通知书暨形成关联交易的公告,其他,2020-12-02,https://data.eastmoney.com/notices/detail/002313/AN202012011434971566.html
日海智能,002313,002313,日海智能,日海智能:关于变更公司总经理的公告,高管人员任职变动,2020-12-01,https://data.eastmoney.com/notices/detail/002313/AN202011301434646083.html
日海智能,002313,002313,日海智能,日海智能:第五届董事会第十七次会议决议公告,高管人员任职变动,2020-12-01,https://data.eastmoney.com/notices/detail/002313/AN202011301434646085.html
日海智能,002313,002313,日海智能,日海智能:独立董事对相关事项发表的独立意见(2020/12/01),专项说明/独立意见,2020-12-01,https://data.eastmoney.com/notices/detail/002313/AN202011301434646087.html
日海智能,002313,002313,日海智能,日海智能:关于拟聘任会计师事务所的公告,审计机构变更,2020-11-28,https://data.eastmoney.com/notices/detail/002313/AN202011271433826339.html
日海智能,002313,002313,日海智能,日海智能:第五届监事会第十四次会议决议公告,监事会决议公告,2020-11-28,https://data.eastmoney.com/notices/detail/002313/AN202011271433826337.html
日海智能,002313,002313,日海智能,日海智能:独立董事对相关事项发表的事前认可意见,专项说明/独立意见,2020-11-28,https://data.eastmoney.com/notices/detail/002313/AN202011271433826331.html
日海智能,002313,002313,日海智能,日海智能:关于召开2020年第三次临时股东大会的通知,召开股东大会通知,2020-11-28,https://data.eastmoney.com/notices/detail/002313/AN202011271433826329.html
日海智能,002313,002313,日海智能,日海智能:独立董事对相关事项发表的独立意见(2020/11/28),专项说明/独立意见,2020-11-28,https://data.eastmoney.com/notices/detail/002313/AN202011271433826325.html
日海智能,002313,002313,日海智能,日海智能:第五届董事会第十六次会议决议公告,董事会决议公告,2020-11-28,https://data.eastmoney.com/notices/detail/002313/AN202011271433826319.html
日海智能,002313,002313,日海智能,日海智能:中信证券股份有限公司关于公司签署战略合作协议暨关联交易的核查意见,保荐/核查意见,2020-11-03,https://data.eastmoney.com/notices/detail/002313/AN202011021425849620.html
日海智能,002313,002313,日海智能,日海智能:上海荣正投资咨询股份有限公司关于公司详式权益变动报告书之财务顾问核查意见,权益变动报告书,2020-11-03,https://data.eastmoney.com/notices/detail/002313/AN202011021425849616.html
日海智能,002313,002313,日海智能,日海智能:独立董事对相关事项发表的事前认可意见,专项说明/独立意见,2020-11-03,https://data.eastmoney.com/notices/detail/002313/AN202011021425849621.html
日海智能,002313,002313,日海智能,日海智能:简式权益变动报告书,权益变动报告书,2020-11-03,https://data.eastmoney.com/notices/detail/002313/AN202011021425849619.html
日海智能,002313,002313,日海智能,日海智能:关于收到控股股东《关于放弃行使相关股份表决权的承诺函》暨公司控制权发生变更的公告,其他,2020-11-03,https://data.eastmoney.com/notices/detail/002313/AN202011021425849618.html
日海智能,002313,002313,日海智能,日海智能:第五届董事会第十五次会议决议公告,董事会决议公告,2020-11-03,https://data.eastmoney.com/notices/detail/002313/AN202011021425849617.html
日海智能,002313,002313,日海智能,日海智能:第五届监事会第十三次会议决议公告,监事会决议公告,2020-11-03,https://data.eastmoney.com/notices/detail/002313/AN202011021425849615.html
日海智能,002313,002313,日海智能,日海智能:独立董事对相关事项发表的独立意见,专项说明/独立意见,2020-11-03,https://data.eastmoney.com/notices/detail/002313/AN202011021425849612.html
日海智能,002313,002313,日海智能,日海智能:上海市锦天城(深圳)律师事务所关于公司实际控制人变更之专项法律意见书,法律意见书,2020-11-03,https://data.eastmoney.com/notices/detail/002313/AN202011021425849614.html
日海智能,002313,002313,日海智能,日海智能:关于签署战略合作协议暨关联交易的公告,签订协议,2020-11-03,https://data.eastmoney.com/notices/detail/002313/AN202011021425849611.html
日海智能,002313,002313,日海智能,日海智能:详式权益变动报告书,权益变动报告书,2020-11-03,https://data.eastmoney.com/notices/detail/002313/AN202011021425849610.html
日海智能,002313,002313,日海智能,日海智能:2020年第三季度报告正文,三季度报告正文,2020-10-28,https://data.eastmoney.com/notices/detail/002313/AN202010271424011665.html
日海智能,002313,002313,日海智能,日海智能:2020年第三季度报告全文,三季度报告全文,2020-10-28,https://data.eastmoney.com/notices/detail/002313/AN202010271424011684.html
日海智能,002313,002313,日海智能,日海智能:2020年前三季度业绩预告,业绩预告,2020-10-15,https://data.eastmoney.com/notices/detail/002313/AN202010141421362967.html
日海智能,002313,002313,日海智能,日海智能:独立董事对第五届董事会第十三次会议相关事项发表的独立意见,专项说明/独立意见,2020-09-26,https://data.eastmoney.com/notices/detail/002313/AN202009251417334796.html
日海智能,002313,002313,日海智能,日海智能:第五届董事会第十三次会议决议公告,高管人员任职变动,2020-09-26,https://data.eastmoney.com/notices/detail/002313/AN202009251417334795.html
日海智能,002313,002313,日海智能,日海智能:中信证券股份有限公司关于公司以募集资金置换先期投入募投项目自筹资金的核查意见,保荐/核查意见,2020-09-26,https://data.eastmoney.com/notices/detail/002313/AN202009251417334794.html
日海智能,002313,002313,日海智能,日海智能:关于变更财务及审计负责人的公告,高管人员任职变动,2020-09-26,https://data.eastmoney.com/notices/detail/002313/AN202009251417334793.html
日海智能,002313,002313,日海智能,日海智能:第五届监事会第十一次会议决议公告,监事会决议公告,2020-09-26,https://data.eastmoney.com/notices/detail/002313/AN202009251417334791.html
日海智能,002313,002313,日海智能,日海智能:关于以募集资金置换先期投入募投项目自筹资金的公告,募集资金使用情况报告,2020-09-26,https://data.eastmoney.com/notices/detail/002313/AN202009251417334789.html
日海智能,002313,002313,日海智能,日海智能:第一期员工持股计划第二次持有人会议决议公告,股权激励其他事项公告,2020-09-26,https://data.eastmoney.com/notices/detail/002313/AN202009251417334788.html
日海智能,002313,002313,日海智能,日海智能:以募集资金置换预先投入募投项目自筹资金鉴证报告,保荐/核查意见,2020-09-26,https://data.eastmoney.com/notices/detail/002313/AN202009251417334787.html
日海智能,002313,002313,日海智能,日海智能:关于第一期员工持股计划存续期展期的公告,股权激励其他事项公告,2020-09-26,https://data.eastmoney.com/notices/detail/002313/AN202009251417334786.html
日海智能,002313,002313,日海智能,日海智能:2020年第二次临时股东大会法律意见书,法律意见书,2020-09-10,https://data.eastmoney.com/notices/detail/002313/AN202009091409728378.html
日海智能,002313,002313,日海智能,日海智能:2020年第二次临时股东大会决议公告,股东大会决议公告,2020-09-10,https://data.eastmoney.com/notices/detail/002313/AN202009091409728377.html
日海智能,002313,002313,日海智能,日海智能:关于控股股东和一致行动人将所持公司股份在同一控制下进行协议转让完成过户的公告,股权转让,2020-09-01,https://data.eastmoney.com/notices/detail/002313/AN202008311404606526.html
日海智能,002313,002313,日海智能,日海智能:2020年半年度财务报告,半年度财务报告,2020-08-25,https://data.eastmoney.com/notices/detail/002313/AN202008241401081761.html
日海智能,002313,002313,日海智能,日海智能:2020年半年度报告摘要,半年度报告摘要,2020-08-25,https://data.eastmoney.com/notices/detail/002313/AN202008241401081768.html
日海智能,002313,002313,日海智能,日海智能:独立董事对第五届董事会第十二次会议相关事项发表的独立意见,专项说明/独立意见,2020-08-25,https://data.eastmoney.com/notices/detail/002313/AN202008241401081765.html
日海智能,002313,002313,日海智能,日海智能:关于2020年半年度募集资金存放与使用情况的专项报告,募集资金使用情况报告,2020-08-25,https://data.eastmoney.com/notices/detail/002313/AN202008241401081760.html
日海智能,002313,002313,日海智能,日海智能:关于召开2020年第二次临时股东大会的通知,召开股东大会通知,2020-08-25,https://data.eastmoney.com/notices/detail/002313/AN202008241401081759.html
日海智能,002313,002313,日海智能,日海智能:公司章程,公司章程,2020-08-25,https://data.eastmoney.com/notices/detail/002313/AN202008241401081758.html
日海智能,002313,002313,日海智能,日海智能:第五届董事会第十二次会议决议公告,董事会决议公告,2020-08-25,https://data.eastmoney.com/notices/detail/002313/AN202008241401081754.html
日海智能,002313,002313,日海智能,日海智能:2020年半年度报告,半年度报告全文,2020-08-25,https://data.eastmoney.com/notices/detail/002313/AN202008241401081747.html
日海智能,002313,002313,日海智能,日海智能:第五届监事会第十次会议决议公告,监事会决议公告,2020-08-25,https://data.eastmoney.com/notices/detail/002313/AN202008241401081746.html
日海智能,002313,002313,日海智能,日海智能:简式权益变动报告书(二),权益变动报告书,2020-08-12,https://data.eastmoney.com/notices/detail/002313/AN202008111397885404.html
日海智能,002313,002313,日海智能,日海智能:简式权益变动报告书(一),权益变动报告书,2020-08-12,https://data.eastmoney.com/notices/detail/002313/AN202008111397885397.html
日海智能,002313,002313,日海智能,日海智能:关于控股股东和一致行动人拟将所持公司股份在同一控制下进行协议转让暨权益变动的提示性公告,权益变动报告书,2020-08-12,https://data.eastmoney.com/notices/detail/002313/AN202008111397885401.html
日海智能,002313,002313,日海智能,日海智能:关于深圳证券交易所对公司关注函的回复公告,回复关注函公告,2020-08-06,https://data.eastmoney.com/notices/detail/002313/AN202008051396581071.html
日海智能,002313,002313,日海智能,日海智能:简式权益变动报告书,权益变动报告书,2020-07-31,https://data.eastmoney.com/notices/detail/002313/AN202007301395340274.html
日海智能,002313,002313,日海智能,日海智能:北京德恒(深圳)律师事务所关于珠海九洲控股集团有限公司拟取得公司控制权事宜之法律意见,法律意见书,2020-07-31,https://data.eastmoney.com/notices/detail/002313/AN202007301395340273.html
日海智能,002313,002313,日海智能,日海智能:详式权益变动报告书,权益变动报告书,2020-07-31,https://data.eastmoney.com/notices/detail/002313/AN202007301395340271.html
日海智能,002313,002313,日海智能,日海智能:上海荣正投资咨询股份有限公司关于公司详式权益变动报告书之财务顾问核查意见,权益变动报告书,2020-07-31,https://data.eastmoney.com/notices/detail/002313/AN202007301395340257.html
日海智能,002313,002313,日海智能,002313:日海智能关注函,关注函,2020-07-29,https://data.eastmoney.com/notices/detail/002313/AN202007291395124263.html
日海智能,002313,002313,日海智能,日海智能:第五届董事会第十一次会议决议公告,董事会决议公告,2020-07-28,https://data.eastmoney.com/notices/detail/002313/AN202007271394530250.html
日海智能,002313,002313,日海智能,日海智能:关于签署战略合作协议暨关联交易的公告,签订协议,2020-07-28,https://data.eastmoney.com/notices/detail/002313/AN202007271394530249.html
日海智能,002313,002313,日海智能,日海智能:独立董事对相关事项发表的事前认可意见,专项说明/独立意见,2020-07-28,https://data.eastmoney.com/notices/detail/002313/AN202007271394530247.html
日海智能,002313,002313,日海智能,日海智能:关于控股股东签署《投票表决权委托协议》暨公司控制权拟发生变更的提示性公告,签订协议,2020-07-28,https://data.eastmoney.com/notices/detail/002313/AN202007271394530246.html
日海智能,002313,002313,日海智能,日海智能:独立董事对相关事项发表的独立意见,专项说明/独立意见,2020-07-28,https://data.eastmoney.com/notices/detail/002313/AN202007271394530244.html
日海智能,002313,002313,日海智能,日海智能:第五届监事会第九次会议决议公告,监事会决议公告,2020-07-28,https://data.eastmoney.com/notices/detail/002313/AN202007271394530243.html
日海智能,002313,002313,日海智能,日海智能:中信证券股份有限公司关于公司签署战略合作协议暨关联交易的核查意见,保荐/核查意见,2020-07-28,https://data.eastmoney.com/notices/detail/002313/AN202007271394530241.html
日海智能,002313,002313,日海智能,日海智能:关于公司控股股东股票解除质押的公告,股份质押、冻结,2020-07-21,https://data.eastmoney.com/notices/detail/002313/AN202007201392951316.html
日海智能,002313,002313,日海智能,日海智能:2020年半年度业绩预告,业绩预告,2020-07-15,https://data.eastmoney.com/notices/detail/002313/AN202007141391631482.html
日海智能,002313,002313,日海智能,日海智能:独立董事对相关事项发表的独立意见,专项说明/独立意见,2020-07-14,https://data.eastmoney.com/notices/detail/002313/AN202007131391422696.html
日海智能,002313,002313,日海智能,日海智能:第五届监事会第八次会议决议公告,监事会决议公告,2020-07-14,https://data.eastmoney.com/notices/detail/002313/AN202007131391422695.html
日海智能,002313,002313,日海智能,日海智能:中信证券股份有限公司关于公司使用部分闲置募集资金暂时补充流动资金的核查意见,保荐/核查意见,2020-07-14,https://data.eastmoney.com/notices/detail/002313/AN202007131391422688.html
日海智能,002313,002313,日海智能,日海智能:关于收购控股子公司少数股东股权的公告,收购出售资产/股权,2020-07-14,https://data.eastmoney.com/notices/detail/002313/AN202007131391422685.html
日海智能,002313,002313,日海智能,日海智能:第五届董事会第十次会议决议公告,董事会决议公告,2020-07-14,https://data.eastmoney.com/notices/detail/002313/AN202007131391422679.html
日海智能,002313,002313,日海智能,日海智能:关于使用部分闲置募集资金暂时补充流动资金的公告,募集资金补充流动资金,2020-07-14,https://data.eastmoney.com/notices/detail/002313/AN202007131391422675.html
日海智能,002313,002313,日海智能,日海智能:公司章程(2020年6月),公司章程,2020-07-01,https://data.eastmoney.com/notices/detail/002313/AN202006301388499342.html
日海智能,002313,002313,日海智能,日海智能:第五届董事会第九次会议决议公告,董事会决议公告,2020-07-01,https://data.eastmoney.com/notices/detail/002313/AN202006301388499341.html
日海智能,002313,002313,日海智能,日海智能:第五届监事会第七次会议决议公告,监事会决议公告,2020-07-01,https://data.eastmoney.com/notices/detail/002313/AN202006301388499340.html
日海智能,002313,002313,日海智能,日海智能:中信证券股份有限公司关于公司调整非公开发行股票募集资金投资项目投入金额的核查意见,保荐/核查意见,2020-07-01,https://data.eastmoney.com/notices/detail/002313/AN202006301388499332.html
日海智能,002313,002313,日海智能,日海智能:关于开立募集资金专户并签订募集资金三方及四方监管协议的公告,签订协议,2020-07-01,https://data.eastmoney.com/notices/detail/002313/AN202006301388499328.html
日海智能,002313,002313,日海智能,日海智能:独立董事对相关事项发表的独立意见,专项说明/独立意见,2020-07-01,https://data.eastmoney.com/notices/detail/002313/AN202006301388499336.html
日海智能,002313,002313,日海智能,日海智能:关于调整非公开发行股票募集资金投资项目投入金额的公告,变更募集资金投资项目,2020-07-01,https://data.eastmoney.com/notices/detail/002313/AN202006301388499335.html
日海智能,002313,002313,日海智能,日海智能:关于公司以募集资金增资全资子公司实施募投项目的公告,募集资金使用进展情况,2020-07-01,https://data.eastmoney.com/notices/detail/002313/AN202006301388499331.html
日海智能,002313,002313,日海智能,日海智能:中信证券股份有限公司关于公司以募集资金增资全资子公司实施募投项目的核查意见,保荐/核查意见,2020-07-01,https://data.eastmoney.com/notices/detail/002313/AN202006301388499329.html
日海智能,002313,002313,日海智能,日海智能:中信证券股份有限公司关于公司非公开发行A股股票之上市保荐书,上市保荐书,2020-06-23,https://data.eastmoney.com/notices/detail/002313/AN202006221386591144.html
日海智能,002313,002313,日海智能,日海智能:非公开发行A股股票发行情况报告书(摘要),其他增发事项公告,2020-06-23,https://data.eastmoney.com/notices/detail/002313/AN202006221386591143.html
日海智能,002313,002313,日海智能,日海智能:中信证券股份有限公司关于公司非公开发行A股股票发行过程和认购对象合规性的报告,保荐/核查意见,2020-06-23,https://data.eastmoney.com/notices/detail/002313/AN202006221386591135.html
日海智能,002313,002313,日海智能,日海智能:关于公司非公开发行A股股票发行过程和认购对象合规性的法律意见书,法律意见书,2020-06-23,https://data.eastmoney.com/notices/detail/002313/AN202006221386591147.html
日海智能,002313,002313,日海智能,日海智能:非公开发行A股股票发行情况报告书,其他增发事项公告,2020-06-23,https://data.eastmoney.com/notices/detail/002313/AN202006221386591146.html
日海智能,002313,002313,日海智能,日海智能:关于非公开发行A股股票的上市申请书,增发上市公告书,2020-06-23,https://data.eastmoney.com/notices/detail/002313/AN202006221386591141.html
日海智能,002313,002313,日海智能,日海智能:关于董事、监事和高级管理人员持股情况变动的报告,高管人员持股变动,2020-06-23,https://data.eastmoney.com/notices/detail/002313/AN202006221386591140.html
日海智能,002313,002313,日海智能,日海智能:非公开发行A股股票上市公告书(摘要),增发上市公告书（摘要）,2020-06-23,https://data.eastmoney.com/notices/detail/002313/AN202006221386591139.html
日海智能,002313,002313,日海智能,日海智能:非公开发行A股股票上市公告书,增发上市公告书,2020-06-23,https://data.eastmoney.com/notices/detail/002313/AN202006221386591137.html
日海智能,002313,002313,日海智能,日海智能:简式权益变动报告书(一),权益变动报告书,2020-06-23,https://data.eastmoney.com/notices/detail/002313/AN202006221386591136.html
日海智能,002313,002313,日海智能,日海智能:简式权益变动报告书(二),权益变动报告书,2020-06-23,https://data.eastmoney.com/notices/detail/002313/AN202006221386591134.html
日海智能,002313,002313,日海智能,日海智能:2019年度股东大会决议公告,分配方案决议公告,2020-05-22,https://data.eastmoney.com/notices/detail/002313/AN202005211380073296.html
日海智能,002313,002313,日海智能,日海智能:2019年度股东大会法律意见书,法律意见书,2020-05-22,https://data.eastmoney.com/notices/detail/002313/AN202005211380073285.html
日海智能,002313,002313,日海智能,日海智能:独立董事2019年度述职报告(耿利航),独立董事述职报告,2020-04-30,https://data.eastmoney.com/notices/detail/002313/AN202004301379080267.html
日海智能,002313,002313,日海智能,日海智能:董事会关于会计师事务所2019年度审计工作总结的报告,审计机构变更,2020-04-30,https://data.eastmoney.com/notices/detail/002313/AN202004301379080266.html
日海智能,002313,002313,日海智能,日海智能:内部控制鉴证报告,保荐/核查意见,2020-04-30,https://data.eastmoney.com/notices/detail/002313/AN202004301379080265.html
日海智能,002313,002313,日海智能,日海智能:关于2019年度利润分配预案的专项说明公告,分配预案,2020-04-30,https://data.eastmoney.com/notices/detail/002313/AN202004301379080263.html
日海智能,002313,002313,日海智能,日海智能:第五届监事会第六次会议决议公告,监事会决议公告,2020-04-30,https://data.eastmoney.com/notices/detail/002313/AN202004301379080261.html
日海智能,002313,002313,日海智能,日海智能:独立董事对第五届董事会第八次会议相关事项发表的独立意见,专项说明/独立意见,2020-04-30,https://data.eastmoney.com/notices/detail/002313/AN202004301379080256.html
日海智能,002313,002313,日海智能,日海智能:内部控制规则落实自查表,内部控制报告,2020-04-30,https://data.eastmoney.com/notices/detail/002313/AN202004301379080255.html
日海智能,002313,002313,日海智能,日海智能:2019年年度审计报告,审计报告,2020-04-30,https://data.eastmoney.com/notices/detail/002313/AN202004301379080253.html
日海智能,002313,002313,日海智能,日海智能:关于调整2020年度向股东申请借款额度暨关联交易的公告,借贷,2020-04-30,https://data.eastmoney.com/notices/detail/002313/AN202004301379080251.html
日海智能,002313,002313,日海智能,日海智能:关于会计政策变更的公告,其他,2020-04-30,https://data.eastmoney.com/notices/detail/002313/AN202004301379080249.html
日海智能,002313,002313,日海智能,日海智能:独立董事2019年度述职报告(宋德亮),独立董事述职报告,2020-04-30,https://data.eastmoney.com/notices/detail/002313/AN202004301379080242.html
日海智能,002313,002313,日海智能,日海智能:2019年度内部控制自我评价报告,内部控制报告,2020-04-30,https://data.eastmoney.com/notices/detail/002313/AN202004301379080240.html
日海智能,002313,002313,日海智能,日海智能:2019年度商誉减值测试报告,其他,2020-04-30,https://data.eastmoney.com/notices/detail/002313/AN202004301379080238.html
日海智能,002313,002313,日海智能,日海智能:第五届董事会第八次会议决议公告,分配预案,2020-04-30,https://data.eastmoney.com/notices/detail/002313/AN202004301379080236.html
日海智能,002313,002313,日海智能,日海智能:关于召开2019年度股东大会的通知,召开股东大会通知,2020-04-30,https://data.eastmoney.com/notices/detail/002313/AN202004301379080234.html
日海智能,002313,002313,日海智能,日海智能:独立董事2019年度述职报告(项立刚),独立董事述职报告,2020-04-30,https://data.eastmoney.com/notices/detail/002313/AN202004301379080231.html
日海智能,002313,002313,日海智能,日海智能:监事会2019年度工作报告,其他,2020-04-30,https://data.eastmoney.com/notices/detail/002313/AN202004301379080230.html
日海智能,002313,002313,日海智能,日海智能:关于2020年度使用自有闲置资金开展委托理财额度的公告,委托（受托）事项,2020-04-30,https://data.eastmoney.com/notices/detail/002313/AN202004301379080228.html
日海智能,002313,002313,日海智能,日海智能:关于举行2019年度报告网上说明会的通知,其他,2020-04-30,https://data.eastmoney.com/notices/detail/002313/AN202004301379080227.html
日海智能,002313,002313,日海智能,日海智能:独立董事对第五届董事会第八次会议审议的相关事项发表的事前认可意见,专项说明/独立意见,2020-04-30,https://data.eastmoney.com/notices/detail/002313/AN202004301379080219.html
日海智能,002313,002313,日海智能,日海智能:2020年第一季度报告全文,一季度报告全文,2020-04-30,https://data.eastmoney.com/notices/detail/002313/AN202004301379080218.html
日海智能,002313,002313,日海智能,日海智能:2019年年度报告,年度报告全文,2020-04-30,https://data.eastmoney.com/notices/detail/002313/AN202004301379080217.html
日海智能,002313,002313,日海智能,日海智能:关于公司对子公司及子公司之间提供融资担保额度的公告,担保事项,2020-04-30,https://data.eastmoney.com/notices/detail/002313/AN202004301379080216.html
日海智能,002313,002313,日海智能,日海智能:2020年第一季度报告正文,一季度报告正文,2020-04-30,https://data.eastmoney.com/notices/detail/002313/AN202004301379080215.html
日海智能,002313,002313,日海智能,日海智能:2019年年度报告摘要,年度报告摘要,2020-04-30,https://data.eastmoney.com/notices/detail/002313/AN202004301379080232.html
日海智能,002313,002313,日海智能,日海智能:关联方占用资金情况专项审计说明(2019年度),保荐/核查意见,2020-04-30,https://data.eastmoney.com/notices/detail/002313/AN202004301379080229.html
日海智能,002313,002313,日海智能,日海智能:关于延期披露2019年年度报告的公告,其他,2020-04-21,https://data.eastmoney.com/notices/detail/002313/AN202004201378292035.html
日海智能,002313,002313,日海智能,日海智能:2020年第一季度业绩预告,业绩预告,2020-04-15,https://data.eastmoney.com/notices/detail/002313/AN202004141377994043.html
日海智能,002313,002313,日海智能,日海智能:2020年第一次临时股东大会法律意见书,法律意见书,2020-03-10,https://data.eastmoney.com/notices/detail/002313/AN202003091376040841.html
日海智能,002313,002313,日海智能,日海智能:2020年第一次临时股东大会决议公告,增发方案修订,2020-03-10,https://data.eastmoney.com/notices/detail/002313/AN202003091376040838.html
日海智能,002313,002313,日海智能,日海智能:关于2019年度计提资产减值准备的公告,其他,2020-03-07,https://data.eastmoney.com/notices/detail/002313/AN202003061375967620.html
日海智能,002313,002313,日海智能,日海智能:2019年度业绩快报,业绩快报,2020-03-07,https://data.eastmoney.com/notices/detail/002313/AN202003061375967619.html
日海智能,002313,002313,日海智能,日海智能:第五届董事会第七次会议决议公告,增发预案,2020-02-22,https://data.eastmoney.com/notices/detail/002313/AN202002211375368219.html
日海智能,002313,002313,日海智能,日海智能:关于非公开发行A股股票摊薄即期回报及采取填补措施(二次修订稿)的公告,其他,2020-02-22,https://data.eastmoney.com/notices/detail/002313/AN202002211375368217.html
日海智能,002313,002313,日海智能,日海智能:2019年度非公开发行A股股票预案(二次修订稿),增发预案,2020-02-22,https://data.eastmoney.com/notices/detail/002313/AN202002211375368216.html
日海智能,002313,002313,日海智能,日海智能:独立董事对相关事项发表的独立意见,专项说明/独立意见,2020-02-22,https://data.eastmoney.com/notices/detail/002313/AN202002211375368215.html
日海智能,002313,002313,日海智能,日海智能:第五届监事会第五次会议决议公告,监事会决议公告,2020-02-22,https://data.eastmoney.com/notices/detail/002313/AN202002211375368214.html
日海智能,002313,002313,日海智能,日海智能:关于召开2020年第一次临时股东大会的通知,召开股东大会通知,2020-02-22,https://data.eastmoney.com/notices/detail/002313/AN202002211375368213.html
日海智能,002313,002313,日海智能,日海智能:关于公司非公开发行A股股票预案修订情况说明的公告,增发方案修订,2020-02-22,https://data.eastmoney.com/notices/detail/002313/AN202002211375368208.html
日海智能,002313,002313,日海智能,日海智能:关于公司副总经理职务调整的公告,高管人员任职变动,2020-01-23,https://data.eastmoney.com/notices/detail/002313/AN202001221374508203.html
日海智能,002313,002313,日海智能,日海智能:关于中标泉州市科技馆新馆展教工程PPP项目的公告,重大合同,2020-01-23,https://data.eastmoney.com/notices/detail/002313/AN202001221374508202.html
日海智能,002313,002313,日海智能,日海智能:关于泉州市科技馆新馆展教工程PPP项目中标公示的提示性公告,重大合同,2020-01-16,https://data.eastmoney.com/notices/detail/002313/AN202001151374220135.html
日海智能,002313,002313,日海智能,日海智能:第五届董事会第六次会议决议公告,高管人员任职变动,2020-01-02,https://data.eastmoney.com/notices/detail/002313/AN202001011373238747.html
日海智能,002313,002313,日海智能,日海智能:关于聘任审计部经理的公告,高管人员任职变动,2020-01-02,https://data.eastmoney.com/notices/detail/002313/AN202001011373238743.html
日海智能,002313,002313,日海智能,日海智能:关于非公开发行股票申请获得中国证监会核准批复的公告,增发获准公告,2019-12-26,https://data.eastmoney.com/notices/detail/002313/AN201912251372585817.html
日海智能,002313,002313,日海智能,日海智能:关于非公开发行股票联系人及联系方式的公告,其他增发事项公告,2019-12-26,https://data.eastmoney.com/notices/detail/002313/AN201912251372585809.html
日海智能,002313,002313,日海智能,日海智能:关于公司高级管理人员减持股份计划实施完毕的公告,高管人员持股变动,2019-12-19,https://data.eastmoney.com/notices/detail/002313/AN201912181371935745.html
日海智能,002313,002313,日海智能,日海智能:2019年第三次临时股东大会法律意见书,法律意见书,2019-11-12,https://data.eastmoney.com/notices/detail/002313/AN201911111370641865.html
日海智能,002313,002313,日海智能,日海智能:2019年第三次临时股东大会决议公告,股东大会决议公告,2019-11-12,https://data.eastmoney.com/notices/detail/002313/AN201911111370641864.html
日海智能,002313,002313,日海智能,日海智能:关于转让子公司湖北日海股权的进展公告,股权转让,2019-11-12,https://data.eastmoney.com/notices/detail/002313/AN201911111370641862.html
日海智能,002313,002313,日海智能,日海智能:002313日海智能投资者关系活动记录表20191108,调研活动,2019-11-08,https://data.eastmoney.com/notices/detail/002313/AN201911081370593590.html
日海智能,002313,002313,日海智能,日海智能:关于对隆嘉云网投资的进展公告,对外项目投资,2019-11-08,https://data.eastmoney.com/notices/detail/002313/AN201911071370512610.html
日海智能,002313,002313,日海智能,日海智能:关于非公开发行股票申请获得中国证监会发行审核委员会审核通过的公告,增发获准公告,2019-11-04,https://data.eastmoney.com/notices/detail/002313/AN201911031370277299.html
日海智能,002313,002313,日海智能,日海智能:关于公司高级管理人员减持股份的预披露公告,高管人员持股变动,2019-10-26,https://data.eastmoney.com/notices/detail/002313/AN201910251369814987.html
日海智能,002313,002313,日海智能,日海智能:关于非公开发行股票发审委会议准备工作告知函回复的公告,其他,2019-10-25,https://data.eastmoney.com/notices/detail/002313/AN201910241369690228.html
日海智能,002313,002313,日海智能,日海智能:公司与中信证券股份有限公司关于《关于请做好日海智能非公开发行股票发审委会议准备工作的函》之回复,其他,2019-10-25,https://data.eastmoney.com/notices/detail/002313/AN201910241369690227.html
日海智能,002313,002313,日海智能,日海智能:第五届董事会第五次会议决议公告,董事会决议公告,2019-10-24,https://data.eastmoney.com/notices/detail/002313/AN201910231369579274.html
日海智能,002313,002313,日海智能,日海智能:2019年第三季度报告全文,三季度报告全文,2019-10-24,https://data.eastmoney.com/notices/detail/002313/AN201910231369579272.html
日海智能,002313,002313,日海智能,日海智能:独立董事对相关事项发表的独立意见,专项说明/独立意见,2019-10-24,https://data.eastmoney.com/notices/detail/002313/AN201910231369579271.html
日海智能,002313,002313,日海智能,日海智能:第五届监事会第四次会议决议公告,监事会决议公告,2019-10-24,https://data.eastmoney.com/notices/detail/002313/AN201910231369579269.html
日海智能,002313,002313,日海智能,日海智能:独立董事对相关事项发表的事前认可意见,专项说明/独立意见,2019-10-24,https://data.eastmoney.com/notices/detail/002313/AN201910231369579267.html
日海智能,002313,002313,日海智能,日海智能:关于召开2019年第三次临时股东大会的通知,召开股东大会通知,2019-10-24,https://data.eastmoney.com/notices/detail/002313/AN201910231369579266.html
日海智能,002313,002313,日海智能,日海智能:2019年第三季度报告正文,三季度报告正文,2019-10-24,https://data.eastmoney.com/notices/detail/002313/AN201910231369579265.html
日海智能,002313,002313,日海智能,日海智能:2019年前三季度业绩预告,业绩预告,2019-10-15,https://data.eastmoney.com/notices/detail/002313/AN201910141368682502.html
日海智能,002313,002313,日海智能,日海智能:关于变更投资者联系电话的公告,公司其他基本信息变更,2019-10-15,https://data.eastmoney.com/notices/detail/002313/AN201910141368682499.html
日海智能,002313,002313,日海智能,日海智能:公司与中信证券股份有限公司关于公司上市公司非公开发行新股核准申请文件反馈意见的回复(修订稿),增发获准公告,2019-10-10,https://data.eastmoney.com/notices/detail/002313/AN201910091368352947.html
日海智能,002313,002313,日海智能,日海智能:关于非公开发行申请文件反馈意见回复修订的公告,其他,2019-10-10,https://data.eastmoney.com/notices/detail/002313/AN201910091368352945.html
日海智能,002313,002313,日海智能,日海智能:关于控股股东部分股份解除质押的公告,股份质押、冻结,2019-09-19,https://data.eastmoney.com/notices/detail/002313/AN201909181362391123.html
日海智能,002313,002313,日海智能,日海智能:第五届董事会第四次会议决议公告,董事会决议公告,2019-09-05,https://data.eastmoney.com/notices/detail/002313/AN201909041348547416.html
日海智能,002313,002313,日海智能,日海智能:关于签署《投资合作协议》暨对外投资的公告,签订协议,2019-09-05,https://data.eastmoney.com/notices/detail/002313/AN201909041348547414.html
日海智能,002313,002313,日海智能,日海智能:关于调减2019年度非公开发行A股股票募集资金总额的公告,增发方案修订,2019-08-31,https://data.eastmoney.com/notices/detail/002313/AN201908301345420769.html
日海智能,002313,002313,日海智能,日海智能:关于非公开发行A股股票摊薄即期回报及采取填补措施(修订稿)的公告,其他,2019-08-31,https://data.eastmoney.com/notices/detail/002313/AN201908301345420768.html
日海智能,002313,002313,日海智能,日海智能:第五届董事会第三次会议决议公告,董事会决议公告,2019-08-31,https://data.eastmoney.com/notices/detail/002313/AN201908301345420767.html
日海智能,002313,002313,日海智能,日海智能:控股股东、实际控制人、董事、高级管理人员关于非公开发行A股股票摊薄即期回报及采取填补措施承诺(修订稿)的公告,其他,2019-08-31,https://data.eastmoney.com/notices/detail/002313/AN201908301345420766.html
日海智能,002313,002313,日海智能,日海智能:第五届监事会第三次会议决议公告,监事会决议公告,2019-08-31,https://data.eastmoney.com/notices/detail/002313/AN201908301345420765.html
日海智能,002313,002313,日海智能,日海智能:非公开发行A股股票募集资金使用可行性分析报告(修订稿),其他,2019-08-31,https://data.eastmoney.com/notices/detail/002313/AN201908301345420764.html
日海智能,002313,002313,日海智能,日海智能:2019年度非公开发行A股股票预案(修订稿),增发预案,2019-08-31,https://data.eastmoney.com/notices/detail/002313/AN201908301345420763.html
日海智能,002313,002313,日海智能,日海智能:独立董事对相关事项发表的独立意见,专项说明/独立意见,2019-08-31,https://data.eastmoney.com/notices/detail/002313/AN201908301345420762.html
日海智能,002313,002313,日海智能,日海智能:2019年半年度报告,半年度报告全文,2019-08-27,https://data.eastmoney.com/notices/detail/002313/AN201908261345114847.html
日海智能,002313,002313,日海智能,日海智能:独立董事对相关事项发表的独立意见(2019/08/27),专项说明/独立意见,2019-08-27,https://data.eastmoney.com/notices/detail/002313/AN201908261345114846.html
日海智能,002313,002313,日海智能,日海智能:2019年半年度报告摘要,半年度报告摘要,2019-08-27,https://data.eastmoney.com/notices/detail/002313/AN201908261345114845.html
日海智能,002313,002313,日海智能,日海智能:2019年半年度财务报告,半年度财务报告,2019-08-27,https://data.eastmoney.com/notices/detail/002313/AN201908261345114844.html
日海智能,002313,002313,日海智能,日海智能:2019年第二次临时股东大会决议公告,股东大会决议公告,2019-08-23,https://data.eastmoney.com/notices/detail/002313/AN201908221344909748.html
日海智能,002313,002313,日海智能,日海智能:独立董事对相关事项发表的独立意见(2019/08/23),专项说明/独立意见,2019-08-23,https://data.eastmoney.com/notices/detail/002313/AN201908221344909744.html
日海智能,002313,002313,日海智能,日海智能:独立董事对相关事项发表的事前认可意见,专项说明/独立意见,2019-08-23,https://data.eastmoney.com/notices/detail/002313/AN201908221344909743.html
日海智能,002313,002313,日海智能,日海智能:第五届监事会第一次会议决议公告,高管人员任职变动,2019-08-23,https://data.eastmoney.com/notices/detail/002313/AN201908221344909742.html
日海智能,002313,002313,日海智能,日海智能:第五届董事会第一次会议决议公告,高管人员任职变动,2019-08-23,https://data.eastmoney.com/notices/detail/002313/AN201908221344909740.html
日海智能,002313,002313,日海智能,日海智能:关于关联方向公司提供无息借款暨关联交易的公告,借贷,2019-08-23,https://data.eastmoney.com/notices/detail/002313/AN201908221344909736.html
日海智能,002313,002313,日海智能,日海智能:2019年第二次临时股东大会法律意见书,法律意见书,2019-08-23,https://data.eastmoney.com/notices/detail/002313/AN201908221344909735.html
日海智能,002313,002313,日海智能,日海智能:关于召开2019年第二次临时股东大会的通知,召开股东大会通知,2019-08-07,https://data.eastmoney.com/notices/detail/002313/AN201908061342483895.html
日海智能,002313,002313,日海智能,日海智能:独立董事候选人声明(项立刚),独立董事候选人声明,2019-08-07,https://data.eastmoney.com/notices/detail/002313/AN201908061342483894.html
日海智能,002313,002313,日海智能,日海智能:第四届董事会第三十五次会议决议公告,高管人员任职变动,2019-08-07,https://data.eastmoney.com/notices/detail/002313/AN201908061342483893.html
日海智能,002313,002313,日海智能,日海智能:关于选举职工代表董事的公告,高管人员任职变动,2019-08-07,https://data.eastmoney.com/notices/detail/002313/AN201908061342483892.html
日海智能,002313,002313,日海智能,日海智能:独立董事提名人声明(二),独立董事提名人声明,2019-08-07,https://data.eastmoney.com/notices/detail/002313/AN201908061342483891.html
日海智能,002313,002313,日海智能,日海智能:第四届监事会第二十三次会议决议公告,高管人员任职变动,2019-08-07,https://data.eastmoney.com/notices/detail/002313/AN201908061342483890.html
日海智能,002313,002313,日海智能,日海智能:关于选举职工代表监事的公告,高管人员任职变动,2019-08-07,https://data.eastmoney.com/notices/detail/002313/AN201908061342483889.html
日海智能,002313,002313,日海智能,日海智能:独立董事候选人声明(耿利航),独立董事候选人声明,2019-08-07,https://data.eastmoney.com/notices/detail/002313/AN201908061342483888.html
日海智能,002313,002313,日海智能,日海智能:独立董事候选人声明(宋德亮),独立董事候选人声明,2019-08-07,https://data.eastmoney.com/notices/detail/002313/AN201908061342483887.html
日海智能,002313,002313,日海智能,日海智能:独立董事提名人声明(三),独立董事提名人声明,2019-08-07,https://data.eastmoney.com/notices/detail/002313/AN201908061342483886.html
日海智能,002313,002313,日海智能,日海智能:独立董事提名人声明(一),独立董事提名人声明,2019-08-07,https://data.eastmoney.com/notices/detail/002313/AN201908061342483885.html
日海智能,002313,002313,日海智能,日海智能:独立董事对相关事项发表的独立意见(2019/08/07),专项说明/独立意见,2019-08-07,https://data.eastmoney.com/notices/detail/002313/AN201908061342483884.html
日海智能,002313,002313,日海智能,日海智能:独立董事对相关事项发表的事前认可意见,专项说明/独立意见,2019-08-03,https://data.eastmoney.com/notices/detail/002313/AN201908021342254047.html
日海智能,002313,002313,日海智能,日海智能:关于关联方向公司提供无息借款暨关联交易的公告,借贷,2019-08-03,https://data.eastmoney.com/notices/detail/002313/AN201908021342254041.html
日海智能,002313,002313,日海智能,日海智能:第四届董事会第三十四次会议决议公告,董事会决议公告,2019-08-03,https://data.eastmoney.com/notices/detail/002313/AN201908021342254038.html
日海智能,002313,002313,日海智能,日海智能:第四届监事会第二十二次会议决议公告,监事会决议公告,2019-08-03,https://data.eastmoney.com/notices/detail/002313/AN201908021342254035.html
日海智能,002313,002313,日海智能,日海智能:独立董事对相关事项发表的独立意见(2019/08/03),专项说明/独立意见,2019-08-03,https://data.eastmoney.com/notices/detail/002313/AN201908021342254032.html
日海智能,002313,002313,日海智能,日海智能:关于公司控股股东一致行动人增持计划实施完成的公告,股东/实际控制人股份增持,2019-08-02,https://data.eastmoney.com/notices/detail/002313/AN201908011342086573.html
日海智能,002313,002313,日海智能,日海智能:第四届董事会第三十三次会议决议公告,董事会决议公告,2019-08-01,https://data.eastmoney.com/notices/detail/002313/AN201907311341801827.html
日海智能,002313,002313,日海智能,日海智能:关于变更子公司湖北日海股权转让交易对方的公告,其他,2019-08-01,https://data.eastmoney.com/notices/detail/002313/AN201907311341801826.html
日海智能,002313,002313,日海智能,日海智能:关于非公开发行股票申请文件反馈意见回复的公告,其他,2019-07-25,https://data.eastmoney.com/notices/detail/002313/AN201907241341294279.html
日海智能,002313,002313,日海智能,日海智能:公司与中信证券股份有限公司关于公司上市公司非公开发行新股核准申请文件反馈意见的回复,增发获准公告,2019-07-25,https://data.eastmoney.com/notices/detail/002313/AN201907241341294311.html
日海智能,002313,002313,日海智能,日海智能:关于董事会换届选举并征集董事候选人的公告,高管人员任职变动,2019-07-23,https://data.eastmoney.com/notices/detail/002313/AN201907221340684840.html
日海智能,002313,002313,日海智能,日海智能:关于监事会换届选举并征集监事候选人的公告,高管人员任职变动,2019-07-23,https://data.eastmoney.com/notices/detail/002313/AN201907221340684817.html
日海智能,002313,002313,日海智能,日海智能_监管函,深交所股票监管函,2019-07-22,https://data.eastmoney.com/notices/detail/002313/AN201907221340531953.html
日海智能,002313,002313,日海智能,日海智能:2019年半年度业绩预告,业绩预告,2019-07-15,https://data.eastmoney.com/notices/detail/002313/AN201907141338637089.html
日海智能,002313,002313,日海智能,日海智能:关于收到《中国证监会行政许可项目审查一次反馈意见通知书》的公告,其他,2019-07-09,https://data.eastmoney.com/notices/detail/002313/AN201907081338120279.html
日海智能,002313,002313,日海智能,日海智能:关于公司5G产品发布的公告,其他,2019-06-27,https://data.eastmoney.com/notices/detail/002313/AN201906261336541961.html
日海智能,002313,002313,日海智能,日海智能:独立董事对第四届董事会第三十二次会议相关事项发表的独立意见,专项说明/独立意见,2019-06-26,https://data.eastmoney.com/notices/detail/002313/AN201906251336365796.html
日海智能,002313,002313,日海智能,日海智能:第四届董事会第三十二次会议决议公告,高管人员任职变动,2019-06-26,https://data.eastmoney.com/notices/detail/002313/AN201906251336365797.html
日海智能,002313,002313,日海智能,日海智能:关于公司财务负责人(财务总监)辞职的公告,高管人员任职变动,2019-06-26,https://data.eastmoney.com/notices/detail/002313/AN201906251336365795.html
日海智能,002313,002313,日海智能,日海智能:关于深圳证券交易所对公司2018年年报问询函的回复,年报问询函,2019-06-22,https://data.eastmoney.com/notices/detail/002313/AN201906211335983759.html
日海智能,002313,002313,日海智能,日海智能:2018年度权益分派实施公告,分配方案实施,2019-06-14,https://data.eastmoney.com/notices/detail/002313/AN201906131334969443.html
日海智能,002313,002313,日海智能,日海智能:关于非公开发行A股股票申请获得中国证监会受理的公告,其他,2019-05-28,https://data.eastmoney.com/notices/detail/002313/AN201905271332266916.html
日海智能,002313,002313,日海智能,日海智能:2018年度股东大会决议公告,分配方案决议公告,2019-05-15,https://data.eastmoney.com/notices/detail/002313/AN201905141329681411.html
日海智能,002313,002313,日海智能,日海智能:2018年度股东大会法律意见书,法律意见书,2019-05-15,https://data.eastmoney.com/notices/detail/002313/AN201905141329681412.html
日海智能,002313,002313,日海智能,日海智能:2019年第一次临时股东大会决议公告,增发预案,2019-05-07,https://data.eastmoney.com/notices/detail/002313/AN201905061326998120.html
日海智能,002313,002313,日海智能,日海智能:2019年第一次临时股东大会法律意见书,法律意见书,2019-05-07,https://data.eastmoney.com/notices/detail/002313/AN201905061326998121.html
日海智能,002313,002313,日海智能,日海智能:关于增加2018年度股东大会临时提案的公告,增加股东大会议案,2019-04-30,https://data.eastmoney.com/notices/detail/002313/AN201904291324399220.html
日海智能,002313,002313,日海智能,日海智能:002313日海智能投资者关系管理制度20190429,调研活动,2019-04-29,https://data.eastmoney.com/notices/detail/002313/AN201904291324085648.html
日海智能,002313,002313,日海智能,日海智能:002313日海智能投资者关系活动记录表20190319,调研活动,2019-04-29,https://data.eastmoney.com/notices/detail/002313/AN201904291324085647.html
日海智能,002313,002313,日海智能,日海智能:2019年第一季度报告正文,一季度报告正文,2019-04-29,https://data.eastmoney.com/notices/detail/002313/AN201904281323744390.html
日海智能,002313,002313,日海智能,日海智能:2019年第一季度报告全文,一季度报告全文,2019-04-29,https://data.eastmoney.com/notices/detail/002313/AN201904281323744389.html
日海智能,002313,002313,日海智能,日海智能:第四届董事会第三十次会议决议公告,分配预案,2019-04-24,https://data.eastmoney.com/notices/detail/002313/AN201904231321679565.html
日海智能,002313,002313,日海智能,日海智能:第四届监事会第二十次会议决议公告,监事会决议公告,2019-04-24,https://data.eastmoney.com/notices/detail/002313/AN201904231321679564.html
日海智能,002313,002313,日海智能,日海智能:独立董事2018年度述职报告(曾庆生),独立董事述职报告,2019-04-24,https://data.eastmoney.com/notices/detail/002313/AN201904231321679559.html
日海智能,002313,002313,日海智能,日海智能:2018年度内部控制自我评价报告,内部控制报告,2019-04-24,https://data.eastmoney.com/notices/detail/002313/AN201904231321679555.html
日海智能,002313,002313,日海智能,日海智能:董事会关于会计师事务所2018年度审计工作总结的报告,审计机构变更,2019-04-24,https://data.eastmoney.com/notices/detail/002313/AN201904231321679566.html
日海智能,002313,002313,日海智能,日海智能:董事会审计委员会关于2018年度计提资产减值准备的说明,专项说明/独立意见,2019-04-24,https://data.eastmoney.com/notices/detail/002313/AN201904231321679567.html
日海智能,002313,002313,日海智能,日海智能:独立董事对第四届董事会第三十次会议审议的相关事项发表的事前认可意见,专项说明/独立意见,2019-04-24,https://data.eastmoney.com/notices/detail/002313/AN201904231321679562.html
日海智能,002313,002313,日海智能,日海智能:2018年年度报告摘要,年度报告摘要,2019-04-24,https://data.eastmoney.com/notices/detail/002313/AN201904231321679490.html
日海智能,002313,002313,日海智能,日海智能:独立董事2018年度述职报告(耿利航),独立董事述职报告,2019-04-24,https://data.eastmoney.com/notices/detail/002313/AN201904231321679560.html
日海智能,002313,002313,日海智能,日海智能:独立董事2018年度述职报告(宋德亮),独立董事述职报告,2019-04-24,https://data.eastmoney.com/notices/detail/002313/AN201904231321679558.html
日海智能,002313,002313,日海智能,日海智能:独立董事2018年度述职报告(项立刚),独立董事述职报告,2019-04-24,https://data.eastmoney.com/notices/detail/002313/AN201904231321679561.html
日海智能,002313,002313,日海智能,日海智能:2018年年度报告,年度报告全文,2019-04-24,https://data.eastmoney.com/notices/detail/002313/AN201904231321679489.html
日海智能,002313,002313,日海智能,日海智能:2018年年度审计报告,审计报告,2019-04-24,https://data.eastmoney.com/notices/detail/002313/AN201904231321679554.html
日海智能,002313,002313,日海智能,日海智能:关联方占用资金情况专项审计说明(2018年度),保荐/核查意见,2019-04-24,https://data.eastmoney.com/notices/detail/002313/AN201904231321679557.html
日海智能,002313,002313,日海智能,日海智能:独立董事对第四届董事会第三十次会议相关事项发表的独立意见,专项说明/独立意见,2019-04-24,https://data.eastmoney.com/notices/detail/002313/AN201904231321679563.html
日海智能,002313,002313,日海智能,日海智能:关于举行2018年度报告网上说明会的通知,其他,2019-04-24,https://data.eastmoney.com/notices/detail/002313/AN201904231321679493.html
日海智能,002313,002313,日海智能,日海智能:关于公司对子公司及子公司之间提供融资担保额度的公告,担保事项,2019-04-24,https://data.eastmoney.com/notices/detail/002313/AN201904231321679495.html
日海智能,002313,002313,日海智能,日海智能:关于调整2019年度向股东申请借款额度暨关联交易的公告,借贷,2019-04-24,https://data.eastmoney.com/notices/detail/002313/AN201904231321679497.html
日海智能,002313,002313,日海智能,日海智能:关于会计政策变更的公告,其他,2019-04-24,https://data.eastmoney.com/notices/detail/002313/AN201904231321679494.html
日海智能,002313,002313,日海智能,日海智能:关于2019年度使用自有闲置资金开展委托理财额度的公告,委托（受托）事项,2019-04-24,https://data.eastmoney.com/notices/detail/002313/AN201904231321679492.html
日海智能,002313,002313,日海智能,日海智能:关于2018年度计提资产减值准备的公告,其他,2019-04-24,https://data.eastmoney.com/notices/detail/002313/AN201904231321679491.html
日海智能,002313,002313,日海智能,日海智能:关于召开2018年度股东大会的通知,召开股东大会通知,2019-04-24,https://data.eastmoney.com/notices/detail/002313/AN201904231321679496.html
日海智能,002313,002313,日海智能,日海智能:内部控制规则落实自查表,内部控制报告,2019-04-24,https://data.eastmoney.com/notices/detail/002313/AN201904231321679498.html
日海智能,002313,002313,日海智能,日海智能:监事会2018年度工作报告,其他,2019-04-24,https://data.eastmoney.com/notices/detail/002313/AN201904231321679499.html
日海智能,002313,002313,日海智能,日海智能:关于转让子公司湖北日海股权的公告,股权转让,2019-04-24,https://data.eastmoney.com/notices/detail/002313/AN201904231321679556.html
日海智能,002313,002313,日海智能,日海智能:关于2018年年度报告延期披露的公告,其它风险提示公告,2019-04-23,https://data.eastmoney.com/notices/detail/002313/AN201904221321249664.html
日海智能,002313,002313,日海智能,日海智能:2018年度业绩快报修正公告,业绩快报,2019-04-22,https://data.eastmoney.com/notices/detail/002313/AN201904221321139548.html
日海智能,002313,002313,日海智能,日海智能:第四届董事会第二十九次会议决议公告,其他增发事项公告,2019-04-17,https://data.eastmoney.com/notices/detail/002313/AN201904161319695580.html
日海智能,002313,002313,日海智能,日海智能:2019年度非公开发行A股股票预案,增发预案,2019-04-17,https://data.eastmoney.com/notices/detail/002313/AN201904161319695451.html
日海智能,002313,002313,日海智能,日海智能:非公开发行A股股票募集资金使用可行性分析报告,其他,2019-04-17,https://data.eastmoney.com/notices/detail/002313/AN201904161319695581.html
日海智能,002313,002313,日海智能,日海智能:独立董事对公司第四届董事会第二十九次会议审议的相关事项发表的独立意见,专项说明/独立意见,2019-04-17,https://data.eastmoney.com/notices/detail/002313/AN201904161319695579.html
日海智能,002313,002313,日海智能,日海智能:第四届监事会第十九次会议决议公告,监事会决议公告,2019-04-17,https://data.eastmoney.com/notices/detail/002313/AN201904161319695459.html
日海智能,002313,002313,日海智能,日海智能:关于无需编制前次募集资金使用情况报告的公告,募集资金使用情况报告,2019-04-17,https://data.eastmoney.com/notices/detail/002313/AN201904161319695455.html
日海智能,002313,002313,日海智能,日海智能:关于非公开发行A股股票摊薄即期回报及采取填补措施的公告,其他,2019-04-17,https://data.eastmoney.com/notices/detail/002313/AN201904161319695457.html
日海智能,002313,002313,日海智能,日海智能:控股股东、实际控制人、董事、高级管理人员关于非公开发行A股股票摊薄即期回报及采取填补措施承诺的公告,其他,2019-04-17,https://data.eastmoney.com/notices/detail/002313/AN201904161319695578.html
日海智能,002313,002313,日海智能,日海智能:未来三年(2019-2021年)股东回报规划,其他,2019-04-17,https://data.eastmoney.com/notices/detail/002313/AN201904161319695458.html
日海智能,002313,002313,日海智能,日海智能:关于最近五年被证券监管部门和交易所采取监管措施及整改情况的公告,其他,2019-04-17,https://data.eastmoney.com/notices/detail/002313/AN201904161319695456.html
日海智能,002313,002313,日海智能,日海智能:募集资金管理制度(2019年4月),管理办法/制度,2019-04-17,https://data.eastmoney.com/notices/detail/002313/AN201904161319695577.html
日海智能,002313,002313,日海智能,日海智能:关于召开2019年第一次临时股东大会的通知,召开股东大会通知,2019-04-17,https://data.eastmoney.com/notices/detail/002313/AN201904161319695454.html
日海智能,002313,002313,日海智能,日海智能:公司章程(2019年4月),公司章程,2019-04-17,https://data.eastmoney.com/notices/detail/002313/AN201904161319695453.html
日海智能,002313,002313,日海智能,日海智能:公司章程修订对照表,公司章程修订,2019-04-17,https://data.eastmoney.com/notices/detail/002313/AN201904161319695452.html
日海智能,002313,002313,日海智能,日海智能:2019年第一季度业绩预告,业绩预告,2019-03-30,https://data.eastmoney.com/notices/detail/002313/AN201903291311648883.html
日海智能,002313,002313,日海智能,日海智能:关于子公司对外投资设立全资子公司的进展公告,其他,2019-03-28,https://data.eastmoney.com/notices/detail/002313/AN201903271310283220.html
日海智能,002313,002313,日海智能,日海智能:第四届董事会第二十八次会议决议公告,董事会决议公告,2019-03-12,https://data.eastmoney.com/notices/detail/002313/AN201903111304723821.html
日海智能,002313,002313,日海智能,日海智能:关于子公司对外投资设立全资子公司的公告,其他,2019-03-12,https://data.eastmoney.com/notices/detail/002313/AN201903111304723820.html
日海智能,002313,002313,日海智能,日海智能:2018年度业绩快报,业绩快报,2019-02-28,https://data.eastmoney.com/notices/detail/002313/AN201902271300605278.html
日海智能,002313,002313,日海智能,日海智能:关于公司与广东联通签署战略合作协议的公告,签订协议,2019-02-28,https://data.eastmoney.com/notices/detail/002313/AN201902271300605279.html
日海智能,002313,002313,日海智能,日海智能:关于公司副总经理辞职的公告,高管人员任职变动,2019-02-01,https://data.eastmoney.com/notices/detail/002313/AN201901311290555495.html
日海智能,002313,002313,日海智能,日海智能:关于全资子公司收到中标通知书的公告,其他,2019-02-01,https://data.eastmoney.com/notices/detail/002313/AN201901311290555494.html
日海智能,002313,002313,日海智能,日海智能:关于中标候选人公示的提示性公告,重大合同,2019-01-21,https://data.eastmoney.com/notices/detail/002313/AN201901201287179885.html
日海智能,002313,002313,日海智能,日海智能:关于设立控股子公司日海智慧城市的进展公告,投资设立公司,2019-01-12,https://data.eastmoney.com/notices/detail/002313/AN201901111284127860.html
日海智能,002313,002313,日海智能,日海智能:第四届董事会第二十七次会议决议公告,董事会决议公告,2019-01-11,https://data.eastmoney.com/notices/detail/002313/AN201901101283789091.html
日海智能,002313,002313,日海智能,日海智能:关于公司对子公司提供融资担保额度的公告,担保事项,2019-01-11,https://data.eastmoney.com/notices/detail/002313/AN201901101283789090.html
日海智能,002313,002313,日海智能,日海智能:第四届董事会第二十六次会议决议公告,董事会决议公告,2019-01-05,https://data.eastmoney.com/notices/detail/002313/AN201901041282320025.html
日海智能,002313,002313,日海智能,日海智能:关于设立控股子公司日海智慧城市的公告,投资设立公司,2019-01-05,https://data.eastmoney.com/notices/detail/002313/AN201901041282320024.html
日海智能,002313,002313,日海智能,日海智能:关于公司与平安智慧城市签署战略合作协议的公告,签订协议,2018-12-14,https://data.eastmoney.com/notices/detail/002313/AN201812141268484301.html
日海智能,002313,002313,日海智能,日海智能:关于对控股子公司芯讯通进行增资的公告,增资扩股,2018-12-08,https://data.eastmoney.com/notices/detail/002313/AN201812071264121309.html
日海智能,002313,002313,日海智能,日海智能:关于龙尚科技收到中选通知书的公告,重大合同,2018-12-07,https://data.eastmoney.com/notices/detail/002313/AN201812061262340998.html
日海智能,002313,002313,日海智能,日海智能:关于全资子公司收到中选结果通知书的公告,其他,2018-11-30,https://data.eastmoney.com/notices/detail/002313/AN201811291253815041.html
日海智能,002313,002313,日海智能,日海智能:关于芯讯通增资扩股引入战略投资者的进展公告,增资扩股,2018-11-28,https://data.eastmoney.com/notices/detail/002313/AN201811271252520929.html
日海智能,002313,002313,日海智能,日海智能:关于公司收到中标通知书的公告,重大合同,2018-11-22,https://data.eastmoney.com/notices/detail/002313/AN201811211250268053.html
日海智能,002313,002313,日海智能,日海智能:关于公司部分董事、高级管理人员增持公司股份计划实施结果的公告,股东/实际控制人股份增持,2018-11-21,https://data.eastmoney.com/notices/detail/002313/AN201811201249164007.html
日海智能,002313,002313,日海智能,日海智能:关于公司控股股东的一致行动人向公司员工发出增持公司股票倡议书的进展公告,股东/实际控制人股份增持,2018-11-21,https://data.eastmoney.com/notices/detail/002313/AN201811201249164006.html
日海智能,002313,002313,日海智能,日海智能:独立董事对相关事项发表的事前认可意见,专项说明/独立意见,2018-11-17,https://data.eastmoney.com/notices/detail/002313/AN201811161247237839.html
日海智能,002313,002313,日海智能,日海智能:独立董事对相关事项发表的独立意见,专项说明/独立意见,2018-11-17,https://data.eastmoney.com/notices/detail/002313/AN201811161247237840.html
日海智能,002313,002313,日海智能,日海智能:关于向股东借款暨关联交易的公告,借贷,2018-11-17,https://data.eastmoney.com/notices/detail/002313/AN201811161247237838.html
日海智能,002313,002313,日海智能,日海智能:第四届监事会第十八次会议决议公告,监事会决议公告,2018-11-17,https://data.eastmoney.com/notices/detail/002313/AN201811161247237841.html
日海智能,002313,002313,日海智能,日海智能:2018年第六次临时股东大会法律意见书,法律意见书,2018-11-17,https://data.eastmoney.com/notices/detail/002313/AN201811161247237837.html
日海智能,002313,002313,日海智能,日海智能:第四届董事会第二十五次会议决议公告,高管人员任职变动,2018-11-17,https://data.eastmoney.com/notices/detail/002313/AN201811161247237842.html
日海智能,002313,002313,日海智能,日海智能:2018年第六次临时股东大会决议公告,股东大会决议公告,2018-11-17,https://data.eastmoney.com/notices/detail/002313/AN201811161247237836.html
日海智能,002313,002313,日海智能,日海智能:关于职工代表董事兼副总经理辞职和职工代表董事补选的公告,高管人员任职变动,2018-11-14,https://data.eastmoney.com/notices/detail/002313/AN201811131244001794.html
日海智能,002313,002313,日海智能,日海智能:关于公司部分董事、高级管理人员增持公司股份的进展公告,股东/实际控制人股份增持,2018-11-01,https://data.eastmoney.com/notices/detail/002313/AN201810311228661061.html
日海智能,002313,002313,日海智能,日海智能:第四届监事会第十七次会议决议公告,监事会决议公告,2018-10-30,https://data.eastmoney.com/notices/detail/002313/AN201810291224236579.html
日海智能,002313,002313,日海智能,日海智能:独立董事对相关事项发表的事前认可意见,专项说明/独立意见,2018-10-30,https://data.eastmoney.com/notices/detail/002313/AN201810291224236577.html
日海智能,002313,002313,日海智能,日海智能:独立董事对相关事项发表的独立意见,专项说明/独立意见,2018-10-30,https://data.eastmoney.com/notices/detail/002313/AN201810291224236578.html
日海智能,002313,002313,日海智能,日海智能:关于召开2018年第六次临时股东大会的通知,召开股东大会通知,2018-10-30,https://data.eastmoney.com/notices/detail/002313/AN201810291224236575.html
日海智能,002313,002313,日海智能,日海智能:第四届董事会第二十四次会议决议公告,董事会决议公告,2018-10-30,https://data.eastmoney.com/notices/detail/002313/AN201810291224236580.html
日海智能,002313,002313,日海智能,日海智能:关于聘任2018年度财务审计机构的公告,审计机构变更,2018-10-30,https://data.eastmoney.com/notices/detail/002313/AN201810291224236576.html
日海智能,002313,002313,日海智能,日海智能:2018年第三季度报告正文,三季度报告正文,2018-10-30,https://data.eastmoney.com/notices/detail/002313/AN201810291224236574.html
日海智能,002313,002313,日海智能,日海智能:2018年第三季度报告全文,三季度报告全文,2018-10-30,https://data.eastmoney.com/notices/detail/002313/AN201810291224236573.html
日海智能,002313,002313,日海智能,日海智能:关于控股股东股份质押的公告,股份质押、冻结,2018-10-26,https://data.eastmoney.com/notices/detail/002313/AN201810251221491396.html
日海智能,002313,002313,日海智能,日海智能:关于控股股东部分股份解除质押的公告,股份质押、冻结,2018-10-23,https://data.eastmoney.com/notices/detail/002313/AN201810221218557397.html
日海智能,002313,002313,日海智能,日海智能:第四届董事会第二十三次会议决议公告,董事会决议公告,2018-10-20,https://data.eastmoney.com/notices/detail/002313/AN201810191217181729.html
日海智能,002313,002313,日海智能,日海智能:关于与关联方共同对外投资暨关联交易的公告,对外项目投资,2018-10-20,https://data.eastmoney.com/notices/detail/002313/AN201810191217181725.html
日海智能,002313,002313,日海智能,日海智能:独立董事对相关事项发表的事前认可意见,专项说明/独立意见,2018-10-20,https://data.eastmoney.com/notices/detail/002313/AN201810191217181726.html
日海智能,002313,002313,日海智能,日海智能:独立董事对相关事项发表的独立意见,专项说明/独立意见,2018-10-20,https://data.eastmoney.com/notices/detail/002313/AN201810191217181727.html
日海智能,002313,002313,日海智能,日海智能:第四届监事会第十六次会议决议公告,监事会决议公告,2018-10-20,https://data.eastmoney.com/notices/detail/002313/AN201810191217181728.html
日海智能,002313,002313,日海智能,日海智能:关于公司控股股东的一致行动人向公司员工发出增持公司股票倡议书的公告,股东/实际控制人股份增持,2018-10-19,https://data.eastmoney.com/notices/detail/002313/AN201810181216409664.html
日海智能,002313,002313,日海智能,日海智能:关于控股股东一致行动人增持公司股份达到1%暨增持进展公告,股东/实际控制人股份增持,2018-10-17,https://data.eastmoney.com/notices/detail/002313/AN201810161214604740.html
日海智能,002313,002313,日海智能,日海智能:关于公司部分董事、高级管理人员增持公司股份计划的公告,股东/实际控制人股份增持,2018-10-16,https://data.eastmoney.com/notices/detail/002313/AN201810151213572170.html
日海智能,002313,002313,日海智能,日海智能:关于对外投资设立全资子公司的进展公告,投资设立公司,2018-10-16,https://data.eastmoney.com/notices/detail/002313/AN201810151213572171.html
日海智能,002313,002313,日海智能,日海智能:关于控股股东一致行动人增持计划的进展公告,股东/实际控制人股份增持,2018-10-13,https://data.eastmoney.com/notices/detail/002313/AN201810121212324973.html
日海智能,002313,002313,日海智能,日海智能:关于龙尚科技与中移物联签署框架采购合同的公告,其他,2018-10-09,https://data.eastmoney.com/notices/detail/002313/AN201810081209422785.html
日海智能,002313,002313,日海智能,日海智能:第四届董事会第二十二次会议决议公告,董事会决议公告,2018-09-22,https://data.eastmoney.com/notices/detail/002313/AN201809211200411067.html
日海智能,002313,002313,日海智能,日海智能:关于公司办理应收账款保理暨关联交易的公告,关联交易,2018-09-22,https://data.eastmoney.com/notices/detail/002313/AN201809211200411061.html
日海智能,002313,002313,日海智能,日海智能:独立董事对相关事项发表的事前认可意见(2018/09/22),专项说明/独立意见,2018-09-22,https://data.eastmoney.com/notices/detail/002313/AN201809211200411064.html
日海智能,002313,002313,日海智能,日海智能:独立董事对相关事项发表的独立意见(2018/09/22),专项说明/独立意见,2018-09-22,https://data.eastmoney.com/notices/detail/002313/AN201809211200411065.html
日海智能,002313,002313,日海智能,日海智能:第四届监事会第十五次会议决议公告,监事会决议公告,2018-09-22,https://data.eastmoney.com/notices/detail/002313/AN201809211200411066.html
日海智能,002313,002313,日海智能,日海智能:关于对外投资设立全资子公司的公告,投资设立公司,2018-09-22,https://data.eastmoney.com/notices/detail/002313/AN201809211200411063.html
日海智能,002313,002313,日海智能,日海智能:关于对全资子公司进行增资的公告,增资扩股,2018-09-22,https://data.eastmoney.com/notices/detail/002313/AN201809211200411062.html
日海智能,002313,002313,日海智能,日海智能:关于全资子公司增资扩股引入战略投资者的公告,增资扩股,2018-09-22,https://data.eastmoney.com/notices/detail/002313/AN201809211200411060.html
日海智能,002313,002313,日海智能,日海智能:关于控股股东部分股份解除质押及部分质押展期的公告,股份质押、冻结,2018-09-20,https://data.eastmoney.com/notices/detail/002313/AN201809191198402391.html
日海智能,002313,002313,日海智能,日海智能:第四届董事会第二十一次会议决议公告,高管人员任职变动,2018-09-19,https://data.eastmoney.com/notices/detail/002313/AN201809181197780249.html
日海智能,002313,002313,日海智能,日海智能:关于向股东借款暨关联交易的公告,借贷,2018-09-19,https://data.eastmoney.com/notices/detail/002313/AN201809181197780302.html
日海智能,002313,002313,日海智能,日海智能:关于全资子公司收到中标通知书的公告,其他,2018-09-19,https://data.eastmoney.com/notices/detail/002313/AN201809181197780244.html
日海智能,002313,002313,日海智能,日海智能:关于控股股东一致行动人增持计划的进展公告,股东/实际控制人股份增持,2018-09-19,https://data.eastmoney.com/notices/detail/002313/AN201809181197780245.html
日海智能,002313,002313,日海智能,日海智能:第四届监事会第十四次会议决议公告,高管人员任职变动,2018-09-19,https://data.eastmoney.com/notices/detail/002313/AN201809181197780248.html
日海智能,002313,002313,日海智能,日海智能:独立董事对相关事项发表的事前认可意见(2018/09/19),专项说明/独立意见,2018-09-19,https://data.eastmoney.com/notices/detail/002313/AN201809181197780246.html
日海智能,002313,002313,日海智能,日海智能:独立董事对相关事项发表的独立意见(2018/09/19),专项说明/独立意见,2018-09-19,https://data.eastmoney.com/notices/detail/002313/AN201809181197780247.html
日海智能,002313,002313,日海智能,日海智能:2018年第五次临时股东大会决议公告,股东大会决议公告,2018-09-14,https://data.eastmoney.com/notices/detail/002313/AN201809131194922917.html
日海智能,002313,002313,日海智能,日海智能:2018年第五次临时股东大会法律意见书,法律意见书,2018-09-14,https://data.eastmoney.com/notices/detail/002313/AN201809131194922918.html
日海智能,002313,002313,日海智能,日海智能:关于控股子公司与咕咚体育签署战略合作协议的公告,其他,2018-08-30,https://data.eastmoney.com/notices/detail/002313/AN201808291184496009.html
日海智能,002313,002313,日海智能,日海智能:2018年半年度报告摘要,半年度报告摘要,2018-08-28,https://data.eastmoney.com/notices/detail/002313/AN201808271183384420.html
日海智能,002313,002313,日海智能,日海智能:2018年半年度财务报告,半年度财务报告,2018-08-28,https://data.eastmoney.com/notices/detail/002313/AN201808271183384421.html
日海智能,002313,002313,日海智能,日海智能:2018年半年度报告,半年度报告全文,2018-08-28,https://data.eastmoney.com/notices/detail/002313/AN201808271183384419.html
日海智能,002313,002313,日海智能,日海智能:第四届董事会第二十次会议决议公告,董事会决议公告,2018-08-28,https://data.eastmoney.com/notices/detail/002313/AN201808271183384430.html
日海智能,002313,002313,日海智能,日海智能:第四届监事会第十三次会议决议公告,高管人员任职变动,2018-08-28,https://data.eastmoney.com/notices/detail/002313/AN201808271183384429.html
日海智能,002313,002313,日海智能,日海智能:独立董事对相关事项发表的独立意见,专项说明/独立意见,2018-08-28,https://data.eastmoney.com/notices/detail/002313/AN201808271183384427.html
日海智能,002313,002313,日海智能,日海智能:关于补选股东代表监事的公告,高管人员任职变动,2018-08-28,https://data.eastmoney.com/notices/detail/002313/AN201808271183384425.html
日海智能,002313,002313,日海智能,日海智能:关于补选独立董事的公告,高管人员任职变动,2018-08-28,https://data.eastmoney.com/notices/detail/002313/AN201808271183384424.html
日海智能,002313,002313,日海智能,日海智能:关于使用自有闲置资金开展委托理财的公告,委托（受托）事项,2018-08-28,https://data.eastmoney.com/notices/detail/002313/AN201808271183384422.html
日海智能,002313,002313,日海智能,日海智能:关于召开2018年第五次临时股东大会的通知,召开股东大会通知,2018-08-28,https://data.eastmoney.com/notices/detail/002313/AN201808271183384423.html
日海智能,002313,002313,日海智能,日海智能:独立董事候选人声明(宋德亮),独立董事候选人声明,2018-08-28,https://data.eastmoney.com/notices/detail/002313/AN201808271183384426.html
日海智能,002313,002313,日海智能,日海智能:独立董事提名人声明,独立董事提名人声明,2018-08-28,https://data.eastmoney.com/notices/detail/002313/AN201808271183384428.html
日海智能,002313,002313,日海智能,日海智能:收购报告书摘要,要约收购报告书摘要,2018-08-06,https://data.eastmoney.com/notices/detail/002313/AN201808051174893149.html
日海智能,002313,002313,日海智能,日海智能:关于控股股东一致行动人增持公司股份计划的公告,股东/实际控制人股份增持,2018-08-03,https://data.eastmoney.com/notices/detail/002313/AN201808021173952516.html
日海智能,002313,002313,日海智能,日海智能:关于第二期员工持股计划完成股票购买的公告,股权激励进展公告,2018-07-20,https://data.eastmoney.com/notices/detail/002313/AN201807191168282200.html
日海智能,002313,002313,日海智能,日海智能:关于中移物联网有限公司与控股子公司签署采购合同的公告,其他,2018-07-09,https://data.eastmoney.com/notices/detail/002313/AN201807081164574114.html
日海智能,002313,002313,日海智能,日海通讯:关于公司证券简称、董事会秘书联系电话变更的公告,证券简称变更,2018-06-22,https://data.eastmoney.com/notices/detail/002313/AN201806211157753988.html
日海智能,002313,002313,日海智能,日海通讯:2018年6月13日投资者关系活动记录表,调研活动,2018-06-14,https://data.eastmoney.com/notices/detail/002313/AN201806141156004514.html
日海智能,002313,002313,日海智能,日海通讯:关于第二期员工持股计划的进展公告,股权激励进展公告,2018-06-14,https://data.eastmoney.com/notices/detail/002313/AN201806131155490363.html
日海智能,002313,002313,日海智能,日海通讯:2017年度权益分派实施公告,分配方案实施,2018-06-12,https://data.eastmoney.com/notices/detail/002313/AN201806111154680712.html
日海智能,002313,002313,日海智能,日海通讯:2018年第四次临时股东大会决议公告,股东大会决议公告,2018-06-01,https://data.eastmoney.com/notices/detail/002313/AN201805311151025314.html
日海智能,002313,002313,日海智能,日海通讯:2018年第四次临时股东大会法律意见书,法律意见书,2018-06-01,https://data.eastmoney.com/notices/detail/002313/AN201805311151025315.html
日海智能,002313,002313,日海智能,日海通讯:关于深圳证券交易所2017年年报问询函的回复,年报问询函,2018-05-30,https://data.eastmoney.com/notices/detail/002313/AN201805291150169640.html
日海智能,002313,002313,日海智能,日海通讯:第四届董事会第十九次会议决议公告,高管人员任职变动,2018-05-15,https://data.eastmoney.com/notices/detail/002313/AN201805141143121394.html
日海智能,002313,002313,日海智能,日海通讯:关于拟变更公司名称及证券简称的公告,证券简称变更,2018-05-15,https://data.eastmoney.com/notices/detail/002313/AN201805141143120272.html
日海智能,002313,002313,日海智能,日海通讯:关于与平安租赁开展融资租赁业务的公告,其他,2018-05-15,https://data.eastmoney.com/notices/detail/002313/AN201805141143120269.html
日海智能,002313,002313,日海智能,日海通讯:关于与远东租赁开展融资租赁业务的公告,其他,2018-05-15,https://data.eastmoney.com/notices/detail/002313/AN201805141143120270.html
日海智能,002313,002313,日海智能,日海通讯:关于召开2018年第四次临时股东大会的通知,召开股东大会通知,2018-05-15,https://data.eastmoney.com/notices/detail/002313/AN201805141143120271.html
日海智能,002313,002313,日海智能,日海通讯:独立董事对第四届董事会第十九次会议相关事项发表的独立意见,专项说明/独立意见,2018-05-15,https://data.eastmoney.com/notices/detail/002313/AN201805141143120273.html
日海智能,002313,002313,日海智能,日海通讯:公司章程(2018年5月),公司章程,2018-05-15,https://data.eastmoney.com/notices/detail/002313/AN201805141143120268.html
日海智能,002313,002313,日海智能,日海通讯:2018年5月10日投资者关系活动记录表,调研活动,2018-05-11,https://data.eastmoney.com/notices/detail/002313/AN201805111142178034.html
日海智能,002313,002313,日海智能,日海通讯:关于第二期员工持股计划的进展公告,股权激励进展公告,2018-05-04,https://data.eastmoney.com/notices/detail/002313/AN201805031136322958.html
日海智能,002313,002313,日海智能,日海通讯:2017年度股东大会法律意见书,法律意见书,2018-04-26,https://data.eastmoney.com/notices/detail/002313/AN201804251130221421.html
日海智能,002313,002313,日海智能,日海通讯:2017年度股东大会决议公告,分配方案决议公告,2018-04-26,https://data.eastmoney.com/notices/detail/002313/AN201804251130221420.html
日海智能,002313,002313,日海智能,日海通讯:关于职工代表监事辞职和补选的公告,高管人员任职变动,2018-04-21,https://data.eastmoney.com/notices/detail/002313/AN201804201127109211.html
日海智能,002313,002313,日海智能,日海通讯:2018年4月19日投资者关系活动记录表,调研活动,2018-04-20,https://data.eastmoney.com/notices/detail/002313/AN201804201127503481.html
日海智能,002313,002313,日海智能,日海通讯:第四届董事会第十八次会议决议公告,高管人员任职变动,2018-04-10,https://data.eastmoney.com/notices/detail/002313/AN201804091120174147.html
日海智能,002313,002313,日海智能,日海通讯:2018年第一季度报告正文,一季度报告正文,2018-04-10,https://data.eastmoney.com/notices/detail/002313/AN201804091120165161.html
日海智能,002313,002313,日海智能,日海通讯:2018年第一季度报告全文,一季度报告全文,2018-04-10,https://data.eastmoney.com/notices/detail/002313/AN201804091120163945.html
日海智能,002313,002313,日海智能,日海通讯:2018年第三次临时股东大会法律意见书,法律意见书,2018-04-09,https://data.eastmoney.com/notices/detail/002313/AN201804081119422687.html
日海智能,002313,002313,日海智能,日海通讯:2018年第三次临时股东大会决议公告,股东大会决议公告,2018-04-09,https://data.eastmoney.com/notices/detail/002313/AN201804081119422686.html
日海智能,002313,002313,日海智能,日海通讯:内部控制规则落实自查表,内部控制报告,2018-04-04,https://data.eastmoney.com/notices/detail/002313/AN201804031116816632.html
日海智能,002313,002313,日海智能,日海通讯:监事会2017年度工作报告,其他,2018-04-04,https://data.eastmoney.com/notices/detail/002313/AN201804031116816637.html
日海智能,002313,002313,日海智能,日海通讯:独立董事2017年度述职报告(耿利航),独立董事述职报告,2018-04-04,https://data.eastmoney.com/notices/detail/002313/AN201804031116816634.html
日海智能,002313,002313,日海智能,日海通讯:独立董事2017年度述职报告(项立刚),独立董事述职报告,2018-04-04,https://data.eastmoney.com/notices/detail/002313/AN201804031116816635.html
日海智能,002313,002313,日海智能,日海通讯:关于会计政策变更的公告,其他,2018-04-04,https://data.eastmoney.com/notices/detail/002313/AN201804031116816630.html
日海智能,002313,002313,日海智能,日海通讯:关于举行2017年度报告网上说明会的通知,其他,2018-04-04,https://data.eastmoney.com/notices/detail/002313/AN201804031116816629.html
日海智能,002313,002313,日海智能,日海通讯:公司章程(2018年4月),公司章程,2018-04-04,https://data.eastmoney.com/notices/detail/002313/AN201804031116816628.html
日海智能,002313,002313,日海智能,日海通讯:公司章程修订对照表,公司章程修订,2018-04-04,https://data.eastmoney.com/notices/detail/002313/AN201804031116816627.html
日海智能,002313,002313,日海智能,日海通讯:关于召开2017年度股东大会的通知,召开股东大会通知,2018-04-04,https://data.eastmoney.com/notices/detail/002313/AN201804031116816631.html
日海智能,002313,002313,日海智能,日海通讯:独立董事对第四届董事会第十七次会议相关事项发表的独立意见,专项说明/独立意见,2018-04-04,https://data.eastmoney.com/notices/detail/002313/AN201804031116816636.html
日海智能,002313,002313,日海智能,日海通讯:2017年年度报告摘要,年度报告摘要,2018-04-04,https://data.eastmoney.com/notices/detail/002313/AN201804031116816624.html
日海智能,002313,002313,日海智能,日海通讯:2017年年度审计报告,审计报告,2018-04-04,https://data.eastmoney.com/notices/detail/002313/AN201804031116816622.html
日海智能,002313,002313,日海智能,日海通讯:第四届监事会第十一次会议决议公告,监事会决议公告,2018-04-04,https://data.eastmoney.com/notices/detail/002313/AN201804031116816638.html
日海智能,002313,002313,日海智能,日海通讯:2017年度内部控制自我评价报告,内部控制报告,2018-04-04,https://data.eastmoney.com/notices/detail/002313/AN201804031116816625.html
日海智能,002313,002313,日海智能,日海通讯:2017年12月31日内部控制鉴证报告,保荐/核查意见,2018-04-04,https://data.eastmoney.com/notices/detail/002313/AN201804031116816621.html
日海智能,002313,002313,日海智能,日海通讯:独立董事2017年度述职报告(曾庆生),独立董事述职报告,2018-04-04,https://data.eastmoney.com/notices/detail/002313/AN201804031116816633.html
日海智能,002313,002313,日海智能,日海通讯:第四届董事会第十七次会议决议公告,分配预案,2018-04-04,https://data.eastmoney.com/notices/detail/002313/AN201804031116816639.html
日海智能,002313,002313,日海智能,日海通讯:2017年度控股股东及其他关联人资金占用情况的专项说明,专项说明/独立意见,2018-04-04,https://data.eastmoney.com/notices/detail/002313/AN201804031116816626.html
日海智能,002313,002313,日海智能,日海通讯:董事会关于会计师事务所2017年度审计工作总结的报告,审计机构变更,2018-04-04,https://data.eastmoney.com/notices/detail/002313/AN201804031116816640.html
日海智能,002313,002313,日海智能,日海通讯:2017年年度报告,年度报告全文,2018-04-04,https://data.eastmoney.com/notices/detail/002313/AN201804031116816623.html
日海智能,002313,002313,日海智能,日海通讯:2018年第一季度业绩预告,业绩预告,2018-03-31,https://data.eastmoney.com/notices/detail/002313/AN201803301115299744.html
日海智能,002313,002313,日海智能,日海通讯:广东信达律师事务所关于公司第二期员工持股计划的法律意见书,法律意见书,2018-03-31,https://data.eastmoney.com/notices/detail/002313/AN201803301115299745.html
日海智能,002313,002313,日海智能,日海通讯:第四届监事会第十次会议决议公告,监事会决议公告,2018-03-20,https://data.eastmoney.com/notices/detail/002313/AN201803191106274601.html
日海智能,002313,002313,日海智能,日海通讯:独立董事对第四届董事会第十六次会议相关事项发表的独立意见,专项说明/独立意见,2018-03-20,https://data.eastmoney.com/notices/detail/002313/AN201803191106274598.html
日海智能,002313,002313,日海智能,日海通讯:第四届董事会第十六次会议决议公告,董事会决议公告,2018-03-20,https://data.eastmoney.com/notices/detail/002313/AN201803191106274602.html
日海智能,002313,002313,日海智能,日海通讯:第二期员工持股计划(草案)摘要,股权激励计划摘要,2018-03-20,https://data.eastmoney.com/notices/detail/002313/AN201803191106274600.html
日海智能,002313,002313,日海智能,日海通讯:第二期员工持股计划(草案),股权激励计划,2018-03-20,https://data.eastmoney.com/notices/detail/002313/AN201803191106274599.html
日海智能,002313,002313,日海智能,日海通讯:关于召开2018年第三次临时股东大会的通知,召开股东大会通知,2018-03-20,https://data.eastmoney.com/notices/detail/002313/AN201803191106274597.html
日海智能,002313,002313,日海智能,日海通讯:2018年第二次临时股东大会决议公告,股东大会决议公告,2018-03-15,https://data.eastmoney.com/notices/detail/002313/AN201803141103805038.html
日海智能,002313,002313,日海智能,日海通讯:2018年第二次临时股东大会法律意见书,法律意见书,2018-03-15,https://data.eastmoney.com/notices/detail/002313/AN201803141103805039.html
日海智能,002313,002313,日海智能,日海通讯:2018年3月7日投资者关系活动记录表,调研活动,2018-03-09,https://data.eastmoney.com/notices/detail/002313/AN201803091101507931.html
日海智能,002313,002313,日海智能,日海通讯:2017年度业绩快报,业绩快报,2018-02-28,https://data.eastmoney.com/notices/detail/002313/AN201802271095083155.html
日海智能,002313,002313,日海智能,日海通讯:董事会审计委员会关于2017年度计提资产减值准备的说明,专项说明/独立意见,2018-02-27,https://data.eastmoney.com/notices/detail/002313/AN201802261094649126.html
日海智能,002313,002313,日海智能,日海通讯:关于召开2018年第二次临时股东大会的通知,召开股东大会通知,2018-02-27,https://data.eastmoney.com/notices/detail/002313/AN201802261094649123.html
日海智能,002313,002313,日海智能,日海通讯:第四届监事会第九次会议决议公告,监事会决议公告,2018-02-27,https://data.eastmoney.com/notices/detail/002313/AN201802261094649124.html
日海智能,002313,002313,日海智能,日海通讯:第四届董事会第十五次会议决议公告,董事会决议公告,2018-02-27,https://data.eastmoney.com/notices/detail/002313/AN201802261094649125.html
日海智能,002313,002313,日海智能,日海通讯:关于2017年度计提资产减值准备的公告,其他,2018-02-27,https://data.eastmoney.com/notices/detail/002313/AN201802261094649120.html
日海智能,002313,002313,日海智能,日海通讯:关于公司及子公司为下属企业提供担保的公告,担保事项,2018-02-27,https://data.eastmoney.com/notices/detail/002313/AN201802261094649122.html
日海智能,002313,002313,日海智能,日海通讯:关于使用自有闲置资金开展委托理财的公告,委托（受托）事项,2018-02-27,https://data.eastmoney.com/notices/detail/002313/AN201802261094649121.html
日海智能,002313,002313,日海智能,日海通讯:关于芯讯通无线科技(上海)有限公司股权完成过户的公告,其他,2018-02-26,https://data.eastmoney.com/notices/detail/002313/AN201802261094506011.html
日海智能,002313,002313,日海智能,日海通讯:关于审计部经理离职的公告,高管人员任职变动,2018-02-26,https://data.eastmoney.com/notices/detail/002313/AN201802261094506010.html
日海智能,002313,002313,日海智能,日海通讯:关于全资子公司与中国联通签署战略合作协议的公告,其他,2018-02-14,https://data.eastmoney.com/notices/detail/002313/AN201802131091344870.html
日海智能,002313,002313,日海智能,日海通讯:关于收购芯讯通无线科技(上海)有限公司股权的进展公告,收购出售资产/股权,2018-02-14,https://data.eastmoney.com/notices/detail/002313/AN201802131091331227.html
日海智能,002313,002313,日海智能,日海通讯:简式权益变动报告书,权益变动报告书,2018-02-13,https://data.eastmoney.com/notices/detail/002313/AN201802121090694567.html
日海智能,002313,002313,日海智能,日海通讯:关于控股股东一致行动人继续增持公司股份的公告,股东/实际控制人股份增持,2018-02-10,https://data.eastmoney.com/notices/detail/002313/AN201802091089880651.html
日海智能,002313,002313,日海智能,日海通讯:关于筹划第二期员工持股计划的提示性公告,股权激励进展公告,2018-02-08,https://data.eastmoney.com/notices/detail/002313/AN201802081089087352.html
日海智能,002313,002313,日海智能,日海通讯:关于全资子公司日海物联与美国艾拉设立合资公司的进展公告,其他,2018-02-07,https://data.eastmoney.com/notices/detail/002313/AN201802061087990612.html
日海智能,002313,002313,日海智能,日海通讯:关于控股股东一致行动人增持公司股份的公告,股东/实际控制人股份增持,2018-02-07,https://data.eastmoney.com/notices/detail/002313/AN201802061087920803.html
日海智能,002313,002313,日海智能,日海通讯:2018年第一次临时股东大会决议公告,股东大会决议公告,2018-01-10,https://data.eastmoney.com/notices/detail/002313/AN201801091075604491.html
日海智能,002313,002313,日海智能,日海通讯:2018年第一次临时股东大会法律意见书,法律意见书,2018-01-10,https://data.eastmoney.com/notices/detail/002313/AN201801091075604492.html
日海智能,002313,002313,日海智能,日海通讯:拟现金收购无线通讯模块业务所涉及的模拟后的芯讯通无线科技(上海)有限公司股东全部权益价值资产评估报告,其他,2018-01-06,https://data.eastmoney.com/notices/detail/002313/AN201801051074559794.html
日海智能,002313,002313,日海智能,日海通讯:独立董事对收购芯讯通无线科技(上海)有限公司股权发表的独立意见,专项说明/独立意见,2018-01-06,https://data.eastmoney.com/notices/detail/002313/AN201801051074559795.html
日海智能,002313,002313,日海智能,日海通讯:关于深圳证券交易所对公司问询函的回复,问询函,2018-01-06,https://data.eastmoney.com/notices/detail/002313/AN201801051074559793.html
日海智能,002313,002313,日海智能,日海通讯:关于全资子公司拟与中移物联签署合作框架协议的公告,其他,2017-12-29,https://data.eastmoney.com/notices/detail/002313/AN201712281070642778.html
日海智能,002313,002313,日海智能,日海通讯:2017年12月26日投资者关系活动记录表,调研活动,2017-12-28,https://data.eastmoney.com/notices/detail/002313/AN201712281070867294.html
日海智能,002313,002313,日海智能,日海通讯:关于全资子公司与中国电信签署合作框架协议的公告,签订协议,2017-12-22,https://data.eastmoney.com/notices/detail/002313/AN201712211068844544.html
日海智能,002313,002313,日海智能,日海通讯:关于会计政策变更的公告,其他,2017-12-22,https://data.eastmoney.com/notices/detail/002313/AN201712211068820629.html
日海智能,002313,002313,日海智能,日海通讯:关于召开2018年第一次临时股东大会的通知,召开股东大会通知,2017-12-22,https://data.eastmoney.com/notices/detail/002313/AN201712211068820304.html
日海智能,002313,002313,日海智能,日海通讯:第四届董事会第十四次会议决议公告,董事会决议公告,2017-12-22,https://data.eastmoney.com/notices/detail/002313/AN201712211068820305.html
日海智能,002313,002313,日海智能,日海通讯:关于收购芯讯通无线科技(上海)有限公司股权的提示性公告,收购出售资产/股权,2017-12-22,https://data.eastmoney.com/notices/detail/002313/AN201712211068820630.html
日海智能,002313,002313,日海智能,日海通讯:关于公司股票复牌的提示性公告,复牌公告,2017-12-22,https://data.eastmoney.com/notices/detail/002313/AN201712211068820303.html
日海智能,002313,002313,日海智能,日海通讯:重大事项停牌进展公告,停牌公告,2017-12-15,https://data.eastmoney.com/notices/detail/002313/AN201712141066418458.html
日海智能,002313,002313,日海智能,日海通讯:广东信达律师事务所关于公司控股子公司日海通信服务有限公司股权转让相关事项的专项核查意见,保荐/核查意见,2017-12-15,https://data.eastmoney.com/notices/detail/002313/AN201712141066407199.html
日海智能,002313,002313,日海智能,日海通讯:关于深圳证券交易所对公司问询函的回复,问询函,2017-12-15,https://data.eastmoney.com/notices/detail/002313/AN201712141066407198.html
日海智能,002313,002313,日海智能,日海通讯:2017年12月8日投资者关系活动记录表,调研活动,2017-12-12,https://data.eastmoney.com/notices/detail/002313/AN201712131065757843.html
日海智能,002313,002313,日海智能,日海通讯:重大事项停牌公告,停牌公告,2017-12-08,https://data.eastmoney.com/notices/detail/002313/AN201712081064341939.html
日海智能,002313,002313,日海智能,关于深圳日海通讯技术股份有限公司股票临时停牌的公告,停牌公告,2017-12-08,https://data.eastmoney.com/notices/detail/002313/AN201712080012956025.html
日海智能,002313,002313,日海智能,日海通讯:2017年11月30日投资者关系活动记录表,调研活动,2017-12-01,https://data.eastmoney.com/notices/detail/002313/AN201712011061155925.html
日海智能,002313,002313,日海智能,日海通讯:第四届董事会第十三次会议决议公告,高管人员任职变动,2017-11-29,https://data.eastmoney.com/notices/detail/002313/AN201711281059051208.html
日海智能,002313,002313,日海智能,日海通讯:关于更换董事会秘书的公告,高管人员任职变动,2017-11-29,https://data.eastmoney.com/notices/detail/002313/AN201711281059051206.html
日海智能,002313,002313,日海智能,日海通讯:关于与文科租赁开展融资租赁业务的公告,其他,2017-11-29,https://data.eastmoney.com/notices/detail/002313/AN201711281059051205.html
日海智能,002313,002313,日海智能,日海通讯:独立董事对聘任副总经理及董事会秘书的独立意见,专项说明/独立意见,2017-11-29,https://data.eastmoney.com/notices/detail/002313/AN201711281059051207.html
日海智能,002313,002313,日海智能,日海通讯:2017年11月15日投资者关系活动记录表,调研活动,2017-11-17,https://data.eastmoney.com/notices/detail/002313/AN201711171046638847.html
日海智能,002313,002313,日海智能,日海通讯:2017年11月8日投资者关系活动记录表,调研活动,2017-11-10,https://data.eastmoney.com/notices/detail/002313/AN201711101028032283.html
日海智能,002313,002313,日海智能,日海通讯:关于对龙尚科技增资暨收购龙尚科技的进展公告,增资扩股,2017-11-04,https://data.eastmoney.com/notices/detail/002313/AN201711031006114634.html
日海智能,002313,002313,日海智能,日海通讯:2017年第一次临时股东大会决议公告,股东大会决议公告,2017-10-31,https://data.eastmoney.com/notices/detail/002313/AN201710300990730644.html
日海智能,002313,002313,日海智能,日海通讯:2017年第一次临时股东大会法律意见书,法律意见书,2017-10-31,https://data.eastmoney.com/notices/detail/002313/AN201710300990730645.html
日海智能,002313,002313,日海智能,日海通讯:关于深圳证券交易所对公司问询函的回复,问询函,2017-10-28,https://data.eastmoney.com/notices/detail/002313/AN201710270983925696.html
日海智能,002313,002313,日海智能,日海通讯:北京市君合(深圳)律师事务所专项核查意见,保荐/核查意见,2017-10-28,https://data.eastmoney.com/notices/detail/002313/AN201710270983925697.html
日海智能,002313,002313,日海智能,日海通讯:独立董事对深圳证券交易所问询函的核查意见,专项说明/独立意见,2017-10-28,https://data.eastmoney.com/notices/detail/002313/AN201710270983925698.html
日海智能,002313,002313,日海智能,日海通讯:2017年第三季度报告正文,三季度报告正文,2017-10-28,https://data.eastmoney.com/notices/detail/002313/AN201710270983831224.html
日海智能,002313,002313,日海智能,日海通讯:第四届董事会第十二次会议决议公告,董事会决议公告,2017-10-28,https://data.eastmoney.com/notices/detail/002313/AN201710270983831227.html
日海智能,002313,002313,日海智能,日海通讯:2017年第三季度报告全文,三季度报告全文,2017-10-28,https://data.eastmoney.com/notices/detail/002313/AN201710270983831223.html
日海智能,002313,002313,日海智能,日海通讯:第四届监事会第八次会议决议公告,监事会决议公告,2017-10-28,https://data.eastmoney.com/notices/detail/002313/AN201710270983831226.html
日海智能,002313,002313,日海智能,日海通讯:关于为全资子公司日海通服提供担保额度的公告,担保事项,2017-10-28,https://data.eastmoney.com/notices/detail/002313/AN201710270983831225.html
日海智能,002313,002313,日海智能,日海通讯:2017年度前三季度业绩预告修正公告,业绩预告,2017-10-14,https://data.eastmoney.com/notices/detail/002313/AN201710130950593156.html
日海智能,002313,002313,日海智能,日海通讯:公司章程(2017年10月),公司章程,2017-10-13,https://data.eastmoney.com/notices/detail/002313/AN201710120948118413.html
日海智能,002313,002313,日海智能,日海通讯:独立董事对相关事项发表的事前认可意见,专项说明/独立意见,2017-10-13,https://data.eastmoney.com/notices/detail/002313/AN201710120948118421.html
日海智能,002313,002313,日海智能,日海通讯:独立董事对相关事项发表的独立意见,专项说明/独立意见,2017-10-13,https://data.eastmoney.com/notices/detail/002313/AN201710120948118422.html
日海智能,002313,002313,日海智能,日海通讯:第四届董事会第十一次会议决议公告,董事会决议公告,2017-10-13,https://data.eastmoney.com/notices/detail/002313/AN201710120948118423.html
日海智能,002313,002313,日海智能,日海通讯:关于向全资子公司香港日海增资的公告,其他,2017-10-13,https://data.eastmoney.com/notices/detail/002313/AN201710120948118420.html
日海智能,002313,002313,日海智能,日海通讯:关于对全资子公司进行担保的公告,担保事项,2017-10-13,https://data.eastmoney.com/notices/detail/002313/AN201710120948118414.html
日海智能,002313,002313,日海智能,日海通讯:第四届监事会第七次会议决议公告,监事会决议公告,2017-10-13,https://data.eastmoney.com/notices/detail/002313/AN201710120948118415.html
日海智能,002313,002313,日海智能,日海通讯:关于召开2017年第一次临时股东大会的通知,召开股东大会通知,2017-10-13,https://data.eastmoney.com/notices/detail/002313/AN201710120948118419.html
日海智能,002313,002313,日海智能,日海通讯:关于全资子公司与关联方共同投资美国艾拉的公告,其他,2017-10-13,https://data.eastmoney.com/notices/detail/002313/AN201710120948118417.html
日海智能,002313,002313,日海智能,日海通讯:关于全资子公司日海物联与美国艾拉设立合资公司的公告,其他,2017-10-13,https://data.eastmoney.com/notices/detail/002313/AN201710120948118418.html
日海智能,002313,002313,日海智能,日海通讯:关于收购龙尚科技股权的进展公告,收购出售资产/股权,2017-09-26,https://data.eastmoney.com/notices/detail/002313/AN201709250910516358.html
日海智能,002313,002313,日海智能,日海通讯:关于公司股东进行股票质押式回购交易的公告,股份质押、冻结,2017-09-21,https://data.eastmoney.com/notices/detail/002313/AN201709200900168260.html
日海智能,002313,002313,日海智能,日海通讯:补充公告,其他,2017-09-21,https://data.eastmoney.com/notices/detail/002313/AN201709200900168261.html
日海智能,002313,002313,日海智能,日海通讯:2017年9月7日投资者关系活动记录表,调研活动,2017-09-11,https://data.eastmoney.com/notices/detail/002313/AN201709110876504706.html
日海智能,002313,002313,日海智能,日海通讯:关于公司拟签署合作框架协议的公告,签订协议,2017-09-11,https://data.eastmoney.com/notices/detail/002313/AN201709110876067879.html
日海智能,002313,002313,日海智能,日海通讯:第四届董事会第十次会议决议公告,董事会决议公告,2017-09-08,https://data.eastmoney.com/notices/detail/002313/AN201709070865406762.html
日海智能,002313,002313,日海智能,日海通讯:关于收购龙尚科技股权的公告,收购出售资产/股权,2017-09-08,https://data.eastmoney.com/notices/detail/002313/AN201709070865406761.html
日海智能,002313,002313,日海智能,日海通讯:关于公司签署投资意向书的公告,签订协议,2017-09-08,https://data.eastmoney.com/notices/detail/002313/AN201709070865406760.html
日海智能,002313,002313,日海智能,日海通讯:关于控股股东增持公司股份办理过户手续的公告,股东/实际控制人股份增持,2017-09-06,https://data.eastmoney.com/notices/detail/002313/AN201709050858152462.html
日海智能,002313,002313,日海智能,日海通讯:关于收到控股股东《股份转让承诺函》的公告,其他,2017-08-31,https://data.eastmoney.com/notices/detail/002313/AN201708300839343104.html
日海智能,002313,002313,日海智能,日海通讯:简式权益变动报告书,权益变动报告书,2017-08-25,https://data.eastmoney.com/notices/detail/002313/AN201708240825407578.html
日海智能,002313,002313,日海智能,日海通讯:详式权益变动报告书,权益变动报告书,2017-08-25,https://data.eastmoney.com/notices/detail/002313/AN201708240825407579.html
日海智能,002313,002313,日海智能,日海通讯:民生证券股份有限公司关于公司详式权益变动报告书之财务顾问核查意见,保荐/核查意见,2017-08-25,https://data.eastmoney.com/notices/detail/002313/AN201708240825407577.html
日海智能,002313,002313,日海智能,日海通讯:关于全资子公司对外投资的进展公告,其他,2017-08-24,https://data.eastmoney.com/notices/detail/002313/AN201708230822922346.html
日海智能,002313,002313,日海智能,日海通讯:关于控股股东增持公司股份的公告,股东/实际控制人股份增持,2017-08-23,https://data.eastmoney.com/notices/detail/002313/AN201708230821674558.html
日海智能,002313,002313,日海智能,日海通讯:2017年8月17日投资者关系活动记录表,调研活动,2017-08-21,https://data.eastmoney.com/notices/detail/002313/AN201708210818016609.html
日海智能,002313,002313,日海智能,日海通讯:第四届董事会第九次会议决议公告,董事会决议公告,2017-08-16,https://data.eastmoney.com/notices/detail/002313/AN201708150801364693.html
日海智能,002313,002313,日海智能,日海通讯:关于投资设立参股公司的公告,投资设立公司,2017-08-16,https://data.eastmoney.com/notices/detail/002313/AN201708150801364692.html
日海智能,002313,002313,日海智能,日海通讯:关于投资福邦保险的说明,其他,2017-08-14,https://data.eastmoney.com/notices/detail/002313/AN201708130798087841.html
日海智能,002313,002313,日海智能,日海通讯:第四届监事会第六次会议决议公告,监事会决议公告,2017-08-05,https://data.eastmoney.com/notices/detail/002313/AN201708040773252365.html
日海智能,002313,002313,日海智能,日海通讯:第四届董事会第八次会议决议公告,董事会决议公告,2017-08-05,https://data.eastmoney.com/notices/detail/002313/AN201708040773252366.html
日海智能,002313,002313,日海智能,日海通讯:独立董事对相关事项发表的独立意见,专项说明/独立意见,2017-08-05,https://data.eastmoney.com/notices/detail/002313/AN201708040773252364.html
日海智能,002313,002313,日海智能,日海通讯:关于第一期员工持股计划预留份额分配的公告,股权激励其他事项公告,2017-08-05,https://data.eastmoney.com/notices/detail/002313/AN201708040773252363.html
日海智能,002313,002313,日海智能,日海通讯:2017年半年度报告摘要,半年度报告摘要,2017-08-05,https://data.eastmoney.com/notices/detail/002313/AN201708040773252292.html
日海智能,002313,002313,日海智能,日海通讯:2017年半年度报告,半年度报告全文,2017-08-05,https://data.eastmoney.com/notices/detail/002313/AN201708040773252291.html
日海智能,002313,002313,日海智能,日海通讯:2017年半年度财务报告,半年度财务报告,2017-08-05,https://data.eastmoney.com/notices/detail/002313/AN201708040773252362.html
日海智能,002313,002313,日海智能,日海通讯:关于限售股份上市流通的提示性公告,限售股份上市流通,2017-07-19,https://data.eastmoney.com/notices/detail/002313/AN201707180726892936.html
日海智能,002313,002313,日海智能,日海通讯:2017年7月13日投资者关系活动记录表,调研活动,2017-07-18,https://data.eastmoney.com/notices/detail/002313/AN201707180726419144.html
日海智能,002313,002313,日海智能,日海通讯:关于收购控股子公司日海通服少数股东股权的进展公告,收购出售资产/股权,2017-07-05,https://data.eastmoney.com/notices/detail/002313/AN201707040691521090.html
日海智能,002313,002313,日海智能,日海通讯:关于深圳证券交易所2016年年报问询函的回复,年报问询函,2017-06-29,https://data.eastmoney.com/notices/detail/002313/AN201706280674797944.html
日海智能,002313,002313,日海智能,日海通讯:关于深圳证券交易所对公司问询函的回复,问询函,2017-06-29,https://data.eastmoney.com/notices/detail/002313/AN201706280674797939.html
日海智能,002313,002313,日海智能,日海通讯:关于全资子公司对外投资的公告,其他,2017-06-14,https://data.eastmoney.com/notices/detail/002313/AN201706130644686118.html
日海智能,002313,002313,日海智能,日海通讯:关于收购控股子公司日海通服少数股东股权的公告,收购出售资产/股权,2017-06-12,https://data.eastmoney.com/notices/detail/002313/AN201706110641457238.html
日海智能,002313,002313,日海智能,日海通讯:第四届董事会第七次会议决议公告,董事会决议公告,2017-06-12,https://data.eastmoney.com/notices/detail/002313/AN201706110641457237.html
日海智能,002313,002313,日海智能,日海通讯:2016年度权益分派实施公告,分配方案实施,2017-06-06,https://data.eastmoney.com/notices/detail/002313/AN201706050626358903.html
日海智能,002313,002313,日海智能,日海通讯_监管函,深交所股票监管函,2017-06-01,https://data.eastmoney.com/notices/detail/002313/AN201806141155812311.html
日海智能,002313,002313,日海智能,日海通讯:关于第一期员工持股计划完成股票购买的公告,股权激励进展公告,2017-05-19,https://data.eastmoney.com/notices/detail/002313/AN201705180589271667.html
日海智能,002313,002313,日海智能,日海通讯:2016年度股东大会决议公告,分配方案决议公告,2017-05-19,https://data.eastmoney.com/notices/detail/002313/AN201705180589271633.html
日海智能,002313,002313,日海智能,日海通讯:2016年度股东大会法律意见书,法律意见书,2017-05-19,https://data.eastmoney.com/notices/detail/002313/AN201705180589271630.html
日海智能,002313,002313,日海智能,日海通讯:简式权益变动报告书,权益变动报告书,2017-05-04,https://data.eastmoney.com/notices/detail/002313/AN201705030551364962.html
日海智能,002313,002313,日海智能,日海通讯:补充公告,其他,2017-05-04,https://data.eastmoney.com/notices/detail/002313/AN201705030551364960.html
日海智能,002313,002313,日海智能,日海通讯:第四届监事会第五次会议决议公告,监事会决议公告,2017-04-27,https://data.eastmoney.com/notices/detail/002313/AN201704260533522734.html
日海智能,002313,002313,日海智能,日海通讯:独立董事2016年度述职报告(鲁潮),独立董事述职报告,2017-04-27,https://data.eastmoney.com/notices/detail/002313/AN201704260533522728.html
日海智能,002313,002313,日海智能,日海通讯:2016年年度报告,年度报告全文,2017-04-27,https://data.eastmoney.com/notices/detail/002313/AN201704260533522731.html
日海智能,002313,002313,日海智能,日海通讯:2016年度控股股东及其他关联方资金占用情况的专项说明,专项说明/独立意见,2017-04-27,https://data.eastmoney.com/notices/detail/002313/AN201704260533522726.html
日海智能,002313,002313,日海智能,日海通讯:关于2016年度计提资产减值准备的公告,其他,2017-04-27,https://data.eastmoney.com/notices/detail/002313/AN201704260533522725.html
日海智能,002313,002313,日海智能,日海通讯:2016年度内部控制自我评价报告,内部控制报告,2017-04-27,https://data.eastmoney.com/notices/detail/002313/AN201704260533522724.html
日海智能,002313,002313,日海智能,日海通讯:独立董事2016年度述职报告(曾庆生),独立董事述职报告,2017-04-27,https://data.eastmoney.com/notices/detail/002313/AN201704260533522721.html
日海智能,002313,002313,日海智能,日海通讯:独立董事2016年度述职报告(项立刚),独立董事述职报告,2017-04-27,https://data.eastmoney.com/notices/detail/002313/AN201704260533522720.html
日海智能,002313,002313,日海智能,日海通讯:2017年第一季度报告正文,一季度报告正文,2017-04-27,https://data.eastmoney.com/notices/detail/002313/AN201704260533522719.html
日海智能,002313,002313,日海智能,日海通讯:监事会2016年度工作报告,其他,2017-04-27,https://data.eastmoney.com/notices/detail/002313/AN201704260533522718.html
日海智能,002313,002313,日海智能,日海通讯:2016年年度审计报告,审计报告,2017-04-27,https://data.eastmoney.com/notices/detail/002313/AN201704260533522716.html
日海智能,002313,002313,日海智能,日海通讯:第四届董事会第六次会议决议公告,分配预案,2017-04-27,https://data.eastmoney.com/notices/detail/002313/AN201704260533522713.html
日海智能,002313,002313,日海智能,日海通讯:独立董事2016年度述职报告(耿利航),独立董事述职报告,2017-04-27,https://data.eastmoney.com/notices/detail/002313/AN201704260533522712.html
日海智能,002313,002313,日海智能,日海通讯:2016年年度报告摘要,年度报告摘要,2017-04-27,https://data.eastmoney.com/notices/detail/002313/AN201704260533522710.html
日海智能,002313,002313,日海智能,日海通讯:独立董事2016年度述职报告(张新华),独立董事述职报告,2017-04-27,https://data.eastmoney.com/notices/detail/002313/AN201704260533522709.html
日海智能,002313,002313,日海智能,日海通讯:2017年第一季度报告全文,一季度报告全文,2017-04-27,https://data.eastmoney.com/notices/detail/002313/AN201704260533522707.html
日海智能,002313,002313,日海智能,日海通讯:独立董事对相关事项发表的独立意见,专项说明/独立意见,2017-04-27,https://data.eastmoney.com/notices/detail/002313/AN201704260533522706.html
日海智能,002313,002313,日海智能,日海通讯:独立董事2016年度述职报告(董玮),独立董事述职报告,2017-04-27,https://data.eastmoney.com/notices/detail/002313/AN201704260533522705.html
日海智能,002313,002313,日海智能,日海通讯:董事会关于会计师事务所2016年度审计工作总结的报告,其他,2017-04-27,https://data.eastmoney.com/notices/detail/002313/AN201704260533522703.html
日海智能,002313,002313,日海智能,日海通讯:关于召开2016年度股东大会的通知,召开股东大会通知,2017-04-27,https://data.eastmoney.com/notices/detail/002313/AN201704260533522702.html
日海智能,002313,002313,日海智能,日海通讯:内部控制规则落实自查表,内部控制报告,2017-04-27,https://data.eastmoney.com/notices/detail/002313/AN201704260533521017.html
日海智能,002313,002313,日海智能,日海通讯:关于举行2016年度报告网上说明会的通知,其他,2017-04-27,https://data.eastmoney.com/notices/detail/002313/AN201704260533521008.html
日海智能,002313,002313,日海智能,日海通讯:关于第一期员工持股计划的进展公告,股权激励进展公告,2017-04-22,https://data.eastmoney.com/notices/detail/002313/AN201704210521671890.html
日海智能,002313,002313,日海智能,日海通讯:2017年第一季度业绩预告,业绩预告,2017-03-31,https://data.eastmoney.com/notices/detail/002313/AN201703300452874290.html
日海智能,002313,002313,日海智能,日海通讯:简式权益变动报告书,权益变动报告书,2017-03-22,https://data.eastmoney.com/notices/detail/002313/AN201703210424299335.html
日海智能,002313,002313,日海智能,日海通讯:关于员工持股计划持股达到5%的提示性公告,股权激励其他事项公告,2017-03-22,https://data.eastmoney.com/notices/detail/002313/AN201703210424299343.html
日海智能,002313,002313,日海智能,日海通讯:关于第一期员工持股计划的进展公告,股权激励计划,2017-03-21,https://data.eastmoney.com/notices/detail/002313/AN201703200422024523.html
日海智能,002313,002313,日海智能,日海通讯:2016年度业绩快报,业绩快报,2017-02-25,https://data.eastmoney.com/notices/detail/002313/AN201702240362672368.html
日海智能,002313,002313,日海智能,日海通讯:关于第一期员工持股计划的进展公告,股权激励计划,2017-02-21,https://data.eastmoney.com/notices/detail/002313/AN201702210354705123.html
日海智能,002313,002313,日海智能,日海通讯:关于第一期员工持股计划的进展公告,股权激励进展公告,2017-01-21,https://data.eastmoney.com/notices/detail/002313/AN201701200282669400.html
日海智能,002313,002313,日海智能,日海通讯:2016年第四次临时股东大会决议公告,股东大会决议公告,2016-12-27,https://data.eastmoney.com/notices/detail/002313/AN201612260219286663.html
日海智能,002313,002313,日海智能,日海通讯:2016年第四次临时股东大会法律意见书,法律意见书,2016-12-27,https://data.eastmoney.com/notices/detail/002313/AN201612260219286662.html
日海智能,002313,002313,日海智能,日海通讯:2016年12月22日投资者关系活动记录表,调研活动,2016-12-26,https://data.eastmoney.com/notices/detail/002313/AN201612260219287001.html
日海智能,002313,002313,日海智能,日海通讯:广东信达律师事务所关于公司第一期员工持股计划的法律意见书,法律意见书,2016-12-22,https://data.eastmoney.com/notices/detail/002313/AN201612210205977975.html
日海智能,002313,002313,日海智能,日海通讯:第四届监事会第四次会议决议公告,监事会决议公告,2016-12-10,https://data.eastmoney.com/notices/detail/002313/AN201612090174532281.html
日海智能,002313,002313,日海智能,日海通讯:公司章程(2016年12月),公司章程,2016-12-10,https://data.eastmoney.com/notices/detail/002313/AN201612090174532280.html
日海智能,002313,002313,日海智能,日海通讯:第四届董事会第五次会议决议公告,董事会决议公告,2016-12-10,https://data.eastmoney.com/notices/detail/002313/AN201612090174532202.html
日海智能,002313,002313,日海智能,日海通讯:第一期员工持股计划(草案),股权激励计划,2016-12-10,https://data.eastmoney.com/notices/detail/002313/AN201612090174528937.html
日海智能,002313,002313,日海智能,日海通讯:独立董事对相关事项发表的独立意见,专项说明/独立意见,2016-12-10,https://data.eastmoney.com/notices/detail/002313/AN201612090174528935.html
日海智能,002313,002313,日海智能,日海通讯:关于召开2016年第四次临时股东大会的通知,召开股东大会通知,2016-12-10,https://data.eastmoney.com/notices/detail/002313/AN201612090174528926.html
日海智能,002313,002313,日海智能,日海通讯:第一期员工持股计划(草案)摘要,股权激励计划摘要,2016-12-10,https://data.eastmoney.com/notices/detail/002313/AN201612090174528924.html
日海智能,002313,002313,日海智能,日海通讯:润达泰关于深交所中小板问询函[2016]第519号的回复,问询函,2016-12-06,https://data.eastmoney.com/notices/detail/002313/AN201612060162099746.html
日海智能,002313,002313,日海智能,日海通讯:2016年12月2日投资者关系活动记录表,调研活动,2016-12-05,https://data.eastmoney.com/notices/detail/002313/AN201612050159889847.html
日海智能,002313,002313,日海智能,日海通讯:2016年11月29日投资者关系活动记录表,调研活动,2016-11-30,https://data.eastmoney.com/notices/detail/002313/AN201611300140124576.html
日海智能,002313,002313,日海智能,日海通讯:独立董事对相关事项发表的独立意见,专项说明/独立意见,2016-11-19,https://data.eastmoney.com/notices/detail/002313/AN201611180110119891.html
日海智能,002313,002313,日海智能,日海通讯:第四届董事会第四次会议决议公告,高管人员任职变动,2016-11-19,https://data.eastmoney.com/notices/detail/002313/AN201611180110119881.html
日海智能,002313,002313,日海智能,日海通讯:2016年11月11日投资者关系活动记录表,调研活动,2016-11-14,https://data.eastmoney.com/notices/detail/002313/AN201611140096320292.html
日海智能,002313,002313,日海智能,日海通讯:2016年第三季度报告全文,三季度报告全文,2016-10-28,https://data.eastmoney.com/notices/detail/002313/AN201610270031084651.html
日海智能,002313,002313,日海智能,日海通讯:2016年第三季度报告正文,三季度报告正文,2016-10-28,https://data.eastmoney.com/notices/detail/002313/AN201610270031084636.html
日海智能,002313,002313,日海智能,日海通讯:2016年第三次临时股东大会法律意见书,法律意见书,2016-10-12,https://data.eastmoney.com/notices/detail/002313/AN201610110021809475.html
日海智能,002313,002313,日海智能,日海通讯:2016年第三次临时股东大会决议公告,股东大会决议公告,2016-10-12,https://data.eastmoney.com/notices/detail/002313/AN201610110021809483.html
日海智能,002313,002313,日海智能,日海通讯:关于日海设备股权转让工商变更手续已完成的公告,股权转让,2016-10-12,https://data.eastmoney.com/notices/detail/002313/AN201610110021809478.html
日海智能,002313,002313,日海智能,日海通讯:独立董事对相关事项发表的独立意见,专项说明/独立意见,2016-09-23,https://data.eastmoney.com/notices/detail/002313/AN201609220017710215.html
日海智能,002313,002313,日海智能,日海通讯:独立董事对相关事项发表的事前认可意见,专项说明/独立意见,2016-09-23,https://data.eastmoney.com/notices/detail/002313/AN201609220017710203.html
日海智能,002313,002313,日海智能,日海通讯:董事、高级管理人员薪酬管理制度(2016年9月),管理办法/制度,2016-09-23,https://data.eastmoney.com/notices/detail/002313/AN201609220017710201.html
日海智能,002313,002313,日海智能,日海通讯:第四届监事会第二次会议决议公告,监事会决议公告,2016-09-23,https://data.eastmoney.com/notices/detail/002313/AN201609220017710212.html
日海智能,002313,002313,日海智能,日海通讯:公司章程(2016年9月),公司章程,2016-09-23,https://data.eastmoney.com/notices/detail/002313/AN201609220017710209.html
日海智能,002313,002313,日海智能,日海通讯:第四届董事会第二次会议决议公告,董事会决议公告,2016-09-23,https://data.eastmoney.com/notices/detail/002313/AN201609220017710205.html
日海智能,002313,002313,日海智能,日海通讯:关于召开2016年第三次临时股东大会的通知,召开股东大会通知,2016-09-23,https://data.eastmoney.com/notices/detail/002313/AN201609220017710202.html
日海智能,002313,002313,日海智能,日海通讯:关于日海设备股权受让方调整及转让日海设备股权的进展公告,股权转让,2016-09-23,https://data.eastmoney.com/notices/detail/002313/AN201609220017710211.html
日海智能,002313,002313,日海智能,日海通讯:补充公告,其他,2016-09-07,https://data.eastmoney.com/notices/detail/002313/AN201609060017515956.html
日海智能,002313,002313,日海智能,日海通讯:第四届董事会第一次会议决议公告,高管人员任职变动,2016-08-31,https://data.eastmoney.com/notices/detail/002313/AN201608300017404230.html
日海智能,002313,002313,日海智能,日海通讯:董事会专门委员会工作细则(2016年8月),议事规则/实施细则,2016-08-31,https://data.eastmoney.com/notices/detail/002313/AN201608300017404228.html
日海智能,002313,002313,日海智能,日海通讯:独立董事对相关事项发表的独立意见(2016/8/31),专项说明/独立意见,2016-08-31,https://data.eastmoney.com/notices/detail/002313/AN201608300017404229.html
日海智能,002313,002313,日海智能,日海通讯:第四届监事会第一次会议决议公告,高管人员任职变动,2016-08-31,https://data.eastmoney.com/notices/detail/002313/AN201608300017404225.html
日海智能,002313,002313,日海智能,日海通讯:2016年第二次临时股东大会法律意见书,法律意见书,2016-08-30,https://data.eastmoney.com/notices/detail/002313/AN201608290017381043.html
日海智能,002313,002313,日海智能,日海通讯:2016年第二次临时股东大会决议公告,股东大会决议公告,2016-08-30,https://data.eastmoney.com/notices/detail/002313/AN201608290017381032.html
日海智能,002313,002313,日海智能,日海通讯:第三届董事会第三十四次会议决议公告,董事会决议公告,2016-08-29,https://data.eastmoney.com/notices/detail/002313/AN201608280017362439.html
日海智能,002313,002313,日海智能,日海通讯:关于控股子公司日海通服转让其全资子公司安徽国维股权的公告,股权转让,2016-08-29,https://data.eastmoney.com/notices/detail/002313/AN201608280017362437.html
日海智能,002313,002313,日海智能,日海通讯:2016年半年度财务报告,半年度财务报告,2016-08-29,https://data.eastmoney.com/notices/detail/002313/AN201608280017362435.html
日海智能,002313,002313,日海智能,日海通讯:关于2016年半年度计提资产减值准备的公告,其他,2016-08-29,https://data.eastmoney.com/notices/detail/002313/AN201608280017362434.html
日海智能,002313,002313,日海智能,日海通讯:2016年半年度报告,半年度报告全文,2016-08-29,https://data.eastmoney.com/notices/detail/002313/AN201608280017362432.html
日海智能,002313,002313,日海智能,日海通讯:独立董事对相关事项发表的独立意见(2016/8/29),专项说明/独立意见,2016-08-29,https://data.eastmoney.com/notices/detail/002313/AN201608280017362417.html
日海智能,002313,002313,日海智能,日海通讯:关于收购安徽浩阳持有的日海通服股权的公告,收购出售资产/股权,2016-08-29,https://data.eastmoney.com/notices/detail/002313/AN201608280017362427.html
日海智能,002313,002313,日海智能,日海通讯:董事会审计委员会关于2016年半年度计提资产减值准备的说明,专项说明/独立意见,2016-08-29,https://data.eastmoney.com/notices/detail/002313/AN201608280017362422.html
日海智能,002313,002313,日海智能,日海通讯:2016年半年度报告摘要,半年度报告摘要,2016-08-29,https://data.eastmoney.com/notices/detail/002313/AN201608280017362418.html
日海智能,002313,002313,日海智能,日海通讯:第三届监事会第三十二次会议决议公告,监事会决议公告,2016-08-29,https://data.eastmoney.com/notices/detail/002313/AN201608280017362414.html
日海智能,002313,002313,日海智能,日海通讯:关于公司董事辞职的公告,高管人员任职变动,2016-08-25,https://data.eastmoney.com/notices/detail/002313/AN201608250017307030.html
日海智能,002313,002313,日海智能,日海通讯:独立董事对相关事项发表的事前认可意见,专项说明/独立意见,2016-08-13,https://data.eastmoney.com/notices/detail/002313/AN201608120017058191.html
日海智能,002313,002313,日海智能,日海通讯:独立董事提名人声明(一),独立董事提名人声明,2016-08-13,https://data.eastmoney.com/notices/detail/002313/AN201608120017058186.html
日海智能,002313,002313,日海智能,日海通讯:第三届董事会第三十三次会议决议公告,高管人员任职变动,2016-08-13,https://data.eastmoney.com/notices/detail/002313/AN201608120017058201.html
日海智能,002313,002313,日海智能,日海通讯:关于选举职工(员工)代表监事的公告,高管人员任职变动,2016-08-13,https://data.eastmoney.com/notices/detail/002313/AN201608120017058199.html
日海智能,002313,002313,日海智能,日海通讯:独立董事候选人声明(项立刚),独立董事候选人声明,2016-08-13,https://data.eastmoney.com/notices/detail/002313/AN201608120017058185.html
日海智能,002313,002313,日海智能,日海通讯:独立董事提名人声明(三),独立董事提名人声明,2016-08-13,https://data.eastmoney.com/notices/detail/002313/AN201608120017058200.html
日海智能,002313,002313,日海智能,日海通讯:关于选举职工(员工)代表董事的公告,高管人员任职变动,2016-08-13,https://data.eastmoney.com/notices/detail/002313/AN201608120017058198.html
日海智能,002313,002313,日海智能,日海通讯:独立董事对相关事项发表的独立意见(2016/8/13),专项说明/独立意见,2016-08-13,https://data.eastmoney.com/notices/detail/002313/AN201608120017058194.html
日海智能,002313,002313,日海智能,日海通讯:独立董事提名人声明(二),独立董事提名人声明,2016-08-13,https://data.eastmoney.com/notices/detail/002313/AN201608120017058189.html
日海智能,002313,002313,日海智能,日海通讯:第三届监事会第三十一次会议决议公告,高管人员任职变动,2016-08-13,https://data.eastmoney.com/notices/detail/002313/AN201608120017058184.html
日海智能,002313,002313,日海智能,日海通讯:独立董事候选人声明(曾庆生),独立董事候选人声明,2016-08-13,https://data.eastmoney.com/notices/detail/002313/AN201608120017058197.html
日海智能,002313,002313,日海智能,日海通讯:关于转让全资子公司日海设备股权暨关联交易的公告,股权转让,2016-08-13,https://data.eastmoney.com/notices/detail/002313/AN201608120017058188.html
日海智能,002313,002313,日海智能,日海通讯:独立董事候选人声明(耿利航),独立董事候选人声明,2016-08-13,https://data.eastmoney.com/notices/detail/002313/AN201608120017058181.html
日海智能,002313,002313,日海智能,日海通讯:关于向关联方租赁房地产的公告,其他,2016-08-13,https://data.eastmoney.com/notices/detail/002313/AN201608120017058192.html
日海智能,002313,002313,日海智能,日海通讯:关于召开2016年第二次临时股东大会的通知,召开股东大会通知,2016-08-13,https://data.eastmoney.com/notices/detail/002313/AN201608120017058187.html
日海智能,002313,002313,日海智能,日海通讯:关于监事会换届选举并征集监事候选人的公告,高管人员任职变动,2016-07-26,https://data.eastmoney.com/notices/detail/002313/AN201607250016735488.html
日海智能,002313,002313,日海智能,日海通讯:关于董事会换届选举并征集董事候选人的公告,高管人员任职变动,2016-07-26,https://data.eastmoney.com/notices/detail/002313/AN201607250016735480.html
日海智能,002313,002313,日海智能,日海通讯:关于高级管理人员辞职的公告,高管人员任职变动,2016-07-23,https://data.eastmoney.com/notices/detail/002313/AN201607220016707874.html
日海智能,002313,002313,日海智能,日海通讯:关于控股股东协议转让公司股份完成过户暨公司控制权变更的公告,股权转让,2016-07-23,https://data.eastmoney.com/notices/detail/002313/AN201607220016707876.html
日海智能,002313,002313,日海智能,日海通讯:关于公司控股股东股票解除质押的公告,股份质押、冻结,2016-07-16,https://data.eastmoney.com/notices/detail/002313/AN201607150016594773.html
日海智能,002313,002313,日海智能,日海通讯:广发证券股份有限公司关于公司对深圳证券交易所问询函回复之核查意见,问询函,2016-07-15,https://data.eastmoney.com/notices/detail/002313/AN201607140016577599.html
日海智能,002313,002313,日海智能,日海通讯:关于深圳证券交易所对公司问询函的回复,问询函,2016-07-15,https://data.eastmoney.com/notices/detail/002313/AN201607140016577596.html
日海智能,002313,002313,日海智能,日海通讯:股票交易异常波动公告(2016/7/11),股票交易异常波动,2016-07-11,https://data.eastmoney.com/notices/detail/002313/AN201607100016493417.html
日海智能,002313,002313,日海智能,日海通讯:股票交易异常波动公告(2016/7/7),股票交易异常波动,2016-07-07,https://data.eastmoney.com/notices/detail/002313/AN201607060016431829.html
日海智能,002313,002313,日海智能,日海通讯:详式权益变动报告书,权益变动报告书,2016-07-05,https://data.eastmoney.com/notices/detail/002313/AN201607040016379010.html
日海智能,002313,002313,日海智能,日海通讯:广发证券股份有限公司关于公司详式权益变动报告书之财务顾问核查意见,权益变动报告书,2016-07-05,https://data.eastmoney.com/notices/detail/002313/AN201607040016379014.html
日海智能,002313,002313,日海智能,日海通讯:简式权益变动报告书,权益变动报告书,2016-07-05,https://data.eastmoney.com/notices/detail/002313/AN201607040016379013.html
日海智能,002313,002313,日海智能,日海通讯:关于公司股票复牌的提示性公告,复牌公告,2016-07-04,https://data.eastmoney.com/notices/detail/002313/AN201607030016360795.html
日海智能,002313,002313,日海智能,日海通讯:关于控股股东协议转让公司股份暨公司控制权拟变更的提示性公告,股权转让,2016-07-04,https://data.eastmoney.com/notices/detail/002313/AN201607030016360768.html
日海智能,002313,002313,日海智能,日海通讯:重大事项停牌进展公告,停牌公告,2016-06-25,https://data.eastmoney.com/notices/detail/002313/AN201606240016211426.html
日海智能,002313,002313,日海智能,日海通讯:关于深圳证券交易所2015年年报问询函的回复,年报问询函,2016-06-24,https://data.eastmoney.com/notices/detail/002313/AN201606230016191915.html
日海智能,002313,002313,日海智能,关于深圳日海通讯技术股份有限公司股票临时停牌的公告,停牌公告,2016-06-20,https://data.eastmoney.com/notices/detail/002313/AN201606200015317883.html
日海智能,002313,002313,日海智能,日海通讯:重大事项停牌公告,停牌公告,2016-06-20,https://data.eastmoney.com/notices/detail/002313/AN201606200015331367.html
日海智能,002313,002313,日海智能,日海通讯:关于深圳证券交易所对公司关注函的回复,关注函,2016-05-24,https://data.eastmoney.com/notices/detail/002313/AN201605230014963308.html
日海智能,002313,002313,日海智能,日海通讯:关于终止重组事项网上说明会召开情况的公告,其他,2016-05-19,https://data.eastmoney.com/notices/detail/002313/AN201605180014918320.html
日海智能,002313,002313,日海智能,002313:日海通讯关注函,关注函,2016-05-18,https://data.eastmoney.com/notices/detail/002313/AN201605180014886547.html
日海智能,002313,002313,日海智能,日海通讯:独立董事对相关事项发表的独立意见,专项说明/独立意见,2016-05-17,https://data.eastmoney.com/notices/detail/002313/AN201605160014859152.html
日海智能,002313,002313,日海智能,日海通讯:关于终止发行股份购买资产并募集配套资金暨关联交易的公告,增发预案,2016-05-17,https://data.eastmoney.com/notices/detail/002313/AN201605160014859144.html
日海智能,002313,002313,日海智能,日海通讯:第三届董事会第三十二次会议决议公告,增发终止,2016-05-17,https://data.eastmoney.com/notices/detail/002313/AN201605160014859151.html
日海智能,002313,002313,日海智能,日海通讯:关于召开终止重组事项网上说明会的通知,其他,2016-05-17,https://data.eastmoney.com/notices/detail/002313/AN201605160014859145.html
日海智能,002313,002313,日海智能,日海通讯:第三届监事会第三十次会议决议公告,监事会决议公告,2016-05-17,https://data.eastmoney.com/notices/detail/002313/AN201605160014859143.html
日海智能,002313,002313,日海智能,日海通讯:关于公司股东进行股票质押式回购交易的公告,股份质押、冻结,2016-05-14,https://data.eastmoney.com/notices/detail/002313/AN201605130014836699.html
日海智能,002313,002313,日海智能,日海通讯:关于协议转让过户完成的公告,其他,2016-05-10,https://data.eastmoney.com/notices/detail/002313/AN201605090014762736.html
日海智能,002313,002313,日海智能,日海通讯:关于公司发行股份购买资产的进展公告,其他增发事项公告,2016-04-30,https://data.eastmoney.com/notices/detail/002313/AN201604290014627236.html
日海智能,002313,002313,日海智能,日海通讯:关于公司股东进行股票质押式回购交易的公告,股份质押、冻结,2016-04-29,https://data.eastmoney.com/notices/detail/002313/AN201604280014592174.html
日海智能,002313,002313,日海智能,日海通讯:简式权益变动报告书(一),权益变动报告书,2016-04-27,https://data.eastmoney.com/notices/detail/002313/AN201604260014549570.html
日海智能,002313,002313,日海智能,日海通讯:简式权益变动报告书(二),权益变动报告书,2016-04-27,https://data.eastmoney.com/notices/detail/002313/AN201604260014549566.html
日海智能,002313,002313,日海智能,日海通讯:关于控股股东协议转让公司股份的提示性公告,股权转让,2016-04-27,https://data.eastmoney.com/notices/detail/002313/AN201604260014549562.html
日海智能,002313,002313,日海智能,日海通讯:2016年第一季度报告全文,一季度报告全文,2016-04-21,https://data.eastmoney.com/notices/detail/002313/AN201604200014446517.html
日海智能,002313,002313,日海智能,日海通讯:第三届董事会第三十一次会议决议公告,董事会决议公告,2016-04-21,https://data.eastmoney.com/notices/detail/002313/AN201604200014446511.html
日海智能,002313,002313,日海智能,日海通讯:2016年第一季度报告正文,一季度报告正文,2016-04-21,https://data.eastmoney.com/notices/detail/002313/AN201604200014446502.html
日海智能,002313,002313,日海智能,日海通讯:2015年度股东大会决议公告,分配方案决议公告,2016-04-13,https://data.eastmoney.com/notices/detail/002313/AN201604120014326584.html
日海智能,002313,002313,日海智能,日海通讯:2015年度股东大会法律意见书,法律意见书,2016-04-13,https://data.eastmoney.com/notices/detail/002313/AN201604120014326579.html
日海智能,002313,002313,日海智能,日海通讯:关于公司发行股份购买资产的进展公告,其他增发事项公告,2016-04-02,https://data.eastmoney.com/notices/detail/002313/AN201604010014204149.html
日海智能,002313,002313,日海智能,日海通讯:2016年3月30日投资者关系活动记录表,调研活动,2016-03-31,https://data.eastmoney.com/notices/detail/002313/AN201603310014168816.html
日海智能,002313,002313,日海智能,日海通讯:关于举行2015年度报告网上说明会的通知,其他,2016-03-26,https://data.eastmoney.com/notices/detail/002313/AN201603250014082925.html
日海智能,002313,002313,日海智能,日海通讯:2016年3月24日投资者关系活动记录表,调研活动,2016-03-25,https://data.eastmoney.com/notices/detail/002313/AN201603250014080570.html
日海智能,002313,002313,日海智能,日海通讯:2015年年度审计报告,审计报告,2016-03-22,https://data.eastmoney.com/notices/detail/002313/AN201603210013960173.html
日海智能,002313,002313,日海智能,日海通讯:2015年年度报告,年度报告全文,2016-03-22,https://data.eastmoney.com/notices/detail/002313/AN201603210013960186.html
日海智能,002313,002313,日海智能,日海通讯:独立董事2015年度述职报告(董玮),独立董事述职报告,2016-03-22,https://data.eastmoney.com/notices/detail/002313/AN201603210013960174.html
日海智能,002313,002313,日海智能,日海通讯:第三届董事会第三十次会议决议公告,分配预案,2016-03-22,https://data.eastmoney.com/notices/detail/002313/AN201603210013960169.html
日海智能,002313,002313,日海智能,日海通讯:2015年年度报告摘要,年度报告摘要,2016-03-22,https://data.eastmoney.com/notices/detail/002313/AN201603210013960168.html
日海智能,002313,002313,日海智能,日海通讯:第三届监事会第二十八次会议决议公告,监事会决议公告,2016-03-22,https://data.eastmoney.com/notices/detail/002313/AN201603210013960165.html
日海智能,002313,002313,日海智能,日海通讯:独立董事2015年度述职报告(鲁潮),独立董事述职报告,2016-03-22,https://data.eastmoney.com/notices/detail/002313/AN201603210013960163.html
日海智能,002313,002313,日海智能,日海通讯:2015年度控股股东及其他关联方资金占用情况的专项说明,专项说明/独立意见,2016-03-22,https://data.eastmoney.com/notices/detail/002313/AN201603210013960166.html
日海智能,002313,002313,日海智能,日海通讯:内部控制规则落实自查表,内部控制报告,2016-03-22,https://data.eastmoney.com/notices/detail/002313/AN201603210013960164.html
日海智能,002313,002313,日海智能,日海通讯:独立董事2015年度述职报告(张新华),独立董事述职报告,2016-03-22,https://data.eastmoney.com/notices/detail/002313/AN201603210013960162.html
日海智能,002313,002313,日海智能,日海通讯:关于召开2015年度股东大会的通知,召开股东大会通知,2016-03-22,https://data.eastmoney.com/notices/detail/002313/AN201603210013960152.html
日海智能,002313,002313,日海智能,日海通讯:2015年度内部控制自我评价报告,内部控制报告,2016-03-22,https://data.eastmoney.com/notices/detail/002313/AN201603210013960149.html
日海智能,002313,002313,日海智能,日海通讯:2015年12月31日内部控制鉴证报告,保荐/核查意见,2016-03-22,https://data.eastmoney.com/notices/detail/002313/AN201603210013960146.html
日海智能,002313,002313,日海智能,日海通讯:监事会2015年度工作报告,其他,2016-03-22,https://data.eastmoney.com/notices/detail/002313/AN201603210013960144.html
日海智能,002313,002313,日海智能,日海通讯:董事会关于会计师事务所2015年度审计工作总结的报告,其他,2016-03-22,https://data.eastmoney.com/notices/detail/002313/AN201603210013960154.html
日海智能,002313,002313,日海智能,日海通讯:独立董事对相关事项发表的独立意见,专项说明/独立意见,2016-03-22,https://data.eastmoney.com/notices/detail/002313/AN201603210013960148.html
日海智能,002313,002313,日海智能,日海通讯:关于公司发行股份购买资产的进展公告,收购出售资产/股权,2016-03-10,https://data.eastmoney.com/notices/detail/002313/AN201603090013819439.html
日海智能,002313,002313,日海智能,日海通讯:董事会审计委员会关于2015年度计提资产减值准备的说明,其他,2016-02-29,https://data.eastmoney.com/notices/detail/002313/AN201602280013639233.html
日海智能,002313,002313,日海智能,日海通讯:第三届董事会第二十九次会议决议公告,董事会决议公告,2016-02-29,https://data.eastmoney.com/notices/detail/002313/AN201602280013639236.html
日海智能,002313,002313,日海智能,日海通讯:2015年度业绩快报,业绩快报,2016-02-29,https://data.eastmoney.com/notices/detail/002313/AN201602280013639232.html
日海智能,002313,002313,日海智能,日海通讯:关于2015年度计提资产减值准备的公告,其他,2016-02-29,https://data.eastmoney.com/notices/detail/002313/AN201602280013639229.html
日海智能,002313,002313,日海智能,日海通讯:第三届监事会第二十七次会议决议公告,监事会决议公告,2016-02-29,https://data.eastmoney.com/notices/detail/002313/AN201602280013639223.html
日海智能,002313,002313,日海智能,日海通讯:澄清公告,澄清公告,2016-02-04,https://data.eastmoney.com/notices/detail/002313/AN201602030013383113.html
日海智能,002313,002313,日海智能,日海通讯:2016年1月22日投资者关系活动记录表,调研活动,2016-01-22,https://data.eastmoney.com/notices/detail/002313/AN201601230013253007.html
日海智能,002313,002313,日海智能,日海通讯:关于公司股票复牌的提示性公告,复牌公告,2016-01-22,https://data.eastmoney.com/notices/detail/002313/AN201601210013225242.html
日海智能,002313,002313,日海智能,日海通讯:兴业证券股份有限公司关于深圳证券交易所《关于对深圳日海通讯技术股份有限公司的发行股份购买资产问询函》的核查意见,保荐/核查意见,2016-01-22,https://data.eastmoney.com/notices/detail/002313/AN201601210013225229.html
日海智能,002313,002313,日海智能,日海通讯:发行股份购买资产并募集配套资金暨关联交易预案问询函的回复,增发预案,2016-01-22,https://data.eastmoney.com/notices/detail/002313/AN201601210013225238.html
日海智能,002313,002313,日海智能,日海通讯:发行股份购买资产并募集配套资金暨关联交易预案(修订稿),增发预案,2016-01-22,https://data.eastmoney.com/notices/detail/002313/AN201601210013225236.html
日海智能,002313,002313,日海智能,日海通讯:兴业证券股份有限公司关于公司发行股份购买资产并募集配套资金暨关联交易预案之独立财务顾问核查意见(修订稿),保荐/核查意见,2016-01-22,https://data.eastmoney.com/notices/detail/002313/AN201601210013225219.html
日海智能,002313,002313,日海智能,日海通讯:关于发行股份购买资产并募集配套资金暨关联交易预案的修订说明公告,增发方案修订,2016-01-22,https://data.eastmoney.com/notices/detail/002313/AN201601210013225215.html
日海智能,002313,002313,日海智能,日海通讯:关于披露重组预案后公司股票继续停牌的公告,停牌公告,2016-01-18,https://data.eastmoney.com/notices/detail/002313/AN201601170013089776.html
日海智能,002313,002313,日海智能,日海通讯:第三届董事会第二十八次会议决议公告,高管人员任职变动,2016-01-16,https://data.eastmoney.com/notices/detail/002313/AN201601150013047259.html
日海智能,002313,002313,日海智能,日海通讯:独立董事对相关事项发表的独立意见,专项说明/独立意见,2016-01-16,https://data.eastmoney.com/notices/detail/002313/AN201601150013047257.html
日海智能,002313,002313,日海智能,日海通讯:第三届监事会第二十六次会议决议公告,高管人员任职变动,2016-01-16,https://data.eastmoney.com/notices/detail/002313/AN201601150013047256.html
日海智能,002313,002313,日海智能,日海通讯:2016年第一次临时股东大会法律意见书,法律意见书,2016-01-16,https://data.eastmoney.com/notices/detail/002313/AN201601150013047254.html
日海智能,002313,002313,日海智能,日海通讯:2016年第一次临时股东大会决议公告,股东大会决议公告,2016-01-16,https://data.eastmoney.com/notices/detail/002313/AN201601150013047251.html
日海智能,002313,002313,日海智能,关于对深圳日海通讯技术股份有限公司的发行股份购买资产问询函,重组问询函,2016-01-15,https://data.eastmoney.com/notices/detail/002313/AN201605160014854736.html
日海智能,002313,002313,日海智能,日海通讯:兴业证券股份有限公司关于公司发行股份购买资产并募集配套资金暨关联交易预案之独立财务顾问核查意见,保荐/核查意见,2016-01-11,https://data.eastmoney.com/notices/detail/002313/AN201601110012901541.html
日海智能,002313,002313,日海智能,日海通讯:独立董事关于发行股份购买资产并募集配套资金暨关联交易的事前认可意见,专项说明/独立意见,2016-01-11,https://data.eastmoney.com/notices/detail/002313/AN201601110012901536.html
日海智能,002313,002313,日海智能,日海通讯:独立董事关于发行股份购买资产并募集配套资金暨关联交易的独立意见,专项说明/独立意见,2016-01-11,https://data.eastmoney.com/notices/detail/002313/AN201601110012901542.html
日海智能,002313,002313,日海智能,日海通讯:发行股份购买资产并募集配套资金暨关联交易预案,增发预案,2016-01-11,https://data.eastmoney.com/notices/detail/002313/AN201601110012901543.html
日海智能,002313,002313,日海智能,日海通讯:第三届董事会第二十七次会议决议公告,增发预案,2016-01-11,https://data.eastmoney.com/notices/detail/002313/AN201601110012901540.html
日海智能,002313,002313,日海智能,日海通讯:董事会关于公司股票价格波动是否达到《关于规范上市公司信息披露及相关各方行为的通知》第五条相关标准的说明,专项说明/独立意见,2016-01-11,https://data.eastmoney.com/notices/detail/002313/AN201601110012901538.html
日海智能,002313,002313,日海智能,日海通讯:关于发行股份购买资产的一般风险提示公告,停牌公告,2016-01-11,https://data.eastmoney.com/notices/detail/002313/AN201601110012901528.html
日海智能,002313,002313,日海智能,日海通讯:关于交易对方声明和承诺的公告,其他,2016-01-11,https://data.eastmoney.com/notices/detail/002313/AN201601110012901537.html
日海智能,002313,002313,日海智能,日海通讯:董事会关于本次交易符合第四条规定的说明,专项说明/独立意见,2016-01-11,https://data.eastmoney.com/notices/detail/002313/AN201601110012901534.html
日海智能,002313,002313,日海智能,日海通讯:第三届监事会第二十五次会议决议公告,监事会决议公告,2016-01-11,https://data.eastmoney.com/notices/detail/002313/AN201601110012901531.html
日海智能,002313,002313,日海智能,日海通讯:关于重组履行法定程序的完备性、合规性及提交法律文件的有效性说明,其他,2016-01-11,https://data.eastmoney.com/notices/detail/002313/AN201601110012901529.html
日海智能,002313,002313,日海智能,日海通讯:关于披露发行股份购买资产并募集配套资金暨关联交易预案暨公司股票继续停牌的公告,停牌公告,2016-01-11,https://data.eastmoney.com/notices/detail/002313/AN201601110012901527.html
日海智能,002313,002313,日海智能,日海通讯:关于筹划发行股份购买资产的停牌进展公告,停牌公告,2016-01-06,https://data.eastmoney.com/notices/detail/002313/AN201601050012714178.html
日海智能,002313,002313,日海智能,日海通讯:关于召开2016年第一次临时股东大会的通知,召开股东大会通知,2015-12-31,https://data.eastmoney.com/notices/detail/002313/AN201512300012573905.html
日海智能,002313,002313,日海智能,日海通讯:关于财务总监辞职的公告,高管人员任职变动,2015-12-31,https://data.eastmoney.com/notices/detail/002313/AN201512300012573898.html
日海智能,002313,002313,日海智能,日海通讯:公司章程(2015年12月),公司章程,2015-12-31,https://data.eastmoney.com/notices/detail/002313/AN201512300012573904.html
日海智能,002313,002313,日海智能,日海通讯:关于部分监事辞职的公告,高管人员任职变动,2015-12-31,https://data.eastmoney.com/notices/detail/002313/AN201512300012573902.html
日海智能,002313,002313,日海智能,日海通讯:第三届监事会第二十四次会议决议公告,高管人员任职变动,2015-12-31,https://data.eastmoney.com/notices/detail/002313/AN201512300012573900.html
日海智能,002313,002313,日海智能,日海通讯:关于公司住所变更及投资者联系方式变更的公告,公司办公地址变更,2015-12-31,https://data.eastmoney.com/notices/detail/002313/AN201512300012573897.html
日海智能,002313,002313,日海智能,日海通讯:第三届董事会第二十六次会议决议公告,董事会决议公告,2015-12-31,https://data.eastmoney.com/notices/detail/002313/AN201512300012573899.html
日海智能,002313,002313,日海智能,日海通讯:关于公司股票继续停牌的公告,停牌公告,2015-12-30,https://data.eastmoney.com/notices/detail/002313/AN201512290012539164.html
日海智能,002313,002313,日海智能,日海通讯:关于筹划发行股份购买资产的停牌进展公告(2015/12/25),停牌公告,2015-12-25,https://data.eastmoney.com/notices/detail/002313/AN201512240012394821.html
日海智能,002313,002313,日海智能,日海通讯:关于筹划发行股份购买资产的停牌进展公告(2015/12/18),停牌公告,2015-12-18,https://data.eastmoney.com/notices/detail/002313/AN201512170012158377.html
日海智能,002313,002313,日海智能,日海通讯:关于筹划发行股份购买资产的停牌进展公告(2015/12/11),停牌公告,2015-12-11,https://data.eastmoney.com/notices/detail/002313/AN201512100012001031.html
日海智能,002313,002313,日海智能,日海通讯:2015年第三次临时股东大会决议公告,股东大会决议公告,2015-12-10,https://data.eastmoney.com/notices/detail/002313/AN201512090011843080.html
日海智能,002313,002313,日海智能,日海通讯:2015年第三次临时股东大会法律意见书,法律意见书,2015-12-10,https://data.eastmoney.com/notices/detail/002313/AN201512090011843079.html
日海智能,002313,002313,日海智能,日海通讯:关于筹划发行股份购买资产的停牌进展公告(2015/12/4),停牌公告,2015-12-04,https://data.eastmoney.com/notices/detail/002313/AN201512030011718514.html
日海智能,002313,002313,日海智能,日海通讯:关于筹划发行股份购买资产的停牌进展公告(2015/11/27),停牌公告,2015-11-27,https://data.eastmoney.com/notices/detail/002313/AN201511260011578619.html
日海智能,002313,002313,日海智能,日海通讯:第三届董事会第二十五次会议决议公告,董事会决议公告,2015-11-21,https://data.eastmoney.com/notices/detail/002313/AN201511200011479470.html
日海智能,002313,002313,日海智能,日海通讯:关于公司继续筹划发行股份购买资产事项及申请公司股票延期复牌的公告,停牌公告,2015-11-21,https://data.eastmoney.com/notices/detail/002313/AN201511200011479469.html
日海智能,002313,002313,日海智能,日海通讯:关于召开2015年第三次临时股东大会的通知,召开股东大会通知,2015-11-21,https://data.eastmoney.com/notices/detail/002313/AN201511200011479467.html
日海智能,002313,002313,日海智能,日海通讯:2015年11月18日投资者关系活动记录表,调研活动,2015-11-20,https://data.eastmoney.com/notices/detail/002313/AN201511200011480215.html
日海智能,002313,002313,日海智能,日海通讯:关于筹划发行股份购买资产的停牌进展公告(2015/11/20),停牌公告,2015-11-20,https://data.eastmoney.com/notices/detail/002313/AN201511190011461752.html
日海智能,002313,002313,日海智能,日海通讯:2015年第二次临时股东大会决议公告,股东大会决议公告,2015-11-18,https://data.eastmoney.com/notices/detail/002313/AN201511170011440988.html
日海智能,002313,002313,日海智能,日海通讯:2015年第二次临时股东大会法律意见书,法律意见书,2015-11-18,https://data.eastmoney.com/notices/detail/002313/AN201511170011440987.html
日海智能,002313,002313,日海智能,日海通讯:关于筹划发行股份购买资产的停牌进展公告(2015/11/13),停牌公告,2015-11-13,https://data.eastmoney.com/notices/detail/002313/AN201511120011382927.html
日海智能,002313,002313,日海智能,日海通讯:2015年11月11日投资者关系活动记录表,调研活动,2015-11-12,https://data.eastmoney.com/notices/detail/002313/AN201511120011383099.html
日海智能,002313,002313,日海智能,日海通讯:关于筹划发行股份购买资产的停牌进展公告(2015/11/6),停牌公告,2015-11-06,https://data.eastmoney.com/notices/detail/002313/AN201511050011304477.html
日海智能,002313,002313,日海智能,日海通讯:2015年第三季度报告正文,三季度报告正文,2015-10-30,https://data.eastmoney.com/notices/detail/002313/AN201510290011227934.html
日海智能,002313,002313,日海智能,日海通讯:第三届董事会第二十四次会议决议公告,董事会决议公告,2015-10-30,https://data.eastmoney.com/notices/detail/002313/AN201510290011227929.html
日海智能,002313,002313,日海智能,日海通讯:第三届监事会第二十三次会议决议公告,监事会决议公告,2015-10-30,https://data.eastmoney.com/notices/detail/002313/AN201510290011227939.html
日海智能,002313,002313,日海智能,日海通讯:独立董事对相关事项发表的独立意见,专项说明/独立意见,2015-10-30,https://data.eastmoney.com/notices/detail/002313/AN201510290011227936.html
日海智能,002313,002313,日海智能,日海通讯:关于聘任2015年度财务审计机构的公告,高管人员任职变动,2015-10-30,https://data.eastmoney.com/notices/detail/002313/AN201510290011227930.html
日海智能,002313,002313,日海智能,日海通讯:关于召开2015年第二次临时股东大会的通知,召开股东大会通知,2015-10-30,https://data.eastmoney.com/notices/detail/002313/AN201510290011227928.html
日海智能,002313,002313,日海智能,日海通讯:关于筹划发行股份购买资产的停牌进展公告(2015-10-30),停牌公告,2015-10-30,https://data.eastmoney.com/notices/detail/002313/AN201510290011227926.html
日海智能,002313,002313,日海智能,日海通讯:2015年第三季度报告全文,三季度报告全文,2015-10-30,https://data.eastmoney.com/notices/detail/002313/AN201510290011227922.html
日海智能,002313,002313,日海智能,日海通讯:关于子公司之间提供担保的公告,担保事项,2015-10-30,https://data.eastmoney.com/notices/detail/002313/AN201510290011227923.html
日海智能,002313,002313,日海智能,日海通讯:关于筹划发行股份购买资产的停牌进展公告(2015-10-23),停牌公告,2015-10-23,https://data.eastmoney.com/notices/detail/002313/AN201510220011153449.html
日海智能,002313,002313,日海智能,日海通讯:关于筹划发行股份购买资产的停牌进展暨延期复牌公告,停牌公告,2015-10-16,https://data.eastmoney.com/notices/detail/002313/AN201510150011057418.html
日海智能,002313,002313,日海智能,日海通讯:2015年第一次临时股东大会决议公告,股东大会决议公告,2015-10-14,https://data.eastmoney.com/notices/detail/002313/AN201510130011031873.html
日海智能,002313,002313,日海智能,日海通讯:2015年第一次临时股东大会法律意见书,法律意见书,2015-10-14,https://data.eastmoney.com/notices/detail/002313/AN201510130011031870.html
日海智能,002313,002313,日海智能,日海通讯:关于筹划发行股份购买资产的停牌进展公告(2015-10-14),停牌公告,2015-10-14,https://data.eastmoney.com/notices/detail/002313/AN201510130011031868.html
日海智能,002313,002313,日海智能,日海通讯:关于全资子公司的控股子公司资产被拍卖的公告,其他,2015-09-30,https://data.eastmoney.com/notices/detail/002313/AN201509290010925914.html
日海智能,002313,002313,日海智能,日海通讯:关于筹划发行股份购买资产的停牌进展公告(2015-9-30),停牌公告,2015-09-30,https://data.eastmoney.com/notices/detail/002313/AN201509290010925911.html
日海智能,002313,002313,日海智能,日海通讯:公司章程(2015年9月),公司章程,2015-09-25,https://data.eastmoney.com/notices/detail/002313/AN201509240010888637.html
日海智能,002313,002313,日海智能,日海通讯:公司章程修正案,公司章程修订,2015-09-25,https://data.eastmoney.com/notices/detail/002313/AN201509240010888632.html
日海智能,002313,002313,日海智能,日海通讯:关于为全资子公司湖北日海提供担保额度的公告,担保事项,2015-09-25,https://data.eastmoney.com/notices/detail/002313/AN201509240010888629.html
日海智能,002313,002313,日海智能,日海通讯:关于召开2015年第一次临时股东大会的通知,召开股东大会通知,2015-09-25,https://data.eastmoney.com/notices/detail/002313/AN201509240010888643.html
日海智能,002313,002313,日海智能,日海通讯:第三届监事会第二十二次会议决议公告,监事会决议公告,2015-09-25,https://data.eastmoney.com/notices/detail/002313/AN201509240010888640.html
日海智能,002313,002313,日海智能,日海通讯:第三届董事会第二十三次会议决议公告,董事会决议公告,2015-09-25,https://data.eastmoney.com/notices/detail/002313/AN201509240010888635.html
日海智能,002313,002313,日海智能,日海通讯:关于筹划发行股份购买资产的停牌进展公告(2015-9-23),停牌公告,2015-09-23,https://data.eastmoney.com/notices/detail/002313/AN201509220010861972.html
日海智能,002313,002313,日海智能,日海通讯:关于筹划发行股份购买资产的停牌公告,停牌公告,2015-09-16,https://data.eastmoney.com/notices/detail/002313/AN201509150010801408.html
日海智能,002313,002313,日海智能,日海通讯:重大事项继续停牌公告,停牌公告,2015-09-09,https://data.eastmoney.com/notices/detail/002313/AN201509080010738703.html
日海智能,002313,002313,日海智能,日海通讯:重大事项继续停牌公告,停牌公告,2015-08-31,https://data.eastmoney.com/notices/detail/002313/AN201508300010666574.html
日海智能,002313,002313,日海智能,日海通讯:重大事项继续停牌公告(2015/8/24),停牌公告,2015-08-24,https://data.eastmoney.com/notices/detail/002313/AN201508230010584549.html
日海智能,002313,002313,日海智能,日海通讯:重大事项继续停牌公告(2015/8/17),停牌公告,2015-08-17,https://data.eastmoney.com/notices/detail/002313/AN201508160010515085.html
日海智能,002313,002313,日海智能,日海通讯:重大事项停牌公告,停牌公告,2015-08-11,https://data.eastmoney.com/notices/detail/002313/AN201508100010446649.html
日海智能,002313,002313,日海智能,关于深圳日海通讯技术股份有限公司股票临时停牌的公告,停牌公告,2015-08-10,https://data.eastmoney.com/notices/detail/002313/AN201508100010439838.html
日海智能,002313,002313,日海智能,日海通讯:2015年7月28日投资者关系活动记录表,调研活动,2015-07-30,https://data.eastmoney.com/notices/detail/002313/AN201507300010348522.html
日海智能,002313,002313,日海智能,日海通讯:2015年半年度报告摘要,半年度报告摘要,2015-07-28,https://data.eastmoney.com/notices/detail/002313/AN201507270010316203.html
日海智能,002313,002313,日海智能,日海通讯:2015年半年度报告,半年度报告全文,2015-07-28,https://data.eastmoney.com/notices/detail/002313/AN201507270010316196.html
日海智能,002313,002313,日海智能,日海通讯:2015年半年度财务报告,半年度财务报告,2015-07-28,https://data.eastmoney.com/notices/detail/002313/AN201507270010316195.html
日海智能,002313,002313,日海智能,日海通讯:第三届董事会第二十二次会议决议公告,董事会决议公告,2015-07-28,https://data.eastmoney.com/notices/detail/002313/AN201507270010316202.html
日海智能,002313,002313,日海智能,日海通讯:第三届监事会第二十一次会议决议公告,监事会决议公告,2015-07-28,https://data.eastmoney.com/notices/detail/002313/AN201507270010316201.html
日海智能,002313,002313,日海智能,日海通讯:独立董事对相关事项发表的独立意见,专项说明/独立意见,2015-07-28,https://data.eastmoney.com/notices/detail/002313/AN201507270010316200.html
日海智能,002313,002313,日海智能,日海通讯:关于2015年半年度计提资产减值准备的公告,其他,2015-07-28,https://data.eastmoney.com/notices/detail/002313/AN201507270010316199.html
日海智能,002313,002313,日海智能,日海通讯:关于向全资子公司湖北日海增资的公告,增资扩股,2015-07-28,https://data.eastmoney.com/notices/detail/002313/AN201507270010316198.html
日海智能,002313,002313,日海智能,日海通讯:董事会审计委员会关于2015年半年度计提资产减值准备的说明,其他,2015-07-28,https://data.eastmoney.com/notices/detail/002313/AN201507270010316197.html
日海智能,002313,002313,日海智能,日海通讯:首次公开发行前已发行股份上市流通提示性公告,限售股份上市流通,2015-07-17,https://data.eastmoney.com/notices/detail/002313/AN201507160010226783.html
日海智能,002313,002313,日海智能,日海通讯:股票交易异常波动公告(2015-7-15),股票交易异常波动,2015-07-15,https://data.eastmoney.com/notices/detail/002313/AN201507140010207174.html
日海智能,002313,002313,日海智能,关于恢复“日海通讯”融资买入的公告,深交所融资融券公告,2015-07-14,https://data.eastmoney.com/notices/detail/002313/AN202103151472068533.html
日海智能,002313,002313,日海智能,日海通讯:关于维护公司股价稳定的公告,其他,2015-07-11,https://data.eastmoney.com/notices/detail/002313/AN201507100010180519.html
日海智能,002313,002313,日海智能,日海通讯:股票交易异常波动公告的更正公告,其他,2015-07-10,https://data.eastmoney.com/notices/detail/002313/AN201507100010174751.html
日海智能,002313,002313,日海智能,日海通讯:股票交易异常波动公告(2015-7-9),股票交易异常波动,2015-07-09,https://data.eastmoney.com/notices/detail/002313/AN201507080010156774.html
日海智能,002313,002313,日海智能,关于暂停“日海通讯”融资买入的公告,深交所融资融券公告,2015-07-03,https://data.eastmoney.com/notices/detail/002313/AN202103151472068516.html
日海智能,002313,002313,日海智能,日海通讯:关于全资子公司日海设备转让其控股子公司纬海技术股权的公告,股权转让,2015-06-16,https://data.eastmoney.com/notices/detail/002313/AN201506150009929079.html
日海智能,002313,002313,日海智能,日海通讯:第三届董事会第二十一次会议决议公告,董事会决议公告,2015-06-16,https://data.eastmoney.com/notices/detail/002313/AN201506150009929078.html
日海智能,002313,002313,日海智能,日海通讯:关于全资子公司海生机房终止增资扩股意向书的公告,其他,2015-05-28,https://data.eastmoney.com/notices/detail/002313/AN201505270009753243.html
日海智能,002313,002313,日海智能,日海通讯:2015年5月7日投资者关系活动记录表,调研活动,2015-05-12,https://data.eastmoney.com/notices/detail/002313/AN201505120009587919.html
日海智能,002313,002313,日海智能,日海通讯:2015年第一季度报告全文,一季度报告全文,2015-04-29,https://data.eastmoney.com/notices/detail/002313/AN201504280009406759.html
日海智能,002313,002313,日海智能,日海通讯:2015年第一季度报告正文,一季度报告正文,2015-04-29,https://data.eastmoney.com/notices/detail/002313/AN201504280009406758.html
日海智能,002313,002313,日海智能,日海通讯:2015年4月16日投资者关系活动记录表,调研活动,2015-04-20,https://data.eastmoney.com/notices/detail/002313/AN201504210009284618.html
日海智能,002313,002313,日海智能,日海通讯:2015年4月17日投资者关系活动记录表,调研活动,2015-04-20,https://data.eastmoney.com/notices/detail/002313/AN201504210009284617.html
日海智能,002313,002313,日海智能,日海通讯:2014年度股东大会决议公告,分配方案决议公告,2015-04-18,https://data.eastmoney.com/notices/detail/002313/AN201504170009249588.html
日海智能,002313,002313,日海智能,日海通讯:2014年度股东大会法律意见书,法律意见书,2015-04-18,https://data.eastmoney.com/notices/detail/002313/AN201504170009249587.html
日海智能,002313,002313,日海智能,日海通讯:关于控股子公司日海通服为其全资子公司贵州捷森提供担保的公告,担保事项,2015-04-04,https://data.eastmoney.com/notices/detail/002313/AN201504030009084336.html
日海智能,002313,002313,日海智能,日海通讯:第三届监事会第十九次会议决议公告,监事会决议公告,2015-04-04,https://data.eastmoney.com/notices/detail/002313/AN201504030009084335.html
日海智能,002313,002313,日海智能,日海通讯:第三届董事会第十九次会议决议公告,董事会决议公告,2015-04-04,https://data.eastmoney.com/notices/detail/002313/AN201504030009084326.html
日海智能,002313,002313,日海智能,日海通讯:2015年4月2日投资者关系活动记录表,调研活动,2015-04-03,https://data.eastmoney.com/notices/detail/002313/AN201504030009083890.html
日海智能,002313,002313,日海智能,日海通讯:2015年3月26日投资者关系活动记录表,调研活动,2015-03-30,https://data.eastmoney.com/notices/detail/002313/AN201503310009014562.html
日海智能,002313,002313,日海智能,日海通讯:2015年3月25日投资者关系活动记录表,调研活动,2015-03-26,https://data.eastmoney.com/notices/detail/002313/AN201503260008923977.html
日海智能,002313,002313,日海智能,日海通讯:2014年年度报告摘要,年度报告摘要,2015-03-24,https://data.eastmoney.com/notices/detail/002313/AN201503230008846219.html
日海智能,002313,002313,日海智能,日海通讯:2014年年度报告,年度报告全文,2015-03-24,https://data.eastmoney.com/notices/detail/002313/AN201503230008846218.html
日海智能,002313,002313,日海智能,日海通讯:2014年年度审计报告,审计报告,2015-03-24,https://data.eastmoney.com/notices/detail/002313/AN201503230008846212.html
日海智能,002313,002313,日海智能,日海通讯:第三届董事会第十八次会议决议公告,其他,2015-03-24,https://data.eastmoney.com/notices/detail/002313/AN201503230008846199.html
日海智能,002313,002313,日海智能,日海通讯:关于召开2014年度股东大会的通知,召开股东大会通知,2015-03-24,https://data.eastmoney.com/notices/detail/002313/AN201503230008846197.html
日海智能,002313,002313,日海智能,日海通讯:第三届监事会第十八次会议决议公告,其他,2015-03-24,https://data.eastmoney.com/notices/detail/002313/AN201503230008846196.html
日海智能,002313,002313,日海智能,日海通讯:控股股东及其他关联方占用资金情况的专项审计说明,审计报告,2015-03-24,https://data.eastmoney.com/notices/detail/002313/AN201503230008846195.html
日海智能,002313,002313,日海智能,日海通讯:董事会关于2014年度内部控制的自我评价报告,内部控制报告,2015-03-24,https://data.eastmoney.com/notices/detail/002313/AN201503230008846194.html
日海智能,002313,002313,日海智能,日海通讯:董事会关于2014年度募集资金存放与使用情况专项报告,募集资金使用情况报告,2015-03-24,https://data.eastmoney.com/notices/detail/002313/AN201503230008846192.html
日海智能,002313,002313,日海智能,日海通讯:募集资金年度存放与使用情况鉴证报告,保荐/核查意见,2015-03-24,https://data.eastmoney.com/notices/detail/002313/AN201503230008846190.html
日海智能,002313,002313,日海智能,日海通讯:独立董事对相关事项发表的独立意见,专项说明/独立意见,2015-03-24,https://data.eastmoney.com/notices/detail/002313/AN201503230008846188.html
日海智能,002313,002313,日海智能,日海通讯:独立董事2014年度述职报告(董玮),独立董事述职报告,2015-03-24,https://data.eastmoney.com/notices/detail/002313/AN201503230008846187.html
日海智能,002313,002313,日海智能,日海通讯:关于举行2014年度报告网上说明会的通知,其他,2015-03-24,https://data.eastmoney.com/notices/detail/002313/AN201503230008846185.html
日海智能,002313,002313,日海智能,日海通讯:董事会关于会计师事务所2014年度审计工作总结的报告,其他,2015-03-24,https://data.eastmoney.com/notices/detail/002313/AN201503230008846184.html
日海智能,002313,002313,日海智能,日海通讯:内部控制规则落实自查表,内部控制报告,2015-03-24,https://data.eastmoney.com/notices/detail/002313/AN201503230008846183.html
日海智能,002313,002313,日海智能,日海通讯:平安证券有限责任公司关于公司2014年度募集资金存放及使用情况的核查意见,保荐/核查意见,2015-03-24,https://data.eastmoney.com/notices/detail/002313/AN201503230008846181.html
日海智能,002313,002313,日海智能,日海通讯:独立董事2014年度述职报告(张新华),独立董事述职报告,2015-03-24,https://data.eastmoney.com/notices/detail/002313/AN201503230008846180.html
日海智能,002313,002313,日海智能,日海通讯:独立董事2014年度述职报告(鲁潮),独立董事述职报告,2015-03-24,https://data.eastmoney.com/notices/detail/002313/AN201503230008846179.html
日海智能,002313,002313,日海智能,日海通讯:监事会2014年度工作报告,其他,2015-03-24,https://data.eastmoney.com/notices/detail/002313/AN201503230008846178.html
日海智能,002313,002313,日海智能,日海通讯:2014年度业绩快报更正公告,其他,2015-03-06,https://data.eastmoney.com/notices/detail/002313/AN201503050008667140.html
日海智能,002313,002313,日海智能,日海通讯:2014年度业绩快报,业绩快报,2015-02-14,https://data.eastmoney.com/notices/detail/002313/AN201502130008388970.html
日海智能,002313,002313,日海智能,日海通讯:关于2014年度计提资产减值准备的公告,其他,2015-02-10,https://data.eastmoney.com/notices/detail/002313/AN201502090008336739.html
日海智能,002313,002313,日海智能,日海通讯:第三届监事会第十七次会议决议公告,其他,2015-02-10,https://data.eastmoney.com/notices/detail/002313/AN201502090008336738.html
日海智能,002313,002313,日海智能,日海通讯:第三届董事会第十七次会议决议公告,其他,2015-02-10,https://data.eastmoney.com/notices/detail/002313/AN201502090008336737.html
日海智能,002313,002313,日海智能,日海通讯:董事会审计委员会关于2014年度计提资产减值准备的说明,其他,2015-02-10,https://data.eastmoney.com/notices/detail/002313/AN201502090008336736.html
日海智能,002313,002313,日海智能,日海通讯:2015年1月21日投资者关系活动记录表,调研活动,2015-01-23,https://data.eastmoney.com/notices/detail/002313/AN201501230008202441.html
日海智能,002313,002313,日海智能,日海通讯:2015年1月15日投资者关系活动记录表,调研活动,2015-01-19,https://data.eastmoney.com/notices/detail/002313/AN201501190008162970.html
日海智能,002313,002313,日海智能,日海通讯:关于控股子公司日海通服为其全资子公司新疆卓远提供担保的公告,担保事项,2014-12-19,https://data.eastmoney.com/notices/detail/002313/AN201412180007944637.html
日海智能,002313,002313,日海智能,日海通讯:第三届监事会第十六次会议决议公告,其他,2014-12-19,https://data.eastmoney.com/notices/detail/002313/AN201412180007944636.html
日海智能,002313,002313,日海智能,日海通讯:第三届董事会第十六次会议决议公告,其他,2014-12-19,https://data.eastmoney.com/notices/detail/002313/AN201412180007944635.html
日海智能,002313,002313,日海智能,日海通讯:2014年11月27日投资者关系活动记录表,调研活动,2014-12-01,https://data.eastmoney.com/notices/detail/002313/AN201412010007777203.html
日海智能,002313,002313,日海智能,日海通讯:2014年11月13日投资者关系活动记录表,调研活动,2014-11-17,https://data.eastmoney.com/notices/detail/002313/AN201411170007658560.html
日海智能,002313,002313,日海智能,日海通讯:2014年第三次临时股东大会决议公告,股东大会决议公告,2014-11-15,https://data.eastmoney.com/notices/detail/002313/AN201411140007639692.html
日海智能,002313,002313,日海智能,日海通讯:2014年第三次临时股东大会法律意见书,法律意见书,2014-11-15,https://data.eastmoney.com/notices/detail/002313/AN201411140007639687.html
日海智能,002313,002313,日海智能,日海通讯:2014年11月6日投资者关系活动记录表,调研活动,2014-11-10,https://data.eastmoney.com/notices/detail/002313/AN201411100007591390.html
日海智能,002313,002313,日海智能,日海通讯:2014年11月7日投资者关系活动记录表,调研活动,2014-11-10,https://data.eastmoney.com/notices/detail/002313/AN201411100007591389.html
日海智能,002313,002313,日海智能,日海通讯:2014年10月29日投资者关系活动记录表,调研活动,2014-11-05,https://data.eastmoney.com/notices/detail/002313/AN201411050007554456.html
日海智能,002313,002313,日海智能,日海通讯:2014年第三季度报告全文,三季度报告全文,2014-10-29,https://data.eastmoney.com/notices/detail/002313/AN201410280007458528.html
日海智能,002313,002313,日海智能,日海通讯:第三届董事会第十五次会议决议公告,其他,2014-10-29,https://data.eastmoney.com/notices/detail/002313/AN201410280007458527.html
日海智能,002313,002313,日海智能,日海通讯:关于会计政策变更的公告,其他,2014-10-29,https://data.eastmoney.com/notices/detail/002313/AN201410280007458526.html
日海智能,002313,002313,日海智能,日海通讯:2014年第三季度报告正文,三季度报告正文,2014-10-29,https://data.eastmoney.com/notices/detail/002313/AN201410280007458525.html
日海智能,002313,002313,日海智能,日海通讯:关于聘任2014年度财务审计机构的公告,审计机构变更,2014-10-29,https://data.eastmoney.com/notices/detail/002313/AN201410280007458524.html
日海智能,002313,002313,日海智能,日海通讯:第三届监事会第十五次会议决议公告,其他,2014-10-29,https://data.eastmoney.com/notices/detail/002313/AN201410280007458522.html
日海智能,002313,002313,日海智能,日海通讯:独立董事对相关事项发表的独立意见,专项说明/独立意见,2014-10-29,https://data.eastmoney.com/notices/detail/002313/AN201410280007458521.html
日海智能,002313,002313,日海智能,日海通讯:关于召开2014年第三次临时股东大会的通知,召开股东大会通知,2014-10-29,https://data.eastmoney.com/notices/detail/002313/AN201410280007458519.html
日海智能,002313,002313,日海智能,日海通讯:2014年10月16日投资者关系活动记录表,调研活动,2014-10-21,https://data.eastmoney.com/notices/detail/002313/AN201410210007377998.html
日海智能,002313,002313,日海智能,日海通讯:关于控股子公司日海通服为其全资子公司安徽国维继续提供担保的公告,担保事项,2014-09-17,https://data.eastmoney.com/notices/detail/002313/AN201409160007015863.html
日海智能,002313,002313,日海智能,日海通讯:关于收购穗灵咨询持有的日海通服部分股权的公告,收购出售资产/股权,2014-09-17,https://data.eastmoney.com/notices/detail/002313/AN201409160007015862.html
日海智能,002313,002313,日海智能,日海通讯:第三届监事会第十四次会议决议公告,其他,2014-09-17,https://data.eastmoney.com/notices/detail/002313/AN201409160007015861.html
日海智能,002313,002313,日海智能,日海通讯:第三届董事会第十四次会议决议公告,其他,2014-09-17,https://data.eastmoney.com/notices/detail/002313/AN201409160007015860.html
日海智能,002313,002313,日海智能,日海通讯:2014年9月4日投资者关系活动记录表,调研活动,2014-09-05,https://data.eastmoney.com/notices/detail/002313/AN201409050006912055.html
日海智能,002313,002313,日海智能,日海通讯:2014年第二次临时股东大会决议公告,股东大会决议公告,2014-09-03,https://data.eastmoney.com/notices/detail/002313/AN201409020006870262.html
日海智能,002313,002313,日海智能,日海通讯:2014年第二次临时股东大会法律意见书,法律意见书,2014-09-03,https://data.eastmoney.com/notices/detail/002313/AN201409020006870261.html
日海智能,002313,002313,日海智能,日海通讯:2014年8月15日投资者关系活动记录表,调研活动,2014-08-18,https://data.eastmoney.com/notices/detail/002313/AN201408180006689276.html
日海智能,002313,002313,日海智能,日海通讯:2014年半年度报告,半年度报告全文,2014-08-15,https://data.eastmoney.com/notices/detail/002313/AN201408140006647460.html
日海智能,002313,002313,日海智能,日海通讯:2014年半年度报告摘要,半年度报告摘要,2014-08-15,https://data.eastmoney.com/notices/detail/002313/AN201408140006647459.html
日海智能,002313,002313,日海智能,日海通讯:2014年半年度财务报告,半年度财务报告,2014-08-15,https://data.eastmoney.com/notices/detail/002313/AN201408140006647458.html
日海智能,002313,002313,日海智能,日海通讯:第三届董事会第十三次会议决议公告,其他,2014-08-15,https://data.eastmoney.com/notices/detail/002313/AN201408140006647457.html
日海智能,002313,002313,日海智能,日海通讯:第三届监事会第十三次会议决议公告,其他,2014-08-15,https://data.eastmoney.com/notices/detail/002313/AN201408140006647456.html
日海智能,002313,002313,日海智能,日海通讯:独立董事对相关事项发表的独立意见,专项说明/独立意见,2014-08-15,https://data.eastmoney.com/notices/detail/002313/AN201408140006647455.html
日海智能,002313,002313,日海智能,日海通讯:关于为全资子公司湖北日海提供担保的公告,担保事项,2014-08-15,https://data.eastmoney.com/notices/detail/002313/AN201408140006647454.html
日海智能,002313,002313,日海智能,日海通讯:关于全资子公司日海设备参股深圳八达通公司暨关联交易公告,关联交易,2014-08-15,https://data.eastmoney.com/notices/detail/002313/AN201408140006647453.html
日海智能,002313,002313,日海智能,日海通讯:关于召开2014年第二次临时股东大会的通知,召开股东大会通知,2014-08-15,https://data.eastmoney.com/notices/detail/002313/AN201408140006647452.html
日海智能,002313,002313,日海智能,日海通讯:独立董事对全资子公司日海设备参股深圳八达通公司暨关联交易的事前认可意见,专项说明/独立意见,2014-08-15,https://data.eastmoney.com/notices/detail/002313/AN201408140006647451.html
日海智能,002313,002313,日海智能,日海通讯:董事会关于2014年上半年募集资金存放与使用情况专项报告,募集资金使用情况报告,2014-08-15,https://data.eastmoney.com/notices/detail/002313/AN201408140006647450.html
日海智能,002313,002313,日海智能,日海通讯:关于控股子公司广东日海名称变更的公告,公司名称变更,2014-08-13,https://data.eastmoney.com/notices/detail/002313/AN201408120006617550.html
日海智能,002313,002313,日海智能,日海通讯:2014年8月1日投资者关系活动记录表,调研活动,2014-08-05,https://data.eastmoney.com/notices/detail/002313/AN201408060006550507.html
日海智能,002313,002313,日海智能,日海通讯:第三届董事会第十二次会议决议公告,其他,2014-07-19,https://data.eastmoney.com/notices/detail/002313/AN201407180006384868.html
日海智能,002313,002313,日海智能,日海通讯:第三届监事会第十二次会议决议公告,其他,2014-07-19,https://data.eastmoney.com/notices/detail/002313/AN201407180006384867.html
日海智能,002313,002313,日海智能,日海通讯:关于控股子公司广东日海为其全资子公司贵州捷森提供担保的公告,担保事项,2014-07-19,https://data.eastmoney.com/notices/detail/002313/AN201407180006384866.html
日海智能,002313,002313,日海智能,日海通讯:关于全资子公司对外投资公告,对外项目投资,2014-07-19,https://data.eastmoney.com/notices/detail/002313/AN201407180006384865.html
日海智能,002313,002313,日海智能,日海通讯:2014年7月3日投资者关系活动记录表,调研活动,2014-07-07,https://data.eastmoney.com/notices/detail/002313/AN201407070006254172.html
日海智能,002313,002313,日海智能,日海通讯:2014年6月27日投资者关系活动记录表,调研活动,2014-07-01,https://data.eastmoney.com/notices/detail/002313/AN201407020006210178.html
日海智能,002313,002313,日海智能,日海通讯:2014年6月25日投资者关系活动记录表,调研活动,2014-06-27,https://data.eastmoney.com/notices/detail/002313/AN201406270006171963.html
日海智能,002313,002313,日海智能,日海通讯:关于全资子公司海生机房签署增资扩股意向书的公告,其他,2014-06-27,https://data.eastmoney.com/notices/detail/002313/AN201406260006162741.html
日海智能,002313,002313,日海智能,日海通讯:2014年6月21日投资者关系活动记录表,调研活动,2014-06-24,https://data.eastmoney.com/notices/detail/002313/AN201406250006148239.html
日海智能,002313,002313,日海智能,日海通讯:关于控股子公司广东日海继续为其全资子公司提供担保的公告,担保事项,2014-06-24,https://data.eastmoney.com/notices/detail/002313/AN201406230006131806.html
日海智能,002313,002313,日海智能,日海通讯:独立董事对相关事项发表的独立意见,专项说明/独立意见,2014-06-24,https://data.eastmoney.com/notices/detail/002313/AN201406230006131804.html
日海智能,002313,002313,日海智能,日海通讯:第三届监事会第十一次会议决议公告,其他,2014-06-24,https://data.eastmoney.com/notices/detail/002313/AN201406230006131802.html
日海智能,002313,002313,日海智能,日海通讯:第三届董事会第十一次会议决议公告,高管人员任职变动,2014-06-24,https://data.eastmoney.com/notices/detail/002313/AN201406230006131801.html
日海智能,002313,002313,日海智能,日海通讯:2014年6月19日投资者关系活动记录表,调研活动,2014-06-23,https://data.eastmoney.com/notices/detail/002313/AN201406240006135528.html
日海智能,002313,002313,日海智能,日海通讯:关于部分副总经理辞职的公告,高管人员任职变动,2014-06-11,https://data.eastmoney.com/notices/detail/002313/AN201406100006034728.html
日海智能,002313,002313,日海智能,日海通讯:关于加强业绩预测管理的整改方案,其他,2014-05-29,https://data.eastmoney.com/notices/detail/002313/AN201405280005926669.html
日海智能,002313,002313,日海智能,日海通讯:第三届董事会第十次会议决议公告,其他,2014-05-29,https://data.eastmoney.com/notices/detail/002313/AN201405280005926668.html
日海智能,002313,002313,日海智能,日海通讯:第三届监事会第十次会议决议公告,高管人员任职变动,2014-05-29,https://data.eastmoney.com/notices/detail/002313/AN201405280005926667.html
日海智能,002313,002313,日海智能,日海通讯:2013年度权益分派实施公告,分配方案实施,2014-05-15,https://data.eastmoney.com/notices/detail/002313/AN201405140005808294.html
日海智能,002313,002313,日海智能,日海通讯:2013年度股东大会决议公告,分配方案决议公告,2014-05-08,https://data.eastmoney.com/notices/detail/002313/AN201405070005746688.html
日海智能,002313,002313,日海智能,日海通讯:2013年度股东大会法律意见书,法律意见书,2014-05-08,https://data.eastmoney.com/notices/detail/002313/AN201405070005746687.html
日海智能,002313,002313,日海智能,日海通讯:2014年4月29日投资者关系活动记录表,调研活动,2014-04-30,https://data.eastmoney.com/notices/detail/002313/AN201404300005627856.html
日海智能,002313,002313,日海智能,日海通讯:2014年第一季度报告正文,一季度报告正文,2014-04-25,https://data.eastmoney.com/notices/detail/002313/AN201404240005511973.html
日海智能,002313,002313,日海智能,日海通讯:2014年第一季度报告全文,一季度报告全文,2014-04-25,https://data.eastmoney.com/notices/detail/002313/AN201404240005511972.html
日海智能,002313,002313,日海智能,日海通讯:第三届董事会第九次会议决议公告,其他,2014-04-25,https://data.eastmoney.com/notices/detail/002313/AN201404240005511971.html
日海智能,002313,002313,日海智能,日海通讯:关于举行2013年度报告网上说明会的通知,其他,2014-04-18,https://data.eastmoney.com/notices/detail/002313/AN201404170005454306.html
日海智能,002313,002313,日海智能,日海通讯:关于公司关联方占用上市公司资金情况的专项审核报告(更新后),保荐/核查意见,2014-04-18,https://data.eastmoney.com/notices/detail/002313/AN201404170005454305.html
日海智能,002313,002313,日海智能,日海通讯:2013年年度报告(更新后),年度报告全文,2014-04-18,https://data.eastmoney.com/notices/detail/002313/AN201404170005454304.html
日海智能,002313,002313,日海智能,日海通讯:更正公告,其他,2014-04-18,https://data.eastmoney.com/notices/detail/002313/AN201404170005454303.html
日海智能,002313,002313,日海智能,日海通讯:业绩预测管理制度(2014年4月),管理办法/制度,2014-04-16,https://data.eastmoney.com/notices/detail/002313/AN201404150005438621.html
日海智能,002313,002313,日海智能,日海通讯:平安证券有限责任公司关于公司内部控制规则落实自查表的核查意见,保荐/核查意见,2014-04-16,https://data.eastmoney.com/notices/detail/002313/AN201404150005438620.html
日海智能,002313,002313,日海智能,日海通讯:内部控制鉴证报告,保荐/核查意见,2014-04-16,https://data.eastmoney.com/notices/detail/002313/AN201404150005438619.html
日海智能,002313,002313,日海智能,日海通讯:平安证券有限责任公司关于公司2013年度内部控制自我评价报告的核查意见,保荐/核查意见,2014-04-16,https://data.eastmoney.com/notices/detail/002313/AN201404150005438618.html
日海智能,002313,002313,日海智能,日海通讯:平安证券有限责任公司关于公司2013年度募集资金存放及使用情况的核查意见,保荐/核查意见,2014-04-16,https://data.eastmoney.com/notices/detail/002313/AN201404150005438617.html
日海智能,002313,002313,日海智能,日海通讯:关于召开2013年度股东大会的通知,召开股东大会通知,2014-04-16,https://data.eastmoney.com/notices/detail/002313/AN201404150005438616.html
日海智能,002313,002313,日海智能,日海通讯:内部控制规则落实自查表,内部控制报告,2014-04-16,https://data.eastmoney.com/notices/detail/002313/AN201404150005438615.html
日海智能,002313,002313,日海智能,日海通讯:监事会2013年度工作报告,其他,2014-04-16,https://data.eastmoney.com/notices/detail/002313/AN201404150005438614.html
日海智能,002313,002313,日海智能,日海通讯:关于公司关联方占用上市公司资金情况的专项审核报告,保荐/核查意见,2014-04-16,https://data.eastmoney.com/notices/detail/002313/AN201404150005438613.html
日海智能,002313,002313,日海智能,日海通讯:关于公司募集资金年度存放与实际使用情况的鉴证报告,保荐/核查意见,2014-04-16,https://data.eastmoney.com/notices/detail/002313/AN201404150005438611.html
日海智能,002313,002313,日海智能,日海通讯:独立董事对相关事项发表的独立意见,专项说明/独立意见,2014-04-16,https://data.eastmoney.com/notices/detail/002313/AN201404150005438610.html
日海智能,002313,002313,日海智能,日海通讯:独立董事2013年度述职报告(章书涛),独立董事述职报告,2014-04-16,https://data.eastmoney.com/notices/detail/002313/AN201404150005438609.html
日海智能,002313,002313,日海智能,日海通讯:独立董事2013年度述职报告(吴玉光),独立董事述职报告,2014-04-16,https://data.eastmoney.com/notices/detail/002313/AN201404150005438607.html
日海智能,002313,002313,日海智能,日海通讯:独立董事2013年度述职报告(张新华),独立董事述职报告,2014-04-16,https://data.eastmoney.com/notices/detail/002313/AN201404150005438604.html
日海智能,002313,002313,日海智能,日海通讯:独立董事2013年度述职报告(童新),独立董事述职报告,2014-04-16,https://data.eastmoney.com/notices/detail/002313/AN201404150005438602.html
日海智能,002313,002313,日海智能,日海通讯:独立董事2013年度述职报告(鲁潮),独立董事述职报告,2014-04-16,https://data.eastmoney.com/notices/detail/002313/AN201404150005438601.html
日海智能,002313,002313,日海智能,日海通讯:董事会关于会计师事务所2013年度审计工作总结的报告,其他,2014-04-16,https://data.eastmoney.com/notices/detail/002313/AN201404150005438599.html
日海智能,002313,002313,日海智能,日海通讯:独立董事2013年度述职报告(董玮),独立董事述职报告,2014-04-16,https://data.eastmoney.com/notices/detail/002313/AN201404150005438597.html
日海智能,002313,002313,日海智能,日海通讯:第三届董事会第八次会议决议公告,分配预案,2014-04-16,https://data.eastmoney.com/notices/detail/002313/AN201404150005438596.html
日海智能,002313,002313,日海智能,日海通讯:第三届监事会第八次会议决议公告,其他,2014-04-16,https://data.eastmoney.com/notices/detail/002313/AN201404150005438594.html
日海智能,002313,002313,日海智能,日海通讯:董事会关于2013年度内部控制自我评价报告,内部控制报告,2014-04-16,https://data.eastmoney.com/notices/detail/002313/AN201404150005438592.html
日海智能,002313,002313,日海智能,日海通讯:董事会关于2013年度募集资金存放与使用情况专项报告,募集资金使用情况报告,2014-04-16,https://data.eastmoney.com/notices/detail/002313/AN201404150005438589.html
日海智能,002313,002313,日海智能,日海通讯:2013年年度报告摘要,年度报告摘要,2014-04-16,https://data.eastmoney.com/notices/detail/002313/AN201404150005438587.html
日海智能,002313,002313,日海智能,日海通讯:2013年年度审计报告,审计报告,2014-04-16,https://data.eastmoney.com/notices/detail/002313/AN201404150005438586.html
日海智能,002313,002313,日海智能,日海通讯:2013年年度报告,年度报告全文,2014-04-16,https://data.eastmoney.com/notices/detail/002313/AN201404150005438566.html
日海智能,002313,002313,日海智能,日海通讯:2013年度独立董事履行职责情况报告,其他,2014-04-16,https://data.eastmoney.com/notices/detail/002313/AN201404150005438562.html
日海智能,002313,002313,日海智能,日海通讯:2014年第一季度业绩预告,业绩预告,2014-03-29,https://data.eastmoney.com/notices/detail/002313/AN201403290005343176.html
日海智能,002313,002313,日海智能,日海通讯:关于限制性股票回购注销完成的公告,股本变动,2014-03-26,https://data.eastmoney.com/notices/detail/002313/AN201403250005315211.html
日海智能,002313,002313,日海智能,日海通讯:关于控股子公司广东日海股权调整等相关事项的进展公告,其他,2014-03-26,https://data.eastmoney.com/notices/detail/002313/AN201403250005315210.html
日海智能,002313,002313,日海智能,日海通讯:2014年第一次临时股东大会法律意见书,法律意见书,2014-03-11,https://data.eastmoney.com/notices/detail/002313/AN201403100005230925.html
日海智能,002313,002313,日海智能,日海通讯:2014年第一次临时股东大会决议公告,股东大会决议公告,2014-03-11,https://data.eastmoney.com/notices/detail/002313/AN201403100005230922.html
日海智能,002313,002313,日海智能,日海通讯:2013年度业绩快报,业绩快报,2014-02-28,https://data.eastmoney.com/notices/detail/002313/AN201402270005177107.html
日海智能,002313,002313,日海智能,日海通讯:关于使用节余募集资金永久性补充流动资金的公告,募集资金补充流动资金,2014-02-22,https://data.eastmoney.com/notices/detail/002313/AN201402210005145058.html
日海智能,002313,002313,日海智能,日海通讯:关于召开2014年第一次临时股东大会的通知,召开股东大会通知,2014-02-22,https://data.eastmoney.com/notices/detail/002313/AN201402210005145057.html
日海智能,002313,002313,日海智能,日海通讯:平安证券有限责任公司关于公司使用节余募集资金永久性补充流动资金的核查意见,保荐/核查意见,2014-02-22,https://data.eastmoney.com/notices/detail/002313/AN201402210005145056.html
日海智能,002313,002313,日海智能,日海通讯:独立董事对相关事项发表的独立意见,专项说明/独立意见,2014-02-22,https://data.eastmoney.com/notices/detail/002313/AN201402210005145055.html
日海智能,002313,002313,日海智能,日海通讯:第三届监事会第七次会议决议公告,高管人员任职变动,2014-02-22,https://data.eastmoney.com/notices/detail/002313/AN201402210005145054.html
日海智能,002313,002313,日海智能,日海通讯:第三届董事会第七次会议决议公告,其他,2014-02-22,https://data.eastmoney.com/notices/detail/002313/AN201402210005145052.html
日海智能,002313,002313,日海智能,日海通讯:关于部分监事辞职的公告,高管人员任职变动,2014-02-21,https://data.eastmoney.com/notices/detail/002313/AN201402200005138483.html
日海智能,002313,002313,日海智能,日海通讯:关于归还募集资金的公告,归还募集资金,2014-02-21,https://data.eastmoney.com/notices/detail/002313/AN201402200005138482.html
日海智能,002313,002313,日海智能,日海通讯:关于承诺履行情况的公告,其他,2014-02-13,https://data.eastmoney.com/notices/detail/002313/AN201402120005096129.html
日海智能,002313,002313,日海智能,日海通讯:关于河南恒联完成注册资本工商变更登记手续的公告,公司注册资本变更,2014-01-23,https://data.eastmoney.com/notices/detail/002313/AN201401220005023455.html
日海智能,002313,002313,日海智能,日海通讯:关于部分副总经理辞职的公告,高管人员任职变动,2014-01-21,https://data.eastmoney.com/notices/detail/002313/AN201401200005011611.html
日海智能,002313,002313,日海智能,日海通讯:关于控股子公司广东日海继续为其全资子公司提供担保的公告,担保事项,2014-01-21,https://data.eastmoney.com/notices/detail/002313/AN201401200005011610.html
日海智能,002313,002313,日海智能,日海通讯:关于控股子公司广东日海转让其全资子公司广西日海股权的公告,股权转让,2014-01-21,https://data.eastmoney.com/notices/detail/002313/AN201401200005011609.html
日海智能,002313,002313,日海智能,日海通讯:独立董事对相关事项发表的独立意见,专项说明/独立意见,2014-01-21,https://data.eastmoney.com/notices/detail/002313/AN201401200005011608.html
日海智能,002313,002313,日海智能,日海通讯:第三届监事会第六次会议决议公告,其他,2014-01-21,https://data.eastmoney.com/notices/detail/002313/AN201401200005011607.html
日海智能,002313,002313,日海智能,日海通讯:关于收购南宁宝烨持有的广东日海股权的公告,收购出售资产/股权,2014-01-21,https://data.eastmoney.com/notices/detail/002313/AN201401200005011606.html
日海智能,002313,002313,日海智能,日海通讯:第三届董事会第六次会议决议公告,高管人员任职变动,2014-01-21,https://data.eastmoney.com/notices/detail/002313/AN201401200005011605.html
日海智能,002313,002313,日海智能,日海通讯:2013年度业绩预告修正公告,业绩预告,2014-01-17,https://data.eastmoney.com/notices/detail/002313/AN201401160004998975.html
日海智能,002313,002313,日海智能,日海通讯:2014年1月6日投资者关系活动记录表,调研活动,2014-01-08,https://data.eastmoney.com/notices/detail/002313/AN201401080004924042.html
日海智能,002313,002313,日海智能,日海通讯:公司章程(2013年12月),公司章程,2013-12-28,https://data.eastmoney.com/notices/detail/002313/AN201312270004842344.html
日海智能,002313,002313,日海智能,日海通讯:独立董事对相关事项发表的独立意见,专项说明/独立意见,2013-12-28,https://data.eastmoney.com/notices/detail/002313/AN201312270004842343.html
日海智能,002313,002313,日海智能,日海通讯:第三届监事会第五次会议决议公告,高管人员任职变动,2013-12-28,https://data.eastmoney.com/notices/detail/002313/AN201312270004842342.html
日海智能,002313,002313,日海智能,日海通讯:第三届董事会第五次会议决议公告,其他,2013-12-28,https://data.eastmoney.com/notices/detail/002313/AN201312270004842341.html
日海智能,002313,002313,日海智能,日海通讯:关于公司终止实施限制性股票激励计划相关事宜的法律意见书,法律意见书,2013-12-28,https://data.eastmoney.com/notices/detail/002313/AN201312270004842340.html
日海智能,002313,002313,日海智能,日海通讯:关于控股子公司广东日海向其全资子公司河南恒联增资的公告,其他,2013-12-28,https://data.eastmoney.com/notices/detail/002313/AN201312270004842339.html
日海智能,002313,002313,日海智能,日海通讯:关于终止实施股权激励计划并回购注销已授予未解锁限制性股票的公告,撤销股权激励计划公告,2013-12-28,https://data.eastmoney.com/notices/detail/002313/AN201312270004842338.html
日海智能,002313,002313,日海智能,日海通讯:减资公告,公司注册资本变更,2013-12-28,https://data.eastmoney.com/notices/detail/002313/AN201312270004842337.html
日海智能,002313,002313,日海智能,日海通讯:2013年12月9日投资者关系活动记录表,调研活动,2013-12-12,https://data.eastmoney.com/notices/detail/002313/AN201312120004781848.html
日海智能,002313,002313,日海智能,日海通讯:2013年第七次临时股东大会决议公告,股东大会决议公告,2013-12-10,https://data.eastmoney.com/notices/detail/002313/AN201312090004763346.html
日海智能,002313,002313,日海智能,日海通讯:2013年第七次临时股东大会法律意见书,法律意见书,2013-12-10,https://data.eastmoney.com/notices/detail/002313/AN201312090004763345.html
日海智能,002313,002313,日海智能,日海通讯:2013年11月21日投资者关系活动记录表,调研活动,2013-11-22,https://data.eastmoney.com/notices/detail/002313/AN201311250004700963.html
日海智能,002313,002313,日海智能,日海通讯:关于召开2013年第七次临时股东大会的通知,召开股东大会通知,2013-11-22,https://data.eastmoney.com/notices/detail/002313/AN201311210004691309.html
日海智能,002313,002313,日海智能,日海通讯:独立董事对相关事项发表的独立意见,专项说明/独立意见,2013-11-22,https://data.eastmoney.com/notices/detail/002313/AN201311210004691308.html
日海智能,002313,002313,日海智能,日海通讯:第三届监事会第四次会议决议公告,高管人员任职变动,2013-11-22,https://data.eastmoney.com/notices/detail/002313/AN201311210004691307.html
日海智能,002313,002313,日海智能,日海通讯:第三届董事会第四次会议决议公告,高管人员任职变动,2013-11-22,https://data.eastmoney.com/notices/detail/002313/AN201311210004691306.html
日海智能,002313,002313,日海智能,日海通讯:关于部分监事辞职的公告,高管人员任职变动,2013-11-21,https://data.eastmoney.com/notices/detail/002313/AN201311200004685464.html
日海智能,002313,002313,日海智能,日海通讯:2013年11月14日投资者关系活动记录表,调研活动,2013-11-18,https://data.eastmoney.com/notices/detail/002313/AN201311190004674909.html
日海智能,002313,002313,日海智能,日海通讯:2013年第六次临时股东大会决议公告,股东大会决议公告,2013-11-16,https://data.eastmoney.com/notices/detail/002313/AN201311150004665674.html
日海智能,002313,002313,日海智能,日海通讯:2013年第六次临时股东大会法律意见书,法律意见书,2013-11-16,https://data.eastmoney.com/notices/detail/002313/AN201311150004665673.html
日海智能,002313,002313,日海智能,日海通讯:关于部分董事辞职的公告,高管人员任职变动,2013-11-12,https://data.eastmoney.com/notices/detail/002313/AN201311110004638615.html
日海智能,002313,002313,日海智能,日海通讯:关于控股子公司广东日海向其全资子公司河南恒联增资的公告,其他,2013-11-07,https://data.eastmoney.com/notices/detail/002313/AN201311060004620599.html
日海智能,002313,002313,日海智能,日海通讯:关于增加2013年第六次临时股东大会临时提案的公告,增加股东大会议案,2013-11-06,https://data.eastmoney.com/notices/detail/002313/AN201311050004614336.html
日海智能,002313,002313,日海智能,日海通讯:2013年第三季度报告正文,三季度报告正文,2013-10-29,https://data.eastmoney.com/notices/detail/002313/AN201310280004571957.html
日海智能,002313,002313,日海智能,日海通讯:2013年第三季度报告全文,三季度报告全文,2013-10-29,https://data.eastmoney.com/notices/detail/002313/AN201310280004571956.html
日海智能,002313,002313,日海智能,日海通讯:第三届董事会第三次会议决议公告,其他,2013-10-29,https://data.eastmoney.com/notices/detail/002313/AN201310280004571955.html
日海智能,002313,002313,日海智能,日海通讯:第三届监事会第三次会议决议公告,其他,2013-10-29,https://data.eastmoney.com/notices/detail/002313/AN201310280004571954.html
日海智能,002313,002313,日海智能,日海通讯:关于公司回购注销部分限制性股票相关事宜的法律意见书,法律意见书,2013-10-29,https://data.eastmoney.com/notices/detail/002313/AN201310280004571953.html
日海智能,002313,002313,日海智能,日海通讯:独立董事对相关事项发表的独立意见,专项说明/独立意见,2013-10-29,https://data.eastmoney.com/notices/detail/002313/AN201310280004571952.html
日海智能,002313,002313,日海智能,日海通讯:关于召开2013年第六次临时股东大会的通知,召开股东大会通知,2013-10-29,https://data.eastmoney.com/notices/detail/002313/AN201310280004571951.html
日海智能,002313,002313,日海智能,日海通讯:关于回购注销已不符合激励条件的原激励对象已获授但尚未解锁的限制性股票的公告,股权激励进展公告,2013-10-29,https://data.eastmoney.com/notices/detail/002313/AN201310280004571950.html
日海智能,002313,002313,日海智能,日海通讯:关于聘任2013年度财务审计机构的公告,审计机构变更,2013-10-29,https://data.eastmoney.com/notices/detail/002313/AN201310280004571949.html
日海智能,002313,002313,日海智能,日海通讯:减资公告,公司注册资本变更,2013-10-29,https://data.eastmoney.com/notices/detail/002313/AN201310280004571948.html
日海智能,002313,002313,日海智能,日海通讯:关于对全资子公司广东日海增资等相关事项的进展公告,其他,2013-10-19,https://data.eastmoney.com/notices/detail/002313/AN201310180004519285.html
日海智能,002313,002313,日海智能,日海通讯:关于已不符合激励条件的原激励对象已获授但尚未解锁的限制性股票回购注销完成的公告,回购实施公告,2013-10-16,https://data.eastmoney.com/notices/detail/002313/AN201310150004500013.html
日海智能,002313,002313,日海智能,日海通讯:2013年第三季度业绩预告修正公告,业绩预告,2013-10-12,https://data.eastmoney.com/notices/detail/002313/AN201310110004469396.html
日海智能,002313,002313,日海智能,日海通讯:关于股东减持公司股份后持股比例低于5%的公告,股东/实际控制人股份减持,2013-09-24,https://data.eastmoney.com/notices/detail/002313/AN201309230004406327.html
日海智能,002313,002313,日海智能,日海通讯:简式权益变动报告书(签署日期:2013年9月23日),权益变动报告书,2013-09-24,https://data.eastmoney.com/notices/detail/002313/AN201309230004406326.html
日海智能,002313,002313,日海智能,日海通讯:简式权益变动报告书(签署日期:2013年9月16日),权益变动报告书,2013-09-18,https://data.eastmoney.com/notices/detail/002313/AN201309170004389875.html
日海智能,002313,002313,日海智能,日海通讯:股东减持股份的公告,股东/实际控制人股份减持,2013-09-18,https://data.eastmoney.com/notices/detail/002313/AN201309170004389872.html
日海智能,002313,002313,日海智能,日海通讯:2013年9月11日投资者关系活动记录表,调研活动,2013-09-16,https://data.eastmoney.com/notices/detail/002313/AN201309160004384463.html
日海智能,002313,002313,日海智能,日海通讯:2013年第五次临时股东大会决议公告,股东大会决议公告,2013-09-06,https://data.eastmoney.com/notices/detail/002313/AN201309050004327692.html
日海智能,002313,002313,日海智能,日海通讯:2013年第五次临时股东大会法律意见书,法律意见书,2013-09-06,https://data.eastmoney.com/notices/detail/002313/AN201309050004327691.html
日海智能,002313,002313,日海智能,日海通讯:2013年8月30日投资者关系活动记录表,调研活动,2013-09-05,https://data.eastmoney.com/notices/detail/002313/AN201309050004327863.html
日海智能,002313,002313,日海智能,日海通讯:2013年8月23日投资者关系活动记录表,调研活动,2013-08-27,https://data.eastmoney.com/notices/detail/002313/AN201308270004269979.html
日海智能,002313,002313,日海智能,日海通讯:公司章程(2013年8月),公司章程,2013-08-23,https://data.eastmoney.com/notices/detail/002313/AN201308220004246800.html
日海智能,002313,002313,日海智能,日海通讯:关于增加2013年第五次临时股东大会临时提案的公告,增加股东大会议案,2013-08-23,https://data.eastmoney.com/notices/detail/002313/AN201308220004246796.html
日海智能,002313,002313,日海智能,日海通讯:2013年8月20日投资者关系活动记录表,调研活动,2013-08-22,https://data.eastmoney.com/notices/detail/002313/AN201308230004251360.html
日海智能,002313,002313,日海智能,日海通讯:平安证券有限责任公司关于公司调整募集资金投资项目投资总额及实施进度的核查意见,保荐/核查意见,2013-08-20,https://data.eastmoney.com/notices/detail/002313/AN201308190004225756.html
日海智能,002313,002313,日海智能,日海通讯:董事会关于2013年上半年募集资金存放与使用情况专项报告,募集资金使用情况报告,2013-08-20,https://data.eastmoney.com/notices/detail/002313/AN201308190004225755.html
日海智能,002313,002313,日海智能,日海通讯:独立董事对相关事项发表的独立意见,专项说明/独立意见,2013-08-20,https://data.eastmoney.com/notices/detail/002313/AN201308190004225754.html
日海智能,002313,002313,日海智能,日海通讯:关于召开2013年第五次临时股东大会的通知,召开股东大会通知,2013-08-20,https://data.eastmoney.com/notices/detail/002313/AN201308190004225753.html
日海智能,002313,002313,日海智能,日海通讯:关于调整募集资金投资项目投资总额及实施进度的公告,变更募集资金投资项目,2013-08-20,https://data.eastmoney.com/notices/detail/002313/AN201308190004225752.html
日海智能,002313,002313,日海智能,日海通讯:2013年半年度报告摘要,半年度报告摘要,2013-08-20,https://data.eastmoney.com/notices/detail/002313/AN201308190004225751.html
日海智能,002313,002313,日海智能,日海通讯:2013年半年度报告,半年度报告全文,2013-08-20,https://data.eastmoney.com/notices/detail/002313/AN201308190004225750.html
日海智能,002313,002313,日海智能,日海通讯:第三届董事会第二次会议决议公告,高管人员任职变动,2013-08-20,https://data.eastmoney.com/notices/detail/002313/AN201308190004225749.html
日海智能,002313,002313,日海智能,日海通讯:第三届监事会第二次会议决议公告,其他,2013-08-20,https://data.eastmoney.com/notices/detail/002313/AN201308190004225748.html
日海智能,002313,002313,日海智能,日海通讯:2013半年度财务报告,半年度财务报告,2013-08-20,https://data.eastmoney.com/notices/detail/002313/AN201308190004225747.html
日海智能,002313,002313,日海智能,日海通讯:2013年8月14日投资者关系活动记录表,调研活动,2013-08-16,https://data.eastmoney.com/notices/detail/002313/AN201308160004216235.html
日海智能,002313,002313,日海智能,日海通讯:关于全资子公司广东日海向其控股子公司重庆平湖增资的公告,其他,2013-08-13,https://data.eastmoney.com/notices/detail/002313/AN201308120004192001.html
日海智能,002313,002313,日海智能,日海通讯:2013年第四次临时股东大会决议公告,股东大会决议公告,2013-07-25,https://data.eastmoney.com/notices/detail/002313/AN201307240003696067.html
日海智能,002313,002313,日海智能,日海通讯:2013年第四次临时股东大会法律意见书,法律意见书,2013-07-25,https://data.eastmoney.com/notices/detail/002313/AN201307240003696066.html
日海智能,002313,002313,日海智能,日海通讯:2013年7月18日投资者关系活动记录表,调研活动,2013-07-22,https://data.eastmoney.com/notices/detail/002313/AN201307220003661963.html
日海智能,002313,002313,日海智能,日海通讯:关于非公开发行股份上市流通提示性公告,限售股份上市流通,2013-07-16,https://data.eastmoney.com/notices/detail/002313/AN201307150003580541.html
日海智能,002313,002313,日海智能,日海通讯:平安证券有限责任公司关于公司非公开发行股份上市流通的核查意见,保荐/核查意见,2013-07-16,https://data.eastmoney.com/notices/detail/002313/AN201307150003580540.html
日海智能,002313,002313,日海智能,日海通讯:简式权益变动报告书(一)(2013-7-9),权益变动报告书,2013-07-09,https://data.eastmoney.com/notices/detail/002313/AN201307080003534346.html
日海智能,002313,002313,日海智能,日海通讯:简式权益变动报告书(二)(2013-7-9),权益变动报告书,2013-07-09,https://data.eastmoney.com/notices/detail/002313/AN201307080003534345.html
日海智能,002313,002313,日海智能,日海通讯:关于股东减持公司股份后持股比例低于5%的公告,股东/实际控制人股份减持,2013-07-09,https://data.eastmoney.com/notices/detail/002313/AN201307080003534341.html
日海智能,002313,002313,日海智能,日海通讯:广东信达律师事务所关于公司回购注销部分限制性股票相关事宜的法律意见书,法律意见书,2013-07-09,https://data.eastmoney.com/notices/detail/002313/AN201307080003534101.html
日海智能,002313,002313,日海智能,日海通讯:减资公告(2013-7-9),股本变动,2013-07-09,https://data.eastmoney.com/notices/detail/002313/AN201307080003534100.html
日海智能,002313,002313,日海智能,日海通讯:公司章程(2013年7月),公司章程,2013-07-09,https://data.eastmoney.com/notices/detail/002313/AN201307080003534099.html
日海智能,002313,002313,日海智能,日海通讯:关于全资子公司广东日海向其控股子公司提供担保的公告,担保事项,2013-07-09,https://data.eastmoney.com/notices/detail/002313/AN201307080003534098.html
日海智能,002313,002313,日海智能,日海通讯:关于召开2013年第四次临时股东大会的通知,召开股东大会通知,2013-07-09,https://data.eastmoney.com/notices/detail/002313/AN201307080003534097.html
日海智能,002313,002313,日海智能,日海通讯:关于回购注销已不符合激励条件的原激励对象已获授但尚未解锁的限制性股票的公告(2013-7-9),股权激励进展公告,2013-07-09,https://data.eastmoney.com/notices/detail/002313/AN201307080003534096.html
日海智能,002313,002313,日海智能,日海通讯:对外担保管理制度(2013年7月),管理办法/制度,2013-07-09,https://data.eastmoney.com/notices/detail/002313/AN201307080003534095.html
日海智能,002313,002313,日海智能,日海通讯:独立董事对相关事项发表的独立意见(2013-7-9),专项说明/独立意见,2013-07-09,https://data.eastmoney.com/notices/detail/002313/AN201307080003534094.html
日海智能,002313,002313,日海智能,日海通讯:第三届监事会第一次会议决议公告,高管人员任职变动,2013-07-09,https://data.eastmoney.com/notices/detail/002313/AN201307080003534093.html
日海智能,002313,002313,日海智能,日海通讯:第三届董事会第一次会议决议公告,高管人员任职变动,2013-07-09,https://data.eastmoney.com/notices/detail/002313/AN201307080003534092.html
日海智能,002313,002313,日海智能,日海通讯:2013年第三次临时股东大会决议公告,股东大会决议公告,2013-07-06,https://data.eastmoney.com/notices/detail/002313/AN201307050003525653.html
日海智能,002313,002313,日海智能,日海通讯:2013年第三次临时股东大会法律意见书,法律意见书,2013-07-06,https://data.eastmoney.com/notices/detail/002313/AN201307050003525652.html
日海智能,002313,002313,日海智能,日海通讯:股东减持股份的公告(2013-7-5),股东/实际控制人股份减持,2013-07-05,https://data.eastmoney.com/notices/detail/002313/AN201307040003517944.html
日海智能,002313,002313,日海智能,日海通讯:简式权益变动报告书(2013-7-5),权益变动报告书,2013-07-05,https://data.eastmoney.com/notices/detail/002313/AN201307040003517943.html
日海智能,002313,002313,日海智能,日海通讯:2013年6月27日投资者关系活动记录表,调研活动,2013-06-28,https://data.eastmoney.com/notices/detail/002313/AN201306280003477707.html
日海智能,002313,002313,日海智能,日海通讯:关于召开2013年第三次临时股东大会的通知,召开股东大会通知,2013-06-20,https://data.eastmoney.com/notices/detail/002313/AN201306190003415725.html
日海智能,002313,002313,日海智能,日海通讯:关于选举职工代表监事的公告,高管人员任职变动,2013-06-20,https://data.eastmoney.com/notices/detail/002313/AN201306190003415724.html
日海智能,002313,002313,日海智能,日海通讯:公司章程(2013年6月),公司章程,2013-06-20,https://data.eastmoney.com/notices/detail/002313/AN201306190003415723.html
日海智能,002313,002313,日海智能,日海通讯:独立董事提名人声明(一),独立董事提名人声明,2013-06-20,https://data.eastmoney.com/notices/detail/002313/AN201306190003415722.html
日海智能,002313,002313,日海智能,日海通讯:独立董事提名人声明(三),独立董事提名人声明,2013-06-20,https://data.eastmoney.com/notices/detail/002313/AN201306190003415721.html
日海智能,002313,002313,日海智能,日海通讯:独立董事候选人声明(张新华),独立董事候选人声明,2013-06-20,https://data.eastmoney.com/notices/detail/002313/AN201306190003415720.html
日海智能,002313,002313,日海智能,日海通讯:独立董事候选人声明(董玮),独立董事候选人声明,2013-06-20,https://data.eastmoney.com/notices/detail/002313/AN201306190003415719.html
日海智能,002313,002313,日海智能,日海通讯:独立董事候选人声明(鲁潮),独立董事候选人声明,2013-06-20,https://data.eastmoney.com/notices/detail/002313/AN201306190003415718.html
日海智能,002313,002313,日海智能,日海通讯:独立董事提名人声明(二),独立董事提名人声明,2013-06-20,https://data.eastmoney.com/notices/detail/002313/AN201306190003415717.html
日海智能,002313,002313,日海智能,日海通讯:独立董事对相关事项发表的独立意见(2013-6-20),专项说明/独立意见,2013-06-20,https://data.eastmoney.com/notices/detail/002313/AN201306190003415716.html
日海智能,002313,002313,日海智能,日海通讯:第二届监事会第二十四次会议决议公告,高管人员任职变动,2013-06-20,https://data.eastmoney.com/notices/detail/002313/AN201306190003415715.html
日海智能,002313,002313,日海智能,日海通讯:第二届董事会第三十九次会议决议公告,高管人员任职变动,2013-06-20,https://data.eastmoney.com/notices/detail/002313/AN201306190003415714.html
日海智能,002313,002313,日海智能,日海通讯:简式权益变动报告书(2013-6-18),权益变动报告书,2013-06-18,https://data.eastmoney.com/notices/detail/002313/AN201306170003383264.html
日海智能,002313,002313,日海智能,日海通讯:股东减持股份的公告(2013-6-18),股东/实际控制人股份减持,2013-06-18,https://data.eastmoney.com/notices/detail/002313/AN201306170003383262.html
日海智能,002313,002313,日海智能,日海通讯:关于监事会换届选举并征集监事候选人的公告,其他,2013-06-05,https://data.eastmoney.com/notices/detail/002313/AN201306040003330079.html
日海智能,002313,002313,日海智能,日海通讯:关于董事会换届选举并征集董事候选人的公告,其他,2013-06-05,https://data.eastmoney.com/notices/detail/002313/AN201306040003330078.html
日海智能,002313,002313,日海智能,日海通讯:2013年5月30日投资者关系活动记录表,调研活动,2013-06-03,https://data.eastmoney.com/notices/detail/002313/AN201506300010065241.html
日海智能,002313,002313,日海智能,日海通讯:2013年5月23日投资者关系活动记录表,调研活动,2013-05-24,https://data.eastmoney.com/notices/detail/002313/AN201506300010064923.html
日海智能,002313,002313,日海智能,日海通讯:2013年5月22日投资者关系活动记录表,调研活动,2013-05-24,https://data.eastmoney.com/notices/detail/002313/AN201506300010064922.html
日海智能,002313,002313,日海智能,日海通讯:2013年5月15日投资者关系活动记录表,调研活动,2013-05-20,https://data.eastmoney.com/notices/detail/002313/AN201506300010064760.html
日海智能,002313,002313,日海智能,日海通讯:简式权益变动报告书(2013-5-18),权益变动报告书,2013-05-18,https://data.eastmoney.com/notices/detail/002313/AN201305170003269717.html
日海智能,002313,002313,日海智能,日海通讯:股东减持股份的公告(2013-5-18),股东/实际控制人股份减持,2013-05-18,https://data.eastmoney.com/notices/detail/002313/AN201305170003269716.html
日海智能,002313,002313,日海智能,日海通讯:独立董事对相关事项发表的独立意见(2013-5-17),专项说明/独立意见,2013-05-17,https://data.eastmoney.com/notices/detail/002313/AN201305160003264771.html
日海智能,002313,002313,日海智能,日海通讯:第二届监事会第二十三次会议决议公告,其他,2013-05-17,https://data.eastmoney.com/notices/detail/002313/AN201305160003264770.html
日海智能,002313,002313,日海智能,日海通讯:第二届董事会第三十八次会议决议公告,其他,2013-05-17,https://data.eastmoney.com/notices/detail/002313/AN201305160003264769.html
日海智能,002313,002313,日海智能,日海通讯:关于公司回购注销部分限制性股票相关事宜的法律意见书,法律意见书,2013-05-17,https://data.eastmoney.com/notices/detail/002313/AN201305160003264768.html
日海智能,002313,002313,日海智能,日海通讯:公司章程(2013年5月),公司章程,2013-05-17,https://data.eastmoney.com/notices/detail/002313/AN201305160003264767.html
日海智能,002313,002313,日海智能,日海通讯:关于回购注销已不符合激励条件的原激励对象已获授但尚未解锁的限制性股票的公告(2013-5-17),其他,2013-05-17,https://data.eastmoney.com/notices/detail/002313/AN201305160003264766.html
日海智能,002313,002313,日海智能,日海通讯:减资公告(2013-5-17),股本变动,2013-05-17,https://data.eastmoney.com/notices/detail/002313/AN201305160003264765.html
日海智能,002313,002313,日海智能,日海通讯:2013年5月8日投资者关系活动记录表,调研活动,2013-05-09,https://data.eastmoney.com/notices/detail/002313/AN201506300010064330.html
日海智能,002313,002313,日海智能,日海通讯:2013年5月7日投资者关系活动记录表,调研活动,2013-05-09,https://data.eastmoney.com/notices/detail/002313/AN201506300010064329.html
日海智能,002313,002313,日海智能,日海通讯:2012年度权益分派实施公告,分配方案实施,2013-05-06,https://data.eastmoney.com/notices/detail/002313/AN201305050003229281.html
日海智能,002313,002313,日海智能,日海通讯:关于更换持续督导保荐代表人的公告,保荐代表人（机构）变更,2013-05-04,https://data.eastmoney.com/notices/detail/002313/AN201305030003228803.html
日海智能,002313,002313,日海智能,日海通讯:2012年度股东大会决议公告,股东大会决议公告,2013-05-03,https://data.eastmoney.com/notices/detail/002313/AN201305020003226108.html
日海智能,002313,002313,日海智能,日海通讯:2012年度股东大会法律意见书,法律意见书,2013-05-03,https://data.eastmoney.com/notices/detail/002313/AN201305020003226107.html
日海智能,002313,002313,日海智能,日海通讯:2013年4月24日投资者关系活动记录表,调研活动,2013-04-26,https://data.eastmoney.com/notices/detail/002313/AN201506300010064041.html
日海智能,002313,002313,日海智能,日海通讯:2013年第一季度报告正文,一季度报告正文,2013-04-23,https://data.eastmoney.com/notices/detail/002313/AN201304220003196403.html
日海智能,002313,002313,日海智能,日海通讯:2013年第一季度报告全文,一季度报告全文,2013-04-23,https://data.eastmoney.com/notices/detail/002313/AN201304220003196402.html
日海智能,002313,002313,日海智能,日海通讯:平安证券有限责任公司关于公司2012年度内部控制自我评价报告的核查意见,保荐/核查意见,2013-04-09,https://data.eastmoney.com/notices/detail/002313/AN201304080003152108.html
日海智能,002313,002313,日海智能,日海通讯:平安证券有限责任公司关于公司内部控制规则落实自查表的核查意见,保荐/核查意见,2013-04-09,https://data.eastmoney.com/notices/detail/002313/AN201304080003152107.html
日海智能,002313,002313,日海智能,日海通讯:内部控制规则落实自查表,其他,2013-04-09,https://data.eastmoney.com/notices/detail/002313/AN201304080003152106.html
日海智能,002313,002313,日海智能,日海通讯:平安证券有限责任公司关于公司2012年度募集资金存放及使用情况的核查意见,保荐/核查意见,2013-04-09,https://data.eastmoney.com/notices/detail/002313/AN201304080003152105.html
日海智能,002313,002313,日海智能,日海通讯:监事会2012年度工作报告,其他,2013-04-09,https://data.eastmoney.com/notices/detail/002313/AN201304080003152104.html
日海智能,002313,002313,日海智能,日海通讯:关于召开2012年度股东大会的通知,召开股东大会通知,2013-04-09,https://data.eastmoney.com/notices/detail/002313/AN201304080003152103.html
日海智能,002313,002313,日海智能,日海通讯:关于公司关联方占用上市公司资金情况的专项审核报告,资金占用,2013-04-09,https://data.eastmoney.com/notices/detail/002313/AN201304080003152102.html
日海智能,002313,002313,日海智能,日海通讯:关于公司募集资金年度存放与实际使用情况的鉴证报告,募集资金使用情况报告,2013-04-09,https://data.eastmoney.com/notices/detail/002313/AN201304080003152101.html
日海智能,002313,002313,日海智能,日海通讯:关于举行2012年年度报告网上说明会的通知,其他,2013-04-09,https://data.eastmoney.com/notices/detail/002313/AN201304080003152100.html
日海智能,002313,002313,日海智能,日海通讯:独立董事对相关事项发表的独立意见(2013-4-9),专项说明/独立意见,2013-04-09,https://data.eastmoney.com/notices/detail/002313/AN201304080003152099.html
日海智能,002313,002313,日海智能,日海通讯:独立董事2012年度述职报告(吴玉光),专项说明/独立意见,2013-04-09,https://data.eastmoney.com/notices/detail/002313/AN201304080003152098.html
日海智能,002313,002313,日海智能,日海通讯:独立董事2012年度述职报告(章书涛),专项说明/独立意见,2013-04-09,https://data.eastmoney.com/notices/detail/002313/AN201304080003152097.html
日海智能,002313,002313,日海智能,日海通讯:董事会关于2012年度内部控制自我评价报告,其他,2013-04-09,https://data.eastmoney.com/notices/detail/002313/AN201304080003152096.html
日海智能,002313,002313,日海智能,日海通讯:董事会关于2012年度募集资金存放与使用情况专项报告,募集资金使用情况报告,2013-04-09,https://data.eastmoney.com/notices/detail/002313/AN201304080003152095.html
日海智能,002313,002313,日海智能,日海通讯:独立董事2012年度述职报告(童新),专项说明/独立意见,2013-04-09,https://data.eastmoney.com/notices/detail/002313/AN201304080003152094.html
日海智能,002313,002313,日海智能,日海通讯:董事会关于会计师事务所2012年度审计工作总结的报告,审计报告,2013-04-09,https://data.eastmoney.com/notices/detail/002313/AN201304080003152093.html
日海智能,002313,002313,日海智能,日海通讯:第二届董事会第三十六次会议决议公告,分配预案,2013-04-09,https://data.eastmoney.com/notices/detail/002313/AN201304080003152092.html
日海智能,002313,002313,日海智能,日海通讯:第二届监事会第二十一次会议决议公告,监事会决议公告,2013-04-09,https://data.eastmoney.com/notices/detail/002313/AN201304080003152091.html
日海智能,002313,002313,日海智能,日海通讯:2012年年度报告摘要,年度报告摘要,2013-04-09,https://data.eastmoney.com/notices/detail/002313/AN201304080003152090.html
日海智能,002313,002313,日海智能,日海通讯:2012年年度报告,年度报告全文,2013-04-09,https://data.eastmoney.com/notices/detail/002313/AN201304080003152089.html
日海智能,002313,002313,日海智能,日海通讯:2012年年度审计报告,审计报告,2013-04-09,https://data.eastmoney.com/notices/detail/002313/AN201304080003152088.html
日海智能,002313,002313,日海智能,日海通讯:2012年度独立董事履行职责情况报告,专项说明/独立意见,2013-04-09,https://data.eastmoney.com/notices/detail/002313/AN201304080003152087.html
日海智能,002313,002313,日海智能,日海通讯：关于全资子公司湖北日海投资设立全资子公司的公告,股票,2013-03-30,https://data.eastmoney.com/notices/detail/002313/AN201303290005820106.html
日海智能,002313,002313,日海智能,日海通讯：2013年第一季度业绩预告,股票,2013-03-30,https://data.eastmoney.com/notices/detail/002313/AN201303290005820105.html
日海智能,002313,002313,日海智能,日海通讯：第二届董事会第三十五次会议决议公告,股票,2013-03-19,https://data.eastmoney.com/notices/detail/002313/AN201303180005786115.html
日海智能,002313,002313,日海智能,日海通讯：公司章程（2013年3月）,股票,2013-03-19,https://data.eastmoney.com/notices/detail/002313/AN201303180005786114.html
日海智能,002313,002313,日海智能,日海通讯:2013年3月13日投资者关系活动记录表,调研活动,2013-03-15,https://data.eastmoney.com/notices/detail/002313/AN201506300010063481.html
日海智能,002313,002313,日海智能,日海通讯：简式权益变动报告书,股票,2013-03-07,https://data.eastmoney.com/notices/detail/002313/AN201303060005765973.html
日海智能,002313,002313,日海智能,日海通讯:2012年8月22日投资者关系活动记录表,调研活动,2012-08-24,https://data.eastmoney.com/notices/detail/002313/AN201506300010059306.html
日海智能,002313,002313,日海智能,日海通讯：对外投资进展公告,对外项目投资,2012-08-14,https://data.eastmoney.com/notices/detail/002313/AN201304160003171496.html
日海智能,002313,002313,日海智能,日海通讯:2012年半年度报告摘要,半年度报告摘要,2012-08-10,https://data.eastmoney.com/notices/detail/002313/AN201208090005418902.html
日海智能,002313,002313,日海智能,日海通讯：独立董事对相关事项发表的独立意见,股票,2012-08-10,https://data.eastmoney.com/notices/detail/002313/AN201208090005418905.html
日海智能,002313,002313,日海智能,日海通讯：2012年半年度报告,股票,2012-08-10,https://data.eastmoney.com/notices/detail/002313/AN201208090005418925.html
日海智能,002313,002313,日海智能,日海通讯：第二届董事会第二十四次会议决议公告,股票,2012-08-10,https://data.eastmoney.com/notices/detail/002313/AN201208090005418904.html
日海智能,002313,002313,日海智能,日海通讯：关于在武汉设立分公司的公告,股票,2012-08-10,https://data.eastmoney.com/notices/detail/002313/AN201208090005418906.html
日海智能,002313,002313,日海智能,日海通讯：2012年上半年财务报告,股票,2012-08-10,https://data.eastmoney.com/notices/detail/002313/AN201208090005418903.html
日海智能,002313,002313,日海智能,日海通讯：2012年第二次临时股东大会决议公告,股票,2012-08-04,https://data.eastmoney.com/notices/detail/002313/AN201208030005407769.html
日海智能,002313,002313,日海智能,日海通讯：2012年第二次临时股东大会法律意见书,股东大会法律意见书,2012-08-04,https://data.eastmoney.com/notices/detail/002313/AN201208030005407770.html
日海智能,002313,002313,日海智能,日海通讯：关于完成工商变更登记手续的公告,股票,2012-07-31,https://data.eastmoney.com/notices/detail/002313/AN201208010005397843.html
日海智能,002313,002313,日海智能,日海通讯：独立董事对相关事项发表的独立意见,股票,2012-07-18,https://data.eastmoney.com/notices/detail/002313/AN201207170005361718.html
日海智能,002313,002313,日海智能,日海通讯：平安证券有限责任公司关于公司使用部分闲置募集资金暂时补充流动资金的专项意见,中介机构报告,2012-07-18,https://data.eastmoney.com/notices/detail/002313/AN201207170005361716.html
日海智能,002313,002313,日海智能,日海通讯：关于使用部分闲置募集资金暂时补充流动资金的公告,股票,2012-07-18,https://data.eastmoney.com/notices/detail/002313/AN201207170005361711.html
日海智能,002313,002313,日海智能,日海通讯：第二届董事会第二十三次会议决议公告,股票,2012-07-18,https://data.eastmoney.com/notices/detail/002313/AN201207170005361721.html
日海智能,002313,002313,日海智能,日海通讯：关于签订募集资金监管协议的公告,股票,2012-07-18,https://data.eastmoney.com/notices/detail/002313/AN201207170005361714.html
日海智能,002313,002313,日海智能,日海通讯：以自筹资金预先投入募集资金投资项目的鉴证报告,中介机构报告,2012-07-18,https://data.eastmoney.com/notices/detail/002313/AN201207170005361709.html
日海智能,002313,002313,日海智能,日海通讯：未来三年（2012年-2014年）股东回报规划,股票,2012-07-18,https://data.eastmoney.com/notices/detail/002313/AN201207170005361717.html
日海智能,002313,002313,日海智能,日海通讯：公司章程修正案,股票,2012-07-18,https://data.eastmoney.com/notices/detail/002313/AN201207170005361719.html
日海智能,002313,002313,日海智能,日海通讯：平安证券有限责任公司关于公司以募集资金置换预先已投入募集资金投资项目的自筹资金的专项意见,中介机构报告,2012-07-18,https://data.eastmoney.com/notices/detail/002313/AN201207170005361715.html
日海智能,002313,002313,日海智能,日海通讯：公司章程（2012年7月）,股票,2012-07-18,https://data.eastmoney.com/notices/detail/002313/AN201207170005361710.html
日海智能,002313,002313,日海智能,日海通讯：第二届监事会第十四次会议决议公告,股票,2012-07-18,https://data.eastmoney.com/notices/detail/002313/AN201207170005361720.html
日海智能,002313,002313,日海智能,日海通讯：关于用募集资金置换先期投入的公告,股票,2012-07-18,https://data.eastmoney.com/notices/detail/002313/AN201207170005361713.html
日海智能,002313,002313,日海智能,日海通讯：关于召开2012年第二次临时股东大会的通知,股票,2012-07-18,https://data.eastmoney.com/notices/detail/002313/AN201207170005361712.html
日海智能,002313,002313,日海智能,日海通讯：非公开发行股票发行情况报告暨上市公告书,股票,2012-07-17,https://data.eastmoney.com/notices/detail/002313/AN201207160005359228.html
日海智能,002313,002313,日海智能,日海通讯：关于聘请非公开发行股票持续督导期间保荐代表人的公告,股票,2012-07-17,https://data.eastmoney.com/notices/detail/002313/AN201207160005359226.html
日海智能,002313,002313,日海智能,日海通讯：广东信达律师事务所关于公司非公开发行人民币普通股股票询价及配售过程的见证法律意见书,法律意见书,2012-07-17,https://data.eastmoney.com/notices/detail/002313/AN201207160005359227.html
日海智能,002313,002313,日海智能,日海通讯：关于股东追加承诺的公告,股票,2012-07-17,https://data.eastmoney.com/notices/detail/002313/AN201207160005359208.html
日海智能,002313,002313,日海智能,日海通讯：非公开发行股票发行情况报告暨上市公告书摘要,股票,2012-07-17,https://data.eastmoney.com/notices/detail/002313/AN201207160005359211.html
日海智能,002313,002313,日海智能,日海通讯：平安证券有限责任公司关于公司非公开发行股票发行合规性的说明,中介机构报告,2012-07-17,https://data.eastmoney.com/notices/detail/002313/AN201207160005359210.html
日海智能,002313,002313,日海智能,日海通讯：平安证券有限责任公司关于公司非公开发行股票上市保荐书,保荐/核查意见,2012-07-17,https://data.eastmoney.com/notices/detail/002313/AN201207160005359209.html
日海智能,002313,002313,日海智能,日海通讯：关于在香港设立全资子公司的公告,股票,2012-07-03,https://data.eastmoney.com/notices/detail/002313/AN201207020005310975.html
日海智能,002313,002313,日海智能,日海通讯：关于完成工商变更登记手续的公告,股票,2012-07-03,https://data.eastmoney.com/notices/detail/002313/AN201207020005310976.html
日海智能,002313,002313,日海智能,日海通讯：关于全资子公司投资设立控股子公司的公告,股票,2012-07-03,https://data.eastmoney.com/notices/detail/002313/AN201207020005310974.html
日海智能,002313,002313,日海智能,日海通讯：第二届董事会第二十二次会议决议公告,股票,2012-07-03,https://data.eastmoney.com/notices/detail/002313/AN201207020005310977.html
日海智能,002313,002313,日海智能,日海通讯：关于全资子公司收购郑州恒联股权的进展公告,股票,2012-06-12,https://data.eastmoney.com/notices/detail/002313/AN201206110005283439.html
日海智能,002313,002313,日海智能,日海通讯：关于子公司新疆卓远使用资本公积增加注册资本的公告,股票,2012-06-12,https://data.eastmoney.com/notices/detail/002313/AN201206110005283440.html
日海智能,002313,002313,日海智能,日海通讯：关于全资子公司收购武汉光孚股权的进展公告,股票,2012-04-24,https://data.eastmoney.com/notices/detail/002313/AN201205070005161072.html
日海智能,002313,002313,日海智能,日海通讯：第二届董事会第二十一次会议决议公告,股票,2012-04-21,https://data.eastmoney.com/notices/detail/002313/AN201205070005157152.html
日海智能,002313,002313,日海智能,日海通讯：第二届监事会第十三次会议决议公告,股票,2012-04-21,https://data.eastmoney.com/notices/detail/002313/AN201205070005157153.html
日海智能,002313,002313,日海智能,日海通讯：独立董事对收购深圳市朗天通信设备有限公司部分资产的事前认可意见,股票,2012-04-21,https://data.eastmoney.com/notices/detail/002313/AN201205070005157155.html
日海智能,002313,002313,日海智能,日海通讯：关于全资子公司收购关联方资产的公告,股票,2012-04-21,https://data.eastmoney.com/notices/detail/002313/AN201205070005157156.html
日海智能,002313,002313,日海智能,日海通讯：独立董事对收购深圳市朗天通信设备有限公司部分资产的独立意见,股票,2012-04-21,https://data.eastmoney.com/notices/detail/002313/AN201205070005157154.html
日海智能,002313,002313,日海智能,日海通讯:2012年第一季度报告正文,一季度报告正文,2012-04-21,https://data.eastmoney.com/notices/detail/002313/AN201205070005157151.html
日海智能,002313,002313,日海智能,日海通讯：2012年第一季度报告全文,股票,2012-04-21,https://data.eastmoney.com/notices/detail/002313/AN201205070005157150.html
日海智能,002313,002313,日海智能,日海通讯：关于2011年度权益分派方案实施后调整非公开发行股票发行价格和发行数量的公告,股票,2012-04-19,https://data.eastmoney.com/notices/detail/002313/AN201205070005152985.html
日海智能,002313,002313,日海智能,日海通讯：关于全资子公司的控股子公司收到财政补贴的公告,股票,2012-04-16,https://data.eastmoney.com/notices/detail/002313/AN201205070005147932.html
日海智能,002313,002313,日海智能,日海通讯：关于收到中国证监会核准非公开发行股票申请批复的公告,股票,2012-04-13,https://data.eastmoney.com/notices/detail/002313/AN201204120005123554.html
日海智能,002313,002313,日海智能,日海通讯：2012年第一季度业绩预告修正公告,股票,2012-04-13,https://data.eastmoney.com/notices/detail/002313/AN201204120005123553.html
日海智能,002313,002313,日海智能,日海通讯：2011年度权益分派实施公告,股票,2012-04-10,https://data.eastmoney.com/notices/detail/002313/AN201204100005114776.html
日海智能,002313,002313,日海智能,日海通讯：2011年度股东大会法律意见书,股东大会法律意见书,2012-04-07,https://data.eastmoney.com/notices/detail/002313/AN201204060005110891.html
日海智能,002313,002313,日海智能,日海通讯：2011年度股东大会决议公告,股票,2012-04-07,https://data.eastmoney.com/notices/detail/002313/AN201204060005110889.html
日海智能,002313,002313,日海智能,日海通讯：关于全资子公司收购安徽国维股权的进展公告,股票,2012-04-06,https://data.eastmoney.com/notices/detail/002313/AN201204050005106680.html
日海智能,002313,002313,日海智能,日海通讯：关于全资子公司被认定为国家高新技术企业的公告,股票,2012-03-31,https://data.eastmoney.com/notices/detail/002313/AN201203300005099749.html
日海智能,002313,002313,日海智能,日海通讯：关于全资子公司之间股权转让的公告,股票,2012-03-31,https://data.eastmoney.com/notices/detail/002313/AN201203300005099748.html
日海智能,002313,002313,日海智能,日海通讯：第二届董事会第二十次会议决议公告,股票,2012-03-30,https://data.eastmoney.com/notices/detail/002313/AN201203300005096905.html
日海智能,002313,002313,日海智能,日海通讯：关于全资子公司收购安徽省国维通信工程有限责任公司股权的公告,股票,2012-03-30,https://data.eastmoney.com/notices/detail/002313/AN201203300005096904.html
日海智能,002313,002313,日海智能,日海通讯：关于增加2011年度股东大会临时提案的公告,股票,2012-03-23,https://data.eastmoney.com/notices/detail/002313/AN201203280005071556.html
日海智能,002313,002313,日海智能,日海通讯：公司章程（2012年3月）,股票,2012-03-23,https://data.eastmoney.com/notices/detail/002313/AN201203280005071557.html
日海智能,002313,002313,日海智能,日海通讯：关于全资子公司增资入股新疆卓远的进展公告,股票,2012-03-17,https://data.eastmoney.com/notices/detail/002313/AN201203160005049327.html
日海智能,002313,002313,日海智能,日海通讯：2011年度独立董事履行职责情况报告,股票,2012-03-16,https://data.eastmoney.com/notices/detail/002313/AN201203150005046101.html
日海智能,002313,002313,日海智能,日海通讯：2011年年度报告,股票,2012-03-15,https://data.eastmoney.com/notices/detail/002313/AN201203150005045527.html
日海智能,002313,002313,日海智能,日海通讯：2011年度募集资金存放与使用情况的鉴证报告,股票,2012-03-15,https://data.eastmoney.com/notices/detail/002313/AN201203150005045528.html
日海智能,002313,002313,日海智能,日海通讯：2011年年度审计报告,股票,2012-03-15,https://data.eastmoney.com/notices/detail/002313/AN201203150005045525.html
日海智能,002313,002313,日海智能,日海通讯:2011年年度报告摘要,年度报告摘要,2012-03-15,https://data.eastmoney.com/notices/detail/002313/AN201203150005045526.html
日海智能,002313,002313,日海智能,日海通讯：第二届董事会第十九次会议决议公告,股票,2012-03-15,https://data.eastmoney.com/notices/detail/002313/AN201203150005045524.html
日海智能,002313,002313,日海智能,日海通讯：第二届监事会第十二次会议决议公告,股票,2012-03-15,https://data.eastmoney.com/notices/detail/002313/AN201203150005045523.html
日海智能,002313,002313,日海智能,日海通讯：董事会关于会计师事务所2011年度审计工作总结的报告,股票,2012-03-15,https://data.eastmoney.com/notices/detail/002313/AN201203150005045520.html
日海智能,002313,002313,日海智能,日海通讯：董事会关于2011年度募集资金存放与使用情况专项报告,股票,2012-03-15,https://data.eastmoney.com/notices/detail/002313/AN201203150005045522.html
日海智能,002313,002313,日海智能,日海通讯：董事会关于2011年度内部控制自我评价报告,股票,2012-03-15,https://data.eastmoney.com/notices/detail/002313/AN201203150005045521.html
日海智能,002313,002313,日海智能,日海通讯：独立董事2011年度述职报告（童新）,股票,2012-03-15,https://data.eastmoney.com/notices/detail/002313/AN201203150005045519.html
日海智能,002313,002313,日海智能,日海通讯：独立董事2011年度述职报告（吴玉光）,股票,2012-03-15,https://data.eastmoney.com/notices/detail/002313/AN201203150005045518.html
日海智能,002313,002313,日海智能,日海通讯：独立董事2011年度述职报告（章书涛）,股票,2012-03-15,https://data.eastmoney.com/notices/detail/002313/AN201203150005045517.html
日海智能,002313,002313,日海智能,日海通讯：关于2012年度日常关联交易预计的公告,股票,2012-03-15,https://data.eastmoney.com/notices/detail/002313/AN201203150005045515.html
日海智能,002313,002313,日海智能,日海通讯：独立董事对相关事项发表的独立意见,股票,2012-03-15,https://data.eastmoney.com/notices/detail/002313/AN201203150005045516.html
日海智能,002313,002313,日海智能,日海通讯：控股股东及其他关联方资金占用情况的专项说明,股票,2012-03-15,https://data.eastmoney.com/notices/detail/002313/AN201203150005045512.html
日海智能,002313,002313,日海智能,日海通讯：关于举行2011年年度报告网上说明会的通知,股票,2012-03-15,https://data.eastmoney.com/notices/detail/002313/AN201203150005045514.html
日海智能,002313,002313,日海智能,日海通讯：关于召开2011年度股东大会的通知,股票,2012-03-15,https://data.eastmoney.com/notices/detail/002313/AN201203150005045513.html
日海智能,002313,002313,日海智能,日海通讯：内部控制鉴证报告,股票,2012-03-15,https://data.eastmoney.com/notices/detail/002313/AN201203150005045511.html
日海智能,002313,002313,日海智能,日海通讯：平安证券有限责任公司关于公司2011年度内部控制自我评价报告的核查意见,股票,2012-03-15,https://data.eastmoney.com/notices/detail/002313/AN201203150005045509.html
日海智能,002313,002313,日海智能,日海通讯：平安证券有限责任公司关于公司2011年度募集资金存放及使用情况的核查意见,股票,2012-03-15,https://data.eastmoney.com/notices/detail/002313/AN201203150005045510.html
日海智能,002313,002313,日海智能,日海通讯：2012年第一次临时股东大会法律意见书,股票,2012-03-13,https://data.eastmoney.com/notices/detail/002313/AN201203150005041720.html
日海智能,002313,002313,日海智能,日海通讯：2012年第一次临时股东大会决议公告,股票,2012-03-13,https://data.eastmoney.com/notices/detail/002313/AN201203150005041719.html
日海智能,002313,002313,日海智能,日海通讯：关于2011年年度报告披露时间变更的公告,股票,2012-03-10,https://data.eastmoney.com/notices/detail/002313/AN201203130005035972.html
日海智能,002313,002313,日海智能,日海通讯：关于非公开发行A股股票获得发审委审核通过的公告,股票,2012-03-01,https://data.eastmoney.com/notices/detail/002313/AN201203030005004417.html
日海智能,002313,002313,日海智能,日海通讯：2011年度业绩快报,股票,2012-02-28,https://data.eastmoney.com/notices/detail/002313/AN201203030005001025.html
日海智能,002313,002313,日海智能,日海通讯：第二届董事会第十八次会议决议公告,股票,2012-02-24,https://data.eastmoney.com/notices/detail/002313/AN201203030004999091.html
日海智能,002313,002313,日海智能,日海通讯：关于全资子公司收购郑州恒联通信技术有限公司股权的公告,股票,2012-02-24,https://data.eastmoney.com/notices/detail/002313/AN201203030004999089.html
日海智能,002313,002313,日海智能,日海通讯：关于全资子公司收购武汉光孚通信有限公司股权的公告,股票,2012-02-24,https://data.eastmoney.com/notices/detail/002313/AN201203030004999090.html
日海智能,002313,002313,日海智能,日海通讯：关于召开2012年第一次临时股东大会的通知,股票,2012-02-24,https://data.eastmoney.com/notices/detail/002313/AN201203030004999088.html
日海智能,002313,002313,日海智能,日海通讯：关于公司通过国家高新技术企业复审的公告,股票,2012-02-11,https://data.eastmoney.com/notices/detail/002313/AN201203030004992662.html
日海智能,002313,002313,日海智能,日海通讯：内幕信息知情人报备制度（2012年1月）,股票,2012-01-13,https://data.eastmoney.com/notices/detail/002313/AN201203030004980192.html
日海智能,002313,002313,日海智能,日海通讯：第二届董事会第十七次会议决议公告,股票,2012-01-13,https://data.eastmoney.com/notices/detail/002313/AN201203030004980193.html
日海智能,002313,002313,日海智能,日海通讯：董事、监事和高级管理人员所持公司股份及其变动管理制度（2012年1月）,股票,2012-01-13,https://data.eastmoney.com/notices/detail/002313/AN201203030004980191.html
日海智能,002313,002313,日海智能,日海通讯：关于全资子公司的控股子公司工商注册信息变更的公告,股票,2012-01-10,https://data.eastmoney.com/notices/detail/002313/AN201203030004978425.html
日海智能,002313,002313,日海智能,日海通讯：关于分红情况的说明,股票,2012-01-10,https://data.eastmoney.com/notices/detail/002313/AN201203030004978426.html
日海智能,002313,002313,日海智能,日海通讯：关于被评选为“国家火炬计划重点高新技术企业”的公告,股票,2012-01-07,https://data.eastmoney.com/notices/detail/002313/AN201203030004977478.html
日海智能,002313,002313,日海智能,日海通讯：关于全资子公司对外投资的公告,股票,2011-12-15,https://data.eastmoney.com/notices/detail/002313/AN201203030004963529.html
日海智能,002313,002313,日海智能,日海通讯:2011年第三季度报告正文,三季度报告正文,2011-10-27,https://data.eastmoney.com/notices/detail/002313/AN201203030004935004.html
日海智能,002313,002313,日海智能,日海通讯：第二届董事会第十六次会议决议公告,股票,2011-10-27,https://data.eastmoney.com/notices/detail/002313/AN201203030004935003.html
日海智能,002313,002313,日海智能,日海通讯：2011年第三季度报告全文,股票,2011-10-27,https://data.eastmoney.com/notices/detail/002313/AN201203030004935002.html
日海智能,002313,002313,日海智能,日海通讯：关于全资子公司投资设立控股子公司的进展公告,股票,2011-10-22,https://data.eastmoney.com/notices/detail/002313/AN201203030004929480.html
日海智能,002313,002313,日海智能,日海通讯：关于公司2011年度财务审计机构名称变更的公告,股票,2011-10-11,https://data.eastmoney.com/notices/detail/002313/AN201203030004923047.html
日海智能,002313,002313,日海智能,日海通讯：关于全资子公司对其控股子公司增资的进展公告,股票,2011-09-24,https://data.eastmoney.com/notices/detail/002313/AN201203030004915971.html
日海智能,002313,002313,日海智能,日海通讯：关于全资子公司投资设立控股子公司的公告,股票,2011-09-17,https://data.eastmoney.com/notices/detail/002313/AN201203030004912088.html
日海智能,002313,002313,日海智能,日海通讯：第二届董事会第十五次会议决议公告,股票,2011-09-17,https://data.eastmoney.com/notices/detail/002313/AN201203030004912090.html
日海智能,002313,002313,日海智能,日海通讯：关于补选职工代表监事的公告,股票,2011-09-17,https://data.eastmoney.com/notices/detail/002313/AN201203030004912089.html
日海智能,002313,002313,日海智能,日海通讯：关于更换持续督导保荐代表人的公告,股票,2011-09-10,https://data.eastmoney.com/notices/detail/002313/AN201203030004913917.html
日海智能,002313,002313,日海智能,日海通讯：关于职工代表监事辞职的公告,股票,2011-09-10,https://data.eastmoney.com/notices/detail/002313/AN201203030004913873.html
日海智能,002313,002313,日海智能,日海通讯：2011年第二次临时股东大会法律意见书,股票,2011-09-09,https://data.eastmoney.com/notices/detail/002313/AN201203030004907371.html
日海智能,002313,002313,日海智能,日海通讯：2011年第二次临时股东大会决议公告,股票,2011-09-09,https://data.eastmoney.com/notices/detail/002313/AN201203030004907372.html
日海智能,002313,002313,日海智能,日海通讯：关于公司购买办公房产的进展公告,股票,2011-09-06,https://data.eastmoney.com/notices/detail/002313/AN201203030004908093.html
日海智能,002313,002313,日海智能,日海通讯：公司章程（2011年8月）,股票,2011-08-23,https://data.eastmoney.com/notices/detail/002313/AN201203020004895977.html
日海智能,002313,002313,日海智能,日海通讯：关于召开2011年第二次临时股东大会的通知,股票,2011-08-23,https://data.eastmoney.com/notices/detail/002313/AN201203020004895981.html
日海智能,002313,002313,日海智能,日海通讯：监事会议事规则（2011年8月）,股票,2011-08-23,https://data.eastmoney.com/notices/detail/002313/AN201203020004895982.html
日海智能,002313,002313,日海智能,日海通讯：关于加强上市公司治理专项活动的整改报告,股票,2011-08-23,https://data.eastmoney.com/notices/detail/002313/AN201203020004895980.html
日海智能,002313,002313,日海智能,日海通讯：关于会计政策变更的公告,股票,2011-08-23,https://data.eastmoney.com/notices/detail/002313/AN201203020004895979.html
日海智能,002313,002313,日海智能,日海通讯：公司章程修正案,股票,2011-08-23,https://data.eastmoney.com/notices/detail/002313/AN201203020004895978.html
日海智能,002313,002313,日海智能,日海通讯：董事会议事规则（2011年8月）,股票,2011-08-23,https://data.eastmoney.com/notices/detail/002313/AN201203020004895861.html
日海智能,002313,002313,日海智能,日海通讯：第二届监事会第十次会议决议公告,股票,2011-08-23,https://data.eastmoney.com/notices/detail/002313/AN201203020004895860.html
日海智能,002313,002313,日海智能,日海通讯：独立董事关于加强上市公司治理专项活动的整改报告的独立意见,股票,2011-08-23,https://data.eastmoney.com/notices/detail/002313/AN201203020004895976.html
日海智能,002313,002313,日海智能,日海通讯：第二届董事会第十四次会议（现场结合通讯方式）决议公告,股票,2011-08-23,https://data.eastmoney.com/notices/detail/002313/AN201203020004895859.html
日海智能,002313,002313,日海智能,日海通讯：关于子公司名称变更的公告,股票,2011-08-19,https://data.eastmoney.com/notices/detail/002313/AN201203020004890895.html
日海智能,002313,002313,日海智能,日海通讯：关于全资子公司对其控股子公司增资的公告,股票,2011-08-09,https://data.eastmoney.com/notices/detail/002313/AN201203020004885346.html
日海智能,002313,002313,日海智能,日海通讯：2011年第一次临时股东大会决议公告,股票,2011-08-03,https://data.eastmoney.com/notices/detail/002313/AN201203020004882012.html
日海智能,002313,002313,日海智能,日海通讯：2011年第一次临时股东大会法律意见书,股票,2011-08-03,https://data.eastmoney.com/notices/detail/002313/AN201203020004880489.html
日海智能,002313,002313,日海智能,日海通讯：平安证券有限责任公司关于公司使用节余募集资金永久补充流动资金的核查意见,股票,2011-07-29,https://data.eastmoney.com/notices/detail/002313/AN201203020004875026.html
日海智能,002313,002313,日海智能,日海通讯：2011年半年度财务报告,股票,2011-07-29,https://data.eastmoney.com/notices/detail/002313/AN201203020004875031.html
日海智能,002313,002313,日海智能,日海通讯：2011年半年度报告,股票,2011-07-29,https://data.eastmoney.com/notices/detail/002313/AN201203020004875033.html
日海智能,002313,002313,日海智能,日海通讯：关于使用节余募集资金永久补充流动资金的公告,股票,2011-07-29,https://data.eastmoney.com/notices/detail/002313/AN201203020004875027.html
日海智能,002313,002313,日海智能,日海通讯：第二届监事会第九次会议决议公告,股票,2011-07-29,https://data.eastmoney.com/notices/detail/002313/AN201203020004875029.html
日海智能,002313,002313,日海智能,日海通讯:2011年半年度报告摘要,半年度报告摘要,2011-07-29,https://data.eastmoney.com/notices/detail/002313/AN201203020004875032.html
日海智能,002313,002313,日海智能,日海通讯：独立董事对相关事项发表的独立意见,股票,2011-07-29,https://data.eastmoney.com/notices/detail/002313/AN201203020004875028.html
日海智能,002313,002313,日海智能,日海通讯：第二届董事会第十三次会议决议公告,股票,2011-07-29,https://data.eastmoney.com/notices/detail/002313/AN201203020004875030.html
日海智能,002313,002313,日海智能,日海通讯：关于股东股份质押的公告,股票,2011-07-22,https://data.eastmoney.com/notices/detail/002313/AN201203020004870425.html
日海智能,002313,002313,日海智能,日海通讯：2011年半年度业绩预告修正公告,股票,2011-07-14,https://data.eastmoney.com/notices/detail/002313/AN201203020004869577.html
日海智能,002313,002313,日海智能,日海通讯：董事会关于前次募集资金使用情况报告,股票,2011-07-11,https://data.eastmoney.com/notices/detail/002313/AN201203020004861975.html
日海智能,002313,002313,日海智能,日海通讯：公司章程（2011年7月）,股票,2011-07-11,https://data.eastmoney.com/notices/detail/002313/AN201203020004861980.html
日海智能,002313,002313,日海智能,日海通讯：总经理工作细则（2011年7月）,股票,2011-07-11,https://data.eastmoney.com/notices/detail/002313/AN201203020004861978.html
日海智能,002313,002313,日海智能,日海通讯：第二届董事会第十二次会议决议公告,股票,2011-07-11,https://data.eastmoney.com/notices/detail/002313/AN201203020004861976.html
日海智能,002313,002313,日海智能,日海通讯：非公开发行股票预案,股票,2011-07-11,https://data.eastmoney.com/notices/detail/002313/AN201203020004861972.html
日海智能,002313,002313,日海智能,日海通讯：关于召开2011年第一次临时股东大会的通知,股票,2011-07-11,https://data.eastmoney.com/notices/detail/002313/AN201203020004861979.html
日海智能,002313,002313,日海智能,日海通讯：截止2011年6月30日前次募集资金使用情况的鉴证报告,股票,2011-07-11,https://data.eastmoney.com/notices/detail/002313/AN201203020004861977.html
日海智能,002313,002313,日海智能,日海通讯：董事会议事规则（2011年7月）,股票,2011-07-11,https://data.eastmoney.com/notices/detail/002313/AN201203020004861974.html
日海智能,002313,002313,日海智能,日海通讯：非公开发行股票募集资金使用的可行性报告,股票,2011-07-11,https://data.eastmoney.com/notices/detail/002313/AN201203020004861973.html
日海智能,002313,002313,日海智能,日海通讯：收购资产公告,股票,2011-06-28,https://data.eastmoney.com/notices/detail/002313/AN201203020004854611.html
日海智能,002313,002313,日海智能,日海通讯：关于职工代表监事辞职和补选的公告,股票,2011-06-16,https://data.eastmoney.com/notices/detail/002313/AN201203020004851469.html
日海智能,002313,002313,日海智能,日海通讯：2010年度权益分派实施公告,股票,2011-05-05,https://data.eastmoney.com/notices/detail/002313/AN201203020004828189.html
日海智能,002313,002313,日海智能,日海通讯:2011年第一季度报告正文,一季度报告正文,2011-04-29,https://data.eastmoney.com/notices/detail/002313/AN201203020004818965.html
日海智能,002313,002313,日海智能,日海通讯：2011年第一季度报告全文,股票,2011-04-29,https://data.eastmoney.com/notices/detail/002313/AN201203020004818964.html
日海智能,002313,002313,日海智能,日海通讯：2010年度股东大会决议公告,股票,2011-04-21,https://data.eastmoney.com/notices/detail/002313/AN201203020004803728.html
日海智能,002313,002313,日海智能,日海通讯：2010年度股东大会法律意见书,股票,2011-04-21,https://data.eastmoney.com/notices/detail/002313/AN201203020004803729.html
日海智能,002313,002313,日海智能,日海通讯：关于提高信息披露质量的整改报告,股票,2011-04-19,https://data.eastmoney.com/notices/detail/002313/AN201203020004799782.html
日海智能,002313,002313,日海智能,日海通讯：第二届董事会第十次会议（现场结合通讯方式）决议公告,股票,2011-04-19,https://data.eastmoney.com/notices/detail/002313/AN201203020004799781.html
日海智能,002313,002313,日海智能,日海通讯：关于向全资子公司增资及全资子公司对外投资的公告,股票,2011-04-19,https://data.eastmoney.com/notices/detail/002313/AN201203020004799783.html
日海智能,002313,002313,日海智能,日海通讯:2010年年度报告(更正后),年度报告全文,2011-04-07,https://data.eastmoney.com/notices/detail/002313/AN201203020004787915.html
日海智能,002313,002313,日海智能,日海通讯:2010年年度报告摘要(更正后),年度报告摘要,2011-04-07,https://data.eastmoney.com/notices/detail/002313/AN201203020004787914.html
日海智能,002313,002313,日海智能,日海通讯：关于2010年年度报告的更正公告,股票,2011-04-07,https://data.eastmoney.com/notices/detail/002313/AN201203020004787783.html
日海智能,002313,002313,日海智能,日海通讯:2010年年度审计报告(更正后),审计报告,2011-04-07,https://data.eastmoney.com/notices/detail/002313/AN201203020004787782.html
日海智能,002313,002313,日海智能,日海通讯：关于举行2010年年度报告网上说明会的通知,股票,2011-04-06,https://data.eastmoney.com/notices/detail/002313/AN201203020004788617.html
日海智能,002313,002313,日海智能,日海通讯：收购资产进展公告,股票,2011-04-06,https://data.eastmoney.com/notices/detail/002313/AN201203020004788616.html
日海智能,002313,002313,日海智能,日海通讯：关于2011年度日常关联交易预计的公告,股票,2011-03-30,https://data.eastmoney.com/notices/detail/002313/AN201203020004782598.html
日海智能,002313,002313,日海智能,日海通讯：第二届监事会第七次会议决议公告,股票,2011-03-30,https://data.eastmoney.com/notices/detail/002313/AN201203020004782597.html
日海智能,002313,002313,日海智能,日海通讯：2010年年度报告,股票,2011-03-30,https://data.eastmoney.com/notices/detail/002313/AN201203020004782595.html
日海智能,002313,002313,日海智能,日海通讯:2010年年度审计报告,审计报告,2011-03-30,https://data.eastmoney.com/notices/detail/002313/AN201203020004782594.html
日海智能,002313,002313,日海智能,日海通讯：平安证券有限责任公司关于公司使用超募资金补充流动资金的核查意见,股票,2011-03-30,https://data.eastmoney.com/notices/detail/002313/AN201203020004782659.html
日海智能,002313,002313,日海智能,日海通讯：董事会关于2010年度内部控制自我评价报告,股票,2011-03-30,https://data.eastmoney.com/notices/detail/002313/AN201203020004782656.html
日海智能,002313,002313,日海智能,日海通讯：总经理工作细则（2011年3月）,股票,2011-03-30,https://data.eastmoney.com/notices/detail/002313/AN201203020004782658.html
日海智能,002313,002313,日海智能,日海通讯：平安证券有限责任公司关于公司2010年度内部控制自我评价报告的核查意见,股票,2011-03-30,https://data.eastmoney.com/notices/detail/002313/AN201203020004782662.html
日海智能,002313,002313,日海智能,日海通讯：董事会关于2010年度募集资金存放与使用情况专项报告,股票,2011-03-30,https://data.eastmoney.com/notices/detail/002313/AN201203020004782655.html
日海智能,002313,002313,日海智能,日海通讯：独立董事对相关事项发表的独立意见,股票,2011-03-30,https://data.eastmoney.com/notices/detail/002313/AN201203020004782548.html
日海智能,002313,002313,日海智能,日海通讯:2010年年度报告摘要,年度报告摘要,2011-03-30,https://data.eastmoney.com/notices/detail/002313/AN201203020004782596.html
日海智能,002313,002313,日海智能,日海通讯：2010年度募集资金存放与使用情况的鉴证报告,股票,2011-03-30,https://data.eastmoney.com/notices/detail/002313/AN201203020004782549.html
日海智能,002313,002313,日海智能,日海通讯：关于使用超募资金永久性补充流动资金的公告,股票,2011-03-30,https://data.eastmoney.com/notices/detail/002313/AN201203020004782664.html
日海智能,002313,002313,日海智能,日海通讯：独立董事2010年度述职报告（童新）,股票,2011-03-30,https://data.eastmoney.com/notices/detail/002313/AN201203020004782547.html
日海智能,002313,002313,日海智能,日海通讯：募集资金管理制度（2011年3月）,股票,2011-03-30,https://data.eastmoney.com/notices/detail/002313/AN201203020004782663.html
日海智能,002313,002313,日海智能,日海通讯：第二届董事会第九次会议决议公告,股票,2011-03-30,https://data.eastmoney.com/notices/detail/002313/AN201203020004782593.html
日海智能,002313,002313,日海智能,日海通讯：关于召开2010年度股东大会的通知,股票,2011-03-30,https://data.eastmoney.com/notices/detail/002313/AN201203020004782592.html
日海智能,002313,002313,日海智能,日海通讯：独立董事2010年度述职报告（吴玉光）,股票,2011-03-30,https://data.eastmoney.com/notices/detail/002313/AN201203020004782667.html
日海智能,002313,002313,日海智能,日海通讯：控股股东及其他关联方资金占用情况的专项说明,股票,2011-03-30,https://data.eastmoney.com/notices/detail/002313/AN201203020004782657.html
日海智能,002313,002313,日海智能,日海通讯：董事会关于会计师事务所2010年度审计工作总结的报告,股票,2011-03-30,https://data.eastmoney.com/notices/detail/002313/AN201203020004782665.html
日海智能,002313,002313,日海智能,日海通讯：平安证券有限责任公司关于公司2010年度募集资金存放及使用情况的核查意见,股票,2011-03-30,https://data.eastmoney.com/notices/detail/002313/AN201203020004782661.html
日海智能,002313,002313,日海智能,日海通讯：平安证券有限责任公司关于公司2011年度日常关联交易预计的专项意见,股票,2011-03-30,https://data.eastmoney.com/notices/detail/002313/AN201203020004782660.html
日海智能,002313,002313,日海智能,日海通讯：独立董事2010年度述职报告（章书涛）,股票,2011-03-30,https://data.eastmoney.com/notices/detail/002313/AN201203020004782666.html
日海智能,002313,002313,日海智能,日海通讯：关于2010年度日常关联交易超过预计的公告,股票,2011-03-22,https://data.eastmoney.com/notices/detail/002313/AN201203020004771431.html
日海智能,002313,002313,日海智能,日海通讯：平安证券有限责任公司关于公司2010年度日常关联交易的专项意见,股票,2011-03-22,https://data.eastmoney.com/notices/detail/002313/AN201203020004771430.html
日海智能,002313,002313,日海智能,日海通讯：独立董事关于2010年度日常关联交易的独立意见,股票,2011-03-22,https://data.eastmoney.com/notices/detail/002313/AN201203020004771429.html
日海智能,002313,002313,日海智能,日海通讯：第二届监事会第六次会议决议公告,股票,2011-03-22,https://data.eastmoney.com/notices/detail/002313/AN201203020004771428.html
日海智能,002313,002313,日海智能,日海通讯：第二届董事会第八次会议（现场结合通讯方式）决议公告,股票,2011-03-22,https://data.eastmoney.com/notices/detail/002313/AN201203020004774261.html
日海智能,002313,002313,日海智能,日海通讯：收购资产进展公告,股票,2011-03-18,https://data.eastmoney.com/notices/detail/002313/AN201203020004767400.html
日海智能,002313,002313,日海智能,日海通讯：对外投资进展公告,股票,2011-03-04,https://data.eastmoney.com/notices/detail/002313/AN201203020004757506.html
日海智能,002313,002313,日海智能,日海通讯：第二届监事会第五次会议决议公告,股票,2011-02-26,https://data.eastmoney.com/notices/detail/002313/AN201203020004752216.html
日海智能,002313,002313,日海智能,日海通讯：平安证券有限责任公司关于公司使用部分超募资金补充流动资金的核查意见,股票,2011-02-26,https://data.eastmoney.com/notices/detail/002313/AN201203020004752218.html
日海智能,002313,002313,日海智能,日海通讯：独立董事关于使用部分超募资金补充流动资金的独立意见,股票,2011-02-26,https://data.eastmoney.com/notices/detail/002313/AN201203020004752217.html
日海智能,002313,002313,日海智能,日海通讯：第二届董事会第七次会议（现场结合通讯方式）决议公告,股票,2011-02-26,https://data.eastmoney.com/notices/detail/002313/AN201203020004752215.html
日海智能,002313,002313,日海智能,日海通讯：关于使用部分超募资金永久性补充流动资金的公告,股票,2011-02-26,https://data.eastmoney.com/notices/detail/002313/AN201203020004752209.html
日海智能,002313,002313,日海智能,日海通讯：2010年度业绩快报,股票,2011-02-23,https://data.eastmoney.com/notices/detail/002313/AN201203020004750834.html
日海智能,002313,002313,日海智能,日海通讯：收购资产公告,股票,2011-01-27,https://data.eastmoney.com/notices/detail/002313/AN201203020004741960.html
日海智能,002313,002313,日海智能,日海通讯：第二届监事会第四次会议决议公告,股票,2010-12-31,https://data.eastmoney.com/notices/detail/002313/AN201203010004727300.html
日海智能,002313,002313,日海智能,日海通讯：第二届董事会第六次会议决议公告,股票,2010-12-31,https://data.eastmoney.com/notices/detail/002313/AN201203010004727301.html
日海智能,002313,002313,日海智能,日海通讯：关于加强上市公司治理专项活动的自查事项报告,股票,2010-12-31,https://data.eastmoney.com/notices/detail/002313/AN201203010004727660.html
日海智能,002313,002313,日海智能,日海通讯：独立董事关于公司加强上市公司治理专项活动的自查报告和整改计划的独立意见,股票,2010-12-31,https://data.eastmoney.com/notices/detail/002313/AN201203010004727646.html
日海智能,002313,002313,日海智能,日海通讯：关于加强上市公司治理专项活动的自查报告和整改计划的公告,股票,2010-12-31,https://data.eastmoney.com/notices/detail/002313/AN201203010004727645.html
日海智能,002313,002313,日海智能,日海通讯：关于全资子公司对外投资设立控股子公司的公告,股票,2010-12-15,https://data.eastmoney.com/notices/detail/002313/AN201203010004701122.html
日海智能,002313,002313,日海智能,日海通讯：关于向全资子公司增资及全资子公司对外投资的公告,股票,2010-12-14,https://data.eastmoney.com/notices/detail/002313/AN201203010004726034.html
日海智能,002313,002313,日海智能,日海通讯：第二届董事会第五次会议决议公告,股票,2010-12-14,https://data.eastmoney.com/notices/detail/002313/AN201203010004726035.html
日海智能,002313,002313,日海智能,日海通讯：平安证券有限责任公司关于公司开展规范财务会计基础工作专项活动的整改报告及防止资金占用长效机制建立和落实情况自查报告的核查意见,股票,2010-10-26,https://data.eastmoney.com/notices/detail/002313/AN201203010004691009.html
日海智能,002313,002313,日海智能,日海通讯：第二届监事会第三次会议决议公告,股票,2010-10-26,https://data.eastmoney.com/notices/detail/002313/AN201203010004691010.html
日海智能,002313,002313,日海智能,日海通讯：第二届董事会第四次会议决议公告,股票,2010-10-26,https://data.eastmoney.com/notices/detail/002313/AN201203010004691011.html
日海智能,002313,002313,日海智能,日海通讯:2010年第三季度报告正文,三季度报告正文,2010-10-26,https://data.eastmoney.com/notices/detail/002313/AN201203010004688237.html
日海智能,002313,002313,日海智能,日海通讯：防范大股东及关联方资金占用专项制度（2010年10月）,股票,2010-10-26,https://data.eastmoney.com/notices/detail/002313/AN201203010004688239.html
日海智能,002313,002313,日海智能,日海通讯：2010年第三季度报告全文,股票,2010-10-26,https://data.eastmoney.com/notices/detail/002313/AN201203010004688238.html
日海智能,002313,002313,日海智能,日海通讯：财务会计相关负责人管理制度（2010年10月）,股票,2010-10-26,https://data.eastmoney.com/notices/detail/002313/AN201203010004691012.html
日海智能,002313,002313,日海智能,日海通讯：关于子公司竞拍取得土地使用权的更正公告,股票,2010-10-21,https://data.eastmoney.com/notices/detail/002313/AN201203010004685785.html
日海智能,002313,002313,日海智能,日海通讯：关于子公司竞拍取得土地使用权的公告,股票,2010-10-15,https://data.eastmoney.com/notices/detail/002313/AN201203010004683401.html
日海智能,002313,002313,日海智能,日海通讯:2010年半年度财务报告,半年度财务报告,2010-07-30,https://data.eastmoney.com/notices/detail/002313/AN201203010004644268.html
日海智能,002313,002313,日海智能,日海通讯:2010年半年度报告摘要,半年度报告摘要,2010-07-30,https://data.eastmoney.com/notices/detail/002313/AN201203010004642069.html
日海智能,002313,002313,日海智能,日海通讯：2010年半年度报告,股票,2010-07-30,https://data.eastmoney.com/notices/detail/002313/AN201203010004642067.html
日海智能,002313,002313,日海智能,日海通讯：独立董事关于控股股东及其他关联方占用公司资金、公司对外担保情况的专项说明和独立意见,股票,2010-07-30,https://data.eastmoney.com/notices/detail/002313/AN201203010004642066.html
日海智能,002313,002313,日海智能,日海通讯：关于子公司变更经营范围的公告,股票,2010-07-22,https://data.eastmoney.com/notices/detail/002313/AN201203010004638284.html
日海智能,002313,002313,日海智能,日海通讯：第二届董事会第二次会议决议公告,股票,2010-06-10,https://data.eastmoney.com/notices/detail/002313/AN201203010004620066.html
日海智能,002313,002313,日海智能,日海通讯：平安证券有限责任公司关于公司财务会计基础工作专项活动工作方案自查自纠阶段的核查意见,股票,2010-06-10,https://data.eastmoney.com/notices/detail/002313/AN201203010004620067.html
日海智能,002313,002313,日海智能,日海通讯：独立董事关于聘任高级管理人员的独立意见,股票,2010-05-12,https://data.eastmoney.com/notices/detail/002313/AN201203010004604297.html
日海智能,002313,002313,日海智能,日海通讯：2010年第三次临时股东大会决议公告,股票,2010-05-12,https://data.eastmoney.com/notices/detail/002313/AN201203010004604295.html
日海智能,002313,002313,日海智能,日海通讯：第二届董事会第一次会议决议公告,股票,2010-05-12,https://data.eastmoney.com/notices/detail/002313/AN201203010004604299.html
日海智能,002313,002313,日海智能,日海通讯：第二届监事会第一次会议决议公告,股票,2010-05-12,https://data.eastmoney.com/notices/detail/002313/AN201203010004604298.html
日海智能,002313,002313,日海智能,日海通讯：2010年第三次临时股东大会法律意见书,股票,2010-05-12,https://data.eastmoney.com/notices/detail/002313/AN201203010004604296.html
日海智能,002313,002313,日海智能,日海通讯：2009年度权益分派实施公告,股票,2010-04-24,https://data.eastmoney.com/notices/detail/002313/AN201203010004591167.html
日海智能,002313,002313,日海智能,日海通讯：关于召开2010年第三次临时股东大会的通知,股票,2010-04-22,https://data.eastmoney.com/notices/detail/002313/AN201203010004587674.html
日海智能,002313,002313,日海智能,日海通讯：独立董事关于董事会换届选举的独立意见,股票,2010-04-22,https://data.eastmoney.com/notices/detail/002313/AN201203010004587678.html
日海智能,002313,002313,日海智能,日海通讯：子公司管理制度（2010年4月）,股票,2010-04-22,https://data.eastmoney.com/notices/detail/002313/AN201203010004587676.html
日海智能,002313,002313,日海智能,日海通讯：2010年第一季度报告全文,股票,2010-04-22,https://data.eastmoney.com/notices/detail/002313/AN201203010004587681.html
日海智能,002313,002313,日海智能,日海通讯：独立董事提名人声明,股票,2010-04-22,https://data.eastmoney.com/notices/detail/002313/AN201203010004587685.html
日海智能,002313,002313,日海智能,日海通讯：独立董事候选人声明（吴玉光）,股票,2010-04-22,https://data.eastmoney.com/notices/detail/002313/AN201203010004587682.html
日海智能,002313,002313,日海智能,日海通讯：2010年第一季度报告正文,股票,2010-04-22,https://data.eastmoney.com/notices/detail/002313/AN201203010004587680.html
日海智能,002313,002313,日海智能,日海通讯：第一届董事会第二十六次会议决议公告,股票,2010-04-22,https://data.eastmoney.com/notices/detail/002313/AN201203010004587679.html
日海智能,002313,002313,日海智能,日海通讯：独立董事候选人声明（童新）,股票,2010-04-22,https://data.eastmoney.com/notices/detail/002313/AN201203010004587684.html
日海智能,002313,002313,日海智能,日海通讯：第一届监事会第十三次会议决议公告,股票,2010-04-22,https://data.eastmoney.com/notices/detail/002313/AN201203010004587677.html
日海智能,002313,002313,日海智能,日海通讯：关于选举职工代表监事的公告,股票,2010-04-22,https://data.eastmoney.com/notices/detail/002313/AN201203010004587675.html
日海智能,002313,002313,日海智能,日海通讯：独立董事候选人声明（章书涛）,股票,2010-04-22,https://data.eastmoney.com/notices/detail/002313/AN201203010004587683.html
日海智能,002313,002313,日海智能,日海通讯：2009年年度股东大会法律意见书,股票,2010-04-21,https://data.eastmoney.com/notices/detail/002313/AN201203010004584375.html
日海智能,002313,002313,日海智能,日海通讯：2009年年度股东大会决议公告,股票,2010-04-21,https://data.eastmoney.com/notices/detail/002313/AN201203010004588344.html
日海智能,002313,002313,日海智能,日海通讯：关于董事会换届选举的公告,股票,2010-04-09,https://data.eastmoney.com/notices/detail/002313/AN201203010004572930.html
日海智能,002313,002313,日海智能,日海通讯：关于监事会换届选举的公告,股票,2010-04-09,https://data.eastmoney.com/notices/detail/002313/AN201203010004572929.html
日海智能,002313,002313,日海智能,日海通讯：关于举行2009年年度报告网上说明会的通知,股票,2010-04-02,https://data.eastmoney.com/notices/detail/002313/AN201203010004566622.html
日海智能,002313,002313,日海智能,日海通讯：年报信息披露重大差错责任追究制度（2010年3月）,股票,2010-03-29,https://data.eastmoney.com/notices/detail/002313/AN201203010004560846.html
日海智能,002313,002313,日海智能,日海通讯：关于召开2009年年度股东大会的通知,股票,2010-03-29,https://data.eastmoney.com/notices/detail/002313/AN201203010004562177.html
日海智能,002313,002313,日海智能,日海通讯：第一届监事会第十二次会议决议公告,股票,2010-03-29,https://data.eastmoney.com/notices/detail/002313/AN201203010004562176.html
日海智能,002313,002313,日海智能,日海通讯：截止2009年12月31日内部控制鉴证报告,股票,2010-03-29,https://data.eastmoney.com/notices/detail/002313/AN201203010004564059.html
日海智能,002313,002313,日海智能,日海通讯：第一届董事会第二十五次会议决议公告,股票,2010-03-29,https://data.eastmoney.com/notices/detail/002313/AN201203010004562178.html
日海智能,002313,002313,日海智能,日海通讯：2009年年度报告,股票,2010-03-29,https://data.eastmoney.com/notices/detail/002313/AN201203010004562174.html
日海智能,002313,002313,日海智能,日海通讯:2009年年度报告摘要,年度报告摘要,2010-03-29,https://data.eastmoney.com/notices/detail/002313/AN201203010004562180.html
日海智能,002313,002313,日海智能,日海通讯：控股股东及其他关联方资金占用情况的专项说明,股票,2010-03-29,https://data.eastmoney.com/notices/detail/002313/AN201203010004562175.html
日海智能,002313,002313,日海智能,日海通讯:2009年年度审计报告,审计报告,2010-03-29,https://data.eastmoney.com/notices/detail/002313/AN201203010004562179.html
日海智能,002313,002313,日海智能,日海通讯：董事会关于2009年度内部控制自我评价报告,股票,2010-03-29,https://data.eastmoney.com/notices/detail/002313/AN201203010004562173.html
日海智能,002313,002313,日海智能,日海通讯：董事会关于2009年度募集资金存放与使用情况专项报告,股票,2010-03-29,https://data.eastmoney.com/notices/detail/002313/AN201203010004560851.html
日海智能,002313,002313,日海智能,日海通讯：平安证券有限责任公司关于公司2009年度内部控制自我评价报告的核查意见,股票,2010-03-29,https://data.eastmoney.com/notices/detail/002313/AN201203010004560848.html
日海智能,002313,002313,日海智能,日海通讯：第一届监事会2009年度工作报告,股票,2010-03-29,https://data.eastmoney.com/notices/detail/002313/AN201203010004560842.html
日海智能,002313,002313,日海智能,日海通讯：高级管理人员薪酬考核制度（2010年3月）,股票,2010-03-29,https://data.eastmoney.com/notices/detail/002313/AN201203010004560840.html
日海智能,002313,002313,日海智能,日海通讯：独立董事2009年度述职报告（章书涛）,股票,2010-03-29,https://data.eastmoney.com/notices/detail/002313/AN201203010004560844.html
日海智能,002313,002313,日海智能,日海通讯：第一届董事会2009年度工作报告,股票,2010-03-29,https://data.eastmoney.com/notices/detail/002313/AN201203010004560841.html
日海智能,002313,002313,日海智能,日海通讯：平安证券有限责任公司关于公司2009年度募集资金存放与使用情况的核查意见,股票,2010-03-29,https://data.eastmoney.com/notices/detail/002313/AN201203010004560847.html
日海智能,002313,002313,日海智能,日海通讯：独立董事2009年度述职报告（吴玉光）,股票,2010-03-29,https://data.eastmoney.com/notices/detail/002313/AN201203010004560845.html
日海智能,002313,002313,日海智能,日海通讯：独立董事2009年度述职报告（童新）,股票,2010-03-29,https://data.eastmoney.com/notices/detail/002313/AN201203010004560843.html
日海智能,002313,002313,日海智能,日海通讯：募集资金2009年度使用情况的鉴证报告,股票,2010-03-29,https://data.eastmoney.com/notices/detail/002313/AN201203010004560850.html
日海智能,002313,002313,日海智能,日海通讯：独立董事对相关事项发表的独立意见,股票,2010-03-29,https://data.eastmoney.com/notices/detail/002313/AN201203010004560849.html
日海智能,002313,002313,日海智能,日海通讯：关于设立全资子公司的公告,股票,2010-03-15,https://data.eastmoney.com/notices/detail/002313/AN201202290004553301.html
日海智能,002313,002313,日海智能,日海通讯：关于网下配售股票上市流通的提示性公告,股票,2010-02-26,https://data.eastmoney.com/notices/detail/002313/AN201202290004540106.html
日海智能,002313,002313,日海智能,日海通讯：关于完成住所及注册资本变更手续的公告,股票,2010-02-25,https://data.eastmoney.com/notices/detail/002313/AN201202290004539118.html
日海智能,002313,002313,日海智能,日海通讯：2009年度业绩快报,股票,2010-02-24,https://data.eastmoney.com/notices/detail/002313/AN201202290004540999.html
日海智能,002313,002313,日海智能,日海通讯：2010年第二次临时股东大会决议公告,股票,2010-01-29,https://data.eastmoney.com/notices/detail/002313/AN201202290004529056.html
日海智能,002313,002313,日海智能,日海通讯：2010年第二次临时股东大会法律意见书,股票,2010-01-29,https://data.eastmoney.com/notices/detail/002313/AN201202290004529057.html
日海智能,002313,002313,日海智能,日海通讯：2009年度业绩预告,股票,2010-01-27,https://data.eastmoney.com/notices/detail/002313/AN201202290004530564.html
日海智能,002313,002313,日海智能,日海通讯：关于召开2010年第二次临时股东大会的通知,股票,2010-01-13,https://data.eastmoney.com/notices/detail/002313/AN201202290004522384.html
日海智能,002313,002313,日海智能,日海通讯：董事会提名委员会议事规则（2010年1月）,股票,2010-01-13,https://data.eastmoney.com/notices/detail/002313/AN201202290004522363.html
日海智能,002313,002313,日海智能,日海通讯：关于变更公司2009年度财务审计机构的公告,股票,2010-01-13,https://data.eastmoney.com/notices/detail/002313/AN201202290004522385.html
日海智能,002313,002313,日海智能,日海通讯：平安证券有限责任公司关于公司2010年度日常重大经营性关联交易的专项意见,股票,2010-01-13,https://data.eastmoney.com/notices/detail/002313/AN201202290004522382.html
日海智能,002313,002313,日海智能,日海通讯：独立董事关于公司2010年度日常重大经营性关联交易的独立意见,股票,2010-01-13,https://data.eastmoney.com/notices/detail/002313/AN201202290004522381.html
日海智能,002313,002313,日海智能,日海通讯：独立董事关于变更公司2009年度财务审计机构的独立意见,股票,2010-01-13,https://data.eastmoney.com/notices/detail/002313/AN201202290004522369.html
日海智能,002313,002313,日海智能,日海通讯：监事会议事规则（2010年1月）,股票,2010-01-13,https://data.eastmoney.com/notices/detail/002313/AN201202290004522367.html
日海智能,002313,002313,日海智能,日海通讯：关于公司2010年度日常重大经营性关联交易的公告,股票,2010-01-13,https://data.eastmoney.com/notices/detail/002313/AN201202290004522386.html
日海智能,002313,002313,日海智能,日海通讯：第一届监事会第十一次会议决议公告,股票,2010-01-13,https://data.eastmoney.com/notices/detail/002313/AN201202290004522366.html
日海智能,002313,002313,日海智能,日海通讯：第一届董事会第二十四次会议决议公告,股票,2010-01-13,https://data.eastmoney.com/notices/detail/002313/AN201202290004522365.html
日海智能,002313,002313,日海智能,日海通讯：选聘会计师事务所专项制度（2010年1月）,股票,2010-01-13,https://data.eastmoney.com/notices/detail/002313/AN201202290004522360.html
日海智能,002313,002313,日海智能,日海通讯：重大信息内部报告制度（2010年1月）,股票,2010-01-13,https://data.eastmoney.com/notices/detail/002313/AN201202290004522359.html
日海智能,002313,002313,日海智能,日海通讯：内部审计制度（2010年1月）,股票,2010-01-13,https://data.eastmoney.com/notices/detail/002313/AN201202290004522637.html
日海智能,002313,002313,日海智能,日海通讯：关联交易管理制度（2010年1月）,股票,2010-01-13,https://data.eastmoney.com/notices/detail/002313/AN201202290004522383.html
日海智能,002313,002313,日海智能,日海通讯：独立董事年报工作制度（2010年1月）,股票,2010-01-13,https://data.eastmoney.com/notices/detail/002313/AN201202290004522368.html
日海智能,002313,002313,日海智能,日海通讯：董事会审计委员会议事规则（2010年1月）,股票,2010-01-13,https://data.eastmoney.com/notices/detail/002313/AN201202290004522364.html
日海智能,002313,002313,日海智能,日海通讯：董事会秘书工作制度（2010年1月）,股票,2010-01-13,https://data.eastmoney.com/notices/detail/002313/AN201202290004522362.html
日海智能,002313,002313,日海智能,日海通讯：独立董事关于公司2010年度日常重大经营性关联交易的事前认可意见,股票,2010-01-13,https://data.eastmoney.com/notices/detail/002313/AN201202290004521869.html
日海智能,002313,002313,日海智能,日海通讯：董事会薪酬与考核委员会议事规则（2010年1月）,股票,2010-01-13,https://data.eastmoney.com/notices/detail/002313/AN201202290004522361.html
日海智能,002313,002313,日海智能,日海通讯：2010年第一次临时股东大会法律意见书,股票,2010-01-12,https://data.eastmoney.com/notices/detail/002313/AN201202290004522558.html
日海智能,002313,002313,日海智能,日海通讯：2010年第一次临时股东大会决议公告,股票,2010-01-12,https://data.eastmoney.com/notices/detail/002313/AN201202290004522542.html
日海智能,002313,002313,日海智能,日海通讯：关于完成以募集资金超额部分归还银行借款的公告,股票,2009-12-31,https://data.eastmoney.com/notices/detail/002313/AN201202280004353916.html
日海智能,002313,002313,日海智能,日海通讯：关于完成以募集资金置换预先已投入募集资金投资项目的自筹资金的公告,股票,2009-12-31,https://data.eastmoney.com/notices/detail/002313/AN201202280004353917.html
日海智能,002313,002313,日海智能,日海通讯：更正公告,股票,2009-12-25,https://data.eastmoney.com/notices/detail/002313/AN201202280004353703.html
日海智能,002313,002313,日海智能,日海通讯：独立董事制度（2009年12月）,股票,2009-12-25,https://data.eastmoney.com/notices/detail/002313/AN201202280004355532.html
日海智能,002313,002313,日海智能,日海通讯：第一届监事会第十次会议决议公告,股票,2009-12-25,https://data.eastmoney.com/notices/detail/002313/AN201202280004353622.html
日海智能,002313,002313,日海智能,日海通讯：募集资金管理制度（2009年12月）,股票,2009-12-25,https://data.eastmoney.com/notices/detail/002313/AN201202280004353632.html
日海智能,002313,002313,日海智能,日海通讯：关于签订《募集资金三方监管协议》的公告,股票,2009-12-25,https://data.eastmoney.com/notices/detail/002313/AN201202280004353353.html
日海智能,002313,002313,日海智能,日海通讯：投资者关系管理制度（2009年12月）,股票,2009-12-25,https://data.eastmoney.com/notices/detail/002313/AN201202280004353630.html
日海智能,002313,002313,日海智能,日海通讯：独立董事关于调整独立董事津贴的独立意见,股票,2009-12-25,https://data.eastmoney.com/notices/detail/002313/AN201202280004353625.html
日海智能,002313,002313,日海智能,日海通讯：第一届董事会第二十三次会议决议公告,股票,2009-12-25,https://data.eastmoney.com/notices/detail/002313/AN201202280004353621.html
日海智能,002313,002313,日海智能,日海通讯：董事会议事规则（2009年12月）,股票,2009-12-25,https://data.eastmoney.com/notices/detail/002313/AN201202280004355459.html
日海智能,002313,002313,日海智能,日海通讯：信息披露管理制度（2009年12月）,股票,2009-12-25,https://data.eastmoney.com/notices/detail/002313/AN201202280004353359.html
日海智能,002313,002313,日海智能,日海通讯：关于副总经理辞职的公告,股票,2009-12-25,https://data.eastmoney.com/notices/detail/002313/AN201202280004353356.html
日海智能,002313,002313,日海智能,日海通讯：关于募集资金超额部分归还银行借款的公告,股票,2009-12-25,https://data.eastmoney.com/notices/detail/002313/AN201202280004353354.html
日海智能,002313,002313,日海智能,日海通讯：特定对象来访接待工作制度（2009年12月）,股票,2009-12-25,https://data.eastmoney.com/notices/detail/002313/AN201202280004353629.html
日海智能,002313,002313,日海智能,日海通讯：独立董事关于用募集资金置换预先已投入募集资金投资项目的自筹资金的独立意见,股票,2009-12-25,https://data.eastmoney.com/notices/detail/002313/AN201202280004353627.html
日海智能,002313,002313,日海智能,日海通讯：独立董事关于募集资金超额部分归还银行借款的独立意见,股票,2009-12-25,https://data.eastmoney.com/notices/detail/002313/AN201202280004353626.html
日海智能,002313,002313,日海智能,日海通讯：平安证券有限责任公司关于公司以募集资金置换预先已投入募集资金投资项目的自筹资金的专项意见,股票,2009-12-25,https://data.eastmoney.com/notices/detail/002313/AN201202280004353631.html
日海智能,002313,002313,日海智能,日海通讯：平安证券有限责任公司关于公司使用募集资金超额部分归还银行借款的议案的专项意见,股票,2009-12-25,https://data.eastmoney.com/notices/detail/002313/AN201202280004353452.html
日海智能,002313,002313,日海智能,日海通讯：独立董事关于调整监事津贴的独立意见,股票,2009-12-25,https://data.eastmoney.com/notices/detail/002313/AN201202280004353624.html
日海智能,002313,002313,日海智能,日海通讯：关于召开2009年第五次临时股东大会的通知,股票,2009-12-25,https://data.eastmoney.com/notices/detail/002313/AN201202280004353355.html
日海智能,002313,002313,日海智能,日海通讯：关于用募集资金置换预先已投入募集资金投资项目的自筹资金的公告,股票,2009-12-25,https://data.eastmoney.com/notices/detail/002313/AN201202280004354614.html
日海智能,002313,002313,日海智能,日海通讯：股东大会议事规则（2009年12月）,股票,2009-12-25,https://data.eastmoney.com/notices/detail/002313/AN201202280004355460.html
日海智能,002313,002313,日海智能,日海通讯：独立董事关于副总经理张小薇离职的独立意见,股票,2009-12-25,https://data.eastmoney.com/notices/detail/002313/AN201202280004353628.html
日海智能,002313,002313,日海智能,日海通讯：公司章程（2009年12月）,股票,2009-12-25,https://data.eastmoney.com/notices/detail/002313/AN201202280004353358.html
日海智能,002313,002313,日海智能,日海通讯：公司章程修正案,股票,2009-12-25,https://data.eastmoney.com/notices/detail/002313/AN201202280004353357.html
日海智能,002313,002313,日海智能,日海通讯：累积投票制实施细则（2009年12月）,股票,2009-12-25,https://data.eastmoney.com/notices/detail/002313/AN201202280004353620.html
日海智能,002313,002313,日海智能,日海通讯：内幕信息知情人报备制度（2009年12月）,股票,2009-12-25,https://data.eastmoney.com/notices/detail/002313/AN201202280004353352.html
日海智能,002313,002313,日海智能,日海通讯：2008年第一次临时股东大会决议,股票,2009-12-02,https://data.eastmoney.com/notices/detail/002313/AN201202290004506133.html
日海智能,002313,002313,日海智能,日海通讯：2009年第四次临时股东大会决议,股票,2009-12-02,https://data.eastmoney.com/notices/detail/002313/AN201202290004506132.html
日海智能,002313,002313,日海智能,日海通讯:首次公开发行股票上市公告书,首发上市公告书,2009-12-02,https://data.eastmoney.com/notices/detail/002313/AN201202290004506130.html
日海智能,002313,002313,日海智能,日海通讯：公司章程（草案）,股票,2009-12-02,https://data.eastmoney.com/notices/detail/002313/AN201202290004506129.html
日海智能,002313,002313,日海智能,日海通讯：2007年第六次临时股东大会决议,股票,2009-12-02,https://data.eastmoney.com/notices/detail/002313/AN201202290004506134.html
日海智能,002313,002313,日海智能,日海通讯：平安证券有限责任公司关于公司股票上市保荐书,股票,2009-12-02,https://data.eastmoney.com/notices/detail/002313/AN201202290004506131.html
日海智能,002313,002313,日海智能,关于深圳日海通讯技术股份有限公司股票上市交易的公告,股票,2009-12-02,https://data.eastmoney.com/notices/detail/002313/AN201202290004507192.html
日海智能,002313,002313,日海智能,日海通讯：国浩律师集团（深圳）事务所关于公司首次公开发行人民币普通股（A股）股票于深圳证券交易所上市之法律意见书,股票,2009-12-02,https://data.eastmoney.com/notices/detail/002313/AN201202290004506135.html
日海智能,002313,002313,日海智能,日海通讯：首次公开发行A股网上定价发行摇号中签结果公告,股票,2009-11-27,https://data.eastmoney.com/notices/detail/002313/AN201202290004506543.html
日海智能,002313,002313,日海智能,日海通讯：首次公开发行A股网上定价发行申购情况及中签率公告,股票,2009-11-26,https://data.eastmoney.com/notices/detail/002313/AN201202290004506591.html
日海智能,002313,002313,日海智能,日海通讯：首次公开发行A股网下配售结果公告,股票,2009-11-26,https://data.eastmoney.com/notices/detail/002313/AN201202290004505649.html
日海智能,002313,002313,日海智能,日海通讯：首次公开发行股票招股说明书摘要,股票,2009-11-23,https://data.eastmoney.com/notices/detail/002313/AN201202290004505830.html
日海智能,002313,002313,日海智能,日海通讯：首次公开发行股票招股说明书,股票,2009-11-23,https://data.eastmoney.com/notices/detail/002313/AN201202290004505831.html
日海智能,002313,002313,日海智能,日海通讯：首次公开发行A股发行公告,股票,2009-11-23,https://data.eastmoney.com/notices/detail/002313/AN201202290004503131.html
日海智能,002313,002313,日海智能,日海通讯：首次公开发行A股投资风险特别公告,股票,2009-11-23,https://data.eastmoney.com/notices/detail/002313/AN201202290004503130.html
日海智能,002313,002313,日海智能,日海通讯：首次公开发行A股网上路演公告,股票,2009-11-20,https://data.eastmoney.com/notices/detail/002313/AN201202290004501953.html
日海智能,002313,002313,日海智能,日海通讯：公司最近三年一期非经常性损益明细表,股票,2009-11-16,https://data.eastmoney.com/notices/detail/002313/AN201202290004499371.html
日海智能,002313,002313,日海智能,日海通讯：2009年第四次临时股东大会决议,股票,2009-11-16,https://data.eastmoney.com/notices/detail/002313/AN201202290004499922.html
日海智能,002313,002313,日海智能,日海通讯：平安证券有限责任公司关于公司首次公开发行股票发行保荐书,股票,2009-11-16,https://data.eastmoney.com/notices/detail/002313/AN201202290004500188.html
日海智能,002313,002313,日海智能,日海通讯：截至2009年9月30日止内部控制鉴证报告,股票,2009-11-16,https://data.eastmoney.com/notices/detail/002313/AN201202290004500126.html
日海智能,002313,002313,日海智能,日海通讯：关于公司首次公开发行股票发行保荐工作报告,股票,2009-11-16,https://data.eastmoney.com/notices/detail/002313/AN201202290004500189.html
日海智能,002313,002313,日海智能,日海通讯：首次公开发行股票招股意向书摘要,股票,2009-11-16,https://data.eastmoney.com/notices/detail/002313/AN201202290004501329.html
日海智能,002313,002313,日海智能,日海通讯：2008年第一次临时股东大会决议,股票,2009-11-16,https://data.eastmoney.com/notices/detail/002313/AN201202290004499924.html
日海智能,002313,002313,日海智能,日海通讯：国浩律师集团（深圳）事务所关于公司申请首次公开发行人民币普通股（A股）股票并上市之律师工作报告,股票,2009-11-16,https://data.eastmoney.com/notices/detail/002313/AN201202290004499370.html
日海智能,002313,002313,日海智能,日海通讯：2007年第六次临时股东大会决议,股票,2009-11-16,https://data.eastmoney.com/notices/detail/002313/AN201202290004499925.html
日海智能,002313,002313,日海智能,日海通讯：国浩律师集团（深圳）事务所关于公司申请首次公开发行人民币普通股（A股）股票并上市之补充法律意见书（二）,股票,2009-11-16,https://data.eastmoney.com/notices/detail/002313/AN201202290004499913.html
日海智能,002313,002313,日海智能,日海通讯：国浩律师集团（深圳）事务所关于公司申请首次公开发行人民币普通股（A股）股票并上市之法律意见书,股票,2009-11-16,https://data.eastmoney.com/notices/detail/002313/AN201202290004500190.html
日海智能,002313,002313,日海智能,日海通讯：截止2009年9月30日、2008年12月31日、2007年12月31日、2006年12月31日财务报表的审计报告,股票,2009-11-16,https://data.eastmoney.com/notices/detail/002313/AN201202290004500187.html
日海智能,002313,002313,日海智能,日海通讯：国浩律师集团（深圳）事务所关于公司申请首次公开发行人民币普通股（A股）股票并上市之补充法律意见书（五）,股票,2009-11-16,https://data.eastmoney.com/notices/detail/002313/AN201202290004500191.html
日海智能,002313,002313,日海智能,日海通讯:首次公开发行股票招股意向书,首发招股意向书,2009-11-16,https://data.eastmoney.com/notices/detail/002313/AN201202290004501834.html
日海智能,002313,002313,日海智能,日海通讯：国浩律师集团（深圳）事务所关于公司申请首次公开发行人民币普通股（A股）股票并上市之补充法律意见书（一）,股票,2009-11-16,https://data.eastmoney.com/notices/detail/002313/AN201202290004501240.html
日海智能,002313,002313,日海智能,日海通讯：国浩律师集团（深圳）事务所关于公司申请首次公开发行人民币普通股（A股）股票并上市之补充法律意见书（三）,股票,2009-11-16,https://data.eastmoney.com/notices/detail/002313/AN201202290004501242.html
日海智能,002313,002313,日海智能,日海通讯：首次公开发行A股初步询价及推介公告,股票,2009-11-16,https://data.eastmoney.com/notices/detail/002313/AN201202290004500511.html
日海智能,002313,002313,日海智能,日海通讯：第一届董事会第八次会议决议,股票,2009-11-16,https://data.eastmoney.com/notices/detail/002313/AN201202290004501239.html
日海智能,002313,002313,日海智能,日海通讯：第一届董事会第二十一次会议决议,股票,2009-11-16,https://data.eastmoney.com/notices/detail/002313/AN201202290004501237.html
日海智能,002313,002313,日海智能,日海通讯：国浩律师集团（深圳）事务所关于公司申请首次公开发行人民币普通股（A股）股票并上市之补充法律意见书（六）,股票,2009-11-16,https://data.eastmoney.com/notices/detail/002313/AN201202290004501035.html
日海智能,002313,002313,日海智能,日海通讯：公司章程（草案）,股票,2009-11-16,https://data.eastmoney.com/notices/detail/002313/AN201202290004501236.html
日海智能,002313,002313,日海智能,日海通讯：国浩律师集团（深圳）事务所关于公司申请首次公开发行人民币普通股（A股）股票并上市之补充法律意见书（十）,股票,2009-11-16,https://data.eastmoney.com/notices/detail/002313/AN201202290004499586.html
日海智能,002313,002313,日海智能,日海通讯：国浩律师集团（深圳）事务所关于公司申请首次公开发行人民币普通股（A股）股票并上市之补充法律意见书（四）,股票,2009-11-16,https://data.eastmoney.com/notices/detail/002313/AN201202290004499585.html
日海智能,002313,002313,日海智能,日海通讯：国浩律师集团（深圳）事务所关于公司申请首次公开发行人民币普通股（A股）股票并上市之补充法律意见书（九）,股票,2009-11-16,https://data.eastmoney.com/notices/detail/002313/AN201202290004501039.html
日海智能,002313,002313,日海智能,日海通讯：国浩律师集团（深圳）事务所关于公司申请首次公开发行人民币普通股（A股）股票并上市之补充法律意见书（七）,股票,2009-11-16,https://data.eastmoney.com/notices/detail/002313/AN201202290004501241.html
日海智能,002313,002313,日海智能,日海通讯：第一届董事会第十三次会议决议,股票,2009-11-16,https://data.eastmoney.com/notices/detail/002313/AN201202290004501238.html
日海智能,002313,002313,日海智能,日海通讯：中国证监会关于核准公司首次公开发行股票的批复,股票,2009-11-16,https://data.eastmoney.com/notices/detail/002313/AN201202290004499926.html
日海智能,002313,002313,日海智能,日海通讯：国浩律师集团（深圳）事务所关于公司申请首次公开发行人民币普通股（A股）股票并上市之补充法律意见书（八）,股票,2009-11-16,https://data.eastmoney.com/notices/detail/002313/AN201202290004499918.html
