LOCAL_COMPANY_NAME,LOCAL_SYMBOL,代码,名称,公告标题,公告类型,公告日期,网址
博实结,301608,301608,博实结,博实结:2025年年度权益分派实施公告,分配方案实施,2026-05-13,https://data.eastmoney.com/notices/detail/301608/AN202605131822276753.html
博实结,301608,301608,博实结,博实结:北京市中伦(深圳)律师事务所关于深圳市博实结科技股份有限公司2025年年度股东会法律意见书,法律意见书,2026-05-11,https://data.eastmoney.com/notices/detail/301608/AN202605111822166180.html
博实结,301608,301608,博实结,博实结:2025年年度股东会决议公告,分配方案决议公告,2026-05-11,https://data.eastmoney.com/notices/detail/301608/AN202605111822166181.html
博实结,301608,301608,博实结,博实结:关于持股5%以上股东、董事股份减持计划的预披露公告,股东/实际控制人股份减持,2026-05-08,https://data.eastmoney.com/notices/detail/301608/AN202605081822080280.html
博实结,301608,301608,博实结,博实结:2025年年度业绩说明会投资者关系活动记录表2026年4月20日,调研活动,2026-04-21,https://data.eastmoney.com/notices/detail/301608/AN202604211821383477.html
博实结,301608,301608,博实结,博实结:关于“质量回报双提升”行动方案的公告,其他,2026-04-21,https://data.eastmoney.com/notices/detail/301608/AN202604201821338915.html
博实结,301608,301608,博实结,博实结:会计师事务所对公司2025年度募集资金存放、管理与使用情况鉴证报告,保荐/核查意见,2026-04-21,https://data.eastmoney.com/notices/detail/301608/AN202604201821337465.html
博实结,301608,301608,博实结,博实结:国联民生证券承销保荐有限公司关于深圳市博实结科技股份有限公司2025年度持续督导跟踪报告,保荐/核查意见,2026-04-21,https://data.eastmoney.com/notices/detail/301608/AN202604201821337445.html
博实结,301608,301608,博实结,博实结:国联民生证券承销保荐有限公司关于深圳市博实结科技股份有限公司2025年度内部控制评价报告的核查意见,保荐/核查意见,2026-04-21,https://data.eastmoney.com/notices/detail/301608/AN202604201821337473.html
博实结,301608,301608,博实结,博实结:2025年度总经理工作报告,其他,2026-04-21,https://data.eastmoney.com/notices/detail/301608/AN202604201821337472.html
博实结,301608,301608,博实结,博实结:关于变更注册资本、修订《公司章程》并办理工商变更登记的公告,公司注册资本变更,2026-04-21,https://data.eastmoney.com/notices/detail/301608/AN202604201821337460.html
博实结,301608,301608,博实结,博实结:第二届董事会第十五次会议决议公告,分配预案,2026-04-21,https://data.eastmoney.com/notices/detail/301608/AN202604201821337446.html
博实结,301608,301608,博实结,博实结:2025年度董事会工作报告,其他,2026-04-21,https://data.eastmoney.com/notices/detail/301608/AN202604201821337449.html
博实结,301608,301608,博实结,博实结:公司章程(2026年4月),公司章程,2026-04-21,https://data.eastmoney.com/notices/detail/301608/AN202604201821337453.html
博实结,301608,301608,博实结,博实结:关于召开2025年年度股东会的通知,召开股东大会通知,2026-04-21,https://data.eastmoney.com/notices/detail/301608/AN202604201821337443.html
博实结,301608,301608,博实结,博实结:2025年度独立董事述职报告(宫兆辉),独立董事述职报告,2026-04-21,https://data.eastmoney.com/notices/detail/301608/AN202604201821337450.html
博实结,301608,301608,博实结,博实结:2025年度非经营性资金占用及其他关联资金往来情况汇总表,资金占用,2026-04-21,https://data.eastmoney.com/notices/detail/301608/AN202604201821337462.html
博实结,301608,301608,博实结,博实结:关于募集资金投资项目延期的公告,变更募集资金投资项目,2026-04-21,https://data.eastmoney.com/notices/detail/301608/AN202604201821337468.html
博实结,301608,301608,博实结,博实结:关于2025年度利润分配和资本公积金转增股本预案及授权董事会制定2026年中期分红方案的公告,分配预案,2026-04-21,https://data.eastmoney.com/notices/detail/301608/AN202604201821337454.html
博实结,301608,301608,博实结,博实结:2025年度内部控制评价报告,内部控制报告,2026-04-21,https://data.eastmoney.com/notices/detail/301608/AN202604201821337455.html
博实结,301608,301608,博实结,博实结:2025年年度报告,年度报告全文,2026-04-21,https://data.eastmoney.com/notices/detail/301608/AN202604201821337461.html
博实结,301608,301608,博实结,博实结:2025年年度审计报告,审计报告,2026-04-21,https://data.eastmoney.com/notices/detail/301608/AN202604201821337447.html
博实结,301608,301608,博实结,博实结:国联民生证券承销保荐有限公司关于深圳市博实结科技股份有限公司2025年度持续督导培训情况的报告,保荐/核查意见,2026-04-21,https://data.eastmoney.com/notices/detail/301608/AN202604201821337464.html
博实结,301608,301608,博实结,博实结:2026年一季度报告,一季度报告全文,2026-04-21,https://data.eastmoney.com/notices/detail/301608/AN202604201821337448.html
博实结,301608,301608,博实结,博实结:2025年度募集资金存放、管理与使用情况的专项报告,募集资金使用情况报告,2026-04-21,https://data.eastmoney.com/notices/detail/301608/AN202604201821337471.html
博实结,301608,301608,博实结,博实结:2025年年度报告摘要,年度报告摘要,2026-04-21,https://data.eastmoney.com/notices/detail/301608/AN202604201821337470.html
博实结,301608,301608,博实结,博实结:关于会计师事务所2025年度履职情况评估及董事会审计委员会履行监督职责情况报告,其他,2026-04-21,https://data.eastmoney.com/notices/detail/301608/AN202604201821337442.html
博实结,301608,301608,博实结,博实结:2025年度独立董事述职报告(师斌),独立董事述职报告,2026-04-21,https://data.eastmoney.com/notices/detail/301608/AN202604201821337451.html
博实结,301608,301608,博实结,博实结:2025年度独立董事述职报告(徐德明),独立董事述职报告,2026-04-21,https://data.eastmoney.com/notices/detail/301608/AN202604201821337458.html
博实结,301608,301608,博实结,博实结:国联民生证券承销保荐有限公司关于深圳市博实结科技股份有限公司2025年度募集资金存放、管理与使用情况的专项核查意见,保荐/核查意见,2026-04-21,https://data.eastmoney.com/notices/detail/301608/AN202604201821337456.html
博实结,301608,301608,博实结,博实结:容诚会计师事务所关于公司2025年度非经营性资金占用及其他关联资金往来情况专项说明,专项说明/独立意见,2026-04-21,https://data.eastmoney.com/notices/detail/301608/AN202604201821337466.html
博实结,301608,301608,博实结,博实结:关于续聘会计师事务所的公告,审计机构变更,2026-04-21,https://data.eastmoney.com/notices/detail/301608/AN202604201821337469.html
博实结,301608,301608,博实结,博实结:关于2026年度董事、高级管理人员薪酬的公告,其他,2026-04-21,https://data.eastmoney.com/notices/detail/301608/AN202604201821337457.html
博实结,301608,301608,博实结,博实结:关于独立董事独立性自查情况的专项报告,自查报告,2026-04-21,https://data.eastmoney.com/notices/detail/301608/AN202604201821337475.html
博实结,301608,301608,博实结,博实结:国联民生证券承销保荐有限公司关于深圳市博实结科技股份有限公司募集资金投资项目延期的核查意见,保荐/核查意见,2026-04-21,https://data.eastmoney.com/notices/detail/301608/AN202604201821337459.html
博实结,301608,301608,博实结,博实结:2025年度内部控制审计报告,审计报告,2026-04-21,https://data.eastmoney.com/notices/detail/301608/AN202604201821337463.html
博实结,301608,301608,博实结,博实结:国联民生证券承销保荐有限公司关于深圳市博实结科技股份有限公司2025年度持续督导定期现场检查报告,保荐/核查意见,2026-04-21,https://data.eastmoney.com/notices/detail/301608/AN202604201821337452.html
博实结,301608,301608,博实结,博实结:关于参加深圳证券交易所“优创新激活力·谱写民企发展新篇章”2025年度集体业绩说明会的公告,其他,2026-04-14,https://data.eastmoney.com/notices/detail/301608/AN202604141821184841.html
博实结,301608,301608,博实结,博实结:301608投资者关系活动记录表(2026年3月17日-2026年3月20日),调研活动,2026-03-23,https://data.eastmoney.com/notices/detail/301608/AN202603231820701198.html
博实结,301608,301608,博实结,博实结:301608投资者关系活动记录表2026年3月12日,调研活动,2026-03-13,https://data.eastmoney.com/notices/detail/301608/AN202603131820550665.html
博实结,301608,301608,博实结,博实结:国联民生证券承销保荐有限公司关于深圳市博实结科技股份有限公司开展外汇套期保值业务的核查意见,保荐/核查意见,2026-02-27,https://data.eastmoney.com/notices/detail/301608/AN202602271820100517.html
博实结,301608,301608,博实结,博实结:关于公司及子公司向金融机构申请综合授信额度的公告,借贷,2026-02-27,https://data.eastmoney.com/notices/detail/301608/AN202602271820100520.html
博实结,301608,301608,博实结,博实结:关于开展外汇套期保值业务的公告,其他,2026-02-27,https://data.eastmoney.com/notices/detail/301608/AN202602271820100516.html
博实结,301608,301608,博实结,博实结:第二届董事会第十四次会议决议公告,董事会决议公告,2026-02-27,https://data.eastmoney.com/notices/detail/301608/AN202602271820100515.html
博实结,301608,301608,博实结,博实结:关于开展外汇套期保值业务的可行性分析报告,其他,2026-02-27,https://data.eastmoney.com/notices/detail/301608/AN202602271820100518.html
博实结,301608,301608,博实结,博实结:关于开立募集资金现金管理专用结算账户并签署募集资金四方监管协议的公告,签订协议,2026-02-09,https://data.eastmoney.com/notices/detail/301608/AN202602091819833871.html
博实结,301608,301608,博实结,博实结:301608投资者关系活动记录表2026年1月29日,调研活动,2026-01-30,https://data.eastmoney.com/notices/detail/301608/AN202601301818582825.html
博实结,301608,301608,博实结,博实结:301608投资者关系活动记录表2026年1月15日,调研活动,2026-01-16,https://data.eastmoney.com/notices/detail/301608/AN202601161817744312.html
博实结,301608,301608,博实结,博实结:301608投资者关系活动记录表（2026年1月8日-2026年1月9日）,调研活动,2026-01-09,https://data.eastmoney.com/notices/detail/301608/AN202601091816885558.html
博实结,301608,301608,博实结,博实结:301608投资者关系活动记录表（2025年12月24日-2025年12月25日）,调研活动,2025-12-26,https://data.eastmoney.com/notices/detail/301608/AN202512261808604139.html
博实结,301608,301608,博实结,博实结:北京市中伦(深圳)律师事务所关于深圳市博实结科技股份有限公司2025年第二次临时股东会的法律意见书,法律意见书,2025-12-25,https://data.eastmoney.com/notices/detail/301608/AN202512251807954564.html
博实结,301608,301608,博实结,博实结:2025年第二次临时股东会决议公告,股东大会决议公告,2025-12-25,https://data.eastmoney.com/notices/detail/301608/AN202512251807954561.html
博实结,301608,301608,博实结,博实结:301608投资者关系活动记录表（2025年12月9日-2025年12月11日）,调研活动,2025-12-12,https://data.eastmoney.com/notices/detail/301608/AN202512121799070185.html
博实结,301608,301608,博实结,博实结:关于召开2025年第二次临时股东会的通知,召开股东大会通知,2025-12-09,https://data.eastmoney.com/notices/detail/301608/AN202512081796390161.html
博实结,301608,301608,博实结,博实结:第二届董事会第十三次会议决议公告,董事会决议公告,2025-12-09,https://data.eastmoney.com/notices/detail/301608/AN202512081796390205.html
博实结,301608,301608,博实结,博实结:关于使用部分闲置自有资金进行现金管理的公告,投资理财,2025-12-09,https://data.eastmoney.com/notices/detail/301608/AN202512081796390194.html
博实结,301608,301608,博实结,博实结:国联民生证券承销保荐有限公司关于深圳市博实结科技股份有限公司使用部分闲置自有资金进行现金管理的核查意见,保荐/核查意见,2025-12-09,https://data.eastmoney.com/notices/detail/301608/AN202512081796390147.html
博实结,301608,301608,博实结,博实结:301608投资者关系活动记录表2025年12月2日,调研活动,2025-12-03,https://data.eastmoney.com/notices/detail/301608/AN202512031793173429.html
博实结,301608,301608,博实结,博实结:301608投资者关系活动记录表2025年11月26日,调研活动,2025-11-27,https://data.eastmoney.com/notices/detail/301608/AN202511271789329612.html
博实结,301608,301608,博实结,博实结:301608投资者关系活动记录表2025年11月13日,调研活动,2025-11-13,https://data.eastmoney.com/notices/detail/301608/AN202511131780573368.html
博实结,301608,301608,博实结,博实结:301608投资者关系活动记录表2025年11月11日,调研活动,2025-11-12,https://data.eastmoney.com/notices/detail/301608/AN202511121779938584.html
博实结,301608,301608,博实结,博实结:301608投资者关系活动记录表2025年11月4日,调研活动,2025-11-05,https://data.eastmoney.com/notices/detail/301608/AN202511051775637512.html
博实结,301608,301608,博实结,博实结:301608投资者关系活动记录表（2025年10月24日-2025年10月28日）,调研活动,2025-10-29,https://data.eastmoney.com/notices/detail/301608/AN202510291771283743.html
博实结,301608,301608,博实结,博实结:第二届董事会第十二次会议决议公告,董事会决议公告,2025-10-24,https://data.eastmoney.com/notices/detail/301608/AN202510231767599366.html
博实结,301608,301608,博实结,博实结:2025年三季度报告,三季度报告全文,2025-10-24,https://data.eastmoney.com/notices/detail/301608/AN202510231767599367.html
博实结,301608,301608,博实结,博实结:301608投资者关系活动记录表（2025年10月15日-2025年10月16日）,调研活动,2025-10-16,https://data.eastmoney.com/notices/detail/301608/AN202510161763332716.html
博实结,301608,301608,博实结,博实结:301608投资者关系活动记录表（2025年9月23日-2025年9月25日）,调研活动,2025-09-25,https://data.eastmoney.com/notices/detail/301608/AN202509251750405041.html
博实结,301608,301608,博实结,博实结:301608投资者关系活动记录表2025年9月17日,调研活动,2025-09-19,https://data.eastmoney.com/notices/detail/301608/AN202509191746690394.html
博实结,301608,301608,博实结,博实结:关于公司股东股份减持计划实施完成的公告,股东/实际控制人股份减持,2025-09-18,https://data.eastmoney.com/notices/detail/301608/AN202509181746178748.html
博实结,301608,301608,博实结,博实结:民生证券股份有限公司关于深圳市博实结科技股份有限公司使用部分闲置募集资金进行现金管理的核查意见,保荐/核查意见,2025-09-12,https://data.eastmoney.com/notices/detail/301608/AN202509121742505723.html
博实结,301608,301608,博实结,博实结:关于使用部分闲置募集资金进行现金管理的公告,投资理财,2025-09-12,https://data.eastmoney.com/notices/detail/301608/AN202509121742505708.html
博实结,301608,301608,博实结,博实结:第二届董事会第十一次会议决议公告,董事会决议公告,2025-09-12,https://data.eastmoney.com/notices/detail/301608/AN202509121742505711.html
博实结,301608,301608,博实结,博实结:301608投资者关系活动记录表2025年9月12日,调研活动,2025-09-12,https://data.eastmoney.com/notices/detail/301608/AN202509121742455190.html
博实结,301608,301608,博实结,博实结:关于持股5%以上股东权益变动触及1%整数倍的公告,权益变动报告书,2025-09-11,https://data.eastmoney.com/notices/detail/301608/AN202509111741770846.html
博实结,301608,301608,博实结,博实结:301608投资者关系活动记录表（2025年9月8日-2025年9月11日）,调研活动,2025-09-11,https://data.eastmoney.com/notices/detail/301608/AN202509111741869983.html
博实结,301608,301608,博实结,博实结:2025年半年度权益分派实施公告,分配方案实施,2025-09-01,https://data.eastmoney.com/notices/detail/301608/AN202509011737713907.html
博实结,301608,301608,博实结,博实结:301608投资者关系活动记录表（2025年8月28日-2025年8月29日）,调研活动,2025-08-29,https://data.eastmoney.com/notices/detail/301608/AN202508291736529166.html
博实结,301608,301608,博实结,博实结:董事会决议公告,分配预案,2025-08-28,https://data.eastmoney.com/notices/detail/301608/AN202508271735507436.html
博实结,301608,301608,博实结,博实结:关于2025年半年度利润分配方案的公告,分配预案,2025-08-28,https://data.eastmoney.com/notices/detail/301608/AN202508271735507445.html
博实结,301608,301608,博实结,博实结:民生证券股份有限公司关于深圳市博实结科技股份有限公司2025年半年度持续督导跟踪报告,保荐/核查意见,2025-08-28,https://data.eastmoney.com/notices/detail/301608/AN202508271735507434.html
博实结,301608,301608,博实结,博实结:2025年半年度募集资金半年度存放、管理与使用情况的专项报告,募集资金使用情况报告,2025-08-28,https://data.eastmoney.com/notices/detail/301608/AN202508271735507446.html
博实结,301608,301608,博实结,博实结:关于会计估计变更的公告,其他,2025-08-28,https://data.eastmoney.com/notices/detail/301608/AN202508271735507433.html
博实结,301608,301608,博实结,博实结:2025年半年度非经营性资金占用及其他关联资金往来情况汇总表,资金占用,2025-08-28,https://data.eastmoney.com/notices/detail/301608/AN202508271735507427.html
博实结,301608,301608,博实结,博实结:2025年半年度报告,半年度报告全文,2025-08-28,https://data.eastmoney.com/notices/detail/301608/AN202508271735507443.html
博实结,301608,301608,博实结,博实结:2025年半年度报告摘要,半年度报告摘要,2025-08-28,https://data.eastmoney.com/notices/detail/301608/AN202508271735507441.html
博实结,301608,301608,博实结,博实结:关于完成工商变更登记的公告,公司其他基本信息变更,2025-08-26,https://data.eastmoney.com/notices/detail/301608/AN202508251734185740.html
博实结,301608,301608,博实结,博实结:关于公司股东股份减持计划预披露的公告,股东/实际控制人股份减持,2025-08-15,https://data.eastmoney.com/notices/detail/301608/AN202508141727522316.html
博实结,301608,301608,博实结,博实结:关于选举职工代表董事的公告,高管人员任职变动,2025-08-08,https://data.eastmoney.com/notices/detail/301608/AN202508081723822045.html
博实结,301608,301608,博实结,博实结:2025年第一次临时股东大会决议公告,股东大会决议公告,2025-08-08,https://data.eastmoney.com/notices/detail/301608/AN202508081723822043.html
博实结,301608,301608,博实结,博实结:北京市中伦(深圳)律师事务所关于深圳市博实结科技股份有限公司2025年第一次临时股东大会的法律意见书,法律意见书,2025-08-08,https://data.eastmoney.com/notices/detail/301608/AN202508081723822044.html
博实结,301608,301608,博实结,博实结:关于部分首次公开发行前已发行股份及首次公开发行战略配售股份上市流通的提示性公告,限售股份上市流通,2025-07-30,https://data.eastmoney.com/notices/detail/301608/AN202507301718426797.html
博实结,301608,301608,博实结,博实结:民生证券股份有限公司关于深圳市博实结科技股份有限公司部分首次公开发行前已发行股份及首次公开发行战略配售股份上市流通的核查意见,保荐/核查意见,2025-07-30,https://data.eastmoney.com/notices/detail/301608/AN202507301718426770.html
博实结,301608,301608,博实结,博实结:对外担保管理制度(2025年7月),管理办法/制度,2025-07-24,https://data.eastmoney.com/notices/detail/301608/AN202507231714285714.html
博实结,301608,301608,博实结,博实结:对外提供财务资助制度(2025年7月),获得补贴（资助）,2025-07-24,https://data.eastmoney.com/notices/detail/301608/AN202507231714285731.html
博实结,301608,301608,博实结,博实结:对外投资管理制度(2025年7月),管理办法/制度,2025-07-24,https://data.eastmoney.com/notices/detail/301608/AN202507231714285718.html
博实结,301608,301608,博实结,博实结:关于召开2025年第一次临时股东会通知的公告,召开股东大会通知,2025-07-24,https://data.eastmoney.com/notices/detail/301608/AN202507231714285715.html
博实结,301608,301608,博实结,博实结:关联交易管理制度(2025年7月),管理办法/制度,2025-07-24,https://data.eastmoney.com/notices/detail/301608/AN202507231714285729.html
博实结,301608,301608,博实结,博实结:募集资金管理制度(2025年7月),管理办法/制度,2025-07-24,https://data.eastmoney.com/notices/detail/301608/AN202507231714285709.html
博实结,301608,301608,博实结,博实结:控股子公司管理制度(2025年7月),管理办法/制度,2025-07-24,https://data.eastmoney.com/notices/detail/301608/AN202507231714285716.html
博实结,301608,301608,博实结,博实结:外汇套期保值业务管理制度(2025年7月),管理办法/制度,2025-07-24,https://data.eastmoney.com/notices/detail/301608/AN202507231714285736.html
博实结,301608,301608,博实结,博实结:独立董事制度(2025年7月),管理办法/制度,2025-07-24,https://data.eastmoney.com/notices/detail/301608/AN202507231714285735.html
博实结,301608,301608,博实结,博实结:董事会提名委员会工作细则(2025年7月),议事规则/实施细则,2025-07-24,https://data.eastmoney.com/notices/detail/301608/AN202507231714285708.html
博实结,301608,301608,博实结,博实结:总经理工作细则(2025年7月),议事规则/实施细则,2025-07-24,https://data.eastmoney.com/notices/detail/301608/AN202507231714285726.html
博实结,301608,301608,博实结,博实结:内部审计制度(2025年7月),管理办法/制度,2025-07-24,https://data.eastmoney.com/notices/detail/301608/AN202507231714285725.html
博实结,301608,301608,博实结,博实结:董事会战略委员会工作细则(2025年7月),议事规则/实施细则,2025-07-24,https://data.eastmoney.com/notices/detail/301608/AN202507231714285724.html
博实结,301608,301608,博实结,博实结:公司章程(2025年7月),公司章程,2025-07-24,https://data.eastmoney.com/notices/detail/301608/AN202507231714285711.html
博实结,301608,301608,博实结,博实结:董事会秘书工作制度(2025年7月),管理办法/制度,2025-07-24,https://data.eastmoney.com/notices/detail/301608/AN202507231714285717.html
博实结,301608,301608,博实结,博实结:投资者来访接待管理制度(2025年7月),管理办法/制度,2025-07-24,https://data.eastmoney.com/notices/detail/301608/AN202507231714285727.html
博实结,301608,301608,博实结,博实结:独立董事专门会议制度(2025年7月),管理办法/制度,2025-07-24,https://data.eastmoney.com/notices/detail/301608/AN202507231714285733.html
博实结,301608,301608,博实结,博实结:委托理财管理制度(2025年7月),管理办法/制度,2025-07-24,https://data.eastmoney.com/notices/detail/301608/AN202507231714285732.html
博实结,301608,301608,博实结,博实结:董事会审计委员会工作细则(2025年7月),议事规则/实施细则,2025-07-24,https://data.eastmoney.com/notices/detail/301608/AN202507231714285720.html
博实结,301608,301608,博实结,博实结:会计师事务所选聘制度(2025年7月),管理办法/制度,2025-07-24,https://data.eastmoney.com/notices/detail/301608/AN202507231714285719.html
博实结,301608,301608,博实结,博实结:董事会薪酬与考核委员会工作细则(2025年7月),议事规则/实施细则,2025-07-24,https://data.eastmoney.com/notices/detail/301608/AN202507231714285728.html
博实结,301608,301608,博实结,博实结:第二届董事会第九次会议决议公告,董事会决议公告,2025-07-24,https://data.eastmoney.com/notices/detail/301608/AN202507231714285721.html
博实结,301608,301608,博实结,博实结:内幕信息知情人登记管理制度(2025年7月),管理办法/制度,2025-07-24,https://data.eastmoney.com/notices/detail/301608/AN202507231714285730.html
博实结,301608,301608,博实结,博实结:关于修订《公司章程》并办理工商变更登记及制定、修订部分治理制度的公告,公司章程修订,2025-07-24,https://data.eastmoney.com/notices/detail/301608/AN202507231714285710.html
博实结,301608,301608,博实结,博实结:内部控制制度(2025年7月),内部控制报告,2025-07-24,https://data.eastmoney.com/notices/detail/301608/AN202507231714285707.html
博实结,301608,301608,博实结,博实结:信息披露管理制度(2025年7月),管理办法/制度,2025-07-24,https://data.eastmoney.com/notices/detail/301608/AN202507231714285723.html
博实结,301608,301608,博实结,博实结:股东会议事规则(2025年7月),议事规则/实施细则,2025-07-24,https://data.eastmoney.com/notices/detail/301608/AN202507231714285712.html
博实结,301608,301608,博实结,博实结:年报信息披露重大差错责任追究制度(2025年7月),管理办法/制度,2025-07-24,https://data.eastmoney.com/notices/detail/301608/AN202507231714285713.html
博实结,301608,301608,博实结,博实结:董事会议事规则(2025年7月),议事规则/实施细则,2025-07-24,https://data.eastmoney.com/notices/detail/301608/AN202507231714285722.html
博实结,301608,301608,博实结,博实结:301608投资者关系活动记录表2025年7月16日,调研活动,2025-07-16,https://data.eastmoney.com/notices/detail/301608/AN202507161710099817.html
博实结,301608,301608,博实结,博实结:301608投资者关系活动记录表2025年7月14日,调研活动,2025-07-14,https://data.eastmoney.com/notices/detail/301608/AN202507141708842882.html
博实结,301608,301608,博实结,博实结:301608投资者关系活动记录表2025年7月8日,调研活动,2025-07-08,https://data.eastmoney.com/notices/detail/301608/AN202507081705262906.html
博实结,301608,301608,博实结,博实结:301608投资者关系活动记录表2025年7月3日,调研活动,2025-07-03,https://data.eastmoney.com/notices/detail/301608/AN202507031702350366.html
博实结,301608,301608,博实结,博实结:301608投资者关系活动记录表2025年7月2日,调研活动,2025-07-02,https://data.eastmoney.com/notices/detail/301608/AN202507021701656001.html
博实结,301608,301608,博实结,博实结:301608投资者关系活动记录表2025年6月30日,调研活动,2025-06-30,https://data.eastmoney.com/notices/detail/301608/AN202506301700467759.html
博实结,301608,301608,博实结,博实结:301608投资者关系活动记录表2025年6月27日,调研活动,2025-06-27,https://data.eastmoney.com/notices/detail/301608/AN202506271698661745.html
博实结,301608,301608,博实结,博实结:301608投资者关系活动记录表2025年6月25日,调研活动,2025-06-25,https://data.eastmoney.com/notices/detail/301608/AN202506251697500041.html
博实结,301608,301608,博实结,博实结:301608投资者关系活动记录表2025年6月19日,调研活动,2025-06-19,https://data.eastmoney.com/notices/detail/301608/AN202506191693921081.html
博实结,301608,301608,博实结,博实结:301608投资者关系活动记录表2025年6月18日,调研活动,2025-06-18,https://data.eastmoney.com/notices/detail/301608/AN202506181693316664.html
博实结,301608,301608,博实结,博实结:301608投资者关系活动记录表2025年6月11日,调研活动,2025-06-11,https://data.eastmoney.com/notices/detail/301608/AN202506111688926438.html
博实结,301608,301608,博实结,博实结:301608投资者关系活动记录表2025年6月10日,调研活动,2025-06-10,https://data.eastmoney.com/notices/detail/301608/AN202506101688366866.html
博实结,301608,301608,博实结,博实结:301608投资者关系活动记录表2025年6月9日,调研活动,2025-06-09,https://data.eastmoney.com/notices/detail/301608/AN202506091687666019.html
博实结,301608,301608,博实结,博实结:301608投资者关系活动记录表2025年6月6日,调研活动,2025-06-06,https://data.eastmoney.com/notices/detail/301608/AN202506061685910195.html
博实结,301608,301608,博实结,博实结:301608投资者关系活动记录表2025年6月5日,调研活动,2025-06-05,https://data.eastmoney.com/notices/detail/301608/AN202506051685376785.html
博实结,301608,301608,博实结,博实结:301608投资者关系活动记录表2025年5月26日,调研活动,2025-05-26,https://data.eastmoney.com/notices/detail/301608/AN202505261679568712.html
博实结,301608,301608,博实结,博实结:2024年年度权益分派实施公告,分配方案实施,2025-05-16,https://data.eastmoney.com/notices/detail/301608/AN202505151673336640.html
博实结,301608,301608,博实结,博实结:北京市中伦(深圳)律师事务所关于深圳市博实结科技股份有限公司2024年年度股东大会的法律意见书,法律意见书,2025-05-14,https://data.eastmoney.com/notices/detail/301608/AN202505141672825545.html
博实结,301608,301608,博实结,博实结:2024年年度股东大会决议公告,分配方案决议公告,2025-05-14,https://data.eastmoney.com/notices/detail/301608/AN202505141672825544.html
博实结,301608,301608,博实结,博实结:301608投资者关系活动记录表2025年5月13日,调研活动,2025-05-13,https://data.eastmoney.com/notices/detail/301608/AN202505131672256833.html
博实结,301608,301608,博实结,博实结:301608投资者关系活动记录表2025年5月12日,调研活动,2025-05-12,https://data.eastmoney.com/notices/detail/301608/AN202505121671696856.html
博实结,301608,301608,博实结,博实结:301608投资者关系活动记录表2025年5月8日,调研活动,2025-05-08,https://data.eastmoney.com/notices/detail/301608/AN202505081669612063.html
博实结,301608,301608,博实结,博实结:2024年年度网上业绩说明会投资者关系活动记录表2025年5月7日,调研活动,2025-05-07,https://data.eastmoney.com/notices/detail/301608/AN202505071669033814.html
博实结,301608,301608,博实结,博实结:关于举办2024年年度网上业绩说明会的公告,其他,2025-04-28,https://data.eastmoney.com/notices/detail/301608/AN202504281663898548.html
博实结,301608,301608,博实结,博实结:301608投资者关系活动记录表2025年4月24日,调研活动,2025-04-24,https://data.eastmoney.com/notices/detail/301608/AN202504241661737276.html
博实结,301608,301608,博实结,博实结:民生证券股份有限公司关于深圳市博实结科技股份有限公司2024年度内部控制评价报告的核查意见,保荐/核查意见,2025-04-23,https://data.eastmoney.com/notices/detail/301608/AN202504221660523886.html
博实结,301608,301608,博实结,博实结:2024年度内部控制审计报告,审计报告,2025-04-23,https://data.eastmoney.com/notices/detail/301608/AN202504221660523906.html
博实结,301608,301608,博实结,博实结:民生证券股份有限公司关于深圳市博实结科技股份有限公司2024年度持续督导跟踪报告,保荐/核查意见,2025-04-23,https://data.eastmoney.com/notices/detail/301608/AN202504221660523890.html
博实结,301608,301608,博实结,博实结:董事会决议公告,分配预案,2025-04-23,https://data.eastmoney.com/notices/detail/301608/AN202504221660523899.html
博实结,301608,301608,博实结,博实结:董事会审计委员会对会计师事务所2024年度履职情况评估和履行监督职责情况报告,其他,2025-04-23,https://data.eastmoney.com/notices/detail/301608/AN202504221660523883.html
博实结,301608,301608,博实结,博实结:监事会决议公告,监事会决议公告,2025-04-23,https://data.eastmoney.com/notices/detail/301608/AN202504221660523902.html
博实结,301608,301608,博实结,博实结:关于续聘会计师事务所的公告,审计机构变更,2025-04-23,https://data.eastmoney.com/notices/detail/301608/AN202504221660523885.html
博实结,301608,301608,博实结,博实结:关于开展外汇套期保值业务的可行性分析报告,其他,2025-04-23,https://data.eastmoney.com/notices/detail/301608/AN202504221660523876.html
博实结,301608,301608,博实结,博实结:关于2024年度利润分配预案及授权董事会制定2025年中期分红方案的公告,分配预案,2025-04-23,https://data.eastmoney.com/notices/detail/301608/AN202504221660523897.html
博实结,301608,301608,博实结,博实结:关于会计政策变更的公告,其他,2025-04-23,https://data.eastmoney.com/notices/detail/301608/AN202504221660523900.html
博实结,301608,301608,博实结,博实结:深圳市博实结科技股份有限公司2024年度独立董事述职报告(师斌),独立董事述职报告,2025-04-23,https://data.eastmoney.com/notices/detail/301608/AN202504221660523880.html
博实结,301608,301608,博实结,博实结:2025年一季度报告,一季度报告全文,2025-04-23,https://data.eastmoney.com/notices/detail/301608/AN202504221660523903.html
博实结,301608,301608,博实结,博实结:关于开展外汇套期保值业务的公告,其他,2025-04-23,https://data.eastmoney.com/notices/detail/301608/AN202504221660523884.html
博实结,301608,301608,博实结,博实结:2024年年度报告,年度报告全文,2025-04-23,https://data.eastmoney.com/notices/detail/301608/AN202504221660523905.html
博实结,301608,301608,博实结,博实结:2024年年度审计报告,审计报告,2025-04-23,https://data.eastmoney.com/notices/detail/301608/AN202504221660523888.html
博实结,301608,301608,博实结,博实结:深圳市博实结科技股份有限公司2024年度独立董事述职报告(徐德明),独立董事述职报告,2025-04-23,https://data.eastmoney.com/notices/detail/301608/AN202504221660523908.html
博实结,301608,301608,博实结,博实结:2024年度内部控制评价报告,内部控制报告,2025-04-23,https://data.eastmoney.com/notices/detail/301608/AN202504221660523892.html
博实结,301608,301608,博实结,博实结:深圳市博实结科技股份有限公司2024年度独立董事述职报告(宫兆辉),独立董事述职报告,2025-04-23,https://data.eastmoney.com/notices/detail/301608/AN202504221660523881.html
博实结,301608,301608,博实结,博实结:容诚会计师事务所关于公司2024年度非经营性资金占用及其他关联资金往来情况专项说明,专项说明/独立意见,2025-04-23,https://data.eastmoney.com/notices/detail/301608/AN202504221660523901.html
博实结,301608,301608,博实结,博实结:民生证券股份有限公司关于深圳市博实结科技股份有限公司开展外汇套期保值业务的核查意见,保荐/核查意见,2025-04-23,https://data.eastmoney.com/notices/detail/301608/AN202504221660523896.html
博实结,301608,301608,博实结,博实结:2024年度总经理工作报告,其他,2025-04-23,https://data.eastmoney.com/notices/detail/301608/AN202504221660523878.html
博实结,301608,301608,博实结,博实结:民生证券股份有限公司关于深圳市博实结科技股份有限公司2024年度募集资金存放与使用情况的专项核查意见,保荐/核查意见,2025-04-23,https://data.eastmoney.com/notices/detail/301608/AN202504221660523898.html
博实结,301608,301608,博实结,博实结:2024年度非经营性资金占用及其他关联资金往来情况汇总表,资金占用,2025-04-23,https://data.eastmoney.com/notices/detail/301608/AN202504221660523879.html
博实结,301608,301608,博实结,博实结:2024年度监事会工作报告,其他,2025-04-23,https://data.eastmoney.com/notices/detail/301608/AN202504221660523893.html
博实结,301608,301608,博实结,博实结:关于召开2024年年度股东大会通知的公告,召开股东大会通知,2025-04-23,https://data.eastmoney.com/notices/detail/301608/AN202504221660523874.html
博实结,301608,301608,博实结,博实结:董事会对独董独立性评估的专项意见,专项说明/独立意见,2025-04-23,https://data.eastmoney.com/notices/detail/301608/AN202504221660523875.html
博实结,301608,301608,博实结,博实结:关于2025年度董事、监事、高级管理人员薪酬的公告,其他,2025-04-23,https://data.eastmoney.com/notices/detail/301608/AN202504221660523907.html
博实结,301608,301608,博实结,博实结:2024年度募集资金年度存放与使用情况专项报告,募集资金使用情况报告,2025-04-23,https://data.eastmoney.com/notices/detail/301608/AN202504221660523891.html
博实结,301608,301608,博实结,博实结:深圳市博实结科技股份有限公司外汇套期保值业务管理制度,管理办法/制度,2025-04-23,https://data.eastmoney.com/notices/detail/301608/AN202504221660523887.html
博实结,301608,301608,博实结,博实结:容诚会计师事务所(特殊普通合伙)关于公司2024年度募集资金存放与使用情况的鉴证报告,保荐/核查意见,2025-04-23,https://data.eastmoney.com/notices/detail/301608/AN202504221660523877.html
博实结,301608,301608,博实结,博实结:2024年度董事会工作报告,其他,2025-04-23,https://data.eastmoney.com/notices/detail/301608/AN202504221660523894.html
博实结,301608,301608,博实结,博实结:2024年年度报告摘要,年度报告摘要,2025-04-23,https://data.eastmoney.com/notices/detail/301608/AN202504221660523895.html
博实结,301608,301608,博实结,博实结:301608投资者关系活动记录表2025年3月6日,调研活动,2025-03-06,https://data.eastmoney.com/notices/detail/301608/AN202503061644116945.html
博实结,301608,301608,博实结,博实结:301608投资者关系活动记录表2025年3月5日,调研活动,2025-03-05,https://data.eastmoney.com/notices/detail/301608/AN202503051644083612.html
博实结,301608,301608,博实结,博实结:301608投资者关系活动记录表2025年3月4日,调研活动,2025-03-04,https://data.eastmoney.com/notices/detail/301608/AN202503041644047130.html
博实结,301608,301608,博实结,博实结:关于公司及子公司向金融机构申请综合授信额度的公告,借贷,2025-02-28,https://data.eastmoney.com/notices/detail/301608/AN202502281643609892.html
博实结,301608,301608,博实结,博实结:第二届董事会第七次会议决议公告,董事会决议公告,2025-02-28,https://data.eastmoney.com/notices/detail/301608/AN202502281643609889.html
博实结,301608,301608,博实结,博实结:301608投资者关系活动记录表2025年2月12日,调研活动,2025-02-12,https://data.eastmoney.com/notices/detail/301608/AN202502121643024568.html
博实结,301608,301608,博实结,博实结:301608投资者关系活动记录表2025年2月11日,调研活动,2025-02-11,https://data.eastmoney.com/notices/detail/301608/AN202502111642981978.html
博实结,301608,301608,博实结,博实结:301608投资者关系活动记录表2025年2月10日,调研活动,2025-02-10,https://data.eastmoney.com/notices/detail/301608/AN202502101642943647.html
博实结,301608,301608,博实结,博实结:关于首次公开发行网下发行限售股份上市流通的提示性公告,限售股份上市流通,2025-01-24,https://data.eastmoney.com/notices/detail/301608/AN202501241642528837.html
博实结,301608,301608,博实结,博实结:民生证券股份有限公司关于深圳市博实结科技股份有限公司首次公开发行网下发行限售股份上市流通的核查意见,保荐/核查意见,2025-01-24,https://data.eastmoney.com/notices/detail/301608/AN202501241642528834.html
博实结,301608,301608,博实结,博实结:民生证券股份有限公司关于深圳市博实结科技股份有限公司2024年度持续督导培训情况的报告,保荐/核查意见,2024-12-31,https://data.eastmoney.com/notices/detail/301608/AN202412311641490441.html
博实结,301608,301608,博实结,博实结:民生证券股份有限公司关于深圳市博实结科技股份有限公司2024年度持续督导定期现场检查报告,保荐/核查意见,2024-12-31,https://data.eastmoney.com/notices/detail/301608/AN202412311641490438.html
博实结,301608,301608,博实结,博实结:北京市中伦(深圳)律师事务所关于深圳市博实结科技股份有限公司2024年第十次临时股东大会的法律意见书,法律意见书,2024-12-27,https://data.eastmoney.com/notices/detail/301608/AN202412271641454865.html
博实结,301608,301608,博实结,博实结:2024年第十次临时股东大会决议公告,股东大会决议公告,2024-12-27,https://data.eastmoney.com/notices/detail/301608/AN202412271641454869.html
博实结,301608,301608,博实结,博实结:民生证券股份有限公司关于深圳市博实结科技股份有限公司使用部分闲置自有资金进行现金管理的核查意见,保荐/核查意见,2024-12-11,https://data.eastmoney.com/notices/detail/301608/AN202412101641248292.html
博实结,301608,301608,博实结,博实结:第二届监事会第五次会议决议公告,监事会决议公告,2024-12-11,https://data.eastmoney.com/notices/detail/301608/AN202412101641248290.html
博实结,301608,301608,博实结,博实结:第二届董事会第六次会议决议公告,董事会决议公告,2024-12-11,https://data.eastmoney.com/notices/detail/301608/AN202412101641248289.html
博实结,301608,301608,博实结,博实结:关于使用部分闲置自有资金进行现金管理的公告,投资理财,2024-12-11,https://data.eastmoney.com/notices/detail/301608/AN202412101641248288.html
博实结,301608,301608,博实结,博实结:关于召开2024年第十次临时股东大会通知的公告,召开股东大会通知,2024-12-11,https://data.eastmoney.com/notices/detail/301608/AN202412101641248291.html
博实结,301608,301608,博实结,博实结:301608投资者关系活动记录表2024年11月15日,调研活动,2024-11-15,https://data.eastmoney.com/notices/detail/301608/AN202411151640917684.html
博实结,301608,301608,博实结,博实结:北京市中伦(深圳)律师事务所关于深圳市博实结科技股份有限公司2024年第九次临时股东大会的法律意见书,法律意见书,2024-11-13,https://data.eastmoney.com/notices/detail/301608/AN202411131640862191.html
博实结,301608,301608,博实结,博实结:2024年第九次临时股东大会决议公告,股东大会决议公告,2024-11-13,https://data.eastmoney.com/notices/detail/301608/AN202411131640862207.html
博实结,301608,301608,博实结,博实结:301608投资者关系活动记录表2024年11月11日,调研活动,2024-11-11,https://data.eastmoney.com/notices/detail/301608/AN202411111640819069.html
博实结,301608,301608,博实结,博实结:301608投资者关系活动记录表2024年10月28日,调研活动,2024-10-28,https://data.eastmoney.com/notices/detail/301608/AN202410281640545590.html
博实结,301608,301608,博实结,博实结:关于聘任2024年度审计机构的公告,审计机构变更,2024-10-28,https://data.eastmoney.com/notices/detail/301608/AN202410271640527125.html
博实结,301608,301608,博实结,博实结:第二届董事会第五次会议决议公告,董事会决议公告,2024-10-28,https://data.eastmoney.com/notices/detail/301608/AN202410271640527079.html
博实结,301608,301608,博实结,博实结:2024年三季度报告,三季度报告全文,2024-10-28,https://data.eastmoney.com/notices/detail/301608/AN202410271640527302.html
博实结,301608,301608,博实结,博实结:第二届监事会第四次会议决议公告,监事会决议公告,2024-10-28,https://data.eastmoney.com/notices/detail/301608/AN202410271640527240.html
博实结,301608,301608,博实结,博实结:关于召开2024年第九次临时股东大会通知的公告,召开股东大会通知,2024-10-28,https://data.eastmoney.com/notices/detail/301608/AN202410271640527235.html
博实结,301608,301608,博实结,博实结:关于完成工商变更登记并换发营业执照的公告,公司注册资本变更,2024-10-25,https://data.eastmoney.com/notices/detail/301608/AN202410241640467698.html
博实结,301608,301608,博实结,博实结:北京市中伦(深圳)律师事务所关于深圳市博实结科技股份有限公司2024年第八次临时股东大会的法律意见书,法律意见书,2024-10-16,https://data.eastmoney.com/notices/detail/301608/AN202410161640329018.html
博实结,301608,301608,博实结,博实结:2024年第八次临时股东大会决议公告,股东大会决议公告,2024-10-16,https://data.eastmoney.com/notices/detail/301608/AN202410161640329019.html
博实结,301608,301608,博实结,博实结:301608博实结投资者关系活动记录表20241014,调研活动,2024-10-14,https://data.eastmoney.com/notices/detail/301608/AN202410141640290774.html
博实结,301608,301608,博实结,博实结:独立董事专门会议制度,管理办法/制度,2024-09-30,https://data.eastmoney.com/notices/detail/301608/AN202409291640093464.html
博实结,301608,301608,博实结,博实结:独立董事制度,管理办法/制度,2024-09-30,https://data.eastmoney.com/notices/detail/301608/AN202409291640093457.html
博实结,301608,301608,博实结,博实结:董事会薪酬与考核委员会工作细则,议事规则/实施细则,2024-09-30,https://data.eastmoney.com/notices/detail/301608/AN202409291640093469.html
博实结,301608,301608,博实结,博实结:委托理财管理制度,管理办法/制度,2024-09-30,https://data.eastmoney.com/notices/detail/301608/AN202409291640093462.html
博实结,301608,301608,博实结,博实结:第二届监事会第三次会议决议公告,监事会决议公告,2024-09-30,https://data.eastmoney.com/notices/detail/301608/AN202409291640093473.html
博实结,301608,301608,博实结,博实结:募集资金管理制度,管理办法/制度,2024-09-30,https://data.eastmoney.com/notices/detail/301608/AN202409291640093482.html
博实结,301608,301608,博实结,博实结:董事会审计委员会工作细则,议事规则/实施细则,2024-09-30,https://data.eastmoney.com/notices/detail/301608/AN202409291640093459.html
博实结,301608,301608,博实结,博实结:民生证券股份有限公司关于深圳市博实结科技股份有限公司使用募集资金置换预先投入募投项目及已支付发行费用的自筹资金的核查意见,保荐/核查意见,2024-09-30,https://data.eastmoney.com/notices/detail/301608/AN202409291640093491.html
博实结,301608,301608,博实结,博实结:董事会提名委员会工作细则,议事规则/实施细则,2024-09-30,https://data.eastmoney.com/notices/detail/301608/AN202409291640093480.html
博实结,301608,301608,博实结,博实结:投资者来访接待管理制度,管理办法/制度,2024-09-30,https://data.eastmoney.com/notices/detail/301608/AN202409291640093466.html
博实结,301608,301608,博实结,博实结:关联交易管理制度,管理办法/制度,2024-09-30,https://data.eastmoney.com/notices/detail/301608/AN202409291640093463.html
博实结,301608,301608,博实结,博实结:关于变更注册资本、公司类型、修订《公司章程》并办理工商变更登记及修订、制定部分治理制度的公告,公司注册资本变更,2024-09-30,https://data.eastmoney.com/notices/detail/301608/AN202409291640093461.html
博实结,301608,301608,博实结,博实结:年报信息披露重大差错责任追究制度,管理办法/制度,2024-09-30,https://data.eastmoney.com/notices/detail/301608/AN202409291640093460.html
博实结,301608,301608,博实结,博实结:内幕信息知情人登记管理制度,管理办法/制度,2024-09-30,https://data.eastmoney.com/notices/detail/301608/AN202409291640093289.html
博实结,301608,301608,博实结,博实结:董事会秘书工作制度,管理办法/制度,2024-09-30,https://data.eastmoney.com/notices/detail/301608/AN202409291640093301.html
博实结,301608,301608,博实结,博实结:董事会战略委员会工作细则,议事规则/实施细则,2024-09-30,https://data.eastmoney.com/notices/detail/301608/AN202409291640093278.html
博实结,301608,301608,博实结,博实结:股东大会议事规则,议事规则/实施细则,2024-09-30,https://data.eastmoney.com/notices/detail/301608/AN202409291640093298.html
博实结,301608,301608,博实结,博实结:公司章程(2024年9月),公司章程,2024-09-30,https://data.eastmoney.com/notices/detail/301608/AN202409291640093288.html
博实结,301608,301608,博实结,博实结:关于使用募集资金置换预先投入募投项目和已支付发行费用的自筹资金的公告,募集资金使用进展情况,2024-09-30,https://data.eastmoney.com/notices/detail/301608/AN202409291640093280.html
博实结,301608,301608,博实结,博实结:第二届董事会第四次会议决议公告,董事会决议公告,2024-09-30,https://data.eastmoney.com/notices/detail/301608/AN202409291640093300.html
博实结,301608,301608,博实结,博实结:关于召开2024年第八次临时股东大会通知的公告,召开股东大会通知,2024-09-30,https://data.eastmoney.com/notices/detail/301608/AN202409291640093294.html
博实结,301608,301608,博实结,博实结:301608博实结投资者关系活动记录表20240924,调研活动,2024-09-24,https://data.eastmoney.com/notices/detail/301608/AN202409241640011228.html
博实结,301608,301608,博实结,博实结:301608博实结投资者关系活动记录表20240923,调研活动,2024-09-23,https://data.eastmoney.com/notices/detail/301608/AN202409231639990708.html
博实结,301608,301608,博实结,博实结:2024年半年度权益分派实施公告,分配方案实施,2024-09-19,https://data.eastmoney.com/notices/detail/301608/AN202409181639926944.html
博实结,301608,301608,博实结,博实结:北京市中伦(深圳)律师事务所关于深圳市博实结科技股份有限公司2024年第七次临时股东大会的法律意见书,法律意见书,2024-09-13,https://data.eastmoney.com/notices/detail/301608/AN202409131639877095.html
博实结,301608,301608,博实结,博实结:2024年第七次临时股东大会决议公告,分配方案决议公告,2024-09-13,https://data.eastmoney.com/notices/detail/301608/AN202409131639877107.html
博实结,301608,301608,博实结,博实结:博实结2024年半年度网上业绩说明会投资者关系活动记录表20240904,调研活动,2024-09-04,https://data.eastmoney.com/notices/detail/301608/AN202409041639738421.html
博实结,301608,301608,博实结,博实结:关于举办2024年半年度网上业绩说明会的公告,其他,2024-08-30,https://data.eastmoney.com/notices/detail/301608/AN202408291639571744.html
博实结,301608,301608,博实结,博实结:民生证券股份有限公司关于深圳市博实结科技股份有限公司2024年半年度持续督导跟踪报告,保荐/核查意见,2024-08-29,https://data.eastmoney.com/notices/detail/301608/AN202408281639531956.html
博实结,301608,301608,博实结,博实结:民生证券股份有限公司关于深圳市博实结科技股份有限公司调整募集资金投资项目拟投入募集资金金额及部分募集资金投资项目延期的核查意见,保荐/核查意见,2024-08-29,https://data.eastmoney.com/notices/detail/301608/AN202408281639531962.html
博实结,301608,301608,博实结,博实结:关于2024年半年度利润分配预案的公告,分配预案,2024-08-29,https://data.eastmoney.com/notices/detail/301608/AN202408281639531982.html
博实结,301608,301608,博实结,博实结:关于调整募集资金投资项目拟投入募集资金金额及部分募集资金投资项目延期的公告,变更募集资金投资项目,2024-08-29,https://data.eastmoney.com/notices/detail/301608/AN202408281639531987.html
博实结,301608,301608,博实结,博实结:关于会计政策变更的公告,其他,2024-08-29,https://data.eastmoney.com/notices/detail/301608/AN202408281639531973.html
博实结,301608,301608,博实结,博实结:2024年半年度报告,半年度报告全文,2024-08-29,https://data.eastmoney.com/notices/detail/301608/AN202408281639531968.html
博实结,301608,301608,博实结,博实结:关于使用部分闲置募集资金进行现金管理的公告,投资理财,2024-08-29,https://data.eastmoney.com/notices/detail/301608/AN202408281639531989.html
博实结,301608,301608,博实结,博实结:民生证券股份有限公司关于深圳市博实结科技股份有限公司使用部分闲置募集资金进行现金管理的核查意见,保荐/核查意见,2024-08-29,https://data.eastmoney.com/notices/detail/301608/AN202408281639531967.html
博实结,301608,301608,博实结,博实结:关于使用募集资金向全资子公司提供无息借款实施募投项目的公告,募集资金使用进展情况,2024-08-29,https://data.eastmoney.com/notices/detail/301608/AN202408281639531964.html
博实结,301608,301608,博实结,博实结:董事会决议公告,分配预案,2024-08-29,https://data.eastmoney.com/notices/detail/301608/AN202408281639531991.html
博实结,301608,301608,博实结,博实结:民生证券股份有限公司关于深圳市博实结科技股份有限公司使用募集资金向全资子公司提供无息借款实施募投项目的核查意见,保荐/核查意见,2024-08-29,https://data.eastmoney.com/notices/detail/301608/AN202408281639531992.html
博实结,301608,301608,博实结,博实结:关于召开2024年第七次临时股东大会的通知的公告,召开股东大会通知,2024-08-29,https://data.eastmoney.com/notices/detail/301608/AN202408281639531970.html
博实结,301608,301608,博实结,博实结:监事会决议公告,监事会决议公告,2024-08-29,https://data.eastmoney.com/notices/detail/301608/AN202408281639531976.html
博实结,301608,301608,博实结,博实结:2024年半年度报告摘要,半年度报告摘要,2024-08-29,https://data.eastmoney.com/notices/detail/301608/AN202408281639531977.html
博实结,301608,301608,博实结,博实结:2024年半年度非经营性资金占用及其他关联资金往来情况汇总表,资金占用,2024-08-29,https://data.eastmoney.com/notices/detail/301608/AN202408281639531960.html
博实结,301608,301608,博实结,博实结:关于签订募集资金三方及四方监管协议的公告,签订协议,2024-08-16,https://data.eastmoney.com/notices/detail/301608/AN202408151639290313.html
博实结,301608,301608,博实结,关于深圳市博实结科技股份有限公司股票上市交易的公告,首发提示性公告,2024-07-31,https://data.eastmoney.com/notices/detail/301608/AN202407311638500245.html
博实结,301608,301608,博实结,博实结:民生证券股份有限公司关于公司首次公开发行股票并在创业板上市的上市保荐书,上市保荐书,2024-07-31,https://data.eastmoney.com/notices/detail/301608/AN202407301638482348.html
博实结,301608,301608,博实结,博实结:北京市中伦律师事务所关于公司首次公开发行股票并在创业板上市的法律意见书,法律意见书,2024-07-31,https://data.eastmoney.com/notices/detail/301608/AN202407301638482347.html
博实结,301608,301608,博实结,博实结:首次公开发行股票并在创业板上市之上市公告书,首发上市公告书,2024-07-31,https://data.eastmoney.com/notices/detail/301608/AN202407301638482346.html
博实结,301608,301608,博实结,博实结:首次公开发行股票并在创业板上市之上市公告书提示性公告,首发提示性公告,2024-07-31,https://data.eastmoney.com/notices/detail/301608/AN202407301638482345.html
博实结,301608,301608,博实结,博实结:首次公开发行股票并在创业板上市招股说明书,首发招股说明书,2024-07-29,https://data.eastmoney.com/notices/detail/301608/AN202407281638401939.html
博实结,301608,301608,博实结,博实结:首次公开发行股票并在创业板上市发行结果公告,首发发行结果公告,2024-07-29,https://data.eastmoney.com/notices/detail/301608/AN202407281638401938.html
博实结,301608,301608,博实结,博实结:首次公开发行股票并在创业板上市网上摇号中签结果公告,网上摇号中签结果公告,2024-07-25,https://data.eastmoney.com/notices/detail/301608/AN202407241638271784.html
博实结,301608,301608,博实结,博实结:首次公开发行股票并在创业板上市网下发行初步配售结果公告,网下中签及配售结果公告,2024-07-25,https://data.eastmoney.com/notices/detail/301608/AN202407241638271783.html
博实结,301608,301608,博实结,博实结:首次公开发行股票并在创业板上市网上申购情况及中签率公告,网上申购及中签率公告,2024-07-24,https://data.eastmoney.com/notices/detail/301608/AN202407231638233204.html
博实结,301608,301608,博实结,博实结:首次公开发行股票并在创业板上市投资风险特别公告,首发投资风险特别公告,2024-07-22,https://data.eastmoney.com/notices/detail/301608/AN202407211638156628.html
博实结,301608,301608,博实结,博实结:北京市微明律师事务所关于参与战略配售投资者核查事项的法律意见书,法律意见书,2024-07-22,https://data.eastmoney.com/notices/detail/301608/AN202407211638156625.html
博实结,301608,301608,博实结,博实结:民生证券股份有限公司关于参与战略配售投资者的专项核查报告,保荐/核查意见,2024-07-22,https://data.eastmoney.com/notices/detail/301608/AN202407211638156627.html
博实结,301608,301608,博实结,博实结:首次公开发行股票并在创业板上市发行公告,网下发行公告,2024-07-22,https://data.eastmoney.com/notices/detail/301608/AN202407211638156626.html
博实结,301608,301608,博实结,博实结:首次公开发行股票并在创业板上市网上路演公告,首发网上路演公告,2024-07-19,https://data.eastmoney.com/notices/detail/301608/AN202407181638056969.html
博实结,301608,301608,博实结,博实结:北京市中伦律师事务所关于公司首次公开发行股票并在创业板上市的法律意见书及补充法律意见书,法律意见书,2024-07-12,https://data.eastmoney.com/notices/detail/301608/AN202407111637803718.html
博实结,301608,301608,博实结,博实结:首次公开发行股票并在创业板上市初步询价及推介公告,初步询价及推介公告,2024-07-12,https://data.eastmoney.com/notices/detail/301608/AN202407111637803729.html
博实结,301608,301608,博实结,博实结:公司章程(草案),公司章程,2024-07-12,https://data.eastmoney.com/notices/detail/301608/AN202407111637803725.html
博实结,301608,301608,博实结,博实结:首次公开发行股票并在创业板上市提示公告,首发提示性公告,2024-07-12,https://data.eastmoney.com/notices/detail/301608/AN202407111637803733.html
博实结,301608,301608,博实结,博实结:与投资者保护相关的承诺,其他,2024-07-12,https://data.eastmoney.com/notices/detail/301608/AN202407111637803732.html
博实结,301608,301608,博实结,博实结:股东大会、董事会、监事会、独立董事、董事会秘书制度的建立健全及运行情况说明,专项说明/独立意见,2024-07-12,https://data.eastmoney.com/notices/detail/301608/AN202407111637803735.html
博实结,301608,301608,博实结,博实结:股东大会有关本次发行并上市的决议,首发提示性公告,2024-07-12,https://data.eastmoney.com/notices/detail/301608/AN202407111637803731.html
博实结,301608,301608,博实结,博实结:募集资金具体运用情况,其他,2024-07-12,https://data.eastmoney.com/notices/detail/301608/AN202407111637803723.html
博实结,301608,301608,博实结,博实结:中汇会计师事务所(特殊普通合伙)关于公司首次公开发行股票并在创业板上市的财务报表及审计报告,审计报告,2024-07-12,https://data.eastmoney.com/notices/detail/301608/AN202407111637803728.html
博实结,301608,301608,博实结,博实结:公司财务报表及审阅报告(2024年1月-3月),保荐/核查意见,2024-07-12,https://data.eastmoney.com/notices/detail/301608/AN202407111637803737.html
博实结,301608,301608,博实结,博实结:审计委员会及其他专门委员会的设置情况说明,其他,2024-07-12,https://data.eastmoney.com/notices/detail/301608/AN202407111637803726.html
博实结,301608,301608,博实结,博实结:首次公开发行股票并在创业板上市招股意向书,首发招股意向书,2024-07-12,https://data.eastmoney.com/notices/detail/301608/AN202407111637803722.html
博实结,301608,301608,博实结,博实结:发行人及其他责任主体作出的与发行人本次发行上市相关的其他承诺事项,其他,2024-07-12,https://data.eastmoney.com/notices/detail/301608/AN202407111637803720.html
博实结,301608,301608,博实结,博实结:内部控制鉴证报告,保荐/核查意见,2024-07-12,https://data.eastmoney.com/notices/detail/301608/AN202407111637803724.html
博实结,301608,301608,博实结,博实结:经注册会计师鉴证的非经常性损益明细表,保荐/核查意见,2024-07-12,https://data.eastmoney.com/notices/detail/301608/AN202407111637803721.html
博实结,301608,301608,博实结,博实结:中国证监会关于同意公司首次公开发行股票注册的批复,首发获准公告,2024-07-12,https://data.eastmoney.com/notices/detail/301608/AN202407111637803734.html
博实结,301608,301608,博实结,博实结:子公司、参股公司简要情况,其他,2024-07-12,https://data.eastmoney.com/notices/detail/301608/AN202407111637803736.html
博实结,301608,301608,博实结,博实结:董事会有关本次发行并上市的决议,首发提示性公告,2024-07-12,https://data.eastmoney.com/notices/detail/301608/AN202407111637803727.html
博实结,301608,301608,博实结,博实结:民生证券股份有限公司关于公司首次公开发行股票并在创业板上市的上市保荐书,上市保荐书,2024-07-12,https://data.eastmoney.com/notices/detail/301608/AN202407111637803738.html
博实结,301608,301608,博实结,博实结:落实投资者关系管理相关规定的安排、股利分配决策程序、股东投票机制建立情况,其他,2024-07-12,https://data.eastmoney.com/notices/detail/301608/AN202407111637803730.html
博实结,301608,301608,博实结,博实结:民生证券股份有限公司关于公司首次公开发行股票并在创业板上市的发行保荐书,发行保荐书,2024-07-12,https://data.eastmoney.com/notices/detail/301608/AN202407111637803719.html
博实结,301608,301608,博实结,关于同意博实结首次公开发行股票注册的批复,创业板发行上市审核注册结果通知,2024-03-18,https://data.eastmoney.com/notices/detail/301608/AN202403181626966181.html
博实结,301608,301608,博实结,关于同意深圳市博实结科技股份有限公司首次公开发行股票注册的批复,创业板发行上市审核注册结果通知,2024-03-13,https://data.eastmoney.com/notices/detail/301608/AN202403131626615063.html
博实结,301608,301608,博实结,1-1招股说明书(注册稿)(深圳市博实结科技股份有限公司),创业板IPO招股说明书注册稿,2023-11-27,https://data.eastmoney.com/notices/detail/301608/AN202311271612399539.html
博实结,301608,301608,博实结,3-2-1财务报表及审计报告(注册稿)(深圳市博实结科技股份有限公司),创业板IPO审计报告注册稿,2023-11-27,https://data.eastmoney.com/notices/detail/301608/AN202311271612399543.html
博实结,301608,301608,博实结,3-3-1法律意见书(注册稿)(深圳市博实结科技股份有限公司),创业板IPO法律意见书注册稿,2023-11-27,https://data.eastmoney.com/notices/detail/301608/AN202311271612399544.html
博实结,301608,301608,博实结,3-1-2发行保荐书(注册稿)(深圳市博实结科技股份有限公司),创业板IPO发行保荐书注册稿,2023-11-27,https://data.eastmoney.com/notices/detail/301608/AN202311271612399541.html
博实结,301608,301608,博实结,3-1-3上市保荐书(注册稿)(深圳市博实结科技股份有限公司),创业板IPO上市保荐书注册稿,2023-11-27,https://data.eastmoney.com/notices/detail/301608/AN202311271612399540.html
博实结,301608,301608,博实结,8-1发行人及保荐机构关于审核问询函的回复(2023年半年报财务数据更新)(豁免披露版)(深圳市博实结科技股份有限公司),创业板IPO问询与回复,2023-09-25,https://data.eastmoney.com/notices/detail/301608/AN202309251599766294.html
博实结,301608,301608,博实结,8-2会计师事务所回复意见(2023年半年报财务数据更新)(豁免披露版)(深圳市博实结科技股份有限公司),创业板IPO问询与回复,2023-09-25,https://data.eastmoney.com/notices/detail/301608/AN202309251599766267.html
博实结,301608,301608,博实结,2会计师关于审核中心意见落实函的回复(2023年半年报财务数据更新)(深圳市博实结科技股份有限公司),创业板IPO问询与回复,2023-09-25,https://data.eastmoney.com/notices/detail/301608/AN202309251599766278.html
博实结,301608,301608,博实结,8-2会计师事务所关于第二轮审核问询函的回复意见(2023年半年报财务数据更新)(豁免披露版)(深圳市博实结科技股份有限公司),创业板IPO问询与回复,2023-09-25,https://data.eastmoney.com/notices/detail/301608/AN202309251599766288.html
博实结,301608,301608,博实结,8-1发行人及保荐机构关于第二轮审核问询函的回复(2023年半年报财务数据更新)(豁免披露版)(深圳市博实结科技股份有限公司),创业板IPO问询与回复,2023-09-25,https://data.eastmoney.com/notices/detail/301608/AN202309251599766282.html
博实结,301608,301608,博实结,1发行人及保荐机构关于审核中心意见落实函的回复(2023年半年报财务数据更新)(深圳市博实结科技股份有限公司),创业板IPO问询与回复,2023-09-25,https://data.eastmoney.com/notices/detail/301608/AN202309251599766230.html
博实结,301608,301608,博实结,8-1发行人及保荐机构关于审核问询函的回复(2022年年报财务数据更新)(豁免披露版)(深圳市博实结科技股份有限公司),创业板IPO问询与回复,2023-03-30,https://data.eastmoney.com/notices/detail/301608/AN202303301584694126.html
博实结,301608,301608,博实结,8-1发行人及保荐机构关于第二轮审核问询函的回复(2022年年报财务数据更新)(豁免披露版)(深圳市博实结科技股份有限公司),创业板IPO问询与回复,2023-03-30,https://data.eastmoney.com/notices/detail/301608/AN202303301584694124.html
博实结,301608,301608,博实结,8-2会计师事务所关于第二轮审核问询函的回复意见(2022年年报财务数据更新)(豁免披露版)(深圳市博实结科技股份有限公司),创业板IPO问询与回复,2023-03-30,https://data.eastmoney.com/notices/detail/301608/AN202303301584694123.html
博实结,301608,301608,博实结,1发行人及保荐机构关于审核中心意见落实函的回复(2022年年报财务数据更新)(深圳市博实结科技股份有限公司),创业板IPO问询与回复,2023-03-30,https://data.eastmoney.com/notices/detail/301608/AN202303301584694122.html
博实结,301608,301608,博实结,2会计师关于审核中心意见落实函的回复(2022年年报财务数据更新)(深圳市博实结科技股份有限公司),创业板IPO问询与回复,2023-03-30,https://data.eastmoney.com/notices/detail/301608/AN202303301584694121.html
博实结,301608,301608,博实结,8-2会计师事务所回复意见(2022年年报财务数据更新)(豁免披露版)(深圳市博实结科技股份有限公司),创业板IPO问询与回复,2023-03-30,https://data.eastmoney.com/notices/detail/301608/AN202303301584694125.html
博实结,301608,301608,博实结,1发行人及保荐机构关于上市委审议意见的落实函的回复(2022年年报财务数据更新)(深圳市博实结科技股份有限公司),创业板IPO问询与回复,2023-03-30,https://data.eastmoney.com/notices/detail/301608/AN202303301584694120.html
博实结,301608,301608,博实结,发行人及保荐机构关于深交所上市委审议意见落实函的回复(深圳市博实结科技股份有限公司),创业板IPO问询与回复,2023-01-10,https://data.eastmoney.com/notices/detail/301608/AN202301101581845367.html
博实结,301608,301608,博实结,创业板上市委2022年第88次审议会议结果公告,创业板发行上市审核委会议结果公告,2022-12-23,https://data.eastmoney.com/notices/detail/301608/AN202212231581332071.html
博实结,301608,301608,博实结,创业板上市委2022年第88次审议会议公告,创业板发行上市审核上市委会议公告,2022-12-16,https://data.eastmoney.com/notices/detail/301608/AN202212161581158957.html
博实结,301608,301608,博实结,3-2-1财务报表及审计报告(上会稿)(深圳市博实结科技股份有限公司),创业板IPO审计报告上会稿,2022-12-16,https://data.eastmoney.com/notices/detail/301608/AN202212161581158902.html
博实结,301608,301608,博实结,1-1深圳市博实结科技股份有限公司创业板首次公开发行股票招股说明书(上会稿)(豁免披露版),创业板IPO招股说明书上会稿,2022-12-16,https://data.eastmoney.com/notices/detail/301608/AN202212161581158901.html
博实结,301608,301608,博实结,3-3-1法律意见书(上会稿)(深圳市博实结科技股份有限公司),创业板IPO法律意见书上会稿,2022-12-16,https://data.eastmoney.com/notices/detail/301608/AN202212161581158895.html
博实结,301608,301608,博实结,3-1-3上市保荐书(上会稿)(深圳市博实结科技股份有限公司),创业板IPO上市保荐书上会稿,2022-12-16,https://data.eastmoney.com/notices/detail/301608/AN202212161581158891.html
博实结,301608,301608,博实结,3-1-2发行保荐书(上会稿)(深圳市博实结科技股份有限公司),创业板IPO发行保荐书上会稿,2022-12-16,https://data.eastmoney.com/notices/detail/301608/AN202212161581158892.html
博实结,301608,301608,博实结,2会计师关于审核中心意见落实函的回复(深圳市博实结科技股份有限公司),创业板IPO问询与回复,2022-12-14,https://data.eastmoney.com/notices/detail/301608/AN202212141581082190.html
博实结,301608,301608,博实结,发行人及保荐机构关于审核中心意见落实函的回复(深圳市博实结科技股份有限公司),创业板IPO问询与回复,2022-12-14,https://data.eastmoney.com/notices/detail/301608/AN202212141581082192.html
博实结,301608,301608,博实结,8-1关于深圳市博实结科技股份有限公司首次公开发行股票并在创业板上市申请文件的审核问询函的回复(2022年半年报财务数据更新)(豁免披露版)(修订版),创业板IPO问询与回复,2022-11-30,https://data.eastmoney.com/notices/detail/301608/AN202211301580688683.html
博实结,301608,301608,博实结,8-2会计师事务所回复意见(2022年半年报财务数据更新)(豁免披露版)(修订版)(深圳市博实结科技股份有限公司),创业板IPO问询与回复,2022-11-30,https://data.eastmoney.com/notices/detail/301608/AN202211301580688682.html
博实结,301608,301608,博实结,8-3律师事务所补充法律意见书(二)(修订版)(深圳市博实结科技股份有限公司),创业板IPO问询与回复,2022-11-30,https://data.eastmoney.com/notices/detail/301608/AN202211301580688675.html
博实结,301608,301608,博实结,8-3律师事务所补充法律意见书(二)(深圳市博实结科技股份有限公司),创业板IPO问询与回复,2022-11-24,https://data.eastmoney.com/notices/detail/301608/AN202211241580540077.html
博实结,301608,301608,博实结,8-2会计师事务所关于第二轮审核问询函的回复意见(豁免披露版)(深圳市博实结科技股份有限公司),创业板IPO问询与回复,2022-11-24,https://data.eastmoney.com/notices/detail/301608/AN202211241580540078.html
博实结,301608,301608,博实结,发行人及保荐机构关于第二轮审核问询函的回复意见(深圳市博实结科技股份有限公司),创业板IPO问询与回复,2022-11-24,https://data.eastmoney.com/notices/detail/301608/AN202211241580540079.html
博实结,301608,301608,博实结,8-1关于深圳市博实结科技股份有限公司首次公开发行股票并在创业板上市申请文件的审核问询函的回复(2022年半年报财务数据更新)(豁免披露版),创业板IPO问询与回复,2022-11-24,https://data.eastmoney.com/notices/detail/301608/AN202211241580539959.html
博实结,301608,301608,博实结,8-2会计师事务所回复意见(2022年半年报财务数据更新)(豁免披露版)(深圳市博实结科技股份有限公司),创业板IPO问询与回复,2022-11-24,https://data.eastmoney.com/notices/detail/301608/AN202211241580539963.html
博实结,301608,301608,博实结,大华会计师事务所(特殊普通合伙)关于深圳市博实结科技股份有限公司首次公开发行股票并在创业板上市的财务报表及审计报告(申报稿),创业板IPO审计报告申报稿,2022-11-24,https://data.eastmoney.com/notices/detail/301608/AN202211241580539969.html
博实结,301608,301608,博实结,1-1深圳市博实结科技股份有限公司创业板首次公开发行股票招股说明书(申报稿)(2022年半年报财务数据更新)(豁免披露版),创业板IPO招股说明书申报稿,2022-11-24,https://data.eastmoney.com/notices/detail/301608/AN202211241580539968.html
博实结,301608,301608,博实结,民生证券股份有限公司关于深圳市博实结科技股份有限公司首次公开发行股票并在创业板上市的上市保荐书(申报稿),创业板IPO上市保荐书申报稿,2022-11-24,https://data.eastmoney.com/notices/detail/301608/AN202211241580539957.html
博实结,301608,301608,博实结,民生证券股份有限公司关于深圳市博实结科技股份有限公司首次公开发行股票并在创业板上市的发行保荐书(申报稿),创业板IPO发行保荐书申报稿,2022-11-24,https://data.eastmoney.com/notices/detail/301608/AN202211241580539958.html
博实结,301608,301608,博实结,8-3律师事务所补充法律意见书(一)(深圳市博实结科技股份有限公司),创业板IPO问询与回复,2022-09-07,https://data.eastmoney.com/notices/detail/301608/AN202209071578113159.html
博实结,301608,301608,博实结,8-2会计师事务所回复意见(豁免披露版)(深圳市博实结科技股份有限公司),创业板IPO问询与回复,2022-09-07,https://data.eastmoney.com/notices/detail/301608/AN202209071578113158.html
博实结,301608,301608,博实结,发行人及保荐机构回复意见(深圳市博实结科技股份有限公司),创业板IPO问询与回复,2022-09-07,https://data.eastmoney.com/notices/detail/301608/AN202209071578113160.html
博实结,301608,301608,博实结,1-1深圳市博实结科技股份有限公司创业板首次公开发行股票招股说明书(申报稿)(豁免披露版),创业板IPO招股说明书申报稿,2022-09-07,https://data.eastmoney.com/notices/detail/301608/AN202209071578110026.html
博实结,301608,301608,博实结,1-1深圳市博实结科技股份有限公司创业板首次公开发行股票招股说明书(申报稿)(豁免披露版),创业板IPO招股说明书申报稿,2022-08-04,https://data.eastmoney.com/notices/detail/301608/AN202208041576898700.html
博实结,301608,301608,博实结,北京市中伦律师事务所关于深圳市博实结科技股份有限公司首次公开发行股票并在创业板上市的法律意见书(申报稿),创业板IPO法律意见书申报稿,2022-05-19,https://data.eastmoney.com/notices/detail/301608/AN202205191566583336.html
博实结,301608,301608,博实结,大华会计师事务所(特殊普通合伙)关于深圳市博实结科技股份有限公司首次公开发行股票并在创业板上市的财务报表及审计报告(申报稿),创业板IPO审计报告申报稿,2022-05-19,https://data.eastmoney.com/notices/detail/301608/AN202205191566583344.html
博实结,301608,301608,博实结,民生证券股份有限公司关于深圳市博实结科技股份有限公司首次公开发行股票并在创业板上市的上市保荐书(申报稿),创业板IPO上市保荐书申报稿,2022-05-19,https://data.eastmoney.com/notices/detail/301608/AN202205191566583347.html
博实结,301608,301608,博实结,民生证券股份有限公司关于深圳市博实结科技股份有限公司首次公开发行股票并在创业板上市的发行保荐书(申报稿),创业板IPO发行保荐书申报稿,2022-05-19,https://data.eastmoney.com/notices/detail/301608/AN202205191566583348.html
博实结,301608,301608,博实结,深圳市博实结科技股份有限公司创业板首次公开发行股票招股说明书(申报稿),创业板IPO招股说明书申报稿,2022-05-19,https://data.eastmoney.com/notices/detail/301608/AN202205191566583349.html
博实结,301608,301608,博实结,关于深圳市博实结科技股份有限公司首次公开发行股票并上市辅导情况报告,辅导工作进展报告,2022-03-31,https://data.eastmoney.com/notices/detail/301608/AN202204081557960132.html
振芯科技,300101,300101,振芯科技,振芯科技:关于董事长代行董事会秘书职责的公告,高管人员任职变动,2026-05-22,https://data.eastmoney.com/notices/detail/300101/AN202605221822685253.html
振芯科技,300101,300101,振芯科技,振芯科技:2025年年度股东会决议公告,分配方案决议公告,2026-05-19,https://data.eastmoney.com/notices/detail/300101/AN202605191822453309.html
振芯科技,300101,300101,振芯科技,振芯科技:北京德恒律师事务所关于成都振芯科技股份有限公司2025年年度股东会的法律意见,法律意见书,2026-05-19,https://data.eastmoney.com/notices/detail/300101/AN202605191822453280.html
振芯科技,300101,300101,振芯科技,振芯科技:300101振芯科技投资者关系管理信息20260508,调研活动,2026-05-08,https://data.eastmoney.com/notices/detail/300101/AN202605081822076520.html
振芯科技,300101,300101,振芯科技,振芯科技:第七届董事会第四次临时会议决议公告,高管人员任职变动,2026-04-29,https://data.eastmoney.com/notices/detail/300101/AN202604281821697408.html
振芯科技,300101,300101,振芯科技,振芯科技:2026年第一季度报告披露提示性公告,其他,2026-04-29,https://data.eastmoney.com/notices/detail/300101/AN202604281821697434.html
振芯科技,300101,300101,振芯科技,振芯科技:关于解聘公司副总经理的公告,高管人员任职变动,2026-04-29,https://data.eastmoney.com/notices/detail/300101/AN202604281821697445.html
振芯科技,300101,300101,振芯科技,振芯科技:关于2026年第一季度计提资产减值准备的公告,其他,2026-04-29,https://data.eastmoney.com/notices/detail/300101/AN202604281821697449.html
振芯科技,300101,300101,振芯科技,振芯科技:关于签署《保证合同》的公告,重大合同,2026-04-29,https://data.eastmoney.com/notices/detail/300101/AN202604281821697416.html
振芯科技,300101,300101,振芯科技,振芯科技:2026年一季度报告,一季度报告全文,2026-04-29,https://data.eastmoney.com/notices/detail/300101/AN202604281821697441.html
振芯科技,300101,300101,振芯科技,振芯科技:2025年度财务报告,年度财务报告,2026-04-28,https://data.eastmoney.com/notices/detail/300101/AN202604271821632331.html
振芯科技,300101,300101,振芯科技,振芯科技:第七届董事会第一次会议决议公告,分配预案,2026-04-28,https://data.eastmoney.com/notices/detail/300101/AN202604271821632220.html
振芯科技,300101,300101,振芯科技,振芯科技:关于补选公司第七届董事会非独立董事的公告,高管人员任职变动,2026-04-28,https://data.eastmoney.com/notices/detail/300101/AN202604271821632346.html
振芯科技,300101,300101,振芯科技,振芯科技:董事会审计委员会对会计师事务所2025年度履职情况评估及履行监督职责情况的报告,其他,2026-04-28,https://data.eastmoney.com/notices/detail/300101/AN202604271821632240.html
振芯科技,300101,300101,振芯科技,振芯科技:股东会议事规则(2026年04月),议事规则/实施细则,2026-04-28,https://data.eastmoney.com/notices/detail/300101/AN202604271821632326.html
振芯科技,300101,300101,振芯科技,振芯科技:独立董事2025年度述职报告(徐锐敏),独立董事述职报告,2026-04-28,https://data.eastmoney.com/notices/detail/300101/AN202604271821632295.html
振芯科技,300101,300101,振芯科技,振芯科技:2025年度财务决算报告,年度财务报告,2026-04-28,https://data.eastmoney.com/notices/detail/300101/AN202604271821632342.html
振芯科技,300101,300101,振芯科技,振芯科技:会计政策变更公告,其他,2026-04-28,https://data.eastmoney.com/notices/detail/300101/AN202604271821632333.html
振芯科技,300101,300101,振芯科技,振芯科技:2025年年度报告摘要,年度报告摘要,2026-04-28,https://data.eastmoney.com/notices/detail/300101/AN202604271821632193.html
振芯科技,300101,300101,振芯科技,振芯科技:董事、高级管理人员薪酬管理制度(2026年04月),管理办法/制度,2026-04-28,https://data.eastmoney.com/notices/detail/300101/AN202604271821632213.html
振芯科技,300101,300101,振芯科技,振芯科技:2025年年度报告披露提示性公告,其他,2026-04-28,https://data.eastmoney.com/notices/detail/300101/AN202604271821632322.html
振芯科技,300101,300101,振芯科技,振芯科技:2025年度非经营性资金占用及其他关联资金往来情况汇总表,资金占用,2026-04-28,https://data.eastmoney.com/notices/detail/300101/AN202604271821632274.html
振芯科技,300101,300101,振芯科技,振芯科技:关于召开2025年年度股东会的通知,召开股东大会通知,2026-04-28,https://data.eastmoney.com/notices/detail/300101/AN202604271821632227.html
振芯科技,300101,300101,振芯科技,振芯科技:关于举行2025年度业绩网上说明会的公告,其他,2026-04-28,https://data.eastmoney.com/notices/detail/300101/AN202604271821632272.html
振芯科技,300101,300101,振芯科技,振芯科技:股东会网络投票实施细则(2026年04月),议事规则/实施细则,2026-04-28,https://data.eastmoney.com/notices/detail/300101/AN202604271821632311.html
振芯科技,300101,300101,振芯科技,振芯科技:2025年年度审计报告,审计报告,2026-04-28,https://data.eastmoney.com/notices/detail/300101/AN202604271821632290.html
振芯科技,300101,300101,振芯科技,振芯科技:董事会议事规则(2026年04月),议事规则/实施细则,2026-04-28,https://data.eastmoney.com/notices/detail/300101/AN202604271821632225.html
振芯科技,300101,300101,振芯科技,振芯科技:2025年年度报告,年度报告全文,2026-04-28,https://data.eastmoney.com/notices/detail/300101/AN202604271821632302.html
振芯科技,300101,300101,振芯科技,振芯科技:关于2025年度拟不进行利润分配的公告,分配预案,2026-04-28,https://data.eastmoney.com/notices/detail/300101/AN202604271821632244.html
振芯科技,300101,300101,振芯科技,振芯科技:2025年度非经营性资金占用及其他关联资金往来情况专项说明,专项说明/独立意见,2026-04-28,https://data.eastmoney.com/notices/detail/300101/AN202604271821632263.html
振芯科技,300101,300101,振芯科技,振芯科技:独立董事2025年度述职报告(江才),独立董事述职报告,2026-04-28,https://data.eastmoney.com/notices/detail/300101/AN202604271821632307.html
振芯科技,300101,300101,振芯科技,振芯科技:2025年度内部控制自我评价报告,内部控制报告,2026-04-28,https://data.eastmoney.com/notices/detail/300101/AN202604271821632211.html
振芯科技,300101,300101,振芯科技,振芯科技:独立董事2025年度述职报告(吴越),独立董事述职报告,2026-04-28,https://data.eastmoney.com/notices/detail/300101/AN202604271821632318.html
振芯科技,300101,300101,振芯科技,振芯科技:关于2025年度计提资产减值准备及核销资产的公告,其他,2026-04-28,https://data.eastmoney.com/notices/detail/300101/AN202604271821632282.html
振芯科技,300101,300101,振芯科技,振芯科技:2025年度内部控制审计报告,审计报告,2026-04-28,https://data.eastmoney.com/notices/detail/300101/AN202604271821632199.html
振芯科技,300101,300101,振芯科技,振芯科技:董事会关于独立董事独立性自查情况的专项报告,自查报告,2026-04-28,https://data.eastmoney.com/notices/detail/300101/AN202604271821632281.html
振芯科技,300101,300101,振芯科技,振芯科技:2025年度董事会工作报告,其他,2026-04-28,https://data.eastmoney.com/notices/detail/300101/AN202604271821632192.html
振芯科技,300101,300101,振芯科技,振芯科技:关于聘任公司总经理的公告,高管人员任职变动,2026-04-13,https://data.eastmoney.com/notices/detail/300101/AN202604131821157773.html
振芯科技,300101,300101,振芯科技,振芯科技:第七届董事会第三次临时会议决议公告,高管人员任职变动,2026-04-13,https://data.eastmoney.com/notices/detail/300101/AN202604131821157783.html
振芯科技,300101,300101,振芯科技,振芯科技:关于董事、总经理及代行董事会秘书辞职的公告,高管人员任职变动,2026-03-30,https://data.eastmoney.com/notices/detail/300101/AN202603301820873447.html
振芯科技,300101,300101,振芯科技,振芯科技:第七届董事会第一次临时会议决议公告,高管人员任职变动,2026-03-11,https://data.eastmoney.com/notices/detail/300101/AN202603111820497764.html
振芯科技,300101,300101,振芯科技,振芯科技:关于选举董事长、董事会各专门委员会委员及聘任公司高级管理人员、证券事务代表的公告,高管人员任职变动,2026-03-11,https://data.eastmoney.com/notices/detail/300101/AN202603111820497765.html
振芯科技,300101,300101,振芯科技,振芯科技:诉讼事项公告,诉讼仲裁,2026-03-11,https://data.eastmoney.com/notices/detail/300101/AN202603111820497763.html
振芯科技,300101,300101,振芯科技,振芯科技:关于董事会秘书兼副总经理离职的公告,高管人员任职变动,2026-03-05,https://data.eastmoney.com/notices/detail/300101/AN202603051820306957.html
振芯科技,300101,300101,振芯科技,振芯科技:关于董事会完成换届选举的公告,高管人员任职变动,2026-02-13,https://data.eastmoney.com/notices/detail/300101/AN202602131819922413.html
振芯科技,300101,300101,振芯科技,振芯科技:关于选举职工代表董事的公告,高管人员任职变动,2026-02-13,https://data.eastmoney.com/notices/detail/300101/AN202602131819922412.html
振芯科技,300101,300101,振芯科技,振芯科技:北京德恒律师事务所关于成都振芯科技股份有限公司2026年第一次临时股东会的法律意见,法律意见书,2026-02-12,https://data.eastmoney.com/notices/detail/300101/AN202602121819906213.html
振芯科技,300101,300101,振芯科技,振芯科技:2026年第一次临时股东会决议公告,股东大会决议公告,2026-02-12,https://data.eastmoney.com/notices/detail/300101/AN202602121819906214.html
振芯科技,300101,300101,振芯科技,振芯科技:第六届董事会审计委员会会议决议,高管人员任职变动,2026-02-04,https://data.eastmoney.com/notices/detail/300101/AN202602041819776165.html
振芯科技,300101,300101,振芯科技,振芯科技:关于2026年第一次临时股东会取消部分提案暨股东会延期召开的补充通知公告,取消股东大会议案,2026-02-04,https://data.eastmoney.com/notices/detail/300101/AN202602041819776166.html
振芯科技,300101,300101,振芯科技,振芯科技:关于向银行申请综合授信额度的公告,借贷,2026-02-04,https://data.eastmoney.com/notices/detail/300101/AN202602041819772019.html
振芯科技,300101,300101,振芯科技,振芯科技:第六届董事会第十三次临时会议决议公告,董事会决议公告,2026-02-04,https://data.eastmoney.com/notices/detail/300101/AN202602041819772009.html
振芯科技,300101,300101,振芯科技,振芯科技:关于2026年度使用自有资金进行委托理财的公告,委托（受托）事项,2026-02-04,https://data.eastmoney.com/notices/detail/300101/AN202602041819772015.html
振芯科技,300101,300101,振芯科技,振芯科技:关于为全资子公司申请银行贷款提供担保的公告,提供/对外担保公告,2026-02-04,https://data.eastmoney.com/notices/detail/300101/AN202602041819772011.html
振芯科技,300101,300101,振芯科技,振芯科技:独立董事候选人关于参加最近一次独立董事培训的书面承诺(孟红彦),其他,2026-01-30,https://data.eastmoney.com/notices/detail/300101/AN202601301818588943.html
振芯科技,300101,300101,振芯科技,振芯科技:独立董事候选人关于参加最近一次独立董事培训的书面承诺(李毅),其他,2026-01-30,https://data.eastmoney.com/notices/detail/300101/AN202601301818588951.html
振芯科技,300101,300101,振芯科技,振芯科技:第六届董事会审计委员会会议决议,高管人员任职变动,2026-01-30,https://data.eastmoney.com/notices/detail/300101/AN202601301818588954.html
振芯科技,300101,300101,振芯科技,振芯科技:独立董事提名人声明与承诺(蒋舜浩),独立董事提名人声明,2026-01-30,https://data.eastmoney.com/notices/detail/300101/AN202601301818588945.html
振芯科技,300101,300101,振芯科技,振芯科技:独立董事候选人声明与承诺(蒋舜浩),独立董事候选人声明,2026-01-30,https://data.eastmoney.com/notices/detail/300101/AN202601301818588942.html
振芯科技,300101,300101,振芯科技,振芯科技:独立董事提名人声明与承诺(李毅),独立董事提名人声明,2026-01-30,https://data.eastmoney.com/notices/detail/300101/AN202601301818588956.html
振芯科技,300101,300101,振芯科技,振芯科技:独立董事候选人声明与承诺(李毅),独立董事候选人声明,2026-01-30,https://data.eastmoney.com/notices/detail/300101/AN202601301818588947.html
振芯科技,300101,300101,振芯科技,振芯科技:独立董事候选人声明与承诺(孟红彦),独立董事候选人声明,2026-01-30,https://data.eastmoney.com/notices/detail/300101/AN202601301818588937.html
振芯科技,300101,300101,振芯科技,振芯科技:独立董事提名人声明与承诺(孟红彦),独立董事提名人声明,2026-01-30,https://data.eastmoney.com/notices/detail/300101/AN202601301818588940.html
振芯科技,300101,300101,振芯科技,振芯科技:关于2026年第一次临时股东会增加临时提案暨股东会补充通知的公告,增加股东大会议案,2026-01-30,https://data.eastmoney.com/notices/detail/300101/AN202601301818588939.html
振芯科技,300101,300101,振芯科技,振芯科技:独立董事候选人关于参加最近一次独立董事培训的书面承诺(蒋舜浩),其他,2026-01-30,https://data.eastmoney.com/notices/detail/300101/AN202601301818588948.html
振芯科技,300101,300101,振芯科技,振芯科技:独立董事候选人声明与承诺(龙宗智),独立董事候选人声明,2026-01-24,https://data.eastmoney.com/notices/detail/300101/AN202601231818341047.html
振芯科技,300101,300101,振芯科技,振芯科技:独立董事候选人声明与承诺(易矛),独立董事候选人声明,2026-01-24,https://data.eastmoney.com/notices/detail/300101/AN202601231818341045.html
振芯科技,300101,300101,振芯科技,振芯科技:关于审计委员会对股东提请召开临时股东会请求的回复意见公告,其他,2026-01-24,https://data.eastmoney.com/notices/detail/300101/AN202601231818341041.html
振芯科技,300101,300101,振芯科技,振芯科技:关于召开2026年第一次临时股东会的通知,召开股东大会通知,2026-01-24,https://data.eastmoney.com/notices/detail/300101/AN202601231818341046.html
振芯科技,300101,300101,振芯科技,振芯科技:独立董事提名人声明与承诺(龙宗智),独立董事提名人声明,2026-01-24,https://data.eastmoney.com/notices/detail/300101/AN202601231818341042.html
振芯科技,300101,300101,振芯科技,振芯科技:独立董事候选人关于参加独立董事培训并取得独立董事培训证明的承诺函(易矛),其他,2026-01-24,https://data.eastmoney.com/notices/detail/300101/AN202601231818341040.html
振芯科技,300101,300101,振芯科技,振芯科技:独立董事候选人关于参加独立董事培训并取得董事培训证明的承诺函(杨晓波),其他,2026-01-24,https://data.eastmoney.com/notices/detail/300101/AN202601231818341044.html
振芯科技,300101,300101,振芯科技,振芯科技:独立董事候选人声明与承诺(杨晓波),独立董事候选人声明,2026-01-24,https://data.eastmoney.com/notices/detail/300101/AN202601231818341039.html
振芯科技,300101,300101,振芯科技,振芯科技:独立董事提名人声明与承诺(杨晓波),独立董事提名人声明,2026-01-24,https://data.eastmoney.com/notices/detail/300101/AN202601231818341043.html
振芯科技,300101,300101,振芯科技,振芯科技:第六届董事会审计委员会会议决议,董事会决议公告,2026-01-24,https://data.eastmoney.com/notices/detail/300101/AN202601231818341038.html
振芯科技,300101,300101,振芯科技,振芯科技:独立董事提名人声明与承诺(易矛),独立董事提名人声明,2026-01-24,https://data.eastmoney.com/notices/detail/300101/AN202601231818341037.html
振芯科技,300101,300101,振芯科技,振芯科技:关于审计委员会收到股东提请召开临时股东会请求的公告,其他,2026-01-20,https://data.eastmoney.com/notices/detail/300101/AN202601201818160488.html
振芯科技,300101,300101,振芯科技,振芯科技:第六届董事会第十二次临时会议决议公告,董事会决议公告,2026-01-16,https://data.eastmoney.com/notices/detail/300101/AN202601161817928199.html
振芯科技,300101,300101,振芯科技,振芯科技:关于对股东提请召开临时股东会请求的回复意见公告,其他,2026-01-16,https://data.eastmoney.com/notices/detail/300101/AN202601161817928200.html
振芯科技,300101,300101,振芯科技,振芯科技:北京德恒律师事务所关于成都振芯科技股份有限公司董事会不同意股东提议召开临时股东会的法律意见,法律意见书,2026-01-16,https://data.eastmoney.com/notices/detail/300101/AN202601161817928201.html
振芯科技,300101,300101,振芯科技,深交所:振芯科技_监管函,深交所股票监管函,2026-01-14,https://data.eastmoney.com/notices/detail/300101/AN202601141817024037.html
振芯科技,300101,300101,振芯科技,振芯科技:关于收到四川证监局警示函的公告,警示函公告,2026-01-14,https://data.eastmoney.com/notices/detail/300101/AN202601141817023839.html
振芯科技,300101,300101,振芯科技,振芯科技:关于收到股东提请召开临时股东会请求的公告,其他,2026-01-09,https://data.eastmoney.com/notices/detail/300101/AN202601091816885237.html
振芯科技,300101,300101,振芯科技,振芯科技:关于控股子公司收到违规处理决定的公告,其他,2026-01-07,https://data.eastmoney.com/notices/detail/300101/AN202601071816821300.html
振芯科技,300101,300101,振芯科技,振芯科技:关于董事增持公司股份计划的公告,股东/实际控制人股份增持,2026-01-07,https://data.eastmoney.com/notices/detail/300101/AN202601071816821297.html
振芯科技,300101,300101,振芯科技,振芯科技:北京德恒律师事务所关于成都振芯科技股份有限公司2025年第一次临时股东大会的法律意见,法律意见书,2025-12-26,https://data.eastmoney.com/notices/detail/300101/AN202512261808656691.html
振芯科技,300101,300101,振芯科技,振芯科技:2025年第一次临时股东大会决议公告,股东大会决议公告,2025-12-26,https://data.eastmoney.com/notices/detail/300101/AN202512261808656692.html
振芯科技,300101,300101,振芯科技,振芯科技:四川天润华邦律师事务所关于成都振芯科技股份有限公司董事会不将股东临时提案提交股东会审议事项的法律意见,法律意见书,2025-12-17,https://data.eastmoney.com/notices/detail/300101/AN202512171802524235.html
振芯科技,300101,300101,振芯科技,振芯科技:第六届董事会第十一次临时会议决议公告,董事会决议公告,2025-12-17,https://data.eastmoney.com/notices/detail/300101/AN202512171802524762.html
振芯科技,300101,300101,振芯科技,振芯科技:关于不予提交控股股东临时提案至股东大会审议的公告,其他,2025-12-17,https://data.eastmoney.com/notices/detail/300101/AN202512171802524761.html
振芯科技,300101,300101,振芯科技,振芯科技:关于全资子公司完成工商注册登记的公告,公司关联方基本资料变更,2025-12-12,https://data.eastmoney.com/notices/detail/300101/AN202512121799041331.html
振芯科技,300101,300101,振芯科技,振芯科技:对外报送信息管理制度(2025年12月),管理办法/制度,2025-12-11,https://data.eastmoney.com/notices/detail/300101/AN202512101797744776.html
振芯科技,300101,300101,振芯科技,23-振芯科技:募集资金管理办法(2025年12月),管理办法/制度,2025-12-11,https://data.eastmoney.com/notices/detail/300101/AN202512101797744782.html
振芯科技,300101,300101,振芯科技,振芯科技:重大信息内部报告制度(2025年12月),管理办法/制度,2025-12-11,https://data.eastmoney.com/notices/detail/300101/AN202512101797744777.html
振芯科技,300101,300101,振芯科技,振芯科技:关于签署《最高额保证合同》的公告,重大合同,2025-12-11,https://data.eastmoney.com/notices/detail/300101/AN202512101797744783.html
振芯科技,300101,300101,振芯科技,振芯科技:信息披露管理办法(2025年12月),管理办法/制度,2025-12-11,https://data.eastmoney.com/notices/detail/300101/AN202512101797744778.html
振芯科技,300101,300101,振芯科技,振芯科技:独立董事工作制度(2025年12月),管理办法/制度,2025-12-11,https://data.eastmoney.com/notices/detail/300101/AN202512101797744780.html
振芯科技,300101,300101,振芯科技,振芯科技:关于修订《公司章程》及相关制度的公告,公司章程修订,2025-12-11,https://data.eastmoney.com/notices/detail/300101/AN202512101797744779.html
振芯科技,300101,300101,振芯科技,振芯科技:投资者关系管理制度(2025年12月),管理办法/制度,2025-12-11,https://data.eastmoney.com/notices/detail/300101/AN202512101797744784.html
振芯科技,300101,300101,振芯科技,振芯科技:董事会审计委员会工作细则(2025年12月),议事规则/实施细则,2025-12-11,https://data.eastmoney.com/notices/detail/300101/AN202512101797744781.html
振芯科技,300101,300101,振芯科技,振芯科技:董事、高级管理人员薪酬管理制度,管理办法/制度,2025-12-11,https://data.eastmoney.com/notices/detail/300101/AN202512101797744786.html
振芯科技,300101,300101,振芯科技,振芯科技:董事会战略委员会工作细则(2025年12月),议事规则/实施细则,2025-12-11,https://data.eastmoney.com/notices/detail/300101/AN202512101797744785.html
振芯科技,300101,300101,振芯科技,振芯科技:对外担保管理办法(2025年12月),管理办法/制度,2025-12-11,https://data.eastmoney.com/notices/detail/300101/AN202512101797744727.html
振芯科技,300101,300101,振芯科技,振芯科技:信息披露暂缓与豁免事项内部管理制度(2025年12月),管理办法/制度,2025-12-11,https://data.eastmoney.com/notices/detail/300101/AN202512101797744736.html
振芯科技,300101,300101,振芯科技,振芯科技:董事、高级管理人员内部问责制度(2025年12月),管理办法/制度,2025-12-11,https://data.eastmoney.com/notices/detail/300101/AN202512101797744722.html
振芯科技,300101,300101,振芯科技,振芯科技:股东会议事规则(2025年12月),议事规则/实施细则,2025-12-11,https://data.eastmoney.com/notices/detail/300101/AN202512101797744703.html
振芯科技,300101,300101,振芯科技,振芯科技:董事会薪酬与考核委员会工作细则(2025年12月),议事规则/实施细则,2025-12-11,https://data.eastmoney.com/notices/detail/300101/AN202512101797744714.html
振芯科技,300101,300101,振芯科技,振芯科技:特定对象来访接待管理制度(2025年12月),管理办法/制度,2025-12-11,https://data.eastmoney.com/notices/detail/300101/AN202512101797744704.html
振芯科技,300101,300101,振芯科技,振芯科技:对外投资管理办法(2025年12月),管理办法/制度,2025-12-11,https://data.eastmoney.com/notices/detail/300101/AN202512101797744725.html
振芯科技,300101,300101,振芯科技,振芯科技:董事和高级管理人员持有和买卖本公司股票管理制度(2025年12月),管理办法/制度,2025-12-11,https://data.eastmoney.com/notices/detail/300101/AN202512101797744730.html
振芯科技,300101,300101,振芯科技,振芯科技:第六届监事会第十五次会议决议公告,监事会决议公告,2025-12-11,https://data.eastmoney.com/notices/detail/300101/AN202512101797744705.html
振芯科技,300101,300101,振芯科技,振芯科技:年报信息披露重大差错责任追究制度(2025年12月),管理办法/制度,2025-12-11,https://data.eastmoney.com/notices/detail/300101/AN202512101797744716.html
振芯科技,300101,300101,振芯科技,振芯科技:董事会提名委员会工作细则(2025年12月),议事规则/实施细则,2025-12-11,https://data.eastmoney.com/notices/detail/300101/AN202512101797744735.html
振芯科技,300101,300101,振芯科技,振芯科技:董事、高级管理人员离职管理制度,管理办法/制度,2025-12-11,https://data.eastmoney.com/notices/detail/300101/AN202512101797744724.html
振芯科技,300101,300101,振芯科技,振芯科技:股东会网络投票实施细则(2025年12月),议事规则/实施细则,2025-12-11,https://data.eastmoney.com/notices/detail/300101/AN202512101797744729.html
振芯科技,300101,300101,振芯科技,振芯科技:关于变更会计师事务所的公告,审计机构变更,2025-12-11,https://data.eastmoney.com/notices/detail/300101/AN202512101797744713.html
振芯科技,300101,300101,振芯科技,振芯科技:现金分红管理制度(2025年12月),管理办法/制度,2025-12-11,https://data.eastmoney.com/notices/detail/300101/AN202512101797744732.html
振芯科技,300101,300101,振芯科技,振芯科技:关于召开2025年第一次临时股东大会的通知,召开股东大会通知,2025-12-11,https://data.eastmoney.com/notices/detail/300101/AN202512101797744708.html
振芯科技,300101,300101,振芯科技,振芯科技:子公司管理制度(2025年12月),管理办法/制度,2025-12-11,https://data.eastmoney.com/notices/detail/300101/AN202512101797744706.html
振芯科技,300101,300101,振芯科技,振芯科技:会计师事务所选聘制度(2025年12月),管理办法/制度,2025-12-11,https://data.eastmoney.com/notices/detail/300101/AN202512101797744733.html
振芯科技,300101,300101,振芯科技,振芯科技:委托理财管理制度(2025年12月),管理办法/制度,2025-12-11,https://data.eastmoney.com/notices/detail/300101/AN202512101797744718.html
振芯科技,300101,300101,振芯科技,振芯科技:关联交易管理办法(2025年12月),管理办法/制度,2025-12-11,https://data.eastmoney.com/notices/detail/300101/AN202512101797744723.html
振芯科技,300101,300101,振芯科技,振芯科技:合同管理制度(2025年12月),管理办法/制度,2025-12-11,https://data.eastmoney.com/notices/detail/300101/AN202512101797744709.html
振芯科技,300101,300101,振芯科技,振芯科技:第六届董事会第十七次会议决议公告,董事会决议公告,2025-12-11,https://data.eastmoney.com/notices/detail/300101/AN202512101797744707.html
振芯科技,300101,300101,振芯科技,振芯科技:内部控制制度(2025年12月),内部控制报告,2025-12-11,https://data.eastmoney.com/notices/detail/300101/AN202512101797744719.html
振芯科技,300101,300101,振芯科技,振芯科技:总经理工作细则(2025年12月),议事规则/实施细则,2025-12-11,https://data.eastmoney.com/notices/detail/300101/AN202512101797744710.html
振芯科技,300101,300101,振芯科技,振芯科技:公司章程(2025年12月),公司章程,2025-12-11,https://data.eastmoney.com/notices/detail/300101/AN202512101797744726.html
振芯科技,300101,300101,振芯科技,振芯科技:内部审计制度(2025年12月),管理办法/制度,2025-12-11,https://data.eastmoney.com/notices/detail/300101/AN202512101797744728.html
振芯科技,300101,300101,振芯科技,振芯科技:董事和高级管理人员培训制度(2025年12月),管理办法/制度,2025-12-11,https://data.eastmoney.com/notices/detail/300101/AN202512101797744731.html
振芯科技,300101,300101,振芯科技,振芯科技:回购股份管理制度(2025年12月),管理办法/制度,2025-12-11,https://data.eastmoney.com/notices/detail/300101/AN202512101797744737.html
振芯科技,300101,300101,振芯科技,振芯科技:内幕信息知情人管理制度(2025年12月),管理办法/制度,2025-12-11,https://data.eastmoney.com/notices/detail/300101/AN202512101797744717.html
振芯科技,300101,300101,振芯科技,振芯科技:董事会秘书工作制度(2025年12月),管理办法/制度,2025-12-11,https://data.eastmoney.com/notices/detail/300101/AN202512101797744720.html
振芯科技,300101,300101,振芯科技,振芯科技:董事会议事规则(2025年12月),议事规则/实施细则,2025-12-11,https://data.eastmoney.com/notices/detail/300101/AN202512101797744715.html
振芯科技,300101,300101,振芯科技,振芯科技:关于股份回购进展暨回购完成的公告,回购进展情况,2025-11-03,https://data.eastmoney.com/notices/detail/300101/AN202511031774410045.html
振芯科技,300101,300101,振芯科技,振芯科技:关于为全资子公司申请银行贷款提供担保的公告,提供/对外担保公告,2025-10-30,https://data.eastmoney.com/notices/detail/300101/AN202510291771314066.html
振芯科技,300101,300101,振芯科技,振芯科技:2025年第三季度报告披露提示性公告,其他,2025-10-30,https://data.eastmoney.com/notices/detail/300101/AN202510291771314058.html
振芯科技,300101,300101,振芯科技,振芯科技:第六届监事会第十四次会议决议公告,监事会决议公告,2025-10-30,https://data.eastmoney.com/notices/detail/300101/AN202510291771313451.html
振芯科技,300101,300101,振芯科技,振芯科技:第六届董事会第十六次会议决议公告,董事会决议公告,2025-10-30,https://data.eastmoney.com/notices/detail/300101/AN202510291771313453.html
振芯科技,300101,300101,振芯科技,振芯科技:2025年三季度报告,三季度报告全文,2025-10-30,https://data.eastmoney.com/notices/detail/300101/AN202510291771314057.html
振芯科技,300101,300101,振芯科技,振芯科技:关于2025年第三季度计提资产减值准备及核销资产的公告,其他,2025-10-30,https://data.eastmoney.com/notices/detail/300101/AN202510291771314071.html
振芯科技,300101,300101,振芯科技,振芯科技:关于控股股东诉讼事项进展的公告,诉讼仲裁,2025-10-20,https://data.eastmoney.com/notices/detail/300101/AN202510201765752222.html
振芯科技,300101,300101,振芯科技,振芯科技:关于签署《保证合同》的公告,重大合同,2025-10-09,https://data.eastmoney.com/notices/detail/300101/AN202510091758937095.html
振芯科技,300101,300101,振芯科技,振芯科技:关于股份回购进展的公告,回购进展情况,2025-10-09,https://data.eastmoney.com/notices/detail/300101/AN202510091758937096.html
振芯科技,300101,300101,振芯科技,振芯科技:关于为全资子公司申请银行贷款提供担保的公告,提供/对外担保公告,2025-09-17,https://data.eastmoney.com/notices/detail/300101/AN202509171745477426.html
振芯科技,300101,300101,振芯科技,振芯科技:第六届董事会第十次临时会议决议公告,董事会决议公告,2025-09-17,https://data.eastmoney.com/notices/detail/300101/AN202509171745477422.html
振芯科技,300101,300101,振芯科技,振芯科技:300101振芯科技投资者关系管理信息20250912,调研活动,2025-09-12,https://data.eastmoney.com/notices/detail/300101/AN202509121742413551.html
振芯科技,300101,300101,振芯科技,振芯科技:关于参加四川辖区2025年投资者网上集体接待日及半年度报告业绩说明会的公告,调研活动,2025-09-05,https://data.eastmoney.com/notices/detail/300101/AN202509051739218704.html
振芯科技,300101,300101,振芯科技,振芯科技:关于股份回购进展的公告,回购进展情况,2025-09-01,https://data.eastmoney.com/notices/detail/300101/AN202509011737773779.html
振芯科技,300101,300101,振芯科技,振芯科技:2025年半年度非经营性资金占用及其他关联资金往来情况汇总表,资金占用,2025-08-27,https://data.eastmoney.com/notices/detail/300101/AN202508261734847094.html
振芯科技,300101,300101,振芯科技,振芯科技:关于调整2024年限制性股票激励计划授予价格的公告,股权激励行权价（数量）调整,2025-08-27,https://data.eastmoney.com/notices/detail/300101/AN202508261734847062.html
振芯科技,300101,300101,振芯科技,振芯科技:2025年半年度报告披露提示性公告,其他,2025-08-27,https://data.eastmoney.com/notices/detail/300101/AN202508261734846444.html
振芯科技,300101,300101,振芯科技,振芯科技:2025年半年度报告摘要,半年度报告摘要,2025-08-27,https://data.eastmoney.com/notices/detail/300101/AN202508261734847095.html
振芯科技,300101,300101,振芯科技,振芯科技:董事会决议公告,董事会决议公告,2025-08-27,https://data.eastmoney.com/notices/detail/300101/AN202508261734847071.html
振芯科技,300101,300101,振芯科技,振芯科技:关于2025年半年度计提资产减值准备的公告,其他,2025-08-27,https://data.eastmoney.com/notices/detail/300101/AN202508261734847058.html
振芯科技,300101,300101,振芯科技,振芯科技:监事会决议公告,监事会决议公告,2025-08-27,https://data.eastmoney.com/notices/detail/300101/AN202508261734847080.html
振芯科技,300101,300101,振芯科技,振芯科技:2025年半年度报告,半年度报告全文,2025-08-27,https://data.eastmoney.com/notices/detail/300101/AN202508261734847078.html
振芯科技,300101,300101,振芯科技,振芯科技:北京德恒律师事务所关于成都振芯科技股份有限公司调整2024年限制性股票激励计划授予价格相关事项的法律意见,法律意见书,2025-08-27,https://data.eastmoney.com/notices/detail/300101/AN202508261734847066.html
振芯科技,300101,300101,振芯科技,振芯科技:2025年半年度财务报告,半年度财务报告,2025-08-27,https://data.eastmoney.com/notices/detail/300101/AN202508261734844855.html
振芯科技,300101,300101,振芯科技,振芯科技:关于控股股东诉讼事项进展的公告,诉讼仲裁,2025-08-15,https://data.eastmoney.com/notices/detail/300101/AN202508151728102415.html
振芯科技,300101,300101,振芯科技,振芯科技:关于股份回购进展的公告,回购进展情况,2025-08-01,https://data.eastmoney.com/notices/detail/300101/AN202508011719608598.html
振芯科技,300101,300101,振芯科技,振芯科技:关于股份回购进展的公告,回购进展情况,2025-07-01,https://data.eastmoney.com/notices/detail/300101/AN202507011701000868.html
振芯科技,300101,300101,振芯科技,振芯科技:关于首次回购公司股份的公告,回购实施公告,2025-06-19,https://data.eastmoney.com/notices/detail/300101/AN202506191693881032.html
振芯科技,300101,300101,振芯科技,振芯科技:关于控股子公司变更名称、经营范围暨完成工商变更登记的公告,公司关联方基本资料变更,2025-06-18,https://data.eastmoney.com/notices/detail/300101/AN202506181693222786.html
振芯科技,300101,300101,振芯科技,振芯科技:关于2024年年度权益分派实施后调整回购股份价格上限的公告,回购方案修订,2025-06-11,https://data.eastmoney.com/notices/detail/300101/AN202506111688931119.html
振芯科技,300101,300101,振芯科技,振芯科技:2024年年度权益分派实施公告,分配方案实施,2025-06-11,https://data.eastmoney.com/notices/detail/300101/AN202506111688931120.html
振芯科技,300101,300101,振芯科技,振芯科技:关于股份回购进展的公告,回购进展情况,2025-06-03,https://data.eastmoney.com/notices/detail/300101/AN202506031684126857.html
振芯科技,300101,300101,振芯科技,振芯科技:关于股份回购期限过半暨回购进展公告,回购进展情况,2025-05-06,https://data.eastmoney.com/notices/detail/300101/AN202505061668388391.html
振芯科技,300101,300101,振芯科技,振芯科技:关于2025年第一季度计提资产减值准备的公告,其他,2025-04-25,https://data.eastmoney.com/notices/detail/300101/AN202504241661753672.html
振芯科技,300101,300101,振芯科技,振芯科技:第六届监事会第十二次会议决议公告,监事会决议公告,2025-04-25,https://data.eastmoney.com/notices/detail/300101/AN202504241661753689.html
振芯科技,300101,300101,振芯科技,振芯科技:第六届董事会第十四次会议决议公告,董事会决议公告,2025-04-25,https://data.eastmoney.com/notices/detail/300101/AN202504241661753681.html
振芯科技,300101,300101,振芯科技,振芯科技:2025年第一季度报告披露提示性公告,其他,2025-04-25,https://data.eastmoney.com/notices/detail/300101/AN202504241661753673.html
振芯科技,300101,300101,振芯科技,振芯科技:2025年一季度报告,一季度报告全文,2025-04-25,https://data.eastmoney.com/notices/detail/300101/AN202504241661753679.html
振芯科技,300101,300101,振芯科技,振芯科技:2024年年度股东大会会议决议公告,分配方案决议公告,2025-04-22,https://data.eastmoney.com/notices/detail/300101/AN202504221660593821.html
振芯科技,300101,300101,振芯科技,振芯科技:四川天润华邦律师事务所关于成都振芯科技股份有限公司2024年年度股东大会的法律意见,法律意见书,2025-04-22,https://data.eastmoney.com/notices/detail/300101/AN202504221660593822.html
振芯科技,300101,300101,振芯科技,振芯科技:关于签署《固定资产借款合同》的公告,借贷,2025-04-18,https://data.eastmoney.com/notices/detail/300101/AN202504181658457807.html
振芯科技,300101,300101,振芯科技,振芯科技:关于签署《保证合同》的公告,签订协议,2025-04-17,https://data.eastmoney.com/notices/detail/300101/AN202504171657917222.html
振芯科技,300101,300101,振芯科技,振芯科技:关于以自有资产抵押向银行申请贷款的公告,借贷,2025-04-15,https://data.eastmoney.com/notices/detail/300101/AN202504151656895709.html
振芯科技,300101,300101,振芯科技,振芯科技:第六届监事会第六次临时会议决议公告,监事会决议公告,2025-04-15,https://data.eastmoney.com/notices/detail/300101/AN202504151656895711.html
振芯科技,300101,300101,振芯科技,振芯科技:第六届董事会第九次临时会议决议公告,董事会决议公告,2025-04-15,https://data.eastmoney.com/notices/detail/300101/AN202504151656895706.html
振芯科技,300101,300101,振芯科技,振芯科技:四川天润华邦律师事务所关于成都振芯科技股份有限公司董事会不将股东临时提案提交股东大会审议事项的法律意见,法律意见书,2025-04-14,https://data.eastmoney.com/notices/detail/300101/AN202504131655883177.html
振芯科技,300101,300101,振芯科技,振芯科技:关于不予提交控股股东临时提案至股东大会审议的公告,其他,2025-04-14,https://data.eastmoney.com/notices/detail/300101/AN202504131655883179.html
振芯科技,300101,300101,振芯科技,振芯科技:第六届董事会第八次临时会议决议公告,董事会决议公告,2025-04-14,https://data.eastmoney.com/notices/detail/300101/AN202504131655883175.html
振芯科技,300101,300101,振芯科技,振芯科技:300101振芯科技投资者关系管理信息20250409,调研活动,2025-04-09,https://data.eastmoney.com/notices/detail/300101/AN202504091653866719.html
振芯科技,300101,300101,振芯科技,振芯科技:关于香港全资子公司注销完成的公告,公司关联方基本资料变更,2025-04-02,https://data.eastmoney.com/notices/detail/300101/AN202504021650387517.html
振芯科技,300101,300101,振芯科技,振芯科技:关于股份回购进展的公告,回购进展情况,2025-04-01,https://data.eastmoney.com/notices/detail/300101/AN202504011649931313.html
振芯科技,300101,300101,振芯科技,振芯科技:关于举行2024年度业绩网上说明会的公告,其他,2025-03-31,https://data.eastmoney.com/notices/detail/300101/AN202503301649145998.html
振芯科技,300101,300101,振芯科技,振芯科技:2024年度监事会工作报告,其他,2025-03-31,https://data.eastmoney.com/notices/detail/300101/AN202503301649146007.html
振芯科技,300101,300101,振芯科技,振芯科技:2024年度内部控制自我评价报告,内部控制报告,2025-03-31,https://data.eastmoney.com/notices/detail/300101/AN202503301649146026.html
振芯科技,300101,300101,振芯科技,振芯科技:2024年年度审计报告,审计报告,2025-03-31,https://data.eastmoney.com/notices/detail/300101/AN202503301649146002.html
振芯科技,300101,300101,振芯科技,振芯科技:独立董事2024年度述职报告(徐锐敏),独立董事述职报告,2025-03-31,https://data.eastmoney.com/notices/detail/300101/AN202503301649146024.html
振芯科技,300101,300101,振芯科技,振芯科技:董事会对独董独立性评估的专项意见,专项说明/独立意见,2025-03-31,https://data.eastmoney.com/notices/detail/300101/AN202503301649146035.html
振芯科技,300101,300101,振芯科技,振芯科技:2024年度非经营性资金占用及其他关联资金往来情况专项审核说明,专项说明/独立意见,2025-03-31,https://data.eastmoney.com/notices/detail/300101/AN202503301649145968.html
振芯科技,300101,300101,振芯科技,振芯科技:2024年度利润分配方案,分配预案,2025-03-31,https://data.eastmoney.com/notices/detail/300101/AN202503301649145978.html
振芯科技,300101,300101,振芯科技,振芯科技:2024年度董事会工作报告,其他,2025-03-31,https://data.eastmoney.com/notices/detail/300101/AN202503301649146003.html
振芯科技,300101,300101,振芯科技,振芯科技:2024年年度报告披露提示性公告,其他,2025-03-31,https://data.eastmoney.com/notices/detail/300101/AN202503301649146021.html
振芯科技,300101,300101,振芯科技,振芯科技:独立董事2024年度述职报告(吴越),独立董事述职报告,2025-03-31,https://data.eastmoney.com/notices/detail/300101/AN202503301649146039.html
振芯科技,300101,300101,振芯科技,振芯科技:监事会决议公告,监事会决议公告,2025-03-31,https://data.eastmoney.com/notices/detail/300101/AN202503301649145985.html
振芯科技,300101,300101,振芯科技,振芯科技:2024年度非经营性资金占用及其他关联资金往来情况汇总表,资金占用,2025-03-31,https://data.eastmoney.com/notices/detail/300101/AN202503301649146009.html
振芯科技,300101,300101,振芯科技,振芯科技:董事会审计委员会对会计师事务所2024年度履职情况评估及履行监督职责情况的报告,其他,2025-03-31,https://data.eastmoney.com/notices/detail/300101/AN202503301649146025.html
振芯科技,300101,300101,振芯科技,振芯科技:2024年度财务决算报告,年度财务报告,2025-03-31,https://data.eastmoney.com/notices/detail/300101/AN202503301649145969.html
振芯科技,300101,300101,振芯科技,振芯科技:2024年度内部控制审计报告,审计报告,2025-03-31,https://data.eastmoney.com/notices/detail/300101/AN202503301649145991.html
振芯科技,300101,300101,振芯科技,振芯科技:2024年年度财务报告,年度财务报告,2025-03-31,https://data.eastmoney.com/notices/detail/300101/AN202503301649145976.html
振芯科技,300101,300101,振芯科技,振芯科技:2024年年度报告摘要,年度报告摘要,2025-03-31,https://data.eastmoney.com/notices/detail/300101/AN202503301649145974.html
振芯科技,300101,300101,振芯科技,振芯科技:2024年年度报告,年度报告全文,2025-03-31,https://data.eastmoney.com/notices/detail/300101/AN202503301649146043.html
振芯科技,300101,300101,振芯科技,振芯科技:会计政策变更公告,其他,2025-03-31,https://data.eastmoney.com/notices/detail/300101/AN202503301649145223.html
振芯科技,300101,300101,振芯科技,振芯科技:关于召开2024年年度股东大会的通知,召开股东大会通知,2025-03-31,https://data.eastmoney.com/notices/detail/300101/AN202503301649145315.html
振芯科技,300101,300101,振芯科技,振芯科技:独立董事2024年度述职报告(江才),独立董事述职报告,2025-03-31,https://data.eastmoney.com/notices/detail/300101/AN202503301649145205.html
振芯科技,300101,300101,振芯科技,振芯科技:关于2024年度计提资产减值准备的公告,其他,2025-03-31,https://data.eastmoney.com/notices/detail/300101/AN202503301649145293.html
振芯科技,300101,300101,振芯科技,振芯科技:董事会决议公告,分配预案,2025-03-31,https://data.eastmoney.com/notices/detail/300101/AN202503301649145259.html
振芯科技,300101,300101,振芯科技,振芯科技:关于选聘公司2025年度审计机构的公告,审计机构变更,2025-03-31,https://data.eastmoney.com/notices/detail/300101/AN202503301649145287.html
振芯科技,300101,300101,振芯科技,振芯科技:关于股份回购进展的公告,回购进展情况,2025-03-03,https://data.eastmoney.com/notices/detail/300101/AN202503031644004856.html
振芯科技,300101,300101,振芯科技,振芯科技:关于向银行申请综合授信额度的公告,借贷,2025-02-12,https://data.eastmoney.com/notices/detail/300101/AN202502121643022647.html
振芯科技,300101,300101,振芯科技,振芯科技:关于2025年度使用自有资金进行委托理财的公告,委托（受托）事项,2025-02-12,https://data.eastmoney.com/notices/detail/300101/AN202502121643022645.html
振芯科技,300101,300101,振芯科技,振芯科技:第六届监事会第五次临时会议决议公告,监事会决议公告,2025-02-12,https://data.eastmoney.com/notices/detail/300101/AN202502121643022648.html
振芯科技,300101,300101,振芯科技,振芯科技:第六届董事会第七次临时会议决议公告,董事会决议公告,2025-02-12,https://data.eastmoney.com/notices/detail/300101/AN202502121643022646.html
振芯科技,300101,300101,振芯科技,振芯科技:关于为全资子公司申请银行贷款提供担保的公告,提供/对外担保公告,2025-02-12,https://data.eastmoney.com/notices/detail/300101/AN202502121643022644.html
振芯科技,300101,300101,振芯科技,振芯科技:关于股份回购进展的公告,回购进展情况,2025-02-06,https://data.eastmoney.com/notices/detail/300101/AN202502061642835026.html
振芯科技,300101,300101,振芯科技,振芯科技:关于使用暂时闲置自有资金进行委托理财的进展公告,委托（受托）事项,2025-02-06,https://data.eastmoney.com/notices/detail/300101/AN202502061642835027.html
振芯科技,300101,300101,振芯科技,振芯科技:关于使用暂时闲置自有资金进行委托理财的进展公告,委托（受托）事项,2025-01-24,https://data.eastmoney.com/notices/detail/300101/AN202501241642520590.html
振芯科技,300101,300101,振芯科技,振芯科技:关于使用暂时闲置自有资金进行委托理财的进展公告,委托（受托）事项,2025-01-16,https://data.eastmoney.com/notices/detail/300101/AN202501161641952669.html
振芯科技,300101,300101,振芯科技,振芯科技:北京德恒律师事务所关于成都振芯科技股份有限公司实际控制人变更的法律意见,法律意见书,2025-01-15,https://data.eastmoney.com/notices/detail/300101/AN202501151641937642.html
振芯科技,300101,300101,振芯科技,振芯科技:第六届董事会第六次临时会议决议公告,董事会决议公告,2025-01-15,https://data.eastmoney.com/notices/detail/300101/AN202501151641937651.html
振芯科技,300101,300101,振芯科技,振芯科技:关于实际控制人变更的公告,股东/实际控制人变更,2025-01-15,https://data.eastmoney.com/notices/detail/300101/AN202501151641937671.html
振芯科技,300101,300101,振芯科技,振芯科技:关于完成工商变更登记的公告,公司注册资本变更,2025-01-14,https://data.eastmoney.com/notices/detail/300101/AN202501141641919481.html
振芯科技,300101,300101,振芯科技,振芯科技:关于股份回购进展的公告,回购进展情况,2025-01-03,https://data.eastmoney.com/notices/detail/300101/AN202501031641801803.html
振芯科技,300101,300101,振芯科技,振芯科技:关于控股股东诉讼事项进展的公告,诉讼仲裁,2025-01-02,https://data.eastmoney.com/notices/detail/300101/AN202501021641514192.html
振芯科技,300101,300101,振芯科技,振芯科技:北京德恒律师事务所关于成都振芯科技股份有限公司2024年限制性股票激励计划授予相关事项的法律意见,法律意见书,2024-12-30,https://data.eastmoney.com/notices/detail/300101/AN202412301641479817.html
振芯科技,300101,300101,振芯科技,振芯科技:公司章程(2024年12月),公司章程,2024-12-30,https://data.eastmoney.com/notices/detail/300101/AN202412301641479805.html
振芯科技,300101,300101,振芯科技,振芯科技:关于向2024年限制性股票激励计划激励对象授予限制性股票的公告,股权激励进展公告,2024-12-30,https://data.eastmoney.com/notices/detail/300101/AN202412301641479794.html
振芯科技,300101,300101,振芯科技,振芯科技:2024年限制性股票激励计划激励对象名单(授予日),股权激励对象名单,2024-12-30,https://data.eastmoney.com/notices/detail/300101/AN202412301641479811.html
振芯科技,300101,300101,振芯科技,振芯科技:第六届监事会第十次会议决议公告,监事会决议公告,2024-12-30,https://data.eastmoney.com/notices/detail/300101/AN202412301641479816.html
振芯科技,300101,300101,振芯科技,振芯科技:第六届董事会第十二次会议决议公告,董事会决议公告,2024-12-30,https://data.eastmoney.com/notices/detail/300101/AN202412301641479808.html
振芯科技,300101,300101,振芯科技,振芯科技:监事会关于公司2024年限制性股票激励计划激励对象名单(授予日)的核查意见,股权激励进展公告,2024-12-30,https://data.eastmoney.com/notices/detail/300101/AN202412301641479801.html
振芯科技,300101,300101,振芯科技,振芯科技:第六届董事会第五次临时会议决议公告,董事会决议公告,2024-12-24,https://data.eastmoney.com/notices/detail/300101/AN202412241641413701.html
振芯科技,300101,300101,振芯科技,振芯科技:关于签订《建设工程施工合同》的公告,签订协议,2024-12-24,https://data.eastmoney.com/notices/detail/300101/AN202412241641413700.html
振芯科技,300101,300101,振芯科技,振芯科技:300101振芯科技投资者关系管理信息20241219,调研活动,2024-12-19,https://data.eastmoney.com/notices/detail/300101/AN202412191641364504.html
振芯科技,300101,300101,振芯科技,振芯科技:关于全资子公司完成工商注册登记的公告,公司关联方基本资料变更,2024-12-16,https://data.eastmoney.com/notices/detail/300101/AN202412161641317086.html
振芯科技,300101,300101,振芯科技,振芯科技:关于使用暂时闲置自有资金进行委托理财的进展公告,委托（受托）事项,2024-12-10,https://data.eastmoney.com/notices/detail/300101/AN202412101641243427.html
振芯科技,300101,300101,振芯科技,振芯科技:关于股份回购进展的公告,回购进展情况,2024-12-03,https://data.eastmoney.com/notices/detail/300101/AN202412031641164046.html
振芯科技,300101,300101,振芯科技,振芯科技:关于签署《保证合同》的公告,签订协议,2024-11-29,https://data.eastmoney.com/notices/detail/300101/AN202411291641119070.html
振芯科技,300101,300101,振芯科技,振芯科技:关于2021年限制性股票激励计划第二个归属期归属结果暨股份上市的公告,限售股份上市流通,2024-11-26,https://data.eastmoney.com/notices/detail/300101/AN202411261641076456.html
振芯科技,300101,300101,振芯科技,振芯科技:关于对外投资设立全资子公司的公告,投资设立公司,2024-11-25,https://data.eastmoney.com/notices/detail/300101/AN202411251641052504.html
振芯科技,300101,300101,振芯科技,振芯科技:第六届董事会第十一次会议决议公告,董事会决议公告,2024-11-25,https://data.eastmoney.com/notices/detail/300101/AN202411251641052500.html
振芯科技,300101,300101,振芯科技,振芯科技:四川天润华邦律师事务所关于成都振芯科技股份有限公司2024年第一次临时股东大会的法律意见,法律意见书,2024-11-22,https://data.eastmoney.com/notices/detail/300101/AN202411221641029604.html
振芯科技,300101,300101,振芯科技,振芯科技:关于2024年限制性股票激励计划内幕信息知情人及激励对象买卖公司股票情况的自查报告,自查报告,2024-11-22,https://data.eastmoney.com/notices/detail/300101/AN202411221641029600.html
振芯科技,300101,300101,振芯科技,振芯科技:2024年第一次临时股东大会会议决议公告,股东大会决议公告,2024-11-22,https://data.eastmoney.com/notices/detail/300101/AN202411221641029611.html
振芯科技,300101,300101,振芯科技,振芯科技:300101振芯科技投资者关系管理信息20241119,调研活动,2024-11-19,https://data.eastmoney.com/notices/detail/300101/AN202411191640968185.html
振芯科技,300101,300101,振芯科技,振芯科技:监事会关于2024年限制性股票激励计划激励对象名单的公示情况说明及核查意见,专项说明/独立意见,2024-11-18,https://data.eastmoney.com/notices/detail/300101/AN202411171640928267.html
振芯科技,300101,300101,振芯科技,振芯科技:关于签署《最高额保证合同》的公告,签订协议,2024-11-15,https://data.eastmoney.com/notices/detail/300101/AN202411151640916921.html
振芯科技,300101,300101,振芯科技,振芯科技:300101振芯科技投资者关系管理信息20241115,调研活动,2024-11-15,https://data.eastmoney.com/notices/detail/300101/AN202411151640916053.html
振芯科技,300101,300101,振芯科技,振芯科技:关于回购股份事项前十名股东及前十名无限售条件股东持股情况的公告,其他,2024-11-12,https://data.eastmoney.com/notices/detail/300101/AN202411121640832596.html
振芯科技,300101,300101,振芯科技,振芯科技:关于回购公司股份方案暨取得回购公司股份融资支持的公告,回购预案,2024-11-11,https://data.eastmoney.com/notices/detail/300101/AN202411101640805042.html
振芯科技,300101,300101,振芯科技,振芯科技:回购报告书,回购报告书,2024-11-11,https://data.eastmoney.com/notices/detail/300101/AN202411101640805001.html
振芯科技,300101,300101,振芯科技,振芯科技:第六届监事会第四次临时会议决议公告,监事会决议公告,2024-11-11,https://data.eastmoney.com/notices/detail/300101/AN202411101640804963.html
振芯科技,300101,300101,振芯科技,振芯科技:第六届董事会第四次临时会议决议公告,董事会决议公告,2024-11-11,https://data.eastmoney.com/notices/detail/300101/AN202411101640804853.html
振芯科技,300101,300101,振芯科技,振芯科技:2024年限制性股票激励计划实施考核管理办法,管理办法/制度,2024-11-07,https://data.eastmoney.com/notices/detail/300101/AN202411061640750298.html
振芯科技,300101,300101,振芯科技,振芯科技:2024年限制性股票激励计划(草案)摘要,股权激励计划摘要,2024-11-07,https://data.eastmoney.com/notices/detail/300101/AN202411061640750303.html
振芯科技,300101,300101,振芯科技,振芯科技:北京德恒律师事务所关于成都振芯科技股份有限公司2024年限制性股票激励计划的法律意见,法律意见书,2024-11-07,https://data.eastmoney.com/notices/detail/300101/AN202411061640750306.html
振芯科技,300101,300101,振芯科技,振芯科技:第六届董事会第三次临时会议决议公告,董事会决议公告,2024-11-07,https://data.eastmoney.com/notices/detail/300101/AN202411061640750301.html
振芯科技,300101,300101,振芯科技,振芯科技:2024年限制性股票激励计划自查表,股权激励计划,2024-11-07,https://data.eastmoney.com/notices/detail/300101/AN202411061640750300.html
振芯科技,300101,300101,振芯科技,振芯科技:2024年限制性股票激励计划激励对象名单,股权激励对象名单,2024-11-07,https://data.eastmoney.com/notices/detail/300101/AN202411061640750302.html
振芯科技,300101,300101,振芯科技,振芯科技:关于独立董事公开征集表决权的公告,其他,2024-11-07,https://data.eastmoney.com/notices/detail/300101/AN202411061640750299.html
振芯科技,300101,300101,振芯科技,振芯科技:第六届监事会第三次临时会议决议公告,监事会决议公告,2024-11-07,https://data.eastmoney.com/notices/detail/300101/AN202411061640750304.html
振芯科技,300101,300101,振芯科技,振芯科技:关于召开2024年第一次临时股东大会的通知,召开股东大会通知,2024-11-07,https://data.eastmoney.com/notices/detail/300101/AN202411061640750305.html
振芯科技,300101,300101,振芯科技,振芯科技:2024年限制性股票激励计划(草案),股权激励计划,2024-11-07,https://data.eastmoney.com/notices/detail/300101/AN202411061640750307.html
振芯科技,300101,300101,振芯科技,振芯科技:关于股份回购进展暨回购完成的公告,回购进展情况,2024-11-05,https://data.eastmoney.com/notices/detail/300101/AN202411051640723712.html
振芯科技,300101,300101,振芯科技,振芯科技:关于使用暂时闲置自有资金进行委托理财的进展公告,委托（受托）事项,2024-11-04,https://data.eastmoney.com/notices/detail/300101/AN202411041640704385.html
振芯科技,300101,300101,振芯科技,振芯科技:关于使用暂时闲置自有资金进行委托理财的进展公告,委托（受托）事项,2024-10-29,https://data.eastmoney.com/notices/detail/300101/AN202410291640572360.html
振芯科技,300101,300101,振芯科技,振芯科技:关于为全资子公司申请银行贷款提供担保的公告,提供/对外担保公告,2024-10-28,https://data.eastmoney.com/notices/detail/300101/AN202410271640527283.html
振芯科技,300101,300101,振芯科技,振芯科技:印章管理制度(2024年10月),管理办法/制度,2024-10-28,https://data.eastmoney.com/notices/detail/300101/AN202410271640527188.html
振芯科技,300101,300101,振芯科技,振芯科技:关于2024年三季度计提资产减值准备的公告,其他,2024-10-28,https://data.eastmoney.com/notices/detail/300101/AN202410271640527257.html
振芯科技,300101,300101,振芯科技,振芯科技:第六届监事会第九次会议决议公告,监事会决议公告,2024-10-28,https://data.eastmoney.com/notices/detail/300101/AN202410271640527324.html
振芯科技,300101,300101,振芯科技,振芯科技:2024年第三季度报告披露提示性公告,其他,2024-10-28,https://data.eastmoney.com/notices/detail/300101/AN202410271640527241.html
振芯科技,300101,300101,振芯科技,振芯科技:第六届董事会第十次会议决议公告,董事会决议公告,2024-10-28,https://data.eastmoney.com/notices/detail/300101/AN202410271640527067.html
振芯科技,300101,300101,振芯科技,振芯科技:2024年三季度报告,三季度报告全文,2024-10-28,https://data.eastmoney.com/notices/detail/300101/AN202410271640527289.html
振芯科技,300101,300101,振芯科技,振芯科技:关于股份回购进展的公告,回购进展情况,2024-10-09,https://data.eastmoney.com/notices/detail/300101/AN202410091640227840.html
振芯科技,300101,300101,振芯科技,振芯科技:关于回购股份事项前十名股东及前十名无限售条件股东持股情况的公告,回购进展情况,2024-09-26,https://data.eastmoney.com/notices/detail/300101/AN202409261640060617.html
振芯科技,300101,300101,振芯科技,振芯科技:关于首次回购公司股份的公告,回购实施公告,2024-09-26,https://data.eastmoney.com/notices/detail/300101/AN202409261640060616.html
振芯科技,300101,300101,振芯科技,振芯科技:回购报告书,回购报告书,2024-09-25,https://data.eastmoney.com/notices/detail/300101/AN202409251640039800.html
振芯科技,300101,300101,振芯科技,振芯科技:第六届监事会第二次临时会议决议公告,监事会决议公告,2024-09-25,https://data.eastmoney.com/notices/detail/300101/AN202409251640039801.html
振芯科技,300101,300101,振芯科技,振芯科技:关于回购公司股份方案的公告,回购预案,2024-09-25,https://data.eastmoney.com/notices/detail/300101/AN202409251640039797.html
振芯科技,300101,300101,振芯科技,振芯科技:第六届董事会第二次临时会议决议公告,董事会决议公告,2024-09-25,https://data.eastmoney.com/notices/detail/300101/AN202409251640039798.html
振芯科技,300101,300101,振芯科技,振芯科技:关于使用暂时闲置自有资金进行委托理财的进展公告,委托（受托）事项,2024-09-19,https://data.eastmoney.com/notices/detail/300101/AN202409191639941466.html
振芯科技,300101,300101,振芯科技,振芯科技:300101振芯科技投资者关系管理信息20240912,调研活动,2024-09-12,https://data.eastmoney.com/notices/detail/300101/AN202409121639857999.html
振芯科技,300101,300101,振芯科技,振芯科技:关于使用暂时闲置自有资金进行委托理财的进展公告,委托（受托）事项,2024-09-09,https://data.eastmoney.com/notices/detail/300101/AN202409091639795885.html
振芯科技,300101,300101,振芯科技,振芯科技:关于参加四川辖区2024年投资者网上集体接待日及半年度报告业绩说明会的公告,调研活动,2024-09-05,https://data.eastmoney.com/notices/detail/300101/AN202409051639753102.html
振芯科技,300101,300101,振芯科技,振芯科技:关于会计政策变更的公告,其他,2024-08-29,https://data.eastmoney.com/notices/detail/300101/AN202408281639517484.html
振芯科技,300101,300101,振芯科技,振芯科技:2024年半年度非经营性资金占用及其他关联资金往来情况汇总表,资金占用,2024-08-29,https://data.eastmoney.com/notices/detail/300101/AN202408281639517483.html
振芯科技,300101,300101,振芯科技,振芯科技:2024年半年度报告披露提示性公告,其他,2024-08-29,https://data.eastmoney.com/notices/detail/300101/AN202408281639517479.html
振芯科技,300101,300101,振芯科技,振芯科技:监事会决议公告,监事会决议公告,2024-08-29,https://data.eastmoney.com/notices/detail/300101/AN202408281639517480.html
振芯科技,300101,300101,振芯科技,振芯科技:2024年半年度报告摘要,半年度报告摘要,2024-08-29,https://data.eastmoney.com/notices/detail/300101/AN202408281639517485.html
振芯科技,300101,300101,振芯科技,振芯科技:2024年半年度报告,半年度报告全文,2024-08-29,https://data.eastmoney.com/notices/detail/300101/AN202408281639517482.html
振芯科技,300101,300101,振芯科技,振芯科技:关于2024年半年度计提资产减值准备的公告,其他,2024-08-29,https://data.eastmoney.com/notices/detail/300101/AN202408281639517476.html
振芯科技,300101,300101,振芯科技,振芯科技:董事会决议公告,董事会决议公告,2024-08-29,https://data.eastmoney.com/notices/detail/300101/AN202408281639517478.html
振芯科技,300101,300101,振芯科技,振芯科技:关于使用暂时闲置自有资金进行委托理财的进展公告,委托（受托）事项,2024-07-29,https://data.eastmoney.com/notices/detail/300101/AN202407291638435762.html
振芯科技,300101,300101,振芯科技,振芯科技:关于使用暂时闲置自有资金进行委托理财的进展公告,委托（受托）事项,2024-07-08,https://data.eastmoney.com/notices/detail/300101/AN202407081637679272.html
振芯科技,300101,300101,振芯科技,振芯科技:北京德恒律师事务所关于振芯科技2021年限制性股票激励计划部分限制性股票作废相关事项的法律意见,法律意见书,2024-06-24,https://data.eastmoney.com/notices/detail/300101/AN202406241636827693.html
振芯科技,300101,300101,振芯科技,振芯科技:第六届监事会第七次会议决议公告,监事会决议公告,2024-06-24,https://data.eastmoney.com/notices/detail/300101/AN202406241636827692.html
振芯科技,300101,300101,振芯科技,振芯科技:关于使用暂时闲置自有资金进行委托理财的进展公告,委托（受托）事项,2024-06-24,https://data.eastmoney.com/notices/detail/300101/AN202406241636827691.html
振芯科技,300101,300101,振芯科技,振芯科技:关于注销香港全资子公司的公告,公司关联方基本资料变更,2024-06-24,https://data.eastmoney.com/notices/detail/300101/AN202406241636827690.html
振芯科技,300101,300101,振芯科技,振芯科技:关于公司2021年限制性股票激励计划第三个归属期归属条件未成就并作废部分已授予但尚未归属的限制性股票的公告,股权激励进展公告,2024-06-24,https://data.eastmoney.com/notices/detail/300101/AN202406241636827689.html
振芯科技,300101,300101,振芯科技,振芯科技:第六届董事会第八次会议决议公告,董事会决议公告,2024-06-24,https://data.eastmoney.com/notices/detail/300101/AN202406241636827688.html
振芯科技,300101,300101,振芯科技,振芯科技:关于使用闲置自有资金进行委托理财的进展公告,委托（受托）事项,2024-06-17,https://data.eastmoney.com/notices/detail/300101/AN202406171636486876.html
振芯科技,300101,300101,振芯科技,振芯科技:关于使用闲置自有资金进行委托理财的进展公告,委托（受托）事项,2024-05-22,https://data.eastmoney.com/notices/detail/300101/AN202405221634324068.html
振芯科技,300101,300101,振芯科技,振芯科技:关于向银行申请综合授信额度的公告,借贷,2024-04-24,https://data.eastmoney.com/notices/detail/300101/AN202404231631057105.html
振芯科技,300101,300101,振芯科技,振芯科技:第六届董事会第七次会议决议公告,董事会决议公告,2024-04-24,https://data.eastmoney.com/notices/detail/300101/AN202404231631057106.html
振芯科技,300101,300101,振芯科技,振芯科技:第六届监事会第六次会议决议公告,监事会决议公告,2024-04-24,https://data.eastmoney.com/notices/detail/300101/AN202404231631057103.html
振芯科技,300101,300101,振芯科技,振芯科技:2024年第一季度报告披露提示性公告,其他,2024-04-24,https://data.eastmoney.com/notices/detail/300101/AN202404231631057102.html
振芯科技,300101,300101,振芯科技,振芯科技:关于2024年第一季度计提资产减值准备的公告,其他,2024-04-24,https://data.eastmoney.com/notices/detail/300101/AN202404231631057104.html
振芯科技,300101,300101,振芯科技,振芯科技:2024年一季度报告,一季度报告全文,2024-04-24,https://data.eastmoney.com/notices/detail/300101/AN202404231631056867.html
振芯科技,300101,300101,振芯科技,振芯科技:2023年年度股东大会会议决议公告,分配方案决议公告,2024-04-16,https://data.eastmoney.com/notices/detail/300101/AN202404161630287011.html
振芯科技,300101,300101,振芯科技,振芯科技:四川天润华邦律师事务所关于公司2023年年度股东大会的法律意见,法律意见书,2024-04-16,https://data.eastmoney.com/notices/detail/300101/AN202404161630287012.html
振芯科技,300101,300101,振芯科技,振芯科技:关于使用闲置自有资金进行委托理财的进展公告,委托（受托）事项,2024-04-10,https://data.eastmoney.com/notices/detail/300101/AN202404101630114379.html
振芯科技,300101,300101,振芯科技,振芯科技:关于使用闲置自有资金进行委托理财的进展公告,委托（受托）事项,2024-04-08,https://data.eastmoney.com/notices/detail/300101/AN202404071630036099.html
振芯科技,300101,300101,振芯科技,振芯科技:300101振芯科技投资者关系管理信息20240402,调研活动,2024-04-02,https://data.eastmoney.com/notices/detail/300101/AN202404021629426302.html
振芯科技,300101,300101,振芯科技,振芯科技:现金分红管理制度(2024年03月),管理办法/制度,2024-03-26,https://data.eastmoney.com/notices/detail/300101/AN202403251628077011.html
振芯科技,300101,300101,振芯科技,振芯科技:信息披露管理办法(2024年03月),管理办法/制度,2024-03-26,https://data.eastmoney.com/notices/detail/300101/AN202403251628077005.html
振芯科技,300101,300101,振芯科技,振芯科技:回购股份管理制度(2024年03月),管理办法/制度,2024-03-26,https://data.eastmoney.com/notices/detail/300101/AN202403251628077004.html
振芯科技,300101,300101,振芯科技,振芯科技:独立董事2023年度述职报告(吴越),独立董事述职报告,2024-03-26,https://data.eastmoney.com/notices/detail/300101/AN202403251628077020.html
振芯科技,300101,300101,振芯科技,振芯科技:独立董事2023年度述职报告(徐锐敏),独立董事述职报告,2024-03-26,https://data.eastmoney.com/notices/detail/300101/AN202403251628077010.html
振芯科技,300101,300101,振芯科技,振芯科技:独立董事2023年度述职报告(江才),独立董事述职报告,2024-03-26,https://data.eastmoney.com/notices/detail/300101/AN202403251628077009.html
振芯科技,300101,300101,振芯科技,振芯科技:独立董事工作制度(2024年03月),管理办法/制度,2024-03-26,https://data.eastmoney.com/notices/detail/300101/AN202403251628077006.html
振芯科技,300101,300101,振芯科技,振芯科技:非经营性资金占用及其他关联资金往来情况专项审核说明,专项说明/独立意见,2024-03-26,https://data.eastmoney.com/notices/detail/300101/AN202403251628077013.html
振芯科技,300101,300101,振芯科技,振芯科技:2023年年度审计报告,审计报告,2024-03-26,https://data.eastmoney.com/notices/detail/300101/AN202403251628077018.html
振芯科技,300101,300101,振芯科技,振芯科技:2023年度监事会工作报告,其他,2024-03-26,https://data.eastmoney.com/notices/detail/300101/AN202403251628077021.html
振芯科技,300101,300101,振芯科技,振芯科技:2023年年度报告披露提示性公告,其他,2024-03-26,https://data.eastmoney.com/notices/detail/300101/AN202403251628077017.html
振芯科技,300101,300101,振芯科技,振芯科技:2023年度内部控制自我评价报告,内部控制报告,2024-03-26,https://data.eastmoney.com/notices/detail/300101/AN202403251628077014.html
振芯科技,300101,300101,振芯科技,振芯科技:2023年度董事会工作报告,其他,2024-03-26,https://data.eastmoney.com/notices/detail/300101/AN202403251628077012.html
振芯科技,300101,300101,振芯科技,振芯科技:关于公司2022年员工持股计划提前终止的公告,员工持股计划,2024-03-26,https://data.eastmoney.com/notices/detail/300101/AN202403251628077008.html
振芯科技,300101,300101,振芯科技,振芯科技:关于2023年度计提资产减值准备的公告,其他,2024-03-26,https://data.eastmoney.com/notices/detail/300101/AN202403251628077007.html
振芯科技,300101,300101,振芯科技,振芯科技:董事会审计委员会对会计师事务所2023年度履职情况评估及履行监督职责情况的报告,其他,2024-03-26,https://data.eastmoney.com/notices/detail/300101/AN202403251628077003.html
振芯科技,300101,300101,振芯科技,振芯科技:关于续聘公司2024年度审计机构的公告,延期披露定报公告,2024-03-26,https://data.eastmoney.com/notices/detail/300101/AN202403251628077019.html
振芯科技,300101,300101,振芯科技,振芯科技:公司章程及相关制度修订对照表,公司章程修订,2024-03-26,https://data.eastmoney.com/notices/detail/300101/AN202403251628077016.html
振芯科技,300101,300101,振芯科技,振芯科技:监事会决议公告,监事会决议公告,2024-03-26,https://data.eastmoney.com/notices/detail/300101/AN202403251628077023.html
振芯科技,300101,300101,振芯科技,振芯科技:董事会决议公告,分配预案,2024-03-26,https://data.eastmoney.com/notices/detail/300101/AN202403251628077022.html
振芯科技,300101,300101,振芯科技,振芯科技:关于2023年年度利润分配预案的公告,分配预案,2024-03-26,https://data.eastmoney.com/notices/detail/300101/AN202403251628077015.html
振芯科技,300101,300101,振芯科技,振芯科技:关于举行2023年度业绩网上说明会的公告,其他,2024-03-26,https://data.eastmoney.com/notices/detail/300101/AN202403251628077001.html
振芯科技,300101,300101,振芯科技,振芯科技:关于召开2023年年度股东大会的通知,召开股东大会通知,2024-03-26,https://data.eastmoney.com/notices/detail/300101/AN202403251628077002.html
振芯科技,300101,300101,振芯科技,振芯科技:2023年年度报告,年度报告全文,2024-03-26,https://data.eastmoney.com/notices/detail/300101/AN202403251628077000.html
振芯科技,300101,300101,振芯科技,振芯科技:董事会对独董独立性评估的专项意见,专项说明/独立意见,2024-03-26,https://data.eastmoney.com/notices/detail/300101/AN202403251628076693.html
振芯科技,300101,300101,振芯科技,振芯科技:2023年年度财务报告,年度财务报告,2024-03-26,https://data.eastmoney.com/notices/detail/300101/AN202403251628076695.html
振芯科技,300101,300101,振芯科技,振芯科技:会计师事务所选聘制度(2024年03月),管理办法/制度,2024-03-26,https://data.eastmoney.com/notices/detail/300101/AN202403251628076692.html
振芯科技,300101,300101,振芯科技,振芯科技:公司章程(2024年03月),公司章程,2024-03-26,https://data.eastmoney.com/notices/detail/300101/AN202403251628076694.html
振芯科技,300101,300101,振芯科技,振芯科技:2023年年度报告摘要,年度报告摘要,2024-03-26,https://data.eastmoney.com/notices/detail/300101/AN202403251628076696.html
振芯科技,300101,300101,振芯科技,振芯科技:关于公司2022年员工持股计划股份出售完毕的公告,员工持股计划,2024-03-13,https://data.eastmoney.com/notices/detail/300101/AN202403131626614502.html
振芯科技,300101,300101,振芯科技,振芯科技:关于签署《保证合同》的公告,签订协议,2024-03-11,https://data.eastmoney.com/notices/detail/300101/AN202403111626227947.html
振芯科技,300101,300101,振芯科技,振芯科技:关于董事长、部分董事增持公司股份计划实施完成的公告,股东/实际控制人股份增持,2024-02-22,https://data.eastmoney.com/notices/detail/300101/AN202402221622835685.html
振芯科技,300101,300101,振芯科技,振芯科技:关于使用闲置自有资金进行委托理财的进展公告,委托（受托）事项,2024-02-19,https://data.eastmoney.com/notices/detail/300101/AN202402191622391337.html
振芯科技,300101,300101,振芯科技,振芯科技:关于收到国有土地补偿款的公告,其他,2024-02-19,https://data.eastmoney.com/notices/detail/300101/AN202402181622353549.html
振芯科技,300101,300101,振芯科技,振芯科技:监事会关于公司2021年限制性股票激励计划第二个归属期归属对象名单的核查意见,专项说明/独立意见,2024-02-06,https://data.eastmoney.com/notices/detail/300101/AN202402061620966653.html
振芯科技,300101,300101,振芯科技,振芯科技:独立董事关于公司第六届董事会第五次会议相关事项的独立意见,专项说明/独立意见,2024-02-06,https://data.eastmoney.com/notices/detail/300101/AN202402061620966652.html
振芯科技,300101,300101,振芯科技,振芯科技:北京德恒律师事务所关于振芯科技2021年限制性股票激励计划第二个归属期归属条件成就及部分限制性股票作废相关事项的法律意见,法律意见书,2024-02-06,https://data.eastmoney.com/notices/detail/300101/AN202402061620966637.html
振芯科技,300101,300101,振芯科技,振芯科技:第六届监事会第四次会议决议公告,监事会决议公告,2024-02-06,https://data.eastmoney.com/notices/detail/300101/AN202402061620966693.html
振芯科技,300101,300101,振芯科技,振芯科技:关于公司及子公司使用闲置自有资金进行委托理财的公告,委托（受托）事项,2024-02-06,https://data.eastmoney.com/notices/detail/300101/AN202402061620966692.html
振芯科技,300101,300101,振芯科技,振芯科技:第六届董事会第五次会议决议公告,董事会决议公告,2024-02-06,https://data.eastmoney.com/notices/detail/300101/AN202402061620966636.html
振芯科技,300101,300101,振芯科技,振芯科技:关于公司2021年限制性股票激励计划第二个归属期归属条件成就的公告,股权激励进展公告,2024-02-06,https://data.eastmoney.com/notices/detail/300101/AN202402061620966691.html
振芯科技,300101,300101,振芯科技,振芯科技:关于向银行申请综合授信额度的公告,借贷,2024-02-06,https://data.eastmoney.com/notices/detail/300101/AN202402061620966525.html
振芯科技,300101,300101,振芯科技,振芯科技:关于为全资子公司申请银行贷款提供担保的公告,提供/对外担保公告,2024-02-06,https://data.eastmoney.com/notices/detail/300101/AN202402061620966526.html
振芯科技,300101,300101,振芯科技,振芯科技:关于作废公司2021年限制性股票激励计划部分已授予尚未归属的限制性股票的公告,股权激励进展公告,2024-02-06,https://data.eastmoney.com/notices/detail/300101/AN202402061620966524.html
振芯科技,300101,300101,振芯科技,振芯科技:2023年年度业绩预告,业绩预告,2024-01-30,https://data.eastmoney.com/notices/detail/300101/AN202401301619517682.html
振芯科技,300101,300101,振芯科技,振芯科技:关于使用闲置自有资金进行委托理财的进展公告,委托（受托）事项,2024-01-26,https://data.eastmoney.com/notices/detail/300101/AN202401261618321002.html
振芯科技,300101,300101,振芯科技,振芯科技:关于公司签署日常经营合同的自愿性信息披露公告,其他,2024-01-02,https://data.eastmoney.com/notices/detail/300101/AN202401011615910691.html
振芯科技,300101,300101,振芯科技,振芯科技:关于签署《国有土地使用权收回补偿协议》及《国有建设用地使用权出让合同变更协议》的公告,签订协议,2023-12-28,https://data.eastmoney.com/notices/detail/300101/AN202312281615159358.html
振芯科技,300101,300101,振芯科技,振芯科技:四川天润华邦律师事务所关于成都振芯科技股份有限公司2023年第三次临时股东大会的法律意见,法律意见书,2023-12-28,https://data.eastmoney.com/notices/detail/300101/AN202312281615159332.html
振芯科技,300101,300101,振芯科技,振芯科技:2023年第三次临时股东大会会议决议公告,股东大会决议公告,2023-12-28,https://data.eastmoney.com/notices/detail/300101/AN202312281615159331.html
振芯科技,300101,300101,振芯科技,振芯科技:董事会秘书工作制度(2023年12月),管理办法/制度,2023-12-13,https://data.eastmoney.com/notices/detail/300101/AN202312121614045963.html
振芯科技,300101,300101,振芯科技,振芯科技:董事会议事规则(2023年12月),议事规则/实施细则,2023-12-13,https://data.eastmoney.com/notices/detail/300101/AN202312121614045965.html
振芯科技,300101,300101,振芯科技,振芯科技:董事会薪酬与考核委员会工作细则(2023年12月),议事规则/实施细则,2023-12-13,https://data.eastmoney.com/notices/detail/300101/AN202312121614045956.html
振芯科技,300101,300101,振芯科技,振芯科技:公司章程及相关制度修订对照表,公司章程修订,2023-12-13,https://data.eastmoney.com/notices/detail/300101/AN202312121614045958.html
振芯科技,300101,300101,振芯科技,振芯科技:监事会议事规则(2023年12月),议事规则/实施细则,2023-12-13,https://data.eastmoney.com/notices/detail/300101/AN202312121614045923.html
振芯科技,300101,300101,振芯科技,振芯科技:第六届董事会第一次临时会议决议公告,董事会决议公告,2023-12-13,https://data.eastmoney.com/notices/detail/300101/AN202312121614045942.html
振芯科技,300101,300101,振芯科技,振芯科技:股东大会议事规则(2023年12月),议事规则/实施细则,2023-12-13,https://data.eastmoney.com/notices/detail/300101/AN202312121614045931.html
振芯科技,300101,300101,振芯科技,振芯科技:董事会提名委员会工作细则(2023年12月),议事规则/实施细则,2023-12-13,https://data.eastmoney.com/notices/detail/300101/AN202312121614045939.html
振芯科技,300101,300101,振芯科技,振芯科技:募集资金管理办法(2023年12月),管理办法/制度,2023-12-13,https://data.eastmoney.com/notices/detail/300101/AN202312121614045918.html
振芯科技,300101,300101,振芯科技,振芯科技:公司章程(2023年12月),公司章程,2023-12-13,https://data.eastmoney.com/notices/detail/300101/AN202312121614045919.html
振芯科技,300101,300101,振芯科技,振芯科技:关联交易管理办法(2023年12月),管理办法/制度,2023-12-13,https://data.eastmoney.com/notices/detail/300101/AN202312121614045920.html
振芯科技,300101,300101,振芯科技,振芯科技:关于召开2023年第三次临时股东大会的通知,召开股东大会通知,2023-12-13,https://data.eastmoney.com/notices/detail/300101/AN202312121614045863.html
振芯科技,300101,300101,振芯科技,振芯科技:董事会战略委员会工作细则(2023年12月),议事规则/实施细则,2023-12-13,https://data.eastmoney.com/notices/detail/300101/AN202312121614045864.html
振芯科技,300101,300101,振芯科技,振芯科技:第六届监事会第一次临时会议决议公告,监事会决议公告,2023-12-13,https://data.eastmoney.com/notices/detail/300101/AN202312121614045872.html
振芯科技,300101,300101,振芯科技,振芯科技:对外担保管理办法(2023年12月),管理办法/制度,2023-12-13,https://data.eastmoney.com/notices/detail/300101/AN202312121614045869.html
振芯科技,300101,300101,振芯科技,振芯科技:投资者关系管理制度(2023年12月),管理办法/制度,2023-12-13,https://data.eastmoney.com/notices/detail/300101/AN202312121614045873.html
振芯科技,300101,300101,振芯科技,振芯科技:独立董事工作制度(2023年12月),管理办法/制度,2023-12-13,https://data.eastmoney.com/notices/detail/300101/AN202312121614045871.html
振芯科技,300101,300101,振芯科技,振芯科技:董事会审计委员会工作细则(2023年12月),议事规则/实施细则,2023-12-13,https://data.eastmoney.com/notices/detail/300101/AN202312121614045870.html
振芯科技,300101,300101,振芯科技,振芯科技:关于使用闲置自有资金进行委托理财的进展公告,委托（受托）事项,2023-11-24,https://data.eastmoney.com/notices/detail/300101/AN202311241612228536.html
振芯科技,300101,300101,振芯科技,振芯科技:300101振芯科技调研活动信息20231123,调研活动,2023-11-23,https://data.eastmoney.com/notices/detail/300101/AN202311231612211450.html
振芯科技,300101,300101,振芯科技,振芯科技:关于签署《保证合同》的公告,签订协议,2023-11-03,https://data.eastmoney.com/notices/detail/300101/AN202311031608337833.html
振芯科技,300101,300101,振芯科技,振芯科技:关于2023年第三季度计提资产减值准备的公告,其他,2023-10-30,https://data.eastmoney.com/notices/detail/300101/AN202310291605635244.html
振芯科技,300101,300101,振芯科技,振芯科技:第六届董事会第四次会议决议公告,董事会决议公告,2023-10-30,https://data.eastmoney.com/notices/detail/300101/AN202310291605635214.html
振芯科技,300101,300101,振芯科技,振芯科技:2023年三季度报告,三季度报告全文,2023-10-30,https://data.eastmoney.com/notices/detail/300101/AN202310291605635243.html
振芯科技,300101,300101,振芯科技,振芯科技:2023年第三季度报告披露提示性公告,其他,2023-10-30,https://data.eastmoney.com/notices/detail/300101/AN202310291605634512.html
振芯科技,300101,300101,振芯科技,振芯科技:第六届监事会第三次会议决议公告,监事会决议公告,2023-10-30,https://data.eastmoney.com/notices/detail/300101/AN202310291605634424.html
振芯科技,300101,300101,振芯科技,振芯科技:关于使用闲置自有资金进行委托理财的进展公告,委托（受托）事项,2023-10-17,https://data.eastmoney.com/notices/detail/300101/AN202310171601760070.html
振芯科技,300101,300101,振芯科技,振芯科技:关于公司监事提前终止减持计划的公告,股东/实际控制人股份减持,2023-10-16,https://data.eastmoney.com/notices/detail/300101/AN202310161601625685.html
振芯科技,300101,300101,振芯科技,振芯科技:第六届董事会第三次会议决议公告,高管人员任职变动,2023-10-09,https://data.eastmoney.com/notices/detail/300101/AN202310091601104409.html
振芯科技,300101,300101,振芯科技,振芯科技:关于聘任副总经理的公告,高管人员任职变动,2023-10-09,https://data.eastmoney.com/notices/detail/300101/AN202310091601104413.html
振芯科技,300101,300101,振芯科技,振芯科技:独立董事关于公司第六届董事会第三次会议相关事项的独立意见,专项说明/独立意见,2023-10-09,https://data.eastmoney.com/notices/detail/300101/AN202310091601104411.html
振芯科技,300101,300101,振芯科技,振芯科技:关于2022年员工持股计划锁定期届满的提示性公告,员工持股计划,2023-09-18,https://data.eastmoney.com/notices/detail/300101/AN202309181599047310.html
振芯科技,300101,300101,振芯科技,振芯科技:2023年第二次临时股东大会会议决议公告,股东大会决议公告,2023-09-15,https://data.eastmoney.com/notices/detail/300101/AN202309151598731324.html
振芯科技,300101,300101,振芯科技,振芯科技:四川天润华邦律师事务所关于成都振芯科技股份有限公司2023年第二次临时股东大会的法律意见,法律意见书,2023-09-15,https://data.eastmoney.com/notices/detail/300101/AN202309151598731303.html
振芯科技,300101,300101,振芯科技,振芯科技:300101振芯科技调研活动信息20230906,调研活动,2023-09-06,https://data.eastmoney.com/notices/detail/300101/AN202309061597745171.html
振芯科技,300101,300101,振芯科技,振芯科技:独立董事关于第六届董事会第二次会议相关事项的独立意见,专项说明/独立意见,2023-08-30,https://data.eastmoney.com/notices/detail/300101/AN202308301596828482.html
振芯科技,300101,300101,振芯科技,振芯科技:关于调整北斗产业园建设方案的公告,其他,2023-08-28,https://data.eastmoney.com/notices/detail/300101/AN202308271595900888.html
振芯科技,300101,300101,振芯科技,振芯科技:关于公司2022年员工持股计划解锁条件成就的公告,员工持股计划,2023-08-28,https://data.eastmoney.com/notices/detail/300101/AN202308271595900904.html
振芯科技,300101,300101,振芯科技,振芯科技:2023年半年度报告,半年度报告全文,2023-08-28,https://data.eastmoney.com/notices/detail/300101/AN202308271595900893.html
振芯科技,300101,300101,振芯科技,振芯科技:董事会决议公告,董事会决议公告,2023-08-28,https://data.eastmoney.com/notices/detail/300101/AN202308271595900890.html
振芯科技,300101,300101,振芯科技,振芯科技:关于召开2023年第二次临时股东大会的通知,召开股东大会通知,2023-08-28,https://data.eastmoney.com/notices/detail/300101/AN202308271595900889.html
振芯科技,300101,300101,振芯科技,振芯科技:关于2023年半年度计提资产减值准备的公告,其他,2023-08-28,https://data.eastmoney.com/notices/detail/300101/AN202308271595900886.html
振芯科技,300101,300101,振芯科技,振芯科技:监事会决议公告,监事会决议公告,2023-08-28,https://data.eastmoney.com/notices/detail/300101/AN202308271595900883.html
振芯科技,300101,300101,振芯科技,振芯科技:关于为全资子公司申请银行贷款提供担保的公告,提供/对外担保公告,2023-08-28,https://data.eastmoney.com/notices/detail/300101/AN202308271595900884.html
振芯科技,300101,300101,振芯科技,振芯科技:2023年半年度报告披露提示性公告,其他,2023-08-28,https://data.eastmoney.com/notices/detail/300101/AN202308271595900765.html
振芯科技,300101,300101,振芯科技,振芯科技:2023年半年度报告摘要,半年度报告摘要,2023-08-28,https://data.eastmoney.com/notices/detail/300101/AN202308271595900764.html
振芯科技,300101,300101,振芯科技,振芯科技:关于董事长、部分董事增持公司股份计划的公告,股东/实际控制人股份增持,2023-08-24,https://data.eastmoney.com/notices/detail/300101/AN202308231595546653.html
振芯科技,300101,300101,振芯科技,振芯科技:第六届董事会第一次会议决议公告,高管人员任职变动,2023-07-28,https://data.eastmoney.com/notices/detail/300101/AN202307281592804862.html
振芯科技,300101,300101,振芯科技,振芯科技:独立董事关于公司第六届董事会第一次会议相关事项的独立意见,专项说明/独立意见,2023-07-28,https://data.eastmoney.com/notices/detail/300101/AN202307281592804866.html
振芯科技,300101,300101,振芯科技,振芯科技:第六届监事会第一次会议决议公告,高管人员任职变动,2023-07-28,https://data.eastmoney.com/notices/detail/300101/AN202307281592804849.html
振芯科技,300101,300101,振芯科技,振芯科技:关于聘任董事会秘书、证券事务代表的公告,高管人员任职变动,2023-07-28,https://data.eastmoney.com/notices/detail/300101/AN202307281592804868.html
振芯科技,300101,300101,振芯科技,振芯科技:关于董事会、监事会完成换届选举及聘任高级管理人员的公告,高管人员任职变动,2023-07-28,https://data.eastmoney.com/notices/detail/300101/AN202307281592804870.html
振芯科技,300101,300101,振芯科技,振芯科技:董事会战略委员会工作细则,议事规则/实施细则,2023-07-28,https://data.eastmoney.com/notices/detail/300101/AN202307281592804261.html
振芯科技,300101,300101,振芯科技,振芯科技:300101振芯科技调研活动信息20230721,调研活动,2023-07-21,https://data.eastmoney.com/notices/detail/300101/AN202307211592541353.html
振芯科技,300101,300101,振芯科技,振芯科技:四川天润华邦律师事务所关于成都振芯科技股份有限公司2023年第一次临时股东大会的法律意见,法律意见书,2023-07-19,https://data.eastmoney.com/notices/detail/300101/AN202307181592391786.html
振芯科技,300101,300101,振芯科技,振芯科技:2023年第一次临时股东大会会议决议公告,股东大会决议公告,2023-07-19,https://data.eastmoney.com/notices/detail/300101/AN202307181592391774.html
振芯科技,300101,300101,振芯科技,振芯科技:关于使用闲置自有资金进行委托理财的进展公告,委托（受托）事项,2023-07-14,https://data.eastmoney.com/notices/detail/300101/AN202307141592282654.html
振芯科技,300101,300101,振芯科技,振芯科技:关于对深圳证券交易所关注函回复的公告,回复关注函公告,2023-07-10,https://data.eastmoney.com/notices/detail/300101/AN202307101592143180.html
振芯科技,300101,300101,振芯科技,振芯科技:独立董事关于对深圳证券交易所关注函相关事项的独立意见,专项说明/独立意见,2023-07-10,https://data.eastmoney.com/notices/detail/300101/AN202307101592143178.html
振芯科技,300101,300101,振芯科技,300101:振芯科技关注函,关注函,2023-07-07,https://data.eastmoney.com/notices/detail/300101/AN202307071592101140.html
振芯科技,300101,300101,振芯科技,振芯科技:关于完成工商变更登记的公告,法定代表人变更,2023-07-07,https://data.eastmoney.com/notices/detail/300101/AN202307071592099070.html
振芯科技,300101,300101,振芯科技,振芯科技:关于使用闲置自有资金进行委托理财的进展公告,委托（受托）事项,2023-07-07,https://data.eastmoney.com/notices/detail/300101/AN202307071592099057.html
振芯科技,300101,300101,振芯科技,振芯科技:第五届董事会第九次临时会议决议公告,高管人员任职变动,2023-07-03,https://data.eastmoney.com/notices/detail/300101/AN202307021591985807.html
振芯科技,300101,300101,振芯科技,振芯科技:独立董事关于第五届董事会第九次临时会议相关事项的独立意见,专项说明/独立意见,2023-07-03,https://data.eastmoney.com/notices/detail/300101/AN202307021591985834.html
振芯科技,300101,300101,振芯科技,振芯科技:独立董事提名人声明(吴越),独立董事提名人声明,2023-07-03,https://data.eastmoney.com/notices/detail/300101/AN202307021591985818.html
振芯科技,300101,300101,振芯科技,振芯科技:离任董事持股及减持承诺事项的说明,其他,2023-07-03,https://data.eastmoney.com/notices/detail/300101/AN202307021591985821.html
振芯科技,300101,300101,振芯科技,振芯科技:关于召开2023年第一次临时股东大会的通知(更新后),召开股东大会通知,2023-07-03,https://data.eastmoney.com/notices/detail/300101/AN202307021591985812.html
振芯科技,300101,300101,振芯科技,振芯科技:关于董事长辞职及变更董事长、法定代表人的公告,高管人员任职变动,2023-07-03,https://data.eastmoney.com/notices/detail/300101/AN202307021591985820.html
振芯科技,300101,300101,振芯科技,振芯科技:独立董事提名人声明(徐锐敏),独立董事提名人声明,2023-07-03,https://data.eastmoney.com/notices/detail/300101/AN202307021591985839.html
振芯科技,300101,300101,振芯科技,振芯科技:独立董事候选人声明(徐锐敏),独立董事候选人声明,2023-07-03,https://data.eastmoney.com/notices/detail/300101/AN202307021591985831.html
振芯科技,300101,300101,振芯科技,振芯科技:独立董事候选人声明(吴越),独立董事候选人声明,2023-07-03,https://data.eastmoney.com/notices/detail/300101/AN202307021591985799.html
振芯科技,300101,300101,振芯科技,振芯科技:关于取消股东大会并另行召开2023年第一次临时股东大会的公告,取消股东大会公告,2023-07-03,https://data.eastmoney.com/notices/detail/300101/AN202307021591985804.html
振芯科技,300101,300101,振芯科技,振芯科技:独立董事候选人声明(江才),独立董事候选人声明,2023-07-03,https://data.eastmoney.com/notices/detail/300101/AN202307021591985707.html
振芯科技,300101,300101,振芯科技,振芯科技:独立董事提名人声明(江才),独立董事提名人声明,2023-07-03,https://data.eastmoney.com/notices/detail/300101/AN202307021591985705.html
振芯科技,300101,300101,振芯科技,振芯科技:独立董事提名人声明(吴越),独立董事提名人声明,2023-06-21,https://data.eastmoney.com/notices/detail/300101/AN202306201591095421.html
振芯科技,300101,300101,振芯科技,振芯科技:独立董事候选人声明(江才),独立董事候选人声明,2023-06-21,https://data.eastmoney.com/notices/detail/300101/AN202306201591095423.html
振芯科技,300101,300101,振芯科技,振芯科技:独立董事候选人声明(徐锐敏),独立董事候选人声明,2023-06-21,https://data.eastmoney.com/notices/detail/300101/AN202306201591095422.html
振芯科技,300101,300101,振芯科技,振芯科技:第五届董事会第二十次会议决议公告,高管人员任职变动,2023-06-21,https://data.eastmoney.com/notices/detail/300101/AN202306201591095416.html
振芯科技,300101,300101,振芯科技,振芯科技:独立董事候选人声明(吴越),独立董事候选人声明,2023-06-21,https://data.eastmoney.com/notices/detail/300101/AN202306201591095418.html
振芯科技,300101,300101,振芯科技,振芯科技:关于选举职工代表监事的公告,高管人员任职变动,2023-06-21,https://data.eastmoney.com/notices/detail/300101/AN202306201591095419.html
振芯科技,300101,300101,振芯科技,振芯科技:关于召开2023年第一次临时股东大会的通知,召开股东大会通知,2023-06-21,https://data.eastmoney.com/notices/detail/300101/AN202306201591095420.html
振芯科技,300101,300101,振芯科技,振芯科技:独立董事提名人声明(江才),独立董事提名人声明,2023-06-21,https://data.eastmoney.com/notices/detail/300101/AN202306201591095415.html
振芯科技,300101,300101,振芯科技,振芯科技:第五届监事会第十八次会议决议公告,高管人员任职变动,2023-06-21,https://data.eastmoney.com/notices/detail/300101/AN202306201591095417.html
振芯科技,300101,300101,振芯科技,振芯科技:独立董事关于第五届董事会第二十次会议相关事项的独立意见,专项说明/独立意见,2023-06-21,https://data.eastmoney.com/notices/detail/300101/AN202306201591095389.html
振芯科技,300101,300101,振芯科技,振芯科技:独立董事提名人声明(徐锐敏),独立董事提名人声明,2023-06-21,https://data.eastmoney.com/notices/detail/300101/AN202306201591095388.html
振芯科技,300101,300101,振芯科技,振芯科技:关于使用闲置自有资金进行委托理财的进展公告,委托（受托）事项,2023-06-15,https://data.eastmoney.com/notices/detail/300101/AN202306151590970928.html
振芯科技,300101,300101,振芯科技,振芯科技:关于公司监事减持股份计划的预披露公告,股东/实际控制人股份减持,2023-05-29,https://data.eastmoney.com/notices/detail/300101/AN202305291587334192.html
振芯科技,300101,300101,振芯科技,振芯科技:关于签署《保证合同》的公告,签订协议,2023-05-15,https://data.eastmoney.com/notices/detail/300101/AN202305151586641240.html
振芯科技,300101,300101,振芯科技,振芯科技:关于使用闲置自有资金进行委托理财的进展公告,委托（受托）事项,2023-05-15,https://data.eastmoney.com/notices/detail/300101/AN202305151586641056.html
振芯科技,300101,300101,振芯科技,振芯科技:300101振芯科技调研活动信息20230512,调研活动,2023-05-12,https://data.eastmoney.com/notices/detail/300101/AN202305121586531318.html
振芯科技,300101,300101,振芯科技,振芯科技:2022年年度股东大会会议决议公告,分配方案决议公告,2023-05-10,https://data.eastmoney.com/notices/detail/300101/AN202305101586452302.html
振芯科技,300101,300101,振芯科技,振芯科技:北京德恒律师事务所关于成都振芯科技股份有限公司2022年年度股东大会的法律意见,法律意见书,2023-05-10,https://data.eastmoney.com/notices/detail/300101/AN202305101586452248.html
振芯科技,300101,300101,振芯科技,振芯科技:关于董事会和监事会延期换届选举的提示性公告,高管人员任职变动,2023-05-08,https://data.eastmoney.com/notices/detail/300101/AN202305081586362129.html
振芯科技,300101,300101,振芯科技,振芯科技:300101振芯科技业绩说明会、路演活动信息20230428,调研活动,2023-04-28,https://data.eastmoney.com/notices/detail/300101/AN202304281586041444.html
振芯科技,300101,300101,振芯科技,振芯科技:第五届监事会第十七次会议决议公告,监事会决议公告,2023-04-25,https://data.eastmoney.com/notices/detail/300101/AN202304241585748804.html
振芯科技,300101,300101,振芯科技,振芯科技:第五届董事会第十九次会议决议公告,董事会决议公告,2023-04-25,https://data.eastmoney.com/notices/detail/300101/AN202304241585748778.html
振芯科技,300101,300101,振芯科技,振芯科技:2023年一季度报告,一季度报告全文,2023-04-25,https://data.eastmoney.com/notices/detail/300101/AN202304241585748771.html
振芯科技,300101,300101,振芯科技,振芯科技:2023年第一季度报告披露提示性公告,其他,2023-04-25,https://data.eastmoney.com/notices/detail/300101/AN202304241585748767.html
振芯科技,300101,300101,振芯科技,振芯科技:关于2023年第一季度计提资产减值准备的公告,其他,2023-04-25,https://data.eastmoney.com/notices/detail/300101/AN202304241585748763.html
振芯科技,300101,300101,振芯科技,振芯科技:关于使用闲置自有资金进行委托理财的进展公告,委托（受托）事项,2023-04-19,https://data.eastmoney.com/notices/detail/300101/AN202304191585583404.html
振芯科技,300101,300101,振芯科技,振芯科技:内幕信息知情人管理制度(2023年04月),管理办法/制度,2023-04-19,https://data.eastmoney.com/notices/detail/300101/AN202304181585547068.html
振芯科技,300101,300101,振芯科技,振芯科技:2022年年度审计报告,审计报告,2023-04-19,https://data.eastmoney.com/notices/detail/300101/AN202304181585547065.html
振芯科技,300101,300101,振芯科技,振芯科技:关于续聘公司2023年度审计机构的公告,审计机构变更,2023-04-19,https://data.eastmoney.com/notices/detail/300101/AN202304181585547074.html
振芯科技,300101,300101,振芯科技,振芯科技:投资者关系管理制度(2023年04月),管理办法/制度,2023-04-19,https://data.eastmoney.com/notices/detail/300101/AN202304181585547059.html
振芯科技,300101,300101,振芯科技,振芯科技:对外担保管理办法(2023年04月),管理办法/制度,2023-04-19,https://data.eastmoney.com/notices/detail/300101/AN202304181585547060.html
振芯科技,300101,300101,振芯科技,振芯科技:2022年年度报告摘要,年度报告摘要,2023-04-19,https://data.eastmoney.com/notices/detail/300101/AN202304181585547030.html
振芯科技,300101,300101,振芯科技,振芯科技:独立董事关于第五届董事会第十八次会议相关事项的独立意见,专项说明/独立意见,2023-04-19,https://data.eastmoney.com/notices/detail/300101/AN202304181585547049.html
振芯科技,300101,300101,振芯科技,振芯科技:独立董事工作制度(2023年04月),管理办法/制度,2023-04-19,https://data.eastmoney.com/notices/detail/300101/AN202304181585547029.html
振芯科技,300101,300101,振芯科技,振芯科技:董事会决议公告,分配预案,2023-04-19,https://data.eastmoney.com/notices/detail/300101/AN202304181585547048.html
振芯科技,300101,300101,振芯科技,振芯科技:2022年年度报告,年度报告全文,2023-04-19,https://data.eastmoney.com/notices/detail/300101/AN202304181585547041.html
振芯科技,300101,300101,振芯科技,振芯科技:董事、监事和高级管理人员培训制度(2023年04月),管理办法/制度,2023-04-19,https://data.eastmoney.com/notices/detail/300101/AN202304181585547042.html
振芯科技,300101,300101,振芯科技,振芯科技:关于2022年度计提资产减值准备的公告,其他,2023-04-19,https://data.eastmoney.com/notices/detail/300101/AN202304181585547014.html
振芯科技,300101,300101,振芯科技,振芯科技:2022年度董事会工作报告,其他,2023-04-19,https://data.eastmoney.com/notices/detail/300101/AN202304181585547010.html
振芯科技,300101,300101,振芯科技,振芯科技:董事、监事和高级管理人员持有和买卖本公司股票管理制度(2023年04月),管理办法/制度,2023-04-19,https://data.eastmoney.com/notices/detail/300101/AN202304181585547020.html
振芯科技,300101,300101,振芯科技,振芯科技:监事会决议公告,监事会决议公告,2023-04-19,https://data.eastmoney.com/notices/detail/300101/AN202304181585547015.html
振芯科技,300101,300101,振芯科技,振芯科技:2022年度财务决算报告,年度财务报告,2023-04-19,https://data.eastmoney.com/notices/detail/300101/AN202304181585547026.html
振芯科技,300101,300101,振芯科技,振芯科技:公司相关治理制度修订对照表,管理办法/制度,2023-04-19,https://data.eastmoney.com/notices/detail/300101/AN202304181585547024.html
振芯科技,300101,300101,振芯科技,振芯科技:内部审计制度(2023年04月),管理办法/制度,2023-04-19,https://data.eastmoney.com/notices/detail/300101/AN202304181585547025.html
振芯科技,300101,300101,振芯科技,振芯科技:2022年度监事会工作报告,其他,2023-04-19,https://data.eastmoney.com/notices/detail/300101/AN202304181585547023.html
振芯科技,300101,300101,振芯科技,振芯科技:股东大会议事规则(2023年04月),议事规则/实施细则,2023-04-19,https://data.eastmoney.com/notices/detail/300101/AN202304181585547012.html
振芯科技,300101,300101,振芯科技,振芯科技:关于召开2022年年度股东大会的通知,召开股东大会通知,2023-04-19,https://data.eastmoney.com/notices/detail/300101/AN202304181585547013.html
振芯科技,300101,300101,振芯科技,振芯科技:特定对象来访接待管理制度(2023年04月),管理办法/制度,2023-04-19,https://data.eastmoney.com/notices/detail/300101/AN202304181585547011.html
振芯科技,300101,300101,振芯科技,振芯科技:非经营性资金占用及其他关联资金往来情况专项审核说明,专项说明/独立意见,2023-04-19,https://data.eastmoney.com/notices/detail/300101/AN202304181585547052.html
振芯科技,300101,300101,振芯科技,振芯科技:现金分红管理制度(2023年04月),管理办法/制度,2023-04-19,https://data.eastmoney.com/notices/detail/300101/AN202304181585547051.html
振芯科技,300101,300101,振芯科技,振芯科技:股东大会网络投票实施细则(2023年04月),议事规则/实施细则,2023-04-19,https://data.eastmoney.com/notices/detail/300101/AN202304181585547050.html
振芯科技,300101,300101,振芯科技,振芯科技:募集资金管理办法(2023年04月),管理办法/制度,2023-04-19,https://data.eastmoney.com/notices/detail/300101/AN202304181585547043.html
振芯科技,300101,300101,振芯科技,振芯科技:年报信息披露重大差错责任追究制度(2023年04月),管理办法/制度,2023-04-19,https://data.eastmoney.com/notices/detail/300101/AN202304181585546989.html
振芯科技,300101,300101,振芯科技,振芯科技:合同管理制度(2023年04月),管理办法/制度,2023-04-19,https://data.eastmoney.com/notices/detail/300101/AN202304181585547005.html
振芯科技,300101,300101,振芯科技,振芯科技:关于举行2022年度业绩网上说明会的公告,其他,2023-04-19,https://data.eastmoney.com/notices/detail/300101/AN202304181585546985.html
振芯科技,300101,300101,振芯科技,振芯科技:关联交易管理办法(2023年04月),管理办法/制度,2023-04-19,https://data.eastmoney.com/notices/detail/300101/AN202304181585546981.html
振芯科技,300101,300101,振芯科技,振芯科技:关于会计政策变更的公告,其他,2023-04-19,https://data.eastmoney.com/notices/detail/300101/AN202304181585546986.html
振芯科技,300101,300101,振芯科技,振芯科技:独立董事2022年度述职报告,独立董事述职报告,2023-04-19,https://data.eastmoney.com/notices/detail/300101/AN202304181585546977.html
振芯科技,300101,300101,振芯科技,振芯科技:2022年年度报告披露提示性公告,其他,2023-04-19,https://data.eastmoney.com/notices/detail/300101/AN202304181585546994.html
振芯科技,300101,300101,振芯科技,振芯科技:2022年度内部控制自我评价报告,内部控制报告,2023-04-19,https://data.eastmoney.com/notices/detail/300101/AN202304181585546993.html
振芯科技,300101,300101,振芯科技,振芯科技:关于为全资子公司申请银行贷款提供担保的公告,提供/对外担保公告,2023-04-19,https://data.eastmoney.com/notices/detail/300101/AN202304181585546990.html
振芯科技,300101,300101,振芯科技,振芯科技:委托理财管理制度(2023年04月),管理办法/制度,2023-04-19,https://data.eastmoney.com/notices/detail/300101/AN202304181585546991.html
振芯科技,300101,300101,振芯科技,振芯科技:独立董事关于第五届董事会第十八次会议相关事项的事前认可意见,专项说明/独立意见,2023-04-19,https://data.eastmoney.com/notices/detail/300101/AN202304181585546979.html
振芯科技,300101,300101,振芯科技,振芯科技:关于完成工商变更登记的公告,公司注册资本变更,2023-03-16,https://data.eastmoney.com/notices/detail/300101/AN202303161584312709.html
振芯科技,300101,300101,振芯科技,振芯科技:300101振芯科技调研活动信息20230303,调研活动,2023-03-03,https://data.eastmoney.com/notices/detail/300101/AN202303031584017794.html
振芯科技,300101,300101,振芯科技,振芯科技:公司章程(2023年02月),公司章程,2023-02-24,https://data.eastmoney.com/notices/detail/300101/AN202302241583697556.html
振芯科技,300101,300101,振芯科技,振芯科技:关于公司及子公司使用闲置自有资金进行委托理财的公告,委托（受托）事项,2023-02-24,https://data.eastmoney.com/notices/detail/300101/AN202302241583697566.html
振芯科技,300101,300101,振芯科技,振芯科技:第五届监事会第十五次会议决议公告,监事会决议公告,2023-02-24,https://data.eastmoney.com/notices/detail/300101/AN202302241583697565.html
振芯科技,300101,300101,振芯科技,振芯科技:关于向银行申请综合授信额度的公告,借贷,2023-02-24,https://data.eastmoney.com/notices/detail/300101/AN202302241583697560.html
振芯科技,300101,300101,振芯科技,振芯科技:第五届董事会第十七次会议决议公告,董事会决议公告,2023-02-24,https://data.eastmoney.com/notices/detail/300101/AN202302241583697552.html
振芯科技,300101,300101,振芯科技,振芯科技:独立董事关于公司第五届董事会第十七次会议相关事项的独立意见,专项说明/独立意见,2023-02-24,https://data.eastmoney.com/notices/detail/300101/AN202302241583697539.html
振芯科技,300101,300101,振芯科技,振芯科技:300101振芯科技调研活动信息20230220,调研活动,2023-02-20,https://data.eastmoney.com/notices/detail/300101/AN202302201583394202.html
振芯科技,300101,300101,振芯科技,振芯科技:2022年年度业绩预告,业绩预告,2023-01-30,https://data.eastmoney.com/notices/detail/300101/AN202301301582502821.html
振芯科技,300101,300101,振芯科技,振芯科技:关于2021年限制性股票激励计划第一个归属期归属结果暨股份上市的公告,限售股份上市流通,2023-01-10,https://data.eastmoney.com/notices/detail/300101/AN202301101581848887.html
振芯科技,300101,300101,振芯科技,振芯科技:关于使用闲置自有资金进行委托理财的进展公告,委托（受托）事项,2022-12-27,https://data.eastmoney.com/notices/detail/300101/AN202212271581409234.html
振芯科技,300101,300101,振芯科技,振芯科技:监事会关于公司2021年限制性股票激励计划第一个归属期归属对象名单的核查意见,专项说明/独立意见,2022-12-08,https://data.eastmoney.com/notices/detail/300101/AN202212081580929496.html
振芯科技,300101,300101,振芯科技,振芯科技:独立董事关于公司第五届董事会第十六次会议相关事项的独立意见,专项说明/独立意见,2022-12-08,https://data.eastmoney.com/notices/detail/300101/AN202212081580929495.html
振芯科技,300101,300101,振芯科技,振芯科技:第五届监事会第十四次会议决议公告,监事会决议公告,2022-12-08,https://data.eastmoney.com/notices/detail/300101/AN202212081580929492.html
振芯科技,300101,300101,振芯科技,振芯科技:关于公司2021年限制性股票激励计划第一个归属期归属条件成就的公告,股权激励进展公告,2022-12-08,https://data.eastmoney.com/notices/detail/300101/AN202212081580929494.html
振芯科技,300101,300101,振芯科技,振芯科技:北京德恒律师事务所关于成都振芯科技股份有限公司2021年限制性股票激励计划第一个归属期归属条件成就相关事项的法律意见,法律意见书,2022-12-08,https://data.eastmoney.com/notices/detail/300101/AN202212081580929489.html
振芯科技,300101,300101,振芯科技,振芯科技:第五届董事会第十六次会议决议公告,董事会决议公告,2022-12-08,https://data.eastmoney.com/notices/detail/300101/AN202212081580929488.html
振芯科技,300101,300101,振芯科技,振芯科技:关于签署《保证合同》的公告,签订协议,2022-11-30,https://data.eastmoney.com/notices/detail/300101/AN202211301580694974.html
振芯科技,300101,300101,振芯科技,振芯科技:第五届董事会第十五次会议决议公告,董事会决议公告,2022-10-26,https://data.eastmoney.com/notices/detail/300101/AN202210251579448813.html
振芯科技,300101,300101,振芯科技,振芯科技:关于2022年第三季度计提资产减值准备的公告,其他,2022-10-26,https://data.eastmoney.com/notices/detail/300101/AN202210251579448814.html
振芯科技,300101,300101,振芯科技,振芯科技:2022年三季度报告,三季度报告全文,2022-10-26,https://data.eastmoney.com/notices/detail/300101/AN202210251579448812.html
振芯科技,300101,300101,振芯科技,振芯科技:2022年第三季度报告披露提示性公告,其他,2022-10-26,https://data.eastmoney.com/notices/detail/300101/AN202210251579448811.html
振芯科技,300101,300101,振芯科技,振芯科技:第五届监事会第十三次会议决议公告,监事会决议公告,2022-10-26,https://data.eastmoney.com/notices/detail/300101/AN202210251579448815.html
振芯科技,300101,300101,振芯科技,振芯科技:关于控股子公司退回政府补助的公告,其他,2022-10-11,https://data.eastmoney.com/notices/detail/300101/AN202210111579071616.html
振芯科技,300101,300101,振芯科技,振芯科技:关于使用闲置自有资金进行委托理财的进展公告,委托（受托）事项,2022-09-27,https://data.eastmoney.com/notices/detail/300101/AN202209271578712781.html
振芯科技,300101,300101,振芯科技,振芯科技:关于2022年员工持股计划完成非交易过户的公告,股权激励进展公告,2022-09-22,https://data.eastmoney.com/notices/detail/300101/AN202209221578598289.html
振芯科技,300101,300101,振芯科技,振芯科技:关于部分董事、监事减持计划实施完毕的公告,股东/实际控制人股份减持,2022-09-22,https://data.eastmoney.com/notices/detail/300101/AN202209221578598293.html
振芯科技,300101,300101,振芯科技,振芯科技:300101振芯科技业绩说明会、路演活动等20220916,调研活动,2022-09-16,https://data.eastmoney.com/notices/detail/300101/AN202209161578456267.html
振芯科技,300101,300101,振芯科技,振芯科技:关于参加2022年四川辖区上市公司投资者网上集体接待日活动的公告,调研活动,2022-09-13,https://data.eastmoney.com/notices/detail/300101/AN202209131578356715.html
振芯科技,300101,300101,振芯科技,振芯科技:关于获得政府补助的公告,获得补贴（资助）,2022-09-01,https://data.eastmoney.com/notices/detail/300101/AN202209011577937691.html
振芯科技,300101,300101,振芯科技,振芯科技:独立董事关于公司第五届董事会第十四次会议有关事项的独立意见,专项说明/独立意见,2022-08-30,https://data.eastmoney.com/notices/detail/300101/AN202208291577788700.html
振芯科技,300101,300101,振芯科技,振芯科技:2022年半年度报告摘要,半年度报告摘要,2022-08-30,https://data.eastmoney.com/notices/detail/300101/AN202208291577788701.html
振芯科技,300101,300101,振芯科技,振芯科技:北京德恒律师事务所关于成都振芯科技股份有限公司2021年限制性股票激励计划授予价格调整的法律意见书,产品价格调整,2022-08-30,https://data.eastmoney.com/notices/detail/300101/AN202208291577788709.html
振芯科技,300101,300101,振芯科技,振芯科技:监事会决议公告,监事会决议公告,2022-08-30,https://data.eastmoney.com/notices/detail/300101/AN202208291577788705.html
振芯科技,300101,300101,振芯科技,振芯科技:董事会决议公告,董事会决议公告,2022-08-30,https://data.eastmoney.com/notices/detail/300101/AN202208291577788707.html
振芯科技,300101,300101,振芯科技,振芯科技:关于2022年半年度计提资产减值准备的公告,其他,2022-08-30,https://data.eastmoney.com/notices/detail/300101/AN202208291577788702.html
振芯科技,300101,300101,振芯科技,振芯科技:2022年半年度报告披露提示性公告,其他,2022-08-30,https://data.eastmoney.com/notices/detail/300101/AN202208291577788710.html
振芯科技,300101,300101,振芯科技,振芯科技:2022年半年度非经营性资金占用及其他关联资金往来情况汇总表,资金占用,2022-08-30,https://data.eastmoney.com/notices/detail/300101/AN202208291577788706.html
振芯科技,300101,300101,振芯科技,振芯科技:关于调整2021年限制性股票激励计划授予价格的公告,股权激励行权价（数量）调整,2022-08-30,https://data.eastmoney.com/notices/detail/300101/AN202208291577788703.html
振芯科技,300101,300101,振芯科技,振芯科技:关于公司全面有序复工复产的公告,其他,2022-08-30,https://data.eastmoney.com/notices/detail/300101/AN202208291577788704.html
振芯科技,300101,300101,振芯科技,振芯科技:2022年半年度报告,半年度报告全文,2022-08-30,https://data.eastmoney.com/notices/detail/300101/AN202208291577788698.html
振芯科技,300101,300101,振芯科技,振芯科技:2022年员工持股计划第一次持有人会议决议公告,高管人员任职变动,2022-08-25,https://data.eastmoney.com/notices/detail/300101/AN202208251577635891.html
振芯科技,300101,300101,振芯科技,振芯科技:关于受限电政策影响临时停产的公告,其他,2022-08-22,https://data.eastmoney.com/notices/detail/300101/AN202208221577465530.html
振芯科技,300101,300101,振芯科技,振芯科技:关于签署《保证合同》的公告,签订协议,2022-08-15,https://data.eastmoney.com/notices/detail/300101/AN202208151577235951.html
振芯科技,300101,300101,振芯科技,振芯科技:2022年第二次临时股东大会会议决议公告,股东大会决议公告,2022-08-12,https://data.eastmoney.com/notices/detail/300101/AN202208121577161216.html
振芯科技,300101,300101,振芯科技,振芯科技:北京德恒律师事务所关于成都振芯科技股份有限公司2022年第二次临时股东大会的法律意见书,法律意见书,2022-08-12,https://data.eastmoney.com/notices/detail/300101/AN202208121577161217.html
振芯科技,300101,300101,振芯科技,振芯科技:关于部分董事、监事减持股份计划的预披露公告,股东/实际控制人股份减持,2022-08-11,https://data.eastmoney.com/notices/detail/300101/AN202208111577126197.html
振芯科技,300101,300101,振芯科技,振芯科技:北京德恒律师事务所关于成都振芯科技股份有限公司2022年员工持股计划的法律意见书,法律意见书,2022-08-05,https://data.eastmoney.com/notices/detail/300101/AN202208051576936762.html
振芯科技,300101,300101,振芯科技,振芯科技:董事会关于公司2022年员工持股计划草案合规性说明,专项说明/独立意见,2022-07-28,https://data.eastmoney.com/notices/detail/300101/AN202207271576598781.html
振芯科技,300101,300101,振芯科技,振芯科技:信息披露暂缓与豁免事项内部管理制度,管理办法/制度,2022-07-28,https://data.eastmoney.com/notices/detail/300101/AN202207271576598778.html
振芯科技,300101,300101,振芯科技,振芯科技:第五届监事会第六次临时会议决议公告,监事会决议公告,2022-07-28,https://data.eastmoney.com/notices/detail/300101/AN202207271576598783.html
振芯科技,300101,300101,振芯科技,振芯科技:2022年员工持股计划管理办法,管理办法/制度,2022-07-28,https://data.eastmoney.com/notices/detail/300101/AN202207271576598779.html
振芯科技,300101,300101,振芯科技,振芯科技:监事会关于公司2022年员工持股计划相关事项的核查意见,专项说明/独立意见,2022-07-28,https://data.eastmoney.com/notices/detail/300101/AN202207271576598782.html
振芯科技,300101,300101,振芯科技,振芯科技:2022年员工持股计划(草案)摘要,股权激励计划,2022-07-28,https://data.eastmoney.com/notices/detail/300101/AN202207271576598780.html
振芯科技,300101,300101,振芯科技,振芯科技:独立董事关于公司第五届董事会第八次临时会议相关事项的独立意见,专项说明/独立意见,2022-07-28,https://data.eastmoney.com/notices/detail/300101/AN202207271576598672.html
振芯科技,300101,300101,振芯科技,振芯科技:第五届董事会第八次临时会议决议公告,董事会决议公告,2022-07-28,https://data.eastmoney.com/notices/detail/300101/AN202207271576598675.html
振芯科技,300101,300101,振芯科技,振芯科技:2022年员工持股计划(草案),股权激励计划,2022-07-28,https://data.eastmoney.com/notices/detail/300101/AN202207271576598673.html
振芯科技,300101,300101,振芯科技,振芯科技:关于召开2022年第二次临时股东大会的通知,召开股东大会通知,2022-07-28,https://data.eastmoney.com/notices/detail/300101/AN202207271576598674.html
振芯科技,300101,300101,振芯科技,振芯科技:关于使用闲置自有资金进行委托理财的进展公告,委托（受托）事项,2022-07-13,https://data.eastmoney.com/notices/detail/300101/AN202207131576109388.html
振芯科技,300101,300101,振芯科技,振芯科技:关于回购公司股份实施完成暨股份变动的公告,股本变动,2022-07-12,https://data.eastmoney.com/notices/detail/300101/AN202207121576084986.html
振芯科技,300101,300101,振芯科技,振芯科技:关于股份回购进展的公告,回购进展情况,2022-07-04,https://data.eastmoney.com/notices/detail/300101/AN202207041575778147.html
振芯科技,300101,300101,振芯科技,振芯科技:2021年年度权益分派实施公告,分配方案实施,2022-06-23,https://data.eastmoney.com/notices/detail/300101/AN202206231574232380.html
振芯科技,300101,300101,振芯科技,振芯科技:关于为子公司申请银行贷款及综合授信额度提供担保的公告,提供/对外担保公告,2022-06-13,https://data.eastmoney.com/notices/detail/300101/AN202206131571903171.html
振芯科技,300101,300101,振芯科技,振芯科技:第五届董事会第十三次会议决议公告,董事会决议公告,2022-06-13,https://data.eastmoney.com/notices/detail/300101/AN202206131571902978.html
振芯科技,300101,300101,振芯科技,振芯科技:关于首次回购公司股份的公告,回购实施公告,2022-06-07,https://data.eastmoney.com/notices/detail/300101/AN202206071570606696.html
振芯科技,300101,300101,振芯科技,振芯科技:关于股份回购进展的公告,回购进展情况,2022-06-06,https://data.eastmoney.com/notices/detail/300101/AN202206061570398648.html
振芯科技,300101,300101,振芯科技,振芯科技:关于使用闲置自有资金进行委托理财的进展公告,委托（受托）事项,2022-05-25,https://data.eastmoney.com/notices/detail/300101/AN202205251567817546.html
振芯科技,300101,300101,振芯科技,振芯科技:北京德恒律师事务所关于成都振芯科技股份有限公司2021年年度股东大会的法律意见书,法律意见书,2022-05-10,https://data.eastmoney.com/notices/detail/300101/AN202205101564738310.html
振芯科技,300101,300101,振芯科技,振芯科技:2021年年度股东大会会议决议公告,分配方案决议公告,2022-05-10,https://data.eastmoney.com/notices/detail/300101/AN202205101564738309.html
振芯科技,300101,300101,振芯科技,振芯科技:关于股份回购进展的公告,回购进展情况,2022-05-06,https://data.eastmoney.com/notices/detail/300101/AN202205061563919359.html
振芯科技,300101,300101,振芯科技,振芯科技:关于回购股份事项前十名股东及前十名无限售条件股东持股情况的公告,回购进展情况,2022-04-29,https://data.eastmoney.com/notices/detail/300101/AN202204291562334151.html
振芯科技,300101,300101,振芯科技,振芯科技:300101振芯科技2021年度网上业绩说明会投资者关系活动记录表20220429,调研活动,2022-04-29,https://data.eastmoney.com/notices/detail/300101/AN202204291562324614.html
振芯科技,300101,300101,振芯科技,振芯科技:第五届监事会第五次临时会议决议公告,监事会决议公告,2022-04-28,https://data.eastmoney.com/notices/detail/300101/AN202204281562187645.html
振芯科技,300101,300101,振芯科技,振芯科技:独立董事关于公司第五届董事会第七次临时会议相关事项的独立意见,专项说明/独立意见,2022-04-28,https://data.eastmoney.com/notices/detail/300101/AN202204281562187672.html
振芯科技,300101,300101,振芯科技,振芯科技:第五届董事会第七次临时会议决议公告,董事会决议公告,2022-04-28,https://data.eastmoney.com/notices/detail/300101/AN202204281562186872.html
振芯科技,300101,300101,振芯科技,振芯科技:回购报告书,回购报告书,2022-04-28,https://data.eastmoney.com/notices/detail/300101/AN202204281562186876.html
振芯科技,300101,300101,振芯科技,振芯科技:关于回购公司股份方案的公告,回购预案,2022-04-28,https://data.eastmoney.com/notices/detail/300101/AN202204281562186874.html
振芯科技,300101,300101,振芯科技,振芯科技:非经营性资金占用及其他关联资金往来情况专项审核说明,专项说明/独立意见,2022-04-19,https://data.eastmoney.com/notices/detail/300101/AN202204181560045686.html
振芯科技,300101,300101,振芯科技,振芯科技:公司章程(2022年04月),公司章程,2022-04-19,https://data.eastmoney.com/notices/detail/300101/AN202204181560045685.html
振芯科技,300101,300101,振芯科技,振芯科技:2022年第一季度报告披露提示性公告,其他,2022-04-19,https://data.eastmoney.com/notices/detail/300101/AN202204181560045693.html
振芯科技,300101,300101,振芯科技,振芯科技:关于会计政策变更的公告,其他,2022-04-19,https://data.eastmoney.com/notices/detail/300101/AN202204181560045696.html
振芯科技,300101,300101,振芯科技,振芯科技:关于举行2021年度业绩网上说明会的公告,其他,2022-04-19,https://data.eastmoney.com/notices/detail/300101/AN202204181560045697.html
振芯科技,300101,300101,振芯科技,振芯科技:2021年度监事会工作报告,其他,2022-04-19,https://data.eastmoney.com/notices/detail/300101/AN202204181560045695.html
振芯科技,300101,300101,振芯科技,振芯科技:投资者关系管理制度(2022年04月),管理办法/制度,2022-04-19,https://data.eastmoney.com/notices/detail/300101/AN202204181560045688.html
振芯科技,300101,300101,振芯科技,振芯科技:关于召开2021年年度股东大会的通知,召开股东大会通知,2022-04-19,https://data.eastmoney.com/notices/detail/300101/AN202204181560045687.html
振芯科技,300101,300101,振芯科技,振芯科技:监事会决议公告,监事会决议公告,2022-04-19,https://data.eastmoney.com/notices/detail/300101/AN202204181560045694.html
振芯科技,300101,300101,振芯科技,振芯科技:独立董事关于第五届董事会第十二次会议相关事项的独立意见,专项说明/独立意见,2022-04-19,https://data.eastmoney.com/notices/detail/300101/AN202204181560045690.html
振芯科技,300101,300101,振芯科技,振芯科技:董事会议事规则(2022年04月),议事规则/实施细则,2022-04-19,https://data.eastmoney.com/notices/detail/300101/AN202204181560045689.html
振芯科技,300101,300101,振芯科技,振芯科技:2021年度财务决算报告,年度财务报告,2022-04-19,https://data.eastmoney.com/notices/detail/300101/AN202204181560045684.html
振芯科技,300101,300101,振芯科技,振芯科技:2021年度独董述职报告(吴越),独立董事述职报告,2022-04-19,https://data.eastmoney.com/notices/detail/300101/AN202204181560045692.html
振芯科技,300101,300101,振芯科技,振芯科技:独立董事关于第五届董事会第十二次会议相关事项的事前认可意见,专项说明/独立意见,2022-04-19,https://data.eastmoney.com/notices/detail/300101/AN202204181560045665.html
振芯科技,300101,300101,振芯科技,振芯科技:2021年年度审计报告,审计报告,2022-04-19,https://data.eastmoney.com/notices/detail/300101/AN202204181560045657.html
振芯科技,300101,300101,振芯科技,振芯科技:股东大会议事规则(2022年04月),议事规则/实施细则,2022-04-19,https://data.eastmoney.com/notices/detail/300101/AN202204181560045658.html
振芯科技,300101,300101,振芯科技,振芯科技:关于续聘2022年度审计机构的公告,审计机构变更,2022-04-19,https://data.eastmoney.com/notices/detail/300101/AN202204181560045675.html
振芯科技,300101,300101,振芯科技,振芯科技:2021年内部控制鉴证报告,保荐/核查意见,2022-04-19,https://data.eastmoney.com/notices/detail/300101/AN202204181560045662.html
振芯科技,300101,300101,振芯科技,振芯科技:2021年度董事会工作报告,其他,2022-04-19,https://data.eastmoney.com/notices/detail/300101/AN202204181560045666.html
振芯科技,300101,300101,振芯科技,振芯科技:2021年度内部控制自我评价报告,内部控制报告,2022-04-19,https://data.eastmoney.com/notices/detail/300101/AN202204181560045678.html
振芯科技,300101,300101,振芯科技,振芯科技:2021年度独董述职报告(江才),独立董事述职报告,2022-04-19,https://data.eastmoney.com/notices/detail/300101/AN202204181560045680.html
振芯科技,300101,300101,振芯科技,振芯科技:2022年一季度报告,一季度报告全文,2022-04-19,https://data.eastmoney.com/notices/detail/300101/AN202204181560045656.html
振芯科技,300101,300101,振芯科技,振芯科技:2021年年度报告,年度报告全文,2022-04-19,https://data.eastmoney.com/notices/detail/300101/AN202204181560045659.html
振芯科技,300101,300101,振芯科技,振芯科技:董事会决议公告,分配预案,2022-04-19,https://data.eastmoney.com/notices/detail/300101/AN202204181560045664.html
振芯科技,300101,300101,振芯科技,振芯科技:信息披露管理办法(2022年04月),管理办法/制度,2022-04-19,https://data.eastmoney.com/notices/detail/300101/AN202204181560045660.html
振芯科技,300101,300101,振芯科技,振芯科技:关于2021年度计提资产减值准备的公告,其他,2022-04-19,https://data.eastmoney.com/notices/detail/300101/AN202204181560045681.html
振芯科技,300101,300101,振芯科技,振芯科技:独立董事工作制度(2022年04月),管理办法/制度,2022-04-19,https://data.eastmoney.com/notices/detail/300101/AN202204181560045663.html
振芯科技,300101,300101,振芯科技,振芯科技:2021年度独董述职报告(徐锐敏),独立董事述职报告,2022-04-19,https://data.eastmoney.com/notices/detail/300101/AN202204181560045674.html
振芯科技,300101,300101,振芯科技,振芯科技:募集资金管理办法(2022年04月),管理办法/制度,2022-04-19,https://data.eastmoney.com/notices/detail/300101/AN202204181560045673.html
振芯科技,300101,300101,振芯科技,振芯科技:关于2022年第一季度计提资产减值准备的公告,其他,2022-04-19,https://data.eastmoney.com/notices/detail/300101/AN202204181560045677.html
振芯科技,300101,300101,振芯科技,振芯科技:董事会秘书工作制度(2022年04月),管理办法/制度,2022-04-19,https://data.eastmoney.com/notices/detail/300101/AN202204181560045676.html
振芯科技,300101,300101,振芯科技,振芯科技:2021年年度报告摘要,年度报告摘要,2022-04-19,https://data.eastmoney.com/notices/detail/300101/AN202204181560045683.html
振芯科技,300101,300101,振芯科技,振芯科技:公司相关治理制度修订对照表,其他,2022-04-19,https://data.eastmoney.com/notices/detail/300101/AN202204181560045661.html
振芯科技,300101,300101,振芯科技,振芯科技:2021年年度报告披露提示性公告,其他,2022-04-19,https://data.eastmoney.com/notices/detail/300101/AN202204181560045679.html
振芯科技,300101,300101,振芯科技,振芯科技:关于签署《保证合同》的公告,签订协议,2022-04-12,https://data.eastmoney.com/notices/detail/300101/AN202204121558848197.html
振芯科技,300101,300101,振芯科技,振芯科技:关于使用闲置自有资金进行委托理财的进展公告,委托（受托）事项,2022-03-29,https://data.eastmoney.com/notices/detail/300101/AN202203291555797282.html
振芯科技,300101,300101,振芯科技,振芯科技:关于完成工商变更登记的公告,公司注册资本变更,2022-03-24,https://data.eastmoney.com/notices/detail/300101/AN202203241554707479.html
振芯科技,300101,300101,振芯科技,振芯科技:北京德恒律师事务所关于成都振芯科技股份有限公司2022年第一次临时股东大会的法律意见书,法律意见书,2022-03-11,https://data.eastmoney.com/notices/detail/300101/AN202203111551961646.html
振芯科技,300101,300101,振芯科技,振芯科技:2022年第一次临时股东大会会议决议公告,股东大会决议公告,2022-03-11,https://data.eastmoney.com/notices/detail/300101/AN202203111551961645.html
振芯科技,300101,300101,振芯科技,振芯科技:第五届董事会第十一次会议决议公告,董事会决议公告,2022-02-24,https://data.eastmoney.com/notices/detail/300101/AN202202231548728114.html
振芯科技,300101,300101,振芯科技,振芯科技:关于召开2022年第一次临时股东大会的通知,召开股东大会通知,2022-02-24,https://data.eastmoney.com/notices/detail/300101/AN202202231548728108.html
振芯科技,300101,300101,振芯科技,振芯科技:第五届监事会第十次会议决议公告,监事会决议公告,2022-02-24,https://data.eastmoney.com/notices/detail/300101/AN202202231548728116.html
振芯科技,300101,300101,振芯科技,振芯科技:关于向银行申请综合授信额度的公告,借贷,2022-02-24,https://data.eastmoney.com/notices/detail/300101/AN202202231548728105.html
振芯科技,300101,300101,振芯科技,振芯科技:关于公司及子公司使用闲置自有资金进行委托理财的公告,委托（受托）事项,2022-02-24,https://data.eastmoney.com/notices/detail/300101/AN202202231548728112.html
振芯科技,300101,300101,振芯科技,振芯科技:关于为全资子公司申请银行贷款提供担保的公告,提供/对外担保公告,2022-02-24,https://data.eastmoney.com/notices/detail/300101/AN202202231548728073.html
振芯科技,300101,300101,振芯科技,振芯科技:独立董事关于公司第五届董事会第十一次会议相关事项的独立意见,专项说明/独立意见,2022-02-24,https://data.eastmoney.com/notices/detail/300101/AN202202231548728072.html
振芯科技,300101,300101,振芯科技,振芯科技:关于使用闲置自有资金进行委托理财的进展公告,委托（受托）事项,2022-02-23,https://data.eastmoney.com/notices/detail/300101/AN202202231548723650.html
振芯科技,300101,300101,振芯科技,振芯科技:关于对深圳证券交易所关注函回复的补充公告,回复关注函公告,2022-02-16,https://data.eastmoney.com/notices/detail/300101/AN202202161547384787.html
振芯科技,300101,300101,振芯科技,振芯科技:2021年年度业绩预告,业绩预告,2022-01-27,https://data.eastmoney.com/notices/detail/300101/AN202201271542962128.html
振芯科技,300101,300101,振芯科技,振芯科技:关于使用闲置自有资金进行委托理财的进展公告,委托（受托）事项,2022-01-21,https://data.eastmoney.com/notices/detail/300101/AN202201211541750802.html
振芯科技,300101,300101,振芯科技,振芯科技:关于对深圳证券交易所关注函回复的公告,回复关注函公告,2022-01-17,https://data.eastmoney.com/notices/detail/300101/AN202201161540795753.html
振芯科技,300101,300101,振芯科技,300101:振芯科技关注函,关注函,2022-01-12,https://data.eastmoney.com/notices/detail/300101/AN202201121539977730.html
振芯科技,300101,300101,振芯科技,振芯科技:独立董事关于公司第五届董事会第六次临时会议相关事项的独立意见,专项说明/独立意见,2022-01-11,https://data.eastmoney.com/notices/detail/300101/AN202201111539788928.html
振芯科技,300101,300101,振芯科技,振芯科技:关于转让参股公司股权及业绩承诺补偿权利的公告,股权转让,2022-01-11,https://data.eastmoney.com/notices/detail/300101/AN202201111539788931.html
振芯科技,300101,300101,振芯科技,振芯科技:第五届董事会第六次临时会议决议公告,董事会决议公告,2022-01-11,https://data.eastmoney.com/notices/detail/300101/AN202201111539788929.html
振芯科技,300101,300101,振芯科技,振芯科技:第五届监事会第四次临时会议决议公告,监事会决议公告,2022-01-11,https://data.eastmoney.com/notices/detail/300101/AN202201111539788927.html
振芯科技,300101,300101,振芯科技,振芯科技:关于公司及子公司获得政府补助的公告,获得补贴（资助）,2021-12-24,https://data.eastmoney.com/notices/detail/300101/AN202112241536459118.html
振芯科技,300101,300101,振芯科技,振芯科技:关于使用闲置自有资金进行委托理财的进展公告,委托（受托）事项,2021-12-21,https://data.eastmoney.com/notices/detail/300101/AN202112211535888700.html
振芯科技,300101,300101,振芯科技,振芯科技:北京德恒律师事务所关于成都振芯科技股份有限公司2021年限制性股票激励计划授予相关事项的法律意见书,法律意见书,2021-12-09,https://data.eastmoney.com/notices/detail/300101/AN202112091533624988.html
振芯科技,300101,300101,振芯科技,振芯科技:独立董事关于公司第五届董事会第十次会议相关事项的独立意见,专项说明/独立意见,2021-12-09,https://data.eastmoney.com/notices/detail/300101/AN202112091533624983.html
振芯科技,300101,300101,振芯科技,振芯科技:第五届监事会第九次会议决议公告,监事会决议公告,2021-12-09,https://data.eastmoney.com/notices/detail/300101/AN202112091533624987.html
振芯科技,300101,300101,振芯科技,振芯科技:监事会关于公司2021年限制性股票激励计划激励对象名单(授予日)的核查意见,专项说明/独立意见,2021-12-09,https://data.eastmoney.com/notices/detail/300101/AN202112091533624990.html
振芯科技,300101,300101,振芯科技,振芯科技:第五届董事会第十次会议决议公告,董事会决议公告,2021-12-09,https://data.eastmoney.com/notices/detail/300101/AN202112091533624986.html
振芯科技,300101,300101,振芯科技,振芯科技:关于向公司2021年限制性股票激励计划激励对象授予限制性股票的公告,股权激励进展公告,2021-12-09,https://data.eastmoney.com/notices/detail/300101/AN202112091533624984.html
振芯科技,300101,300101,振芯科技,振芯科技:2021年限制性股票激励计划激励对象名单(授予日),股权激励对象名单,2021-12-09,https://data.eastmoney.com/notices/detail/300101/AN202112091533624985.html
振芯科技,300101,300101,振芯科技,振芯科技:成都振芯科技股份有限公司独立董事关于第五届董事会第五次临时会议相关事项的事前认可意见,专项说明/独立意见,2021-12-03,https://data.eastmoney.com/notices/detail/300101/AN202112031532620693.html
振芯科技,300101,300101,振芯科技,振芯科技:第五届监事会第三次临时会议决议公告,监事会决议公告,2021-12-03,https://data.eastmoney.com/notices/detail/300101/AN202112031532620686.html
振芯科技,300101,300101,振芯科技,振芯科技:关于终止向特定对象发行A股股票事项的公告,增发终止,2021-12-03,https://data.eastmoney.com/notices/detail/300101/AN202112031532620688.html
振芯科技,300101,300101,振芯科技,振芯科技:成都振芯科技股份有限公司独立董事关于第五届董事会第五次临时会议相关事项的独立意见,专项说明/独立意见,2021-12-03,https://data.eastmoney.com/notices/detail/300101/AN202112031532620687.html
振芯科技,300101,300101,振芯科技,振芯科技:第五届董事会第五次临时会议决议公告,董事会决议公告,2021-12-03,https://data.eastmoney.com/notices/detail/300101/AN202112031532620692.html
振芯科技,300101,300101,振芯科技,振芯科技:关于控股股东诉讼事项进展的公告,诉讼仲裁,2021-11-29,https://data.eastmoney.com/notices/detail/300101/AN202111291531807882.html
振芯科技,300101,300101,振芯科技,振芯科技:关于使用闲置自有资金进行委托理财的进展公告,委托（受托）事项,2021-11-23,https://data.eastmoney.com/notices/detail/300101/AN202111231530707102.html
振芯科技,300101,300101,振芯科技,振芯科技:300101振芯科技调研活动信息20211117,调研活动,2021-11-17,https://data.eastmoney.com/notices/detail/300101/AN202111171529543011.html
振芯科技,300101,300101,振芯科技,振芯科技:关于签署《保证合同》的公告,签订协议,2021-11-16,https://data.eastmoney.com/notices/detail/300101/AN202111161529417317.html
振芯科技,300101,300101,振芯科技,振芯科技:离任高级管理人员持股及减持承诺事项的说明,高管人员任职变动,2021-11-12,https://data.eastmoney.com/notices/detail/300101/AN202111121528592631.html
振芯科技,300101,300101,振芯科技,振芯科技:独立董事关于公司第五届董事会第九次会议相关事项的独立意见,专项说明/独立意见,2021-11-12,https://data.eastmoney.com/notices/detail/300101/AN202111121528592635.html
振芯科技,300101,300101,振芯科技,振芯科技:关于财务总监辞职暨聘任副总经理、财务总监的公告,高管人员任职变动,2021-11-12,https://data.eastmoney.com/notices/detail/300101/AN202111121528592633.html
振芯科技,300101,300101,振芯科技,振芯科技:第五届董事会第九次会议决议公告,高管人员任职变动,2021-11-12,https://data.eastmoney.com/notices/detail/300101/AN202111121528592638.html
振芯科技,300101,300101,振芯科技,振芯科技:关于部分董事、监事、高级管理人员减持计划实施完毕的公告,股东/实际控制人股份减持,2021-11-08,https://data.eastmoney.com/notices/detail/300101/AN202111081527850706.html
振芯科技,300101,300101,振芯科技,振芯科技:关于使用闲置自有资金进行委托理财的进展公告,委托（受托）事项,2021-11-08,https://data.eastmoney.com/notices/detail/300101/AN202111081527850694.html
振芯科技,300101,300101,振芯科技,振芯科技:2021年第三季度报告,三季度报告全文,2021-10-29,https://data.eastmoney.com/notices/detail/300101/AN202110281525583944.html
振芯科技,300101,300101,振芯科技,振芯科技:第五届董事会第八次会议决议公告,董事会决议公告,2021-10-29,https://data.eastmoney.com/notices/detail/300101/AN202110281525583964.html
振芯科技,300101,300101,振芯科技,振芯科技:2021年第三季度报告披露提示性公告,其他,2021-10-29,https://data.eastmoney.com/notices/detail/300101/AN202110281525583963.html
振芯科技,300101,300101,振芯科技,振芯科技:关于2021年第三季度计提资产减值准备的公告,其他,2021-10-29,https://data.eastmoney.com/notices/detail/300101/AN202110281525583970.html
振芯科技,300101,300101,振芯科技,振芯科技:第五届监事会第八次会议决议公告,监事会决议公告,2021-10-29,https://data.eastmoney.com/notices/detail/300101/AN202110281525583954.html
振芯科技,300101,300101,振芯科技,振芯科技:关于为全资子公司申请银行贷款提供担保的公告,提供/对外担保公告,2021-10-29,https://data.eastmoney.com/notices/detail/300101/AN202110281525583945.html
振芯科技,300101,300101,振芯科技,振芯科技:关于2021年限制性股票激励计划内幕信息知情人及激励对象买卖公司股票情况的自查报告,自查报告,2021-10-28,https://data.eastmoney.com/notices/detail/300101/AN202110281525583973.html
振芯科技,300101,300101,振芯科技,振芯科技:北京德恒律师事务所关于成都振芯科技股份有限公司2021年第一次临时股东大会的法律意见书,法律意见书,2021-10-28,https://data.eastmoney.com/notices/detail/300101/AN202110281525583981.html
振芯科技,300101,300101,振芯科技,振芯科技:关于使用闲置自有资金进行委托理财的进展公告,委托（受托）事项,2021-10-28,https://data.eastmoney.com/notices/detail/300101/AN202110281525583980.html
振芯科技,300101,300101,振芯科技,振芯科技:2021年第一次临时股东大会会议决议公告,股东大会决议公告,2021-10-28,https://data.eastmoney.com/notices/detail/300101/AN202110281525583982.html
振芯科技,300101,300101,振芯科技,振芯科技:监事会关于2021年限制性股票激励计划激励对象名单的核查意见及公示情况说明,专项说明/独立意见,2021-10-23,https://data.eastmoney.com/notices/detail/300101/AN202110221524325723.html
振芯科技,300101,300101,振芯科技,振芯科技:独立董事公开征集委托投票权报告书,其他,2021-10-13,https://data.eastmoney.com/notices/detail/300101/AN202110121522209520.html
振芯科技,300101,300101,振芯科技,振芯科技:2021年限制性股票激励计划实施考核管理办法,管理办法/制度,2021-10-13,https://data.eastmoney.com/notices/detail/300101/AN202110121522209514.html
振芯科技,300101,300101,振芯科技,振芯科技:关于召开2021年第一次临时股东大会的通知,召开股东大会通知,2021-10-13,https://data.eastmoney.com/notices/detail/300101/AN202110121522209518.html
振芯科技,300101,300101,振芯科技,振芯科技:2021年限制性股票激励计划(草案),股权激励计划,2021-10-13,https://data.eastmoney.com/notices/detail/300101/AN202110121522209511.html
振芯科技,300101,300101,振芯科技,振芯科技:公司章程(2021年10月),公司章程,2021-10-13,https://data.eastmoney.com/notices/detail/300101/AN202110121522209515.html
振芯科技,300101,300101,振芯科技,振芯科技:独立董事关于公司第五届董事会第四次临时会议相关事项的独立意见,专项说明/独立意见,2021-10-13,https://data.eastmoney.com/notices/detail/300101/AN202110121522209513.html
振芯科技,300101,300101,振芯科技,振芯科技:第五届监事会第二次临时会议决议公告,监事会决议公告,2021-10-13,https://data.eastmoney.com/notices/detail/300101/AN202110121522209521.html
振芯科技,300101,300101,振芯科技,振芯科技:2021年限制性股票激励计划激励对象名单,股权激励对象名单,2021-10-13,https://data.eastmoney.com/notices/detail/300101/AN202110121522209516.html
振芯科技,300101,300101,振芯科技,振芯科技:2021年限制性股票激励计划(草案)摘要,股权激励计划摘要,2021-10-13,https://data.eastmoney.com/notices/detail/300101/AN202110121522209512.html
振芯科技,300101,300101,振芯科技,振芯科技:第五届董事会第四次临时会议决议公告,董事会决议公告,2021-10-13,https://data.eastmoney.com/notices/detail/300101/AN202110121522209508.html
振芯科技,300101,300101,振芯科技,振芯科技:北京德恒律师事务所关于振芯科技2021年限制性股票激励计划的法律意见书,法律意见书,2021-10-13,https://data.eastmoney.com/notices/detail/300101/AN202110121522209519.html
振芯科技,300101,300101,振芯科技,振芯科技:成都振芯科技股份有限公司股权激励计划自查表,股权激励计划,2021-10-13,https://data.eastmoney.com/notices/detail/300101/AN202110121522209510.html
振芯科技,300101,300101,振芯科技,振芯科技:关于公司及子公司获得政府补助的公告,获得补贴（资助）,2021-10-11,https://data.eastmoney.com/notices/detail/300101/AN202110111522015601.html
振芯科技,300101,300101,振芯科技,振芯科技:关于部分董事、监事、高级管理人员减持股份计划的预披露公告,高管人员持股变动,2021-09-17,https://data.eastmoney.com/notices/detail/300101/AN202109171516798366.html
振芯科技,300101,300101,振芯科技,振芯科技:关于参加2021年四川辖区上市公司投资者网上集体接待日活动的公告,调研活动,2021-09-13,https://data.eastmoney.com/notices/detail/300101/AN202109131515995795.html
振芯科技,300101,300101,振芯科技,振芯科技:300101振芯科技调研活动信息20210908,调研活动,2021-09-08,https://data.eastmoney.com/notices/detail/300101/AN202109081515010924.html
振芯科技,300101,300101,振芯科技,振芯科技:300101振芯科技调研活动信息20210903,调研活动,2021-09-03,https://data.eastmoney.com/notices/detail/300101/AN202109031514004766.html
振芯科技,300101,300101,振芯科技,振芯科技:关于公司2018年股票期权与限制性股票激励计划限制性股票第三期解除限售股份上市流通的提示性公告,限售股份上市流通,2021-09-03,https://data.eastmoney.com/notices/detail/300101/AN202109031514002394.html
振芯科技,300101,300101,振芯科技,振芯科技:关于2018年股票期权与限制性股票激励计划首次授予部分第三个行权期采用自主行权模式的提示性公告,股权激励进展公告,2021-08-24,https://data.eastmoney.com/notices/detail/300101/AN202108241512121817.html
振芯科技,300101,300101,振芯科技,振芯科技:关于使用闲置自有资金进行委托理财的进展公告,委托（受托）事项,2021-08-19,https://data.eastmoney.com/notices/detail/300101/AN202108191511039511.html
振芯科技,300101,300101,振芯科技,振芯科技:上海荣正投资咨询股份有限公司关于公司2018年股票期权与限制性股票激励计划首次授予部分第三个行权解除限售期行权解除限售条件成就事项之独立财务顾问报告(更正稿),保荐/核查意见,2021-08-16,https://data.eastmoney.com/notices/detail/300101/AN202108161510497372.html
振芯科技,300101,300101,振芯科技,振芯科技:关于公司2018年股票期权与限制性股票激励计划首次授予部分第三期行权及解除限售条件成就的更正公告,其他,2021-08-16,https://data.eastmoney.com/notices/detail/300101/AN202108161510497378.html
振芯科技,300101,300101,振芯科技,振芯科技:300101振芯科技调研活动信息20210802,调研活动,2021-08-02,https://data.eastmoney.com/notices/detail/300101/AN202108021507635323.html
振芯科技,300101,300101,振芯科技,振芯科技:关于使用闲置自有资金进行委托理财的进展公告,委托（受托）事项,2021-07-30,https://data.eastmoney.com/notices/detail/300101/AN202107301507016856.html
振芯科技,300101,300101,振芯科技,振芯科技:独立董事关于第五届董事会第七次会议相关事项的独立意见,专项说明/独立意见,2021-07-30,https://data.eastmoney.com/notices/detail/300101/AN202107291506807041.html
振芯科技,300101,300101,振芯科技,振芯科技:董事会决议公告,董事会决议公告,2021-07-30,https://data.eastmoney.com/notices/detail/300101/AN202107291506807040.html
振芯科技,300101,300101,振芯科技,振芯科技:监事会决议公告,监事会决议公告,2021-07-30,https://data.eastmoney.com/notices/detail/300101/AN202107291506807043.html
振芯科技,300101,300101,振芯科技,振芯科技:2021年半年度报告,半年度报告全文,2021-07-30,https://data.eastmoney.com/notices/detail/300101/AN202107291506807039.html
振芯科技,300101,300101,振芯科技,振芯科技:半年报披露提示性公告,其他,2021-07-30,https://data.eastmoney.com/notices/detail/300101/AN202107291506807037.html
振芯科技,300101,300101,振芯科技,振芯科技:2021年半年度报告摘要,半年度报告摘要,2021-07-30,https://data.eastmoney.com/notices/detail/300101/AN202107291506807042.html
振芯科技,300101,300101,振芯科技,振芯科技:关于公司2021年半年度计提资产减值准备的公告,其他,2021-07-30,https://data.eastmoney.com/notices/detail/300101/AN202107291506807044.html
振芯科技,300101,300101,振芯科技,振芯科技:独立董事关于第五届董事会第六次会议相关事项的独立意见,专项说明/独立意见,2021-07-23,https://data.eastmoney.com/notices/detail/300101/AN202107231505605915.html
振芯科技,300101,300101,振芯科技,振芯科技:监事会关于公司2018年股票期权与限制性股票激励计划首次授予部分第三期可行权及解除限售激励对象名单的核查意见,专项说明/独立意见,2021-07-23,https://data.eastmoney.com/notices/detail/300101/AN202107231505605921.html
振芯科技,300101,300101,振芯科技,振芯科技:上海荣正投资咨询股份有限公司关于公司2018年股票期权与限制性股票激励计划首次授予部分第三个行权解除限售期行权解除限售条件成就事项之独立财务顾问报告,限售股份上市流通,2021-07-23,https://data.eastmoney.com/notices/detail/300101/AN202107231505605920.html
振芯科技,300101,300101,振芯科技,振芯科技:第五届监事会第六次会议决议公告,监事会决议公告,2021-07-23,https://data.eastmoney.com/notices/detail/300101/AN202107231505605922.html
振芯科技,300101,300101,振芯科技,振芯科技:第五届董事会第六次会议决议公告,董事会决议公告,2021-07-23,https://data.eastmoney.com/notices/detail/300101/AN202107231505605916.html
振芯科技,300101,300101,振芯科技,振芯科技:国浩律师(上海)事务所关于成都振芯科技股份有限公司2018年股票期权与限制性股票激励计划首次授予权益第三个行权期股票期权行权条件、第三个解除限售期解除限售条件成就以及注销部分股票期权相关事项之法律意见书,法律意见书,2021-07-23,https://data.eastmoney.com/notices/detail/300101/AN202107231505605917.html
振芯科技,300101,300101,振芯科技,振芯科技:关于公司2018年股票期权与限制性股票激励计划首次授予部分第三期行权及解除限售条件成就的公告,限售股份上市流通,2021-07-23,https://data.eastmoney.com/notices/detail/300101/AN202107231505605919.html
振芯科技,300101,300101,振芯科技,振芯科技:关于公司2018年股票期权与限制性股票激励计划注销部分股票期权的公告,股权激励进展公告,2021-07-23,https://data.eastmoney.com/notices/detail/300101/AN202107231505605918.html
振芯科技,300101,300101,振芯科技,振芯科技:关于使用闲置自有资金进行委托理财的进展公告(2021/07/07),委托（受托）事项,2021-07-07,https://data.eastmoney.com/notices/detail/300101/AN202107071502365203.html
振芯科技,300101,300101,振芯科技,振芯科技:关于使用闲置自有资金进行委托理财的进展公告(2021/07/01),委托（受托）事项,2021-07-01,https://data.eastmoney.com/notices/detail/300101/AN202107011501164511.html
振芯科技,300101,300101,振芯科技,振芯科技:关于控股股东诉讼事项进展的公告,诉讼仲裁,2021-06-30,https://data.eastmoney.com/notices/detail/300101/AN202106301500975829.html
振芯科技,300101,300101,振芯科技,振芯科技:关于签署《保证合同》的公告,签订协议,2021-06-18,https://data.eastmoney.com/notices/detail/300101/AN202106181498524085.html
振芯科技,300101,300101,振芯科技,振芯科技:300101振芯科技调研活动信息20210611,调研活动,2021-06-11,https://data.eastmoney.com/notices/detail/300101/AN202106111497356972.html
振芯科技,300101,300101,振芯科技,振芯科技:关于公司监事减持计划实施完毕的公告,股东/实际控制人股份减持,2021-06-08,https://data.eastmoney.com/notices/detail/300101/AN202106081496753927.html
振芯科技,300101,300101,振芯科技,振芯科技:第五届董事会第三次临时会议决议公告,董事会决议公告,2021-06-04,https://data.eastmoney.com/notices/detail/300101/AN202106041495946436.html
振芯科技,300101,300101,振芯科技,振芯科技:关于为控股子公司申请银行贷款提供担保的公告,提供/对外担保公告,2021-06-04,https://data.eastmoney.com/notices/detail/300101/AN202106041495946427.html
振芯科技,300101,300101,振芯科技,振芯科技:关于控股子公司完成工商变更登记的公告,公司关联方基本资料变更,2021-05-27,https://data.eastmoney.com/notices/detail/300101/AN202105271494302156.html
振芯科技,300101,300101,振芯科技,振芯科技:300101振芯科技调研活动信息20210521,调研活动,2021-05-21,https://data.eastmoney.com/notices/detail/300101/AN202105211493033055.html
振芯科技,300101,300101,振芯科技,振芯科技:关于使用闲置自有资金进行委托理财的进展公告,委托（受托）事项,2021-05-19,https://data.eastmoney.com/notices/detail/300101/AN202105191492656370.html
振芯科技,300101,300101,振芯科技,振芯科技:关于签订《股权转让协议》的公告,签订协议,2021-05-17,https://data.eastmoney.com/notices/detail/300101/AN202105171492296194.html
振芯科技,300101,300101,振芯科技,振芯科技:独立董事关于第五届董事会第二次临时会议相关事项的独立意见,专项说明/独立意见,2021-05-06,https://data.eastmoney.com/notices/detail/300101/AN202105061490114730.html
振芯科技,300101,300101,振芯科技,振芯科技:第五届董事会第二次临时会议决议公告,董事会决议公告,2021-05-06,https://data.eastmoney.com/notices/detail/300101/AN202105061490114728.html
振芯科技,300101,300101,振芯科技,振芯科技:关于签署《保证合同》的公告,签订协议,2021-04-28,https://data.eastmoney.com/notices/detail/300101/AN202104281488417004.html
振芯科技,300101,300101,振芯科技,振芯科技:北京德恒律师事务所关于成都振芯科技股份有限公司2020年年度股东大会的法律意见书,法律意见书,2021-04-14,https://data.eastmoney.com/notices/detail/300101/AN202104141484856136.html
振芯科技,300101,300101,振芯科技,振芯科技:2020年年度股东大会会议决议公告,分配方案决议公告,2021-04-14,https://data.eastmoney.com/notices/detail/300101/AN202104141484856132.html
振芯科技,300101,300101,振芯科技,振芯科技:一季报披露提示性公告,其他,2021-04-10,https://data.eastmoney.com/notices/detail/300101/AN202104091482963297.html
振芯科技,300101,300101,振芯科技,振芯科技:2021年第一季度报告全文,一季度报告全文,2021-04-10,https://data.eastmoney.com/notices/detail/300101/AN202104091482963300.html
振芯科技,300101,300101,振芯科技,振芯科技:第五届监事会第五次会议决议公告,监事会决议公告,2021-04-10,https://data.eastmoney.com/notices/detail/300101/AN202104091482963301.html
振芯科技,300101,300101,振芯科技,振芯科技:第五届董事会第五次会议决议公告,董事会决议公告,2021-04-10,https://data.eastmoney.com/notices/detail/300101/AN202104091482963296.html
振芯科技,300101,300101,振芯科技,振芯科技:关于对深圳证券交易所年报问询函回复的公告,回复问询函公告,2021-04-09,https://data.eastmoney.com/notices/detail/300101/AN202104091482970026.html
振芯科技,300101,300101,振芯科技,振芯科技:关于召开2020年年度股东大会的提示性公告,召开股东大会提示性公告,2021-04-09,https://data.eastmoney.com/notices/detail/300101/AN202104091482965242.html
振芯科技,300101,300101,振芯科技,振芯科技:关于使用闲置自有资金进行委托理财的进展公告,委托（受托）事项,2021-03-29,https://data.eastmoney.com/notices/detail/300101/AN202103291477975635.html
振芯科技,300101,300101,振芯科技,振芯科技:300101振芯科技调研活动信息20210324,调研活动,2021-03-24,https://data.eastmoney.com/notices/detail/300101/AN202103241475735427.html
振芯科技,300101,300101,振芯科技,振芯科技:第五届监事会第四次会议决议公告,监事会决议公告,2021-03-23,https://data.eastmoney.com/notices/detail/300101/AN202103231475089920.html
振芯科技,300101,300101,振芯科技,振芯科技:2020年内部控制自我评价报告,内部控制报告,2021-03-23,https://data.eastmoney.com/notices/detail/300101/AN202103221474799858.html
振芯科技,300101,300101,振芯科技,振芯科技:独立董事关于第五届董事会第四次会议相关事项的事前认可意见,专项说明/独立意见,2021-03-23,https://data.eastmoney.com/notices/detail/300101/AN202103221474799849.html
振芯科技,300101,300101,振芯科技,振芯科技:关于公司2020年度计提资产减值准备的公告,其他,2021-03-23,https://data.eastmoney.com/notices/detail/300101/AN202103221474799861.html
振芯科技,300101,300101,振芯科技,振芯科技:2020年度财务决算报告,年度财务报告,2021-03-23,https://data.eastmoney.com/notices/detail/300101/AN202103221474799851.html
振芯科技,300101,300101,振芯科技,振芯科技:关于为全资子公司申请银行贷款提供担保的公告,提供/对外担保公告,2021-03-23,https://data.eastmoney.com/notices/detail/300101/AN202103221474799860.html
振芯科技,300101,300101,振芯科技,振芯科技:非经营性资金占用及其他关联资金往来情况专项审核说明,专项说明/独立意见,2021-03-23,https://data.eastmoney.com/notices/detail/300101/AN202103221474799855.html
振芯科技,300101,300101,振芯科技,振芯科技:关于本次以简易程序向特定对象发行A股股票无需编制前次募集资金使用情况报告的公告,募集资金使用情况报告,2021-03-23,https://data.eastmoney.com/notices/detail/300101/AN202103221474799848.html
振芯科技,300101,300101,振芯科技,振芯科技:2020年年度报告摘要,年度报告摘要,2021-03-23,https://data.eastmoney.com/notices/detail/300101/AN202103221474799852.html
振芯科技,300101,300101,振芯科技,振芯科技:2020年度独董述职报告(赵泽松),独立董事述职报告,2021-03-23,https://data.eastmoney.com/notices/detail/300101/AN202103221474799850.html
振芯科技,300101,300101,振芯科技,振芯科技:董事会决议公告,分配预案,2021-03-23,https://data.eastmoney.com/notices/detail/300101/AN202103221474799857.html
振芯科技,300101,300101,振芯科技,振芯科技:2020年度独董述职报告(江才),独立董事述职报告,2021-03-23,https://data.eastmoney.com/notices/detail/300101/AN202103221474799859.html
振芯科技,300101,300101,振芯科技,振芯科技:关于2021年度以简易程序向特定对象发行股票摊薄即期回报及填补回报措施和相关承诺的公告,其他,2021-03-23,https://data.eastmoney.com/notices/detail/300101/AN202103221474799853.html
振芯科技,300101,300101,振芯科技,振芯科技:关于对外投资设立全资子公司的公告,投资设立公司,2021-03-23,https://data.eastmoney.com/notices/detail/300101/AN202103221474799856.html
振芯科技,300101,300101,振芯科技,振芯科技:2020年内部控制鉴证报告,保荐/核查意见,2021-03-23,https://data.eastmoney.com/notices/detail/300101/AN202103221474799847.html
振芯科技,300101,300101,振芯科技,振芯科技:2020年年度报告,年度报告全文,2021-03-23,https://data.eastmoney.com/notices/detail/300101/AN202103221474799854.html
振芯科技,300101,300101,振芯科技,振芯科技:关于会计政策变更的公告,其他,2021-03-23,https://data.eastmoney.com/notices/detail/300101/AN202103221474799845.html
振芯科技,300101,300101,振芯科技,振芯科技:关于本次以简易程序向特定对象发行股票不存在直接或通过利益相关方向参与认购的投资者提供财务资助或补偿的公告,获得补贴（资助）,2021-03-23,https://data.eastmoney.com/notices/detail/300101/AN202103221474799844.html
振芯科技,300101,300101,振芯科技,振芯科技:2020年度独董述职报告(吴越),独立董事述职报告,2021-03-23,https://data.eastmoney.com/notices/detail/300101/AN202103221474799830.html
振芯科技,300101,300101,振芯科技,振芯科技:关于公司及子公司使用闲置自有资金进行委托理财的公告,委托（受托）事项,2021-03-23,https://data.eastmoney.com/notices/detail/300101/AN202103221474799836.html
振芯科技,300101,300101,振芯科技,振芯科技:关于召开2020年年度股东大会的通知,召开股东大会通知,2021-03-23,https://data.eastmoney.com/notices/detail/300101/AN202103221474799838.html
振芯科技,300101,300101,振芯科技,振芯科技:2020年度独董述职报告(徐锐敏),独立董事述职报告,2021-03-23,https://data.eastmoney.com/notices/detail/300101/AN202103221474799827.html
振芯科技,300101,300101,振芯科技,振芯科技:2020年度监事会工作报告,其他,2021-03-23,https://data.eastmoney.com/notices/detail/300101/AN202103221474799841.html
振芯科技,300101,300101,振芯科技,振芯科技:2020年度独董述职报告(傅江),独立董事述职报告,2021-03-23,https://data.eastmoney.com/notices/detail/300101/AN202103221474799843.html
振芯科技,300101,300101,振芯科技,振芯科技:关于续聘2021年度审计机构的公告,审计机构变更,2021-03-23,https://data.eastmoney.com/notices/detail/300101/AN202103221474799834.html
振芯科技,300101,300101,振芯科技,振芯科技:年报披露提示性公告,其他,2021-03-23,https://data.eastmoney.com/notices/detail/300101/AN202103221474799818.html
振芯科技,300101,300101,振芯科技,振芯科技:2020年度总经理工作报告,其他,2021-03-23,https://data.eastmoney.com/notices/detail/300101/AN202103221474799817.html
振芯科技,300101,300101,振芯科技,振芯科技:未来三年(2021-2023年)股东回报规划,其他,2021-03-23,https://data.eastmoney.com/notices/detail/300101/AN202103221474799840.html
振芯科技,300101,300101,振芯科技,振芯科技:关于最近五年被证券监管部门和交易所采取监管措施或处罚情况的公告,处罚,2021-03-23,https://data.eastmoney.com/notices/detail/300101/AN202103221474799831.html
振芯科技,300101,300101,振芯科技,振芯科技:独立董事工作制度(2021年3月),管理办法/制度,2021-03-23,https://data.eastmoney.com/notices/detail/300101/AN202103221474799828.html
振芯科技,300101,300101,振芯科技,振芯科技:2020年年度审计报告,审计报告,2021-03-23,https://data.eastmoney.com/notices/detail/300101/AN202103221474799839.html
振芯科技,300101,300101,振芯科技,振芯科技:2021年度以简易程序向特定对象发行A股股票募集资金使用可行性分析报告,其他,2021-03-23,https://data.eastmoney.com/notices/detail/300101/AN202103221474799820.html
振芯科技,300101,300101,振芯科技,振芯科技:监事会决议公告,监事会决议公告,2021-03-23,https://data.eastmoney.com/notices/detail/300101/AN202103221474799829.html
振芯科技,300101,300101,振芯科技,振芯科技:独立董事关于第五届董事会第四次会议相关事项的独立意见,专项说明/独立意见,2021-03-23,https://data.eastmoney.com/notices/detail/300101/AN202103221474799825.html
振芯科技,300101,300101,振芯科技,振芯科技:2021年度以简易程序向特定对象发行A股股票预案,增发预案,2021-03-23,https://data.eastmoney.com/notices/detail/300101/AN202103221474799835.html
振芯科技,300101,300101,振芯科技,振芯科技:2020年度独董述职报告(邹寿彬),独立董事述职报告,2021-03-23,https://data.eastmoney.com/notices/detail/300101/AN202103221474799842.html
振芯科技,300101,300101,振芯科技,振芯科技:2020年度董事会工作报告,其他,2021-03-23,https://data.eastmoney.com/notices/detail/300101/AN202103221474799819.html
振芯科技,300101,300101,振芯科技,振芯科技:关于举行2020年度业绩网上说明会的公告,其他,2021-03-23,https://data.eastmoney.com/notices/detail/300101/AN202103221474799816.html
振芯科技,300101,300101,振芯科技,振芯科技:2021年度以简易程序向特定对象发行A股股票方案论证分析报告,其他,2021-03-23,https://data.eastmoney.com/notices/detail/300101/AN202103221474799826.html
振芯科技,300101,300101,振芯科技,振芯科技:关于向银行申请综合授信额度的公告,借贷,2021-03-23,https://data.eastmoney.com/notices/detail/300101/AN202103221474799832.html
振芯科技,300101,300101,振芯科技,振芯科技:关于2021年度以简易程序向特定对象发行A股股票预案的提示性公告,增发预案,2021-03-23,https://data.eastmoney.com/notices/detail/300101/AN202103221474799846.html
振芯科技,300101,300101,振芯科技,振芯科技:关于使用闲置自有资金进行委托理财的进展公告,委托（受托）事项,2021-02-26,https://data.eastmoney.com/notices/detail/300101/AN202102261465924499.html
振芯科技,300101,300101,振芯科技,振芯科技:关于监事股份减持计划时间过半的进展公告,股东/实际控制人股份减持,2021-02-19,https://data.eastmoney.com/notices/detail/300101/AN202102191463494561.html
振芯科技,300101,300101,振芯科技,振芯科技:300101振芯科技调研活动信息20210127,调研活动,2021-01-27,https://data.eastmoney.com/notices/detail/300101/AN202101271454938101.html
振芯科技,300101,300101,振芯科技,振芯科技:2020年年度业绩预告,业绩预告,2021-01-25,https://data.eastmoney.com/notices/detail/300101/AN202101241453856584.html
振芯科技,300101,300101,振芯科技,振芯科技:300101振芯科技调研活动信息20210108,调研活动,2021-01-08,https://data.eastmoney.com/notices/detail/300101/AN202101081448872335.html
振芯科技,300101,300101,振芯科技,振芯科技:关于控股股东诉讼事项进展的公告,诉讼仲裁,2021-01-04,https://data.eastmoney.com/notices/detail/300101/AN202101041447156182.html
振芯科技,300101,300101,振芯科技,振芯科技:关于获得政府补助的公告,获得补贴（资助）,2020-12-28,https://data.eastmoney.com/notices/detail/300101/AN202012281444536597.html
振芯科技,300101,300101,振芯科技,振芯科技:关于完成工商变更登记的公告,公司注册资本变更,2020-12-21,https://data.eastmoney.com/notices/detail/300101/AN202012211442474401.html
振芯科技,300101,300101,振芯科技,振芯科技:关于公司及子公司获得政府补助的公告,获得补贴（资助）,2020-12-07,https://data.eastmoney.com/notices/detail/300101/AN202012071437673931.html
振芯科技,300101,300101,振芯科技,振芯科技:2020年第一次临时股东大会决议公告,股东大会决议公告,2020-11-17,https://data.eastmoney.com/notices/detail/300101/AN202011171430176541.html
振芯科技,300101,300101,振芯科技,振芯科技:2020年第一次临时股东大会的法律意见,法律意见书,2020-11-17,https://data.eastmoney.com/notices/detail/300101/AN202011171430176542.html
振芯科技,300101,300101,振芯科技,振芯科技:关于签署《保证合同》的公告,重大合同,2020-11-03,https://data.eastmoney.com/notices/detail/300101/AN202011031426182236.html
振芯科技,300101,300101,振芯科技,振芯科技:股东大会议事规则,议事规则/实施细则,2020-10-31,https://data.eastmoney.com/notices/detail/300101/AN202010301425042544.html
振芯科技,300101,300101,振芯科技,振芯科技:对外担保管理办法,提供/对外担保公告,2020-10-31,https://data.eastmoney.com/notices/detail/300101/AN202010301425042543.html
振芯科技,300101,300101,振芯科技,振芯科技:内幕信息知情人管理制度,管理办法/制度,2020-10-31,https://data.eastmoney.com/notices/detail/300101/AN202010301425042541.html
振芯科技,300101,300101,振芯科技,振芯科技:董事、监事和高级管理人员持有和买卖本公司股票管理制度,管理办法/制度,2020-10-31,https://data.eastmoney.com/notices/detail/300101/AN202010301425042540.html
振芯科技,300101,300101,振芯科技,振芯科技:第五届董事会第一次临时会议决议公告,董事会决议公告,2020-10-31,https://data.eastmoney.com/notices/detail/300101/AN202010301425042539.html
振芯科技,300101,300101,振芯科技,振芯科技:董事会议事规则,议事规则/实施细则,2020-10-31,https://data.eastmoney.com/notices/detail/300101/AN202010301425042536.html
振芯科技,300101,300101,振芯科技,振芯科技:募集资金管理办法,管理办法/制度,2020-10-31,https://data.eastmoney.com/notices/detail/300101/AN202010301425042535.html
振芯科技,300101,300101,振芯科技,振芯科技:第五届监事会第一次临时会议决议公告,监事会决议公告,2020-10-31,https://data.eastmoney.com/notices/detail/300101/AN202010301425042533.html
振芯科技,300101,300101,振芯科技,振芯科技:关联交易管理办法,管理办法/制度,2020-10-31,https://data.eastmoney.com/notices/detail/300101/AN202010301425042531.html
振芯科技,300101,300101,振芯科技,振芯科技:独立董事工作制度,管理办法/制度,2020-10-31,https://data.eastmoney.com/notices/detail/300101/AN202010301425042530.html
振芯科技,300101,300101,振芯科技,振芯科技:董事会审计委员会工作细则,议事规则/实施细则,2020-10-31,https://data.eastmoney.com/notices/detail/300101/AN202010301425042529.html
振芯科技,300101,300101,振芯科技,振芯科技:重大信息内部报告制度,管理办法/制度,2020-10-31,https://data.eastmoney.com/notices/detail/300101/AN202010301425042528.html
振芯科技,300101,300101,振芯科技,振芯科技:合同管理制度,管理办法/制度,2020-10-31,https://data.eastmoney.com/notices/detail/300101/AN202010301425042527.html
振芯科技,300101,300101,振芯科技,振芯科技:公司章程,公司章程,2020-10-31,https://data.eastmoney.com/notices/detail/300101/AN202010301425042526.html
振芯科技,300101,300101,振芯科技,振芯科技:总经理工作细则,议事规则/实施细则,2020-10-31,https://data.eastmoney.com/notices/detail/300101/AN202010301425042525.html
振芯科技,300101,300101,振芯科技,振芯科技:内部审计制度,管理办法/制度,2020-10-31,https://data.eastmoney.com/notices/detail/300101/AN202010301425042524.html
振芯科技,300101,300101,振芯科技,振芯科技:信息披露管理办法,管理办法/制度,2020-10-31,https://data.eastmoney.com/notices/detail/300101/AN202010301425042523.html
振芯科技,300101,300101,振芯科技,振芯科技:股东大会网络投票实施细则,议事规则/实施细则,2020-10-31,https://data.eastmoney.com/notices/detail/300101/AN202010301425042522.html
振芯科技,300101,300101,振芯科技,振芯科技:关于召开2020年第一次临时股东大会的通知,召开股东大会通知,2020-10-31,https://data.eastmoney.com/notices/detail/300101/AN202010301425042521.html
振芯科技,300101,300101,振芯科技,振芯科技:投资者关系管理制度,管理办法/制度,2020-10-31,https://data.eastmoney.com/notices/detail/300101/AN202010301425042534.html
振芯科技,300101,300101,振芯科技,振芯科技:监事会议事规则,议事规则/实施细则,2020-10-31,https://data.eastmoney.com/notices/detail/300101/AN202010301425042532.html
振芯科技,300101,300101,振芯科技,振芯科技:关于公司监事减持股份计划的预披露公告,股东/实际控制人股份减持,2020-10-28,https://data.eastmoney.com/notices/detail/300101/AN202010271424062272.html
振芯科技,300101,300101,振芯科技,振芯科技:第五届监事会第三次会议决议公告,监事会决议公告,2020-10-20,https://data.eastmoney.com/notices/detail/300101/AN202010191422345158.html
振芯科技,300101,300101,振芯科技,振芯科技:关于为全资子公司申请银行贷款提供担保的公告,提供/对外担保公告,2020-10-20,https://data.eastmoney.com/notices/detail/300101/AN202010191422345157.html
振芯科技,300101,300101,振芯科技,振芯科技:关于2020年第三季度计提资产减值准备的公告,其他,2020-10-20,https://data.eastmoney.com/notices/detail/300101/AN202010191422345156.html
振芯科技,300101,300101,振芯科技,振芯科技:2020年第三季度报告披露提示性公告,其他,2020-10-20,https://data.eastmoney.com/notices/detail/300101/AN202010191422345155.html
振芯科技,300101,300101,振芯科技,振芯科技:第五届董事会第三次会议决议公告,董事会决议公告,2020-10-20,https://data.eastmoney.com/notices/detail/300101/AN202010191422345154.html
振芯科技,300101,300101,振芯科技,振芯科技:2020年第三季度报告全文,三季度报告全文,2020-10-20,https://data.eastmoney.com/notices/detail/300101/AN202010191422345153.html
振芯科技,300101,300101,振芯科技,振芯科技:关于控股股东诉讼事项进展的公告,诉讼仲裁,2020-10-12,https://data.eastmoney.com/notices/detail/300101/AN202010121420867746.html
振芯科技,300101,300101,振芯科技,振芯科技:300101振芯科技调研活动信息20200925,调研活动,2020-09-25,https://data.eastmoney.com/notices/detail/300101/AN202009251417319066.html
振芯科技,300101,300101,振芯科技,振芯科技:关于参加2020年四川辖区上市公司投资者网上集体接待日活动的公告,调研活动,2020-09-22,https://data.eastmoney.com/notices/detail/300101/AN202009221416020193.html
振芯科技,300101,300101,振芯科技,振芯科技:关于公司2018年股票期权与限制性股票激励计划部分限制性股票回购注销完成的公告,股本变动,2020-09-18,https://data.eastmoney.com/notices/detail/300101/AN202009171413790482.html
振芯科技,300101,300101,振芯科技,振芯科技:300101振芯科技调研活动信息20200828,调研活动,2020-08-28,https://data.eastmoney.com/notices/detail/300101/AN202008281402970169.html
振芯科技,300101,300101,振芯科技,振芯科技:独立董事关于第五届董事会第二次会议相关事项的独立意见,专项说明/独立意见,2020-08-25,https://data.eastmoney.com/notices/detail/300101/AN202008241401119033.html
振芯科技,300101,300101,振芯科技,振芯科技:关于收到成交通知书的公告,其他,2020-08-25,https://data.eastmoney.com/notices/detail/300101/AN202008241401119032.html
振芯科技,300101,300101,振芯科技,振芯科技:2020年半年度报告摘要,半年度报告摘要,2020-08-25,https://data.eastmoney.com/notices/detail/300101/AN202008241401119031.html
振芯科技,300101,300101,振芯科技,振芯科技:关于2020年半年度计提资产减值准备的公告,其他,2020-08-25,https://data.eastmoney.com/notices/detail/300101/AN202008241401119030.html
振芯科技,300101,300101,振芯科技,振芯科技:2020年半年度报告,半年度报告全文,2020-08-25,https://data.eastmoney.com/notices/detail/300101/AN202008241401119029.html
振芯科技,300101,300101,振芯科技,振芯科技:第五届监事会第二次会议决议公告,监事会决议公告,2020-08-25,https://data.eastmoney.com/notices/detail/300101/AN202008241401119028.html
振芯科技,300101,300101,振芯科技,振芯科技:2020年半年度报告披露提示性公告,其他,2020-08-25,https://data.eastmoney.com/notices/detail/300101/AN202008241401119027.html
振芯科技,300101,300101,振芯科技,振芯科技:第五届董事会第二次会议决议公告,董事会决议公告,2020-08-25,https://data.eastmoney.com/notices/detail/300101/AN202008241401119025.html
振芯科技,300101,300101,振芯科技,振芯科技:关于控股股东诉讼事项进展的公告,诉讼仲裁,2020-08-19,https://data.eastmoney.com/notices/detail/300101/AN202008191399648423.html
振芯科技,300101,300101,振芯科技,振芯科技:股票交易异常波动公告,股票交易异常波动,2020-08-07,https://data.eastmoney.com/notices/detail/300101/AN202008071397054989.html
振芯科技,300101,300101,振芯科技,振芯科技:关于全资子公司完成工商变更登记的公告,公司关联方基本资料变更,2020-07-24,https://data.eastmoney.com/notices/detail/300101/AN202007241393823667.html
振芯科技,300101,300101,振芯科技,振芯科技:关于签署《保证合同》的公告,签订协议,2020-07-14,https://data.eastmoney.com/notices/detail/300101/AN202007141391628966.html
振芯科技,300101,300101,振芯科技,振芯科技:关于公司监事收到四川证监局警示函的公告,警示函公告,2020-06-15,https://data.eastmoney.com/notices/detail/300101/AN202006151385115600.html
振芯科技,300101,300101,振芯科技,振芯科技:关于公司2018年股票期权与限制性股票激励计划部分股票期权注销完成的公告,股本变动,2020-06-11,https://data.eastmoney.com/notices/detail/300101/AN202006111384206074.html
振芯科技,300101,300101,振芯科技,振芯科技:关于对四川证监局2019年年报问询函回复的公告,回复问询函公告,2020-06-03,https://data.eastmoney.com/notices/detail/300101/AN202006031382100941.html
振芯科技,300101,300101,振芯科技,振芯科技:关于聘任董事会秘书、证券事务代表的公告,高管人员任职变动,2020-05-25,https://data.eastmoney.com/notices/detail/300101/AN202005251380229190.html
振芯科技,300101,300101,振芯科技,振芯科技:独立董事关于公司第五届董事会第一次会议相关事项的独立意见,专项说明/独立意见,2020-05-25,https://data.eastmoney.com/notices/detail/300101/AN202005251380229155.html
振芯科技,300101,300101,振芯科技,振芯科技:第五届监事会第一次会议决议公告,高管人员任职变动,2020-05-25,https://data.eastmoney.com/notices/detail/300101/AN202005251380229192.html
振芯科技,300101,300101,振芯科技,振芯科技:第五届董事会第一次会议决议公告,高管人员任职变动,2020-05-25,https://data.eastmoney.com/notices/detail/300101/AN202005251380229163.html
振芯科技,300101,300101,振芯科技,振芯科技:关于对深圳证券交易所年报问询函回复的公告,回复问询函公告,2020-05-25,https://data.eastmoney.com/notices/detail/300101/AN202005251380229160.html
振芯科技,300101,300101,振芯科技,振芯科技:独立董事关于《深圳证券交易所关于对成都振芯科技股份有限公司年报问询函》相关事项的独立意见,专项说明/独立意见,2020-05-25,https://data.eastmoney.com/notices/detail/300101/AN202005251380229177.html
振芯科技,300101,300101,振芯科技,振芯科技:离任董事、监事、高级管理人员持股及减持承诺事项的说明,其他,2020-05-25,https://data.eastmoney.com/notices/detail/300101/AN202005251380229159.html
振芯科技,300101,300101,振芯科技,振芯科技:关于董事会、监事会完成换届选举及聘任高级管理人员的公告,高管人员任职变动,2020-05-25,https://data.eastmoney.com/notices/detail/300101/AN202005251380229174.html
振芯科技,300101,300101,振芯科技,振芯科技:关于收到四川证监局对公司2019年年报问询函的公告,收到问询函公告,2020-05-21,https://data.eastmoney.com/notices/detail/300101/AN202005211380078120.html
振芯科技,300101,300101,振芯科技,300101:振芯科技年报问询函,年报问询函,2020-05-18,https://data.eastmoney.com/notices/detail/300101/AN202005181379874391.html
振芯科技,300101,300101,振芯科技,振芯科技:2019年年度股东大会决议公告,分配方案决议公告,2020-05-13,https://data.eastmoney.com/notices/detail/300101/AN202005131379672498.html
振芯科技,300101,300101,振芯科技,振芯科技:关于公司2018年股票期权与限制性股票激励计划回购注销部分限制性股票减少注册资本暨通知债权人的公告,公司注册资本变更,2020-05-13,https://data.eastmoney.com/notices/detail/300101/AN202005131379672500.html
振芯科技,300101,300101,振芯科技,振芯科技:2019年年度股东大会的法律意见,法律意见书,2020-05-13,https://data.eastmoney.com/notices/detail/300101/AN202005131379672499.html
振芯科技,300101,300101,振芯科技,振芯科技:关于召开2019年年度股东大会的提示性公告,召开股东大会提示性公告,2020-05-07,https://data.eastmoney.com/notices/detail/300101/AN202005071379419202.html
振芯科技,300101,300101,振芯科技,振芯科技:关于2020年一季度计提资产减值准备的公告,其他,2020-04-27,https://data.eastmoney.com/notices/detail/300101/AN202004261378676386.html
振芯科技,300101,300101,振芯科技,振芯科技:关于为控股子公司申请银行贷款提供担保的公告,担保事项,2020-04-27,https://data.eastmoney.com/notices/detail/300101/AN202004261378676368.html
振芯科技,300101,300101,振芯科技,振芯科技:第四届董事会第二十二次会议决议公告,董事会决议公告,2020-04-27,https://data.eastmoney.com/notices/detail/300101/AN202004261378676313.html
振芯科技,300101,300101,振芯科技,振芯科技:2020年第一季度报告披露提示性公告,其他,2020-04-27,https://data.eastmoney.com/notices/detail/300101/AN202004261378676309.html
振芯科技,300101,300101,振芯科技,振芯科技:2020年第一季度报告全文,一季度报告全文,2020-04-27,https://data.eastmoney.com/notices/detail/300101/AN202004261378676306.html
振芯科技,300101,300101,振芯科技,振芯科技:第四届监事会第十六次会议决议公告,监事会决议公告,2020-04-27,https://data.eastmoney.com/notices/detail/300101/AN202004261378676305.html
振芯科技,300101,300101,振芯科技,振芯科技:关于公司2018年股票期权与限制性股票激励计划注销部分股票期权及回购注销部分限制性股票的公告,股权激励其他事项公告,2020-04-21,https://data.eastmoney.com/notices/detail/300101/AN202004201378281319.html
振芯科技,300101,300101,振芯科技,振芯科技:上海荣正投资咨询股份有限公司关于公司2018年股票期权与限制性股票激励计划注销部分股票期权及回购注销部分限制性股票事项之独立财务顾问报告,保荐/核查意见,2020-04-21,https://data.eastmoney.com/notices/detail/300101/AN202004201378281318.html
振芯科技,300101,300101,振芯科技,振芯科技:独立董事2019年度述职报告(邹寿彬),独立董事述职报告,2020-04-21,https://data.eastmoney.com/notices/detail/300101/AN202004201378281317.html
振芯科技,300101,300101,振芯科技,振芯科技:独立董事候选人声明(江才),独立董事候选人声明,2020-04-21,https://data.eastmoney.com/notices/detail/300101/AN202004201378281316.html
振芯科技,300101,300101,振芯科技,振芯科技:独立董事提名人声明(三),独立董事提名人声明,2020-04-21,https://data.eastmoney.com/notices/detail/300101/AN202004201378281315.html
振芯科技,300101,300101,振芯科技,振芯科技:2019年年度报告披露提示性公告,其他,2020-04-21,https://data.eastmoney.com/notices/detail/300101/AN202004201378281314.html
振芯科技,300101,300101,振芯科技,振芯科技:2019年年度审计报告,审计报告,2020-04-21,https://data.eastmoney.com/notices/detail/300101/AN202004201378281313.html
振芯科技,300101,300101,振芯科技,振芯科技:关于2019年度计提资产减值准备的公告,其他,2020-04-21,https://data.eastmoney.com/notices/detail/300101/AN202004201378281312.html
振芯科技,300101,300101,振芯科技,振芯科技:2019年度董事会工作报告,其他,2020-04-21,https://data.eastmoney.com/notices/detail/300101/AN202004201378281311.html
振芯科技,300101,300101,振芯科技,振芯科技:关于会计政策变更的公告,其他,2020-04-21,https://data.eastmoney.com/notices/detail/300101/AN202004201378281309.html
振芯科技,300101,300101,振芯科技,振芯科技:关于续聘2020年度审计机构的公告,审计机构变更,2020-04-21,https://data.eastmoney.com/notices/detail/300101/AN202004201378281308.html
振芯科技,300101,300101,振芯科技,振芯科技:独立董事候选人声明(吴越),独立董事候选人声明,2020-04-21,https://data.eastmoney.com/notices/detail/300101/AN202004201378281307.html
振芯科技,300101,300101,振芯科技,振芯科技:2019年度财务决算报告,年度财务报告,2020-04-21,https://data.eastmoney.com/notices/detail/300101/AN202004201378281306.html
振芯科技,300101,300101,振芯科技,振芯科技:非经营性资金占用及其他关联资金往来情况专项审核说明,专项说明/独立意见,2020-04-21,https://data.eastmoney.com/notices/detail/300101/AN202004201378281305.html
振芯科技,300101,300101,振芯科技,振芯科技:2019年度内部控制自我评价报告,内部控制报告,2020-04-21,https://data.eastmoney.com/notices/detail/300101/AN202004201378281304.html
振芯科技,300101,300101,振芯科技,振芯科技:2019年年度报告摘要,年度报告摘要,2020-04-21,https://data.eastmoney.com/notices/detail/300101/AN202004201378281303.html
振芯科技,300101,300101,振芯科技,振芯科技:独立董事候选人声明(徐锐敏),独立董事候选人声明,2020-04-21,https://data.eastmoney.com/notices/detail/300101/AN202004201378281302.html
振芯科技,300101,300101,振芯科技,振芯科技:2019年度审计报告,审计报告,2020-04-21,https://data.eastmoney.com/notices/detail/300101/AN202004201378281301.html
振芯科技,300101,300101,振芯科技,振芯科技:第四届董事会第二十一次会议决议公告,分配预案,2020-04-21,https://data.eastmoney.com/notices/detail/300101/AN202004201378281300.html
振芯科技,300101,300101,振芯科技,振芯科技:关于公司及子公司使用闲置自有资金进行委托理财的公告,委托（受托）事项,2020-04-21,https://data.eastmoney.com/notices/detail/300101/AN202004201378281299.html
振芯科技,300101,300101,振芯科技,振芯科技:关于选举职工代表监事的公告,高管人员任职变动,2020-04-21,https://data.eastmoney.com/notices/detail/300101/AN202004201378281298.html
振芯科技,300101,300101,振芯科技,振芯科技:关于调整公司2018年股票期权与限制性股票激励计划股票期权行权价格和限制性股票回购价格的公告,股权激励行权价（数量）调整,2020-04-21,https://data.eastmoney.com/notices/detail/300101/AN202004201378281297.html
振芯科技,300101,300101,振芯科技,振芯科技:独立董事2019年度述职报告(傅江),独立董事述职报告,2020-04-21,https://data.eastmoney.com/notices/detail/300101/AN202004201378281296.html
振芯科技,300101,300101,振芯科技,振芯科技:国浩律师(上海)事务所关于公司注销部分股票期权及回购注销部分限制性股票之法律意见书,法律意见书,2020-04-21,https://data.eastmoney.com/notices/detail/300101/AN202004201378281295.html
振芯科技,300101,300101,振芯科技,振芯科技:独立董事关于第四届董事会第二十一次会议相关事项的独立意见,专项说明/独立意见,2020-04-21,https://data.eastmoney.com/notices/detail/300101/AN202004201378281294.html
振芯科技,300101,300101,振芯科技,振芯科技:独立董事2019年度述职报告(赵泽松),独立董事述职报告,2020-04-21,https://data.eastmoney.com/notices/detail/300101/AN202004201378281293.html
振芯科技,300101,300101,振芯科技,振芯科技:独立董事提名人声明(一),独立董事提名人声明,2020-04-21,https://data.eastmoney.com/notices/detail/300101/AN202004201378281292.html
振芯科技,300101,300101,振芯科技,振芯科技:独立董事关于第四届董事会第二十一次会议相关事项的事前认可意见,专项说明/独立意见,2020-04-21,https://data.eastmoney.com/notices/detail/300101/AN202004201378281291.html
振芯科技,300101,300101,振芯科技,振芯科技:第四届监事会第十五次会议决议公告,高管人员任职变动,2020-04-21,https://data.eastmoney.com/notices/detail/300101/AN202004201378281290.html
振芯科技,300101,300101,振芯科技,振芯科技:独立董事提名人声明(二),独立董事提名人声明,2020-04-21,https://data.eastmoney.com/notices/detail/300101/AN202004201378281289.html
振芯科技,300101,300101,振芯科技,振芯科技:关于举行2019年度业绩网上说明会的公告,其他,2020-04-21,https://data.eastmoney.com/notices/detail/300101/AN202004201378281288.html
振芯科技,300101,300101,振芯科技,振芯科技:2019年年度报告,年度报告全文,2020-04-21,https://data.eastmoney.com/notices/detail/300101/AN202004201378281287.html
振芯科技,300101,300101,振芯科技,振芯科技:关于召开2019年年度股东大会的通知,召开股东大会通知,2020-04-21,https://data.eastmoney.com/notices/detail/300101/AN202004201378281286.html
振芯科技,300101,300101,振芯科技,振芯科技:2019年度监事会工作报告,其他,2020-04-21,https://data.eastmoney.com/notices/detail/300101/AN202004201378281310.html
振芯科技,300101,300101,振芯科技,振芯科技:2020年第一季度业绩预告,业绩预告,2020-04-09,https://data.eastmoney.com/notices/detail/300101/AN202004091377827721.html
振芯科技,300101,300101,振芯科技,振芯科技:关于签署投资协议拟收购成都维思芯科电子科技有限公司100%股权的公告,签订协议,2020-03-24,https://data.eastmoney.com/notices/detail/300101/AN202003241376887329.html
振芯科技,300101,300101,振芯科技,振芯科技:第四届董事会第六次临时会议决议公告,董事会决议公告,2020-03-24,https://data.eastmoney.com/notices/detail/300101/AN202003241376887327.html
振芯科技,300101,300101,振芯科技,振芯科技:2019年度业绩快报,业绩快报,2020-02-27,https://data.eastmoney.com/notices/detail/300101/AN202002271375566433.html
振芯科技,300101,300101,振芯科技,振芯科技:关于对深圳证券交易所问询函回复的公告,问询函,2020-02-12,https://data.eastmoney.com/notices/detail/300101/AN202002121375036885.html
振芯科技,300101,300101,振芯科技,振芯科技:关于延期回复深圳证券交易所问询函的公告,问询函,2020-02-03,https://data.eastmoney.com/notices/detail/300101/AN202002021374668262.html
振芯科技,300101,300101,振芯科技,300101:振芯科技问询函,问询函,2020-01-22,https://data.eastmoney.com/notices/detail/300101/AN202001221374494611.html
振芯科技,300101,300101,振芯科技,振芯科技:2019年年度业绩预告,业绩预告,2020-01-21,https://data.eastmoney.com/notices/detail/300101/AN202001211374427254.html
振芯科技,300101,300101,振芯科技,振芯科技:北京德恒律师事务所就《关于对成都振芯科技股份有限公司的关注函》所涉问题之专项法律意见,法律意见书,2020-01-20,https://data.eastmoney.com/notices/detail/300101/AN202001201374397703.html
振芯科技,300101,300101,振芯科技,振芯科技:关于对深圳证券交易所关注函回复的公告,关注函,2020-01-20,https://data.eastmoney.com/notices/detail/300101/AN202001201374397702.html
振芯科技,300101,300101,振芯科技,300101:振芯科技关注函,关注函,2020-01-16,https://data.eastmoney.com/notices/detail/300101/AN202001161374267053.html
振芯科技,300101,300101,振芯科技,振芯科技:柏杰声明,专项说明/独立意见,2020-01-16,https://data.eastmoney.com/notices/detail/300101/AN202001161374262654.html
振芯科技,300101,300101,振芯科技,振芯科技:关于重新认定公司实际控制人的提示性公告,获得认证,2020-01-16,https://data.eastmoney.com/notices/detail/300101/AN202001161374262653.html
振芯科技,300101,300101,振芯科技,振芯科技:徐进声明,专项说明/独立意见,2020-01-16,https://data.eastmoney.com/notices/detail/300101/AN202001161374262652.html
振芯科技,300101,300101,振芯科技,振芯科技:第四届董事会第五次临时会议决议公告,董事会决议公告,2020-01-16,https://data.eastmoney.com/notices/detail/300101/AN202001161374262651.html
振芯科技,300101,300101,振芯科技,振芯科技:莫晓宇声明,专项说明/独立意见,2020-01-16,https://data.eastmoney.com/notices/detail/300101/AN202001161374262650.html
振芯科技,300101,300101,振芯科技,振芯科技:独立董事关于第四届董事会第五次临时会议相关事项的独立意见,专项说明/独立意见,2020-01-16,https://data.eastmoney.com/notices/detail/300101/AN202001161374262649.html
振芯科技,300101,300101,振芯科技,振芯科技:谢俊声明,专项说明/独立意见,2020-01-16,https://data.eastmoney.com/notices/detail/300101/AN202001161374262648.html
振芯科技,300101,300101,振芯科技,振芯科技:北京德恒律师事务所关于公司实际控制人认定的法律意见,法律意见书,2020-01-16,https://data.eastmoney.com/notices/detail/300101/AN202001161374262647.html
振芯科技,300101,300101,振芯科技,振芯科技:300101振芯科技投资者关系活动记录表20200108,调研活动,2020-01-08,https://data.eastmoney.com/notices/detail/300101/AN202001081373715478.html
振芯科技,300101,300101,振芯科技,振芯科技_监管函,深交所股票监管函,2019-12-26,https://data.eastmoney.com/notices/detail/300101/AN201912261372634243.html
振芯科技,300101,300101,振芯科技,振芯科技:关于签署《保证合同》的公告,重大合同,2019-12-18,https://data.eastmoney.com/notices/detail/300101/AN201912181371928965.html
振芯科技,300101,300101,振芯科技,振芯科技:关于公司监事减持公司股份的公告,股东/实际控制人股份减持,2019-12-17,https://data.eastmoney.com/notices/detail/300101/AN201912161371875464.html
振芯科技,300101,300101,振芯科技,振芯科技:关于使用闲置自有资金进行委托理财的进展公告,委托（受托）事项,2019-12-02,https://data.eastmoney.com/notices/detail/300101/AN201912021371454731.html
振芯科技,300101,300101,振芯科技,振芯科技:关于完成工商变更登记的公告,公司注册资本变更,2019-11-15,https://data.eastmoney.com/notices/detail/300101/AN201911151370801778.html
振芯科技,300101,300101,振芯科技,振芯科技:2019年第三季度报告披露提示性公告,其他,2019-10-29,https://data.eastmoney.com/notices/detail/300101/AN201910281369899077.html
振芯科技,300101,300101,振芯科技,振芯科技:关于2019年第三季度计提资产减值准备的公告,其他,2019-10-29,https://data.eastmoney.com/notices/detail/300101/AN201910281369899072.html
振芯科技,300101,300101,振芯科技,振芯科技:第四届董事会第二十次会议决议公告,董事会决议公告,2019-10-29,https://data.eastmoney.com/notices/detail/300101/AN201910281369899070.html
振芯科技,300101,300101,振芯科技,振芯科技:第四届监事会第十四次会议决议公告,监事会决议公告,2019-10-29,https://data.eastmoney.com/notices/detail/300101/AN201910281369899064.html
振芯科技,300101,300101,振芯科技,振芯科技:2019年第三季度报告全文,三季度报告全文,2019-10-29,https://data.eastmoney.com/notices/detail/300101/AN201910281369899063.html
振芯科技,300101,300101,振芯科技,振芯科技:2019年前三季度业绩预告,业绩预告,2019-10-14,https://data.eastmoney.com/notices/detail/300101/AN201910141368662724.html
振芯科技,300101,300101,振芯科技,振芯科技:2019年第一次临时股东大会决议公告,股东大会决议公告,2019-09-12,https://data.eastmoney.com/notices/detail/300101/AN201909121355282596.html
振芯科技,300101,300101,振芯科技,振芯科技:2019年第一次临时股东大会的法律意见书,法律意见书,2019-09-12,https://data.eastmoney.com/notices/detail/300101/AN201909121355282594.html
振芯科技,300101,300101,振芯科技,振芯科技:关于召开2019年第一次临时股东大会的提示性公告,召开股东大会提示性公告,2019-09-10,https://data.eastmoney.com/notices/detail/300101/AN201909101354477674.html
振芯科技,300101,300101,振芯科技,振芯科技:关于向银行申请综合授信额度的公告,借贷,2019-08-27,https://data.eastmoney.com/notices/detail/300101/AN201908261345111867.html
振芯科技,300101,300101,振芯科技,振芯科技:关于会计政策变更的公告,其他,2019-08-27,https://data.eastmoney.com/notices/detail/300101/AN201908261345111866.html
振芯科技,300101,300101,振芯科技,振芯科技:关于召开2019年第一次临时股东大会的通知,召开股东大会通知,2019-08-27,https://data.eastmoney.com/notices/detail/300101/AN201908261345111865.html
振芯科技,300101,300101,振芯科技,振芯科技:第四届董事会第十九次会议决议公告,董事会决议公告,2019-08-27,https://data.eastmoney.com/notices/detail/300101/AN201908261345111861.html
振芯科技,300101,300101,振芯科技,振芯科技:2019年半年度报告摘要,半年度报告摘要,2019-08-27,https://data.eastmoney.com/notices/detail/300101/AN201908261345111860.html
振芯科技,300101,300101,振芯科技,振芯科技:第四届监事会第十三次会议决议公告,监事会决议公告,2019-08-27,https://data.eastmoney.com/notices/detail/300101/AN201908261345111859.html
振芯科技,300101,300101,振芯科技,振芯科技:2019年半年度报告披露提示性公告,其他,2019-08-27,https://data.eastmoney.com/notices/detail/300101/AN201908261345111858.html
振芯科技,300101,300101,振芯科技,振芯科技:2019年半年度报告,半年度报告全文,2019-08-27,https://data.eastmoney.com/notices/detail/300101/AN201908261345111856.html
振芯科技,300101,300101,振芯科技,振芯科技:关于为全资子公司申请银行贷款提供担保的公告,担保事项,2019-08-27,https://data.eastmoney.com/notices/detail/300101/AN201908261345111855.html
振芯科技,300101,300101,振芯科技,振芯科技:关于2019年半年度计提资产减值准备的公告,其他,2019-08-27,https://data.eastmoney.com/notices/detail/300101/AN201908261345111851.html
振芯科技,300101,300101,振芯科技,振芯科技:独立董事关于第四届董事会第十九次会议相关事项的独立意见,专项说明/独立意见,2019-08-27,https://data.eastmoney.com/notices/detail/300101/AN201908261345111843.html
振芯科技,300101,300101,振芯科技,振芯科技:公司章程(2019年8月),公司章程,2019-08-27,https://data.eastmoney.com/notices/detail/300101/AN201908261345111842.html
振芯科技,300101,300101,振芯科技,振芯科技:关于公司2018年股票期权与限制性股票激励计划部分限制性股票回购注销完成的公告,股本变动,2019-08-09,https://data.eastmoney.com/notices/detail/300101/AN201908091342780459.html
振芯科技,300101,300101,振芯科技,振芯科技:关于公司2018年股票期权与限制性股票激励计划部分股票期权注销完成的公告,股本变动,2019-07-30,https://data.eastmoney.com/notices/detail/300101/AN201907301341629264.html
振芯科技,300101,300101,振芯科技,振芯科技:2019年半年度业绩预告,业绩预告,2019-07-12,https://data.eastmoney.com/notices/detail/300101/AN201907121338587579.html
振芯科技,300101,300101,振芯科技,振芯科技:关于签署《保证合同》的公告,重大合同,2019-07-02,https://data.eastmoney.com/notices/detail/300101/AN201907021337061523.html
振芯科技,300101,300101,振芯科技,振芯科技:董事会议事规则(2019年6月),议事规则/实施细则,2019-06-17,https://data.eastmoney.com/notices/detail/300101/AN201906171335518789.html
振芯科技,300101,300101,振芯科技,振芯科技:股东大会议事规则(2019年6月),议事规则/实施细则,2019-06-17,https://data.eastmoney.com/notices/detail/300101/AN201906171335518788.html
振芯科技,300101,300101,振芯科技,振芯科技:总经理工作细则(2019年6月),议事规则/实施细则,2019-06-17,https://data.eastmoney.com/notices/detail/300101/AN201906171335518786.html
振芯科技,300101,300101,振芯科技,振芯科技:公司章程(2019年6月),公司章程,2019-06-17,https://data.eastmoney.com/notices/detail/300101/AN201906171335518784.html
振芯科技,300101,300101,振芯科技,振芯科技:关于为子公司申请银行贷款提供担保的公告,担保事项,2019-06-17,https://data.eastmoney.com/notices/detail/300101/AN201906171335518785.html
振芯科技,300101,300101,振芯科技,振芯科技:第四届董事会第十八次会议决议公告,其他增发事项公告,2019-06-17,https://data.eastmoney.com/notices/detail/300101/AN201906171335518787.html
振芯科技,300101,300101,振芯科技,振芯科技:2019年06月05日投资者关系活动记录表,调研活动,2019-06-06,https://data.eastmoney.com/notices/detail/300101/AN201906061333894795.html
振芯科技,300101,300101,振芯科技,振芯科技:振芯科技:2019年5月24日投资者关系活动记录表,调研活动,2019-05-27,https://data.eastmoney.com/notices/detail/300101/AN201905271332246646.html
振芯科技,300101,300101,振芯科技,振芯科技:关于参加2019年四川辖区上市公司投资者集体接待日活动的公告,调研活动,2019-05-17,https://data.eastmoney.com/notices/detail/300101/AN201905171330770799.html
振芯科技,300101,300101,振芯科技,振芯科技:关于控股股东诉讼事项进展的公告,诉讼仲裁,2019-05-13,https://data.eastmoney.com/notices/detail/300101/AN201905131329160851.html
振芯科技,300101,300101,振芯科技,振芯科技:2018年年度权益分派实施公告,分配方案实施,2019-05-09,https://data.eastmoney.com/notices/detail/300101/AN201905081327853764.html
振芯科技,300101,300101,振芯科技,振芯科技:第四届董事会第十七次会议决议公告,董事会决议公告,2019-04-26,https://data.eastmoney.com/notices/detail/300101/AN201904251322657383.html
振芯科技,300101,300101,振芯科技,振芯科技:第四届监事会第十二次会议决议公告,监事会决议公告,2019-04-26,https://data.eastmoney.com/notices/detail/300101/AN201904251322657382.html
振芯科技,300101,300101,振芯科技,振芯科技:2019年第一季度报告披露提示性公告,其他,2019-04-26,https://data.eastmoney.com/notices/detail/300101/AN201904251322657380.html
振芯科技,300101,300101,振芯科技,振芯科技:关于公司2019年一季度计提资产减值准备的公告,其他,2019-04-26,https://data.eastmoney.com/notices/detail/300101/AN201904251322657381.html
振芯科技,300101,300101,振芯科技,振芯科技:2019年第一季度报告全文,一季度报告全文,2019-04-26,https://data.eastmoney.com/notices/detail/300101/AN201904251322657379.html
振芯科技,300101,300101,振芯科技,振芯科技:关于职工代表监事辞职及补选职工代表监事的公告,高管人员任职变动,2019-04-22,https://data.eastmoney.com/notices/detail/300101/AN201904221321203632.html
振芯科技,300101,300101,振芯科技,振芯科技:2018年年度股东大会决议公告的更正公告,其他,2019-04-18,https://data.eastmoney.com/notices/detail/300101/AN201904181320472620.html
振芯科技,300101,300101,振芯科技,振芯科技:关于公司2018年股票期权与限制性股票激励计划回购注销部分限制性股票的减资公告,公司注册资本变更,2019-04-16,https://data.eastmoney.com/notices/detail/300101/AN201904161319716858.html
振芯科技,300101,300101,振芯科技,振芯科技:2018年年度股东大会决议公告,分配方案决议公告,2019-04-16,https://data.eastmoney.com/notices/detail/300101/AN201904161319716857.html
振芯科技,300101,300101,振芯科技,振芯科技:2018年年度股东大会的法律意见书,法律意见书,2019-04-16,https://data.eastmoney.com/notices/detail/300101/AN201904161319717018.html
振芯科技,300101,300101,振芯科技,振芯科技:国浩律师(上海)事务所关于《关于对成都振芯科技股份有限公司的关注函》之法律意见书,法律意见书,2019-04-15,https://data.eastmoney.com/notices/detail/300101/AN201904151319367652.html
振芯科技,300101,300101,振芯科技,振芯科技:关于对深圳证券交易所关注函回复的公告(2019/04/15),关注函,2019-04-15,https://data.eastmoney.com/notices/detail/300101/AN201904151319367651.html
振芯科技,300101,300101,振芯科技,振芯科技:第四届董事会第四次临时会议决议公告,董事会决议公告,2019-04-11,https://data.eastmoney.com/notices/detail/300101/AN201904111318388126.html
振芯科技,300101,300101,振芯科技,振芯科技:关于2018年年度股东大会取消部分议案的公告,取消股东大会议案,2019-04-11,https://data.eastmoney.com/notices/detail/300101/AN201904111318388125.html
振芯科技,300101,300101,振芯科技,300101:振芯科技关注函,关注函,2019-04-10,https://data.eastmoney.com/notices/detail/300101/AN201904101317859292.html
振芯科技,300101,300101,振芯科技,振芯科技:国浩律师(上海)事务所关于公司拟修订《公司章程》部分条款合法合规性之法律意见书,法律意见书,2019-04-08,https://data.eastmoney.com/notices/detail/300101/AN201904081316970203.html
振芯科技,300101,300101,振芯科技,振芯科技:关于对深圳证券交易所关注函回复的公告(2019/04/08),关注函,2019-04-08,https://data.eastmoney.com/notices/detail/300101/AN201904081316970202.html
振芯科技,300101,300101,振芯科技,300101:振芯科技关注函,关注函,2019-03-28,https://data.eastmoney.com/notices/detail/300101/AN201903281310907919.html
振芯科技,300101,300101,振芯科技,振芯科技:第四届监事会第十一次会议决议公告,监事会决议公告,2019-03-26,https://data.eastmoney.com/notices/detail/300101/AN201903251309299449.html
振芯科技,300101,300101,振芯科技,振芯科技:2018年年度审计报告,审计报告,2019-03-26,https://data.eastmoney.com/notices/detail/300101/AN201903251309299431.html
振芯科技,300101,300101,振芯科技,振芯科技:2018年年度报告披露提示性公告,其他,2019-03-26,https://data.eastmoney.com/notices/detail/300101/AN201903251309299432.html
振芯科技,300101,300101,振芯科技,振芯科技:2018年度财务决算报告,年度财务报告,2019-03-26,https://data.eastmoney.com/notices/detail/300101/AN201903251309299435.html
振芯科技,300101,300101,振芯科技,振芯科技:2018年度监事会工作报告,其他,2019-03-26,https://data.eastmoney.com/notices/detail/300101/AN201903251309299433.html
振芯科技,300101,300101,振芯科技,振芯科技:独立董事2018年度述职报告(傅江),独立董事述职报告,2019-03-26,https://data.eastmoney.com/notices/detail/300101/AN201903251309299447.html
振芯科技,300101,300101,振芯科技,振芯科技:独立董事2018年度述职报告(赵泽松),独立董事述职报告,2019-03-26,https://data.eastmoney.com/notices/detail/300101/AN201903251309299351.html
振芯科技,300101,300101,振芯科技,振芯科技:董事会审计委员会工作细则(2019年3月),议事规则/实施细则,2019-03-26,https://data.eastmoney.com/notices/detail/300101/AN201903251309299355.html
振芯科技,300101,300101,振芯科技,振芯科技:董事会议事规则(2019年3月),议事规则/实施细则,2019-03-26,https://data.eastmoney.com/notices/detail/300101/AN201903251309299452.html
振芯科技,300101,300101,振芯科技,振芯科技:第四届董事会第十六次会议决议公告,分配预案,2019-03-26,https://data.eastmoney.com/notices/detail/300101/AN201903251309299450.html
振芯科技,300101,300101,振芯科技,振芯科技:2018年年度报告,年度报告全文,2019-03-26,https://data.eastmoney.com/notices/detail/300101/AN201903251309299348.html
振芯科技,300101,300101,振芯科技,振芯科技:2019年第一季度业绩预告,业绩预告,2019-03-26,https://data.eastmoney.com/notices/detail/300101/AN201903251309299436.html
振芯科技,300101,300101,振芯科技,振芯科技:2018年年度报告摘要,年度报告摘要,2019-03-26,https://data.eastmoney.com/notices/detail/300101/AN201903251309299349.html
振芯科技,300101,300101,振芯科技,振芯科技:2018年度董事会工作报告,其他,2019-03-26,https://data.eastmoney.com/notices/detail/300101/AN201903251309299434.html
振芯科技,300101,300101,振芯科技,振芯科技:关于会计政策变更的公告,其他,2019-03-26,https://data.eastmoney.com/notices/detail/300101/AN201903251309299439.html
振芯科技,300101,300101,振芯科技,振芯科技:关于举行2018年度业绩网上说明会的公告,其他,2019-03-26,https://data.eastmoney.com/notices/detail/300101/AN201903251309299350.html
振芯科技,300101,300101,振芯科技,振芯科技:关于召开2018年年度股东大会的通知,召开股东大会通知,2019-03-26,https://data.eastmoney.com/notices/detail/300101/AN201903251309299444.html
振芯科技,300101,300101,振芯科技,振芯科技:国浩律师(上海)事务所关于公司注销部分股票期权及回购注销部分限制性股票之法律意见书,法律意见书,2019-03-26,https://data.eastmoney.com/notices/detail/300101/AN201903251309299445.html
振芯科技,300101,300101,振芯科技,振芯科技:独立董事2018年度述职报告(邹寿彬),独立董事述职报告,2019-03-26,https://data.eastmoney.com/notices/detail/300101/AN201903251309299352.html
振芯科技,300101,300101,振芯科技,振芯科技:独立董事关于公司第四届董事会第十六次会议相关事项的独立意见,专项说明/独立意见,2019-03-26,https://data.eastmoney.com/notices/detail/300101/AN201903251309299353.html
振芯科技,300101,300101,振芯科技,振芯科技:控股股东及其他关联方占用资金情况专项审核说明,专项说明/独立意见,2019-03-26,https://data.eastmoney.com/notices/detail/300101/AN201903251309299446.html
振芯科技,300101,300101,振芯科技,振芯科技:独立董事工作制度(2019年3月),管理办法/制度,2019-03-26,https://data.eastmoney.com/notices/detail/300101/AN201903251309299354.html
振芯科技,300101,300101,振芯科技,振芯科技:监事会议事规则(2019年3月),议事规则/实施细则,2019-03-26,https://data.eastmoney.com/notices/detail/300101/AN201903251309299448.html
振芯科技,300101,300101,振芯科技,振芯科技:关于公司2018年股票期权与限制性股票激励计划注销部分股票期权及回购注销部分限制性股票的公告,股权激励进展公告,2019-03-26,https://data.eastmoney.com/notices/detail/300101/AN201903251309299442.html
振芯科技,300101,300101,振芯科技,振芯科技:关于公司2018年度内部控制评价报告,内部控制报告,2019-03-26,https://data.eastmoney.com/notices/detail/300101/AN201903251309299440.html
振芯科技,300101,300101,振芯科技,振芯科技:上海荣正投资咨询股份有限公司关于公司2018年股票期权与限制性股票激励计划注销部分股票期权及回购注销部分限制性股票事项之独立财务顾问报告,保荐/核查意见,2019-03-26,https://data.eastmoney.com/notices/detail/300101/AN201903251309299437.html
振芯科技,300101,300101,振芯科技,振芯科技:关于公司2018年度计提资产减值准备的公告,其他,2019-03-26,https://data.eastmoney.com/notices/detail/300101/AN201903251309299441.html
振芯科技,300101,300101,振芯科技,振芯科技:股东大会议事规则(2019年3月),议事规则/实施细则,2019-03-26,https://data.eastmoney.com/notices/detail/300101/AN201903251309299451.html
振芯科技,300101,300101,振芯科技,振芯科技:公司章程(2019年3月),公司章程,2019-03-26,https://data.eastmoney.com/notices/detail/300101/AN201903251309299438.html
振芯科技,300101,300101,振芯科技,振芯科技:关于公司及子公司使用闲置自有资金进行委托理财的公告,委托（受托）事项,2019-03-26,https://data.eastmoney.com/notices/detail/300101/AN201903251309299443.html
振芯科技,300101,300101,振芯科技,振芯科技:第四届董事会第三次临时会议决议公告,董事会决议公告,2019-03-04,https://data.eastmoney.com/notices/detail/300101/AN201903041302451207.html
振芯科技,300101,300101,振芯科技,振芯科技:独立董事关于第四届董事会第三次临时会议相关事项的独立意见,专项说明/独立意见,2019-03-04,https://data.eastmoney.com/notices/detail/300101/AN201903041302451206.html
振芯科技,300101,300101,振芯科技,振芯科技:关于向全资子公司转让参股公司股权的公告,股权转让,2019-03-04,https://data.eastmoney.com/notices/detail/300101/AN201903041302451205.html
振芯科技,300101,300101,振芯科技,振芯科技:2018年度业绩快报,业绩快报,2019-02-27,https://data.eastmoney.com/notices/detail/300101/AN201902271300562203.html
振芯科技,300101,300101,振芯科技,振芯科技:300101振芯科技调研活动信息20190219,调研活动,2019-02-19,https://data.eastmoney.com/notices/detail/300101/AN201902191297875206.html
振芯科技,300101,300101,振芯科技,振芯科技:2018年年度业绩预告,业绩预告,2019-01-30,https://data.eastmoney.com/notices/detail/300101/AN201901301290267131.html
振芯科技,300101,300101,振芯科技,振芯科技:关于使用闲置自有资金进行委托理财的进展公告,委托（受托）事项,2019-01-28,https://data.eastmoney.com/notices/detail/300101/AN201901281289280232.html
振芯科技,300101,300101,振芯科技,振芯科技:关于获得政府补助的公告,获得补贴（资助）,2019-01-02,https://data.eastmoney.com/notices/detail/300101/AN201901021281424285.html
振芯科技,300101,300101,振芯科技,振芯科技:关于完成工商变更登记的公告,公司注册资本变更,2018-10-29,https://data.eastmoney.com/notices/detail/300101/AN201810291223804773.html
振芯科技,300101,300101,振芯科技,振芯科技:独立董事关于公司第四届董事会第十五次会议相关事项的独立意见,专项说明/独立意见,2018-10-29,https://data.eastmoney.com/notices/detail/300101/AN201810281223395364.html
振芯科技,300101,300101,振芯科技,振芯科技:第四届董事会第十五次会议决议公告,董事会决议公告,2018-10-29,https://data.eastmoney.com/notices/detail/300101/AN201810281223395366.html
振芯科技,300101,300101,振芯科技,振芯科技:关于公司2018年第三季度计提资产减值准备的公告,其他,2018-10-29,https://data.eastmoney.com/notices/detail/300101/AN201810281223395363.html
振芯科技,300101,300101,振芯科技,振芯科技:第四届监事会第十次会议决议公告,监事会决议公告,2018-10-29,https://data.eastmoney.com/notices/detail/300101/AN201810281223395365.html
振芯科技,300101,300101,振芯科技,振芯科技:2018年第三季度报告披露提示性公告,其他,2018-10-29,https://data.eastmoney.com/notices/detail/300101/AN201810281223395362.html
振芯科技,300101,300101,振芯科技,振芯科技:2018年第三季度报告全文,三季度报告全文,2018-10-29,https://data.eastmoney.com/notices/detail/300101/AN201810281223395361.html
振芯科技,300101,300101,振芯科技,振芯科技:2018年前三季度业绩预告,业绩预告,2018-10-12,https://data.eastmoney.com/notices/detail/300101/AN201810121212297535.html
振芯科技,300101,300101,振芯科技,振芯科技:关于使用闲置自有资金进行委托理财的进展公告,委托（受托）事项,2018-10-11,https://data.eastmoney.com/notices/detail/300101/AN201810111211332111.html
振芯科技,300101,300101,振芯科技,振芯科技:关于控股股东诉讼事项进展的公告,诉讼仲裁,2018-10-09,https://data.eastmoney.com/notices/detail/300101/AN201810091209767719.html
振芯科技,300101,300101,振芯科技,振芯科技:2018年第二次临时股东大会的法律意见书,法律意见书,2018-09-26,https://data.eastmoney.com/notices/detail/300101/AN201809261202384085.html
振芯科技,300101,300101,振芯科技,振芯科技:2018年第二次临时股东大会决议公告,股东大会决议公告,2018-09-26,https://data.eastmoney.com/notices/detail/300101/AN201809261202384084.html
振芯科技,300101,300101,振芯科技,振芯科技:关于使用闲置自有资金进行委托理财的进展公告,委托（受托）事项,2018-09-21,https://data.eastmoney.com/notices/detail/300101/AN201809211200180125.html
振芯科技,300101,300101,振芯科技,振芯科技:关于控股股东诉讼事项进展的公告,诉讼仲裁,2018-09-14,https://data.eastmoney.com/notices/detail/300101/AN201809141195829227.html
振芯科技,300101,300101,振芯科技,振芯科技:公司章程(2018年9月),公司章程,2018-09-11,https://data.eastmoney.com/notices/detail/300101/AN201809101192060170.html
振芯科技,300101,300101,振芯科技,振芯科技:第四届董事会第二次临时会议决议公告,董事会决议公告,2018-09-11,https://data.eastmoney.com/notices/detail/300101/AN201809101192060173.html
振芯科技,300101,300101,振芯科技,振芯科技:关于召开2018年第二次临时股东大会的通知,召开股东大会通知,2018-09-11,https://data.eastmoney.com/notices/detail/300101/AN201809101192060172.html
振芯科技,300101,300101,振芯科技,振芯科技:关于为全资子公司申请银行贷款提供担保的公告,担保事项,2018-09-11,https://data.eastmoney.com/notices/detail/300101/AN201809101192060171.html
振芯科技,300101,300101,振芯科技,振芯科技:关于控股子公司收到政府补助的进展公告,其他,2018-09-06,https://data.eastmoney.com/notices/detail/300101/AN201809061189951113.html
振芯科技,300101,300101,振芯科技,振芯科技:关于公司2018年股票期权与限制性股票激励计划之限制性股票授予登记完成的公告,股本变动,2018-09-05,https://data.eastmoney.com/notices/detail/300101/AN201809041187831964.html
振芯科技,300101,300101,振芯科技,振芯科技:2018年8月30日投资者关系活动记录表,调研活动,2018-08-31,https://data.eastmoney.com/notices/detail/300101/AN201808311185974990.html
振芯科技,300101,300101,振芯科技,振芯科技:关于全资子公司完成工商变更登记的公告,公司关联方基本资料变更,2018-08-29,https://data.eastmoney.com/notices/detail/300101/AN201808291184468217.html
振芯科技,300101,300101,振芯科技,振芯科技:2018年半年度报告披露提示性公告,其他,2018-08-28,https://data.eastmoney.com/notices/detail/300101/AN201808271183258657.html
振芯科技,300101,300101,振芯科技,振芯科技:关于公司2018年半年度计提资产减值准备的公告,其他,2018-08-28,https://data.eastmoney.com/notices/detail/300101/AN201808271183258659.html
振芯科技,300101,300101,振芯科技,振芯科技:关于向银行申请综合授信额度的公告,借贷,2018-08-28,https://data.eastmoney.com/notices/detail/300101/AN201808271183258661.html
振芯科技,300101,300101,振芯科技,振芯科技:关于向全资子公司增资的公告,增资扩股,2018-08-28,https://data.eastmoney.com/notices/detail/300101/AN201808271183258660.html
振芯科技,300101,300101,振芯科技,振芯科技:2018年半年度报告摘要,半年度报告摘要,2018-08-28,https://data.eastmoney.com/notices/detail/300101/AN201808271183258658.html
振芯科技,300101,300101,振芯科技,振芯科技:第四届董事会第十四次会议决议公告,董事会决议公告,2018-08-28,https://data.eastmoney.com/notices/detail/300101/AN201808271183258664.html
振芯科技,300101,300101,振芯科技,振芯科技:独立董事关于第四届董事会第十四次会议相关事项的独立意见,专项说明/独立意见,2018-08-28,https://data.eastmoney.com/notices/detail/300101/AN201808271183258662.html
振芯科技,300101,300101,振芯科技,振芯科技:2018年半年度报告,半年度报告全文,2018-08-28,https://data.eastmoney.com/notices/detail/300101/AN201808271183258656.html
振芯科技,300101,300101,振芯科技,振芯科技:第四届监事会第九次会议决议公告,监事会决议公告,2018-08-28,https://data.eastmoney.com/notices/detail/300101/AN201808271183258663.html
振芯科技,300101,300101,振芯科技,振芯科技:关于香港子公司完成注册登记的公告,公司关联方基本资料变更,2018-08-10,https://data.eastmoney.com/notices/detail/300101/AN201808101176999965.html
振芯科技,300101,300101,振芯科技,振芯科技:关于公司2018年股票期权与限制性股票激励计划之股票期权授予登记完成的公告,股本变动,2018-08-09,https://data.eastmoney.com/notices/detail/300101/AN201808081176068440.html
振芯科技,300101,300101,振芯科技,振芯科技:关于使用闲置自有资金进行委托理财的进展公告,委托（受托）事项,2018-08-02,https://data.eastmoney.com/notices/detail/300101/AN201808021173698084.html
振芯科技,300101,300101,振芯科技,振芯科技:第四届董事会第一次临时会议决议公告,董事会决议公告,2018-07-20,https://data.eastmoney.com/notices/detail/300101/AN201807201168558190.html
振芯科技,300101,300101,振芯科技,振芯科技:关于设立香港全资子公司的公告,投资设立公司,2018-07-20,https://data.eastmoney.com/notices/detail/300101/AN201807201168558189.html
振芯科技,300101,300101,振芯科技,振芯科技:第四届董事会第十三次会议决议公告,董事会决议公告,2018-07-18,https://data.eastmoney.com/notices/detail/300101/AN201807181167917638.html
振芯科技,300101,300101,振芯科技,振芯科技:第四届监事会第八次会议决议公告,监事会决议公告,2018-07-18,https://data.eastmoney.com/notices/detail/300101/AN201807181167917934.html
振芯科技,300101,300101,振芯科技,振芯科技:关于向公司2018年股票期权与限制性股票激励计划激励对象首次授予股票期权与限制性股票的公告,股权激励进展公告,2018-07-18,https://data.eastmoney.com/notices/detail/300101/AN201807181167917931.html
振芯科技,300101,300101,振芯科技,振芯科技:上海荣正投资咨询股份有限公司关于公司2018年股票期权与限制性股票激励计划授予事项之独立财务顾问报告,股权激励进展公告,2018-07-18,https://data.eastmoney.com/notices/detail/300101/AN201807181167918070.html
振芯科技,300101,300101,振芯科技,振芯科技:独立董事关于公司第四届董事会第十三次会议相关事项的独立意见,专项说明/独立意见,2018-07-18,https://data.eastmoney.com/notices/detail/300101/AN201807181167918071.html
振芯科技,300101,300101,振芯科技,振芯科技:国浩律师(上海)事务所关于公司2018年股票期权与限制性股票激励计划授予事项之法律意见书,法律意见书,2018-07-18,https://data.eastmoney.com/notices/detail/300101/AN201807181167917932.html
振芯科技,300101,300101,振芯科技,振芯科技:监事会关于公司2018年股票期权与限制性股票激励计划首次授予部分激励对象名单(授予日)的核查意见,保荐/核查意见,2018-07-18,https://data.eastmoney.com/notices/detail/300101/AN201807181167917933.html
振芯科技,300101,300101,振芯科技,振芯科技:2018年股票期权与限制性股票激励计划首次授予部分激励对象名单(授予日),股权激励对象名单,2018-07-18,https://data.eastmoney.com/notices/detail/300101/AN201807181167918069.html
振芯科技,300101,300101,振芯科技,振芯科技:关于使用闲置自有资金进行委托理财的进展公告,委托（受托）事项,2018-07-13,https://data.eastmoney.com/notices/detail/300101/AN201807131166285651.html
振芯科技,300101,300101,振芯科技,振芯科技:2018年半年度业绩预告,业绩预告,2018-07-12,https://data.eastmoney.com/notices/detail/300101/AN201807121165824212.html
振芯科技,300101,300101,振芯科技,振芯科技:关于股东股份减持计划完成的公告,股东/实际控制人股份减持,2018-06-26,https://data.eastmoney.com/notices/detail/300101/AN201806251158683699.html
振芯科技,300101,300101,振芯科技,振芯科技:关于使用闲置自有资金进行委托理财的进展公告,委托（受托）事项,2018-06-14,https://data.eastmoney.com/notices/detail/300101/AN201806141155835356.html
振芯科技,300101,300101,振芯科技,振芯科技:2018年第一次临时股东大会决议公告,股东大会决议公告,2018-06-11,https://data.eastmoney.com/notices/detail/300101/AN201806111154622220.html
振芯科技,300101,300101,振芯科技,振芯科技:关于2018年股票期权与限制性股票激励计划内幕信息知情人及激励对象买卖公司股票情况的自查报告,自查报告,2018-06-11,https://data.eastmoney.com/notices/detail/300101/AN201806111154622222.html
振芯科技,300101,300101,振芯科技,振芯科技:2018年第一次临时股东大会的法律意见书,法律意见书,2018-06-11,https://data.eastmoney.com/notices/detail/300101/AN201806111154622221.html
振芯科技,300101,300101,振芯科技,振芯科技:2018年6月7日投资者关系活动记录表,调研活动,2018-06-08,https://data.eastmoney.com/notices/detail/300101/AN201806081154130795.html
振芯科技,300101,300101,振芯科技,振芯科技:关于控股子公司获得政府补助公告,其他,2018-06-08,https://data.eastmoney.com/notices/detail/300101/AN201806081154264469.html
振芯科技,300101,300101,振芯科技,振芯科技:关于股东股份减持计划实施进展公告(2018/06/07),股东/实际控制人股份减持,2018-06-07,https://data.eastmoney.com/notices/detail/300101/AN201806071153772430.html
振芯科技,300101,300101,振芯科技,振芯科技:监事会关于2018年股票期权与限制性股票激励计划激励对象名单的核查意见及公示情况说明,专项说明/独立意见,2018-06-05,https://data.eastmoney.com/notices/detail/300101/AN201806051152913553.html
振芯科技,300101,300101,振芯科技,振芯科技:关于股东股份减持计划实施进展公告(2018/05/31),股东/实际控制人股份减持,2018-05-31,https://data.eastmoney.com/notices/detail/300101/AN201805311151080090.html
振芯科技,300101,300101,振芯科技,振芯科技:第四届董事会第十二次会议决议公告,董事会决议公告,2018-05-25,https://data.eastmoney.com/notices/detail/300101/AN201805241148484233.html
振芯科技,300101,300101,振芯科技,振芯科技:第四届监事会第七次会议决议公告,监事会决议公告,2018-05-25,https://data.eastmoney.com/notices/detail/300101/AN201805241148484232.html
振芯科技,300101,300101,振芯科技,振芯科技:独立董事关于公司第四届董事会第十二次会议相关事项的独立意见,专项说明/独立意见,2018-05-25,https://data.eastmoney.com/notices/detail/300101/AN201805241148484231.html
振芯科技,300101,300101,振芯科技,振芯科技:关于召开2018年第一次临时股东大会的通知,召开股东大会通知,2018-05-25,https://data.eastmoney.com/notices/detail/300101/AN201805241148484228.html
振芯科技,300101,300101,振芯科技,振芯科技:独立董事公开征集委托投票权报告书,其他,2018-05-25,https://data.eastmoney.com/notices/detail/300101/AN201805241148484230.html
振芯科技,300101,300101,振芯科技,振芯科技:2018年股票期权与限制性股票激励计划实施考核管理办法,管理办法/制度,2018-05-25,https://data.eastmoney.com/notices/detail/300101/AN201805241148484222.html
振芯科技,300101,300101,振芯科技,振芯科技:2018年股票期权与限制性股票激励计划首次授予部分激励对象名单,股权激励对象名单,2018-05-25,https://data.eastmoney.com/notices/detail/300101/AN201805241148484223.html
振芯科技,300101,300101,振芯科技,振芯科技:上市公司股权激励计划自查表,股权激励其他事项公告,2018-05-25,https://data.eastmoney.com/notices/detail/300101/AN201805241148484226.html
振芯科技,300101,300101,振芯科技,振芯科技:上海荣正投资咨询股份有限公司关于公司2018年股票期权与限制性股票激励计划(草案)之独立财务顾问报告,保荐/核查意见,2018-05-25,https://data.eastmoney.com/notices/detail/300101/AN201805241148484227.html
振芯科技,300101,300101,振芯科技,振芯科技:2018年股票期权与限制性股票激励计划(草案),股权激励计划,2018-05-25,https://data.eastmoney.com/notices/detail/300101/AN201805241148484224.html
振芯科技,300101,300101,振芯科技,振芯科技:国浩律师(上海)事务所关于公司2018年股票期权与限制性股票激励计划(草案)之法律意见书,法律意见书,2018-05-25,https://data.eastmoney.com/notices/detail/300101/AN201805241148484229.html
振芯科技,300101,300101,振芯科技,振芯科技:2018年股票期权与限制性股票激励计划(草案)摘要,股权激励计划摘要,2018-05-25,https://data.eastmoney.com/notices/detail/300101/AN201805241148484225.html
振芯科技,300101,300101,振芯科技,振芯科技:简式权益变动报告书,权益变动报告书,2018-05-24,https://data.eastmoney.com/notices/detail/300101/AN201805231147682767.html
振芯科技,300101,300101,振芯科技,振芯科技:关于持股5%以上股东减持股份暨权益变动的提示性公告,权益变动报告书,2018-05-24,https://data.eastmoney.com/notices/detail/300101/AN201805231147682766.html
振芯科技,300101,300101,振芯科技,振芯科技:2018年5月15日投资者关系活动记录表,调研活动,2018-05-16,https://data.eastmoney.com/notices/detail/300101/AN201805161144395207.html
振芯科技,300101,300101,振芯科技,振芯科技:关于参加2018年四川辖区上市公司投资者集体接待日活动的公告,调研活动,2018-05-04,https://data.eastmoney.com/notices/detail/300101/AN201805041137364885.html
振芯科技,300101,300101,振芯科技,振芯科技:关于持股5%以上股东解除部分股票质押的公告,股份质押、冻结,2018-05-03,https://data.eastmoney.com/notices/detail/300101/AN201805031136138213.html
振芯科技,300101,300101,振芯科技,振芯科技:关于持股5%以上的股东减持公司股份的预披露公告,股东/实际控制人股份减持,2018-04-28,https://data.eastmoney.com/notices/detail/300101/AN201804271132669279.html
振芯科技,300101,300101,振芯科技,振芯科技:关于公司董事减持计划实施完毕的公告,股东/实际控制人股份减持,2018-04-26,https://data.eastmoney.com/notices/detail/300101/AN201804261131247758.html
振芯科技,300101,300101,振芯科技,振芯科技:关于使用闲置自有资金进行委托理财的进展公告,委托（受托）事项,2018-04-25,https://data.eastmoney.com/notices/detail/300101/AN201804251130001955.html
振芯科技,300101,300101,振芯科技,振芯科技:2018年4月20日投资者关系活动记录表,调研活动,2018-04-23,https://data.eastmoney.com/notices/detail/300101/AN201804231128452924.html
振芯科技,300101,300101,振芯科技,振芯科技:第四届董事会第十一次会议决议公告,董事会决议公告,2018-04-20,https://data.eastmoney.com/notices/detail/300101/AN201804191125997984.html
振芯科技,300101,300101,振芯科技,振芯科技:独立董事关于公司第四届董事会第十一次会议相关事项的独立意见,专项说明/独立意见,2018-04-20,https://data.eastmoney.com/notices/detail/300101/AN201804191125997982.html
振芯科技,300101,300101,振芯科技,振芯科技:关于公司2018年一季度计提资产减值准备的公告,其他,2018-04-20,https://data.eastmoney.com/notices/detail/300101/AN201804191125997981.html
振芯科技,300101,300101,振芯科技,振芯科技:第四届监事会第六次会议决议公告,监事会决议公告,2018-04-20,https://data.eastmoney.com/notices/detail/300101/AN201804191125997983.html
振芯科技,300101,300101,振芯科技,振芯科技:2018年第一季度报告披露提示性公告,其他,2018-04-20,https://data.eastmoney.com/notices/detail/300101/AN201804191125997980.html
振芯科技,300101,300101,振芯科技,振芯科技:2018年第一季度报告全文,一季度报告全文,2018-04-20,https://data.eastmoney.com/notices/detail/300101/AN201804191125997979.html
振芯科技,300101,300101,振芯科技,振芯科技:2017年年度股东大会决议公告,分配方案决议公告,2018-04-18,https://data.eastmoney.com/notices/detail/300101/AN201804181125286708.html
振芯科技,300101,300101,振芯科技,振芯科技:2017年年度股东大会的法律意见书,法律意见书,2018-04-18,https://data.eastmoney.com/notices/detail/300101/AN201804181125286709.html
振芯科技,300101,300101,振芯科技,振芯科技:2018年3月28日投资者关系活动记录表,调研活动,2018-03-28,https://data.eastmoney.com/notices/detail/300101/AN201803281112687434.html
振芯科技,300101,300101,振芯科技,振芯科技:关于签署《业绩承诺专项协议的备忘录》的公告,签订协议,2018-03-28,https://data.eastmoney.com/notices/detail/300101/AN201803281112675729.html
振芯科技,300101,300101,振芯科技,振芯科技:关于公司2017年度计提资产减值准备的公告,其他,2018-03-28,https://data.eastmoney.com/notices/detail/300101/AN201803271111675058.html
振芯科技,300101,300101,振芯科技,振芯科技:关于举行2017年度业绩网上说明会的公告,其他,2018-03-28,https://data.eastmoney.com/notices/detail/300101/AN201803271111675055.html
振芯科技,300101,300101,振芯科技,振芯科技:关于会计政策变更的公告,其他,2018-03-28,https://data.eastmoney.com/notices/detail/300101/AN201803271111675056.html
振芯科技,300101,300101,振芯科技,振芯科技:关于公司2017年度内部控制评价报告,内部控制报告,2018-03-28,https://data.eastmoney.com/notices/detail/300101/AN201803271111675057.html
振芯科技,300101,300101,振芯科技,振芯科技:关于召开2017年年度股东大会的通知,召开股东大会通知,2018-03-28,https://data.eastmoney.com/notices/detail/300101/AN201803271111675059.html
振芯科技,300101,300101,振芯科技,振芯科技:独立董事关于公司第四届董事会第十次会议相关事项的独立意见,专项说明/独立意见,2018-03-28,https://data.eastmoney.com/notices/detail/300101/AN201803271111675065.html
振芯科技,300101,300101,振芯科技,振芯科技:关于聘任副总经理的公告,高管人员任职变动,2018-03-28,https://data.eastmoney.com/notices/detail/300101/AN201803271111675060.html
振芯科技,300101,300101,振芯科技,振芯科技:控股股东及其他关联方占用资金情况专项审核说明,专项说明/独立意见,2018-03-28,https://data.eastmoney.com/notices/detail/300101/AN201803271111675061.html
振芯科技,300101,300101,振芯科技,振芯科技:独立董事2017年度述职报告(赵泽松),独立董事述职报告,2018-03-28,https://data.eastmoney.com/notices/detail/300101/AN201803271111675063.html
振芯科技,300101,300101,振芯科技,振芯科技:独立董事2017年度述职报告(邹寿彬),独立董事述职报告,2018-03-28,https://data.eastmoney.com/notices/detail/300101/AN201803271111675064.html
振芯科技,300101,300101,振芯科技,振芯科技:2017年年度报告披露提示性公告,其他,2018-03-28,https://data.eastmoney.com/notices/detail/300101/AN201803271111675049.html
振芯科技,300101,300101,振芯科技,振芯科技:独立董事2017年度述职报告(傅江),独立董事述职报告,2018-03-28,https://data.eastmoney.com/notices/detail/300101/AN201803271111675062.html
振芯科技,300101,300101,振芯科技,振芯科技:第四届董事会第十次会议决议公告,分配预案,2018-03-28,https://data.eastmoney.com/notices/detail/300101/AN201803271111675067.html
振芯科技,300101,300101,振芯科技,振芯科技:2018年第一季度业绩预告,业绩预告,2018-03-28,https://data.eastmoney.com/notices/detail/300101/AN201803271111675054.html
振芯科技,300101,300101,振芯科技,振芯科技:2017年年度报告摘要,年度报告摘要,2018-03-28,https://data.eastmoney.com/notices/detail/300101/AN201803271111675050.html
振芯科技,300101,300101,振芯科技,振芯科技:第四届监事会第五次会议决议公告,监事会决议公告,2018-03-28,https://data.eastmoney.com/notices/detail/300101/AN201803271111675066.html
振芯科技,300101,300101,振芯科技,振芯科技:2017年年度报告,年度报告全文,2018-03-28,https://data.eastmoney.com/notices/detail/300101/AN201803271111675048.html
振芯科技,300101,300101,振芯科技,振芯科技:2017年年度审计报告,审计报告,2018-03-28,https://data.eastmoney.com/notices/detail/300101/AN201803271111675047.html
振芯科技,300101,300101,振芯科技,振芯科技:2017年度财务决算报告,年度财务报告,2018-03-28,https://data.eastmoney.com/notices/detail/300101/AN201803271111675053.html
振芯科技,300101,300101,振芯科技,振芯科技:2017年度董事会工作报告,其他,2018-03-28,https://data.eastmoney.com/notices/detail/300101/AN201803271111675052.html
振芯科技,300101,300101,振芯科技,振芯科技:2017年度监事会工作报告,其他,2018-03-28,https://data.eastmoney.com/notices/detail/300101/AN201803271111675051.html
振芯科技,300101,300101,振芯科技,振芯科技:2018年3月22日投资者关系活动记录表,调研活动,2018-03-23,https://data.eastmoney.com/notices/detail/300101/AN201803231109346862.html
振芯科技,300101,300101,振芯科技,振芯科技:关于成都新橙北斗智联有限公司完成工商变更登记的公告,公司关联方基本资料变更,2018-03-21,https://data.eastmoney.com/notices/detail/300101/AN201803211107519144.html
振芯科技,300101,300101,振芯科技,振芯科技:关于董事股份减持时间过半未减持的公告,股东/实际控制人股份减持,2018-03-09,https://data.eastmoney.com/notices/detail/300101/AN201803081100952311.html
振芯科技,300101,300101,振芯科技,振芯科技:关于使用闲置自有资金进行委托理财的进展公告,委托（受托）事项,2018-03-07,https://data.eastmoney.com/notices/detail/300101/AN201803071100301030.html
振芯科技,300101,300101,振芯科技,振芯科技:关于控股股东诉讼事项的公告,诉讼仲裁,2018-03-02,https://data.eastmoney.com/notices/detail/300101/AN201803021097686392.html
振芯科技,300101,300101,振芯科技,振芯科技:2017年度业绩快报,业绩快报,2018-02-27,https://data.eastmoney.com/notices/detail/300101/AN201802271094967444.html
振芯科技,300101,300101,振芯科技,振芯科技:关于控股股东股份解除质押的公告,股份质押、冻结,2018-02-27,https://data.eastmoney.com/notices/detail/300101/AN201802271094967445.html
振芯科技,300101,300101,振芯科技,振芯科技:关于公司董事、高管涉及诉讼的公告,诉讼仲裁,2018-02-26,https://data.eastmoney.com/notices/detail/300101/AN201802261094558063.html
振芯科技,300101,300101,振芯科技,振芯科技:第四届董事会第九次会议决议公告,董事会决议公告,2018-02-09,https://data.eastmoney.com/notices/detail/300101/AN201802091089888900.html
振芯科技,300101,300101,振芯科技,振芯科技:关于公司及子公司使用闲置自有资金进行委托理财的公告,委托（受托）事项,2018-02-09,https://data.eastmoney.com/notices/detail/300101/AN201802091089888614.html
振芯科技,300101,300101,振芯科技,振芯科技:独立董事关于公司及子公司使用闲置自有资金进行委托理财的独立意见,专项说明/独立意见,2018-02-09,https://data.eastmoney.com/notices/detail/300101/AN201802091089888615.html
振芯科技,300101,300101,振芯科技,振芯科技:第四届监事会第三次会议决议公告,监事会决议公告,2018-02-09,https://data.eastmoney.com/notices/detail/300101/AN201802091089888616.html
振芯科技,300101,300101,振芯科技,振芯科技:关于公司监事减持计划实施完毕的公告,股东/实际控制人股份减持,2018-02-08,https://data.eastmoney.com/notices/detail/300101/AN201802071088632099.html
振芯科技,300101,300101,振芯科技,振芯科技:关于签署《保证合同》的公告,签订协议,2018-02-05,https://data.eastmoney.com/notices/detail/300101/AN201802051087093028.html
振芯科技,300101,300101,振芯科技,振芯科技:2017年年度业绩预告,业绩预告,2018-01-31,https://data.eastmoney.com/notices/detail/300101/AN201801311084535952.html
振芯科技,300101,300101,振芯科技,振芯科技:第四届董事会第八次会议决议公告,董事会决议公告,2018-01-26,https://data.eastmoney.com/notices/detail/300101/AN201801261082827449.html
振芯科技,300101,300101,振芯科技,振芯科技:关于为控股子公司申请银行贷款提供担保的公告,担保事项,2018-01-26,https://data.eastmoney.com/notices/detail/300101/AN201801261082827448.html
振芯科技,300101,300101,振芯科技,振芯科技:关于使用闲置自有资金进行委托理财的进展公告,委托（受托）事项,2018-01-23,https://data.eastmoney.com/notices/detail/300101/AN201801231080910373.html
振芯科技,300101,300101,振芯科技,振芯科技:关于签署《保证合同》的公告,签订协议,2017-12-29,https://data.eastmoney.com/notices/detail/300101/AN201712291071288082.html
振芯科技,300101,300101,振芯科技,振芯科技:2017年第二次临时股东大会决议公告,股东大会决议公告,2017-12-27,https://data.eastmoney.com/notices/detail/300101/AN201712271069976066.html
振芯科技,300101,300101,振芯科技,振芯科技:2017年第二次临时股东大会的法律意见书,法律意见书,2017-12-27,https://data.eastmoney.com/notices/detail/300101/AN201712271069976067.html
振芯科技,300101,300101,振芯科技,振芯科技:关于签订“核高基重大专项”合同的补充公告,重大合同,2017-12-22,https://data.eastmoney.com/notices/detail/300101/AN201712221069296087.html
振芯科技,300101,300101,振芯科技,振芯科技:关于签订“核高基重大专项”合同的公告,重大合同,2017-12-20,https://data.eastmoney.com/notices/detail/300101/AN201712201068341996.html
振芯科技,300101,300101,振芯科技,振芯科技:第四届董事会第七次会议决议公告,董事会决议公告,2017-12-12,https://data.eastmoney.com/notices/detail/300101/AN201712111064920751.html
振芯科技,300101,300101,振芯科技,振芯科技:关于公司拟向全资子公司转让北斗卫星导航运营业务资产组的公告,其他,2017-12-12,https://data.eastmoney.com/notices/detail/300101/AN201712111064920748.html
振芯科技,300101,300101,振芯科技,振芯科技:关于召开2017年第二次临时股东大会的通知,召开股东大会通知,2017-12-12,https://data.eastmoney.com/notices/detail/300101/AN201712111064920749.html
振芯科技,300101,300101,振芯科技,振芯科技:关于全资子公司拟增资扩股并引入投资者的公告,其他,2017-12-12,https://data.eastmoney.com/notices/detail/300101/AN201712111064920747.html
振芯科技,300101,300101,振芯科技,振芯科技:独立董事关于第四届董事会第七次会议相关事项的独立意见,专项说明/独立意见,2017-12-12,https://data.eastmoney.com/notices/detail/300101/AN201712111064920750.html
振芯科技,300101,300101,振芯科技,振芯科技:关于为控股子公司申请银行贷款提供担保的公告,担保事项,2017-11-29,https://data.eastmoney.com/notices/detail/300101/AN201711291059441661.html
振芯科技,300101,300101,振芯科技,振芯科技:第四届董事会第六次会议决议公告,董事会决议公告,2017-11-29,https://data.eastmoney.com/notices/detail/300101/AN201711291059441662.html
振芯科技,300101,300101,振芯科技,振芯科技:关于公司董事减持股份计划的预披露公告,股东/实际控制人股份减持,2017-11-17,https://data.eastmoney.com/notices/detail/300101/AN201711161043408930.html
振芯科技,300101,300101,振芯科技,振芯科技:关于签署《最高额保证合同》的公告,签订协议,2017-11-07,https://data.eastmoney.com/notices/detail/300101/AN201711071018760341.html
振芯科技,300101,300101,振芯科技,振芯科技:关于公司监事减持股份计划的预披露公告,股东/实际控制人股份减持,2017-11-02,https://data.eastmoney.com/notices/detail/300101/AN201711010996415037.html
振芯科技,300101,300101,振芯科技,振芯科技:第四届董事会第五次会议决议公告,董事会决议公告,2017-10-27,https://data.eastmoney.com/notices/detail/300101/AN201710260980148582.html
振芯科技,300101,300101,振芯科技,振芯科技:2017年第三季度报告披露提示性公告,其他,2017-10-27,https://data.eastmoney.com/notices/detail/300101/AN201710260980148581.html
振芯科技,300101,300101,振芯科技,振芯科技:2017年第三季度报告全文,三季度报告全文,2017-10-27,https://data.eastmoney.com/notices/detail/300101/AN201710260980148552.html
振芯科技,300101,300101,振芯科技,振芯科技:2017年度前三季度业绩预告,业绩预告,2017-10-13,https://data.eastmoney.com/notices/detail/300101/AN201710130950238874.html
振芯科技,300101,300101,振芯科技,振芯科技:关于公司董事减持计划实施完毕的公告,股东/实际控制人股份减持,2017-09-22,https://data.eastmoney.com/notices/detail/300101/AN201709210902570671.html
振芯科技,300101,300101,振芯科技,振芯科技:第四届董事会第四次会议决议公告,董事会决议公告,2017-09-07,https://data.eastmoney.com/notices/detail/300101/AN201709070865182705.html
振芯科技,300101,300101,振芯科技,振芯科技:关于向银行申请综合授信额度的公告,借贷,2017-09-07,https://data.eastmoney.com/notices/detail/300101/AN201709070865182704.html
振芯科技,300101,300101,振芯科技,振芯科技:关于为全资子公司申请综合授信业务提供担保的公告,担保事项,2017-09-07,https://data.eastmoney.com/notices/detail/300101/AN201709070865182703.html
振芯科技,300101,300101,振芯科技,振芯科技:关于持股5%以上股东股份质押的公告,股份质押、冻结,2017-08-29,https://data.eastmoney.com/notices/detail/300101/AN201708290836312232.html
振芯科技,300101,300101,振芯科技,振芯科技:关于公司董事减持股份计划的预披露公告,股东/实际控制人股份减持,2017-08-29,https://data.eastmoney.com/notices/detail/300101/AN201708280834205593.html
振芯科技,300101,300101,振芯科技,振芯科技:关于控股股东协议转让部分公司股票完成过户登记的公告,股权转让,2017-08-23,https://data.eastmoney.com/notices/detail/300101/AN201708230822701750.html
振芯科技,300101,300101,振芯科技,振芯科技:关于公司及全资子公司签署投资框架协议的公告,签订协议,2017-08-22,https://data.eastmoney.com/notices/detail/300101/AN201708220819908059.html
振芯科技,300101,300101,振芯科技,振芯科技:2017年半年度报告披露提示性公告,其他,2017-08-15,https://data.eastmoney.com/notices/detail/300101/AN201708140799059368.html
振芯科技,300101,300101,振芯科技,振芯科技:第四届董事会第三次会议决议公告,董事会决议公告,2017-08-15,https://data.eastmoney.com/notices/detail/300101/AN201708140799059374.html
振芯科技,300101,300101,振芯科技,振芯科技:第四届监事会第二次会议决议公告,监事会决议公告,2017-08-15,https://data.eastmoney.com/notices/detail/300101/AN201708140799059373.html
振芯科技,300101,300101,振芯科技,振芯科技:关于公司2017年半年度计提资产减值准备的公告,其他,2017-08-15,https://data.eastmoney.com/notices/detail/300101/AN201708140799059371.html
振芯科技,300101,300101,振芯科技,振芯科技:独立董事关于第四届董事会第三次会议相关事项的独立意见,专项说明/独立意见,2017-08-15,https://data.eastmoney.com/notices/detail/300101/AN201708140799059372.html
振芯科技,300101,300101,振芯科技,振芯科技:2017年半年度报告,半年度报告全文,2017-08-15,https://data.eastmoney.com/notices/detail/300101/AN201708140799059367.html
振芯科技,300101,300101,振芯科技,振芯科技:2017年半年度报告摘要,半年度报告摘要,2017-08-15,https://data.eastmoney.com/notices/detail/300101/AN201708140799059369.html
振芯科技,300101,300101,振芯科技,振芯科技:关于会计政策变更的公告,其他,2017-08-15,https://data.eastmoney.com/notices/detail/300101/AN201708140799059370.html
振芯科技,300101,300101,振芯科技,振芯科技:更正公告,其他,2017-08-07,https://data.eastmoney.com/notices/detail/300101/AN201708070780333117.html
振芯科技,300101,300101,振芯科技,振芯科技:简式权益变动报告书(一)(更新后),权益变动报告书,2017-08-07,https://data.eastmoney.com/notices/detail/300101/AN201708070780331324.html
振芯科技,300101,300101,振芯科技,振芯科技:简式权益变动报告书(二)(更新后),权益变动报告书,2017-08-07,https://data.eastmoney.com/notices/detail/300101/AN201708070780333225.html
振芯科技,300101,300101,振芯科技,振芯科技:关于控股股东协议转让部分股份暨权益变动的提示性公告,股权转让,2017-08-07,https://data.eastmoney.com/notices/detail/300101/AN201708070780333224.html
振芯科技,300101,300101,振芯科技,振芯科技:关于控股股东减持计划完成的公告,股东/实际控制人股份减持,2017-08-04,https://data.eastmoney.com/notices/detail/300101/AN201708030768996872.html
振芯科技,300101,300101,振芯科技,振芯科技:关于签署《最高额保证合同》的公告,签订协议,2017-07-26,https://data.eastmoney.com/notices/detail/300101/AN201707260745632892.html
振芯科技,300101,300101,振芯科技,振芯科技:2017年半年度业绩预告,业绩预告,2017-07-14,https://data.eastmoney.com/notices/detail/300101/AN201707140718766806.html
振芯科技,300101,300101,振芯科技,振芯科技:第四届董事会第二次会议决议公告,董事会决议公告,2017-07-07,https://data.eastmoney.com/notices/detail/300101/AN201707070702299166.html
振芯科技,300101,300101,振芯科技,振芯科技:关于为控股子公司申请银行贷款提供担保的公告,担保事项,2017-07-07,https://data.eastmoney.com/notices/detail/300101/AN201707070702299165.html
振芯科技,300101,300101,振芯科技,振芯科技:简式权益变动报告书,权益变动报告书,2017-06-19,https://data.eastmoney.com/notices/detail/300101/AN201706190657524780.html
振芯科技,300101,300101,振芯科技,振芯科技:关于控股股东减持计划实施进展的补充说明公告,股东/实际控制人股份减持,2017-06-19,https://data.eastmoney.com/notices/detail/300101/AN201706190657524777.html
振芯科技,300101,300101,振芯科技,振芯科技:关于控股股东减持计划完成的公告,股东/实际控制人股份减持,2017-06-16,https://data.eastmoney.com/notices/detail/300101/AN201706160652038347.html
振芯科技,300101,300101,振芯科技,振芯科技:简式权益变动报告书(二),权益变动报告书,2017-06-14,https://data.eastmoney.com/notices/detail/300101/AN201706140647474989.html
振芯科技,300101,300101,振芯科技,振芯科技:简式权益变动报告书(一),权益变动报告书,2017-06-14,https://data.eastmoney.com/notices/detail/300101/AN201706140647474991.html
振芯科技,300101,300101,振芯科技,振芯科技:关于控股股东协议转让部分股份暨权益变动的提示性公告,股权转让,2017-06-14,https://data.eastmoney.com/notices/detail/300101/AN201706140647474990.html
振芯科技,300101,300101,振芯科技,振芯科技:2017年5月22日投资者关系活动记录表,调研活动,2017-05-23,https://data.eastmoney.com/notices/detail/300101/AN201705230597556788.html
振芯科技,300101,300101,振芯科技,振芯科技:第四届董事会第一次会议决议公告,高管人员任职变动,2017-05-08,https://data.eastmoney.com/notices/detail/300101/AN201705080563851101.html
振芯科技,300101,300101,振芯科技,振芯科技:第四届监事会第一次会议决议公告,高管人员任职变动,2017-05-08,https://data.eastmoney.com/notices/detail/300101/AN201705080563851100.html
振芯科技,300101,300101,振芯科技,振芯科技:独立董事关于公司第四届董事会第一次会议相关事项的独立意见,专项说明/独立意见,2017-05-08,https://data.eastmoney.com/notices/detail/300101/AN201705080563851099.html
振芯科技,300101,300101,振芯科技,振芯科技:关于使用闲置自有资金进行委托理财的进展公告,委托（受托）事项,2017-05-05,https://data.eastmoney.com/notices/detail/300101/AN201705050557000294.html
振芯科技,300101,300101,振芯科技,振芯科技:2017年第一次临时股东大会决议公告,股东大会决议公告,2017-04-25,https://data.eastmoney.com/notices/detail/300101/AN201704250530151963.html
振芯科技,300101,300101,振芯科技,振芯科技:2017年第一次临时股东大会的法律意见书,法律意见书,2017-04-25,https://data.eastmoney.com/notices/detail/300101/AN201704250530146792.html
振芯科技,300101,300101,振芯科技,振芯科技:关于召开2017年第一次临时股东大会的通知提示性公告,召开股东大会提示性公告,2017-04-19,https://data.eastmoney.com/notices/detail/300101/AN201704190513612856.html
振芯科技,300101,300101,振芯科技,振芯科技:关于控股股东部分股权被解除司法冻结的公告,股份质押、冻结,2017-04-14,https://data.eastmoney.com/notices/detail/300101/AN201704140506359617.html
振芯科技,300101,300101,振芯科技,振芯科技:2016年年度股东大会决议公告,分配方案决议公告,2017-04-12,https://data.eastmoney.com/notices/detail/300101/AN201704120498577368.html
振芯科技,300101,300101,振芯科技,振芯科技:2016年年度股东大会的法律意见书,法律意见书,2017-04-12,https://data.eastmoney.com/notices/detail/300101/AN201704120498577367.html
振芯科技,300101,300101,振芯科技,振芯科技:关于召开2016年年度股东大会的通知提示性公告,召开股东大会提示性公告,2017-04-07,https://data.eastmoney.com/notices/detail/300101/AN201704070484121270.html
振芯科技,300101,300101,振芯科技,振芯科技:2017年第一季度报告披露提示性公告,其他,2017-04-07,https://data.eastmoney.com/notices/detail/300101/AN201704060479569235.html
振芯科技,300101,300101,振芯科技,振芯科技:独立董事关于公司第三届董事会第二十五次会议相关事项的独立意见,专项说明/独立意见,2017-04-07,https://data.eastmoney.com/notices/detail/300101/AN201704060479569232.html
振芯科技,300101,300101,振芯科技,振芯科技:第三届董事会第二十五次会议决议公告,高管人员任职变动,2017-04-07,https://data.eastmoney.com/notices/detail/300101/AN201704060479569226.html
振芯科技,300101,300101,振芯科技,振芯科技:第三届监事会第十九次会议决议公告,高管人员任职变动,2017-04-07,https://data.eastmoney.com/notices/detail/300101/AN201704060479569234.html
振芯科技,300101,300101,振芯科技,振芯科技:2017年第一季度报告全文,一季度报告全文,2017-04-07,https://data.eastmoney.com/notices/detail/300101/AN201704060479569229.html
振芯科技,300101,300101,振芯科技,振芯科技:关于选举职工代表监事的公告,高管人员任职变动,2017-04-07,https://data.eastmoney.com/notices/detail/300101/AN201704060479569236.html
振芯科技,300101,300101,振芯科技,振芯科技:独立董事候选人声明(傅江),独立董事候选人声明,2017-04-07,https://data.eastmoney.com/notices/detail/300101/AN201704060479569231.html
振芯科技,300101,300101,振芯科技,振芯科技:独立董事候选人声明(赵泽松),独立董事候选人声明,2017-04-07,https://data.eastmoney.com/notices/detail/300101/AN201704060479569225.html
振芯科技,300101,300101,振芯科技,振芯科技:独立董事候选人声明(邹寿彬),独立董事候选人声明,2017-04-07,https://data.eastmoney.com/notices/detail/300101/AN201704060479569224.html
振芯科技,300101,300101,振芯科技,振芯科技:关于召开2017年第一次临时股东大会的通知,召开股东大会通知,2017-04-07,https://data.eastmoney.com/notices/detail/300101/AN201704060479569230.html
振芯科技,300101,300101,振芯科技,振芯科技:独立董事提名人声明(一),独立董事提名人声明,2017-04-07,https://data.eastmoney.com/notices/detail/300101/AN201704060479569228.html
振芯科技,300101,300101,振芯科技,振芯科技:独立董事提名人声明(三),独立董事提名人声明,2017-04-07,https://data.eastmoney.com/notices/detail/300101/AN201704060479569222.html
振芯科技,300101,300101,振芯科技,振芯科技:独立董事提名人声明(二),独立董事提名人声明,2017-04-07,https://data.eastmoney.com/notices/detail/300101/AN201704060479572591.html
振芯科技,300101,300101,振芯科技,振芯科技:2016年度财务决算报告,年度财务报告,2017-03-23,https://data.eastmoney.com/notices/detail/300101/AN201703230431090879.html
振芯科技,300101,300101,振芯科技,振芯科技:2016年年度报告披露提示性公告,其他,2017-03-23,https://data.eastmoney.com/notices/detail/300101/AN201703220427840662.html
振芯科技,300101,300101,振芯科技,振芯科技:第三届董事会第二十四次会议决议公告,董事会决议公告,2017-03-23,https://data.eastmoney.com/notices/detail/300101/AN201703220427835361.html
振芯科技,300101,300101,振芯科技,振芯科技:第三届监事会第十八次会议决议公告,监事会决议公告,2017-03-23,https://data.eastmoney.com/notices/detail/300101/AN201703220427835336.html
振芯科技,300101,300101,振芯科技,振芯科技:2017年第一季度业绩预告,业绩预告,2017-03-23,https://data.eastmoney.com/notices/detail/300101/AN201703220427835340.html
振芯科技,300101,300101,振芯科技,振芯科技:关于公司2016年度计提资产减值准备的公告,其他,2017-03-23,https://data.eastmoney.com/notices/detail/300101/AN201703220427835339.html
振芯科技,300101,300101,振芯科技,振芯科技:关于举行2016年度业绩网上说明会的公告,其他,2017-03-23,https://data.eastmoney.com/notices/detail/300101/AN201703220427835338.html
振芯科技,300101,300101,振芯科技,振芯科技:关于召开2016年年度股东大会的通知,召开股东大会通知,2017-03-23,https://data.eastmoney.com/notices/detail/300101/AN201703220427835337.html
振芯科技,300101,300101,振芯科技,振芯科技:独立董事2016年度述职报告(赵泽松),独立董事述职报告,2017-03-23,https://data.eastmoney.com/notices/detail/300101/AN201703220427835333.html
振芯科技,300101,300101,振芯科技,振芯科技:独立董事2016年度述职报告(邹寿彬),独立董事述职报告,2017-03-23,https://data.eastmoney.com/notices/detail/300101/AN201703220427835317.html
振芯科技,300101,300101,振芯科技,振芯科技:2016年度监事会工作报告,其他,2017-03-23,https://data.eastmoney.com/notices/detail/300101/AN201703220427835316.html
振芯科技,300101,300101,振芯科技,振芯科技:董事会审计委员会关于公司2016年度内部控制评价报告,内部控制报告,2017-03-23,https://data.eastmoney.com/notices/detail/300101/AN201703220427835314.html
振芯科技,300101,300101,振芯科技,振芯科技:独立董事关于公司第三届董事会第二十四次会议相关事项的独立意见,专项说明/独立意见,2017-03-23,https://data.eastmoney.com/notices/detail/300101/AN201703220427840655.html
振芯科技,300101,300101,振芯科技,振芯科技:控股股东及其他关联方占用资金情况专项审核说明,专项说明/独立意见,2017-03-23,https://data.eastmoney.com/notices/detail/300101/AN201703220427835313.html
振芯科技,300101,300101,振芯科技,振芯科技:2016年度募集资金年度存放与使用情况的鉴证报告,保荐/核查意见,2017-03-23,https://data.eastmoney.com/notices/detail/300101/AN201703220427835312.html
振芯科技,300101,300101,振芯科技,振芯科技:中信建投证券股份有限公司关于公司2016年度募集资金存放与使用情况的专项核查意见,保荐/核查意见,2017-03-23,https://data.eastmoney.com/notices/detail/300101/AN201703220427835311.html
振芯科技,300101,300101,振芯科技,振芯科技:2016年年度报告,年度报告全文,2017-03-23,https://data.eastmoney.com/notices/detail/300101/AN201703220427835315.html
振芯科技,300101,300101,振芯科技,振芯科技:2016年年度报告摘要,年度报告摘要,2017-03-23,https://data.eastmoney.com/notices/detail/300101/AN201703220427833998.html
振芯科技,300101,300101,振芯科技,振芯科技:2016年度董事会工作报告,其他,2017-03-23,https://data.eastmoney.com/notices/detail/300101/AN201703220427833996.html
振芯科技,300101,300101,振芯科技,振芯科技:关于2016年度募集资金存放与使用情况专项报告,募集资金使用情况报告,2017-03-23,https://data.eastmoney.com/notices/detail/300101/AN201703220427833994.html
振芯科技,300101,300101,振芯科技,振芯科技:独立董事2016年度述职报告(傅江),独立董事述职报告,2017-03-23,https://data.eastmoney.com/notices/detail/300101/AN201703220427833992.html
振芯科技,300101,300101,振芯科技,振芯科技:独立董事2016年度述职报告(陈宏),独立董事述职报告,2017-03-23,https://data.eastmoney.com/notices/detail/300101/AN201703220427833999.html
振芯科技,300101,300101,振芯科技,振芯科技:2016年年度审计报告,审计报告,2017-03-23,https://data.eastmoney.com/notices/detail/300101/AN201703220427833997.html
振芯科技,300101,300101,振芯科技,振芯科技:关于使用闲置自有资金进行委托理财的进展公告,委托（受托）事项,2017-03-13,https://data.eastmoney.com/notices/detail/300101/AN201703130404723290.html
振芯科技,300101,300101,振芯科技,振芯科技:2016年度业绩快报,业绩快报,2017-02-27,https://data.eastmoney.com/notices/detail/300101/AN201702270367859958.html
振芯科技,300101,300101,振芯科技,振芯科技:关于控股股东部分股权被司法冻结的公告,股份质押、冻结,2017-02-24,https://data.eastmoney.com/notices/detail/300101/AN201702240362425430.html
振芯科技,300101,300101,振芯科技,振芯科技:关于保荐代表人变更的公告,保荐代表人（机构）变更,2017-02-22,https://data.eastmoney.com/notices/detail/300101/AN201702220357514577.html
振芯科技,300101,300101,振芯科技,振芯科技:关于控股股东减持计划实施进展的公告,股东/实际控制人股份减持,2017-02-17,https://data.eastmoney.com/notices/detail/300101/AN201702160345781813.html
振芯科技,300101,300101,振芯科技,振芯科技:关于媒体报道的澄清公告,澄清公告,2017-02-13,https://data.eastmoney.com/notices/detail/300101/AN201702120337910563.html
振芯科技,300101,300101,振芯科技,300101:振芯科技问询函,问询函,2017-02-09,https://data.eastmoney.com/notices/detail/300101/AN201709220905194836.html
振芯科技,300101,300101,振芯科技,振芯科技:关于控股股东减持计划的提示性公告,股东/实际控制人股份减持,2017-01-25,https://data.eastmoney.com/notices/detail/300101/AN201701240290047855.html
振芯科技,300101,300101,振芯科技,振芯科技:关于使用闲置自有资金进行委托理财的进展公告,委托（受托）事项,2017-01-23,https://data.eastmoney.com/notices/detail/300101/AN201701220287492641.html
振芯科技,300101,300101,振芯科技,振芯科技:关于使用闲置自有资金进行委托理财的进展公告(2017/1/20),投资理财,2017-01-20,https://data.eastmoney.com/notices/detail/300101/AN201701200282388629.html
振芯科技,300101,300101,振芯科技,振芯科技:关于使用闲置自有资金进行委托理财的进展公告(2017/1/17),投资理财,2017-01-17,https://data.eastmoney.com/notices/detail/300101/AN201701170273723451.html
振芯科技,300101,300101,振芯科技,振芯科技:2016年年度业绩预告,业绩预告,2017-01-09,https://data.eastmoney.com/notices/detail/300101/AN201701090254819206.html
振芯科技,300101,300101,振芯科技,振芯科技:关于签署《保证合同》的公告,签订协议,2016-12-28,https://data.eastmoney.com/notices/detail/300101/AN201612280219660462.html
振芯科技,300101,300101,振芯科技,振芯科技:2016年第三次临时股东大会决议公告,股东大会决议公告,2016-12-22,https://data.eastmoney.com/notices/detail/300101/AN201612220208977154.html
振芯科技,300101,300101,振芯科技,振芯科技:2016年第三次临时股东大会的法律意见书,法律意见书,2016-12-22,https://data.eastmoney.com/notices/detail/300101/AN201612220208977153.html
振芯科技,300101,300101,振芯科技,振芯科技:第三届董事会第二十三次会议决议公告,董事会决议公告,2016-12-15,https://data.eastmoney.com/notices/detail/300101/AN201612150189415399.html
振芯科技,300101,300101,振芯科技,振芯科技:关于为控股子公司申请银行贷款提供担保的公告,担保事项,2016-12-15,https://data.eastmoney.com/notices/detail/300101/AN201612150189415402.html
振芯科技,300101,300101,振芯科技,振芯科技:关于变更部分超募资金用途的公告,变更募集资金投资项目,2016-12-06,https://data.eastmoney.com/notices/detail/300101/AN201612060162900972.html
振芯科技,300101,300101,振芯科技,振芯科技:第三届董事会第二十二次会议决议公告,董事会决议公告,2016-12-06,https://data.eastmoney.com/notices/detail/300101/AN201612060162900976.html
振芯科技,300101,300101,振芯科技,振芯科技:第三届监事会第十七次会议决议公告,监事会决议公告,2016-12-06,https://data.eastmoney.com/notices/detail/300101/AN201612060162900975.html
振芯科技,300101,300101,振芯科技,振芯科技:关于召开2016年第三次临时股东大会的通知,召开股东大会通知,2016-12-06,https://data.eastmoney.com/notices/detail/300101/AN201612060162900974.html
振芯科技,300101,300101,振芯科技,振芯科技:独立董事关于公司第三届董事会第二十二次会议相关事项的独立意见,专项说明/独立意见,2016-12-06,https://data.eastmoney.com/notices/detail/300101/AN201612060162900973.html
振芯科技,300101,300101,振芯科技,振芯科技:关于转让参股公司成都子昂网络科技有限公司股权的公告,股权转让,2016-12-06,https://data.eastmoney.com/notices/detail/300101/AN201612060162899051.html
振芯科技,300101,300101,振芯科技,振芯科技:中信建投证券股份有限公司关于公司变更部分超募资金用途的核查意见,保荐/核查意见,2016-12-06,https://data.eastmoney.com/notices/detail/300101/AN201612060162899052.html
振芯科技,300101,300101,振芯科技,振芯科技:关于使用闲置自有资金进行委托理财的进展公告(2016/11/28),委托（受托）事项,2016-11-28,https://data.eastmoney.com/notices/detail/300101/AN201611280134750286.html
振芯科技,300101,300101,振芯科技,振芯科技:关于使用闲置自有资金进行委托理财的进展公告(2016/11/23),委托（受托）事项,2016-11-23,https://data.eastmoney.com/notices/detail/300101/AN201611230123353179.html
振芯科技,300101,300101,振芯科技,振芯科技:关于收到《中国证监会行政许可申请终止审查通知书》的公告,其他,2016-11-18,https://data.eastmoney.com/notices/detail/300101/AN201611180109924351.html
振芯科技,300101,300101,振芯科技,振芯科技:2016年11月9日投资者关系活动记录表,调研活动,2016-11-14,https://data.eastmoney.com/notices/detail/300101/AN201611140096557903.html
振芯科技,300101,300101,振芯科技,振芯科技:2016年11月11日投资者关系活动记录表,调研活动,2016-11-14,https://data.eastmoney.com/notices/detail/300101/AN201611140096557902.html
振芯科技,300101,300101,振芯科技,振芯科技:2016年11月3日和11月4日投资者关系活动记录表,调研活动,2016-11-04,https://data.eastmoney.com/notices/detail/300101/AN201611040059575553.html
振芯科技,300101,300101,振芯科技,振芯科技:首次公开发行前已发行股份上市流通的提示性公告,限售股份上市流通,2016-11-02,https://data.eastmoney.com/notices/detail/300101/AN201611020049163089.html
振芯科技,300101,300101,振芯科技,振芯科技:独立董事关于公司第三届董事会第二十一次会议相关事项的独立意见,专项说明/独立意见,2016-11-01,https://data.eastmoney.com/notices/detail/300101/AN201611010044565212.html
振芯科技,300101,300101,振芯科技,振芯科技:第三届董事会第二十一次会议决议公告,董事会决议公告,2016-11-01,https://data.eastmoney.com/notices/detail/300101/AN201611010044565239.html
振芯科技,300101,300101,振芯科技,振芯科技:关于终止公司非公开发行A股股票事项的公告,增发终止,2016-11-01,https://data.eastmoney.com/notices/detail/300101/AN201611010044565201.html
振芯科技,300101,300101,振芯科技,振芯科技:关于使用闲置自有资金进行委托理财的进展公告,委托（受托）事项,2016-10-28,https://data.eastmoney.com/notices/detail/300101/AN201610280033979610.html
振芯科技,300101,300101,振芯科技,振芯科技:2016年10月26日投资者关系活动记录表,调研活动,2016-10-26,https://data.eastmoney.com/notices/detail/300101/AN201610260027525640.html
振芯科技,300101,300101,振芯科技,振芯科技:重大事项公告,其他,2016-10-26,https://data.eastmoney.com/notices/detail/300101/AN201610260027330864.html
振芯科技,300101,300101,振芯科技,振芯科技:2016年第三季度报告全文,三季度报告全文,2016-10-21,https://data.eastmoney.com/notices/detail/300101/AN201610200021945210.html
振芯科技,300101,300101,振芯科技,振芯科技:2016年第三季度报告披露提示性公告,其他,2016-10-21,https://data.eastmoney.com/notices/detail/300101/AN201610200021941714.html
振芯科技,300101,300101,振芯科技,振芯科技:董事、监事、高级管理人员关于2016年第三季度报告的书面确认意见等,专项说明/独立意见,2016-10-21,https://data.eastmoney.com/notices/detail/300101/AN201610200021941708.html
振芯科技,300101,300101,振芯科技,振芯科技:第三届董事会第二十次会议决议公告,董事会决议公告,2016-10-21,https://data.eastmoney.com/notices/detail/300101/AN201610200021941711.html
振芯科技,300101,300101,振芯科技,振芯科技:2016年度前三季度业绩预告,业绩预告,2016-10-14,https://data.eastmoney.com/notices/detail/300101/AN201610140021855901.html
振芯科技,300101,300101,振芯科技,振芯科技:关于收到《中国证监会行政许可项目审查反馈意见通知书》的公告,其他,2016-10-10,https://data.eastmoney.com/notices/detail/300101/AN201610100021791527.html
振芯科技,300101,300101,振芯科技,振芯科技:关于举行2016年半年度业绩说明会集体接待日的公告,调研活动,2016-09-20,https://data.eastmoney.com/notices/detail/300101/AN201609200017678944.html
振芯科技,300101,300101,振芯科技,振芯科技:关于使用闲置自有资金进行委托理财的进展公告,委托（受托）事项,2016-09-05,https://data.eastmoney.com/notices/detail/300101/AN201609050017500798.html
振芯科技,300101,300101,振芯科技,振芯科技:关于非公开发行股票申请获得中国证监会受理的公告,其他,2016-09-01,https://data.eastmoney.com/notices/detail/300101/AN201609010017448204.html
振芯科技,300101,300101,振芯科技,振芯科技:关于使用闲置自有资金进行委托理财的进展公告,委托（受托）事项,2016-08-23,https://data.eastmoney.com/notices/detail/300101/AN201608230017259597.html
振芯科技,300101,300101,振芯科技,振芯科技:关于使用闲置自有资金进行委托理财的进展公告(2016/8/19),委托（受托）事项,2016-08-19,https://data.eastmoney.com/notices/detail/300101/AN201608190017195626.html
振芯科技,300101,300101,振芯科技,振芯科技:关于使用闲置自有资金进行委托理财的进展公告(2016/8/15),委托（受托）事项,2016-08-15,https://data.eastmoney.com/notices/detail/300101/AN201608150017100547.html
振芯科技,300101,300101,振芯科技,振芯科技:2016年第二次临时股东大会决议公告,增发预案,2016-08-10,https://data.eastmoney.com/notices/detail/300101/AN201608100017013298.html
振芯科技,300101,300101,振芯科技,振芯科技:2016年第二次临时股东大会的法律意见书,法律意见书,2016-08-10,https://data.eastmoney.com/notices/detail/300101/AN201608100017013300.html
振芯科技,300101,300101,振芯科技,振芯科技:关于公司取得土地证书的公告,获得认证,2016-08-05,https://data.eastmoney.com/notices/detail/300101/AN201608050016943860.html
振芯科技,300101,300101,振芯科技,振芯科技:本次募集资金使用的可行性报告,其他,2016-07-25,https://data.eastmoney.com/notices/detail/300101/AN201607250016740059.html
振芯科技,300101,300101,振芯科技,振芯科技:关于前次募集资金使用情况的报告,募集资金使用情况报告,2016-07-25,https://data.eastmoney.com/notices/detail/300101/AN201607250016740058.html
振芯科技,300101,300101,振芯科技,振芯科技:非公开发行A股股票预案,增发预案,2016-07-25,https://data.eastmoney.com/notices/detail/300101/AN201607250016740053.html
振芯科技,300101,300101,振芯科技,振芯科技:关于本次非公开发行摊薄上市公司即期回报情况及填补措施公告,其他,2016-07-25,https://data.eastmoney.com/notices/detail/300101/AN201607250016740049.html
振芯科技,300101,300101,振芯科技,振芯科技:独立董事关于公司第三届董事会第十九次会议相关事项的独立意见,专项说明/独立意见,2016-07-25,https://data.eastmoney.com/notices/detail/300101/AN201607250016740057.html
振芯科技,300101,300101,振芯科技,振芯科技:关于召开2016年第二次临时股东大会的通知,召开股东大会通知,2016-07-25,https://data.eastmoney.com/notices/detail/300101/AN201607250016740055.html
振芯科技,300101,300101,振芯科技,振芯科技:第三届监事会第十五次会议决议公告,监事会决议公告,2016-07-25,https://data.eastmoney.com/notices/detail/300101/AN201607250016740052.html
振芯科技,300101,300101,振芯科技,振芯科技:关于公司前次募集资金使用情况的鉴证报告,保荐/核查意见,2016-07-25,https://data.eastmoney.com/notices/detail/300101/AN201607250016740048.html
振芯科技,300101,300101,振芯科技,振芯科技:第三届董事会第十九次会议决议公告,增发预案,2016-07-25,https://data.eastmoney.com/notices/detail/300101/AN201607250016740044.html
振芯科技,300101,300101,振芯科技,振芯科技:非公开发行股票方案的论证分析报告,其他,2016-07-25,https://data.eastmoney.com/notices/detail/300101/AN201607250016740042.html
振芯科技,300101,300101,振芯科技,振芯科技:关于非公开发行股票预案披露的提示性公告,增发预案,2016-07-25,https://data.eastmoney.com/notices/detail/300101/AN201607250016740051.html
振芯科技,300101,300101,振芯科技,振芯科技:未来三年(2016-2018年)股东回报规划,其他,2016-07-25,https://data.eastmoney.com/notices/detail/300101/AN201607250016740047.html
振芯科技,300101,300101,振芯科技,振芯科技:2016年半年度报告披露提示性公告,其他,2016-07-20,https://data.eastmoney.com/notices/detail/300101/AN201607190016636794.html
振芯科技,300101,300101,振芯科技,振芯科技:2016年半年度审计报告,审计报告,2016-07-20,https://data.eastmoney.com/notices/detail/300101/AN201607190016636792.html
振芯科技,300101,300101,振芯科技,振芯科技:2016年半年度报告摘要,半年度报告摘要,2016-07-20,https://data.eastmoney.com/notices/detail/300101/AN201607190016636788.html
振芯科技,300101,300101,振芯科技,振芯科技:2016年半年度报告,半年度报告全文,2016-07-20,https://data.eastmoney.com/notices/detail/300101/AN201607190016636795.html
振芯科技,300101,300101,振芯科技,振芯科技:第三届监事会第十四次会议决议公告,监事会决议公告,2016-07-20,https://data.eastmoney.com/notices/detail/300101/AN201607190016636793.html
振芯科技,300101,300101,振芯科技,振芯科技:独立董事关于第三届董事会第十八次会议相关事项的独立意见,专项说明/独立意见,2016-07-20,https://data.eastmoney.com/notices/detail/300101/AN201607190016636791.html
振芯科技,300101,300101,振芯科技,振芯科技:第三届董事会第十八次会议决议公告,董事会决议公告,2016-07-20,https://data.eastmoney.com/notices/detail/300101/AN201607190016636789.html
振芯科技,300101,300101,振芯科技,振芯科技:关于2016年半年度募集资金存放与使用情况专项报告,募集资金使用情况报告,2016-07-20,https://data.eastmoney.com/notices/detail/300101/AN201607190016636787.html
振芯科技,300101,300101,振芯科技,振芯科技:关于控股股东部分股份解除质押的公告,股份质押、冻结,2016-07-18,https://data.eastmoney.com/notices/detail/300101/AN201607180016616124.html
振芯科技,300101,300101,振芯科技,振芯科技:2016年半年度业绩预告,业绩预告,2016-07-14,https://data.eastmoney.com/notices/detail/300101/AN201607140016572140.html
振芯科技,300101,300101,振芯科技,振芯科技:关于控股股东部分股份解除质押的公告,股份质押、冻结,2016-07-06,https://data.eastmoney.com/notices/detail/300101/AN201607060016429499.html
振芯科技,300101,300101,振芯科技,振芯科技:关于使用闲置自有资金进行委托理财的进展公告,委托（受托）事项,2016-06-27,https://data.eastmoney.com/notices/detail/300101/AN201606270016232126.html
振芯科技,300101,300101,振芯科技,振芯科技:关于使用超募资金购置土地的可行性研究报告,其他,2016-06-17,https://data.eastmoney.com/notices/detail/300101/AN201606170015258535.html
振芯科技,300101,300101,振芯科技,振芯科技:2016年第一次临时股东大会决议公告,股东大会决议公告,2016-06-13,https://data.eastmoney.com/notices/detail/300101/AN201606130015195935.html
振芯科技,300101,300101,振芯科技,振芯科技:关于变更独立董事的公告,高管人员任职变动,2016-06-13,https://data.eastmoney.com/notices/detail/300101/AN201606130015195941.html
振芯科技,300101,300101,振芯科技,振芯科技:2016年第一次临时股东大会的法律意见书,法律意见书,2016-06-13,https://data.eastmoney.com/notices/detail/300101/AN201606130015195940.html
振芯科技,300101,300101,振芯科技,振芯科技:关于股票交易异常波动的公告,股票交易异常波动,2016-06-13,https://data.eastmoney.com/notices/detail/300101/AN201606130015195939.html
振芯科技,300101,300101,振芯科技,振芯科技:关于控股股东股份质押的公告,股份质押、冻结,2016-06-13,https://data.eastmoney.com/notices/detail/300101/AN201606120015186821.html
振芯科技,300101,300101,振芯科技,振芯科技:2016年度非公开发行A股股票提示性公告,其他增发事项公告,2016-06-07,https://data.eastmoney.com/notices/detail/300101/AN201606060015130143.html
振芯科技,300101,300101,振芯科技,振芯科技:第三届董事会第十七次会议决议公告,董事会决议公告,2016-06-07,https://data.eastmoney.com/notices/detail/300101/AN201606060015130141.html
振芯科技,300101,300101,振芯科技,振芯科技:关于公司股票复牌的公告,复牌公告,2016-06-07,https://data.eastmoney.com/notices/detail/300101/AN201606060015130140.html
振芯科技,300101,300101,振芯科技,振芯科技:关于签订国有建设用地使用权出让合同的公告,重大合同,2016-06-03,https://data.eastmoney.com/notices/detail/300101/AN201606030015111588.html
振芯科技,300101,300101,振芯科技,振芯科技:关于筹划非公开发行股票事项的停牌公告,停牌公告,2016-05-31,https://data.eastmoney.com/notices/detail/300101/AN201605300015041648.html
振芯科技,300101,300101,振芯科技,振芯科技:关于使用节余超募资金永久性补充流动资金的公告,募集资金补充流动资金,2016-05-27,https://data.eastmoney.com/notices/detail/300101/AN201605270015024098.html
振芯科技,300101,300101,振芯科技,振芯科技:关于补选独立董事的公告,高管人员任职变动,2016-05-27,https://data.eastmoney.com/notices/detail/300101/AN201605270015024094.html
振芯科技,300101,300101,振芯科技,振芯科技:关于召开2016年第一次临时股东大会的通知,召开股东大会通知,2016-05-27,https://data.eastmoney.com/notices/detail/300101/AN201605270015024103.html
振芯科技,300101,300101,振芯科技,振芯科技:独立董事对相关事项的独立意见,专项说明/独立意见,2016-05-27,https://data.eastmoney.com/notices/detail/300101/AN201605270015024100.html
振芯科技,300101,300101,振芯科技,振芯科技:中信建投证券股份有限公司关于公司使用超募资金购买土地并将节余超募资金永久补充流动资金的核查意见,保荐/核查意见,2016-05-27,https://data.eastmoney.com/notices/detail/300101/AN201605270015024097.html
振芯科技,300101,300101,振芯科技,振芯科技:第三届董事会第十六次会议决议公告,高管人员任职变动,2016-05-27,https://data.eastmoney.com/notices/detail/300101/AN201605270015024093.html
振芯科技,300101,300101,振芯科技,振芯科技:独立董事候选人声明(邹寿彬),独立董事候选人声明,2016-05-27,https://data.eastmoney.com/notices/detail/300101/AN201605270015024091.html
振芯科技,300101,300101,振芯科技,振芯科技:独立董事提名人声明,独立董事提名人声明,2016-05-27,https://data.eastmoney.com/notices/detail/300101/AN201605270015024101.html
振芯科技,300101,300101,振芯科技,振芯科技:关于超募资金使用计划的公告,其他,2016-05-27,https://data.eastmoney.com/notices/detail/300101/AN201605270015024096.html
振芯科技,300101,300101,振芯科技,振芯科技:第三届监事会第十三次会议决议公告,监事会决议公告,2016-05-27,https://data.eastmoney.com/notices/detail/300101/AN201605270015024090.html
振芯科技,300101,300101,振芯科技,振芯科技:关于完成工商变更登记的公告,公司经营范围变更,2016-05-25,https://data.eastmoney.com/notices/detail/300101/AN201605250014991443.html
振芯科技,300101,300101,振芯科技,振芯科技:2015年年度权益分派实施公告,分配方案实施,2016-05-20,https://data.eastmoney.com/notices/detail/300101/AN201605190014930222.html
振芯科技,300101,300101,振芯科技,振芯科技:关于竞买国有土地使用权的公告,其他,2016-05-19,https://data.eastmoney.com/notices/detail/300101/AN201605190014930123.html
振芯科技,300101,300101,振芯科技,振芯科技:关于公司第三届董事会独立董事辞职的公告,高管人员任职变动,2016-05-19,https://data.eastmoney.com/notices/detail/300101/AN201605190014929305.html
振芯科技,300101,300101,振芯科技,振芯科技:关于公司及控股子公司使用闲置自有资金进行委托理财的进展公告,委托（受托）事项,2016-05-17,https://data.eastmoney.com/notices/detail/300101/AN201605170014874868.html
振芯科技,300101,300101,振芯科技,振芯科技:2016年5月12日投资者关系活动记录表,调研活动,2016-05-13,https://data.eastmoney.com/notices/detail/300101/AN201605130014834782.html
振芯科技,300101,300101,振芯科技,振芯科技:关于职工代表监事辞职及补选职工代表监事的公告,高管人员任职变动,2016-05-13,https://data.eastmoney.com/notices/detail/300101/AN201605130014835767.html
振芯科技,300101,300101,振芯科技,振芯科技:关于公司及控股子公司使用闲置自有资金进行委托理财的进展公告,委托（受托）事项,2016-04-29,https://data.eastmoney.com/notices/detail/300101/AN201604290014627437.html
振芯科技,300101,300101,振芯科技,振芯科技:2016年第一季度报告全文,一季度报告全文,2016-04-26,https://data.eastmoney.com/notices/detail/300101/AN201604250014514175.html
振芯科技,300101,300101,振芯科技,振芯科技:第三届董事会第十五次会议决议公告,董事会决议公告,2016-04-26,https://data.eastmoney.com/notices/detail/300101/AN201604250014514174.html
振芯科技,300101,300101,振芯科技,振芯科技:2016年第一季度报告披露提示性公告,其他,2016-04-26,https://data.eastmoney.com/notices/detail/300101/AN201604250014514172.html
振芯科技,300101,300101,振芯科技,振芯科技:2015年年度股东大会的法律意见书,法律意见书,2016-04-12,https://data.eastmoney.com/notices/detail/300101/AN201604120014326218.html
振芯科技,300101,300101,振芯科技,振芯科技:2015年年度股东大会决议公告,分配方案决议公告,2016-04-12,https://data.eastmoney.com/notices/detail/300101/AN201604120014326217.html
振芯科技,300101,300101,振芯科技,振芯科技:关于控股股东部分股份解除质押的公告,股份质押、冻结,2016-03-22,https://data.eastmoney.com/notices/detail/300101/AN201603220014022427.html
振芯科技,300101,300101,振芯科技,振芯科技:2015年度监事会工作报告,其他,2016-03-22,https://data.eastmoney.com/notices/detail/300101/AN201603210013955592.html
振芯科技,300101,300101,振芯科技,振芯科技:2015年年度审计报告,审计报告,2016-03-22,https://data.eastmoney.com/notices/detail/300101/AN201603210013955588.html
振芯科技,300101,300101,振芯科技,振芯科技:2015年度内部控制自我评价报告,内部控制报告,2016-03-22,https://data.eastmoney.com/notices/detail/300101/AN201603210013955582.html
振芯科技,300101,300101,振芯科技,振芯科技:2015年度募集资金年度存放与使用情况的鉴证报告,保荐/核查意见,2016-03-22,https://data.eastmoney.com/notices/detail/300101/AN201603210013955594.html
振芯科技,300101,300101,振芯科技,振芯科技:第三届监事会第十一次会议决议公告,监事会决议公告,2016-03-22,https://data.eastmoney.com/notices/detail/300101/AN201603210013955591.html
振芯科技,300101,300101,振芯科技,振芯科技:2016年第一季度业绩预告,业绩预告,2016-03-22,https://data.eastmoney.com/notices/detail/300101/AN201603210013955587.html
振芯科技,300101,300101,振芯科技,振芯科技:独立董事工作制度(2016年3月),管理办法/制度,2016-03-22,https://data.eastmoney.com/notices/detail/300101/AN201603210013955584.html
振芯科技,300101,300101,振芯科技,振芯科技:2015年年度报告披露提示性公告,其他,2016-03-22,https://data.eastmoney.com/notices/detail/300101/AN201603210013955581.html
振芯科技,300101,300101,振芯科技,振芯科技:2015年年度报告,年度报告全文,2016-03-22,https://data.eastmoney.com/notices/detail/300101/AN201603210013955593.html
振芯科技,300101,300101,振芯科技,振芯科技:独立董事2015年度述职报告(曾勇),独立董事述职报告,2016-03-22,https://data.eastmoney.com/notices/detail/300101/AN201603210013955590.html
振芯科技,300101,300101,振芯科技,振芯科技:第三届董事会第十四次会议决议公告,董事会决议公告,2016-03-22,https://data.eastmoney.com/notices/detail/300101/AN201603210013955586.html
振芯科技,300101,300101,振芯科技,振芯科技:公司章程(2016年3月),公司章程,2016-03-22,https://data.eastmoney.com/notices/detail/300101/AN201603210013955583.html
振芯科技,300101,300101,振芯科技,振芯科技:控股股东及其他关联方占用资金情况专项审核说明,专项说明/独立意见,2016-03-22,https://data.eastmoney.com/notices/detail/300101/AN201603210013955569.html
振芯科技,300101,300101,振芯科技,振芯科技:独立董事2015年度述职报告(傅江),独立董事述职报告,2016-03-22,https://data.eastmoney.com/notices/detail/300101/AN201603210013955566.html
振芯科技,300101,300101,振芯科技,振芯科技:独立董事2015年度述职报告(赵泽松),独立董事述职报告,2016-03-22,https://data.eastmoney.com/notices/detail/300101/AN201603210013955568.html
振芯科技,300101,300101,振芯科技,振芯科技:关于2015年度募集资金存放与使用情况专项报告,募集资金使用情况报告,2016-03-22,https://data.eastmoney.com/notices/detail/300101/AN201603210013955565.html
振芯科技,300101,300101,振芯科技,振芯科技:关于增加公司经营范围并修订《公司章程》相应条款的公告,公司经营范围变更,2016-03-22,https://data.eastmoney.com/notices/detail/300101/AN201603210013955563.html
振芯科技,300101,300101,振芯科技,振芯科技:关于召开2015年年度股东大会的通知,召开股东大会通知,2016-03-22,https://data.eastmoney.com/notices/detail/300101/AN201603210013955561.html
振芯科技,300101,300101,振芯科技,振芯科技:2015年度董事会工作报告,其他,2016-03-22,https://data.eastmoney.com/notices/detail/300101/AN201603210013955564.html
振芯科技,300101,300101,振芯科技,振芯科技:2015年年度报告摘要,年度报告摘要,2016-03-22,https://data.eastmoney.com/notices/detail/300101/AN201603210013955548.html
振芯科技,300101,300101,振芯科技,振芯科技:独立董事2015年度述职报告(陈宏),独立董事述职报告,2016-03-22,https://data.eastmoney.com/notices/detail/300101/AN201603210013955541.html
振芯科技,300101,300101,振芯科技,振芯科技:独立董事对相关事项的独立意见,专项说明/独立意见,2016-03-22,https://data.eastmoney.com/notices/detail/300101/AN201603210013955553.html
振芯科技,300101,300101,振芯科技,振芯科技:关于公司2015年度计提资产减值准备的公告,其他,2016-03-22,https://data.eastmoney.com/notices/detail/300101/AN201603210013955547.html
振芯科技,300101,300101,振芯科技,振芯科技:关于会计估计变更的公告,审计机构变更,2016-03-22,https://data.eastmoney.com/notices/detail/300101/AN201603210013955540.html
振芯科技,300101,300101,振芯科技,振芯科技:内部控制鉴证报告,保荐/核查意见,2016-03-22,https://data.eastmoney.com/notices/detail/300101/AN201603210013955558.html
振芯科技,300101,300101,振芯科技,振芯科技:关于举行2015年度业绩网上说明会的公告,其他,2016-03-22,https://data.eastmoney.com/notices/detail/300101/AN201603210013955556.html
振芯科技,300101,300101,振芯科技,振芯科技:中信建投证券股份有限公司关于公司2015年度募集资金存放与使用情况的专项核查意见,保荐/核查意见,2016-03-22,https://data.eastmoney.com/notices/detail/300101/AN201603210013955552.html
振芯科技,300101,300101,振芯科技,振芯科技:关于签订业绩承诺专项协议的公告,签订协议,2016-03-17,https://data.eastmoney.com/notices/detail/300101/AN201603170013922550.html
振芯科技,300101,300101,振芯科技,振芯科技:关于完成工商变更登记的公告,公司经营范围变更,2016-03-16,https://data.eastmoney.com/notices/detail/300101/AN201603160013900376.html
振芯科技,300101,300101,振芯科技,振芯科技:关于公司及控股子公司使用闲置自有资金进行委托理财的进展公告,委托（受托）事项,2016-03-04,https://data.eastmoney.com/notices/detail/300101/AN201603040013778232.html
振芯科技,300101,300101,振芯科技,振芯科技:关于保荐代表人变更的公告,保荐代表人（机构）变更,2016-03-02,https://data.eastmoney.com/notices/detail/300101/AN201603020013746367.html
振芯科技,300101,300101,振芯科技,振芯科技:2015年度业绩快报,业绩快报,2016-02-29,https://data.eastmoney.com/notices/detail/300101/AN201602280013638840.html
振芯科技,300101,300101,振芯科技,振芯科技:关于公司及控股子公司使用闲置自有资金进行委托理财的进展公告,委托（受托）事项,2016-02-03,https://data.eastmoney.com/notices/detail/300101/AN201602030013379493.html
振芯科技,300101,300101,振芯科技,振芯科技:2015年年度业绩预告,业绩预告,2016-01-29,https://data.eastmoney.com/notices/detail/300101/AN201601290013316260.html
振芯科技,300101,300101,振芯科技,振芯科技:关于公司及控股子公司使用闲置自有资金进行委托理财的进展公告,委托（受托）事项,2016-01-26,https://data.eastmoney.com/notices/detail/300101/AN201601260013274600.html
振芯科技,300101,300101,振芯科技,振芯科技:第三届监事会第十次会议决议公告,监事会决议公告,2016-01-21,https://data.eastmoney.com/notices/detail/300101/AN201601210013218220.html
振芯科技,300101,300101,振芯科技,振芯科技:独立董事关于公司及控股子公司使用闲置自有资金进行委托理财的独立意见,专项说明/独立意见,2016-01-21,https://data.eastmoney.com/notices/detail/300101/AN201601210013218222.html
振芯科技,300101,300101,振芯科技,振芯科技:第三届董事会第十三次会议决议公告,董事会决议公告,2016-01-21,https://data.eastmoney.com/notices/detail/300101/AN201601210013218219.html
振芯科技,300101,300101,振芯科技,振芯科技:关于公司及控股子公司使用闲置自有资金进行委托理财的公告,委托（受托）事项,2016-01-21,https://data.eastmoney.com/notices/detail/300101/AN201601210013218215.html
振芯科技,300101,300101,振芯科技,振芯科技:关于控股股东股份质押的公告,股份质押、冻结,2016-01-12,https://data.eastmoney.com/notices/detail/300101/AN201601120012949717.html
振芯科技,300101,300101,振芯科技,振芯科技:关于参股公司完成工商变更登记的公告,公司关联方基本资料变更,2015-12-28,https://data.eastmoney.com/notices/detail/300101/AN201512280012503851.html
振芯科技,300101,300101,振芯科技,振芯科技:2015年第四次临时股东大会决议公告,股东大会决议公告,2015-12-25,https://data.eastmoney.com/notices/detail/300101/AN201512250012425808.html
振芯科技,300101,300101,振芯科技,振芯科技:2015年第四次临时股东大会的法律意见书,法律意见书,2015-12-25,https://data.eastmoney.com/notices/detail/300101/AN201512250012425807.html
振芯科技,300101,300101,振芯科技,振芯科技:关于为控股子公司申请银行贷款提供担保的公告,担保事项,2015-12-21,https://data.eastmoney.com/notices/detail/300101/AN201512210012273113.html
振芯科技,300101,300101,振芯科技,振芯科技:第三届董事会第十二次会议决议公告,董事会决议公告,2015-12-21,https://data.eastmoney.com/notices/detail/300101/AN201512210012273122.html
振芯科技,300101,300101,振芯科技,振芯科技:关于控股股东进行股票质押式回购交易的公告,股份质押、冻结,2015-12-18,https://data.eastmoney.com/notices/detail/300101/AN201512180012194448.html
振芯科技,300101,300101,振芯科技,振芯科技:2015年12月10日投资者关系活动记录表,调研活动,2015-12-11,https://data.eastmoney.com/notices/detail/300101/AN201512110012028019.html
振芯科技,300101,300101,振芯科技,振芯科技:关于控股股东进行股票质押式回购交易的公告,股份质押、冻结,2015-12-10,https://data.eastmoney.com/notices/detail/300101/AN201512100011997460.html
振芯科技,300101,300101,振芯科技,振芯科技:关于投资设立产业基金进展暨完成工商注册登记公告,其他,2015-12-08,https://data.eastmoney.com/notices/detail/300101/AN201512080011816627.html
振芯科技,300101,300101,振芯科技,振芯科技:关于增加公司经营范围并修订《公司章程》相应条款的公告,公司经营范围变更,2015-12-08,https://data.eastmoney.com/notices/detail/300101/AN201512080011816625.html
振芯科技,300101,300101,振芯科技,振芯科技:公司章程(2015年12月),公司章程,2015-12-08,https://data.eastmoney.com/notices/detail/300101/AN201512080011816630.html
振芯科技,300101,300101,振芯科技,振芯科技:关于召开2015年第四次临时股东大会的通知,召开股东大会通知,2015-12-08,https://data.eastmoney.com/notices/detail/300101/AN201512080011816629.html
振芯科技,300101,300101,振芯科技,振芯科技:关于增资参股北京东方道迩信息技术股份有限公司的公告,增资扩股,2015-12-08,https://data.eastmoney.com/notices/detail/300101/AN201512080011816628.html
振芯科技,300101,300101,振芯科技,振芯科技:第三届董事会第十一次会议决议公告,董事会决议公告,2015-12-08,https://data.eastmoney.com/notices/detail/300101/AN201512080011816626.html
振芯科技,300101,300101,振芯科技,振芯科技:重大合同公告,重大合同,2015-12-07,https://data.eastmoney.com/notices/detail/300101/AN201512060011792572.html
振芯科技,300101,300101,振芯科技,振芯科技:关于控股股东股票到期解除质押式回购交易的公告,股份质押、冻结,2015-12-01,https://data.eastmoney.com/notices/detail/300101/AN201512010011649455.html
振芯科技,300101,300101,振芯科技,振芯科技:关于完成工商变更登记并换发营业执照的公告,公司注册资本变更,2015-11-27,https://data.eastmoney.com/notices/detail/300101/AN201511270011598545.html
振芯科技,300101,300101,振芯科技,振芯科技:2015年11月25日投资者关系活动记录表,调研活动,2015-11-26,https://data.eastmoney.com/notices/detail/300101/AN201511260011566160.html
振芯科技,300101,300101,振芯科技,振芯科技:2015年11月18日投资者关系活动记录表,调研活动,2015-11-18,https://data.eastmoney.com/notices/detail/300101/AN201511180011452595.html
振芯科技,300101,300101,振芯科技,振芯科技:关于自愿性披露标准的公告,其他,2015-11-13,https://data.eastmoney.com/notices/detail/300101/AN201511130011399309.html
振芯科技,300101,300101,振芯科技,振芯科技:2015年11月10日投资者关系活动记录表,调研活动,2015-11-11,https://data.eastmoney.com/notices/detail/300101/AN201511110011362909.html
振芯科技,300101,300101,振芯科技,振芯科技:2015年第三次临时股东大会的法律意见书,法律意见书,2015-11-09,https://data.eastmoney.com/notices/detail/300101/AN201511090011335499.html
振芯科技,300101,300101,振芯科技,振芯科技:2015年第三次临时股东大会决议公告,股东大会决议公告,2015-11-09,https://data.eastmoney.com/notices/detail/300101/AN201511090011335498.html
振芯科技,300101,300101,振芯科技,振芯科技:重大合同公告,重大合同,2015-11-06,https://data.eastmoney.com/notices/detail/300101/AN201511060011318541.html
振芯科技,300101,300101,振芯科技,振芯科技:2015年11月3日投资者关系活动记录表,调研活动,2015-11-04,https://data.eastmoney.com/notices/detail/300101/AN201511040011288494.html
振芯科技,300101,300101,振芯科技,振芯科技:关于参股公司完成工商注册登记的公告,公司关联方基本资料变更,2015-11-04,https://data.eastmoney.com/notices/detail/300101/AN201511040011289995.html
振芯科技,300101,300101,振芯科技,振芯科技:2015年10月29日投资者关系活动记录表,调研活动,2015-10-29,https://data.eastmoney.com/notices/detail/300101/AN201510290011228630.html
振芯科技,300101,300101,振芯科技,振芯科技:2015年10月22日投资者关系活动记录表,调研活动,2015-10-23,https://data.eastmoney.com/notices/detail/300101/AN201510230011163950.html
振芯科技,300101,300101,振芯科技,振芯科技:关于召开2015年第三次临时股东大会的通知,召开股东大会通知,2015-10-23,https://data.eastmoney.com/notices/detail/300101/AN201510220011151625.html
振芯科技,300101,300101,振芯科技,振芯科技:公司章程(2015年10月),公司章程,2015-10-23,https://data.eastmoney.com/notices/detail/300101/AN201510220011151621.html
振芯科技,300101,300101,振芯科技,振芯科技:2015年第三季度报告披露提示性公告,其他,2015-10-23,https://data.eastmoney.com/notices/detail/300101/AN201510220011151624.html
振芯科技,300101,300101,振芯科技,振芯科技:2015年第三季度报告全文,三季度报告全文,2015-10-23,https://data.eastmoney.com/notices/detail/300101/AN201510220011151617.html
振芯科技,300101,300101,振芯科技,振芯科技:第三届董事会第十次会议决议公告,董事会决议公告,2015-10-23,https://data.eastmoney.com/notices/detail/300101/AN201510220011151613.html
振芯科技,300101,300101,振芯科技,振芯科技:2015年10月15日投资者关系活动记录表,调研活动,2015-10-16,https://data.eastmoney.com/notices/detail/300101/AN201510160011079691.html
振芯科技,300101,300101,振芯科技,振芯科技:关于全资子公司签订《募集资金三方监管协议》的公告,签订协议,2015-10-15,https://data.eastmoney.com/notices/detail/300101/AN201510150011059060.html
振芯科技,300101,300101,振芯科技,振芯科技:2015年度前三季度业绩预告,业绩预告,2015-10-12,https://data.eastmoney.com/notices/detail/300101/AN201510120011020169.html
振芯科技,300101,300101,振芯科技,振芯科技:关于参股基金管理公司完成工商注册登记的公告,公司关联方基本资料变更,2015-09-25,https://data.eastmoney.com/notices/detail/300101/AN201509250010896120.html
振芯科技,300101,300101,振芯科技,振芯科技:2015年半年度权益分派实施公告,分配方案实施,2015-09-21,https://data.eastmoney.com/notices/detail/300101/AN201509210010849486.html
振芯科技,300101,300101,振芯科技,振芯科技:2015年9月17日投资者关系活动记录表,调研活动,2015-09-18,https://data.eastmoney.com/notices/detail/300101/AN201509180010835792.html
振芯科技,300101,300101,振芯科技,振芯科技:2015年第二次临时股东大会决议公告,分配方案决议公告,2015-09-10,https://data.eastmoney.com/notices/detail/300101/AN201509100010764018.html
振芯科技,300101,300101,振芯科技,振芯科技:2015年第二次临时股东大会的法律意见书,法律意见书,2015-09-10,https://data.eastmoney.com/notices/detail/300101/AN201509100010764017.html
振芯科技,300101,300101,振芯科技,振芯科技:关于召开2015年第二次临时股东大会的提示性公告,召开股东大会提示性公告,2015-09-02,https://data.eastmoney.com/notices/detail/300101/AN201509020010699412.html
振芯科技,300101,300101,振芯科技,振芯科技:副总经理辞职公告,高管人员任职变动,2015-08-25,https://data.eastmoney.com/notices/detail/300101/AN201508240010590594.html
振芯科技,300101,300101,振芯科技,振芯科技:关于公司2015年半年度计提资产减值准备的公告,其他,2015-08-25,https://data.eastmoney.com/notices/detail/300101/AN201508240010590589.html
振芯科技,300101,300101,振芯科技,振芯科技:关于对外投资参股设立公司的公告,投资设立公司,2015-08-25,https://data.eastmoney.com/notices/detail/300101/AN201508240010590588.html
振芯科技,300101,300101,振芯科技,振芯科技:关于召开2015年第二次临时股东大会的通知,召开股东大会通知,2015-08-25,https://data.eastmoney.com/notices/detail/300101/AN201508240010590586.html
振芯科技,300101,300101,振芯科技,振芯科技:2015年半年度报告摘要,半年度报告摘要,2015-08-25,https://data.eastmoney.com/notices/detail/300101/AN201508240010590583.html
振芯科技,300101,300101,振芯科技,振芯科技:2015年半年度审计报告,审计报告,2015-08-25,https://data.eastmoney.com/notices/detail/300101/AN201508240010590574.html
振芯科技,300101,300101,振芯科技,振芯科技:第三届董事会第九次会议决议公告,分配预案,2015-08-25,https://data.eastmoney.com/notices/detail/300101/AN201508240010590562.html
振芯科技,300101,300101,振芯科技,振芯科技:2015年半年度报告披露提示性公告,其他,2015-08-25,https://data.eastmoney.com/notices/detail/300101/AN201508240010590565.html
振芯科技,300101,300101,振芯科技,振芯科技:第三届监事会第八次会议决议公告,监事会决议公告,2015-08-25,https://data.eastmoney.com/notices/detail/300101/AN201508240010590564.html
振芯科技,300101,300101,振芯科技,振芯科技:2015年半年度报告,半年度报告全文,2015-08-25,https://data.eastmoney.com/notices/detail/300101/AN201508240010590554.html
振芯科技,300101,300101,振芯科技,振芯科技:关于2015年半年度募集资金存放与使用情况专项报告,募集资金使用情况报告,2015-08-25,https://data.eastmoney.com/notices/detail/300101/AN201508240010590557.html
振芯科技,300101,300101,振芯科技,振芯科技:独立董事关于第三届董事会第九次会议相关事项的独立意见,专项说明/独立意见,2015-08-25,https://data.eastmoney.com/notices/detail/300101/AN201508240010590544.html
振芯科技,300101,300101,振芯科技,振芯科技:关于股票交易异常波动的公告(2015/7/31),股票交易异常波动,2015-07-31,https://data.eastmoney.com/notices/detail/300101/AN201507310010361248.html
振芯科技,300101,300101,振芯科技,振芯科技:关于全资子公司完成工商注册登记的公告,其他,2015-07-31,https://data.eastmoney.com/notices/detail/300101/AN201507310010360710.html
振芯科技,300101,300101,振芯科技,振芯科技:关于股票交易异常波动的公告(2015/7/27),股票交易异常波动,2015-07-27,https://data.eastmoney.com/notices/detail/300101/AN201507270010315982.html
振芯科技,300101,300101,振芯科技,振芯科技:关于公司获得政府补助的进展公告,获得补贴（资助）,2015-07-21,https://data.eastmoney.com/notices/detail/300101/AN201507210010265395.html
振芯科技,300101,300101,振芯科技,振芯科技:2015年第一次临时股东大会决议公告,股东大会决议公告,2015-07-16,https://data.eastmoney.com/notices/detail/300101/AN201507160010226125.html
振芯科技,300101,300101,振芯科技,振芯科技:关于变更独立董事的公告,高管人员任职变动,2015-07-16,https://data.eastmoney.com/notices/detail/300101/AN201507160010226124.html
振芯科技,300101,300101,振芯科技,振芯科技:2015年第一次临时股东大会的法律意见书,法律意见书,2015-07-16,https://data.eastmoney.com/notices/detail/300101/AN201507160010226123.html
振芯科技,300101,300101,振芯科技,振芯科技:关于召开2015年第一次临时股东大会的提示性公告,召开股东大会提示性公告,2015-07-13,https://data.eastmoney.com/notices/detail/300101/AN201507130010193038.html
振芯科技,300101,300101,振芯科技,振芯科技:关于积极响应维护证券市场持续稳定的公告,其他,2015-07-10,https://data.eastmoney.com/notices/detail/300101/AN201507100010178768.html
振芯科技,300101,300101,振芯科技,振芯科技:2015年7月8日投资者关系活动记录表,调研活动,2015-07-08,https://data.eastmoney.com/notices/detail/300101/AN201507090010158203.html
振芯科技,300101,300101,振芯科技,振芯科技:第三届监事会第七次会议决议公告,监事会决议公告,2015-06-29,https://data.eastmoney.com/notices/detail/300101/AN201506290010050207.html
振芯科技,300101,300101,振芯科技,振芯科技:第三届董事会第八次会议决议公告,董事会决议公告,2015-06-29,https://data.eastmoney.com/notices/detail/300101/AN201506290010050206.html
振芯科技,300101,300101,振芯科技,振芯科技:关于变更部分超募资金用途的公告,变更募集资金投资项目,2015-06-29,https://data.eastmoney.com/notices/detail/300101/AN201506290010050205.html
振芯科技,300101,300101,振芯科技,振芯科技:关于对外投资设立全资子公司的公告,投资设立公司,2015-06-29,https://data.eastmoney.com/notices/detail/300101/AN201506290010050204.html
振芯科技,300101,300101,振芯科技,振芯科技:关于超募资金使用计划的公告,其他,2015-06-29,https://data.eastmoney.com/notices/detail/300101/AN201506290010050203.html
振芯科技,300101,300101,振芯科技,振芯科技:关于召开2015年第一次临时股东大会的通知,召开股东大会通知,2015-06-29,https://data.eastmoney.com/notices/detail/300101/AN201506290010050202.html
振芯科技,300101,300101,振芯科技,振芯科技:中信建投证券股份有限公司关于公司变更超募资金使用计划并使用超募资金设立子公司事项的核查意见,保荐/核查意见,2015-06-29,https://data.eastmoney.com/notices/detail/300101/AN201506290010050201.html
振芯科技,300101,300101,振芯科技,振芯科技:关于设立成都新橙北斗智联有限公司(筹)的可行性研究报告,其他,2015-06-29,https://data.eastmoney.com/notices/detail/300101/AN201506290010050200.html
振芯科技,300101,300101,振芯科技,振芯科技:独立董事对相关事项的独立意见,专项说明/独立意见,2015-06-29,https://data.eastmoney.com/notices/detail/300101/AN201506290010050199.html
振芯科技,300101,300101,振芯科技,振芯科技:关于2015年半年度利润分配预案的预披露公告,分配预案,2015-06-26,https://data.eastmoney.com/notices/detail/300101/AN201506260010028459.html
振芯科技,300101,300101,振芯科技,振芯科技:2015年度半年度业绩预告,业绩预告,2015-06-25,https://data.eastmoney.com/notices/detail/300101/AN201506250010016447.html
振芯科技,300101,300101,振芯科技,振芯科技:关于股票交易异常波动的公告(2015-6-18),股票交易异常波动,2015-06-18,https://data.eastmoney.com/notices/detail/300101/AN201506180009965735.html
振芯科技,300101,300101,振芯科技,振芯科技:第三届董事会第七次会议决议公告,高管人员任职变动,2015-06-15,https://data.eastmoney.com/notices/detail/300101/AN201506150009930128.html
振芯科技,300101,300101,振芯科技,振芯科技:关于投资设立产业并购基金的公告,其他,2015-06-15,https://data.eastmoney.com/notices/detail/300101/AN201506150009930127.html
振芯科技,300101,300101,振芯科技,振芯科技:关于补选独立董事的公告,高管人员任职变动,2015-06-15,https://data.eastmoney.com/notices/detail/300101/AN201506150009930126.html
振芯科技,300101,300101,振芯科技,振芯科技:关于股票交易异常波动的公告(2015-6-15),股票交易异常波动,2015-06-15,https://data.eastmoney.com/notices/detail/300101/AN201506150009930125.html
振芯科技,300101,300101,振芯科技,振芯科技:独立董事候选人声明(陈宏),独立董事候选人声明,2015-06-15,https://data.eastmoney.com/notices/detail/300101/AN201506150009930124.html
振芯科技,300101,300101,振芯科技,振芯科技:独立董事对相关事项的独立意见,专项说明/独立意见,2015-06-15,https://data.eastmoney.com/notices/detail/300101/AN201506150009930123.html
振芯科技,300101,300101,振芯科技,振芯科技:独立董事提名人声明,独立董事提名人声明,2015-06-15,https://data.eastmoney.com/notices/detail/300101/AN201506150009930122.html
振芯科技,300101,300101,振芯科技,振芯科技:关于终止筹划重大资产重组事项暨股票复牌公告的补充公告,复牌公告,2015-06-11,https://data.eastmoney.com/notices/detail/300101/AN201506110009902101.html
振芯科技,300101,300101,振芯科技,振芯科技:关于终止筹划重大资产重组事项暨股票复牌的公告,复牌公告,2015-06-11,https://data.eastmoney.com/notices/detail/300101/AN201506100009891295.html
振芯科技,300101,300101,振芯科技,振芯科技:关于重大资产重组进展的公告,停牌公告,2015-06-05,https://data.eastmoney.com/notices/detail/300101/AN201506050009851707.html
振芯科技,300101,300101,振芯科技,振芯科技:关于使用闲置资金购买理财产品的进展公告,投资理财,2015-06-05,https://data.eastmoney.com/notices/detail/300101/AN201506050009851706.html
振芯科技,300101,300101,振芯科技,振芯科技:2014年年度权益分派实施公告,分配方案实施,2015-06-03,https://data.eastmoney.com/notices/detail/300101/AN201506020009814419.html
振芯科技,300101,300101,振芯科技,振芯科技:关于控股股东股权质押的公告,股份质押、冻结,2015-06-02,https://data.eastmoney.com/notices/detail/300101/AN201506020009813129.html
振芯科技,300101,300101,振芯科技,振芯科技:关于重大资产重组进展的公告,停牌公告,2015-05-29,https://data.eastmoney.com/notices/detail/300101/AN201505290009779068.html
振芯科技,300101,300101,振芯科技,振芯科技:关于重大资产重组进展的公告,停牌公告,2015-05-22,https://data.eastmoney.com/notices/detail/300101/AN201505220009711632.html
振芯科技,300101,300101,振芯科技,振芯科技:关于使用闲置资金购买理财产品的进展公告,投资理财,2015-05-15,https://data.eastmoney.com/notices/detail/300101/AN201505150009637054.html
振芯科技,300101,300101,振芯科技,振芯科技:关于重大资产重组进展的公告,停牌公告,2015-05-15,https://data.eastmoney.com/notices/detail/300101/AN201505150009637053.html
振芯科技,300101,300101,振芯科技,振芯科技:关于筹划重组停牌期满申请继续停牌公告,停牌公告,2015-05-09,https://data.eastmoney.com/notices/detail/300101/AN201505080009554614.html
振芯科技,300101,300101,振芯科技,振芯科技:关于重大资产重组进展的公告,停牌公告,2015-04-30,https://data.eastmoney.com/notices/detail/300101/AN201504300009449773.html
振芯科技,300101,300101,振芯科技,振芯科技:关于重大资产重组进展的公告,停牌公告,2015-04-24,https://data.eastmoney.com/notices/detail/300101/AN201504240009356246.html
振芯科技,300101,300101,振芯科技,振芯科技:第三届董事会第六次会议决议公告,董事会决议公告,2015-04-24,https://data.eastmoney.com/notices/detail/300101/AN201504230009335800.html
振芯科技,300101,300101,振芯科技,振芯科技:2015年第一季度报告披露提示性公告,其他,2015-04-24,https://data.eastmoney.com/notices/detail/300101/AN201504230009335799.html
振芯科技,300101,300101,振芯科技,振芯科技:2015年第一季度报告全文,一季度报告全文,2015-04-24,https://data.eastmoney.com/notices/detail/300101/AN201504230009335798.html
振芯科技,300101,300101,振芯科技,振芯科技:关于重大资产重组进展的公告,停牌公告,2015-04-17,https://data.eastmoney.com/notices/detail/300101/AN201504170009246884.html
振芯科技,300101,300101,振芯科技,振芯科技:2014年年度股东大会决议公告,分配方案决议公告,2015-04-16,https://data.eastmoney.com/notices/detail/300101/AN201504160009232106.html
振芯科技,300101,300101,振芯科技,振芯科技:2014年年度股东大会的法律意见书,法律意见书,2015-04-16,https://data.eastmoney.com/notices/detail/300101/AN201504160009232105.html
振芯科技,300101,300101,振芯科技,振芯科技:关于使用闲置资金购买理财产品的进展公告,投资理财,2015-04-15,https://data.eastmoney.com/notices/detail/300101/AN201504150009213923.html
振芯科技,300101,300101,振芯科技,振芯科技:关于公司第三届董事会独立董事辞职的公告,高管人员任职变动,2015-04-13,https://data.eastmoney.com/notices/detail/300101/AN201504130009174060.html
振芯科技,300101,300101,振芯科技,振芯科技:关于重大资产重组进展的公告,停牌公告,2015-04-10,https://data.eastmoney.com/notices/detail/300101/AN201504100009157475.html
振芯科技,300101,300101,振芯科技,振芯科技:关于变更2014年年度股东大会召开地点的提示性公告,变更股东大会地点,2015-04-09,https://data.eastmoney.com/notices/detail/300101/AN201504090009145621.html
振芯科技,300101,300101,振芯科技,振芯科技:2015年第一次临时董事会会议决议公告,董事会决议公告,2015-04-09,https://data.eastmoney.com/notices/detail/300101/AN201504090009145620.html
振芯科技,300101,300101,振芯科技,振芯科技:关于筹划重组停牌期满申请继续停牌公告,停牌公告,2015-04-08,https://data.eastmoney.com/notices/detail/300101/AN201504070009111299.html
振芯科技,300101,300101,振芯科技,振芯科技:关于使用闲置资金购买理财产品的进展公告,投资理财,2015-04-07,https://data.eastmoney.com/notices/detail/300101/AN201504070009110577.html
振芯科技,300101,300101,振芯科技,振芯科技:关于召开2014年年度股东大会的提示性公告,召开股东大会提示性公告,2015-04-07,https://data.eastmoney.com/notices/detail/300101/AN201504070009110576.html
振芯科技,300101,300101,振芯科技,振芯科技:关于重大资产重组进展的公告,停牌公告,2015-04-03,https://data.eastmoney.com/notices/detail/300101/AN201504030009086323.html
振芯科技,300101,300101,振芯科技,振芯科技:关于使用闲置资金购买理财产品的进展公告,投资理财,2015-03-30,https://data.eastmoney.com/notices/detail/300101/AN201503300008995243.html
振芯科技,300101,300101,振芯科技,振芯科技:关于重大资产重组停牌的公告,停牌公告,2015-03-28,https://data.eastmoney.com/notices/detail/300101/AN201503270008952234.html
振芯科技,300101,300101,振芯科技,振芯科技:关于重大事项继续停牌的公告,停牌公告,2015-03-24,https://data.eastmoney.com/notices/detail/300101/AN201503240008871642.html
振芯科技,300101,300101,振芯科技,振芯科技:关于举行2014年度业绩网上说明会的公告,其他,2015-03-24,https://data.eastmoney.com/notices/detail/300101/AN201503240008871641.html
振芯科技,300101,300101,振芯科技,振芯科技:2014年年度报告摘要,年度报告摘要,2015-03-24,https://data.eastmoney.com/notices/detail/300101/AN201503230008844343.html
振芯科技,300101,300101,振芯科技,振芯科技:2014年年度审计报告,审计报告,2015-03-24,https://data.eastmoney.com/notices/detail/300101/AN201503230008844317.html
振芯科技,300101,300101,振芯科技,振芯科技:2014年年度报告披露提示性公告,其他,2015-03-24,https://data.eastmoney.com/notices/detail/300101/AN201503230008844253.html
振芯科技,300101,300101,振芯科技,振芯科技:2014年年度报告,年度报告全文,2015-03-24,https://data.eastmoney.com/notices/detail/300101/AN201503230008844252.html
振芯科技,300101,300101,振芯科技,振芯科技:2014年度监事会工作报告,其他,2015-03-24,https://data.eastmoney.com/notices/detail/300101/AN201503230008844251.html
振芯科技,300101,300101,振芯科技,振芯科技:2014年度募集资金年度存放与使用情况的鉴证报告,保荐/核查意见,2015-03-24,https://data.eastmoney.com/notices/detail/300101/AN201503230008844250.html
振芯科技,300101,300101,振芯科技,振芯科技:《独立董事工作制度》修订对照表,管理办法/制度,2015-03-24,https://data.eastmoney.com/notices/detail/300101/AN201503230008844200.html
振芯科技,300101,300101,振芯科技,振芯科技:2015年第一季度业绩预告,业绩预告,2015-03-24,https://data.eastmoney.com/notices/detail/300101/AN201503230008844199.html
振芯科技,300101,300101,振芯科技,振芯科技:第三届董事会第五次会议决议公告,分配预案,2015-03-24,https://data.eastmoney.com/notices/detail/300101/AN201503230008844198.html
振芯科技,300101,300101,振芯科技,振芯科技:第三届监事会第五次会议决议公告,其他,2015-03-24,https://data.eastmoney.com/notices/detail/300101/AN201503230008844197.html
振芯科技,300101,300101,振芯科技,振芯科技:独立董事2014年度述职报告(傅江),独立董事述职报告,2015-03-24,https://data.eastmoney.com/notices/detail/300101/AN201503230008844196.html
振芯科技,300101,300101,振芯科技,振芯科技:独立董事2014年度述职报告(曾勇),独立董事述职报告,2015-03-24,https://data.eastmoney.com/notices/detail/300101/AN201503230008844195.html
振芯科技,300101,300101,振芯科技,振芯科技:独立董事2014年度述职报告(江才),独立董事述职报告,2015-03-24,https://data.eastmoney.com/notices/detail/300101/AN201503230008844194.html
振芯科技,300101,300101,振芯科技,振芯科技:独立董事2014年度述职报告(胡洋瑄),独立董事述职报告,2015-03-24,https://data.eastmoney.com/notices/detail/300101/AN201503230008844193.html
振芯科技,300101,300101,振芯科技,振芯科技:独立董事2014年度述职报告(赵泽松),独立董事述职报告,2015-03-24,https://data.eastmoney.com/notices/detail/300101/AN201503230008844191.html
振芯科技,300101,300101,振芯科技,振芯科技:独立董事2014年度述职报告(邹寿彬),独立董事述职报告,2015-03-24,https://data.eastmoney.com/notices/detail/300101/AN201503230008844186.html
振芯科技,300101,300101,振芯科技,振芯科技:关于召开2014年年度股东大会的通知,召开股东大会通知,2015-03-24,https://data.eastmoney.com/notices/detail/300101/AN201503230008844184.html
振芯科技,300101,300101,振芯科技,振芯科技:关于公司2014年度计提资产减值准备的公告,其他,2015-03-24,https://data.eastmoney.com/notices/detail/300101/AN201503230008844174.html
振芯科技,300101,300101,振芯科技,振芯科技:关于2014年度募集资金存放与使用情况专项报告,募集资金使用情况报告,2015-03-24,https://data.eastmoney.com/notices/detail/300101/AN201503230008844172.html
振芯科技,300101,300101,振芯科技,振芯科技:关于公司2014年度内部控制自我评价报告,内部控制报告,2015-03-24,https://data.eastmoney.com/notices/detail/300101/AN201503230008844171.html
振芯科技,300101,300101,振芯科技,振芯科技:募集资金管理办法修订对照表,管理办法/制度,2015-03-24,https://data.eastmoney.com/notices/detail/300101/AN201503230008844170.html
振芯科技,300101,300101,振芯科技,振芯科技:募集资金管理办法(2015年3月),管理办法/制度,2015-03-24,https://data.eastmoney.com/notices/detail/300101/AN201503230008844169.html
振芯科技,300101,300101,振芯科技,振芯科技:控股股东及其他关联方占用资金情况专项审核说明,保荐/核查意见,2015-03-24,https://data.eastmoney.com/notices/detail/300101/AN201503230008844168.html
振芯科技,300101,300101,振芯科技,振芯科技:独立董事对相关事项的独立意见,专项说明/独立意见,2015-03-24,https://data.eastmoney.com/notices/detail/300101/AN201503230008844166.html
振芯科技,300101,300101,振芯科技,振芯科技:独立董事工作制度(2015年3月),管理办法/制度,2015-03-24,https://data.eastmoney.com/notices/detail/300101/AN201503230008844165.html
振芯科技,300101,300101,振芯科技,振芯科技:中信建投证券股份有限公司关于公司2014年度募集资金存放与使用情况的专项核查意见,保荐/核查意见,2015-03-24,https://data.eastmoney.com/notices/detail/300101/AN201503230008844162.html
振芯科技,300101,300101,振芯科技,振芯科技:关于公司及子公司再次被认定为高新技术企业的公告,获得认证,2015-03-23,https://data.eastmoney.com/notices/detail/300101/AN201503230008844134.html
振芯科技,300101,300101,振芯科技,振芯科技:关于重大事项继续停牌的公告,停牌公告,2015-03-17,https://data.eastmoney.com/notices/detail/300101/AN201503170008786159.html
振芯科技,300101,300101,振芯科技,振芯科技:关于使用闲置资金购买理财产品的进展公告(2015-3-13),投资理财,2015-03-13,https://data.eastmoney.com/notices/detail/300101/AN201503130008755950.html
振芯科技,300101,300101,振芯科技,振芯科技:关于使用闲置资金购买理财产品的进展公告(2015-3-11),投资理财,2015-03-11,https://data.eastmoney.com/notices/detail/300101/AN201503110008728711.html
振芯科技,300101,300101,振芯科技,振芯科技:重大事项停牌公告,停牌公告,2015-03-11,https://data.eastmoney.com/notices/detail/300101/AN201503100008718210.html
振芯科技,300101,300101,振芯科技,振芯科技:关于合资公司签订《募集资金四方监管协议》的公告,签订协议,2015-03-02,https://data.eastmoney.com/notices/detail/300101/AN201503020008627415.html
振芯科技,300101,300101,振芯科技,振芯科技:2014年度业绩快报,业绩快报,2015-02-13,https://data.eastmoney.com/notices/detail/300101/AN201502130008389627.html
振芯科技,300101,300101,振芯科技,振芯科技:关于使用闲置资金购买理财产品的进展公告(2015-2-12),投资理财,2015-02-12,https://data.eastmoney.com/notices/detail/300101/AN201502120008375472.html
振芯科技,300101,300101,振芯科技,振芯科技:关于公司及控股子公司使用闲置自有资金购买理财产品的进展公告2015,投资理财,2015-02-02,https://data.eastmoney.com/notices/detail/300101/AN201502020008271083.html
振芯科技,300101,300101,振芯科技,振芯科技:2014年年度业绩预告,业绩预告,2015-01-29,https://data.eastmoney.com/notices/detail/300101/AN201501290008244122.html
振芯科技,300101,300101,振芯科技,振芯科技:第三届董事会第四次会议决议公告,其他,2015-01-27,https://data.eastmoney.com/notices/detail/300101/AN201501270008224882.html
振芯科技,300101,300101,振芯科技,振芯科技:第三届监事会第四次会议决议公告,其他,2015-01-27,https://data.eastmoney.com/notices/detail/300101/AN201501270008224881.html
振芯科技,300101,300101,振芯科技,振芯科技:关于公司及控股子公司使用暂时闲置的超募资金和自有资金购买理财产品的公告,投资理财,2015-01-27,https://data.eastmoney.com/notices/detail/300101/AN201501270008224880.html
振芯科技,300101,300101,振芯科技,振芯科技:委托理财管理制度(2015年1月),管理办法/制度,2015-01-27,https://data.eastmoney.com/notices/detail/300101/AN201501270008224879.html
振芯科技,300101,300101,振芯科技,振芯科技:独立董事关于公司及控股子公司使用暂时闲置资金购买理财产品的独立意见,专项说明/独立意见,2015-01-27,https://data.eastmoney.com/notices/detail/300101/AN201501270008224878.html
振芯科技,300101,300101,振芯科技,振芯科技:中信建投证券股份有限公司关于公司使用闲置超募资金购买理财产品的核查意见,保荐/核查意见,2015-01-27,https://data.eastmoney.com/notices/detail/300101/AN201501270008224877.html
振芯科技,300101,300101,振芯科技,振芯科技:关于公司获得政府补助的进展公告,获得补贴（资助）,2014-12-31,https://data.eastmoney.com/notices/detail/300101/AN201412300008031670.html
振芯科技,300101,300101,振芯科技,振芯科技:关于控股股东开展融资融券及继续股权质押的公告,股份质押、冻结,2014-12-31,https://data.eastmoney.com/notices/detail/300101/AN201412300008031669.html
振芯科技,300101,300101,振芯科技,振芯科技:关于收到国有土地补偿款尾款的公告,其他,2014-12-31,https://data.eastmoney.com/notices/detail/300101/AN201412300008031668.html
振芯科技,300101,300101,振芯科技,振芯科技:关于签署《国有土地使用权收购补偿协议》及收到补偿款的公告,签订协议,2014-12-20,https://data.eastmoney.com/notices/detail/300101/AN201412190007956142.html
振芯科技,300101,300101,振芯科技,振芯科技:关于合资公司完成工商注册登记的公告,公司关联方基本资料变更,2014-12-20,https://data.eastmoney.com/notices/detail/300101/AN201412190007956141.html
振芯科技,300101,300101,振芯科技,振芯科技:2014年12月10日投资者关系活动记录表,调研活动,2014-12-11,https://data.eastmoney.com/notices/detail/300101/AN201412110007877051.html
振芯科技,300101,300101,振芯科技,振芯科技:关于控股股东进行股票质押式回购交易的公告,股份质押、冻结,2014-11-28,https://data.eastmoney.com/notices/detail/300101/AN201411280007763741.html
振芯科技,300101,300101,振芯科技,振芯科技:2014年11月10日投资者关系活动记录表,调研活动,2014-11-11,https://data.eastmoney.com/notices/detail/300101/AN201411110007604955.html
振芯科技,300101,300101,振芯科技,振芯科技:关于公司获得国家发改委卫星应用专项的公告,其他,2014-11-11,https://data.eastmoney.com/notices/detail/300101/AN201411100007593059.html
振芯科技,300101,300101,振芯科技,振芯科技:关于公司获得政府补助的公告,获得补贴（资助）,2014-11-11,https://data.eastmoney.com/notices/detail/300101/AN201411100007593058.html
振芯科技,300101,300101,振芯科技,振芯科技:2014年11月6日投资者关系活动记录表,调研活动,2014-11-07,https://data.eastmoney.com/notices/detail/300101/AN201411070007577564.html
振芯科技,300101,300101,振芯科技,振芯科技:关于超募资金使用计划的公告,募集资金使用进展情况,2014-10-27,https://data.eastmoney.com/notices/detail/300101/AN201410260007431345.html
振芯科技,300101,300101,振芯科技,振芯科技:2014年第三季度报告全文,三季度报告全文,2014-10-27,https://data.eastmoney.com/notices/detail/300101/AN201410260007431342.html
振芯科技,300101,300101,振芯科技,振芯科技:关于使用超募资金投资设立合资公司的可行性研究报告,其他,2014-10-27,https://data.eastmoney.com/notices/detail/300101/AN201410260007431337.html
振芯科技,300101,300101,振芯科技,振芯科技:第三届董事会第三次会议决议公告,其他,2014-10-27,https://data.eastmoney.com/notices/detail/300101/AN201410260007431326.html
振芯科技,300101,300101,振芯科技,振芯科技:关于对外投资设立合资公司的公告,投资设立公司,2014-10-27,https://data.eastmoney.com/notices/detail/300101/AN201410260007431325.html
振芯科技,300101,300101,振芯科技,振芯科技:2014年第三季度报告披露提示性公告,其他,2014-10-27,https://data.eastmoney.com/notices/detail/300101/AN201410260007431322.html
振芯科技,300101,300101,振芯科技,振芯科技:中信建投证券股份有限公司关于公司使用部分超募资金设立合资公司的核查意见,保荐/核查意见,2014-10-27,https://data.eastmoney.com/notices/detail/300101/AN201410260007431321.html
振芯科技,300101,300101,振芯科技,振芯科技:独立董事关于公司超募资金使用计划的独立意见,专项说明/独立意见,2014-10-27,https://data.eastmoney.com/notices/detail/300101/AN201410260007431317.html
振芯科技,300101,300101,振芯科技,振芯科技:2014年度前三季度业绩预告,业绩预告,2014-10-15,https://data.eastmoney.com/notices/detail/300101/AN201410140007294431.html
振芯科技,300101,300101,振芯科技,振芯科技:关于举行2014年半年报业绩说明会的公告,其他,2014-09-12,https://data.eastmoney.com/notices/detail/300101/AN201409110006966612.html
振芯科技,300101,300101,振芯科技,振芯科技:2014年9月10日投资者关系活动记录表,调研活动,2014-09-11,https://data.eastmoney.com/notices/detail/300101/AN201409120006970345.html
振芯科技,300101,300101,振芯科技,振芯科技:2014年第三次临时股东大会的法律意见书,法律意见书,2014-09-05,https://data.eastmoney.com/notices/detail/300101/AN201409050006909690.html
振芯科技,300101,300101,振芯科技,振芯科技:2014年第三次临时股东大会决议公告,股东大会决议公告,2014-09-05,https://data.eastmoney.com/notices/detail/300101/AN201409050006909689.html
振芯科技,300101,300101,振芯科技,振芯科技:变更公司英文名称和网站域名的公告,公司名称变更,2014-09-05,https://data.eastmoney.com/notices/detail/300101/AN201409050006909688.html
振芯科技,300101,300101,振芯科技,振芯科技:关于召开2014年第三次临时股东大会的提示性公告,召开股东大会提示性公告,2014-08-30,https://data.eastmoney.com/notices/detail/300101/AN201408290006835381.html
振芯科技,300101,300101,振芯科技,振芯科技:2014年8月21日投资者关系活动记录表,调研活动,2014-08-22,https://data.eastmoney.com/notices/detail/300101/AN201408250006763748.html
振芯科技,300101,300101,振芯科技,振芯科技:关于召开2014年第三次临时股东大会的通知,召开股东大会通知,2014-08-20,https://data.eastmoney.com/notices/detail/300101/AN201408190006704921.html
振芯科技,300101,300101,振芯科技,振芯科技:关于会计政策变更的公告,其他,2014-08-20,https://data.eastmoney.com/notices/detail/300101/AN201408190006704920.html
振芯科技,300101,300101,振芯科技,振芯科技:关于新增BOT和BT项目会计核算政策的公告,其他,2014-08-20,https://data.eastmoney.com/notices/detail/300101/AN201408190006704919.html
振芯科技,300101,300101,振芯科技,振芯科技:2014年半年度报告摘要,半年度报告摘要,2014-08-20,https://data.eastmoney.com/notices/detail/300101/AN201408190006704918.html
振芯科技,300101,300101,振芯科技,振芯科技:第三届董事会第二次会议决议公告,高管人员任职变动,2014-08-20,https://data.eastmoney.com/notices/detail/300101/AN201408190006704917.html
振芯科技,300101,300101,振芯科技,振芯科技:2014年半年度报告披露提示性公告,其他,2014-08-20,https://data.eastmoney.com/notices/detail/300101/AN201408190006704916.html
振芯科技,300101,300101,振芯科技,振芯科技:第三届监事会第二次会议决议公告,其他,2014-08-20,https://data.eastmoney.com/notices/detail/300101/AN201408190006704915.html
振芯科技,300101,300101,振芯科技,振芯科技:2014年半年度报告,半年度报告全文,2014-08-20,https://data.eastmoney.com/notices/detail/300101/AN201408190006704914.html
振芯科技,300101,300101,振芯科技,振芯科技:关于2014年半年度募集资金存放与使用情况专项报告,募集资金使用情况报告,2014-08-20,https://data.eastmoney.com/notices/detail/300101/AN201408190006704913.html
振芯科技,300101,300101,振芯科技,振芯科技:《公司章程》修订对照表,公司章程修订,2014-08-20,https://data.eastmoney.com/notices/detail/300101/AN201408190006704912.html
振芯科技,300101,300101,振芯科技,振芯科技:公司章程(2014年8月),公司章程,2014-08-20,https://data.eastmoney.com/notices/detail/300101/AN201408190006704911.html
振芯科技,300101,300101,振芯科技,振芯科技:独立董事关于公司相关事项的独立意见,专项说明/独立意见,2014-08-20,https://data.eastmoney.com/notices/detail/300101/AN201408190006704910.html
振芯科技,300101,300101,振芯科技,振芯科技:股东大会议事规则(2014年8月),议事规则/实施细则,2014-08-20,https://data.eastmoney.com/notices/detail/300101/AN201408190006704909.html
振芯科技,300101,300101,振芯科技,振芯科技:2014年半年度业绩预告,业绩预告,2014-07-15,https://data.eastmoney.com/notices/detail/300101/AN201407140006331275.html
振芯科技,300101,300101,振芯科技,振芯科技:2014年7月10日投资者关系活动记录表,调研活动,2014-07-11,https://data.eastmoney.com/notices/detail/300101/AN201407110006292689.html
振芯科技,300101,300101,振芯科技,振芯科技:2014年6月26日投资者关系活动记录表,调研活动,2014-06-30,https://data.eastmoney.com/notices/detail/300101/AN201406300006188902.html
振芯科技,300101,300101,振芯科技,振芯科技:关于全资子公司签订《募集资金四方监管协议》的公告,签订协议,2014-06-13,https://data.eastmoney.com/notices/detail/300101/AN201406130006062748.html
振芯科技,300101,300101,振芯科技,振芯科技:2014年6月10日投资者关系活动记录表,调研活动,2014-06-11,https://data.eastmoney.com/notices/detail/300101/AN201406110006042140.html
振芯科技,300101,300101,振芯科技,振芯科技:关于控股股东部分股份解除质押的公告,股份质押、冻结,2014-06-06,https://data.eastmoney.com/notices/detail/300101/AN201406050005997342.html
振芯科技,300101,300101,振芯科技,振芯科技:关于控股股东开展融资融券业务的公告,其他,2014-05-30,https://data.eastmoney.com/notices/detail/300101/AN201405300005949232.html
振芯科技,300101,300101,振芯科技,振芯科技:独立董事关于聘任公司高级管理人员的独立意见,专项说明/独立意见,2014-05-27,https://data.eastmoney.com/notices/detail/300101/AN201405270005908675.html
振芯科技,300101,300101,振芯科技,振芯科技:第三届监事会第一次会议决议公告,高管人员任职变动,2014-05-27,https://data.eastmoney.com/notices/detail/300101/AN201405270005908674.html
振芯科技,300101,300101,振芯科技,振芯科技:合同管理制度(2014年5月),管理办法/制度,2014-05-27,https://data.eastmoney.com/notices/detail/300101/AN201405270005908667.html
振芯科技,300101,300101,振芯科技,振芯科技:第三届董事会第一次会议决议公告,高管人员任职变动,2014-05-27,https://data.eastmoney.com/notices/detail/300101/AN201405270005908660.html
振芯科技,300101,300101,振芯科技,振芯科技:首次公开发行前已发行股份上市流通的提示性公告,限售股份上市流通,2014-05-26,https://data.eastmoney.com/notices/detail/300101/AN201405260005905233.html
振芯科技,300101,300101,振芯科技,振芯科技:中信建投证券股份有限公司关于公司限售股份上市流通的核查意见,保荐/核查意见,2014-05-26,https://data.eastmoney.com/notices/detail/300101/AN201405260005905232.html
振芯科技,300101,300101,振芯科技,振芯科技:关于公司网站暂时关闭的公告,其他,2014-05-14,https://data.eastmoney.com/notices/detail/300101/AN201405130005797447.html
振芯科技,300101,300101,振芯科技,振芯科技:2014年第二次临时股东大会决议公告,股东大会决议公告,2014-05-13,https://data.eastmoney.com/notices/detail/300101/AN201405120005787383.html
振芯科技,300101,300101,振芯科技,振芯科技:关于董事、独立董事换届离任的公告,高管人员任职变动,2014-05-13,https://data.eastmoney.com/notices/detail/300101/AN201405120005787371.html
振芯科技,300101,300101,振芯科技,振芯科技:2014年第二次临时股东大会的法律意见书,法律意见书,2014-05-13,https://data.eastmoney.com/notices/detail/300101/AN201405120005787437.html
振芯科技,300101,300101,振芯科技,振芯科技:关于全资子公司完成工商注册登记的公告,公司关联方基本资料变更,2014-05-05,https://data.eastmoney.com/notices/detail/300101/AN201405040005652317.html
振芯科技,300101,300101,振芯科技,国腾电子:关于完成工商变更登记的公告,公司名称变更,2014-04-30,https://data.eastmoney.com/notices/detail/300101/AN201404290005599271.html
振芯科技,300101,300101,振芯科技,国腾电子:变更公司名称和证券简称的公告,证券简称变更,2014-04-30,https://data.eastmoney.com/notices/detail/300101/AN201404290005599270.html
振芯科技,300101,300101,振芯科技,国腾电子:关于使用募投项目节余募集资金永久补充流动资金的公告,募集资金补充流动资金,2014-04-25,https://data.eastmoney.com/notices/detail/300101/AN201404250005517146.html
振芯科技,300101,300101,振芯科技,国腾电子:中信建投证券股份有限公司关于公司募投项目节余资金永久补充流动资金的核查意见,保荐/核查意见,2014-04-25,https://data.eastmoney.com/notices/detail/300101/AN201404250005517145.html
振芯科技,300101,300101,振芯科技,国腾电子:关于选举产生第二届监事会职工监事的公告,高管人员任职变动,2014-04-25,https://data.eastmoney.com/notices/detail/300101/AN201404240005513066.html
振芯科技,300101,300101,振芯科技,国腾电子:关于召开2014年第二次临时股东大会的通知,召开股东大会通知,2014-04-25,https://data.eastmoney.com/notices/detail/300101/AN201404240005513065.html
振芯科技,300101,300101,振芯科技,国腾电子:独立董事提名人声明(三),独立董事提名人声明,2014-04-25,https://data.eastmoney.com/notices/detail/300101/AN201404240005513063.html
振芯科技,300101,300101,振芯科技,国腾电子:独立董事提名人声明(二),独立董事提名人声明,2014-04-25,https://data.eastmoney.com/notices/detail/300101/AN201404240005513062.html
振芯科技,300101,300101,振芯科技,国腾电子:独立董事提名人声明(一),独立董事提名人声明,2014-04-25,https://data.eastmoney.com/notices/detail/300101/AN201404240005513061.html
振芯科技,300101,300101,振芯科技,国腾电子:独立董事候选人声明(傅江),独立董事候选人声明,2014-04-25,https://data.eastmoney.com/notices/detail/300101/AN201404240005513060.html
振芯科技,300101,300101,振芯科技,国腾电子:独立董事候选人声明(曾勇),独立董事候选人声明,2014-04-25,https://data.eastmoney.com/notices/detail/300101/AN201404240005513059.html
振芯科技,300101,300101,振芯科技,国腾电子:独立董事候选人声明(赵泽松),独立董事候选人声明,2014-04-25,https://data.eastmoney.com/notices/detail/300101/AN201404240005513058.html
振芯科技,300101,300101,振芯科技,国腾电子:第二届董事会第二十六次会议决议公告,高管人员任职变动,2014-04-25,https://data.eastmoney.com/notices/detail/300101/AN201404240005513057.html
振芯科技,300101,300101,振芯科技,国腾电子:第二届监事会第十六次会议决议公告,高管人员任职变动,2014-04-25,https://data.eastmoney.com/notices/detail/300101/AN201404240005513056.html
振芯科技,300101,300101,振芯科技,国腾电子:独立董事对相关事项的独立意见,专项说明/独立意见,2014-04-25,https://data.eastmoney.com/notices/detail/300101/AN201404240005513055.html
振芯科技,300101,300101,振芯科技,国腾电子:2014年第一季度报告披露提示性公告,其他,2014-04-25,https://data.eastmoney.com/notices/detail/300101/AN201404240005513054.html
振芯科技,300101,300101,振芯科技,国腾电子:2014年第一季度报告全文,一季度报告全文,2014-04-25,https://data.eastmoney.com/notices/detail/300101/AN201404240005513053.html
振芯科技,300101,300101,振芯科技,国腾电子:2014年4月22日投资者关系活动记录表,调研活动,2014-04-23,https://data.eastmoney.com/notices/detail/300101/AN201404230005491238.html
振芯科技,300101,300101,振芯科技,国腾电子:2014年第一次临时股东大会的法律意见书,法律意见书,2014-04-22,https://data.eastmoney.com/notices/detail/300101/AN201404220005473043.html
振芯科技,300101,300101,振芯科技,国腾电子:2014年第一次临时股东大会决议公告,股东大会决议公告,2014-04-22,https://data.eastmoney.com/notices/detail/300101/AN201404220005473042.html
振芯科技,300101,300101,振芯科技,国腾电子:澄清公告,澄清公告,2014-04-22,https://data.eastmoney.com/notices/detail/300101/AN201404220005473039.html
振芯科技,300101,300101,振芯科技,国腾电子:2014年4月18日投资者关系活动记录表,调研活动,2014-04-21,https://data.eastmoney.com/notices/detail/300101/AN201404210005468955.html
振芯科技,300101,300101,振芯科技,国腾电子:2013年年度股东大会决议公告,分配方案决议公告,2014-04-15,https://data.eastmoney.com/notices/detail/300101/AN201404150005438172.html
振芯科技,300101,300101,振芯科技,国腾电子:2013年年度股东大会的法律意见书,法律意见书,2014-04-15,https://data.eastmoney.com/notices/detail/300101/AN201404150005438171.html
振芯科技,300101,300101,振芯科技,国腾电子:关于召开2014年第一次临时股东大会的提示性公告,召开股东大会提示性公告,2014-04-15,https://data.eastmoney.com/notices/detail/300101/AN201404140005431148.html
振芯科技,300101,300101,振芯科技,国腾电子:关于召开2013年年度股东大会的提示性公告,召开股东大会提示性公告,2014-04-09,https://data.eastmoney.com/notices/detail/300101/AN201404080005393329.html
振芯科技,300101,300101,振芯科技,国腾电子:2014年4月3日投资者关系活动记录表,调研活动,2014-04-04,https://data.eastmoney.com/notices/detail/300101/AN201404040005381426.html
振芯科技,300101,300101,振芯科技,国腾电子:中信建投证券股份有限公司关于公司首次公开发行的保荐总结报告书,保荐/核查意见,2014-04-04,https://data.eastmoney.com/notices/detail/300101/AN201404040005380936.html
振芯科技,300101,300101,振芯科技,国腾电子:中信建投证券股份有限公司关于公司2013年度持续督导跟踪报告,保荐/核查意见,2014-04-04,https://data.eastmoney.com/notices/detail/300101/AN201404040005380926.html
振芯科技,300101,300101,振芯科技,国腾电子:第二届董事会第二十五次会议决议公告,其他,2014-04-02,https://data.eastmoney.com/notices/detail/300101/AN201404020005368303.html
振芯科技,300101,300101,振芯科技,国腾电子:独立董事关于公司超募资金使用计划的独立意见,专项说明/独立意见,2014-04-02,https://data.eastmoney.com/notices/detail/300101/AN201404020005368302.html
振芯科技,300101,300101,振芯科技,国腾电子:公司章程(2014年4月),公司章程,2014-04-02,https://data.eastmoney.com/notices/detail/300101/AN201404020005368301.html
振芯科技,300101,300101,振芯科技,国腾电子:关于超募资金使用计划的公告,募集资金使用进展情况,2014-04-02,https://data.eastmoney.com/notices/detail/300101/AN201404020005368300.html
振芯科技,300101,300101,振芯科技,国腾电子:关于对外投资设立全资子公司的公告,投资设立公司,2014-04-02,https://data.eastmoney.com/notices/detail/300101/AN201404020005368299.html
振芯科技,300101,300101,振芯科技,国腾电子:关于控股子公司完成工商变更登记的公告,公司关联方基本资料变更,2014-04-02,https://data.eastmoney.com/notices/detail/300101/AN201404020005368298.html
振芯科技,300101,300101,振芯科技,国腾电子:关于使用超募资金成立全资子公司的可行性研究报告,其他,2014-04-02,https://data.eastmoney.com/notices/detail/300101/AN201404020005368297.html
振芯科技,300101,300101,振芯科技,国腾电子:关于召开2014年第一次临时股东大会的通知,召开股东大会通知,2014-04-02,https://data.eastmoney.com/notices/detail/300101/AN201404020005368296.html
振芯科技,300101,300101,振芯科技,国腾电子:中信建投证券股份有限公司关于公司使用部分超募资金设立全资子公司的核查意见,保荐/核查意见,2014-04-02,https://data.eastmoney.com/notices/detail/300101/AN201404020005368295.html
振芯科技,300101,300101,振芯科技,国腾电子:关于举行2013年度业绩网上说明会的公告,其他,2014-03-25,https://data.eastmoney.com/notices/detail/300101/AN201403240005304715.html
振芯科技,300101,300101,振芯科技,国腾电子:2013年年度报告,年度报告全文,2014-03-22,https://data.eastmoney.com/notices/detail/300101/AN201403210005296482.html
振芯科技,300101,300101,振芯科技,国腾电子:2013年度募集资金年度存放与使用情况的鉴证报告,保荐/核查意见,2014-03-22,https://data.eastmoney.com/notices/detail/300101/AN201403210005296481.html
振芯科技,300101,300101,振芯科技,国腾电子:2013年年度报告摘要,年度报告摘要,2014-03-22,https://data.eastmoney.com/notices/detail/300101/AN201403210005296480.html
振芯科技,300101,300101,振芯科技,国腾电子:2013年年度报告披露提示性公告,其他,2014-03-22,https://data.eastmoney.com/notices/detail/300101/AN201403210005296479.html
振芯科技,300101,300101,振芯科技,国腾电子:2014年第一季度业绩预告,业绩预告,2014-03-22,https://data.eastmoney.com/notices/detail/300101/AN201403210005296478.html
振芯科技,300101,300101,振芯科技,国腾电子:2013年年度审计报告,审计报告,2014-03-22,https://data.eastmoney.com/notices/detail/300101/AN201403210005296477.html
振芯科技,300101,300101,振芯科技,国腾电子:第二届董事会第二十四次会议决议公告,分配预案,2014-03-22,https://data.eastmoney.com/notices/detail/300101/AN201403210005296476.html
振芯科技,300101,300101,振芯科技,国腾电子:第二届监事会第十五次会议决议公告,其他,2014-03-22,https://data.eastmoney.com/notices/detail/300101/AN201403210005296475.html
振芯科技,300101,300101,振芯科技,国腾电子:独立董事2013年度述职报告(胡洋瑄),独立董事述职报告,2014-03-22,https://data.eastmoney.com/notices/detail/300101/AN201403210005296474.html
振芯科技,300101,300101,振芯科技,国腾电子:独立董事2013年度述职报告(江才),独立董事述职报告,2014-03-22,https://data.eastmoney.com/notices/detail/300101/AN201403210005296473.html
振芯科技,300101,300101,振芯科技,国腾电子:独立董事2013年度述职报告(邹寿彬),独立董事述职报告,2014-03-22,https://data.eastmoney.com/notices/detail/300101/AN201403210005296472.html
振芯科技,300101,300101,振芯科技,国腾电子:公司章程(2014年3月),公司章程,2014-03-22,https://data.eastmoney.com/notices/detail/300101/AN201403210005296471.html
振芯科技,300101,300101,振芯科技,国腾电子:独立董事对相关事项的独立意见,专项说明/独立意见,2014-03-22,https://data.eastmoney.com/notices/detail/300101/AN201403210005296470.html
振芯科技,300101,300101,振芯科技,国腾电子:关于2013年度募集资金存放和使用情况专项报告,募集资金使用情况报告,2014-03-22,https://data.eastmoney.com/notices/detail/300101/AN201403210005296469.html
振芯科技,300101,300101,振芯科技,国腾电子:关于召开2013年年度股东大会的通知,召开股东大会通知,2014-03-22,https://data.eastmoney.com/notices/detail/300101/AN201403210005296468.html
振芯科技,300101,300101,振芯科技,国腾电子:关于公司2013年度内部控制的自我评价报告,内部控制报告,2014-03-22,https://data.eastmoney.com/notices/detail/300101/AN201403210005296467.html
振芯科技,300101,300101,振芯科技,国腾电子:控股股东及其他关联方占用资金情况专项审核说明,保荐/核查意见,2014-03-22,https://data.eastmoney.com/notices/detail/300101/AN201403210005296465.html
振芯科技,300101,300101,振芯科技,国腾电子:中信建投证券股份有限公司关于公司2013年度募集资金存放与使用情况的专项核查意见,保荐/核查意见,2014-03-22,https://data.eastmoney.com/notices/detail/300101/AN201403210005296463.html
振芯科技,300101,300101,振芯科技,国腾电子:内部控制鉴证报告,内部控制报告,2014-03-22,https://data.eastmoney.com/notices/detail/300101/AN201403210005296461.html
振芯科技,300101,300101,振芯科技,国腾电子:现金分红管理制度(2014年3月),管理办法/制度,2014-03-22,https://data.eastmoney.com/notices/detail/300101/AN201403210005296458.html
振芯科技,300101,300101,振芯科技,国腾电子:中信建投证券股份有限公司关于公司2013年度内部控制自我评价报告的核查意见,保荐/核查意见,2014-03-22,https://data.eastmoney.com/notices/detail/300101/AN201403210005296456.html
振芯科技,300101,300101,振芯科技,国腾电子:关于控股股东部分股权解除质押的公告,股份质押、冻结,2014-03-15,https://data.eastmoney.com/notices/detail/300101/AN201403140005257964.html
振芯科技,300101,300101,振芯科技,国腾电子:关于公司2013年度计提资产减值准备的公告,其他,2014-03-08,https://data.eastmoney.com/notices/detail/300101/AN201403070005221856.html
振芯科技,300101,300101,振芯科技,国腾电子:第二届董事会第二十三次会议决议公告,其他,2014-03-08,https://data.eastmoney.com/notices/detail/300101/AN201403070005221855.html
振芯科技,300101,300101,振芯科技,国腾电子:第二届监事会第十四次会议决议公告,其他,2014-03-08,https://data.eastmoney.com/notices/detail/300101/AN201403070005221854.html
振芯科技,300101,300101,振芯科技,国腾电子:独立董事关于公司2013年度计提资产减值准备的独立意见,专项说明/独立意见,2014-03-08,https://data.eastmoney.com/notices/detail/300101/AN201403070005221853.html
振芯科技,300101,300101,振芯科技,国腾电子:2013年度业绩快报,业绩快报,2014-02-28,https://data.eastmoney.com/notices/detail/300101/AN201402270005173966.html
振芯科技,300101,300101,振芯科技,国腾电子:关于公司2013年度审计机构转制更名的公告,审计机构变更,2014-02-14,https://data.eastmoney.com/notices/detail/300101/AN201402130005103687.html
振芯科技,300101,300101,振芯科技,国腾电子:关于公司实际控制人、股东、关联方以及公司承诺履行情况的公告,其他,2014-02-14,https://data.eastmoney.com/notices/detail/300101/AN201402130005103686.html
振芯科技,300101,300101,振芯科技,国腾电子:2013年年度业绩预告,业绩预告,2014-01-28,https://data.eastmoney.com/notices/detail/300101/AN201401270005042699.html
振芯科技,300101,300101,振芯科技,国腾电子:第二届董事会第二十二次会议决议公告,其他,2014-01-25,https://data.eastmoney.com/notices/detail/300101/AN201401240005034642.html
振芯科技,300101,300101,振芯科技,国腾电子:关于关联交易的公告,关联交易,2014-01-25,https://data.eastmoney.com/notices/detail/300101/AN201401240005034641.html
振芯科技,300101,300101,振芯科技,国腾电子:关于签订《产权交易合同》的公告,重大合同,2014-01-25,https://data.eastmoney.com/notices/detail/300101/AN201401240005034640.html
振芯科技,300101,300101,振芯科技,国腾电子:中信建投证券股份有限公司关于公司与中国电子科技集团公司第三十研究所关联交易的核查意见,保荐/核查意见,2014-01-25,https://data.eastmoney.com/notices/detail/300101/AN201401240005034639.html
振芯科技,300101,300101,振芯科技,国腾电子:独立董事关于关联交易的事前认可意见,专项说明/独立意见,2014-01-25,https://data.eastmoney.com/notices/detail/300101/AN201401240005034638.html
振芯科技,300101,300101,振芯科技,国腾电子:独立董事关于关联交易的独立意见,专项说明/独立意见,2014-01-25,https://data.eastmoney.com/notices/detail/300101/AN201401240005034637.html
振芯科技,300101,300101,振芯科技,国腾电子:舆情管理制度(2014年1月),管理办法/制度,2014-01-25,https://data.eastmoney.com/notices/detail/300101/AN201401240005034636.html
振芯科技,300101,300101,振芯科技,国腾电子:重大事项公告,其他,2014-01-16,https://data.eastmoney.com/notices/detail/300101/AN201401150004994094.html
振芯科技,300101,300101,振芯科技,国腾电子:2014年1月10日投资者关系活动记录表,调研活动,2014-01-14,https://data.eastmoney.com/notices/detail/300101/AN201401140004970539.html
振芯科技,300101,300101,振芯科技,国腾电子:关于控股子公司完成工商变更登记的公告,公司关联方基本资料变更,2014-01-14,https://data.eastmoney.com/notices/detail/300101/AN201401130004962910.html
振芯科技,300101,300101,振芯科技,国腾电子:2014年1月7日投资者关系活动记录表,调研活动,2014-01-08,https://data.eastmoney.com/notices/detail/300101/AN201401080004924116.html
振芯科技,300101,300101,振芯科技,国腾电子:重大合同公告,重大合同,2013-12-25,https://data.eastmoney.com/notices/detail/300101/AN201312240004829543.html
振芯科技,300101,300101,振芯科技,国腾电子:复牌公告,复牌公告,2013-12-25,https://data.eastmoney.com/notices/detail/300101/AN201312240004829542.html
振芯科技,300101,300101,振芯科技,国腾电子:中信建投证券股份有限公司关于公司子公司成都国星通信有限公司日常经营重大合同交易双方履约能力之专项核查意见,保荐/核查意见,2013-12-25,https://data.eastmoney.com/notices/detail/300101/AN201312240004829541.html
振芯科技,300101,300101,振芯科技,国腾电子:国浩律师(上海)事务所关于公司签署重大合同的法律意见书,法律意见书,2013-12-25,https://data.eastmoney.com/notices/detail/300101/AN201312240004829540.html
振芯科技,300101,300101,振芯科技,国腾电子:关于使用部分超募资金收购控股子公司部分股权的可行性研究报告,其他,2013-12-21,https://data.eastmoney.com/notices/detail/300101/AN201312200004816856.html
振芯科技,300101,300101,振芯科技,国腾电子:独立董事关于公司使用部分超募资金收购控股子公司部分股权事项的独立意见,专项说明/独立意见,2013-12-21,https://data.eastmoney.com/notices/detail/300101/AN201312200004816855.html
振芯科技,300101,300101,振芯科技,国腾电子:关于超募资金使用计划的公告,募集资金使用情况报告,2013-12-21,https://data.eastmoney.com/notices/detail/300101/AN201312200004816854.html
振芯科技,300101,300101,振芯科技,国腾电子:关于对外投资收购控股子公司部分股权的公告,对外项目投资,2013-12-21,https://data.eastmoney.com/notices/detail/300101/AN201312200004816853.html
振芯科技,300101,300101,振芯科技,国腾电子:关于签订《股权转让协议》的公告,签订协议,2013-12-21,https://data.eastmoney.com/notices/detail/300101/AN201312200004816852.html
振芯科技,300101,300101,振芯科技,国腾电子:中信建投证券股份有限公司关于公司使用部分超募资金收购子公司成都国星通信有限公司部分股东股权的核查意见,保荐/核查意见,2013-12-21,https://data.eastmoney.com/notices/detail/300101/AN201312200004816851.html
振芯科技,300101,300101,振芯科技,国腾电子:第二届董事会第二十一次会议决议公告,其他,2013-12-21,https://data.eastmoney.com/notices/detail/300101/AN201312200004816850.html
振芯科技,300101,300101,振芯科技,国腾电子:重大事项继续停牌公告,停牌公告,2013-12-19,https://data.eastmoney.com/notices/detail/300101/AN201312180004805837.html
振芯科技,300101,300101,振芯科技,国腾电子:重大事项停牌公告,停牌公告,2013-12-12,https://data.eastmoney.com/notices/detail/300101/AN201312110004777836.html
振芯科技,300101,300101,振芯科技,国腾电子:2013年12月10日投资者关系活动记录表,调研活动,2013-12-10,https://data.eastmoney.com/notices/detail/300101/AN201312100004768703.html
振芯科技,300101,300101,振芯科技,国腾电子:2013年第二次临时股东大会决议公告,股东大会决议公告,2013-12-07,https://data.eastmoney.com/notices/detail/300101/AN201312060004756808.html
振芯科技,300101,300101,振芯科技,国腾电子:2013年第二次临时股东大会的法律意见书,法律意见书,2013-12-07,https://data.eastmoney.com/notices/detail/300101/AN201312060004756807.html
振芯科技,300101,300101,振芯科技,国腾电子:关于控股股东进行股票质押式回购交易的公告,股份质押、冻结,2013-12-06,https://data.eastmoney.com/notices/detail/300101/AN201312050004750622.html
振芯科技,300101,300101,振芯科技,国腾电子:关于召开2013年第二次临时股东大会的提示性公告,召开股东大会提示性公告,2013-12-02,https://data.eastmoney.com/notices/detail/300101/AN201312020004728816.html
振芯科技,300101,300101,振芯科技,国腾电子:第二届董事会第二十次会议决议公告,其他,2013-11-20,https://data.eastmoney.com/notices/detail/300101/AN201311190004678784.html
振芯科技,300101,300101,振芯科技,国腾电子:关于使用部分超募资金永久补充流动资金的公告,募集资金补充流动资金,2013-11-20,https://data.eastmoney.com/notices/detail/300101/AN201311190004678783.html
振芯科技,300101,300101,振芯科技,国腾电子:关于召开2013年第二次临时股东大会的通知,召开股东大会通知,2013-11-20,https://data.eastmoney.com/notices/detail/300101/AN201311190004678782.html
振芯科技,300101,300101,振芯科技,国腾电子:独立董事关于使用部分超募资金永久补充流动资金议案的独立意见,专项说明/独立意见,2013-11-20,https://data.eastmoney.com/notices/detail/300101/AN201311190004678781.html
振芯科技,300101,300101,振芯科技,国腾电子:中信建投证券股份有限公司关于公司使用部分超募资金永久补充流动资金的核查意见,保荐/核查意见,2013-11-20,https://data.eastmoney.com/notices/detail/300101/AN201311190004678780.html
振芯科技,300101,300101,振芯科技,国腾电子:第二届监事会第十三次会议决议公告,其他,2013-11-20,https://data.eastmoney.com/notices/detail/300101/AN201311190004678779.html
振芯科技,300101,300101,振芯科技,国腾电子:2013年11月11日投资者关系活动记录表,调研活动,2013-11-12,https://data.eastmoney.com/notices/detail/300101/AN201311120004641379.html
振芯科技,300101,300101,振芯科技,国腾电子:2013年10月31日投资者关系活动记录表,调研活动,2013-11-04,https://data.eastmoney.com/notices/detail/300101/AN201311040004605497.html
振芯科技,300101,300101,振芯科技,国腾电子:第二届董事会第十九次会议决议公告,其他,2013-10-25,https://data.eastmoney.com/notices/detail/300101/AN201310240004550848.html
振芯科技,300101,300101,振芯科技,国腾电子:2013年第三季度报告全文,三季度报告全文,2013-10-25,https://data.eastmoney.com/notices/detail/300101/AN201310240004550847.html
振芯科技,300101,300101,振芯科技,国腾电子:2013年第三季度报告披露提示性公告,其他,2013-10-25,https://data.eastmoney.com/notices/detail/300101/AN201310240004550819.html
振芯科技,300101,300101,振芯科技,国腾电子:2013年第三季度业绩预告,业绩预告,2013-10-15,https://data.eastmoney.com/notices/detail/300101/AN201310140004478507.html
振芯科技,300101,300101,振芯科技,国腾电子:重大事项公告,其他,2013-09-28,https://data.eastmoney.com/notices/detail/300101/AN201309270004430784.html
振芯科技,300101,300101,振芯科技,国腾电子:2013年9月17日投资者关系活动记录表,调研活动,2013-09-18,https://data.eastmoney.com/notices/detail/300101/AN201309180004394491.html
振芯科技,300101,300101,振芯科技,国腾电子:关于控股股东进行股票质押式回购交易的公告,股份质押、冻结,2013-09-14,https://data.eastmoney.com/notices/detail/300101/AN201309130004376277.html
振芯科技,300101,300101,振芯科技,国腾电子:中信建投证券股份有限公司关于公司2013年上半年持续督导跟踪报告,保荐/核查意见,2013-09-05,https://data.eastmoney.com/notices/detail/300101/AN201309040004314923.html
振芯科技,300101,300101,振芯科技,国腾电子:第二届董事会第十八次会议决议公告,其他,2013-08-16,https://data.eastmoney.com/notices/detail/300101/AN201308150004211538.html
振芯科技,300101,300101,振芯科技,国腾电子:第二届监事会第十一次会议决议公告,其他,2013-08-16,https://data.eastmoney.com/notices/detail/300101/AN201308150004211537.html
振芯科技,300101,300101,振芯科技,国腾电子:2013年半年度报告摘要,半年度报告摘要,2013-08-16,https://data.eastmoney.com/notices/detail/300101/AN201308150004211536.html
振芯科技,300101,300101,振芯科技,国腾电子:2013年半年度报告披露提示性公告,其他,2013-08-16,https://data.eastmoney.com/notices/detail/300101/AN201308150004211535.html
振芯科技,300101,300101,振芯科技,国腾电子:2013年半年度报告,半年度报告全文,2013-08-16,https://data.eastmoney.com/notices/detail/300101/AN201308150004211534.html
振芯科技,300101,300101,振芯科技,国腾电子:关于2013年半年度募集资金存放与使用情况专项报告,募集资金使用情况报告,2013-08-16,https://data.eastmoney.com/notices/detail/300101/AN201308150004211533.html
振芯科技,300101,300101,振芯科技,国腾电子:独立董事关于公司2013年上半年度关联方资金占用和对外担保情况的专项说明及独立意见,专项说明/独立意见,2013-08-16,https://data.eastmoney.com/notices/detail/300101/AN201308150004211532.html
振芯科技,300101,300101,振芯科技,国腾电子:2013年第一次临时股东大会决议公告,股东大会决议公告,2013-08-10,https://data.eastmoney.com/notices/detail/300101/AN201308090004185295.html
振芯科技,300101,300101,振芯科技,国腾电子:2013年第一次临时股东大会的法律意见书,法律意见书,2013-08-10,https://data.eastmoney.com/notices/detail/300101/AN201308090004185293.html
振芯科技,300101,300101,振芯科技,国腾电子:重大事项公告(2013-7-26),其他,2013-07-26,https://data.eastmoney.com/notices/detail/300101/AN201307250003712070.html
振芯科技,300101,300101,振芯科技,国腾电子:关于召开2013年第一次临时股东大会的通知,召开股东大会通知,2013-07-23,https://data.eastmoney.com/notices/detail/300101/AN201307230003675297.html
振芯科技,300101,300101,振芯科技,国腾电子:独立董事关于关联交易的事前认可意见(2013-7-23),专项说明/独立意见,2013-07-23,https://data.eastmoney.com/notices/detail/300101/AN201307230003675294.html
振芯科技,300101,300101,振芯科技,国腾电子:独立董事关于关联交易的独立意见(2013-7-23),专项说明/独立意见,2013-07-23,https://data.eastmoney.com/notices/detail/300101/AN201307230003675293.html
振芯科技,300101,300101,振芯科技,国腾电子:关于关联交易的公告(2013-7-23),关联交易,2013-07-23,https://data.eastmoney.com/notices/detail/300101/AN201307230003675292.html
振芯科技,300101,300101,振芯科技,国腾电子:第二届董事会第十七次会议决议公告,其他,2013-07-23,https://data.eastmoney.com/notices/detail/300101/AN201307230003675291.html
振芯科技,300101,300101,振芯科技,国腾电子:中信建投证券股份有限公司关于公司与成都国腾实业集团有限公司关联交易的核查意见(2013-7-23),保荐/核查意见,2013-07-23,https://data.eastmoney.com/notices/detail/300101/AN201307230003675290.html
振芯科技,300101,300101,振芯科技,国腾电子:重大事项公告(2013-7-18),其他,2013-07-18,https://data.eastmoney.com/notices/detail/300101/AN201307180003609267.html
振芯科技,300101,300101,振芯科技,国腾电子自2013年7月18日开市起临时停牌,停牌公告,2013-07-18,https://data.eastmoney.com/notices/detail/300101/AN201307180003607707.html
振芯科技,300101,300101,振芯科技,国腾电子:关于控股股东股权质押的公告,股份质押、冻结,2013-07-18,https://data.eastmoney.com/notices/detail/300101/AN201307170003599753.html
振芯科技,300101,300101,振芯科技,国腾电子:2013年半年度业绩预告,业绩预告,2013-07-13,https://data.eastmoney.com/notices/detail/300101/AN201307120003570353.html
振芯科技,300101,300101,振芯科技,国腾电子:关于变更持续督导保荐代表人的公告,保荐代表人（机构）变更,2013-07-12,https://data.eastmoney.com/notices/detail/300101/AN201307110003562276.html
振芯科技,300101,300101,振芯科技,国腾电子:关于举行投资者集体接待日的公告,其他,2013-07-12,https://data.eastmoney.com/notices/detail/300101/AN201307110003562275.html
振芯科技,300101,300101,振芯科技,国腾电子:2013年6月21日投资者关系活动记录表,调研活动,2013-06-24,https://data.eastmoney.com/notices/detail/300101/AN201306240003440860.html
振芯科技,300101,300101,振芯科技,国腾电子:关于关联交易的公告(2013-6-17),关联交易,2013-06-17,https://data.eastmoney.com/notices/detail/300101/AN201306170003380348.html
振芯科技,300101,300101,振芯科技,国腾电子:第二届董事会第十六次会议决议公告,其他,2013-06-17,https://data.eastmoney.com/notices/detail/300101/AN201306170003380342.html
振芯科技,300101,300101,振芯科技,国腾电子:中信建投证券股份有限公司关于公司与成都国腾实业集团有限公司关联交易的核查意见(2013-6-17),保荐/核查意见,2013-06-17,https://data.eastmoney.com/notices/detail/300101/AN201306170003380340.html
振芯科技,300101,300101,振芯科技,国腾电子:独立董事关于关联交易的独立意见(2013-6-17),专项说明/独立意见,2013-06-17,https://data.eastmoney.com/notices/detail/300101/AN201306170003380339.html
振芯科技,300101,300101,振芯科技,国腾电子:独立董事关于关联交易的事前认可意见(2013-6-17),专项说明/独立意见,2013-06-17,https://data.eastmoney.com/notices/detail/300101/AN201306170003380338.html
振芯科技,300101,300101,振芯科技,国腾电子:2013年6月13日投资者关系活动记录表,调研活动,2013-06-14,https://data.eastmoney.com/notices/detail/300101/AN201306170003384124.html
振芯科技,300101,300101,振芯科技,国腾电子:澄清公告,澄清公告,2013-05-22,https://data.eastmoney.com/notices/detail/300101/AN201305210003279459.html
振芯科技,300101,300101,振芯科技,国腾电子:2013年5月10日投资者关系活动记录表,调研活动,2013-05-13,https://data.eastmoney.com/notices/detail/300101/AN201506300010064464.html
振芯科技,300101,300101,振芯科技,国腾电子:2013年第一季度报告披露提示性公告,其他,2013-04-24,https://data.eastmoney.com/notices/detail/300101/AN201304230003202497.html
振芯科技,300101,300101,振芯科技,国腾电子:2013年第一季度报告全文,一季度报告全文,2013-04-24,https://data.eastmoney.com/notices/detail/300101/AN201304230003202496.html
振芯科技,300101,300101,振芯科技,国腾电子:第二届董事会第十五次会议决议公告,其他,2013-04-24,https://data.eastmoney.com/notices/detail/300101/AN201304230003202495.html
振芯科技,300101,300101,振芯科技,国腾电子:关于公司生产经营未受地震影响的公告,其他,2013-04-22,https://data.eastmoney.com/notices/detail/300101/AN201304210003194497.html
振芯科技,300101,300101,振芯科技,国腾电子:关于完成工商变更登记的公告,公司关联方基本资料变更,2013-04-20,https://data.eastmoney.com/notices/detail/300101/AN201304200003192213.html
振芯科技,300101,300101,振芯科技,国腾电子:2012年年度权益分配实施公告,分配方案实施,2013-04-13,https://data.eastmoney.com/notices/detail/300101/AN201304120003162907.html
振芯科技,300101,300101,振芯科技,国腾电子:2012年年度股东大会决议公告,股东大会决议公告,2013-04-11,https://data.eastmoney.com/notices/detail/300101/AN201304100003157119.html
振芯科技,300101,300101,振芯科技,国腾电子:关于变更董事的公告,其他,2013-04-11,https://data.eastmoney.com/notices/detail/300101/AN201304100003157118.html
振芯科技,300101,300101,振芯科技,国腾电子:2012年年度股东大会的法律意见书,法律意见书,2013-04-11,https://data.eastmoney.com/notices/detail/300101/AN201304100003157117.html
振芯科技,300101,300101,振芯科技,国腾电子：关于控股子公司收到中标通知书的公告,股票,2013-04-04,https://data.eastmoney.com/notices/detail/300101/AN201304030005831060.html
振芯科技,300101,300101,振芯科技,国腾电子：关于举行2012年度业绩网上说明会的公告,股票,2013-03-28,https://data.eastmoney.com/notices/detail/300101/AN201303280005816086.html
振芯科技,300101,300101,振芯科技,国腾电子:2013年3月22日投资者关系活动记录表,调研活动,2013-03-25,https://data.eastmoney.com/notices/detail/300101/AN201506300010063620.html
振芯科技,300101,300101,振芯科技,国腾电子：独立董事2012年度述职报告（江才）,股票,2013-03-20,https://data.eastmoney.com/notices/detail/300101/AN201303190005790810.html
振芯科技,300101,300101,振芯科技,国腾电子：独立董事2012年度述职报告（胡洋瑄）,股票,2013-03-20,https://data.eastmoney.com/notices/detail/300101/AN201303190005790811.html
振芯科技,300101,300101,振芯科技,国腾电子：独立董事对相关事项的独立意见,股票,2013-03-20,https://data.eastmoney.com/notices/detail/300101/AN201303190005790819.html
振芯科技,300101,300101,振芯科技,国腾电子：科研项目财务管理办法（2013年3月）,股票,2013-03-20,https://data.eastmoney.com/notices/detail/300101/AN201303190005790820.html
振芯科技,300101,300101,振芯科技,国腾电子：独立董事2012年度述职报告（邹寿彬）,股票,2013-03-20,https://data.eastmoney.com/notices/detail/300101/AN201303190005790812.html
振芯科技,300101,300101,振芯科技,国腾电子：公司章程（2013年3月）,股票,2013-03-20,https://data.eastmoney.com/notices/detail/300101/AN201303190005790816.html
振芯科技,300101,300101,振芯科技,国腾电子：关于召开2012年年度股东大会的通知,股票,2013-03-20,https://data.eastmoney.com/notices/detail/300101/AN201303190005790804.html
振芯科技,300101,300101,振芯科技,国腾电子：中信建投证券股份有限公司关于公司2012年度内部控制自我评价报告的核查意见,股票,2013-03-20,https://data.eastmoney.com/notices/detail/300101/AN201303190005790814.html
振芯科技,300101,300101,振芯科技,国腾电子：第二届董事会第十四次会议决议公告,股票,2013-03-20,https://data.eastmoney.com/notices/detail/300101/AN201303190005790803.html
振芯科技,300101,300101,振芯科技,国腾电子：关于公司控股股东及其他关联方占用资金情况专项审核说明,股票,2013-03-20,https://data.eastmoney.com/notices/detail/300101/AN201303190005790818.html
振芯科技,300101,300101,振芯科技,国腾电子：2012年年度审计报告,股票,2013-03-20,https://data.eastmoney.com/notices/detail/300101/AN201303190005790802.html
振芯科技,300101,300101,振芯科技,国腾电子:2012年年度报告,年度报告全文,2013-03-20,https://data.eastmoney.com/notices/detail/300101/AN201303190005790807.html
振芯科技,300101,300101,振芯科技,国腾电子：中信建投证券股份有限公司关于公司2012年年度跟踪报告,股票,2013-03-20,https://data.eastmoney.com/notices/detail/300101/AN201303190005790813.html
振芯科技,300101,300101,振芯科技,国腾电子：2013年第一季度业绩预告,股票,2013-03-20,https://data.eastmoney.com/notices/detail/300101/AN201303190005790800.html
振芯科技,300101,300101,振芯科技,国腾电子：关于公司2012年度募集资金存放与使用情况的鉴证报告,股票,2013-03-20,https://data.eastmoney.com/notices/detail/300101/AN201303190005790817.html
振芯科技,300101,300101,振芯科技,国腾电子：2012年年度报告披露提示性公告,股票,2013-03-20,https://data.eastmoney.com/notices/detail/300101/AN201303190005790805.html
振芯科技,300101,300101,振芯科技,国腾电子:2012年年度报告摘要,年度报告摘要,2013-03-20,https://data.eastmoney.com/notices/detail/300101/AN201303190005790801.html
振芯科技,300101,300101,振芯科技,国腾电子：2012年度内部控制的自我评价报告,股票,2013-03-20,https://data.eastmoney.com/notices/detail/300101/AN201303190005790808.html
振芯科技,300101,300101,振芯科技,国腾电子：中信建投证券股份有限公司关于公司2012年度募集资金存放与使用情况的专项核查报告,股票,2013-03-20,https://data.eastmoney.com/notices/detail/300101/AN201303190005790815.html
振芯科技,300101,300101,振芯科技,国腾电子：第二届监事会第九次会议决议公告,股票,2013-03-20,https://data.eastmoney.com/notices/detail/300101/AN201303190005790806.html
振芯科技,300101,300101,振芯科技,国腾电子：关于2012年度募集资金存放与使用情况专项报告,股票,2013-03-20,https://data.eastmoney.com/notices/detail/300101/AN201303190005790809.html
振芯科技,300101,300101,振芯科技,国腾电子：关于公司董事辞职的公告,股票,2013-03-15,https://data.eastmoney.com/notices/detail/300101/AN201303140005779653.html
振芯科技,300101,300101,振芯科技,国腾电子：2012年度业绩快报,股票,2013-02-28,https://data.eastmoney.com/notices/detail/300101/AN201302270005752440.html
振芯科技,300101,300101,振芯科技,国腾电子：关于2012年年度业绩预告的公告,股票,2013-01-30,https://data.eastmoney.com/notices/detail/300101/AN201301300005718969.html
振芯科技,300101,300101,振芯科技,国腾电子:2012年12月27日至2012年12月28日投资者关系活动记录表,调研活动,2013-01-04,https://data.eastmoney.com/notices/detail/300101/AN201506300010062275.html
振芯科技,300101,300101,振芯科技,国腾电子：2012年第二次临时股东大会决议公告,股票,2012-12-21,https://data.eastmoney.com/notices/detail/300101/AN201212200005656265.html
振芯科技,300101,300101,振芯科技,国腾电子：关于控股子公司获得政府补助的公告,股票,2012-12-21,https://data.eastmoney.com/notices/detail/300101/AN201212200005656266.html
振芯科技,300101,300101,振芯科技,国腾电子：2012年第二次临时股东大会的法律意见书,股票,2012-12-21,https://data.eastmoney.com/notices/detail/300101/AN201212200005656267.html
振芯科技,300101,300101,振芯科技,国腾电子:2012年12月10日投资者关系活动记录表,调研活动,2012-12-11,https://data.eastmoney.com/notices/detail/300101/AN201506300010061857.html
振芯科技,300101,300101,振芯科技,国腾电子：关于召开2012年第二次临时股东大会的通知,股票,2012-11-30,https://data.eastmoney.com/notices/detail/300101/AN201211290005622222.html
振芯科技,300101,300101,振芯科技,国腾电子：公司章程（2012年11月）,股票,2012-11-30,https://data.eastmoney.com/notices/detail/300101/AN201211290005622223.html
振芯科技,300101,300101,振芯科技,国腾电子：第二届董事会第十三次会议决议公告,股票,2012-11-30,https://data.eastmoney.com/notices/detail/300101/AN201211290005622221.html
振芯科技,300101,300101,振芯科技,国腾电子：股东大会议事规则（2012年11月）,股票,2012-11-30,https://data.eastmoney.com/notices/detail/300101/AN201211290005622224.html
振芯科技,300101,300101,振芯科技,国腾电子：关于全资子公司签订《募集资金四方监管协议》的公告,股票,2012-11-22,https://data.eastmoney.com/notices/detail/300101/AN201211220005611203.html
振芯科技,300101,300101,振芯科技,国腾电子：关于公司及其股东、关联方尚未履行完毕的承诺情况公告,股票,2012-10-31,https://data.eastmoney.com/notices/detail/300101/AN201210310005565483.html
振芯科技,300101,300101,振芯科技,国腾电子：印章管理制度（2012年10月）,股票,2012-10-25,https://data.eastmoney.com/notices/detail/300101/AN201210240005545702.html
振芯科技,300101,300101,振芯科技,国腾电子：合同管理制度（2012年10月）,股票,2012-10-25,https://data.eastmoney.com/notices/detail/300101/AN201210240005545703.html
振芯科技,300101,300101,振芯科技,国腾电子：2012年第三季度报告全文,股票,2012-10-25,https://data.eastmoney.com/notices/detail/300101/AN201210240005545701.html
振芯科技,300101,300101,振芯科技,国腾电子:2012年第三季度报告正文,三季度报告正文,2012-10-25,https://data.eastmoney.com/notices/detail/300101/AN201210240005545700.html
振芯科技,300101,300101,振芯科技,国腾电子：第二届董事会第十二次会议决议公告,股票,2012-10-25,https://data.eastmoney.com/notices/detail/300101/AN201210240005545699.html
振芯科技,300101,300101,振芯科技,国腾电子：2012年第三季度业绩预告,股票,2012-10-12,https://data.eastmoney.com/notices/detail/300101/AN201210120005528231.html
振芯科技,300101,300101,振芯科技,国腾电子:2012年9月10日投资者关系活动记录表,调研活动,2012-09-12,https://data.eastmoney.com/notices/detail/300101/AN201506300010059814.html
振芯科技,300101,300101,振芯科技,国腾电子：中信建投证券股份有限公司关于公司2012年度上半年跟踪报告,股票,2012-09-01,https://data.eastmoney.com/notices/detail/300101/AN201208310005478580.html
振芯科技,300101,300101,振芯科技,国腾电子：2012年第一次临时股东大会决议公告,股票,2012-08-20,https://data.eastmoney.com/notices/detail/300101/AN201208200005442940.html
振芯科技,300101,300101,振芯科技,国腾电子：2012年第一次临时股东大会的法律意见书,股票,2012-08-20,https://data.eastmoney.com/notices/detail/300101/AN201208200005442939.html
振芯科技,300101,300101,振芯科技,国腾电子：关于使用部分超募资金永久补充流动资金的公告,股票,2012-08-16,https://data.eastmoney.com/notices/detail/300101/AN201208150005430940.html
振芯科技,300101,300101,振芯科技,国腾电子：独立董事关于公司2012年上半年度关联方资金占用和对外担保情况的专项说明及独立意见,股票,2012-08-16,https://data.eastmoney.com/notices/detail/300101/AN201208150005430936.html
振芯科技,300101,300101,振芯科技,国腾电子：中信建投证券股份有限公司关于公司使用超募资金缴纳国有土地建设用地指标价款的核查意见,股票,2012-08-16,https://data.eastmoney.com/notices/detail/300101/AN201208150005430932.html
振芯科技,300101,300101,振芯科技,国腾电子：独立董事关于使用超募资金缴纳国有土地建设用地指标价款议案的独立意见,股票,2012-08-16,https://data.eastmoney.com/notices/detail/300101/AN201208150005430938.html
振芯科技,300101,300101,振芯科技,国腾电子：独立董事关于使用部分超募资金永久补充流动资金议案的独立意见,股票,2012-08-16,https://data.eastmoney.com/notices/detail/300101/AN201208150005430937.html
振芯科技,300101,300101,振芯科技,国腾电子：特定对象来访接待管理制度（2012年8月）,股票,2012-08-16,https://data.eastmoney.com/notices/detail/300101/AN201208150005430935.html
振芯科技,300101,300101,振芯科技,国腾电子：中信建投证券股份有限公司关于公司使用部分超募资金永久补充流动资金的核查意见,股票,2012-08-16,https://data.eastmoney.com/notices/detail/300101/AN201208150005430933.html
振芯科技,300101,300101,振芯科技,国腾电子：第二届监事会第七次会议决议公告,股票,2012-08-16,https://data.eastmoney.com/notices/detail/300101/AN201208150005430931.html
振芯科技,300101,300101,振芯科技,国腾电子:2012年半年度报告摘要,半年度报告摘要,2012-08-16,https://data.eastmoney.com/notices/detail/300101/AN201208150005430928.html
振芯科技,300101,300101,振芯科技,国腾电子：2012年半年度报告,股票,2012-08-16,https://data.eastmoney.com/notices/detail/300101/AN201208150005430929.html
振芯科技,300101,300101,振芯科技,国腾电子：现金分红管理制度（2012年8月）,股票,2012-08-02,https://data.eastmoney.com/notices/detail/300101/AN201208020005405161.html
振芯科技,300101,300101,振芯科技,国腾电子：公司章程（2012年8月）,股票,2012-08-02,https://data.eastmoney.com/notices/detail/300101/AN201208020005405159.html
振芯科技,300101,300101,振芯科技,国腾电子：第二届监事会第六次会议决议公告,股票,2012-08-02,https://data.eastmoney.com/notices/detail/300101/AN201208020005405157.html
振芯科技,300101,300101,振芯科技,国腾电子：第二届董事会第十次会议决议公告,股票,2012-08-02,https://data.eastmoney.com/notices/detail/300101/AN201208020005405156.html
振芯科技,300101,300101,振芯科技,国腾电子：关于召开2012年第一次临时股东大会的通知,股票,2012-08-02,https://data.eastmoney.com/notices/detail/300101/AN201208020005405158.html
振芯科技,300101,300101,振芯科技,国腾电子：独立董事关于修订公司章程的独立意见,股票,2012-08-02,https://data.eastmoney.com/notices/detail/300101/AN201208020005405160.html
振芯科技,300101,300101,振芯科技,国腾电子：2012年半年度业绩预告,股票,2012-07-13,https://data.eastmoney.com/notices/detail/300101/AN201207130005355812.html
振芯科技,300101,300101,振芯科技,国腾电子：独立董事关于关联交易的事前认可意见,股票,2012-05-25,https://data.eastmoney.com/notices/detail/300101/AN201205240005257002.html
振芯科技,300101,300101,振芯科技,国腾电子：中信建投证券股份有限公司关于公司与成都国腾实业集团有限公司关联交易的核查意见,股票,2012-05-25,https://data.eastmoney.com/notices/detail/300101/AN201205240005256999.html
振芯科技,300101,300101,振芯科技,国腾电子：第二届董事会第九次会议决议公告,股票,2012-05-25,https://data.eastmoney.com/notices/detail/300101/AN201205240005256997.html
振芯科技,300101,300101,振芯科技,国腾电子：关于关联交易的公告,股票,2012-05-25,https://data.eastmoney.com/notices/detail/300101/AN201205240005256998.html
振芯科技,300101,300101,振芯科技,国腾电子：独立董事关于关联交易的独立意见,股票,2012-05-25,https://data.eastmoney.com/notices/detail/300101/AN201205240005257000.html
振芯科技,300101,300101,振芯科技,国腾电子：关于完成工商变更登记的公告,股票,2012-05-22,https://data.eastmoney.com/notices/detail/300101/AN201205220005254093.html
振芯科技,300101,300101,振芯科技,国腾电子:2012年第一季度报告正文,一季度报告正文,2012-04-25,https://data.eastmoney.com/notices/detail/300101/AN201205070005166369.html
振芯科技,300101,300101,振芯科技,国腾电子：第二届董事会第八次会议决议公告,股票,2012-04-25,https://data.eastmoney.com/notices/detail/300101/AN201205070005167619.html
振芯科技,300101,300101,振芯科技,国腾电子：2012年第一季度报告全文,股票,2012-04-25,https://data.eastmoney.com/notices/detail/300101/AN201205070005167618.html
振芯科技,300101,300101,振芯科技,国腾电子：2011年度权益分配实施公告,股票,2012-04-20,https://data.eastmoney.com/notices/detail/300101/AN201205070005156954.html
振芯科技,300101,300101,振芯科技,国腾电子：2011年年度股东大会的法律意见书,股票,2012-04-19,https://data.eastmoney.com/notices/detail/300101/AN201205070005153453.html
振芯科技,300101,300101,振芯科技,国腾电子：2011年年度股东大会决议公告,股票,2012-04-19,https://data.eastmoney.com/notices/detail/300101/AN201205070005153452.html
振芯科技,300101,300101,振芯科技,国腾电子：关于举行2011年度业绩网上说明会的公告,股票,2012-04-09,https://data.eastmoney.com/notices/detail/300101/AN201204090005113856.html
振芯科技,300101,300101,振芯科技,国腾电子：独立董事2011年度述职报告（江才）,股票,2012-03-28,https://data.eastmoney.com/notices/detail/300101/AN201203290005085429.html
振芯科技,300101,300101,振芯科技,国腾电子：独立董事对相关事项的独立意见,股票,2012-03-28,https://data.eastmoney.com/notices/detail/300101/AN201203290005085430.html
振芯科技,300101,300101,振芯科技,国腾电子：公司章程（2012年3月）,股票,2012-03-28,https://data.eastmoney.com/notices/detail/300101/AN201203290005085426.html
振芯科技,300101,300101,振芯科技,国腾电子：独立董事2011年度述职报告（邹寿彬）,股票,2012-03-28,https://data.eastmoney.com/notices/detail/300101/AN201203290005085425.html
振芯科技,300101,300101,振芯科技,国腾电子:2011年年度报告摘要,年度报告摘要,2012-03-28,https://data.eastmoney.com/notices/detail/300101/AN201203290005085420.html
振芯科技,300101,300101,振芯科技,国腾电子：2012年第一季度业绩预告,股票,2012-03-28,https://data.eastmoney.com/notices/detail/300101/AN201203290005085422.html
振芯科技,300101,300101,振芯科技,国腾电子：独立董事2011年度述职报告（胡洋瑄）,股票,2012-03-28,https://data.eastmoney.com/notices/detail/300101/AN201203290005085427.html
振芯科技,300101,300101,振芯科技,国腾电子：第二届董事会第七次会议决议公告,股票,2012-03-28,https://data.eastmoney.com/notices/detail/300101/AN201203290005085424.html
振芯科技,300101,300101,振芯科技,国腾电子：第二届监事会第四次会议决议公告,股票,2012-03-28,https://data.eastmoney.com/notices/detail/300101/AN201203290005085423.html
振芯科技,300101,300101,振芯科技,国腾电子：董事、监事和高级管理人员培训制度（2012年3月）,股票,2012-03-28,https://data.eastmoney.com/notices/detail/300101/AN201203290005085421.html
振芯科技,300101,300101,振芯科技,国腾电子：关于2011年度募集资金存放与使用情况专项报告,股票,2012-03-28,https://data.eastmoney.com/notices/detail/300101/AN201203290005085414.html
振芯科技,300101,300101,振芯科技,国腾电子：关于调整募集资金投资项目投资进度的公告,股票,2012-03-28,https://data.eastmoney.com/notices/detail/300101/AN201203290005085413.html
振芯科技,300101,300101,振芯科技,国腾电子：关于公司2011年度内部控制自我评价报告,股票,2012-03-28,https://data.eastmoney.com/notices/detail/300101/AN201203290005085412.html
振芯科技,300101,300101,振芯科技,国腾电子：关于公司控股股东及其他关联方占用资金情况专项审核说明,股票,2012-03-28,https://data.eastmoney.com/notices/detail/300101/AN201203290005085411.html
振芯科技,300101,300101,振芯科技,国腾电子：关于召开2011年年度股东大会的通知,股票,2012-03-28,https://data.eastmoney.com/notices/detail/300101/AN201203290005085415.html
振芯科技,300101,300101,振芯科技,国腾电子：2011年年度报告,股票,2012-03-28,https://data.eastmoney.com/notices/detail/300101/AN201203290005085419.html
振芯科技,300101,300101,振芯科技,国腾电子：2011年年度审计报告,股票,2012-03-28,https://data.eastmoney.com/notices/detail/300101/AN201203290005085417.html
振芯科技,300101,300101,振芯科技,国腾电子：内部控制鉴证报告,股票,2012-03-28,https://data.eastmoney.com/notices/detail/300101/AN201203290005085410.html
振芯科技,300101,300101,振芯科技,国腾电子：关于公司2011募集资金年度存放与使用情况的鉴证报告,股票,2012-03-28,https://data.eastmoney.com/notices/detail/300101/AN201203290005085409.html
振芯科技,300101,300101,振芯科技,国腾电子：中信建投证券股份有限公司关于公司2011年度募集资金存放与使用情况的专项核查报告,股票,2012-03-28,https://data.eastmoney.com/notices/detail/300101/AN201203290005085407.html
振芯科技,300101,300101,振芯科技,国腾电子：中信建投证券股份有限公司关于公司2011年度内部控制自我评价报告的核查意见,股票,2012-03-28,https://data.eastmoney.com/notices/detail/300101/AN201203290005085406.html
振芯科技,300101,300101,振芯科技,国腾电子：中信建投证券股份有限公司关于公司2011年度跟踪报告,股票,2012-03-28,https://data.eastmoney.com/notices/detail/300101/AN201203290005085408.html
振芯科技,300101,300101,振芯科技,国腾电子：中信建投证券股份有限公司关于公司调整募集资金投资项目投资进度的核查意见,股票,2012-03-28,https://data.eastmoney.com/notices/detail/300101/AN201203290005085405.html
振芯科技,300101,300101,振芯科技,国腾电子：第二届董事会第六次会议决议公告,股票,2012-03-03,https://data.eastmoney.com/notices/detail/300101/AN201203030005006695.html
振芯科技,300101,300101,振芯科技,国腾电子：公司章程（2012年3月）,股票,2012-03-03,https://data.eastmoney.com/notices/detail/300101/AN201203030005006693.html
振芯科技,300101,300101,振芯科技,国腾电子：内幕信息知情人管理制度（2012年3月）,股票,2012-03-03,https://data.eastmoney.com/notices/detail/300101/AN201203030005006690.html
振芯科技,300101,300101,振芯科技,国腾电子：信息披露管理办法（2012年3月）,股票,2012-03-03,https://data.eastmoney.com/notices/detail/300101/AN201203030005006689.html
振芯科技,300101,300101,振芯科技,国腾电子：董事会议事规则（2012年3月）,股票,2012-03-03,https://data.eastmoney.com/notices/detail/300101/AN201203030005006694.html
振芯科技,300101,300101,振芯科技,国腾电子：股东大会议事规则（2012年3月）,股票,2012-03-03,https://data.eastmoney.com/notices/detail/300101/AN201203030005006692.html
振芯科技,300101,300101,振芯科技,国腾电子：关于加强上市公司治理专项活动的整改报告,股票,2012-03-03,https://data.eastmoney.com/notices/detail/300101/AN201203030005006691.html
振芯科技,300101,300101,振芯科技,国腾电子：关于2011年度利润分配预案的预披露公告,股票,2012-02-29,https://data.eastmoney.com/notices/detail/300101/AN201203030005004413.html
振芯科技,300101,300101,振芯科技,国腾电子：关于签订国有建设用地使用权出让合同的公告,股票,2012-02-29,https://data.eastmoney.com/notices/detail/300101/AN201203030005004367.html
振芯科技,300101,300101,振芯科技,国腾电子：2011年度业绩快报,股票,2012-02-29,https://data.eastmoney.com/notices/detail/300101/AN201203030005002443.html
振芯科技,300101,300101,振芯科技,国腾电子：关于公司及控股子公司通过高新技术企业复审并获得证书的公告,股票,2012-02-20,https://data.eastmoney.com/notices/detail/300101/AN201203030004996402.html
振芯科技,300101,300101,振芯科技,国腾电子：关于竞买获得国有土地使用权的公告,股票,2012-02-14,https://data.eastmoney.com/notices/detail/300101/AN201203030004994091.html
振芯科技,300101,300101,振芯科技,国腾电子：关于公司董事长、总经理增持本公司股票情况的公告,股票,2012-02-06,https://data.eastmoney.com/notices/detail/300101/AN201203030004990278.html
振芯科技,300101,300101,振芯科技,国腾电子：关于2011年年度业绩预告的公告,股票,2012-01-31,https://data.eastmoney.com/notices/detail/300101/AN201203030004986697.html
振芯科技,300101,300101,振芯科技,国腾电子：公司治理专项活动自查报告和整改计划,股票,2011-12-21,https://data.eastmoney.com/notices/detail/300101/AN201203030004966301.html
振芯科技,300101,300101,振芯科技,国腾电子：关于加强上市公司治理专项活动的自查事项报告,股票,2011-12-21,https://data.eastmoney.com/notices/detail/300101/AN201203030004966300.html
振芯科技,300101,300101,振芯科技,国腾电子：第二届董事会第五次会议决议公告,股票,2011-12-21,https://data.eastmoney.com/notices/detail/300101/AN201203030004966302.html
振芯科技,300101,300101,振芯科技,国腾电子：第二届董事会第四次会议决议公告,股票,2011-10-25,https://data.eastmoney.com/notices/detail/300101/AN201203030004931351.html
振芯科技,300101,300101,振芯科技,国腾电子：2011年第三季度报告全文,股票,2011-10-25,https://data.eastmoney.com/notices/detail/300101/AN201203030004931353.html
振芯科技,300101,300101,振芯科技,国腾电子:2011年第三季度报告正文,三季度报告正文,2011-10-25,https://data.eastmoney.com/notices/detail/300101/AN201203030004931352.html
振芯科技,300101,300101,振芯科技,国腾电子：关于控股子公司“北斗二号”双模手持型用户机通过鉴定的公告,股票,2011-09-19,https://data.eastmoney.com/notices/detail/300101/AN201203030004912914.html
振芯科技,300101,300101,振芯科技,国腾电子：关于取得安全技术防范产品生产登记批准书的公告,股票,2011-09-19,https://data.eastmoney.com/notices/detail/300101/AN201203030004912915.html
振芯科技,300101,300101,振芯科技,国腾电子：关于2011年半年度报告的更正公告,股票,2011-09-07,https://data.eastmoney.com/notices/detail/300101/AN201203030004910321.html
振芯科技,300101,300101,振芯科技,国腾电子：关于全资子公司签订《募集资金三方监管协议》的公告,股票,2011-08-31,https://data.eastmoney.com/notices/detail/300101/AN201203020004904307.html
振芯科技,300101,300101,振芯科技,国腾电子：关于全资子公司完成工商变更登记的公告,股票,2011-08-31,https://data.eastmoney.com/notices/detail/300101/AN201203020004904308.html
振芯科技,300101,300101,振芯科技,国腾电子：关于深圳分公司完成工商注册登记的公告,股票,2011-08-27,https://data.eastmoney.com/notices/detail/300101/AN201203020004900855.html
振芯科技,300101,300101,振芯科技,国腾电子：2011年半年度报告,股票,2011-08-22,https://data.eastmoney.com/notices/detail/300101/AN201203020004891796.html
振芯科技,300101,300101,振芯科技,国腾电子:2011年半年度报告摘要,半年度报告摘要,2011-08-22,https://data.eastmoney.com/notices/detail/300101/AN201203020004891797.html
振芯科技,300101,300101,振芯科技,国腾电子：独立董事关于公司2011年上半年度关联方资金占用和对外担保情况的专项说明及独立意见,股票,2011-08-22,https://data.eastmoney.com/notices/detail/300101/AN201203020004891795.html
振芯科技,300101,300101,振芯科技,国腾电子：关于全资子公司签订《募集资金三方监管协议》的公告,股票,2011-08-04,https://data.eastmoney.com/notices/detail/300101/AN201203020004881405.html
振芯科技,300101,300101,振芯科技,国腾电子：首次公开发行前已发行股份上市流通的提示性公告,股票,2011-08-03,https://data.eastmoney.com/notices/detail/300101/AN201203020004881140.html
振芯科技,300101,300101,振芯科技,国腾电子：中信建投证券有限责任公司关于公司限售股份上市流通事项的保荐意见,股票,2011-08-03,https://data.eastmoney.com/notices/detail/300101/AN201203020004881141.html
振芯科技,300101,300101,振芯科技,国腾电子：第二届董事会第二次会议决议公告,股票,2011-07-16,https://data.eastmoney.com/notices/detail/300101/AN201203020004868864.html
振芯科技,300101,300101,振芯科技,国腾电子：对外报送信息管理制度（2011年7月）,股票,2011-07-16,https://data.eastmoney.com/notices/detail/300101/AN201203020004867530.html
振芯科技,300101,300101,振芯科技,国腾电子：对外投资管理办法（2011年7月）,股票,2011-07-16,https://data.eastmoney.com/notices/detail/300101/AN201203020004868861.html
振芯科技,300101,300101,振芯科技,国腾电子：子公司管理制度（2011年7月）,股票,2011-07-16,https://data.eastmoney.com/notices/detail/300101/AN201203020004868860.html
振芯科技,300101,300101,振芯科技,国腾电子：关于向全资子公司北京国翼恒达导航科技有限公司增资的公告,股票,2011-07-16,https://data.eastmoney.com/notices/detail/300101/AN201203020004867529.html
振芯科技,300101,300101,振芯科技,国腾电子：董事、监事和高级管理人员持有和买卖本公司股票管理制度（2011年7月）,股票,2011-07-16,https://data.eastmoney.com/notices/detail/300101/AN201203020004868862.html
振芯科技,300101,300101,振芯科技,国腾电子：董事、监事、高级管理人员内部问责制度（2011年7月）,股票,2011-07-16,https://data.eastmoney.com/notices/detail/300101/AN201203020004868863.html
振芯科技,300101,300101,振芯科技,国腾电子：关于全资子公司完成工商注册登记的公告,股票,2011-07-01,https://data.eastmoney.com/notices/detail/300101/AN201203020004857576.html
振芯科技,300101,300101,振芯科技,国腾电子：关于举行2010年年度报告网上集体说明会公告,股票,2011-06-08,https://data.eastmoney.com/notices/detail/300101/AN201203020004845257.html
振芯科技,300101,300101,振芯科技,国腾电子：关于完成工商变更登记的公告,股票,2011-06-08,https://data.eastmoney.com/notices/detail/300101/AN201203020004845352.html
振芯科技,300101,300101,振芯科技,国腾电子：2011年第一次临时股东大会决议公告,股票,2011-05-10,https://data.eastmoney.com/notices/detail/300101/AN201203020004827274.html
振芯科技,300101,300101,振芯科技,国腾电子：2011年第一次临时股东大会的法律意见书,股票,2011-05-10,https://data.eastmoney.com/notices/detail/300101/AN201203020004827273.html
振芯科技,300101,300101,振芯科技,国腾电子:2011年第一季度报告正文,一季度报告正文,2011-04-22,https://data.eastmoney.com/notices/detail/300101/AN201203020004808451.html
振芯科技,300101,300101,振芯科技,国腾电子：独立董事关于聘任公司高级管理人员的独立意见,股票,2011-04-22,https://data.eastmoney.com/notices/detail/300101/AN201203020004808454.html
振芯科技,300101,300101,振芯科技,国腾电子：公司章程（2011年4月）,股票,2011-04-22,https://data.eastmoney.com/notices/detail/300101/AN201203020004808456.html
振芯科技,300101,300101,振芯科技,国腾电子：2011年第一季度报告全文,股票,2011-04-22,https://data.eastmoney.com/notices/detail/300101/AN201203020004808450.html
振芯科技,300101,300101,振芯科技,国腾电子：关于召开2011年第一次临时股东大会的通知,股票,2011-04-22,https://data.eastmoney.com/notices/detail/300101/AN201203020004808457.html
振芯科技,300101,300101,振芯科技,国腾电子：第二届董事会第一次会议决议公告,股票,2011-04-22,https://data.eastmoney.com/notices/detail/300101/AN201203020004808453.html
振芯科技,300101,300101,振芯科技,国腾电子：第二届监事会第一次会议决议公告,股票,2011-04-22,https://data.eastmoney.com/notices/detail/300101/AN201203020004808452.html
振芯科技,300101,300101,振芯科技,国腾电子：2010年度权益分派实施公告,股票,2011-04-11,https://data.eastmoney.com/notices/detail/300101/AN201203020004794533.html
振芯科技,300101,300101,振芯科技,国腾电子：2010年年度股东大会决议公告,股票,2011-04-07,https://data.eastmoney.com/notices/detail/300101/AN201203020004789195.html
振芯科技,300101,300101,振芯科技,国腾电子：2010年年度股东大会的法律意见书,股票,2011-04-07,https://data.eastmoney.com/notices/detail/300101/AN201203020004789376.html
振芯科技,300101,300101,振芯科技,国腾电子：关于召开2010年年度股东大会的提示性公告,股票,2011-03-31,https://data.eastmoney.com/notices/detail/300101/AN201203020004785609.html
振芯科技,300101,300101,振芯科技,国腾电子：关于举行2010年度业绩网上说明会的公告,股票,2011-03-17,https://data.eastmoney.com/notices/detail/300101/AN201203020004768169.html
振芯科技,300101,300101,振芯科技,国腾电子：中信建投证券有限责任公司关于公司2010年度跟踪报告,股票,2011-03-16,https://data.eastmoney.com/notices/detail/300101/AN201203020004764680.html
振芯科技,300101,300101,振芯科技,国腾电子：独立董事候选人声明（胡洋瑄）,股票,2011-03-16,https://data.eastmoney.com/notices/detail/300101/AN201203020004764692.html
振芯科技,300101,300101,振芯科技,国腾电子：关于选举产生第二届监事会职工监事的公告,股票,2011-03-16,https://data.eastmoney.com/notices/detail/300101/AN201203020004764683.html
振芯科技,300101,300101,振芯科技,国腾电子：独立董事候选人声明（邹寿彬）,股票,2011-03-16,https://data.eastmoney.com/notices/detail/300101/AN201203020004764690.html
振芯科技,300101,300101,振芯科技,国腾电子：关于召开2010年年度股东大会的通知,股票,2011-03-16,https://data.eastmoney.com/notices/detail/300101/AN201203020004764682.html
振芯科技,300101,300101,振芯科技,国腾电子：第一届监事会第八次会议决议公告,股票,2011-03-16,https://data.eastmoney.com/notices/detail/300101/AN201203020004764697.html
振芯科技,300101,300101,振芯科技,国腾电子：关于2010年度募集资金存放与使用情况专项报告,股票,2011-03-16,https://data.eastmoney.com/notices/detail/300101/AN201203020004764687.html
振芯科技,300101,300101,振芯科技,国腾电子：中信建投证券有限责任公司关于公司内部控制自我评价报告的核查意见,股票,2011-03-16,https://data.eastmoney.com/notices/detail/300101/AN201203020004764678.html
振芯科技,300101,300101,振芯科技,国腾电子：独立董事提名人声明,股票,2011-03-16,https://data.eastmoney.com/notices/detail/300101/AN201203020004764689.html
振芯科技,300101,300101,振芯科技,国腾电子：关于公司控股股东及其他关联方占用资金情况专项审核说明,股票,2011-03-16,https://data.eastmoney.com/notices/detail/300101/AN201203020004764684.html
振芯科技,300101,300101,振芯科技,国腾电子：2010年年度审计报告,股票,2011-03-16,https://data.eastmoney.com/notices/detail/300101/AN201203020004764699.html
振芯科技,300101,300101,振芯科技,国腾电子：独立董事2010年度述职报告（江才）,股票,2011-03-16,https://data.eastmoney.com/notices/detail/300101/AN201203020004764695.html
振芯科技,300101,300101,振芯科技,国腾电子：独立董事2010年度述职报告（邹寿彬）,股票,2011-03-16,https://data.eastmoney.com/notices/detail/300101/AN201203020004764694.html
振芯科技,300101,300101,振芯科技,国腾电子：独立董事候选人声明（江才）,股票,2011-03-16,https://data.eastmoney.com/notices/detail/300101/AN201203020004764691.html
振芯科技,300101,300101,振芯科技,国腾电子：股东大会网络投票实施细则（2011年3月）,股票,2011-03-16,https://data.eastmoney.com/notices/detail/300101/AN201203020004764688.html
振芯科技,300101,300101,振芯科技,国腾电子：中信建投证券有限责任公司关于公司2010年度募集资金存放与使用情况的专项核查报告,股票,2011-03-16,https://data.eastmoney.com/notices/detail/300101/AN201203020004764679.html
振芯科技,300101,300101,振芯科技,国腾电子：独立董事对相关事项的独立意见,股票,2011-03-16,https://data.eastmoney.com/notices/detail/300101/AN201203020004764693.html
振芯科技,300101,300101,振芯科技,国腾电子：2010年年度报告,股票,2011-03-16,https://data.eastmoney.com/notices/detail/300101/AN201203020004764701.html
振芯科技,300101,300101,振芯科技,国腾电子:2010年年度报告摘要,年度报告摘要,2011-03-16,https://data.eastmoney.com/notices/detail/300101/AN201203020004764700.html
振芯科技,300101,300101,振芯科技,国腾电子：关于公司2010年度内部控制的自我评价报告,股票,2011-03-16,https://data.eastmoney.com/notices/detail/300101/AN201203020004764685.html
振芯科技,300101,300101,振芯科技,国腾电子：内部审计制度（2011年3月）,股票,2011-03-16,https://data.eastmoney.com/notices/detail/300101/AN201203020004764681.html
振芯科技,300101,300101,振芯科技,国腾电子：第一届董事会第十八次会议决议公告,股票,2011-03-16,https://data.eastmoney.com/notices/detail/300101/AN201203020004764698.html
振芯科技,300101,300101,振芯科技,国腾电子：独立董事2010年度述职报告（胡洋瑄）,股票,2011-03-16,https://data.eastmoney.com/notices/detail/300101/AN201203020004764696.html
振芯科技,300101,300101,振芯科技,国腾电子：关于公司2010募集资金年度存放与使用情况的鉴证报告,股票,2011-03-16,https://data.eastmoney.com/notices/detail/300101/AN201203020004764686.html
振芯科技,300101,300101,振芯科技,国腾电子：关于变更部分募投项目实施主体及地点的公告,股票,2011-03-05,https://data.eastmoney.com/notices/detail/300101/AN201203020004759924.html
振芯科技,300101,300101,振芯科技,国腾电子：关于使用超募资金成立全资子公司的可行性研究报告,股票,2011-03-05,https://data.eastmoney.com/notices/detail/300101/AN201203020004759929.html
振芯科技,300101,300101,振芯科技,国腾电子：独立董事关于公司超募资金使用计划及变更部分募投项目实施主体及地点的独立意见,股票,2011-03-05,https://data.eastmoney.com/notices/detail/300101/AN201203020004759962.html
振芯科技,300101,300101,振芯科技,国腾电子：关于使用超募资金购置土地建设北斗卫星导航产业园实施募集资金投资项目可行性研究报告,股票,2011-03-05,https://data.eastmoney.com/notices/detail/300101/AN201203020004759928.html
振芯科技,300101,300101,振芯科技,国腾电子：关于购买资产的公告,股票,2011-03-05,https://data.eastmoney.com/notices/detail/300101/AN201203020004759923.html
振芯科技,300101,300101,振芯科技,国腾电子：第一届董事会第十七次会议决议公告,股票,2011-03-05,https://data.eastmoney.com/notices/detail/300101/AN201203020004759961.html
振芯科技,300101,300101,振芯科技,国腾电子：中信建投证券有限责任公司关于公司变更募集资金投资项目实施主体及地点的的核查意见,股票,2011-03-05,https://data.eastmoney.com/notices/detail/300101/AN201203020004759931.html
振芯科技,300101,300101,振芯科技,国腾电子：中信建投证券有限责任公司关于公司超募资金使用计划的的核查意见,股票,2011-03-05,https://data.eastmoney.com/notices/detail/300101/AN201203020004759930.html
振芯科技,300101,300101,振芯科技,国腾电子：关于超募资金使用计划的公告,股票,2011-03-05,https://data.eastmoney.com/notices/detail/300101/AN201203020004759925.html
振芯科技,300101,300101,振芯科技,国腾电子：第一届监事会第七次会议决议公告,股票,2011-03-05,https://data.eastmoney.com/notices/detail/300101/AN201203020004759926.html
振芯科技,300101,300101,振芯科技,国腾电子：关于对外投资设立全资子公司的公告,股票,2011-03-05,https://data.eastmoney.com/notices/detail/300101/AN201203020004759932.html
振芯科技,300101,300101,振芯科技,国腾电子：2010年度业绩快报,股票,2011-02-26,https://data.eastmoney.com/notices/detail/300101/AN201203020004753010.html
振芯科技,300101,300101,振芯科技,国腾电子：2010年第四次临时股东大会的法律意见书,股票,2010-12-30,https://data.eastmoney.com/notices/detail/300101/AN201203010004722150.html
振芯科技,300101,300101,振芯科技,国腾电子：2010年第四次临时股东大会决议公告,股票,2010-12-30,https://data.eastmoney.com/notices/detail/300101/AN201203010004722149.html
振芯科技,300101,300101,振芯科技,国腾电子：关于获得政府补助的公告,股票,2010-12-29,https://data.eastmoney.com/notices/detail/300101/AN201203010004720986.html
振芯科技,300101,300101,振芯科技,国腾电子：以通讯方式召开第一届董事会第十六次会议决议公告,股票,2010-12-14,https://data.eastmoney.com/notices/detail/300101/AN201203010004716164.html
振芯科技,300101,300101,振芯科技,国腾电子：关于召开2010年第四次临时股东大会的通知,股票,2010-12-14,https://data.eastmoney.com/notices/detail/300101/AN201203010004716163.html
振芯科技,300101,300101,振芯科技,国腾电子：公司章程（2010年12月）,股票,2010-12-14,https://data.eastmoney.com/notices/detail/300101/AN201203010004716161.html
振芯科技,300101,300101,振芯科技,国腾电子：2010年第三次临时股东大会的法律意见书,股票,2010-11-09,https://data.eastmoney.com/notices/detail/300101/AN201203010004699191.html
振芯科技,300101,300101,振芯科技,国腾电子：2010年第三次临时股东大会决议公告,股票,2010-11-09,https://data.eastmoney.com/notices/detail/300101/AN201203010004699190.html
振芯科技,300101,300101,振芯科技,国腾电子：关于投资者接待日的公告,股票,2010-11-05,https://data.eastmoney.com/notices/detail/300101/AN201203010004697814.html
振芯科技,300101,300101,振芯科技,国腾电子：关于网下配售股份上市流通的提示性公告,股票,2010-11-03,https://data.eastmoney.com/notices/detail/300101/AN201203010004698259.html
振芯科技,300101,300101,振芯科技,国腾电子：独立董事关于提名独立董事候选人的独立意见,股票,2010-10-23,https://data.eastmoney.com/notices/detail/300101/AN201203010004689907.html
振芯科技,300101,300101,振芯科技,国腾电子:2010年第三季度报告正文,三季度报告正文,2010-10-23,https://data.eastmoney.com/notices/detail/300101/AN201203010004689906.html
振芯科技,300101,300101,振芯科技,国腾电子：第一届董事会第十五次会议决议的公告,股票,2010-10-23,https://data.eastmoney.com/notices/detail/300101/AN201203010004685659.html
振芯科技,300101,300101,振芯科技,国腾电子：关于召开2010年第三次临时股东大会的通知,股票,2010-10-23,https://data.eastmoney.com/notices/detail/300101/AN201203010004685660.html
振芯科技,300101,300101,振芯科技,国腾电子：2010年第三季度报告全文,股票,2010-10-23,https://data.eastmoney.com/notices/detail/300101/AN201203010004689905.html
振芯科技,300101,300101,振芯科技,国腾电子：独立董事候选人声明（邹寿彬）,股票,2010-10-23,https://data.eastmoney.com/notices/detail/300101/AN201203010004689908.html
振芯科技,300101,300101,振芯科技,国腾电子：独立董事提名人声明,股票,2010-10-23,https://data.eastmoney.com/notices/detail/300101/AN201203010004689909.html
振芯科技,300101,300101,振芯科技,国腾电子：关于完成工商变更登记的公告,股票,2010-10-11,https://data.eastmoney.com/notices/detail/300101/AN201203010004681296.html
振芯科技,300101,300101,振芯科技,国腾电子：2010年中期权益分派实施公告,股票,2010-09-17,https://data.eastmoney.com/notices/detail/300101/AN201203010004675279.html
振芯科技,300101,300101,振芯科技,国腾电子：2010年第二次临时股东大会的法律意见书,股票,2010-09-14,https://data.eastmoney.com/notices/detail/300101/AN201203010004674462.html
振芯科技,300101,300101,振芯科技,国腾电子：2010年第二次临时股东大会决议公告,股票,2010-09-14,https://data.eastmoney.com/notices/detail/300101/AN201203010004674461.html
振芯科技,300101,300101,振芯科技,国腾电子：关于完成工商变更登记的公告,股票,2010-08-27,https://data.eastmoney.com/notices/detail/300101/AN201203010004665350.html
振芯科技,300101,300101,振芯科技,国腾电子：信息披露管理办法（2009年7月）,股票,2010-08-24,https://data.eastmoney.com/notices/detail/300101/AN201203010004659128.html
振芯科技,300101,300101,振芯科技,国腾电子：中信建投证券有限责任公司关于公司用部分募集资金偿还银行贷款及永久补充流动资金的核查意见,股票,2010-08-24,https://data.eastmoney.com/notices/detail/300101/AN201203010004660858.html
振芯科技,300101,300101,振芯科技,国腾电子：对外担保管理办法（2009月7月）,股票,2010-08-24,https://data.eastmoney.com/notices/detail/300101/AN201203010004661826.html
振芯科技,300101,300101,振芯科技,国腾电子：独立董事关于以募集资金置换预先已投入募集资金投资项目的自筹资金的独立意见,股票,2010-08-24,https://data.eastmoney.com/notices/detail/300101/AN201203010004660860.html
振芯科技,300101,300101,振芯科技,国腾电子：关于召开2010年第二次临时股东大会的通知,股票,2010-08-24,https://data.eastmoney.com/notices/detail/300101/AN201203010004660859.html
振芯科技,300101,300101,振芯科技,国腾电子：董事会秘书工作制度（2008年4月）,股票,2010-08-24,https://data.eastmoney.com/notices/detail/300101/AN201203010004661905.html
振芯科技,300101,300101,振芯科技,国腾电子：关于签订《募集资金三方监管协议》的公告,股票,2010-08-24,https://data.eastmoney.com/notices/detail/300101/AN201203010004660863.html
振芯科技,300101,300101,振芯科技,国腾电子：关于使用募集资金置换预先已投入募集资金投资项目的自筹资金的公告,股票,2010-08-24,https://data.eastmoney.com/notices/detail/300101/AN201203010004660862.html
振芯科技,300101,300101,振芯科技,国腾电子：关于使用部分募集资金提前偿还银行贷款及永久补充流动资金的公告,股票,2010-08-24,https://data.eastmoney.com/notices/detail/300101/AN201203010004660852.html
振芯科技,300101,300101,振芯科技,国腾电子：独立董事关于使用部分募集资金提前偿还银行贷款及永久补充流动资金的独立意见,股票,2010-08-24,https://data.eastmoney.com/notices/detail/300101/AN201203010004660861.html
振芯科技,300101,300101,振芯科技,国腾电子：中信建投证券有限责任公司关于公司以募集资金置换预先已投入募集资金投资项目的自筹资金的核查意见,股票,2010-08-24,https://data.eastmoney.com/notices/detail/300101/AN201203010004660857.html
振芯科技,300101,300101,振芯科技,国腾电子：投资者关系管理制度（2009月7月）,股票,2010-08-24,https://data.eastmoney.com/notices/detail/300101/AN201203010004660855.html
振芯科技,300101,300101,振芯科技,国腾电子：股东大会议事规则（2009月7月）,股票,2010-08-24,https://data.eastmoney.com/notices/detail/300101/AN201203010004660856.html
振芯科技,300101,300101,振芯科技,国腾电子：董事会审计委员会工作细则（2009年7月）,股票,2010-08-24,https://data.eastmoney.com/notices/detail/300101/AN201203010004661547.html
振芯科技,300101,300101,振芯科技,国腾电子：第一届监事会第五次会议决议的公告,股票,2010-08-24,https://data.eastmoney.com/notices/detail/300101/AN201203010004661827.html
振芯科技,300101,300101,振芯科技,国腾电子：第一届董事会第十四次会议决议的公告,股票,2010-08-24,https://data.eastmoney.com/notices/detail/300101/AN201203010004661282.html
振芯科技,300101,300101,振芯科技,国腾电子：内部控制制度（2008月4月）,股票,2010-08-24,https://data.eastmoney.com/notices/detail/300101/AN201203010004659130.html
振芯科技,300101,300101,振芯科技,国腾电子：董事会薪酬与考核委员会工作细则（2008年3月）,股票,2010-08-24,https://data.eastmoney.com/notices/detail/300101/AN201203010004659133.html
振芯科技,300101,300101,振芯科技,国腾电子：关于聘任证券事务代表的公告,股票,2010-08-24,https://data.eastmoney.com/notices/detail/300101/AN201203010004659131.html
振芯科技,300101,300101,振芯科技,国腾电子：内部审计制度（2008年4月）,股票,2010-08-24,https://data.eastmoney.com/notices/detail/300101/AN201203010004659129.html
振芯科技,300101,300101,振芯科技,国腾电子：监事会议事规则（2009年7月）,股票,2010-08-24,https://data.eastmoney.com/notices/detail/300101/AN201203010004658797.html
振芯科技,300101,300101,振芯科技,国腾电子：募集资金管理办法（2010年8月）,股票,2010-08-24,https://data.eastmoney.com/notices/detail/300101/AN201203010004658069.html
振芯科技,300101,300101,振芯科技,国腾电子：董事会提名委员会工作细则（2008月3月）,股票,2010-08-24,https://data.eastmoney.com/notices/detail/300101/AN201203010004658798.html
振芯科技,300101,300101,振芯科技,国腾电子：内幕信息知情人管理制度（2010年8月）,股票,2010-08-24,https://data.eastmoney.com/notices/detail/300101/AN201203010004658068.html
振芯科技,300101,300101,振芯科技,国腾电子：年报信息披露重大差错责任追究制度（2010年8月）,股票,2010-08-24,https://data.eastmoney.com/notices/detail/300101/AN201203010004658070.html
振芯科技,300101,300101,振芯科技,国腾电子：公司章程（2010年8月）,股票,2010-08-24,https://data.eastmoney.com/notices/detail/300101/AN201203010004660109.html
振芯科技,300101,300101,振芯科技,国腾电子：关联交易管理办法（2009年7月）,股票,2010-08-24,https://data.eastmoney.com/notices/detail/300101/AN201203010004660587.html
振芯科技,300101,300101,振芯科技,国腾电子：独立董事工作制度（2009年7月）,股票,2010-08-24,https://data.eastmoney.com/notices/detail/300101/AN201203010004659126.html
振芯科技,300101,300101,振芯科技,国腾电子：对外投资管理办法（2009月7月）,股票,2010-08-24,https://data.eastmoney.com/notices/detail/300101/AN201203010004659204.html
振芯科技,300101,300101,振芯科技,国腾电子：重大信息内部报告制度（2009年7月）,股票,2010-08-24,https://data.eastmoney.com/notices/detail/300101/AN201203010004659127.html
振芯科技,300101,300101,振芯科技,国腾电子：董事会议事规则（2009年7月）,股票,2010-08-24,https://data.eastmoney.com/notices/detail/300101/AN201203010004658796.html
振芯科技,300101,300101,振芯科技,国腾电子：总经理工作细则（2008年4月）,股票,2010-08-24,https://data.eastmoney.com/notices/detail/300101/AN201203010004659116.html
振芯科技,300101,300101,振芯科技,关于“尤洛卡”、“双林股份”、“国腾电子”上市首日交易的风险提示,股票,2010-08-06,https://data.eastmoney.com/notices/detail/300101/AN201203010004649048.html
振芯科技,300101,300101,振芯科技,国腾电子：国浩律师集团（上海）事务所关于公司首次公开发行人民币普通股并于创业板上市的法律意见书,股票,2010-08-05,https://data.eastmoney.com/notices/detail/300101/AN201203010004643399.html
振芯科技,300101,300101,振芯科技,国腾电子：首次公开发行股票并在创业板上市公告书提示性公告,股票,2010-08-05,https://data.eastmoney.com/notices/detail/300101/AN201203010004643398.html
振芯科技,300101,300101,振芯科技,关于成都国腾电子技术股份有限公司股票在创业板上市交易的公告,股票,2010-08-05,https://data.eastmoney.com/notices/detail/300101/AN201203010004643708.html
振芯科技,300101,300101,振芯科技,国腾电子:首次公开发行股票并在创业板上市上市公告书,首发上市公告书,2010-08-05,https://data.eastmoney.com/notices/detail/300101/AN201203010004643397.html
振芯科技,300101,300101,振芯科技,国腾电子：股票上市保荐书,股票,2010-08-05,https://data.eastmoney.com/notices/detail/300101/AN201203010004647366.html
振芯科技,300101,300101,振芯科技,国腾电子：首次公开发行股票并在创业板上市网上定价发行摇号中签结果公告,股票,2010-07-29,https://data.eastmoney.com/notices/detail/300101/AN201203010004639950.html
振芯科技,300101,300101,振芯科技,国腾电子：首次公开发行股票并在创业板上市网下配售结果公告,股票,2010-07-28,https://data.eastmoney.com/notices/detail/300101/AN201203010004640911.html
振芯科技,300101,300101,振芯科技,国腾电子：首次公开发行股票并在创业板上市网上定价发行申购情况及中签率公告,股票,2010-07-28,https://data.eastmoney.com/notices/detail/300101/AN201203010004642780.html
振芯科技,300101,300101,振芯科技,国腾电子：首次公开发行股票并在创业板上市投资风险特别公告,股票,2010-07-23,https://data.eastmoney.com/notices/detail/300101/AN201203010004636511.html
振芯科技,300101,300101,振芯科技,国腾电子：首次公开发行股票并在创业板上市发行公告,股票,2010-07-23,https://data.eastmoney.com/notices/detail/300101/AN201203010004636531.html
振芯科技,300101,300101,振芯科技,国腾电子:首次公开发行股票并在创业板上市招股说明书,首发招股说明书,2010-07-23,https://data.eastmoney.com/notices/detail/300101/AN201203010004636931.html
振芯科技,300101,300101,振芯科技,国腾电子：首次公开发行股票并在创业板上市网上路演公告,股票,2010-07-22,https://data.eastmoney.com/notices/detail/300101/AN201203010004637907.html
振芯科技,300101,300101,振芯科技,国腾电子：国浩律师集团（上海）事务所关于公司首次公开发行股票并在创业板上市的补充法律意见书（二）,股票,2010-07-16,https://data.eastmoney.com/notices/detail/300101/AN201203010004636142.html
振芯科技,300101,300101,振芯科技,国腾电子：国浩律师集团（上海）事务所关于公司首次公开发行股票并在创业板上市的补充法律意见书（一）,股票,2010-07-16,https://data.eastmoney.com/notices/detail/300101/AN201203010004636140.html
振芯科技,300101,300101,振芯科技,国腾电子：国浩律师集团（上海）事务所关于公司首次公开发行股票并在创业板上市的补充法律意见书（三）,股票,2010-07-16,https://data.eastmoney.com/notices/detail/300101/AN201203010004636141.html
振芯科技,300101,300101,振芯科技,国腾电子：首次公开发行股票并在创业板上市提示公告,股票,2010-07-16,https://data.eastmoney.com/notices/detail/300101/AN201203010004634232.html
振芯科技,300101,300101,振芯科技,国腾电子：中信建投证券有限责任公司关于公司首次公开发行股票的发行保荐工作报告,股票,2010-07-16,https://data.eastmoney.com/notices/detail/300101/AN201203010004634230.html
振芯科技,300101,300101,振芯科技,国腾电子：关于公司设立以来股本演变情况的说明及其董事、监事、高级管理人员的确认意见,股票,2010-07-16,https://data.eastmoney.com/notices/detail/300101/AN201203010004636143.html
振芯科技,300101,300101,振芯科技,国腾电子:首次公开发行股票并在创业板上市招股意向书,首发招股意向书,2010-07-16,https://data.eastmoney.com/notices/detail/300101/AN201203010004634231.html
振芯科技,300101,300101,振芯科技,国腾电子：中国证监会关于核准公司首次公开发行股票并在创业板上市的批复 ,股票,2010-07-16,https://data.eastmoney.com/notices/detail/300101/AN201203010004633590.html
振芯科技,300101,300101,振芯科技,国腾电子：国浩律师集团（上海）事务所关于公司首次公开发行股票并在创业板上市的法律意见书,股票,2010-07-16,https://data.eastmoney.com/notices/detail/300101/AN201203010004636139.html
振芯科技,300101,300101,振芯科技,国腾电子：国浩律师集团（上海）事务所关于公司首次公开发行股票并在创业板上市的律师工作报告,股票,2010-07-16,https://data.eastmoney.com/notices/detail/300101/AN201203010004636138.html
振芯科技,300101,300101,振芯科技,国腾电子：中信建投证券有限责任公司关于公司首次公开发行股票的发行保荐书,股票,2010-07-16,https://data.eastmoney.com/notices/detail/300101/AN201203010004634229.html
振芯科技,300101,300101,振芯科技,国腾电子：首次公开发行股票并在创业板上市初步询价及推介公告,股票,2010-07-16,https://data.eastmoney.com/notices/detail/300101/AN201203010004634233.html
振芯科技,300101,300101,振芯科技,成都国腾电子技术股份有限公司首次公开发行股票并在创业板上市招股说明书(申报稿),首发招股说明书（申报稿）,2010-03-29,https://data.eastmoney.com/notices/detail/300101/AN201203010004562331.html
