trade_date,ts_code,rzye,rqye,rzmre,rqyl,rzche,rqchl,rqmcl,rzrqye
20161230,002313.SZ,1130303444.0,186074.0,24400903.0,7986.0,88135516.0,0.0,2100.0,1130489518.0
20161229,002313.SZ,1194038057.0,136261.0,17030953.0,5886.0,17701648.0,700.0,0.0,1194174318.0
20161228,002313.SZ,1194708752.0,155364.0,21464769.0,6586.0,27814593.0,300.0,0.0,1194864116.0
20161227,002313.SZ,1201058576.0,166021.0,27469963.0,6886.0,25266020.0,11500.0,1000.0,1201224597.0
20161226,002313.SZ,1198854633.0,425262.0,40952605.0,17386.0,37790242.0,14338.0,2100.0,1199279895.0
20161223,002313.SZ,1195692270.0,700311.0,44554505.0,29624.0,19246635.0,2100.0,16700.0,1196392581.0
20161222,002313.SZ,1170384400.0,350961.0,8986870.0,15024.0,8507781.0,0.0,9200.0,1170735361.0
20161221,002313.SZ,1169905311.0,135117.0,26890967.0,5824.0,26283239.0,0.0,0.0,1170040428.0
20161220,002313.SZ,1169297583.0,132380.0,11711249.0,5824.0,10325886.0,1700.0,0.0,1169429963.0
20161219,002313.SZ,1167912220.0,171096.0,18054510.0,7524.0,21695408.0,0.0,1700.0,1168083316.0
20161216,002313.SZ,1171553118.0,134127.0,19994396.0,5824.0,20973442.0,0.0,0.0,1171687245.0
20161215,002313.SZ,1172532164.0,134709.0,36998377.0,5824.0,32310801.0,22700.0,0.0,1172666873.0
20161214,002313.SZ,1167844588.0,650347.0,22650042.0,28524.0,24011641.0,3212.0,18400.0,1168494935.0
20161213,002313.SZ,1169206187.0,298860.0,16490380.0,13336.0,21814422.0,18400.0,2400.0,1169505047.0
20161212,002313.SZ,1174530229.0,651846.0,53237101.0,29336.0,72541836.0,2400.0,13700.0,1175182075.0
20161209,002313.SZ,1193834964.0,405810.0,39133863.0,18036.0,49521510.0,13608.0,600.0,1194240774.0
20161208,002313.SZ,1204222611.0,680484.0,32480757.0,31044.0,25902059.0,0.0,2800.0,1204903095.0
20161207,002313.SZ,1197643913.0,631253.0,25469617.0,28244.0,24219363.0,1200.0,0.0,1198275166.0
20161206,002313.SZ,1196393659.0,659251.0,24072088.0,29444.0,56971831.0,10000.0,16593.0,1197052910.0
20161205,002313.SZ,1229293402.0,511634.0,25467858.0,22851.0,48525012.0,18600.0,13800.0,1229805036.0
20161202,002313.SZ,1252350556.0,608322.0,21568843.0,27651.0,58717513.0,14100.0,21800.0,1252958878.0
20161201,002313.SZ,1289499226.0,449297.0,16936145.0,19951.0,24015356.0,0.0,4100.0,1289948523.0
20161130,002313.SZ,1296578437.0,353477.0,60235841.0,15851.0,62546095.0,4800.0,0.0,1296931914.0
20161129,002313.SZ,1298888691.0,476212.0,56348039.0,20651.0,51284553.0,800.0,4800.0,1299364903.0
20161128,002313.SZ,1293825205.0,399624.0,44292056.0,16651.0,40217539.0,25100.0,0.0,1294224829.0
20161125,002313.SZ,1289750688.0,1023735.0,51185371.0,41751.0,52824071.0,0.0,35900.0,1290774423.0
20161124,002313.SZ,1291389388.0,137850.0,27294347.0,5851.0,37396540.0,23125.0,0.0,1291527238.0
20161123,002313.SZ,1301491581.0,690498.0,31553336.0,28976.0,36635379.0,10000.0,23176.0,1302182079.0
20161122,002313.SZ,1306573624.0,382518.0,52916690.0,15800.0,68137867.0,23100.0,0.0,1306956142.0
20161121,002313.SZ,1321794801.0,936712.0,44508300.0,38900.0,51784407.0,2900.0,23100.0,1322731513.0
20161118,002313.SZ,1329070908.0,461142.0,109979860.0,18700.0,106922517.0,15100.0,100.0,1329532050.0
20161117,002313.SZ,1326013565.0,837108.0,40692341.0,33700.0,38053809.0,0.0,16100.0,1326850673.0
20161116,002313.SZ,1323375033.0,433664.0,50158599.0,17600.0,55628948.0,0.0,1800.0,1323808697.0
20161115,002313.SZ,1328845382.0,392156.0,115591175.0,15800.0,98626826.0,8200.0,0.0,1329237538.0
20161114,002313.SZ,1311881033.0,597360.0,71038906.0,24000.0,58695317.0,1200.0,8200.0,1312478393.0
20161111,002313.SZ,1299537444.0,419730.0,103454780.0,17000.0,134554927.0,13000.0,1000.0,1299957174.0
20161110,002313.SZ,1330637591.0,721810.0,68243774.0,29000.0,82690059.0,2000.0,2900.0,1331359401.0
20161109,002313.SZ,1345083876.0,688450.0,85477063.0,28100.0,63443128.0,0.0,12300.0,1345772326.0
20161108,002313.SZ,1323049941.0,396738.0,69981009.0,15800.0,75035595.0,5000.0,0.0,1323446679.0
20161107,002313.SZ,1328104527.0,534352.0,77680337.0,20800.0,73806126.0,0.0,2500.0,1328638879.0
20161104,002313.SZ,1324230316.0,471591.0,113481695.0,18300.0,87334522.0,0.0,2500.0,1324701907.0
20161103,002313.SZ,1298083143.0,402110.0,122709937.0,15800.0,90967450.0,0.0,0.0,1298485253.0
20161102,002313.SZ,1266340656.0,403848.0,124027307.0,15800.0,109279612.0,0.0,0.0,1266744504.0
20161101,002313.SZ,1251592961.0,406850.0,132477834.0,15800.0,81044767.0,2600.0,0.0,1251999811.0
20161031,002313.SZ,1200159894.0,454480.0,34055460.0,18400.0,45824399.0,2400.0,0.0,1200614374.0
20161028,002313.SZ,1211928833.0,515216.0,130363100.0,20800.0,134413400.0,0.0,3700.0,1212444049.0
20161027,002313.SZ,1215979133.0,424422.0,59233415.0,17100.0,65020816.0,3700.0,0.0,1216403555.0
20161026,002313.SZ,1221766534.0,505232.0,78780169.0,20800.0,88478849.0,0.0,4600.0,1222271766.0
20161025,002313.SZ,1231465214.0,398034.0,52239772.0,16200.0,51475345.0,0.0,0.0,1231863248.0
20161024,002313.SZ,1230700787.0,400950.0,77750128.0,16200.0,79275777.0,4600.0,10000.0,1231101737.0
20161021,002313.SZ,1232226436.0,259524.0,48665737.0,10800.0,42428401.0,10000.0,0.0,1232485960.0
20161020,002313.SZ,1225989100.0,500032.0,60237127.0,20800.0,55521685.0,0.0,0.0,1226489132.0
20161019,002313.SZ,1221273658.0,501488.0,52237241.0,20800.0,66280183.0,0.0,5000.0,1221775146.0
20161018,002313.SZ,1235316600.0,386784.0,98184547.0,15800.0,75851024.0,5000.0,0.0,1235703384.0
20161017,002313.SZ,1212983077.0,508144.0,89820369.0,20800.0,79480738.0,0.0,0.0,1213491221.0
20161014,002313.SZ,1202643446.0,525616.0,154273566.0,20800.0,103385312.0,0.0,0.0,1203169062.0
20161013,002313.SZ,1151755192.0,508352.0,92153477.0,20800.0,56328637.0,0.0,0.0,1152263544.0
20161012,002313.SZ,1115930352.0,508560.0,113061160.0,20800.0,87037733.0,0.0,0.0,1116438912.0
20161011,002313.SZ,1089906925.0,508768.0,112754802.0,20800.0,138812872.0,0.0,0.0,1090415693.0
20161010,002313.SZ,1115964995.0,484640.0,74361290.0,20800.0,71170836.0,0.0,11500.0,1116449635.0
20160930,002313.SZ,1112774541.0,213528.0,35414486.0,9300.0,48949782.0,1500.0,0.0,1112988069.0
20160929,002313.SZ,1126309837.0,245916.0,40811659.0,10800.0,50856868.0,0.0,0.0,1126555753.0
20160928,002313.SZ,1136355046.0,244080.0,22370555.0,10800.0,31699227.0,10000.0,0.0,1136599126.0
20160927,002313.SZ,1145683718.0,466544.0,50833895.0,20800.0,36578847.0,0.0,0.0,1146150262.0
20160926,002313.SZ,1131428670.0,468000.0,69664038.0,20800.0,71450366.0,0.0,0.0,1131896670.0
20160923,002313.SZ,1133214998.0,484016.0,94565289.0,20800.0,86588519.0,0.0,0.0,1133699014.0
20160922,002313.SZ,1125238228.0,469872.0,49365108.0,20800.0,41040881.0,0.0,0.0,1125708100.0
20160921,002313.SZ,1116914001.0,473824.0,49288246.0,20800.0,64470885.0,0.0,0.0,1117387825.0
20160920,002313.SZ,1132096640.0,465712.0,31765796.0,20800.0,29772978.0,0.0,0.0,1132562352.0
20160919,002313.SZ,1130103822.0,465712.0,47892183.0,20800.0,63061733.0,0.0,0.0,1130569534.0
20160914,002313.SZ,1145273372.0,450944.0,32543390.0,20800.0,38935084.0,30000.0,5000.0,1145724316.0
20160913,002313.SZ,1151665066.0,976914.0,47448653.0,45800.0,60719102.0,0.0,0.0,1152641980.0
20160912,002313.SZ,1164935515.0,974624.0,87187864.0,45800.0,77756915.0,5000.0,25000.0,1165910139.0
20160909,002313.SZ,1155504566.0,592110.0,81691307.0,25800.0,81891798.0,25000.0,19000.0,1156096676.0
20160908,002313.SZ,1155705057.0,715500.0,44992040.0,31800.0,43452049.0,0.0,16000.0,1156420557.0
20160907,002313.SZ,1154165066.0,346652.0,39350321.0,15800.0,37087464.0,0.0,0.0,1154511718.0
20160906,002313.SZ,1151902209.0,348074.0,39350412.0,15800.0,46621335.0,27500.0,0.0,1152250283.0
20160905,002313.SZ,1159173132.0,935280.0,51275122.0,43300.0,42784953.0,0.0,17900.0,1160108412.0
20160902,002313.SZ,1150682963.0,566166.0,46137269.0,25400.0,60476775.0,17900.0,7500.0,1151249129.0
20160901,002313.SZ,1165022469.0,814808.0,55463152.0,35800.0,53059421.0,0.0,5000.0,1165837277.0
20160831,002313.SZ,1162618738.0,708400.0,71947761.0,30800.0,66235103.0,5000.0,18800.0,1163327138.0
20160830,002313.SZ,1156906080.0,378250.0,43828201.0,17000.0,36086605.0,0.0,11200.0,1157284330.0
20160829,002313.SZ,1149164484.0,131660.0,51673582.0,5800.0,55416617.0,25000.0,0.0,1149296144.0
20160826,002313.SZ,1152907519.0,686840.0,43001173.0,30800.0,60864760.0,2900.0,0.0,1153594359.0
20160825,002313.SZ,1170771106.0,745781.0,70999438.0,33700.0,65676415.0,2100.0,2900.0,1171516887.0
20160824,002313.SZ,1165448083.0,744198.0,58316857.0,32900.0,55125353.0,1300.0,2100.0,1166192281.0
20160823,002313.SZ,1162256579.0,744720.0,60903967.0,32100.0,64170272.0,7400.0,16300.0,1163001299.0
20160822,002313.SZ,1165522884.0,533600.0,112730517.0,23200.0,79117842.0,4300.0,3700.0,1166056484.0
20160819,002313.SZ,1131910209.0,562156.0,88878533.0,23800.0,75701136.0,25000.0,17700.0,1132472365.0
20160818,002313.SZ,1118732812.0,751065.0,133085017.0,31100.0,95048196.0,19300.0,15300.0,1119483877.0
20160817,002313.SZ,1080695991.0,856440.0,160412842.0,35100.0,159373508.0,35000.0,24300.0,1081552431.0
20160816,002313.SZ,1079656657.0,1068056.0,103045937.0,45800.0,118338621.0,19942.0,30000.0,1080724713.0
20160815,002313.SZ,1094949341.0,757730.0,111219330.0,35742.0,111777352.0,25000.0,0.0,1095707071.0
20160812,002313.SZ,1095507363.0,1286516.0,63435091.0,60742.0,54953157.0,10000.0,20000.0,1096793879.0
20160811,002313.SZ,1087025429.0,1040211.0,69513447.0,50742.0,75618437.0,5000.0,2800.0,1088065640.0
20160810,002313.SZ,1093130419.0,1121312.0,87913298.0,52942.0,71879812.0,15000.0,22142.0,1094251731.0
20160809,002313.SZ,1077096933.0,963174.0,75234720.0,45800.0,75101195.0,25000.0,19600.0,1078060107.0
20160808,002313.SZ,1076963408.0,1024512.0,51621681.0,51200.0,27201879.0,16700.0,10400.0,1077987920.0
20160805,002313.SZ,1052543606.0,1150000.0,63563140.0,57500.0,52227609.0,3300.0,41700.0,1053693606.0
20160804,002313.SZ,1041208075.0,373596.0,73730022.0,19100.0,43554732.0,36700.0,0.0,1041581671.0
20160803,002313.SZ,1011032785.0,1081404.0,109022397.0,55800.0,62027011.0,0.0,30000.0,1012114189.0
20160802,002313.SZ,964037399.0,488910.0,39312851.0,25800.0,67740198.0,5000.0,10000.0,964526309.0
20160801,002313.SZ,992464746.0,388752.0,95136944.0,20800.0,112653407.0,40000.0,5000.0,992853498.0
20160729,002313.SZ,1009981209.0,1116000.0,70738757.0,55800.0,73003253.0,5000.0,10000.0,1011097209.0
20160728,002313.SZ,1012245705.0,1049528.0,95080346.0,50800.0,107111049.0,20000.0,45000.0,1013295233.0
20160727,002313.SZ,1024276408.0,515742.0,136777714.0,25800.0,120147492.0,15000.0,0.0,1024792150.0
20160726,002313.SZ,1007646186.0,831912.0,52888846.0,40800.0,84724610.0,0.0,20000.0,1008478098.0
20160725,002313.SZ,1039481950.0,410384.0,60678112.0,20800.0,86933220.0,0.0,10000.0,1039892334.0
20160722,002313.SZ,1065737058.0,206712.0,100167590.0,10800.0,80120708.0,0.0,0.0,1065943770.0
20160721,002313.SZ,1045690176.0,215244.0,122029791.0,10800.0,137682697.0,0.0,0.0,1045905420.0
20160720,002313.SZ,1061343082.0,224640.0,113281868.0,10800.0,79044097.0,0.0,0.0,1061567722.0
20160719,002313.SZ,1027105311.0,225180.0,115686188.0,10800.0,107192406.0,0.0,0.0,1027330491.0
20160718,002313.SZ,1018611529.0,221292.0,135523230.0,10800.0,162174017.0,0.0,0.0,1018832821.0
20160715,002313.SZ,1045262316.0,215892.0,154577570.0,10800.0,124051929.0,0.0,0.0,1045478208.0
20160714,002313.SZ,1014736675.0,224100.0,103344463.0,10800.0,100688930.0,0.0,0.0,1014960775.0
20160713,002313.SZ,1012081142.0,222480.0,204448740.0,10800.0,168626026.0,0.0,0.0,1012303622.0
20160712,002313.SZ,976258428.0,220104.0,249256640.0,10800.0,154696429.0,0.0,1000.0,976478532.0
20160711,002313.SZ,881698217.0,204428.0,345653556.0,9800.0,163695483.0,1000.0,4000.0,881902645.0
20160708,002313.SZ,699740144.0,148920.0,487199059.0,6800.0,226424635.0,0.0,1000.0,699889064.0
20160707,002313.SZ,438965720.0,115478.0,0.0,5800.0,6449433.0,0.0,0.0,439081198.0
20160706,002313.SZ,445415153.0,104980.0,0.0,5800.0,3226038.0,0.0,0.0,445520133.0
20160705,002313.SZ,448641191.0,95410.0,0.0,5800.0,8240540.0,0.0,0.0,448736601.0
20160704,002313.SZ,456881731.0,86710.0,0.0,5800.0,3924382.0,0.0,0.0,456968441.0
20160701,002313.SZ,460806113.0,78822.0,0.0,5800.0,6851133.0,0.0,0.0,460884935.0
20160630,002313.SZ,467657246.0,78822.0,0.0,5800.0,5129515.0,0.0,0.0,467736068.0
20160629,002313.SZ,472786761.0,78822.0,0.0,5800.0,2131618.0,0.0,0.0,472865583.0
20160628,002313.SZ,474918379.0,78822.0,0.0,5800.0,3428955.0,0.0,0.0,474997201.0
20160627,002313.SZ,478347334.0,78822.0,0.0,5800.0,4299401.0,0.0,0.0,478426156.0
20160624,002313.SZ,482646735.0,78822.0,0.0,5800.0,3811731.0,0.0,0.0,482725557.0
20160623,002313.SZ,486458466.0,78822.0,0.0,5800.0,6264025.0,0.0,0.0,486537288.0
20160622,002313.SZ,492722491.0,78822.0,0.0,5800.0,4430963.0,0.0,0.0,492801313.0
20160621,002313.SZ,497153454.0,78822.0,0.0,5800.0,4233244.0,0.0,0.0,497232276.0
20160620,002313.SZ,501386698.0,78822.0,0.0,5800.0,8078545.0,0.0,0.0,501465520.0
20160617,002313.SZ,509465243.0,78822.0,33129800.0,5800.0,28616884.0,0.0,0.0,509544065.0
20160616,002313.SZ,504952327.0,77894.0,36601651.0,5800.0,35284963.0,0.0,0.0,505030221.0
20160615,002313.SZ,503635639.0,79170.0,42031141.0,5800.0,29171644.0,0.0,0.0,503714809.0
20160614,002313.SZ,490776142.0,76618.0,22279058.0,5800.0,25378900.0,0.0,0.0,490852760.0
20160613,002313.SZ,493875984.0,76560.0,42243692.0,5800.0,50470587.0,0.0,0.0,493952544.0
20160608,002313.SZ,502102879.0,83810.0,31805923.0,5800.0,40907342.0,0.0,0.0,502186689.0
20160607,002313.SZ,511204298.0,84680.0,48299028.0,5800.0,35381351.0,0.0,0.0,511288978.0
20160606,002313.SZ,498286621.0,83578.0,47696895.0,5800.0,52857753.0,0.0,0.0,498370199.0
20160603,002313.SZ,503447479.0,84274.0,55232347.0,5800.0,49003309.0,0.0,0.0,503531753.0
20160602,002313.SZ,497218441.0,85028.0,56956529.0,5800.0,47108548.0,0.0,0.0,497303469.0
20160601,002313.SZ,487370460.0,83288.0,64918052.0,5800.0,54636156.0,0.0,0.0,487453748.0
20160531,002313.SZ,477088564.0,82592.0,59558553.0,5800.0,48888407.0,0.0,0.0,477171156.0
20160530,002313.SZ,466418418.0,78242.0,19765013.0,5800.0,18676554.0,0.0,0.0,466496660.0
20160527,002313.SZ,465329959.0,79518.0,24644556.0,5800.0,29204788.0,0.0,0.0,465409477.0
20160526,002313.SZ,469890191.0,80040.0,27629835.0,5800.0,31626693.0,0.0,0.0,469970231.0
20160525,002313.SZ,473887049.0,78474.0,24907259.0,5800.0,30546388.0,0.0,0.0,473965523.0
20160524,002313.SZ,479526178.0,77952.0,32578299.0,5800.0,29509740.0,0.0,0.0,479604130.0
20160523,002313.SZ,476457619.0,79576.0,31709169.0,5800.0,36578259.0,0.0,0.0,476537195.0
20160520,002313.SZ,481326709.0,79518.0,32221738.0,5800.0,31440197.0,0.0,0.0,481406227.0
20160519,002313.SZ,480545168.0,76270.0,30437445.0,5800.0,36096600.0,0.0,0.0,480621438.0
20160518,002313.SZ,486204323.0,73834.0,35375968.0,5800.0,48863401.0,0.0,0.0,486278157.0
20160517,002313.SZ,499691756.0,78184.0,52913174.0,5800.0,78503673.0,0.0,0.0,499769940.0
20160516,002313.SZ,525282255.0,77836.0,46640747.0,5800.0,35761740.0,0.0,0.0,525360091.0
20160513,002313.SZ,514403248.0,75400.0,30268035.0,5800.0,34942117.0,0.0,0.0,514478648.0
20160512,002313.SZ,519077330.0,76444.0,36010559.0,5800.0,46109936.0,0.0,0.0,519153774.0
20160511,002313.SZ,529176707.0,77720.0,43347776.0,5800.0,47058631.0,0.0,0.0,529254427.0
20160510,002313.SZ,532887562.0,80736.0,24266609.0,5800.0,43683321.0,0.0,0.0,532968298.0
20160509,002313.SZ,552304274.0,79866.0,40637987.0,5800.0,69994671.0,0.0,0.0,552384140.0
20160506,002313.SZ,581660958.0,87116.0,75084112.0,5800.0,88406863.0,0.0,0.0,581748074.0
20160505,002313.SZ,594983709.0,93438.0,57508168.0,5800.0,56383691.0,0.0,0.0,595077147.0
20160504,002313.SZ,593859232.0,94192.0,95953715.0,5800.0,84100004.0,0.0,0.0,593953424.0
20160503,002313.SZ,582005521.0,91408.0,69442774.0,5800.0,53535284.0,0.0,0.0,582096929.0
20160429,002313.SZ,566098031.0,86710.0,34554328.0,5800.0,46543400.0,0.0,0.0,566184741.0
20160428,002313.SZ,578087103.0,88218.0,56254585.0,5800.0,42542885.0,0.0,0.0,578175321.0
20160427,002313.SZ,564375403.0,87232.0,54208032.0,5800.0,70681562.0,0.0,0.0,564462635.0
20160426,002313.SZ,580848933.0,90132.0,60644820.0,5800.0,49802400.0,0.0,0.0,580939065.0
20160425,002313.SZ,570006513.0,88102.0,63194558.0,5800.0,48315690.0,0.0,0.0,570094615.0
20160422,002313.SZ,555127645.0,87812.0,79553512.0,5800.0,83111084.0,0.0,0.0,555215457.0
20160421,002313.SZ,558685217.0,86188.0,115845315.0,5800.0,118641140.0,0.0,0.0,558771405.0
20160420,002313.SZ,561481042.0,90596.0,114858946.0,5800.0,142294017.0,0.0,0.0,561571638.0
20160419,002313.SZ,588916113.0,100398.0,105656574.0,5800.0,96612625.0,0.0,0.0,589016511.0
20160418,002313.SZ,579872164.0,99064.0,75729418.0,5800.0,87686177.0,0.0,0.0,579971228.0
20160415,002313.SZ,591828923.0,102776.0,99747242.0,5800.0,110227188.0,0.0,0.0,591931699.0
20160414,002313.SZ,602308869.0,105154.0,162575486.0,5800.0,146508567.0,0.0,0.0,602414023.0
20160413,002313.SZ,586241950.0,99702.0,148353050.0,5800.0,166315240.0,0.0,0.0,586341652.0
20160412,002313.SZ,604204140.0,98426.0,184431711.0,5800.0,144256897.0,0.0,0.0,604302566.0
20160411,002313.SZ,564029326.0,92510.0,75757417.0,5800.0,62709030.0,0.0,0.0,564121836.0
20160408,002313.SZ,550980939.0,89030.0,64096756.0,5800.0,65287160.0,0.0,0.0,551069969.0
20160407,002313.SZ,552171343.0,90306.0,70446122.0,5800.0,103156093.0,0.0,0.0,552261649.0
20160406,002313.SZ,584881314.0,94250.0,119647702.0,5800.0,93162722.0,0.0,0.0,584975564.0
20160405,002313.SZ,558396334.0,92858.0,127684940.0,5800.0,92771051.0,0.0,0.0,558489192.0
20160401,002313.SZ,523482445.0,88566.0,106313069.0,5800.0,108059622.0,0.0,0.0,523571011.0
20160331,002313.SZ,525228998.0,91524.0,108285759.0,5800.0,87141088.0,0.0,0.0,525320522.0
20160330,002313.SZ,504084327.0,93960.0,98272489.0,5800.0,83140879.0,0.0,0.0,504178287.0
20160329,002313.SZ,488952717.0,89552.0,73564496.0,5800.0,67053287.0,0.0,0.0,489042269.0
20160328,002313.SZ,482441508.0,90364.0,120480779.0,5800.0,98636751.0,0.0,0.0,482531872.0
20160325,002313.SZ,460597480.0,94888.0,84107120.0,5800.0,93920915.0,0.0,0.0,460692368.0
20160324,002313.SZ,470411275.0,90538.0,103135034.0,5800.0,89696899.0,0.0,0.0,470501813.0
20160323,002313.SZ,456973140.0,94888.0,89856026.0,5800.0,104119643.0,0.0,0.0,457068028.0
20160322,002313.SZ,471236757.0,93554.0,103949298.0,5800.0,87249861.0,0.0,0.0,471330311.0
20160321,002313.SZ,454537320.0,98020.0,166127944.0,5800.0,117236317.0,0.0,0.0,454635340.0
20160318,002313.SZ,405645693.0,93032.0,101827312.0,5800.0,107060636.0,0.0,0.0,405738725.0
20160317,002313.SZ,410879017.0,84564.0,91516686.0,5800.0,72958940.0,0.0,0.0,410963581.0
20160316,002313.SZ,392321271.0,79692.0,71150962.0,5800.0,79250777.0,0.0,0.0,392400963.0
20160315,002313.SZ,400421086.0,76908.0,60526496.0,5800.0,70245514.0,0.0,0.0,400497994.0
20160314,002313.SZ,410140104.0,77198.0,81004286.0,5800.0,43464874.0,0.0,0.0,410217302.0
20160311,002313.SZ,372600692.0,73660.0,32058477.0,5800.0,37608788.0,0.0,0.0,372674352.0
20160310,002313.SZ,378151003.0,72848.0,65386867.0,5800.0,49338008.0,0.0,0.0,378223851.0
20160309,002313.SZ,362102144.0,72210.0,33676211.0,5800.0,28443686.0,0.0,0.0,362174354.0
20160308,002313.SZ,356869619.0,75168.0,54865057.0,5800.0,44386986.0,0.0,0.0,356944787.0
20160307,002313.SZ,346391548.0,74124.0,36506969.0,5800.0,28769670.0,0.0,0.0,346465672.0
20160304,002313.SZ,338654249.0,72268.0,64208476.0,5800.0,68732256.0,0.0,0.0,338726517.0
20160303,002313.SZ,343178029.0,80156.0,70874395.0,5800.0,54436170.0,0.0,0.0,343258185.0
20160302,002313.SZ,326739804.0,77488.0,79127493.0,5800.0,58085503.0,0.0,0.0,326817292.0
20160301,002313.SZ,305697814.0,72848.0,34396630.0,5800.0,37866889.0,0.0,0.0,305770662.0
20160229,002313.SZ,309168073.0,66236.0,41870261.0,5800.0,39991098.0,0.0,0.0,309234309.0
20160226,002313.SZ,307288910.0,73602.0,34256791.0,5800.0,26615431.0,0.0,0.0,307362512.0
20160225,002313.SZ,299647550.0,75690.0,51457861.0,5800.0,51017809.0,0.0,0.0,299723240.0
20160224,002313.SZ,299207498.0,84100.0,47868875.0,5800.0,45642445.0,0.0,0.0,299291598.0
20160223,002313.SZ,296981068.0,85840.0,46421605.0,5800.0,40141960.0,0.0,0.0,297066908.0
20160222,002313.SZ,290701423.0,87580.0,55070586.0,5800.0,34297430.0,0.0,0.0,290789003.0
20160219,002313.SZ,269928267.0,86420.0,43876087.0,5800.0,54321203.0,0.0,0.0,270014687.0
20160218,002313.SZ,280373383.0,86536.0,61112081.0,5800.0,39380293.0,0.0,0.0,280459919.0
20160217,002313.SZ,258641595.0,90712.0,43979850.0,5800.0,48266889.0,0.0,0.0,258732307.0
20160216,002313.SZ,262928634.0,88218.0,57644400.0,5800.0,61048893.0,0.0,0.0,263016852.0
20160215,002313.SZ,266333127.0,82708.0,54448766.0,5800.0,55316376.0,0.0,0.0,266415835.0
20160205,002313.SZ,267200737.0,78996.0,36311373.0,5800.0,48332361.0,0.0,0.0,267279733.0
20160204,002313.SZ,279221725.0,75922.0,29329794.0,5800.0,42915845.0,0.0,0.0,279297647.0
20160203,002313.SZ,292807776.0,69020.0,55150281.0,5800.0,40027294.0,0.0,0.0,292876796.0
20160202,002313.SZ,277684789.0,67802.0,15245529.0,5800.0,24051302.0,0.0,0.0,277752591.0
20160201,002313.SZ,286490562.0,61654.0,30832784.0,5800.0,42464390.0,0.0,0.0,286552216.0
20160129,002313.SZ,298122168.0,68498.0,43257721.0,5800.0,34705729.0,0.0,0.0,298190666.0
20160128,002313.SZ,289570176.0,68440.0,35471601.0,5800.0,44570684.0,0.0,0.0,289638616.0
20160127,002313.SZ,298669259.0,76038.0,63446946.0,5800.0,73268922.0,0.0,0.0,298745297.0
20160126,002313.SZ,308491235.0,82070.0,110392741.0,5800.0,91592422.0,0.0,0.0,308573305.0
20160125,002313.SZ,289690916.0,84970.0,71174306.0,5800.0,41735976.0,0.0,0.0,289775886.0
20160122,002313.SZ,260252586.0,77256.0,69220295.0,5800.0,48547555.0,1400.0,0.0,260329842.0
20160121,002313.SZ,239579846.0,106560.0,0.0,7200.0,14012921.0,0.0,0.0,239686406.0
20160120,002313.SZ,253592767.0,106560.0,0.0,7200.0,295520.0,0.0,0.0,253699327.0
20160119,002313.SZ,253888287.0,106560.0,0.0,7200.0,648864.0,0.0,0.0,253994847.0
20160118,002313.SZ,254537151.0,106560.0,0.0,7200.0,688402.0,0.0,0.0,254643711.0
20160115,002313.SZ,255225553.0,106560.0,0.0,7200.0,1155347.0,0.0,0.0,255332113.0
20160114,002313.SZ,256380900.0,106560.0,0.0,7200.0,725835.0,0.0,0.0,256487460.0
20160113,002313.SZ,257106735.0,106560.0,0.0,7200.0,2443260.0,0.0,0.0,257213295.0
20160112,002313.SZ,259549995.0,106560.0,0.0,7200.0,6179728.0,0.0,0.0,259656555.0
20160111,002313.SZ,265729723.0,106560.0,0.0,7200.0,2729388.0,0.0,0.0,265836283.0
20160108,002313.SZ,268459111.0,106560.0,0.0,7200.0,564416.0,0.0,0.0,268565671.0
20160107,002313.SZ,269023527.0,106560.0,0.0,7200.0,975328.0,0.0,0.0,269130087.0
20160106,002313.SZ,269998855.0,106560.0,0.0,7200.0,174602.0,0.0,0.0,270105415.0
20160105,002313.SZ,270173457.0,106560.0,0.0,7200.0,1289760.0,0.0,0.0,270280017.0
20160104,002313.SZ,271463217.0,106560.0,0.0,7200.0,683832.0,0.0,0.0,271569777.0
20171229,002313.SZ,785320115.0,608990.0,72503516.0,18796.0,94274253.0,12000.0,2000.0,785929105.0
20171228,002313.SZ,807090852.0,864168.0,39170294.0,28796.0,32629076.0,900.0,12000.0,807955020.0
20171227,002313.SZ,800549634.0,522032.0,45663960.0,17696.0,74274640.0,12000.0,900.0,801071666.0
20171226,002313.SZ,829160314.0,859273.0,88292488.0,28796.0,84925135.0,1100.0,0.0,830019587.0
20171225,002313.SZ,825792961.0,863994.0,68006789.0,29896.0,55492660.0,800.0,12900.0,826656955.0
20171222,002313.SZ,813278832.0,498288.0,75233857.0,17796.0,77965132.0,2700.0,0.0,813777120.0
20171221,002313.SZ,816010107.0,551342.0,0.0,20496.0,4102026.0,0.0,0.0,816561449.0
20171220,002313.SZ,820112133.0,551342.0,0.0,20496.0,1217445.0,0.0,0.0,820663475.0
20171219,002313.SZ,821329578.0,551342.0,0.0,20496.0,2439149.0,0.0,0.0,821880920.0
20171218,002313.SZ,823768727.0,551342.0,0.0,20496.0,2572726.0,0.0,0.0,824320069.0
20171215,002313.SZ,826341453.0,551342.0,0.0,20496.0,3386159.0,0.0,0.0,826892795.0
20171214,002313.SZ,829727612.0,551342.0,0.0,20496.0,9276561.0,0.0,0.0,830278954.0
20171213,002313.SZ,839004173.0,551342.0,0.0,20496.0,4506905.0,0.0,0.0,839555515.0
20171212,002313.SZ,843511078.0,551342.0,0.0,20496.0,5312861.0,0.0,0.0,844062420.0
20171211,002313.SZ,848823939.0,551342.0,0.0,20496.0,24130417.0,0.0,0.0,849375281.0
20171208,002313.SZ,872954356.0,551342.0,0.0,20496.0,7452560.0,0.0,0.0,873505698.0
20171207,002313.SZ,880406916.0,551342.0,12932727.0,20496.0,18047962.0,15200.0,900.0,880958258.0
20171206,002313.SZ,885522151.0,934273.0,38120781.0,34796.0,75473187.0,600.0,17500.0,886456424.0
20171205,002313.SZ,922874557.0,483908.0,42519927.0,17896.0,52364076.0,17900.0,600.0,923358465.0
20171204,002313.SZ,932718706.0,974929.0,45354053.0,35196.0,55841410.0,600.0,17900.0,933693635.0
20171201,002313.SZ,943206063.0,486413.0,26494334.0,17896.0,39509437.0,8300.0,600.0,943692476.0
20171130,002313.SZ,956221166.0,683925.0,15966917.0,25596.0,11357415.0,10200.0,7697.0,956905091.0
20171129,002313.SZ,951611664.0,749962.0,50145435.0,28099.0,49738177.0,7700.0,10100.0,952361626.0
20171128,002313.SZ,951204406.0,685135.0,21766430.0,25699.0,27733189.0,9400.0,7800.0,951889541.0
20171127,002313.SZ,957171165.0,735435.0,54699412.0,27299.0,63583415.0,8500.0,11900.0,957906600.0
20171124,002313.SZ,966055168.0,652443.0,34106517.0,23899.0,33499651.0,8800.0,8500.0,966707611.0
20171123,002313.SZ,965448302.0,659665.0,46542254.0,24199.0,54284183.0,11600.0,9000.0,966107967.0
20171122,002313.SZ,973190231.0,736973.0,44025289.0,26799.0,29301830.0,8800.0,17600.0,973927204.0
20171121,002313.SZ,958466772.0,492993.0,42273290.0,17999.0,62725589.0,11600.0,14800.0,958959765.0
20171120,002313.SZ,978919071.0,388770.0,41707330.0,14799.0,58587853.0,8900.0,9100.0,979307841.0
20171117,002313.SZ,995799594.0,385414.0,48339911.0,14599.0,59951255.0,9200.0,8900.0,996185008.0
20171116,002313.SZ,1007410938.0,402273.0,66141970.0,14899.0,92819511.0,8900.0,9500.0,1007813211.0
20171115,002313.SZ,1034088479.0,391650.0,20026620.0,14299.0,33198599.0,9100.0,11300.0,1034480129.0
20171114,002313.SZ,1047260458.0,330303.0,29229760.0,12099.0,25583409.0,9800.0,3000.0,1047590761.0
20171113,002313.SZ,1043614107.0,522935.0,26901473.0,18899.0,16984056.0,10900.0,14900.0,1044137042.0
20171110,002313.SZ,1033696690.0,415980.0,36746186.0,14899.0,72917389.0,16400.0,11500.0,1034112670.0
20171109,002313.SZ,1069867893.0,545858.0,43446073.0,19799.0,31504403.0,1700.0,14900.0,1070413751.0
20171108,002313.SZ,1057926223.0,178041.0,45678084.0,6599.0,23901254.0,23800.0,2500.0,1058104264.0
20171107,002313.SZ,1036149393.0,728443.0,16997959.0,27899.0,30276707.0,3100.0,20700.0,1036877836.0
20171106,002313.SZ,1049428141.0,270658.0,22047880.0,10299.0,22634749.0,15077.0,7900.0,1049698799.0
20171103,002313.SZ,1050015010.0,458745.0,55428619.0,17476.0,19864242.0,45300.0,0.0,1050473755.0
20171102,002313.SZ,1014450633.0,1647870.0,31559044.0,62776.0,22773765.0,0.0,46800.0,1016098503.0
20171101,002313.SZ,1005665354.0,426240.0,13997125.0,15976.0,16096609.0,12900.0,0.0,1006091594.0
20171031,002313.SZ,1007764838.0,770989.0,14768403.0,28876.0,14887765.0,28800.0,1000.0,1008535827.0
20171030,002313.SZ,1007884200.0,1495113.0,44257759.0,56676.0,26962422.0,6100.0,10000.0,1009379313.0
20171027,002313.SZ,990588863.0,1431285.0,12401521.0,52776.0,13133428.0,0.0,23900.0,992020148.0
20171026,002313.SZ,991320770.0,785716.0,28978866.0,28876.0,34281756.0,21600.0,12900.0,992106486.0
20171025,002313.SZ,996623660.0,1020188.0,38373225.0,37576.0,27125466.0,20200.0,5000.0,997643848.0
20171024,002313.SZ,985375901.0,1450284.0,19911897.0,52776.0,18640755.0,0.0,36800.0,986826185.0
20171023,002313.SZ,984104759.0,437742.0,15688995.0,15976.0,16539204.0,10090.0,0.0,984542501.0
20171020,002313.SZ,984954968.0,712905.0,9692709.0,26066.0,21602027.0,0.0,1000.0,985667873.0
20171019,002313.SZ,996864286.0,675027.0,39065531.0,25066.0,32461388.0,37700.0,0.0,997539313.0
20171018,002313.SZ,990260143.0,1702214.0,21052817.0,62766.0,22221613.0,0.0,36700.0,991962357.0
20171017,002313.SZ,991428939.0,719422.0,37743295.0,26066.0,23180217.0,36700.0,0.0,992148361.0
20171016,002313.SZ,976865861.0,1752427.0,39824202.0,62766.0,35233788.0,0.0,0.0,978618288.0
20171013,002313.SZ,972275447.0,1770001.0,31923175.0,62766.0,31139354.0,0.0,46700.0,974045448.0
20171012,002313.SZ,971491626.0,440369.0,22048466.0,16066.0,26405725.0,15100.0,6700.0,971931995.0
20171011,002313.SZ,975848885.0,667432.0,54227904.0,24466.0,34510152.0,21600.0,11800.0,976516317.0
20171010,002313.SZ,956131133.0,949168.0,33872663.0,34266.0,29797164.0,11500.0,28200.0,957080301.0
20171009,002313.SZ,952055634.0,492375.0,45251286.0,17566.0,58626830.0,25200.0,11500.0,952548009.0
20170929,002313.SZ,965431178.0,855438.0,76386583.0,31266.0,46097968.0,11500.0,25200.0,966286616.0
20170928,002313.SZ,935142563.0,473755.0,55556092.0,17566.0,35412870.0,0.0,11500.0,935616318.0
20170927,002313.SZ,914999341.0,166390.0,68133468.0,6066.0,66340475.0,14100.0,200.0,915165731.0
20170926,002313.SZ,913206348.0,519915.0,29933475.0,19966.0,43237859.0,22800.0,15300.0,913726263.0
20170925,002313.SZ,926510732.0,705876.0,44017147.0,27466.0,48319134.0,14100.0,22899.0,927216608.0
20170922,002313.SZ,930812719.0,485342.0,29791240.0,18667.0,53964004.0,16700.0,14200.0,931298061.0
20170921,002313.SZ,954985483.0,539759.0,53428757.0,21167.0,48584279.0,100.0,18600.0,955525242.0
20170920,002313.SZ,950141005.0,67182.0,14370788.0,2667.0,22495430.0,17300.0,400.0,950208187.0
20170919,002313.SZ,958265647.0,491132.0,30756002.0,19567.0,12174949.0,3400.0,11100.0,958756779.0
20170918,002313.SZ,939684594.0,301303.0,28395655.0,11867.0,15803288.0,7800.0,8600.0,939985897.0
20170915,002313.SZ,927092227.0,283315.0,32360189.0,11067.0,16508182.0,3100.0,8200.0,927375542.0
20170914,002313.SZ,911240220.0,153113.0,56000895.0,5967.0,38227413.0,2500.0,2700.0,911393333.0
20170913,002313.SZ,893466738.0,147462.0,18328863.0,5767.0,32226043.0,6500.0,2700.0,893614200.0
20170912,002313.SZ,907363918.0,243576.0,42217216.0,9567.0,33151614.0,26800.0,4800.0,907607494.0
20170911,002313.SZ,898298316.0,804643.0,56350870.0,31567.0,37696657.0,11200.0,6500.0,899102959.0
20170908,002313.SZ,879644103.0,929886.0,96017798.0,36267.0,55068729.0,4700.0,1900.0,880573989.0
20170907,002313.SZ,838695034.0,1017695.0,65630532.0,39067.0,40763264.0,3700.0,37200.0,839712729.0
20170906,002313.SZ,813827766.0,142404.0,52649441.0,5567.0,76896790.0,37200.0,0.0,813970170.0
20170905,002313.SZ,838075115.0,1046936.0,38745324.0,42767.0,48724780.0,0.0,37377.0,839122051.0
20170904,002313.SZ,848054571.0,129037.0,20286648.0,5390.0,20119030.0,502.0,0.0,848183608.0
20170901,002313.SZ,847886953.0,138816.0,14499238.0,5892.0,13835336.0,300.0,0.0,848025769.0
20170831,002313.SZ,847223051.0,145698.0,12149701.0,6192.0,18141607.0,0.0,0.0,847368749.0
20170830,002313.SZ,853214957.0,143345.0,9462103.0,6192.0,15598505.0,13610.0,0.0,853358302.0
20170829,002313.SZ,859351359.0,456436.0,47878734.0,19802.0,23556699.0,22998.0,7200.0,859807795.0
20170828,002313.SZ,835029324.0,840160.0,10270667.0,35600.0,17601634.0,2400.0,29800.0,835869484.0
20170825,002313.SZ,842360291.0,192290.0,18153995.0,8200.0,13138900.0,26500.0,2400.0,842552581.0
20170824,002313.SZ,837345196.0,755174.0,13541802.0,32300.0,11963180.0,10500.0,26500.0,838100370.0
20170823,002313.SZ,835766574.0,386147.0,21893189.0,16300.0,29029600.0,26100.0,10500.0,836152721.0
20170822,002313.SZ,842902985.0,763048.0,42140645.0,31900.0,17163812.0,10900.0,26100.0,843666033.0
20170821,002313.SZ,817926152.0,399130.0,21237721.0,16700.0,13977123.0,26100.0,10900.0,818325282.0
20170818,002313.SZ,810665554.0,749650.0,27642989.0,31900.0,22050028.0,10900.0,26100.0,811415204.0
20170817,002313.SZ,805072593.0,392450.0,27490519.0,16700.0,26306087.0,100.0,10900.0,805465043.0
20170816,002313.SZ,803888161.0,135700.0,72517302.0,5900.0,36158932.0,4400.0,100.0,804023861.0
20170815,002313.SZ,767529791.0,231948.0,13921193.0,10200.0,17621718.0,0.0,4400.0,767761739.0
20170814,002313.SZ,771230316.0,131196.0,11707906.0,5800.0,21626710.0,0.0,0.0,771361512.0
20170811,002313.SZ,781149120.0,130442.0,37337119.0,5800.0,20006028.0,37000.0,0.0,781279562.0
20170810,002313.SZ,763818029.0,971132.0,32146247.0,42800.0,23702293.0,0.0,37000.0,764789161.0
20170809,002313.SZ,755374075.0,131080.0,22031157.0,5800.0,15205661.0,37000.0,0.0,755505155.0
20170808,002313.SZ,748548579.0,982260.0,18893806.0,42800.0,18232481.0,0.0,37000.0,749530839.0
20170807,002313.SZ,747887254.0,133400.0,46320903.0,5800.0,30133957.0,7264.0,0.0,748020654.0
20170804,002313.SZ,731700308.0,292895.0,12888056.0,13064.0,11438551.0,29500.0,6400.0,731993203.0
20170803,002313.SZ,730250803.0,808265.0,48354951.0,36164.0,29369839.0,0.0,30300.0,731059068.0
20170802,002313.SZ,711265691.0,128187.0,16464756.0,5864.0,15671949.0,36700.0,0.0,711393878.0
20170801,002313.SZ,710472884.0,936834.0,32268774.0,42564.0,33284236.0,0.0,36700.0,711409718.0
20170731,002313.SZ,711488346.0,126076.0,24603094.0,5864.0,34534856.0,36700.0,100.0,711614422.0
20170728,002313.SZ,721420108.0,912127.0,18322838.0,42464.0,34025014.0,0.0,37200.0,722332235.0
20170727,002313.SZ,737122284.0,113071.0,22440177.0,5264.0,20679488.0,20099.0,100.0,737235355.0
20170726,002313.SZ,735361595.0,526228.0,6271627.0,25263.0,5813427.0,700.0,20000.0,735887823.0
20170725,002313.SZ,734903395.0,124925.0,5966813.0,5963.0,5313446.0,0.0,0.0,735028320.0
20170724,002313.SZ,734250028.0,124984.0,5559478.0,5963.0,12828078.0,36600.0,0.0,734375012.0
20170721,002313.SZ,741518628.0,883608.0,14168787.0,42563.0,19928362.0,0.0,21800.0,742402236.0
20170720,002313.SZ,747278203.0,424811.0,5263573.0,20763.0,11042081.0,10000.0,700.0,747703014.0
20170719,002313.SZ,753056711.0,615390.0,28740064.0,30063.0,13606510.0,12500.0,24900.0,753672101.0
20170718,002313.SZ,737923157.0,354143.0,9310984.0,17663.0,15037357.0,24900.0,17500.0,738277300.0
20170717,002313.SZ,743649530.0,479455.0,40018450.0,25063.0,62828007.0,17500.0,24700.0,744128985.0
20170714,002313.SZ,766459087.0,366013.0,22684624.0,17863.0,26970928.0,17000.0,14100.0,766825100.0
20170713,002313.SZ,770745391.0,431663.0,12719873.0,20763.0,8365483.0,9900.0,17000.0,771177054.0
20170712,002313.SZ,766391001.0,283917.0,12450211.0,13663.0,23899278.0,28900.0,7700.0,766674918.0
20170711,002313.SZ,777840068.0,733518.0,6824194.0,34863.0,7370550.0,6600.0,14300.0,778573586.0
20170710,002313.SZ,778386424.0,572324.0,16329447.0,27163.0,10939352.0,15400.0,8600.0,778958748.0
20170707,002313.SZ,772996329.0,722733.0,9501955.0,33963.0,11913517.0,8600.0,1900.0,773719062.0
20170706,002313.SZ,775407891.0,871001.0,19366038.0,40663.0,21136498.0,0.0,38700.0,776278892.0
20170705,002313.SZ,777178351.0,41969.0,17855415.0,1963.0,13587593.0,15900.0,400.0,777220320.0
20170704,002313.SZ,772910529.0,368469.0,30973989.0,17463.0,18740753.0,3000.0,0.0,773278998.0
20170703,002313.SZ,760677293.0,427677.0,8179367.0,20463.0,9591070.0,2500.0,15900.0,761104970.0
20170630,002313.SZ,762088996.0,144862.0,9776771.0,7063.0,11782368.0,7400.0,2500.0,762233858.0
20170629,002313.SZ,764094593.0,245242.0,18123881.0,11963.0,43256700.0,0.0,7500.0,764339835.0
20170628,002313.SZ,789227412.0,91001.0,23227167.0,4463.0,13293120.0,36600.0,200.0,789318413.0
20170627,002313.SZ,779293365.0,825841.0,37692040.0,40863.0,23865743.0,0.0,4200.0,780119206.0
20170626,002313.SZ,765467068.0,744259.0,11065267.0,36663.0,26012631.0,5900.0,31700.0,766211327.0
20170623,002313.SZ,780414432.0,221497.0,38646784.0,10863.0,29298764.0,31700.0,4900.0,780635929.0
20170622,002313.SZ,771066412.0,741208.0,13715382.0,37663.0,17034436.0,0.0,31700.0,771807620.0
20170621,002313.SZ,774385466.0,119141.0,12831379.0,5963.0,11808315.0,1900.0,0.0,774504607.0
20170620,002313.SZ,773362402.0,157339.0,12272343.0,7863.0,14949704.0,0.0,1900.0,773519741.0
20170619,002313.SZ,776039763.0,120810.0,19358144.0,5963.0,13471009.0,2900.0,0.0,776160573.0
20170616,002313.SZ,770152628.0,179476.0,6039240.0,8863.0,15352497.0,0.0,2900.0,770332104.0
20170615,002313.SZ,779465885.0,119081.0,18565498.0,5963.0,13223809.0,0.0,0.0,779584966.0
20170614,002313.SZ,774124196.0,120035.0,13625849.0,5963.0,16304045.0,6400.0,0.0,774244231.0
20170613,002313.SZ,776802392.0,249114.0,15953993.0,12363.0,10560491.0,1200.0,2800.0,777051506.0
20170612,002313.SZ,771408890.0,214722.0,23951134.0,10763.0,15348348.0,31800.0,4800.0,771623612.0
20170609,002313.SZ,762806104.0,762813.0,31014740.0,37763.0,35247184.0,4800.0,31800.0,763568917.0
20170608,002313.SZ,767038548.0,215906.0,39090598.0,10763.0,16172963.0,0.0,4800.0,767254454.0
20170607,002313.SZ,744120913.0,116219.0,17214884.0,5963.0,12947711.0,18400.0,0.0,744237132.0
20170606,002313.SZ,739853740.0,467770.0,4034947.0,24363.0,2928586.0,9300.0,18600.0,740321510.0
20170605,002313.SZ,738747379.0,286197.0,2144305.0,15063.0,4062141.0,27300.0,8800.0,739033576.0
20170602,002313.SZ,740665215.0,637697.0,5207272.0,33563.0,5247829.0,9000.0,28100.0,741302912.0
20170601,002313.SZ,740705772.0,271181.0,5740749.0,14463.0,4668752.0,28147.0,8600.0,740976953.0
20170531,002313.SZ,739633775.0,648571.0,10191949.0,34010.0,7834830.0,8500.0,28100.0,740282346.0
20170526,002313.SZ,737276656.0,272925.0,5372607.0,14410.0,7705321.0,28200.0,8600.0,737549581.0
20170525,002313.SZ,739609370.0,642449.0,17420245.0,34010.0,16520064.0,8600.0,28000.0,740251819.0
20170524,002313.SZ,738709189.0,276421.0,5250313.0,14610.0,14706273.0,16900.0,8400.0,738985610.0
20170523,002313.SZ,748165149.0,425224.0,8477778.0,23110.0,7122141.0,19500.0,18000.0,748590373.0
20170522,002313.SZ,746809512.0,467590.0,9889110.0,24610.0,13971503.0,18000.0,17000.0,747277102.0
20170519,002313.SZ,750891905.0,502724.0,8742097.0,25610.0,9523412.0,17000.0,19900.0,751394629.0
20170518,002313.SZ,751673220.0,440120.0,10983405.0,22710.0,10741901.0,19100.0,12700.0,752113340.0
20170517,002313.SZ,751431716.0,570556.0,10375360.0,29110.0,21041563.0,13500.0,23100.0,752002272.0
20170516,002313.SZ,762097919.0,372641.0,12604715.0,19510.0,16680189.0,0.0,13800.0,762470560.0
20170515,002313.SZ,766173393.0,105064.0,5644514.0,5710.0,5938911.0,13800.0,700.0,766278457.0
20170512,002313.SZ,766467790.0,346104.0,8288113.0,18810.0,30373724.0,22800.0,13826.0,766813894.0
20170511,002313.SZ,788553401.0,519839.0,16414012.0,27784.0,44852286.0,14200.0,22800.0,789073240.0
20170510,002313.SZ,816991675.0,368716.0,10920359.0,19184.0,14191190.0,22803.0,14299.0,817360391.0
20170509,002313.SZ,820262506.0,557083.0,5935622.0,27688.0,17356010.0,14500.0,22800.0,820819589.0
20170508,002313.SZ,831682894.0,392607.0,9424572.0,19388.0,8524782.0,23300.0,14000.0,832075501.0
20170505,002313.SZ,830783104.0,590686.0,7314349.0,28688.0,15650191.0,14000.0,23000.0,831373790.0
20170504,002313.SZ,839118946.0,406163.0,5981764.0,19688.0,12325300.0,10100.0,12500.0,839525109.0
20170503,002313.SZ,845462482.0,355096.0,10216833.0,17288.0,13406403.0,25400.0,11400.0,845817578.0
20170502,002313.SZ,848652052.0,651103.0,9404884.0,31288.0,6144084.0,10300.0,25400.0,849303155.0
20170428,002313.SZ,845391252.0,341405.0,7596112.0,16188.0,9719721.0,23000.0,10300.0,845732657.0
20170427,002313.SZ,847514861.0,611848.0,13311248.0,28888.0,10145315.0,9200.0,23000.0,848126709.0
20170426,002313.SZ,844348928.0,320167.0,5003966.0,15088.0,9662957.0,17800.0,200.0,844669095.0
20170425,002313.SZ,849007919.0,676315.0,12866305.0,32688.0,12849597.0,9800.0,4400.0,849684234.0
20170424,002313.SZ,848991211.0,766331.0,6498757.0,38088.0,8157593.0,4600.0,32900.0,849757542.0
20170421,002313.SZ,850650047.0,207016.0,6082097.0,9788.0,18853504.0,1200.0,3900.0,850857063.0
20170420,002313.SZ,863421454.0,152250.0,5410613.0,7088.0,13413199.0,5207.0,1200.0,863573704.0
20170419,002313.SZ,871424040.0,238543.0,14850444.0,11095.0,28070251.0,31500.0,4800.0,871662583.0
20170418,002313.SZ,884643847.0,812593.0,27287816.0,37795.0,45616651.0,0.0,31815.0,885456440.0
20170417,002313.SZ,902972682.0,130304.0,11003810.0,5980.0,17734190.0,36700.0,0.0,903102986.0
20170414,002313.SZ,909703062.0,947923.0,19215457.0,42680.0,13119335.0,0.0,36700.0,910650985.0
20170413,002313.SZ,903606940.0,134251.0,13097666.0,5980.0,28647978.0,9500.0,0.0,903741191.0
20170412,002313.SZ,919157252.0,339786.0,13634556.0,15480.0,16748526.0,2400.0,9500.0,919497038.0
20170411,002313.SZ,922271222.0,188215.0,19308807.0,8380.0,72871355.0,24900.0,2000.0,922459437.0
20170410,002313.SZ,975833770.0,703800.0,19146881.0,31280.0,25115216.0,0.0,22793.0,976537570.0
20170407,002313.SZ,981802105.0,191127.0,23899593.0,8487.0,18788568.0,900.0,0.0,981993232.0
20170406,002313.SZ,976691080.0,207922.0,14780520.0,9387.0,15738475.0,2000.0,0.0,976899002.0
20170405,002313.SZ,977649035.0,250514.0,18899161.0,11387.0,58263867.0,2500.0,0.0,977899549.0
20170331,002313.SZ,1017013741.0,299681.0,18204859.0,13887.0,13241682.0,28818.0,7900.0,1017313422.0
20170330,002313.SZ,1012050564.0,761881.0,26620118.0,34805.0,15930555.0,7900.0,28100.0,1012812445.0
20170329,002313.SZ,1001361001.0,330511.0,20323467.0,14605.0,14316543.0,28100.0,5400.0,1001691512.0
20170328,002313.SZ,995354077.0,859134.0,14334277.0,37305.0,10632233.0,0.0,0.0,996213211.0
20170327,002313.SZ,991652033.0,870326.0,17051953.0,37305.0,16446494.0,0.0,5500.0,992522359.0
20170324,002313.SZ,991046574.0,740738.0,25918104.0,31805.0,23202672.0,4787.0,0.0,991787312.0
20170323,002313.SZ,988331142.0,860644.0,17800352.0,36592.0,23887507.0,2399.0,30680.0,989191786.0
20170322,002313.SZ,994418297.0,195641.0,38519957.0,8311.0,35080317.0,0.0,2300.0,994613938.0
20170321,002313.SZ,990978657.0,143422.0,59728821.0,6011.0,58706308.0,0.0,0.0,991122079.0
20170320,002313.SZ,989956144.0,136269.0,19951038.0,6011.0,22607110.0,21300.0,0.0,990092413.0
20170317,002313.SZ,992612216.0,610401.0,26005054.0,27311.0,19635247.0,600.0,13500.0,993222617.0
20170316,002313.SZ,986242409.0,327418.0,17703978.0,14411.0,18577505.0,1900.0,0.0,986569827.0
20170315,002313.SZ,987115936.0,365856.0,28421270.0,16311.0,21185395.0,26400.0,8600.0,987481792.0
20170314,002313.SZ,979880061.0,764086.0,23445929.0,34111.0,25404607.0,2800.0,3900.0,980644147.0
20170313,002313.SZ,981838739.0,739777.0,22825698.0,33011.0,25613929.0,9700.0,400.0,982578516.0
20170310,002313.SZ,984626970.0,927880.0,12025629.0,42311.0,31607239.0,0.0,0.0,985554850.0
20170309,002313.SZ,1004208580.0,913494.0,19087179.0,42311.0,20328568.0,400.0,14900.0,1005122074.0
20170308,002313.SZ,1005449969.0,602386.0,18564463.0,27811.0,19602338.0,0.0,14499.0,1006052355.0
20170307,002313.SZ,1006487844.0,290601.0,33299527.0,13312.0,48089225.0,0.0,7400.0,1006778445.0
20170306,002313.SZ,1021277542.0,125985.0,58444778.0,5912.0,23969510.0,5500.0,0.0,1021403527.0
20170303,002313.SZ,986802274.0,238625.0,15150573.0,11412.0,18963830.0,2100.0,5500.0,987040899.0
20170302,002313.SZ,990615531.0,167291.0,13872437.0,8012.0,20088041.0,0.0,1826.0,990782822.0
20170301,002313.SZ,996831135.0,128545.0,8801191.0,6186.0,11715763.0,0.0,0.0,996959680.0
20170228,002313.SZ,999745707.0,127370.0,14987285.0,6186.0,12455782.0,0.0,300.0,999873077.0
20170227,002313.SZ,997214204.0,122017.0,27281456.0,5886.0,46430898.0,0.0,0.0,997336221.0
20170224,002313.SZ,1016363646.0,123371.0,17947241.0,5886.0,26602850.0,0.0,300.0,1016487017.0
20170223,002313.SZ,1025019255.0,114736.0,21979351.0,5586.0,26850453.0,17100.0,0.0,1025133991.0
20170222,002313.SZ,1029890357.0,465063.0,16697603.0,22686.0,24701213.0,8827.0,16800.0,1030355420.0
20170221,002313.SZ,1037893967.0,303823.0,20877053.0,14713.0,25418981.0,1400.0,9100.0,1038197790.0
20170220,002313.SZ,1042435895.0,144818.0,37968082.0,7013.0,59061698.0,21000.0,700.0,1042580713.0
20170217,002313.SZ,1063529511.0,576851.0,5408808.0,27313.0,6631154.0,0.0,0.0,1064106362.0
20170216,002313.SZ,1064751857.0,577670.0,27623833.0,27313.0,24531471.0,400.0,0.0,1065329527.0
20170215,002313.SZ,1061659495.0,576153.0,18950213.0,27713.0,17126847.0,0.0,18400.0,1062235648.0
20170214,002313.SZ,1059836129.0,198181.0,22387121.0,9313.0,10911662.0,300.0,400.0,1060034310.0
20170213,002313.SZ,1048360670.0,198356.0,19665923.0,9213.0,21575994.0,33200.0,0.0,1048559026.0
20170210,002313.SZ,1050270741.0,920786.0,22764215.0,42413.0,16017862.0,0.0,35400.0,1051191527.0
20170209,002313.SZ,1043524388.0,151902.0,16640074.0,7013.0,25793599.0,600.0,0.0,1043676290.0
20170208,002313.SZ,1052677913.0,163984.0,10868698.0,7613.0,23078321.0,3973.0,0.0,1052841897.0
20170207,002313.SZ,1064887536.0,251648.0,7064673.0,11586.0,9475146.0,1100.0,5900.0,1065139184.0
20170206,002313.SZ,1067298009.0,147935.0,7899733.0,6786.0,10501725.0,22200.0,0.0,1067445944.0
20170203,002313.SZ,1069900001.0,626677.0,10972607.0,28986.0,8232725.0,1600.0,15300.0,1070526678.0
20170126,002313.SZ,1067160119.0,333235.0,9442909.0,15286.0,19612748.0,0.0,700.0,1067493354.0
20170125,002313.SZ,1077329958.0,309807.0,13435486.0,14586.0,14026160.0,11800.0,0.0,1077639765.0
20170124,002313.SZ,1077920632.0,549093.0,5764327.0,26386.0,12679996.0,1000.0,9277.0,1078469725.0
20170123,002313.SZ,1084836301.0,379746.0,13275233.0,18109.0,15600128.0,0.0,12200.0,1085216047.0
20170120,002313.SZ,1087161196.0,123380.0,15270708.0,5909.0,23755629.0,5100.0,0.0,1087284576.0
20170119,002313.SZ,1095646117.0,225134.0,11391255.0,11009.0,8691587.0,24900.0,5100.0,1095871251.0
20170118,002313.SZ,1092946449.0,640827.0,6193643.0,30809.0,11487101.0,9300.0,4800.0,1093587276.0
20170117,002313.SZ,1098239907.0,740430.0,18218253.0,35309.0,23192335.0,7400.0,29400.0,1098980337.0
20170116,002313.SZ,1103213989.0,278291.0,48535622.0,13309.0,60884929.0,29400.0,7400.0,1103492280.0
20170113,002313.SZ,1115563296.0,800455.0,30022761.0,35309.0,40162840.0,7300.0,24200.0,1116363751.0
20170112,002313.SZ,1125703375.0,433164.0,16647986.0,18409.0,16187356.0,14500.0,12523.0,1126136539.0
20170111,002313.SZ,1125242745.0,487225.0,14728659.0,20386.0,29123196.0,13400.0,6000.0,1125729970.0
20170110,002313.SZ,1139637282.0,675200.0,54814734.0,27786.0,56271409.0,12200.0,0.0,1140312482.0
20170109,002313.SZ,1141093957.0,924876.0,23553771.0,39986.0,19328651.0,2300.0,34100.0,1142018833.0
20170106,002313.SZ,1136868837.0,187459.0,32694119.0,8186.0,31863912.0,0.0,2200.0,1137056296.0
20170105,002313.SZ,1136038630.0,140432.0,11721775.0,5986.0,19436514.0,0.0,100.0,1136179062.0
20170104,002313.SZ,1143753369.0,137379.0,24843555.0,5886.0,18530263.0,600.0,0.0,1143890748.0
20170103,002313.SZ,1137440077.0,151967.0,14407571.0,6486.0,7270938.0,1500.0,0.0,1137592044.0
20181228,002313.SZ,657736642.0,196446.0,24463627.0,8700.0,44766150.0,0.0,0.0,657933088.0
20181227,002313.SZ,678039165.0,191400.0,33845498.0,8700.0,38017126.0,0.0,0.0,678230565.0
20181226,002313.SZ,682210793.0,190965.0,44082084.0,8700.0,32452949.0,0.0,0.0,682401758.0
20181225,002313.SZ,670581658.0,199056.0,56250086.0,8700.0,55313911.0,2000.0,0.0,670780714.0
20181224,002313.SZ,669645483.0,237005.0,38529661.0,10700.0,31472618.0,0.0,0.0,669882488.0
20181221,002313.SZ,662588440.0,223737.0,13522277.0,10700.0,15538307.0,0.0,0.0,662812177.0
20181220,002313.SZ,664604470.0,224593.0,13075572.0,10700.0,20430506.0,0.0,0.0,664829063.0
20181219,002313.SZ,671959404.0,223951.0,10168187.0,10700.0,16272118.0,0.0,5000.0,672183355.0
20181218,002313.SZ,678063335.0,120669.0,13965853.0,5700.0,11914396.0,0.0,0.0,678184004.0
20181217,002313.SZ,676011878.0,121410.0,15260919.0,5700.0,13687449.0,0.0,0.0,676133288.0
20181214,002313.SZ,674438408.0,122892.0,32013387.0,5700.0,26621289.0,0.0,0.0,674561300.0
20181213,002313.SZ,669046310.0,124716.0,34480011.0,5700.0,30529589.0,0.0,0.0,669171026.0
20181212,002313.SZ,665095888.0,122835.0,24668482.0,5700.0,20341865.0,0.0,0.0,665218723.0
20181211,002313.SZ,660769271.0,124830.0,42750993.0,5700.0,46590725.0,0.0,0.0,660894101.0
20181210,002313.SZ,664609003.0,124830.0,68455964.0,5700.0,52078114.0,0.0,0.0,664733833.0
20181207,002313.SZ,648231153.0,117591.0,31993385.0,5700.0,29822800.0,0.0,0.0,648348744.0
20181206,002313.SZ,646060568.0,110580.0,27077669.0,5700.0,21162250.0,0.0,0.0,646171148.0
20181205,002313.SZ,640145149.0,118617.0,15758754.0,5700.0,17361577.0,0.0,0.0,640263766.0
20181204,002313.SZ,641747972.0,117990.0,32686307.0,5700.0,24459675.0,0.0,0.0,641865962.0
20181203,002313.SZ,633521340.0,113715.0,25034894.0,5700.0,27031376.0,0.0,0.0,633635055.0
20181130,002313.SZ,635517822.0,107445.0,5364150.0,5700.0,8631987.0,0.0,0.0,635625267.0
20181129,002313.SZ,638785659.0,106704.0,16994335.0,5700.0,18151013.0,0.0,0.0,638892363.0
20181128,002313.SZ,639942337.0,110808.0,14024035.0,5700.0,10400658.0,0.0,0.0,640053145.0
20181127,002313.SZ,636318960.0,109098.0,13159787.0,5700.0,7057199.0,0.0,0.0,636428058.0
20181126,002313.SZ,630216372.0,106533.0,7042211.0,5700.0,7840561.0,0.0,0.0,630322905.0
20181123,002313.SZ,631014722.0,105678.0,12344952.0,5700.0,11219327.0,0.0,0.0,631120400.0
20181122,002313.SZ,629889097.0,110295.0,10118828.0,5700.0,10198991.0,0.0,0.0,629999392.0
20181121,002313.SZ,629969260.0,111150.0,15347882.0,5700.0,13345387.0,0.0,0.0,630080410.0
20181120,002313.SZ,627966765.0,108129.0,14835409.0,5700.0,16466225.0,0.0,0.0,628074894.0
20181119,002313.SZ,629597581.0,111663.0,12766798.0,5700.0,10134619.0,0.0,0.0,629709244.0
20181116,002313.SZ,626965402.0,112860.0,14897297.0,5700.0,15495261.0,0.0,0.0,627078262.0
20181115,002313.SZ,627563366.0,112575.0,13257307.0,5700.0,15777806.0,0.0,0.0,627675941.0
20181114,002313.SZ,630083865.0,110466.0,13658065.0,5700.0,16483308.0,0.0,0.0,630194331.0
20181113,002313.SZ,632909108.0,110181.0,20420869.0,5700.0,30553886.0,0.0,0.0,633019289.0
20181112,002313.SZ,643042125.0,108756.0,27111478.0,5700.0,22812111.0,0.0,0.0,643150881.0
20181109,002313.SZ,638742758.0,103284.0,14998873.0,5700.0,16754426.0,0.0,0.0,638846042.0
20181108,002313.SZ,640498311.0,102942.0,6350484.0,5700.0,9299565.0,0.0,0.0,640601253.0
20181107,002313.SZ,643447392.0,104652.0,17156495.0,5700.0,14898667.0,0.0,0.0,643552044.0
20181106,002313.SZ,641189564.0,103170.0,8668776.0,5700.0,6002466.0,0.0,0.0,641292734.0
20181105,002313.SZ,638523254.0,104766.0,21441183.0,5700.0,21199664.0,0.0,0.0,638628020.0
20181102,002313.SZ,638281735.0,106020.0,14863356.0,5700.0,42358378.0,0.0,0.0,638387755.0
20181101,002313.SZ,665776757.0,97584.0,20721975.0,5700.0,16599539.0,0.0,2000.0,665874341.0
20181031,002313.SZ,661654321.0,63418.0,7171929.0,3700.0,17795848.0,600.0,0.0,661717739.0
20181030,002313.SZ,672278240.0,71552.0,19924527.0,4300.0,17609115.0,0.0,600.0,672349792.0
20181029,002313.SZ,669962828.0,62900.0,5510303.0,3700.0,6132106.0,300.0,0.0,670025728.0
20181026,002313.SZ,670584631.0,69080.0,7974897.0,4000.0,7413374.0,1000.0,0.0,670653711.0
20181025,002313.SZ,670023108.0,86500.0,10586427.0,5000.0,16421382.0,0.0,1300.0,670109608.0
20181024,002313.SZ,675858063.0,64047.0,6658571.0,3700.0,6956515.0,0.0,0.0,675922110.0
20181023,002313.SZ,676156007.0,64010.0,10217875.0,3700.0,12964385.0,0.0,0.0,676220017.0
20181022,002313.SZ,678902517.0,66230.0,28772158.0,3700.0,32396648.0,0.0,3700.0,678968747.0
20181019,002313.SZ,682527007.0,0.0,14862760.0,0.0,17862162.0,3400.0,0.0,682527007.0
20181018,002313.SZ,685526409.0,54366.0,8463978.0,3400.0,12320767.0,100.0,0.0,685580775.0
20181017,002313.SZ,689383198.0,58520.0,12503690.0,3500.0,15953452.0,0.0,1000.0,689441718.0
20181016,002313.SZ,692832960.0,41875.0,12560734.0,2500.0,24617458.0,1900.0,2500.0,692874835.0
20181015,002313.SZ,704889684.0,33250.0,11111756.0,1900.0,11683689.0,3900.0,1900.0,704922934.0
20181012,002313.SZ,705461617.0,69966.0,20571930.0,3900.0,47906489.0,1900.0,3900.0,705531583.0
20181011,002313.SZ,732796176.0,34618.0,29569268.0,1900.0,23304467.0,400.0,1100.0,732830794.0
20181010,002313.SZ,726531375.0,24288.0,7416213.0,1200.0,5642966.0,800.0,0.0,726555663.0
20181009,002313.SZ,724758128.0,40220.0,2847867.0,2000.0,4563322.0,1200.0,800.0,724798348.0
20181008,002313.SZ,726473583.0,48072.0,12521864.0,2400.0,10311206.0,100.0,0.0,726521655.0
20180928,002313.SZ,724262925.0,52650.0,6277742.0,2500.0,8025195.0,0.0,0.0,724315575.0
20180927,002313.SZ,726010378.0,52200.0,5885424.0,2500.0,10288106.0,0.0,1300.0,726062578.0
20180926,002313.SZ,730413060.0,25392.0,15592100.0,1200.0,21234888.0,0.0,400.0,730438452.0
20180925,002313.SZ,736055848.0,16456.0,10164792.0,800.0,6266063.0,0.0,0.0,736072304.0
20180921,002313.SZ,732157119.0,16304.0,6625413.0,800.0,10892192.0,1000.0,400.0,732173423.0
20180920,002313.SZ,736423898.0,28266.0,7653730.0,1400.0,5998598.0,1700.0,1000.0,736452164.0
20180919,002313.SZ,734768766.0,42735.0,18909713.0,2100.0,24805298.0,0.0,1900.0,734811501.0
20180918,002313.SZ,740664351.0,4016.0,9199022.0,200.0,16454990.0,5500.0,200.0,740668367.0
20180917,002313.SZ,747920319.0,108020.0,8381926.0,5500.0,9095892.0,200.0,0.0,748028339.0
20180914,002313.SZ,748634285.0,113943.0,6596450.0,5700.0,5366409.0,100.0,0.0,748748228.0
20180913,002313.SZ,747404244.0,117624.0,9978753.0,5800.0,9731333.0,0.0,300.0,747521868.0
20180912,002313.SZ,747156824.0,110110.0,7457193.0,5500.0,9161374.0,0.0,0.0,747266934.0
20180911,002313.SZ,748861005.0,111760.0,5692929.0,5500.0,8264571.0,0.0,0.0,748972765.0
20180910,002313.SZ,751432647.0,111320.0,9263728.0,5500.0,9340256.0,0.0,0.0,751543967.0
20180907,002313.SZ,751509175.0,113630.0,15206096.0,5500.0,21652647.0,0.0,0.0,751622805.0
20180906,002313.SZ,757955726.0,114950.0,17253599.0,5500.0,10460900.0,0.0,0.0,758070676.0
20180905,002313.SZ,751163027.0,116050.0,24361160.0,5500.0,19847815.0,300.0,0.0,751279077.0
20180904,002313.SZ,746649682.0,120524.0,9290897.0,5800.0,6523626.0,0.0,300.0,746770206.0
20180903,002313.SZ,743882411.0,113300.0,20575844.0,5500.0,9457099.0,300.0,0.0,743995711.0
20180831,002313.SZ,732763666.0,121974.0,11771157.0,5800.0,12160795.0,0.0,0.0,732885640.0
20180830,002313.SZ,733153304.0,125744.0,16882957.0,5800.0,18516011.0,0.0,0.0,733279048.0
20180829,002313.SZ,734786358.0,129340.0,21341941.0,5800.0,13615143.0,0.0,0.0,734915698.0
20180828,002313.SZ,727059560.0,131660.0,31752337.0,5800.0,33033900.0,0.0,0.0,727191220.0
20180827,002313.SZ,728341123.0,132994.0,26526251.0,5800.0,36769408.0,0.0,300.0,728474117.0
20180824,002313.SZ,738584280.0,116325.0,8356610.0,5500.0,8789423.0,0.0,0.0,738700605.0
20180823,002313.SZ,739017093.0,116325.0,12531695.0,5500.0,12088913.0,0.0,0.0,739133418.0
20180822,002313.SZ,738574311.0,115500.0,14862143.0,5500.0,11827628.0,0.0,0.0,738689811.0
20180821,002313.SZ,735539796.0,116765.0,12746958.0,5500.0,15598476.0,0.0,0.0,735656561.0
20180820,002313.SZ,738391314.0,115830.0,10644558.0,5500.0,11636354.0,0.0,0.0,738507144.0
20180817,002313.SZ,739383110.0,114620.0,7594182.0,5500.0,14371342.0,300.0,0.0,739497730.0
20180816,002313.SZ,746160270.0,119306.0,13152973.0,5800.0,17800812.0,0.0,0.0,746279576.0
20180815,002313.SZ,750808109.0,120640.0,15815508.0,5800.0,11012285.0,0.0,0.0,750928749.0
20180814,002313.SZ,746004886.0,125106.0,11833602.0,5800.0,10196747.0,0.0,300.0,746129992.0
20180813,002313.SZ,744368031.0,117700.0,12722346.0,5500.0,11204484.0,300.0,0.0,744485731.0
20180810,002313.SZ,742850169.0,122496.0,6462233.0,5800.0,5779381.0,0.0,300.0,742972665.0
20180809,002313.SZ,742167317.0,115500.0,14224512.0,5500.0,15837912.0,300.0,0.0,742282817.0
20180808,002313.SZ,743780717.0,118784.0,9463865.0,5800.0,12450276.0,0.0,0.0,743899501.0
20180807,002313.SZ,746767128.0,121974.0,21046610.0,5800.0,13552270.0,0.0,0.0,746889102.0
20180806,002313.SZ,739272788.0,118900.0,15098650.0,5800.0,11471233.0,0.0,0.0,739391688.0
20180803,002313.SZ,735645371.0,124584.0,13667035.0,5800.0,10461533.0,0.0,0.0,735769955.0
20180802,002313.SZ,732439869.0,124468.0,25398551.0,5800.0,37178589.0,0.0,300.0,732564337.0
20180801,002313.SZ,744219907.0,119350.0,15445753.0,5500.0,15583015.0,0.0,0.0,744339257.0
20180731,002313.SZ,744357169.0,120890.0,9155266.0,5500.0,11961562.0,0.0,0.0,744478059.0
20180730,002313.SZ,747163465.0,119790.0,15447929.0,5500.0,6746670.0,0.0,0.0,747283255.0
20180727,002313.SZ,738462206.0,123475.0,9184589.0,5500.0,9332725.0,300.0,0.0,738585681.0
20180726,002313.SZ,738610342.0,131486.0,14799444.0,5800.0,16889041.0,0.0,0.0,738741828.0
20180725,002313.SZ,740699939.0,135662.0,27719151.0,5800.0,25406609.0,0.0,0.0,740835601.0
20180724,002313.SZ,738387397.0,136300.0,24435604.0,5800.0,12807785.0,0.0,0.0,738523697.0
20180723,002313.SZ,726759578.0,134560.0,19551758.0,5800.0,10458636.0,0.0,0.0,726894138.0
20180720,002313.SZ,717666456.0,133110.0,20534586.0,5800.0,12176041.0,0.0,0.0,717799566.0
20180719,002313.SZ,709307911.0,133342.0,6812121.0,5800.0,12982876.0,0.0,0.0,709441253.0
20180718,002313.SZ,715478666.0,131022.0,16668027.0,5800.0,21168778.0,0.0,0.0,715609688.0
20180717,002313.SZ,719979417.0,136474.0,16358331.0,5800.0,14434416.0,0.0,500.0,720115891.0
20180716,002313.SZ,718055502.0,123331.0,19698622.0,5300.0,11463117.0,0.0,0.0,718178833.0
20180713,002313.SZ,709819997.0,122271.0,11960399.0,5300.0,13934977.0,0.0,0.0,709942268.0
20180712,002313.SZ,711794575.0,122006.0,22384059.0,5300.0,23842045.0,400.0,300.0,711916581.0
20180711,002313.SZ,713252561.0,118368.0,17349424.0,5400.0,19114911.0,400.0,400.0,713370929.0
20180710,002313.SZ,715018048.0,125064.0,13673694.0,5400.0,11963236.0,400.0,5000.0,715143112.0
20180709,002313.SZ,713307590.0,18744.0,14819655.0,800.0,19291588.0,4100.0,0.0,713326334.0
20180706,002313.SZ,717779523.0,110740.0,25061606.0,4900.0,29012633.0,900.0,900.0,717890263.0
20180705,002313.SZ,721730550.0,114268.0,17111745.0,4900.0,19590236.0,0.0,1700.0,721844818.0
20180704,002313.SZ,724209041.0,75392.0,26859982.0,3200.0,21235238.0,2600.0,0.0,724284433.0
20180703,002313.SZ,718584297.0,138968.0,14352115.0,5800.0,38430475.0,0.0,1200.0,718723265.0
20180702,002313.SZ,742662657.0,100188.0,35303866.0,4600.0,49185426.0,1200.0,500.0,742762845.0
20180629,002313.SZ,756544217.0,126829.0,22016685.0,5300.0,19182973.0,0.0,0.0,756671046.0
20180628,002313.SZ,753710505.0,124497.0,13156487.0,5300.0,11835337.0,0.0,0.0,753835002.0
20180627,002313.SZ,752389355.0,126988.0,9433051.0,5300.0,10283587.0,300.0,3200.0,752516343.0
20180626,002313.SZ,753239891.0,58488.0,20167073.0,2400.0,12556376.0,3200.0,300.0,753298379.0
20180625,002313.SZ,745629194.0,129161.0,11077597.0,5300.0,20696917.0,300.0,2200.0,745758355.0
20180622,002313.SZ,755248514.0,85646.0,11712389.0,3400.0,9691983.0,2400.0,0.0,755334160.0
20180621,002313.SZ,753228108.0,145870.0,18016123.0,5800.0,13688098.0,0.0,1300.0,753373978.0
20180620,002313.SZ,748900083.0,116865.0,13777280.0,4500.0,24767971.0,1300.0,0.0,749016948.0
20180619,002313.SZ,759890774.0,147320.0,30874763.0,5800.0,38268630.0,0.0,2800.0,760038094.0
20180615,002313.SZ,767284641.0,84750.0,23803288.0,3000.0,18557880.0,2800.0,900.0,767369391.0
20180614,002313.SZ,762039233.0,141120.0,20305321.0,4900.0,22587161.0,0.0,2800.0,762180353.0
20180613,002313.SZ,764321073.0,60795.0,13125292.0,2100.0,17344755.0,13700.0,0.0,764381868.0
20180612,002313.SZ,768540536.0,457410.0,13585882.0,15800.0,24248572.0,0.0,10700.0,768997946.0
20180611,002313.SZ,779203226.0,143820.0,6649395.0,5100.0,18110099.0,10000.0,0.0,779347046.0
20180608,002313.SZ,790663930.0,425820.0,9942064.0,15100.0,26731917.0,700.0,3000.0,791089750.0
20180607,002313.SZ,807453783.0,363392.0,16949758.0,12800.0,25359161.0,3000.0,0.0,807817175.0
20180606,002313.SZ,815863186.0,456146.0,25749608.0,15800.0,30060857.0,0.0,1000.0,816319332.0
20180605,002313.SZ,820174435.0,424020.0,14386150.0,14800.0,14368772.0,10000.0,12000.0,820598455.0
20180604,002313.SZ,820157057.0,365056.0,19961271.0,12800.0,25672999.0,3000.0,0.0,820522113.0
20180601,002313.SZ,825868785.0,441926.0,21003458.0,15800.0,13799256.0,0.0,0.0,826310711.0
20180531,002313.SZ,818664583.0,435448.0,5176937.0,15800.0,11340550.0,0.0,700.0,819100031.0
20180530,002313.SZ,824828196.0,409814.0,13643310.0,15100.0,26185792.0,0.0,3000.0,825238010.0
20180529,002313.SZ,837370678.0,328394.0,7384588.0,12100.0,6949381.0,1000.0,0.0,837699072.0
20180528,002313.SZ,836935471.0,358940.0,13812752.0,13100.0,5851540.0,1700.0,0.0,837294411.0
20180525,002313.SZ,828974259.0,410256.0,12807370.0,14800.0,15263320.0,0.0,2700.0,829384515.0
20180524,002313.SZ,831430209.0,338800.0,12128150.0,12100.0,15180157.0,0.0,0.0,831769009.0
20180523,002313.SZ,834482216.0,337348.0,19841775.0,12100.0,17000134.0,1900.0,0.0,834819564.0
20180522,002313.SZ,831640575.0,399000.0,30739297.0,14000.0,24326937.0,1000.0,0.0,832039575.0
20180521,002313.SZ,825228215.0,430200.0,25491784.0,15000.0,22953746.0,800.0,1000.0,825658415.0
20180518,002313.SZ,822690177.0,415880.0,18691432.0,14800.0,19138591.0,1000.0,0.0,823106057.0
20180517,002313.SZ,823137336.0,451406.0,25923431.0,15800.0,20545233.0,0.0,1000.0,823588742.0
20180516,002313.SZ,817759138.0,420468.0,35110040.0,14800.0,23139792.0,10000.0,10000.0,818179606.0
20180515,002313.SZ,805788890.0,405520.0,18985436.0,14800.0,16902650.0,10500.0,0.0,806194410.0
20180514,002313.SZ,803706104.0,685377.0,27931712.0,25300.0,21420832.0,0.0,20500.0,804391481.0
20180511,002313.SZ,797195224.0,130128.0,15434056.0,4800.0,10343607.0,1000.0,0.0,797325352.0
20180510,002313.SZ,792104775.0,156774.0,9075840.0,5800.0,9949816.0,4800.0,800.0,792261549.0
20180509,002313.SZ,792978751.0,263424.0,17648284.0,9800.0,16547986.0,800.0,700.0,793242175.0
20180508,002313.SZ,791878453.0,268785.0,9165430.0,9900.0,22993508.0,0.0,0.0,792147238.0
20180507,002313.SZ,805706531.0,270270.0,14457832.0,9900.0,14932549.0,10400.0,6500.0,805976801.0
20180504,002313.SZ,806181248.0,370944.0,7528795.0,13800.0,15021727.0,2000.0,200.0,806552192.0
20180503,002313.SZ,813674180.0,424164.0,11248859.0,15600.0,17382874.0,0.0,2500.0,814098344.0
20180502,002313.SZ,819808195.0,352652.0,16721794.0,13100.0,12537280.0,0.0,0.0,820160847.0
20180427,002313.SZ,815623681.0,357368.0,22800365.0,13100.0,14629385.0,1500.0,10000.0,815981049.0
20180426,002313.SZ,807452701.0,123648.0,19968835.0,4600.0,14507788.0,20000.0,700.0,807576349.0
20180425,002313.SZ,801991654.0,668244.0,14205935.0,23900.0,15401793.0,0.0,20000.0,802659898.0
20180424,002313.SZ,803187512.0,107991.0,17561883.0,3900.0,10957263.0,0.0,0.0,803295503.0
20180423,002313.SZ,796582892.0,105534.0,13603988.0,3900.0,15100403.0,300.0,800.0,796688426.0
20180420,002313.SZ,798079307.0,91120.0,14546273.0,3400.0,14463247.0,2400.0,300.0,798170427.0
20180419,002313.SZ,797996281.0,153450.0,25887024.0,5500.0,27390692.0,0.0,0.0,798149731.0
20180418,002313.SZ,799499949.0,155210.0,31369007.0,5500.0,26574328.0,0.0,400.0,799655159.0
20180417,002313.SZ,794705270.0,139332.0,28831710.0,5100.0,32787721.0,0.0,2000.0,794844602.0
20180416,002313.SZ,798661281.0,88722.0,21308735.0,3100.0,14148291.0,0.0,0.0,798750003.0
20180413,002313.SZ,791500837.0,87234.0,21604603.0,3100.0,19211887.0,2700.0,0.0,791588071.0
20180412,002313.SZ,789108121.0,165242.0,11139413.0,5800.0,14287504.0,0.0,0.0,789273363.0
20180411,002313.SZ,792256212.0,165532.0,22088618.0,5800.0,26763933.0,0.0,0.0,792421744.0
20180410,002313.SZ,796931527.0,165590.0,33341883.0,5800.0,21439398.0,0.0,700.0,797097117.0
20180409,002313.SZ,785029042.0,146982.0,21553253.0,5100.0,17865631.0,12700.0,0.0,785176024.0
20180404,002313.SZ,781341420.0,512284.0,25141988.0,17800.0,41973152.0,0.0,0.0,781853704.0
20180403,002313.SZ,798172584.0,520650.0,50494030.0,17800.0,41032675.0,0.0,0.0,798693234.0
20180402,002313.SZ,788711229.0,532220.0,72650229.0,17800.0,49129213.0,0.0,0.0,789243449.0
20180330,002313.SZ,765190213.0,525278.0,41818923.0,17800.0,66489786.0,0.0,0.0,765715491.0
20180329,002313.SZ,789861076.0,511216.0,54765271.0,17800.0,40445314.0,0.0,0.0,790372292.0
20180328,002313.SZ,775541119.0,519938.0,45469447.0,17800.0,68534075.0,0.0,0.0,776061057.0
20180327,002313.SZ,798605747.0,516200.0,35583438.0,17800.0,44101164.0,0.0,0.0,799121947.0
20180326,002313.SZ,807123473.0,482380.0,27259036.0,17800.0,29954957.0,0.0,0.0,807605853.0
20180323,002313.SZ,809819394.0,467250.0,52882465.0,17800.0,44398042.0,0.0,0.0,810286644.0
20180322,002313.SZ,801334971.0,505520.0,14480456.0,17800.0,10638994.0,0.0,0.0,801840491.0
20180321,002313.SZ,797493509.0,505520.0,13007986.0,17800.0,26453962.0,0.0,0.0,797999029.0
20180320,002313.SZ,810939485.0,512284.0,29966027.0,17800.0,15260715.0,0.0,0.0,811451769.0
20180319,002313.SZ,796234173.0,523498.0,20754827.0,17800.0,22680420.0,0.0,0.0,796757671.0
20180316,002313.SZ,798159766.0,525100.0,45788979.0,17800.0,48222653.0,0.0,0.0,798684866.0
20180315,002313.SZ,800593440.0,504630.0,21499225.0,17800.0,42421682.0,0.0,0.0,801098070.0
20180314,002313.SZ,821515897.0,505520.0,21362693.0,17800.0,18076455.0,0.0,0.0,822021417.0
20180313,002313.SZ,818229659.0,516912.0,24715719.0,17800.0,27869600.0,0.0,0.0,818746571.0
20180312,002313.SZ,821383540.0,524922.0,31798695.0,17800.0,18055379.0,0.0,0.0,821908462.0
20180309,002313.SZ,807640224.0,521362.0,28322469.0,17800.0,29122224.0,0.0,0.0,808161586.0
20180308,002313.SZ,808439979.0,499290.0,18109913.0,17800.0,25972298.0,0.0,0.0,808939269.0
20180307,002313.SZ,816302364.0,500180.0,36804057.0,17800.0,26467596.0,0.0,0.0,816802544.0
20180306,002313.SZ,805965903.0,500180.0,30537074.0,17800.0,23971953.0,0.0,200.0,806466083.0
20180305,002313.SZ,799400782.0,487696.0,21550142.0,17600.0,20992346.0,0.0,0.0,799888478.0
20180302,002313.SZ,798842986.0,484880.0,45489639.0,17600.0,34691885.0,100.0,0.0,799327866.0
20180301,002313.SZ,788045232.0,475422.0,25873877.0,17700.0,28628570.0,100.0,0.0,788520654.0
20180228,002313.SZ,790799925.0,475260.0,24036566.0,17800.0,25872537.0,0.0,0.0,791275185.0
20180227,002313.SZ,792635896.0,472946.0,27076408.0,17800.0,27821999.0,0.0,0.0,793108842.0
20180226,002313.SZ,793381487.0,472946.0,32176901.0,17800.0,25035672.0,0.0,0.0,793854433.0
20180223,002313.SZ,786240258.0,455680.0,20832648.0,17800.0,16799585.0,2396.0,2100.0,786695938.0
20180222,002313.SZ,782207195.0,466334.0,13977207.0,18096.0,14626735.0,10600.0,2300.0,782673529.0
20180214,002313.SZ,782856723.0,674946.0,26184586.0,26396.0,33875354.0,3200.0,11000.0,783531669.0
20180213,002313.SZ,790547491.0,463040.0,21946168.0,18596.0,28180951.0,11600.0,2900.0,791010531.0
20180212,002313.SZ,796782274.0,663293.0,19590959.0,27296.0,44232210.0,2600.0,10600.0,797445567.0
20180209,002313.SZ,821423525.0,453649.0,25344743.0,19296.0,23823658.0,11000.0,2800.0,821877174.0
20180208,002313.SZ,819902440.0,673652.0,44966176.0,27496.0,74571289.0,3300.0,11000.0,820576092.0
20180207,002313.SZ,849507553.0,458871.0,75975393.0,19796.0,91757394.0,11000.0,2600.0,849966424.0
20180206,002313.SZ,865289554.0,725765.0,48335720.0,28196.0,44242960.0,2600.0,10600.0,866015319.0
20180205,002313.SZ,861196794.0,577606.0,33774852.0,20196.0,21724420.0,10600.0,2700.0,861774400.0
20180202,002313.SZ,849146362.0,823213.0,31116977.0,28096.0,19302644.0,2300.0,10600.0,849969575.0
20180201,002313.SZ,837332029.0,581804.0,16101796.0,19796.0,18489253.0,25600.0,1300.0,837913833.0
20180131,002313.SZ,839719486.0,1318911.0,41448146.0,44096.0,15726673.0,300.0,5600.0,841038397.0
20180130,002313.SZ,813998013.0,1183278.0,8241876.0,38796.0,8386504.0,5600.0,2700.0,815181291.0
20180129,002313.SZ,814142641.0,1279650.0,27707577.0,41696.0,19159162.0,4100.0,17700.0,815422291.0
20180126,002313.SZ,805594226.0,870976.0,25597539.0,28096.0,13569938.0,17700.0,2700.0,806465202.0
20180125,002313.SZ,793566625.0,1350629.0,26219834.0,43096.0,16030530.0,2700.0,2500.0,794917254.0
20180124,002313.SZ,783377321.0,1377679.0,20592826.0,43296.0,22445596.0,12300.0,11800.0,784755000.0
20180123,002313.SZ,785230091.0,1396654.0,27637887.0,43796.0,36370253.0,11800.0,12600.0,786626745.0
20180122,002313.SZ,793962457.0,1300629.0,14049037.0,42996.0,14381506.0,8600.0,19300.0,795263086.0
20180119,002313.SZ,794294926.0,977600.0,14894605.0,32296.0,35031230.0,16800.0,6100.0,795272526.0
20180118,002313.SZ,814431551.0,1311378.0,14692812.0,42996.0,29746086.0,3300.0,14300.0,815742929.0
20180117,002313.SZ,829484825.0,979078.0,37666896.0,31996.0,32141608.0,19600.0,3900.0,830463903.0
20180116,002313.SZ,823959537.0,1475237.0,25747358.0,47696.0,19879889.0,1800.0,3800.0,825434774.0
20180115,002313.SZ,818092068.0,1400582.0,16515352.0,45696.0,30164541.0,400.0,21200.0,819492650.0
20180112,002313.SZ,831741257.0,760573.0,51728459.0,24896.0,41896727.0,1700.0,8700.0,832501830.0
20180111,002313.SZ,821909525.0,569809.0,24242528.0,17896.0,35442431.0,12000.0,800.0,822479334.0
20180110,002313.SZ,833109428.0,926126.0,72463061.0,29096.0,32309710.0,9200.0,12000.0,834035554.0
20180109,002313.SZ,792956077.0,861194.0,65535065.0,26296.0,67727074.0,19500.0,8600.0,793817271.0
20180108,002313.SZ,795148086.0,1190644.0,34059756.0,37196.0,25875537.0,900.0,19800.0,796338730.0
20180105,002313.SZ,786963867.0,578520.0,34970544.0,18296.0,45210067.0,12000.0,1500.0,787542387.0
20180104,002313.SZ,797203390.0,909090.0,99267634.0,28796.0,56075046.0,900.0,12000.0,798112480.0
20180103,002313.SZ,754010802.0,571050.0,59529959.0,17696.0,68167854.0,12000.0,900.0,754581852.0
20180102,002313.SZ,762648697.0,921472.0,55879324.0,28796.0,78550742.0,2000.0,12000.0,763570169.0
20191231,002313.SZ,566079984.0,266607.0,16954617.0,13465.0,10263308.0,900.0,4500.0,566346591.0
20191230,002313.SZ,559388675.0,195130.0,10381194.0,9865.0,12418429.0,3200.0,5300.0,559583805.0
20191227,002313.SZ,561425910.0,154058.0,19872392.0,7765.0,16489803.0,12600.0,3200.0,561579968.0
20191226,002313.SZ,558043321.0,348450.0,19317475.0,17165.0,16406158.0,3000.0,12700.0,558391771.0
20191225,002313.SZ,555132004.0,149897.0,15400598.0,7465.0,18812449.0,1200.0,100.0,555281901.0
20191224,002313.SZ,558543855.0,172328.0,21940790.0,8565.0,18050295.0,1600.0,0.0,558716183.0
20191223,002313.SZ,554653360.0,202995.0,20301148.0,10165.0,11097691.0,30000.0,1500.0,554856355.0
20191220,002313.SZ,545449903.0,789926.0,14097600.0,38665.0,22705765.0,800.0,400.0,546239829.0
20191219,002313.SZ,554058068.0,814896.0,27383884.0,39065.0,33872161.0,7600.0,6200.0,554872964.0
20191218,002313.SZ,560546345.0,848146.0,29591194.0,40465.0,32595621.0,5300.0,8400.0,561394491.0
20191217,002313.SZ,563550772.0,761499.0,20700913.0,37365.0,22603838.0,1500.0,5300.0,564312271.0
20191216,002313.SZ,565453697.0,684726.0,43099005.0,33565.0,31936371.0,4500.0,0.0,566138423.0
20191213,002313.SZ,554291063.0,750261.0,25768844.0,38065.0,18188573.0,1700.0,1100.0,555041324.0
20191212,002313.SZ,546710792.0,729222.0,14690967.0,38665.0,12275380.0,2300.0,1300.0,547440014.0
20191211,002313.SZ,544295205.0,751255.0,10020797.0,39665.0,8355416.0,3600.0,2400.0,545046460.0
20191210,002313.SZ,542629824.0,789512.0,10157606.0,40865.0,22992375.0,5200.0,0.0,543419336.0
20191209,002313.SZ,555464593.0,892279.0,8649148.0,46065.0,13056637.0,100.0,0.0,556356872.0
20191206,002313.SZ,559872082.0,892369.0,14384650.0,46165.0,6018833.0,0.0,0.0,560764451.0
20191205,002313.SZ,551506265.0,888676.0,15657065.0,46165.0,8790953.0,2000.0,3700.0,552394941.0
20191204,002313.SZ,544640153.0,836387.0,6724129.0,44465.0,6753105.0,1000.0,0.0,545476540.0
20191203,002313.SZ,544669129.0,862016.0,4835282.0,45465.0,9875266.0,1500.0,2400.0,545531145.0
20191202,002313.SZ,549709113.0,842279.0,5636865.0,44565.0,5613386.0,4300.0,6100.0,550551392.0
20191129,002313.SZ,549685634.0,809114.0,10132844.0,42765.0,7834471.0,3800.0,14400.0,550494748.0
20191128,002313.SZ,547387261.0,587011.0,10726442.0,32165.0,8282232.0,3000.0,4300.0,547974272.0
20191127,002313.SZ,544943051.0,572854.0,9036172.0,30865.0,7691337.0,900.0,15100.0,545515905.0
20191126,002313.SZ,543598216.0,312969.0,6244793.0,16665.0,4233138.0,5200.0,4400.0,543911185.0
20191125,002313.SZ,541586561.0,330787.0,12580546.0,17465.0,6972661.0,2400.0,6200.0,541917348.0
20191122,002313.SZ,535978676.0,262778.0,11215932.0,13665.0,13015610.0,1300.0,2600.0,536241454.0
20191121,002313.SZ,537778354.0,238150.0,9941075.0,12365.0,11769084.0,5600.0,2000.0,538016504.0
20191120,002313.SZ,539606363.0,306688.0,22943153.0,15965.0,17102354.0,11800.0,2200.0,539913051.0
20191119,002313.SZ,533765564.0,476532.0,12675921.0,25565.0,16960108.0,4000.0,0.0,534242096.0
20191118,002313.SZ,538049751.0,523301.0,7893898.0,29565.0,9969978.0,500.0,1700.0,538573052.0
20191115,002313.SZ,540125831.0,506032.0,4182171.0,28365.0,9389736.0,1900.0,8300.0,540631863.0
20191114,002313.SZ,545333396.0,400642.0,7004900.0,21965.0,13038666.0,8700.0,800.0,545734038.0
20191113,002313.SZ,551367162.0,539959.0,10342820.0,29865.0,11586341.0,1800.0,1100.0,551907121.0
20191112,002313.SZ,552610683.0,554755.0,9110513.0,30565.0,11050738.0,800.0,4900.0,553165438.0
20191111,002313.SZ,554550908.0,474517.0,9433147.0,26465.0,8286721.0,200.0,3900.0,555025425.0
20191108,002313.SZ,553404482.0,421380.0,7911714.0,22765.0,28796406.0,2200.0,3300.0,553825862.0
20191107,002313.SZ,574289174.0,399069.0,3179871.0,21665.0,3440530.0,9200.0,4800.0,574688243.0
20191106,002313.SZ,574549833.0,479075.0,6283755.0,26065.0,5908028.0,4200.0,4900.0,575028908.0
20191105,002313.SZ,574174106.0,471282.0,7620079.0,25365.0,7384594.0,2100.0,1100.0,574645388.0
20191104,002313.SZ,573938621.0,494344.0,7629090.0,26365.0,9739205.0,1500.0,5100.0,574432965.0
20191101,002313.SZ,576048736.0,424567.0,5102407.0,22765.0,10086607.0,2300.0,2700.0,576473303.0
20191031,002313.SZ,581032936.0,404583.0,5732979.0,22365.0,11250764.0,6100.0,4300.0,581437519.0
20191030,002313.SZ,586550721.0,446328.0,6332549.0,24165.0,4681949.0,0.0,3600.0,586997049.0
20191029,002313.SZ,584900121.0,383743.0,9766375.0,20565.0,6751235.0,400.0,15100.0,585283864.0
20191028,002313.SZ,581884981.0,112667.0,12267043.0,5865.0,8214831.0,1200.0,800.0,581997648.0
20191025,002313.SZ,577832769.0,116717.0,5999480.0,6265.0,7142454.0,600.0,1200.0,577949486.0
20191024,002313.SZ,578975743.0,105369.0,3372630.0,5665.0,12097013.0,10100.0,600.0,579081112.0
20191023,002313.SZ,587700126.0,281311.0,5372608.0,15165.0,6060087.0,2800.0,9300.0,587981437.0
20191022,002313.SZ,588387605.0,163509.0,7238004.0,8665.0,15479122.0,1000.0,2400.0,588551114.0
20191021,002313.SZ,596628723.0,134257.0,7683750.0,7265.0,13399159.0,3700.0,2900.0,596762980.0
20191018,002313.SZ,602344132.0,155090.0,7112196.0,8065.0,9345446.0,3800.0,3700.0,602499222.0
20191017,002313.SZ,604577382.0,156115.0,2342607.0,8165.0,3180385.0,400.0,0.0,604733497.0
20191016,002313.SZ,605415160.0,163592.0,8703123.0,8565.0,6327022.0,11900.0,4100.0,605578752.0
20191015,002313.SZ,603039059.0,316335.0,5427214.0,16365.0,11767837.0,0.0,2900.0,603355394.0
20191014,002313.SZ,609379682.0,266472.0,11019342.0,13465.0,12316342.0,2800.0,5200.0,609646154.0
20191011,002313.SZ,610676682.0,213333.0,13614807.0,11065.0,14049304.0,5900.0,2800.0,610890015.0
20191010,002313.SZ,611111179.0,279051.0,15181681.0,14165.0,13259900.0,0.0,4900.0,611390230.0
20191009,002313.SZ,609189398.0,180945.0,9873970.0,9265.0,9984900.0,6100.0,600.0,609370343.0
20191008,002313.SZ,609300328.0,289246.0,11062801.0,14765.0,13161101.0,4300.0,11100.0,609589574.0
20190930,002313.SZ,611398628.0,156433.0,9727545.0,7965.0,18570226.0,2535.0,5300.0,611555061.0
20190927,002313.SZ,620241309.0,105040.0,22690074.0,5200.0,18151161.0,4300.0,2000.0,620346349.0
20190926,002313.SZ,615702396.0,153000.0,32556020.0,7500.0,53530473.0,8200.0,2400.0,615855396.0
20190925,002313.SZ,636676849.0,282093.0,42000259.0,13300.0,46514900.0,5200.0,1000.0,636958942.0
20190924,002313.SZ,641191490.0,386750.0,51384231.0,17500.0,39771181.0,300.0,1100.0,641578240.0
20190923,002313.SZ,629578440.0,364060.0,47611490.0,16700.0,54466774.0,2000.0,10800.0,629942500.0
20190920,002313.SZ,636433724.0,167717.0,37191869.0,7900.0,89437615.0,7600.0,2000.0,636601441.0
20190919,002313.SZ,688679470.0,291465.0,35006897.0,13500.0,35215513.0,7300.0,7400.0,688970935.0
20190918,002313.SZ,688888086.0,284750.0,27342281.0,13400.0,30540071.0,5800.0,5400.0,689172836.0
20190917,002313.SZ,692085876.0,295182.0,30746782.0,13800.0,35402705.0,8000.0,9700.0,692381058.0
20190916,002313.SZ,696741799.0,265111.0,51112987.0,12100.0,35627464.0,1000.0,8100.0,697006910.0
20190912,002313.SZ,681256276.0,108300.0,65414140.0,5000.0,48080141.0,1300.0,1000.0,681364576.0
20190911,002313.SZ,663922277.0,110664.0,60775370.0,5300.0,41373696.0,4100.0,100.0,664032941.0
20190910,002313.SZ,644520603.0,194835.0,76469190.0,9300.0,40720760.0,9400.0,5400.0,644715438.0
20190909,002313.SZ,608772173.0,281162.0,72217889.0,13300.0,39793043.0,3200.0,10100.0,609053335.0
20190906,002313.SZ,576347327.0,123008.0,22960396.0,6400.0,50158024.0,7500.0,500.0,576470335.0
20190905,002313.SZ,603544955.0,254198.0,39613236.0,13400.0,43231660.0,5900.0,4700.0,603799153.0
20190904,002313.SZ,607163379.0,273604.0,20934169.0,14600.0,17012573.0,6700.0,6300.0,607436983.0
20190903,002313.SZ,603241783.0,279750.0,34612709.0,15000.0,24218748.0,4100.0,11100.0,603521533.0
20190902,002313.SZ,592847822.0,143360.0,8733577.0,8000.0,18229014.0,10700.0,5400.0,592991182.0
20190830,002313.SZ,602343259.0,232750.0,11419641.0,13300.0,18622526.0,4100.0,3100.0,602576009.0
20190829,002313.SZ,609546144.0,256685.0,6470807.0,14300.0,9005784.0,100.0,900.0,609802829.0
20190828,002313.SZ,612081121.0,242865.0,10578588.0,13500.0,13669492.0,6200.0,3100.0,612323986.0
20190827,002313.SZ,615172025.0,304444.0,13578436.0,16600.0,10235773.0,2200.0,6200.0,615476469.0
20190826,002313.SZ,611829362.0,229446.0,12421786.0,12600.0,12415527.0,7400.0,1900.0,612058808.0
20190823,002313.SZ,611823103.0,339013.0,14518348.0,18100.0,13233373.0,1300.0,2600.0,612162116.0
20190822,002313.SZ,610538128.0,322056.0,14214188.0,16800.0,22781201.0,1900.0,5500.0,610860184.0
20190821,002313.SZ,619105141.0,253704.0,12991049.0,13200.0,18068282.0,5100.0,1900.0,619358845.0
20190820,002313.SZ,624182374.0,319308.0,29560160.0,16400.0,40730598.0,2400.0,6000.0,624501682.0
20190819,002313.SZ,635352812.0,247040.0,45984833.0,12800.0,48857374.0,8100.0,2400.0,635599852.0
20190816,002313.SZ,638225353.0,338180.0,23241671.0,18500.0,15784572.0,1900.0,13300.0,638563533.0
20190815,002313.SZ,630768254.0,130498.0,19150328.0,7100.0,18203503.0,7900.0,2900.0,630898752.0
20190814,002313.SZ,629821429.0,221430.0,29460936.0,12100.0,22077229.0,2700.0,200.0,630042859.0
20190813,002313.SZ,622437722.0,264844.0,19425287.0,14600.0,22130321.0,1100.0,9600.0,622702566.0
20190812,002313.SZ,625142756.0,107116.0,5047620.0,6100.0,9515672.0,4300.0,200.0,625249872.0
20190809,002313.SZ,629610808.0,174216.0,9870186.0,10200.0,11378163.0,300.0,4700.0,629785024.0
20190808,002313.SZ,631118785.0,100514.0,11722768.0,5800.0,8108827.0,7900.0,2100.0,631219299.0
20190807,002313.SZ,627504844.0,201956.0,12465300.0,11600.0,15229397.0,600.0,10400.0,627706800.0
20190806,002313.SZ,630268941.0,31770.0,22185671.0,1800.0,16489793.0,19500.0,800.0,630300711.0
20190805,002313.SZ,624573063.0,366540.0,22366424.0,20500.0,23639074.0,800.0,19400.0,624939603.0
20190802,002313.SZ,625845713.0,33459.0,11938319.0,1900.0,17503573.0,8000.0,700.0,625879172.0
20190801,002313.SZ,631410967.0,166980.0,12929090.0,9200.0,12407455.0,0.0,6900.0,631577947.0
20190731,002313.SZ,630889332.0,41423.0,10852855.0,2300.0,17050734.0,2800.0,0.0,630930755.0
20190730,002313.SZ,637087211.0,91341.0,9226951.0,5100.0,9929204.0,4600.0,2800.0,637178552.0
20190729,002313.SZ,637789464.0,123579.0,6497932.0,6900.0,8233685.0,2500.0,5200.0,637913043.0
20190726,002313.SZ,639525217.0,75474.0,8890671.0,4200.0,11533713.0,3700.0,0.0,639600691.0
20190725,002313.SZ,642168259.0,140857.0,20389527.0,7900.0,16278071.0,7500.0,5200.0,642309116.0
20190724,002313.SZ,638056803.0,179010.0,20629042.0,10200.0,16301785.0,5500.0,9200.0,638235813.0
20190723,002313.SZ,633729546.0,110695.0,6340596.0,6500.0,8087429.0,11900.0,5200.0,633840241.0
20190722,002313.SZ,635476379.0,221628.0,12131065.0,13200.0,13624203.0,8900.0,11900.0,635698007.0
20190719,002313.SZ,636969517.0,179010.0,9190898.0,10200.0,11147824.0,2800.0,5200.0,637148527.0
20190718,002313.SZ,638926443.0,136110.0,8353266.0,7800.0,10024537.0,4100.0,400.0,639062553.0
20190717,002313.SZ,640597714.0,205160.0,13262819.0,11500.0,13739495.0,10400.0,6500.0,640802874.0
20190716,002313.SZ,641074390.0,277046.0,15916185.0,15400.0,17973559.0,6700.0,0.0,641351436.0
20190715,002313.SZ,643131764.0,380120.0,13358972.0,22100.0,31265747.0,0.0,8000.0,643511884.0
20190712,002313.SZ,661038539.0,248442.0,17494929.0,14100.0,18225255.0,8000.0,9100.0,661286981.0
20190711,002313.SZ,661768865.0,236600.0,8392343.0,13000.0,11240811.0,5000.0,0.0,662005465.0
20190710,002313.SZ,664617333.0,332280.0,9831949.0,18000.0,13300238.0,0.0,0.0,664949613.0
20190709,002313.SZ,668085622.0,329580.0,10571885.0,18000.0,10547326.0,3900.0,3900.0,668415202.0
20190708,002313.SZ,668061063.0,327960.0,16675359.0,18000.0,28229037.0,0.0,2400.0,668389023.0
20190705,002313.SZ,679614741.0,299052.0,13262303.0,15600.0,19429013.0,3600.0,300.0,679913793.0
20190704,002313.SZ,685781451.0,364392.0,24126215.0,18900.0,28481891.0,0.0,3700.0,686145843.0
20190703,002313.SZ,690137127.0,301264.0,32141137.0,15200.0,27122657.0,5700.0,1200.0,690438391.0
20190702,002313.SZ,685118647.0,401880.0,45315459.0,19700.0,34591769.0,1000.0,1300.0,685520527.0
20190701,002313.SZ,674394957.0,401774.0,70164414.0,19400.0,59464032.0,2700.0,5800.0,674796731.0
20190628,002313.SZ,663694575.0,329260.0,71729603.0,16300.0,81634921.0,0.0,0.0,664023835.0
20190627,002313.SZ,673599893.0,322088.0,49826364.0,16300.0,33958757.0,5300.0,2700.0,673921981.0
20190626,002313.SZ,657732286.0,339444.0,37521983.0,18900.0,43334083.0,2700.0,14900.0,658071730.0
20190625,002313.SZ,663544386.0,133732.0,13645949.0,6700.0,18329743.0,4300.0,200.0,663678118.0
20190624,002313.SZ,668228180.0,218916.0,19140214.0,10800.0,14155981.0,1000.0,3800.0,668447096.0
20190621,002313.SZ,663243947.0,164400.0,33909352.0,8000.0,27432888.0,3500.0,4000.0,663408347.0
20190620,002313.SZ,656767483.0,151125.0,19565879.0,7500.0,14355092.0,9000.0,3500.0,656918608.0
20190619,002313.SZ,651556696.0,258440.0,18364746.0,13000.0,21708290.0,8500.0,4500.0,651815136.0
20190618,002313.SZ,654900240.0,334220.0,5998693.0,17000.0,7915647.0,4000.0,8500.0,655234460.0
20190617,002313.SZ,656817194.0,243875.0,9867879.0,12500.0,8650028.0,9000.0,0.0,657061069.0
20190614,002313.SZ,655599343.0,422905.0,13089131.0,21500.0,20835405.0,0.0,3500.0,656022248.0
20190613,002313.SZ,663345617.0,365940.0,19161364.0,18000.0,14147230.0,3515.0,4500.0,663711557.0
20190612,002313.SZ,658331483.0,347446.0,29766229.0,17015.0,22251421.0,3500.0,3500.0,658678929.0
20190611,002313.SZ,650816675.0,354422.0,35783268.0,17015.0,29536143.0,4000.0,8200.0,651171097.0
20190610,002313.SZ,644569550.0,259888.0,18559293.0,12815.0,18406055.0,4685.0,4000.0,644829438.0
20190606,002313.SZ,644416312.0,265410.0,24540140.0,13500.0,27047407.0,4100.0,4700.0,644681722.0
20190605,002313.SZ,646923579.0,267417.0,25691860.0,12900.0,23805380.0,4700.0,4100.0,647190996.0
20190604,002313.SZ,645037099.0,276615.0,38734215.0,13500.0,23895915.0,4100.0,4900.0,645313714.0
20190603,002313.SZ,630198799.0,248412.0,15232539.0,12700.0,15150211.0,900.0,8700.0,630447211.0
20190531,002313.SZ,630116471.0,96236.0,9507756.0,4900.0,11718954.0,4000.0,0.0,630212707.0
20190530,002313.SZ,632327669.0,172927.0,6466620.0,8900.0,7991369.0,0.0,4000.0,632500596.0
20190529,002313.SZ,633852418.0,95697.0,15653724.0,4900.0,14079956.0,3000.0,0.0,633948115.0
20190528,002313.SZ,632278650.0,153655.0,18159086.0,7900.0,10823458.0,0.0,3000.0,632432305.0
20190527,002313.SZ,624943022.0,96481.0,15470051.0,4900.0,16147760.0,11000.0,900.0,625039503.0
20190524,002313.SZ,625620731.0,281100.0,10206211.0,15000.0,4402231.0,1000.0,8000.0,625901831.0
20190523,002313.SZ,619816751.0,150640.0,9269241.0,8000.0,15595548.0,4700.0,4000.0,619967391.0
20190522,002313.SZ,626143058.0,169824.0,10496211.0,8700.0,16537551.0,0.0,3000.0,626312882.0
20190521,002313.SZ,632184398.0,111150.0,14379767.0,5700.0,19851094.0,10900.0,0.0,632295548.0
20190520,002313.SZ,637655725.0,315400.0,8852202.0,16600.0,17760943.0,0.0,10900.0,637971125.0
20190517,002313.SZ,646564466.0,107958.0,19607549.0,5700.0,23408363.0,10900.0,0.0,646672424.0
20190516,002313.SZ,650365280.0,329510.0,10917043.0,16600.0,11224432.0,0.0,3000.0,650694790.0
20190515,002313.SZ,650672669.0,273224.0,18913825.0,13600.0,13918005.0,3000.0,0.0,650945893.0
20190514,002313.SZ,645676849.0,326024.0,17971692.0,16600.0,17008064.0,0.0,3000.0,646002873.0
20190513,002313.SZ,644713221.0,267784.0,10514849.0,13600.0,12538392.0,3000.0,0.0,644981005.0
20190510,002313.SZ,646736764.0,332000.0,18422586.0,16600.0,19697207.0,0.0,11200.0,647068764.0
20190509,002313.SZ,648011385.0,103734.0,11240061.0,5400.0,17242197.0,3300.0,0.0,648115119.0
20190508,002313.SZ,654013521.0,171999.0,16369794.0,8700.0,29383171.0,4000.0,3000.0,654185520.0
20190507,002313.SZ,667026898.0,188859.0,22142403.0,9700.0,22248420.0,500.0,4000.0,667215757.0
20190506,002313.SZ,667132915.0,126046.0,16777625.0,6200.0,28828372.0,0.0,500.0,667258961.0
20190430,002313.SZ,679183662.0,128763.0,13455416.0,5700.0,18164223.0,0.0,0.0,679312425.0
20190429,002313.SZ,683892469.0,130872.0,18160225.0,5700.0,24081929.0,0.0,0.0,684023341.0
20190426,002313.SZ,689814173.0,131328.0,17366086.0,5700.0,21753245.0,0.0,0.0,689945501.0
20190425,002313.SZ,694201332.0,131043.0,33602474.0,5700.0,27952087.0,1500.0,0.0,694332375.0
20190424,002313.SZ,688550945.0,170784.0,35929618.0,7200.0,27762055.0,500.0,1500.0,688721729.0
20190423,002313.SZ,680383382.0,148986.0,54801545.0,6200.0,39105120.0,3100.0,500.0,680532368.0
20190422,002313.SZ,664686957.0,221320.0,69171379.0,8800.0,64303283.0,0.0,3100.0,664908277.0
20190419,002313.SZ,659818861.0,152418.0,40099522.0,5700.0,41615878.0,7000.0,0.0,659971279.0
20190418,002313.SZ,661335217.0,341503.0,42037158.0,12700.0,33914087.0,0.0,7000.0,661676720.0
20190417,002313.SZ,653212146.0,155268.0,55922118.0,5700.0,82197307.0,7900.0,0.0,653367414.0
20190416,002313.SZ,679487335.0,374272.0,73418965.0,13600.0,76437653.0,0.0,7900.0,679861607.0
20190415,002313.SZ,682506023.0,147744.0,28546027.0,5700.0,34553568.0,0.0,0.0,682653767.0
20190412,002313.SZ,688513564.0,148827.0,46270832.0,5700.0,33615333.0,0.0,0.0,688662391.0
20190411,002313.SZ,675858065.0,143241.0,30490758.0,5700.0,26781226.0,0.0,0.0,676001306.0
20190410,002313.SZ,672148533.0,147858.0,35928752.0,5700.0,33218332.0,0.0,0.0,672296391.0
20190409,002313.SZ,669438113.0,147402.0,30876819.0,5700.0,22631654.0,0.0,0.0,669585515.0
20190408,002313.SZ,661192948.0,147630.0,52526635.0,5700.0,55374498.0,0.0,0.0,661340578.0
20190404,002313.SZ,664040811.0,153672.0,31735805.0,5700.0,36355243.0,7900.0,0.0,664194483.0
20190403,002313.SZ,668660249.0,374136.0,55989689.0,13600.0,58666214.0,0.0,7900.0,669034385.0
20190402,002313.SZ,671336774.0,153843.0,61165016.0,5700.0,56973375.0,0.0,0.0,671490617.0
20190401,002313.SZ,667145133.0,156237.0,78701043.0,5700.0,77963102.0,0.0,0.0,667301370.0
20190329,002313.SZ,666407192.0,153102.0,40753374.0,5700.0,46081760.0,6700.0,0.0,666560294.0
20190328,002313.SZ,671735578.0,321904.0,27089694.0,12400.0,36933122.0,0.0,7500.0,672057482.0
20190327,002313.SZ,681579006.0,126469.0,33986573.0,4900.0,27361171.0,0.0,400.0,681705475.0
20190326,002313.SZ,674953604.0,111960.0,37391714.0,4500.0,35759880.0,6700.0,0.0,675065564.0
20190325,002313.SZ,673321770.0,289968.0,23229582.0,11200.0,25016636.0,0.0,7200.0,673611738.0
20190322,002313.SZ,675108824.0,103560.0,28283296.0,4000.0,50148559.0,0.0,0.0,675212384.0
20190321,002313.SZ,696974087.0,103600.0,41132322.0,4000.0,46746009.0,0.0,0.0,697077687.0
20190320,002313.SZ,702587774.0,105280.0,43073707.0,4000.0,38322720.0,0.0,0.0,702693054.0
20190319,002313.SZ,697836787.0,107000.0,25651985.0,4000.0,31860316.0,0.0,0.0,697943787.0
20190318,002313.SZ,704045118.0,108120.0,31643327.0,4000.0,56191544.0,0.0,0.0,704153238.0
20190315,002313.SZ,728593335.0,104240.0,40193368.0,4000.0,49733708.0,0.0,0.0,728697575.0
20190314,002313.SZ,738133675.0,103400.0,73013737.0,4000.0,53624328.0,0.0,0.0,738237075.0
20190313,002313.SZ,718744266.0,106840.0,70545789.0,4000.0,94776972.0,0.0,0.0,718851106.0
20190312,002313.SZ,742975449.0,110280.0,94346475.0,4000.0,99722157.0,0.0,0.0,743085729.0
20190311,002313.SZ,748351131.0,110200.0,105931707.0,4000.0,96615572.0,0.0,0.0,748461331.0
20190308,002313.SZ,739034996.0,103880.0,115201914.0,4000.0,85883765.0,0.0,0.0,739138876.0
20190307,002313.SZ,709716847.0,107080.0,114257326.0,4000.0,108808448.0,0.0,0.0,709823927.0
20190306,002313.SZ,704267969.0,109000.0,130914915.0,4000.0,125326482.0,0.0,0.0,704376969.0
20190305,002313.SZ,698679536.0,108000.0,124810950.0,4000.0,106846287.0,0.0,0.0,698787536.0
20190304,002313.SZ,680714873.0,101000.0,82776304.0,4000.0,81281475.0,0.0,0.0,680815873.0
20190301,002313.SZ,679220044.0,100080.0,43375374.0,4000.0,32598057.0,0.0,0.0,679320124.0
20190228,002313.SZ,668442727.0,99440.0,24625924.0,4000.0,34775489.0,0.0,0.0,668542167.0
20190227,002313.SZ,678592292.0,99800.0,55121717.0,4000.0,55281345.0,0.0,0.0,678692092.0
20190226,002313.SZ,678751920.0,101440.0,73223810.0,4000.0,64706385.0,0.0,0.0,678853360.0
20190225,002313.SZ,670234495.0,103720.0,112442173.0,4000.0,127946946.0,0.0,0.0,670338215.0
20190222,002313.SZ,685739268.0,100400.0,55855761.0,4000.0,90062258.0,0.0,0.0,685839668.0
20190221,002313.SZ,719945765.0,98360.0,147004347.0,4000.0,96735272.0,0.0,0.0,720044125.0
20190220,002313.SZ,669676690.0,91800.0,32673259.0,4000.0,29036767.0,0.0,0.0,669768490.0
20190219,002313.SZ,666040198.0,93240.0,39457541.0,4000.0,37812854.0,0.0,0.0,666133438.0
20190218,002313.SZ,664395511.0,95400.0,53737971.0,4000.0,43077345.0,0.0,0.0,664490911.0
20190215,002313.SZ,653734885.0,92600.0,16447348.0,4000.0,18112694.0,0.0,0.0,653827485.0
20190214,002313.SZ,655400231.0,93480.0,16035185.0,4000.0,17733695.0,0.0,0.0,655493711.0
20190213,002313.SZ,657098741.0,93200.0,30556624.0,4000.0,23296054.0,0.0,0.0,657191941.0
20190212,002313.SZ,649838171.0,92160.0,22169566.0,4000.0,26901440.0,0.0,0.0,649930331.0
20190211,002313.SZ,654570045.0,92120.0,30140161.0,4000.0,18921382.0,2500.0,0.0,654662165.0
20190201,002313.SZ,643351266.0,144235.0,14176722.0,6500.0,14664822.0,0.0,0.0,643495501.0
20190131,002313.SZ,643839366.0,141635.0,13185945.0,6500.0,9062518.0,2500.0,0.0,643981001.0
20190130,002313.SZ,639715939.0,194490.0,9608926.0,9000.0,9569486.0,5000.0,0.0,639910429.0
20190129,002313.SZ,639676499.0,307300.0,16931323.0,14000.0,13371995.0,0.0,0.0,639983799.0
20190128,002313.SZ,636117171.0,308000.0,24439306.0,14000.0,24176820.0,0.0,0.0,636425171.0
20190125,002313.SZ,635854685.0,317100.0,22161674.0,14000.0,26630450.0,0.0,0.0,636171785.0
20190124,002313.SZ,640323461.0,326060.0,14477218.0,14000.0,21413841.0,0.0,0.0,640649521.0
20190123,002313.SZ,647260084.0,326760.0,10971267.0,14000.0,11016349.0,0.0,300.0,647586844.0
20190122,002313.SZ,647305166.0,316607.0,15808898.0,13700.0,22747869.0,12000.0,0.0,647621773.0
20190121,002313.SZ,654244137.0,608576.0,31217717.0,25700.0,38857442.0,1500.0,13500.0,654852713.0
20190118,002313.SZ,661883862.0,317840.0,19888333.0,13700.0,26324550.0,0.0,0.0,662201702.0
20190117,002313.SZ,668320079.0,312771.0,21910058.0,13700.0,19869757.0,0.0,0.0,668632850.0
20190116,002313.SZ,666279778.0,316333.0,23483711.0,13700.0,30170784.0,0.0,0.0,666596111.0
20190115,002313.SZ,672966851.0,322772.0,20926091.0,13700.0,26400079.0,0.0,0.0,673289623.0
20190114,002313.SZ,678440839.0,324690.0,28452567.0,13700.0,34485683.0,2500.0,2700.0,678765529.0
20190111,002313.SZ,684473955.0,313470.0,47812334.0,13500.0,40912205.0,5200.0,4600.0,684787425.0
20190110,002313.SZ,677573826.0,331491.0,45162137.0,14100.0,27849914.0,4300.0,4700.0,677905317.0
20190109,002313.SZ,660261603.0,320991.0,53552807.0,13700.0,52787308.0,5000.0,2500.0,660582594.0
20190108,002313.SZ,659496104.0,366606.0,35177970.0,16200.0,28627613.0,0.0,0.0,659862710.0
20190107,002313.SZ,652945747.0,372276.0,39510847.0,16200.0,51133671.0,2500.0,7500.0,653318023.0
20190104,002313.SZ,664568571.0,244496.0,28956113.0,11200.0,24935607.0,0.0,5000.0,664813067.0
20190103,002313.SZ,660548065.0,134478.0,41558026.0,6200.0,31892397.0,2500.0,0.0,660682543.0
20190102,002313.SZ,650882436.0,199143.0,33312241.0,8700.0,40166447.0,0.0,0.0,651081579.0
20201231,002313.SZ,418075429.0,305723.0,3465580.0,25843.0,11185479.0,10200.0,0.0,418381152.0
20201230,002313.SZ,425795328.0,418459.0,2124925.0,36043.0,9272395.0,400.0,800.0,426213787.0
20201229,002313.SZ,432942798.0,413815.0,2239815.0,35643.0,4319818.0,500.0,400.0,433356613.0
20201228,002313.SZ,435022801.0,399249.0,1253877.0,35743.0,10400887.0,100.0,1800.0,435422050.0
20201225,002313.SZ,444169811.0,383324.0,1221697.0,34043.0,2879785.0,600.0,600.0,444553135.0
20201224,002313.SZ,445827899.0,377197.0,2700777.0,34043.0,6817354.0,0.0,1800.0,446205096.0
20201223,002313.SZ,449944476.0,369182.0,3296448.0,32243.0,6169806.0,4400.0,600.0,450313658.0
20201222,002313.SZ,452817834.0,420621.0,5646667.0,36043.0,8331728.0,600.0,800.0,453238455.0
20201221,002313.SZ,455502895.0,438360.0,5117063.0,35843.0,2800526.0,800.0,600.0,455941255.0
20201218,002313.SZ,453186358.0,444771.0,4208084.0,36043.0,1941697.0,0.0,7800.0,453631129.0
20201217,002313.SZ,450919971.0,353602.0,4392806.0,28243.0,4928634.0,7600.0,600.0,451273573.0
20201216,002313.SZ,451455799.0,440538.0,9138983.0,35243.0,7069331.0,0.0,700.0,451896337.0
20201215,002313.SZ,449386147.0,443878.0,1913339.0,34543.0,3328720.0,900.0,600.0,449830025.0
20201214,002313.SZ,450801528.0,457140.0,4129641.0,34843.0,4298836.0,0.0,800.0,451258668.0
20201211,002313.SZ,450970723.0,456857.0,3502824.0,34043.0,4096184.0,0.0,4500.0,451427580.0
20201210,002313.SZ,451564083.0,405034.0,1530121.0,29543.0,669553.0,6300.0,0.0,451969117.0
20201209,002313.SZ,450703515.0,493558.0,1930007.0,35843.0,6532759.0,500.0,0.0,451197073.0
20201208,002313.SZ,455306267.0,511346.0,2298615.0,36343.0,2581489.0,0.0,0.0,455817613.0
20201207,002313.SZ,455589141.0,522613.0,1088976.0,36343.0,1213874.0,0.0,11100.0,456111754.0
20201204,002313.SZ,455714039.0,365266.0,1402072.0,25243.0,2286261.0,1200.0,3800.0,456079305.0
20201203,002313.SZ,456598228.0,330588.0,1967296.0,22643.0,2848055.0,30400.0,1200.0,456928816.0
20201202,002313.SZ,457478987.0,760018.0,1730331.0,51843.0,2527730.0,600.0,9300.0,458239005.0
20201201,002313.SZ,458276386.0,630319.0,2440459.0,43143.0,5557106.0,0.0,0.0,458906705.0
20201130,002313.SZ,461393033.0,622122.0,3022266.0,43143.0,2244624.0,9300.0,600.0,462015155.0
20201127,002313.SZ,460615391.0,753279.0,2663901.0,51843.0,3310689.0,695.0,4400.0,461368670.0
20201126,002313.SZ,461262179.0,701370.0,1869014.0,48138.0,2473510.0,3800.0,600.0,461963549.0
20201125,002313.SZ,461866675.0,746455.0,2921845.0,51338.0,5253665.0,600.0,500.0,462613130.0
20201124,002313.SZ,464198495.0,738649.0,1901440.0,51438.0,6092125.0,1000.0,200.0,464937144.0
20201123,002313.SZ,468389180.0,747003.0,1873077.0,52238.0,3153157.0,90200.0,0.0,469136183.0
20201120,002313.SZ,469669260.0,2042561.0,2368766.0,142438.0,1213572.0,100.0,1600.0,471711821.0
20201119,002313.SZ,468514066.0,2008367.0,1563267.0,140938.0,2273646.0,1200.0,100.0,470522433.0
20201118,002313.SZ,469224445.0,2002736.0,1575818.0,142038.0,1723630.0,1000.0,0.0,471227181.0
20201117,002313.SZ,469372257.0,2018266.0,3259325.0,143038.0,2064346.0,0.0,1000.0,471390523.0
20201116,002313.SZ,468177278.0,2014099.0,2889955.0,142038.0,4515000.0,0.0,0.0,470191377.0
20201113,002313.SZ,469802323.0,2014099.0,525591.0,142038.0,1734189.0,207.0,800.0,471816422.0
20201112,002313.SZ,471010921.0,2018420.0,476840.0,141445.0,4176954.0,0.0,0.0,473029341.0
20201111,002313.SZ,474711035.0,2026907.0,3093960.0,141445.0,4208043.0,0.0,0.0,476737942.0
20201110,002313.SZ,475825118.0,2059439.0,2240989.0,141445.0,2687992.0,200.0,9900.0,477884557.0
20201109,002313.SZ,476272121.0,1952461.0,7714775.0,131745.0,4392455.0,9761.0,0.0,478224582.0
20201106,002313.SZ,472949801.0,2058912.0,4735588.0,141506.0,4003053.0,400.0,2500.0,475008713.0
20201105,002313.SZ,472217266.0,2047874.0,7679535.0,139406.0,7542527.0,9600.0,0.0,474265140.0
20201104,002313.SZ,472080258.0,2100985.0,4021811.0,149006.0,2119732.0,0.0,0.0,474181243.0
20201103,002313.SZ,470178179.0,2115885.0,2584713.0,149006.0,3948489.0,600.0,900.0,472294064.0
20201102,002313.SZ,471541955.0,1997122.0,3052092.0,148706.0,6052839.0,900.0,600.0,473539077.0
20201030,002313.SZ,474542702.0,2066713.0,4206038.0,149006.0,13497066.0,600.0,9700.0,476609415.0
20201029,002313.SZ,483833730.0,1997858.0,7080032.0,139906.0,3474122.0,9300.0,0.0,485831588.0
20201028,002313.SZ,480227820.0,2169455.0,4686342.0,149206.0,2133738.0,0.0,9300.0,482397275.0
20201027,002313.SZ,477675216.0,2041229.0,9806334.0,139906.0,3558855.0,9300.0,600.0,479716445.0
20201026,002313.SZ,471427737.0,2166676.0,6137570.0,148606.0,3156013.0,36500.0,3800.0,473594413.0
20201023,002313.SZ,468446180.0,2674264.0,2752582.0,181306.0,3207679.0,0.0,3200.0,471120444.0
20201022,002313.SZ,468901277.0,2643093.0,2971376.0,178106.0,3796204.0,1800.0,2300.0,471544370.0
20201021,002313.SZ,469726105.0,2648105.0,2386757.0,177606.0,4700295.0,0.0,0.0,472374210.0
20201020,002313.SZ,472039643.0,2710267.0,1889503.0,177606.0,3238452.0,0.0,1100.0,474749910.0
20201019,002313.SZ,473388592.0,2682891.0,5627799.0,176506.0,7795828.0,1100.0,4100.0,476071483.0
20201016,002313.SZ,475556621.0,2578299.0,7494152.0,173506.0,9519951.0,3300.0,600.0,478134920.0
20201015,002313.SZ,477582420.0,2673045.0,6900784.0,176206.0,8769912.0,0.0,9300.0,480255465.0
20201014,002313.SZ,479451548.0,2625432.0,4693449.0,166906.0,2778139.0,0.0,26200.0,482076980.0
20201013,002313.SZ,477536238.0,2256924.0,7181226.0,140706.0,10019509.0,0.0,900.0,479793162.0
20201012,002313.SZ,480374521.0,2215925.0,6460130.0,139806.0,6738328.0,2100.0,0.0,482590446.0
20201009,002313.SZ,480652719.0,2189610.0,4048838.0,141906.0,4150577.0,0.0,4100.0,482842329.0
20200930,002313.SZ,480754458.0,2093273.0,7890323.0,137806.0,9975153.0,6400.0,0.0,482847731.0
20200929,002313.SZ,482839288.0,2202025.0,1506723.0,144206.0,7343727.0,600.0,1700.0,485041313.0
20200928,002313.SZ,488676292.0,2200971.0,1389196.0,143106.0,2804491.0,1400.0,600.0,490877263.0
20200925,002313.SZ,490091587.0,2239177.0,2882540.0,143906.0,2062677.0,0.0,4000.0,492330764.0
20200924,002313.SZ,489271724.0,2168543.0,5385413.0,139906.0,5309965.0,4909.0,42000.0,491440267.0
20200923,002313.SZ,489196276.0,1638871.0,1813637.0,102815.0,3892784.0,37000.0,7900.0,490835147.0
20200922,002313.SZ,491275423.0,2110640.0,6406441.0,131915.0,5779836.0,10500.0,200.0,493386063.0
20200921,002313.SZ,490648818.0,2299616.0,3938217.0,142215.0,3731885.0,16200.0,7500.0,492948434.0
20200918,002313.SZ,490442486.0,2468969.0,1499907.0,150915.0,6000301.0,0.0,0.0,492911455.0
20200917,002313.SZ,494942880.0,2450860.0,3910323.0,150915.0,4224174.0,9400.0,0.0,497393740.0
20200916,002313.SZ,495256731.0,2589087.0,5431371.0,160315.0,3013759.0,300.0,15800.0,497845818.0
20200915,002313.SZ,492839119.0,2334417.0,2622519.0,144815.0,2294414.0,0.0,0.0,495173536.0
20200914,002313.SZ,492511014.0,2338762.0,4528736.0,144815.0,5689053.0,300.0,9700.0,494849776.0
20200911,002313.SZ,493671331.0,2188306.0,7420478.0,135415.0,5806649.0,8400.0,1200.0,495859637.0
20200910,002313.SZ,492057502.0,2281840.0,13639239.0,142615.0,9803088.0,2200.0,5200.0,494339342.0
20200909,002313.SZ,488221351.0,2324590.0,12163786.0,139615.0,10302834.0,19600.0,8300.0,490545941.0
20200908,002313.SZ,486360399.0,2503680.0,4316919.0,150915.0,6020082.0,7000.0,400.0,488864079.0
20200907,002313.SZ,488063562.0,2575370.0,6219245.0,157515.0,6692781.0,10500.0,9400.0,490638932.0
20200904,002313.SZ,488537098.0,2625078.0,8093375.0,158615.0,5710163.0,9900.0,0.0,491162176.0
20200903,002313.SZ,486153886.0,2815885.0,4682137.0,168515.0,8620237.0,900.0,14200.0,488969771.0
20200902,002313.SZ,490091986.0,2606060.0,5732890.0,155215.0,6637468.0,1200.0,5200.0,492698046.0
20200901,002313.SZ,490996564.0,2535875.0,5223116.0,151215.0,7214709.0,600.0,2700.0,493532439.0
20200831,002313.SZ,492988157.0,2520044.0,6245549.0,149115.0,5706751.0,18800.0,0.0,495508201.0
20200828,002313.SZ,492449359.0,2842801.0,3856623.0,167915.0,5673260.0,3900.0,300.0,495292160.0
20200827,002313.SZ,494265996.0,2905464.0,7083904.0,171515.0,6365252.0,0.0,0.0,497171460.0
20200826,002313.SZ,493547344.0,2866015.0,9111917.0,171515.0,11345555.0,2000.0,10600.0,496413359.0
20200825,002313.SZ,495780982.0,2810284.0,5267202.0,162915.0,6430609.0,600.0,800.0,498591266.0
20200824,002313.SZ,496944389.0,2834495.0,4049342.0,162715.0,5733740.0,18000.0,600.0,499778884.0
20200821,002313.SZ,498628787.0,3103382.0,5691970.0,180115.0,7435392.0,0.0,0.0,501732169.0
20200820,002313.SZ,500372209.0,3096177.0,7304722.0,180115.0,16942486.0,3100.0,1000.0,503468386.0
20200819,002313.SZ,510009973.0,3130454.0,11304994.0,182215.0,12597243.0,1000.0,20700.0,513140427.0
20200818,002313.SZ,511302222.0,2868390.0,12554133.0,162515.0,11334169.0,0.0,62700.0,514170612.0
20200817,002313.SZ,510082258.0,1776707.0,15287410.0,99815.0,8623875.0,4600.0,0.0,511858965.0
20200814,002313.SZ,503418723.0,1830395.0,7365117.0,104415.0,10033729.0,53000.0,1400.0,505249118.0
20200813,002313.SZ,506087335.0,2731822.0,4376804.0,156015.0,11686999.0,800.0,19600.0,508819157.0
20200812,002313.SZ,513397530.0,2397146.0,11161141.0,137215.0,20580397.0,15200.0,37100.0,515794676.0
20200811,002313.SZ,522816786.0,2038770.0,11461534.0,115315.0,11464447.0,600.0,19600.0,524855556.0
20200810,002313.SZ,522819699.0,1723076.0,12132591.0,96315.0,16330040.0,9400.0,600.0,524542775.0
20200807,002313.SZ,527017148.0,1888916.0,33947996.0,105115.0,20676633.0,2900.0,1000.0,528906064.0
20200806,002313.SZ,513745785.0,2000111.0,29247974.0,107015.0,24829580.0,1600.0,1900.0,515745896.0
20200805,002313.SZ,509327391.0,1946482.0,11285964.0,106715.0,15577468.0,0.0,1600.0,511273873.0
20200804,002313.SZ,513618895.0,1916247.0,17596586.0,105115.0,15109984.0,53000.0,9200.0,515535142.0
20200803,002313.SZ,511132293.0,2757905.0,11875923.0,148915.0,12756885.0,600.0,200.0,513890198.0
20200731,002313.SZ,512013255.0,2716040.0,7726947.0,149315.0,12935345.0,10200.0,32600.0,514729295.0
20200730,002313.SZ,517221653.0,2292085.0,8685717.0,126915.0,8264774.0,1200.0,4400.0,519513738.0
20200729,002313.SZ,516800710.0,2273882.0,13176572.0,123715.0,16597429.0,5000.0,800.0,519074592.0
20200728,002313.SZ,520221567.0,2339566.0,16418221.0,127915.0,19314949.0,800.0,3500.0,522561133.0
20200727,002313.SZ,523118295.0,2168723.0,4924256.0,125215.0,6273392.0,2900.0,54200.0,525287018.0
20200724,002313.SZ,524467431.0,1279468.0,19567555.0,73915.0,19083832.0,2100.0,10200.0,525746899.0
20200723,002313.SZ,523983708.0,1180063.0,13265725.0,65815.0,13269309.0,8700.0,2100.0,525163771.0
20200722,002313.SZ,523987292.0,1317229.0,10313108.0,72415.0,13625022.0,4100.0,0.0,525304521.0
20200721,002313.SZ,527299206.0,1396399.0,9978129.0,76515.0,14460332.0,100.0,3000.0,528695605.0
20200720,002313.SZ,531781409.0,1335376.0,16837057.0,73615.0,10289433.0,0.0,9900.0,533116785.0
20200717,002313.SZ,525233785.0,1134127.0,9156405.0,63715.0,16161589.0,10800.0,0.0,526367912.0
20200716,002313.SZ,532238969.0,1332329.0,18904549.0,74515.0,22618524.0,2300.0,10800.0,533571298.0
20200715,002313.SZ,535952944.0,1243723.0,43193679.0,66015.0,62064322.0,10800.0,2300.0,537196667.0
20200714,002313.SZ,554823587.0,1521596.0,40185361.0,74515.0,31603951.0,23800.0,9400.0,556345183.0
20200713,002313.SZ,546242177.0,1844097.0,39744174.0,88915.0,32834909.0,1200.0,1400.0,548086274.0
20200710,002313.SZ,539332912.0,1788494.0,48243414.0,88715.0,26213658.0,9600.0,1200.0,541121406.0
20200709,002313.SZ,517303156.0,1976290.0,47926739.0,97115.0,31108641.0,0.0,8700.0,519279446.0
20200708,002313.SZ,500485058.0,1786867.0,29970746.0,88415.0,23861834.0,15600.0,900.0,502271925.0
20200707,002313.SZ,494376146.0,2051989.0,29806202.0,103115.0,24805464.0,7000.0,15600.0,496428135.0
20200706,002313.SZ,489375408.0,1868561.0,36549290.0,94515.0,25026391.0,35300.0,6700.0,491243969.0
20200703,002313.SZ,477852509.0,2350266.0,14783652.0,123115.0,13358636.0,7200.0,6200.0,480202775.0
20200702,002313.SZ,476427493.0,2339568.0,13361922.0,124115.0,20440427.0,15100.0,28100.0,478767061.0
20200701,002313.SZ,483505998.0,2065628.0,11744668.0,111115.0,9492467.0,6100.0,15100.0,485571626.0
20200630,002313.SZ,481253797.0,1899339.0,14827438.0,102115.0,9549562.0,10300.0,5900.0,483153136.0
20200629,002313.SZ,475975921.0,1975853.0,6733343.0,106515.0,6689737.0,28500.0,12000.0,477951774.0
20200624,002313.SZ,475932315.0,2322524.0,10011812.0,123015.0,11883757.0,18300.0,6800.0,478254839.0
20200623,002313.SZ,477804260.0,2553095.0,19097321.0,134515.0,16937303.0,13700.0,18500.0,480357355.0
20200622,002313.SZ,475644242.0,2546306.0,18545381.0,129715.0,19038216.0,15700.0,14700.0,478190548.0
20200619,002313.SZ,476137077.0,2550249.0,22086922.0,130715.0,21101189.0,16500.0,38820.0,478687326.0
20200618,002313.SZ,475151344.0,2081184.0,11528389.0,108395.0,9841958.0,14700.0,13300.0,477232528.0
20200617,002313.SZ,473464913.0,2060852.0,9205845.0,109795.0,7810626.0,12300.0,13600.0,475525765.0
20200616,002313.SZ,472069694.0,2028857.0,6222700.0,108495.0,4922390.0,12300.0,12400.0,474098551.0
20200615,002313.SZ,470769384.0,1994468.0,8393237.0,108395.0,8710775.0,35300.0,22900.0,472763852.0
20200612,002313.SZ,471086922.0,2269738.0,7557196.0,120795.0,5315974.0,10900.0,42000.0,473356660.0
20200611,002313.SZ,468845700.0,1727526.0,11670605.0,89695.0,10876155.0,300.0,1100.0,470573226.0
20200610,002313.SZ,468051250.0,1755676.0,17294919.0,88895.0,12831334.0,9100.0,37700.0,469806926.0
20200609,002313.SZ,463587665.0,1195047.0,19268641.0,60295.0,22257242.0,500.0,13700.0,464782712.0
20200608,002313.SZ,466576266.0,896218.0,7885301.0,47095.0,10224280.0,4900.0,0.0,467472484.0
20200605,002313.SZ,468915245.0,994664.0,6452450.0,51995.0,9607700.0,9600.0,900.0,469909909.0
20200604,002313.SZ,472070495.0,1161095.0,16121419.0,60695.0,10907449.0,600.0,15400.0,473231590.0
20200603,002313.SZ,466856525.0,870169.0,21209037.0,45895.0,23343828.0,5100.0,39700.0,467726694.0
20200602,002313.SZ,468991316.0,216299.0,9534713.0,11295.0,11955062.0,0.0,8600.0,469207615.0
20200601,002313.SZ,471411665.0,50477.0,9283887.0,2695.0,9207939.0,21800.0,1300.0,471462142.0
20200529,002313.SZ,471335717.0,421453.0,9065590.0,23195.0,14937076.0,5900.0,600.0,471757170.0
20200528,002313.SZ,477207203.0,502367.0,6104560.0,28495.0,4252411.0,6500.0,4200.0,477709570.0
20200527,002313.SZ,475355054.0,540760.0,6361973.0,30795.0,3096361.0,28087.0,1700.0,475895814.0
20200526,002313.SZ,472089442.0,1013837.0,5814254.0,57182.0,5078239.0,33000.0,32800.0,473103279.0
20200525,002313.SZ,471353427.0,995004.0,4710146.0,57382.0,3397712.0,108450.0,28000.0,472348431.0
20200522,002313.SZ,470040993.0,2425843.0,3895301.0,137832.0,4683097.0,41400.0,32500.0,472466836.0
20200521,002313.SZ,470828789.0,2591287.0,2452618.0,146732.0,6295581.0,28300.0,28600.0,473420076.0
20200520,002313.SZ,474671752.0,2612347.0,11755449.0,146432.0,15523734.0,28600.0,50200.0,477284099.0
20200519,002313.SZ,478440037.0,2289419.0,7870763.0,124832.0,6611489.0,995.0,51900.0,480729456.0
20200518,002313.SZ,477180763.0,1354342.0,15132231.0,73927.0,13091687.0,231213.0,5700.0,478535105.0
20200515,002313.SZ,475140219.0,5353988.0,11875524.0,299440.0,6254976.0,24200.0,33100.0,480494207.0
20200514,002313.SZ,469519671.0,5165801.0,6520775.0,290540.0,8009851.0,28200.0,34395.0,474685472.0
20200513,002313.SZ,471008747.0,5098306.0,5042749.0,284345.0,7139444.0,28100.0,78750.0,476107053.0
20200512,002313.SZ,473105442.0,4197162.0,6816438.0,233695.0,5932718.0,29300.0,28100.0,477302604.0
20200511,002313.SZ,472221722.0,4260995.0,15599310.0,234895.0,9845310.0,66300.0,28700.0,476482717.0
20200508,002313.SZ,466467722.0,5041158.0,28096045.0,272495.0,29006150.0,55700.0,62600.0,471508880.0
20200507,002313.SZ,467377827.0,4621353.0,7090011.0,265595.0,11263814.0,12600.0,59930.0,471999180.0
20200506,002313.SZ,471551630.0,3863291.0,9012098.0,218265.0,8959318.0,44900.0,12600.0,475414921.0
20200430,002313.SZ,471498850.0,4359831.0,8913723.0,250565.0,9299475.0,61200.0,45000.0,475858681.0
20200429,002313.SZ,471884602.0,4537673.0,7397151.0,266765.0,5304152.0,39600.0,61200.0,476422275.0
20200428,002313.SZ,469791603.0,4077094.0,7945494.0,245165.0,14105936.0,49300.0,39600.0,473868697.0
20200427,002313.SZ,475952045.0,4358192.0,11417539.0,254865.0,6124560.0,65358.0,39900.0,480310237.0
20200424,002313.SZ,470659066.0,4863604.0,8225977.0,280323.0,12502605.0,58542.0,57000.0,475522670.0
20200423,002313.SZ,474935694.0,5022834.0,16391164.0,281865.0,14597252.0,57800.0,54300.0,479958528.0
20200422,002313.SZ,473141782.0,5147985.0,13260996.0,285365.0,13793073.0,85600.0,82100.0,478289767.0
20200421,002313.SZ,473673859.0,5240011.0,14724392.0,288865.0,15530737.0,66600.0,85600.0,478913870.0
20200420,002313.SZ,474480204.0,4827885.0,8410985.0,269865.0,8821449.0,72400.0,63100.0,479308089.0
20200417,002313.SZ,474890668.0,4977512.0,16393116.0,279165.0,10909143.0,67200.0,61200.0,479868180.0
20200416,002313.SZ,469406695.0,5075937.0,9017455.0,285165.0,7955417.0,65700.0,77500.0,474482632.0
20200415,002313.SZ,468344657.0,4860430.0,14942639.0,273365.0,14274104.0,62000.0,67200.0,473205087.0
20200414,002313.SZ,467676122.0,4872558.0,9782989.0,268165.0,12175316.0,55400.0,50300.0,472548680.0
20200413,002313.SZ,470068449.0,4907839.0,9250410.0,273265.0,4778935.0,33900.0,49600.0,474976288.0
20200410,002313.SZ,465596974.0,4667078.0,8994621.0,257565.0,9939425.0,53897.0,53100.0,470264052.0
20200409,002313.SZ,466541778.0,4836537.0,14863072.0,258362.0,12752197.0,53400.0,53200.0,471378315.0
20200408,002313.SZ,464430903.0,4858380.0,14524435.0,258562.0,17401478.0,37000.0,52300.0,469289283.0
20200407,002313.SZ,467307946.0,4544134.0,14572374.0,243262.0,13262127.0,61400.0,37397.0,471852080.0
20200403,002313.SZ,465997699.0,4861550.0,7843172.0,267265.0,13720261.0,31300.0,62800.0,470859249.0
20200402,002313.SZ,471874788.0,4288565.0,11143701.0,235765.0,9668884.0,1600.0,25700.0,476163353.0
20200401,002313.SZ,470399971.0,3716837.0,11192562.0,211665.0,5978745.0,3800.0,7200.0,474116808.0
20200331,002313.SZ,465186154.0,3650885.0,6660216.0,208265.0,9778734.0,9700.0,3800.0,468837039.0
20200330,002313.SZ,468304672.0,3803570.0,13758396.0,214165.0,11621947.0,3800.0,900.0,472108242.0
20200327,002313.SZ,466168223.0,4033068.0,10979683.0,217065.0,11443198.0,1500.0,211200.0,470201291.0
20200326,002313.SZ,466631738.0,136253.0,17745875.0,7365.0,16938291.0,5800.0,2600.0,466767991.0
20200325,002313.SZ,465824154.0,203059.0,19241217.0,10565.0,28382957.0,4000.0,5800.0,466027213.0
20200324,002313.SZ,474965894.0,167587.0,18906912.0,8765.0,26038320.0,4600.0,4000.0,475133481.0
20200323,002313.SZ,482097302.0,174470.0,14817099.0,9365.0,28451257.0,7400.0,4600.0,482271772.0
20200320,002313.SZ,495731460.0,237582.0,11601369.0,12165.0,15475317.0,4600.0,6300.0,495969042.0
20200319,002313.SZ,499605408.0,202707.0,21434853.0,10465.0,20176371.0,5500.0,4800.0,499808115.0
20200318,002313.SZ,498346926.0,211130.0,19518970.0,11165.0,26956237.0,5600.0,5300.0,498558056.0
20200317,002313.SZ,505784193.0,222650.0,23460735.0,11465.0,31214824.0,4600.0,7900.0,506006843.0
20200316,002313.SZ,513538282.0,160851.0,25782202.0,8165.0,43040642.0,2100.0,200.0,513699133.0
20200313,002313.SZ,530796722.0,217203.0,34563557.0,10065.0,44123407.0,15200.0,6100.0,531013925.0
20200312,002313.SZ,540356572.0,417414.0,42453020.0,19165.0,44621358.0,5100.0,2800.0,540773986.0
20200311,002313.SZ,542524910.0,486182.0,66975806.0,21465.0,73308024.0,1500.0,4800.0,543011092.0
20200310,002313.SZ,548857128.0,425424.0,85943384.0,18165.0,60090762.0,1400.0,15700.0,549282552.0
20200309,002313.SZ,523004506.0,85378.0,66785927.0,3865.0,46899576.0,8500.0,1400.0,523089884.0
20200306,002313.SZ,503118155.0,237173.0,34449753.0,10965.0,24434998.0,11200.0,5800.0,503355328.0
20200305,002313.SZ,493103400.0,352175.0,33742323.0,16365.0,30519425.0,10400.0,11200.0,493455575.0
20200304,002313.SZ,489880502.0,326087.0,27417851.0,15565.0,29269084.0,500.0,10400.0,490206589.0
20200303,002313.SZ,491731735.0,120948.0,46491850.0,5665.0,47026473.0,4700.0,500.0,491852683.0
20200302,002313.SZ,492266358.0,213281.0,42066549.0,9865.0,50082398.0,5800.0,4700.0,492479639.0
20200228,002313.SZ,500282207.0,227853.0,32007415.0,10965.0,49959972.0,5800.0,5500.0,500510060.0
20200227,002313.SZ,518234764.0,250083.0,35239094.0,11265.0,49791354.0,800.0,2000.0,518484847.0
20200226,002313.SZ,532787024.0,225255.0,66110411.0,10065.0,62090904.0,1300.0,5300.0,533012279.0
20200225,002313.SZ,528767517.0,134522.0,62899864.0,6065.0,63636474.0,9900.0,1300.0,528902039.0
20200224,002313.SZ,529504127.0,323657.0,73658620.0,14665.0,62721111.0,200.0,1300.0,529827784.0
20200221,002313.SZ,518566618.0,278489.0,60657718.0,13565.0,43905685.0,2400.0,600.0,518845107.0
20200220,002313.SZ,501814585.0,300078.0,21583487.0,15365.0,24647642.0,600.0,5900.0,502114663.0
20200219,002313.SZ,504878740.0,194858.0,37327113.0,10065.0,47239202.0,5900.0,4700.0,505073598.0
20200218,002313.SZ,514790829.0,216063.0,31865502.0,11265.0,60435694.0,5000.0,5900.0,515006892.0
20200217,002313.SZ,543361021.0,200666.0,69704360.0,10365.0,33209699.0,2100.0,5100.0,543561687.0
20200214,002313.SZ,506866360.0,129624.0,17999700.0,7365.0,13183527.0,8200.0,300.0,506995984.0
20200213,002313.SZ,502050187.0,268359.0,11559669.0,15265.0,8688484.0,0.0,300.0,502318546.0
20200212,002313.SZ,499179002.0,266676.0,10706769.0,14965.0,10243405.0,1400.0,5000.0,499445678.0
20200211,002313.SZ,498715638.0,195819.0,8068751.0,11365.0,9392181.0,5100.0,3900.0,498911457.0
20200210,002313.SZ,500039068.0,220013.0,16050674.0,12565.0,7983327.0,3400.0,6800.0,500259081.0
20200207,002313.SZ,491971721.0,158555.0,11391950.0,9165.0,14004215.0,0.0,0.0,492130276.0
20200206,002313.SZ,494583986.0,158096.0,7544734.0,9165.0,17600575.0,0.0,0.0,494742082.0
20200205,002313.SZ,504639827.0,153239.0,26018860.0,9165.0,20133472.0,0.0,0.0,504793066.0
20200204,002313.SZ,498754439.0,148473.0,32823407.0,9165.0,28679071.0,0.0,0.0,498902912.0
20200203,002313.SZ,494610103.0,156355.0,4933752.0,9165.0,6669918.0,0.0,0.0,494766458.0
20200123,002313.SZ,496346269.0,173768.0,18396117.0,9165.0,27289976.0,3800.0,5300.0,496520037.0
20200122,002313.SZ,505240128.0,152917.0,17172455.0,7665.0,14337426.0,1100.0,0.0,505393045.0
20200121,002313.SZ,502405099.0,175388.0,11073346.0,8765.0,18563171.0,10000.0,1100.0,502580487.0
20200120,002313.SZ,509894924.0,355950.0,21943358.0,17665.0,23048910.0,0.0,500.0,510250874.0
20200117,002313.SZ,511000476.0,343300.0,10362612.0,17165.0,16474219.0,1400.0,0.0,511343776.0
20200116,002313.SZ,517112083.0,370557.0,8553848.0,18565.0,12401408.0,300.0,0.0,517482640.0
20200115,002313.SZ,520959643.0,380696.0,16829660.0,18865.0,19702040.0,7500.0,800.0,521340339.0
20200114,002313.SZ,523832023.0,522804.0,18008277.0,25565.0,25318907.0,1600.0,4600.0,524354827.0
20200113,002313.SZ,531142653.0,467321.0,21422862.0,22565.0,22379951.0,4800.0,1100.0,531609974.0
20200110,002313.SZ,532099742.0,538958.0,26585479.0,26265.0,43470767.0,0.0,5400.0,532638700.0
20200109,002313.SZ,548985030.0,434827.0,33589545.0,20865.0,35490423.0,7700.0,500.0,549419857.0
20200108,002313.SZ,550885908.0,580104.0,17549133.0,28065.0,20743047.0,2700.0,700.0,551466012.0
20200107,002313.SZ,554079822.0,625352.0,28932866.0,30065.0,27709190.0,0.0,7500.0,554705174.0
20200106,002313.SZ,552856146.0,462131.0,21585933.0,22565.0,32076749.0,600.0,6100.0,553318277.0
20200103,002313.SZ,563346962.0,347785.0,22569073.0,17065.0,22910092.0,0.0,5900.0,563694747.0
20200102,002313.SZ,563687981.0,226538.0,18348433.0,11165.0,20740436.0,3200.0,900.0,563914519.0
